file,window_idx,start_idx,end_idx,prototype_id,nearest_dist,top3_sensors,viol_count_AltMSL,viol_count_E1 RPM,viol_count_E1 FFlow,viol_count_E1 CHT1,viol_count_E1 EGT1,viol_count_NormAc,viol_count_IAS,viol_sev_AltMSL,viol_sev_E1 RPM,viol_sev_E1 FFlow,viol_sev_E1 CHT1,viol_sev_E1 EGT1,viol_sev_NormAc,viol_sev_IAS
open_2017_05_08_close_2017_05_08_flight_Fixed Wing_N550ND_before_0_189617.csv,0,0,29,7,27.41236545273079,"E1 CHT1, AltMSL, E1 RPM",30,3,3,30,0,3,0,38.7598416950799,14.341424436647616,10.519463670596245,93.63930751104374,11.452037667119564,11.663549767872965,5.551115123125783e-07
open_2017_05_08_close_2017_05_08_flight_Fixed Wing_N550ND_before_0_189617.csv,1,25,54,7,22.389934838621343,"E1 CHT1, AltMSL",24,0,0,30,0,0,0,35.52175976863743,13.28262764782897,2.8508160140718752,76.56174249582006,6.932619191398829,8.7981544851686,5.551115123125783e-07
open_2017_05_08_close_2017_05_08_flight_Fixed Wing_N550ND_before_0_189617.csv,2,50,79,7,17.518761222058913,"E1 CHT1, AltMSL, NormAc",23,0,0,30,0,1,0,35.464772739222354,11.628255167790622,2.6569737321743867,59.84721460519041,3.7849156809029174,12.463619946647347,5.551115123125783e-07
open_2017_05_08_close_2017_05_08_flight_Fixed Wing_N550ND_before_0_189617.csv,3,75,104,7,13.167088182158292,"E1 CHT1, AltMSL, NormAc",20,0,0,30,0,3,0,32.61686734257755,9.779751579865838,2.652392237594158,44.86516480524981,1.8494265673890848,14.10682334050296,5.551115123125783e-07
open_2017_05_08_close_2017_05_08_flight_Fixed Wing_N550ND_before_0_189617.csv,4,100,129,7,9.330652156851336,"E1 CHT1, AltMSL, NormAc",26,0,0,30,0,1,0,34.715795732063086,8.147549678584245,2.7521728578581808,31.683448777613098,0.7122760497528667,11.33333325719063,5.551115123125783e-07
open_2017_05_08_close_2017_05_08_flight_Fixed Wing_N550ND_before_0_189617.csv,5,125,154,7,6.020681709805201,"AltMSL, NormAc",18,0,0,0,0,4,0,25.988503083734546,7.942503399483122,2.619906561430696,19.73464529814536,1.3329462901442652,15.232075738530535,5.551115123125783e-07
open_2017_05_08_close_2017_05_08_flight_Fixed Wing_N550ND_before_0_189617.csv,6,150,179,7,3.2073520551263237,"AltMSL, NormAc",23,0,0,0,0,5,0,32.754741915250335,7.188586684272707,3.394630103753896,9.060177611166358,2.559669999459381,16.399525627562706,5.551115123125783e-07
open_2017_05_08_close_2017_05_08_flight_Fixed Wing_N550ND_before_0_189617.csv,7,175,204,7,1.1980415429859532,"AltMSL, NormAc",23,0,0,0,0,1,0,32.776356110228335,5.3108794965563275,3.6247128667122857,0.5324004264842311,4.80038495171099,10.642336713455311,5.551115123125783e-07
open_2017_05_08_close_2017_05_08_flight_Fixed Wing_N550ND_before_0_189617.csv,8,200,229,7,3.0012302924257597,"AltMSL, NormAc",17,0,0,0,0,2,0,29.86327428324594,4.204650583385399,3.057836708847677,9.079792819258609,5.7519617925488475,11.029742405354423,5.551115123125783e-07
open_2017_05_08_close_2017_05_08_flight_Fixed Wing_N550ND_before_0_189617.csv,9,225,254,7,5.126474556525594,"AltMSL, NormAc",17,0,0,0,0,7,0,29.781055613244764,4.265592851315162,2.425024921269251,16.382864164083184,5.800237313878195,20.040539091874788,5.551115123125783e-07
open_2017_05_08_close_2017_05_08_flight_Fixed Wing_N550ND_before_0_189617.csv,10,250,279,7,7.212184549101956,"AltMSL, E1 EGT1, NormAc",19,0,0,0,7,3,0,31.79185797798084,9.404625330916597,4.840532889694461,22.719627196164485,15.720937355692467,17.644268425740396,5.551115123125783e-07
open_2017_05_08_close_2017_05_08_flight_Fixed Wing_N550ND_before_0_189617.csv,11,275,304,0,8.405531231063923,"E1 CHT1, NormAc",0,0,0,30,0,1,0,2.341987121138131,5.915800991921203,7.212559403599976,46.85317485100914,15.648228073954137,9.038049705538976,15.270569147367357
open_2017_05_08_close_2017_05_08_flight_Fixed Wing_N550ND_before_0_189617.csv,12,300,329,0,6.0060710112078945,E1 CHT1,0,0,0,30,0,0,0,2.2173941352905335,6.847140642497902,8.694321667411351,37.43968820901385,6.46601021131135,5.746796269811408,15.270569147367357
open_2017_05_08_close_2017_05_08_flight_Fixed Wing_N550ND_before_0_189617.csv,13,325,354,0,5.978459613737338,"E1 CHT1, NormAc",0,0,0,30,0,1,0,2.651568602963976,8.286882727240103,13.471819968225947,31.864821662121177,7.538332070886722,9.68092775251434,15.270569147367357
open_2017_05_08_close_2017_05_08_flight_Fixed Wing_N550ND_before_0_189617.csv,14,350,379,0,5.196070230071543,NormAc,0,0,0,0,0,2,0,3.9833679600130756,2.886607703442407,7.6092727264051145,28.902499409946984,2.9712296732410026,12.964601640297035,15.270569147367357
open_2017_05_08_close_2017_05_08_flight_Fixed Wing_N550ND_before_0_189617.csv,15,375,404,0,5.236477461848529,NormAc,0,0,0,0,0,3,0,2.793748769684699,4.5219418854924145,6.511304916384079,26.34654481318385,2.2512593696249334,13.737746882940268,15.270569147367357
open_2017_05_08_close_2017_05_08_flight_Fixed Wing_N550ND_before_0_189617.csv,16,400,429,0,6.076974452950815,NormAc,0,0,0,0,0,6,0,3.930701827579187,4.105908853250212,6.72506281203701,23.80381048487753,3.1642363314419186,22.725758269877492,15.270569147367357
open_2017_05_08_close_2017_05_08_flight_Fixed Wing_N550ND_before_0_189617.csv,17,425,454,0,3.7850568554592607,,0,0,0,0,0,0,0,2.6158891620580214,2.953336247080531,5.088524501935631,21.209482209764,4.351110243062589,9.771535781968577,15.270569147367357
open_2017_05_08_close_2017_05_08_flight_Fixed Wing_N550ND_before_0_189617.csv,18,450,479,0,4.195034638262107,,0,0,0,0,0,0,0,2.1375451240537595,4.679357961960772,4.57452785411443,19.170347248883765,8.960463954401238,10.622278069448047,15.270569147367357
open_2017_05_08_close_2017_05_08_flight_Fixed Wing_N550ND_before_0_189617.csv,19,475,504,0,4.79161433980668,,0,0,0,0,0,0,0,3.151584193999352,7.879929779533684,4.322551819179325,17.748742608532165,11.881667661453383,5.292453694002115,15.270569147367357
open_2017_05_08_close_2017_05_08_flight_Fixed Wing_N550ND_before_0_189617.csv,20,500,529,3,11.208130177147494,"IAS, E1 RPM",0,3,0,0,0,0,30,14.371528664037156,9.390092101253304,12.97252958839286,4.061851241179334,11.141841995745988,4.257466335158756,62.76566733946486
open_2017_05_08_close_2017_05_08_flight_Fixed Wing_N550ND_before_0_189617.csv,21,525,554,0,6.594542429214573,"E1 FFlow, E1 RPM, E1 EGT1",0,4,8,0,2,0,0,2.2033078853529116,13.608199416802112,22.502463230635055,8.725886341075293,22.578197228808804,6.221214480383745,15.270569147367357
open_2017_05_08_close_2017_05_08_flight_Fixed Wing_N550ND_before_0_189617.csv,22,550,579,0,2.582040459340961,NormAc,0,0,0,0,0,1,0,2.8416545431495166,1.2830978449648185,6.050732877780946,4.72112661771812,6.18940535928074,10.081883781218314,15.270569147367357
open_2017_05_08_close_2017_05_08_flight_Fixed Wing_N550ND_before_0_189617.csv,23,575,604,0,1.4183386932763082,,0,0,0,0,0,0,0,3.5688211628600905,1.5743453493213548,5.669840886867038,4.005695767208683,2.9318428495779507,4.812591055082309,15.270569147367357
open_2017_05_08_close_2017_05_08_flight_Fixed Wing_N550ND_before_0_189617.csv,24,600,629,0,2.586600835388257,,0,0,0,0,0,0,0,4.042492526454329,3.4777039204183344,4.42497059627557,5.0115540625340484,5.465746704359687,6.406730886663511,15.270569147367357
open_2017_05_08_close_2017_05_08_flight_Fixed Wing_N550ND_before_0_189617.csv,25,625,654,0,14.308963704235746,"E1 FFlow, E1 RPM, IAS",0,11,11,0,7,4,10,2.908181900625188,43.32950455068855,117.18240269836907,6.357470682259915,25.70544174927249,16.774142455419195,318.93589656744246
open_2017_05_08_close_2017_05_08_flight_Fixed Wing_N550ND_before_0_189617.csv,26,650,679,6,5.661743718467715,NormAc,0,0,0,0,0,1,0,19.062165119441843,10.172331517584634,7.754239736344839,17.002150981008523,6.2639648772939776,11.749846906708193,6.732975730703529
open_2017_05_08_close_2017_05_08_flight_Fixed Wing_N550ND_before_0_189617.csv,27,675,704,6,5.869733918565337,NormAc,0,0,0,0,0,1,0,3.332706403223083,3.5788135111901336,8.654574010329359,1.9426530087492047,3.3032679016534243,13.693670936846306,5.416449618140935
open_2017_05_08_close_2017_05_08_flight_Fixed Wing_N550ND_before_0_189617.csv,28,700,729,6,6.012771387225856,"E1 FFlow, NormAc",0,0,8,0,0,2,0,17.65332064498666,9.127527657092582,19.4078476918475,18.73467187180963,4.70022454947572,12.698432269594946,7.904432172782606
open_2017_05_08_close_2017_05_08_flight_Fixed Wing_N550ND_before_0_189617.csv,29,725,754,6,8.847859083222051,"E1 CHT1, AltMSL, E1 FFlow",21,1,15,30,1,4,4,30.446358513383963,8.945189649422252,58.520256504076585,34.34633557927598,8.130836250071965,16.249384975570237,12.051245676813018
open_2017_05_08_close_2017_05_08_flight_Fixed Wing_N550ND_before_0_189617.csv,30,750,779,2,7.182196036143339,,0,0,0,0,0,0,0,3.193254839211919,19.903162875860673,17.64385631282273,24.503392702452363,6.342215108733883,8.428969764274289,10.778161723645523
open_2017_05_08_close_2017_05_08_flight_Fixed Wing_N550ND_before_0_189617.csv,31,775,804,2,5.957678799621097,NormAc,0,0,0,0,0,1,0,3.868551892849666,15.929636204267085,13.414697870126657,23.027844709911825,6.867727559301456,9.585476358384845,11.451263103279196
open_2017_05_08_close_2017_05_08_flight_Fixed Wing_N550ND_before_0_189617.csv,32,800,829,2,6.701477279521324,NormAc,0,0,0,0,0,1,0,10.942819757583855,16.406933437336335,17.01925776554616,9.895973790776711,6.673947745834137,13.022319015473183,5.460251123344562
open_2017_05_08_close_2017_05_08_flight_Fixed Wing_N550ND_before_0_189617.csv,33,825,854,2,7.147548884328032,"AltMSL, NormAc",7,0,0,0,0,1,0,28.117103542387333,21.79968406145626,18.293814800856406,11.295272733543081,5.5612963698286295,11.22295273205,13.198800702159957
open_2017_05_08_close_2017_05_08_flight_Fixed Wing_N550ND_before_0_189617.csv,34,850,879,3,8.433870535926813,NormAc,0,0,0,0,0,2,0,8.401730054691608,14.536826040296484,14.477798634737834,20.619442663885103,1.7816110158874479,11.66938150880469,6.9626393617536575
open_2017_05_08_close_2017_05_08_flight_Fixed Wing_N550ND_before_0_189617.csv,35,875,904,3,10.062564583749483,"E1 RPM, E1 EGT1, NormAc",0,10,0,0,4,1,0,13.218216645123654,26.346409431549617,18.485943561840624,11.01211618426072,9.479558536402163,8.975251382507443,12.994782355466215
open_2017_05_08_close_2017_05_08_flight_Fixed Wing_N550ND_before_0_189617.csv,36,900,929,0,16.938649055547426,"E1 RPM, IAS, E1 FFlow",2,24,17,0,0,4,19,10.072879785800655,66.15266248802898,230.18224529007796,15.44293774273337,15.38300459320645,19.996797019101866,542.8451571602799
open_2017_05_08_close_2017_05_08_flight_Fixed Wing_N550ND_before_0_189617.csv,37,925,954,6,7.544478655841834,"E1 CHT1, NormAc",0,0,0,21,0,2,0,16.541395378869236,6.535638023142307,6.305060152098461,30.45850995689932,6.121719126129439,13.81448306389126,2.538498288364334
open_2017_05_08_close_2017_05_08_flight_Fixed Wing_N550ND_before_0_189617.csv,38,950,979,6,6.105862511964414,NormAc,0,0,0,0,0,2,0,1.4988803150674344,3.7273518369682193,6.101227871539514,15.2907785948806,3.5792393184585993,11.977519659435194,7.3005308511563545
open_2017_05_08_close_2017_05_08_flight_Fixed Wing_N550ND_before_0_189617.csv,39,975,1004,6,5.4273830521391755,"E1 FFlow, NormAc",0,0,3,0,0,2,0,21.40997049596338,6.215012111295939,13.811582178912047,5.055917012808468,4.697260072583798,12.751736675328905,4.32903476547088
open_2017_05_08_close_2017_05_08_flight_Fixed Wing_N550ND_before_0_189617.csv,40,1000,1029,4,9.810251023935708,"E1 EGT1, E1 FFlow, IAS",1,2,10,1,12,1,10,27.87016213299018,19.166380897199105,28.04656932199551,22.500239456982865,25.66660678292757,8.454858489099365,27.53812069996794
open_2017_05_08_close_2017_05_08_flight_Fixed Wing_N550ND_before_0_189617.csv,41,1025,1054,2,4.618296045642114,,0,0,0,0,0,0,0,3.0002729951305174,14.274405278003309,12.502589964592065,8.406018164744767,7.692248496517927,7.314993935801426,9.842962839977735
open_2017_05_08_close_2017_05_08_flight_Fixed Wing_N550ND_before_0_189617.csv,42,1050,1079,2,5.367291254868736,NormAc,0,0,0,0,0,1,0,4.788135637733745,13.318637399041105,12.829693405776833,3.8363264742330707,5.965229228456652,9.92084866536358,7.006872036702252
open_2017_05_08_close_2017_05_08_flight_Fixed Wing_N550ND_before_0_189617.csv,43,1075,1104,2,8.18861217970665,"E1 RPM, NormAc, E1 EGT1",0,3,0,0,1,3,0,18.896928098003432,26.295221555184433,21.042675233885213,8.470672023829879,17.579352305552433,12.54260278984925,5.145041139178243
open_2017_05_08_close_2017_05_08_flight_Fixed Wing_N550ND_before_0_189617.csv,44,1100,1129,3,9.226388855784966,"E1 RPM, NormAc",0,3,0,0,0,1,0,6.356344774490236,20.348049537328315,17.577259568131073,23.619684883902078,13.057632091540468,10.547052843009357,3.843109246988778
open_2017_05_08_close_2017_05_08_flight_Fixed Wing_N550ND_before_0_189617.csv,45,1125,1154,3,6.878612285893508,NormAc,0,0,0,0,0,1,0,10.8921917130296,7.843794413779238,7.515295783951802,12.687256079569092,5.481818184165231,11.757137597787853,11.339328293023597
open_2017_05_08_close_2017_05_08_flight_Fixed Wing_N550ND_before_0_189617.csv,46,1150,1179,3,10.45578006872926,"E1 RPM, E1 EGT1, NormAc",0,13,0,0,5,1,0,13.841301429821117,26.65784195914824,17.739398011775414,6.480366791594947,12.191944819811967,11.410560267849808,17.35423402687922
open_2017_05_08_close_2017_05_08_flight_Fixed Wing_N550ND_before_0_189617.csv,47,1175,1204,6,11.644236727389083,"E1 CHT1, E1 EGT1, E1 RPM",0,4,2,16,4,0,0,20.005398779927948,17.549141625132208,13.420340154266691,29.79119272190702,21.97485215157723,10.668155820913501,10.94908240779333
open_2017_05_08_close_2017_05_08_flight_Fixed Wing_N550ND_before_0_189617.csv,48,1200,1229,6,5.812180641260911,,0,0,0,0,0,0,0,7.360169220035029,4.480571405164792,7.542762962496645,22.019337050124204,2.0839588037126644,10.09529068143941,6.902718173944581
open_2017_05_08_close_2017_05_08_flight_Fixed Wing_N550ND_before_0_189617.csv,49,1225,1254,6,5.275780426511454,NormAc,0,0,0,0,0,2,0,12.697771646732212,3.8191220802096377,8.541688778908615,3.3174304935210337,4.566563134818068,14.025769679102151,8.219567023612319
open_2017_05_08_close_2017_05_08_flight_Fixed Wing_N550ND_before_0_189617.csv,50,1250,1279,6,9.867644754544253,"AltMSL, E1 FFlow, E1 RPM",21,10,18,0,10,5,0,31.205827319148263,56.30295966498895,280.3779031047991,16.128016750171142,21.969817462740334,18.592723955151072,11.144189137038001
open_2017_05_08_close_2017_05_08_flight_Fixed Wing_N550ND_before_0_189617.csv,51,1275,1304,2,7.026256111524216,"E1 FFlow, NormAc",0,0,3,0,0,3,0,0.8379157955682407,18.24042200264827,19.016115285578376,5.773048796278317,4.750943441716287,13.752712163635538,8.39503552005095
open_2017_05_08_close_2017_05_08_flight_Fixed Wing_N550ND_before_0_189617.csv,52,1300,1329,2,5.126110509636967,NormAc,0,0,0,0,0,2,0,2.0276688951931208,14.254150151616095,9.553085561872251,7.691588612468192,7.105659401571891,10.079378325699485,12.80591421709331
open_2017_05_08_close_2017_05_08_flight_Fixed Wing_N550ND_before_0_189617.csv,53,1325,1354,2,5.090392199769207,NormAc,0,0,0,0,0,2,0,3.842821599207108,11.983983367174698,9.174913050451782,1.518644534097195,6.650210261838989,10.47050083578357,10.732254412277094
open_2017_05_08_close_2017_05_08_flight_Fixed Wing_N550ND_before_0_189617.csv,54,1350,1379,2,5.111005008696851,,0,0,0,0,0,0,0,11.515070951659752,12.695196885003698,13.818488306208017,11.565374151177839,7.583464290134747,9.396852665281383,6.9013351272466155
open_2017_05_08_close_2017_05_08_flight_Fixed Wing_N550ND_before_0_189617.csv,55,1375,1404,2,8.48197245688519,"E1 RPM, E1 EGT1, AltMSL",2,7,0,0,7,1,0,26.32612060922349,22.862495135159218,18.037430568783037,26.892818872176914,21.72026184048802,10.821120522533281,9.143802099902208
open_2017_05_08_close_2017_05_08_flight_Fixed Wing_N550ND_before_0_189617.csv,56,1400,1429,3,6.568374607029204,,0,0,0,0,0,0,0,7.8656787281591045,6.726417072925457,9.948772492624666,15.258883505197678,3.622313393795624,10.71294244418535,2.3716419198579177
open_2017_05_08_close_2017_05_08_flight_Fixed Wing_N550ND_before_0_189617.csv,57,1425,1454,3,6.408787240734908,NormAc,0,0,0,0,0,1,0,11.837331965097333,9.225516911319046,6.513502920120579,7.402849491346353,3.786065470413019,11.459536262894645,10.22761318941886
open_2017_05_08_close_2017_05_08_flight_Fixed Wing_N550ND_before_0_189617.csv,58,1450,1479,6,10.363970552761996,"E1 CHT1, E1 RPM, IAS",0,6,0,12,0,2,4,16.146230560863494,18.49346830100729,9.82896954538194,28.342573629951406,14.845980417642568,15.589715158647238,14.270260100284567
open_2017_05_08_close_2017_05_08_flight_Fixed Wing_N550ND_before_0_189617.csv,59,1475,1504,6,5.996517396058331,NormAc,0,0,0,0,0,3,0,4.365425488703091,6.408871637489539,7.486800801940398,16.802498502069067,2.974388964491864,13.061921266634307,3.6535457284447257
open_2017_05_08_close_2017_05_08_flight_Fixed Wing_N550ND_before_0_189617.csv,60,1500,1529,6,6.549594718665954,NormAc,0,0,0,0,0,5,0,11.833276268206737,6.612286917144233,10.541609670855987,3.493116323856172,4.6595363255174655,16.72948756381169,7.058002948959531
open_2017_05_08_close_2017_05_08_flight_Fixed Wing_N550ND_before_0_189617.csv,61,1525,1554,6,8.148462252494157,"AltMSL, E1 FFlow, E1 RPM",22,7,16,0,6,2,0,29.93929281088797,40.6958847754419,190.6791206061305,22.569167838021002,15.367231029128579,11.548704914461304,9.225647500915464
open_2017_05_08_close_2017_05_08_flight_Fixed Wing_N550ND_before_0_189617.csv,62,1550,1579,2,4.334486238963748,,0,0,0,0,0,0,0,4.574167489110382,13.07404496965123,12.04466772887202,11.796521803182786,5.900046068430199,6.835707566619634,3.6286148453333906
open_2017_05_08_close_2017_05_08_flight_Fixed Wing_N550ND_before_0_189617.csv,63,1575,1604,2,4.5898888099948145,NormAc,0,0,0,0,0,1,0,7.456219890079097,11.911866823068983,11.547611798204127,13.57308222786098,6.336828070402936,8.07516388090723,3.579083913839809
open_2017_05_08_close_2017_05_08_flight_Fixed Wing_N550ND_before_0_189617.csv,64,1600,1629,2,5.758686629903044,NormAc,0,0,0,0,0,1,0,14.74607028007726,13.835458816237477,15.856967953108551,4.741900406271799,7.349453973332181,11.116327526690638,3.5037785529214442
open_2017_05_08_close_2017_05_08_flight_Fixed Wing_N550ND_before_0_189617.csv,65,1625,1654,2,7.807019671707633,"AltMSL, NormAc",30,0,0,0,0,2,0,32.81115734888475,21.6694526368446,17.63938664236039,12.344098282401003,5.165892300676418,13.60963499419459,12.970565524586334
open_2017_05_08_close_2017_05_08_flight_Fixed Wing_N550ND_before_0_189617.csv,66,1650,1679,3,7.550133146257164,NormAc,0,0,0,0,0,1,0,9.086782291930044,7.851121364105918,8.44533507328224,21.6690239059337,1.7682646227159224,8.494277932877026,8.444724303648059
open_2017_05_08_close_2017_05_08_flight_Fixed Wing_N550ND_before_0_189617.csv,67,1675,1704,3,6.693514376821271,,0,0,0,0,0,0,0,12.5523547937685,6.822186558158326,7.604702783633474,13.806710216453501,3.5035263497553304,9.040260478990863,11.252975347982174
open_2017_05_08_close_2017_05_08_flight_Fixed Wing_N550ND_before_0_189617.csv,68,1700,1729,0,11.76521391745215,"IAS, E1 RPM, E1 FFlow",1,10,9,0,6,9,24,10.252673210852011,27.994854425517666,42.10563945284906,5.6988782816628385,15.545199736997791,24.611224153847214,168.680373074989
open_2017_05_08_close_2017_05_08_flight_Fixed Wing_N550ND_before_0_189617.csv,69,1725,1754,6,7.874502483179807,"E1 CHT1, E1 EGT1",0,0,0,1,1,0,0,21.010087751502176,13.779120968192897,8.269421417449443,25.23243296515399,17.773613264869443,9.979282459286292,13.153123794715
open_2017_05_08_close_2017_05_08_flight_Fixed Wing_N550ND_before_0_189617.csv,70,1750,1779,6,6.281822310575673,NormAc,0,0,0,0,0,4,0,6.9688839651790175,3.481227503103359,7.278848089642377,13.886168413863416,2.4893840697509932,14.222795352257192,4.980576466981306
open_2017_05_08_close_2017_05_08_flight_Fixed Wing_N550ND_before_0_189617.csv,71,1775,1804,6,5.607080421137605,"NormAc, E1 FFlow",0,0,2,0,0,2,0,13.22222695304956,8.807218757915686,10.507695052302294,5.778307697608645,4.9420288163017,11.892792387239327,6.677393875295287
open_2017_05_08_close_2017_05_08_flight_Fixed Wing_N550ND_before_0_189617.csv,72,1800,1829,6,8.749804140819965,"AltMSL, E1 FFlow, E1 RPM",24,9,15,0,6,1,0,31.099669002857745,47.50370123708618,209.24068659297353,24.908159002274786,15.966777507306553,11.227193662515253,9.755407978632958
open_2017_05_08_close_2017_05_08_flight_Fixed Wing_N550ND_before_0_189617.csv,73,1825,1854,2,4.873387860478542,NormAc,0,0,0,0,0,1,0,1.7756464179131057,13.688654457867505,13.39410355105317,14.81684780701136,5.686398645084173,7.525820266242661,3.898711451490518
open_2017_05_08_close_2017_05_08_flight_Fixed Wing_N550ND_before_0_189617.csv,74,1850,1879,2,5.00992241651066,NormAc,0,0,0,0,0,1,0,4.256451674806827,13.686979025936836,13.117410969550763,15.809227246742523,5.9696018296223965,7.445477392135193,5.896886105004522
open_2017_05_08_close_2017_05_08_flight_Fixed Wing_N550ND_before_0_189617.csv,75,1875,1904,2,4.071912316367379,,0,0,0,0,0,0,0,4.181177844626549,14.059281575210093,13.146867491090665,7.542655702812677,5.5269152204595775,6.440509034750732,6.8333338276923845
open_2017_05_08_close_2017_05_08_flight_Fixed Wing_N550ND_before_0_189617.csv,76,1900,1929,2,4.6782455257736055,,0,0,0,0,0,0,0,8.03106799361438,11.78193412175638,12.003743364460082,2.848889452402432,6.499205141462212,10.546539852635837,7.6576241800876295
open_2017_05_08_close_2017_05_08_flight_Fixed Wing_N550ND_before_0_189617.csv,77,1925,1954,2,8.620914560028645,NormAc,0,0,0,0,0,4,0,23.368619924700006,13.107544514962271,17.634269155984907,14.679810239507129,12.87132042257261,17.61664030827892,8.874200804521989
open_2017_05_08_close_2017_05_08_flight_Fixed Wing_N550ND_before_0_189617.csv,78,1950,1979,3,8.79284983269525,NormAc,0,0,0,0,0,2,0,5.980296119733117,11.210028874582617,15.014116076969923,22.165972610701925,5.569230852264963,13.362837016889422,3.7533357641297345
open_2017_05_08_close_2017_05_08_flight_Fixed Wing_N550ND_before_0_189617.csv,79,1975,2004,3,7.493142724827795,"E1 RPM, NormAc",0,4,0,0,0,1,0,11.395302553868198,18.59070402478649,17.172787363316473,11.75091754341858,9.702863403813774,10.39535633220462,1.7269940751816115
open_2017_05_08_close_2017_05_08_flight_Fixed Wing_N550ND_before_0_189617.csv,80,2000,2029,0,12.667197819292609,"IAS, NormAc, E1 RPM",6,9,8,0,6,12,30,16.8421380852822,19.044678131801618,28.988727344079297,17.319578281013623,15.01052623967773,31.86357533884656,488.9033323967416
open_2017_05_08_close_2017_05_08_flight_Fixed Wing_N550ND_before_0_189617.csv,81,2025,2054,6,8.65615883719013,"E1 CHT1, NormAc",0,0,0,30,0,1,0,19.204870217083567,8.296942469539843,13.135147164629302,37.11512753188143,15.45363760115793,8.964815562782974,6.078740959901541
open_2017_05_08_close_2017_05_08_flight_Fixed Wing_N550ND_before_0_189617.csv,82,2050,2079,6,6.34952416231581,"E1 CHT1, NormAc",0,0,0,4,0,2,0,4.212533913505877,3.4577473697569974,5.857066080256396,26.34718270429271,3.0345891871123496,11.253096753693915,5.1547708833897214
open_2017_05_08_close_2017_05_08_flight_Fixed Wing_N550ND_before_0_189617.csv,83,2075,2104,6,4.441646676516583,,0,0,0,0,0,0,0,16.77603520688651,3.771704281230997,9.334095559442416,5.161095446032843,4.040367350086564,9.959060525048674,5.384989004765567
open_2017_05_08_close_2017_05_08_flight_Fixed Wing_N550ND_before_0_189617.csv,84,2100,2129,4,8.516058622780216,"IAS, E1 EGT1, E1 FFlow",6,5,14,0,15,0,20,28.948855232538598,19.305948420540084,32.168414214009836,14.483473493416621,29.026131089213195,5.733299237862198,37.11054478306266
open_2017_05_08_close_2017_05_08_flight_Fixed Wing_N550ND_before_0_189617.csv,85,2125,2154,2,4.878017816096674,NormAc,0,0,0,0,0,1,0,4.364143098582838,11.403287674898866,12.582180646510935,4.697421964884463,5.813565571384211,9.447130210378482,3.145511144357936
open_2017_05_08_close_2017_05_08_flight_Fixed Wing_N550ND_before_0_189617.csv,86,2150,2179,2,5.364928500862495,,0,0,0,0,0,0,0,4.333719392721113,11.094474835673966,13.247005305562919,4.200225972213683,3.774373017194601,12.955701028015099,6.063143110014119
open_2017_05_08_close_2017_05_08_flight_Fixed Wing_N550ND_before_0_189617.csv,87,2175,2204,2,6.86058753012583,NormAc,0,0,0,0,0,5,0,1.7018726597740022,13.169935215548582,13.742866985711188,0.3787110063216111,3.3359982541328326,16.27845615861927,5.215048701418321
open_2017_05_08_close_2017_05_08_flight_Fixed Wing_N550ND_before_0_189617.csv,88,2200,2229,2,4.964122987130844,NormAc,0,0,0,0,0,1,0,3.143752341516412,14.62935006900248,13.753666333953898,6.395252670040893,3.7880545394142375,9.27330211487698,8.257777632593553
open_2017_05_08_close_2017_05_08_flight_Fixed Wing_N550ND_before_0_189617.csv,89,2225,2254,2,4.3207762939730525,,0,0,0,0,0,0,0,4.4474073632111,15.143198621154248,13.845247892798003,13.80455145347398,3.899597125449793,4.8635854648807975,9.323929385146194
open_2017_05_08_close_2017_05_08_flight_Fixed Wing_N550ND_before_0_189617.csv,90,2250,2279,2,5.069893682245331,,0,0,0,0,0,0,0,7.410018346975456,15.094391841450687,13.98957586625975,20.821792777071042,3.238898831728048,6.194087731800645,9.384673716905688
open_2017_05_08_close_2017_05_08_flight_Fixed Wing_N550ND_before_0_189617.csv,91,2275,2304,2,5.472733348238139,,0,0,0,0,0,0,0,8.692406689161047,14.53586841431771,13.954938436448982,26.679212539658412,3.161688947211421,6.0879027678843265,7.4447256350250015
open_2017_05_08_close_2017_05_08_flight_Fixed Wing_N550ND_before_0_189617.csv,92,2300,2329,2,6.27276478430419,E1 CHT1,0,0,0,20,0,0,0,6.951600498056816,13.567238293680727,13.48467524211292,30.988837551703753,2.3629712197994577,8.38653155019644,4.835537518333395
open_2017_05_08_close_2017_05_08_flight_Fixed Wing_N550ND_before_0_189617.csv,93,2325,2354,2,7.947970393892901,"E1 CHT1, NormAc",0,0,0,28,0,4,0,15.392687844795034,15.511473387284665,16.055456373245896,34.50752376843449,3.980469257437126,13.534825928089436,4.0860306878293775
open_2017_05_08_close_2017_05_08_flight_Fixed Wing_N550ND_before_0_189617.csv,94,2350,2379,3,7.536284842066824,NormAc,0,0,0,0,0,2,0,5.017086062518087,13.959912666071771,15.176118817491277,16.293247834390332,1.0412937472588915,14.02217221213944,1.1658404950841132
open_2017_05_08_close_2017_05_08_flight_Fixed Wing_N550ND_before_0_189617.csv,95,2375,2404,3,6.867189481884493,NormAc,0,0,0,0,0,2,0,9.699620772876557,11.848130547197135,9.343654018319759,9.808913883540017,4.470354874414235,11.564817972169386,7.462492894898456
open_2017_05_08_close_2017_05_08_flight_Fixed Wing_N550ND_before_0_189617.csv,96,2400,2429,3,8.888364167486467,E1 RPM,0,9,0,0,0,0,0,13.203279182185337,19.473895041233977,15.974049795644362,5.163157537294305,8.218255474273224,12.47686513461239,11.158845033597556
open_2017_05_08_close_2017_05_08_flight_Fixed Wing_N550ND_before_0_189617.csv,97,2425,2454,3,17.094135010859684,"E1 RPM, E1 EGT1, E1 FFlow",0,22,15,0,16,1,12,14.156280680119222,52.86512851289191,64.18225228094616,1.712858122899373,44.694959304802836,13.54829911895566,25.19735720232152
open_2017_05_08_close_2017_05_08_flight_Fixed Wing_N550ND_before_0_189617.csv,98,2450,2479,6,6.9484168128726855,"E1 CHT1, NormAc",0,0,0,28,0,1,0,13.73887945554106,3.279703398850177,9.508928340259507,30.44305036270397,4.793046483395973,11.93751577451822,1.6414870631070209
open_2017_05_08_close_2017_05_08_flight_Fixed Wing_N550ND_before_0_189617.csv,99,2475,2504,6,5.357286884941422,NormAc,0,0,0,0,0,1,0,5.103104844806963,3.8770889376446136,6.796213959336358,13.445002919954176,3.5693462784385384,12.347181964037077,7.172792224173162
open_2017_05_08_close_2017_05_08_flight_Fixed Wing_N550ND_before_0_189617.csv,100,2500,2529,6,7.353063584194939,"E1 FFlow, E1 RPM, E1 EGT1",0,7,11,0,4,2,0,26.06501645535011,33.074165179896994,125.64709871339637,7.705543996200679,10.285586889370492,14.103188477922288,4.549643435550895
open_2017_05_08_close_2017_05_08_flight_Fixed Wing_N550ND_before_0_189617.csv,101,2525,2554,2,6.598830641289362,"E1 FFlow, NormAc",0,0,3,0,0,3,0,4.034675460369927,17.480507628594864,20.15392904036169,6.522554841600044,3.348451723392652,11.767211757448411,6.585897421612276
open_2017_05_08_close_2017_05_08_flight_Fixed Wing_N550ND_before_0_189617.csv,102,2550,2579,2,5.519984311932022,NormAc,0,0,0,0,0,1,0,1.3268742056399965,15.77812464154748,15.235803601971185,9.14864789176754,5.406806527991743,10.857609823396546,6.54846198605258
open_2017_05_08_close_2017_05_08_flight_Fixed Wing_N550ND_before_0_189617.csv,103,2575,2604,2,6.254616239776558,NormAc,0,0,0,0,0,3,0,1.866518552728644,15.057332267991072,14.653460884213139,5.797016218420524,4.17391713328818,12.95047054427066,7.086977974834995
open_2017_05_08_close_2017_05_08_flight_Fixed Wing_N550ND_before_0_189617.csv,104,2600,2629,2,9.864909003413189,NormAc,0,0,0,0,0,8,0,7.796410970437606,8.730364549688906,12.312189824413103,3.0759368609843647,7.075817630623963,21.566187223874216,7.931549169568006
open_2017_05_08_close_2017_05_08_flight_Fixed Wing_N550ND_before_0_189617.csv,105,2625,2654,2,7.158465175095079,NormAc,0,0,0,0,0,1,0,21.38258535989335,19.095579523446364,18.05262255257733,17.0557150422845,9.616322803483452,10.63170591326407,8.34668974182868
open_2017_05_08_close_2017_05_08_flight_Fixed Wing_N550ND_before_0_189617.csv,106,2650,2679,3,9.346790346437459,NormAc,0,0,0,0,0,6,0,6.0513411169631155,7.205883386479318,9.79697657957481,19.506697111146114,2.264467754796841,16.514501317835165,3.3762066960023915
open_2017_05_08_close_2017_05_08_flight_Fixed Wing_N550ND_before_0_189617.csv,107,2675,2704,3,8.948315653503766,"E1 FFlow, NormAc",0,0,4,0,0,4,0,10.670341159733052,11.616671360724904,20.072555258732717,10.96217486186691,3.735807281707354,15.201505944380626,5.867586951662025
open_2017_05_08_close_2017_05_08_flight_Fixed Wing_N550ND_before_0_189617.csv,108,2700,2729,6,6.674683610894555,NormAc,0,0,0,0,0,1,0,9.063279046519435,4.854623081940668,9.769835685667598,21.990156999269452,6.081800561734421,9.898134730028682,5.155067772433701
open_2017_05_08_close_2017_05_08_flight_Fixed Wing_N550ND_before_0_189617.csv,109,2725,2754,6,6.504923939063378,NormAc,0,0,0,0,0,4,0,11.711421626534143,4.762439899747719,7.70217982245413,10.146035746190453,3.509468990572251,16.569203836782965,8.096024572641825
open_2017_05_08_close_2017_05_08_flight_Fixed Wing_N550ND_before_0_189617.csv,110,2750,2779,6,7.369823463685548,"AltMSL, E1 FFlow, E1 RPM",28,5,10,0,2,2,0,33.62482117873161,15.772158599155034,82.49046425726009,8.186529084389358,8.099061772827005,16.47705079025244,7.56234865722297
open_2017_05_08_close_2017_05_08_flight_Fixed Wing_N550ND_before_0_189617.csv,111,2775,2804,2,6.817142395242677,NormAc,0,0,0,0,0,3,0,8.393513069020386,17.751880266068007,17.503966054686284,6.4896290202737354,4.55687265418534,13.092071495089844,4.809762481659192
open_2017_05_08_close_2017_05_08_flight_Fixed Wing_N550ND_before_0_189617.csv,112,2800,2829,2,4.830229563714821,NormAc,0,0,0,0,0,2,0,10.27507053672978,9.790734227210221,8.358852455260415,5.145669721271416,7.4524335449976205,10.525317302966636,2.4419509894484324
open_2017_05_08_close_2017_05_08_flight_Fixed Wing_N550ND_before_0_189617.csv,113,2825,2854,2,3.7773708004791495,,0,0,0,0,0,0,0,7.416028818294784,9.249061993816742,8.539002471586219,0.782435099872576,6.352008838243667,7.648141645114004,2.229791372033106
open_2017_05_08_close_2017_05_08_flight_Fixed Wing_N550ND_before_0_189617.csv,114,2850,2879,2,5.657007661528157,,0,0,0,0,0,0,0,6.347261140423086,11.51136180841632,12.282699438188711,9.150489878501899,4.609774157621477,12.525515193058043,5.750596669981025
open_2017_05_08_close_2017_05_08_flight_Fixed Wing_N550ND_before_0_189617.csv,115,2875,2904,2,6.485808682789005,NormAc,0,0,0,0,0,1,0,2.9497803767455815,16.13072060190756,13.091283901033762,17.422554340057378,5.167251219492658,12.08839715702355,13.026590541478457
open_2017_05_08_close_2017_05_08_flight_Fixed Wing_N550ND_before_0_189617.csv,116,2900,2929,2,6.580469011597533,NormAc,0,0,0,0,0,2,0,10.01080921077616,13.594732205976248,10.037834868785026,24.840605863219512,6.242298154140675,12.990840963203752,11.92591910833264
open_2017_05_08_close_2017_05_08_flight_Fixed Wing_N550ND_before_0_189617.csv,117,2925,2954,2,8.18019111673979,"E1 CHT1, NormAc",0,0,0,22,0,5,0,15.20601321336821,13.46924659798682,10.372741280493274,31.85141968559348,4.946037989149019,15.79186510854787,12.162521317113372
open_2017_05_08_close_2017_05_08_flight_Fixed Wing_N550ND_before_0_189617.csv,118,2950,2979,2,9.439302149375347,"E1 CHT1, NormAc",0,0,0,30,0,5,0,22.16678882941105,9.311228072701192,13.399797673845043,38.40447413496817,10.667616795234315,18.97710131193148,11.900067402861463
open_2017_05_08_close_2017_05_08_flight_Fixed Wing_N550ND_before_0_189617.csv,119,2975,3004,3,6.940955905891428,NormAc,0,0,0,0,0,2,0,5.466514036909895,9.461430017515726,14.510644333323775,13.538880735908316,5.9603474164964565,12.315822601903466,5.515840216386577
open_2017_05_08_close_2017_05_08_flight_Fixed Wing_N550ND_before_0_189617.csv,120,3000,3029,3,5.915366308022694,NormAc,0,0,0,0,0,2,0,9.200978058184418,12.670527648327115,11.689827265770672,6.418310698686599,1.7798084311390092,10.144761747639254,4.823666448107234
open_2017_05_08_close_2017_05_08_flight_Fixed Wing_N550ND_before_0_189617.csv,121,3025,3054,3,5.372898225368977,NormAc,0,0,0,0,0,1,0,12.481494636924104,4.497814447813435,6.645906207448651,1.228108229116867,5.762149028273591,8.142316435201296,9.351095656384912
open_2017_05_08_close_2017_05_08_flight_Fixed Wing_N550ND_before_0_189617.csv,122,3050,3079,0,12.680587454747307,"IAS, E1 FFlow, E1 RPM",7,10,11,0,10,3,30,18.964981087055925,30.508893782251814,50.85706008291632,22.111940669813322,20.340596045923903,13.959461535187424,417.22036592721855
open_2017_05_08_close_2017_05_08_flight_Fixed Wing_N550ND_before_0_189617.csv,123,3075,3104,6,9.284959632014766,"E1 CHT1, NormAc, E1 FFlow",0,0,1,30,0,4,0,17.608889695831007,4.5962900244596785,14.372901388899095,33.71553698908087,12.050381077565822,16.050878454436578,3.710676782504068
open_2017_05_08_close_2017_05_08_flight_Fixed Wing_N550ND_before_0_189617.csv,124,3100,3129,6,6.531122117039478,NormAc,0,0,0,0,0,4,0,2.147657556715114,7.030314899495188,6.239612806783869,18.138483407810423,3.629585483447561,13.74672908851323,8.074043117811131
open_2017_05_08_close_2017_05_08_flight_Fixed Wing_N550ND_before_0_189617.csv,125,3125,3154,6,9.188825673283748,"E1 FFlow, E1 RPM, NormAc",0,6,7,0,3,5,0,24.02604285741645,34.68725425589704,122.4591371412279,5.02605805196028,9.530155320941049,19.937964756128537,9.847538243566579
open_2017_05_08_close_2017_05_08_flight_Fixed Wing_N550ND_before_0_189617.csv,126,3150,3179,2,5.897015631110692,NormAc,0,0,0,0,0,2,0,3.6728956786121305,13.678193293619453,12.963471687188452,6.567239959312219,4.536711664763805,12.82432416576955,3.3052745135723365
open_2017_05_08_close_2017_05_08_flight_Fixed Wing_N550ND_before_0_189617.csv,127,3175,3204,2,6.164453975989472,NormAc,0,0,0,0,0,2,0,6.009505872303593,11.55241743370399,11.87760714327887,2.106346679134393,4.606059111120146,12.914066464246801,2.239027041704403
open_2017_05_08_close_2017_05_08_flight_Fixed Wing_N550ND_before_0_189617.csv,128,3200,3229,2,6.459475483224155,NormAc,0,0,0,0,0,4,0,1.0398864531060465,13.783138021560188,11.96983180478026,2.2127481128934163,4.164769617946096,14.423428494938673,9.050822294814793
open_2017_05_08_close_2017_05_08_flight_Fixed Wing_N550ND_before_0_189617.csv,129,3225,3254,2,6.8064088612247255,NormAc,0,0,0,0,0,1,0,3.7416594580619043,13.985247937250353,12.083359526408412,9.566798889596084,4.407848847646937,12.751266942068199,9.3512162298547
open_2017_05_08_close_2017_05_08_flight_Fixed Wing_N550ND_before_0_189617.csv,130,3250,3279,2,7.127336402607953,NormAc,0,0,0,0,0,2,0,4.906151655735951,10.76358291815075,11.00588678964291,18.433581691136386,5.909624631627053,14.21824114639181,7.617780743368808
open_2017_05_08_close_2017_05_08_flight_Fixed Wing_N550ND_before_0_189617.csv,131,3275,3304,2,9.50494917816695,"NormAc, E1 CHT1, E1 RPM",0,1,0,6,0,7,0,15.238294689050127,19.818284193583583,19.53056872890323,28.821295583648936,10.031342721365903,18.723032692823402,8.560662937939194
open_2017_05_08_close_2017_05_08_flight_Fixed Wing_N550ND_before_0_189617.csv,132,3300,3329,3,7.204787499660631,NormAc,0,0,0,0,0,2,0,3.741502028530146,15.949979892708127,16.799805662898855,15.543789403787134,2.0161591881733307,11.500447069777834,3.715027654901561
open_2017_05_08_close_2017_05_08_flight_Fixed Wing_N550ND_before_0_189617.csv,133,3325,3354,3,6.455697355757987,NormAc,0,0,0,0,0,1,0,8.971140477982386,17.93787277886325,16.59818699261686,7.3405343183540825,1.5601715803732181,10.889511325975846,7.7810925043832215
open_2017_05_08_close_2017_05_08_flight_Fixed Wing_N550ND_before_0_189617.csv,134,3350,3379,3,6.774212822608235,NormAc,0,0,0,0,0,2,0,12.905630660485095,10.449170598239416,9.577779667263291,1.515305119055278,3.000718988390085,11.562632797541937,10.704076910781069
open_2017_05_08_close_2017_05_08_flight_Fixed Wing_N550ND_before_0_189617.csv,135,3375,3404,0,14.273522614930174,"IAS, E1 FFlow, E1 RPM",1,14,15,2,5,5,22,12.423393919676341,40.79250262341468,94.85529608944216,25.271171501824014,17.57228974769732,13.657029028596767,316.4728801772498
open_2017_05_08_close_2017_05_08_flight_Fixed Wing_N550ND_before_0_189617.csv,136,3400,3429,6,8.066655723756803,"E1 CHT1, NormAc",0,0,0,30,0,5,0,17.50288438541698,5.018292626288844,11.154209472449468,35.998988781173,8.240562540317642,12.111424029033476,4.90406673939642
open_2017_05_08_close_2017_05_08_flight_Fixed Wing_N550ND_before_0_189617.csv,137,3425,3454,6,5.288806395895622,NormAc,0,0,0,0,0,1,0,2.6037136124171245,3.899046370679913,6.5619246703752845,18.514768182293366,3.3907141957848865,10.052862818187672,5.257917727466869
open_2017_05_08_close_2017_05_08_flight_Fixed Wing_N550ND_before_0_189617.csv,138,3450,3479,6,5.991982369119784,"E1 FFlow, NormAc, E1 RPM",0,2,6,0,0,2,0,25.45490457301922,8.640832740784703,41.81677895778251,4.307445470577233,4.346857611666838,11.84869520981394,8.670541822909062
open_2017_05_08_close_2017_05_08_flight_Fixed Wing_N550ND_before_0_189617.csv,139,3475,3504,2,8.618274688477703,NormAc,0,0,0,0,0,5,0,1.0168442373737065,18.333306823004186,17.91164209172306,7.4917884288169905,6.812503296780292,17.45314675360124,5.528174678401932
open_2017_05_08_close_2017_05_08_flight_Fixed Wing_N550ND_before_0_189617.csv,140,3500,3529,2,5.670416979303293,NormAc,0,0,0,0,0,3,0,2.663911513596744,14.15443009183078,14.054873760728842,4.1676707142855145,4.823994796348831,11.795881754712388,5.801013784454425
open_2017_05_08_close_2017_05_08_flight_Fixed Wing_N550ND_before_0_189617.csv,141,3525,3554,2,4.476521612675634,NormAc,0,0,0,0,0,1,0,3.323264865709149,14.287256892228283,14.000232823740896,0.7155997055185662,3.8643663135314084,7.653122203805034,5.365968603669645
open_2017_05_08_close_2017_05_08_flight_Fixed Wing_N550ND_before_0_189617.csv,142,3550,3579,2,4.672847652182817,NormAc,0,0,0,0,0,1,0,2.2533692892994406,14.232419811289954,13.892605169936823,6.887859358208642,3.716090482511247,8.474333163611831,5.121234081190176
open_2017_05_08_close_2017_05_08_flight_Fixed Wing_N550ND_before_0_189617.csv,143,3575,3604,2,6.566497683597584,NormAc,0,0,0,0,0,3,0,2.683461623728157,13.390544083644272,13.836371563105937,14.556426461716262,2.9024772852444403,14.281787106767455,4.11298020953708
open_2017_05_08_close_2017_05_08_flight_Fixed Wing_N550ND_before_0_189617.csv,144,3600,3629,2,5.612625762411273,NormAc,0,0,0,0,0,1,0,1.7464261479614285,13.582294816695807,13.827908058795066,20.190697173886583,3.2091784279370223,9.204599606185116,5.846323530756825
open_2017_05_08_close_2017_05_08_flight_Fixed Wing_N550ND_before_0_189617.csv,145,3625,3654,2,5.945429113676008,NormAc,0,0,0,0,0,1,0,1.9428369165367605,14.169835218869691,14.061614411267074,24.105159644562576,3.6913180062987534,8.62177668205096,5.455757746830758
open_2017_05_08_close_2017_05_08_flight_Fixed Wing_N550ND_before_0_189617.csv,146,3650,3679,4,6.466354577195413,"E1 RPM, IAS, NormAc",0,8,0,0,0,1,1,25.80478466801758,28.502037968026436,16.161063177832396,2.6586846583275743,0.7927957247979437,5.784483779474355,25.068220675322713
open_2017_05_08_close_2017_05_08_flight_Fixed Wing_N550ND_before_0_189617.csv,147,3675,3704,4,7.676379177838995,"E1 RPM, IAS, NormAc",0,14,0,0,0,1,3,25.068491378329124,29.033665706731508,16.067685216698017,0.7396574978091435,1.061516137309832,8.02065211914808,25.937007815279227
open_2017_05_08_close_2017_05_08_flight_Fixed Wing_N550ND_before_0_189617.csv,148,3700,3729,4,6.821860674484597,"E1 RPM, IAS",0,12,0,0,0,0,3,24.725583784882552,28.827165614168415,16.250126430268807,1.164641414679367,1.4379973881582988,7.3069613005615,25.68290675739086
open_2017_05_08_close_2017_05_08_flight_Fixed Wing_N550ND_before_0_189617.csv,149,3725,3754,2,7.674921307717809,"E1 CHT1, NormAc",0,0,0,23,0,3,0,3.1341206412807407,13.149295034910606,13.456498881815946,34.03190198870984,3.6676241644640357,13.503687568863839,5.961735289496013
open_2017_05_08_close_2017_05_08_flight_Fixed Wing_N550ND_before_0_189617.csv,150,3750,3779,3,9.831785598041375,NormAc,0,0,0,0,0,5,0,2.9414374403443904,10.475621274871818,15.66764167080814,19.396552049175053,2.8706757874705513,19.49774817739287,6.256472544363272
open_2017_05_08_close_2017_05_08_flight_Fixed Wing_N550ND_before_0_189617.csv,151,3775,3804,3,7.86586589584371,NormAc,0,0,0,0,0,3,0,1.2029407656168445,8.02427131416247,12.122287944877637,13.146677214395872,2.993488091413265,14.577501857381915,3.6319808455483433
open_2017_05_08_close_2017_05_08_flight_Fixed Wing_N550ND_before_0_189617.csv,152,3800,3829,3,4.715333311630122,,0,0,0,0,0,0,0,6.498005376855742,4.934132699869155,5.583344751820709,6.676007634569258,4.3701830118939,8.888170649968753,6.220885440829154
open_2017_05_08_close_2017_05_08_flight_Fixed Wing_N550ND_before_0_189617.csv,153,3825,3854,3,6.223069341665284,NormAc,0,0,0,0,0,3,0,9.42634517784652,3.218531350200185,6.012710923857157,3.544970152310525,8.198940012560938,12.746201640714721,7.051949799963729
open_2017_05_08_close_2017_05_08_flight_Fixed Wing_N550ND_before_0_189617.csv,154,3850,3879,3,5.751000895855118,NormAc,0,0,0,0,0,1,0,12.126557585460793,5.657087171778051,7.02370487512505,3.7106790976995256,8.397170191234954,9.41502537443274,9.709078265758425
open_2017_05_08_close_2017_05_08_flight_Fixed Wing_N550ND_before_0_189617.csv,155,3875,3904,3,11.542858732543227,"E1 RPM, E1 EGT1, IAS",0,18,0,0,6,2,5,14.02035200519508,28.826736537414675,20.41477377547214,5.34372499429885,17.674972586661127,11.344690817565194,21.63189339717604
open_2017_05_08_close_2017_05_08_flight_Fixed Wing_N550ND_before_0_189617.csv,156,3900,3929,6,12.76806027486539,"E1 EGT1, E1 RPM, E1 CHT1",0,3,1,2,6,1,1,21.476061615452927,20.24953853482231,17.59346610071261,25.109712935995397,27.050229013729787,8.729625409523287,18.322076928778795
open_2017_05_08_close_2017_05_08_flight_Fixed Wing_N550ND_before_0_189617.csv,157,3925,3954,6,6.003483977328186,NormAc,0,0,0,0,0,4,0,8.5843686162555,6.355632078220309,9.107355501922425,14.339359267087126,1.757686982255055,14.846924461789483,5.728984565186672
open_2017_05_08_close_2017_05_08_flight_Fixed Wing_N550ND_before_0_189617.csv,158,3950,3979,6,6.311923184001345,NormAc,0,0,0,0,0,4,0,11.54918540296893,7.02894803847497,5.577563547205989,5.458739589562885,4.200515093373007,14.995932637926447,9.563138252760165
open_2017_05_08_close_2017_05_08_flight_Fixed Wing_N550ND_before_0_189617.csv,159,3975,4004,6,9.038255311531977,"AltMSL, E1 FFlow, E1 RPM",21,8,13,0,5,0,4,30.744096989694505,55.64167607183547,200.99503184011502,25.115858630892692,12.966448759417322,11.1524331287483,13.544528334838992
open_2017_05_08_close_2017_05_08_flight_Fixed Wing_N550ND_before_0_189617.csv,160,4000,4029,2,5.25360549522715,NormAc,0,0,0,0,0,1,0,4.399214673216707,11.791768634298442,7.765038734308852,13.12402250024738,8.383359361348653,10.212376003582632,12.39172095547747
open_2017_05_08_close_2017_05_08_flight_Fixed Wing_N550ND_before_0_189617.csv,161,4025,4054,2,6.80619207491694,NormAc,0,0,0,0,0,2,0,11.547307729336694,13.29044152525543,16.33383646035964,10.282496365802201,8.605372121936435,13.305362792631085,10.129860756027634
open_2017_05_08_close_2017_05_08_flight_Fixed Wing_N550ND_before_0_189617.csv,162,4050,4079,2,7.26139009426997,NormAc,0,0,0,0,0,2,0,23.391129091889994,17.110670009849173,15.358983940893431,8.429859950130835,2.076753540354968,13.956240093302812,15.052798064924826
open_2017_05_08_close_2017_05_08_flight_Fixed Wing_N550ND_before_0_189617.csv,163,4075,4104,2,7.824839426235781,"AltMSL, E1 CHT1, NormAc",30,0,0,18,0,2,0,44.568416422593046,16.782455166395604,13.655874360101105,29.17351022911003,1.6562473874355161,9.345713954968481,18.336636185339735
open_2017_05_08_close_2017_05_08_flight_Fixed Wing_N550ND_before_0_189617.csv,164,4100,4129,3,7.322723378463167,NormAc,0,0,0,0,0,2,0,11.788136079882515,7.940235025291762,10.582664464513776,15.905285207146626,5.440612473914706,9.78569582951887,6.2241420487301005
open_2017_05_08_close_2017_05_08_flight_Fixed Wing_N550ND_before_0_189617.csv,165,4125,4154,3,12.863115252054763,"E1 RPM, E1 EGT1, IAS",0,18,0,0,6,2,3,13.888995308041592,30.02656902911464,19.640279324863183,12.575175268442495,17.446660903336763,12.60409940426141,19.674974793052648
open_2017_05_08_close_2017_05_08_flight_Fixed Wing_N550ND_before_0_189617.csv,166,4150,4179,6,11.492456017157705,"E1 EGT1, E1 RPM, E1 FFlow",0,5,2,0,5,1,0,21.161573650753738,14.709982398614331,15.596767185114452,17.858516550755326,24.530674489912332,9.601147029829969,11.283026483032517
open_2017_05_08_close_2017_05_08_flight_Fixed Wing_N550ND_before_0_189617.csv,167,4175,4204,6,4.950980412987948,NormAc,0,0,0,0,0,3,0,8.21716941675763,8.983234735008736,7.454183846462943,9.281647871529106,2.6031427598266514,10.007382839371251,8.037699880711152
open_2017_05_08_close_2017_05_08_flight_Fixed Wing_N550ND_before_0_189617.csv,168,4200,4229,6,5.13980023678017,"NormAc, E1 FFlow",0,0,1,0,0,2,0,14.723130309025898,5.425473625774917,9.271372581941131,9.279647707074336,4.479866446862877,8.804776898661679,7.983482811721797
open_2017_05_08_close_2017_05_08_flight_Fixed Wing_N550ND_before_0_189617.csv,169,4225,4254,4,9.36830429208683,"E1 EGT1, E1 FFlow, IAS",6,0,14,8,15,0,14,29.30648966659629,18.49381668728016,32.664232952088945,25.33536159982661,29.116271421450815,5.406915311322699,29.12397698498557
open_2017_05_08_close_2017_05_08_flight_Fixed Wing_N550ND_before_0_189617.csv,170,4250,4279,2,6.649268117309897,NormAc,0,0,0,0,0,2,0,4.1996313384438295,14.331018571904726,14.393715330852551,13.144760323037172,6.957661991035874,12.688934194031074,5.193502948650716
open_2017_05_08_close_2017_05_08_flight_Fixed Wing_N550ND_before_0_189617.csv,171,4275,4304,2,6.037611615961484,NormAc,0,0,0,0,0,2,0,3.947516300527053,15.238294926571495,16.481752325664804,10.769325581616025,3.743608288101918,12.198626912697238,3.3736606854752207
open_2017_05_08_close_2017_05_08_flight_Fixed Wing_N550ND_before_0_189617.csv,172,4300,4329,2,7.500731226597547,NormAc,0,0,0,0,0,6,0,3.6016969938861956,14.705444496949202,16.38389613973055,3.257207709096163,2.5086309163774785,18.323858402269167,2.4684702594501946
open_2017_05_08_close_2017_05_08_flight_Fixed Wing_N550ND_before_0_189617.csv,173,4325,4354,2,6.444190850093593,NormAc,0,0,0,0,0,2,0,1.6917909738532575,15.782091424638116,16.56227541213276,3.9628910322717172,2.7833824351103393,13.823307991343182,5.915352112575228
open_2017_05_08_close_2017_05_08_flight_Fixed Wing_N550ND_before_0_189617.csv,174,4350,4379,2,6.2167006255900406,NormAc,0,0,0,0,0,2,0,3.740634157850806,17.205876387240146,16.682964997029277,9.91921205325842,3.447547622454083,10.755199618795277,10.183457064209883
open_2017_05_08_close_2017_05_08_flight_Fixed Wing_N550ND_before_0_189617.csv,175,4375,4404,2,7.141981344524826,NormAc,0,0,0,0,0,3,0,2.4344746876207553,16.786504717940062,16.690664429687544,15.138412959454195,3.310244766291544,13.088950770343748,8.414380680879498
open_2017_05_08_close_2017_05_08_flight_Fixed Wing_N550ND_before_0_189617.csv,176,4400,4429,4,6.080736485497314,AltMSL,10,0,0,0,0,0,0,30.080604882543085,21.065656828549884,12.784726310563197,8.678750089847561,0.7928173923669449,4.998518145229414,16.469596258940395
open_2017_05_08_close_2017_05_08_flight_Fixed Wing_N550ND_before_0_189617.csv,177,4425,4454,2,6.794879882992494,NormAc,0,0,0,0,0,3,0,7.706295951355331,15.68159024131362,14.09006710050682,23.629848709224174,4.4170649949735425,11.448030236055143,12.073012346646781
open_2017_05_08_close_2017_05_08_flight_Fixed Wing_N550ND_before_0_189617.csv,178,4450,4479,4,6.420614406147903,"AltMSL, E1 RPM",12,10,0,0,0,0,0,30.13702610049676,28.52842943382822,16.125059250494164,2.57181935746056,2.9804712042146884,6.4428300864411066,24.047978911512665
open_2017_05_08_close_2017_05_08_flight_Fixed Wing_N550ND_before_0_189617.csv,179,4475,4504,2,7.260610878158612,"E1 CHT1, NormAc",0,0,0,19,0,3,0,9.017207005619895,10.499375908572024,12.287270681426888,31.078012147273565,6.517957738427936,11.649103510748052,6.197615032651729
open_2017_05_08_close_2017_05_08_flight_Fixed Wing_N550ND_before_0_189617.csv,180,4500,4529,3,7.039063532395809,NormAc,0,0,0,0,0,2,0,1.339590739031633,8.568370165856134,9.578935376152137,19.366223324729415,4.125088283201984,9.5401894935714,3.2982680473285684
open_2017_05_08_close_2017_05_08_flight_Fixed Wing_N550ND_before_0_189617.csv,181,4525,4554,3,6.5074163852037,NormAc,0,0,0,0,0,1,0,4.319441440679331,3.7095470827912216,4.573460584270501,14.089340057820758,7.8479049467047,10.652361092542836,3.4633818301561767
open_2017_05_08_close_2017_05_08_flight_Fixed Wing_N550ND_before_0_189617.csv,182,4550,4579,3,5.878120092086583,NormAc,0,0,0,0,0,2,0,6.333631720530602,7.648835874423134,6.6633624618912695,10.973855948494847,10.452086184968703,9.417593476646404,1.610216252410797
open_2017_05_08_close_2017_05_08_flight_Fixed Wing_N550ND_before_0_189617.csv,183,4575,4604,3,5.38505289159016,,0,0,0,0,0,0,0,8.275830617555735,7.291580070111417,12.147882292393115,10.501827777658479,9.324773897317392,6.028521227845425,7.606740987776233
open_2017_05_08_close_2017_05_08_flight_Fixed Wing_N550ND_before_0_189617.csv,184,4600,4629,3,6.395204235903484,,0,0,0,0,0,0,0,10.232978425378978,11.642343017173907,18.000659659555755,12.713573174275611,6.231973959453399,6.978666208077193,9.415400674157233
open_2017_05_08_close_2017_05_08_flight_Fixed Wing_N550ND_before_0_189617.csv,185,4625,4654,3,7.490991359063268,NormAc,0,0,0,0,0,2,0,12.362628776034743,2.9706189872607984,6.241878045392998,16.958211471045207,9.074537588036,9.512143748218008,9.700114175786439
open_2017_05_08_close_2017_05_08_flight_Fixed Wing_N550ND_before_0_189617.csv,186,4650,4679,3,13.78945504445146,"E1 RPM, IAS, E1 EGT1",0,18,7,0,12,2,13,14.175054715496861,35.5803200308182,37.272133043559016,19.215540604289092,21.890632990479958,8.605951284816767,26.924472245558377
open_2017_05_08_close_2017_05_08_flight_Fixed Wing_N550ND_before_0_189617.csv,187,4675,4704,6,6.30487035901964,NormAc,0,0,0,0,0,3,0,18.18886890086824,6.08252383031941,8.365855296680595,4.133104048683366,7.269152080530633,14.92003113432056,3.811440769327643
open_2017_05_08_close_2017_05_08_flight_Fixed Wing_N550ND_before_0_189617.csv,188,4700,4729,6,5.8959616264915855,NormAc,0,0,0,0,0,4,0,2.4797805494467773,6.043114361684164,5.534947886755742,8.713164069177934,4.128855886793306,14.469165434889417,7.98026401562457
open_2017_05_08_close_2017_05_08_flight_Fixed Wing_N550ND_before_0_189617.csv,189,4725,4754,6,7.076929219893052,NormAc,0,0,0,0,0,3,0,21.770100548709536,8.238242662378575,10.896657614140812,24.757737396484192,4.384208569368026,13.354806378923842,11.393296689386727
open_2017_05_08_close_2017_05_08_flight_Fixed Wing_N550ND_before_0_189617.csv,190,4750,4779,5,10.246331823878817,"AltMSL, E1 EGT1, NormAc",15,0,2,0,11,4,0,30.943204596649256,18.158762700545026,18.86182832847331,23.51067975172227,20.139134825029565,16.693386944167678,7.0735440500303035
open_2017_05_08_close_2017_05_08_flight_Fixed Wing_N550ND_before_0_189617.csv,191,4775,4804,2,5.465582167169846,,0,0,0,0,0,0,0,1.6726684628315125,15.502025835850263,10.742449652083666,23.954894925601774,7.382086544553016,7.062954167367156,14.847752262416364
open_2017_05_08_close_2017_05_08_flight_Fixed Wing_N550ND_before_0_189617.csv,192,4800,4829,2,5.6359453506716966,NormAc,0,0,0,0,0,2,0,2.8397449189871686,9.696147316748652,11.275167398059287,17.0703593560837,8.243549148882847,11.412782768790217,8.562557089541354
open_2017_05_08_close_2017_05_08_flight_Fixed Wing_N550ND_before_0_189617.csv,193,4825,4854,2,7.151419837716154,NormAc,0,0,0,0,0,1,0,14.491460086627981,18.47972608217145,17.002745637962562,4.755092765244229,4.085801544712541,12.570925189608838,9.317870732190544
open_2017_05_08_close_2017_05_08_flight_Fixed Wing_N550ND_before_0_189617.csv,194,4850,4879,2,6.923598787919381,AltMSL,12,0,0,0,0,0,0,29.741623212218705,16.90122406029519,15.222221995560561,23.202645448910786,1.3340806100544542,9.342015154306768,17.80977886526845
open_2017_05_08_close_2017_05_08_flight_Fixed Wing_N550ND_before_0_189617.csv,195,4875,4904,3,6.586647340661708,,0,0,0,0,0,0,0,8.604815827317054,4.324506248265347,5.5883817462708185,17.515686826329986,4.4355954895692875,8.581099782648748,5.61073249397494
open_2017_05_08_close_2017_05_08_flight_Fixed Wing_N550ND_before_0_189617.csv,196,4900,4929,3,6.30726426666684,NormAc,0,0,0,0,0,2,0,11.681278686732714,4.2996217016074985,4.937557951312075,11.919772358570215,7.933263708969692,9.696813231945848,6.486869166716709
open_2017_05_08_close_2017_05_08_flight_Fixed Wing_N550ND_before_0_189617.csv,197,4925,4954,3,9.322008706284569,"E1 RPM, NormAc",0,8,0,0,0,1,0,13.904277425520851,19.340361914697723,17.00641756844883,9.867102989614665,12.75715723386476,7.812522751515292,17.05582595898051
open_2017_05_08_close_2017_05_08_flight_Fixed Wing_N550ND_before_0_189617.csv,198,4950,4979,6,15.664899835872493,"E1 EGT1, E1 RPM, E1 FFlow",0,10,8,0,27,0,6,22.531107734896352,63.33052973073177,110.61664947709804,21.025256057086768,38.916001571187024,6.739897033209558,23.470112544784243
open_2017_05_08_close_2017_05_08_flight_Fixed Wing_N550ND_before_0_189617.csv,199,4975,5004,6,5.701715643421875,NormAc,0,0,0,0,0,3,0,11.681533927298576,4.4865207928771,6.098730663641796,14.433653520871824,2.927766140113199,13.39563427728561,4.00454228680757
open_2017_05_08_close_2017_05_08_flight_Fixed Wing_N550ND_before_0_189617.csv,200,5000,5029,6,6.178882362275157,NormAc,0,0,0,0,0,3,0,11.272216227382374,5.808848830696294,8.477548270355301,5.673513876375688,4.26405768950174,14.340754454850996,6.230284156324729
open_2017_05_08_close_2017_05_08_flight_Fixed Wing_N550ND_before_0_189617.csv,201,5025,5054,6,10.054336596240002,"AltMSL, E1 FFlow, E1 RPM",15,9,14,0,6,6,0,29.82780126870901,41.394430456827045,185.08694543191407,25.25820519310811,15.784398773194084,19.87296089295447,12.047432692194185
open_2017_05_08_close_2017_05_08_flight_Fixed Wing_N550ND_before_0_189617.csv,202,5050,5079,2,6.797252710967247,NormAc,0,0,0,0,0,3,0,2.3298052893402357,15.07737243282532,12.810290238918284,14.600271530571616,4.905761413982363,14.418295947882463,7.415722905496239
open_2017_05_08_close_2017_05_08_flight_Fixed Wing_N550ND_before_0_189617.csv,203,5075,5104,2,4.944257945861393,NormAc,0,0,0,0,0,2,0,4.22813098544182,12.157739180082865,10.47074854058848,15.379795307130157,7.57202445729866,8.783192924436454,7.120690594681216
open_2017_05_08_close_2017_05_08_flight_Fixed Wing_N550ND_before_0_189617.csv,204,5100,5129,2,5.713320372725857,NormAc,0,0,0,0,0,1,0,3.6368404291371306,10.028799965742765,10.160818394737584,5.3759094082987,5.838232595938885,13.960954208081056,4.76935588718168
open_2017_05_08_close_2017_05_08_flight_Fixed Wing_N550ND_before_0_189617.csv,205,5125,5154,2,6.1259142527772115,NormAc,0,0,0,0,0,2,0,4.840370503042974,10.618044048368713,11.952815620825396,5.592252616064818,4.959693586123709,14.811581066687449,4.222088471810705
open_2017_05_08_close_2017_05_08_flight_Fixed Wing_N550ND_before_0_189617.csv,206,5150,5179,2,7.8782356613146165,NormAc,0,0,0,0,0,7,0,7.773557783828146,11.809082783157109,13.2476743398176,13.756461778657744,4.7428456828540515,18.64580389323213,4.040900438367536
open_2017_05_08_close_2017_05_08_flight_Fixed Wing_N550ND_before_0_189617.csv,207,5175,5204,2,9.039760152820623,NormAc,0,0,0,0,0,8,0,9.414634150370837,14.143324264049296,13.44501824165919,18.646347550746874,4.753329917374469,19.402813622856648,7.777608848237745
open_2017_05_08_close_2017_05_08_flight_Fixed Wing_N550ND_before_0_189617.csv,208,5200,5229,2,6.257305105060075,NormAc,0,0,0,0,0,1,0,7.138306690861809,12.657192737288108,13.242190936184816,21.95410798602359,4.911003371254172,9.849487185305124,2.6200702633101653
open_2017_05_08_close_2017_05_08_flight_Fixed Wing_N550ND_before_0_189617.csv,209,5225,5254,2,5.488438209314705,,0,0,0,0,0,0,0,6.299127580503486,12.157715245702216,13.367423370564882,24.91112410980995,4.207786246928574,7.034107179953933,2.241119723585031
open_2017_05_08_close_2017_05_08_flight_Fixed Wing_N550ND_before_0_189617.csv,210,5250,5279,2,6.720911081860864,"E1 CHT1, NormAc",0,0,0,2,0,2,0,4.934361892960432,12.159012862467362,13.359291708057263,26.581928658168906,4.3323980518490295,12.583353847135497,4.09818139391313
open_2017_05_08_close_2017_05_08_flight_Fixed Wing_N550ND_before_0_189617.csv,211,5275,5304,2,8.24246965332462,"E1 CHT1, NormAc",0,0,0,11,0,4,0,5.294130241528508,11.799563881891979,13.181213429759127,27.327065192923136,5.536176634813835,17.132604658243817,8.28375137028412
open_2017_05_08_close_2017_05_08_flight_Fixed Wing_N550ND_before_0_189617.csv,212,5300,5329,2,8.251044838562384,"E1 CHT1, NormAc",0,0,0,21,0,1,0,21.175107141232893,21.114165728186393,20.2511362076243,31.11524079330778,15.935998955197588,10.353491944356792,4.740154310356477
open_2017_05_08_close_2017_05_08_flight_Fixed Wing_N550ND_before_0_189617.csv,213,5325,5354,3,6.443824619232343,NormAc,0,0,0,0,0,1,0,5.2711129252959354,5.390030818710608,6.065593917494237,15.745729430520901,5.507864719991914,8.659638417039705,2.3116967488894447
open_2017_05_08_close_2017_05_08_flight_Fixed Wing_N550ND_before_0_189617.csv,214,5350,5379,3,4.825210739306814,,0,0,0,0,0,0,0,7.397517865544268,5.029904684415633,7.180076466831874,9.04033503056637,9.101005798958843,6.089879669298433,5.302435312488072
open_2017_05_08_close_2017_05_08_flight_Fixed Wing_N550ND_before_0_189617.csv,215,5375,5404,3,5.328138224113912,,0,0,0,0,0,0,0,8.771223907343979,8.316792048009502,11.546673791610042,7.316376123764842,6.457232370421734,7.867527531528666,9.2334359772875
open_2017_05_08_close_2017_05_08_flight_Fixed Wing_N550ND_before_0_189617.csv,216,5400,5429,3,6.7314209114123,NormAc,0,0,0,0,0,1,0,11.157658742589351,5.174726100226912,8.959276988956681,9.805328483910538,9.537511038929482,11.637689131978398,7.027676363573553
open_2017_05_08_close_2017_05_08_flight_Fixed Wing_N550ND_before_0_189617.csv,217,5425,5454,3,10.040037314886044,"E1 RPM, NormAc",0,9,0,0,0,3,0,13.592509446323755,19.36724498026721,19.06745252745556,12.996468607793425,10.667544041431025,12.51309632333673,13.908874065207423
open_2017_05_08_close_2017_05_08_flight_Fixed Wing_N550ND_before_0_189617.csv,218,5450,5479,6,15.067702261101942,"E1 EGT1, E1 RPM, E1 FFlow",0,9,8,0,16,2,0,21.713412897705943,50.10418409064785,90.30101920074519,12.828963620756245,34.32616482849297,9.278761853580425,15.707733693534633
open_2017_05_08_close_2017_05_08_flight_Fixed Wing_N550ND_before_0_189617.csv,219,5475,5504,6,5.535581905232546,NormAc,0,0,0,0,0,4,0,8.59036160008615,4.6626806838553785,7.794561658622881,5.755172438481466,2.0742371406057454,12.609258927216807,3.882154446811984
open_2017_05_08_close_2017_05_08_flight_Fixed Wing_N550ND_before_0_189617.csv,220,5500,5529,6,4.006842959147665,,0,0,0,0,0,0,0,11.88833389019194,4.133029664277899,6.823936356330555,10.936147715126097,4.191912869034889,6.1844643051367525,6.505490320528237
open_2017_05_08_close_2017_05_08_flight_Fixed Wing_N550ND_before_0_189617.csv,221,5525,5554,4,10.673702785991846,"IAS, E1 EGT1, E1 FFlow",11,6,16,11,19,0,22,30.465109484054107,20.942559171714578,39.216802086094354,26.91679451876064,36.01616548926609,7.591053335629901,34.610481442020394
open_2017_05_08_close_2017_05_08_flight_Fixed Wing_N550ND_before_0_189617.csv,222,5550,5579,2,5.081046030566313,,0,0,0,0,0,0,0,2.8569297895660144,10.922137807605635,9.71165400250134,15.815041846137136,7.8230140578084475,9.128329128185033,3.935574946931508
open_2017_05_08_close_2017_05_08_flight_Fixed Wing_N550ND_before_0_189617.csv,223,5575,5604,2,5.112126317214917,NormAc,0,0,0,0,0,2,0,1.9293057048464377,9.150408965401756,9.842435105356557,12.267294024436657,5.852298892075792,11.054603593888544,3.0473806447185
open_2017_05_08_close_2017_05_08_flight_Fixed Wing_N550ND_before_0_189617.csv,224,5600,5629,2,6.476799511946017,NormAc,0,0,0,0,0,1,0,2.781656879751259,10.055082911809041,12.521979566338185,2.9305217045080028,4.670864406039808,14.679792705188316,5.306914990213071
open_2017_05_08_close_2017_05_08_flight_Fixed Wing_N550ND_before_0_189617.csv,225,5625,5654,2,7.131170845961934,NormAc,0,0,0,0,0,2,0,3.4884439196313233,15.42348311018086,16.478485515686796,5.30797956334643,2.1449160548808806,14.98218984520951,5.2104520853505925
open_2017_05_08_close_2017_05_08_flight_Fixed Wing_N550ND_before_0_189617.csv,226,5650,5679,2,5.702299611262522,NormAc,0,0,0,0,0,1,0,4.533898819992259,14.734935082802162,16.304613523108564,11.117014359465392,2.3292553752483376,11.969911841411118,2.0466028163644507
open_2017_05_08_close_2017_05_08_flight_Fixed Wing_N550ND_before_0_189617.csv,227,5675,5704,2,8.618578656443981,NormAc,0,0,0,0,0,8,0,3.6950046164573007,15.610465350725685,16.369306430759526,15.452013388983492,2.6154086155629788,20.149834592492137,3.7342169122001567
open_2017_05_08_close_2017_05_08_flight_Fixed Wing_N550ND_before_0_189617.csv,228,5700,5729,2,6.713775042025167,NormAc,0,0,0,0,0,3,0,1.3998068782613926,15.40908340370523,16.30364695120386,19.102318087328932,2.4356075290173815,11.81017143307659,3.2493478677827508
open_2017_05_08_close_2017_05_08_flight_Fixed Wing_N550ND_before_0_189617.csv,229,5725,5754,2,8.121345862179068,NormAc,0,0,0,0,0,4,0,1.301719842073656,7.946461617651017,10.891404564726184,22.507361423677906,10.902727427295252,15.61421983553285,2.5264580966839842
open_2017_05_08_close_2017_05_08_flight_Fixed Wing_N550ND_before_0_189617.csv,230,5750,5779,2,10.287841027490405,"E1 CHT1, NormAc",0,0,0,14,0,6,0,12.00759134963407,17.61947841467728,17.21282408382086,29.94687057134454,10.949586073216928,18.478148274275476,9.023968340851981
open_2017_05_08_close_2017_05_08_flight_Fixed Wing_N550ND_before_0_189617.csv,231,5775,5804,3,8.260935020765462,NormAc,0,0,0,0,0,3,0,5.543848885013888,13.313281929055774,16.138068675450842,16.864089321136266,3.8881770616820988,13.972855197127474,1.347210468403494
open_2017_05_08_close_2017_05_08_flight_Fixed Wing_N550ND_before_0_189617.csv,232,5800,5829,3,6.247799389937097,,0,0,0,0,0,0,0,10.931778832723559,16.39141113734683,14.597312367641218,9.590010491211345,7.235473346956313,8.581800022730638,3.2964533874878597
open_2017_05_08_close_2017_05_08_flight_Fixed Wing_N550ND_before_0_189617.csv,233,5825,5854,3,9.953495577480501,"E1 RPM, E1 EGT1, IAS",0,14,0,0,5,0,1,13.931530409758833,24.257756744111703,16.934395875506066,3.4040027179046706,12.839172452510642,6.839277286777884,18.50208628755323
open_2017_05_08_close_2017_05_08_flight_Fixed Wing_N550ND_before_0_189617.csv,234,5850,5879,0,6.668718520642578,"E1 RPM, E1 FFlow, E1 CHT1",0,13,8,5,0,1,0,3.5438153600311746,26.299936143682874,24.320514752763163,24.706579422870167,14.200383155703667,11.527481045004222,20.80929847825066
open_2017_05_08_close_2017_05_08_flight_Fixed Wing_N550ND_before_0_189617.csv,235,5875,5904,0,6.846122979648083,"E1 CHT1, E1 FFlow",0,0,8,20,0,0,0,2.909568693380119,16.48074946796696,18.088609411752003,31.41018001808974,15.99788352086272,10.227332088659866,15.270569147367357
open_2017_05_08_close_2017_05_08_flight_Fixed Wing_N550ND_before_0_189617.csv,236,5900,5929,0,7.514259946095341,"E1 CHT1, NormAc",0,0,0,6,0,1,0,9.494636196413015,14.998775744536335,17.020800989067464,29.533048274145642,20.873229226256825,13.414520375532968,15.270569147367357
open_2017_05_08_close_2017_05_08_flight_Fixed Wing_N550ND_before_0_189617.csv,237,5925,5954,0,4.959311355316753,,0,0,0,0,0,0,0,15.092623968885988,4.321727496644179,3.8890229522724966,22.60211374063275,10.631902884384607,11.61600821995529,15.270569147367357
open_2017_05_08_close_2017_05_08_flight_Fixed Wing_N550ND_before_0_189617.csv,238,5950,5979,0,5.423726406213159,,0,0,0,0,0,0,0,13.653029645963658,7.763229717946342,4.264463048050478,15.294223529558684,17.06050914376712,12.671529282149441,15.270569147367357
open_2017_05_08_close_2017_05_08_flight_Fixed Wing_N550ND_before_0_189617.csv,239,5975,6004,0,4.9314340335187445,"IAS, NormAc",0,0,0,0,0,2,4,11.393559798930903,7.557445493641022,4.439324176671549,9.420148432898857,14.957256597358432,13.02933896347987,61.67482075540075
open_2017_05_08_close_2017_05_08_flight_Fixed Wing_N550ND_before_0_189617.csv,240,6000,6029,0,4.192311560449534,NormAc,0,0,0,0,0,4,0,10.631051681716102,2.3018857541606597,4.473346247385535,5.239902039291632,1.7848585462481856,19.65571902362841,15.270569147367357
open_2017_05_08_close_2017_05_08_flight_Fixed Wing_N550ND_before_0_189617.csv,241,6025,6054,0,2.1677779045086547,NormAc,0,0,0,0,0,1,0,12.304293246718542,2.3471061800278656,4.3225330316520125,2.851773030566839,2.389072007555428,11.47924130122227,15.270569147367357
open_2017_05_08_close_2017_05_08_flight_Fixed Wing_N550ND_before_0_189617.csv,242,6050,6079,0,2.8957994823074373,NormAc,0,0,0,0,0,4,0,13.268640477449592,1.6123547955658186,4.208480802937898,1.4377642066047365,2.7884105261202596,15.862042025492912,15.270569147367357
open_2017_05_08_close_2017_05_08_flight_Fixed Wing_N550ND_before_0_189617.csv,243,6075,6104,0,2.810790700317541,NormAc,0,0,0,0,0,3,0,12.493896319802623,2.0220444882659105,4.407751521112505,0.7558290012510053,3.016772793181605,14.251605138599333,15.270569147367357
open_2017_05_08_close_2017_05_08_flight_Fixed Wing_N550ND_before_0_189617.csv,244,6100,6129,0,1.899618963135513,NormAc,0,0,0,0,0,1,0,13.05076190010228,1.9783946773702719,4.599758055328548,3.8792797991859356,2.920929734319537,8.476960299171294,15.270569147367357
open_2017_05_08_close_2017_05_08_flight_Fixed Wing_N550ND_before_0_189617.csv,245,6125,6154,0,2.226591954575915,,0,0,0,0,0,0,0,9.177522170359156,2.265380249054882,4.256255735905573,7.0142433002012154,3.479995566263009,9.555506219823844,15.270569147367357
open_2017_05_08_close_2017_05_08_flight_Fixed Wing_N550ND_before_0_189617.csv,246,6150,6179,0,2.925707659662285,"AltMSL, NormAc",3,0,0,0,0,3,0,11.898427160664024,1.9407398884962768,4.437764373486818,10.694167156084852,3.475841594245376,11.679148584903718,15.270569147367357
open_2017_05_08_close_2017_05_08_flight_Fixed Wing_N550ND_before_0_189617.csv,247,6175,6204,0,2.7694015432203476,,0,0,0,0,0,0,0,6.951729549559046,1.2826743199399822,4.5636468449045,14.519367118201659,2.966344429958986,9.26339499750967,15.270569147367357
open_2017_05_08_close_2017_05_08_flight_Fixed Wing_N550ND_before_0_189617.csv,248,6200,6229,0,3.0243194449310353,AltMSL,2,0,0,0,0,0,0,16.236964521251686,1.833258090816315,4.297410155349706,17.690777740434413,2.7959346932807043,6.394380426093362,15.270569147367357
open_2017_05_08_close_2017_05_08_flight_Fixed Wing_N550ND_before_0_189617.csv,249,6225,6254,0,3.265114018695394,,0,0,0,0,0,0,0,12.806143020268724,2.3580704479751065,4.2802711426018485,20.2840377167567,3.110283017801393,4.987267051501748,15.270569147367357
open_2017_05_08_close_2017_05_08_flight_Fixed Wing_N550ND_before_0_189617.csv,250,6250,6279,0,3.7019164298114053,AltMSL,3,0,0,0,0,0,0,19.524358253852427,2.2880500816965337,4.917360285857874,23.44366354531244,3.242511832736415,5.141431983440528,15.270569147367357
open_2017_05_08_close_2017_05_08_flight_Fixed Wing_N550ND_before_0_189617.csv,251,6275,6304,0,5.288519953426414,"AltMSL, E1 CHT1, NormAc",14,0,0,7,0,2,0,22.700620696128443,6.915934185284291,4.013018206413525,27.937780955716573,9.572614424492658,9.87208282430897,15.270569147367357
open_2017_05_08_close_2017_05_08_flight_Fixed Wing_N550ND_before_0_189617.csv,252,6300,6329,0,7.193851703589217,"E1 CHT1, AltMSL, NormAc",8,0,0,25,0,2,0,22.16907339616574,8.845013778257464,5.251010048004677,33.35852030196545,16.091143356239225,13.668912471950804,15.270569147367357
open_2017_05_08_close_2017_05_08_flight_Fixed Wing_N550ND_before_0_189617.csv,253,6325,6354,0,7.327115261348453,"E1 CHT1, AltMSL, NormAc",4,0,0,30,0,2,0,20.153931523994146,9.325712288594016,4.906329099592472,36.83004894230729,17.083495879182294,10.970232266642302,15.270569147367357
open_2017_05_08_close_2017_05_08_flight_Fixed Wing_N550ND_before_0_189617.csv,254,6350,6379,0,8.214587514694507,"E1 CHT1, E1 EGT1, NormAc",0,0,0,30,3,2,0,10.9230556174303,13.729815528439746,8.844085234684133,36.36377023692813,22.50424487637248,9.921098664543365,15.270569147367357
open_2017_05_08_close_2017_05_08_flight_Fixed Wing_N550ND_before_0_189617.csv,255,6375,6404,0,5.980581062275124,E1 CHT1,0,0,0,30,0,0,0,5.848318563623878,5.619524832864116,6.908003846629876,33.49804296815037,11.455388567382563,7.914551235696919,15.270569147367357
open_2017_05_08_close_2017_05_08_flight_Fixed Wing_N550ND_before_0_189617.csv,256,6400,6429,0,4.609819117462409,E1 CHT1,0,0,0,7,0,0,0,1.9456095673959837,1.932232695159329,5.282204401378477,28.028645031966168,3.9187467109095437,8.772857867133572,15.270569147367357
open_2017_05_08_close_2017_05_08_flight_Fixed Wing_N550ND_before_1_189642.csv,0,0,29,7,13.203291064940622,"E1 CHT1, E1 FFlow, E1 RPM",0,18,22,30,15,2,0,12.954238977424364,29.538366239773467,32.99910829407326,43.193555380611244,30.921872424010775,14.173344659148183,5.551115123125783e-07
open_2017_05_08_close_2017_05_08_flight_Fixed Wing_N550ND_before_1_189642.csv,1,25,54,7,9.5326306386355,"E1 CHT1, E1 EGT1, E1 RPM",0,1,0,21,8,0,0,13.072639594674573,11.030669378594997,6.987654529782057,31.097343513020093,15.003127772631656,9.472620679672353,5.551115123125783e-07
open_2017_05_08_close_2017_05_08_flight_Fixed Wing_N550ND_before_1_189642.csv,2,50,79,7,5.524310187472041,,0,0,0,0,0,0,0,21.08657327120499,7.114303047345159,2.217082128945762,18.4763238576238,5.287935486073298,10.683897467683362,5.551115123125783e-07
open_2017_05_08_close_2017_05_08_flight_Fixed Wing_N550ND_before_1_189642.csv,3,75,104,7,2.4720736992714154,"AltMSL, NormAc",1,0,0,0,0,1,0,22.535245697963507,5.815742345158374,4.065663514935126,7.338200931889357,5.53219112716638,10.548523555448522,5.551115123125783e-07
open_2017_05_08_close_2017_05_08_flight_Fixed Wing_N550ND_before_1_189642.csv,4,100,129,7,1.6347733404775437,"AltMSL, NormAc",19,0,0,0,0,3,0,42.263911905720384,4.81071169370087,4.704153890659354,2.5667465154611535,6.686460925891852,13.557992782335871,5.551115123125783e-07
open_2017_05_08_close_2017_05_08_flight_Fixed Wing_N550ND_before_1_189642.csv,5,125,154,7,3.3895677699677416,"AltMSL, NormAc",23,0,0,0,0,1,0,35.17304593673882,5.195747427727076,5.805879487949296,10.750926215747086,6.7665212865048,11.023931077752282,5.551115123125783e-07
open_2017_05_08_close_2017_05_08_flight_Fixed Wing_N550ND_before_1_189642.csv,6,150,179,7,5.312372653877758,AltMSL,27,0,0,0,0,0,0,34.547066786297684,4.427643243072174,7.124957884483096,17.626344985192276,6.594468984267931,11.923825940514012,5.551115123125783e-07
open_2017_05_08_close_2017_05_08_flight_Fixed Wing_N550ND_before_1_189642.csv,7,175,204,7,6.878723522993934,AltMSL,27,0,0,0,0,0,0,36.534071315211676,4.8406711723720575,8.409931452592607,23.06698076246108,7.912244232325618,10.086423505228726,5.551115123125783e-07
open_2017_05_08_close_2017_05_08_flight_Fixed Wing_N550ND_before_1_189642.csv,8,200,229,0,7.1725734200314655,E1 CHT1,0,0,0,30,0,0,0,2.9681906472438486,5.724538295354061,4.879217023188961,47.083098165767936,6.54671962477995,4.503674740879881,15.270569147367357
open_2017_05_08_close_2017_05_08_flight_Fixed Wing_N550ND_before_1_189642.csv,9,225,254,0,6.007973301701551,E1 CHT1,0,0,0,30,0,0,0,3.501231424770025,5.745551766716296,4.682673400910744,38.767661085361745,6.590482856957777,4.493048631787678,15.270569147367357
open_2017_05_08_close_2017_05_08_flight_Fixed Wing_N550ND_before_1_189642.csv,10,250,279,0,6.934717883912945,E1 CHT1,0,0,0,27,0,0,0,4.02513916229738,13.11146546347677,7.165921545087814,31.409446134636156,16.631459412819282,9.336743865481647,15.270569147367357
open_2017_05_08_close_2017_05_08_flight_Fixed Wing_N550ND_before_1_189642.csv,11,275,304,0,4.848081725951526,,0,0,0,0,0,0,0,2.724122441447063,6.869471433778083,8.088811647775088,23.47833086807271,8.73359589157835,8.058708702537793,15.270569147367357
open_2017_05_08_close_2017_05_08_flight_Fixed Wing_N550ND_before_1_189642.csv,12,300,329,0,4.145296593962444,E1 FFlow,0,0,1,0,0,0,0,3.5865559287803785,10.74058313329092,22.24468472372815,17.06029134424659,9.575737639898703,9.166310311293136,15.270569147367357
open_2017_05_08_close_2017_05_08_flight_Fixed Wing_N550ND_before_1_189642.csv,13,325,354,0,3.6112403842942227,NormAc,0,0,0,0,0,3,0,5.1040673483731895,5.787717961584554,10.719797024564627,12.39454432795609,5.183165464732106,13.53345050634339,15.270569147367357
open_2017_05_08_close_2017_05_08_flight_Fixed Wing_N550ND_before_1_189642.csv,14,350,379,0,4.239883371565654,NormAc,0,0,0,0,0,4,0,7.559935364766497,8.97980573330516,10.232794844012714,8.7047354488525,9.184397424428102,13.678126638517767,15.270569147367357
open_2017_05_08_close_2017_05_08_flight_Fixed Wing_N550ND_before_1_189642.csv,15,375,404,0,5.738041293943862,NormAc,0,0,0,0,0,3,0,8.924971836273064,12.357688262318296,14.678243492821002,6.875178158639417,17.492086634403933,14.574685999828894,15.270569147367357
open_2017_05_08_close_2017_05_08_flight_Fixed Wing_N550ND_before_1_189642.csv,16,400,429,0,4.973868749059395,,0,0,0,0,0,0,0,8.54792853914618,10.699008323322897,14.90837568065639,5.4047233550989535,16.976273028163682,9.614459444071707,15.270569147367357
open_2017_05_08_close_2017_05_08_flight_Fixed Wing_N550ND_before_1_189642.csv,17,425,454,0,5.492043131706288,NormAc,0,0,0,0,0,3,0,8.156416977579385,9.238435775248586,13.553224517211714,4.327367400448538,14.628201710589453,15.756910883026666,15.270569147367357
open_2017_05_08_close_2017_05_08_flight_Fixed Wing_N550ND_before_1_189642.csv,18,450,479,0,4.508624619091801,NormAc,0,0,0,0,0,5,0,6.502812446668274,11.510700699504143,9.44961904257949,2.5594602302585754,7.759610924858007,18.56772079866484,15.270569147367357
open_2017_05_08_close_2017_05_08_flight_Fixed Wing_N550ND_before_1_189642.csv,19,475,504,0,5.888201364295427,E1 FFlow,0,0,1,0,0,0,0,4.963753781473323,17.696207575598656,22.691569719085066,0.9047771273328218,19.26334988935687,11.901355753614663,15.270569147367357
open_2017_05_08_close_2017_05_08_flight_Fixed Wing_N550ND_before_1_189642.csv,20,500,529,0,2.6810139309456456,NormAc,0,0,0,0,0,1,0,4.884584489742679,5.930581097128512,6.557685311868138,0.5038905093172339,4.75711463275785,12.01054282769216,15.270569147367357
open_2017_05_08_close_2017_05_08_flight_Fixed Wing_N550ND_before_1_189642.csv,21,525,554,0,4.27600102393944,NormAc,0,0,0,0,0,1,0,3.8142428155748243,11.428095382655751,11.750614155187023,2.282570783422471,12.994024083675187,11.8943570978008,15.270569147367357
open_2017_05_08_close_2017_05_08_flight_Fixed Wing_N550ND_before_1_189642.csv,22,550,579,0,5.563779535067208,NormAc,0,0,0,0,0,1,0,3.8291653708477242,13.559026032606962,15.568930517608639,2.791041772516343,19.013131881970754,10.684767184922135,15.270569147367357
open_2017_05_08_close_2017_05_08_flight_Fixed Wing_N550ND_before_1_189642.csv,23,575,604,0,5.876992332453988,NormAc,0,0,0,0,0,3,0,4.514216557489386,13.121568823521127,16.726318289283252,2.2914024389815837,20.218038520782372,11.732191299557076,15.270569147367357
open_2017_05_08_close_2017_05_08_flight_Fixed Wing_N550ND_before_1_189642.csv,24,600,629,0,3.2249520209685474,,0,0,0,0,0,0,0,4.967637106807783,6.801486016554003,7.848785139738486,1.150476952967338,7.661984904347004,6.560249470751456,15.270569147367357
open_2017_05_08_close_2017_05_08_flight_Fixed Wing_N550ND_before_1_189642.csv,25,625,654,0,10.776938132697016,"E1 RPM, E1 FFlow, E1 EGT1",0,24,21,0,17,0,0,5.056514264948539,47.52980864490597,93.73059373270961,0.4403019474992982,28.689658270886465,7.578733741534965,15.270569147367357
open_2017_05_08_close_2017_05_08_flight_Fixed Wing_N550ND_before_1_189642.csv,26,650,679,3,12.328662961572267,"IAS, E1 RPM",0,4,0,0,0,0,30,14.403579280638475,12.89605828712491,14.901195884551617,15.681285232074224,10.276832087027358,4.087980490169274,62.76566733946486
open_2017_05_08_close_2017_05_08_flight_Fixed Wing_N550ND_before_1_189642.csv,27,675,704,0,5.604283551899899,,0,0,0,0,0,0,0,7.542954925253639,6.6144494408324475,5.6592424969841435,17.51526790561472,18.79626340272731,4.3119091114135255,15.270569147367357
open_2017_05_08_close_2017_05_08_flight_Fixed Wing_N550ND_before_1_189642.csv,28,700,729,0,6.501226725414956,,0,0,0,0,0,0,0,7.821671536742919,10.025750068859448,3.7840336558452883,25.280181283596722,18.665616785020422,7.5821843476817286,15.270569147367357
open_2017_05_08_close_2017_05_08_flight_Fixed Wing_N550ND_before_1_189642.csv,29,725,754,0,5.836653326941371,E1 CHT1,0,0,0,17,0,0,0,7.5675744780965655,3.605972472395931,6.03232200001872,30.661493403290866,10.771370711526192,8.018174801266603,15.270569147367357
open_2017_05_08_close_2017_05_08_flight_Fixed Wing_N550ND_before_1_189642.csv,30,750,779,0,6.559244233010146,"E1 CHT1, NormAc",0,0,0,30,0,2,0,8.08844136742205,7.725712600356867,3.418392873938413,34.29246146850158,9.354002009668172,11.204392196630053,15.270569147367357
open_2017_05_08_close_2017_05_08_flight_Fixed Wing_N550ND_before_1_189642.csv,31,775,804,0,16.001411025325307,"E1 CHT1, E1 FFlow, E1 RPM",0,14,15,30,0,3,9,8.453552789374587,46.35959856891494,164.0247907124237,37.494454184669934,19.097995011855332,16.964758977164667,282.38181504379185
open_2017_05_08_close_2017_05_08_flight_Fixed Wing_N550ND_before_1_189642.csv,32,800,829,6,6.301869284323191,"E1 FFlow, NormAc",0,0,10,0,0,3,0,19.18652494343338,4.064936760825286,22.47037274362821,22.87459041061453,5.833793192370399,11.94711742781603,3.4389279753973665
open_2017_05_08_close_2017_05_08_flight_Fixed Wing_N550ND_before_1_189642.csv,33,825,854,6,7.60003735714241,"E1 CHT1, E1 FFlow, NormAc",0,0,2,30,0,1,0,2.216239663363281,3.9820024329316692,13.616839238012025,37.94634412380735,3.4642062566118423,7.991325448916942,5.665197733944432
open_2017_05_08_close_2017_05_08_flight_Fixed Wing_N550ND_before_1_189642.csv,34,850,879,5,8.069444497012851,AltMSL,30,0,0,0,0,0,0,36.70543299168813,3.3569222456787964,10.79941854384896,5.059610698109923,4.6740057270494635,6.381538289939439,10.900228105169216
open_2017_05_08_close_2017_05_08_flight_Fixed Wing_N550ND_before_1_189642.csv,35,875,904,5,6.531756855025747,,0,0,0,0,0,0,0,28.198793786930068,2.656243225062211,9.695124780658517,12.065838134581385,4.962176877208396,5.379969317955734,11.436820849748537
open_2017_05_08_close_2017_05_08_flight_Fixed Wing_N550ND_before_1_189642.csv,36,900,929,5,5.339559433860202,,0,0,0,0,0,0,0,17.251316280984053,3.7063510468279506,8.46450925463339,22.341557694876645,6.946897351949728,7.15102349752808,11.81793844446759
open_2017_05_08_close_2017_05_08_flight_Fixed Wing_N550ND_before_1_189642.csv,37,925,954,5,5.428816938408962,"E1 CHT1, NormAc",0,0,0,5,0,1,0,7.1336551587792725,2.9204652936984585,7.712259357682274,28.505394375294497,9.01844552140845,8.61364111179247,9.453957427671797
open_2017_05_08_close_2017_05_08_flight_Fixed Wing_N550ND_before_1_189642.csv,38,950,979,5,5.330523058807286,"E1 CHT1, NormAc",0,0,0,26,0,1,0,4.402911103358986,2.8728676918263867,6.45466973239634,31.15140146338898,10.820327677619897,8.407511354479462,9.36740255590082
open_2017_05_08_close_2017_05_08_flight_Fixed Wing_N550ND_before_1_189642.csv,39,975,1004,5,7.110594605291307,"E1 CHT1, NormAc",0,0,0,29,0,4,0,14.394291434404074,2.2325061046239663,5.682026022378611,30.960583764742804,13.894370159948995,13.636233048169581,8.456661085087424
open_2017_05_08_close_2017_05_08_flight_Fixed Wing_N550ND_before_1_189642.csv,40,1000,1029,5,7.321756993089526,"E1 CHT1, NormAc",0,0,0,6,0,3,0,24.487935130259647,1.837117030522509,3.9414599784187976,28.95861915546382,12.357015860712822,12.407502896989714,8.69068989649176
open_2017_05_08_close_2017_05_08_flight_Fixed Wing_N550ND_before_1_189642.csv,41,1025,1054,5,9.586364158123569,"NormAc, AltMSL, E1 FFlow",6,0,4,0,0,7,0,29.223317917574708,7.431928922237364,19.00455687389668,25.294481677870433,14.970632685922844,18.141617835139233,12.368284345009691
open_2017_05_08_close_2017_05_08_flight_Fixed Wing_N550ND_before_1_189642.csv,42,1050,1079,5,11.105701290305124,"E1 FFlow, AltMSL, E1 RPM",11,7,15,0,0,3,1,29.177175440555636,22.212891442223533,35.930995183948895,18.259646811210466,25.812816281784798,16.23943287593104,27.22980867078266
open_2017_05_08_close_2017_05_08_flight_Fixed Wing_N550ND_before_1_189642.csv,43,1075,1104,1,9.49323458923799,E1 CHT1,0,0,0,30,0,0,0,8.014056476205797,9.606933626648917,11.882948439787135,36.502225142921766,21.74331906746208,7.125088594696614,7.848731431563625
open_2017_05_08_close_2017_05_08_flight_Fixed Wing_N550ND_before_1_189642.csv,44,1100,1129,1,8.081978028432493,NormAc,0,0,0,0,0,2,0,2.7823741872818344,8.453622375719895,4.199158099526908,26.973214796459644,10.715824780200204,9.667036282505967,5.053801576300181
open_2017_05_08_close_2017_05_08_flight_Fixed Wing_N550ND_before_1_189642.csv,45,1125,1154,1,6.143974738094287,NormAc,0,0,0,0,0,2,0,4.76292326440518,5.751217899711409,1.0644768410029675,18.495376112045058,15.775765994294273,8.071741790112853,1.5529314941337167
open_2017_05_08_close_2017_05_08_flight_Fixed Wing_N550ND_before_1_189642.csv,46,1150,1179,1,4.139045192626038,,0,0,0,0,0,0,0,3.9146306073370916,3.996537889093305,0.8296690480067986,12.074346362538996,16.911005261118817,6.125034376754181,4.5574466309917865
open_2017_05_08_close_2017_05_08_flight_Fixed Wing_N550ND_before_1_189642.csv,47,1175,1204,1,4.443561920831571,,0,0,0,0,0,0,0,4.51735711619886,6.572495664476076,4.556576890316816,7.64578656642802,15.703195905263142,8.153176557889278,5.701498595769079
open_2017_05_08_close_2017_05_08_flight_Fixed Wing_N550ND_before_1_189642.csv,48,1200,1229,1,4.1411109358239715,,0,0,0,0,0,0,0,6.496518703072017,14.080645226353091,7.388811308070221,5.065794117451848,19.208372680615334,6.709315079016763,6.857085734112402
open_2017_05_08_close_2017_05_08_flight_Fixed Wing_N550ND_before_1_189642.csv,49,1225,1254,1,4.187712468881745,,0,0,0,0,0,0,0,6.265677883053443,15.827553233728823,7.633287829040889,4.684368478947324,20.486560394851008,6.355756189641134,10.620040110573658
open_2017_05_08_close_2017_05_08_flight_Fixed Wing_N550ND_before_1_189642.csv,50,1250,1279,1,4.199754398152403,,0,0,0,0,0,0,0,8.6989658804712,11.980890170428413,2.045019177957064,4.404010626145665,21.103778285728218,7.027590047516392,11.881962680694217
open_2017_05_08_close_2017_05_08_flight_Fixed Wing_N550ND_before_1_189642.csv,51,1275,1304,1,4.117346479367655,,0,0,0,0,0,0,0,6.1496795283871055,9.41470841445989,1.0267520657945755,2.9627329237269455,19.270009971005223,7.429196455728661,7.887968561299092
open_2017_05_08_close_2017_05_08_flight_Fixed Wing_N550ND_before_1_189642.csv,52,1300,1329,1,3.2041520717513996,,0,0,0,0,0,0,0,4.259960573641105,7.8708901029316705,0.6894383687778184,0.9321143034908919,17.68992773441742,5.059771463114407,4.027409380587563
open_2017_05_08_close_2017_05_08_flight_Fixed Wing_N550ND_before_1_189642.csv,53,1325,1354,1,4.846169915780343,NormAc,0,0,0,0,0,1,0,3.716929027931796,7.046286914264336,1.3779134595400067,0.8140448907584862,17.33155987802986,9.635636731526457,2.5274407631972484
open_2017_05_08_close_2017_05_08_flight_Fixed Wing_N550ND_before_1_189642.csv,54,1350,1379,1,4.2005700582896255,,0,0,0,0,0,0,0,4.411734937424818,5.072487617568919,0.7658807445812488,2.1673925089247397,15.431272100847913,8.41504279134128,3.7536871834881675
open_2017_05_08_close_2017_05_08_flight_Fixed Wing_N550ND_before_1_189642.csv,55,1375,1404,1,4.2502355278023725,,0,0,0,0,0,0,0,3.396866144520752,6.434825534455676,2.6950456603704485,3.433272334260526,14.765949049301728,8.031673800193676,3.190897619444131
open_2017_05_08_close_2017_05_08_flight_Fixed Wing_N550ND_before_1_189642.csv,56,1400,1429,1,4.034881731351578,,0,0,0,0,0,0,0,3.3292383896054494,7.378400544904033,3.005333673675708,3.178154262368834,16.896008977856184,7.846472763470717,3.8101998067978835
open_2017_05_08_close_2017_05_08_flight_Fixed Wing_N550ND_before_1_189642.csv,57,1425,1454,1,5.073793487785025,NormAc,0,0,0,0,0,2,0,3.3337043138307947,6.523985628385194,2.548299692893142,2.200542925658751,16.322724538717843,9.870526922851546,5.767988047991756
open_2017_05_08_close_2017_05_08_flight_Fixed Wing_N550ND_before_1_189642.csv,58,1450,1479,1,4.980784703666822,NormAc,0,0,0,0,0,1,0,6.807280058471893,6.605946517606157,2.513811700947907,1.3672341613259624,16.65661330985077,9.31371163829863,4.625843971436932
open_2017_05_08_close_2017_05_08_flight_Fixed Wing_N550ND_before_1_189642.csv,59,1475,1504,1,4.991840343514947,,0,0,0,0,0,0,0,6.634672313994994,7.960296709697961,3.2560885726560134,1.1076482816637696,17.341470551156267,10.09987415347469,2.4439072382322604
open_2017_05_08_close_2017_05_08_flight_Fixed Wing_N550ND_before_1_189642.csv,60,1500,1529,1,4.0024687476270655,,0,0,0,0,0,0,0,11.488616792008294,8.836194678380505,3.4492411859445458,1.1627902699391588,18.674126047244425,7.055192209045983,3.8397940532697135
open_2017_05_08_close_2017_05_08_flight_Fixed Wing_N550ND_before_1_189642.csv,61,1525,1554,1,4.494070460755835,,0,0,0,0,0,0,0,13.571352162447015,11.234153296752472,4.127274903000369,0.7921673237640376,19.119728709625857,7.823598078310108,6.271609417656857
open_2017_05_08_close_2017_05_08_flight_Fixed Wing_N550ND_before_1_189642.csv,62,1550,1579,1,4.836335161723372,NormAc,0,0,0,0,0,1,0,13.071944042762894,12.40880467679392,4.47919437784085,0.8288710217532376,19.564671618720656,8.813282279948861,8.975311398762079
open_2017_05_08_close_2017_05_08_flight_Fixed Wing_N550ND_before_1_189642.csv,63,1575,1604,1,4.620398842011989,,0,0,0,0,0,0,0,11.635264804693433,13.81683212128687,4.60496756813865,0.6803375666367112,20.06108725629926,7.215261660098033,12.252130129050377
open_2017_05_08_close_2017_05_08_flight_Fixed Wing_N550ND_before_1_189642.csv,64,1600,1629,1,4.33025687745053,,0,0,0,0,0,0,0,8.070751201671904,12.638297935804996,4.661077516850188,0.7500303232702772,19.398773194180233,7.046384980533587,9.060175742488056
open_2017_05_08_close_2017_05_08_flight_Fixed Wing_N550ND_before_1_189642.csv,65,1625,1654,1,4.4508210502874235,,0,0,0,0,0,0,0,3.2826190899281578,13.018763630502697,4.706913516400022,1.07067795363235,19.88386186050795,7.912641719899832,10.349123914845682
open_2017_05_08_close_2017_05_08_flight_Fixed Wing_N550ND_before_1_189642.csv,66,1650,1679,1,5.698199383240713,NormAc,0,0,0,0,0,2,0,10.06820713169277,13.295276779925345,4.813497740831454,1.3347053415334555,20.413326070909218,9.908108732363681,10.751339609200238
open_2017_05_08_close_2017_05_08_flight_Fixed Wing_N550ND_before_1_189642.csv,67,1675,1704,1,4.25151580232555,,0,0,0,0,0,0,0,13.733039098264978,12.515449603495842,4.5600626651542555,1.9039703910735546,19.414822499316283,7.818253857717079,9.031638488001235
open_2017_05_08_close_2017_05_08_flight_Fixed Wing_N550ND_before_1_189642.csv,68,1700,1729,1,4.335128079283308,NormAc,0,0,0,0,0,1,0,7.455375933966457,12.731051202110935,4.672162054962103,2.152000845124595,19.751125021684974,8.054172185314252,9.450080558825622
open_2017_05_08_close_2017_05_08_flight_Fixed Wing_N550ND_before_1_189642.csv,69,1725,1754,1,4.273814397641944,,0,0,0,0,0,0,0,1.9621127404457188,10.544825080479816,4.200675873413983,2.0452427475860517,19.396069908294937,8.317068371379234,4.084145117439527
open_2017_05_08_close_2017_05_08_flight_Fixed Wing_N550ND_before_1_189642.csv,70,1750,1779,1,4.43136990420764,,0,0,0,0,0,0,0,7.434217041029184,8.413855135832529,3.5533465223195226,1.670283630102294,18.008679565934774,8.68774517596809,1.7016149724485767
open_2017_05_08_close_2017_05_08_flight_Fixed Wing_N550ND_before_1_189642.csv,71,1775,1804,1,4.643500467497264,,0,0,0,0,0,0,0,10.448528115577881,11.145767671132749,4.305726854890126,1.214002489167731,19.483302026587765,9.044130346462461,5.930747296553393
open_2017_05_08_close_2017_05_08_flight_Fixed Wing_N550ND_before_1_189642.csv,72,1800,1829,1,5.385751430032897,,0,0,0,0,0,0,0,5.827242518803807,12.660602806907544,4.661239531792532,0.9241401947795024,20.50503740315242,10.285198959069866,8.993563060611754
open_2017_05_08_close_2017_05_08_flight_Fixed Wing_N550ND_before_1_189642.csv,73,1825,1854,1,4.950542397700465,,0,0,0,0,0,0,0,3.358710324588467,12.166342768669015,4.579059117265489,0.8146630810976102,19.64233589854036,9.265402206528078,8.24829427461207
open_2017_05_08_close_2017_05_08_flight_Fixed Wing_N550ND_before_1_189642.csv,74,1850,1879,1,5.6789825973185595,NormAc,0,0,0,0,0,2,0,8.64596023828472,10.818955854132339,4.202285691377915,0.7109142097694756,19.616768739143513,10.651934122543134,4.934839130702894
open_2017_05_08_close_2017_05_08_flight_Fixed Wing_N550ND_before_1_189642.csv,75,1875,1904,1,4.4093377736168,NormAc,0,0,0,0,0,1,0,6.486091893586527,7.322250777707049,3.2099494716872745,0.9592459226281932,18.242118887206843,8.220813566260908,4.148818787053058
open_2017_05_08_close_2017_05_08_flight_Fixed Wing_N550ND_before_1_189642.csv,76,1900,1929,1,3.4913570686734365,,0,0,0,0,0,0,0,8.865043042035136,8.894019657265572,3.5003766834214094,1.0630042426098565,17.76862726134104,6.695694229831805,3.7860558277625866
open_2017_05_08_close_2017_05_08_flight_Fixed Wing_N550ND_before_1_189642.csv,77,1925,1954,1,6.713282696108293,NormAc,0,0,0,0,0,3,0,14.612576292051205,11.717034824937901,4.415112133285902,0.9212357286455004,19.965844729072206,12.428275416057318,7.036084090683966
open_2017_05_08_close_2017_05_08_flight_Fixed Wing_N550ND_before_1_189642.csv,78,1950,1979,1,6.4746052925574995,NormAc,0,0,0,0,0,2,0,21.185287446292143,12.549467999027097,4.2673142060295,0.7693940387715028,19.80474940231603,12.53454621602264,10.419089761253538
open_2017_05_08_close_2017_05_08_flight_Fixed Wing_N550ND_before_1_189642.csv,79,1975,2004,1,6.423604908362693,NormAc,0,0,0,0,0,2,0,19.085506731089776,12.983454292452073,3.776317836314268,0.6245774487745703,19.58970851926881,13.279715639762694,11.70981598031284
open_2017_05_08_close_2017_05_08_flight_Fixed Wing_N550ND_before_1_189642.csv,80,2000,2029,1,5.669000637787337,NormAc,0,0,0,0,0,1,0,13.35501335871615,11.987850903156874,3.977867243257629,1.1624284109119973,19.849960415436016,10.548379701189752,9.288493707631261
open_2017_05_08_close_2017_05_08_flight_Fixed Wing_N550ND_before_1_189642.csv,81,2025,2054,1,5.2015442770008535,NormAc,0,0,0,0,0,1,0,16.103246200731142,10.634026032047423,3.322265079499263,1.7902260377078218,18.472617467767925,9.021332419808124,6.529079377206754
open_2017_05_08_close_2017_05_08_flight_Fixed Wing_N550ND_before_1_189642.csv,82,2050,2079,1,4.359078579456816,,0,0,0,0,0,0,0,14.334098026034402,8.46686081794868,1.5843726142851322,2.1699892561056235,18.643087092656533,8.063027139305305,4.3968856630768895
open_2017_05_08_close_2017_05_08_flight_Fixed Wing_N550ND_before_1_189642.csv,83,2075,2104,1,3.8330616842296656,,0,0,0,0,0,0,0,10.115995124236461,10.358444168708587,1.5797195711316563,2.6701288505197294,19.15599797671865,6.063464373511311,10.052154129700094
open_2017_05_08_close_2017_05_08_flight_Fixed Wing_N550ND_before_1_189642.csv,84,2100,2129,1,5.2785436020222765,,0,0,0,0,0,0,0,2.8807227076799973,11.267567211508544,1.7967269447578293,3.4298356135462456,19.270218388624052,10.064589448902895,12.272459295726108
open_2017_05_08_close_2017_05_08_flight_Fixed Wing_N550ND_before_1_189642.csv,85,2125,2154,1,5.460109574709451,NormAc,0,0,0,0,0,1,0,5.805367967952462,11.195581092517374,1.7973291833609502,4.373588851528022,19.302658559834423,10.112120678263022,12.50752285780591
open_2017_05_08_close_2017_05_08_flight_Fixed Wing_N550ND_before_1_189642.csv,86,2150,2179,1,6.795847405523053,NormAc,0,0,0,0,0,1,0,16.33370741139716,10.810859932514628,1.5456321369396862,5.200187915089692,18.722845445726524,12.629432825616778,12.1832109654284
open_2017_05_08_close_2017_05_08_flight_Fixed Wing_N550ND_before_1_189642.csv,87,2175,2204,1,6.272597682521544,,0,0,0,0,0,0,0,24.5548074588406,12.18141317580524,1.6243546557282365,6.349942171821946,19.155069728981207,12.406705461630095,14.431715096595024
open_2017_05_08_close_2017_05_08_flight_Fixed Wing_N550ND_before_1_189642.csv,88,2200,2229,1,7.434435523814185,"AltMSL, NormAc",17,0,0,0,0,3,0,29.13127020118673,11.964935458093642,1.0082592283933198,7.129554453339215,19.670136254333336,15.52796535019286,16.790503259409476
open_2017_05_08_close_2017_05_08_flight_Fixed Wing_N550ND_before_1_189642.csv,89,2225,2254,1,7.920831120205288,NormAc,0,0,0,0,0,1,0,5.05843376051102,10.830912969950107,2.6390057500937965,8.21461336952482,19.86045049583292,14.130063906156572,19.00556249610495
open_2017_05_08_close_2017_05_08_flight_Fixed Wing_N550ND_before_1_189642.csv,90,2250,2279,1,6.307338746632865,NormAc,0,0,0,0,0,2,0,2.4424649402026986,6.657764459872634,3.0368739704707437,10.285401982768418,17.707317666876346,11.97779545211033,9.926436893546404
open_2017_05_08_close_2017_05_08_flight_Fixed Wing_N550ND_before_1_189642.csv,91,2275,2304,1,5.640476744603274,NormAc,0,0,0,0,0,2,0,3.9353553036971576,3.3273848136296427,3.4604272414114656,11.978730318604894,15.154868790338941,9.448662980038097,3.7083576280273616
open_2017_05_08_close_2017_05_08_flight_Fixed Wing_N550ND_before_1_189642.csv,92,2300,2329,1,5.066509563925019,NormAc,0,0,0,0,0,1,0,5.801324755909428,1.767300635264397,3.519447201676629,12.785196835611485,14.884068092760918,8.336790008176656,2.060472187814486
open_2017_05_08_close_2017_05_08_flight_Fixed Wing_N550ND_before_1_189642.csv,93,2325,2354,1,5.334952282411009,,0,0,0,0,0,0,0,6.505838111851705,3.994254567692096,3.8153508820396187,12.809414402982425,15.193263137624495,9.28196749860679,4.122075046548371
open_2017_05_08_close_2017_05_08_flight_Fixed Wing_N550ND_before_1_189642.csv,94,2350,2379,1,6.4079073676089475,NormAc,0,0,0,0,0,3,0,9.21760420328998,3.688698109485292,3.874367926893137,12.911254222250456,15.168529677901615,10.738726845937386,3.929777479286669
open_2017_05_08_close_2017_05_08_flight_Fixed Wing_N550ND_before_1_189642.csv,95,2375,2404,1,5.040985076766236,,0,0,0,0,0,0,0,10.216749966736286,4.119004514784736,3.7599170335110523,13.286595949958292,14.959379106584493,8.343856967442898,4.547187428356713
open_2017_05_08_close_2017_05_08_flight_Fixed Wing_N550ND_before_1_189642.csv,96,2400,2429,1,6.046197940252749,NormAc,0,0,0,0,0,2,0,12.739349660313804,1.7753807296770054,3.704519593618658,13.671219856719231,14.686484413355355,9.674899061029958,4.739748982046892
open_2017_05_08_close_2017_05_08_flight_Fixed Wing_N550ND_before_1_189642.csv,97,2425,2454,1,5.004498037816702,,0,0,0,0,0,0,0,7.737821472354954,1.1623276700684304,3.5221274382775882,13.322679504753062,15.33371985538232,7.867891732094713,4.719215482208014
open_2017_05_08_close_2017_05_08_flight_Fixed Wing_N550ND_before_1_189642.csv,98,2450,2479,1,4.763072428335071,,0,0,0,0,0,0,0,4.876343751659975,0.9070094961764549,3.5227947735384504,12.427306601914795,15.477274719395627,7.206078787634063,4.992354712406164
open_2017_05_08_close_2017_05_08_flight_Fixed Wing_N550ND_before_1_189642.csv,99,2475,2504,1,6.183299254781259,NormAc,0,0,0,0,0,1,0,7.972633671574596,1.4083208504781197,3.4582612630076586,11.434559980582659,16.198049327284533,12.017721384357417,5.150599412562721
open_2017_05_08_close_2017_05_08_flight_Fixed Wing_N550ND_before_1_189642.csv,100,2500,2529,1,5.9110146921108635,NormAc,0,0,0,0,0,1,0,6.200703286482087,3.1634429926035637,3.6563639040442206,10.618190101196362,15.508679837432972,10.880367301182611,2.4259242550343343
open_2017_05_08_close_2017_05_08_flight_Fixed Wing_N550ND_before_1_189642.csv,101,2525,2554,1,5.4920634626258735,NormAc,0,0,0,0,0,1,0,8.267913944261322,2.660927921611664,3.75564104453153,10.580145488943145,16.340588671972444,8.655049832447691,1.9420305709281598
open_2017_05_08_close_2017_05_08_flight_Fixed Wing_N550ND_before_1_189642.csv,102,2550,2579,1,4.993256244829286,,0,0,0,0,0,0,0,5.23678988655814,3.9100883515549185,3.728827133289617,11.077546182977716,16.062414295183302,9.536890185882163,5.177964778077882
open_2017_05_08_close_2017_05_08_flight_Fixed Wing_N550ND_before_1_189642.csv,103,2575,2604,1,6.047886645880528,NormAc,0,0,0,0,0,2,0,17.551210014360574,5.521803323005298,3.231381971639721,12.120597273659726,16.739084942839632,9.431176859181887,7.842400276343108
open_2017_05_08_close_2017_05_08_flight_Fixed Wing_N550ND_before_1_189642.csv,104,2600,2629,1,7.833617437444765,"E1 RPM, E1 FFlow, IAS",2,9,4,0,0,3,4,17.32800609624177,15.17826650359121,14.142185478999824,13.071249667162483,15.245921280658127,11.119827583683303,13.92522188069856
open_2017_05_08_close_2017_05_08_flight_Fixed Wing_N550ND_before_1_189642.csv,105,2625,2654,1,9.073361245123193,"IAS, E1 RPM, E1 FFlow",0,17,14,0,0,1,29,14.27595037605358,43.31909580512345,25.199026013696727,14.736930962402674,7.079434895391238,7.449039894889699,60.38805412736313
open_2017_05_08_close_2017_05_08_flight_Fixed Wing_N550ND_before_1_189642.csv,106,2650,2679,1,8.03975183809853,"IAS, AltMSL, E1 FFlow",23,0,7,0,0,0,30,32.67452185682566,17.439495153468222,14.808231356094758,15.13796019777953,5.274859372553664,8.32335347921027,64.85001851469261
open_2017_05_08_close_2017_05_08_flight_Fixed Wing_N550ND_before_1_189642.csv,107,2675,2704,1,6.519072865937325,"AltMSL, IAS, E1 FFlow",18,0,10,0,0,0,11,29.271540882388955,9.124848393348964,19.553748009585288,8.717834284412934,11.904753375639903,9.407102637226746,23.976825620827363
open_2017_05_08_close_2017_05_08_flight_Fixed Wing_N550ND_before_1_189642.csv,108,2700,2729,1,5.200512724939132,E1 FFlow,0,0,2,0,0,0,0,16.20234060451395,10.998507951491646,19.123568248440648,2.08883797179919,20.667208687604898,7.079978640367743,3.9486252199477607
open_2017_05_08_close_2017_05_08_flight_Fixed Wing_N550ND_before_1_189642.csv,109,2725,2754,1,6.899288845435553,"NormAc, E1 FFlow",0,0,1,0,0,3,0,2.1486124887987557,12.374332371653185,14.754100002110627,1.7805784155354056,13.207037643732745,12.411260908994228,8.335530348683701
open_2017_05_08_close_2017_05_08_flight_Fixed Wing_N550ND_before_1_189642.csv,110,2750,2779,1,6.264755835472696,NormAc,0,0,0,0,0,2,0,3.792976262704709,0.7829539085071625,2.9702217060909892,6.730948461521642,13.149851132683043,12.250291155450638,6.413876004545375
open_2017_05_08_close_2017_05_08_flight_Fixed Wing_N550ND_before_1_189642.csv,111,2775,2804,1,7.764001998837514,"E1 FFlow, E1 RPM, IAS",0,4,4,0,0,3,3,9.678113013754334,12.825074237277402,13.24236500135339,9.126239585836236,14.893467145944529,11.8931344169658,14.830891290550518
open_2017_05_08_close_2017_05_08_flight_Fixed Wing_N550ND_before_1_189642.csv,112,2800,2829,1,12.084210429330769,"E1 RPM, IAS, E1 FFlow",0,30,23,0,12,2,28,10.706035045095781,74.22222098100131,44.0319664045325,11.676804657107128,24.553656598443037,9.591761903790045,58.078442858410405
open_2017_05_08_close_2017_05_08_flight_Fixed Wing_N550ND_before_1_189642.csv,113,2825,2854,1,10.630943949270982,"IAS, E1 RPM, E1 FFlow",0,29,21,0,0,1,30,3.0597436248136507,55.54009398653689,34.772392874350075,16.819508650422247,21.53074956600609,9.712838713420089,62.7630286007883
open_2017_05_08_close_2017_05_08_flight_Fixed Wing_N550ND_before_1_189642.csv,114,2850,2879,1,9.75846597947481,"IAS, E1 RPM, E1 FFlow",0,29,19,0,0,0,30,5.16912752848507,47.433131139069125,29.688207711314252,20.4088756886213,13.853489953491048,7.910689565060981,66.27619754071743
open_2017_05_08_close_2017_05_08_flight_Fixed Wing_N550ND_before_1_189642.csv,115,2875,2904,1,9.41960608044974,"IAS, E1 RPM, E1 FFlow",0,23,19,0,0,0,30,1.2063124863405383,44.788297484976354,27.702256523540036,21.60927397521431,10.886956726913109,5.605834132443771,68.6911567736194
open_2017_05_08_close_2017_05_08_flight_Fixed Wing_N550ND_before_1_189642.csv,116,2900,2929,1,8.339160818497904,"IAS, E1 RPM",0,22,0,0,0,0,30,2.985118841870639,34.347453497338115,20.566720904289344,20.90538900349824,3.1370758988750955,4.980015414100882,66.50681044370195
open_2017_05_08_close_2017_05_08_flight_Fixed Wing_N550ND_before_1_189642.csv,117,2925,2954,1,7.662345291467225,"IAS, E1 RPM",0,18,0,0,0,0,30,3.6059545432053195,29.174322177204406,16.919978037883535,18.34405314797578,2.1073487355660143,5.778872069349521,62.0568391064572
open_2017_05_08_close_2017_05_08_flight_Fixed Wing_N550ND_before_1_189642.csv,118,2950,2979,1,8.37988968702094,"IAS, E1 RPM, E1 FFlow",0,30,8,0,0,0,30,14.95427141342954,42.02963003947614,26.422016851655957,14.585393835615472,4.8154792269610995,5.182317695666435,62.14306696948143
open_2017_05_08_close_2017_05_08_flight_Fixed Wing_N550ND_before_1_189642.csv,119,2975,3004,1,8.2952267471205,"IAS, E1 RPM, E1 FFlow",0,23,15,0,0,0,30,15.863907908499012,43.95661143581609,26.813587679398196,12.234780125643416,6.59516026787539,5.489634251984033,66.21801236230023
open_2017_05_08_close_2017_05_08_flight_Fixed Wing_N550ND_before_1_189642.csv,120,3000,3029,1,7.388906242128153,"IAS, E1 RPM, E1 FFlow",0,22,6,0,0,0,30,11.24671686487537,33.15540528616432,23.11442912917254,11.442251521064783,2.1413783237020314,5.8358557193126135,60.04212369417074
open_2017_05_08_close_2017_05_08_flight_Fixed Wing_N550ND_before_1_189642.csv,121,3025,3054,1,7.864608487114255,"IAS, AltMSL, E1 FFlow",21,3,16,0,0,0,30,35.97480151206375,15.50206041853643,33.616409957734156,8.441981879730314,8.640809228819442,5.1751054416664655,61.412418188078846
open_2017_05_08_close_2017_05_08_flight_Fixed Wing_N550ND_before_1_189642.csv,122,3050,3079,1,9.161286855106672,"IAS, AltMSL, E1 RPM",30,30,17,0,0,0,30,57.62851435236482,48.29315792028782,31.011777542101946,3.1977949598766395,4.345995662272813,7.545732771022163,63.297908911172044
open_2017_05_08_close_2017_05_08_flight_Fixed Wing_N550ND_before_1_189642.csv,123,3075,3104,1,14.523084891734845,"E1 RPM, IAS, E1 FFlow",28,30,30,0,18,0,30,56.52277788026762,97.08615379999053,48.15086636616672,3.595648096509892,51.93607195927981,6.228214112133942,68.43838535248985
open_2017_05_08_close_2017_05_08_flight_Fixed Wing_N550ND_before_1_189642.csv,124,3100,3129,0,19.12046111492222,"AltMSL, IAS, E1 CHT1",30,0,0,11,0,2,30,9972.433241632652,2.0103993779436786,20.424954873523223,27.222332336160346,4.2159853398567355,12.106066526790821,713.2734164548447
open_2017_05_08_close_2017_05_08_flight_Fixed Wing_N550ND_before_1_189642.csv,125,3125,3154,1,15.017579126325021,"IAS, E1 EGT1, E1 RPM",0,18,13,0,22,0,30,4.824077713348469,72.61608114794899,33.600832993477376,14.24230607217687,95.80678425244031,5.370388373155587,67.36365930257583
open_2017_05_08_close_2017_05_08_flight_Fixed Wing_N550ND_before_1_189642.csv,126,3150,3179,1,9.810218142642386,"IAS, E1 RPM, E1 FFlow",0,28,19,0,0,0,30,7.758274855616223,48.05990130697364,30.800589979088098,23.37997802944001,19.530919877443253,6.428069328745999,61.27803905265328
open_2017_05_08_close_2017_05_08_flight_Fixed Wing_N550ND_before_1_189642.csv,127,3175,3204,1,10.174272871798095,"IAS, E1 FFlow, E1 RPM",0,6,12,0,0,0,30,10.14296619032861,19.37244565977102,26.371129322691715,26.650834961346693,9.398799491912964,7.250255604503341,77.73851505432734
open_2017_05_08_close_2017_05_08_flight_Fixed Wing_N550ND_before_1_189642.csv,128,3200,3229,1,8.587448224026259,"IAS, E1 FFlow",0,0,20,0,0,0,30,4.630937685242766,11.898181951552113,32.23216117638729,19.1347689473794,7.8542424500927055,5.721628055485772,67.1612410302623
open_2017_05_08_close_2017_05_08_flight_Fixed Wing_N550ND_before_1_189642.csv,129,3225,3254,1,6.8646560072340845,"IAS, E1 RPM",0,9,0,0,0,0,30,8.041737451631823,21.744287961055743,12.46038937282032,5.724478736541143,12.70370092099384,5.821801905773347,69.53279634614783
open_2017_05_08_close_2017_05_08_flight_Fixed Wing_N550ND_before_1_189642.csv,130,3250,3279,1,7.879802286725217,"IAS, E1 FFlow, E1 RPM",0,14,15,0,0,0,30,1.9476660335104061,25.42980260880468,27.474106148209618,6.542930474249335,9.093900927004492,5.2126837760126135,68.15841661229496
open_2017_05_08_close_2017_05_08_flight_Fixed Wing_N550ND_before_1_189642.csv,131,3275,3304,1,6.932858758986322,"E1 FFlow, IAS",0,0,9,0,0,0,7,9.983236711520124,16.78002413188713,25.011887722318225,15.234231595991739,14.823985365678315,8.930396837708752,20.23024343230471
open_2017_05_08_close_2017_05_08_flight_Fixed Wing_N550ND_before_1_189642.csv,132,3300,3329,1,6.840089142054669,,0,0,0,0,0,0,0,13.236527941127692,16.069011676582384,12.340502171819761,22.71257096152847,24.25059135675739,6.792948215232762,3.758525537447702
open_2017_05_08_close_2017_05_08_flight_Fixed Wing_N550ND_before_1_189642.csv,133,3325,3354,1,6.6816802586566295,,0,0,0,0,0,0,0,9.161965135853753,12.835720023938968,7.074515742859343,23.946396331538896,22.987905245826724,6.08247606816093,4.597731883303745
open_2017_05_08_close_2017_05_08_flight_Fixed Wing_N550ND_before_1_189642.csv,134,3350,3379,1,7.204564023074535,NormAc,0,0,0,0,0,1,0,8.810806308851221,14.641331094920433,7.444487339024874,20.944479155354028,22.056973284931612,9.35637537318243,9.31247798472132
open_2017_05_08_close_2017_05_08_flight_Fixed Wing_N550ND_before_1_189642.csv,135,3375,3404,1,5.740240535806349,,0,0,0,0,0,0,0,7.653502877248825,12.567310158022943,5.08968746459662,16.714464104186206,22.55506629243893,7.230162176043971,12.607074942262154
open_2017_05_08_close_2017_05_08_flight_Fixed Wing_N550ND_before_1_189642.csv,136,3400,3429,1,6.008892520877512,,0,0,0,0,0,0,0,18.578129553186056,12.694859409408819,19.851811824369907,10.843412584181626,20.310540051441535,8.429440255880564,6.213515341624342
open_2017_05_08_close_2017_05_08_flight_Fixed Wing_N550ND_before_1_189642.csv,137,3425,3454,1,5.750624412488002,"AltMSL, E1 FFlow, E1 RPM",30,6,16,0,0,0,0,44.08289400961095,25.964830669040047,27.188778315524676,2.6551874735978536,9.498725448684327,6.924186941429859,4.3674911764354425
open_2017_05_08_close_2017_05_08_flight_Fixed Wing_N550ND_before_1_189642.csv,138,3450,3479,1,5.98796653075697,"AltMSL, E1 RPM, E1 FFlow",30,13,1,0,0,0,0,72.0924586874695,27.07918551110524,24.582443041070217,8.31329202878196,2.5180911518212996,5.320401362431359,6.944070733263423
open_2017_05_08_close_2017_05_08_flight_Fixed Wing_N550ND_before_1_189642.csv,139,3475,3504,1,7.913109763995132,"AltMSL, E1 RPM, E1 FFlow",30,19,8,0,0,0,0,104.68696308854379,28.704950073366163,25.581872775923458,16.75704576823875,2.5541942769039196,6.694229368645053,6.892540702576597
open_2017_05_08_close_2017_05_08_flight_Fixed Wing_N550ND_before_1_189642.csv,140,3500,3529,4,8.884113576935508,"E1 RPM, E1 FFlow, AltMSL",22,30,25,0,0,0,0,31.312945492804324,42.7652552473056,35.71159068000456,21.332267697555064,22.6286614026677,6.037850390410637,11.98072696235081
open_2017_05_08_close_2017_05_08_flight_Fixed Wing_N550ND_before_1_189642.csv,141,3525,3554,3,8.19037385377338,,0,0,0,0,0,0,0,23.498593953219306,15.001509547574507,4.211569523291375,4.660672776583545,11.29559889629748,6.43525984498108,20.47779053599003
open_2017_05_08_close_2017_05_08_flight_Fixed Wing_N550ND_before_1_189642.csv,142,3550,3579,3,7.5758774151340225,NormAc,0,0,0,0,0,1,0,18.031625689167996,13.392934338672307,3.7784796953058435,1.0637508051164215,14.335232360073482,6.460437181683125,23.600289718017574
open_2017_05_08_close_2017_05_08_flight_Fixed Wing_N550ND_before_1_189642.csv,143,3575,3604,3,7.753842674988334,NormAc,0,0,0,0,0,2,0,12.885544914407244,9.18839424315654,5.701987073195674,2.7005616859136015,17.629448220223402,11.046724017935107,21.23858201835047
open_2017_05_08_close_2017_05_08_flight_Fixed Wing_N550ND_before_1_189642.csv,144,3600,3629,3,7.004966697151305,NormAc,0,0,0,0,0,1,0,9.231845373563354,6.817659208759556,5.9592623033618395,7.00934968353265,15.090463120762017,11.013303173868566,18.876260437154
open_2017_05_08_close_2017_05_08_flight_Fixed Wing_N550ND_before_1_189642.csv,145,3625,3654,3,6.41430016335506,,0,0,0,0,0,0,0,7.128647739218508,5.787557998104089,5.6721564547798895,10.763912833727419,15.110895722986296,9.392965722865096,13.840940428534829
open_2017_05_08_close_2017_05_08_flight_Fixed Wing_N550ND_before_1_189642.csv,146,3650,3679,3,5.541060484481757,,0,0,0,0,0,0,0,5.915623954915638,3.019407080490256,10.058340229572867,12.92575105075916,9.488564148150784,7.253558547545902,5.704389898695665
open_2017_05_08_close_2017_05_08_flight_Fixed Wing_N550ND_before_1_189642.csv,147,3675,3704,3,6.089547752131196,,0,0,0,0,0,0,0,2.175096589939366,3.0196872140360465,9.505763179438418,14.219696385662893,6.33855495555638,10.995961415963176,4.7501297174890444
open_2017_05_08_close_2017_05_08_flight_Fixed Wing_N550ND_before_1_189642.csv,148,3700,3729,3,6.046438077862242,,0,0,0,0,0,0,0,2.350550787110085,7.729920216761856,12.684607963124297,14.967546412358105,6.000351423824587,10.009573686291393,2.4234911303459543
open_2017_05_08_close_2017_05_08_flight_Fixed Wing_N550ND_before_1_189642.csv,149,3725,3754,3,6.403592744312743,NormAc,0,0,0,0,0,1,0,7.384853344030769,11.317970668388796,9.347491036985955,15.63912263562677,2.965783033198698,8.767596997957229,5.939511787817653
open_2017_05_08_close_2017_05_08_flight_Fixed Wing_N550ND_before_1_189642.csv,150,3750,3779,3,6.737792508179684,NormAc,0,0,0,0,0,1,0,10.905892021975042,5.125426297629527,7.575646303052401,14.794499874309851,8.221722837574838,7.181053123858599,7.41569469783441
open_2017_05_08_close_2017_05_08_flight_Fixed Wing_N550ND_before_1_189642.csv,151,3775,3804,0,11.043017107180159,"AltMSL, E1 CHT1, IAS",30,3,19,30,6,5,23,204.23371558088698,21.177704927516437,29.437397704940274,43.635550630886975,15.982974651073235,17.264828693033564,190.18244127425768
open_2017_05_08_close_2017_05_08_flight_Fixed Wing_N550ND_before_1_189642.csv,152,3800,3829,0,18.53972175030564,"AltMSL, E1 CHT1, E1 FFlow",30,22,29,30,0,1,12,180.09388438565853,73.23475524350395,310.7616391119043,42.06504369127548,18.794474275509117,12.097889588273391,421.17506397071224
open_2017_05_08_close_2017_05_08_flight_Fixed Wing_N550ND_before_1_189642.csv,153,3825,3854,6,9.016807657795347,"E1 CHT1, E1 FFlow, NormAc",0,0,5,30,0,3,0,13.088334430570459,8.259820743394448,19.247848498668613,41.12518456470124,6.250100504424175,14.565541948279499,6.883047654276837
open_2017_05_08_close_2017_05_08_flight_Fixed Wing_N550ND_before_1_189642.csv,154,3850,3879,6,4.822668768616342,E1 FFlow,0,0,1,0,0,0,0,3.606553219299576,4.6509000072543465,11.499945621808358,18.043143947667502,3.802865332304241,7.604281035193085,4.835314019156047
open_2017_05_08_close_2017_05_08_flight_Fixed Wing_N550ND_before_1_189642.csv,155,3875,3904,6,4.767254960302784,"AltMSL, E1 FFlow",9,0,6,0,0,0,0,28.534161056645992,6.549182759980028,22.449744161944608,7.443047886706751,4.0096656628543395,8.678782486177067,5.236814516726712
open_2017_05_08_close_2017_05_08_flight_Fixed Wing_N550ND_before_1_189642.csv,156,3900,3929,4,7.728879553567885,"IAS, E1 CHT1, E1 EGT1",0,0,7,11,8,0,23,19.8616638698996,8.893088918121936,14.734497562199367,26.748433794568776,17.705248679252023,5.674641307769832,35.887999375139685
open_2017_05_08_close_2017_05_08_flight_Fixed Wing_N550ND_before_1_189642.csv,157,3925,3954,2,5.258684541932968,,0,0,0,0,0,0,0,14.001912687566957,9.527000908914038,9.361388828593697,17.619453032260605,10.877139795401646,7.81264818393016,4.150871680432973
open_2017_05_08_close_2017_05_08_flight_Fixed Wing_N550ND_before_1_189642.csv,158,3950,3979,2,5.2779193347167,E1 FFlow,0,0,3,0,0,0,0,10.768764192184351,10.753574402629319,13.684639739901977,15.864358293506195,14.920548970476522,8.105347534249114,7.396571248667647
open_2017_05_08_close_2017_05_08_flight_Fixed Wing_N550ND_before_1_189642.csv,159,3975,4004,2,5.374905506857969,,0,0,0,0,0,0,0,4.658329039846941,15.062698437957218,15.594571487249544,5.809183593472916,4.7196816399684725,11.081759168350025,3.2121593902985976
open_2017_05_08_close_2017_05_08_flight_Fixed Wing_N550ND_before_1_189642.csv,160,4000,4029,2,6.617373721147243,,0,0,0,0,0,0,0,12.354279857070138,22.864427312747814,20.381919202113487,7.857071961375717,4.019327824293418,10.410011949963769,4.593522329329467
open_2017_05_08_close_2017_05_08_flight_Fixed Wing_N550ND_before_1_189642.csv,161,4025,4054,2,7.9333200412691625,"AltMSL, E1 CHT1, NormAc",30,0,0,17,0,1,0,33.89861617288253,21.560633413452152,16.946945492437592,29.051306373558017,7.6200792861339695,8.232733443731718,16.148719256085037
open_2017_05_08_close_2017_05_08_flight_Fixed Wing_N550ND_before_1_189642.csv,162,4050,4079,3,5.667944734955847,,0,0,0,0,0,0,0,9.296211885787782,5.06685436850785,5.549849756823295,13.870938471905983,3.725523729642526,7.024756631560911,6.865504429061416
open_2017_05_08_close_2017_05_08_flight_Fixed Wing_N550ND_before_1_189642.csv,163,4075,4104,3,9.033909093928575,"E1 RPM, NormAc",0,13,0,0,0,1,0,12.202926092970747,19.71383938550317,17.350308128841917,8.941875784506891,11.88529906859526,7.7925623767276395,11.708552812973178
open_2017_05_08_close_2017_05_08_flight_Fixed Wing_N550ND_before_1_189642.csv,164,4100,4129,0,7.829730091938902,"AltMSL, E1 FFlow, E1 RPM",30,6,19,0,0,2,5,180.78572092278134,27.00533132296436,35.97848130550649,10.87108811883354,9.529070825615955,12.398202383100688,24.939036348855677
open_2017_05_08_close_2017_05_08_flight_Fixed Wing_N550ND_before_1_189642.csv,165,4125,4154,6,9.656551107619416,"E1 CHT1, IAS, E1 RPM",0,5,5,12,4,1,5,18.562281777041367,20.761482948998555,20.501030353539072,28.65975850842087,23.045810288450152,8.742700286091488,29.527130492252606
open_2017_05_08_close_2017_05_08_flight_Fixed Wing_N550ND_before_1_189642.csv,166,4150,4179,6,4.750589746251674,,0,0,0,0,0,0,0,8.776006628497944,6.016598649284392,12.054122998473849,16.718205715636216,4.091095683223643,9.604169959282133,4.147018849944982
open_2017_05_08_close_2017_05_08_flight_Fixed Wing_N550ND_before_1_189642.csv,167,4175,4204,6,3.626641059879072,,0,0,0,0,0,0,0,10.05854998003968,3.7154257439697895,5.8344123299901325,4.584315383883545,4.095272485885125,7.840230742313663,5.112674580140321
open_2017_05_08_close_2017_05_08_flight_Fixed Wing_N550ND_before_1_189642.csv,168,4200,4229,6,7.035663696899663,"AltMSL, E1 FFlow, NormAc",23,0,9,0,0,1,0,31.112707344407163,6.992077348559334,22.108210538328354,25.260402840099466,5.039273568521062,11.039480542414205,9.740337964683667
open_2017_05_08_close_2017_05_08_flight_Fixed Wing_N550ND_before_1_189642.csv,169,4225,4254,4,9.269748604116812,"E1 CHT1, E1 FFlow, E1 EGT1",0,0,8,30,7,0,2,21.973851735678874,13.01908308233882,18.685745095584235,38.6857253966197,16.618377979130585,5.656004360176361,20.592967735744182
open_2017_05_08_close_2017_05_08_flight_Fixed Wing_N550ND_before_1_189642.csv,170,4250,4279,2,5.470633627710434,,0,0,0,0,0,0,0,13.232349310681311,7.931942401714557,3.8112104607179376,26.022328515751536,11.219779426401118,8.8001586994907,2.4498844305537313
open_2017_05_08_close_2017_05_08_flight_Fixed Wing_N550ND_before_1_189642.csv,171,4275,4304,2,5.606731490118242,NormAc,0,0,0,0,0,1,0,10.143264265963685,9.080131329390122,10.012345886224397,18.958365720995776,12.872840719998154,8.72022039334996,5.441364190263422
open_2017_05_08_close_2017_05_08_flight_Fixed Wing_N550ND_before_1_189642.csv,172,4300,4329,2,7.5235255360613005,"E1 RPM, NormAc",0,3,0,0,0,1,0,6.947001648262606,27.534417091972156,22.408746735503847,4.877496560599102,14.129949823263214,11.25411932117733,5.252980495115222
open_2017_05_08_close_2017_05_08_flight_Fixed Wing_N550ND_before_1_189642.csv,173,4325,4354,2,8.562984257697025,"AltMSL, E1 RPM, NormAc",22,10,0,0,0,2,0,32.39858903652067,27.130180451289757,20.760873498620185,17.94138458464806,18.47991077644141,12.979139754858705,10.964390195782276
open_2017_05_08_close_2017_05_08_flight_Fixed Wing_N550ND_before_1_189642.csv,174,4350,4379,3,6.698168027886275,,0,0,0,0,0,0,0,9.957593063584206,12.362233419473137,10.708568240170816,17.131138573558125,3.478166427249845,6.85354392666823,7.508182288454776
open_2017_05_08_close_2017_05_08_flight_Fixed Wing_N550ND_before_1_189642.csv,175,4375,4404,0,10.912380067452272,"AltMSL, IAS, E1 FFlow",30,9,13,0,13,5,28,232.19834596786328,30.948861549769717,48.980983759050794,6.306359482737651,22.188843194639386,19.082561466237532,354.73718880552275
open_2017_05_08_close_2017_05_08_flight_Fixed Wing_N550ND_before_1_189642.csv,176,4400,4429,0,15.358687306772902,"AltMSL, E1 FFlow, E1 RPM",30,24,24,0,0,2,9,178.9907144857514,59.572861068293754,200.84946786320347,16.790440534458632,16.990973318914648,9.454180447170728,268.27313839339604
open_2017_05_08_close_2017_05_08_flight_Fixed Wing_N550ND_before_1_189642.csv,177,4425,4454,6,7.617793398004703,"NormAc, E1 FFlow",0,0,1,0,0,3,0,14.750852855553472,8.62244480023119,13.251641952320915,27.86768333341482,6.914561702904675,13.286924023521017,8.611733210223052
open_2017_05_08_close_2017_05_08_flight_Fixed Wing_N550ND_before_1_189642.csv,178,4450,4479,6,3.3876120631923725,,0,0,0,0,0,0,0,5.54685161706031,8.869663410223128,7.708609516149528,8.803810005998258,3.6207923527618973,7.156148706640732,7.058764981983039
open_2017_05_08_close_2017_05_08_flight_Fixed Wing_N550ND_before_1_189642.csv,179,4475,4504,6,4.6170366560723375,"E1 FFlow, AltMSL",1,0,2,0,0,0,0,27.73659692861887,3.5879426437002317,10.395326731541129,14.396870653758594,3.5531677373784816,6.906608543906898,2.9941750860395215
open_2017_05_08_close_2017_05_08_flight_Fixed Wing_N550ND_before_1_189642.csv,180,4500,4529,5,7.1707725812459415,E1 CHT1,0,0,0,15,0,0,0,26.432806013454805,5.690447092904744,8.766248138642878,30.487486722016804,2.420009433011165,7.3788085603689355,6.59373685196293
open_2017_05_08_close_2017_05_08_flight_Fixed Wing_N550ND_before_1_189642.csv,181,4525,4554,5,4.78157997358993,,0,0,0,0,0,0,0,18.000500424509166,14.40136134619491,8.398771958391904,8.83927220479425,2.2518998776478907,6.240362211475198,7.519415998301845
open_2017_05_08_close_2017_05_08_flight_Fixed Wing_N550ND_before_1_189642.csv,182,4550,4579,5,5.720785001393017,NormAc,0,0,0,0,0,5,0,7.47173988923052,7.362147725348265,6.992223921627374,3.2898084342838345,4.5783575207593605,12.52523079028248,2.291431509170109
open_2017_05_08_close_2017_05_08_flight_Fixed Wing_N550ND_before_1_189642.csv,183,4575,4604,5,9.790443757496307,"E1 EGT1, E1 FFlow, E1 RPM",0,11,15,0,18,8,0,3.6592601335042545,25.845512600664282,31.74676748697358,8.735292355609001,28.521938282734794,19.81139663736558,15.300501745395604
open_2017_05_08_close_2017_05_08_flight_Fixed Wing_N550ND_before_1_189642.csv,184,4600,4629,5,7.771986456622023,"E1 EGT1, E1 FFlow, IAS",0,9,15,0,25,0,15,3.8430495567135328,22.639037957157115,33.0319648133604,5.724382362080323,33.49777524336118,8.028477156930894,30.410366254620065
open_2017_05_08_close_2017_05_08_flight_Fixed Wing_N550ND_before_1_189642.csv,185,4625,4654,5,6.584606852202166,"IAS, E1 FFlow, E1 EGT1",0,0,6,0,4,1,30,5.510898888853442,11.399245665625687,20.669545962770627,8.730660912612695,28.66862395756272,8.752153706668897,37.96562595725611
open_2017_05_08_close_2017_05_08_flight_Fixed Wing_N550ND_before_1_189642.csv,186,4650,4679,5,8.066208905500854,"IAS, E1 EGT1, E1 FFlow",0,0,6,2,17,1,30,5.9370357147018,9.857028244514515,25.546444145622235,18.934728572476896,31.127384325785968,10.603552609889014,42.0820680779234
open_2017_05_08_close_2017_05_08_flight_Fixed Wing_N550ND_before_1_189642.csv,187,4675,4704,4,7.147017806608885,E1 CHT1,0,0,0,27,0,0,0,23.49836700655427,8.485185933050284,4.609122266568123,33.427313277997584,4.397686855154673,4.353705034189274,6.385549906480879
open_2017_05_08_close_2017_05_08_flight_Fixed Wing_N550ND_before_1_189642.csv,188,4700,4729,4,5.959793884677605,E1 CHT1,0,0,0,3,0,0,0,25.610749130415122,3.81867695373475,3.8233916711817595,26.83857392441459,6.028895893769862,3.4216028367398597,4.514868461490158
open_2017_05_08_close_2017_05_08_flight_Fixed Wing_N550ND_before_1_189642.csv,189,4725,4754,4,5.934809522423967,,0,0,0,0,0,0,0,25.025795441417973,10.891456522747633,9.608439264172977,22.399240447784273,6.501190216142707,4.49884103118339,2.490522875820922
open_2017_05_08_close_2017_05_08_flight_Fixed Wing_N550ND_before_1_189642.csv,190,4750,4779,4,5.717323836976384,,0,0,0,0,0,0,0,25.725504885904666,13.516587323201941,10.975723049718383,20.497757770680124,7.962281969726699,4.214455146211027,4.693874603674478
open_2017_05_08_close_2017_05_08_flight_Fixed Wing_N550ND_before_1_189642.csv,191,4775,4804,4,5.706913536902298,,0,0,0,0,0,0,0,25.94160349039102,13.461994478230276,11.045952462724012,19.486304511645137,8.23245330888555,4.000192384772224,4.638786264907554
open_2017_05_08_close_2017_05_08_flight_Fixed Wing_N550ND_before_1_189642.csv,192,4800,4829,4,5.515704789714203,,0,0,0,0,0,0,0,25.923851260127428,13.808744500467407,11.190708424952813,18.658142875251894,7.983321761195238,4.077782073798653,5.105494170911131
open_2017_05_08_close_2017_05_08_flight_Fixed Wing_N550ND_before_1_189642.csv,193,4825,4854,4,5.385253554609594,,0,0,0,0,0,0,0,27.456554257082562,13.643886263705506,11.070392956464588,17.76285185498345,9.855996229760704,3.9803936960822,4.757198313973722
open_2017_05_08_close_2017_05_08_flight_Fixed Wing_N550ND_before_1_189642.csv,194,4850,4879,4,5.063070945679261,,0,0,0,0,0,0,0,28.256312263539716,13.884279054982043,11.129764564223873,17.274191390724845,10.550353251492187,2.677121657283751,5.254084061663054
open_2017_05_08_close_2017_05_08_flight_Fixed Wing_N550ND_before_1_189642.csv,195,4875,4904,4,5.315183669924541,,0,0,0,0,0,0,0,28.745684239266144,14.386403645719096,11.322887606771399,16.904287124491486,9.528515240767446,3.9390813399057576,6.15138865299482
open_2017_05_08_close_2017_05_08_flight_Fixed Wing_N550ND_before_1_189642.csv,196,4900,4929,4,5.132084008335977,,0,0,0,0,0,0,0,28.23475415846234,14.69619342183568,11.36510736830162,16.504740780602507,9.399410520242762,3.44911345632792,6.704197563931844
open_2017_05_08_close_2017_05_08_flight_Fixed Wing_N550ND_before_1_189642.csv,197,4925,4954,4,5.444908541302932,,0,0,0,0,0,0,0,26.859083771681714,15.489451712243934,11.698567450018505,16.035296773984623,10.444964193635014,4.24640622975674,8.344659078580532
open_2017_05_08_close_2017_05_08_flight_Fixed Wing_N550ND_before_1_189642.csv,198,4950,4979,4,5.264718250981935,,0,0,0,0,0,0,0,25.931401679720896,15.288493095145512,11.747677099310865,15.693303300590744,9.923373818820725,4.146900505712205,8.047179630546268
open_2017_05_08_close_2017_05_08_flight_Fixed Wing_N550ND_before_1_189642.csv,199,4975,5004,4,5.243282531806808,,0,0,0,0,0,0,0,25.64451653612105,15.243079513695632,11.74641132533441,15.317640567197234,9.44189555494526,4.553948724867813,7.940847543681476
open_2017_05_08_close_2017_05_08_flight_Fixed Wing_N550ND_before_1_189642.csv,200,5000,5029,4,5.277675076289782,,0,0,0,0,0,0,0,26.144602381438638,14.813910764222102,11.569047857431208,15.002824322860416,10.335134578056293,4.091252322755517,7.2851036979693555
open_2017_05_08_close_2017_05_08_flight_Fixed Wing_N550ND_before_1_189642.csv,201,5025,5054,4,5.242510172668882,,0,0,0,0,0,0,0,26.161447563995438,16.924923095529913,12.14368126852536,14.760500141545178,9.4691310025068,4.49766562261866,11.240122670224935
open_2017_05_08_close_2017_05_08_flight_Fixed Wing_N550ND_before_1_189642.csv,202,5050,5079,4,5.258585610232004,,0,0,0,0,0,0,0,25.412587326080395,17.902730778474545,12.529423562604308,14.405466456270217,10.395733630439397,4.007587522747638,12.940999817537742
open_2017_05_08_close_2017_05_08_flight_Fixed Wing_N550ND_before_1_189642.csv,203,5075,5104,4,5.282461483600953,,0,0,0,0,0,0,0,21.9354549996206,15.75088566474922,9.065781431013471,13.858090717592114,8.669153336581141,4.910496967316284,14.859924639241934
open_2017_05_08_close_2017_05_08_flight_Fixed Wing_N550ND_before_1_189642.csv,204,5100,5129,4,4.102306950784228,,0,0,0,0,0,0,0,14.458005676844943,4.4540609004355876,7.592368310974211,12.010266803583601,2.566152393843834,3.8504683211369404,16.379883327540718
open_2017_05_08_close_2017_05_08_flight_Fixed Wing_N550ND_before_1_189642.csv,205,5125,5154,4,3.6057587151402877,,0,0,0,0,0,0,0,5.932349579044376,3.0993535118976308,10.194475419303437,7.36307451792577,0.8099619079777396,4.042592408473683,11.650571919979603
open_2017_05_08_close_2017_05_08_flight_Fixed Wing_N550ND_before_1_189642.csv,206,5150,5179,4,3.9763336248990298,,0,0,0,0,0,0,0,2.320094863899064,7.889219457628126,9.71466203309673,2.186176687346232,2.023861493641779,5.42464974975361,3.2635934034873446
open_2017_05_08_close_2017_05_08_flight_Fixed Wing_N550ND_before_1_189642.csv,207,5175,5204,4,3.200961993398516,,0,0,0,0,0,0,0,0.8408703586206334,4.954768095864388,3.9229196676666866,2.7286149798190618,6.004832159166548,4.708872703168604,4.323065232504488
open_2017_05_08_close_2017_05_08_flight_Fixed Wing_N550ND_before_1_189642.csv,208,5200,5229,4,3.388382268885151,,0,0,0,0,0,0,0,1.0667807216870113,2.3050406116840305,2.930877316866622,4.181918325943564,7.644945463484026,4.606714611663053,3.679465201018589
open_2017_05_08_close_2017_05_08_flight_Fixed Wing_N550ND_before_1_189642.csv,209,5225,5254,4,4.9338701303397485,"E1 RPM, E1 FFlow, E1 EGT1",0,8,4,0,1,0,0,3.961814203866873,18.47563394147218,18.82718638597538,3.0429529132582873,7.377556106876947,4.499720364586936,1.6561840829498229
open_2017_05_08_close_2017_05_08_flight_Fixed Wing_N550ND_before_1_189642.csv,210,5250,5279,3,10.907712543866497,E1 EGT1,0,0,0,0,11,0,0,7.328821360512985,15.404362272359283,20.199209836006194,19.117305362868965,23.912977464550362,4.97607848280334,21.88744252153539
open_2017_05_08_close_2017_05_08_flight_Fixed Wing_N550ND_before_1_189642.csv,211,5275,5304,0,13.77325389360312,"AltMSL, IAS, E1 FFlow",30,7,10,0,4,6,30,2134.3675898123565,31.154359972186988,24.415718576565418,8.383612942664989,20.32556467644174,19.683752636254134,1042.533782295307
open_2017_05_08_close_2017_05_08_flight_Fixed Wing_N550ND_before_1_189642.csv,212,5300,5329,3,5.94770626347737,NormAc,0,0,0,0,0,1,0,5.37098711138877,11.448250042586631,14.30048862231842,3.846195897589052,11.554766876656416,10.850505331054348,2.073215452084377
open_2017_05_08_close_2017_05_08_flight_Fixed Wing_N550ND_before_1_189642.csv,213,5325,5354,3,5.6316763721621,,0,0,0,0,0,0,0,10.119397329057051,8.2696622710625,10.015887815963278,12.097893376928916,5.565566713018197,7.306757380582238,3.6551395997412732
open_2017_05_08_close_2017_05_08_flight_Fixed Wing_N550ND_before_1_189642.csv,214,5350,5379,3,8.932412863224933,"E1 RPM, NormAc",0,6,0,0,0,2,0,13.273816102012162,19.602734288362658,16.459571581424367,13.931972602052403,6.9697357190310445,7.010212500635593,12.533297631331937
open_2017_05_08_close_2017_05_08_flight_Fixed Wing_N550ND_before_1_189642.csv,215,5375,5404,0,9.15430196617345,"E1 CHT1, E1 FFlow, IAS",0,0,20,30,0,2,5,3.8887130344397973,20.99057357403125,28.688899170769098,47.858433371942354,11.146971689458288,14.852077116869713,29.03287072708821
open_2017_05_08_close_2017_05_08_flight_Fixed Wing_N550ND_before_1_189642.csv,216,5400,5429,0,8.052623590829867,"E1 CHT1, E1 FFlow",0,0,6,30,0,0,0,3.4719468794034323,10.4710278670744,10.583190660786206,49.337037960161624,8.767123427148071,9.418771091083958,15.270569147367357
open_2017_05_08_close_2017_05_08_flight_Fixed Wing_N550ND_before_1_189642.csv,217,5425,5454,0,8.178893108771529,"E1 CHT1, E1 FFlow",0,0,5,30,0,0,0,5.683132405504648,19.16089088719033,22.53117574390391,47.422646559149605,12.291088135078649,5.1650088943974115,15.270569147367357
open_2017_05_08_close_2017_05_08_flight_Fixed Wing_N550ND_before_1_189642.csv,218,5450,5479,0,8.212907593861502,"E1 CHT1, E1 FFlow, NormAc",0,0,8,30,0,4,0,7.989243855948535,13.184242602917275,15.036386065833486,43.57239603145612,14.148508453052644,11.587945083727199,15.270569147367357
open_2017_05_08_close_2017_05_08_flight_Fixed Wing_N550ND_before_1_189642.csv,219,5475,5504,0,7.5632228980894665,"E1 CHT1, NormAc",0,0,0,30,0,9,0,9.247566100911842,7.571187289904428,8.887361001410266,38.54251462068295,8.439143385619928,23.791225197510485,15.270569147367357
open_2017_05_08_close_2017_05_08_flight_Fixed Wing_N550ND_before_1_189642.csv,220,5500,5529,0,7.178694966320545,"E1 CHT1, NormAc, AltMSL",1,0,0,30,0,6,0,14.148270112490652,13.96515493643544,15.259200718092394,33.259289820454285,14.887089588946802,17.171868744547872,15.270569147367357
open_2017_05_08_close_2017_05_08_flight_Fixed Wing_N550ND_before_1_189642.csv,221,5525,5554,0,6.010217810256541,"NormAc, E1 CHT1",0,0,0,3,0,4,0,12.530693683376562,8.699391109879818,8.880537599163647,29.3836834002072,8.635209500913266,14.488578367566936,15.270569147367357
open_2017_05_08_close_2017_05_08_flight_Fixed Wing_N550ND_before_1_189642.csv,222,5550,5579,0,6.15278516115652,"NormAc, E1 FFlow",0,0,1,0,0,5,0,12.442750322055685,13.288537272114395,16.444816344332338,26.30549269074832,12.262822457595792,15.13096389118269,15.270569147367357
open_2017_05_08_close_2017_05_08_flight_Fixed Wing_N550ND_before_1_189642.csv,223,5575,5604,0,5.485139909967002,NormAc,0,0,0,0,0,3,0,13.934753134984748,8.211776209020194,17.113096932357294,24.456143309289136,9.609401668589515,12.886192819391395,15.270569147367357
open_2017_05_08_close_2017_05_08_flight_Fixed Wing_N550ND_before_1_189642.csv,224,5600,5629,0,4.7878473925577785,,0,0,0,0,0,0,0,13.622723817585525,11.44366941391955,17.29176823422481,22.79460584677644,10.564948840068558,6.532151375303518,15.270569147367357
open_2017_05_08_close_2017_05_08_flight_Fixed Wing_N550ND_before_1_189642.csv,225,5625,5654,0,5.122301866454036,NormAc,0,0,0,0,0,1,0,11.003681434084008,11.14421435063381,18.77490131857678,20.986866934712385,13.437773654093853,7.720649623391535,15.270569147367357
open_2017_05_08_close_2017_05_08_flight_Fixed Wing_N550ND_before_2_189656.csv,0,0,29,7,11.029928961598575,"E1 CHT1, E1 FFlow, E1 EGT1",3,6,12,30,7,0,0,18.24218001571278,24.670164038928757,27.047212639112068,36.2130701633283,24.01526947958144,10.068971564493296,5.551115123125783e-07
open_2017_05_08_close_2017_05_08_flight_Fixed Wing_N550ND_before_2_189656.csv,1,25,54,7,7.699397598311817,"AltMSL, E1 EGT1, NormAc",12,0,1,0,12,1,0,32.85532181668295,12.454738304775615,6.162928223190849,24.579549284898608,22.97866017207244,8.505686741935396,5.551115123125783e-07
open_2017_05_08_close_2017_05_08_flight_Fixed Wing_N550ND_before_2_189656.csv,2,50,79,7,5.1206686839661,"AltMSL, E1 EGT1, NormAc",30,0,0,0,11,1,0,58.683919552829394,7.979768294050275,2.2778924664749005,12.617858371517375,29.579683394188073,10.073230699455413,5.551115123125783e-07
open_2017_05_08_close_2017_05_08_flight_Fixed Wing_N550ND_before_2_189656.csv,3,75,104,7,1.336600753926897,AltMSL,30,0,0,0,0,0,0,49.35711772299095,4.303796307969269,2.4682500259663924,1.274018553806333,4.416203203463137,9.890216217953174,5.551115123125783e-07
open_2017_05_08_close_2017_05_08_flight_Fixed Wing_N550ND_before_2_189656.csv,4,100,129,7,2.6627628873346163,"AltMSL, NormAc",29,0,0,0,0,2,0,37.487585510706445,4.089805936476201,2.809056116485624,8.617927518903874,1.6643484818781755,9.701485426863139,5.551115123125783e-07
open_2017_05_08_close_2017_05_08_flight_Fixed Wing_N550ND_before_2_189656.csv,5,125,154,7,5.042683961490058,"AltMSL, NormAc",23,0,0,0,0,1,0,34.43225595132092,3.3802178118863533,3.0364338953868595,16.934879412621545,2.339408049836967,9.439515156634025,5.551115123125783e-07
open_2017_05_08_close_2017_05_08_flight_Fixed Wing_N550ND_before_2_189656.csv,6,150,179,7,6.922913680077957,AltMSL,16,0,0,0,0,0,0,31.895790330879375,2.6560755889824437,3.637258722046917,23.549399307422043,2.1268835181453905,8.248827772868731,5.551115123125783e-07
open_2017_05_08_close_2017_05_08_flight_Fixed Wing_N550ND_before_2_189656.csv,7,175,204,0,7.135358370216588,E1 CHT1,0,0,0,30,0,0,0,4.310371508456368,6.380264111095771,6.400715514686658,45.381958364379074,9.475529754278838,4.307774219390515,15.270569147367357
open_2017_05_08_close_2017_05_08_flight_Fixed Wing_N550ND_before_2_189656.csv,8,200,229,0,5.92571357851989,E1 CHT1,0,0,0,30,0,0,0,4.7222812705357695,6.8492679204755635,6.17809247177501,35.69287189037755,9.633576823589236,5.774025948122079,15.270569147367357
open_2017_05_08_close_2017_05_08_flight_Fixed Wing_N550ND_before_2_189656.csv,9,225,254,0,4.7121132145990705,,0,0,0,0,0,0,0,7.616341529697812,6.827085246444281,5.784752917262489,26.73326406994657,9.330868922642038,4.12221317702276,15.270569147367357
open_2017_05_08_close_2017_05_08_flight_Fixed Wing_N550ND_before_2_189656.csv,10,250,279,0,3.8422821195855748,,0,0,0,0,0,0,0,12.860882073380358,6.8709257093506855,6.489419360412494,19.539060991065547,8.928246071758963,4.861587277357698,15.270569147367357
open_2017_05_08_close_2017_05_08_flight_Fixed Wing_N550ND_before_2_189656.csv,11,275,304,0,3.035181510284554,,0,0,0,0,0,0,0,8.68089016660193,6.6331604690721555,6.027086989662083,12.236642576146592,8.458299951475464,4.49728926845897,15.270569147367357
open_2017_05_08_close_2017_05_08_flight_Fixed Wing_N550ND_before_2_189656.csv,12,300,329,0,2.603555484175817,,0,0,0,0,0,0,0,5.116577267354887,7.03982118329659,6.237566904184236,6.272538735890665,8.322735366462805,4.187799219231503,15.270569147367357
open_2017_05_08_close_2017_05_08_flight_Fixed Wing_N550ND_before_2_189656.csv,13,325,354,0,6.423887869792192,"E1 EGT1, NormAc",0,0,0,0,5,1,0,5.120377499501409,15.965828705710123,9.342147098968466,1.4227176569399589,19.793694475144967,11.89083776140979,15.270569147367357
open_2017_05_08_close_2017_05_08_flight_Fixed Wing_N550ND_before_2_189656.csv,14,350,379,0,6.3241588731305844,"E1 EGT1, E1 FFlow",0,0,3,0,8,0,0,3.598827438018543,12.23891037218319,14.217950302607607,5.088520530065467,20.47102598446327,8.243966163662943,15.270569147367357
open_2017_05_08_close_2017_05_08_flight_Fixed Wing_N550ND_before_2_189656.csv,15,375,404,0,2.957097322329648,,0,0,0,0,0,0,0,6.447930954519671,10.06599360942316,16.14515115059846,9.809046292981312,6.350521640219627,6.512065406090368,15.270569147367357
open_2017_05_08_close_2017_05_08_flight_Fixed Wing_N550ND_before_2_189656.csv,16,400,429,0,3.5296987357133496,NormAc,0,0,0,0,0,1,0,7.432847979055503,7.412606561027275,14.798715390292399,13.239091918024702,7.909556476747293,9.031281004561102,15.270569147367357
open_2017_05_08_close_2017_05_08_flight_Fixed Wing_N550ND_before_2_189656.csv,17,425,454,0,5.0076742966896965,NormAc,0,0,0,0,0,8,0,7.765834807621238,6.138523310245464,7.860568726906645,16.233492341728777,5.77958786439148,20.807042240263236,15.270569147367357
open_2017_05_08_close_2017_05_08_flight_Fixed Wing_N550ND_before_2_189656.csv,18,450,479,0,5.666909861083754,NormAc,0,0,0,0,0,6,0,8.442426520983782,7.508156867721223,9.143717112854077,17.481316751875003,10.967931266573121,20.20672039213455,15.270569147367357
open_2017_05_08_close_2017_05_08_flight_Fixed Wing_N550ND_before_2_189656.csv,19,475,504,0,5.041250817042106,NormAc,0,0,0,0,0,4,0,7.029422210714555,6.4910842079467015,8.777943363403606,16.85810409529265,11.347420060387732,14.682442731812197,15.270569147367357
open_2017_05_08_close_2017_05_08_flight_Fixed Wing_N550ND_before_2_189656.csv,20,500,529,0,4.331542972107675,NormAc,0,0,0,0,0,3,0,7.105573435906619,3.2477458797107444,8.173193040286082,15.453011705594657,6.452503678882953,14.826776029265504,15.270569147367357
open_2017_05_08_close_2017_05_08_flight_Fixed Wing_N550ND_before_2_189656.csv,21,525,554,0,3.909147966589459,NormAc,0,0,0,0,0,2,0,6.427074226119788,4.179864068128345,6.427907923005887,14.572503270877606,4.860326224405162,16.789063213899144,15.270569147367357
open_2017_05_08_close_2017_05_08_flight_Fixed Wing_N550ND_before_2_189656.csv,22,550,579,0,4.889004243386636,NormAc,0,0,0,0,0,2,0,5.2464333595494885,11.157654229468534,11.472979712484822,13.664778423227421,13.529990610322093,12.71923259098616,15.270569147367357
open_2017_05_08_close_2017_05_08_flight_Fixed Wing_N550ND_before_2_189656.csv,23,575,604,0,4.700204153065761,NormAc,0,0,0,0,0,1,0,4.731313177816128,13.594572262434728,13.43732794604219,13.675583420357196,11.887429951176067,13.855689110931253,15.270569147367357
open_2017_05_08_close_2017_05_08_flight_Fixed Wing_N550ND_before_2_189656.csv,24,600,629,0,3.6372803743039586,NormAc,0,0,0,0,0,1,0,4.340978268620703,7.3829307659114205,9.550485490364931,15.125736419307568,5.319400365912098,13.366598543991557,15.270569147367357
open_2017_05_08_close_2017_05_08_flight_Fixed Wing_N550ND_before_2_189656.csv,25,625,654,0,4.593029671515989,NormAc,0,0,0,0,0,3,0,3.5828427761655814,8.434786037055218,8.49032041623089,15.838592520709197,10.75197231761769,15.428201815753429,15.270569147367357
open_2017_05_08_close_2017_05_08_flight_Fixed Wing_N550ND_before_2_189656.csv,26,650,679,0,4.085332560804382,,0,0,0,0,0,0,0,3.251916767626673,6.89773825654458,8.330147114421216,15.200414273777895,8.606892680593461,8.923685879945687,15.270569147367357
open_2017_05_08_close_2017_05_08_flight_Fixed Wing_N550ND_before_2_189656.csv,27,675,704,0,5.100974196108716,"E1 FFlow, E1 RPM",0,7,7,0,0,0,0,3.892088282198094,19.490244717627156,32.57641695267338,15.043397216794341,10.969726948697653,4.9435222694343945,15.270569147367357
open_2017_05_08_close_2017_05_08_flight_Fixed Wing_N550ND_before_2_189656.csv,28,700,729,0,11.917986370774988,"E1 FFlow, E1 RPM, E1 EGT1",0,22,24,0,18,2,0,4.894045100252694,51.64414155254204,123.3298442606314,18.219378646886597,30.362238414571795,10.68510565889594,15.270569147367357
open_2017_05_08_close_2017_05_08_flight_Fixed Wing_N550ND_before_2_189656.csv,29,725,754,2,13.571418316918049,"IAS, AltMSL, E1 CHT1",30,7,6,9,3,0,30,71.05256477122052,22.339370094661263,11.968928332598223,23.880173124783035,16.90689907084691,5.003110138487321,107.91458317059656
open_2017_05_08_close_2017_05_08_flight_Fixed Wing_N550ND_before_2_189656.csv,30,750,779,0,9.300418472145303,"E1 CHT1, E1 EGT1, E1 RPM",0,3,2,30,8,0,0,10.261771155187338,16.78346353738457,11.28006997504064,39.39858069500458,25.889603600303015,7.643266536359726,15.270569147367357
open_2017_05_08_close_2017_05_08_flight_Fixed Wing_N550ND_before_2_189656.csv,31,775,804,0,9.116955852589642,"E1 CHT1, E1 EGT1, E1 FFlow",0,4,4,30,5,0,0,8.035380412302242,7.306004377508861,12.555091184561881,47.44706410393605,18.284304958371685,10.157292407037396,15.270569147367357
open_2017_05_08_close_2017_05_08_flight_Fixed Wing_N550ND_before_2_189656.csv,32,800,829,0,7.75835262346335,E1 CHT1,0,0,0,30,0,0,0,6.847019788606294,1.0283887781100098,4.458474673484585,51.83256041592465,5.257456221483665,5.9208672110659455,15.270569147367357
open_2017_05_08_close_2017_05_08_flight_Fixed Wing_N550ND_before_2_189656.csv,33,825,854,0,8.048967185814366,E1 CHT1,0,0,0,30,0,0,0,5.885496358805821,1.3878850636465239,4.347344027454803,54.25988105924245,3.1875874366597667,6.927123738961047,15.270569147367357
open_2017_05_08_close_2017_05_08_flight_Fixed Wing_N550ND_before_2_189656.csv,34,850,879,0,8.2687305629466,E1 CHT1,0,0,0,30,0,0,0,5.634276083070349,0.9934748528077038,4.597771654337239,56.20779980620325,1.905525267532727,5.810866518478125,15.270569147367357
open_2017_05_08_close_2017_05_08_flight_Fixed Wing_N550ND_before_2_189656.csv,35,875,904,0,8.702754602429309,E1 CHT1,0,0,0,30,0,0,0,3.5949274719062947,1.1105130582753648,4.4744204555058875,59.24872129868136,2.3669439001886614,4.798108838005319,15.270569147367357
open_2017_05_08_close_2017_05_08_flight_Fixed Wing_N550ND_before_2_189656.csv,36,900,929,0,9.005178080647658,E1 CHT1,0,0,0,30,0,0,0,3.3334837743437435,1.4071129676541694,4.845523440491269,61.5092655614449,2.0288430342398778,2.99455694321672,15.270569147367357
open_2017_05_08_close_2017_05_08_flight_Fixed Wing_N550ND_before_2_189656.csv,37,925,954,0,9.249888437446584,E1 CHT1,0,0,0,30,0,0,0,3.702738100071858,1.330250847324293,4.730878393054485,63.27451418490775,1.688709332713118,3.5398464399214706,15.270569147367357
open_2017_05_08_close_2017_05_08_flight_Fixed Wing_N550ND_before_2_189656.csv,38,950,979,0,9.569122553268791,E1 CHT1,0,0,0,30,0,0,0,3.155411469057054,0.7742838354273315,4.741650437642203,65.31752858422621,2.2950909228347887,4.408296552683134,15.270569147367357
open_2017_05_08_close_2017_05_08_flight_Fixed Wing_N550ND_before_2_189656.csv,39,975,1004,0,9.910805977444312,E1 CHT1,0,0,0,30,0,0,0,3.255710449000566,2.8533059551089694,4.542258359276079,67.1402617840011,3.1653959120646795,8.062356281991617,15.270569147367357
open_2017_05_08_close_2017_05_08_flight_Fixed Wing_N550ND_before_2_189656.csv,40,1000,1029,0,9.769822409974978,E1 CHT1,0,0,0,30,0,0,0,2.113007314085378,3.0376320093209332,4.776205175607015,66.39809381372926,2.832257869722133,5.6985766762028955,15.270569147367357
open_2017_05_08_close_2017_05_08_flight_Fixed Wing_N550ND_before_2_189656.csv,41,1025,1054,0,9.991319004640806,"E1 CHT1, NormAc",0,0,0,30,0,3,0,1.3508313560007448,8.474267661356352,4.142310519140753,63.47438858249553,8.568027363462587,9.600833972302391,15.270569147367357
open_2017_05_08_close_2017_05_08_flight_Fixed Wing_N550ND_before_2_189656.csv,42,1050,1079,0,9.12558692737582,E1 CHT1,0,0,0,30,0,0,0,2.2474562110956144,7.8060684792170605,9.83995842384328,59.87030148027169,7.140827718459823,6.938122413962187,15.270569147367357
open_2017_05_08_close_2017_05_08_flight_Fixed Wing_N550ND_before_2_189656.csv,43,1075,1104,0,8.772839468846593,E1 CHT1,0,0,0,30,0,0,0,3.1762969491409083,9.93870181928024,10.752696917771402,56.245112852136025,10.922824395402342,3.4674335807435206,15.270569147367357
open_2017_05_08_close_2017_05_08_flight_Fixed Wing_N550ND_before_2_189656.csv,44,1100,1129,0,8.590193411745448,E1 CHT1,0,0,0,30,0,0,0,6.739134083219213,9.92788974958071,10.582176723789665,54.21674496443245,12.277956053851986,1.9434779923074703,15.270569147367357
open_2017_05_08_close_2017_05_08_flight_Fixed Wing_N550ND_before_2_189656.csv,45,1125,1154,0,8.503321564083038,E1 CHT1,0,0,0,30,0,0,0,4.872942980090354,7.498521115739888,8.25153473999932,54.94095719847482,9.92021035949597,3.262863832727658,15.270569147367357
open_2017_05_08_close_2017_05_08_flight_Fixed Wing_N550ND_before_2_189656.csv,46,1150,1179,0,15.903777666912301,"E1 CHT1, E1 FFlow, E1 RPM",0,11,11,30,0,5,8,4.4948735470962635,37.609156705297686,98.91288453985159,59.352089985602554,18.4828573003408,17.51281602608027,250.3726339794667
open_2017_05_08_close_2017_05_08_flight_Fixed Wing_N550ND_before_2_189656.csv,47,1175,1204,6,9.889271599582981,"E1 CHT1, E1 FFlow, NormAc",0,0,12,30,0,5,0,19.26204885987248,5.700532929875491,24.813068584930395,42.237740413306646,7.73796082928861,15.281094335341137,6.384557519753567
open_2017_05_08_close_2017_05_08_flight_Fixed Wing_N550ND_before_2_189656.csv,48,1200,1229,5,10.666967772329444,"AltMSL, NormAc",30,0,0,0,0,2,0,46.538478545942084,3.2465746205612964,11.617381219550838,5.66831610641689,5.822820316310063,11.392712349705247,12.661095567066125
open_2017_05_08_close_2017_05_08_flight_Fixed Wing_N550ND_before_2_189656.csv,49,1225,1254,5,10.942426717339886,"AltMSL, NormAc, E1 CHT1",30,0,0,1,0,6,0,37.01814804387805,1.9116237329811514,10.346437505697564,21.72849634066857,4.001545476899137,18.57901407732587,14.521040734489052
open_2017_05_08_close_2017_05_08_flight_Fixed Wing_N550ND_before_2_189656.csv,50,1250,1279,5,8.802908151497029,"E1 CHT1, AltMSL, NormAc",11,0,0,24,0,4,0,29.43920380644738,4.85697802177458,8.66188411782853,33.02703080580697,6.127786261959956,13.64204095596315,19.639973031077215
open_2017_05_08_close_2017_05_08_flight_Fixed Wing_N550ND_before_2_189656.csv,51,1275,1304,5,8.816622958883308,"E1 CHT1, NormAc",0,0,0,30,0,4,0,23.499994470920686,6.687416270076283,6.553666009817975,40.33105446055284,1.5907258401010733,17.39861797313209,11.018017923886191
open_2017_05_08_close_2017_05_08_flight_Fixed Wing_N550ND_before_2_189656.csv,52,1300,1329,5,7.821847704892029,"E1 CHT1, NormAc",0,0,0,30,0,6,0,12.426742760166494,3.3840031868405442,4.59816162877795,45.04024631240615,2.230199609381631,15.428074361570149,11.38671242357243
open_2017_05_08_close_2017_05_08_flight_Fixed Wing_N550ND_before_2_189656.csv,53,1325,1354,5,7.902497630280378,"E1 CHT1, NormAc",0,0,0,30,0,2,0,4.643030272697183,3.808885887486891,4.693752819392186,46.2924251245436,3.4842632169006444,13.897915304063243,10.795820229806885
open_2017_05_08_close_2017_05_08_flight_Fixed Wing_N550ND_before_2_189656.csv,54,1350,1379,5,6.942761007254926,"E1 CHT1, NormAc",0,0,0,30,0,2,0,1.9841186319678072,6.791067896239522,3.6540244873187055,45.043855762715296,4.938233520135246,13.072792936015736,14.111334635363043
open_2017_05_08_close_2017_05_08_flight_Fixed Wing_N550ND_before_2_189656.csv,55,1375,1404,5,6.786308202221748,"E1 CHT1, NormAc",0,0,0,30,0,2,0,3.8334439532683056,3.0529124839765496,3.0883823132927635,43.8995432546,2.294259574915154,12.96819404074965,6.802750221399781
open_2017_05_08_close_2017_05_08_flight_Fixed Wing_N550ND_before_2_189656.csv,56,1400,1429,5,7.0072210295856205,"E1 CHT1, NormAc",0,0,0,30,0,1,0,10.585203296185734,3.6239534315922977,3.8437891389101226,41.86951112674889,5.5210552184948805,12.273672698999189,11.240795524083508
open_2017_05_08_close_2017_05_08_flight_Fixed Wing_N550ND_before_2_189656.csv,57,1425,1454,5,7.540559063141375,"E1 CHT1, NormAc",0,0,0,30,0,1,0,19.051351731092,5.2833206286722785,4.509015148119072,38.92618293827291,12.855522323012375,12.648567124609315,11.143594152379071
open_2017_05_08_close_2017_05_08_flight_Fixed Wing_N550ND_before_2_189656.csv,58,1450,1479,5,8.273573565590263,"E1 CHT1, NormAc",0,0,0,30,0,2,0,27.410424721094113,3.9619508769204494,4.367895395065192,35.55575064678409,10.893168125519834,12.784541361423901,8.236523147818383
open_2017_05_08_close_2017_05_08_flight_Fixed Wing_N550ND_before_2_189656.csv,59,1475,1504,5,9.516568404991336,"E1 CHT1, AltMSL, E1 FFlow",12,0,5,22,0,5,0,29.245174036195213,4.943484486806875,17.84184173674157,31.731324546143615,18.954366643275723,15.265129952774613,20.90397642790301
open_2017_05_08_close_2017_05_08_flight_Fixed Wing_N550ND_before_2_189656.csv,60,1500,1529,5,9.086787736750631,"IAS, E1 EGT1, AltMSL",7,0,6,0,8,2,13,26.714865937145,6.276546809937633,24.339752320403843,22.623473727671247,29.321522295689384,10.648235484250929,29.47891727690754
open_2017_05_08_close_2017_05_08_flight_Fixed Wing_N550ND_before_2_189656.csv,61,1525,1554,1,10.785499391525105,"E1 CHT1, NormAc",0,0,0,30,0,4,0,3.8000043684633633,14.576357826023354,11.487575721178615,39.356949227683934,12.38611765409612,11.714598391938255,6.354276974681454
open_2017_05_08_close_2017_05_08_flight_Fixed Wing_N550ND_before_2_189656.csv,62,1550,1579,1,8.442763591738728,E1 CHT1,0,0,0,30,0,0,0,12.456937910940319,11.89460132175718,10.316458963182068,32.196916945559764,17.227948021190855,8.200704315779346,9.620053497919034
open_2017_05_08_close_2017_05_08_flight_Fixed Wing_N550ND_before_2_189656.csv,63,1575,1604,1,8.627447083612537,"AltMSL, NormAc",30,0,0,0,0,1,0,41.035561234027696,14.31381373884634,11.042604409547225,27.264947706800697,19.66382523181773,10.54897460617739,5.325889634397957
open_2017_05_08_close_2017_05_08_flight_Fixed Wing_N550ND_before_2_189656.csv,64,1600,1629,1,11.85604146407709,"AltMSL, NormAc",30,0,0,0,0,9,0,54.31826237419135,16.70542585107621,7.033593751168285,23.859026475578528,20.716459415717736,20.92607181407021,13.02079645836701
open_2017_05_08_close_2017_05_08_flight_Fixed Wing_N550ND_before_2_189656.csv,65,1625,1654,1,12.932412658851577,"AltMSL, NormAc, E1 RPM",30,2,2,0,0,8,2,42.09841121197825,20.66855071202974,12.53456414119606,19.41724726649609,19.499436397505033,24.61820539544603,19.211221789659152
open_2017_05_08_close_2017_05_08_flight_Fixed Wing_N550ND_before_2_189656.csv,66,1650,1679,1,10.611165433576739,"AltMSL, E1 FFlow, IAS",30,4,17,0,0,5,7,94.01649215162038,21.53392995495899,28.32094307885602,14.716655604855113,16.487928728979696,18.17274275043561,20.25016014829997
open_2017_05_08_close_2017_05_08_flight_Fixed Wing_N550ND_before_2_189656.csv,67,1675,1704,1,10.720709517700445,"AltMSL, IAS, NormAc",30,0,0,0,0,4,19,154.09493308405916,15.716996048774075,22.640219980418998,16.586639320327603,17.463703415113525,14.20084954237997,31.31481423164511
open_2017_05_08_close_2017_05_08_flight_Fixed Wing_N550ND_before_2_189656.csv,68,1700,1729,1,11.24440476557286,"AltMSL, IAS, E1 CHT1",30,0,0,3,0,0,28,192.07560113442085,13.442210147317295,21.127992441394486,23.045915686880775,15.07735307475741,8.58771488357398,35.862231506872966
open_2017_05_08_close_2017_05_08_flight_Fixed Wing_N550ND_before_2_189656.csv,69,1725,1754,1,13.784935229619418,"AltMSL, IAS, E1 FFlow",30,0,21,15,0,1,30,222.97799944907993,18.207870267798636,36.2403222242755,30.41013472901937,5.847100212620281,10.908818292770016,37.611725107851846
open_2017_05_08_close_2017_05_08_flight_Fixed Wing_N550ND_before_2_189656.csv,70,1750,1779,1,15.184260597919938,"AltMSL, IAS, E1 CHT1",30,0,21,26,0,0,30,255.31854695267668,16.79810941473246,35.13201995187552,37.65507970676756,8.198233161016208,7.496626563049834,42.64286403503766
open_2017_05_08_close_2017_05_08_flight_Fixed Wing_N550ND_before_2_189656.csv,71,1775,1804,1,16.421470062275255,"AltMSL, E1 CHT1, IAS",30,0,21,30,0,0,29,281.6305117678826,16.687742725725762,33.15562369697456,43.5513773717036,7.777101345604993,7.457530030195611,40.59023299201721
open_2017_05_08_close_2017_05_08_flight_Fixed Wing_N550ND_before_2_189656.csv,72,1800,1829,1,16.797313528931102,"AltMSL, E1 CHT1, E1 FFlow",30,0,20,30,0,1,3,284.00867399939597,21.38329294971479,28.261941101729406,48.22049742714587,4.78063944549508,7.520032179691389,16.069888307776317
open_2017_05_08_close_2017_05_08_flight_Fixed Wing_N550ND_before_2_189656.csv,73,1825,1854,1,18.4132622267683,"AltMSL, E1 CHT1, NormAc",30,0,0,30,0,6,2,299.58709374229824,11.122056360893342,8.677051355536364,48.97331750188558,14.24904021943582,17.081044228841577,15.809446117090868
open_2017_05_08_close_2017_05_08_flight_Fixed Wing_N550ND_before_2_189656.csv,74,1850,1879,1,16.929335963781007,"AltMSL, E1 CHT1, NormAc",30,0,0,30,0,2,0,303.9421900440912,9.32088725815785,3.438828133388431,44.68361067092942,13.78882286287442,12.487336632413529,12.075032774994096
open_2017_05_08_close_2017_05_08_flight_Fixed Wing_N550ND_before_2_189656.csv,75,1875,1904,1,15.915133117082826,"AltMSL, E1 CHT1, NormAc",30,0,0,30,0,2,0,301.52161026588095,9.674884170822965,7.663860602544333,37.296840158746235,5.617126373163621,11.42138607650423,13.205369177747029
open_2017_05_08_close_2017_05_08_flight_Fixed Wing_N550ND_before_2_189656.csv,76,1900,1929,1,15.23782365524149,"AltMSL, E1 CHT1, NormAc",30,0,0,20,0,4,0,294.85801112047034,11.557454731741842,8.06318532005654,30.484807458455744,5.769349594324546,13.01800740685475,9.862369674112555
open_2017_05_08_close_2017_05_08_flight_Fixed Wing_N550ND_before_2_189656.csv,77,1925,1954,1,14.456951086915428,"AltMSL, NormAc",30,0,0,0,0,2,0,300.64136016913517,7.50634958533397,3.1307656399416257,25.075154800525844,9.843780128899091,10.242321765483094,16.567201828269027
open_2017_05_08_close_2017_05_08_flight_Fixed Wing_N550ND_before_2_189656.csv,78,1950,1979,1,14.330434651200923,AltMSL,30,0,0,0,0,0,0,305.40391523810393,14.146810089374007,11.508120148821602,20.508948245937255,12.136346715407067,10.633495554506677,12.088608491164889
open_2017_05_08_close_2017_05_08_flight_Fixed Wing_N550ND_before_2_189656.csv,79,1975,2004,1,14.525193026156124,"AltMSL, NormAc, E1 RPM",30,1,0,0,0,2,0,305.11182415621164,21.543565126060727,14.030487035287754,18.26640323164839,15.875483020712762,12.329129437529431,5.341292670629979
open_2017_05_08_close_2017_05_08_flight_Fixed Wing_N550ND_before_2_189656.csv,80,2000,2029,1,17.379822002200992,"AltMSL, NormAc, IAS",30,0,0,0,0,8,3,329.7059994778427,19.329454019517698,9.757521480285403,16.759472454275524,16.12626875998538,21.598502267506138,12.315504291074951
open_2017_05_08_close_2017_05_08_flight_Fixed Wing_N550ND_before_2_189656.csv,81,2025,2054,1,16.58992000534142,"AltMSL, NormAc, IAS",30,0,0,0,0,8,4,316.952279734876,9.746627374456649,10.706123517856213,13.89550060126036,19.218761213663974,21.972497898351737,23.313743230396035
open_2017_05_08_close_2017_05_08_flight_Fixed Wing_N550ND_before_2_189656.csv,82,2050,2079,1,13.59674858252713,"AltMSL, NormAc",30,0,0,0,0,3,0,293.5210503048974,3.5976943664964485,8.824126582567722,6.425984202376476,12.825930164536617,12.752090218684165,6.580694153216636
open_2017_05_08_close_2017_05_08_flight_Fixed Wing_N550ND_before_2_189656.csv,83,2075,2104,1,13.001917822429869,"AltMSL, NormAc",30,0,0,0,0,1,0,292.2512999329313,7.660981511340729,3.124822094789592,1.0186992518417637,9.071227963735767,11.233161301254771,9.910015257293715
open_2017_05_08_close_2017_05_08_flight_Fixed Wing_N550ND_before_2_189656.csv,84,2100,2129,1,13.40675671241107,"AltMSL, NormAc",30,0,0,0,0,1,0,302.08062363345556,10.287458028561696,3.8088708534318285,3.3038925322153574,10.019686339083627,10.21760941783898,3.817896948489654
open_2017_05_08_close_2017_05_08_flight_Fixed Wing_N550ND_before_2_189656.csv,85,2125,2154,1,14.433785652724428,"AltMSL, NormAc",30,0,0,0,0,2,0,322.9641944122266,11.716575155884946,3.7286496783833494,2.7091262886554306,10.25584896612974,12.602250701806522,2.8355331536446635
open_2017_05_08_close_2017_05_08_flight_Fixed Wing_N550ND_before_2_189656.csv,86,2150,2179,1,14.054206672812366,"AltMSL, NormAc",30,0,0,0,0,1,0,326.22402512182,12.839325378411244,3.9694340387758613,1.9777131600550966,10.652169489452103,8.970214528637847,2.767383820138517
open_2017_05_08_close_2017_05_08_flight_Fixed Wing_N550ND_before_2_189656.csv,87,2175,2204,1,15.000851174829384,"AltMSL, NormAc",30,0,0,0,0,2,0,315.5503935813486,13.866462283926921,4.566938799142732,1.9179988708114957,10.428100271793841,15.019116186366404,6.184208181051508
open_2017_05_08_close_2017_05_08_flight_Fixed Wing_N550ND_before_2_189656.csv,88,2200,2229,1,15.003559954315422,"AltMSL, NormAc",30,0,0,0,0,3,0,318.2027505696259,17.37716935026377,5.102680228583801,2.7781102793842583,12.2832042055136,14.975195319745053,13.13421073698673
open_2017_05_08_close_2017_05_08_flight_Fixed Wing_N550ND_before_2_189656.csv,89,2225,2254,1,13.960080379735187,"AltMSL, NormAc",30,0,0,0,0,2,0,320.7329775863375,16.613714191448796,5.101760934697744,3.4857976078589266,11.406228343840858,9.105226741906112,11.467326615883037
open_2017_05_08_close_2017_05_08_flight_Fixed Wing_N550ND_before_2_189656.csv,90,2250,2279,1,13.744005176947553,"AltMSL, NormAc",30,0,0,0,0,1,0,309.4467092560763,14.18133000935661,5.027526633480512,4.279605763211431,10.1071037409374,11.115936598340868,5.69995161176651
open_2017_05_08_close_2017_05_08_flight_Fixed Wing_N550ND_before_2_189656.csv,91,2275,2304,1,13.103486466837019,"AltMSL, NormAc",30,0,0,0,0,1,0,310.43658830198626,10.562295308465739,4.223916306346533,4.562442735383848,8.464883277107056,7.150197052454515,4.136467400299523
open_2017_05_08_close_2017_05_08_flight_Fixed Wing_N550ND_before_2_189656.csv,92,2300,2329,1,13.15366215745154,AltMSL,30,0,0,0,0,0,0,306.3005815912719,10.541921608759482,4.2048414777486975,4.328956619371967,8.118707322147035,8.22917789078439,4.0807079830372395
open_2017_05_08_close_2017_05_08_flight_Fixed Wing_N550ND_before_2_189656.csv,93,2325,2354,1,13.758310297074694,"AltMSL, NormAc",30,0,0,0,0,1,0,314.57840000914587,11.257249230589728,4.419406366126047,3.1019621920122376,7.513176830020015,9.331856130471731,4.278406396368408
open_2017_05_08_close_2017_05_08_flight_Fixed Wing_N550ND_before_2_189656.csv,94,2350,2379,1,14.627594049566978,"AltMSL, NormAc",30,0,0,0,0,2,0,318.60870352829573,12.86286338910497,4.835567815809936,1.9695289767018005,8.159506315056408,14.801888576291754,4.61685376041177
open_2017_05_08_close_2017_05_08_flight_Fixed Wing_N550ND_before_2_189656.csv,95,2375,2404,1,13.568290511344022,"AltMSL, NormAc",30,0,0,0,0,1,0,305.12598007668174,17.256257462344525,5.58643152535442,1.4400506642939745,10.689739217387443,11.002049163933757,13.371804664487913
open_2017_05_08_close_2017_05_08_flight_Fixed Wing_N550ND_before_2_189656.csv,96,2400,2429,1,12.658208333852402,"AltMSL, NormAc",30,0,0,0,0,1,0,288.63841714383875,17.336471530362505,5.797996048543461,2.292748184665874,12.244113202935198,8.990919030186037,12.18958827347976
open_2017_05_08_close_2017_05_08_flight_Fixed Wing_N550ND_before_2_189656.csv,97,2425,2454,1,13.12276334539069,"AltMSL, NormAc",30,0,0,0,0,2,0,290.7870263279812,14.985071430695438,12.021700113227332,3.215421713701161,6.2416348015231335,10.256716562915456,8.670190550759763
open_2017_05_08_close_2017_05_08_flight_Fixed Wing_N550ND_before_2_189656.csv,98,2450,2479,1,13.75354597122393,"AltMSL, NormAc",30,0,0,0,0,1,0,303.93205464164765,18.076218477697854,15.00432383289365,2.1202985724856767,6.365898351016091,11.817050339743119,4.843276758566676
open_2017_05_08_close_2017_05_08_flight_Fixed Wing_N550ND_before_2_189656.csv,99,2475,2504,1,14.401395324517065,"AltMSL, NormAc",30,0,0,0,0,2,0,308.2977722267005,19.269423986408118,11.548025471831698,2.6335904348090993,9.832595487154327,13.140221929196407,6.387918883526536
open_2017_05_08_close_2017_05_08_flight_Fixed Wing_N550ND_before_2_189656.csv,100,2500,2529,1,14.192297667511113,"AltMSL, NormAc",30,0,0,0,0,4,0,294.94433343143805,14.581876580522053,3.0971798250636793,4.371393643003981,12.216552068077844,13.313973367601577,11.786528326176306
open_2017_05_08_close_2017_05_08_flight_Fixed Wing_N550ND_before_2_189656.csv,101,2525,2554,1,13.70259242900937,"AltMSL, NormAc",30,0,0,0,0,3,0,277.3694104113497,16.86850167840971,5.798275733666079,3.050852464713575,12.421113099335031,13.765174840260368,11.027837817237463
open_2017_05_08_close_2017_05_08_flight_Fixed Wing_N550ND_before_2_189656.csv,102,2550,2579,1,14.264886646618807,"AltMSL, NormAc",30,0,0,0,0,3,0,296.49040144892876,19.29312387708476,11.076129844756062,0.9092033474078143,9.668196605801123,13.845598626300017,7.834466157999285
open_2017_05_08_close_2017_05_08_flight_Fixed Wing_N550ND_before_2_189656.csv,103,2575,2604,1,13.635445050664526,"AltMSL, NormAc",30,0,0,0,0,1,0,303.0685424034536,15.947395929079333,4.108623313954153,0.8456083068415459,11.18303614055692,12.324379559276096,11.277763552710297
open_2017_05_08_close_2017_05_08_flight_Fixed Wing_N550ND_before_2_189656.csv,104,2600,2629,1,12.858335736266316,"AltMSL, NormAc",30,0,0,0,0,1,0,284.09124756937956,15.342059007852876,5.812470218806986,0.5158243776966984,11.105723169606904,11.533732548912498,9.238375724103992
open_2017_05_08_close_2017_05_08_flight_Fixed Wing_N550ND_before_2_189656.csv,105,2625,2654,1,15.284773343962726,"AltMSL, NormAc, E1 FFlow",30,0,3,0,0,5,0,298.5406798846599,18.997382187675424,19.49966111552723,1.4741583907422189,4.762413671777866,15.606594819283693,10.30501109445627
open_2017_05_08_close_2017_05_08_flight_Fixed Wing_N550ND_before_2_189656.csv,106,2650,2679,1,14.856007553984458,"AltMSL, NormAc",30,0,0,0,0,3,0,319.76873603496153,18.722431897607414,10.612902665001565,2.0541482381749456,8.549425618771178,15.635035207603316,9.611968043775267
open_2017_05_08_close_2017_05_08_flight_Fixed Wing_N550ND_before_2_189656.csv,107,2675,2704,1,13.729400999845648,"AltMSL, NormAc",30,0,0,0,0,3,0,297.00634276772576,16.202005396645724,1.3775527815622517,2.8261881026319244,14.911522172285096,13.815797259596659,17.381009334779822
open_2017_05_08_close_2017_05_08_flight_Fixed Wing_N550ND_before_2_189656.csv,108,2700,2729,1,13.738151181822039,"AltMSL, NormAc",30,0,0,0,0,1,0,294.9151533101965,15.45016934647804,1.8245060721416806,1.073756875740767,13.27959036939279,13.659036164631237,14.701194645669688
open_2017_05_08_close_2017_05_08_flight_Fixed Wing_N550ND_before_2_189656.csv,109,2725,2754,1,13.21895258540256,"AltMSL, NormAc",30,0,0,0,0,2,0,302.29752084974126,12.817546682770349,1.8593436740501137,1.9839263261093312,10.345564543829683,10.13628176690172,8.691819143544674
open_2017_05_08_close_2017_05_08_flight_Fixed Wing_N550ND_before_2_189656.csv,110,2750,2779,1,12.303916681688959,"AltMSL, NormAc",30,0,0,0,0,1,0,282.3326461672212,12.912554879146755,1.5395440598445267,4.469521228851765,11.143027793667148,8.644524106295856,9.867851680420943
open_2017_05_08_close_2017_05_08_flight_Fixed Wing_N550ND_before_2_189656.csv,111,2775,2804,1,13.800229996460395,"AltMSL, NormAc",30,0,0,0,0,4,0,275.90936885882377,11.425117707333365,3.1182050675356217,6.231699223194699,10.334965491515636,15.695802122595733,7.761949589019869
open_2017_05_08_close_2017_05_08_flight_Fixed Wing_N550ND_before_2_189656.csv,112,2800,2829,1,14.503038278141215,"AltMSL, NormAc",30,0,0,0,0,6,0,295.1255748998892,16.0982283593189,7.417133859872285,6.690966408534205,9.514654610142964,15.08444185577,6.597016661955711
open_2017_05_08_close_2017_05_08_flight_Fixed Wing_N550ND_before_2_189656.csv,113,2825,2854,1,13.657766825541168,AltMSL,30,0,0,0,0,0,0,305.2323521592603,13.747157764889199,4.149208337129681,6.337907142586613,9.678175870794474,11.859042705651108,6.735770135755834
open_2017_05_08_close_2017_05_08_flight_Fixed Wing_N550ND_before_2_189656.csv,114,2850,2879,1,14.443580050289407,"AltMSL, NormAc",30,0,0,0,0,4,0,313.76119646338384,8.461974473078508,2.9855414491651286,6.0343567148073705,7.676753195827885,14.14007990914012,7.235209634086808
open_2017_05_08_close_2017_05_08_flight_Fixed Wing_N550ND_before_2_189656.csv,115,2875,2904,1,13.99967924182149,"AltMSL, NormAc",30,0,0,0,0,6,0,294.08812012037663,9.471096952673921,2.6640888323930203,5.333451590212148,9.42118746960449,15.590845337728457,2.3005904854241064
open_2017_05_08_close_2017_05_08_flight_Fixed Wing_N550ND_before_2_189656.csv,116,2900,2929,1,13.109364443050996,"AltMSL, NormAc",30,0,0,0,0,2,0,284.37963460381064,8.435750784280126,1.8326825644968896,4.632457077127432,8.907649693629041,12.463508628837939,3.5143451408573205
open_2017_05_08_close_2017_05_08_flight_Fixed Wing_N550ND_before_2_189656.csv,117,2925,2954,1,13.096514563791434,"AltMSL, NormAc",30,0,0,0,0,2,0,285.64492646378733,8.326081401634799,1.9967858128178335,4.155759802782567,9.547637047525717,12.894179775788801,4.172950018539182
open_2017_05_08_close_2017_05_08_flight_Fixed Wing_N550ND_before_2_189656.csv,118,2950,2979,1,12.559358783684168,AltMSL,30,0,0,0,0,0,0,288.10195287215424,3.9785191902448074,5.091565503376102,3.8774939937326285,8.859965316376545,9.08887860043955,10.810320111069549
open_2017_05_08_close_2017_05_08_flight_Fixed Wing_N550ND_before_2_189656.csv,119,2975,3004,1,12.838502798537139,AltMSL,30,0,0,0,0,0,0,291.6220380331208,6.086045453748649,6.935442099172537,4.335479822838111,5.069246433893373,9.246038109852151,18.481401933851085
open_2017_05_08_close_2017_05_08_flight_Fixed Wing_N550ND_before_2_189656.csv,120,3000,3029,1,14.6234977543561,"AltMSL, NormAc",30,0,0,0,0,3,0,302.01091578825145,12.325373695381822,14.17487232927298,2.952984266496404,3.2056094630029346,15.32682994739274,16.453997452691137
open_2017_05_08_close_2017_05_08_flight_Fixed Wing_N550ND_before_2_189656.csv,121,3025,3054,1,14.41503906253996,"AltMSL, E1 FFlow, NormAc",30,0,5,0,0,2,0,303.9223043492504,17.18734002883774,15.831276082483647,2.5587076784305944,4.210410415928438,13.169302837622768,4.608576151540305
open_2017_05_08_close_2017_05_08_flight_Fixed Wing_N550ND_before_2_189656.csv,122,3050,3079,1,24.461377449734666,"AltMSL, NormAc",30,0,0,0,0,23,0,294.204329285608,9.913704136107489,6.7283411616414535,4.5264397422439195,7.823869685082154,51.11970659908435,4.7571377313755026
open_2017_05_08_close_2017_05_08_flight_Fixed Wing_N550ND_before_2_189656.csv,123,3075,3104,1,21.494706706476542,"AltMSL, NormAc",30,0,0,0,0,11,0,289.04118013546764,10.565190118921782,6.840512908088383,4.8452679323042,6.6447731849871365,35.45423195337796,7.739095209309275
open_2017_05_08_close_2017_05_08_flight_Fixed Wing_N550ND_before_2_189656.csv,124,3100,3129,1,13.58790341760873,"AltMSL, NormAc",30,0,0,0,0,3,0,292.6739941662209,13.64706032066606,12.992186250873957,5.069759788134706,4.545507279493289,12.691819799459822,12.260712232311391
open_2017_05_08_close_2017_05_08_flight_Fixed Wing_N550ND_before_2_189656.csv,125,3125,3154,1,20.922184798950948,"AltMSL, NormAc",30,0,0,0,0,10,0,309.86773919647476,13.38349099785813,8.034340636684039,6.608105710161488,5.349792192318784,32.94324521819952,2.8848778134631194
open_2017_05_08_close_2017_05_08_flight_Fixed Wing_N550ND_before_2_189656.csv,126,3150,3179,1,27.01171477736643,"AltMSL, NormAc",30,0,0,0,0,24,0,307.8666748128789,9.491001650967915,3.118102823983079,7.3629819117088955,8.420650817075277,57.17696877524748,4.5438502627918735
open_2017_05_08_close_2017_05_08_flight_Fixed Wing_N550ND_before_2_189656.csv,127,3175,3204,1,14.152828378504456,"AltMSL, NormAc",30,0,0,0,0,2,0,304.79199501719984,1.6488627950230714,6.267713909544687,5.269216299146068,8.00490915077967,14.332348348916497,3.0837942210724654
open_2017_05_08_close_2017_05_08_flight_Fixed Wing_N550ND_before_2_189656.csv,128,3200,3229,1,13.156908522264125,AltMSL,30,0,0,0,0,0,0,297.5129024096927,1.7655879850089202,6.93119960460143,1.646519240321785,6.309937434028253,11.53449050559188,8.101783706062383
open_2017_05_08_close_2017_05_08_flight_Fixed Wing_N550ND_before_2_189656.csv,129,3225,3254,1,21.45232344394998,"AltMSL, NormAc",30,0,0,0,0,17,0,298.6146537660571,6.7519520663585695,6.040671735209863,1.874530204902937,4.68252409180468,38.10560383995659,7.92913531192553
open_2017_05_08_close_2017_05_08_flight_Fixed Wing_N550ND_before_2_189656.csv,130,3250,3279,1,23.47027465682718,"AltMSL, NormAc",30,0,0,0,0,23,0,287.47523304082426,22.077081934736718,21.165842609683786,3.320951848308566,1.5451571771499135,47.27961263396743,4.374916424185287
open_2017_05_08_close_2017_05_08_flight_Fixed Wing_N550ND_before_2_189656.csv,131,3275,3304,1,13.800606809549969,"AltMSL, NormAc",30,0,0,0,0,3,0,293.0680804113103,21.15485974326838,17.702560095040432,1.971637110021281,2.1787892196688943,13.42145001929812,2.3565144932842377
open_2017_05_08_close_2017_05_08_flight_Fixed Wing_N550ND_before_2_189656.csv,132,3300,3329,1,13.992424173012001,"AltMSL, NormAc",30,0,0,0,0,2,0,311.1456440283703,19.304609533222212,11.135639440395964,2.786046784357961,4.65895143822953,12.935361965040363,8.914957757221302
open_2017_05_08_close_2017_05_08_flight_Fixed Wing_N550ND_before_2_189656.csv,133,3325,3354,1,13.8691049811325,"AltMSL, NormAc",30,0,0,0,0,2,0,313.336263252637,17.68103395210095,10.06581262486815,4.125130379324366,4.887436918018749,10.460725607862837,6.378598431964818
open_2017_05_08_close_2017_05_08_flight_Fixed Wing_N550ND_before_2_189656.csv,134,3350,3379,1,13.545419963612023,AltMSL,30,0,0,0,0,0,0,308.9091514681347,17.368605000630616,10.332226256737513,4.0545619582740855,2.92778959668068,9.800464152491168,5.72334869094021
open_2017_05_08_close_2017_05_08_flight_Fixed Wing_N550ND_before_2_189656.csv,135,3375,3404,1,13.721547602694418,"AltMSL, NormAc",30,0,0,0,0,2,0,309.58711205512316,16.330606639831085,9.983421835042682,3.8454262827000183,2.424249788044584,9.282552706339612,4.2374923541546305
open_2017_05_08_close_2017_05_08_flight_Fixed Wing_N550ND_before_2_189656.csv,136,3400,3429,1,14.571325506920337,"AltMSL, NormAc",30,0,0,0,0,3,0,313.75297526223414,18.801029466923218,10.389189802892508,3.797796046418929,3.5542884305256264,14.902579809721972,8.96745677798688
open_2017_05_08_close_2017_05_08_flight_Fixed Wing_N550ND_before_2_189656.csv,137,3425,3454,1,14.610992884792028,"AltMSL, NormAc",30,0,0,0,0,3,0,328.27808403825713,20.712988366162417,10.617920163313972,3.574719139715305,4.619026634484838,11.178358156326635,13.653963645191356
open_2017_05_08_close_2017_05_08_flight_Fixed Wing_N550ND_before_2_189656.csv,138,3450,3479,1,14.82698780709458,"AltMSL, NormAc",30,0,0,0,0,3,0,308.99765080108466,22.828426899212904,11.842404086551893,2.724239262820927,4.13164418974481,12.71303838425411,17.72649545615073
open_2017_05_08_close_2017_05_08_flight_Fixed Wing_N550ND_before_2_189656.csv,139,3475,3504,1,14.10252033621562,"AltMSL, NormAc",30,0,0,0,0,1,0,304.10644482529966,18.64566348474233,10.677252089903481,1.678150998665427,2.8413698436690646,9.939578501770573,8.115944714785213
open_2017_05_08_close_2017_05_08_flight_Fixed Wing_N550ND_before_2_189656.csv,140,3500,3529,1,13.920914007500294,"AltMSL, NormAc",30,0,0,0,0,1,0,320.3684536777022,14.38213544997068,9.563368623759988,1.0839631554578586,0.6397775987720218,8.808999166674738,2.906670878074351
open_2017_05_08_close_2017_05_08_flight_Fixed Wing_N550ND_before_2_189656.csv,141,3525,3554,1,15.399606316752513,"AltMSL, NormAc",30,0,0,0,0,2,0,341.92693569271273,16.195476327004982,9.625302874826241,1.4605320507385307,0.9826599212153635,12.911611752967746,3.51559894658949
open_2017_05_08_close_2017_05_08_flight_Fixed Wing_N550ND_before_2_189656.csv,142,3550,3579,1,15.313393569585559,AltMSL,30,0,0,0,0,0,0,363.81713018925336,17.832278887195056,9.833651651387767,1.7690281146108653,0.979141895302268,7.746377578514498,6.763532810683135
open_2017_05_08_close_2017_05_08_flight_Fixed Wing_N550ND_before_2_189656.csv,143,3575,3604,1,14.718125419840042,AltMSL,30,0,0,0,0,0,0,347.8242097527811,21.612715918082504,10.813335644637013,1.8662610814168836,1.0555199463681417,6.356135301821257,15.93275204386988
open_2017_05_08_close_2017_05_08_flight_Fixed Wing_N550ND_before_2_189656.csv,144,3600,3629,1,13.9794310641827,"AltMSL, E1 RPM",30,5,0,0,0,0,0,326.5623870297313,24.60799763652472,12.359921916635908,1.3204160942660166,0.3745056237025691,7.534351510178456,21.872920391156306
open_2017_05_08_close_2017_05_08_flight_Fixed Wing_N550ND_before_2_189656.csv,145,3625,3654,1,13.869506920482182,"AltMSL, E1 RPM, NormAc",30,4,0,0,0,2,1,310.4996974921558,22.749986563911307,12.161319967429389,0.48415571427792525,1.0278922957528347,10.99805551891309,16.43126053336928
open_2017_05_08_close_2017_05_08_flight_Fixed Wing_N550ND_before_2_189656.csv,146,3650,3679,1,13.203122610992926,"AltMSL, NormAc",30,0,0,0,0,1,0,302.77384682937037,20.55247382408314,8.890004443598613,0.9054269436538814,3.7514393748398,9.42171189204406,17.377566408041293
open_2017_05_08_close_2017_05_08_flight_Fixed Wing_N550ND_before_2_189656.csv,147,3675,3704,1,12.140593344472578,AltMSL,30,0,0,0,0,0,0,277.3423407169539,16.96949725649414,2.2297960197727194,2.0488591688817324,8.91982914036486,8.741843585537627,21.173147663655463
open_2017_05_08_close_2017_05_08_flight_Fixed Wing_N550ND_before_2_189656.csv,148,3700,3729,1,12.371556890725985,"AltMSL, NormAc",30,0,0,0,0,3,0,260.46242801577216,18.17120032335875,2.655445394288996,4.38294629311299,10.264026389295452,11.618163576004276,23.044188043588328
open_2017_05_08_close_2017_05_08_flight_Fixed Wing_N550ND_before_2_189656.csv,149,3725,3754,1,11.987241287252733,"AltMSL, IAS, NormAc",30,0,0,0,0,2,12,255.49945281644963,15.961552792722044,3.606524336710548,7.013052990950015,11.239296264678819,11.721289482648515,26.62066576346689
open_2017_05_08_close_2017_05_08_flight_Fixed Wing_N550ND_before_2_189656.csv,150,3750,3779,1,12.246726578547241,"AltMSL, IAS, NormAc",30,0,0,0,0,3,10,226.01491669290766,5.410311181667044,15.066037889180977,10.932657795902928,14.96319159633762,16.331774811353046,27.304171194868086
open_2017_05_08_close_2017_05_08_flight_Fixed Wing_N550ND_before_2_189656.csv,151,3775,3804,1,10.080617011633288,"AltMSL, IAS, NormAc",30,0,0,0,0,1,1,178.6201115863779,1.8998655676049676,16.968432442827595,17.945639405843522,12.248811079233848,10.824301288275537,23.674607668667296
open_2017_05_08_close_2017_05_08_flight_Fixed Wing_N550ND_before_2_189656.csv,152,3800,3829,1,11.089528119988822,"AltMSL, IAS, NormAc",30,0,0,2,0,4,11,144.25919931673727,3.34862420591958,16.875207525958736,25.376605983664607,14.183108142579016,14.482721932550877,30.479863078630167
open_2017_05_08_close_2017_05_08_flight_Fixed Wing_N550ND_before_2_189656.csv,153,3825,3854,1,10.365345528976267,"AltMSL, E1 CHT1, IAS",30,0,0,19,0,1,15,117.15991745723593,5.090602711846182,16.626739858760338,31.35293827721075,16.423014808372084,10.66873811136464,32.839355456795865
open_2017_05_08_close_2017_05_08_flight_Fixed Wing_N550ND_before_2_189656.csv,154,3850,3879,1,10.465403228770514,"AltMSL, E1 CHT1, NormAc",30,0,0,30,0,1,0,98.83932254734741,0.9152125379669959,16.254225301070633,36.27025897736431,13.526521574844317,8.844150977507995,25.412376335433503
open_2017_05_08_close_2017_05_08_flight_Fixed Wing_N550ND_before_2_189656.csv,155,3875,3904,1,11.40209580935217,"AltMSL, E1 CHT1, NormAc",30,0,0,30,0,2,0,69.8834912872544,1.8957985247804348,16.351751333609606,39.7434893795164,13.51083727111206,12.859496082080188,19.305234766179588
open_2017_05_08_close_2017_05_08_flight_Fixed Wing_N550ND_before_2_189656.csv,156,3900,3929,1,11.002375165545299,"E1 CHT1, AltMSL, NormAc",12,0,0,30,0,2,0,25.510354102903463,4.496935764235326,16.272284815428947,41.82126198778013,14.403762849607611,10.678808266794444,16.129161633957683
open_2017_05_08_close_2017_05_08_flight_Fixed Wing_N550ND_before_2_189656.csv,157,3925,3954,1,11.675723050294943,"E1 CHT1, AltMSL, NormAc",9,0,0,30,0,3,0,21.846403413106287,3.597202123136046,14.272497505017776,42.698395641950455,15.688741589196656,11.192222707716056,18.63796938237309
open_2017_05_08_close_2017_05_08_flight_Fixed Wing_N550ND_before_2_189656.csv,158,3950,3979,1,12.537939412052125,"AltMSL, E1 CHT1, IAS",30,0,0,30,0,2,4,48.80576939180248,4.6392048847595655,11.189275186694308,42.795929385390544,18.180085584646115,12.063308739630196,26.54163426146598
open_2017_05_08_close_2017_05_08_flight_Fixed Wing_N550ND_before_2_189656.csv,159,3975,4004,1,13.22676355983379,"AltMSL, E1 CHT1, IAS",30,0,0,30,0,6,14,74.98617077493086,5.515493020593702,11.2643115836119,41.43020618819558,20.829995025870456,16.29402498169892,29.737440654564168
open_2017_05_08_close_2017_05_08_flight_Fixed Wing_N550ND_before_2_189656.csv,160,4000,4029,4,11.246129955507238,"E1 EGT1, E1 CHT1, AltMSL",30,0,0,30,30,1,0,39.05042378146498,0.9400437289291171,21.258008783703755,42.22307559984407,58.896238083704795,7.5351398837748444,21.01317131403901
open_2017_05_08_close_2017_05_08_flight_Fixed Wing_N550ND_before_2_189656.csv,161,4025,4054,4,11.084497708488277,"E1 EGT1, E1 CHT1, AltMSL",20,0,0,30,30,1,0,31.637802025313874,10.218873815687216,7.595779180874988,41.048509417399124,55.71810596459121,9.957773225644605,14.356295718093259
open_2017_05_08_close_2017_05_08_flight_Fixed Wing_N550ND_before_2_189656.csv,162,4050,4079,4,9.007165436492967,"E1 EGT1, E1 CHT1",0,0,0,30,30,0,0,24.434259571692117,13.937980937440075,2.4532502517713857,36.708272866891576,59.455716069307435,6.387409850352723,13.498075977248458
open_2017_05_08_close_2017_05_08_flight_Fixed Wing_N550ND_before_2_189656.csv,163,4075,4104,4,8.462703741167745,"E1 EGT1, E1 CHT1",0,0,0,11,30,0,0,20.56930873415002,10.35713280179164,3.265382417078911,28.698641434905685,58.447092892196615,8.372081446844543,7.824331994436743
open_2017_05_08_close_2017_05_08_flight_Fixed Wing_N550ND_before_2_189656.csv,164,4100,4129,4,8.42386132469852,"E1 EGT1, NormAc",0,0,0,0,30,1,0,15.118995068154616,13.550035666360836,2.7977447628311096,20.3214523249667,61.75804539969675,9.404154362132617,13.602239036581471
open_2017_05_08_close_2017_05_08_flight_Fixed Wing_N550ND_before_2_189656.csv,165,4125,4154,4,8.343209214676131,"E1 EGT1, NormAc",0,0,0,0,30,1,0,10.16903250619347,16.59520670206836,1.6306162236333817,12.572653847081302,65.3942735545642,9.722385971967197,18.385505154922665
open_2017_05_08_close_2017_05_08_flight_Fixed Wing_N550ND_before_2_189656.csv,166,4150,4179,4,6.746967303430959,E1 EGT1,0,0,0,0,30,0,0,6.264796822353204,17.475525890375508,3.243238522170714,6.594892336182452,63.257494972532136,7.850889588275154,13.752331298928413
open_2017_05_08_close_2017_05_08_flight_Fixed Wing_N550ND_before_2_189656.csv,167,4175,4204,4,8.24818291404604,"E1 EGT1, NormAc",0,0,0,0,23,2,0,5.486403803526433,20.670828714358038,8.428225490872128,1.9587941584820507,50.17280632885889,10.93179923527869,15.377291372859256
open_2017_05_08_close_2017_05_08_flight_Fixed Wing_N550ND_before_2_189656.csv,168,4200,4229,4,7.333967490573234,NormAc,0,0,0,0,0,2,0,8.041047640752028,17.014148696743824,10.90776285044761,3.692031135402112,5.0493290221682,10.497178887922528,16.33593289272382
open_2017_05_08_close_2017_05_08_flight_Fixed Wing_N550ND_before_2_189656.csv,169,4225,4254,4,6.346839885353418,NormAc,0,0,0,0,0,1,0,5.629450920623429,14.236380527093544,10.554425496844695,7.012433220093646,6.522504999374174,8.052606528758066,10.353178717832972
open_2017_05_08_close_2017_05_08_flight_Fixed Wing_N550ND_before_2_189656.csv,170,4250,4279,4,5.324325970757362,,0,0,0,0,0,0,0,4.15815929233783,16.291544326271328,18.760923352724586,8.786850513843353,10.999938537600086,6.273355924910396,2.56839985540036
open_2017_05_08_close_2017_05_08_flight_Fixed Wing_N550ND_before_2_189656.csv,171,4275,4304,4,6.238135505749879,,0,0,0,0,0,0,0,7.746038515418387,17.284251245816343,21.69271831986541,11.262718538307308,12.578039487379232,7.618363296982798,2.0215516114348313
open_2017_05_08_close_2017_05_08_flight_Fixed Wing_N550ND_before_2_189656.csv,172,4300,4329,4,8.872003077731332,NormAc,0,0,0,0,0,1,0,13.435539171356282,15.880280388434239,14.503075178581511,15.325997933219933,10.899447033644977,11.427147265678322,8.174907713779536
open_2017_05_08_close_2017_05_08_flight_Fixed Wing_N550ND_before_2_189656.csv,173,4325,4354,4,11.297934700069815,"IAS, NormAc",0,0,0,0,0,7,7,7.167135876029657,11.570837730018914,3.1528487884796794,17.861768081972425,3.996191975502646,15.449095386663735,22.713268155191447
open_2017_05_08_close_2017_05_08_flight_Fixed Wing_N550ND_before_2_189656.csv,174,4350,4379,4,9.77070489617442,NormAc,0,0,0,0,0,2,0,4.26085340940576,7.267757511951061,0.8673435014262912,14.326151740125846,3.093977730196042,14.14083291468409,13.749254094462035
open_2017_05_08_close_2017_05_08_flight_Fixed Wing_N550ND_before_2_189656.csv,175,4375,4404,4,8.294032910249488,NormAc,0,0,0,0,0,1,0,7.6026777111487185,2.8467539541364806,1.0229926549111412,8.52644210535444,6.189543300866005,11.855332455856681,4.711062882394869
open_2017_05_08_close_2017_05_08_flight_Fixed Wing_N550ND_before_2_189656.csv,176,4400,4429,4,10.013699491550593,NormAc,0,0,0,0,0,4,0,4.76884164174744,5.484887348304895,10.023805653673849,4.518699492609827,4.799591556732943,14.69427268924828,11.797481445775752
open_2017_05_08_close_2017_05_08_flight_Fixed Wing_N550ND_before_2_189656.csv,177,4425,4454,4,6.645233023915403,,0,0,0,0,0,0,0,7.351651262747812,14.922426153807729,19.63388583345446,2.0186723888012046,5.909864045200668,9.02417341628041,8.323236139185724
open_2017_05_08_close_2017_05_08_flight_Fixed Wing_N550ND_before_2_189656.csv,178,4450,4479,4,7.661044684625576,NormAc,0,0,0,0,0,2,0,16.766234352000538,14.303383219391096,19.043956231853144,6.840054807375183,5.13971554462723,8.951238680140598,9.039217622351561
open_2017_05_08_close_2017_05_08_flight_Fixed Wing_N550ND_before_2_189656.csv,179,4475,4504,4,6.971140656019247,NormAc,0,0,0,0,0,1,0,20.585177549407753,17.119562281805614,16.03736344079804,13.024271570582453,2.831478701036888,7.534387771197365,5.407598309243421
open_2017_05_08_close_2017_05_08_flight_Fixed Wing_N550ND_before_2_189656.csv,180,4500,4529,4,7.681295239320134,"E1 RPM, NormAc",0,7,0,0,0,1,0,21.80980175259924,25.799009930068568,17.793873476588878,15.876844562588197,0.6095127505601479,7.728207015184183,15.857824013506661
open_2017_05_08_close_2017_05_08_flight_Fixed Wing_N550ND_before_2_189656.csv,181,4525,4554,4,7.539408636346519,"E1 RPM, IAS, NormAc",0,13,0,0,0,1,4,24.6222580858044,30.39167027085786,18.753738274031875,16.296133444876855,1.069052309296719,7.261781092154541,23.817930452772387
open_2017_05_08_close_2017_05_08_flight_Fixed Wing_N550ND_before_2_189656.csv,182,4550,4579,3,8.416391454815168,NormAc,0,0,0,0,0,4,0,4.837634509287058,19.545443088464925,22.42641731627466,12.902982248525463,4.148391585078701,14.44258521790209,10.468456426905767
open_2017_05_08_close_2017_05_08_flight_Fixed Wing_N550ND_before_2_189656.csv,183,4575,4604,3,8.804042848764366,NormAc,0,0,0,0,0,5,0,3.3345624104948213,8.23005090014142,13.828062219237347,13.413044855872837,6.499984986888089,17.000680617787417,7.42125022188212
open_2017_05_08_close_2017_05_08_flight_Fixed Wing_N550ND_before_2_189656.csv,184,4600,4629,3,6.858759662899266,NormAc,0,0,0,0,0,3,0,0.29834375125420903,6.56675459153405,8.204543122343134,11.266697663722988,7.362237050334919,11.406802814888202,1.5065652570869663
open_2017_05_08_close_2017_05_08_flight_Fixed Wing_N550ND_before_2_189656.csv,185,4625,4654,3,7.103258181233725,NormAc,0,0,0,0,0,2,0,1.2800983490527493,13.709380887334845,19.60318524695009,9.065529648974483,5.366439554618155,13.020574543464445,3.100905031659889
open_2017_05_08_close_2017_05_08_flight_Fixed Wing_N550ND_before_2_189656.csv,186,4650,4679,3,6.498246576471741,,0,0,0,0,0,0,0,1.0522066508150967,13.747109871381928,19.723135107208595,10.619852020888487,4.352813260565923,11.052314121093973,4.656273887090037
open_2017_05_08_close_2017_05_08_flight_Fixed Wing_N550ND_before_2_189656.csv,187,4675,4704,3,7.282819745533987,NormAc,0,0,0,0,0,2,0,3.5658090623144876,8.123084290624305,12.111473627880857,14.260183961862056,6.249760526475947,13.464133766795984,4.827384242935002
open_2017_05_08_close_2017_05_08_flight_Fixed Wing_N550ND_before_2_189656.csv,188,4700,4729,3,7.255437185238386,"E1 RPM, NormAc",0,8,0,0,0,1,0,8.040991540230076,17.23399591859964,12.851904397438247,15.914790939349622,5.587406332566293,9.899567985159827,8.085067203859445
open_2017_05_08_close_2017_05_08_flight_Fixed Wing_N550ND_before_2_189656.csv,189,4725,4754,3,8.51730779827865,NormAc,0,0,0,0,0,5,0,11.557105232840296,5.5676109610766265,8.017978007576797,15.226932804603356,8.028900713812535,16.080480377321713,7.199730413454369
open_2017_05_08_close_2017_05_08_flight_Fixed Wing_N550ND_before_2_189656.csv,190,4750,4779,3,13.56522785338559,"E1 FFlow, E1 RPM, NormAc",0,9,13,0,0,4,0,13.766782366800992,20.531480276547494,50.62680175911722,14.903180297515652,9.960375870880439,13.56629528800531,13.390980687058684
open_2017_05_08_close_2017_05_08_flight_Fixed Wing_N550ND_before_2_189656.csv,191,4775,4804,6,6.015428240443577,NormAc,0,0,0,0,0,5,0,12.671448321596099,5.302458088985991,8.252201790141012,6.790153737299365,1.7470536525453257,15.676618125012155,4.846033714408965
open_2017_05_08_close_2017_05_08_flight_Fixed Wing_N550ND_before_2_189656.csv,192,4800,4829,6,6.176638062091285,NormAc,0,0,0,0,0,3,0,9.893741749133817,4.090130737963702,4.9382925445629535,8.559009074467419,4.0325339278049555,14.641244954139392,5.654091981076764
open_2017_05_08_close_2017_05_08_flight_Fixed Wing_N550ND_before_2_189656.csv,193,4825,4854,6,10.773431803904181,"AltMSL, E1 FFlow, E1 RPM",18,13,16,0,10,5,1,30.736579008369915,28.366202091465816,228.00312206155363,27.486825438787985,21.44001519345619,21.138474446965567,13.78334946854364
open_2017_05_08_close_2017_05_08_flight_Fixed Wing_N550ND_before_2_189656.csv,194,4850,4879,4,10.767418716173351,"E1 CHT1, NormAc",0,0,0,30,0,1,0,21.8383655624626,5.7643026390558365,12.645020369768078,39.21920153807612,3.4218897200575404,11.333923211670097,19.77057682740645
open_2017_05_08_close_2017_05_08_flight_Fixed Wing_N550ND_before_2_189656.csv,195,4875,4904,2,8.747684703770604,"NormAc, E1 FFlow",0,0,2,0,0,5,0,5.921128005838417,20.643732592469018,18.65277192500157,25.66230125831583,7.781854245864472,16.371865611946212,12.82327268726972
open_2017_05_08_close_2017_05_08_flight_Fixed Wing_N550ND_before_2_189656.csv,196,4900,4929,2,7.201302930453654,"NormAc, E1 FFlow",0,0,1,0,0,4,0,8.810472573126871,14.70647142715235,14.686437716029753,20.48219924584396,6.77682676048466,12.441280079705123,5.939592982531465
open_2017_05_08_close_2017_05_08_flight_Fixed Wing_N550ND_before_2_189656.csv,197,4925,4954,2,6.228361914077965,NormAc,0,0,0,0,0,3,0,1.5434088421472831,16.604646650143593,17.95336283928933,9.558714267631123,3.6226924364413584,12.287288750226985,2.9801556583690525
open_2017_05_08_close_2017_05_08_flight_Fixed Wing_N550ND_before_2_189656.csv,198,4950,4979,2,6.019022392037981,NormAc,0,0,0,0,0,3,0,3.3153954451835306,10.507626487905858,12.008277622953385,1.3961615954079956,7.877623854740913,13.254840910420013,2.959963526795586
open_2017_05_08_close_2017_05_08_flight_Fixed Wing_N550ND_before_2_189656.csv,199,4975,5004,2,8.98299935592235,NormAc,0,0,0,0,0,5,0,16.240751773409038,20.96527585213205,17.8896446215341,9.205618620772228,6.354013292342469,20.289893563830336,13.959731274621193
open_2017_05_08_close_2017_05_08_flight_Fixed Wing_N550ND_before_2_189656.csv,200,5000,5029,2,9.561157306874104,"AltMSL, E1 RPM, IAS",30,16,0,0,4,3,5,34.582347605495805,28.71608334079472,19.41048069567805,25.87547906310865,19.2544038012975,13.327006177943096,23.330745444657822
open_2017_05_08_close_2017_05_08_flight_Fixed Wing_N550ND_before_2_189656.csv,201,5025,5054,3,8.326908797604027,NormAc,0,0,0,0,0,2,0,10.145414640785326,6.04364764490694,6.732586223174419,16.51071535748679,5.2042990867942756,13.6470482627285,7.171019938647359
open_2017_05_08_close_2017_05_08_flight_Fixed Wing_N550ND_before_2_189656.csv,202,5050,5079,3,9.22511772816211,NormAc,0,0,0,0,0,5,0,13.10522574490326,12.753389888655413,15.293168477402533,11.485564001530866,6.210188009541404,12.51578513778773,12.4631265423053
open_2017_05_08_close_2017_05_08_flight_Fixed Wing_N550ND_before_2_189656.csv,203,5075,5104,0,14.372743418449003,"E1 FFlow, IAS, E1 RPM",0,11,19,0,0,6,16,5.659984969193537,43.27634898002218,129.1601286866399,3.854925601754827,13.73198600564817,20.025738290928327,225.78895552931456
open_2017_05_08_close_2017_05_08_flight_Fixed Wing_N550ND_before_2_189656.csv,204,5100,5129,6,6.150574132228365,"E1 FFlow, NormAc",0,0,3,0,0,2,0,19.375800541967713,2.865598575532103,17.28641000393255,17.0636779589222,6.0339448553342,10.804135948745945,5.082696426750045
open_2017_05_08_close_2017_05_08_flight_Fixed Wing_N550ND_before_2_189656.csv,205,5125,5154,6,6.211594939691625,NormAc,0,0,0,0,0,5,0,2.5188283504089797,4.700217090938964,8.413584125413278,2.2433901855525713,3.5803830917729838,14.910655024200512,5.501091188312701
open_2017_05_08_close_2017_05_08_flight_Fixed Wing_N550ND_before_2_189656.csv,206,5150,5179,6,7.086118776266308,"E1 FFlow, NormAc",0,0,15,0,0,1,0,22.28081531656748,5.949929934043206,44.134881568086584,21.759745575918306,7.249218559411608,12.93739267035863,5.497449384954014
open_2017_05_08_close_2017_05_08_flight_Fixed Wing_N550ND_before_2_189656.csv,207,5175,5204,5,9.65379254944474,"AltMSL, E1 EGT1, NormAc",17,0,0,0,17,2,0,30.37435172046141,12.430878203010696,20.385337050643425,21.63442419391778,28.95377850626932,12.889212390642891,10.443189128522505
open_2017_05_08_close_2017_05_08_flight_Fixed Wing_N550ND_before_2_189656.csv,208,5200,5229,2,10.657471817238411,"E1 FFlow, E1 RPM, NormAc",0,16,19,3,0,7,0,11.848814433150125,25.482301049808083,28.08781959979699,27.99327718591858,7.351068019197897,20.844876344856775,8.887263699716117
open_2017_05_08_close_2017_05_08_flight_Fixed Wing_N550ND_before_2_189656.csv,209,5225,5254,2,10.550066471037866,"E1 RPM, IAS, E1 FFlow",0,12,6,0,0,5,8,11.822099618642056,24.183654563098372,19.00904579176032,27.631580303579,7.36612698359653,21.787521816764418,21.600994146138493
open_2017_05_08_close_2017_05_08_flight_Fixed Wing_N550ND_before_2_189656.csv,210,5250,5279,2,9.322976137385872,NormAc,0,0,0,0,0,6,0,1.2133716503724525,9.616782849007539,3.567070551371932,18.960136301514694,16.916834831531695,19.127903944810097,17.190352211789985
open_2017_05_08_close_2017_05_08_flight_Fixed Wing_N550ND_before_2_189656.csv,211,5275,5304,2,5.302804193025433,NormAc,0,0,0,0,0,1,0,2.569876439874991,10.293331286239415,11.120097751039975,3.9189826403884096,11.056843871587217,11.353466091803325,2.230199941390146
open_2017_05_08_close_2017_05_08_flight_Fixed Wing_N550ND_before_2_189656.csv,212,5300,5329,2,5.440767760824633,"E1 FFlow, NormAc",0,0,3,0,0,1,0,3.100448809643746,15.514570481185356,18.20332509350775,9.486366872926332,3.642724092347058,9.771467543092617,3.2136819564343524
open_2017_05_08_close_2017_05_08_flight_Fixed Wing_N550ND_before_2_189656.csv,213,5325,5354,2,5.8420988983519395,NormAc,0,0,0,0,0,2,0,7.6460505958212925,11.130505033725548,7.990134987750452,15.852935789603968,8.054056837527162,12.073481829664507,5.751746994722871
open_2017_05_08_close_2017_05_08_flight_Fixed Wing_N550ND_before_2_189656.csv,214,5350,5379,2,6.949299022627577,NormAc,0,0,0,0,0,2,0,3.1809072915511267,13.188411489712037,14.037157506723679,20.480610662482615,5.656225785466,12.694242701800176,3.435278115872038
open_2017_05_08_close_2017_05_08_flight_Fixed Wing_N550ND_before_2_189656.csv,215,5375,5404,2,8.703798125720294,NormAc,0,0,0,0,0,8,0,7.711472095134738,9.934637051107378,14.44433358061216,24.339513154744278,11.868716182185322,20.020122021557903,3.088483058658399
open_2017_05_08_close_2017_05_08_flight_Fixed Wing_N550ND_before_2_189656.csv,216,5400,5429,3,8.379394475066512,NormAc,0,0,0,0,0,2,0,2.3450066607260465,13.15892042600807,15.966853075006835,21.398103139456595,2.003568401544524,12.499152052145467,2.110311565532184
open_2017_05_08_close_2017_05_08_flight_Fixed Wing_N550ND_before_2_189656.csv,217,5425,5454,3,7.829470149189178,NormAc,0,0,0,0,0,4,0,5.61664513756875,10.02345682536719,9.989621020714363,14.059688080764909,3.6352626427571577,13.814169486281239,6.401981362275736
open_2017_05_08_close_2017_05_08_flight_Fixed Wing_N550ND_before_2_189656.csv,218,5450,5479,3,9.845059425054215,NormAc,0,0,0,0,0,5,0,8.056126644153224,7.41782620304958,11.268877680346726,10.295641517299668,6.8608225842552715,21.704548109036946,7.548818069855337
open_2017_05_08_close_2017_05_08_flight_Fixed Wing_N550ND_before_2_189656.csv,219,5475,5504,3,8.507820984495593,"E1 FFlow, NormAc",0,0,11,0,0,3,0,11.07712276209146,15.161463764289026,23.711749632503807,11.40812216167153,6.315097578024732,13.457067246157441,8.912662475617253
open_2017_05_08_close_2017_05_08_flight_Fixed Wing_N550ND_before_2_189656.csv,220,5500,5529,3,11.895025784922133,"E1 RPM, NormAc, IAS",0,14,0,0,0,5,1,13.637249957284277,23.187556256960946,18.446050931999288,15.654192023111635,13.027839816304768,15.725176864545826,15.416595964510975
open_2017_05_08_close_2017_05_08_flight_Fixed Wing_N550ND_before_2_189656.csv,221,5525,5554,6,16.637467048404297,"E1 RPM, E1 EGT1, IAS",5,28,14,0,27,0,18,22.789458537591457,70.40315073947683,105.55202954383178,8.856285633397562,42.9097386210456,8.403166492108134,36.77255234520534
open_2017_05_08_close_2017_05_08_flight_Fixed Wing_N550ND_before_2_189656.csv,222,5550,5579,6,6.393486009997488,"NormAc, E1 FFlow",0,0,1,0,0,4,0,15.801416884903611,5.341098102467131,14.499647290049298,2.928041803517027,1.226010398473024,15.64445528406833,4.0653311094204305
open_2017_05_08_close_2017_05_08_flight_Fixed Wing_N550ND_before_2_189656.csv,223,5575,5604,6,5.209858028033355,NormAc,0,0,0,0,0,3,0,5.76393848873211,4.177125857789038,5.665531250698745,14.805937473724214,3.5068367008583246,11.403635933339277,4.201540566602409
open_2017_05_08_close_2017_05_08_flight_Fixed Wing_N550ND_before_2_189656.csv,224,5600,5629,6,9.178099877670011,"E1 CHT1, E1 FFlow, AltMSL",6,0,11,30,2,3,2,26.6880094916218,4.953855138486346,57.32545779521263,35.205224035401315,8.547497339955113,15.70231801977034,11.106937239216272
open_2017_05_08_close_2017_05_08_flight_Fixed Wing_N550ND_before_2_189656.csv,225,5625,5654,5,10.74077724023852,"E1 EGT1, AltMSL, NormAc",18,0,2,0,20,8,0,30.567585875164447,4.615041163920962,15.192413659954449,5.398003869505824,29.502775132073886,19.917589697835236,19.17458990970773
open_2017_05_08_close_2017_05_08_flight_Fixed Wing_N550ND_before_2_189656.csv,226,5650,5679,5,11.62838169003052,"E1 EGT1, NormAc, E1 FFlow",4,0,6,0,30,7,0,27.446313784116683,6.326376621213045,21.645033354116144,4.425174651349024,34.681068525903164,21.515954306358203,19.13891900129481
open_2017_05_08_close_2017_05_08_flight_Fixed Wing_N550ND_before_2_189656.csv,227,5675,5704,2,12.371086722271624,"E1 CHT1, NormAc, E1 FFlow",0,5,9,30,0,14,0,12.502787449004641,22.82843705397908,18.525455186262764,37.979913810141305,6.657414761411321,28.276155853620192,17.945767442379317
open_2017_05_08_close_2017_05_08_flight_Fixed Wing_N550ND_before_2_189656.csv,228,5700,5729,2,7.159182449460987,"E1 CHT1, NormAc",0,0,0,16,0,4,0,8.217573738604017,7.646473936544113,1.9174179470599844,29.148752938478463,12.97004731687542,13.328729848917279,9.557878160777003
open_2017_05_08_close_2017_05_08_flight_Fixed Wing_N550ND_before_2_189656.csv,229,5725,5754,2,5.622847461872805,NormAc,0,0,0,0,0,2,0,7.907299030171768,7.09974596967645,6.91204170981118,13.204701400919694,15.693116020338758,10.53111211612714,2.029818829926579
open_2017_05_08_close_2017_05_08_flight_Fixed Wing_N550ND_before_2_189656.csv,230,5750,5779,2,5.255765707604692,NormAc,0,0,0,0,0,1,0,5.459582764890958,10.903093108315598,14.147964467440918,2.18958246706866,6.7235113574563075,9.928670018856256,3.6565210547978673
open_2017_05_08_close_2017_05_08_flight_Fixed Wing_N550ND_before_2_189656.csv,231,5775,5804,2,4.406696090994277,NormAc,0,0,0,0,0,1,0,4.655163788456824,12.598563926927229,13.867768587576075,10.030362302305303,2.988428457597611,7.302224893892371,4.0773160848270535
open_2017_05_08_close_2017_05_08_flight_Fixed Wing_N550ND_before_2_189656.csv,232,5800,5829,2,7.374534567273771,NormAc,0,0,0,0,0,4,0,2.6652924465457923,11.41865938347454,13.95986777585809,14.839836252275177,3.8549761623104923,17.271840795732466,8.020182984735733
open_2017_05_08_close_2017_05_08_flight_Fixed Wing_N550ND_before_2_189656.csv,233,5825,5854,2,9.152535631417761,NormAc,0,0,0,0,0,5,0,15.04512598486576,23.807245460772247,21.084205300099867,22.118180756505634,2.8084402124442955,16.575101574522577,13.44858618012926
open_2017_05_08_close_2017_05_08_flight_Fixed Wing_N550ND_before_2_189656.csv,234,5850,5879,3,8.30002625235516,NormAc,0,0,0,0,0,2,0,3.9407577973372825,19.081915519587266,17.989178730643925,19.332237813485772,1.2080663004371435,11.27516240524045,6.231911156465798
open_2017_05_08_close_2017_05_08_flight_Fixed Wing_N550ND_before_2_189656.csv,235,5875,5904,3,6.967576033451935,NormAc,0,0,0,0,0,1,0,8.04272257242891,12.443446621413404,12.894163708527255,11.849116367822246,3.31203366966235,12.464360729157828,8.322587969541315
open_2017_05_08_close_2017_05_08_flight_Fixed Wing_N550ND_before_2_189656.csv,236,5900,5929,3,7.139098813908406,NormAc,0,0,0,0,0,3,0,11.393846693372769,4.832266047915414,8.371847070282998,9.194183890311923,6.71964625384568,12.762055083151806,7.0201244273913765
open_2017_05_08_close_2017_05_08_flight_Fixed Wing_N550ND_before_2_189656.csv,237,5925,5954,3,10.639734633329883,"E1 RPM, NormAc",0,14,0,0,0,1,0,13.821215563077967,23.53586050651899,16.464956066208696,9.809008457422824,13.045810910195641,10.403138416144817,17.779524224055155
open_2017_05_08_close_2017_05_08_flight_Fixed Wing_N550ND_before_2_189656.csv,238,5950,5979,0,5.426498698386817,"IAS, E1 FFlow, E1 RPM",0,1,4,0,0,0,6,2.066547493559337,23.09484552400747,23.39054816183099,7.06761017306952,10.842703219954673,10.211874321717113,91.70897470444342
open_2017_05_08_close_2017_05_08_flight_Fixed Wing_N550ND_before_2_189656.csv,239,5975,6004,0,4.9802298794599835,"E1 FFlow, E1 RPM, NormAc",0,7,7,0,0,1,0,2.085813415154438,21.039212809470452,25.920466002695807,14.415850357599435,9.326495433463641,10.639345998026856,15.270569147367357
open_2017_05_08_close_2017_05_08_flight_Fixed Wing_N550ND_before_2_189656.csv,240,6000,6029,0,6.807600525354236,E1 FFlow,0,0,4,0,0,0,0,2.496316338390765,16.808888311866095,14.503783364264969,17.339283082863982,23.184335011721952,6.727456401948889,15.270569147367357
open_2017_05_08_close_2017_05_08_flight_Fixed Wing_N550ND_before_2_189656.csv,241,6025,6054,0,8.179822042980923,"E1 EGT1, NormAc",0,0,0,0,17,3,0,5.241162094422717,17.465747027286508,11.591306197392147,15.392258158648026,28.174434809689437,13.725924102958462,15.270569147367357
open_2017_05_08_close_2017_05_08_flight_Fixed Wing_N550ND_before_2_189656.csv,242,6050,6079,0,6.390040872476016,"E1 EGT1, NormAc",0,0,0,0,5,1,0,9.90451997822519,12.976918201004572,15.575828524857142,11.854534545198774,17.55021680017837,13.475153504717953,15.270569147367357
open_2017_05_08_close_2017_05_08_flight_Fixed Wing_N550ND_before_2_189656.csv,243,6075,6104,0,4.952517977761946,NormAc,0,0,0,0,0,7,0,12.42953168126913,9.50173976444227,10.856469934057737,9.060509584069784,8.055696136462517,19.400756616780594,15.270569147367357
open_2017_05_08_close_2017_05_08_flight_Fixed Wing_N550ND_before_2_189656.csv,244,6100,6129,0,5.567056037342291,NormAc,0,0,0,0,0,5,0,12.366039780100017,13.241018009604984,15.528490682812198,6.574840168575938,12.933476931869633,18.468389520606344,15.270569147367357
open_2017_05_08_close_2017_05_08_flight_Fixed Wing_N550ND_before_2_189656.csv,245,6125,6154,0,3.265880390296463,NormAc,0,0,0,0,0,1,0,11.362051403071147,6.790652991900571,7.255278037392883,4.237441379599825,7.723599975864457,11.437168137296412,15.270569147367357
open_2017_05_08_close_2017_05_08_flight_Fixed Wing_N550ND_before_2_189656.csv,246,6150,6179,0,2.83634437117498,NormAc,0,0,0,0,0,2,0,6.933671639161543,2.6779460068267427,4.904172705892128,2.280299318203277,2.885662748437035,12.485462144806316,15.270569147367357
open_2017_05_08_close_2017_05_08_flight_Fixed Wing_N550ND_before_2_189656.csv,247,6175,6204,0,2.123107065265559,,0,0,0,0,0,0,0,4.34538508459737,2.5625310748281898,5.218364268532818,0.4814625628245064,5.0084198338849415,8.995195749376268,15.270569147367357
open_2017_05_08_close_2017_05_08_flight_Fixed Wing_N550ND_before_2_189656.csv,248,6200,6229,0,2.440098749299626,,0,0,0,0,0,0,0,2.5144813575233242,3.094594851589877,5.329148909032139,2.3020984876817177,6.885763851963262,8.341372846839457,15.270569147367357
open_2017_05_08_close_2017_05_08_flight_Fixed Wing_N550ND_before_3_189762.csv,0,0,29,7,11.765845351589183,"E1 CHT1, E1 FFlow, AltMSL",3,0,13,30,0,1,0,9.42410710245942,20.644196316814284,27.169407819762327,40.036187459203646,3.8945140129805784,9.730799082336517,5.551115123125783e-07
open_2017_05_08_close_2017_05_08_flight_Fixed Wing_N550ND_before_3_189762.csv,1,25,54,7,8.371026071761207,"E1 FFlow, NormAc",0,0,10,0,0,2,0,14.224877458060424,16.92710525253241,27.830585889900775,28.248789925712277,1.5248008409591123,12.99553944727593,5.551115123125783e-07
open_2017_05_08_close_2017_05_08_flight_Fixed Wing_N550ND_before_3_189762.csv,2,50,79,7,5.0093763920454775,E1 FFlow,0,0,14,0,0,0,0,12.844347573600391,14.964836762939274,28.75843516397493,16.610999209672322,5.494582890028569,8.540218108670434,5.551115123125783e-07
open_2017_05_08_close_2017_05_08_flight_Fixed Wing_N550ND_before_3_189762.csv,3,75,104,7,2.1870822168016453,"E1 FFlow, NormAc",0,0,16,0,0,1,0,15.89355196118059,14.947901208295374,29.034457173362547,6.164014529426165,5.348124751031132,7.005635543503323,5.551115123125783e-07
open_2017_05_08_close_2017_05_08_flight_Fixed Wing_N550ND_before_3_189762.csv,4,100,129,7,1.6082776782362782,"E1 FFlow, AltMSL",10,0,14,0,0,0,0,42.85208907478158,14.908063446577756,28.93533762493275,2.8776668155694147,5.341218379722148,10.185431604642378,5.551115123125783e-07
open_2017_05_08_close_2017_05_08_flight_Fixed Wing_N550ND_before_3_189762.csv,5,125,154,7,3.369228785826512,"AltMSL, E1 FFlow, NormAc",27,0,17,0,0,1,0,81.15800384507673,14.400727311192018,29.594155308626018,10.56948935757029,5.513854901277079,9.207200852986713,5.551115123125783e-07
open_2017_05_08_close_2017_05_08_flight_Fixed Wing_N550ND_before_3_189762.csv,6,150,179,7,5.162559262365248,"AltMSL, E1 FFlow",27,0,20,0,0,0,0,43.53135293904349,13.304335607017123,29.961410082926054,17.009815645723588,5.333501364836972,10.20182532353898,5.551115123125783e-07
open_2017_05_08_close_2017_05_08_flight_Fixed Wing_N550ND_before_3_189762.csv,7,175,204,7,6.892281980224556,"AltMSL, E1 FFlow, NormAc",30,0,18,0,0,3,0,116.63896038412449,14.573906548544048,30.630415639336427,22.82750954317273,4.110910508078902,14.380817962820933,5.551115123125783e-07
open_2017_05_08_close_2017_05_08_flight_Fixed Wing_N550ND_before_3_189762.csv,8,200,229,0,7.75414130541721,"E1 CHT1, AltMSL",16,0,0,30,0,0,0,39.50510263991017,1.7430566540339234,11.195786548262427,48.299968869337,11.570910174908734,5.238260826428724,15.270569147367357
open_2017_05_08_close_2017_05_08_flight_Fixed Wing_N550ND_before_3_189762.csv,9,225,254,0,8.875552938143434,"E1 CHT1, E1 EGT1, NormAc",0,0,0,30,8,3,0,8.001519690749918,13.70901219972415,11.541141876827604,37.72143171383999,20.877722086281416,14.521784723268802,15.270569147367357
open_2017_05_08_close_2017_05_08_flight_Fixed Wing_N550ND_before_3_189762.csv,10,250,279,0,5.83237560041052,,0,0,0,0,0,0,0,6.102381991342851,14.193350393213846,18.683009334466224,26.898128956068824,10.856540828710822,7.178235839410443,15.270569147367357
open_2017_05_08_close_2017_05_08_flight_Fixed Wing_N550ND_before_3_189762.csv,11,275,304,0,4.028011315654256,NormAc,0,0,0,0,0,2,0,1.7500683254116174,6.23823168344026,15.673103449701074,17.50081209406242,5.507081335766737,11.055750087326068,15.270569147367357
open_2017_05_08_close_2017_05_08_flight_Fixed Wing_N550ND_before_3_189762.csv,12,300,329,0,4.248513466349606,NormAc,0,0,0,0,0,3,0,2.612336758441456,12.737530561847294,14.238053062255762,8.128306646760207,7.632275546095097,14.36880353751385,15.270569147367357
open_2017_05_08_close_2017_05_08_flight_Fixed Wing_N550ND_before_3_189762.csv,13,325,354,0,5.9639781249161485,NormAc,0,0,0,0,0,9,0,4.244641674488549,15.875458259849317,14.780738499822652,2.1457241186668363,16.509340045985915,20.132868331792377,15.270569147367357
open_2017_05_08_close_2017_05_08_flight_Fixed Wing_N550ND_before_3_189762.csv,14,350,379,0,5.60257770809304,NormAc,0,0,0,0,0,6,0,5.316299200886082,13.320638814367657,15.095272223117094,7.342061580155191,16.110584827254918,16.501575464386477,15.270569147367357
open_2017_05_08_close_2017_05_08_flight_Fixed Wing_N550ND_before_3_189762.csv,15,375,404,0,4.112505724814279,NormAc,0,0,0,0,0,2,0,4.600165088106827,6.71786770102312,10.719275581975834,11.586153849382107,6.941307621119384,15.627183619289275,15.270569147367357
open_2017_05_08_close_2017_05_08_flight_Fixed Wing_N550ND_before_3_189762.csv,16,400,429,0,4.41355780222196,NormAc,0,0,0,0,0,5,0,2.3918163410981474,6.307243384495481,8.4093701183379,13.877297941060142,7.609259426133489,19.37518916211708,15.270569147367357
open_2017_05_08_close_2017_05_08_flight_Fixed Wing_N550ND_before_3_189762.csv,17,425,454,0,4.6607560271194215,,0,0,0,0,0,0,0,1.820289206783038,10.87336081642979,9.32363018820487,15.2053097879888,12.307522954273116,11.350364459196145,15.270569147367357
open_2017_05_08_close_2017_05_08_flight_Fixed Wing_N550ND_before_3_189762.csv,18,450,479,0,5.287882554372988,"NormAc, E1 FFlow",0,0,2,0,0,4,0,1.4847585073802518,14.12023232199061,15.178518576270045,15.708249132806806,10.438962590440381,17.204391414420982,15.270569147367357
open_2017_05_08_close_2017_05_08_flight_Fixed Wing_N550ND_before_3_189762.csv,19,475,504,0,6.784920975221353,"E1 FFlow, NormAc",0,0,7,0,0,3,0,2.660838295837633,21.408272325907106,24.791345888025862,12.701472700252035,20.304944796900468,12.092627320458018,15.270569147367357
open_2017_05_08_close_2017_05_08_flight_Fixed Wing_N550ND_before_3_189762.csv,20,500,529,0,12.027927021196659,"E1 FFlow, E1 RPM, E1 EGT1",0,24,25,0,19,7,0,2.6553609704691645,56.38362504141325,144.69031466579702,10.8744518966133,32.566615529052605,17.16043585815643,15.270569147367357
open_2017_05_08_close_2017_05_08_flight_Fixed Wing_N550ND_before_3_189762.csv,21,525,554,0,7.3517511676307,"E1 EGT1, E1 RPM, E1 FFlow",0,4,2,0,5,1,0,1.559591785458946,13.747056999380263,18.38322175314307,17.604486034758473,22.320182192451398,5.872253605721785,15.270569147367357
open_2017_05_08_close_2017_05_08_flight_Fixed Wing_N550ND_before_3_189762.csv,22,550,579,0,6.232432372319193,"E1 CHT1, E1 FFlow, E1 RPM",0,3,5,5,0,0,0,2.7302888176562554,8.10141487412133,13.13370032816523,26.16156644900569,15.823540816333324,7.45809472579556,15.270569147367357
open_2017_05_08_close_2017_05_08_flight_Fixed Wing_N550ND_before_3_189762.csv,23,575,604,0,6.893215155129035,"E1 CHT1, E1 EGT1, NormAc",0,0,0,25,2,2,0,2.5048662291127237,7.955894499893328,7.153014522428942,34.138859657486144,13.422602056483496,8.216816521379776,15.270569147367357
open_2017_05_08_close_2017_05_08_flight_Fixed Wing_N550ND_before_3_189762.csv,24,600,629,2,16.614848040086702,"IAS, AltMSL, E1 RPM",30,30,13,0,19,1,30,70.78771452744714,42.16713583352252,57.750305082921635,8.518811315964905,42.54455659141268,8.390330049111148,88.26674132183307
open_2017_05_08_close_2017_05_08_flight_Fixed Wing_N550ND_before_3_189762.csv,25,625,654,6,9.051107269809322,"E1 CHT1, NormAc",0,0,0,26,0,6,0,17.14489822202735,4.808706007946079,11.810502093482539,30.86619036134213,2.1629687819310766,16.842629614043187,3.1803120813879806
open_2017_05_08_close_2017_05_08_flight_Fixed Wing_N550ND_before_3_189762.csv,26,650,679,6,12.134410489809875,"E1 CHT1, NormAc",0,0,0,30,0,6,0,4.613407853446809,5.909345465141499,10.511122046037462,46.24552699170701,4.175876374327405,22.397938993001187,6.951077840303787
open_2017_05_08_close_2017_05_08_flight_Fixed Wing_N550ND_before_3_189762.csv,27,675,704,5,9.2270804752025,"AltMSL, NormAc",6,0,0,0,0,4,0,29.631328677401935,2.9020478000836087,9.843009220708394,5.124921607102676,6.063063984040361,18.67875923515193,9.368666905966524
open_2017_05_08_close_2017_05_08_flight_Fixed Wing_N550ND_before_3_189762.csv,28,700,729,5,6.795885055092732,NormAc,0,0,0,0,0,2,0,19.931053118362193,1.706019378077684,8.716008183745863,15.189449419266987,6.9966386218293835,13.686396474819496,9.977302513185471
open_2017_05_08_close_2017_05_08_flight_Fixed Wing_N550ND_before_3_189762.csv,29,725,754,5,9.015998291074437,NormAc,0,0,0,0,0,10,0,9.383564169392217,6.28173441261585,7.6595873453077825,20.912203556166215,11.531924270226167,25.042510082032575,15.607211791134885
open_2017_05_08_close_2017_05_08_flight_Fixed Wing_N550ND_before_3_189762.csv,30,750,779,5,6.213362532843977,NormAc,0,0,0,0,0,2,0,4.419964862391639,3.6618899027545724,6.891188333696902,24.038689608735726,10.282862391024215,14.688830048849889,7.733386247032461
open_2017_05_08_close_2017_05_08_flight_Fixed Wing_N550ND_before_3_189762.csv,31,775,804,5,5.803022572025936,NormAc,0,0,0,0,0,2,0,2.056165421796002,4.000719285387852,6.203781274331399,24.788760623048155,11.539941060412923,13.495577631595626,8.822581215206785
open_2017_05_08_close_2017_05_08_flight_Fixed Wing_N550ND_before_3_189762.csv,32,800,829,5,5.583284910023535,NormAc,0,0,0,0,0,2,0,9.438449502815418,2.7890892861182777,5.7332450075055945,23.73574680897421,13.505172000225812,10.89356512986888,9.811580176806697
open_2017_05_08_close_2017_05_08_flight_Fixed Wing_N550ND_before_3_189762.csv,33,825,854,5,5.126862469065588,NormAc,0,0,0,0,0,1,0,16.064336367069387,3.7043926012139834,5.285588729378365,21.911265962711227,14.370530928233704,6.145196520862492,7.518624380802199
open_2017_05_08_close_2017_05_08_flight_Fixed Wing_N550ND_before_3_189762.csv,34,850,879,5,10.445486011588956,"AltMSL, NormAc",16,0,0,0,0,4,0,30.44350028958936,2.968680070156324,4.045093030175203,19.581289027074554,16.1766866737147,21.308661827847484,5.878589524523943
open_2017_05_08_close_2017_05_08_flight_Fixed Wing_N550ND_before_3_189762.csv,35,875,904,5,11.082368472821862,"AltMSL, NormAc",30,0,0,0,0,4,0,46.724496680113496,2.7236801588833064,2.990419936205989,16.372402420314646,20.57173704604819,15.736177966635044,6.904438936501895
open_2017_05_08_close_2017_05_08_flight_Fixed Wing_N550ND_before_3_189762.csv,36,900,929,5,11.94563627195761,"AltMSL, NormAc",30,0,0,0,0,3,0,52.84654072149411,4.234521210977803,2.889957360575016,12.40050318063679,22.988320330297608,14.970139302265846,8.16325573507628
open_2017_05_08_close_2017_05_08_flight_Fixed Wing_N550ND_before_3_189762.csv,37,925,954,5,12.713466048753467,"AltMSL, NormAc",30,0,0,0,0,2,0,58.114565110124765,5.033235480648667,2.7623912573611595,8.836250034010282,24.263106889887364,13.41368954422945,9.124588107131263
open_2017_05_08_close_2017_05_08_flight_Fixed Wing_N550ND_before_3_189762.csv,38,950,979,5,14.504761624747518,"AltMSL, NormAc",30,0,0,0,0,4,0,67.2581933064246,4.166924374008951,2.598813487046901,5.823207316644709,24.82248670539274,15.059848730001239,5.020350196572594
open_2017_05_08_close_2017_05_08_flight_Fixed Wing_N550ND_before_3_189762.csv,39,975,1004,1,15.507256046400784,"AltMSL, E1 EGT1, E1 CHT1",30,0,19,30,30,3,10,226.10202078880533,16.455293367697568,39.56313137988858,35.55693407882702,48.20788562516679,13.799300068521694,18.556033102499036
open_2017_05_08_close_2017_05_08_flight_Fixed Wing_N550ND_before_3_189762.csv,40,1000,1029,1,13.612446327218695,"AltMSL, E1 CHT1, E1 EGT1",30,0,8,26,12,2,0,223.12338277680348,18.890170244216495,23.005511528127727,32.28755989771724,20.986878014917398,13.342376576569572,1.9360360963742138
open_2017_05_08_close_2017_05_08_flight_Fixed Wing_N550ND_before_3_189762.csv,41,1025,1054,1,13.943584340555969,"AltMSL, NormAc",30,0,0,0,0,4,0,228.78678279491626,19.847326179435633,13.883399140083114,27.43242725602486,11.433531098667302,16.21328751732231,5.085934189516633
open_2017_05_08_close_2017_05_08_flight_Fixed Wing_N550ND_before_3_189762.csv,42,1050,1079,1,12.613990945212118,"AltMSL, E1 RPM, NormAc",30,4,0,0,0,2,0,226.4267642569336,24.377656128129704,12.427055076609136,22.19990028221465,18.264064410222954,13.98045395676303,20.16833820688484
open_2017_05_08_close_2017_05_08_flight_Fixed Wing_N550ND_before_3_189762.csv,43,1075,1104,1,11.10708056009182,"AltMSL, E1 RPM, NormAc",30,3,0,0,0,2,0,219.27226504535145,18.262393616826085,3.7700105448759595,16.160098956317768,12.281499946956187,10.081298019542272,16.49709191912945
open_2017_05_08_close_2017_05_08_flight_Fixed Wing_N550ND_before_3_189762.csv,44,1100,1129,1,11.800192441775945,"AltMSL, NormAc",30,0,0,0,0,3,0,233.10244375771703,14.276201628953988,2.555768321455939,9.0358259714949,6.537515013946939,13.545374477493507,9.944238609989593
open_2017_05_08_close_2017_05_08_flight_Fixed Wing_N550ND_before_3_189762.csv,45,1125,1154,1,15.298499164817743,"AltMSL, IAS, NormAc",30,0,0,0,0,9,24,231.59308007664174,18.009083004662397,6.5310160468568474,2.042460740848922,11.293944366257419,22.03998670338876,36.203980093645434
open_2017_05_08_close_2017_05_08_flight_Fixed Wing_N550ND_before_3_189762.csv,46,1150,1179,1,12.198625418022647,"AltMSL, IAS, NormAc",30,0,0,0,0,5,11,225.03486750267837,14.233916898090063,7.6246500213971276,7.674176576031869,8.535756818277624,16.098758946548923,28.45557925740891
open_2017_05_08_close_2017_05_08_flight_Fixed Wing_N550ND_before_3_189762.csv,47,1175,1204,1,12.77746634060274,"AltMSL, NormAc",30,0,0,0,0,4,0,213.4751137456403,16.513873727469004,5.782395116466465,16.90638736099598,6.391405798448949,18.622066917334795,10.423412308904634
open_2017_05_08_close_2017_05_08_flight_Fixed Wing_N550ND_before_3_189762.csv,48,1200,1229,1,13.825870210681622,"AltMSL, NormAc",30,0,0,0,0,5,0,229.36837034008946,19.150230202037715,8.277592988079654,19.752786501382573,9.034031740614855,17.200919087273302,12.011919799979035
open_2017_05_08_close_2017_05_08_flight_Fixed Wing_N550ND_before_3_189762.csv,49,1225,1254,1,12.622421292682269,"AltMSL, NormAc",30,0,0,0,0,3,0,223.1316382428242,18.911503046673364,5.160758514402048,18.44588646839403,9.201974963561087,15.377293445731103,17.416197013839827
open_2017_05_08_close_2017_05_08_flight_Fixed Wing_N550ND_before_3_189762.csv,50,1250,1279,1,10.924853013110313,"AltMSL, NormAc",30,0,0,0,0,1,0,218.83205330147072,17.191747232144678,4.565231317326647,17.83281714210974,8.376369271769729,10.025489701925926,12.829226800655306
open_2017_05_08_close_2017_05_08_flight_Fixed Wing_N550ND_before_3_189762.csv,51,1275,1304,1,11.47366202298766,"AltMSL, NormAc",30,0,0,0,0,3,0,217.36632057851028,16.64797374256134,8.52343999705341,17.559995743304693,7.9507567136025115,11.442592110745233,3.4288474847293737
open_2017_05_08_close_2017_05_08_flight_Fixed Wing_N550ND_before_3_189762.csv,52,1300,1329,1,12.385472468219108,"AltMSL, NormAc",30,0,0,0,0,6,0,226.14592401902127,18.282428729071615,8.04252099297851,15.567757402072862,10.122782241240348,15.910272077711667,9.251614025486457
open_2017_05_08_close_2017_05_08_flight_Fixed Wing_N550ND_before_3_189762.csv,53,1325,1354,1,12.160276064823584,"AltMSL, NormAc",30,0,0,0,0,3,0,224.59191821442317,17.99948448487721,4.302973299782774,13.25763666926111,10.943466936495906,14.554518271750668,16.475557339234086
open_2017_05_08_close_2017_05_08_flight_Fixed Wing_N550ND_before_3_189762.csv,54,1350,1379,1,12.394322809322793,"AltMSL, IAS, NormAc",30,0,0,0,0,3,9,224.47114560373183,14.899717776175265,4.905550231093716,12.95818452157503,10.824878022251257,15.425513831316701,23.875815133062925
open_2017_05_08_close_2017_05_08_flight_Fixed Wing_N550ND_before_3_189762.csv,55,1375,1404,1,10.923593699130665,"AltMSL, NormAc",30,0,0,0,0,1,0,210.159630456216,15.388535544681147,9.369964731982988,15.92407196136813,5.551154501396498,11.344687142009837,8.541618020152752
open_2017_05_08_close_2017_05_08_flight_Fixed Wing_N550ND_before_3_189762.csv,56,1400,1429,1,12.24155719812675,"AltMSL, NormAc",30,0,0,0,0,2,0,214.2008068990639,18.005555997019304,16.842357712383215,16.52416424412906,10.64756911335441,14.967849580080358,12.225056278106868
open_2017_05_08_close_2017_05_08_flight_Fixed Wing_N550ND_before_3_189762.csv,57,1425,1454,1,12.643243386705356,"AltMSL, NormAc",30,0,0,0,0,3,0,219.9240661776815,17.576353905355305,17.083718853117492,11.773379667589694,14.960016027872292,17.526942487270997,14.404326537621007
open_2017_05_08_close_2017_05_08_flight_Fixed Wing_N550ND_before_3_189762.csv,58,1450,1479,1,13.968463981275265,"AltMSL, NormAc, E1 RPM",30,2,0,0,0,9,0,230.27422174625826,20.058401434738425,14.522532576528993,4.747958096400082,17.777773001458584,21.219237972809523,14.301646277108318
open_2017_05_08_close_2017_05_08_flight_Fixed Wing_N550ND_before_3_189762.csv,59,1475,1504,1,14.139195972223032,"AltMSL, IAS, NormAc",30,0,0,0,0,7,17,226.0970459844944,14.722846092918283,7.267583256341813,1.5325191184912328,15.989034899644954,22.402046598870783,30.951433991128113
open_2017_05_08_close_2017_05_08_flight_Fixed Wing_N550ND_before_3_189762.csv,60,1500,1529,1,12.73796644540432,"AltMSL, IAS, NormAc",30,0,0,0,0,5,6,219.97071151363215,12.86438641865205,6.552673693695529,3.100479203479671,7.177628813042145,19.42706931723421,14.740985068123942
open_2017_05_08_close_2017_05_08_flight_Fixed Wing_N550ND_before_3_189762.csv,61,1525,1554,1,10.374053950062697,"AltMSL, NormAc",30,0,0,0,0,2,0,221.92588359070305,18.337104111592243,10.07347106632049,9.162941715264752,7.945154949480791,8.31461084972049,5.756212409209572
open_2017_05_08_close_2017_05_08_flight_Fixed Wing_N550ND_before_3_189762.csv,62,1550,1579,1,9.883494443133678,AltMSL,30,0,0,0,0,0,0,218.98408558833313,20.421022713214832,11.413558285301264,10.74356238908862,11.078390171587953,5.701214865909466,7.881425987014068
open_2017_05_08_close_2017_05_08_flight_Fixed Wing_N550ND_before_3_189762.csv,63,1575,1604,1,10.436497704215329,"AltMSL, NormAc",30,0,0,0,0,1,0,218.6874423802278,18.84952966117592,11.525284729265415,9.629453359625002,11.395633845720761,8.858257485620049,2.785851603990482
open_2017_05_08_close_2017_05_08_flight_Fixed Wing_N550ND_before_3_189762.csv,64,1600,1629,1,11.03463854876356,"AltMSL, NormAc",30,0,0,0,0,2,0,218.3368691186074,19.35175119567639,13.795363953101424,7.398351300214352,12.821593668842826,12.126056048825019,2.2280807894398555
open_2017_05_08_close_2017_05_08_flight_Fixed Wing_N550ND_before_3_189762.csv,65,1625,1654,1,11.321079888428907,"AltMSL, NormAc",30,0,0,0,0,1,0,223.9200470905548,20.903539228570402,15.044704532091378,4.142465714394699,15.959097936589458,13.225145138011243,4.846169194575955
open_2017_05_08_close_2017_05_08_flight_Fixed Wing_N550ND_before_3_189762.csv,66,1650,1679,1,12.866234765880803,"AltMSL, IAS, NormAc",30,0,0,0,0,7,12,230.4776382608046,19.12506318854285,4.646661878810063,1.3954534610931921,15.746902240653693,18.555303753109214,26.856595457607106
open_2017_05_08_close_2017_05_08_flight_Fixed Wing_N550ND_before_3_189762.csv,67,1675,1704,1,12.90642794983418,"AltMSL, IAS, NormAc",30,0,0,0,0,5,12,220.13200697515802,13.80631092749027,7.610843223308836,3.0206840473301684,10.983356842853125,16.927764743804893,27.97801461452111
open_2017_05_08_close_2017_05_08_flight_Fixed Wing_N550ND_before_3_189762.csv,68,1700,1729,1,11.263783039006535,"AltMSL, NormAc",30,0,0,0,0,4,0,214.83593482500262,14.34187440280067,6.811122697047612,9.766961303704772,6.39504598773013,11.98996127180964,15.411459924801234
open_2017_05_08_close_2017_05_08_flight_Fixed Wing_N550ND_before_3_189762.csv,69,1725,1754,1,12.126334924671317,"AltMSL, NormAc",30,0,0,0,0,4,0,212.27501800076982,19.903267589747347,7.130469391558192,14.947692585719976,8.831381248634672,16.012422722730026,14.874031628680092
open_2017_05_08_close_2017_05_08_flight_Fixed Wing_N550ND_before_3_189762.csv,70,1750,1779,1,12.55422329628196,"AltMSL, NormAc",30,0,0,0,0,4,0,220.630493319426,17.46498612903649,6.7784387732681255,16.455651042945906,8.057418030514992,15.225222520049805,9.43932146357519
open_2017_05_08_close_2017_05_08_flight_Fixed Wing_N550ND_before_3_189762.csv,71,1775,1804,1,11.775773048392447,"AltMSL, NormAc",30,0,0,0,0,4,0,225.832461611623,19.983777043933713,6.084350239668059,15.84462444630619,10.89696623409704,12.494031392470324,18.10763403461325
open_2017_05_08_close_2017_05_08_flight_Fixed Wing_N550ND_before_3_189762.csv,72,1800,1829,1,11.537642220849289,"AltMSL, NormAc",30,0,0,0,0,3,0,219.03217023323202,19.10896684102313,5.172549628551034,15.258128739679453,10.90057959237823,12.521765458120388,17.151111407550985
open_2017_05_08_close_2017_05_08_flight_Fixed Wing_N550ND_before_3_189762.csv,73,1825,1854,1,11.45643704240391,"AltMSL, NormAc",30,0,0,0,0,2,0,217.27654016015273,18.404220920433254,6.2759538039512135,15.211196162258519,9.821176207722532,12.82685203175683,13.109552332837415
open_2017_05_08_close_2017_05_08_flight_Fixed Wing_N550ND_before_3_189762.csv,74,1850,1879,1,11.478993613652376,"AltMSL, NormAc",30,0,0,0,0,2,0,219.6239842374019,18.291846021236406,7.279561244443712,15.149543258316431,9.924891518229353,11.941950512361085,9.13697966062864
open_2017_05_08_close_2017_05_08_flight_Fixed Wing_N550ND_before_3_189762.csv,75,1875,1904,1,12.993691549031698,"AltMSL, NormAc",30,0,0,0,0,6,0,217.16448891328335,15.024561484263858,6.6371815711807125,14.639705727653089,8.97624455039819,18.11455048992806,4.575046781677695
open_2017_05_08_close_2017_05_08_flight_Fixed Wing_N550ND_before_3_189762.csv,76,1900,1929,1,10.2641472767441,AltMSL,30,0,0,0,0,0,0,218.9693991396519,16.044740461693653,11.811894121382245,12.846118797222193,8.54627881244176,7.454355689794443,6.712983461388237
open_2017_05_08_close_2017_05_08_flight_Fixed Wing_N550ND_before_3_189762.csv,77,1925,1954,1,10.389305923026937,AltMSL,30,0,0,0,0,0,0,222.94640711593533,18.523380529912515,14.102748123326165,9.339752008550633,13.737132243088672,8.071862242520623,4.900673159909119
open_2017_05_08_close_2017_05_08_flight_Fixed Wing_N550ND_before_3_189762.csv,78,1950,1979,1,10.782599732080575,"AltMSL, NormAc",30,0,0,0,0,2,0,221.91514617555953,19.214378824067946,13.345387742341398,4.920257025268793,14.684830502461404,11.095187063812258,1.8560177069756836
open_2017_05_08_close_2017_05_08_flight_Fixed Wing_N550ND_before_3_189762.csv,79,1975,2004,1,11.528517106351215,"AltMSL, NormAc",30,0,0,0,0,2,0,225.33483167092305,19.41093408150847,12.159876307968776,1.9114006290277463,14.10853867183032,14.732187660435649,2.7240835566470687
open_2017_05_08_close_2017_05_08_flight_Fixed Wing_N550ND_before_3_189762.csv,80,2000,2029,1,16.53071445866145,"AltMSL, NormAc",30,0,0,0,0,7,0,228.24969781219914,17.06684353168644,7.615362014668794,1.5183974605768906,14.518937886677413,25.386862770614794,16.77646709305598
open_2017_05_08_close_2017_05_08_flight_Fixed Wing_N550ND_before_3_189762.csv,81,2025,2054,1,16.665898902998148,"AltMSL, NormAc, IAS",30,0,0,0,0,7,1,223.18279566115322,14.606375741045916,3.2203901012216107,0.7332183235811105,10.082602945697626,26.24369979766441,22.166978269468586
open_2017_05_08_close_2017_05_08_flight_Fixed Wing_N550ND_before_3_189762.csv,82,2050,2079,1,12.677813732804566,"AltMSL, NormAc",30,0,0,0,0,5,0,218.11129283158033,13.803627649286813,3.7586542527014886,6.452170158533653,7.2393397048726635,15.200665219651695,10.854279054852121
open_2017_05_08_close_2017_05_08_flight_Fixed Wing_N550ND_before_3_189762.csv,83,2075,2104,1,13.574566333386391,"AltMSL, NormAc",30,0,0,0,0,6,0,221.71929133618355,14.586897719815042,6.41185129686301,11.362784535548187,7.583039187460564,18.195249517419757,3.3327490112838665
open_2017_05_08_close_2017_05_08_flight_Fixed Wing_N550ND_before_3_189762.csv,84,2100,2129,1,13.766357505704152,"AltMSL, NormAc, IAS",30,0,0,0,0,8,1,229.11890266838049,15.264626363313882,4.560246249459376,12.966332907973698,10.74365561283329,21.637421900981707,19.86261786800956
open_2017_05_08_close_2017_05_08_flight_Fixed Wing_N550ND_before_3_189762.csv,85,2125,2154,1,10.518928386673005,"AltMSL, IAS, NormAc",30,0,0,0,0,1,1,216.0829404851839,11.838229029285609,6.564016226340591,14.838602611515066,7.769089700169388,9.253267682183216,13.718721518284935
open_2017_05_08_close_2017_05_08_flight_Fixed Wing_N550ND_before_3_189762.csv,86,2150,2179,1,10.834165062194502,AltMSL,30,0,0,0,0,0,0,218.60108732150857,14.082440784329306,9.623865644353268,17.639263517318653,6.328588706521956,8.507630848680673,8.824213838216886
open_2017_05_08_close_2017_05_08_flight_Fixed Wing_N550ND_before_3_189762.csv,87,2175,2204,1,10.45809330086043,AltMSL,30,0,0,0,0,0,0,219.36484646000162,16.662552542374478,14.930660453538641,15.729724733226618,11.575247361446404,6.005192610864244,13.55702990318384
open_2017_05_08_close_2017_05_08_flight_Fixed Wing_N550ND_before_3_189762.csv,88,2200,2229,1,11.327090132452977,"AltMSL, NormAc",30,0,0,0,0,1,0,222.40233729415144,18.276373647830304,16.246828004321404,9.878606737544343,15.726876195944996,12.558089855524559,10.303317550482621
open_2017_05_08_close_2017_05_08_flight_Fixed Wing_N550ND_before_3_189762.csv,89,2225,2254,1,11.523654981267097,"AltMSL, NormAc",30,0,0,0,0,4,0,218.37576437619734,18.078045101284808,14.090568960195702,3.4466606902313734,15.919925849691259,14.048732476937728,7.632827880866009
open_2017_05_08_close_2017_05_08_flight_Fixed Wing_N550ND_before_3_189762.csv,90,2250,2279,1,10.70605445210952,AltMSL,30,0,0,0,0,0,0,224.41380783701402,18.10833446426855,14.330452801099295,2.8649239240580213,15.404389587411496,9.834448948923665,8.63391061290337
open_2017_05_08_close_2017_05_08_flight_Fixed Wing_N550ND_before_3_189762.csv,91,2275,2304,1,12.107458249159787,"AltMSL, NormAc",30,0,0,0,0,3,0,221.55957847479897,22.162169560253435,12.550156263899476,5.969699706847272,17.016250632490724,15.108482887497836,10.104736523749054
open_2017_05_08_close_2017_05_08_flight_Fixed Wing_N550ND_before_3_189762.csv,92,2300,2329,1,13.438499561859377,"AltMSL, NormAc, E1 RPM",30,1,0,0,0,7,0,228.86347525441852,16.50985523326195,7.467634596224854,6.797126623484052,14.139557223374352,21.47245915774965,10.840125251367105
open_2017_05_08_close_2017_05_08_flight_Fixed Wing_N550ND_before_3_189762.csv,93,2325,2354,1,12.072333087028074,"AltMSL, NormAc",30,0,0,0,0,3,0,221.15841231566046,13.015748041324635,3.8373334859475308,4.179767667884033,9.227077810281592,16.266127769173703,11.855899559310895
open_2017_05_08_close_2017_05_08_flight_Fixed Wing_N550ND_before_3_189762.csv,94,2350,2379,1,10.11144226171372,"AltMSL, NormAc",30,0,0,0,0,2,0,217.18920995121172,10.914974613448994,1.9470637991676576,1.003337114219136,6.151344346122502,9.63966574646192,5.184790322801382
open_2017_05_08_close_2017_05_08_flight_Fixed Wing_N550ND_before_3_189762.csv,95,2375,2404,1,10.91514823476932,"AltMSL, NormAc",30,0,0,0,0,2,0,221.54187373643913,13.957276750565718,10.206208556923016,4.502934365385535,7.2405298490827,11.840203918896277,9.80125658575836
open_2017_05_08_close_2017_05_08_flight_Fixed Wing_N550ND_before_3_189762.csv,96,2400,2429,1,14.27383045961082,"AltMSL, NormAc",30,0,0,0,0,6,0,234.0268204817957,18.945981943996554,13.824225818086003,4.32963775847034,14.126061705288254,20.42858517122269,5.98680487063596
open_2017_05_08_close_2017_05_08_flight_Fixed Wing_N550ND_before_3_189762.csv,97,2425,2454,1,14.57364948491172,"AltMSL, IAS, NormAc",30,0,0,0,0,10,11,231.637767638679,14.960502639851489,8.317613910734638,2.0913238801552043,15.462577756096483,23.846311947915083,26.138201177403865
open_2017_05_08_close_2017_05_08_flight_Fixed Wing_N550ND_before_3_189762.csv,98,2450,2479,1,11.580822611030998,"AltMSL, IAS, NormAc",30,0,0,0,0,6,10,208.76404124367954,12.035115472317596,6.952517151608312,4.617206284192914,9.725036686948645,16.19961290190429,21.62538772720447
open_2017_05_08_close_2017_05_08_flight_Fixed Wing_N550ND_before_3_189762.csv,99,2475,2504,1,13.433450234458066,"AltMSL, NormAc",30,0,0,0,0,6,0,209.67795173279484,15.019450013955002,9.591338442962337,10.623972867766575,6.077395308204155,21.114131625825273,8.283347574655322
open_2017_05_08_close_2017_05_08_flight_Fixed Wing_N550ND_before_3_189762.csv,100,2500,2529,1,11.137442985457412,"AltMSL, NormAc",30,0,0,0,0,1,0,224.48572127922077,18.96899928639729,13.656386236316365,12.284688513845394,12.054041008443143,11.01845624572039,2.8732840040717993
open_2017_05_08_close_2017_05_08_flight_Fixed Wing_N550ND_before_3_189762.csv,101,2525,2554,1,12.969403551676278,"AltMSL, NormAc",30,0,0,0,0,3,0,220.60147561763796,19.58844503363522,12.384870659379715,9.69751080141818,14.602731345133531,16.067632659212435,3.535146393051495
open_2017_05_08_close_2017_05_08_flight_Fixed Wing_N550ND_before_3_189762.csv,102,2550,2579,1,10.479889863646017,"AltMSL, NormAc",30,0,0,0,0,1,0,221.07253728218262,12.95560377716445,6.068724760417077,6.66948147099235,10.678852096142013,10.140952952086268,7.514454527961615
open_2017_05_08_close_2017_05_08_flight_Fixed Wing_N550ND_before_3_189762.csv,103,2575,2604,1,12.480464766945587,"AltMSL, NormAc",30,0,0,0,0,3,0,227.35672695220515,19.800831347646007,12.507242323365329,4.6421338542224255,13.121807419514552,14.84417855568641,6.351579832218745
open_2017_05_08_close_2017_05_08_flight_Fixed Wing_N550ND_before_3_189762.csv,104,2600,2629,1,12.637645135515774,"AltMSL, NormAc",30,0,0,0,0,5,0,230.75612284698087,6.370430141061203,11.947030027940588,3.2550891187758113,12.972016873696361,16.733128601960026,15.083566307752049
open_2017_05_08_close_2017_05_08_flight_Fixed Wing_N550ND_before_3_189762.csv,105,2625,2654,1,11.149555067672923,"AltMSL, NormAc",30,0,0,0,0,1,0,222.3224045730869,9.070590085936733,11.596931229800507,7.086131278354667,5.146630782725814,13.717899299392679,6.776087319575343
open_2017_05_08_close_2017_05_08_flight_Fixed Wing_N550ND_before_3_189762.csv,106,2650,2679,1,11.023766950128392,"AltMSL, NormAc",30,0,0,0,0,2,0,219.955563586329,16.377376026818563,10.927775582313211,11.514770614640842,8.37777854787585,11.91656623866222,6.348916994611202
open_2017_05_08_close_2017_05_08_flight_Fixed Wing_N550ND_before_3_189762.csv,107,2675,2704,1,11.419156595754952,"AltMSL, NormAc",30,0,0,0,0,2,0,225.8538799886096,17.98229412660441,14.211646557034184,10.888194483998959,12.079674938413795,11.98327964152582,6.338624177475005
open_2017_05_08_close_2017_05_08_flight_Fixed Wing_N550ND_before_3_189762.csv,108,2700,2729,1,11.688636605302428,"AltMSL, NormAc",30,0,0,0,0,5,0,219.76977769742766,20.334694567750443,12.987691604093511,7.236587760134742,15.70608611534654,14.721187484549246,5.8817681266692885
open_2017_05_08_close_2017_05_08_flight_Fixed Wing_N550ND_before_3_189762.csv,109,2725,2754,1,11.3953998359167,"AltMSL, NormAc",30,0,0,0,0,3,0,223.18934254076362,17.744046960040215,11.36658416935739,3.6842043538810536,13.249704836464648,11.727665359345007,2.6327841492629886
open_2017_05_08_close_2017_05_08_flight_Fixed Wing_N550ND_before_3_189762.csv,110,2750,2779,1,13.152115917175191,"AltMSL, NormAc",30,0,0,0,0,3,0,230.22549210897978,18.870704656198157,12.335808052989526,1.5888792155146287,14.05851511710541,14.550593723373616,9.703125809073748
open_2017_05_08_close_2017_05_08_flight_Fixed Wing_N550ND_before_3_189762.csv,111,2775,2804,1,13.950950629412166,"AltMSL, E1 FFlow, E1 RPM",30,19,22,0,0,2,0,227.94789018322965,29.634582358662268,39.4728028942688,2.1287104154100294,15.25517138975132,15.54540917755841,12.659728383606428
open_2017_05_08_close_2017_05_08_flight_Fixed Wing_N550ND_before_3_189762.csv,112,2800,2829,1,11.945418836932646,"AltMSL, E1 FFlow, E1 RPM",30,21,23,0,0,4,0,160.80720873393258,31.312044883123885,41.254053740650974,12.144818513695272,12.175417487349904,15.33465761709689,18.457465624412183
open_2017_05_08_close_2017_05_08_flight_Fixed Wing_N550ND_before_3_189762.csv,113,2825,2854,1,12.762045405694654,"AltMSL, E1 FFlow, E1 RPM",30,22,23,12,0,6,1,84.59563758706653,30.562133581364034,41.178529985948984,27.83330687385738,14.184270900281046,17.294331266926523,23.000131211290977
open_2017_05_08_close_2017_05_08_flight_Fixed Wing_N550ND_before_3_189762.csv,114,2850,2879,1,15.081574395161248,"E1 CHT1, E1 FFlow, E1 RPM",10,18,23,30,0,8,4,23.36222649015623,29.23286847340484,40.96998007614201,44.81453470962713,18.181057566504844,18.203037383478165,26.487882877569053
open_2017_05_08_close_2017_05_08_flight_Fixed Wing_N550ND_before_3_189762.csv,115,2875,2904,3,15.843127549079018,"AltMSL, IAS, NormAc",30,0,2,0,3,6,21,38.418256646294346,13.664771820822482,12.453425589636385,20.48987835785932,19.970454154211424,19.06103674903131,32.4066810461924
open_2017_05_08_close_2017_05_08_flight_Fixed Wing_N550ND_before_3_189762.csv,116,2900,2929,3,17.720946186425284,"E1 FFlow, IAS, E1 RPM",15,21,27,9,0,10,22,31.81727132449699,39.423512781639836,35.0772743218445,28.626364126167744,11.964661044168865,25.411194508203675,31.57319732862064
open_2017_05_08_close_2017_05_08_flight_Fixed Wing_N550ND_before_3_189762.csv,117,2925,2954,3,16.81553918478317,"IAS, AltMSL, E1 RPM",18,17,6,6,0,7,21,32.3685305231034,34.12738366438992,19.585804900313207,28.393421062274868,14.46331122079751,22.627180283525945,31.498004143194766
open_2017_05_08_close_2017_05_08_flight_Fixed Wing_N550ND_before_3_189762.csv,118,2950,2979,3,13.933233868440023,"AltMSL, E1 FFlow, E1 RPM",18,5,7,0,0,4,0,31.34885879845105,26.305918667534904,19.280819752096836,24.40601806010021,12.916841960652421,15.26909458625555,21.408795225687157
open_2017_05_08_close_2017_05_08_flight_Fixed Wing_N550ND_before_3_189762.csv,119,2975,3004,4,15.515149446738455,"E1 CHT1, AltMSL, E1 EGT1",30,0,0,30,18,3,0,38.454512318320226,12.248816904008734,6.365255944775144,64.64941103119976,30.44736581352175,12.793993355934061,15.590376938883415
open_2017_05_08_close_2017_05_08_flight_Fixed Wing_N550ND_before_3_189762.csv,120,3000,3029,4,15.53968522866273,"E1 CHT1, E1 EGT1, AltMSL",30,0,0,30,30,6,0,43.2520338823556,13.722337339547042,6.160890078357852,50.10124900737562,43.84280591089247,16.63782248406232,4.877319365642063
open_2017_05_08_close_2017_05_08_flight_Fixed Wing_N550ND_before_3_189762.csv,121,3025,3054,1,13.476532995332699,"AltMSL, E1 CHT1, E1 FFlow",30,0,6,30,0,6,0,100.73846644093227,13.042341390554563,21.09519682531282,34.31993296089924,13.921053275329047,19.33631947413414,12.238318003845107
open_2017_05_08_close_2017_05_08_flight_Fixed Wing_N550ND_before_3_189762.csv,122,3050,3079,4,12.242651121203231,"AltMSL, E1 CHT1, E1 EGT1",30,8,8,30,9,3,0,41.43661551198047,17.001471650340974,21.795071845740203,30.71663436308703,29.908888589803514,13.941932605495133,10.425721999240057
open_2017_05_08_close_2017_05_08_flight_Fixed Wing_N550ND_before_3_189762.csv,123,3075,3104,1,12.319929538165791,"AltMSL, E1 CHT1, E1 FFlow",30,15,17,26,0,5,0,104.84516632523501,28.595180694872656,29.71290876934125,32.305558457554994,8.457394547757433,15.65588631083161,6.8364057893972285
open_2017_05_08_close_2017_05_08_flight_Fixed Wing_N550ND_before_3_189762.csv,124,3100,3129,4,10.675547567947456,"E1 CHT1, AltMSL, E1 EGT1",30,0,0,30,9,0,0,36.1273570120051,13.902121792945316,12.83392152597772,37.34311650810881,26.825848895331593,10.460533942414093,17.92351556950935
open_2017_05_08_close_2017_05_08_flight_Fixed Wing_N550ND_before_3_189762.csv,125,3125,3154,4,11.283661996340353,"E1 EGT1, AltMSL, E1 CHT1",30,0,0,30,30,0,0,37.99889197971084,14.881208984695519,6.0732096914301055,35.79884607974208,44.08225633638389,12.867272518674579,6.40545476278846
open_2017_05_08_close_2017_05_08_flight_Fixed Wing_N550ND_before_3_189762.csv,126,3150,3179,4,9.700122125137945,"E1 EGT1, AltMSL, E1 CHT1",30,0,0,6,30,0,0,37.29159441180681,11.945299448949514,2.4589778775771967,26.325520976663544,40.72772705468891,11.258302845962163,6.934155266085308
open_2017_05_08_close_2017_05_08_flight_Fixed Wing_N550ND_before_3_189762.csv,127,3175,3204,4,10.8077152901069,"AltMSL, E1 EGT1, NormAc",30,0,0,0,29,2,0,41.32861137432112,13.336053198213337,7.830062482404235,15.264882328177327,46.27958046976025,13.108476573788105,3.620454719645353
open_2017_05_08_close_2017_05_08_flight_Fixed Wing_N550ND_before_3_189762.csv,128,3200,3229,4,8.174314478298925,"AltMSL, E1 EGT1",30,0,0,0,4,0,0,40.5215117621426,9.777248002115774,10.28421755621601,7.135312944701005,16.077956514231836,9.435553363943429,5.129887643424442
open_2017_05_08_close_2017_05_08_flight_Fixed Wing_N550ND_before_3_189762.csv,129,3225,3254,1,12.496008256563805,"AltMSL, E1 RPM, NormAc",30,13,3,0,0,3,0,104.9131003974693,25.05059276567371,18.593583921995865,10.082515426425344,7.821881667664225,18.76192181158952,12.225919400284276
open_2017_05_08_close_2017_05_08_flight_Fixed Wing_N550ND_before_3_189762.csv,130,3250,3279,3,13.732679985318919,"NormAc, AltMSL",3,0,0,0,0,4,0,28.31340405523002,6.219575333979217,13.261625179516098,17.505960721910096,5.007638184487855,21.294531646187234,14.397646264293746
open_2017_05_08_close_2017_05_08_flight_Fixed Wing_N550ND_before_3_189762.csv,131,3275,3304,4,8.991251617012802,"E1 RPM, E1 FFlow, IAS",0,16,9,0,0,1,8,20.999051226211797,31.6606496996526,20.253048954968754,17.855890491592177,10.44578241137626,9.615284126117563,25.561696397628467
open_2017_05_08_close_2017_05_08_flight_Fixed Wing_N550ND_before_3_189762.csv,132,3300,3329,3,9.654267896540173,NormAc,0,0,0,0,0,3,0,19.423014569231302,3.761446087915619,10.735949442567062,7.353792192373291,11.588202500360829,16.94451871148535,17.174667232653846
open_2017_05_08_close_2017_05_08_flight_Fixed Wing_N550ND_before_3_189762.csv,133,3325,3354,3,7.697311605562126,"E1 FFlow, NormAc",0,0,6,0,0,1,0,15.028586577602661,10.678848676881211,20.41679905855909,2.5816974287045333,7.597641314334196,11.29381266134303,12.590081378904738
open_2017_05_08_close_2017_05_08_flight_Fixed Wing_N550ND_before_3_189762.csv,134,3350,3379,3,8.290551922225102,"E1 FFlow, E1 RPM, NormAc",0,10,10,0,0,2,0,11.582949881143215,24.048410281656825,26.641671984429355,1.3746628274324935,3.93843439470886,12.284495146186902,11.837077951117166
open_2017_05_08_close_2017_05_08_flight_Fixed Wing_N550ND_before_3_189762.csv,135,3375,3404,3,9.051701511918637,NormAc,0,0,0,0,0,7,0,7.798612506179443,14.039859176745063,13.50471304526122,1.4422755558077336,8.865340620363282,20.00407382461212,14.576762335684359
open_2017_05_08_close_2017_05_08_flight_Fixed Wing_N550ND_before_3_189762.csv,136,3400,3429,3,8.322325483077146,"NormAc, E1 FFlow",0,0,2,0,0,4,0,2.5138508644414315,9.417675276457752,16.855831268323662,0.44664909075158193,6.25064892898187,18.015560998265094,12.451250955945559
open_2017_05_08_close_2017_05_08_flight_Fixed Wing_N550ND_before_3_189762.csv,137,3425,3454,3,11.118944652076639,"E1 FFlow, E1 RPM, NormAc",0,9,10,0,0,8,0,1.560130388037721,16.799797976623527,22.55705898890469,1.6291223309806866,7.2339727493173385,23.55014545743081,13.881479832651634
open_2017_05_08_close_2017_05_08_flight_Fixed Wing_N550ND_before_3_189762.csv,138,3450,3479,3,8.831307638074769,NormAc,0,0,0,0,0,6,0,6.052001305533746,2.370372312809463,12.052636297620822,2.5655582209243426,11.80142732784461,20.94642556450554,13.055092920627553
open_2017_05_08_close_2017_05_08_flight_Fixed Wing_N550ND_before_3_189762.csv,139,3475,3504,3,12.657465775592371,"E1 EGT1, E1 RPM, NormAc",0,15,0,0,18,5,0,9.53860550192002,28.714465608868682,22.224240595066483,6.026393225579418,29.85740078102356,16.545440893184747,4.320454036060657
open_2017_05_08_close_2017_05_08_flight_Fixed Wing_N550ND_before_3_189762.csv,140,3500,3529,0,12.645970424288546,"IAS, AltMSL, E1 CHT1",30,10,12,30,2,15,30,284.5294084465746,27.68973376172824,40.151161622553104,45.13297976116994,13.50908825855417,37.051934591046106,562.7206403924258
open_2017_05_08_close_2017_05_08_flight_Fixed Wing_N550ND_before_3_189762.csv,141,3525,3554,7,18.756379831873243,"E1 FFlow, AltMSL, E1 RPM",30,29,30,5,20,9,25,219.97033092773225,171.08630846418643,785.3093874658853,23.92174514682577,36.45599137884641,30.19131144955327,1983174885.4497972
open_2017_05_08_close_2017_05_08_flight_Fixed Wing_N550ND_before_3_189762.csv,142,3550,3579,6,11.40270256278189,"E1 CHT1, NormAc, E1 FFlow",0,0,2,30,0,3,0,9.536220985785134,4.490246215809516,12.417618671802234,57.44388562300078,3.9898568435235284,14.335962329662678,3.0305304126425305
open_2017_05_08_close_2017_05_08_flight_Fixed Wing_N550ND_before_3_189762.csv,143,3575,3604,6,6.949812142575784,"E1 CHT1, E1 FFlow",0,0,9,17,0,0,0,12.11785261144624,5.723475117632349,19.110130706580705,31.98030307431144,4.0798091286460565,8.22043217403487,5.3304990801191625
open_2017_05_08_close_2017_05_08_flight_Fixed Wing_N550ND_before_3_189762.csv,144,3600,3629,6,5.818900473031936,"AltMSL, E1 FFlow, NormAc",30,0,4,0,0,2,0,35.19871096378893,6.354894882107888,15.004156104587864,4.504999565096582,4.940286395948632,10.566739962892912,5.232854487033445
open_2017_05_08_close_2017_05_08_flight_Fixed Wing_N550ND_before_3_189762.csv,145,3625,3654,6,7.676287929329501,"AltMSL, E1 FFlow, NormAc",30,0,13,0,0,2,0,55.96592761934652,6.369841157812357,22.374375607278754,21.066725565812273,4.972000036428682,11.50731885065366,3.7427702330700727
open_2017_05_08_close_2017_05_08_flight_Fixed Wing_N550ND_before_3_189762.csv,146,3650,3679,5,6.23938379414038,NormAc,0,0,0,0,0,3,0,10.081919250823482,3.610443856285665,4.984356916349313,22.442545043442628,5.236230364048041,12.265227263331877,10.376420575089
open_2017_05_08_close_2017_05_08_flight_Fixed Wing_N550ND_before_3_189762.csv,147,3675,3704,5,8.084124312893122,NormAc,0,0,0,0,0,7,0,4.202111944636071,2.9904953876884712,6.547383994917163,4.454999666157497,7.425962915334351,20.612810103096084,7.091292858058039
open_2017_05_08_close_2017_05_08_flight_Fixed Wing_N550ND_before_3_189762.csv,148,3700,3729,5,7.491197163216465,NormAc,0,0,0,0,0,4,0,11.697268025902334,9.08525777297143,3.6003874381508534,5.4713886687127795,9.873803965157961,17.0403784724502,12.606561293979397
open_2017_05_08_close_2017_05_08_flight_Fixed Wing_N550ND_before_3_189762.csv,149,3725,3754,5,8.355325140496797,"E1 FFlow, NormAc",0,0,6,0,0,3,0,11.273365895761088,3.940656259652155,21.407513556756502,8.366838969182051,25.676906715176926,18.309599877465875,22.214439845094898
open_2017_05_08_close_2017_05_08_flight_Fixed Wing_N550ND_before_3_189762.csv,150,3750,3779,5,11.208322538710483,"NormAc, E1 FFlow, E1 RPM",0,6,10,0,3,13,0,18.230478560685224,17.73359363495809,19.108483639931674,4.522412641616227,18.096823852098396,29.179729230599186,12.93753163099139
open_2017_05_08_close_2017_05_08_flight_Fixed Wing_N550ND_before_3_189762.csv,151,3775,3804,5,8.601525698418467,NormAc,0,0,0,0,0,3,0,27.22146421957955,5.285410128512035,3.698413047942693,3.4322862281511197,11.829079798614153,17.33222813829131,3.5041526817276005
open_2017_05_08_close_2017_05_08_flight_Fixed Wing_N550ND_before_3_189762.csv,152,3800,3829,5,10.293166082387248,"AltMSL, NormAc",30,0,0,0,0,7,0,35.00674291583465,4.32796748350415,3.156704946685858,2.9487762068832217,13.66408532262464,19.444989435287372,5.618507474261224
open_2017_05_08_close_2017_05_08_flight_Fixed Wing_N550ND_before_3_189762.csv,153,3825,3854,5,10.933090596649034,"AltMSL, NormAc",30,0,0,0,0,5,0,43.748999401575986,2.3239423305234124,2.827468602203136,1.820061615519075,17.606696450347396,18.10008579154336,5.95342151027051
open_2017_05_08_close_2017_05_08_flight_Fixed Wing_N550ND_before_3_189762.csv,154,3850,3879,5,10.94574580669124,"AltMSL, NormAc",30,0,0,0,0,3,0,47.25513333834546,4.8611840754801845,3.097780168242287,1.6190508523605966,17.341911190675916,16.67405776270993,2.2806343859631406
open_2017_05_08_close_2017_05_08_flight_Fixed Wing_N550ND_before_3_189762.csv,155,3875,3904,5,12.10883628789902,"AltMSL, NormAc",30,0,0,0,0,2,0,55.80430036891368,2.7146108581040815,2.563328466252983,2.0343231477307353,18.9180687406766,12.401659936026808,4.697776873524749
open_2017_05_08_close_2017_05_08_flight_Fixed Wing_N550ND_before_3_189762.csv,156,3900,3929,5,15.061811951046987,"AltMSL, NormAc",30,0,0,0,0,4,0,68.40541397036591,3.9959614093042597,4.173432836705834,2.5325660001611285,17.634932511274013,17.363951578006887,6.235411195545271
open_2017_05_08_close_2017_05_08_flight_Fixed Wing_N550ND_before_3_189762.csv,157,3925,3954,1,15.139641284753672,"AltMSL, E1 CHT1, E1 EGT1",30,2,13,25,15,3,5,245.80392520070177,15.12791912485254,20.509913359068186,32.08458140099123,30.634582719831656,15.835473964967044,22.358794672707397
open_2017_05_08_close_2017_05_08_flight_Fixed Wing_N550ND_before_3_189762.csv,158,3950,3979,1,11.749642780422137,"AltMSL, E1 EGT1, IAS",30,0,0,0,10,0,5,218.98308136247897,8.677619703745187,10.068565753744213,22.567566213161026,26.782777993598337,10.039731467839019,21.45231747543909
open_2017_05_08_close_2017_05_08_flight_Fixed Wing_N550ND_before_3_189762.csv,159,3975,4004,1,10.998090904175422,"AltMSL, E1 EGT1, E1 FFlow",30,0,5,0,17,1,0,215.23954239245703,16.668219229268903,21.526408737200406,9.92961882871055,26.564972735046744,9.16470916843449,4.62368514887396
open_2017_05_08_close_2017_05_08_flight_Fixed Wing_N550ND_before_3_189762.csv,160,4000,4029,1,9.955881559956612,AltMSL,30,0,0,0,0,0,0,215.5919073616092,14.262944447958015,13.13408519083224,3.2671571413367135,6.9958020519822295,7.672278796371093,10.667323667427242
open_2017_05_08_close_2017_05_08_flight_Fixed Wing_N550ND_before_3_189762.csv,161,4025,4054,1,12.289734999735874,"AltMSL, NormAc",30,0,0,0,0,5,0,224.77679639198809,20.82690072437894,17.020921197326693,2.806361597201305,16.180401953586276,16.873990415950228,9.762362737960297
open_2017_05_08_close_2017_05_08_flight_Fixed Wing_N550ND_before_3_189762.csv,162,4050,4079,1,14.804469167426813,"AltMSL, NormAc, E1 RPM",30,4,0,0,0,11,3,230.2036430969379,14.41861186377703,8.463869376171086,4.797389352272859,19.07267535867058,25.360884414628185,21.989655037452497
open_2017_05_08_close_2017_05_08_flight_Fixed Wing_N550ND_before_3_189762.csv,163,4075,4104,1,11.702045674197626,"AltMSL, IAS, NormAc",30,0,0,0,0,3,10,219.83696215442407,11.66129896093614,8.470234719751133,1.6089041118983298,15.436893579540707,13.506489829762184,24.07673592343182
open_2017_05_08_close_2017_05_08_flight_Fixed Wing_N550ND_before_3_189762.csv,164,4100,4129,1,10.673731061059142,"AltMSL, NormAc",30,0,0,0,0,3,0,214.11585895631666,15.102278434822168,10.692213338883391,6.043839978118318,11.14751635987388,11.186777682283887,4.585790072804558
open_2017_05_08_close_2017_05_08_flight_Fixed Wing_N550ND_before_3_189762.csv,165,4125,4154,1,12.346574419946142,"AltMSL, NormAc",30,0,0,0,0,6,0,219.27442679314777,19.2768703972601,18.10912783228183,8.05121724994513,15.93624968263024,16.44634895825579,8.619108001959704
open_2017_05_08_close_2017_05_08_flight_Fixed Wing_N550ND_before_3_189762.csv,166,4150,4179,1,11.54738726061681,"AltMSL, NormAc",30,0,0,0,0,2,0,225.21618577390515,20.310233014246162,15.990574410848183,4.005656060471692,18.81419918138133,13.769484938653235,5.494576736336304
open_2017_05_08_close_2017_05_08_flight_Fixed Wing_N550ND_before_3_189762.csv,167,4175,4204,1,13.193371406212554,"AltMSL, IAS, NormAc",30,0,0,0,0,6,10,233.59909597150164,15.209093677702784,8.826146920380328,1.999709484692091,20.349732470765634,18.532226057219233,25.578836272930047
open_2017_05_08_close_2017_05_08_flight_Fixed Wing_N550ND_before_3_189762.csv,168,4200,4229,1,11.560463358894452,"AltMSL, IAS, NormAc",30,0,0,0,0,3,7,218.91239292282646,5.506389074762187,15.015974357727792,1.0261054874020308,15.979229261159936,15.920241816489941,16.53677241334604
open_2017_05_08_close_2017_05_08_flight_Fixed Wing_N550ND_before_3_189762.csv,169,4225,4254,1,12.402147890735701,"AltMSL, NormAc",30,0,0,0,0,5,0,219.05838192670382,16.384709953239778,12.707434901317301,7.3679419259571075,10.838237024080913,18.969652463039864,6.710761302213428
open_2017_05_08_close_2017_05_08_flight_Fixed Wing_N550ND_before_3_189762.csv,170,4250,4279,1,13.384353254960423,"AltMSL, NormAc",30,0,0,0,0,3,0,238.382845319698,17.78646682026617,8.886415154523759,8.371725375800176,15.8599914517721,18.02413251490438,11.289221696425125
open_2017_05_08_close_2017_05_08_flight_Fixed Wing_N550ND_before_3_189762.csv,171,4275,4304,1,11.921070453372803,"AltMSL, NormAc",30,0,0,0,0,2,0,241.9383647149605,13.884838194027045,4.598813213988478,6.605370149326607,16.907385227507607,13.216313722682573,23.720341531373087
open_2017_05_08_close_2017_05_08_flight_Fixed Wing_N550ND_before_3_189762.csv,172,4300,4329,1,10.279353522597741,"AltMSL, NormAc",30,0,0,0,0,1,0,225.31834164154714,10.518805086320151,3.3865036210316113,9.172553706421972,11.832961541973134,7.977237573888773,11.401701728529648
open_2017_05_08_close_2017_05_08_flight_Fixed Wing_N550ND_before_3_189762.csv,173,4325,4354,1,11.973368293826619,"AltMSL, NormAc",30,0,0,0,0,5,0,226.75971030261655,15.739094328895831,8.636957907236525,12.586948991400652,11.423429078955758,13.998317449450695,3.635631852965652
open_2017_05_08_close_2017_05_08_flight_Fixed Wing_N550ND_before_3_189762.csv,174,4350,4379,1,12.216941499842536,"AltMSL, NormAc",30,0,0,0,0,5,0,224.2712117646799,17.024173308205423,6.159836378241786,12.636720929943962,14.619398444624956,17.14574550659679,9.867554752040073
open_2017_05_08_close_2017_05_08_flight_Fixed Wing_N550ND_before_3_189762.csv,175,4375,4404,1,12.249969758106714,"AltMSL, NormAc",30,0,0,0,0,4,0,220.3305761793102,9.114054619971718,1.7287454441393206,11.371981084202513,12.403720065406679,17.39063911078294,7.143819792086494
open_2017_05_08_close_2017_05_08_flight_Fixed Wing_N550ND_before_3_189762.csv,176,4400,4429,1,11.929857911309782,"AltMSL, NormAc",30,0,0,0,0,2,0,235.01205017356455,16.83734631209778,8.652794175481585,10.370169132889455,12.983087645886732,12.5298446049527,15.755705423303956
open_2017_05_08_close_2017_05_08_flight_Fixed Wing_N550ND_before_3_189762.csv,177,4425,4454,1,12.000987394933937,"AltMSL, E1 RPM, NormAc",30,2,0,0,0,2,1,222.995350107359,17.151370253132395,2.8920337174786552,9.045771198414812,17.68965547795352,14.218319409503561,19.98664995907344
open_2017_05_08_close_2017_05_08_flight_Fixed Wing_N550ND_before_3_189762.csv,178,4450,4479,1,11.618185850913482,"AltMSL, NormAc",30,0,0,0,0,3,0,217.90242120982404,13.866466516249142,7.618610893576243,10.17665071474532,12.162055088575695,14.034943250064059,4.462811201843337
open_2017_05_08_close_2017_05_08_flight_Fixed Wing_N550ND_before_3_189762.csv,179,4475,4504,1,11.389042326200721,"AltMSL, NormAc",30,0,0,0,0,1,0,224.03595536289436,17.034504032318345,14.35352580608967,9.986802326492478,14.430824984718603,12.979742947506415,7.2321322488015785
open_2017_05_08_close_2017_05_08_flight_Fixed Wing_N550ND_before_3_189762.csv,180,4500,4529,1,11.166526904247707,"AltMSL, NormAc",30,0,0,0,0,1,0,232.98117199373195,20.965437950980117,13.511959759384407,6.006239714307943,18.07644112095499,10.513513798707764,8.367849732761265
open_2017_05_08_close_2017_05_08_flight_Fixed Wing_N550ND_before_3_189762.csv,181,4525,4554,1,10.66522942846374,"AltMSL, NormAc",30,0,0,0,0,2,0,218.32244621156963,17.929758044828684,9.131561872471757,2.12424369904699,17.53270901752416,10.887389339730992,7.561150643902484
open_2017_05_08_close_2017_05_08_flight_Fixed Wing_N550ND_before_3_189762.csv,182,4550,4579,1,12.563475633847924,"AltMSL, NormAc",30,0,0,0,0,5,0,214.03533787468092,17.631252054676715,15.133198431450401,1.4527921380602202,17.275397343629955,15.815573412985428,7.9293501492935565
open_2017_05_08_close_2017_05_08_flight_Fixed Wing_N550ND_before_3_189762.csv,183,4575,4604,1,11.67470570417528,"AltMSL, NormAc",30,0,0,0,0,3,0,223.27537502865292,18.467111034761224,11.420815471553128,3.2896603088315697,18.861452255632518,13.923072739734675,4.208631760050205
open_2017_05_08_close_2017_05_08_flight_Fixed Wing_N550ND_before_3_189762.csv,184,4600,4629,1,11.983484716662838,"AltMSL, NormAc",30,0,0,0,0,4,0,221.87910276828708,13.441061529474785,7.368558025828335,5.556171399618364,16.11510022189144,15.924663058206688,5.13562171935023
open_2017_05_08_close_2017_05_08_flight_Fixed Wing_N550ND_before_3_189762.csv,185,4625,4654,1,10.959361779633385,"AltMSL, NormAc",30,0,0,0,0,2,0,217.45139864055102,17.248434926452433,14.042070291749384,6.430595652834307,17.406056670847644,12.719732293684991,6.528093243784376
open_2017_05_08_close_2017_05_08_flight_Fixed Wing_N550ND_before_3_189762.csv,186,4650,4679,1,11.508159875135286,"AltMSL, NormAc",30,0,0,0,0,3,0,222.11556153644005,16.698158643268922,14.47775478611971,8.109235236676067,17.969536967881673,12.667722123813219,8.788471328427553
open_2017_05_08_close_2017_05_08_flight_Fixed Wing_N550ND_before_3_189762.csv,187,4675,4704,1,10.837778453547049,AltMSL,30,0,0,0,0,0,0,224.91563807683755,17.417650982387293,14.592171843450926,10.414191040172271,18.895711331822817,8.94086410280123,6.980712870501644
open_2017_05_08_close_2017_05_08_flight_Fixed Wing_N550ND_before_3_189762.csv,188,4700,4729,1,11.712860725723544,AltMSL,30,0,0,0,0,0,0,226.33077195709396,20.83922571595477,15.607968265916346,12.754244606050968,19.329579879502965,12.528998598146856,3.649476695307667
open_2017_05_08_close_2017_05_08_flight_Fixed Wing_N550ND_before_3_189762.csv,189,4725,4754,1,14.425877501460615,"AltMSL, NormAc",30,0,0,0,0,7,0,235.22698128084176,18.336810388768594,10.398107321414361,14.009214575077632,20.27023497900256,22.554131254439362,15.651165577087124
open_2017_05_08_close_2017_05_08_flight_Fixed Wing_N550ND_before_3_189762.csv,190,4750,4779,1,11.78829213044599,"AltMSL, E1 FFlow, IAS",30,5,17,0,0,2,14,186.99596832667186,17.938626595222765,34.09143224136934,10.763220111087628,22.505391739458453,13.160688286005007,28.407203547495648
open_2017_05_08_close_2017_05_08_flight_Fixed Wing_N550ND_before_3_189762.csv,191,4775,4804,1,11.331751867011093,"AltMSL, E1 FFlow, E1 RPM",30,22,30,0,0,5,9,106.58160059305312,31.59667166106909,43.91686785315154,4.74339549772253,24.754517067200403,15.740440648149951,27.816029833398186
open_2017_05_08_close_2017_05_08_flight_Fixed Wing_N550ND_before_3_189762.csv,192,4800,4829,1,13.941264919583869,"E1 FFlow, E1 RPM, AltMSL",16,25,30,5,0,8,2,35.9804117436697,39.9144194227148,45.81335745234028,21.307405359090243,19.755173331800822,19.02266744595054,23.93101489407236
open_2017_05_08_close_2017_05_08_flight_Fixed Wing_N550ND_before_3_189762.csv,193,4825,4854,1,14.820452687323174,"E1 FFlow, E1 RPM, E1 CHT1",20,27,27,26,0,6,11,40.06097717243067,43.297444986365925,46.97985389143515,39.68841107171847,10.862275920210962,18.011397485969418,28.067248056940603
open_2017_05_08_close_2017_05_08_flight_Fixed Wing_N550ND_before_3_189762.csv,194,4850,4879,4,15.383886738002923,"E1 CHT1, AltMSL, E1 RPM",30,3,3,30,3,2,0,48.97115283610772,16.730436348044535,14.221661853195826,60.65808046744412,16.18819455020626,13.954794203857029,9.302375834885492
open_2017_05_08_close_2017_05_08_flight_Fixed Wing_N550ND_before_3_189762.csv,195,4875,4904,4,14.001014684103614,"E1 CHT1, AltMSL, E1 EGT1",30,0,0,30,29,1,0,50.80207866646148,18.572429655782106,9.759482543413242,64.689562839047,45.45069062980748,6.901198260832995,7.999092127542808
open_2017_05_08_close_2017_05_08_flight_Fixed Wing_N550ND_before_3_189762.csv,196,4900,4929,4,13.040649957010523,"AltMSL, E1 EGT1, E1 CHT1",30,0,0,30,30,2,0,52.853635970512414,21.671155703275385,12.098190942295279,51.04851872348478,52.508101810812896,8.655583467767418,5.326958633941287
open_2017_05_08_close_2017_05_08_flight_Fixed Wing_N550ND_before_3_189762.csv,197,4925,4954,1,14.39053258189927,"AltMSL, E1 CHT1, IAS",30,2,1,18,0,10,10,73.90935802568389,16.74623227612431,8.17006662790483,31.344821085715346,21.504509035426278,23.83880820988407,26.062643885481233
open_2017_05_08_close_2017_05_08_flight_Fixed Wing_N550ND_before_3_189762.csv,198,4950,4979,1,9.828009045132598,"AltMSL, IAS, NormAc",30,0,0,0,0,3,5,80.29465850368582,11.357738651460853,3.2452277905167173,21.078550262917975,21.762425396373835,15.295894608703566,19.376888140786978
open_2017_05_08_close_2017_05_08_flight_Fixed Wing_N550ND_before_3_189762.csv,199,4975,5004,1,8.549086628210635,"AltMSL, NormAc",30,0,0,0,0,2,0,78.33008824287022,15.291680446875372,11.71485819706305,15.942763760394074,16.21519353497248,13.518882619738037,10.635495513273433
open_2017_05_08_close_2017_05_08_flight_Fixed Wing_N550ND_before_3_189762.csv,200,5000,5029,1,7.709972426371289,"AltMSL, NormAc",30,0,0,0,0,1,0,83.28851538653683,15.700211978837247,11.578869346494034,11.62382044195409,17.87311334513344,11.498247500258957,11.791823858277038
open_2017_05_08_close_2017_05_08_flight_Fixed Wing_N550ND_before_3_189762.csv,201,5025,5054,1,10.322916331396685,"AltMSL, NormAc, E1 FFlow",30,0,1,0,0,8,0,79.4376637899452,18.10370364126847,21.082072053054663,7.116441992573375,15.136767286747,19.087269273204864,4.866202024679109
open_2017_05_08_close_2017_05_08_flight_Fixed Wing_N550ND_before_3_189762.csv,202,5050,5079,1,8.472192087694937,"AltMSL, NormAc",30,0,0,0,0,5,0,71.60521942798513,21.024012126209456,15.636031003579598,2.7609904554365867,19.125122422914796,15.079717500750254,19.76979885218897
open_2017_05_08_close_2017_05_08_flight_Fixed Wing_N550ND_before_3_189762.csv,203,5075,5104,1,7.714333790928897,"AltMSL, NormAc",30,0,0,0,0,3,0,80.26774458013226,19.565189566942212,12.534016372529086,3.065878909659191,21.10488804230964,13.169232410245845,20.262086404134905
open_2017_05_08_close_2017_05_08_flight_Fixed Wing_N550ND_before_3_189762.csv,204,5100,5129,1,8.04099316427169,"AltMSL, NormAc",30,0,0,0,0,4,0,81.62998202236602,15.184779139701293,14.828721931597423,4.358454001961142,17.507356544043187,12.818119460898595,5.931789324695535
open_2017_05_08_close_2017_05_08_flight_Fixed Wing_N550ND_before_3_189762.csv,205,5125,5154,1,10.329647575335741,"AltMSL, NormAc",30,0,0,0,0,9,0,71.5257033012585,14.719958885658425,11.737315983730781,6.039862439692765,18.10253416660706,19.306594871051985,7.934465449089232
open_2017_05_08_close_2017_05_08_flight_Fixed Wing_N550ND_before_3_189762.csv,206,5150,5179,1,6.74211809439919,"AltMSL, NormAc",30,0,0,0,0,1,0,77.10366613040566,12.774543839442421,12.55277743518591,7.53168308146288,17.389655165107545,8.472572466015887,3.1754376115529417
open_2017_05_08_close_2017_05_08_flight_Fixed Wing_N550ND_before_3_189762.csv,207,5175,5204,1,8.467019461130372,"AltMSL, NormAc",30,0,0,0,0,2,0,81.97789974550977,18.076611085711072,20.947229077301024,9.319932162136194,16.417823123371804,13.777013957449363,3.304584174825859
open_2017_05_08_close_2017_05_08_flight_Fixed Wing_N550ND_before_3_189762.csv,208,5200,5229,1,8.69049762420421,"AltMSL, NormAc",30,0,0,0,0,2,0,83.01155876734963,18.54018863016278,23.2975116170101,12.325252670667627,15.809652302706,14.477491232808708,4.174720211151417
open_2017_05_08_close_2017_05_08_flight_Fixed Wing_N550ND_before_3_189762.csv,209,5225,5254,1,11.581549449976592,"AltMSL, NormAc, E1 RPM",30,1,0,0,0,9,0,76.7248108603186,21.60555287414748,22.831957073342373,16.377215002172434,16.843278398923573,22.119723319648617,10.639832061330491
open_2017_05_08_close_2017_05_08_flight_Fixed Wing_N550ND_before_3_189762.csv,210,5250,5279,1,10.983893911019639,"AltMSL, NormAc, IAS",30,0,0,0,0,5,2,73.99387228973238,15.25874763293741,7.625754043770507,19.154038532609718,22.252322781308248,20.84118919261079,24.164151656903822
open_2017_05_08_close_2017_05_08_flight_Fixed Wing_N550ND_before_3_189762.csv,211,5275,5304,1,8.767566051978038,"AltMSL, NormAc, IAS",30,0,0,0,0,4,1,84.21675629808188,11.940455528525106,8.578506873820993,16.370116524404917,20.428141135520338,12.13745741745732,12.986002747950543
open_2017_05_08_close_2017_05_08_flight_Fixed Wing_N550ND_before_3_189762.csv,212,5300,5329,1,7.889003726516168,"AltMSL, NormAc",30,0,0,0,0,1,0,83.53404114162238,15.134795103575739,15.335489212012234,11.978501038822715,16.895096224858904,11.470525457598535,5.797028633580333
open_2017_05_08_close_2017_05_08_flight_Fixed Wing_N550ND_before_3_189762.csv,213,5325,5354,1,11.773177489055131,"AltMSL, NormAc, IAS",30,0,0,0,0,7,1,69.09325255056065,7.124471644741242,9.841924561581989,10.128294489404619,21.289197179680848,20.95692840776106,17.587865550638238
open_2017_05_08_close_2017_05_08_flight_Fixed Wing_N550ND_before_3_189762.csv,214,5350,5379,1,9.892617572582004,"AltMSL, NormAc",30,0,0,0,0,4,0,72.61369277286836,6.870278398104379,16.272552570750392,6.174922738898859,21.415141256704743,15.251592314746071,14.290993449026988
open_2017_05_08_close_2017_05_08_flight_Fixed Wing_N550ND_before_3_189762.csv,215,5375,5404,1,7.588770046392,"AltMSL, E1 FFlow, NormAc",30,0,2,0,0,2,0,86.47955282464268,14.64793764937037,20.615022849216924,2.1582076812078954,12.296883286820488,12.159403333445805,9.670784538561469
open_2017_05_08_close_2017_05_08_flight_Fixed Wing_N550ND_before_3_189762.csv,216,5400,5429,1,9.7090805291428,"AltMSL, E1 FFlow, NormAc",30,0,6,0,0,6,0,76.41849294396482,18.87914674458912,25.428632812597105,4.349197803893246,9.97645036501519,17.517121809285346,8.176052812822443
open_2017_05_08_close_2017_05_08_flight_Fixed Wing_N550ND_before_3_189762.csv,217,5425,5454,1,8.301170078719363,"AltMSL, NormAc",30,0,0,0,0,3,0,74.57622724976312,15.258894477823295,12.511647366700222,3.0174983554129495,17.903020467498454,14.367085036033927,10.493194685921965
open_2017_05_08_close_2017_05_08_flight_Fixed Wing_N550ND_before_3_189762.csv,218,5450,5479,1,6.2566069459815,"AltMSL, NormAc",30,0,0,0,0,1,0,79.79595537533208,5.024997193570693,5.644269754810474,4.739651928046478,18.87977843490745,9.696936877465172,5.509406719623483
open_2017_05_08_close_2017_05_08_flight_Fixed Wing_N550ND_before_3_189762.csv,219,5475,5504,1,7.331792682134816,"AltMSL, NormAc",30,0,0,0,0,3,0,84.21912982835214,12.666731153222416,16.148832439184737,5.394649613868883,13.827268950325001,12.474282689478937,6.105463534827611
open_2017_05_08_close_2017_05_08_flight_Fixed Wing_N550ND_before_3_189762.csv,220,5500,5529,1,10.234125110587096,"AltMSL, NormAc",30,0,0,0,0,7,0,84.05369946834674,12.525021378600506,14.259765662041215,7.893597511182923,15.870427916671993,19.766903577246367,7.004407056859732
open_2017_05_08_close_2017_05_08_flight_Fixed Wing_N550ND_before_3_189762.csv,221,5525,5554,1,7.920242903623817,"AltMSL, E1 FFlow, NormAc",30,0,15,0,0,3,0,79.65800717070763,20.08506511981458,26.245269427670745,11.011715532255245,13.021213165618011,9.941513110919425,6.097863419651369
open_2017_05_08_close_2017_05_08_flight_Fixed Wing_N550ND_before_3_189762.csv,222,5550,5579,1,8.87706381837757,"AltMSL, NormAc",30,0,0,0,0,5,0,75.0403398229758,8.97506545936287,7.438848625894433,14.523292475980199,18.006746304181082,15.136153885276114,5.807857032637819
open_2017_05_08_close_2017_05_08_flight_Fixed Wing_N550ND_before_3_189762.csv,223,5575,5604,1,8.359545394178081,"AltMSL, NormAc",30,0,0,0,0,3,0,77.25048798677163,14.014486053155466,17.247943263861647,15.250797663732422,14.31630459104144,12.767817434247279,4.026532035408965
open_2017_05_08_close_2017_05_08_flight_Fixed Wing_N550ND_before_3_189762.csv,224,5600,5629,1,7.7552773287886305,"AltMSL, NormAc",30,0,0,0,0,2,0,80.61700235286443,15.098834070396196,16.524191923327667,16.62629077344021,15.35948018469969,11.767800808061478,3.296258794086903
open_2017_05_08_close_2017_05_08_flight_Fixed Wing_N550ND_before_3_189762.csv,225,5625,5654,1,7.755253981067623,AltMSL,30,0,0,0,0,0,0,78.30429466976531,13.790345668493439,14.721588613075065,17.81408281045,15.076066045213604,10.711087014663237,3.512781083367562
open_2017_05_08_close_2017_05_08_flight_Fixed Wing_N550ND_before_3_189762.csv,226,5650,5679,1,10.484801359063251,"AltMSL, NormAc",30,0,0,0,0,5,0,76.6096469718738,13.720430860076728,14.67826453981058,18.359326433118873,14.669575911935137,18.54588064905032,4.9312162944767
open_2017_05_08_close_2017_05_08_flight_Fixed Wing_N550ND_before_3_189762.csv,227,5675,5704,1,10.39713164316069,"AltMSL, NormAc",30,0,0,0,0,5,0,73.2500898202798,5.963950028638341,3.825977539939698,18.086548457266584,19.495422908811047,17.846901759634456,9.856864183589297
open_2017_05_08_close_2017_05_08_flight_Fixed Wing_N550ND_before_3_189762.csv,228,5700,5729,1,7.392562969504077,"AltMSL, NormAc",30,0,0,0,0,3,0,84.87776996023483,9.157785026151227,13.449975845512023,14.300404638535785,16.427843799268228,10.288220550730383,5.603911635320505
open_2017_05_08_close_2017_05_08_flight_Fixed Wing_N550ND_before_3_189762.csv,229,5725,5754,1,11.035197526324438,"AltMSL, NormAc, E1 FFlow",30,0,2,0,0,7,0,94.4880880584272,16.304533377614305,21.33511593350134,10.821172012234141,19.53409614146757,17.542258168171692,10.926537565939583
open_2017_05_08_close_2017_05_08_flight_Fixed Wing_N550ND_before_3_189762.csv,230,5750,5779,2,12.596036676933519,"AltMSL, IAS, NormAc",30,2,2,0,8,11,23,90.4133347107271,14.091111417620988,12.512791711078972,12.252342191813826,19.73905595853595,24.123919173297665,33.3335818038091
open_2017_05_08_close_2017_05_08_flight_Fixed Wing_N550ND_before_3_189762.csv,231,5775,5804,4,6.850251735377315,"E1 EGT1, AltMSL, E1 FFlow",2,1,1,0,30,0,0,28.342536078925143,10.140526547860382,12.10739483769743,5.09145775492429,39.97475331563559,8.02535723149226,14.050315262894546
open_2017_05_08_close_2017_05_08_flight_Fixed Wing_N550ND_before_3_189762.csv,232,5800,5829,4,7.8481964035755665,"E1 EGT1, AltMSL, NormAc",9,0,0,0,30,1,0,28.703709281117682,7.64118821316475,4.127389537512047,9.806209877119672,45.494396734214696,9.18797507504542,7.733675016250989
open_2017_05_08_close_2017_05_08_flight_Fixed Wing_N550ND_before_3_189762.csv,233,5825,5854,4,6.980621504362196,"E1 EGT1, AltMSL, NormAc",10,0,0,0,30,1,0,29.606407831809758,3.331258112819392,4.664357583081595,6.794819334047796,52.16450429399491,7.589523293547559,3.5872215346371625
open_2017_05_08_close_2017_05_08_flight_Fixed Wing_N550ND_before_3_189762.csv,234,5850,5879,4,5.8545845724761,E1 EGT1,0,0,0,0,30,0,0,28.35498690748105,2.6935852749939695,5.322584830875327,1.7491018014689583,51.3604194491064,6.1160700282141,3.304477714713493
open_2017_05_08_close_2017_05_08_flight_Fixed Wing_N550ND_before_3_189762.csv,235,5875,5904,4,5.600183948268127,"AltMSL, E1 EGT1, IAS",6,0,0,0,5,0,1,29.886120894091565,5.006850599889525,4.090569588823661,4.865238590537374,11.901880299457341,6.355973786755122,8.878341392378738
open_2017_05_08_close_2017_05_08_flight_Fixed Wing_N550ND_before_3_189762.csv,236,5900,5929,4,8.484426664630922,"AltMSL, IAS",30,0,0,0,0,0,1,36.576809436909116,18.456058747412552,10.388756221555038,8.81113756311986,4.345880292583032,11.1406932508892,19.075839761784067
open_2017_05_08_close_2017_05_08_flight_Fixed Wing_N550ND_before_3_189762.csv,237,5925,5954,4,10.358102842496223,"AltMSL, IAS, E1 FFlow",22,9,14,0,9,1,17,33.44758607995946,24.102116069459218,34.532431762397216,2.5457159837385017,21.753803216927412,10.463678038238763,32.13535892082286
open_2017_05_08_close_2017_05_08_flight_Fixed Wing_N550ND_before_3_189762.csv,238,5950,5979,6,5.638480858553674,"AltMSL, E1 FFlow",30,0,2,0,0,0,0,43.624240303080256,3.832425599085405,13.443936017970849,4.951994421926684,4.602136473839186,8.944379457523734,6.1910165340145715
open_2017_05_08_close_2017_05_08_flight_Fixed Wing_N550ND_before_3_189762.csv,239,5975,6004,6,8.56166441270136,"AltMSL, E1 FFlow, NormAc",30,0,13,0,0,5,0,63.980942103221196,5.180335759802579,24.20823748004281,18.19185402191155,4.177414796152837,16.222401674232508,7.210101920160461
open_2017_05_08_close_2017_05_08_flight_Fixed Wing_N550ND_before_3_189762.csv,240,6000,6029,5,8.807118098778593,"E1 CHT1, NormAc",0,0,0,30,0,7,0,4.88264960227361,3.891901924773943,5.839695773715906,33.765088505498845,6.968377223757073,22.758414769992477,8.29746541613542
open_2017_05_08_close_2017_05_08_flight_Fixed Wing_N550ND_before_3_189762.csv,241,6025,6054,5,8.139565572194819,NormAc,0,0,0,0,0,5,0,5.506949239544468,3.7095509964198676,4.382573569545153,17.26669505562745,8.234887871722469,19.695509914579723,5.342224791119499
open_2017_05_08_close_2017_05_08_flight_Fixed Wing_N550ND_before_3_189762.csv,242,6050,6079,5,7.696144635029405,"NormAc, E1 EGT1",0,0,0,0,2,6,0,10.40701967257225,8.082920861783299,8.985086347189787,6.354236392320889,16.022219918512025,18.685166233225235,15.854789878528116
open_2017_05_08_close_2017_05_08_flight_Fixed Wing_N550ND_before_3_189762.csv,243,6075,6104,5,8.564324952181389,"E1 EGT1, E1 FFlow, NormAc",0,0,7,0,27,1,0,8.682680431601854,8.02035795889023,27.23837043332336,2.222363196466621,64.88023558483577,11.721162090843439,25.821656121380933
open_2017_05_08_close_2017_05_08_flight_Fixed Wing_N550ND_before_3_189762.csv,244,6100,6129,5,9.079269428405764,"E1 EGT1, E1 FFlow, NormAc",0,0,7,0,30,3,2,8.68738632646047,2.6129064803508113,27.527534088410107,3.7992684754759853,70.44468375526883,15.527891726556117,19.567217932831916
open_2017_05_08_close_2017_05_08_flight_Fixed Wing_N550ND_before_3_189762.csv,245,6125,6154,5,9.62053508316041,"E1 EGT1, E1 FFlow, NormAc",0,0,6,0,30,6,0,8.742772996649915,5.464887061320963,23.080673006117927,5.018548676121161,64.91218494876165,20.576638743307488,14.9673453284566
open_2017_05_08_close_2017_05_08_flight_Fixed Wing_N550ND_before_3_189762.csv,246,6150,6179,5,9.283781813987822,"E1 EGT1, E1 FFlow, NormAc",0,0,6,0,30,6,0,10.123315488179461,5.324081817008795,22.239636121161293,2.5596209168832584,65.36680574155201,19.343743792497165,14.345862100224965
open_2017_05_08_close_2017_05_08_flight_Fixed Wing_N550ND_before_3_189762.csv,247,6175,6204,5,9.704627041521576,"E1 EGT1, IAS, E1 FFlow",0,0,6,0,30,6,15,10.538727715167218,9.350735138927561,25.314226550005085,1.6873848780538592,68.1005746199905,15.749947924325244,28.907452066396853
open_2017_05_08_close_2017_05_08_flight_Fixed Wing_N550ND_before_3_189762.csv,248,6200,6229,5,12.498213234622451,"E1 EGT1, IAS, NormAc",0,0,8,0,30,11,30,11.03912895884586,16.357236536809598,29.227723799816523,3.2209576855783433,68.83737847455974,26.851870247501743,44.412648649535775
open_2017_05_08_close_2017_05_08_flight_Fixed Wing_N550ND_before_3_189762.csv,249,6225,6254,5,11.590067824575177,"E1 EGT1, IAS, E1 FFlow",0,3,15,0,30,9,30,10.125958863152997,15.409017404177467,32.399499824284206,5.878817662921946,68.66176828207544,21.10859117272544,46.889751710832286
open_2017_05_08_close_2017_05_08_flight_Fixed Wing_N550ND_before_3_189762.csv,250,6250,6279,1,13.122894377601,"AltMSL, NormAc, IAS",30,0,0,0,0,8,1,76.35587718380839,21.319361967515384,16.110498500376256,26.798737743407322,12.181654083662433,23.459105961390325,22.928147259132935
open_2017_05_08_close_2017_05_08_flight_Fixed Wing_N550ND_before_3_189762.csv,251,6275,6304,1,10.53043082579898,"AltMSL, NormAc, IAS",30,0,0,0,0,7,3,83.45342331147727,20.61610851900303,13.667184208273161,20.980087343126826,13.01677526725699,18.059114180116396,24.591283453762337
open_2017_05_08_close_2017_05_08_flight_Fixed Wing_N550ND_before_3_189762.csv,252,6300,6329,1,8.520570877261829,"AltMSL, NormAc",30,0,0,0,0,3,0,73.99389088608933,21.333986785060116,17.808804515094653,16.002957241284662,11.056862927820836,13.691999125523088,19.307952860473684
open_2017_05_08_close_2017_05_08_flight_Fixed Wing_N550ND_before_3_189762.csv,253,6325,6354,1,10.199985797719298,"AltMSL, NormAc",30,0,0,0,0,5,0,75.89505176911865,22.881134840847146,20.026086566357623,13.244172801979458,9.454478318547238,16.531077932892693,21.00045399759519
open_2017_05_08_close_2017_05_08_flight_Fixed Wing_N550ND_before_3_189762.csv,254,6350,6379,1,10.014734833052026,"AltMSL, NormAc, E1 RPM",30,1,0,0,0,6,0,81.85155634672486,21.998224708024136,19.124554962303655,12.135681281216211,9.457858929593773,17.343802452547138,18.874001338028002
open_2017_05_08_close_2017_05_08_flight_Fixed Wing_N550ND_before_3_189762.csv,255,6375,6404,1,8.771509833384831,"AltMSL, NormAc",30,0,0,0,0,3,0,83.35553857270725,19.252048080126837,19.92925995818503,11.727025742598311,9.398003425533059,13.938779240895649,9.009129065376698
open_2017_05_08_close_2017_05_08_flight_Fixed Wing_N550ND_before_3_189762.csv,256,6400,6429,1,9.973310959293968,"AltMSL, E1 RPM, NormAc",30,2,1,0,0,2,0,89.60510166047953,23.36135224204225,26.244375522391636,12.52021327538296,9.697381341548567,14.847646903646146,10.478538292988876
open_2017_05_08_close_2017_05_08_flight_Fixed Wing_N550ND_before_3_189762.csv,257,6425,6454,1,9.63496597106313,"AltMSL, E1 FFlow, NormAc",24,5,7,0,0,5,0,48.77329008356936,13.458910717497606,16.436401922780195,14.542882872364242,12.651195203358329,16.492558704218055,15.43001736249022
open_2017_05_08_close_2017_05_08_flight_Fixed Wing_N550ND_before_3_189762.csv,258,6450,6479,1,9.293670338689187,"AltMSL, E1 FFlow, NormAc",30,0,13,0,0,5,3,59.42129884900283,12.522638376720701,24.61959980038414,11.589973170183208,19.989007736435994,15.903269341189192,22.80479784571697
open_2017_05_08_close_2017_05_08_flight_Fixed Wing_N550ND_before_3_189762.csv,259,6475,6504,1,6.737045569032659,"AltMSL, NormAc",30,0,0,0,0,2,0,82.98151106384084,4.31673941602741,7.948039810545771,2.6636150815266597,8.501855483203174,12.173714533493401,7.271315036303415
open_2017_05_08_close_2017_05_08_flight_Fixed Wing_N550ND_before_3_189762.csv,260,6500,6529,1,7.1972126344265615,"AltMSL, E1 FFlow, NormAc",30,0,14,0,0,1,0,81.93863021545796,18.714579654741414,27.513568776482817,5.610366126061448,1.8935602190335858,9.464985161801337,5.1155930695680585
open_2017_05_08_close_2017_05_08_flight_Fixed Wing_N550ND_before_3_189762.csv,261,6525,6554,1,8.574502703786212,"AltMSL, E1 FFlow, NormAc",30,1,18,0,0,4,0,73.88052207913219,22.41122039001522,28.495408039475624,3.3158464596290163,4.050368213411306,13.174001423137286,7.372070151178311
open_2017_05_08_close_2017_05_08_flight_Fixed Wing_N550ND_before_3_189762.csv,262,6550,6579,1,8.201570143889066,"AltMSL, NormAc",30,0,0,0,0,3,0,68.38990068742967,14.97150916476358,14.05659723756587,6.127457660168924,7.952615519553979,14.55846828328658,13.3539520486513
open_2017_05_08_close_2017_05_08_flight_Fixed Wing_N550ND_before_3_189762.csv,263,6575,6604,1,6.893499061368079,AltMSL,30,0,0,0,0,0,0,76.4414226595009,9.650557672334989,13.868444732987784,8.419937127769208,11.762989619998814,10.813594244442905,6.2808508413641935
open_2017_05_08_close_2017_05_08_flight_Fixed Wing_N550ND_before_3_189762.csv,264,6600,6629,1,9.384493469017634,"AltMSL, NormAc",30,0,0,0,0,3,0,83.24781473617288,9.51220065177888,10.936564104078236,5.761550984813031,5.407826106263623,16.8033885372434,2.72339475953457
open_2017_05_08_close_2017_05_08_flight_Fixed Wing_N550ND_before_3_189762.csv,265,6625,6654,1,10.078514942813733,"AltMSL, NormAc",30,0,0,0,0,5,0,67.72593428141857,5.314549124548606,6.729520947854392,4.881644069505655,8.393672379883522,19.40342338657599,7.967465147611331
open_2017_05_08_close_2017_05_08_flight_Fixed Wing_N550ND_before_3_189762.csv,266,6650,6679,1,8.853665011089001,"AltMSL, NormAc",30,0,0,0,0,7,0,76.5740613151518,13.015618634525183,16.20809331434876,2.833294628401939,11.8285299485332,17.374060907442743,5.3008919300617094
open_2017_05_08_close_2017_05_08_flight_Fixed Wing_N550ND_before_3_189762.csv,267,6675,6704,1,8.39659850155491,"AltMSL, NormAc",30,0,0,0,0,6,0,75.3267827783351,3.320969960591139,3.5785752793691232,2.11579460043518,7.719833926600195,16.233597920677052,4.170385967129824
open_2017_05_08_close_2017_05_08_flight_Fixed Wing_N550ND_before_3_189762.csv,268,6700,6729,1,8.57492291670306,"AltMSL, NormAc",30,0,0,0,0,6,0,65.70437431854891,4.714363177475502,8.113199270413553,4.510780086582283,10.243819112832954,19.100531297904777,5.80282601054623
open_2017_05_08_close_2017_05_08_flight_Fixed Wing_N550ND_before_3_189762.csv,269,6725,6754,1,6.600412630692618,"AltMSL, NormAc",30,0,0,0,0,2,0,77.5588438321872,6.707446524106226,10.365545732259998,6.929052479641051,9.956626842896707,10.807636991196071,5.5511903919969905
open_2017_05_08_close_2017_05_08_flight_Fixed Wing_N550ND_before_3_189762.csv,270,6750,6779,1,7.959351119586288,"AltMSL, NormAc",30,0,0,0,0,3,0,78.34455930513603,8.419866995455768,10.094019825528035,10.02351083928863,5.350060443223191,14.95369771819295,8.404059074284596
open_2017_05_08_close_2017_05_08_flight_Fixed Wing_N550ND_before_3_189762.csv,271,6775,6804,1,9.372420096129625,"AltMSL, NormAc",30,0,0,0,0,6,0,70.46614944438971,6.026409357452207,5.770139077891307,9.9532744295163,6.605775350787695,18.69469300296424,4.791127523989169
open_2017_05_08_close_2017_05_08_flight_Fixed Wing_N550ND_before_3_189762.csv,272,6800,6829,1,8.219552688920517,"AltMSL, NormAc",30,0,0,0,0,3,0,65.11112878885234,12.624794622075266,14.886620084169405,7.939040133482051,9.494020586301271,14.394856074496673,3.928331097940089
open_2017_05_08_close_2017_05_08_flight_Fixed Wing_N550ND_before_3_189762.csv,273,6825,6854,1,9.446392650004377,"AltMSL, E1 FFlow, E1 RPM",30,3,3,0,0,3,0,74.18840659653073,16.725437566872294,20.869408547090472,9.136206173065307,9.923058658909177,15.987866261784236,5.285666677381973
open_2017_05_08_close_2017_05_08_flight_Fixed Wing_N550ND_before_3_189762.csv,274,6850,6879,1,12.854316969629929,"AltMSL, E1 FFlow, E1 RPM",30,28,29,0,10,5,0,89.32907686432226,53.758455624324334,45.6935450661646,14.799352170174055,17.470936346509216,18.02996398667358,5.12638609289163
open_2017_05_08_close_2017_05_08_flight_Fixed Wing_N550ND_before_3_189762.csv,275,6875,6904,3,12.358450288090504,"NormAc, AltMSL, IAS",5,0,0,0,0,6,2,28.498645759005733,6.365828422968571,18.633476199590174,7.3839894076509776,10.147981364943048,20.263593933927268,26.473528812058692
open_2017_05_08_close_2017_05_08_flight_Fixed Wing_N550ND_before_3_189762.csv,276,6900,6929,3,13.4523738409533,"NormAc, E1 RPM, E1 FFlow",5,6,6,0,0,8,0,25.197568231755458,22.156520935134164,20.689463383518536,3.6516064550239475,6.541351908887334,22.78048842649213,20.57258307433784
open_2017_05_08_close_2017_05_08_flight_Fixed Wing_N550ND_before_3_189762.csv,277,6925,6954,3,12.32222218469696,"E1 RPM, AltMSL, E1 FFlow",6,10,3,0,0,3,0,26.718882557442324,24.744969227149006,21.81403915950278,8.756088282761208,3.2615427429932713,16.946001758420824,21.19188992823108
open_2017_05_08_close_2017_05_08_flight_Fixed Wing_N550ND_before_3_189762.csv,278,6950,6979,4,11.29179891705789,"E1 CHT1, E1 RPM, NormAc",0,2,0,30,0,2,0,21.850688681172844,16.398955659964482,16.49794410549642,47.60873932547339,8.198991031061501,9.274299907741542,13.67953030358756
open_2017_05_08_close_2017_05_08_flight_Fixed Wing_N550ND_before_3_189762.csv,279,6975,7004,4,11.541287697817742,"E1 CHT1, IAS, NormAc",0,0,0,30,0,2,19,21.327533310869143,5.666944241628021,15.967057455837471,41.31300879680648,22.485394016900205,11.626388605543116,29.463266649388228
open_2017_05_08_close_2017_05_08_flight_Fixed Wing_N550ND_before_3_189762.csv,280,7000,7029,4,12.742838745615005,"E1 RPM, E1 FFlow, E1 CHT1",0,16,15,11,0,2,7,24.650263966161464,39.952175285756915,32.94806196560767,27.41574364440127,21.47606114986127,14.11420778102283,25.398765909755127
open_2017_05_08_close_2017_05_08_flight_Fixed Wing_N550ND_before_3_189762.csv,281,7025,7054,3,9.678570395786318,NormAc,0,0,0,0,0,4,0,19.053694318036378,8.250086380141266,17.069682706770173,11.58012576063602,8.851829963705482,13.934081739355475,15.816691665856705
open_2017_05_08_close_2017_05_08_flight_Fixed Wing_N550ND_before_3_189762.csv,282,7050,7079,3,8.726644691906483,NormAc,0,0,0,0,0,5,0,11.460830135307614,1.841344216925317,12.261711122953544,8.235707904389914,7.392927342880463,15.981519108315089,14.214565916836726
open_2017_05_08_close_2017_05_08_flight_Fixed Wing_N550ND_before_3_189762.csv,283,7075,7104,3,8.18580624369267,NormAc,0,0,0,0,0,5,0,4.141556890180538,4.001992197149321,12.565102157159634,1.6303474313492057,8.64694360268133,15.832748865853873,12.321922821560815
open_2017_05_08_close_2017_05_08_flight_Fixed Wing_N550ND_before_3_189762.csv,284,7100,7129,3,8.638937562896228,NormAc,0,0,0,0,0,6,0,1.5322317250279942,5.688492982342805,9.448263115253898,6.224451474422015,9.151616894367452,19.671575067126547,13.92017310031263
open_2017_05_08_close_2017_05_08_flight_Fixed Wing_N550ND_before_3_189762.csv,285,7125,7154,3,10.703257491334613,"E1 FFlow, E1 RPM, NormAc",0,7,18,0,0,6,0,2.189040622778131,20.54266262765674,30.081197626440837,10.999351472053347,7.470562488902948,20.064558892266547,9.691392037491804
open_2017_05_08_close_2017_05_08_flight_Fixed Wing_N550ND_before_3_189762.csv,286,7150,7179,3,9.625973938225707,"E1 RPM, E1 FFlow, NormAc",0,5,4,0,0,4,0,3.5389037305862985,18.287888900979926,19.16559682369926,8.738743163545204,6.647728572131225,18.43905878681428,12.774522570216687
open_2017_05_08_close_2017_05_08_flight_Fixed Wing_N550ND_before_3_189762.csv,287,7175,7204,3,10.543100803167693,"E1 RPM, NormAc, E1 EGT1",0,11,0,0,3,7,0,7.171695837229814,25.083433835459093,20.59745688207491,4.990044961769632,19.52832462765245,18.41864981736668,4.0279030338603
open_2017_05_08_close_2017_05_08_flight_Fixed Wing_N550ND_before_3_189762.csv,288,7200,7229,3,8.525851695122975,"NormAc, E1 RPM",0,2,0,0,0,7,0,10.238037716140942,13.12104912239776,12.598112442583904,6.313695545649467,10.600431415889986,16.69115409074101,6.738080676360232
open_2017_05_08_close_2017_05_08_flight_Fixed Wing_N550ND_before_3_189762.csv,289,7225,7254,3,9.102703783609499,"NormAc, E1 RPM",0,3,0,0,0,7,0,12.859984267502009,13.210312330249154,11.536312721326084,8.199945630455485,8.14651926344867,16.754351933147632,10.489341130776596
open_2017_05_08_close_2017_05_08_flight_Fixed Wing_N550ND_before_3_189762.csv,290,7250,7279,0,10.420645665045274,"E1 CHT1, IAS, NormAc",0,1,9,30,1,9,20,4.5576553002167195,19.95206908168185,24.58290542434647,39.77460024812764,14.369156707949333,26.297895609772443,90.61471854293178
open_2017_05_08_close_2017_05_08_flight_Fixed Wing_N550ND_before_3_189762.csv,291,7275,7304,0,7.8897240848306875,"E1 CHT1, E1 FFlow, E1 RPM",0,1,2,30,0,0,0,3.555793703229993,15.759927856628362,22.989694004952415,44.37841188163387,14.598202805287135,7.263794925106191,15.270569147367357
open_2017_05_08_close_2017_05_08_flight_Fixed Wing_N550ND_before_3_189762.csv,292,7300,7329,0,7.596875973679491,E1 CHT1,0,0,0,30,0,0,0,3.6933796807725505,13.695918575019101,17.05619123337661,44.86662780536456,12.35433172085003,6.218822913104425,15.270569147367357
open_2017_05_08_close_2017_05_08_flight_Fixed Wing_N550ND_before_3_189762.csv,293,7325,7354,0,8.256631698042233,"E1 CHT1, NormAc, E1 EGT1",0,2,1,30,2,3,0,4.127741286715112,16.642895830654137,12.215799136401817,38.58158150371081,19.50104957616173,11.99817571100418,15.270569147367357
open_2017_05_08_close_2017_05_08_flight_Fixed Wing_N550ND_before_3_189762.csv,294,7350,7379,0,9.531619287459314,"E1 EGT1, E1 CHT1, E1 FFlow",0,10,11,11,11,4,9,5.339522736164362,22.58687897123135,23.510329160269585,29.009762866559193,29.0880619385245,14.765029518685989,145.11330096452372
open_2017_05_08_close_2017_05_08_flight_Fixed Wing_N550ND_before_3_189762.csv,295,7375,7404,0,7.818877241328031,"IAS, E1 FFlow, E1 EGT1",0,0,8,0,5,4,11,11.285264603902263,15.271479096244418,18.62358538156013,19.634077538430173,19.784987132139385,15.913989920803663,173.62063502168147
open_2017_05_08_close_2017_05_08_flight_Fixed Wing_N550ND_before_3_189762.csv,296,7400,7429,0,4.022920874118456,NormAc,0,0,0,0,0,3,0,13.136313236184401,8.085322809564094,7.204223454874236,13.159978440229175,6.9983625331696135,12.287314308541085,15.270569147367357
open_2017_05_08_close_2017_05_08_flight_Fixed Wing_N550ND_before_3_189762.csv,297,7425,7454,0,3.984746411563667,"NormAc, E1 FFlow",0,0,1,0,0,4,0,10.486551329964174,7.902589118078509,10.544085607435033,9.307564107982786,4.523011857512146,15.847579507397002,15.270569147367357
open_2017_05_08_close_2017_05_08_flight_Fixed Wing_N550ND_before_3_189762.csv,298,7450,7479,0,4.94791679890718,NormAc,0,0,0,0,0,5,0,9.960855740171432,12.051731068142313,12.498022572556536,6.464560159457881,13.374005187823064,15.098210876406359,15.270569147367357
open_2017_05_08_close_2017_05_08_flight_Fixed Wing_N550ND_before_3_189762.csv,299,7475,7504,0,4.3961760222374675,NormAc,0,0,0,0,0,2,0,5.6706660684170105,8.945653014612494,12.088670925367483,3.958185558700919,13.022615458913911,12.68443484406881,15.270569147367357
open_2017_05_08_close_2017_05_08_flight_Fixed Wing_N550ND_before_3_189762.csv,300,7500,7529,0,4.9151294746309295,NormAc,0,0,0,0,0,2,0,6.700753757101859,12.264276826356909,13.616316130399635,0.7593524150455799,14.29522854825978,11.37524017505644,15.270569147367357
open_2017_05_08_close_2017_05_08_flight_Fixed Wing_N550ND_before_3_189762.csv,301,7525,7554,0,5.524301622543273,NormAc,0,0,0,0,0,1,0,7.277666686445606,14.24456067724109,15.441959201510489,2.5646123526722837,19.761626945045514,6.739054816237385,15.270569147367357
open_2017_05_08_close_2017_05_08_flight_Fixed Wing_N550ND_before_3_189762.csv,302,7550,7579,0,4.984740147677774,NormAc,0,0,0,0,0,1,0,6.729376810092731,10.490383530467971,13.835720192275927,5.1258800501395045,16.43197113491623,7.540219060737672,15.270569147367357
open_2017_05_08_close_2017_05_08_flight_Fixed Wing_N550ND_before_3_189762.csv,303,7575,7604,0,3.424568846873016,NormAc,0,0,0,0,0,1,0,7.5038365992482765,7.942803257269509,8.504269404995595,7.7774890941450705,7.083084313743428,11.91755358472252,15.270569147367357
open_2017_05_08_close_2017_05_08_flight_Fixed Wing_N550ND_before_3_189762.csv,304,7600,7629,0,4.318234164575348,NormAc,0,0,0,0,0,4,0,7.070536162010959,7.133492791588615,8.23298241270768,10.46914066013914,11.310137378362397,11.790033299561069,15.270569147367357
open_2017_05_08_close_2017_05_08_flight_Fixed Wing_N550ND_before_3_189762.csv,305,7625,7654,0,5.473023099191262,AltMSL,1,0,0,0,0,0,0,10.824295045304503,14.59117129463308,14.026602477623793,12.56527283172058,18.275249173781898,7.384548149239604,15.270569147367357
