#airframe_info, log_version="1.00", airframe_name="Cessna 172S", unit_software_part_number="006-B0319-A3", unit_software_version="12.03", system_software_part_number="006-B0563-26", system_id="24C496A4E", mode=NORMAL, 
#yyy-mm-dd, hh:mm:ss,   hh:mm,  ident,      degrees,      degrees, ft Baro,  inch,  ft msl, deg C,     kt,     kt,     fpm,    deg,    deg,      G,      G,   deg,   deg, volts, volts,  amps,  amps,   gals,   gals,      gph,   deg F,     psi,    rpm,   deg F,   deg F,   deg F,   deg F,   deg F,   deg F,   deg F,   deg F,  ft wgs,  kt, enum,    deg,    MHz,    MHz,     MHz,     MHz,    fsd,    fsd,     kt,   deg,     nm,    deg,    deg,   bool,  enum,   enum,   deg,   deg,   fpm,   enum,   mt,    mt,     mt,    mt,     mt
  Lcl Date, Lcl Time, UTCOfst, AtvWpt,     Latitude,    Longitude,    AltB, BaroA,  AltMSL,   OAT,    IAS, GndSpd,    VSpd,  Pitch,   Roll,  LatAc, NormAc,   HDG,   TRK, volt1, volt2,  amp1,  amp2,  FQtyL,  FQtyR, E1 FFlow, E1 OilT, E1 OilP, E1 RPM, E1 CHT1, E1 CHT2, E1 CHT3, E1 CHT4, E1 EGT1, E1 EGT2, E1 EGT3, E1 EGT4,  AltGPS, TAS, HSIS,    CRS,   NAV1,   NAV2,    COM1,    COM2,   HCDI,   VCDI, WndSpd, WndDr, WptDst, WptBrg, MagVar, AfcsOn, RollM, PitchM, RollC, PichC, VSpdG, GPSfix,  HAL,   VAL, HPLwas, HPLfd, VPLwas
2012-10-17, 12:31:10,  -05:00,       ,   47.9485855,  -97.1722336,   873.4, 29.13,   845.5,   9.2,   0.00,   0.00,    0.00,   1.91,   0.30,   0.00,  -0.02,   2.9, 266.6,  27.4,  27.4,   3.5,   0.6,  22.97,  23.77,     3.27,   88.09,   67.18, 1166.6,   82.52,   77.62,   85.75,   77.36, 1022.03,  981.53,  975.98,  981.91,   757.7,   0,  GPS,  174.0, 109.10, 114.30, 118.400, 123.300,       ,       ,       ,      ,       ,       ,    3.5,       ,      ,       ,      ,      ,   0.0, 3DDiff, 3704,      ,     26,  62.0,     34
2012-10-17, 12:31:10,  -05:00,       ,   47.9485855,  -97.1722336,   873.4, 29.13,   845.5,   9.2,   0.00,   0.00,    0.00,   1.91,   0.30,   0.00,  -0.02,   2.9, 266.6,  27.4,  27.4,   3.5,   0.6,  22.97,  23.77,     3.27,   88.09,   67.18, 1166.6,   82.52,   77.62,   85.75,   77.36, 1022.03,  981.53,  975.98,  981.91,   757.7,   0,  GPS,  174.0, 109.10, 114.30, 118.400, 123.300,       ,       ,       ,      ,       ,       ,    3.5,       ,      ,       ,      ,      ,   0.0, 3DDiff, 3704,      ,     26,  62.0,     34
2012-10-17, 12:31:11,  -05:00,       ,   47.9485855,  -97.1722412,   873.4, 29.13,   845.6,   9.2,   0.00,   0.00,    0.00,   1.92,   0.27,  -0.01,   0.00,   2.9, 266.6,  27.4,  27.4,   3.6,   0.6,  23.01,  23.71,     3.18,   88.14,   67.16, 1169.3,   83.00,   78.19,   86.34,   77.90, 1026.11,  985.39,  977.84,  985.76,   757.8,   0,  GPS,  174.0, 109.10, 114.30, 118.400, 123.300,       ,       ,       ,      ,       ,       ,    3.5,       ,      ,       ,      ,      ,   0.0, 3DDiff, 3704,      ,     26,  62.5,     34
2012-10-17, 12:31:11,  -05:00,       ,   47.9485855,  -97.1722412,   873.4, 29.13,   844.5,   9.2,   0.00,   0.00,    0.00,   1.97,   0.30,  -0.01,   0.00,   2.9, 266.6,  27.4,  27.4,   3.5,   0.6,  22.91,  23.83,     3.22,   88.19,   67.11, 1171.2,   83.51,   78.73,   86.95,   78.45, 1028.49,  988.95,  980.98,  989.34,   756.7,   0,  GPS,  174.0, 109.10, 114.30, 118.400, 123.300,       ,       ,       ,      ,       ,       ,    3.5,       ,      ,       ,      ,      ,   0.0, 3DDiff, 3704,      ,     26,  62.5,     34
2012-10-17, 12:31:13,  -05:00,       ,   47.9485893,  -97.1722488,   873.4, 29.13,   838.4,   9.5,   0.00,   0.00,    0.00,   1.93,   0.33,  -0.01,   0.00,   2.8, 266.6,  27.5,  27.5,   3.8,   0.6,  22.87,  23.77,     3.18,   88.24,   67.13, 1167.8,   84.08,   79.42,   87.58,   78.98, 1030.95,  992.73,  984.61,  992.08,   750.6,   0,  GPS,  174.0, 109.10, 114.30, 118.400, 123.300,       ,       ,       ,      ,       ,       ,    3.5,       ,      ,       ,      ,      ,   0.0, 3DDiff, 3704,      ,     26,  62.0,     34
2012-10-17, 12:31:14,  -05:00,       ,   47.9485893,  -97.1722488,   873.4, 29.13,   838.4,   9.5,   0.00,   0.00,    0.00,   1.91,   0.34,  -0.00,  -0.01,   2.9, 266.6,  27.5,  27.5,   3.8,   0.6,  22.57,  23.77,     3.22,   88.29,   67.10, 1167.8,   84.64,   80.05,   88.17,   79.55, 1031.67,  996.94,  988.80,  995.10,   750.6,   0,  GPS,  174.0, 109.10, 114.30, 118.400, 123.300,       ,       ,       ,      ,       ,       ,    3.5,       ,      ,       ,      ,      ,   3.9, 3DDiff, 3704,      ,     26,  62.0,     34
2012-10-17, 12:31:15,  -05:00,       ,   47.9485893,  -97.1722488,   873.4, 29.13,   838.2,   9.5,   0.00,   0.00,    0.00,   1.89,   0.34,  -0.01,  -0.02,   2.8, 266.6,  27.4,  27.4,   3.6,   0.5,  22.66,  23.77,     3.20,   88.34,   67.08, 1167.9,   85.17,   80.63,   88.85,   80.13, 1034.38,  999.95,  991.38,  996.68,   750.4,   0,  GPS,  174.0, 109.10, 114.30, 118.400, 123.300,       ,       ,       ,      ,       ,       ,    3.5,       ,      ,       ,      ,      ,   0.0, 3DDiff, 3704,      ,     26,  62.0,     34
2012-10-17, 12:31:16,  -05:00,       ,   47.9485893,  -97.1722488,   873.4, 29.13,   838.1,   9.5,   0.00,   0.00,    0.00,   1.91,   0.40,  -0.00,   0.00,   2.8, 266.6,  27.5,  27.5,   3.7,   0.6,  22.66,  23.77,     3.22,   88.38,   67.06, 1168.9,   85.78,   81.26,   89.49,   80.72, 1037.20, 1001.87,  994.01,  997.73,   750.3,   0,  GPS,  174.0, 109.10, 114.30, 118.400, 123.300,       ,       ,       ,      ,       ,       ,    3.5,       ,      ,       ,      ,      ,   3.9, 3DDiff, 3704,      ,     26,  62.0,     34
2012-10-17, 12:31:17,  -05:00,       ,   47.9485893,  -97.1722488,   873.4, 29.13,   837.9,   9.2,   0.00,   0.00,  -12.02,   1.92,   0.38,  -0.02,   0.00,   2.8, 266.6,  27.4,  27.5,   3.6,   0.6,  22.72,  23.77,     3.19,   88.43,   67.09, 1166.7,   86.45,   81.91,   90.16,   81.32, 1039.22, 1003.11,  997.25,  999.51,   750.1,   0,  GPS,  174.0, 109.10, 114.30, 118.400, 123.300,       ,       ,       ,      ,       ,       ,    3.5,       ,      ,       ,      ,      ,   0.0, 3DDiff, 3704,      ,     26,  62.5,     34
2012-10-17, 12:31:18,  -05:00,       ,   47.9485893,  -97.1722488,   873.4, 29.13,   839.6,   9.2,   0.00,   0.00,   -2.02,   1.89,   0.38,  -0.01,  -0.02,   2.8, 266.6,  27.4,  27.5,   3.6,   0.6,  22.91,  23.71,     3.22,   88.47,   67.12, 1166.9,   86.95,   82.59,   90.79,   81.93, 1041.23, 1005.40,  999.88, 1000.95,   751.7,   0,  GPS,  174.0, 109.10, 114.30, 118.400, 123.300,       ,       ,       ,      ,       ,       ,    3.5,       ,      ,       ,      ,      ,   0.0, 3DDiff, 3704,      ,     26,  62.5,     34
2012-10-17, 12:31:19,  -05:00,       ,   47.9485893,  -97.1722488,   873.4, 29.13,   840.9,   9.2,   0.00,   0.00,   -0.07,   1.86,   0.47,  -0.02,  -0.01,   2.8, 266.6,  27.4,  27.4,   3.2,   0.5,  23.01,  23.71,     3.23,   88.51,   67.20, 1172.3,   87.59,   83.20,   91.52,   82.54, 1042.53, 1007.62, 1001.96, 1003.33,   753.1,   0,  GPS,  174.0, 109.10, 114.30, 118.400, 123.300,       ,       ,       ,      ,       ,       ,    3.5,       ,      ,       ,      ,      ,   0.0, 3DDiff, 3704,      ,     26,  62.0,     34
2012-10-17, 12:31:20,  -05:00,       ,   47.9485893,  -97.1722488,   873.4, 29.13,   841.0,   9.5,   0.00,   0.00,   -0.00,   1.88,   0.45,   0.00,  -0.00,   2.8, 266.6,  27.4,  27.4,   3.5,   0.5,  22.87,  23.77,     3.19,   88.55,   67.10, 1172.8,   88.21,   83.87,   92.19,   83.19, 1043.77, 1009.11, 1003.94, 1005.38,   753.2,   0,  GPS,  174.0, 109.10, 114.30, 118.400, 123.300,       ,       ,       ,      ,       ,       ,    3.5,       ,      ,       ,      ,      ,   0.0, 3DDiff, 3704,      ,     26,  62.0,     34
2012-10-17, 12:31:21,  -05:00,       ,   47.9485703,  -97.1721573,   873.4, 29.13,   871.5,   9.5,   0.00,   0.00,   -0.00,   1.71,   0.36,  -0.01,   0.02,   2.7, 266.6,  27.4,  27.4,   3.4,   0.5,  22.87,  23.71,     3.17,   88.59,   67.19, 1174.4,   88.83,   84.55,   92.87,   83.82, 1045.89, 1011.16, 1006.39, 1007.48,   783.6,   0,  GPS,  174.0, 109.10, 114.30, 118.400, 123.300,       ,       ,       ,      ,       ,       ,    3.5,       ,      ,       ,      ,      ,  -3.9, 3DDiff, 3704,      ,     52, 203.5,     44
2012-10-17, 12:31:22,  -05:00,       ,   47.9485703,  -97.1721573,   873.4, 29.13,   871.2,   9.2,   0.00,   0.00,   -0.00,   1.72,   0.41,  -0.01,   0.01,   2.7, 266.6,  27.4,  27.4,   3.4,   0.5,  23.20,  23.71,     3.20,   88.62,   67.37, 1183.9,   89.53,   85.29,   93.59,   84.51, 1049.35, 1012.72, 1007.88, 1009.81,   783.4,   0,  GPS,  174.0, 109.10, 114.30, 118.400, 123.300,       ,       ,       ,      ,       ,       ,    3.5,       ,      ,       ,      ,      ,  -3.9, 3DDiff, 3704,      ,     53, 204.5,     44
2012-10-17, 12:31:23,  -05:00,       ,   47.9485512,  -97.1721802,   873.4, 29.13,   874.2,   9.2,   0.00,   0.00,    7.06,   1.76,   0.38,   0.02,   0.01,   2.7, 266.6,  27.4,  27.4,   3.5,   0.5,  23.01,  23.71,     3.18,   88.66,   67.35, 1181.6,   90.18,   85.99,   94.35,   85.18, 1051.97, 1015.38, 1008.70, 1012.72,   786.4,   0,  GPS,  174.0, 109.10, 114.30, 118.400, 123.300,       ,       ,       ,      ,       ,       ,    3.5,       ,      ,       ,      ,      ,  -7.9, 3DDiff, 3704,      ,     58, 591.5,     60
2012-10-17, 12:31:24,  -05:00,       ,   47.9485474,  -97.1721802,   873.4, 29.13,   876.0,   9.2,   0.00,   0.00,    2.11,   1.76,   0.32,  -0.00,   0.01,   2.7, 266.6,  27.4,  27.4,   3.5,   0.5,  23.08,  23.71,     3.19,   88.69,   67.39, 1183.0,   90.83,   86.59,   95.01,   85.80, 1055.66, 1018.64, 1009.99, 1015.33,   788.2,   0,  GPS,  174.0, 109.10, 114.30, 118.400, 123.300,       ,       ,       ,      ,       ,       ,    3.5,       ,      ,       ,      ,      ,  -7.9, 3DDiff, 3704,      ,     58, 592.5,     60
2012-10-17, 12:31:25,  -05:00,       ,   47.9485512,  -97.1721878,   873.4, 29.13,   870.7,   9.2,   0.00,   0.00,    0.08,   1.77,   0.30,  -0.01,  -0.00,   2.7, 266.6,  27.4,  27.4,   3.5,   0.5,  23.20,  23.71,     3.17,   88.72,   67.64, 1195.6,   91.46,   87.38,   95.76,   86.50, 1057.21, 1021.50, 1011.18, 1018.07,   782.9,   0,  GPS,  174.0, 109.10, 114.30, 118.400, 123.300,       ,       ,       ,      ,       ,       ,    3.5,       ,      ,       ,      ,      ,   3.9, 3DDiff, 3704,      ,     58, 587.0,     59
2012-10-17, 12:31:26,  -05:00,       ,   47.9485779,  -97.1722107,   873.4, 29.13,   856.1,   9.2,   0.00,   0.00,    0.00,   1.79,   0.34,  -0.00,  -0.00,   2.7, 266.6,  27.4,  27.5,   3.5,   0.5,  23.33,  23.77,     3.23,   88.75,   67.56, 1194.6,   92.21,   88.08,   96.50,   87.23, 1058.34, 1023.93, 1012.63, 1020.91,   768.3,   0,  GPS,  174.0, 109.10, 114.30, 118.400, 123.300,       ,       ,       ,      ,       ,       ,    3.5,       ,      ,       ,      ,      ,   3.9, 3DDiff, 3704,      ,     44, 128.5,     38
2012-10-17, 12:31:27,  -05:00,       ,   47.9485779,  -97.1722183,   873.4, 29.13,   855.5,   9.2,   0.00,   0.00,    0.00,   1.82,   0.31,  -0.01,   0.03,   2.7, 266.6,  27.4,  27.4,   3.3,   0.5,  23.20,  23.77,     3.21,   88.78,   67.49, 1189.7,   92.83,   88.75,   97.17,   87.83, 1058.22, 1026.88, 1015.98, 1023.67,   767.7,   0,  GPS,  174.0, 109.10, 114.30, 118.400, 123.300,       ,       ,       ,      ,       ,       ,    3.5,       ,      ,       ,      ,      ,   0.0, 3DDiff, 3704,      ,     44, 129.0,     38
2012-10-17, 12:31:28,  -05:00,       ,   47.9485779,  -97.1722183,   873.4, 29.13,   855.0,   9.2,   0.00,   0.00,    0.00,   1.78,   0.27,  -0.01,  -0.01,   2.6, 266.6,  27.4,  27.5,   3.5,   0.5,  23.16,  23.77,     3.31,   88.81,   67.86, 1208.1,   93.56,   89.49,   97.94,   88.58, 1060.12, 1028.59, 1019.43, 1025.35,   767.2,   0,  GPS,  174.0, 109.10, 114.30, 118.400, 123.300,       ,       ,       ,      ,       ,       ,    3.5,       ,      ,       ,      ,      ,   0.0, 3DDiff, 3704,      ,     44, 129.5,     38
2012-10-17, 12:31:29,  -05:00,       ,   47.9485779,  -97.1722183,   873.4, 29.13,   853.2,   9.2,   0.00,   0.00,    0.00,   1.77,   0.33,   0.00,  -0.02,   2.7, 266.6,  27.4,  27.4,   3.4,   0.4,  23.08,  23.71,     3.31,   88.83,   67.86, 1211.6,   94.34,   90.28,   98.76,   89.34, 1062.28, 1029.96, 1023.98, 1027.35,   765.4,   0,  GPS,  174.0, 109.10, 114.30, 118.400, 123.300,       ,       ,       ,      ,       ,       ,    3.5,       ,      ,       ,      ,      ,   0.0, 3DDiff, 3704,      ,     44, 128.5,     38
2012-10-17, 12:31:30,  -05:00,       ,   47.9485855,  -97.1722183,   873.4, 29.13,   853.3,   9.2,   0.00,   0.00,    0.00,   1.82,   0.27,  -0.01,   0.04,   2.6, 266.6,  27.4,  27.4,   3.2,   0.4,  23.01,  23.71,     3.29,   88.85,   67.92, 1213.6,   94.95,   90.96,   99.49,   90.01, 1065.82, 1031.38, 1028.03, 1029.89,   765.5,   0,  GPS,  174.0, 109.10, 114.30, 118.400, 123.300,       ,       ,       ,      ,       ,       ,    3.5,       ,      ,       ,      ,      ,  -3.9, 3DDiff, 3704,      ,     44, 127.0,     37
2012-10-17, 12:31:31,  -05:00,       ,   47.9485855,  -97.1722183,   873.4, 29.13,   854.3,   9.2,   0.00,   0.00,    0.00,   1.83,   0.26,  -0.00,   0.00,   2.6, 266.6,  27.4,  27.4,   3.2,   0.4,  22.97,  23.77,     3.29,   88.87,   67.91, 1214.0,   95.66,   91.70,  100.21,   90.71, 1067.98, 1033.16, 1030.15, 1031.77,   766.5,   0,  GPS,  174.0, 109.10, 114.30, 118.400, 123.300,       ,       ,       ,      ,       ,       ,    3.5,       ,      ,       ,      ,      ,  -7.9, 3DDiff, 3704,      ,     44, 126.5,     37
2012-10-17, 12:31:32,  -05:00,       ,   47.9485855,  -97.1722183,   873.4, 29.13,   853.6,   9.2,   0.00,   0.00,    0.00,   1.83,   0.32,   0.00,  -0.03,   2.7, 266.6,  27.4,  27.4,   3.2,   0.5,  23.05,  23.77,     3.26,   88.89,   67.98, 1217.7,   96.42,   92.49,  101.04,   91.50, 1069.84, 1034.74, 1032.86, 1033.35,   765.8,   0,  GPS,  174.0, 109.10, 114.30, 118.400, 123.300,       ,       ,       ,      ,       ,       ,    3.5,       ,      ,       ,      ,      ,  -3.9, 3DDiff, 3704,      ,     44, 126.5,     37
2012-10-17, 12:31:33,  -05:00,       ,   47.9485855,  -97.1722183,   873.4, 29.13,   853.2,   9.2,   0.00,   0.00,    0.00,   1.86,   0.32,  -0.00,   0.01,   2.7, 266.6,  27.4,  27.5,   3.5,   0.5,  23.26,  23.77,     3.22,   88.91,   67.94, 1215.4,   97.17,   93.25,  101.83,   92.23, 1073.03, 1035.54, 1035.35, 1034.69,   765.4,   0,  GPS,  174.0, 109.10, 114.30, 118.400, 123.300,       ,       ,       ,      ,       ,       ,    3.5,       ,      ,       ,      ,      ,  -3.9, 3DDiff, 3704,      ,     44, 127.0,     38
2012-10-17, 12:31:34,  -05:00,       ,   47.9485855,  -97.1722336,   872.4, 29.13,   852.6,   9.2,   0.00,   0.00,   -5.69,   1.78,   0.30,  -0.01,  -0.02,   2.6, 266.6,  27.5,  27.5,   3.5,   0.5,  23.41,  23.77,     3.26,   88.93,   67.88, 1213.3,   97.90,   93.99,  102.58,   92.93, 1073.95, 1036.99, 1038.11, 1036.16,   764.8,   0,  GPS,  174.0, 109.10, 114.30, 118.400, 123.300,       ,       ,       ,      ,       ,       ,    3.5,       ,      ,       ,      ,      ,  -7.9, 3DDiff, 3704,      ,     44, 127.5,     38
2012-10-17, 12:31:35,  -05:00,       ,   47.9485779,  -97.1722183,   872.4, 29.13,   853.0,   9.2,   0.00,   0.00,   -3.99,   1.78,   0.33,  -0.01,  -0.00,   2.6, 266.6,  27.4,  27.4,   3.3,   0.4,  23.31,  23.77,     3.23,   88.94,   67.93, 1214.0,   98.63,   94.73,  103.39,   93.69, 1077.04, 1038.45, 1040.34, 1037.67,   765.2,   0,  GPS,  174.0, 109.10, 114.30, 118.400, 123.300,       ,       ,       ,      ,       ,       ,    3.5,       ,      ,       ,      ,      ,  -7.9, 3DDiff, 3704,      ,     43, 126.5,     38
2012-10-17, 12:31:36,  -05:00,       ,   47.9485779,  -97.1722183,   873.4, 29.13,   851.0,   9.2,   0.00,   0.00,   -0.16,   1.76,   0.34,  -0.00,   0.01,   2.7, 266.6,  27.4,  27.4,   3.3,   0.4,  23.26,  23.77,     3.26,   88.96,   67.90, 1215.6,   99.35,   95.50,  104.16,   94.45, 1078.74, 1039.75, 1041.32, 1039.60,   763.2,   0,  GPS,  174.0, 109.10, 114.30, 118.400, 123.300,       ,       ,       ,      ,       ,       ,    3.5,       ,      ,       ,      ,      ,  -3.9, 3DDiff, 3704,      ,     43, 125.5,     37
2012-10-17, 12:31:37,  -05:00,       ,   47.9485779,  -97.1722183,   872.4, 29.13,   848.9,   9.2,   0.00,   0.00,   -5.43,   1.87,   0.37,  -0.01,  -0.02,   2.6, 266.6,  27.5,  27.5,   3.5,   0.5,  23.20,  23.77,     2.38,   88.97,   63.45, 1029.9,  100.12,   96.25,  104.95,   95.22, 1080.15, 1041.80, 1041.07, 1039.92,   761.1,   0,  GPS,  174.0, 109.10, 114.30, 118.400, 123.300,       ,       ,       ,      ,       ,       ,    3.5,       ,      ,       ,      ,      ,  -3.9, 3DDiff, 3704,      ,     44, 124.5,     37
2012-10-17, 12:31:38,  -05:00,       ,   47.9485779,  -97.1722183,   872.4, 29.13,   848.2,   9.2,   0.00,   0.00,   -0.40,   1.92,   0.33,  -0.01,   0.03,   2.6, 266.6,  27.5,  27.5,   3.6,   0.5,  23.16,  23.77,     2.21,   88.98,   60.81,  847.4,  100.87,   97.05,  105.75,   95.96, 1059.28, 1039.23, 1035.46, 1030.77,   760.4,   0,  GPS,  174.0, 109.10, 114.30, 118.400, 123.300,       ,       ,       ,      ,       ,       ,    3.5,       ,      ,       ,      ,      ,  -3.9, 3DDiff, 3704,      ,     44, 124.5,     37
2012-10-17, 12:31:39,  -05:00,       ,   47.9485779,  -97.1722336,   872.4, 29.13,   847.6,   9.2,   0.00,   0.00,   -0.01,   1.86,   0.31,  -0.00,  -0.02,   2.7, 266.6,  27.4,  27.4,   3.4,   0.5,  23.20,  23.77,     2.20,   88.99,   61.43,  857.7,  101.60,   97.80,  106.54,   96.73, 1044.87, 1031.97, 1029.09, 1019.08,   759.8,   0,  GPS,  174.0, 109.10, 114.30, 118.400, 123.300,       ,       ,       ,      ,       ,       ,    3.5,       ,      ,       ,      ,      ,   0.0, 3DDiff, 3704,      ,     44, 125.0,     37
2012-10-17, 12:31:40,  -05:00,       ,   47.9485779,  -97.1722336,   872.4, 29.13,   846.9,   9.2,   0.00,   0.00,   -0.00,   1.86,   0.30,  -0.00,   0.01,   2.7, 266.6,  27.4,  27.4,   3.1,   0.4,  23.20,  23.77,     2.19,   88.99,   62.28,  897.1,  102.38,   98.53,  107.34,   97.50, 1038.14, 1025.13, 1022.92, 1015.11,   759.1,   0,  GPS,  174.0, 109.10, 114.30, 118.400, 123.300,       ,       ,       ,      ,       ,       ,    3.5,       ,      ,       ,      ,      ,   0.0, 3DDiff, 3704,      ,     44, 125.5,     38
2012-10-17, 12:31:41,  -05:00,       ,   47.9485855,  -97.1722336,   872.4, 29.13,   846.1,   9.2,   0.00,   0.00,   -0.00,   1.92,   0.31,   0.00,   0.02,   2.7, 266.6,  27.4,  27.5,   3.2,   0.4,  23.05,  23.77,     2.20,   89.00,   62.32,  903.4,  103.01,   99.26,  108.09,   98.25, 1038.02, 1022.18, 1017.87, 1014.35,   758.3,   0,  GPS,  174.0, 109.10, 114.30, 118.400, 123.300,       ,       ,       ,      ,       ,       ,    3.5,       ,      ,       ,      ,      ,   0.0, 3DDiff, 3704,      ,     43, 124.5,     37
2012-10-17, 12:31:42,  -05:00,       ,   47.9485855,  -97.1722336,   872.4, 29.13,   846.4,   9.2,   0.00,   0.00,   -0.00,   1.90,   0.27,  -0.00,   0.00,   2.6, 266.6,  27.5,  27.5,   3.4,   0.4,  22.95,  23.77,     2.17,   89.00,   62.47,  910.8,  103.80,   99.93,  108.82,   98.96, 1039.52, 1020.99, 1012.90, 1015.79,   758.6,   0,  GPS,  174.0, 109.10, 114.30, 118.400, 123.300,       ,       ,       ,      ,       ,       ,    3.5,       ,      ,       ,      ,      ,   0.0, 3DDiff, 3704,      ,     43, 123.5,     36
2012-10-17, 12:31:43,  -05:00,       ,   47.9485855,  -97.1722336,   872.4, 29.13,   847.6,   9.2,   0.00,   0.00,   -0.00,   1.89,   0.29,  -0.00,   0.02,   2.7, 266.6,  27.4,  27.5,   3.7,   0.6,  22.97,  23.77,     2.24,   89.01,   62.59,  918.9,  104.54,  100.66,  109.53,   99.68, 1040.30, 1019.95, 1010.50, 1015.57,   759.7,   0,  GPS,  174.0, 109.10, 114.30, 118.400, 123.300,       ,       ,       ,      ,       ,       ,    3.5,       ,      ,       ,      ,      ,  -3.9, 3DDiff, 3704,      ,     43, 122.5,     36
2012-10-17, 12:31:44,  -05:00,       ,   47.9485855,  -97.1722336,   872.4, 29.13,   847.0,   9.2,   0.00,   0.00,   -0.00,   1.88,   0.24,  -0.01,  -0.03,   2.6, 266.6,  27.4,  27.5,   3.4,   0.4,  23.01,  23.77,     2.24,   89.01,   62.67,  925.9,  105.28,  101.45,  110.34,  100.50, 1042.14, 1019.93, 1006.60, 1014.22,   759.2,   0,  GPS,  174.0, 109.10, 114.30, 118.400, 123.300,       ,       ,       ,      ,       ,       ,    3.5,       ,      ,       ,      ,      ,   0.0, 3DDiff, 3704,      ,     44, 122.5,     37
2012-10-17, 12:31:45,  -05:00,       ,   47.9485855,  -97.1722336,   872.4, 29.13,   846.9,   9.2,   0.00,   0.00,   -0.00,   1.90,   0.32,   0.00,   0.01,   2.7, 266.6,  27.4,  27.4,   3.1,   0.4,  22.97,  23.77,     2.24,   89.01,   62.83,  933.8,  106.01,  102.16,  111.11,  101.24, 1043.68, 1019.69, 1003.78, 1013.00,   759.1,   0,  GPS,  174.0, 109.10, 114.30, 118.400, 123.300,       ,       ,       ,      ,       ,       ,    3.5,       ,      ,       ,      ,      ,   0.0, 3DDiff, 3704,      ,     44, 123.0,     37
2012-10-17, 12:31:46,  -05:00,       ,   47.9485893,  -97.1722412,   872.4, 29.13,   846.7,   9.2,   0.00,   0.00,   -0.00,   1.87,   0.29,  -0.01,  -0.03,   2.6, 266.6,  27.4,  27.4,   3.0,   0.4,  22.97,  23.77,     2.17,   89.02,   62.98,  939.8,  106.31,  102.45,  111.56,  101.67, 1045.56, 1018.49, 1001.85, 1012.12,   758.8,   0,  GPS,  174.0, 109.10, 114.30, 118.400, 123.300,       ,       ,       ,      ,       ,       ,    3.5,       ,      ,       ,      ,      ,   0.0, 3DDiff, 3704,      ,     44, 123.5,     37
2012-10-17, 12:31:47,  -05:00,       ,   47.9485855,  -97.1722336,   872.4, 29.13,   847.3,   9.2,   0.00,   0.00,   -0.00,   1.88,   0.30,  -0.00,  -0.01,   2.6, 266.6,  27.4,  27.4,   3.2,   0.3,  23.08,  23.77,     2.18,   89.02,   63.06,  945.8,  107.05,  103.18,  112.10,  102.25, 1048.17, 1017.77, 1002.25, 1012.12,   759.5,   0,  GPS,  174.0, 109.10, 114.30, 118.400, 123.300,       ,       ,       ,      ,       ,       ,    3.5,       ,      ,       ,      ,      ,   0.0, 3DDiff, 3704,      ,     42, 123.0,     37
2012-10-17, 12:31:48,  -05:00,       ,   47.9485855,  -97.1722336,   872.4, 29.13,   845.8,   9.2,   0.00,   0.00,   -0.00,   1.90,   0.29,  -0.01,   0.03,   2.6, 266.6,  27.4,  27.4,   3.3,   0.4,  23.05,  23.71,     2.19,   89.02,   63.20,  952.2,  108.14,  104.26,  113.29,  103.47, 1050.28, 1018.50, 1004.50, 1014.33,   758.0,   0,  GPS,  174.0, 109.10, 114.30, 118.400, 123.300,       ,       ,       ,      ,       ,       ,    3.5,       ,      ,       ,      ,      ,   0.0, 3DDiff, 3704,      ,     42, 121.5,     36
2012-10-17, 12:31:49,  -05:00,       ,   47.9485855,  -97.1722336,   872.4, 29.13,   844.3,   9.2,   0.00,   0.00,   -0.00,   1.88,   0.30,  -0.00,  -0.02,   2.6, 266.6,  27.4,  27.4,   3.2,   0.4,  22.95,  23.77,     2.23,   89.02,   63.27,  957.2,  108.44,  104.56,  113.78,  103.96, 1050.86, 1018.25, 1004.69, 1014.67,   756.4,   0,  GPS,  174.0, 109.10, 114.30, 118.400, 123.300,       ,       ,       ,      ,       ,       ,    3.5,       ,      ,       ,      ,      ,   3.9, 3DDiff, 3704,      ,     43, 121.0,     36
2012-10-17, 12:31:50,  -05:00,       ,   47.9485855,  -97.1722336,   872.4, 29.13,   843.8,   9.2,   0.00,   0.00,   -0.00,   1.92,   0.34,   0.00,  -0.00,   2.8, 266.6,  27.3,  27.4,   2.9,   0.4,  22.91,  23.77,     2.19,   89.02,   63.23,  954.7,  108.79,  104.88,  114.00,  104.20, 1051.22, 1017.81, 1004.47, 1014.44,   756.0,   0,  GPS,  174.0, 109.10, 114.30, 118.400, 123.300,       ,       ,       ,      ,       ,       ,    3.5,       ,      ,       ,      ,      ,   7.9, 3DDiff, 3704,      ,     43, 121.0,     36
2012-10-17, 12:31:51,  -05:00,       ,   47.9485779,  -97.1722336,   872.4, 29.13,   843.5,   9.5,   0.00,   0.00,   -0.00,   1.93,   0.32,   0.00,   0.01,   2.7, 266.6,  27.4,  27.4,   3.0,   0.4,  22.91,  23.83,     2.20,   89.01,   63.32,  960.1,  109.44,  105.61,  114.74,  104.92, 1050.99, 1017.00, 1004.46, 1015.58,   755.6,   0,  GPS,  174.0, 109.10, 114.30, 118.400, 123.300,       ,       ,       ,      ,       ,       ,    3.5,       ,      ,       ,      ,      ,   7.9, 3DDiff, 3704,      ,     44, 121.5,     36
2012-10-17, 12:31:53,  -05:00,       ,   47.9485855,  -97.1722412,   872.4, 29.13,   840.7,   9.2,   0.00,   0.00,   -0.00,   1.90,   0.33,  -0.00,   0.00,   2.7, 266.6,  27.4,  27.4,   3.2,   0.4,  22.91,  23.83,     2.18,   89.01,   63.42,  967.1,  111.59,  107.77,  116.94,  107.17, 1052.20, 1017.68, 1003.36, 1017.18,   752.9,   0,  GPS,  174.0, 109.10, 114.30, 118.400, 123.300,       ,       ,       ,      ,       ,       ,    3.5,       ,      ,       ,      ,      ,   3.9, 3DDiff, 3704,      ,     42, 121.0,     36
2012-10-17, 12:31:54,  -05:00,       ,   47.9485855,  -97.1722412,   872.4, 29.13,   841.0,   9.2,   0.00,   0.00,   -0.00,   1.86,   0.33,   0.00,  -0.03,   2.6, 266.6,  27.4,  27.4,   3.2,   0.4,  22.91,  23.83,     2.14,   89.00,   63.53,  973.7,  112.33,  108.51,  117.74,  108.01, 1053.29, 1017.90, 1003.31, 1017.74,   753.2,   0,  GPS,  174.0, 109.10, 114.30, 118.400, 123.300,       ,       ,       ,      ,       ,       ,    3.5,       ,      ,       ,      ,      ,  -3.9, 3DDiff, 3704,      ,     42, 120.0,     36
2012-10-17, 12:31:55,  -05:00,       ,   47.9485855,  -97.1722412,   872.4, 29.13,   840.9,   9.2,   0.00,   0.00,   -0.00,   1.89,   0.29,   0.01,   0.00,   2.5, 266.6,  27.4,  27.4,   3.1,   0.4,  22.95,  23.83,     2.19,   89.00,   63.54,  973.8,  112.75,  108.77,  118.15,  108.41, 1054.07, 1017.60, 1004.44, 1019.00,   753.1,   0,  GPS,  174.0, 109.10, 114.30, 118.400, 123.300,       ,       ,       ,      ,       ,       ,    3.5,       ,      ,       ,      ,      ,  -7.9, 3DDiff, 3704,      ,     42, 119.0,     36
2012-10-17, 12:31:56,  -05:00,       ,   47.9485855,  -97.1722488,   872.4, 29.13,   840.4,   9.2,   0.00,   0.00,   -0.00,   1.86,   0.30,  -0.01,   0.00,   2.5, 266.6,  27.3,  27.4,   2.9,   0.3,  22.97,  23.87,     2.22,   88.99,   63.45,  971.0,  112.97,  109.09,  118.40,  108.66, 1057.90, 1018.37, 1005.31, 1020.94,   752.6,   0,  GPS,  174.0, 109.10, 114.30, 118.400, 123.300,       ,       ,       ,      ,       ,       ,    3.5,       ,      ,       ,      ,      , -11.8, 3DDiff, 3704,      ,     43, 119.5,     36
2012-10-17, 12:31:57,  -05:00,       ,   47.9485893,  -97.1722488,   872.4, 29.13,   840.3,   9.2,   0.00,   0.00,   -0.00,   1.90,   0.34,  -0.01,  -0.00,   2.5, 266.6,  27.4,  27.4,   2.8,   0.3,  22.95,  23.83,     2.18,   88.99,   63.45,  972.9,  113.68,  109.74,  119.07,  109.36, 1060.86, 1019.55, 1005.67, 1022.88,   752.5,   0,  GPS,  174.0, 109.10, 114.30, 118.400, 123.300,       ,       ,       ,      ,       ,       ,    3.5,       ,      ,       ,      ,      ,  -3.9, 3DDiff, 3704,      ,     44, 120.0,     36
2012-10-17, 12:31:58,  -05:00,       ,   47.9485893,  -97.1722488,   872.4, 29.13,   839.7,   9.2,   0.00,   0.00,   -0.00,   1.87,   0.34,  -0.01,  -0.05,   2.6, 266.6,  27.5,  27.5,   3.4,   0.4,  22.97,  23.83,     2.19,   88.98,   63.30,  959.7,  114.36,  110.42,  119.84,  110.10, 1062.10, 1019.33, 1005.42, 1022.48,   751.9,   0,  GPS,  174.0, 109.10, 114.30, 118.400, 123.300,       ,       ,       ,      ,       ,       ,    3.5,       ,      ,       ,      ,      ,  -3.9, 3DDiff, 3704,      ,     44, 120.5,     36
2012-10-17, 12:31:59,  -05:00,       ,   47.9485855,  -97.1722488,   871.4, 29.13,   839.3,   9.5,   0.00,   0.00,   -0.00,   1.92,   0.37,  -0.01,   0.02,   2.6, 266.6,  27.4,  27.4,   3.1,   0.4,  22.97,  23.83,     2.21,   88.97,   63.26,  960.0,  115.08,  111.10,  120.47,  110.84, 1062.27, 1020.13, 1005.04, 1022.61,   751.5,   0,  GPS,  174.0, 109.10, 114.30, 118.400, 123.300,       ,       ,       ,      ,       ,       ,    3.5,       ,      ,       ,      ,      ,  -3.9, 3DDiff, 3704,      ,     42, 119.5,     36
2012-10-17, 12:32:00,  -05:00,       ,   47.9485855,  -97.1722488,   871.4, 29.13,   837.6,   9.5,   0.00,   0.00,   -0.00,   1.89,   0.31,  -0.01,  -0.02,   2.6, 266.6,  27.4,  27.4,   2.9,   0.4,  22.97,  23.87,     2.22,   88.96,   63.38,  967.0,  115.70,  111.80,  121.21,  111.61, 1061.80, 1021.02, 1006.09, 1022.30,   749.7,   0,  GPS,  174.0, 109.10, 114.30, 118.400, 123.300,       ,       ,       ,      ,       ,       ,    3.5,       ,      ,       ,      ,      ,   0.0, 3DDiff, 3704,      ,     42, 118.5,     36
2012-10-17, 12:32:01,  -05:00,       ,   47.9485855,  -97.1722488,   871.4, 29.13,   837.5,   9.2,   0.00,   0.00,   -0.00,   1.92,   0.34,  -0.02,   0.02,   2.6, 266.6,  27.4,  27.4,   2.9,   0.2,  22.97,  23.87,     2.14,   88.95,   63.31,  964.6,  116.47,  112.50,  121.92,  112.37, 1061.12, 1020.71, 1006.41, 1022.51,   749.7,   0,  GPS,  174.0, 109.10, 114.30, 118.400, 123.300,       ,       ,       ,      ,       ,       ,    3.5,       ,      ,       ,      ,      ,   3.9, 3DDiff, 3704,      ,     42, 117.5,     36
2012-10-17, 12:32:02,  -05:00,       ,   47.9485855,  -97.1722488,   871.4, 29.13,   836.9,   9.2,   0.00,   0.00,   -0.00,   1.88,   0.40,  -0.01,  -0.01,   2.7, 266.6,  27.4,  27.5,   3.1,   0.3,  22.95,  23.87,     2.15,   88.94,   63.27,  961.5,  117.17,  113.16,  122.64,  113.10, 1060.26, 1020.16, 1006.80, 1022.89,   749.1,   0,  GPS,  174.0, 109.10, 114.30, 118.400, 123.300,       ,       ,       ,      ,       ,       ,    3.5,       ,      ,       ,      ,      ,  -3.9, 3DDiff, 3704,      ,     43, 118.0,     36
2012-10-17, 12:32:03,  -05:00,       ,   47.9485855,  -97.1722488,   871.4, 29.13,   836.6,   9.2,   0.00,   0.00,   -0.00,   1.90,   0.34,  -0.01,   0.02,   2.6, 266.6,  27.4,  27.4,   3.0,   0.4,  22.97,  23.94,     2.18,   88.93,   63.25,  960.9,  117.88,  113.87,  123.36,  113.85, 1060.55, 1019.80, 1007.42, 1023.41,   748.8,   0,  GPS,  174.0, 109.10, 114.30, 118.400, 123.300,       ,       ,       ,      ,       ,       ,    3.5,       ,      ,       ,      ,      ,  -3.9, 3DDiff, 3704,      ,     43, 118.5,     36
2012-10-17, 12:32:04,  -05:00,       ,   47.9485855,  -97.1722488,   871.4, 29.13,   836.2,   9.2,   0.00,   0.00,   -0.00,   1.85,   0.35,  -0.01,  -0.02,   2.6, 266.6,  27.3,  27.4,   2.9,   0.4,  23.01,  23.94,     2.14,   88.92,   63.33,  963.4,  118.55,  114.55,  124.16,  114.58, 1061.15, 1020.44, 1008.03, 1022.65,   748.3,   0,  GPS,  174.0, 109.10, 114.30, 118.400, 123.300,       ,       ,       ,      ,       ,       ,    3.5,       ,      ,       ,      ,      ,   0.0, 3DDiff, 3704,      ,     44, 119.0,     36
2012-10-17, 12:32:05,  -05:00,       ,   47.9485893,  -97.1722488,   871.4, 29.13,   835.5,   9.5,   0.00,   0.00,   -0.00,   1.87,   0.35,  -0.00,   0.00,   2.7, 266.6,  27.3,  27.3,   2.7,   0.3,  23.01,  23.94,     2.19,   88.91,   63.32,  964.1,  119.27,  115.22,  124.80,  115.33, 1061.28, 1021.12, 1007.94, 1022.23,   747.7,   0,  GPS,  174.0, 109.10, 114.30, 118.400, 123.300,       ,       ,       ,      ,       ,       ,    3.5,       ,      ,       ,      ,      ,   0.0, 3DDiff, 3704,      ,     42, 118.0,     36
2012-10-17, 12:32:06,  -05:00,       ,   47.9485893,  -97.1722488,   871.4, 29.13,   837.3,   9.5,   0.00,   0.00,   -0.00,   1.82,   0.34,  -0.00,  -0.06,   2.6, 266.6,  27.3,  27.3,   2.8,   0.3,  23.01,  23.94,     2.17,   88.90,   63.25,  960.7,  119.95,  115.89,  125.49,  116.06, 1062.34, 1020.97, 1008.59, 1021.70,   749.5,   0,  GPS,  174.0, 109.10, 114.30, 118.400, 123.300,       ,       ,       ,      ,       ,       ,    3.5,       ,      ,       ,      ,      ,   0.0, 3DDiff, 3704,      ,     42, 117.0,     36
2012-10-17, 12:32:07,  -05:00,       ,   47.9485893,  -97.1722565,   871.4, 29.13,   837.0,   9.5,   0.00,   0.00,   -0.00,   1.89,   0.40,   0.00,   0.03,   2.7, 266.6,  27.4,  27.4,   3.2,   0.2,  23.01,  23.94,     2.17,   88.88,   63.30,  962.4,  120.62,  116.59,  126.24,  116.80, 1063.73, 1020.99, 1009.09, 1020.75,   749.2,   0,  GPS,  174.0, 109.10, 114.30, 118.400, 124.575,       ,       ,       ,      ,       ,       ,    3.5,       ,      ,       ,      ,      ,   0.0, 3DDiff, 3704,      ,     42, 116.5,     36
2012-10-17, 12:32:08,  -05:00,       ,   47.9485893,  -97.1722565,   871.4, 29.13,   837.7,   9.5,   0.00,   0.00,   -0.00,   1.86,   0.33,  -0.01,  -0.02,   2.6, 266.6,  27.5,  27.5,   3.4,   0.4,  23.05,  23.87,     2.18,   88.87,   63.26,  960.2,  121.31,  117.24,  126.93,  117.56, 1064.60, 1020.09, 1010.11, 1019.32,   749.9,   0,  GPS,  174.0, 109.10, 114.30, 118.400, 124.575,       ,       ,       ,      ,       ,       ,    3.5,       ,      ,       ,      ,      ,   0.0, 3DDiff, 3704,      ,     44, 3164.5,     44
2012-10-17, 12:32:09,  -05:00,       ,   47.9485893,  -97.1722641,   871.4, 29.13,   836.7,   9.2,   0.00,   0.00,   -0.00,   1.92,   0.38,   0.00,   0.01,   2.7, 266.6,  27.4,  27.4,   3.0,   0.3,  23.01,  23.87,     2.15,   88.86,   63.22,  958.7,  122.08,  117.96,  127.70,  118.34, 1064.91, 1019.02, 1010.57, 1019.17,   748.9,   0,  GPS,  174.0, 109.10, 114.30, 118.400, 124.575,       ,       ,       ,      ,       ,       ,    3.5,       ,      ,       ,      ,      ,  11.8, 3DDiff, 3704,      ,     44, 119.5,     36
2012-10-17, 12:32:10,  -05:00,       ,   47.9485893,  -97.1722641,   871.4, 29.13,   836.6,   9.5,   0.00,   0.00,   -0.00,   1.92,   0.37,  -0.01,  -0.01,   2.7, 266.6,  27.3,  27.3,   2.9,   0.4,  23.05,  23.87,     2.18,   88.84,   63.22,  956.3,  122.78,  118.68,  128.50,  119.11, 1063.67, 1019.12, 1010.85, 1019.59,   748.8,   0,  GPS,  174.0, 109.10, 114.30, 118.400, 124.575,       ,       ,       ,      ,       ,       ,    3.5,       ,      ,       ,      ,      ,   3.9, 3DDiff, 3704,      ,     44, 120.0,     36
2012-10-17, 12:32:11,  -05:00,       ,   47.9485855,  -97.1722412,   871.4, 29.13,   839.1,   9.5,   0.00,   0.00,   -0.00,   1.92,   0.38,  -0.01,  -0.02,   2.7, 266.6,  27.4,  27.4,   3.0,   0.3,  23.05,  23.87,     2.14,   88.83,   63.29,  962.4,  123.41,  119.25,  129.07,  119.80, 1063.40, 1019.33, 1010.55, 1019.57,   751.3,   0,  GPS,  174.0, 109.10, 114.30, 118.400, 124.575,       ,       ,       ,      ,       ,       ,    3.5,       ,      ,       ,      ,      ,   3.9, 3DDiff, 3704,      ,     42, 119.5,     36
2012-10-17, 12:32:12,  -05:00,       ,   47.9485855,  -97.1722488,   871.4, 29.13,   836.5,   9.5,   0.00,   0.00,   -0.00,   1.97,   0.52,   0.00,   0.02,   2.8, 266.6,  27.4,  27.5,   3.2,   0.3,  23.05,  23.87,     2.14,   88.81,   63.38,  968.6,  124.12,  120.01,  129.82,  120.56, 1062.54, 1020.35, 1010.18, 1018.24,   748.7,   0,  GPS,  174.0, 109.10, 114.30, 118.400, 124.575,       ,       ,       ,      ,       ,       ,    3.5,       ,      ,       ,      ,      ,   3.9, 3DDiff, 3704,      ,     42, 118.0,     36
2012-10-17, 12:32:13,  -05:00,       ,   47.9485855,  -97.1722412,   871.4, 29.13,   836.7,   9.5,   0.00,   0.00,   -0.00,   1.93,   0.40,  -0.01,  -0.02,   2.7, 266.6,  27.5,  27.5,   3.3,   0.4,  23.08,  23.87,     2.20,   88.80,   63.45,  973.4,  124.89,  120.73,  130.57,  121.37, 1060.88, 1022.35, 1012.03, 1018.38,   748.9,   0,  GPS,  174.0, 109.10, 114.30, 118.400, 124.575,       ,       ,       ,      ,       ,       ,    3.5,       ,      ,       ,      ,      ,   3.9, 3DDiff, 3704,      ,     43, 117.5,     36
2012-10-17, 12:32:14,  -05:00,       ,   47.9485855,  -97.1722412,   871.4, 29.13,   836.3,   9.5,   0.00,   0.00,   -0.00,   1.92,   0.35,  -0.00,   0.00,   2.7, 266.6,  27.4,  27.4,   2.9,   0.3,  23.08,  23.83,     2.17,   88.78,   63.50,  972.2,  125.47,  121.34,  131.26,  122.08, 1059.59, 1022.80, 1012.79, 1020.35,   748.5,   0,  GPS,  174.0, 109.10, 114.30, 118.400, 124.575,       ,       ,       ,      ,       ,       ,    3.5,       ,      ,       ,      ,      ,  -3.9, 3DDiff, 3704,      ,     43, 119.0,     36
2012-10-17, 12:32:15,  -05:00,       ,   47.9485855,  -97.1722412,   871.4, 29.13,   835.9,   9.5,   0.00,   0.00,   -0.00,   1.85,   0.35,   0.00,  -0.03,   2.6, 266.6,  27.4,  27.4,   2.9,   0.3,  23.05,  23.83,     2.16,   88.77,   63.44,  968.7,  126.15,  121.95,  131.88,  122.72, 1060.77, 1022.45, 1012.59, 1022.65,   748.1,   0,  GPS,  174.0, 109.10, 114.30, 118.400, 124.575,       ,       ,       ,      ,       ,       ,    3.5,       ,      ,       ,      ,      , -11.8, 3DDiff, 3704,      ,     44, 119.0,     36
2012-10-17, 12:32:16,  -05:00,       ,   47.9485855,  -97.1722412,   871.4, 29.13,   835.7,   9.5,   0.00,   0.00,   -0.00,   1.87,   0.30,  -0.00,   0.01,   2.5, 266.6,  27.4,  27.4,   3.0,   0.3,  23.01,  23.77,     2.15,   88.75,   63.54,  974.6,  126.73,  122.60,  132.57,  123.46, 1061.60, 1023.55, 1012.59, 1024.40,   747.9,   0,  GPS,  174.0, 109.10, 114.30, 118.400, 124.575,       ,       ,       ,      ,       ,       ,    3.5,       ,      ,       ,      ,      , -11.8, 3DDiff, 3704,      ,     44, 119.5,     36
2012-10-17, 12:32:17,  -05:00,       ,   47.9485893,  -97.1722641,   871.4, 29.13,   833.0,   9.5,   0.00,   0.00,   -0.00,   1.86,   0.31,  -0.01,  -0.01,   2.5, 266.6,  27.4,  27.5,   2.9,   0.2,  23.05,  23.83,     2.18,   88.74,   63.38,  966.7,  127.48,  123.24,  133.29,  124.19, 1062.83, 1025.34, 1013.79, 1025.42,   745.2,   0,  GPS,  174.0, 109.10, 114.30, 118.400, 124.575,       ,       ,       ,      ,       ,       ,    3.5,       ,      ,       ,      ,      ,  -7.9, 3DDiff, 3704,      ,     42, 119.0,     36
2012-10-17, 12:32:18,  -05:00,       ,   47.9485893,  -97.1722488,   870.4, 29.13,   835.6,   9.5,   0.00,   0.00,   -0.00,   1.94,   0.40,  -0.01,   0.01,   2.7, 266.6,  27.5,  27.5,   3.3,   0.4,  23.01,  23.87,     2.19,   88.72,   63.31,  961.2,  128.16,  123.89,  133.98,  124.91, 1064.04, 1027.25, 1014.73, 1026.21,   747.7,   0,  GPS,  174.0, 109.10, 114.30, 118.400, 124.575,       ,       ,       ,      ,       ,       ,    3.5,       ,      ,       ,      ,      ,  -7.9, 3DDiff, 3704,      ,     42, 118.0,     36
2012-10-17, 12:32:19,  -05:00,       ,   47.9485893,  -97.1722641,   870.4, 29.13,   835.2,   9.5,   0.00,   0.00,   -0.00,   1.96,   0.31,  -0.02,   0.00,   2.7, 266.6,  27.4,  27.4,   3.2,   0.3,  23.08,  23.83,     2.18,   88.71,   63.27,  961.1,  128.85,  124.55,  134.68,  125.63, 1063.58, 1026.77, 1015.32, 1026.00,   747.4,   0,  GPS,  174.0, 109.10, 114.30, 118.400, 124.575,       ,       ,       ,      ,       ,       ,    3.5,       ,      ,       ,      ,      ,  -3.9, 3DDiff, 3704,      ,     42, 117.0,     36
2012-10-17, 12:32:20,  -05:00,       ,   47.9485893,  -97.1722565,   870.4, 29.13,   835.3,   9.5,   0.00,   0.00,   -0.00,   1.96,   0.41,  -0.00,   0.00,   2.8, 266.6,  27.4,  27.4,   3.1,   0.3,  23.05,  23.77,     2.16,   88.69,   63.14,  953.5,  129.46,  125.20,  135.36,  126.35, 1064.09, 1026.30, 1016.17, 1025.46,   747.5,   0,  GPS,  174.0, 109.10, 114.30, 118.400, 124.575,       ,       ,       ,      ,       ,       ,    3.5,       ,      ,       ,      ,      ,   0.0, 3DDiff, 3704,      ,     43, 117.0,     36
2012-10-17, 12:32:21,  -05:00,       ,   47.9485893,  -97.1722641,   870.4, 29.13,   835.5,   9.5,   0.00,   0.00,   -0.00,   1.96,   0.44,  -0.00,  -0.01,   2.9, 266.6,  27.4,  27.5,   3.1,   0.3,  23.08,  23.77,     2.18,   88.67,   63.07,  949.3,  130.17,  125.91,  136.09,  127.15, 1064.09, 1026.10, 1016.12, 1023.72,   747.7,   0,  GPS,  174.0, 109.10, 114.30, 118.400, 124.575,       ,       ,       ,      ,       ,       ,    3.5,       ,      ,       ,      ,      ,   3.9, 3DDiff, 3704,      ,     43, 117.5,     36
2012-10-17, 12:32:22,  -05:00,       ,   47.9485893,  -97.1722641,   870.4, 29.13,   835.5,   9.5,   0.00,   0.00,   -0.00,   1.94,   0.34,  -0.01,   0.02,   2.8, 266.6,  27.5,  27.6,   3.5,   0.3,  23.08,  23.77,     2.17,   88.66,   63.19,  954.8,  130.87,  126.53,  136.85,  127.87, 1062.18, 1025.95, 1016.24, 1022.12,   747.7,   0,  GPS,  174.0, 109.10, 114.30, 118.400, 124.575,       ,       ,       ,      ,       ,       ,    3.5,       ,      ,       ,      ,      ,   3.9, 3DDiff, 3704,      ,     44, 118.0,     36
2012-10-17, 12:32:23,  -05:00,       ,   47.9485855,  -97.1722412,   870.4, 29.13,   838.3,   9.5,   0.00,   0.00,   -0.00,   1.90,   0.40,  -0.00,  -0.00,   2.9, 266.6,  27.5,  27.5,   3.3,   0.4,  23.05,  23.77,     2.14,   88.64,   63.18,  955.5,  131.51,  127.18,  137.51,  128.58, 1061.05, 1024.85, 1015.82, 1022.52,   750.5,   0,  GPS,  174.0, 109.10, 114.30, 118.400, 124.575,       ,       ,       ,      ,       ,       ,    3.5,       ,      ,       ,      ,      ,   3.9, 3DDiff, 3704,      ,     42, 117.5,     36
2012-10-17, 12:32:24,  -05:00,       ,   47.9485855,  -97.1722488,   871.4, 29.13,   836.1,   9.5,   0.00,   0.00,   -0.00,   1.88,   0.37,  -0.00,  -0.03,   2.8, 266.6,  27.4,  27.5,   3.0,   0.3,  23.05,  23.77,     2.20,   88.62,   63.23,  958.2,  132.25,  127.90,  138.26,  129.36, 1060.85, 1023.46, 1015.05, 1023.44,   748.3,   0,  GPS,  174.0, 109.10, 114.30, 118.400, 124.575,       ,       ,       ,      ,       ,       ,    3.5,       ,      ,       ,      ,      ,   0.0, 3DDiff, 3704,      ,     42, 116.0,     36
2012-10-17, 12:32:25,  -05:00,       ,   47.9485855,  -97.1722412,   870.4, 29.13,   836.7,   9.5,   0.00,   0.00,   -0.00,   1.94,   0.40,   0.00,   0.01,   2.8, 266.6,  27.4,  27.5,   2.9,   0.3,  23.08,  23.77,     2.17,   88.61,   63.37,  965.0,  132.93,  128.55,  138.98,  130.11, 1061.28, 1021.90, 1014.78, 1023.30,   748.9,   0,  GPS,  174.0, 109.10, 114.30, 118.400, 124.575,       ,       ,       ,      ,       ,       ,    3.5,       ,      ,       ,      ,      ,   0.0, 3DDiff, 3704,      ,     42, 115.5,     36
2012-10-17, 12:32:26,  -05:00,       ,   47.9485855,  -97.1722412,   870.4, 29.13,   836.8,   9.5,   0.00,   0.00,   -0.00,   1.91,   0.35,  -0.00,   0.02,   2.7, 266.6,  27.4,  27.4,   2.8,   0.3,  23.05,  23.77,     2.15,   88.59,   63.42,  966.9,  133.59,  129.18,  139.66,  130.83, 1060.49, 1021.08, 1013.04, 1023.02,   749.0,   0,  GPS,  174.0, 109.10, 114.30, 118.400, 124.575,       ,       ,       ,      ,       ,       ,    3.5,       ,      ,       ,      ,      ,  -3.9, 3DDiff, 3704,      ,     42, 115.5,     36
2012-10-17, 12:32:27,  -05:00,       ,   47.9485855,  -97.1722412,   870.4, 29.13,   836.9,   9.5,   0.00,   0.00,   -0.00,   1.91,   0.37,   0.00,  -0.00,   2.8, 266.6,  27.4,  27.5,   2.9,   0.3,  23.05,  23.77,     2.20,   88.57,   63.31,  961.4,  134.34,  129.77,  140.34,  131.50, 1061.49, 1020.31, 1013.75, 1023.67,   749.1,   0,  GPS,  174.0, 109.10, 114.30, 118.400, 124.575,       ,       ,       ,      ,       ,       ,    3.5,       ,      ,       ,      ,      ,  -3.9, 3DDiff, 3704,      ,     43, 116.0,     36
2012-10-17, 12:32:28,  -05:00,       ,   47.9485855,  -97.1722412,   870.4, 29.13,   837.1,   9.5,   0.00,   0.00,   -0.00,   1.93,   0.44,   0.00,  -0.01,   2.8, 266.6,  27.5,  27.5,   3.0,   0.3,  23.05,  23.83,     2.21,   88.56,   63.15,  952.2,  134.91,  130.43,  141.02,  132.24, 1062.68, 1020.08, 1015.62, 1024.18,   749.2,   0,  GPS,  174.0, 109.10, 114.30, 118.400, 124.575,       ,       ,       ,      ,       ,       ,    3.5,       ,      ,       ,      ,      ,  -3.9, 3DDiff, 3704,      ,     44, 116.5,     36
2012-10-17, 12:32:29,  -05:00,       ,   47.9485893,  -97.1722565,   870.4, 29.13,   834.1,   9.5,   0.00,   0.00,   -0.00,   1.98,   0.40,   0.00,   0.01,   2.8, 266.6,  27.5,  27.5,   3.0,   0.3,  23.05,  23.83,     2.19,   88.54,   63.17,  953.1,  135.58,  131.05,  141.71,  132.92, 1063.66, 1020.02, 1015.93, 1024.60,   746.3,   0,  GPS,  174.0, 109.10, 114.30, 118.400, 124.575,       ,       ,       ,      ,       ,       ,    3.5,       ,      ,       ,      ,      ,   0.0, 3DDiff, 3704,      ,     42, 116.0,     36
2012-10-17, 12:32:30,  -05:00,       ,   47.9485893,  -97.1722488,   870.4, 29.13,   836.8,   9.5,   0.00,   0.00,   -0.00,   1.98,   0.37,  -0.01,  -0.00,   2.8, 266.6,  27.4,  27.4,   2.8,   0.3,  23.08,  23.83,     2.17,   88.53,   63.17,  954.7,  136.25,  131.68,  142.41,  133.62, 1063.57, 1020.13, 1016.30, 1024.88,   749.0,   0,  GPS,  174.0, 109.10, 114.30, 118.400, 124.575,       ,       ,       ,      ,       ,       ,    3.5,       ,      ,       ,      ,      ,  -3.9, 3DDiff, 3704,      ,     42, 114.5,     36
2012-10-17, 12:32:31,  -05:00,       ,   47.9485893,  -97.1722565,   870.4, 29.13,   836.7,   9.5,   0.00,   0.00,  -13.46,   1.96,   0.42,  -0.00,  -0.01,   2.8, 266.6,  27.4,  27.4,   2.8,   0.2,  23.05,  23.83,     2.19,   88.51,   63.12,  951.8,  136.89,  132.31,  143.08,  134.36, 1065.31, 1020.19, 1017.33, 1024.23,   748.9,   0,  GPS,  174.0, 109.10, 114.30, 118.400, 124.575,       ,       ,       ,      ,       ,       ,    3.5,       ,      ,       ,      ,      ,   0.0, 3DDiff, 3704,      ,     42, 114.0,     36
2012-10-17, 12:32:32,  -05:00,       ,   47.9485893,  -97.1722565,   870.4, 29.13,   836.8,   9.5,   0.00,   0.00,   -2.87,   1.92,   0.38,  -0.00,   0.01,   2.8, 266.6,  27.5,  27.5,   3.1,   0.3,  23.08,  23.83,     2.21,   88.49,   63.35,  963.8,  137.55,  132.96,  143.77,  135.01, 1066.22, 1020.95, 1017.88, 1024.36,   749.0,   0,  GPS,  174.0, 109.10, 114.30, 118.400, 124.575,       ,       ,       ,      ,       ,       ,    3.5,       ,      ,       ,      ,      ,   0.0, 3DDiff, 3704,      ,     42, 114.0,     36
2012-10-17, 12:32:33,  -05:00,       ,   47.9485893,  -97.1722565,   870.4, 29.13,   837.1,   9.5,   0.00,   0.00,   -0.10,   1.89,   0.33,   0.00,   0.01,   2.8, 266.6,  27.5,  27.5,   3.2,   0.4,  23.08,  23.83,     2.21,   88.48,   63.66,  981.0,  138.21,  133.60,  144.43,  135.73, 1067.25, 1022.47, 1017.60, 1025.50,   749.3,   0,  GPS,  174.0, 109.10, 114.30, 118.400, 124.575,       ,       ,       ,      ,       ,       ,    3.5,       ,      ,       ,      ,      ,  -3.9, 3DDiff, 3704,      ,     42, 113.0,     36
2012-10-17, 12:32:34,  -05:00,       ,   47.9485893,  -97.1722565,   870.4, 29.13,   837.2,   9.5,   0.00,   0.00,   -0.00,   1.88,   0.27,  -0.01,  -0.00,   2.7, 266.6,  27.4,  27.4,   2.9,   0.3,  23.08,  23.83,     2.13,   88.46,   63.78,  988.2,  138.85,  134.22,  145.12,  136.41, 1070.86, 1023.69, 1018.39, 1026.52,   749.4,   0,  GPS,  174.0, 109.10, 114.30, 118.400, 124.575,       ,       ,       ,      ,       ,       ,    3.5,       ,      ,       ,      ,      ,  -3.9, 3DDiff, 3704,      ,     43, 113.5,     36
2012-10-17, 12:32:35,  -05:00,       ,   47.9485855,  -97.1722488,   870.4, 29.13,   838.9,   9.5,   0.00,   0.00,   -0.00,   1.88,   0.29,   0.00,   0.02,   2.8, 266.6,  27.4,  27.4,   2.8,   0.3,  23.08,  23.83,     2.18,   88.45,   63.75,  988.7,  139.53,  134.81,  145.82,  137.10, 1074.05, 1024.66, 1019.76, 1027.02,   751.1,   0,  GPS,  174.0, 109.10, 114.30, 118.400, 124.575,       ,       ,       ,      ,       ,       ,    3.5,       ,      ,       ,      ,      ,   0.0, 3DDiff, 3704,      ,     42, 113.0,     36
2012-10-17, 12:32:36,  -05:00,       ,   47.9485893,  -97.1722488,   870.4, 29.13,   836.6,   9.5,   0.00,   0.00,   -0.00,   1.88,   0.36,   0.00,   0.00,   2.9, 266.6,  27.4,  27.4,   2.8,   0.2,  23.08,  23.83,     2.15,   88.43,   63.68,  986.9,  140.16,  135.38,  146.48,  137.80, 1075.37, 1025.99, 1021.86, 1028.63,   748.8,   0,  GPS,  174.0, 109.10, 114.30, 118.400, 124.575,       ,       ,       ,      ,       ,       ,    3.5,       ,      ,       ,      ,      ,  -3.9, 3DDiff, 3704,      ,     42, 112.0,     35
2012-10-17, 12:32:37,  -05:00,       ,   47.9485893,  -97.1722488,   870.4, 29.13,   836.9,   9.5,   0.00,   0.00,   -9.54,   1.86,   0.29,  -0.02,  -0.00,   2.8, 266.6,  27.5,  27.5,   3.0,   0.3,  23.05,  23.83,     2.19,   88.41,   63.56,  975.8,  140.80,  136.02,  147.14,  138.49, 1075.87, 1026.61, 1023.80, 1032.63,   749.1,   0,  GPS,  174.0, 109.10, 114.30, 118.400, 124.575,       ,       ,       ,      ,       ,       ,    3.5,       ,      ,       ,      ,      ,  -3.9, 3DDiff, 3704,      ,     42, 111.0,     35
2012-10-17, 12:32:38,  -05:00,       ,   47.9485893,  -97.1722488,   870.4, 29.13,   837.1,   9.5,   0.00,   0.00,  -12.07,   1.88,   0.37,  -0.00,   0.00,   2.8, 266.6,  27.5,  27.5,   3.1,   0.3,  23.08,  23.77,     2.20,   88.40,   63.45,  969.4,  141.43,  136.63,  147.81,  139.19, 1076.96, 1027.91, 1024.15, 1034.43,   749.3,   0,  GPS,  174.0, 109.10, 114.30, 118.400, 124.575,       ,       ,       ,      ,       ,       ,    3.5,       ,      ,       ,      ,      ,  -3.9, 3DDiff, 3704,      ,     42, 111.5,     36
2012-10-17, 12:32:39,  -05:00,       ,   47.9485893,  -97.1722488,   870.4, 29.13,   837.3,   9.5,   0.00,   0.00,   -7.75,   1.87,   0.33,   0.00,   0.01,   2.8, 266.6,  27.4,  27.4,   2.8,   0.3,  23.05,  23.83,     2.18,   88.38,   63.53,  975.2,  142.09,  137.20,  148.49,  139.86, 1077.76, 1029.49, 1023.90, 1034.68,   749.5,   0,  GPS,  174.0, 109.10, 114.30, 118.400, 124.575,       ,       ,       ,      ,       ,       ,    3.5,       ,      ,       ,      ,      ,   0.0, 3DDiff, 3704,      ,     42, 112.0,     36
2012-10-17, 12:32:40,  -05:00,       ,   47.9485893,  -97.1722488,   870.4, 29.13,   837.3,   9.5,   0.00,   0.00,   -0.35,   1.88,   0.34,   0.00,  -0.01,   2.8, 266.6,  27.4,  27.4,   2.8,   0.3,  23.05,  23.83,     2.20,   88.37,   63.61,  979.7,  142.73,  137.80,  149.17,  140.52, 1077.84, 1029.59, 1024.34, 1033.92,   749.5,   0,  GPS,  174.0, 109.10, 114.30, 118.400, 124.575,       ,       ,       ,      ,       ,       ,    3.5,       ,      ,       ,      ,      ,  -7.9, 3DDiff, 3704,      ,     43, 112.5,     36
2012-10-17, 12:32:41,  -05:00,       ,   47.9485893,  -97.1722488,   870.4, 29.13,   837.5,   9.5,   0.00,   0.00,   -0.01,   1.93,   0.36,   0.00,   0.02,   2.8, 266.6,  27.4,  27.4,   2.7,   0.2,  23.05,  23.83,     2.16,   88.35,   63.43,  969.9,  143.35,  138.39,  149.82,  141.21, 1077.13, 1030.04, 1024.57, 1034.46,   749.6,   0,  GPS,  174.0, 109.10, 114.30, 118.400, 124.575,       ,       ,       ,      ,       ,       ,    3.5,       ,      ,       ,      ,      ,   0.0, 3DDiff, 3704,      ,     42, 112.0,     36
2012-10-17, 12:32:42,  -05:00,       ,   47.9485855,  -97.1722412,   870.4, 29.13,   839.2,   9.5,   0.00,   0.00,   -0.13,   1.97,   0.38,  -0.01,   0.00,   2.8, 266.6,  27.5,  27.5,   3.1,   0.3,  23.05,  23.83,     2.21,   88.33,   63.24,  960.3,  143.97,  138.99,  150.49,  141.90, 1077.73, 1030.73, 1025.05, 1034.18,   751.4,   0,  GPS,  174.0, 109.10, 114.30, 118.400, 124.575,       ,       ,       ,      ,       ,       ,    3.5,       ,      ,       ,      ,      ,   3.9, 3DDiff, 3704,      ,     42, 111.0,     35
2012-10-17, 12:32:43,  -05:00,       ,   47.9485855,  -97.1722488,   869.4, 29.13,   839.4,   9.5,   0.00,   0.00,  -14.65,   2.00,   0.46,   0.00,   0.00,   2.9, 266.6,  27.5,  27.5,   3.1,   0.3,  23.05,  23.77,     2.16,   88.32,   63.26,  960.2,  144.61,  139.60,  151.13,  142.58, 1076.76, 1030.53, 1026.04, 1032.97,   751.6,   0,  GPS,  174.0, 109.10, 114.30, 118.400, 124.575,       ,       ,       ,      ,       ,       ,    3.5,       ,      ,       ,      ,      ,   3.9, 3DDiff, 3704,      ,     42, 110.0,     35
2012-10-17, 12:32:44,  -05:00,       ,   47.9485855,  -97.1722488,   870.4, 29.13,   839.5,   9.5,   0.00,   0.00,   -2.13,   1.98,   0.43,  -0.00,  -0.01,   2.9, 266.6,  27.4,  27.4,   2.6,   0.2,  23.08,  23.77,     2.15,   88.30,   63.34,  965.9,  145.26,  140.16,  151.81,  143.22, 1075.38, 1029.84, 1026.17, 1032.36,   751.7,   0,  GPS,  174.0, 109.10, 114.30, 118.400, 124.575,       ,       ,       ,      ,       ,       ,    3.5,       ,      ,       ,      ,      ,   0.0, 3DDiff, 3704,      ,     42, 110.5,     35
2012-10-17, 12:32:45,  -05:00,       ,   47.9485855,  -97.1722488,   869.4, 29.13,   839.9,   9.5,   0.00,   0.00,   -0.07,   1.98,   0.44,  -0.00,  -0.01,   2.8, 266.6,  27.4,  27.4,   2.7,   0.2,  23.08,  23.77,     2.20,   88.28,   63.32,  965.5,  145.89,  140.74,  152.44,  143.89, 1073.96, 1028.78, 1024.80, 1031.72,   752.1,   0,  GPS,  174.0, 109.10, 114.30, 118.400, 124.575,       ,       ,       ,      ,       ,       ,    3.5,       ,      ,       ,      ,      ,  -3.9, 3DDiff, 3704,      ,     42, 111.0,     36
2012-10-17, 12:32:46,  -05:00,       ,   47.9485855,  -97.1722488,   870.4, 29.13,   840.0,   9.5,   0.00,   0.00,   -0.00,   1.99,   0.41,   0.00,   0.02,   2.8, 266.6,  27.4,  27.4,   2.8,   0.2,  23.12,  23.83,     2.13,   88.27,   63.33,  966.0,  146.50,  141.34,  153.09,  144.57, 1072.53, 1028.45, 1024.03, 1031.45,   752.1,   0,  GPS,  174.0, 109.10, 114.30, 118.400, 124.575,       ,       ,       ,      ,       ,       ,    3.5,       ,      ,       ,      ,      ,  -3.9, 3DDiff, 3704,      ,     41, 112.5,     35
2012-10-17, 12:32:47,  -05:00,       ,   47.9485855,  -97.1722488,   869.4, 29.13,   840.2,   9.5,   0.00,   0.00,   -0.00,   1.97,   0.38,  -0.00,   0.00,   2.8, 266.6,  27.4,  27.4,   2.8,   0.3,  23.12,  23.83,     2.16,   88.25,   63.26,  964.1,  147.14,  141.89,  153.77,  145.21, 1069.75, 1028.20, 1024.45, 1031.65,   752.4,   0,  GPS,  174.0, 109.10, 114.30, 118.400, 124.575,       ,       ,       ,      ,       ,       ,    3.5,       ,      ,       ,      ,      ,   0.0, 3DDiff, 3704,      ,     40, 112.0,     35
2012-10-17, 12:32:48,  -05:00,       ,   47.9485893,  -97.1722488,   870.4, 29.13,   840.0,   9.5,   0.00,   0.00,   -0.00,   1.92,   0.44,  -0.01,  -0.00,   2.8, 266.6,  27.5,  27.5,   3.0,   0.3,  23.08,  23.83,     2.21,   88.23,   63.30,  965.5,  147.75,  142.48,  154.40,  145.89, 1068.09, 1028.95, 1024.84, 1032.04,   752.2,   0,  GPS,  174.0, 109.10, 114.30, 118.400, 124.575,       ,       ,       ,      ,       ,       ,    3.5,       ,      ,       ,      ,      ,   0.0, 3DDiff, 3704,      ,     40, 111.0,     34
2012-10-17, 12:32:49,  -05:00,       ,   47.9485893,  -97.1722412,   870.4, 29.13,   840.7,   9.5,   0.00,   0.00,   -0.00,   1.97,   0.44,  -0.00,   0.00,   2.8, 266.6,  27.4,  27.4,   2.8,   0.3,  23.12,  23.83,     2.15,   88.22,   63.33,  967.6,  148.36,  143.04,  155.06,  146.53, 1067.81, 1028.71, 1025.20, 1031.64,   752.9,   0,  GPS,  174.0, 109.10, 114.30, 118.400, 124.575,       ,       ,       ,      ,       ,       ,    3.5,       ,      ,       ,      ,      ,   0.0, 3DDiff, 3704,      ,     40, 110.0,     34
2012-10-17, 12:32:50,  -05:00,       ,   47.9485893,  -97.1722412,   869.4, 29.13,   840.7,   9.5,   0.00,   0.00,   -0.00,   1.97,   0.41,  -0.00,  -0.02,   2.8, 266.6,  27.4,  27.5,   3.0,   0.3,  23.12,  23.83,     2.13,   88.20,   63.27,  964.3,  148.97,  143.62,  155.68,  147.20, 1070.24, 1027.74, 1024.89, 1031.39,   752.9,   0,  GPS,  174.0, 109.10, 114.30, 118.400, 124.575,       ,       ,       ,      ,       ,       ,    3.5,       ,      ,       ,      ,      ,   0.0, 3DDiff, 3704,      ,     40, 110.5,     34
2012-10-17, 12:32:51,  -05:00,       ,   47.9485893,  -97.1722412,   869.4, 29.13,   840.9,   9.5,   0.00,   0.00,   -0.00,   1.98,   0.40,  -0.01,  -0.01,   2.8, 266.6,  27.4,  27.5,   3.0,   0.2,  23.12,  23.83,     2.21,   88.18,   63.26,  964.5,  149.58,  144.20,  156.33,  147.82, 1072.41, 1026.78, 1023.70, 1030.82,   753.1,   0,  GPS,  174.0, 109.10, 114.30, 118.400, 124.575,       ,       ,       ,      ,       ,       ,    3.5,       ,      ,       ,      ,      ,   0.0, 3DDiff, 3704,      ,     41, 111.0,     35
2012-10-17, 12:32:52,  -05:00,       ,   47.9485893,  -97.1722488,   869.4, 29.13,   839.5,   9.5,   0.00,   0.00,   -0.00,   1.99,   0.45,  -0.01,  -0.00,   2.8, 266.6,  27.5,  27.6,   3.1,   0.2,  23.08,  23.83,     2.18,   88.17,   63.17,  960.3,  150.18,  144.75,  156.96,  148.48, 1073.21, 1026.22, 1022.34, 1029.29,   751.7,   0,  GPS,  174.0, 109.10, 114.30, 118.400, 124.575,       ,       ,       ,      ,       ,       ,    3.5,       ,      ,       ,      ,      ,   0.0, 3DDiff, 3704,      ,     29,  44.5,     23
2012-10-17, 12:32:53,  -05:00,       ,   47.9485893,  -97.1722488,   869.4, 29.13,   840.0,   9.5,   0.00,   0.00,   -0.00,   1.99,   0.42,  -0.01,   0.01,   2.8, 266.6,  27.5,  27.5,   3.1,   0.3,  23.08,  23.83,     2.16,   88.15,   63.16,  960.3,  150.80,  145.30,  157.59,  149.12, 1073.29, 1025.46, 1021.80, 1028.65,   752.1,   0,  GPS,  174.0, 109.10, 114.30, 118.400, 124.575,       ,       ,       ,      ,       ,       ,    3.5,       ,      ,       ,      ,      ,   0.0, 3DDiff, 3704,      ,     28,  44.5,     22
2012-10-17, 12:32:54,  -05:00,       ,   47.9485893,  -97.1722488,   869.4, 29.13,   839.0,   9.5,   0.00,   0.00,   -0.00,   2.00,   0.43,  -0.00,   0.00,   2.8, 266.6,  27.4,  27.5,   2.8,   0.2,  23.08,  23.83,     2.18,   88.13,   63.21,  962.3,  151.44,  145.86,  158.23,  149.78, 1072.42, 1023.99, 1021.48, 1028.00,   751.2,   0,  GPS,  174.0, 109.10, 114.30, 118.400, 124.575,       ,       ,       ,      ,       ,       ,    3.5,       ,      ,       ,      ,      ,   0.0, 3DDiff, 3704,      ,     28,  44.0,     22
2012-10-17, 12:32:55,  -05:00,       ,   47.9485893,  -97.1722488,   869.4, 29.13,   838.8,   9.5,   0.00,   0.00,   -0.00,   1.98,   0.51,  -0.01,  -0.01,   2.8, 266.6,  27.4,  27.5,   2.8,   0.3,  23.08,  23.83,     2.22,   88.12,   63.29,  964.5,  152.10,  146.44,  158.91,  150.48, 1071.41, 1024.18, 1021.06, 1028.42,   751.0,   0,  GPS,  174.0, 109.10, 114.30, 118.400, 124.575,       ,       ,       ,      ,       ,       ,    3.5,       ,      ,       ,      ,      ,   0.0, 3DDiff, 3704,      ,     28,  44.0,     22
2012-10-17, 12:32:57,  -05:00,       ,   47.9485893,  -97.1722488,   869.4, 29.13,   838.9,   9.5,   0.00,   0.00,   -0.00,   1.85,   0.34,  -0.02,  -0.01,   2.7, 266.6,  27.4,  27.5,   2.7,   0.2,  23.08,  23.83,     2.15,   88.09,   63.73,  987.5,  153.24,  147.53,  160.14,  151.66, 1070.85, 1027.05, 1023.79, 1031.48,   751.1,   0,  GPS,  174.0, 109.10, 114.30, 118.400, 124.575,       ,       ,       ,      ,       ,       ,    3.5,       ,      ,       ,      ,      ,   0.0, 3DDiff, 3704,      ,     29,  44.0,     22
2012-10-17, 12:32:58,  -05:00,       ,   47.9485893,  -97.1722488,   869.4, 29.13,   838.8,   9.5,   0.00,   0.00,   -0.00,   1.83,   0.38,  -0.00,  -0.02,   2.8, 266.6,  27.5,  27.5,   2.9,   0.3,  23.08,  23.83,     2.16,   88.07,   63.80,  993.0,  153.84,  148.09,  160.73,  152.30, 1072.58, 1030.38, 1025.49, 1031.99,   751.0,   0,  GPS,  174.0, 109.10, 114.30, 118.400, 124.575,       ,       ,       ,      ,       ,       ,    3.5,       ,      ,       ,      ,      ,   0.0, 3DDiff, 3704,      ,     29,  44.0,     23
2012-10-17, 12:32:59,  -05:00,       ,   47.9485893,  -97.1722488,   869.4, 29.13,   838.1,   9.5,   0.00,   0.00,   -0.00,   1.86,   0.38,  -0.02,   0.01,   2.8, 266.6,  27.4,  27.5,   2.9,   0.3,  23.05,  23.83,     2.17,   88.06,   63.62,  982.0,  154.44,  148.63,  161.41,  152.90, 1075.73, 1033.15, 1027.27, 1033.27,   750.3,   0,  GPS,  174.0, 109.10, 114.30, 118.400, 124.575,       ,       ,       ,      ,       ,       ,    3.5,       ,      ,       ,      ,      ,   0.0, 3DDiff, 3704,      ,     28,  44.5,     22
2012-10-17, 12:33:00,  -05:00,       ,   47.9485893,  -97.1722488,   869.4, 29.13,   839.2,   9.5,   0.00,   0.00,   -0.00,   1.91,   0.38,  -0.02,   0.00,   2.8, 266.6,  27.4,  27.4,   2.7,   0.2,  23.05,  23.83,     2.15,   88.04,   63.38,  970.9,  155.05,  149.16,  161.97,  153.54, 1077.77, 1034.63, 1029.83, 1035.14,   751.4,   0,  GPS,  174.0, 109.10, 114.30, 118.400, 124.575,       ,       ,       ,      ,       ,       ,    3.5,       ,      ,       ,      ,      ,   0.0, 3DDiff, 3704,      ,     28,  44.0,     22
2012-10-17, 12:33:01,  -05:00,       ,   47.9485893,  -97.1722488,   869.4, 29.13,   839.9,   9.5,   0.00,   0.00,  -11.27,   1.92,   0.44,  -0.01,  -0.02,   2.8, 266.6,  27.4,  27.5,   2.8,   0.1,  23.08,  23.83,     2.18,   88.03,   63.41,  973.3,  155.63,  149.72,  162.62,  154.19, 1078.66, 1035.11, 1030.59, 1035.48,   752.0,   0,  GPS,  174.0, 109.10, 114.30, 118.400, 124.575,       ,       ,       ,      ,       ,       ,    3.5,       ,      ,       ,      ,      ,   0.0, 3DDiff, 3704,      ,     28,  43.5,     22
2012-10-17, 12:33:02,  -05:00,       ,   47.9485893,  -97.1722488,   869.4, 29.13,   840.0,   9.5,   0.00,   0.00,   -1.17,   1.94,   0.37,  -0.02,  -0.01,   2.8, 266.6,  27.5,  27.5,   2.9,   0.2,  23.08,  23.83,     2.21,   88.01,   63.34,  970.9,  156.22,  150.23,  163.20,  154.81, 1078.39, 1034.57, 1030.68, 1034.62,   752.1,   0,  GPS,  174.0, 109.10, 114.30, 118.400, 124.575,       ,       ,       ,      ,       ,       ,    3.5,       ,      ,       ,      ,      ,   0.0, 3DDiff, 3704,      ,     28,  43.5,     22
2012-10-17, 12:33:03,  -05:00,       ,   47.9485893,  -97.1722488,   869.4, 29.13,   840.1,   9.5,   0.00,   0.00,   -0.04,   1.92,   0.37,   0.01,  -0.01,   2.8, 266.6,  27.5,  27.5,   3.0,   0.3,  23.08,  23.87,     2.18,   88.00,   63.42,  972.4,  156.82,  150.80,  163.83,  155.43, 1078.37, 1033.59, 1030.10, 1032.64,   752.3,   0,  GPS,  174.0, 109.10, 114.30, 118.400, 124.575,       ,       ,       ,      ,       ,       ,    3.5,       ,      ,       ,      ,      ,   0.0, 3DDiff, 3704,      ,     28,  43.5,     22
2012-10-17, 12:33:04,  -05:00,       ,   47.9485893,  -97.1722488,   869.4, 29.13,   840.1,   9.5,   0.00,   0.00,   -0.00,   1.94,   0.34,   0.00,   0.01,   2.8, 266.6,  27.4,  27.4,   2.6,   0.2,  23.05,  23.83,     2.15,   87.98,   63.36,  969.4,  157.41,  151.27,  164.44,  156.00, 1077.81, 1033.17, 1028.62, 1031.76,   752.3,   0,  GPS,  174.0, 109.10, 114.30, 118.400, 124.575,       ,       ,       ,      ,       ,       ,    3.5,       ,      ,       ,      ,      ,   0.0, 3DDiff, 3704,      ,     29,  44.0,     23
2012-10-17, 12:33:05,  -05:00,       ,   47.9485893,  -97.1722488,   869.4, 29.13,   841.3,   9.5,   0.00,   0.00,   -6.44,   1.91,   0.37,  -0.00,  -0.02,   2.8, 266.6,  27.4,  27.4,   2.6,   0.2,  23.05,  23.87,     2.21,   87.97,   63.30,  967.0,  157.99,  151.83,  165.08,  156.61, 1078.45, 1032.41, 1027.27, 1031.82,   753.5,   0,  GPS,  174.0, 109.10, 114.30, 118.400, 124.575,       ,       ,       ,      ,       ,       ,    3.5,       ,      ,       ,      ,      ,   0.0, 3DDiff, 3704,      ,     28,  44.0,     22
2012-10-17, 12:33:06,  -05:00,       ,   47.9485893,  -97.1722488,   869.4, 29.13,   840.3,   9.5,   0.00,   0.00,   -0.72,   1.93,   0.40,  -0.01,   0.02,   2.8, 266.6,  27.4,  27.5,   2.7,   0.2,  23.05,  23.83,     2.21,   87.95,   63.33,  965.9,  158.58,  152.35,  165.63,  157.25, 1078.38, 1031.98, 1026.61, 1032.70,   752.5,   0,  GPS,  174.0, 109.10, 114.30, 118.400, 124.575,       ,       ,       ,      ,       ,       ,    3.5,       ,      ,       ,      ,      ,   0.0, 3DDiff, 3704,      ,     28,  43.5,     22
2012-10-17, 12:33:07,  -05:00,       ,   47.9485893,  -97.1722488,   869.4, 29.13,   839.6,   9.2,   0.00,   0.00,   -0.02,   1.92,   0.37,  -0.00,  -0.02,   2.8, 266.6,  27.4,  27.4,   2.7,   0.2,  23.05,  23.83,     2.18,   87.94,   63.38,  970.2,  159.17,  152.87,  166.24,  157.84, 1077.49, 1031.45, 1025.94, 1032.62,   751.8,   0,  GPS,  174.0, 109.10, 114.30, 118.400, 124.575,       ,       ,       ,      ,       ,       ,    3.5,       ,      ,       ,      ,      ,   0.0, 3DDiff, 3704,      ,     28,  43.0,     22
2012-10-17, 12:33:08,  -05:00,       ,   47.9485893,  -97.1722488,   869.4, 29.13,   839.3,   9.2,   0.00,   0.00,   -0.00,   1.99,   0.42,  -0.02,  -0.01,   2.8, 266.6,  27.5,  27.5,   3.0,   0.3,  23.05,  23.77,     2.17,   87.92,   63.42,  973.2,  159.74,  153.38,  166.83,  158.43, 1077.52, 1031.79, 1024.34, 1030.82,   751.5,   0,  GPS,  174.0, 109.10, 114.30, 118.400, 124.575,       ,       ,       ,      ,       ,       ,    3.5,       ,      ,       ,      ,      ,  -3.9, 3DDiff, 3704,      ,     28,  43.0,     22
2012-10-17, 12:33:09,  -05:00,       ,   47.9485893,  -97.1722488,   868.4, 29.13,   839.0,   9.2,   0.00,   0.00,   -0.00,   2.00,   0.48,  -0.00,  -0.01,   2.9, 266.6,  27.5,  27.5,   2.8,   0.3,  23.05,  23.77,     2.13,   87.91,   63.38,  971.7,  160.31,  153.91,  167.45,  159.03, 1078.31, 1032.13, 1023.86, 1027.93,   751.2,   0,  GPS,  174.0, 109.10, 114.30, 118.400, 124.575,       ,       ,       ,      ,       ,       ,    3.5,       ,      ,       ,      ,      ,   0.0, 3DDiff, 3704,      ,     28,  43.5,     22
2012-10-17, 12:33:10,  -05:00,       ,   47.9485893,  -97.1722488,   868.4, 29.13,   838.7,   9.2,   0.00,   0.00,   -0.00,   1.99,   0.35,  -0.01,   0.01,   2.8, 266.6,  27.4,  27.4,   2.7,   0.2,  23.05,  23.77,     2.13,   87.90,   63.45,  975.7,  160.89,  154.43,  168.03,  159.64, 1078.65, 1031.85, 1024.87, 1026.41,   750.9,   0,  GPS,  174.0, 109.10, 114.30, 118.400, 124.575,       ,       ,       ,      ,       ,       ,    3.5,       ,      ,       ,      ,      ,   0.0, 3DDiff, 3704,      ,     29,  43.5,     22
2012-10-17, 12:33:11,  -05:00,       ,   47.9485893,  -97.1722488,   868.4, 29.13,   837.5,   9.5,   0.00,   0.00,   -0.00,   2.02,   0.42,  -0.00,   0.01,   2.8, 266.6,  27.4,  27.5,   2.9,   0.2,  23.05,  23.77,     2.20,   87.88,   63.41,  973.3,  161.45,  154.96,  168.68,  160.22, 1077.89, 1031.25, 1025.65, 1027.12,   749.6,   0,  GPS,  174.0, 109.10, 114.30, 118.400, 124.575,       ,       ,       ,      ,       ,       ,    3.5,       ,      ,       ,      ,      ,  -3.9, 3DDiff, 3704,      ,     28,  43.5,     22
2012-10-17, 12:33:12,  -05:00,       ,   47.9485893,  -97.1722488,   868.4, 29.13,   838.2,   9.5,   0.00,   0.00,   -0.00,   2.01,   0.37,  -0.01,   0.00,   2.8, 266.6,  27.5,  27.5,   3.0,   0.2,  23.05,  23.77,     2.14,   87.87,   63.25,  967.4,  162.03,  155.45,  169.21,  160.80, 1077.96, 1031.09, 1026.13, 1027.08,   750.4,   0,  GPS,  174.0, 109.10, 114.30, 118.400, 124.575,       ,       ,       ,      ,       ,       ,    3.5,       ,      ,       ,      ,      ,  -3.9, 3DDiff, 3704,      ,     28,  43.5,     22
2012-10-17, 12:33:13,  -05:00,       ,   47.9485893,  -97.1722488,   868.4, 29.13,   838.0,   9.5,   0.00,   0.00,   -0.00,   2.00,   0.42,  -0.01,   0.00,   2.8, 266.6,  27.5,  27.5,   2.9,   0.3,  23.05,  23.77,     2.16,   87.86,   63.19,  964.6,  162.58,  155.92,  169.78,  161.41, 1077.60, 1031.27, 1026.39, 1028.33,   750.2,   0,  GPS,  174.0, 109.10, 114.30, 118.400, 124.575,       ,       ,       ,      ,       ,       ,    3.5,       ,      ,       ,      ,      ,   0.0, 3DDiff, 3704,      ,     28,  43.0,     22
2012-10-17, 12:33:14,  -05:00,       ,   47.9485893,  -97.1722488,   868.4, 29.13,   837.8,   9.2,   0.00,   0.00,   -0.00,   2.02,   0.41,  -0.01,   0.01,   2.8, 266.6,  27.4,  27.5,   2.7,   0.2,  23.05,  23.77,     2.20,   87.84,   63.23,  966.6,  163.15,  156.48,  170.38,  161.96, 1077.47, 1030.95, 1025.33, 1028.59,   750.0,   0,  GPS,  174.0, 109.10, 114.30, 118.400, 124.575,       ,       ,       ,      ,       ,       ,    3.5,       ,      ,       ,      ,      ,   0.0, 3DDiff, 3704,      ,     28,  43.0,     22
2012-10-17, 12:33:15,  -05:00,       ,   47.9485893,  -97.1722488,   868.4, 29.13,   837.7,   9.2,   0.00,   0.00,   -0.00,   1.97,   0.40,  -0.02,  -0.00,   2.8, 266.6,  27.5,  27.5,   2.8,   0.2,  23.01,  23.83,     2.23,   87.83,   63.21,  964.8,  163.79,  157.03,  171.03,  162.60, 1077.84, 1031.57, 1026.18, 1027.97,   749.9,   0,  GPS,  174.0, 109.10, 114.30, 118.400, 124.575,       ,       ,       ,      ,       ,       ,    3.5,       ,      ,       ,      ,      ,   3.9, 3DDiff, 3704,      ,     28,  43.0,     22
2012-10-17, 12:33:16,  -05:00,       ,   47.9485893,  -97.1722488,   868.4, 29.13,   837.5,   9.2,   0.00,   0.00,   -0.00,   2.00,   0.47,   0.00,  -0.01,   2.9, 266.6,  27.5,  27.5,   2.9,   0.2,  22.97,  23.83,     2.17,   87.82,   63.28,  969.0,  164.39,  157.51,  171.61,  163.20, 1078.73, 1031.34, 1026.07, 1027.77,   749.7,   0,  GPS,  174.0, 109.10, 114.30, 118.400, 124.575,       ,       ,       ,      ,       ,       ,    3.5,       ,      ,       ,      ,      ,   0.0, 3DDiff, 3704,      ,     29,  43.0,     22
2012-10-17, 12:33:17,  -05:00,       ,   47.9485893,  -97.1722488,   868.4, 29.13,   838.6,   9.2,   0.00,   0.00,   -0.00,   2.01,   0.40,  -0.01,   0.01,   2.8, 266.6,  27.4,  27.5,   2.7,   0.2,  22.97,  23.83,     2.13,   87.80,   63.31,  970.0,  164.88,  157.97,  172.19,  163.69, 1078.84, 1030.11, 1025.85, 1028.49,   750.8,   0,  GPS,  174.0, 109.10, 114.30, 118.400, 124.575,       ,       ,       ,      ,       ,       ,    3.5,       ,      ,       ,      ,      ,   0.0, 3DDiff, 3704,      ,     28,  43.5,     22
2012-10-17, 12:33:18,  -05:00,       ,   47.9485893,  -97.1722488,   868.4, 29.13,   837.7,   9.2,   0.00,   0.00,   -0.00,   2.02,   0.40,  -0.01,   0.01,   2.8, 266.6,  27.5,  27.5,   2.9,   0.2,  22.97,  23.83,     2.20,   87.79,   63.26,  964.0,  165.40,  158.45,  172.71,  164.26, 1079.49, 1029.47, 1025.32, 1029.03,   749.9,   0,  GPS,  174.0, 109.10, 114.30, 118.400, 124.575,       ,       ,       ,      ,       ,       ,    3.5,       ,      ,       ,      ,      ,   3.9, 3DDiff, 3704,      ,     28,  43.0,     22
2012-10-17, 12:33:19,  -05:00,       ,   47.9485893,  -97.1722488,   868.4, 29.13,   838.1,   9.5,   0.00,   0.00,   -0.00,   2.01,   0.43,  -0.00,   0.00,   2.9, 266.6,  27.5,  27.5,   2.8,   0.3,  22.97,  23.83,     2.20,   87.78,   63.27,  964.1,  165.96,  158.94,  173.28,  164.83, 1080.63, 1028.99, 1025.87, 1028.65,   750.2,   0,  GPS,  174.0, 109.10, 114.30, 118.400, 124.575,       ,       ,       ,      ,       ,       ,    3.5,       ,      ,       ,      ,      ,   0.0, 3DDiff, 3704,      ,     28,  42.5,     22
2012-10-17, 12:33:20,  -05:00,       ,   47.9485893,  -97.1722488,   868.4, 29.13,   838.1,   9.5,   0.00,   0.00,   -0.00,   2.01,   0.43,  -0.00,  -0.00,   2.9, 266.6,  27.4,  27.4,   2.6,   0.2,  22.97,  23.83,     2.21,   87.77,   63.24,  962.4,  166.56,  159.42,  173.84,  165.39, 1080.63, 1028.25, 1027.92, 1029.30,   750.3,   0,  GPS,  174.0, 109.10, 114.30, 118.400, 124.575,       ,       ,       ,      ,       ,       ,    3.5,       ,      ,       ,      ,      ,   3.9, 3DDiff, 3704,      ,     28,  42.5,     22
2012-10-17, 12:33:21,  -05:00,       ,   47.9485893,  -97.1722488,   868.4, 29.13,   838.3,   9.5,   0.00,   0.00,   -0.00,   1.99,   0.46,  -0.01,   0.01,   2.9, 266.6,  27.5,  27.5,   2.9,   0.2,  22.97,  23.83,     2.16,   87.76,   63.30,  965.8,  167.10,  159.93,  174.38,  165.93, 1079.86, 1027.74, 1028.64, 1030.44,   750.4,   0,  GPS,  174.0, 109.10, 114.30, 118.400, 124.575,       ,       ,       ,      ,       ,       ,    3.5,       ,      ,       ,      ,      ,   0.0, 3DDiff, 3704,      ,     28,  42.5,     22
2012-10-17, 12:33:22,  -05:00,       ,   47.9485893,  -97.1722488,   868.4, 29.13,   838.2,   9.2,   0.00,   0.00,   -0.00,   1.99,   0.47,  -0.02,  -0.00,   2.9, 266.6,  27.5,  27.6,   3.0,   0.3,  23.01,  23.83,     2.17,   87.74,   63.27,  965.5,  167.69,  160.47,  175.01,  166.51, 1078.49, 1028.01, 1028.41, 1030.96,   750.4,   0,  GPS,  174.0, 109.10, 114.30, 118.400, 124.575,       ,       ,       ,      ,       ,       ,    3.5,       ,      ,       ,      ,      ,   0.0, 3DDiff, 3704,      ,     28,  43.0,     22
2012-10-17, 12:33:23,  -05:00,       ,   47.9485893,  -97.1722717,   868.4, 29.13,   836.6,   9.2,   0.00,   0.00,   -0.00,   1.98,   0.41,  -0.00,  -0.00,   2.8, 266.6,  27.5,  27.5,   2.8,   0.2,  23.01,  23.83,     2.19,   87.73,   63.32,  969.6,  168.31,  161.01,  175.70,  167.18, 1077.22, 1028.87, 1028.38, 1032.88,   748.8,   0,  GPS,  174.0, 109.10, 114.30, 118.400, 124.575,       ,       ,       ,      ,       ,       ,    3.5,       ,      ,       ,      ,      ,  -3.9, 3DDiff, 3704,      ,     28,  43.0,     22
2012-10-17, 12:33:24,  -05:00,       ,   47.9485893,  -97.1722565,   868.4, 29.13,   837.6,   9.2,   0.00,   0.00,   -0.00,   1.98,   0.43,   0.00,  -0.01,   2.8, 266.6,  27.4,  27.5,   2.6,   0.2,  23.01,  23.83,     2.18,   87.72,   63.41,  973.7,  168.89,  161.46,  176.24,  167.74, 1077.36, 1029.17, 1027.76, 1032.89,   749.8,   0,  GPS,  174.0, 109.10, 114.30, 118.400, 124.575,       ,       ,       ,      ,       ,       ,    3.5,       ,      ,       ,      ,      ,  -3.9, 3DDiff, 3704,      ,     28,  42.5,     22
2012-10-17, 12:33:25,  -05:00,       ,   47.9485893,  -97.1722565,   868.4, 29.13,   837.1,   9.2,   0.00,   0.00,   -0.00,   2.01,   0.42,   0.00,   0.01,   2.8, 266.6,  27.5,  27.5,   2.5,   0.2,  23.01,  23.83,     2.20,   87.71,   63.38,  972.3,  169.43,  161.97,  176.84,  168.27, 1076.72, 1028.91, 1028.26, 1033.22,   749.3,   0,  GPS,  174.0, 109.10, 114.30, 118.400, 124.575,       ,       ,       ,      ,       ,       ,    3.5,       ,      ,       ,      ,      ,   0.0, 3DDiff, 3704,      ,     28,  42.0,     22
2012-10-17, 12:33:26,  -05:00,       ,   47.9485893,  -97.1722565,   868.4, 29.13,   837.0,   9.2,   0.00,   0.00,   -0.00,   2.00,   0.41,  -0.01,   0.00,   2.8, 266.6,  27.5,  27.5,   2.9,   0.2,  23.01,  23.83,     2.17,   87.70,   63.44,  976.6,  169.98,  162.42,  177.33,  168.85, 1076.20, 1029.05, 1028.55, 1032.94,   749.2,   0,  GPS,  174.0, 109.10, 114.30, 118.400, 124.575,       ,       ,       ,      ,       ,       ,    3.5,       ,      ,       ,      ,      ,  -3.9, 3DDiff, 3704,      ,     28,  42.5,     22
2012-10-17, 12:33:27,  -05:00,       ,   47.9485893,  -97.1722565,   868.4, 29.13,   837.0,   9.2,   0.00,   0.00,   -0.00,   1.99,   0.45,  -0.02,  -0.01,   2.8, 266.6,  27.4,  27.4,   2.6,   0.2,  23.01,  23.83,     2.17,   87.69,   63.37,  974.9,  170.53,  162.91,  177.89,  169.33, 1075.89, 1029.21, 1028.97, 1033.66,   749.2,   0,  GPS,  174.0, 109.10, 114.30, 118.400, 124.575,       ,       ,       ,      ,       ,       ,    3.5,       ,      ,       ,      ,      ,   0.0, 3DDiff, 3704,      ,     28,  42.5,     22
2012-10-17, 12:33:28,  -05:00,       ,   47.9485893,  -97.1722565,   867.4, 29.13,   837.0,   9.2,   0.00,   0.00,   -0.00,   1.99,   0.48,  -0.01,  -0.01,   2.8, 266.6,  27.5,  27.5,   2.9,   0.2,  23.01,  23.83,     2.14,   87.68,   63.28,  971.0,  171.02,  163.31,  178.40,  169.86, 1077.01, 1029.74, 1028.04, 1034.55,   749.2,   0,  GPS,  174.0, 109.10, 114.30, 118.400, 124.575,       ,       ,       ,      ,       ,       ,    3.5,       ,      ,       ,      ,      ,   0.0, 3DDiff, 3704,      ,     28,  43.0,     22
2012-10-17, 12:33:29,  -05:00,       ,   47.9485893,  -97.1722488,   867.4, 29.13,   838.2,   9.2,   0.00,   0.00,   -0.00,   2.02,   0.43,  -0.01,   0.00,   2.8, 266.6,  27.5,  27.5,   2.8,   0.2,  23.01,  23.83,     2.14,   87.67,   63.25,  967.8,  171.54,  163.79,  178.99,  170.37, 1077.69, 1029.66, 1027.51, 1034.65,   750.4,   0,  GPS,  174.0, 109.10, 114.30, 118.400, 124.575,       ,       ,       ,      ,       ,       ,    3.5,       ,      ,       ,      ,      ,  -3.9, 3DDiff, 3704,      ,     28,  43.0,     22
2012-10-17, 12:33:30,  -05:00,       ,   47.9485893,  -97.1722488,   867.4, 29.13,   837.4,   9.2,   0.00,   0.00,   -0.00,   1.99,   0.42,  -0.01,  -0.01,   2.8, 266.6,  27.5,  27.5,   2.6,   0.2,  23.01,  23.83,     2.22,   87.66,   63.25,  966.3,  172.10,  164.24,  179.47,  170.92, 1077.44, 1029.04, 1028.99, 1035.17,   749.6,   0,  GPS,  174.0, 109.10, 114.30, 118.400, 124.575,       ,       ,       ,      ,       ,       ,    3.5,       ,      ,       ,      ,      ,  -3.9, 3DDiff, 3704,      ,     28,  42.5,     22
2012-10-17, 12:33:31,  -05:00,       ,   47.9485893,  -97.1722565,   868.4, 29.13,   837.9,   9.2,   0.00,   0.00,   -0.00,   1.99,   0.42,   0.00,  -0.01,   2.9, 266.6,  27.5,  27.6,   2.9,   0.2,  23.01,  23.83,     2.20,   87.65,   63.25,  967.7,  172.56,  164.64,  179.95,  171.37, 1076.80, 1029.66, 1029.50, 1035.26,   750.0,   0,  GPS,  174.0, 109.10, 114.30, 118.400, 124.575,       ,       ,       ,      ,       ,       ,    3.5,       ,      ,       ,      ,      ,  -3.9, 3DDiff, 3704,      ,     28,  42.0,     22
2012-10-17, 12:33:32,  -05:00,       ,   47.9485893,  -97.1722565,   867.4, 29.13,   838.0,   9.2,   0.00,   0.00,   -0.00,   2.00,   0.42,  -0.00,   0.01,   2.8, 266.6,  27.5,  27.5,   2.9,   0.2,  23.01,  23.87,     2.17,   87.64,   63.29,  968.3,  173.17,  165.18,  180.52,  171.95, 1077.04, 1031.40, 1029.42, 1034.36,   750.1,   0,  GPS,  174.0, 109.10, 114.30, 118.400, 124.575,       ,       ,       ,      ,       ,       ,    3.5,       ,      ,       ,      ,      ,  -3.9, 3DDiff, 3704,      ,     28,  42.0,     22
2012-10-17, 12:33:33,  -05:00,       ,   47.9485893,  -97.1722565,   867.4, 29.13,   838.1,   9.2,   0.00,   0.00,   -0.00,   1.93,   0.38,  -0.01,   0.00,   2.9, 266.6,  27.5,  27.5,   2.8,   0.2,  23.05,  23.87,     2.20,   87.63,   63.40,  975.4,  173.75,  165.70,  181.14,  172.53, 1078.05, 1032.13, 1029.93, 1032.79,   750.3,   0,  GPS,  174.0, 109.10, 114.30, 118.400, 124.575,       ,       ,       ,      ,       ,       ,    3.5,       ,      ,       ,      ,      ,   0.0, 3DDiff, 3704,      ,     28,  42.5,     22
2012-10-17, 12:33:34,  -05:00,       ,   47.9485893,  -97.1722565,   867.4, 29.13,   838.1,   9.2,   0.00,   0.00,   -0.00,   1.93,   0.40,  -0.01,  -0.00,   2.9, 266.6,  27.5,  27.5,   2.9,   0.2,  23.01,  23.83,     2.17,   87.62,   63.38,  974.7,  174.27,  166.10,  181.65,  173.02, 1078.90, 1032.34, 1031.60, 1032.34,   750.2,   0,  GPS,  174.0, 109.10, 114.30, 118.400, 124.575,       ,       ,       ,      ,       ,       ,    3.5,       ,      ,       ,      ,      ,   0.0, 3DDiff, 3704,      ,     28,  43.0,     22
2012-10-17, 12:33:35,  -05:00,       ,   47.9485893,  -97.1722565,   867.4, 29.13,   837.6,   9.2,   0.00,   0.00,   -0.00,   1.99,   0.43,  -0.02,   0.02,   2.8, 266.6,  27.5,  27.5,   2.8,   0.3,  23.08,  23.83,     2.21,   87.60,   63.37,  974.2,  174.77,  166.55,  182.22,  173.55, 1081.16, 1032.59, 1033.29, 1032.33,   749.8,   0,  GPS,  174.0, 109.10, 114.30, 118.400, 124.575,       ,       ,       ,      ,       ,       ,    3.5,       ,      ,       ,      ,      ,  -3.9, 3DDiff, 3704,      ,     28,  42.5,     22
2012-10-17, 12:33:36,  -05:00,       ,   47.9485893,  -97.1722565,   867.4, 29.13,   838.6,   9.2,   0.00,   0.00,   -0.00,   1.97,   0.40,  -0.00,  -0.01,   2.8, 266.6,  27.5,  27.6,   2.8,   0.2,  23.08,  23.83,     2.15,   87.60,   63.43,  977.8,  175.36,  167.07,  182.76,  174.12, 1082.31, 1032.54, 1032.93, 1032.89,   750.8,   0,  GPS,  174.0, 109.10, 114.30, 118.400, 124.575,       ,       ,       ,      ,       ,       ,    3.5,       ,      ,       ,      ,      ,  -3.9, 3DDiff, 3704,      ,     28,  42.0,     22
2012-10-17, 12:33:37,  -05:00,       ,   47.9485893,  -97.1722488,   867.4, 29.13,   838.2,   9.2,   0.00,   0.00,   -0.00,   2.00,   0.38,   0.00,  -0.00,   2.8, 266.6,  27.5,  27.5,   2.6,   0.2,  23.08,  23.83,     2.15,   87.59,   63.37,  976.5,  175.85,  167.44,  183.26,  174.56, 1083.34, 1032.63, 1031.86, 1033.62,   750.3,   0,  GPS,  174.0, 109.10, 114.30, 118.400, 124.575,       ,       ,       ,      ,       ,       ,    3.5,       ,      ,       ,      ,      ,   0.0, 3DDiff, 3704,      ,     28,  42.0,     22
2012-10-17, 12:33:38,  -05:00,       ,   47.9485893,  -97.1722488,   867.4, 29.13,   838.6,   9.2,   0.00,   0.00,   -0.00,   2.00,   0.38,  -0.01,   0.01,   2.9, 266.6,  27.5,  27.6,   2.8,   0.2,  23.12,  23.83,     2.22,   87.58,   63.39,  978.1,  176.35,  167.88,  183.76,  175.06, 1085.55, 1033.01, 1031.67, 1033.01,   750.8,   0,  GPS,  174.0, 109.10, 114.30, 118.400, 124.575,       ,       ,       ,      ,       ,       ,    3.5,       ,      ,       ,      ,      ,   0.0, 3DDiff, 3704,      ,     28,  86.0,     26
2012-10-17, 12:33:39,  -05:00,       ,   47.9485893,  -97.1722488,   867.4, 29.13,   838.6,   9.2,   0.00,   0.00,   -0.00,   1.92,   0.41,  -0.01,  -0.03,   2.9, 266.6,  27.5,  27.5,   2.8,   0.2,  23.12,  23.83,     2.19,   87.57,   63.40,  975.4,  176.95,  168.40,  184.37,  175.63, 1086.72, 1034.25, 1031.97, 1032.42,   750.8,   0,  GPS,  174.0, 109.10, 114.30, 118.400, 124.575,       ,       ,       ,      ,       ,       ,    3.5,       ,      ,       ,      ,      ,   3.9, 3DDiff, 3704,      ,     28,  86.5,     26
2012-10-17, 12:33:40,  -05:00,       ,   47.9485893,  -97.1722488,   867.4, 29.13,   838.6,   9.5,   0.00,   0.00,   -0.00,   1.96,   0.44,   0.01,   0.01,   3.0, 266.6,  27.5,  27.5,   2.6,   0.2,  23.12,  23.83,     2.13,   87.56,   63.46,  979.2,  177.48,  168.83,  184.88,  176.17, 1088.47, 1034.58, 1032.96, 1032.31,   750.7,   0,  GPS,  174.0, 109.10, 114.30, 118.400, 124.575,       ,       ,       ,      ,       ,       ,    3.5,       ,      ,       ,      ,      ,   3.9, 3DDiff, 3704,      ,     28,  86.5,     26
2012-10-17, 12:33:41,  -05:00,       ,   47.9485893,  -97.1722488,   867.4, 29.13,   839.1,   9.5,   0.00,   0.00,   -0.00,   1.92,   0.37,   0.00,  -0.02,   2.9, 266.6,  27.6,  27.6,   2.9,   0.2,  23.08,  23.83,     2.18,   87.55,   63.52,  982.3,  177.97,  169.25,  185.46,  176.65, 1089.20, 1034.77, 1033.14, 1032.35,   751.3,   0,  GPS,  174.0, 109.10, 114.30, 118.400, 124.575,       ,       ,       ,      ,       ,       ,    3.5,       ,      ,       ,      ,      ,   3.9, 3DDiff, 3704,      ,     28,  86.5,     26
2012-10-17, 12:33:42,  -05:00,       ,   47.9485893,  -97.1722488,   867.4, 29.13,   837.1,   9.5,   0.00,   0.00,   -0.00,   2.00,   0.32,   0.00,  -0.01,   2.7, 266.6,  27.5,  27.6,   2.8,   0.2,  23.08,  23.83,     2.17,   87.54,   63.51,  983.9,  178.53,  169.68,  185.94,  177.16, 1088.97, 1034.66, 1032.59, 1032.60,   749.3,   0,  GPS,  174.0, 109.10, 114.30, 118.400, 124.575,       ,       ,       ,      ,       ,       ,    3.5,       ,      ,       ,      ,      , -35.4, 3DDiff, 3704,      ,     28,  85.0,     26
2012-10-17, 12:33:43,  -05:00,       ,   47.9485893,  -97.1722565,   867.4, 29.13,   837.4,   9.5,   0.00,   0.00,   -0.00,   1.96,   0.38,  -0.01,   0.00,   2.8, 266.6,  27.5,  27.5,   2.7,   0.2,  23.08,  23.83,     2.18,   87.53,   63.48,  984.2,  179.02,  170.13,  186.45,  177.67, 1088.41, 1034.16, 1033.76, 1033.36,   749.6,   0,  GPS,  174.0, 109.10, 114.30, 118.400, 124.575,       ,       ,       ,      ,       ,       ,    3.5,       ,      ,       ,      ,      ,   0.0, 3DDiff, 3704,      ,     28,  85.0,     26
2012-10-17, 12:33:44,  -05:00,       ,   47.9485893,  -97.1722565,   867.4, 29.13,   837.3,   9.5,   0.00,   0.00,   -0.00,   1.87,   0.35,  -0.02,  -0.03,   2.8, 266.6,  27.5,  27.6,   2.8,   0.2,  23.08,  23.83,     2.16,   87.52,   63.42,  979.9,  179.53,  170.56,  186.94,  178.13, 1089.54, 1033.92, 1034.64, 1034.64,   749.5,   0,  GPS,  174.0, 109.10, 114.30, 118.400, 124.575,       ,       ,       ,      ,       ,       ,    3.5,       ,      ,       ,      ,      ,   0.0, 3DDiff, 3704,      ,     28,  85.0,     26
2012-10-17, 12:33:45,  -05:00,       ,   47.9485893,  -97.1722565,   867.4, 29.13,   837.2,   9.5,   0.00,   0.00,   -0.00,   1.92,   0.32,   0.00,   0.03,   2.8, 266.6,  27.6,  27.6,   2.8,   0.2,  23.08,  23.77,     2.21,   87.52,   63.40,  975.6,  180.02,  170.97,  187.45,  178.63, 1090.43, 1033.66, 1035.66, 1034.78,   749.4,   0,  GPS,  174.0, 109.10, 114.30, 118.400, 124.575,       ,       ,       ,      ,       ,       ,    3.5,       ,      ,       ,      ,      ,   3.9, 3DDiff, 3704,      ,     28,  85.0,     26
2012-10-17, 12:33:46,  -05:00,       ,   47.9485893,  -97.1722488,   867.4, 29.13,   837.1,   9.5,   0.00,   0.00,   -0.00,   1.91,   0.37,  -0.02,  -0.02,   2.9, 266.6,  27.6,  27.6,   2.8,   0.2,  23.05,  23.77,     2.18,   87.51,   63.32,  972.2,  180.47,  171.34,  187.92,  179.06, 1091.66, 1034.22, 1034.99, 1034.36,   749.3,   0,  GPS,  174.0, 109.10, 114.30, 118.400, 124.575,       ,       ,       ,      ,       ,       ,    3.5,       ,      ,       ,      ,      ,   3.9, 3DDiff, 3704,      ,     28,  85.5,     26
2012-10-17, 12:33:47,  -05:00,       ,   47.9485893,  -97.1722717,   867.4, 29.13,   836.2,   9.5,   0.00,   0.00,   -0.00,   1.96,   0.41,  -0.01,   0.00,   2.9, 266.6,  27.5,  27.6,   2.7,   0.2,  23.05,  23.77,     2.17,   87.50,   63.37,  974.8,  180.96,  171.79,  188.46,  179.54, 1091.97, 1034.08, 1033.22, 1035.45,   748.4,   0,  GPS,  174.0, 109.10, 114.30, 118.400, 124.575,       ,       ,       ,      ,       ,       ,    3.5,       ,      ,       ,      ,      ,  -3.9, 3DDiff, 3704,      ,     28,  85.5,     26
2012-10-17, 12:33:48,  -05:00,       ,   47.9485893,  -97.1722565,   867.4, 29.13,   837.6,   9.5,   0.00,   0.00,   -0.00,   1.94,   0.35,  -0.01,  -0.02,   2.8, 266.6,  27.6,  27.6,   2.8,   0.2,  23.05,  23.77,     2.19,   87.49,   63.36,  974.6,  181.54,  172.27,  188.95,  180.09, 1091.46, 1033.52, 1031.95, 1036.00,   749.8,   0,  GPS,  174.0, 109.10, 114.30, 118.400, 124.575,       ,       ,       ,      ,       ,       ,    3.5,       ,      ,       ,      ,      ,   0.0, 3DDiff, 3704,      ,     28,  84.5,     25
2012-10-17, 12:33:49,  -05:00,       ,   47.9485893,  -97.1722565,   867.4, 29.13,   837.2,   9.5,   0.00,   0.00,   -0.00,   2.01,   0.42,   0.00,   0.01,   2.9, 266.6,  27.6,  27.6,   2.8,   0.2,  23.05,  23.83,     2.18,   87.49,   63.32,  973.4,  182.04,  172.66,  189.47,  180.59, 1091.10, 1033.15, 1030.89, 1036.68,   749.4,   0,  GPS,  174.0, 109.10, 114.30, 118.400, 124.575,       ,       ,       ,      ,       ,       ,    3.5,       ,      ,       ,      ,      ,   0.0, 3DDiff, 3704,      ,     28,  84.5,     25
2012-10-17, 12:33:50,  -05:00,       ,   47.9485893,  -97.1722565,   867.4, 29.13,   837.3,   9.5,   0.00,   0.00,   -0.61,   2.01,   0.43,  -0.00,  -0.01,   2.9, 266.6,  27.5,  27.6,   2.6,   0.1,  23.01,  23.77,     2.24,   87.48,   63.29,  972.0,  182.55,  173.08,  189.98,  181.05, 1090.36, 1031.59, 1030.20, 1037.37,   749.5,   0,  GPS,  174.0, 109.10, 114.30, 118.400, 124.575,       ,       ,       ,      ,       ,       ,    3.5,       ,      ,       ,      ,      ,   3.9, 3DDiff, 3704,      ,     28,  84.5,     26
2012-10-17, 12:33:51,  -05:00,       ,   47.9485893,  -97.1722488,   866.4, 29.13,   837.3,   9.5,   0.00,   0.00,   -3.58,   1.96,   0.45,  -0.00,  -0.01,   2.9, 266.6,  27.6,  27.6,   2.7,   0.2,  23.01,  23.83,     2.17,   87.47,   63.22,  969.5,  183.01,  173.48,  190.48,  181.52, 1089.27, 1030.67, 1029.33, 1037.37,   749.5,   0,  GPS,  174.0, 109.10, 114.30, 118.400, 124.575,       ,       ,       ,      ,       ,       ,    3.5,       ,      ,       ,      ,      ,   3.9, 3DDiff, 3704,      ,     28,  85.0,     26
2012-10-17, 12:33:52,  -05:00,       ,   47.9485893,  -97.1722488,   867.4, 29.13,   837.3,   9.5,   0.00,   0.00,   -0.90,   1.99,   0.46,   0.00,   0.00,   2.9, 266.6,  27.5,  27.6,   2.6,   0.2,  23.01,  23.83,     2.15,   87.46,   63.36,  978.1,  183.46,  173.82,  190.92,  181.93, 1087.99, 1029.94, 1029.56, 1036.99,   749.5,   0,  GPS,  174.0, 109.10, 114.30, 118.400, 124.575,       ,       ,       ,      ,       ,       ,    3.5,       ,      ,       ,      ,      ,   0.0, 3DDiff, 3704,      ,     28,  86.0,     26
2012-10-17, 12:33:53,  -05:00,       ,   47.9485893,  -97.1722488,   867.4, 29.13,   837.1,   9.5,   0.00,   0.00,   -0.03,   2.01,   0.40,  -0.00,   0.01,   2.9, 266.6,  27.5,  27.5,   2.6,   0.2,  23.05,  23.87,     2.20,   87.46,   63.27,  972.2,  183.95,  174.24,  191.43,  182.37, 1087.97, 1029.24, 1030.58, 1036.52,   749.3,   0,  GPS,  174.0, 109.10, 114.30, 118.400, 119.400,       ,       ,       ,      ,       ,       ,    3.5,       ,      ,       ,      ,      ,   0.0, 3DDiff, 3704,      ,     28,  85.0,     26
2012-10-17, 12:33:54,  -05:00,       ,   47.9485893,  -97.1722488,   866.4, 29.13,   835.6,   9.5,   0.00,   0.00,   -0.00,   2.01,   0.41,  -0.01,  -0.00,   2.8, 266.6,  27.6,  27.6,   2.8,   0.2,  23.05,  23.87,     2.22,   87.45,   63.24,  968.3,  184.51,  174.72,  191.93,  182.89, 1088.63, 1029.11, 1031.13, 1037.35,   747.8,   0,  GPS,  174.0, 109.10, 114.30, 118.400, 119.400,       ,       ,       ,      ,       ,       ,    3.5,       ,      ,       ,      ,      ,   0.0, 3DDiff, 3704,      ,     28,  84.0,     25
2012-10-17, 12:33:55,  -05:00,       ,   47.9485893,  -97.1722565,   866.4, 29.13,   835.6,   9.5,   0.00,   0.00,   -0.00,   1.98,   0.44,  -0.00,  -0.00,   2.9, 266.6,  27.6,  27.6,   2.7,   0.2,  23.01,  23.87,     2.18,   87.44,   63.24,  968.2,  184.96,  175.11,  192.42,  183.37, 1088.92, 1029.43, 1030.08, 1037.82,   747.8,   0,  GPS,  174.0, 109.10, 114.30, 118.400, 119.400,       ,       ,       ,      ,       ,       ,    3.5,       ,      ,       ,      ,      ,  -3.9, 3DDiff, 3704,      ,     28,  84.0,     25
2012-10-17, 12:33:56,  -05:00,       ,   47.9485893,  -97.1722641,   866.4, 29.13,   835.3,   9.5,   0.00,   0.00,   -0.00,   1.94,   0.36,  -0.01,  -0.00,   2.8, 266.6,  27.5,  27.6,   2.6,   0.2,  23.01,  23.87,     2.18,   87.44,   63.28,  970.8,  185.48,  175.51,  192.93,  183.84, 1088.21, 1029.75, 1029.44, 1037.44,   747.5,   0,  GPS,  174.0, 109.10, 114.30, 118.400, 119.400,       ,       ,       ,      ,       ,       ,    3.5,       ,      ,       ,      ,      ,  -3.9, 3DDiff, 3704,      ,     28,  84.5,     25
2012-10-17, 12:33:57,  -05:00,       ,   47.9485893,  -97.1722641,   866.4, 29.13,   835.0,   9.5,   0.00,   0.00,   -0.00,   1.93,   0.34,  -0.00,   0.01,   2.8, 266.6,  27.5,  27.5,   2.6,   0.2,  22.97,  23.87,     2.18,   87.43,   63.27,  970.4,  185.97,  175.94,  193.41,  184.29, 1088.45, 1030.40, 1028.00, 1037.60,   747.2,   0,  GPS,  174.0, 109.10, 114.30, 118.400, 119.400,       ,       ,       ,      ,       ,       ,    3.5,       ,      ,       ,      ,      ,  -3.9, 3DDiff, 3704,      ,     28,  85.0,     26
2012-10-17, 12:33:58,  -05:00,       ,   47.9485893,  -97.1722641,   866.4, 29.13,   834.7,   9.5,   0.00,   0.00,   -0.00,   1.87,   0.34,  -0.00,  -0.02,   2.8, 266.6,  27.5,  27.6,   2.7,   0.2,  22.95,  23.87,     2.20,   87.43,   63.34,  976.0,  186.44,  176.30,  193.89,  184.75, 1088.09, 1031.47, 1028.60, 1038.33,   746.9,   0,  GPS,  174.0, 109.10, 114.30, 118.400, 119.400,       ,       ,       ,      ,       ,       ,    3.5,       ,      ,       ,      ,      ,  -3.9, 3DDiff, 3704,      ,     28,  85.5,     26
2012-10-17, 12:33:59,  -05:00,       ,   47.9485893,  -97.1722641,   866.4, 29.13,   835.8,   9.5,   0.00,   0.00,   -0.00,   1.94,   0.37,  -0.00,   0.02,   2.9, 266.6,  27.5,  27.6,   2.6,   0.2,  22.97,  23.87,     2.19,   87.42,   63.35,  976.5,  186.94,  176.69,  194.41,  185.22, 1088.25, 1031.98, 1030.48, 1038.45,   748.0,   0,  GPS,  174.0, 109.10, 114.30, 118.400, 119.400,       ,       ,       ,      ,       ,       ,    3.5,       ,      ,       ,      ,      , -27.6, 3DDiff, 3704,      ,     28,  42.0,     22
2012-10-17, 12:34:00,  -05:00,       ,   47.9485893,  -97.1722641,   866.4, 29.13,   837.0,   9.5,   0.00,   0.00,   -0.00,   1.91,   0.41,   0.00,  -0.01,   2.9, 266.6,  27.5,  27.6,   2.7,   0.2,  22.97,  23.83,     2.16,   87.41,   63.44,  984.6,  187.42,  177.10,  194.83,  185.65, 1089.06, 1032.01, 1032.78, 1038.45,   749.2,   0,  GPS,  174.0, 109.10, 114.30, 118.400, 119.400,       ,       ,       ,      ,       ,       ,    3.5,       ,      ,       ,      ,      ,   0.0, 3DDiff, 3704,      ,     28,  41.5,     22
2012-10-17, 12:34:01,  -05:00,       ,   47.9485893,  -97.1722488,   866.4, 29.13,   837.3,   9.5,   0.00,   0.00,   -0.00,   1.98,   0.46,  -0.01,   0.01,   2.9, 266.6,  27.6,  27.6,   2.7,   0.2,  22.97,  23.83,     2.15,   87.41,   63.36,  981.7,  187.89,  177.49,  195.29,  186.09, 1089.23, 1031.41, 1035.58, 1038.16,   749.5,   0,  GPS,  174.0, 109.10, 114.30, 118.400, 119.400,       ,       ,       ,      ,       ,       ,    3.5,       ,      ,       ,      ,      ,   0.0, 3DDiff, 3704,      ,     28,  41.0,     22
2012-10-17, 12:34:02,  -05:00,       ,   47.9485893,  -97.1722488,   866.4, 29.13,   837.5,   9.5,   0.00,   0.00,   -0.00,   1.96,   0.34,  -0.01,   0.00,   2.8, 266.6,  27.5,  27.5,   2.6,   0.2,  22.97,  23.83,     2.21,   87.40,   63.37,  978.1,  188.37,  177.89,  195.79,  186.55, 1088.72, 1031.44, 1038.40, 1038.27,   749.7,   0,  GPS,  174.0, 109.10, 114.30, 118.400, 119.400,       ,       ,       ,      ,       ,       ,    3.5,       ,      ,       ,      ,      ,   0.0, 3DDiff, 3704,      ,     28,  41.5,     22
2012-10-17, 12:34:03,  -05:00,       ,   47.9485893,  -97.1722488,   866.4, 29.13,   837.7,   9.5,   0.00,   0.00,   -0.00,   1.96,   0.42,   0.00,  -0.01,   2.9, 266.6,  27.5,  27.5,   2.5,   0.1,  22.97,  23.77,     2.20,   87.40,   63.39,  978.8,  188.85,  178.28,  196.23,  187.01, 1088.31, 1030.70, 1038.56, 1039.24,   749.8,   0,  GPS,  174.0, 109.10, 114.30, 118.400, 119.400,       ,       ,       ,      ,       ,       ,    3.5,       ,      ,       ,      ,      ,   0.0, 3DDiff, 3704,      ,     28,  42.0,     22
2012-10-17, 12:34:04,  -05:00,       ,   47.9485931,  -97.1722488,   866.4, 29.13,   837.8,   9.5,   0.00,   0.00,   -0.00,   1.96,   0.34,  -0.01,   0.01,   2.8, 266.6,  27.6,  27.6,   2.7,   0.2,  22.97,  23.83,     2.15,   87.39,   63.35,  976.9,  189.33,  178.67,  196.69,  187.43, 1088.11, 1029.41, 1038.01, 1040.67,   750.0,   0,  GPS,  174.0, 109.10, 114.30, 118.400, 119.400,       ,       ,       ,      ,       ,       ,    3.5,       ,      ,       ,      ,      ,  -3.9, 3DDiff, 3704,      ,     28,  42.5,     22
2012-10-17, 12:34:05,  -05:00,       ,   47.9485893,  -97.1722412,   866.4, 29.13,   838.5,   9.5,   0.00,   0.00,   -0.00,   1.96,   0.35,   0.00,  -0.02,   2.8, 266.6,  27.6,  27.6,   2.8,   0.2,  23.01,  23.87,     2.14,   87.39,   63.24,  969.8,  189.80,  179.05,  197.23,  187.87, 1088.08, 1029.63, 1037.44, 1041.59,   750.7,   0,  GPS,  174.0, 109.10, 114.30, 118.400, 119.400,       ,       ,       ,      ,       ,       ,    3.5,       ,      ,       ,      ,      ,   0.0, 3DDiff, 3704,      ,     28,  41.5,     22
2012-10-17, 12:34:06,  -05:00,       ,   47.9485893,  -97.1722488,   866.4, 29.13,   837.6,   9.5,   0.00,   0.00,  -12.57,   2.01,   0.42,   0.00,  -0.00,   2.9, 266.6,  27.5,  27.5,   2.6,   0.2,  23.01,  23.83,     2.16,   87.38,   63.28,  971.2,  190.26,  179.43,  197.63,  188.28, 1089.07, 1030.17, 1036.64, 1040.65,   749.8,   0,  GPS,  174.0, 109.10, 114.30, 118.400, 119.400,       ,       ,       ,      ,       ,       ,    3.5,       ,      ,       ,      ,      ,   0.0, 3DDiff, 3704,      ,     28,  41.0,     22
2012-10-17, 12:34:07,  -05:00,       ,   47.9485893,  -97.1722488,   866.4, 29.13,   837.6,   9.5,   0.00,   0.00,   -5.40,   2.00,   0.40,  -0.01,  -0.00,   2.9, 266.6,  27.5,  27.6,   2.5,   0.2,  23.01,  23.87,     2.23,   87.38,   63.27,  971.5,  190.75,  179.82,  198.06,  188.71, 1089.22, 1031.10, 1035.79, 1039.47,   749.7,   0,  GPS,  174.0, 109.10, 114.30, 118.400, 119.400,       ,       ,       ,      ,       ,       ,    3.5,       ,      ,       ,      ,      ,   0.0, 3DDiff, 3704,      ,     28,  41.0,     22
2012-10-17, 12:34:08,  -05:00,       ,   47.9485893,  -97.1722488,   866.4, 29.13,   837.6,   9.5,   0.00,   0.00,   -0.45,   2.01,   0.45,   0.01,  -0.00,   2.9, 266.6,  27.5,  27.6,   2.6,   0.2,  23.01,  23.87,     2.22,   87.37,   63.20,  971.1,  191.18,  180.19,  198.53,  189.15, 1089.49, 1031.68, 1035.62, 1038.10,   749.8,   0,  GPS,  174.0, 109.10, 114.30, 118.400, 119.400,       ,       ,       ,      ,       ,       ,    3.5,       ,      ,       ,      ,      ,   0.0, 3DDiff, 3704,      ,     28,  41.5,     22
2012-10-17, 12:34:09,  -05:00,       ,   47.9485893,  -97.1722488,   866.4, 29.13,   837.7,   9.5,   0.00,   0.00,   -0.01,   2.02,   0.45,  -0.00,  -0.01,   2.9, 266.6,  27.6,  27.6,   2.7,   0.2,  23.01,  23.87,     2.16,   87.37,   63.19,  971.8,  191.68,  180.54,  198.97,  189.58, 1090.88, 1031.74, 1036.12, 1038.05,   749.9,   0,  GPS,  174.0, 109.10, 114.30, 118.400, 119.400,       ,       ,       ,      ,       ,       ,    3.5,       ,      ,       ,      ,      ,   0.0, 3DDiff, 3704,      ,     28,  42.0,     22
2012-10-17, 12:34:10,  -05:00,       ,   47.9485893,  -97.1722488,   866.4, 29.13,   837.8,   9.5,   0.00,   0.00,   -0.00,   2.01,   0.45,  -0.01,   0.01,   2.9, 266.6,  27.6,  27.6,   2.8,   0.2,  23.01,  23.83,     2.18,   87.36,   63.28,  978.5,  192.13,  180.91,  199.41,  190.01, 1090.15, 1032.51, 1036.04, 1038.90,   749.9,   0,  GPS,  174.0, 109.10, 114.30, 118.400, 119.400,       ,       ,       ,      ,       ,       ,    3.5,       ,      ,       ,      ,      ,   0.0, 3DDiff, 3704,      ,     28,  42.5,     22
2012-10-17, 12:34:11,  -05:00,       ,   47.9485893,  -97.1722717,   866.4, 29.13,   836.6,   9.5,   0.00,   0.00,   -0.00,   1.90,   0.31,  -0.01,   0.01,   2.8, 266.6,  27.6,  27.6,   2.7,   0.2,  23.01,  23.83,     2.21,   87.36,   63.48,  987.0,  192.62,  181.29,  199.89,  190.43, 1089.53, 1033.80, 1036.28, 1039.67,   748.8,   0,  GPS,  174.0, 109.10, 114.30, 118.400, 119.400,       ,       ,       ,      ,       ,       ,    3.5,       ,      ,       ,      ,      ,   0.0, 3DDiff, 3704,      ,     28,  41.0,     22
2012-10-17, 12:34:12,  -05:00,       ,   47.9485893,  -97.1722565,   847.5, 29.11,   837.5,   9.5,   0.00,   0.00,   -0.00,   1.91,   0.33,  -0.01,   0.01,   2.7, 266.6,  27.5,  27.6,   2.5,   0.2,  23.01,  23.83,     2.14,   87.35,   63.42,  983.6,  193.06,  181.66,  200.27,  190.83, 1091.17, 1034.54, 1035.74, 1040.93,   749.7,   0,  GPS,  174.0, 109.10, 114.30, 118.400, 119.400,       ,       ,       ,      ,       ,       ,    3.5,       ,      ,       ,      ,      ,   0.0, 3DDiff, 3704,      ,     28,  41.0,     22
2012-10-17, 12:34:13,  -05:00,       ,   47.9485893,  -97.1722565,   828.6, 29.09,   837.8,   9.5,   0.00,   0.00,   -0.00,   1.92,   0.36,  -0.00,   0.02,   2.8, 266.6,  27.5,  27.6,   2.5,   0.1,  23.01,  23.83,     2.15,   87.35,   63.42,  983.5,  193.52,  182.00,  200.72,  191.24, 1093.65, 1034.98, 1035.42, 1041.21,   750.0,   0,  GPS,  174.0, 109.10, 114.30, 118.400, 119.400,       ,       ,       ,      ,       ,       ,    3.5,       ,      ,       ,      ,      ,   0.0, 3DDiff, 3704,      ,     28,  41.0,     22
2012-10-17, 12:34:14,  -05:00,       ,   47.9485893,  -97.1722565,   827.6, 29.09,   837.8,   9.5,   0.00,   0.00,   -0.00,   1.93,   0.38,   0.01,   0.02,   2.8, 266.6,  27.6,  27.6,   2.8,   0.2,  23.01,  23.83,     2.23,   87.34,   63.34,  981.6,  193.98,  182.35,  201.18,  191.66, 1093.76, 1035.32, 1035.21, 1041.69,   749.9,   0,  GPS,  174.0, 109.10, 114.30, 118.400, 119.400,       ,       ,       ,      ,       ,       ,    3.5,       ,      ,       ,      ,      ,   0.0, 3DDiff, 3704,      ,     28,  41.5,     22
2012-10-17, 12:34:15,  -05:00,       ,   47.9485893,  -97.1722641,   828.6, 29.09,   837.7,   9.5,   0.00,   0.00,   -0.00,   1.91,   0.31,  -0.03,  -0.01,   2.8, 266.6,  27.6,  27.6,   2.7,   0.2,  23.01,  23.83,     2.26,   87.34,   63.32,  980.1,  194.46,  182.73,  201.59,  192.08, 1095.63, 1035.49, 1035.88, 1042.78,   749.9,   0,  GPS,  174.0, 109.10, 114.30, 118.400, 119.400,       ,       ,       ,      ,       ,       ,    3.5,       ,      ,       ,      ,      ,   3.9, 3DDiff, 3704,      ,     28,  42.0,     22
2012-10-17, 12:34:16,  -05:00,       ,   47.9485893,  -97.1722565,   827.6, 29.09,   837.5,   9.5,   0.00,   0.00,   -0.00,   1.94,   0.35,  -0.01,   0.02,   2.9, 266.6,  27.5,  27.6,   2.5,   0.2,  23.01,  23.77,     2.16,   87.34,   63.47,  985.8,  194.90,  183.10,  202.01,  192.51, 1098.82, 1036.57, 1036.23, 1043.24,   749.7,   0,  GPS,  174.0, 109.10, 114.30, 118.400, 119.400,       ,       ,       ,      ,       ,       ,    3.5,       ,      ,       ,      ,      ,   0.0, 3DDiff, 3704,      ,     28,  42.5,     22
2012-10-17, 12:34:17,  -05:00,       ,   47.9485893,  -97.1722488,   827.6, 29.09,   838.2,   9.5,   0.00,   0.00,   -0.00,   1.91,   0.30,  -0.00,  -0.00,   2.8, 266.6,  27.5,  27.6,   2.5,   0.2,  23.01,  23.77,     2.18,   87.33,   63.62,  995.3,  195.37,  183.43,  202.51,  192.91, 1099.30, 1037.46, 1036.63, 1044.13,   750.4,   0,  GPS,  174.0, 109.10, 114.30, 118.400, 119.400,       ,       ,       ,      ,       ,       ,    3.5,       ,      ,       ,      ,      ,   0.0, 3DDiff, 3704,      ,     28,  41.0,     22
2012-10-17, 12:34:18,  -05:00,       ,   47.9485893,  -97.1722641,   827.6, 29.09,   837.0,   9.5,   0.00,   0.00,   -0.00,   1.93,   0.31,  -0.01,   0.01,   2.8, 266.6,  27.5,  27.6,   2.6,   0.2,  23.01,  23.83,     2.15,   87.33,   63.57,  993.6,  195.82,  183.79,  202.86,  193.32, 1098.51, 1037.82, 1037.81, 1044.97,   749.2,   0,  GPS,  174.0, 109.10, 114.30, 118.400, 119.400,       ,       ,       ,      ,       ,       ,    3.5,       ,      ,       ,      ,      ,  -3.9, 3DDiff, 3704,      ,     28,  41.0,     22
2012-10-17, 12:34:19,  -05:00,       ,   47.9485893,  -97.1722641,   827.6, 29.09,   836.0,   9.5,   0.00,   0.00,   -0.00,   1.89,   0.30,  -0.00,  -0.01,   2.8, 266.6,  27.6,  27.6,   2.6,   0.2,  23.01,  23.83,     2.14,   87.33,   63.56,  995.6,  196.30,  184.15,  203.30,  193.70, 1100.55, 1038.06, 1038.46, 1045.52,   748.1,   0,  GPS,  174.0, 109.10, 114.30, 118.400, 119.400,       ,       ,       ,      ,       ,       ,    3.5,       ,      ,       ,      ,      ,  -3.9, 3DDiff, 3704,      ,     28,  41.0,     21
2012-10-17, 12:34:20,  -05:00,       ,   47.9485893,  -97.1722565,   827.6, 29.09,   835.6,   9.5,   0.00,   0.00,   -0.00,   1.91,   0.26,  -0.01,   0.03,   2.7, 266.6,  27.6,  27.6,   2.7,   0.2,  23.05,  23.83,     2.18,   87.33,   63.69, 1000.1,  196.72,  184.50,  203.75,  194.10, 1101.44, 1038.76, 1039.92, 1045.41,   747.8,   0,  GPS,  174.0, 109.10, 114.30, 118.400, 119.400,       ,       ,       ,      ,       ,       ,    3.5,       ,      ,       ,      ,      ,   0.0, 3DDiff, 3704,      ,     28,  41.5,     22
2012-10-17, 12:34:21,  -05:00,       ,   47.9485893,  -97.1722565,   827.6, 29.09,   835.3,   9.5,   0.00,   0.00,   -0.00,   1.88,   0.33,  -0.00,  -0.01,   2.8, 266.6,  27.6,  27.6,   2.6,   0.2,  23.01,  23.83,     2.18,   87.32,   63.66,  999.0,  197.16,  184.88,  204.17,  194.52, 1101.38, 1040.19, 1040.75, 1045.81,   747.5,   0,  GPS,  174.0, 109.10, 114.30, 118.400, 119.400,       ,       ,       ,      ,       ,       ,    3.5,       ,      ,       ,      ,      ,   0.0, 3DDiff, 3704,      ,     28,  42.0,     22
2012-10-17, 12:34:22,  -05:00,       ,   47.9485893,  -97.1722641,   827.6, 29.09,   835.1,   9.2,   0.00,   0.00,   -0.00,   1.89,   0.34,   0.00,  -0.03,   2.9, 266.6,  27.5,  27.5,   2.4,   0.1,  23.01,  23.87,     2.17,   87.32,   63.77, 1005.3,  197.61,  185.22,  204.56,  194.90, 1102.02, 1041.74, 1040.91, 1047.08,   747.3,   0,  GPS,  174.0, 109.10, 114.30, 118.400, 119.400,       ,       ,       ,      ,       ,       ,    3.5,       ,      ,       ,      ,      ,   0.0, 3DDiff, 3704,      ,     28,  42.5,     22
2012-10-17, 12:34:23,  -05:00,       ,   47.9485893,  -97.1722565,   827.6, 29.09,   833.9,   9.2,   0.00,   0.00,   -0.00,   1.91,   0.32,  -0.01,  -0.02,   2.8, 266.6,  27.5,  27.6,   2.5,   0.1,  23.01,  23.87,     2.15,   87.32,   63.79, 1004.8,  198.03,  185.53,  205.00,  195.30, 1101.43, 1042.26, 1040.86, 1047.66,   746.0,   0,  GPS,  174.0, 109.10, 114.30, 118.400, 119.400,       ,       ,       ,      ,       ,       ,    3.5,       ,      ,       ,      ,      ,   0.0, 3DDiff, 3704,      ,     28,  41.0,     22
2012-10-17, 12:34:24,  -05:00,       ,   47.9485893,  -97.1722565,   827.6, 29.09,   834.7,   9.2,   0.00,   0.00,   -3.02,   1.91,   0.34,  -0.00,  -0.01,   2.9, 266.6,  27.6,  27.6,   2.7,   0.2,  23.01,  23.87,     2.13,   87.32,   63.75, 1006.5,  198.49,  185.87,  205.39,  195.70, 1101.25, 1043.09, 1042.87, 1049.61,   746.9,   0,  GPS,  174.0, 109.10, 114.30, 118.400, 119.400,       ,       ,       ,      ,       ,       ,    3.5,       ,      ,       ,      ,      ,   0.0, 3DDiff, 3704,      ,     28,  41.0,     21
2012-10-17, 12:34:25,  -05:00,       ,   47.9485931,  -97.1722717,   827.6, 29.09,   835.4,   9.2,   0.00,   0.00,   -0.13,   1.96,   0.31,  -0.00,  -0.01,   2.8, 266.6,  27.6,  27.6,   2.7,   0.3,  22.97,  23.87,     2.17,   87.31,   63.64,  996.5,  198.92,  186.20,  205.79,  196.09, 1102.43, 1043.07, 1044.02, 1051.67,   747.6,   0,  GPS,  174.0, 109.10, 114.30, 118.400, 119.400,       ,       ,       ,      ,       ,       ,    3.5,       ,      ,       ,      ,      ,   0.0, 3DDiff, 3704,      ,     28,  41.0,     21
2012-10-17, 12:34:26,  -05:00,       ,   47.9485931,  -97.1722717,   827.6, 29.09,   835.3,   9.2,   0.00,   0.00,   -0.00,   1.94,   0.31,  -0.02,  -0.00,   2.8, 266.6,  27.5,  27.5,   2.4,   0.2,  22.97,  23.87,     2.15,   87.31,   63.44,  985.6,  199.37,  186.51,  206.20,  196.47, 1104.29, 1043.31, 1045.39, 1053.66,   747.5,   0,  GPS,  174.0, 109.10, 114.30, 118.400, 119.400,       ,       ,       ,      ,       ,       ,    3.5,       ,      ,       ,      ,      ,   0.0, 3DDiff, 3704,      ,     28,  41.5,     21
2012-10-17, 12:34:27,  -05:00,       ,   47.9485931,  -97.1722717,   827.6, 29.09,   835.2,   9.2,   0.00,   0.00,   -0.00,   2.00,   0.41,  -0.01,   0.01,   2.9, 266.6,  27.5,  27.6,   2.5,   0.1,  22.95,  23.87,     2.18,   87.31,   63.45,  986.4,  199.82,  186.86,  206.61,  196.85, 1103.78, 1042.90, 1046.20, 1055.42,   747.4,   0,  GPS,  174.0, 109.10, 114.30, 118.400, 119.400,       ,       ,       ,      ,       ,       ,    3.5,       ,      ,       ,      ,      ,   0.0, 3DDiff, 3704,      ,     28,  42.0,     22
2012-10-17, 12:34:28,  -05:00,       ,   47.9485931,  -97.1722717,   827.6, 29.09,   835.1,   9.2,   0.00,   0.00,   -0.00,   1.94,   0.34,   0.00,   0.00,   2.8, 266.6,  27.5,  27.6,   2.5,   0.1,  22.97,  23.87,     2.21,   87.31,   63.57,  996.9,  200.22,  187.20,  207.00,  197.23, 1102.00, 1042.01, 1046.12, 1055.13,   747.3,   0,  GPS,  174.0, 109.10, 114.30, 118.400, 119.400,       ,       ,       ,      ,       ,       ,    3.5,       ,      ,       ,      ,      ,   0.0, 3DDiff, 3704,      ,     28,  42.5,     22
2012-10-17, 12:34:29,  -05:00,       ,   47.9485893,  -97.1722641,   827.6, 29.09,   836.3,   9.2,   0.00,   0.00,   -0.00,   1.96,   0.33,  -0.01,  -0.01,   2.8, 266.6,  27.5,  27.6,   2.5,   0.2,  22.95,  23.83,     2.11,   87.31,   63.50,  991.4,  200.69,  187.51,  207.45,  197.64, 1101.10, 1042.22, 1044.53, 1054.50,   748.5,   0,  GPS,  174.0, 109.10, 114.30, 118.400, 119.400,       ,       ,       ,      ,       ,       ,    3.5,       ,      ,       ,      ,      ,   0.0, 3DDiff, 3704,      ,     28,  41.0,     22
2012-10-17, 12:34:30,  -05:00,       ,   47.9485893,  -97.1722565,   827.6, 29.09,   835.4,   9.2,   0.00,   0.00,   -0.00,   2.01,   0.44,  -0.00,   0.01,   2.9, 266.6,  27.6,  27.6,   2.6,   0.2,  22.95,  23.83,     2.19,   87.31,   63.37,  982.0,  201.11,  187.86,  207.78,  197.99, 1100.23, 1043.12, 1042.55, 1054.15,   747.5,   0,  GPS,  174.0, 109.10, 114.30, 118.400, 119.400,       ,       ,       ,      ,       ,       ,    3.5,       ,      ,       ,      ,      ,   0.0, 3DDiff, 3704,      ,     28,  41.0,     21
2012-10-17, 12:34:31,  -05:00,       ,   47.9485893,  -97.1722565,   826.6, 29.09,   834.3,   9.2,   0.00,   0.00,   -0.00,   2.02,   0.37,  -0.02,  -0.01,   2.8, 266.6,  27.5,  27.6,   2.5,   0.2,  22.95,  23.83,     2.19,   87.31,   63.24,  975.0,  201.51,  188.21,  208.17,  198.35, 1098.86, 1043.53, 1040.70, 1054.23,   746.5,   0,  GPS,  174.0, 109.10, 114.30, 118.400, 119.400,       ,       ,       ,      ,       ,       ,    3.5,       ,      ,       ,      ,      ,   0.0, 3DDiff, 3704,      ,     27,  41.0,     21
2012-10-17, 12:34:32,  -05:00,       ,   47.9485893,  -97.1722565,   827.6, 29.09,   834.3,   9.2,   0.00,   0.00,   -0.00,   2.05,   0.37,  -0.00,  -0.01,   2.8, 266.6,  27.5,  27.5,   2.4,   0.1,  22.97,  23.83,     2.21,   87.30,   63.25,  976.4,  201.92,  188.48,  208.58,  198.73, 1096.84, 1043.33, 1039.00, 1053.29,   746.5,   0,  GPS,  174.0, 109.10, 114.30, 118.400, 119.400,       ,       ,       ,      ,       ,       ,    3.5,       ,      ,       ,      ,      ,  -3.9, 3DDiff, 3704,      ,     28,  41.5,     21
2012-10-17, 12:34:33,  -05:00,       ,   47.9485893,  -97.1722641,   826.6, 29.09,   834.3,   9.2,   0.00,   0.00,  -12.02,   2.03,   0.38,  -0.01,   0.00,   2.8, 266.6,  27.6,  27.6,   2.6,   0.1,  22.97,  23.83,     2.24,   87.30,   63.17,  974.3,  202.39,  188.84,  208.97,  199.10, 1097.42, 1042.69, 1037.88, 1052.59,   746.5,   0,  GPS,  174.0, 109.10, 114.30, 118.400, 119.400,       ,       ,       ,      ,       ,       ,    3.5,       ,      ,       ,      ,      ,   0.0, 3DDiff, 3704,      ,     28,  42.0,     21
2012-10-17, 12:34:34,  -05:00,       ,   47.9485893,  -97.1722565,   826.6, 29.09,   834.3,   9.2,   0.00,   0.00,  -11.05,   1.99,   0.37,  -0.01,   0.01,   2.8, 266.6,  27.6,  27.6,   2.6,   0.2,  22.97,  23.83,     2.18,   87.30,   63.35,  985.8,  202.79,  189.16,  209.34,  199.46, 1096.66, 1043.48, 1037.60, 1052.23,   746.5,   0,  GPS,  174.0, 109.10, 114.30, 118.400, 119.400,       ,       ,       ,      ,       ,       ,    3.5,       ,      ,       ,      ,      ,   0.0, 3DDiff, 3704,      ,     28,  42.5,     22
2012-10-17, 12:34:35,  -05:00,       ,   47.9485893,  -97.1722717,   826.6, 29.09,   833.1,   9.5,   0.00,   0.00,   -0.59,   1.93,   0.29,  -0.01,  -0.01,   2.7, 266.6,  27.6,  27.6,   2.6,   0.2,  22.97,  23.83,     2.15,   87.30,   63.55,  995.0,  203.20,  189.45,  209.77,  199.83, 1096.89, 1044.34, 1038.28, 1051.79,   745.3,   0,  GPS,  174.0, 109.10, 114.30, 118.400, 119.400,       ,       ,       ,      ,       ,       ,    3.5,       ,      ,       ,      ,      ,   0.0, 3DDiff, 3704,      ,     27,  41.0,     22
2012-10-17, 12:34:36,  -05:00,       ,   47.9485931,  -97.1722641,   826.6, 29.09,   834.2,   9.5,   0.00,   0.00,   -0.02,   1.94,   0.29,  -0.01,   0.01,   2.7, 266.6,  27.6,  27.6,   2.5,   0.2,  22.97,  23.83,     2.20,   87.30,   63.69, 1002.9,  203.63,  189.77,  210.10,  200.18, 1098.98, 1045.07, 1040.92, 1050.81,   746.4,   0,  GPS,  174.0, 109.10, 114.30, 118.400, 119.400,       ,       ,       ,      ,       ,       ,    3.5,       ,      ,       ,      ,      ,  -3.9, 3DDiff, 3704,      ,     28,  41.0,     21
2012-10-17, 12:34:37,  -05:00,       ,   47.9485931,  -97.1722717,   826.6, 29.09,   835.1,   9.5,   0.00,   0.00,   -0.00,   1.93,   0.31,  -0.01,  -0.00,   2.7, 266.6,  27.5,  27.6,   2.5,   0.1,  22.97,  23.83,     2.22,   87.30,   63.77, 1010.9,  204.02,  190.10,  210.45,  200.52, 1101.07, 1045.38, 1043.60, 1050.96,   747.3,   0,  GPS,  174.0, 109.10, 114.30, 118.400, 119.400,       ,       ,       ,      ,       ,       ,    3.5,       ,      ,       ,      ,      ,  -3.9, 3DDiff, 3704,      ,     27,  41.5,     21
2012-10-17, 12:34:38,  -05:00,       ,   47.9485931,  -97.1722717,   826.6, 29.09,   835.2,   9.5,   0.00,   0.00,   -0.00,   1.94,   0.30,  -0.00,  -0.01,   2.8, 266.6,  27.5,  27.6,   2.4,   0.1,  22.97,  23.77,     2.11,   87.30,   63.84, 1011.7,  204.45,  190.38,  210.84,  200.90, 1101.83, 1046.11, 1046.39, 1051.70,   747.4,   0,  GPS,  174.0, 109.10, 114.30, 118.400, 119.400,       ,       ,       ,      ,       ,       ,    3.5,       ,      ,       ,      ,      ,   0.0, 3DDiff, 3704,      ,     28,  41.5,     21
2012-10-17, 12:34:39,  -05:00,       ,   47.9485931,  -97.1722717,   826.6, 29.09,   835.3,   9.2,   0.00,   0.00,   -7.74,   1.94,   0.22,  -0.00,   0.02,   2.7, 266.6,  27.6,  27.6,   2.6,   0.1,  22.97,  23.83,     2.15,   87.30,   63.81, 1014.2,  204.85,  190.70,  211.20,  201.26, 1102.79, 1046.78, 1047.78, 1052.87,   747.5,   0,  GPS,  174.0, 109.10, 114.30, 118.400, 119.400,       ,       ,       ,      ,       ,       ,    3.5,       ,      ,       ,      ,      ,   0.0, 3DDiff, 3704,      ,     28,  42.0,     21
2012-10-17, 12:34:40,  -05:00,       ,   47.9485931,  -97.1722717,   826.6, 29.09,   835.4,   9.2,   0.00,   0.00,  -15.47,   1.94,   0.32,  -0.00,   0.02,   2.9, 266.6,  27.6,  27.6,   2.6,   0.2,  22.97,  23.83,     2.15,   87.30,   63.75, 1006.8,  205.25,  191.04,  211.56,  201.59, 1103.36, 1046.94, 1049.42, 1054.20,   747.6,   0,  GPS,  174.0, 109.10, 114.30, 118.400, 119.400,       ,       ,       ,      ,       ,       ,    3.5,       ,      ,       ,      ,      ,   0.0, 3DDiff, 3704,      ,     28,  42.5,     22
2012-10-17, 12:34:41,  -05:00,       ,   47.9485931,  -97.1722565,   826.6, 29.09,   836.2,   9.5,   0.00,   0.00,  -14.54,   1.94,   0.32,  -0.01,   0.01,   2.8, 266.6,  27.6,  27.6,   2.5,   0.2,  22.97,  23.87,     2.15,   87.30,   63.82, 1011.0,  205.65,  191.31,  211.98,  201.95, 1104.79, 1047.68, 1050.95, 1055.78,   748.4,   0,  GPS,  174.0, 109.10, 114.30, 118.400, 119.400,       ,       ,       ,      ,       ,       ,    3.5,       ,      ,       ,      ,      ,  -3.9, 3DDiff, 3704,      ,     27,  41.5,     21
2012-10-17, 12:34:42,  -05:00,       ,   47.9485893,  -97.1722717,   826.6, 29.09,   835.3,   9.5,   0.00,   0.00,   -0.97,   1.93,   0.33,  -0.01,   0.01,   2.8, 266.6,  27.5,  27.5,   2.3,   0.1,  22.97,  23.87,     2.22,   87.30,   63.84, 1012.2,  206.03,  191.57,  212.27,  202.27, 1106.45, 1048.22, 1051.73, 1056.94,   747.5,   0,  GPS,  174.0, 109.10, 114.30, 118.400, 119.400,       ,       ,       ,      ,       ,       ,    3.5,       ,      ,       ,      ,      ,   0.0, 3DDiff, 3704,      ,     28,  41.0,     21
2012-10-17, 12:34:43,  -05:00,       ,   47.9485893,  -97.1722488,   826.6, 29.09,   839.8,   9.2,   0.00,   0.00,   -0.03,   1.86,   0.34,  -0.00,  -0.02,   2.8, 266.6,  27.6,  27.6,   2.5,   0.1,  22.97,  23.87,     2.15,   87.30,   63.87, 1014.3,  206.39,  191.86,  212.59,  202.58, 1106.86, 1048.66, 1052.07, 1055.79,   752.0,   0,  GPS,  174.0, 109.10, 114.30, 118.400, 119.400,       ,       ,       ,      ,       ,       ,    3.5,       ,      ,       ,      ,      ,  23.6, 3DDiff, 3704,      ,     10,  13.5,     18
2012-10-17, 12:34:44,  -05:00,       ,   47.9485893,  -97.1722488,   826.6, 29.09,   840.0,   9.2,   0.00,   0.00,   -0.00,   1.90,   0.31,  -0.00,   0.02,   2.8, 266.6,  27.6,  27.7,   2.7,   0.2,  22.97,  23.87,     2.13,   87.30,   63.79, 1012.8,  206.84,  192.20,  213.01,  202.97, 1108.61, 1048.96, 1054.66, 1055.93,   752.1,   0,  GPS,  174.0, 109.10, 114.30, 118.400, 119.400,       ,       ,       ,      ,       ,       ,    3.5,       ,      ,       ,      ,      ,   0.0, 3DDiff, 3704,      ,     10,  13.5,     18
2012-10-17, 12:34:45,  -05:00,       ,   47.9485893,  -97.1722488,   826.6, 29.09,   840.2,   9.2,   0.00,   0.00,   -0.00,   1.87,   0.30,  -0.02,  -0.00,   2.7, 266.6,  27.6,  27.6,   2.5,   0.2,  22.97,  23.87,     2.15,   87.30,   63.74, 1006.1,  207.25,  192.55,  213.37,  203.34, 1109.79, 1048.84, 1056.16, 1057.91,   752.4,   0,  GPS,  174.0, 109.10, 114.30, 118.400, 119.400,       ,       ,       ,      ,       ,       ,    3.5,       ,      ,       ,      ,      ,   0.0, 3DDiff, 3704,      ,     10,  13.5,     18
2012-10-17, 12:34:46,  -05:00,       ,   47.9485893,  -97.1722488,   826.6, 29.09,   840.4,   9.2,   0.00,   0.00,   -0.00,   1.88,   0.36,   0.01,   0.00,   2.8, 266.6,  27.5,  27.6,   2.4,   0.2,  23.01,  23.87,     2.21,   87.30,   63.65, 1003.6,  207.65,  192.83,  213.71,  203.68, 1109.57, 1049.31, 1055.49, 1061.32,   752.5,   0,  GPS,  174.0, 109.10, 114.30, 118.400, 119.400,       ,       ,       ,      ,       ,       ,    3.5,       ,      ,       ,      ,      ,   0.0, 3DDiff, 3704,      ,     10,  13.5,     18
2012-10-17, 12:34:47,  -05:00,       ,   47.9485893,  -97.1722488,   826.6, 29.09,   840.2,   9.2,   0.00,   0.00,   -0.00,   1.86,   0.35,  -0.00,  -0.01,   2.7, 266.6,  27.5,  27.6,   2.4,   0.1,  23.01,  23.87,     2.14,   87.30,   63.73, 1010.5,  208.02,  193.12,  214.13,  204.02, 1109.71, 1049.40, 1054.53, 1063.17,   752.3,   0,  GPS,  174.0, 109.10, 114.30, 118.400, 119.400,       ,       ,       ,      ,       ,       ,    3.5,       ,      ,       ,      ,      ,   0.0, 3DDiff, 3704,      ,     10,  13.5,     18
2012-10-17, 12:34:48,  -05:00,       ,   47.9485893,  -97.1722412,   826.6, 29.09,   840.3,   9.2,   0.00,   0.00,   -0.00,   1.85,   0.34,   0.00,  -0.02,   2.7, 266.6,  27.5,  27.6,   2.5,   0.1,  23.01,  23.87,     2.14,   87.30,   63.77, 1010.4,  208.41,  193.43,  214.42,  204.33, 1108.86, 1049.28, 1053.48, 1063.14,   752.5,   0,  GPS,  174.0, 109.10, 114.30, 118.400, 119.400,       ,       ,       ,      ,       ,       ,    3.5,       ,      ,       ,      ,      ,   0.0, 3DDiff, 3704,      ,     10,  13.5,     18
2012-10-17, 12:34:49,  -05:00,       ,   47.9485893,  -97.1722412,   826.6, 29.09,   839.9,   9.2,   0.00,   0.00,   -0.00,   1.90,   0.30,  -0.02,   0.04,   2.7, 266.6,  27.6,  27.7,   2.7,   0.1,  23.05,  23.87,     2.15,   87.30,   63.65, 1006.3,  208.81,  193.76,  214.76,  204.70, 1107.10, 1049.88, 1053.63, 1061.57,   752.1,   0,  GPS,  174.0, 109.10, 114.30, 118.400, 119.400,       ,       ,       ,      ,       ,       ,    3.5,       ,      ,       ,      ,      ,  -3.9, 3DDiff, 3704,      ,     10,  13.5,     18
2012-10-17, 12:34:50,  -05:00,       ,   47.9485893,  -97.1722412,   825.6, 29.09,   840.0,   9.2,   0.00,   0.00,  -10.94,   1.87,   0.36,  -0.01,  -0.01,   2.7, 266.6,  27.6,  27.6,   2.6,   0.2,  23.05,  23.87,     2.19,   87.30,   63.53,  995.4,  209.18,  194.04,  215.09,  205.01, 1106.26, 1050.20, 1053.95, 1060.49,   752.1,   0,  GPS,  174.0, 109.10, 114.30, 118.400, 124.575,       ,       ,       ,      ,       ,       ,    3.5,       ,      ,       ,      ,      ,   0.0, 3DDiff, 3704,      ,     10,  13.5,     18
2012-10-17, 12:34:51,  -05:00,       ,   47.9485893,  -97.1722412,   825.6, 29.09,   840.1,   9.2,   0.00,   0.00,  -14.62,   1.83,   0.36,  -0.01,  -0.02,   2.7, 266.6,  27.5,  27.5,   2.3,   0.2,  23.01,  23.94,     2.19,   87.30,   63.40,  988.3,  209.51,  194.32,  215.43,  205.36, 1105.97, 1049.82, 1051.39, 1060.81,   752.2,   0,  GPS,  174.0, 109.10, 114.30, 118.400, 124.575,       ,       ,       ,      ,       ,       ,    3.5,       ,      ,       ,      ,      ,   0.0, 3DDiff, 3704,      ,     10,  13.5,     18
2012-10-17, 12:34:52,  -05:00,       ,   47.9485893,  -97.1722412,   825.6, 29.09,   840.0,   9.2,   0.00,   0.00,   -4.49,   1.88,   0.33,   0.01,  -0.00,   2.7, 266.6,  27.5,  27.6,   2.3,   0.1,  23.05,  23.94,     2.16,   87.30,   63.37,  988.9,  209.88,  194.62,  215.74,  205.67, 1105.00, 1048.50, 1049.22, 1061.81,   752.2,   0,  GPS,  174.0, 109.10, 114.30, 118.400, 124.575,       ,       ,       ,      ,       ,       ,    3.5,       ,      ,       ,      ,      ,   0.0, 3DDiff, 3704,      ,     10,  13.5,     18
2012-10-17, 12:34:53,  -05:00,       ,   47.9485931,  -97.1722412,   825.6, 29.09,   840.6,   9.2,   0.00,   0.00,   -6.58,   1.88,   0.30,  -0.01,   0.00,   2.7, 266.6,  27.6,  27.6,   2.5,   0.1,  23.01,  23.94,     2.15,   87.30,   63.41,  992.3,  210.25,  194.94,  216.13,  206.00, 1103.95, 1047.52, 1047.59, 1060.91,   752.8,   0,  GPS,  174.0, 109.10, 114.30, 118.400, 124.575,       ,       ,       ,      ,       ,       ,    3.5,       ,      ,       ,      ,      ,   0.0, 3DDiff, 3704,      ,     10,  13.5,     18
2012-10-17, 12:34:54,  -05:00,       ,   47.9485893,  -97.1722488,   825.6, 29.09,   840.2,   9.2,   0.00,   0.00,   -0.34,   1.91,   0.32,   0.01,   0.00,   2.7, 266.6,  27.7,  27.7,   2.7,   0.2,  23.01,  23.94,     2.20,   87.30,   63.42,  989.6,  210.60,  195.19,  216.42,  206.32, 1103.58, 1046.39, 1047.10, 1059.32,   752.4,   0,  GPS,  174.0, 109.10, 114.30, 118.400, 124.575,       ,       ,       ,      ,       ,       ,    3.5,       ,      ,       ,      ,      ,   0.0, 3DDiff, 3704,      ,     10,  13.5,     18
2012-10-17, 12:34:55,  -05:00,       ,   47.9485893,  -97.1722488,   825.6, 29.09,   840.7,   9.2,   0.00,   0.00,   -0.01,   1.90,   0.26,  -0.00,   0.01,   2.7, 266.6,  27.5,  27.6,   2.4,   0.2,  23.01,  23.94,     2.17,   87.30,   63.38,  987.8,  210.95,  195.48,  216.76,  206.64, 1102.85, 1045.85, 1046.95, 1057.94,   752.9,   0,  GPS,  174.0, 109.10, 114.30, 118.400, 124.575,       ,       ,       ,      ,       ,       ,    3.5,       ,      ,       ,      ,      ,   0.0, 3DDiff, 3704,      ,     10,  13.5,     18
2012-10-17, 12:34:56,  -05:00,       ,   47.9485893,  -97.1722488,   825.6, 29.09,   840.7,   9.2,   0.00,   0.00,   -0.00,   1.88,   0.30,   0.01,  -0.00,   2.7, 266.6,  27.4,  27.5,   2.1,   0.1,  23.05,  23.94,     2.18,   87.31,   63.35,  988.6,  211.33,  195.77,  217.07,  206.97, 1102.36, 1045.38, 1046.93, 1056.76,   752.9,   0,  GPS,  174.0, 109.10, 114.30, 118.400, 124.575,       ,       ,       ,      ,       ,       ,    3.5,       ,      ,       ,      ,      ,   0.0, 3DDiff, 3704,      ,     10,  13.5,     18
2012-10-17, 12:34:57,  -05:00,       ,   47.9485893,  -97.1722488,   825.6, 29.09,   840.8,   9.2,   0.00,   0.00,   -0.00,   1.92,   0.36,  -0.01,   0.01,   2.7, 266.6,  27.4,  27.5,   2.1,   0.1,  23.05,  24.00,     2.14,   87.31,   63.34,  988.4,  211.69,  196.03,  217.39,  207.25, 1102.60, 1044.94, 1047.03, 1055.63,   753.0,   0,  GPS,  174.0, 109.10, 114.30, 118.400, 124.575,       ,       ,       ,      ,       ,       ,    3.5,       ,      ,       ,      ,      ,   0.0, 3DDiff, 3704,      ,     10,  13.5,     18
2012-10-17, 12:34:58,  -05:00,       ,   47.9485893,  -97.1722488,   825.6, 29.09,   840.7,   9.2,   0.00,   0.00,   -0.00,   1.99,   0.35,  -0.02,  -0.00,   2.7, 266.6,  27.4,  27.5,   2.2,   0.1,  23.08,  24.00,     2.19,   87.31,   63.23,  980.0,  212.03,  196.34,  217.71,  207.55, 1103.65, 1044.10, 1046.45, 1055.10,   752.9,   0,  GPS,  174.0, 109.10, 114.30, 118.400, 124.575,       ,       ,       ,      ,       ,       ,    3.5,       ,      ,       ,      ,      ,   0.0, 3DDiff, 3704,      ,     10,  13.5,     18
2012-10-17, 12:34:59,  -05:00,       ,   47.9485893,  -97.1722412,   825.6, 29.09,   840.3,   9.2,   0.00,   0.00,   -0.61,   2.00,   0.41,  -0.01,  -0.00,   2.7, 266.6,  27.6,  27.6,   2.5,   0.2,  23.08,  24.00,     2.18,   87.31,   63.21,  977.9,  212.38,  196.61,  218.05,  207.90, 1104.03, 1043.69, 1045.36, 1053.85,   752.4,   0,  GPS,  174.0, 109.10, 114.30, 118.400, 124.575,       ,       ,       ,      ,       ,       ,    3.5,       ,      ,       ,      ,      ,   0.0, 3DDiff, 3704,      ,     10,  13.5,     18
2012-10-17, 12:35:00,  -05:00,       ,   47.9485893,  -97.1722412,   824.6, 29.09,   840.5,   9.2,   0.00,   0.00,  -11.88,   1.96,   0.35,  -0.01,  -0.01,   2.7, 266.6,  27.5,  27.5,   2.4,   0.2,  23.08,  23.94,     2.15,   87.31,   63.26,  979.9,  212.72,  196.88,  218.35,  208.20, 1103.30, 1043.38, 1043.81, 1051.64,   752.6,   0,  GPS,  174.0, 109.10, 114.30, 118.400, 124.575,       ,       ,       ,      ,       ,       ,    3.5,       ,      ,       ,      ,      ,   0.0, 3DDiff, 3704,      ,     10,  13.5,     18
2012-10-17, 12:35:01,  -05:00,       ,   47.9485893,  -97.1722412,   825.6, 29.09,   840.5,   9.2,   0.00,   0.00,   -3.25,   2.00,   0.40,  -0.00,  -0.01,   2.7, 266.6,  27.4,  27.5,   2.2,   0.1,  23.12,  24.00,     2.20,   87.31,   63.30,  985.0,  213.09,  197.17,  218.66,  208.51, 1100.21, 1042.72, 1041.41, 1049.74,   752.6,   0,  GPS,  174.0, 109.10, 114.30, 118.400, 124.575,       ,       ,       ,      ,       ,       ,    3.5,       ,      ,       ,      ,      ,   0.0, 3DDiff, 3704,      ,     10,  13.5,     17
2012-10-17, 12:35:02,  -05:00,       ,   47.9485893,  -97.1722412,   825.6, 29.09,   840.2,   9.2,   0.00,   0.00,   -0.12,   2.01,   0.43,  -0.01,  -0.00,   2.7, 266.6,  27.4,  27.5,   2.2,   0.1,  23.12,  24.00,     2.15,   87.32,   63.16,  979.3,  213.43,  197.45,  218.98,  208.83, 1098.11, 1041.69, 1040.88, 1048.86,   752.4,   0,  GPS,  174.0, 109.10, 114.30, 118.400, 124.575,       ,       ,       ,      ,       ,       ,    3.5,       ,      ,       ,      ,      ,   0.0, 3DDiff, 3704,      ,     10,  13.5,     18
2012-10-17, 12:35:03,  -05:00,       ,   47.9485893,  -97.1722412,   824.6, 29.09,   840.0,   9.2,   0.00,   0.00,   -4.19,   2.02,   0.38,  -0.00,   0.01,   2.7, 266.6,  27.5,  27.5,   2.3,   0.1,  23.12,  24.00,     2.24,   87.32,   63.13,  978.0,  213.77,  197.73,  219.29,  209.11, 1097.44, 1040.60, 1040.49, 1050.71,   752.2,   0,  GPS,  174.0, 109.10, 114.30, 118.400, 124.575,       ,       ,       ,      ,       ,       ,    3.5,       ,      ,       ,      ,      ,   0.0, 3DDiff, 3704,      ,     10,  13.5,     18
2012-10-17, 12:35:04,  -05:00,       ,   47.9485893,  -97.1722412,   824.6, 29.09,   839.8,   9.2,   0.00,   0.00,   -6.09,   2.02,   0.35,   0.01,   0.01,   2.7, 266.6,  27.6,  27.6,   2.6,   0.2,  23.12,  23.94,     2.20,   87.32,   63.05,  970.7,  214.09,  198.01,  219.61,  209.41, 1097.58, 1040.22, 1040.76, 1051.30,   752.0,   0,  GPS,  174.0, 109.10, 114.30, 118.400, 124.575,       ,       ,       ,      ,       ,       ,    3.5,       ,      ,       ,      ,      ,  -3.9, 3DDiff, 3704,      ,     10,  13.5,     18
2012-10-17, 12:35:05,  -05:00,       ,   47.9485893,  -97.1722412,   824.6, 29.09,   840.0,   9.2,   0.00,   0.00,   -0.27,   2.02,   0.33,  -0.01,  -0.00,   2.7, 266.6,  27.5,  27.6,   2.5,   0.2,  23.12,  23.94,     2.18,   87.33,   63.07,  973.5,  214.41,  198.29,  219.94,  209.73, 1097.41, 1040.55, 1042.07, 1051.01,   752.2,   0,  GPS,  174.0, 109.10, 114.30, 118.400, 124.575,       ,       ,       ,      ,       ,       ,    3.5,       ,      ,       ,      ,      ,  -3.9, 3DDiff, 3704,      ,     10,  13.5,     18
2012-10-17, 12:35:06,  -05:00,       ,   47.9485893,  -97.1722488,   824.6, 29.09,   838.9,   9.2,   0.00,   0.00,   -0.01,   1.97,   0.35,  -0.01,   0.01,   2.7, 266.6,  27.5,  27.6,   2.3,   0.1,  23.12,  23.94,     2.20,   87.33,   63.22,  978.9,  214.74,  198.58,  220.21,  210.04, 1097.19, 1041.25, 1042.84, 1050.50,   751.1,   0,  GPS,  174.0, 109.10, 114.30, 118.400, 124.575,       ,       ,       ,      ,       ,       ,    3.5,       ,      ,       ,      ,      ,   0.0, 3DDiff, 3704,      ,     10,  13.5,     18
2012-10-17, 12:35:07,  -05:00,       ,   47.9485893,  -97.1722412,   824.6, 29.09,   839.2,   9.2,   0.00,   0.00,   -0.00,   1.92,   0.33,  -0.01,  -0.00,   2.7, 266.6,  27.5,  27.6,   2.4,   0.2,  23.12,  23.94,     2.19,   87.33,   63.26,  982.1,  215.09,  198.83,  220.53,  210.32, 1096.04, 1042.04, 1042.81, 1051.04,   751.4,   0,  GPS,  174.0, 109.10, 114.30, 118.400, 124.575,       ,       ,       ,      ,       ,       ,    3.5,       ,      ,       ,      ,      ,  -3.9, 3DDiff, 3704,      ,     10,  13.5,     17
2012-10-17, 12:35:08,  -05:00,       ,   47.9485893,  -97.1722412,   824.6, 29.09,   839.2,   9.2,   0.00,   0.00,   -0.00,   1.94,   0.34,  -0.00,   0.01,   2.7, 266.6,  27.5,  27.6,   2.4,   0.1,  23.12,  23.94,     2.19,   87.34,   63.29,  985.2,  215.46,  199.09,  220.83,  210.62, 1096.78, 1042.76, 1043.46, 1051.90,   751.4,   0,  GPS,  174.0, 109.10, 114.30, 118.400, 124.575,       ,       ,       ,      ,       ,       ,    3.5,       ,      ,       ,      ,      ,  -3.9, 3DDiff, 3704,      ,     10,  13.5,     17
2012-10-17, 12:35:09,  -05:00,       ,   47.9485893,  -97.1722412,   824.6, 29.09,   839.1,   9.2,   0.00,   0.00,   -0.00,   1.91,   0.36,  -0.01,  -0.01,   2.7, 266.6,  27.6,  27.6,   2.6,   0.2,  23.12,  23.94,     2.12,   87.34,   63.31,  989.6,  215.77,  199.36,  221.13,  210.94, 1097.68, 1042.26, 1044.95, 1052.60,   751.3,   0,  GPS,  174.0, 109.10, 114.30, 118.400, 124.575,       ,       ,       ,      ,       ,       ,    3.5,       ,      ,       ,      ,      ,   0.0, 3DDiff, 3704,      ,     10,  13.5,     18
2012-10-17, 12:35:10,  -05:00,       ,   47.9485893,  -97.1722412,   824.6, 29.09,   838.9,   9.2,   0.00,   0.00,   -0.00,   1.93,   0.33,  -0.01,   0.02,   2.7, 266.6,  27.5,  27.5,   2.4,   0.2,  23.12,  23.94,     2.18,   87.35,   63.63, 1003.0,  216.10,  199.66,  221.44,  211.21, 1097.97, 1041.67, 1046.08, 1051.79,   751.1,   0,  GPS,  174.0, 109.10, 114.30, 118.400, 124.575,       ,       ,       ,      ,       ,       ,    3.5,       ,      ,       ,      ,      ,   0.0, 3DDiff, 3704,      ,     10,  13.5,     18
2012-10-17, 12:35:11,  -05:00,       ,   47.9485893,  -97.1722412,   824.6, 29.09,   838.6,   9.2,   0.00,   0.00,   -0.00,   1.96,   0.38,  -0.00,  -0.01,   2.7, 266.6,  27.5,  27.5,   2.2,   0.1,  23.12,  23.94,     2.16,   87.35,   63.57, 1001.6,  216.44,  199.95,  221.75,  211.52, 1098.14, 1042.44, 1046.58, 1051.48,   750.8,   0,  GPS,  174.0, 109.10, 114.30, 118.400, 124.575,       ,       ,       ,      ,       ,       ,    3.5,       ,      ,       ,      ,      ,  -3.9, 3DDiff, 3704,      ,     10,  13.5,     18
2012-10-17, 12:35:12,  -05:00,       ,   47.9485893,  -97.1722412,   824.6, 29.09,   839.1,   9.2,   0.00,   0.00,   -0.00,   1.96,   0.37,  -0.01,  -0.01,   2.7, 266.6,  27.4,  27.5,   2.1,   0.1,  23.12,  23.94,     2.23,   87.35,   63.39,  994.6,  216.77,  200.18,  222.05,  211.80, 1098.89, 1044.29, 1046.86, 1051.60,   751.3,   0,  GPS,  174.0, 109.10, 114.30, 118.400, 124.575,       ,       ,       ,      ,       ,       ,    3.5,       ,      ,       ,      ,      ,   0.0, 3DDiff, 3704,      ,     10,  13.5,     18
2012-10-17, 12:35:13,  -05:00,       ,   47.9485893,  -97.1722412,   824.6, 29.09,   839.2,   9.2,   0.00,   0.00,   -0.00,   1.93,   0.36,  -0.00,   0.00,   2.7, 266.6,  27.5,  27.5,   2.3,   0.1,  23.12,  23.87,     2.15,   87.36,   63.21,  981.0,  217.07,  200.43,  222.38,  212.10, 1098.75, 1044.92, 1047.65, 1051.82,   751.4,   0,  GPS,  174.0, 109.10, 114.30, 118.400, 124.575,       ,       ,       ,      ,       ,       ,    3.5,       ,      ,       ,      ,      ,   0.0, 3DDiff, 3704,      ,     10,  13.0,     17
2012-10-17, 12:35:14,  -05:00,       ,   47.9485893,  -97.1722412,   824.6, 29.09,   839.2,   9.2,   0.00,   0.00,   -0.00,   1.93,   0.35,  -0.01,  -0.01,   2.7, 266.6,  27.5,  27.5,   2.3,   0.2,  23.12,  23.87,     2.19,   87.36,   63.16,  977.3,  217.41,  200.69,  222.65,  212.40, 1099.29, 1045.95, 1047.27, 1052.60,   751.3,   0,  GPS,  174.0, 109.10, 114.30, 118.400, 124.575,       ,       ,       ,      ,       ,       ,    3.5,       ,      ,       ,      ,      ,  -3.9, 3DDiff, 3704,      ,     10,  13.0,     17
2012-10-17, 12:35:15,  -05:00,       ,   47.9485893,  -97.1722412,   824.6, 29.09,   839.1,   9.2,   0.00,   0.00,   -0.00,   1.98,   0.42,  -0.02,   0.00,   2.7, 266.6,  27.5,  27.5,   2.4,   0.2,  23.12,  23.87,     2.21,   87.37,   63.18,  978.0,  217.71,  200.99,  222.93,  212.63, 1098.98, 1047.05, 1046.15, 1052.97,   751.3,   0,  GPS,  174.0, 109.10, 114.30, 118.400, 124.575,       ,       ,       ,      ,       ,       ,    3.5,       ,      ,       ,      ,      ,   0.0, 3DDiff, 3704,      ,     10,  13.5,     18
2012-10-17, 12:35:16,  -05:00,       ,   47.9485893,  -97.1722412,   824.6, 29.09,   839.1,   9.2,   0.00,   0.00,   -0.00,   1.94,   0.41,  -0.01,  -0.00,   2.7, 266.6,  27.5,  27.5,   2.3,   0.1,  23.08,  23.87,     2.18,   87.37,   63.22,  981.7,  218.02,  201.22,  223.24,  212.97, 1099.63, 1047.42, 1046.53, 1052.10,   751.3,   0,  GPS,  174.0, 109.10, 114.30, 118.400, 124.575,       ,       ,       ,      ,       ,       ,    3.5,       ,      ,       ,      ,      ,   0.0, 3DDiff, 3704,      ,     10,  13.5,     18
2012-10-17, 12:35:17,  -05:00,       ,   47.9485893,  -97.1722412,   824.6, 29.09,   839.4,   9.2,   0.00,   0.00,   -0.00,   1.96,   0.41,  -0.01,   0.01,   2.7, 266.6,  27.5,  27.5,   2.2,   0.1,  23.08,  23.87,     2.22,   87.38,   63.32,  987.9,  218.36,  201.48,  223.54,  213.26, 1099.81, 1047.11, 1045.76, 1050.48,   751.6,   0,  GPS,  174.0, 109.10, 114.30, 118.400, 124.575,       ,       ,       ,      ,       ,       ,    3.5,       ,      ,       ,      ,      ,   0.0, 3DDiff, 3704,      ,     10,  13.5,     18
2012-10-17, 12:35:18,  -05:00,       ,   47.9485893,  -97.1722412,   824.6, 29.09,   838.4,   9.5,   0.00,   0.00,   -0.00,   2.02,   0.43,  -0.01,   0.01,   2.9, 266.6,  27.5,  27.6,   2.4,   0.1,  23.08,  23.87,     2.15,   87.38,   63.33,  988.9,  218.68,  201.75,  223.82,  213.52, 1100.32, 1046.33, 1044.64, 1050.13,   750.6,   0,  GPS,  174.0, 109.10, 114.30, 118.400, 124.575,       ,       ,       ,      ,       ,       ,    3.5,       ,      ,       ,      ,      ,   0.0, 3DDiff, 3704,      ,     10,  13.5,     18
2012-10-17, 12:35:19,  -05:00,       ,   47.9485893,  -97.1722412,   824.6, 29.09,   839.5,   9.5,   0.00,   0.00,   -0.00,   2.03,   0.44,  -0.01,   0.01,   2.9, 266.6,  27.7,  27.7,   2.7,   0.2,  23.08,  23.83,     2.21,   87.39,   63.37,  990.8,  218.98,  202.01,  224.12,  213.82, 1098.82, 1045.70, 1045.04, 1050.40,   751.7,   0,  GPS,  174.0, 109.10, 114.30, 118.400, 124.575,       ,       ,       ,      ,       ,       ,    3.5,       ,      ,       ,      ,      ,   0.0, 3DDiff, 3704,      ,     10,  13.0,     17
2012-10-17, 12:35:20,  -05:00,       ,   47.9485893,  -97.1722412,   823.6, 29.09,   839.3,   9.5,   0.00,   0.00,   -0.00,   2.04,   0.37,  -0.00,  -0.00,   2.9, 266.6,  27.6,  27.6,   2.4,   0.2,  23.08,  23.83,     2.18,   87.40,   63.30,  988.4,  219.29,  202.27,  224.42,  214.08, 1100.31, 1044.64, 1046.20, 1051.77,   751.5,   0,  GPS,  174.0, 109.10, 114.30, 118.400, 124.575,       ,       ,       ,      ,       ,       ,    3.5,       ,      ,       ,      ,      ,   0.0, 3DDiff, 3704,      ,     10,  13.5,     18
2012-10-17, 12:35:21,  -05:00,       ,   47.9485893,  -97.1722412,   823.6, 29.09,   839.4,   9.5,   0.00,   0.00,   -4.50,   2.10,   0.34,  -0.01,   0.02,   2.8, 266.6,  27.5,  27.6,   2.4,   0.1,  23.05,  23.77,     2.22,   87.40,   63.24,  987.9,  219.57,  202.53,  224.71,  214.34, 1100.98, 1044.06, 1046.62, 1050.36,   751.6,   0,  GPS,  174.0, 109.10, 114.30, 118.400, 124.575,       ,       ,       ,      ,       ,       ,    3.5,       ,      ,       ,      ,      ,   0.0, 3DDiff, 3704,      ,     10,  13.5,     18
2012-10-17, 12:35:22,  -05:00,       ,   47.9485893,  -97.1722412,   823.6, 29.09,   839.5,   9.5,   0.00,   0.00,   -0.20,   2.05,   0.36,  -0.01,  -0.01,   2.8, 266.6,  27.5,  27.6,   2.4,   0.2,  23.01,  23.77,     2.16,   87.41,   63.21,  983.5,  219.89,  202.79,  224.98,  214.65, 1100.85, 1043.75, 1046.92, 1048.90,   751.7,   0,  GPS,  174.0, 109.10, 114.30, 118.400, 124.575,       ,       ,       ,      ,       ,       ,    3.5,       ,      ,       ,      ,      ,   0.0, 3DDiff, 3704,      ,     10,  13.5,     18
2012-10-17, 12:35:23,  -05:00,       ,   47.9485893,  -97.1722412,   824.6, 29.09,   839.2,   9.5,   0.00,   0.00,   -0.01,   1.96,   0.34,  -0.01,  -0.01,   2.9, 266.6,  27.6,  27.6,   2.5,   0.1,  23.05,  23.77,     2.18,   87.42,   63.20,  982.9,  220.19,  203.05,  225.25,  214.89, 1099.43, 1044.09, 1046.38, 1048.52,   751.4,   0,  GPS,  174.0, 109.10, 114.30, 118.400, 124.575,       ,       ,       ,      ,       ,       ,    3.5,       ,      ,       ,      ,      ,   0.0, 3DDiff, 3704,      ,     10,  13.5,     18
2012-10-17, 12:35:24,  -05:00,       ,   47.9485893,  -97.1722412,   823.6, 29.09,   839.7,   9.5,   0.00,   0.00,   -0.61,   1.79,   0.33,  -0.00,  -0.04,   3.1, 266.6,  27.6,  27.6,   2.4,   0.2,  23.05,  23.71,     2.77,   87.42,   64.57, 1059.2,  220.49,  203.30,  225.53,  215.23, 1097.97, 1044.54, 1046.14, 1048.77,   751.8,   0,  GPS,  174.0, 109.10, 114.30, 118.400, 124.575,       ,       ,       ,      ,       ,       ,    3.5,       ,      ,       ,      ,      ,   0.0, 3DDiff, 3704,      ,     10,  13.5,     18
2012-10-17, 12:35:25,  -05:00,       ,   47.9485931,  -97.1722412,   823.6, 29.09,   839.0,   9.5,   0.00,   0.00,  -14.85,   1.89,   0.35,   0.01,   0.01,   3.5, 266.6,  27.5,  27.6,   2.3,   0.2,  23.01,  23.71,     3.01,   87.43,   66.64, 1165.9,  220.77,  203.56,  225.83,  215.48, 1097.25, 1045.39, 1047.68, 1049.10,   751.2,   0,  GPS,  174.0, 109.10, 114.30, 118.400, 124.575,       ,       ,       ,      ,       ,       ,    3.5,       ,      ,       ,      ,      ,   0.0, 3DDiff, 3704,      ,     10,  13.5,     18
2012-10-17, 12:35:26,  -05:00,       ,   47.9486008,  -97.1722412,   823.6, 29.09,   838.9,   9.5,   0.00,   0.00,   -3.81,   1.14,   0.38,  -0.00,   0.00,   3.7, 266.6,  27.5,  27.6,   2.3,   0.1,  23.01,  23.77,     3.03,   87.44,   67.02, 1192.8,  221.09,  203.82,  226.13,  215.73, 1099.06, 1049.37, 1052.38, 1053.13,   751.1,   0,  GPS,  174.0, 109.10, 114.30, 118.400, 124.575,       ,       ,       ,      ,       ,       ,    3.5,       ,      ,       ,      ,      ,  -3.9, 3DDiff, 3704,      ,     10,  13.5,     18
2012-10-17, 12:35:27,  -05:00,       ,   47.9486008,  -97.1722412,   824.6, 29.09,   838.8,   9.5,   0.00,   0.00,    9.71,   1.70,   0.37,  -0.00,  -0.01,   3.8, 266.6,  27.5,  27.5,   2.1,   0.1,  23.01,  23.77,     2.99,   87.45,   66.69, 1180.4,  221.39,  204.07,  226.40,  216.01, 1102.54, 1054.52, 1057.37, 1057.52,   751.0,   0,  GPS,  174.0, 109.10, 114.30, 118.400, 124.575,       ,       ,       ,      ,       ,       ,    3.5,       ,      ,       ,      ,      ,   0.0, 3DDiff, 3704,      ,     10,  13.5,     18
2012-10-17, 12:35:28,  -05:00,       ,   47.9486008,  -97.1722412,   823.6, 29.09,   838.8,   9.5,   0.00,   0.00,  -10.16,   1.69,   0.41,  -0.03,   0.00,   3.9, 266.6,  27.6,  27.7,   2.5,   0.2,  22.97,  23.83,     2.47,   87.45,   64.18, 1064.3,  221.69,  204.33,  226.69,  216.28, 1107.79, 1060.01, 1061.16, 1062.84,   751.0,   0,  GPS,  174.0, 109.10, 114.30, 118.400, 124.575,       ,       ,       ,      ,       ,       ,    3.5,       ,      ,       ,      ,      ,   0.0, 3DDiff, 3704,      ,     10,  13.5,     18
2012-10-17, 12:35:29,  -05:00,       ,   47.9486046,  -97.1722412,   823.6, 29.09,   839.3,   9.5,   0.00,   0.00,   -6.72,   1.32,   0.41,  -0.00,   0.02,   4.2, 266.6,  27.6,  27.6,   2.4,   0.2,  22.97,  23.77,     2.40,   87.46,   63.05,  981.5,  221.97,  204.51,  226.99,  216.52, 1111.51, 1065.30, 1062.76, 1067.08,   751.5,   0,  GPS,  174.0, 109.10, 114.30, 118.400, 124.575,       ,       ,       ,      ,       ,       ,    3.5,       ,      ,       ,      ,      ,   0.0, 3DDiff, 3704,      ,     10,  13.5,     18
2012-10-17, 12:35:30,  -05:00,       ,   47.9486084,  -97.1722412,   823.6, 29.09,   838.2,   9.5,   0.00,   0.00,   -0.29,   1.70,   0.43,   0.00,  -0.01,   4.3, 266.6,  27.5,  27.5,   2.2,   0.2,  22.97,  23.77,     2.36,   87.47,   62.69,  959.2,  222.21,  204.80,  227.21,  216.77, 1112.04, 1065.63, 1061.96, 1067.22,   750.3,   0,  GPS,  174.0, 109.10, 114.30, 118.400, 124.575,       ,       ,       ,      ,       ,       ,    3.5,       ,      ,       ,      ,      ,   0.0, 3DDiff, 3704,      ,     10,  13.5,     18
2012-10-17, 12:35:31,  -05:00,       ,   47.9486084,  -97.1722412,   823.6, 29.09,   838.9,   9.5,   0.00,   0.89,   -0.01,   1.58,   0.38,  -0.00,  -0.00,   4.5, 266.6,  27.5,  27.6,   2.2,   0.1,  22.97,  23.83,     2.40,   87.47,   62.58,  950.1,  222.61,  205.09,  227.58,  217.08, 1110.35, 1063.67, 1061.48, 1066.31,   751.1,   0,  GPS,  174.0, 109.10, 114.30, 118.400, 124.575,       ,       ,       ,      ,       ,       ,    3.5,       ,      ,       ,      ,      ,   0.0, 3DDiff, 3704,      ,     10,  13.5,     18
2012-10-17, 12:35:32,  -05:00,       ,   47.9486160,  -97.1722412,   823.6, 29.09,   838.9,   9.5,   0.00,   1.40,  -10.70,   1.56,   0.44,  -0.02,  -0.00,   4.9, 266.6,  27.5,  27.6,   2.3,   0.1,  23.05,  23.83,     2.36,   87.48,   62.75,  958.4,  222.95,  205.36,  227.84,  217.38, 1107.59, 1061.75, 1060.43, 1066.11,   751.1,   0,  GPS,  174.0, 109.10, 114.30, 118.400, 124.575,       ,       ,       ,      ,       ,       ,    3.5,       ,      ,       ,      ,      ,   0.0, 3DDiff, 3704,      ,     10,  13.5,     18
2012-10-17, 12:35:33,  -05:00,       ,   47.9486237,  -97.1722412,   822.6, 29.09,   839.0,   9.5,   0.00,   1.87,  -15.79,   1.59,   0.26,  -0.01,   0.02,   6.8, 266.6,  27.5,  27.6,   2.3,   0.2,  23.05,  23.83,     2.36,   87.49,   62.82,  963.5,  223.22,  205.59,  228.16,  217.65, 1106.90, 1059.92, 1059.26, 1066.27,   751.2,   0,  GPS,  174.0, 109.10, 114.30, 118.400, 124.575,       ,       ,       ,      ,       ,       ,    3.5,       ,      ,       ,      ,      ,  -3.9, 3DDiff, 3704,      ,     10,  13.5,     18
2012-10-17, 12:35:34,  -05:00,       ,   47.9486313,  -97.1722336,   823.6, 29.09,   839.1,   9.5,   0.00,   2.00,   -2.95,   1.46,   0.38,   0.02,   0.01,  10.9, 266.6,  27.5,  27.6,   2.3,   0.1,  23.05,  23.83,     2.34,   87.50,   63.00,  974.9,  223.51,  205.85,  228.43,  217.91, 1107.73, 1058.39, 1057.56, 1066.23,   751.3,   0,  GPS,  174.0, 109.10, 114.30, 118.400, 124.575,       ,       ,       ,      ,       ,       ,    3.5,       ,      ,       ,      ,      ,  -3.9, 3DDiff, 3704,      ,     10,  13.5,     18
2012-10-17, 12:35:35,  -05:00,       ,   47.9486427,  -97.1722336,   823.6, 29.09,   839.4,   9.5,   0.00,   2.12,   -0.11,   1.81,   0.31,  -0.00,  -0.01,  15.8,   8.6,  27.5,  27.5,   2.1,   0.2,  23.05,  23.83,     2.34,   87.50,   63.04,  976.5,  223.79,  206.08,  228.73,  218.16, 1107.51, 1056.24, 1057.32, 1067.17,   751.6,   0,  GPS,  174.0, 109.10, 114.30, 118.400, 124.575,       ,       ,       ,      ,       ,       ,    3.5,       ,      ,       ,      ,      ,  -3.9, 3DDiff, 3704,      ,     12,  21.0,     17
2012-10-17, 12:35:36,  -05:00,       ,   47.9486542,  -97.1722183,   822.6, 29.09,   840.0,   9.5,   0.00,   2.20,   -0.00,   2.08,   0.29,   0.02,   0.03,  21.2,  13.8,  27.5,  27.5,   2.3,   0.1,  23.05,  23.87,     2.35,   87.51,   62.83,  968.0,  224.10,  206.35,  228.98,  218.43, 1107.62, 1055.65, 1057.77, 1067.30,   752.2,   0,  GPS,  174.0, 109.10, 114.30, 118.400, 124.575,       ,       ,       ,      ,       ,       ,    3.5,       ,      ,       ,      ,      ,  -3.9, 3DDiff, 3704,      ,     12,  21.0,     16
2012-10-17, 12:35:37,  -05:00,       ,   47.9486618,  -97.1722183,   822.6, 29.09,   839.5,   9.5,   0.00,   2.25,   -0.00,   1.85,   0.18,   0.02,  -0.00,  27.3,  19.1,  27.5,  27.6,   2.4,   0.0,  23.01,  23.94,     2.38,   87.52,   62.68,  958.6,  224.37,  206.59,  229.24,  218.68, 1107.88, 1056.96, 1057.78, 1067.82,   751.7,   0,  GPS,  174.0, 109.10, 114.30, 118.400, 124.575,       ,       ,       ,      ,       ,       ,    3.5,       ,      ,       ,      ,      ,   0.0, 3DDiff, 3704,      ,     12,  21.0,     16
2012-10-17, 12:35:38,  -05:00,       ,   47.9486771,  -97.1722183,   822.6, 29.09,   839.4,   9.5,   0.00,   2.33,   -0.00,   2.07,   0.01,   0.01,   0.03,  33.7,  25.5,  27.6,  27.6,   2.4,   0.1,  22.97,  23.94,     2.39,   87.53,   62.82,  966.7,  224.65,  206.78,  229.49,  218.93, 1106.07, 1057.35, 1056.91, 1068.14,   751.6,   0,  GPS,  174.0, 109.10, 114.30, 118.400, 124.575,       ,       ,       ,      ,       ,       ,    3.5,       ,      ,       ,      ,      ,   0.0, 3DDiff, 3704,      ,     12,  21.5,     16
2012-10-17, 12:35:39,  -05:00,       ,   47.9486885,  -97.1722107,   822.6, 29.09,   839.4,   9.5,   0.00,   2.43,   -0.00,   1.61,   0.09,   0.01,  -0.02,  40.8,  32.6,  27.5,  27.5,   2.4,   0.2,  22.95,  23.94,     2.34,   87.54,   62.77,  965.2,  224.93,  207.05,  229.75,  219.18, 1104.97, 1057.23, 1056.22, 1066.34,   751.6,   0,  GPS,  174.0, 109.10, 114.30, 118.400, 124.575,       ,       ,       ,      ,       ,       ,    3.5,       ,      ,       ,      ,      ,   0.0, 3DDiff, 3704,      ,     14,  26.5,     20
2012-10-17, 12:35:40,  -05:00,       ,   47.9486923,  -97.1721954,   822.6, 29.09,   839.5,   9.5,   0.00,   2.35,   -0.00,   1.60,   0.21,  -0.01,  -0.04,  48.5,  39.5,  27.4,  27.5,   2.2,   0.1,  22.91,  24.00,     2.38,   87.55,   62.78,  964.5,  225.22,  207.28,  229.99,  219.42, 1104.60, 1057.01, 1054.60, 1066.76,   751.7,   0,  GPS,  174.0, 109.10, 114.30, 118.400, 124.575,       ,       ,       ,      ,       ,       ,    3.5,       ,      ,       ,      ,      ,  -3.9, 3DDiff, 3704,      ,     14,  27.0,     20
2012-10-17, 12:35:41,  -05:00,       ,   47.9487000,  -97.1721878,   823.6, 29.09,   839.6,   9.5,   0.00,   2.04,   -0.00,   1.92,   0.16,   0.01,   0.00,  56.8,  46.7,  27.5,  27.5,   2.2,   0.1,  22.82,  24.00,     2.37,   87.56,   62.88,  970.9,  225.44,  207.50,  230.26,  219.67, 1105.68, 1056.95, 1054.07, 1067.65,   751.7,   0,  GPS,  174.0, 109.10, 114.30, 118.400, 124.575,       ,       ,       ,      ,       ,       ,    3.5,       ,      ,       ,      ,      ,  -3.9, 3DDiff, 3704,      ,     14,  26.0,     20
2012-10-17, 12:35:42,  -05:00,       ,   47.9487038,  -97.1721802,   822.6, 29.09,   838.0,   9.5,   0.00,   1.92,   -0.00,   1.97,   0.12,   0.00,  -0.02,  63.5,  46.7,  27.5,  27.5,   2.3,   0.1,  22.82,  24.00,     2.38,   87.57,   63.06,  975.6,  225.72,  207.72,  230.47,  219.91, 1107.30, 1057.28, 1054.30, 1068.03,   750.2,   0,  GPS,  174.0, 109.10, 114.30, 118.400, 124.575,       ,       ,       ,      ,       ,       ,    3.5,       ,      ,       ,      ,      ,  -3.9, 3DDiff, 3704,      ,     14,  26.0,     20
2012-10-17, 12:35:43,  -05:00,       ,   47.9487038,  -97.1721573,   822.6, 29.09,   839.7,   9.5,   0.00,   2.12,   -5.61,   2.05,   0.01,   0.00,   0.02,  70.9,  61.6,  27.5,  27.6,   2.3,   0.2,  22.80,  24.00,     2.34,   87.59,   63.20,  985.5,  225.97,  207.93,  230.71,  220.15, 1109.12, 1056.91, 1055.37, 1069.28,   751.9,   0,  GPS,  174.0, 109.10, 114.30, 118.400, 124.575,       ,       ,       ,      ,       ,       ,    3.5,       ,      ,       ,      ,      ,  -3.9, 3DDiff, 3704,      ,     13,  26.0,     19
2012-10-17, 12:35:44,  -05:00,       ,   47.9487076,  -97.1721420,   822.6, 29.09,   839.7,   9.5,   0.00,   2.27,   -5.96,   2.35,  -0.05,   0.02,   0.00,  78.0,  68.6,  27.6,  27.6,   2.4,   0.2,  22.76,  24.00,     2.38,   87.60,   63.14,  983.2,  226.23,  208.13,  230.92,  220.35, 1111.48, 1057.40, 1056.75, 1070.91,   751.9,   0,  GPS,  174.0, 109.10, 114.30, 118.400, 124.575,       ,       ,       ,      ,       ,       ,    3.5,       ,      ,       ,      ,      ,   0.0, 3DDiff, 3704,      ,     14,  26.5,     19
2012-10-17, 12:35:45,  -05:00,       ,   47.9487076,  -97.1721268,   822.6, 29.09,   839.8,   9.5,   0.00,   2.59,   -6.35,   2.42,  -0.09,   0.02,   0.00,  83.6,  76.2,  27.5,  27.5,   2.1,   0.2,  22.72,  24.00,     2.40,   87.61,   63.14,  987.4,  226.48,  208.37,  231.16,  220.60, 1113.87, 1057.85, 1058.09, 1073.17,   752.0,   0,  GPS,  174.0, 109.10, 114.30, 118.400, 124.575,       ,       ,       ,      ,       ,       ,    3.5,       ,      ,       ,      ,      ,  -3.9, 3DDiff, 3704,      ,     14,  26.5,     20
2012-10-17, 12:35:46,  -05:00,       ,   47.9487114,  -97.1721039,   822.6, 29.09,   840.0,   9.5,   0.00,   2.82,   -0.28,   2.38,  -0.24,   0.02,   0.00,  87.1,  80.6,  27.5,  27.5,   2.2,   0.1,  22.66,  24.00,     2.39,   87.62,   63.14,  987.1,  226.72,  208.59,  231.40,  220.84, 1114.77, 1057.31, 1059.59, 1075.00,   752.2,   0,  GPS,  174.0, 109.10, 114.30, 118.400, 124.575,       ,       ,       ,      ,       ,       ,    3.5,       ,      ,       ,      ,      ,   7.9, 3DDiff, 3704,      ,     14,  27.0,     20
2012-10-17, 12:35:47,  -05:00,       ,   47.9487114,  -97.1720810,   822.6, 29.09,   839.8,   9.5,   0.00,   3.09,   -0.62,   2.64,  -0.22,   0.01,  -0.01,  87.6,  84.9,  27.5,  27.6,   2.4,   0.1,  22.61,  24.00,     2.39,   87.63,   62.92,  974.9,  226.96,  208.82,  231.66,  221.08, 1116.99, 1057.47, 1059.87, 1076.82,   751.9,   0,  GPS,  174.0, 109.10, 114.30, 118.400, 124.575,       ,       ,       ,      ,       ,       ,    3.5,       ,      ,       ,      ,      ,  -3.9, 3DDiff, 3704,      ,     14,  26.0,     20
2012-10-17, 12:35:48,  -05:00,       ,   47.9487114,  -97.1720581,   822.6, 29.09,   841.4,   9.5,   0.00,   3.21,   -9.77,   2.53,  -0.30,  -0.00,  -0.01,  87.6,  83.5,  27.5,  27.6,   2.3,   0.1,  22.61,  24.00,     2.36,   87.64,   62.98,  973.7,  227.23,  209.03,  231.85,  221.26, 1118.42, 1057.28, 1059.36, 1079.03,   753.6,   0,  GPS,  174.0, 109.10, 114.30, 118.400, 124.575,       ,       ,       ,      ,       ,       ,    3.5,       ,      ,       ,      ,      ,  15.7, 3DDiff, 3704,      ,     14,  26.0,     20
2012-10-17, 12:35:49,  -05:00,       ,   47.9487114,  -97.1720428,   821.6, 29.09,   840.3,   9.5,   0.00,   3.38,  -10.80,   2.65,  -0.43,   0.01,   0.00,  87.6,  85.2,  27.5,  27.5,   2.2,   0.2,  22.57,  24.00,     2.43,   87.65,   62.98,  974.3,  227.43,  209.21,  232.08,  221.51, 1120.00, 1056.83, 1059.34, 1079.19,   752.5,   0,  GPS,  174.0, 109.10, 114.30, 118.400, 124.575,       ,       ,       ,      ,       ,       ,    3.5,       ,      ,       ,      ,      ,  -3.9, 3DDiff, 3704,      ,     14,  26.5,     19
2012-10-17, 12:35:50,  -05:00,       ,   47.9487190,  -97.1720200,   821.6, 29.09,   840.3,   9.5,   0.00,   3.54,   -6.73,   2.49,  -0.47,   0.02,  -0.02,  88.3,  85.4,  27.4,  27.5,   2.1,   0.1,  22.57,  24.00,     2.41,   87.66,   62.76,  961.4,  227.67,  209.41,  232.29,  221.74, 1120.62, 1056.51, 1060.79, 1076.93,   752.5,   0,  GPS,  174.0, 109.10, 114.30, 118.400, 124.575,       ,       ,       ,      ,       ,       ,    3.5,       ,      ,       ,      ,      ,   0.0, 3DDiff, 3704,      ,     14,  26.5,     19
2012-10-17, 12:35:51,  -05:00,       ,   47.9487190,  -97.1719894,   821.6, 29.09,   840.3,   9.5,   0.00,   3.75,   -6.24,   2.57,  -0.47,   0.01,  -0.01,  88.5,  86.5,  27.5,  27.5,   2.2,   0.1,  22.47,  24.00,     2.37,   87.68,   62.71,  959.6,  227.91,  209.61,  232.50,  221.94, 1119.26, 1056.87, 1061.42, 1074.63,   752.5,   0,  GPS,  174.0, 109.10, 114.30, 118.400, 124.575,       ,       ,       ,      ,       ,       ,    3.5,       ,      ,       ,      ,      ,  -3.9, 3DDiff, 3704,      ,     14,  26.5,     20
2012-10-17, 12:35:52,  -05:00,       ,   47.9487190,  -97.1719589,   821.6, 29.09,   840.2,   9.5,   0.00,   3.85,   -2.04,   2.41,  -0.46,   0.01,  -0.04,  88.5,  87.5,  27.5,  27.5,   2.2,   0.1,  22.47,  24.00,     2.38,   87.69,   62.71,  958.8,  228.17,  209.87,  232.73,  222.17, 1117.50, 1056.92, 1060.79, 1073.79,   752.4,   0,  GPS,  174.0, 109.10, 114.30, 118.400, 124.575,       ,       ,       ,      ,       ,       ,    3.5,       ,      ,       ,      ,      ,  -3.9, 3DDiff, 3704,      ,     14,  27.0,     20
2012-10-17, 12:35:53,  -05:00,       ,   47.9487190,  -97.1719360,   821.6, 29.09,   840.5,   9.5,   0.00,   3.91,   -0.07,   2.56,  -0.43,  -0.00,   0.01,  88.5,  88.0,  27.5,  27.5,   2.3,   0.1,  22.40,  24.00,     2.37,   87.70,   62.83,  966.5,  228.38,  210.07,  232.94,  222.37, 1118.08, 1056.70, 1061.13, 1073.85,   752.7,   0,  GPS,  174.0, 109.10, 114.30, 118.400, 124.575,       ,       ,       ,      ,       ,       ,    3.5,       ,      ,       ,      ,      ,  -3.9, 3DDiff, 3704,      ,     14,  26.0,     20
2012-10-17, 12:35:54,  -05:00,       ,   47.9487190,  -97.1719055,   821.6, 29.09,   839.2,   9.5,   0.00,   3.95,   -9.75,   2.41,  -0.45,   0.01,  -0.01,  88.1,  87.3,  27.5,  27.5,   2.3,   0.1,  22.40,  24.00,     2.41,   87.71,   62.79,  966.1,  228.59,  210.26,  233.12,  222.59, 1119.39, 1056.17, 1060.83, 1074.91,   751.4,   0,  GPS,  174.0, 109.10, 114.30, 118.400, 124.575,       ,       ,       ,      ,       ,       ,    3.5,       ,      ,       ,      ,      ,   0.0, 3DDiff, 3704,      ,     14,  26.0,     20
2012-10-17, 12:35:55,  -05:00,       ,   47.9487114,  -97.1718826,   821.6, 29.09,   841.0,   9.5,   0.00,   4.06,  -15.73,   2.56,  -0.48,   0.01,   0.02,  87.6,  86.9,  27.4,  27.5,   2.1,   0.2,  22.40,  24.00,     2.38,   87.72,   62.78,  964.7,  228.75,  210.40,  233.29,  222.77, 1119.40, 1055.60, 1059.59, 1076.61,   753.2,   0,  GPS,  174.0, 109.10, 114.30, 118.400, 124.575,       ,       ,       ,      ,       ,       ,    3.5,       ,      ,       ,      ,      ,  -3.9, 3DDiff, 3704,      ,     14,  26.5,     19
2012-10-17, 12:35:56,  -05:00,       ,   47.9487114,  -97.1718445,   821.6, 29.09,   840.9,   9.5,   0.00,   4.12,  -15.99,   2.21,  -0.45,   0.01,  -0.02,  87.2,  86.6,  27.4,  27.5,   2.1,   0.0,  22.36,  24.00,     2.41,   87.74,   62.84,  968.3,  228.93,  210.62,  233.48,  222.97, 1118.48, 1055.03, 1060.05, 1076.61,   753.1,   0,  GPS,  174.0, 109.10, 114.30, 118.400, 124.575,       ,       ,       ,      ,       ,       ,    3.5,       ,      ,       ,      ,      ,  -3.9, 3DDiff, 3704,      ,     14,  26.5,     19
2012-10-17, 12:35:57,  -05:00,       ,   47.9487114,  -97.1718292,   821.6, 29.09,   841.0,   9.5,   0.00,   3.58,   -3.98,   2.33,  -0.47,   0.02,  -0.01,  87.3,  86.7,  27.5,  27.5,   2.3,   0.1,  22.36,  24.00,     2.36,   87.75,   62.78,  966.1,  229.23,  210.87,  233.73,  223.25, 1118.79, 1055.08, 1059.10, 1075.89,   753.2,   0,  GPS,  174.0, 109.10, 114.30, 118.400, 124.575,       ,       ,       ,      ,       ,       ,    3.5,       ,      ,       ,      ,      ,   0.0, 3DDiff, 3704,      ,     14,  26.5,     20
2012-10-17, 12:35:58,  -05:00,       ,   47.9487114,  -97.1718063,   821.6, 29.09,   840.9,   9.5,   0.00,   2.76,   -0.15,   2.07,  -0.44,   0.01,  -0.03,  87.3,  86.9,  27.5,  27.6,   2.3,   0.1,  22.36,  24.00,     2.38,   87.76,   62.78,  965.6,  229.37,  211.02,  233.91,  223.42, 1118.50, 1055.30, 1059.22, 1074.16,   753.1,   0,  GPS,  174.0, 109.10, 114.30, 118.400, 124.575,       ,       ,       ,      ,       ,       ,    3.5,       ,      ,       ,      ,      ,   0.0, 3DDiff, 3704,      ,     14,  27.0,     20
2012-10-17, 12:35:59,  -05:00,       ,   47.9487114,  -97.1717987,   821.6, 29.09,   840.7,   9.5,   0.00,   1.89,   -0.00,   2.05,  -0.40,   0.01,  -0.04,  87.3,  86.9,  27.4,  27.5,   2.1,   0.1,  22.40,  24.00,     2.37,   87.77,   62.71,  963.5,  229.58,  211.24,  234.10,  223.61, 1117.93, 1055.30, 1057.78, 1073.46,   752.9,   0,  GPS,  174.0, 109.10, 114.30, 118.400, 124.575,       ,       ,       ,      ,       ,       ,    3.5,       ,      ,       ,      ,      ,   0.0, 3DDiff, 3704,      ,     14,  26.0,     20
2012-10-17, 12:36:00,  -05:00,       ,   47.9487114,  -97.1717834,   821.6, 29.09,   841.6,   9.5,   0.00,   1.07,   -0.00,   2.41,  -0.45,  -0.00,   0.02,  87.3,  86.9,  27.4,  27.5,   2.0,   0.1,  22.40,  24.00,     2.40,   87.79,   62.66,  962.0,  229.83,  211.51,  234.33,  223.88, 1117.76, 1055.53, 1056.53, 1072.19,   753.8,   0,  GPS,  174.0, 109.10, 114.30, 118.400, 124.575,       ,       ,       ,      ,       ,       ,    3.5,       ,      ,       ,      ,      ,  19.7, 3DDiff, 3704,      ,     14,  26.5,     20
2012-10-17, 12:36:01,  -05:00,       ,   47.9487190,  -97.1717834,   821.6, 29.09,   840.1,   9.5,   0.00,   0.00,   -0.00,   2.35,  -0.47,  -0.00,  -0.01,  87.3,  86.9,  27.4,  27.5,   2.1,   0.1,  22.42,  24.00,     2.39,   87.80,   62.53,  952.4,  230.01,  211.65,  234.52,  224.04, 1117.03, 1055.86, 1056.11, 1071.27,   752.3,   0,  GPS,  174.0, 109.10, 114.30, 118.400, 124.575,       ,       ,       ,      ,       ,       ,    3.5,       ,      ,       ,      ,      ,   0.0, 3DDiff, 3704,      ,     14,  26.5,     19
2012-10-17, 12:36:02,  -05:00,       ,   47.9487190,  -97.1717911,   820.6, 29.09,   839.9,   9.5,   0.00,   0.00,  -11.73,   2.37,  -0.47,   0.01,   0.02,  87.3,  86.9,  27.5,  27.5,   2.1,   0.1,  22.42,  24.00,     2.41,   87.82,   62.55,  953.5,  230.16,  211.83,  234.65,  224.21, 1116.66, 1055.20, 1056.70, 1070.10,   752.1,   0,  GPS,  174.0, 109.10, 114.30, 118.400, 124.575,       ,       ,       ,      ,       ,       ,    3.5,       ,      ,       ,      ,      ,   0.0, 3DDiff, 3704,      ,     14,  26.5,     19
2012-10-17, 12:36:03,  -05:00,       ,   47.9487190,  -97.1717911,   820.6, 29.09,   839.5,   9.5,   0.00,   0.00,  -15.00,   2.32,  -0.44,   0.02,  -0.02,  87.3,  86.9,  27.5,  27.5,   2.3,   0.1,  22.47,  24.00,     2.40,   87.83,   62.56,  953.9,  230.39,  212.03,  234.85,  224.43, 1116.02, 1054.30, 1057.83, 1068.34,   751.7,   0,  GPS,  174.0, 109.10, 114.30, 118.400, 124.575,       ,       ,       ,      ,       ,       ,    3.5,       ,      ,       ,      ,      ,   0.0, 3DDiff, 3704,      ,     10,  13.5,     18
2012-10-17, 12:36:04,  -05:00,       ,   47.9487190,  -97.1717911,   820.6, 29.09,   839.4,   9.5,   0.00,   0.00,   -6.77,   2.34,  -0.49,  -0.00,   0.02,  87.3,  86.9,  27.5,  27.5,   2.2,   0.1,  22.47,  24.00,     2.37,   87.84,   62.57,  955.2,  230.56,  212.27,  235.04,  224.63, 1113.08, 1054.56, 1058.27, 1066.29,   751.6,   0,  GPS,  174.0, 109.10, 114.30, 118.400, 124.575,       ,       ,       ,      ,       ,       ,    3.5,       ,      ,       ,      ,      ,   0.0, 3DDiff, 3704,      ,     10,  13.5,     18
2012-10-17, 12:36:05,  -05:00,       ,   47.9487190,  -97.1717911,   820.6, 29.09,   839.7,   9.5,   0.00,   0.00,   -0.91,   2.27,  -0.52,   0.00,  -0.01,  87.3,  86.9,  27.4,  27.5,   2.2,   0.2,  22.51,  24.00,     2.41,   87.86,   62.58,  956.3,  230.87,  212.53,  235.30,  224.89, 1109.90, 1055.59, 1057.40, 1066.05,   751.8,   0,  GPS,  174.0, 109.10, 114.30, 118.400, 124.575,       ,       ,       ,      ,       ,       ,    3.5,       ,      ,       ,      ,      ,   0.0, 3DDiff, 3704,      ,     10,  13.5,     18
2012-10-17, 12:36:06,  -05:00,       ,   47.9487190,  -97.1717987,   820.6, 29.09,   838.5,   9.5,   0.00,   0.00,   -0.04,   2.26,  -0.48,   0.01,  -0.02,  87.3,  86.9,  27.5,  27.5,   2.2,   0.1,  22.51,  24.00,     2.40,   87.87,   62.64,  959.4,  231.06,  212.71,  235.52,  225.14, 1108.42, 1055.76, 1057.60, 1065.37,   750.7,   0,  GPS,  174.0, 109.10, 114.30, 118.400, 124.575,       ,       ,       ,      ,       ,       ,    3.5,       ,      ,       ,      ,      ,   0.0, 3DDiff, 3704,      ,     10,  13.5,     18
2012-10-17, 12:36:07,  -05:00,       ,   47.9487114,  -97.1717911,   820.6, 29.09,   839.8,   9.5,   0.00,   0.00,   -0.00,   2.25,  -0.52,  -0.00,  -0.01,  87.3,  86.9,  27.5,  27.5,   2.2,   0.1,  22.51,  24.00,     2.38,   87.89,   62.60,  956.5,  231.22,  212.87,  235.62,  225.30, 1106.93, 1054.27, 1058.30, 1064.64,   752.0,   0,  GPS,  174.0, 109.10, 114.30, 118.400, 124.575,       ,       ,       ,      ,       ,       ,    3.5,       ,      ,       ,      ,      ,   0.0, 3DDiff, 3704,      ,     10,  13.0,     17
2012-10-17, 12:36:08,  -05:00,       ,   47.9487114,  -97.1717911,   820.6, 29.09,   839.8,   9.5,   0.00,   0.00,    3.75,   2.27,  -0.56,   0.00,   0.02,  87.3,  86.9,  27.5,  27.6,   2.3,   0.1,  22.51,  24.00,     2.43,   87.91,   62.29,  941.4,  231.31,  213.02,  235.73,  225.43, 1104.27, 1052.86, 1058.65, 1063.95,   751.9,   0,  GPS,  174.0, 109.10, 114.30, 118.400, 124.575,       ,       ,       ,      ,       ,       ,    3.5,       ,      ,       ,      ,      ,   0.0, 3DDiff, 3704,      ,     10,  13.5,     18
2012-10-17, 12:36:09,  -05:00,       ,   47.9487114,  -97.1717911,   820.6, 29.09,   839.7,   9.5,   0.00,   0.00,   11.33,   2.24,  -0.32,   0.01,  -0.02,  87.3,  86.9,  27.5,  27.6,   2.3,   0.1,  22.51,  24.00,     2.40,   87.92,   62.53,  953.6,  231.51,  213.21,  235.91,  225.64, 1101.34, 1052.19, 1057.71, 1062.57,   751.9,   0,  GPS,  174.0, 109.10, 114.30, 118.400, 124.575,       ,       ,       ,      ,       ,       ,    3.5,       ,      ,       ,      ,      ,   0.0, 3DDiff, 3704,      ,     10,  13.5,     18
2012-10-17, 12:36:10,  -05:00,       ,   47.9487114,  -97.1717911,   820.6, 29.09,   839.6,   9.5,   0.00,   0.00,  -12.73,   2.25,  -0.45,  -0.00,  -0.00,  87.3,  86.9,  27.5,  27.5,   2.1,   0.1,  22.55,  24.00,     2.41,   87.94,   62.57,  956.4,  231.69,  213.41,  236.09,  225.81, 1098.49, 1051.52, 1057.16, 1060.92,   751.8,   0,  GPS,  174.0, 109.10, 114.30, 118.400, 124.575,       ,       ,       ,      ,       ,       ,    3.5,       ,      ,       ,      ,      ,   0.0, 3DDiff, 3704,      ,     10,  13.5,     18
2012-10-17, 12:36:11,  -05:00,       ,   47.9487114,  -97.1717911,   819.6, 29.09,   838.3,   9.5,   0.00,   0.00,  -13.81,   2.31,  -0.56,   0.01,   0.01,  87.3,  86.9,  27.5,  27.6,   2.3,   0.1,  22.57,  24.00,     2.44,   87.96,   62.45,  950.6,  231.92,  213.69,  236.35,  226.07, 1096.92, 1050.22, 1057.33, 1060.21,   750.5,   0,  GPS,  174.0, 109.10, 114.30, 118.400, 124.575,       ,       ,       ,      ,       ,       ,    3.5,       ,      ,       ,      ,      ,   0.0, 3DDiff, 3704,      ,     10,  13.5,     18
2012-10-17, 12:36:12,  -05:00,       ,   47.9487114,  -97.1717911,   819.6, 29.09,   839.3,   9.5,   0.00,   0.00,  -15.91,   2.24,  -0.42,   0.00,  -0.01,  87.3,  86.9,  27.5,  27.5,   2.1,   0.1,  22.57,  24.00,     2.41,   87.97,   62.57,  955.8,  232.19,  213.92,  236.59,  226.33, 1096.92, 1050.81, 1057.12, 1060.36,   751.5,   0,  GPS,  174.0, 109.10, 114.30, 118.400, 124.575,       ,       ,       ,      ,       ,       ,    3.5,       ,      ,       ,      ,      ,   0.0, 3DDiff, 3704,      ,     10,  13.5,     18
2012-10-17, 12:36:13,  -05:00,       ,   47.9487190,  -97.1717911,   820.6, 29.09,   838.2,   9.5,   0.00,   0.00,   -2.17,   2.36,  -0.53,   0.01,   0.00,  87.3,  86.9,  27.5,  27.6,   2.3,   0.1,  22.55,  24.00,     2.40,   87.99,   62.72,  964.3,  232.31,  214.09,  236.71,  226.49, 1097.07, 1052.05, 1056.44, 1059.36,   750.4,   0,  GPS,  174.0, 109.10, 114.30, 118.400, 124.575,       ,       ,       ,      ,       ,       ,    3.5,       ,      ,       ,      ,      ,  -3.9, 3DDiff, 3704,      ,     10,  13.0,     17
2012-10-17, 12:36:14,  -05:00,       ,   47.9487190,  -97.1717911,   819.6, 29.09,   838.2,   9.5,   0.00,   0.00,   -0.07,   2.35,  -0.53,   0.00,   0.00,  87.3,  86.9,  27.5,  27.5,   2.2,   0.1,  22.57,  24.00,     2.39,   88.01,   62.59,  958.3,  232.42,  214.20,  236.83,  226.62, 1099.48, 1053.77, 1055.59, 1059.88,   750.4,   0,  GPS,  174.0, 109.10, 114.30, 118.400, 124.575,       ,       ,       ,      ,       ,       ,    3.5,       ,      ,       ,      ,      ,  -3.9, 3DDiff, 3704,      ,     10,  13.5,     18
2012-10-17, 12:36:15,  -05:00,       ,   47.9487190,  -97.1717911,   819.6, 29.09,   838.1,   9.5,   0.00,   0.00,  -12.02,   2.29,  -0.46,  -0.00,  -0.03,  87.3,  86.9,  27.4,  27.5,   2.0,   0.2,  22.57,  24.00,     2.37,   88.03,   62.63,  958.8,  232.60,  214.43,  236.99,  226.82, 1101.84, 1055.32, 1054.73, 1060.52,   750.3,   0,  GPS,  174.0, 109.10, 114.30, 118.400, 124.575,       ,       ,       ,      ,       ,       ,    3.5,       ,      ,       ,      ,      ,   0.0, 3DDiff, 3704,      ,     10,  13.5,     18
2012-10-17, 12:36:16,  -05:00,       ,   47.9487190,  -97.1717911,   819.6, 29.09,   838.0,   9.5,   0.00,   0.00,  -12.88,   2.48,  -0.52,   0.00,   0.01,  87.3,  86.9,  27.6,  27.6,   2.3,   0.1,  22.55,  24.00,     2.39,   88.05,   62.65,  960.7,  232.82,  214.67,  237.20,  227.07, 1103.51, 1055.52, 1053.64, 1059.78,   750.1,   0,  GPS,  174.0, 109.10, 114.30, 118.400, 124.575,       ,       ,       ,      ,       ,       ,    3.5,       ,      ,       ,      ,      ,   0.0, 3DDiff, 3704,      ,     10,  13.5,     18
2012-10-17, 12:36:17,  -05:00,       ,   47.9487190,  -97.1717834,   818.6, 29.09,   838.5,   9.5,   0.00,   0.00,  -15.85,   2.48,  -0.48,  -0.00,   0.00,  87.3,  86.9,  27.5,  27.6,   2.2,   0.1,  22.61,  24.00,     2.38,   88.06,   62.62,  961.7,  233.09,  214.89,  237.45,  227.35, 1107.23, 1056.11, 1052.92, 1058.95,   750.7,   0,  GPS,  174.0, 109.10, 114.30, 118.400, 124.575,       ,       ,       ,      ,       ,       ,    3.5,       ,      ,       ,      ,      ,  11.8, 3DDiff, 3704,      ,     10,  13.5,     18
2012-10-17, 12:36:18,  -05:00,       ,   47.9487190,  -97.1717758,   819.6, 29.09,   837.0,   9.5,   0.00,   0.00,   -7.90,   2.41,  -0.45,  -0.01,  -0.02,  87.3,  86.9,  27.5,  27.5,   2.2,   0.1,  22.61,  24.00,     2.39,   88.08,   62.73,  966.4,  233.52,  215.49,  237.86,  227.82, 1109.40, 1057.17, 1054.26, 1057.85,   749.2,   0,  GPS,  174.0, 109.10, 114.30, 118.400, 124.575,       ,       ,       ,      ,       ,       ,    3.5,       ,      ,       ,      ,      ,   0.0, 3DDiff, 3704,      ,     10,  13.5,     18
2012-10-17, 12:36:19,  -05:00,       ,   47.9487190,  -97.1717682,   818.6, 29.09,   838.2,   9.5,   0.00,   1.15,   -0.49,   2.53,  -0.45,   0.00,   0.01,  87.3,  86.9,  27.5,  27.5,   2.2,   0.2,  22.61,  24.00,     2.38,   88.10,   62.71,  967.2,  234.11,  216.05,  238.50,  228.44, 1110.11, 1057.12, 1056.81, 1057.44,   750.4,   0,  GPS,  174.0, 109.10, 114.30, 118.400, 124.575,       ,       ,       ,      ,       ,       ,    3.5,       ,      ,       ,      ,      ,   0.0, 3DDiff, 3704,      ,     10,  13.5,     17
2012-10-17, 12:36:20,  -05:00,       ,   47.9487114,  -97.1717606,   818.6, 29.09,   838.2,   9.5,   0.00,   1.50,   -2.10,   2.29,  -0.49,   0.01,  -0.04,  87.3,  86.9,  27.5,  27.5,   2.1,   0.1,  22.61,  24.00,     2.38,   88.12,   62.62,  960.8,  234.36,  216.31,  238.75,  228.73, 1109.18, 1056.42, 1058.65, 1058.32,   750.4,   0,  GPS,  174.0, 109.10, 114.30, 118.400, 124.575,       ,       ,       ,      ,       ,       ,    3.5,       ,      ,       ,      ,      ,   0.0, 3DDiff, 3704,      ,     10,  13.5,     18
2012-10-17, 12:36:21,  -05:00,       ,   47.9487114,  -97.1717453,   818.6, 29.09,   838.1,   9.5,   0.00,   1.81,   -4.34,   2.46,  -0.44,   0.00,   0.01,  87.3,  86.9,  27.5,  27.5,   2.2,   0.2,  22.61,  24.00,     2.36,   88.14,   62.57,  957.9,  234.26,  216.09,  238.62,  228.68, 1106.99, 1056.21, 1058.95, 1058.49,   750.3,   0,  GPS,  174.0, 109.10, 114.30, 118.400, 124.575,       ,       ,       ,      ,       ,       ,    3.5,       ,      ,       ,      ,      ,  -3.9, 3DDiff, 3704,      ,     10,  13.5,     18
2012-10-17, 12:36:22,  -05:00,       ,   47.9487114,  -97.1717377,   818.6, 29.09,   838.2,   9.5,   0.00,   2.16,  -12.31,   2.53,  -0.40,   0.00,   0.03,  87.3,  86.6,  27.5,  27.6,   2.2,   0.1,  22.66,  24.00,     2.36,   88.17,   62.54,  955.6,  234.20,  216.28,  238.58,  228.59, 1104.55, 1055.55, 1058.63, 1060.53,   750.4,   0,  GPS,  174.0, 109.10, 114.30, 118.400, 124.575,       ,       ,       ,      ,       ,       ,    3.5,       ,      ,       ,      ,      ,   0.0, 3DDiff, 3704,      ,     10,  13.5,     18
2012-10-17, 12:36:23,  -05:00,       ,   47.9487114,  -97.1717148,   818.6, 29.09,   838.0,   9.5,   0.00,   2.49,  -15.86,   2.46,  -0.44,   0.01,   0.01,  87.3,  86.4,  27.5,  27.6,   2.3,   0.1,  22.68,  24.00,     2.41,   88.19,   62.66,  963.0,  234.78,  216.78,  239.19,  229.24, 1102.54, 1055.13, 1059.25, 1061.71,   750.2,   0,  GPS,  174.0, 109.10, 114.30, 118.400, 124.575,       ,       ,       ,      ,       ,       ,    3.5,       ,      ,       ,      ,      ,   3.9, 3DDiff, 3704,      ,     10,  13.5,     18
2012-10-17, 12:36:24,  -05:00,       ,   47.9487114,  -97.1716919,   818.6, 29.09,   839.3,   9.5,   0.00,   2.78,  -16.00,   2.47,  -0.31,   0.00,  -0.02,  87.3,  87.4,  27.5,  27.5,   2.2,   0.1,  22.68,  24.00,     2.36,   88.21,   62.78,  969.4,  234.97,  217.00,  239.39,  229.46, 1101.62, 1055.01, 1059.24, 1060.55,   751.5,   0,  GPS,  174.0, 109.10, 114.30, 118.400, 124.575,       ,       ,       ,      ,       ,       ,    3.5,       ,      ,       ,      ,      ,  -3.9, 3DDiff, 3704,      ,     10,  13.5,     18
2012-10-17, 12:36:25,  -05:00,       ,   47.9487190,  -97.1716690,   817.6, 29.09,   838.9,   9.5,   0.00,   3.01,  -16.00,   2.59,  -0.35,   0.02,   0.03,  87.6,  86.4,  27.5,  27.5,   2.1,   0.1,  22.68,  24.00,     2.38,   88.23,   62.81,  971.9,  235.16,  217.22,  239.56,  229.67, 1102.69, 1054.89, 1058.80, 1059.40,   751.1,   0,  GPS,  174.0, 109.10, 114.30, 118.400, 124.575,       ,       ,       ,      ,       ,       ,    3.5,       ,      ,       ,      ,      ,  23.6, 3DDiff, 3704,      ,     10,  13.0,     17
2012-10-17, 12:36:26,  -05:00,       ,   47.9487190,  -97.1716537,   817.6, 29.09,   839.8,   9.5,   0.00,   3.11,   -4.59,   2.38,  -0.31,   0.01,  -0.03,  87.8,  85.3,  27.5,  27.6,   2.3,   0.1,  22.68,  24.00,     2.34,   88.25,   62.55,  959.1,  235.29,  217.37,  239.74,  229.87, 1106.25, 1055.59, 1058.95, 1059.33,   752.0,   0,  GPS,  174.0, 109.10, 114.30, 118.400, 124.575,       ,       ,       ,      ,       ,       ,    3.5,       ,      ,       ,      ,      ,  55.1, 3DDiff, 3704,      ,     10,  13.0,     17
2012-10-17, 12:36:27,  -05:00,       ,   47.9487190,  -97.1716309,   817.6, 29.09,   840.5,   9.5,   0.00,   3.27,   -2.98,   2.45,  -0.34,   0.00,   0.04,  87.9,  87.7,  27.5,  27.6,   2.2,   0.2,  22.72,  24.00,     2.37,   88.27,   62.60,  961.5,  235.48,  217.62,  239.91,  230.10, 1106.82, 1056.81, 1060.29, 1061.64,   752.6,   0,  GPS,  174.0, 109.10, 114.30, 118.400, 124.575,       ,       ,       ,      ,       ,       ,    3.5,       ,      ,       ,      ,      ,  39.4, 3DDiff, 3704,      ,     10,  13.5,     18
2012-10-17, 12:36:28,  -05:00,       ,   47.9487190,  -97.1716080,   817.6, 29.09,   840.6,   9.5,   0.00,   3.09,   -0.73,   2.35,  -0.26,  -0.00,   0.03,  86.2,  88.5,  27.5,  27.6,   2.1,   0.0,  22.76,  24.00,     2.37,   88.29,   62.67,  966.0,  235.64,  217.76,  240.09,  230.27, 1106.24, 1057.51, 1060.42, 1062.74,   752.8,   0,  GPS,  174.0, 109.10, 114.30, 118.400, 124.575,       ,       ,       ,      ,       ,       ,    3.5,       ,      ,       ,      ,      ,  11.8, 3DDiff, 3704,      ,     10,  13.5,     18
2012-10-17, 12:36:29,  -05:00,       ,   47.9487190,  -97.1715851,   817.6, 29.09,   841.2,   9.5,   0.00,   3.23,  -14.86,   2.53,  -0.26,   0.00,   0.03,  85.4,  87.4,  27.5,  27.6,   2.2,   0.1,  22.76,  24.00,     2.36,   88.31,   62.66,  964.7,  235.86,  218.04,  240.32,  230.48, 1106.30, 1057.71, 1058.46, 1062.17,   753.4,   0,  GPS,  174.0, 109.10, 114.30, 118.400, 124.575,       ,       ,       ,      ,       ,       ,    3.5,       ,      ,       ,      ,      ,   7.9, 3DDiff, 3704,      ,     10,  13.5,     18
2012-10-17, 12:36:30,  -05:00,       ,   47.9487190,  -97.1715622,   817.6, 29.09,   839.7,   9.5,   0.00,   3.46,  -15.96,   2.65,  -0.21,  -0.01,   0.02,  85.2,  86.8,  27.5,  27.6,   2.2,   0.1,  22.76,  24.00,     2.37,   88.34,   62.69,  967.8,  236.03,  218.22,  240.50,  230.72, 1108.23, 1058.53, 1058.44, 1059.70,   751.9,   0,  GPS,  174.0, 109.10, 114.30, 118.400, 124.575,       ,       ,       ,      ,       ,       ,    3.5,       ,      ,       ,      ,      ,  -3.9, 3DDiff, 3704,      ,     10,  13.5,     18
2012-10-17, 12:36:31,  -05:00,       ,   47.9487114,  -97.1715393,   817.6, 29.09,   840.8,   9.5,   0.00,   3.63,   -4.88,   2.61,  -0.22,  -0.01,  -0.03,  85.2,  85.5,  27.5,  27.5,   2.1,   0.2,  22.80,  24.00,     2.39,   88.36,   62.68,  966.9,  236.12,  218.37,  240.59,  230.85, 1108.49, 1058.22, 1058.24, 1058.28,   753.0,   0,  GPS,  174.0, 109.10, 114.30, 118.400, 124.575,       ,       ,       ,      ,       ,       ,    3.5,       ,      ,       ,      ,      ,   0.0, 3DDiff, 3704,      ,     10,  13.0,     17
2012-10-17, 12:36:32,  -05:00,       ,   47.9487114,  -97.1715088,   816.6, 29.09,   840.9,   9.5,   0.00,   3.71,  -15.15,   2.67,  -0.32,   0.01,   0.01,  85.2,  85.3,  27.5,  27.5,   2.1,   0.1,  22.80,  24.00,     2.43,   88.38,   62.78,  975.5,  236.30,  218.54,  240.74,  231.05, 1108.07, 1058.01, 1058.08, 1057.36,   753.1,   0,  GPS,  174.0, 109.10, 114.30, 118.400, 124.575,       ,       ,       ,      ,       ,       ,    3.5,       ,      ,       ,      ,      ,   0.0, 3DDiff, 3704,      ,     10,  13.0,     17
2012-10-17, 12:36:33,  -05:00,       ,   47.9487190,  -97.1714859,   816.6, 29.09,   840.9,   9.5,   0.00,   3.93,  -15.97,   2.53,  -0.24,   0.02,  -0.00,  85.2,  85.2,  27.5,  27.6,   2.2,   0.1,  22.80,  24.00,     2.36,   88.40,   62.83,  979.6,  236.42,  218.72,  240.90,  231.23, 1108.86, 1057.48, 1057.03, 1056.43,   753.1,   0,  GPS,  174.0, 109.10, 114.30, 118.400, 124.575,       ,       ,       ,      ,       ,       ,    3.5,       ,      ,       ,      ,      ,  -3.9, 3DDiff, 3704,      ,     10,  13.5,     18
2012-10-17, 12:36:34,  -05:00,       ,   47.9487190,  -97.1714554,   816.6, 29.09,   841.0,   9.5,   0.00,   4.18,  -16.00,   2.98,  -0.26,   0.00,   0.03,  85.1,  85.0,  27.5,  27.5,   2.0,   0.1,  22.80,  24.00,     2.40,   88.42,   62.88,  978.4,  236.58,  218.93,  241.10,  231.41, 1109.41, 1057.36, 1057.36, 1056.36,   753.2,   0,  GPS,  174.0, 109.10, 114.30, 118.400, 124.575,       ,       ,       ,      ,       ,       ,    3.5,       ,      ,       ,      ,      ,   0.0, 3DDiff, 3704,      ,     10,  13.5,     18
2012-10-17, 12:36:35,  -05:00,       ,   47.9487190,  -97.1714249,   816.6, 29.09,   841.0,   9.5,   0.00,   4.30,  -16.00,   2.99,  -0.20,   0.00,  -0.02,  84.4,  83.8,  27.5,  27.6,   2.2,   0.1,  22.82,  24.00,     2.40,   88.44,   63.07,  991.1,  236.79,  219.09,  241.26,  231.62, 1110.13, 1058.04, 1057.85, 1057.45,   753.2,   0,  GPS,  174.0, 109.10, 114.30, 118.400, 124.575,       ,       ,       ,      ,       ,       ,    3.5,       ,      ,       ,      ,      ,  23.6, 3DDiff, 3704,      ,     10,  13.5,     18
2012-10-17, 12:36:36,  -05:00,       ,   47.9487190,  -97.1713943,   816.6, 29.09,   843.0,   9.5,   0.00,   4.32,  -14.56,   2.81,  -0.16,   0.00,  -0.00,  83.3,  81.6,  27.5,  27.5,   2.2,   0.2,  22.82,  24.00,     2.38,   88.47,   63.14,  997.1,  236.91,  219.30,  241.41,  231.79, 1112.15, 1058.63, 1058.65, 1059.51,   755.1,   0,  GPS,  174.0, 109.10, 114.30, 118.400, 124.575,       ,       ,       ,      ,       ,       ,    3.5,       ,      ,       ,      ,      ,  59.1, 3DDiff, 3704,      ,     10,  13.5,     18
2012-10-17, 12:36:37,  -05:00,       ,   47.9487190,  -97.1713638,   815.6, 29.09,   842.7,   9.5,   0.00,   4.47,  -14.02,   3.26,  -0.02,  -0.00,  -0.02,  82.4,  82.3,  27.5,  27.5,   2.1,   0.1,  22.82,  24.00,     2.41,   88.49,   63.14,  995.9,  237.04,  219.46,  241.59,  231.98, 1115.04, 1059.46, 1060.23, 1062.30,   754.9,   0,  GPS,  174.0, 109.10, 114.30, 118.400, 124.575,       ,       ,       ,      ,       ,       ,    3.5,       ,      ,       ,      ,      ,  35.4, 3DDiff, 3704,      ,     10,  13.0,     17
2012-10-17, 12:36:38,  -05:00,       ,   47.9487228,  -97.1713333,   815.6, 29.09,   843.9,   9.5,   0.00,   4.43,   -9.97,   3.15,  -0.19,  -0.02,  -0.00,  80.6,  79.5,  27.5,  27.6,   2.1,   0.1,  22.87,  24.00,     2.37,   88.51,   63.09,  992.4,  237.26,  219.68,  241.80,  232.23, 1117.36, 1060.22, 1062.01, 1064.67,   756.1,   0,  GPS,  174.0, 109.10, 114.30, 118.400, 124.575,       ,       ,       ,      ,       ,       ,    3.5,       ,      ,       ,      ,      ,  78.7, 3DDiff, 3704,      ,     10,  13.5,     17
2012-10-17, 12:36:39,  -05:00,       ,   47.9487190,  -97.1713028,   815.6, 29.09,   839.1,   9.5,   0.00,   4.33,   -0.50,   2.90,  -0.42,   0.00,  -0.02,  75.0,  79.8,  27.5,  27.6,   2.1,   0.1,  22.87,  24.00,     2.41,   88.53,   63.04,  990.6,  237.44,  219.88,  241.99,  232.44, 1118.50, 1060.64, 1062.15, 1066.47,   751.3,   0,  GPS,  174.0, 109.10, 114.30, 118.400, 124.575,       ,       ,       ,      ,       ,       ,    3.5,       ,      ,       ,      ,      ,   0.0, 3DDiff, 3704,      ,     11,  15.0,     20
2012-10-17, 12:36:40,  -05:00,       ,   47.9487228,  -97.1712723,   815.6, 29.09,   839.2,   9.5,   0.00,   4.32,   -0.01,   2.47,  -0.37,  -0.01,  -0.05,  68.1,  73.6,  27.5,  27.6,   2.2,   0.1,  22.87,  24.00,     2.40,   88.55,   62.94,  987.8,  237.56,  220.06,  242.14,  232.60, 1119.49, 1061.46, 1062.61, 1067.74,   751.4,   0,  GPS,  174.0, 109.10, 114.30, 118.400, 124.575,       ,       ,       ,      ,       ,       ,    3.5,       ,      ,       ,      ,      ,   3.9, 3DDiff, 3704,      ,     11,  15.0,     20
2012-10-17, 12:36:41,  -05:00,       ,   47.9487343,  -97.1712418,   815.6, 29.09,   839.6,   9.5,   0.00,   4.45,  -10.70,   2.79,  -0.29,  -0.04,  -0.00,  60.7,  67.1,  27.5,  27.5,   2.1,   0.1,  22.91,  24.00,     2.36,   88.57,   63.01,  991.5,  237.72,  220.21,  242.35,  232.84, 1118.81, 1062.52, 1063.00, 1068.25,   751.8,   0,  GPS,  174.0, 109.10, 114.30, 118.400, 124.575,       ,       ,       ,      ,       ,       ,    3.5,       ,      ,       ,      ,      ,   0.0, 3DDiff, 3704,      ,     11,  15.0,     20
2012-10-17, 12:36:42,  -05:00,       ,   47.9487457,  -97.1712189,   815.6, 29.09,   838.8,   9.5,   0.00,   4.59,  -15.79,   2.91,  -0.24,  -0.01,   0.06,  53.1,  59.6,  27.5,  27.5,   2.0,   0.1,  22.91,  24.00,     2.42,   88.59,   62.76,  974.1,  237.80,  220.33,  242.43,  232.93, 1119.07, 1061.97, 1064.34, 1068.28,   751.0,   0,  GPS,  174.0, 109.10, 114.30, 118.400, 124.575,       ,       ,       ,      ,       ,       ,    3.5,       ,      ,       ,      ,      ,   0.0, 3DDiff, 3704,      ,     11,  15.5,     20
2012-10-17, 12:36:43,  -05:00,       ,   47.9487534,  -97.1711884,   815.6, 29.09,   841.0,   9.5,   0.00,   4.70,   -6.08,   2.49,   0.02,  -0.06,   0.07,  44.5,  51.0,  27.5,  27.6,   2.2,   0.2,  23.05,  24.00,     2.41,   88.61,   62.78,  974.2,  237.94,  220.53,  242.60,  233.13, 1119.89, 1061.28, 1065.80, 1068.50,   753.2,   0,  GPS,  174.0, 109.10, 114.30, 118.400, 124.575,       ,       ,       ,      ,       ,       ,    3.5,       ,      ,       ,      ,      ,   3.9, 3DDiff, 3704,      ,     11,  14.5,     20
2012-10-17, 12:36:44,  -05:00,       ,   47.9487724,  -97.1711655,   815.6, 29.09,   841.2,   9.5,   0.00,   4.84,   -0.25,   2.64,  -0.46,  -0.01,   0.04,  35.1,  42.3,  27.5,  27.6,   2.1,   0.0,  23.08,  24.00,     2.43,   88.63,   62.70,  967.7,  238.06,  220.69,  242.78,  233.31, 1118.67, 1060.74, 1065.57, 1067.32,   753.4,   0,  GPS,  174.0, 109.10, 114.30, 118.400, 124.575,       ,       ,       ,      ,       ,       ,    3.5,       ,      ,       ,      ,      ,  -3.9, 3DDiff, 3704,      ,     11,  14.5,     20
2012-10-17, 12:36:45,  -05:00,       ,   47.9487877,  -97.1711502,   814.6, 29.09,   841.4,   9.5,   0.00,   5.03,  -13.84,   2.40,  -0.44,  -0.04,  -0.01,  24.9,  32.5,  27.5,  27.6,   2.1,   0.1,  23.12,  24.00,     2.42,   88.65,   62.70,  968.9,  238.19,  220.83,  242.94,  233.48, 1117.59, 1060.23, 1065.61, 1067.08,   753.6,   0,  GPS,  174.0, 109.10, 114.30, 118.400, 124.575,       ,       ,       ,      ,       ,       ,    3.5,       ,      ,       ,      ,      ,   0.0, 3DDiff, 3704,      ,     11,  15.0,     20
2012-10-17, 12:36:46,  -05:00,       ,   47.9488144,  -97.1711273,   814.6, 29.09,   841.5,   9.5,   0.00,   5.25,  -13.58,   2.63,  -0.19,  -0.03,  -0.04,  16.4,  22.9,  27.5,  27.5,   2.1,   0.1,  23.16,  23.87,     2.40,   88.67,   62.76,  972.1,  238.32,  221.04,  243.10,  233.66, 1115.85, 1059.11, 1063.53, 1066.25,   753.7,   0,  GPS,  174.0, 109.10, 114.30, 118.400, 124.575,       ,       ,       ,      ,       ,       ,    3.5,       ,      ,       ,      ,      ,   0.0, 3DDiff, 3704,      ,     12,  15.5,     20
2012-10-17, 12:36:47,  -05:00,       ,   47.9488335,  -97.1711197,   814.6, 29.09,   841.5,   9.5,   0.00,   5.42,  -15.89,   2.60,  -0.15,  -0.01,   0.03,  10.2,  15.3,  27.4,  27.5,   1.9,  -0.0,  23.26,  23.77,     2.37,   88.69,   62.67,  968.6,  238.46,  221.20,  243.27,  233.88, 1114.21, 1058.47, 1062.36, 1065.78,   753.7,   0,  GPS,  174.0, 109.10, 114.30, 118.400, 124.575,       ,       ,       ,      ,       ,       ,    3.5,       ,      ,       ,      ,      ,   3.9, 3DDiff, 3704,      ,     11,  15.5,     20
2012-10-17, 12:36:48,  -05:00,       ,   47.9488602,  -97.1711044,   814.6, 29.09,   841.7,   9.5,   0.00,   5.42,  -16.00,   2.34,   0.00,  -0.03,  -0.05,   4.9,   9.6,  27.5,  27.5,   2.0,   0.1,  23.26,  23.71,     2.39,   88.71,   62.62,  966.5,  238.58,  221.35,  243.42,  234.03, 1114.48, 1058.89, 1062.74, 1064.90,   753.9,   0,  GPS,  174.0, 109.10, 114.30, 118.400, 124.575,       ,       ,       ,      ,       ,       ,    3.5,       ,      ,       ,      ,      ,   3.9, 3DDiff, 3704,      ,     12,  16.0,     20
2012-10-17, 12:36:49,  -05:00,       ,   47.9488869,  -97.1711044,   814.6, 29.09,   839.6,   9.5,   0.00,   5.46,  -16.00,   2.71,   0.23,  -0.04,   0.03,   0.2,   4.4,  27.5,  27.6,   2.2,   0.1,  23.33,  23.66,     2.39,   88.73,   62.60,  965.2,  238.71,  221.53,  243.55,  234.21, 1116.09, 1059.00, 1063.19, 1064.52,   751.8,   0,  GPS,  174.0, 109.10, 114.30, 118.400, 124.575,       ,       ,       ,      ,       ,       ,    3.5,       ,      ,       ,      ,      , -11.8, 3DDiff, 3704,      ,     11,  15.0,     20
2012-10-17, 12:36:50,  -05:00,       ,   47.9489174,  -97.1711044,   814.6, 29.09,   839.5,   9.5,   0.00,   5.52,   -6.95,   2.72,   0.51,  -0.03,   0.01, 357.3, 359.9,  27.5,  27.5,   2.1,   0.1,  23.37,  23.60,     2.38,   88.75,   62.73,  974.0,  238.85,  221.69,  243.72,  234.40, 1117.71, 1059.48, 1062.58, 1063.75,   751.7,   0,  GPS,  174.0, 109.10, 114.30, 118.400, 124.575,       ,       ,       ,      ,       ,       ,    3.5,       ,      ,       ,      ,      ,   0.0, 3DDiff, 3704,      ,     11,  15.0,     20
2012-10-17, 12:36:51,  -05:00,       ,   47.9489403,  -97.1711044,   814.6, 29.09,   839.3,   9.5,   0.00,   5.70,   -5.25,   2.93,   0.77,   0.04,   0.11, 356.0, 357.5,  27.5,  27.6,   2.1,   0.1,  23.37,  23.54,     2.32,   88.78,   62.70,  975.0,  238.98,  221.88,  243.89,  234.57, 1119.24, 1059.52, 1063.25, 1062.70,   751.4,   0,  GPS,  174.0, 109.10, 114.30, 118.400, 124.575,       ,       ,       ,      ,       ,       ,    3.5,       ,      ,       ,      ,      ,  -3.9, 3DDiff, 3704,      ,     11,  15.0,     20
2012-10-17, 12:36:52,  -05:00,       ,   47.9489746,  -97.1711044,   813.6, 29.09,   843.4,   9.5,   0.00,   5.85,   -9.45,   2.26,   0.58,   0.02,  -0.06, 356.0, 356.5,  27.5,  27.6,   2.1,   0.1,  23.45,  23.50,     2.39,   88.80,   62.86,  983.2,  239.12,  222.03,  244.07,  234.79, 1119.90, 1059.46, 1065.11, 1062.64,   755.6,   0,  GPS,  174.0, 109.10, 114.30, 118.400, 124.575,       ,       ,       ,      ,       ,       ,    3.5,       ,      ,       ,      ,      ,   7.9, 3DDiff, 3704,      ,     10,  13.5,     18
2012-10-17, 12:36:53,  -05:00,       ,   47.9490013,  -97.1711044,   813.6, 29.09,   843.3,   9.5,   0.00,   5.99,  -10.74,   2.77,   0.58,  -0.01,  -0.01, 355.8, 356.3,  27.5,  27.6,   2.2,   0.2,  23.47,  23.50,     2.38,   88.82,   62.88,  981.7,  239.24,  222.20,  244.22,  234.96, 1120.49, 1059.74, 1065.29, 1063.06,   755.5,   0,  GPS,  174.0, 109.10, 114.30, 118.400, 124.575,       ,       ,       ,      ,       ,       ,    3.5,       ,      ,       ,      ,      ,  -3.9, 3DDiff, 3704,      ,     10,  13.5,     18
2012-10-17, 12:36:54,  -05:00,       ,   47.9490242,  -97.1711121,   813.6, 29.09,   842.8,   9.5,   0.00,   6.26,  -14.30,   2.85,   0.45,   0.01,  -0.00, 355.7, 355.9,  27.6,  27.6,   2.1,   0.1,  23.47,  23.50,     2.38,   88.84,   62.87,  982.6,  239.33,  222.39,  244.38,  235.16, 1121.29, 1060.35, 1064.78, 1064.31,   755.0,   0,  GPS,  174.0, 109.10, 114.30, 118.400, 124.575,       ,       ,       ,      ,       ,       ,    3.5,       ,      ,       ,      ,      ,   0.0, 3DDiff, 3704,      ,     10,  13.5,     18
2012-10-17, 12:36:55,  -05:00,       ,   47.9490509,  -97.1711121,   813.6, 29.09,   844.1,   9.5,   0.00,   6.47,   -4.96,   2.64,   0.44,  -0.01,   0.00, 355.9, 355.7,  27.6,  27.6,   2.2,   0.1,  23.47,  23.43,     2.36,   88.87,   62.97,  991.5,  239.49,  222.56,  244.54,  235.31, 1122.64, 1060.93, 1064.80, 1065.14,   756.3,   0,  GPS,  174.0, 109.10, 114.30, 118.400, 124.575,       ,       ,       ,      ,       ,       ,    3.5,       ,      ,       ,      ,      ,   0.0, 3DDiff, 3704,      ,     10,  13.0,     17
2012-10-17, 12:36:56,  -05:00,       ,   47.9490814,  -97.1711121,   813.6, 29.09,   844.1,   9.5,   0.00,   6.71,   -8.42,   2.69,   0.52,   0.02,  -0.02, 356.1, 356.1,  27.5,  27.5,   2.1,   0.2,  23.47,  23.39,     2.39,   88.89,   62.98,  994.0,  239.59,  222.72,  244.68,  235.50, 1124.21, 1062.13, 1065.05, 1065.90,   756.2,   0,  GPS,  174.0, 109.10, 114.30, 118.400, 124.575,       ,       ,       ,      ,       ,       ,    3.5,       ,      ,       ,      ,      ,  -3.9, 3DDiff, 3704,      ,     10,  13.0,     17
2012-10-17, 12:36:57,  -05:00,       ,   47.9491196,  -97.1711121,   813.6, 29.09,   844.3,   9.5,   0.00,   6.96,   -8.37,   2.47,   0.27,   0.02,  -0.01, 356.3, 356.0,  27.5,  27.6,   2.1,   0.1,  23.47,  23.39,     2.37,   88.91,   63.07,  995.9,  239.76,  222.91,  244.85,  235.67, 1125.14, 1063.64, 1066.04, 1067.54,   756.4,   0,  GPS,  174.0, 109.10, 114.30, 118.400, 124.575,       ,       ,       ,      ,       ,       ,    3.5,       ,      ,       ,      ,      ,   0.0, 3DDiff, 3704,      ,     10,  13.5,     18
2012-10-17, 12:36:58,  -05:00,       ,   47.9491501,  -97.1711121,   813.6, 29.09,   844.3,   9.5,   0.00,   7.15,   -2.14,   3.00,   0.43,  -0.01,  -0.03, 356.8, 356.5,  27.6,  27.6,   2.1,   0.1,  23.47,  23.33,     2.40,   88.93,   62.98,  993.7,  239.88,  223.04,  245.00,  235.86, 1126.25, 1064.15, 1068.94, 1068.83,   756.4,   0,  GPS,  174.0, 109.10, 114.30, 118.400, 124.575,       ,       ,       ,      ,       ,       ,    3.5,       ,      ,       ,      ,      ,  -3.9, 3DDiff, 3704,      ,     10,  13.5,     18
2012-10-17, 12:36:59,  -05:00,       ,   47.9491806,  -97.1711121,   813.6, 29.09,   843.8,   9.5,   0.00,   7.37,   -2.48,   2.53,   0.43,  -0.01,  -0.01, 356.8, 357.0,  27.6,  27.6,   2.2,   0.1,  23.47,  23.33,     2.37,   88.96,   63.04,  996.8,  240.02,  223.19,  245.15,  236.03, 1126.51, 1065.56, 1070.71, 1070.41,   756.0,   0,  GPS,  174.0, 109.10, 114.30, 118.400, 124.575,       ,       ,       ,      ,       ,       ,    3.5,       ,      ,       ,      ,      ,  -3.9, 3DDiff, 3704,      ,     10,  13.5,     18
2012-10-17, 12:37:00,  -05:00,       ,   47.9492226,  -97.1711044,   812.6, 29.09,   843.7,   9.5,   0.00,   7.50,   -0.10,   2.55,   0.62,  -0.04,  -0.02, 356.6, 356.9,  27.5,  27.6,   2.1,   0.1,  23.47,  23.33,     2.36,   88.98,   63.14, 1000.9,  240.13,  223.33,  245.29,  236.19, 1126.17, 1065.82, 1071.08, 1070.66,   755.9,   0,  GPS,  174.0, 109.10, 114.30, 118.400, 124.575,       ,       ,       ,      ,       ,       ,    3.5,       ,      ,       ,      ,      ,  -3.9, 3DDiff, 3704,      ,     10,  13.5,     18
2012-10-17, 12:37:01,  -05:00,       ,   47.9492569,  -97.1711044,   812.6, 29.09,   842.9,   9.5,   0.00,   7.54,   -9.79,   2.96,   0.55,  -0.03,   0.02, 356.3, 356.4,  27.5,  27.5,   2.0,   0.1,  23.47,  23.39,     2.36,   89.00,   63.06,  997.8,  240.25,  223.49,  245.46,  236.39, 1127.00, 1065.86, 1071.31, 1071.59,   755.1,   0,  GPS,  174.0, 109.10, 114.30, 118.400, 124.575,       ,       ,       ,      ,       ,       ,    3.5,       ,      ,       ,      ,      ,  -3.9, 3DDiff, 3704,      ,     10,  13.0,     17
2012-10-17, 12:37:02,  -05:00,       ,   47.9492950,  -97.1711121,   812.6, 29.09,   842.9,   9.5,   0.00,   7.48,  -15.51,   3.09,   0.14,  -0.01,  -0.04, 356.1, 355.9,  27.5,  27.6,   2.0,   0.1,  23.41,  23.43,     2.35,   89.02,   63.03,  997.0,  240.35,  223.63,  245.64,  236.55, 1128.84, 1066.59, 1070.51, 1072.22,   755.1,   0,  GPS,  174.0, 109.10, 114.30, 118.400, 124.575,       ,       ,       ,      ,       ,       ,    3.5,       ,      ,       ,      ,      ,   0.0, 3DDiff, 3704,      ,     10,  13.0,     17
2012-10-17, 12:37:03,  -05:00,       ,   47.9493256,  -97.1711121,   812.6, 29.09,   842.9,   9.5,   0.00,   7.33,  -15.98,   2.74,   0.12,  -0.00,   0.01, 356.4, 356.1,  27.5,  27.6,   2.0,   0.0,  23.33,  23.50,     2.38,   89.04,   63.01,  994.7,  240.50,  223.77,  245.79,  236.71, 1129.98, 1067.71, 1070.10, 1071.63,   755.0,   0,  GPS,  174.0, 109.10, 114.30, 118.400, 124.575,       ,       ,       ,      ,       ,       ,    3.5,       ,      ,       ,      ,      ,   3.9, 3DDiff, 3704,      ,     10,  13.5,     17
2012-10-17, 12:37:04,  -05:00,       ,   47.9493599,  -97.1711121,   812.6, 29.09,   842.7,   9.5,   0.00,   7.23,  -16.00,   2.90,   0.46,  -0.01,   0.03, 356.0, 356.5,  27.6,  27.6,   2.1,   0.1,  23.31,  23.54,     2.39,   89.07,   63.02,  995.6,  240.63,  223.93,  245.94,  236.86, 1130.32, 1067.65, 1070.89, 1071.49,   754.9,   0,  GPS,  174.0, 109.10, 114.30, 118.400, 124.575,       ,       ,       ,      ,       ,       ,    3.5,       ,      ,       ,      ,      ,  -3.9, 3DDiff, 3704,      ,     10,  13.5,     18
2012-10-17, 12:37:05,  -05:00,       ,   47.9493904,  -97.1711121,   811.6, 29.09,   842.9,   9.5,   0.00,   7.11,  -16.00,   2.78,   0.21,   0.00,  -0.02, 355.9, 355.8,  27.5,  27.6,   2.1,   0.1,  23.26,  23.60,     2.39,   89.09,   63.03,  996.5,  240.74,  224.08,  246.09,  237.08, 1130.09, 1067.90, 1072.28, 1071.05,   755.1,   0,  GPS,  174.0, 109.10, 114.30, 118.400, 124.575,       ,       ,       ,      ,       ,       ,    3.5,       ,      ,       ,      ,      ,   0.0, 3DDiff, 3704,      ,     10,  13.5,     18
2012-10-17, 12:37:06,  -05:00,       ,   47.9494209,  -97.1711121,   811.6, 29.09,   842.5,   9.5,   0.00,   7.11,  -16.00,   2.83,   0.09,   0.01,   0.02, 356.0, 355.9,  27.4,  27.5,   1.9,   0.1,  23.22,  23.71,     2.40,   89.11,   62.88,  989.5,  240.88,  224.24,  246.23,  237.23, 1129.93, 1068.22, 1074.70, 1071.38,   754.7,   0,  GPS,  174.0, 109.10, 114.30, 118.400, 124.575,       ,       ,       ,      ,       ,       ,    3.5,       ,      ,       ,      ,      ,   0.0, 3DDiff, 3704,      ,     10,  13.5,     18
2012-10-17, 12:37:07,  -05:00,       ,   47.9494514,  -97.1711121,   811.6, 29.09,   843.7,   9.5,   0.00,   7.15,  -16.00,   2.83,  -0.05,  -0.02,  -0.00, 356.0, 356.0,  27.5,  27.6,   2.1,   0.1,  23.16,  23.77,     2.40,   89.13,   63.02,  995.5,  241.00,  224.39,  246.37,  237.37, 1129.45, 1067.51, 1075.36, 1075.90,   755.9,   0,  GPS,  174.0, 109.10, 114.30, 118.400, 124.575,       ,       ,       ,      ,       ,       ,    3.5,       ,      ,       ,      ,      ,   3.9, 3DDiff, 3704,      ,     10,  13.0,     17
2012-10-17, 12:37:08,  -05:00,       ,   47.9494896,  -97.1711121,   811.6, 29.09,   843.7,   9.5,   0.00,   7.25,   -3.43,   2.85,  -0.03,  -0.01,   0.03, 356.1, 356.2,  27.5,  27.6,   2.1,   0.1,  23.12,  23.83,     2.42,   89.15,   63.03,  996.4,  241.11,  224.53,  246.54,  237.53, 1128.70, 1066.25, 1073.73, 1079.86,   755.9,   0,  GPS,  174.0, 109.10, 114.30, 118.400, 124.575,       ,       ,       ,      ,       ,       ,    3.5,       ,      ,       ,      ,      ,   0.0, 3DDiff, 3704,      ,     10,  13.5,     17
2012-10-17, 12:37:09,  -05:00,       ,   47.9495201,  -97.1711121,   811.6, 29.09,   843.8,   9.5,   0.00,   7.27,   -0.13,   2.53,   0.09,   0.03,  -0.00, 355.9, 356.2,  27.5,  27.5,   1.9,   0.2,  23.05,  23.87,     2.37,   89.17,   63.02, 1000.2,  241.25,  224.67,  246.69,  237.71, 1129.45, 1065.95, 1074.90, 1081.47,   756.0,   0,  GPS,  174.0, 109.10, 114.30, 118.400, 124.575,       ,       ,       ,      ,       ,       ,    3.5,       ,      ,       ,      ,      ,   0.0, 3DDiff, 3704,      ,     10,  13.5,     17
2012-10-17, 12:37:10,  -05:00,       ,   47.9495544,  -97.1711121,   811.6, 29.09,   843.8,   9.5,   0.00,   7.02,   -0.00,   2.45,   0.22,  -0.03,   0.00, 356.0, 356.0,  27.5,  27.6,   2.1,   0.1,  23.05,  23.94,     2.40,   89.20,   63.20, 1005.4,  241.31,  224.75,  246.77,  237.83, 1128.49, 1065.65, 1074.88, 1081.06,   756.0,   0,  GPS,  174.0, 109.10, 114.30, 118.400, 124.575,       ,       ,       ,      ,       ,       ,    3.5,       ,      ,       ,      ,      ,   0.0, 3DDiff, 3704,      ,     10,  13.5,     18
2012-10-17, 12:37:11,  -05:00,       ,   47.9495888,  -97.1711121,   811.6, 29.09,   843.5,   9.5,   0.00,   6.76,   -0.90,   2.48,  -0.01,  -0.03,   0.01, 356.2, 356.0,  27.5,  27.5,   2.0,   0.1,  23.01,  23.94,     2.38,   89.22,   63.00,  994.4,  241.37,  224.90,  246.93,  237.98, 1128.54, 1065.57, 1075.01, 1080.31,   755.7,   0,  GPS,  174.0, 109.10, 114.30, 118.400, 124.575,       ,       ,       ,      ,       ,       ,    3.5,       ,      ,       ,      ,      ,  -3.9, 3DDiff, 3704,      ,     10,  13.5,     18
2012-10-17, 12:37:12,  -05:00,       ,   47.9496193,  -97.1711121,   811.6, 29.09,   843.5,   9.5,   0.00,   6.55,   -0.04,   2.63,   0.11,   0.02,  -0.02, 356.6, 356.5,  27.5,  27.5,   2.0,   0.1,  22.95,  24.00,     2.40,   89.24,   63.07, 1002.2,  241.55,  225.09,  247.13,  238.18, 1128.64, 1066.05, 1075.45, 1080.79,   755.7,   0,  GPS,  174.0, 109.10, 114.30, 118.400, 124.575,       ,       ,       ,      ,       ,       ,    3.5,       ,      ,       ,      ,      ,  -3.9, 3DDiff, 3704,      ,     10,  13.5,     18
2012-10-17, 12:37:13,  -05:00,       ,   47.9496498,  -97.1711121,   811.6, 29.09,   842.6,   9.5,   0.00,   6.32,   -7.61,   2.45,   0.21,   0.01,   0.01, 357.4, 357.1,  27.6,  27.6,   2.1,   0.1,  22.91,  24.00,     2.37,   89.26,   62.97,  993.9,  241.68,  225.25,  247.28,  238.31, 1128.19, 1066.50, 1074.36, 1082.01,   754.8,   0,  GPS,  174.0, 109.10, 114.30, 118.400, 124.575,       ,       ,       ,      ,       ,       ,    3.5,       ,      ,       ,      ,      ,   0.0, 3DDiff, 3704,      ,     10,  13.0,     17
2012-10-17, 12:37:14,  -05:00,       ,   47.9496803,  -97.1711121,   810.6, 29.09,   842.6,   9.5,   0.00,   6.30,  -16.96,   2.34,   0.08,   0.02,  -0.00, 359.0, 358.3,  27.6,  27.6,   2.1,   0.2,  22.91,  24.00,     2.43,   89.29,   62.99,  995.3,  241.80,  225.40,  247.42,  238.49, 1127.28, 1066.53, 1073.73, 1084.22,   754.7,   0,  GPS,  174.0, 109.10, 114.30, 118.400, 124.575,       ,       ,       ,      ,       ,       ,    3.5,       ,      ,       ,      ,      ,   0.0, 3DDiff, 3704,      ,     10,  13.5,     17
2012-10-17, 12:37:15,  -05:00,       ,   47.9497070,  -97.1711044,   810.6, 29.09,   842.5,   9.5,   0.00,   6.28,  -16.10,   2.56,   0.33,   0.01,   0.03, 359.9, 360.0,  27.6,  27.6,   2.1,   0.2,  22.87,  24.00,     2.39,   89.31,   63.03,  999.4,  241.91,  225.51,  247.54,  238.67, 1127.41, 1066.88, 1073.54, 1083.35,   754.6,   0,  GPS,  174.0, 109.10, 114.30, 118.400, 124.575,       ,       ,       ,      ,       ,       ,    3.5,       ,      ,       ,      ,      ,  -3.9, 3DDiff, 3704,      ,     10,  13.5,     17
2012-10-17, 12:37:16,  -05:00,       ,   47.9497375,  -97.1711044,   810.6, 29.09,   842.6,   9.5,   0.00,   6.18,  -11.50,   2.55,   0.49,  -0.02,  -0.00, 358.2,   0.3,  27.6,  27.6,   2.1,  -0.0,  22.87,  24.00,     2.38,   89.33,   63.05, 1000.3,  241.98,  225.64,  247.70,  238.82, 1127.74, 1067.69, 1072.37, 1081.44,   754.8,   0,  GPS,  174.0, 109.10, 114.30, 118.400, 124.575,       ,       ,       ,      ,       ,       ,    3.5,       ,      ,       ,      ,      ,   0.0, 3DDiff, 3704,      ,     10,  13.5,     18
2012-10-17, 12:37:17,  -05:00,       ,   47.9497643,  -97.1711044,   810.6, 29.09,   842.8,   9.5,   0.00,   6.16,  -10.73,   2.49,   0.63,  -0.02,   0.00, 356.3, 358.2,  27.6,  27.6,   2.2,   0.1,  22.91,  24.00,     2.37,   89.35,   63.01,  997.3,  242.09,  225.82,  247.82,  238.99, 1128.16, 1068.05, 1071.65, 1080.63,   755.0,   0,  GPS,  174.0, 109.10, 114.30, 118.400, 124.575,       ,       ,       ,      ,       ,       ,    3.5,       ,      ,       ,      ,      ,   3.9, 3DDiff, 3704,      ,     10,  13.5,     18
2012-10-17, 12:37:18,  -05:00,       ,   47.9497948,  -97.1711044,   809.6, 29.09,   842.4,   9.5,   0.00,   6.40,   -8.67,   2.34,   0.58,  -0.04,  -0.03, 355.1, 356.9,  27.6,  27.6,   2.2,   0.1,  22.97,  24.00,     2.35,   89.37,   62.90,  991.9,  242.22,  225.94,  247.96,  239.12, 1128.20, 1067.80, 1070.40, 1080.16,   754.5,   0,  GPS,  174.0, 109.10, 114.30, 118.400, 124.575,       ,       ,       ,      ,       ,       ,    3.5,       ,      ,       ,      ,      ,   0.0, 3DDiff, 3704,      ,     10,  13.5,     18
2012-10-17, 12:37:19,  -05:00,       ,   47.9498215,  -97.1711044,   809.6, 29.09,   843.5,   9.5,   0.00,   6.63,  -15.66,   2.53,   0.74,   0.01,  -0.01, 354.6, 355.8,  27.6,  27.6,   2.1,   0.1,  22.91,  24.00,     2.35,   89.40,   63.01, 1000.3,  242.34,  226.07,  248.09,  239.25, 1127.36, 1067.89, 1069.60, 1077.82,   755.7,   0,  GPS,  174.0, 109.10, 114.30, 118.400, 124.575,       ,       ,       ,      ,       ,       ,    3.5,       ,      ,       ,      ,      ,  -3.9, 3DDiff, 3704,      ,     10,  13.0,     17
2012-10-17, 12:37:20,  -05:00,       ,   47.9498520,  -97.1711044,   809.6, 29.09,   843.5,   9.5,   0.00,   6.76,  -15.99,   2.29,   0.80,   0.02,  -0.04, 355.2, 355.7,  27.6,  27.6,   2.1,   0.2,  22.95,  24.00,     2.37,   89.42,   63.01,  996.5,  242.42,  226.16,  248.15,  239.35, 1126.07, 1068.51, 1068.92, 1076.13,   755.7,   0,  GPS,  174.0, 109.10, 114.30, 118.400, 124.575,       ,       ,       ,      ,       ,       ,    3.5,       ,      ,       ,      ,      ,   0.0, 3DDiff, 3704,      ,     10,  13.5,     18
2012-10-17, 12:37:21,  -05:00,       ,   47.9498863,  -97.1711044,   809.6, 29.09,   843.5,   9.5,   0.00,   6.82,  -16.00,   2.23,   0.54,   0.00,   0.02, 355.4, 355.7,  27.5,  27.6,   2.0,   0.1,  22.91,  24.00,     2.38,   89.44,   62.98,  998.4,  242.45,  226.32,  248.30,  239.51, 1125.15, 1068.55, 1069.20, 1075.59,   755.7,   0,  GPS,  174.0, 109.10, 114.30, 118.400, 124.575,       ,       ,       ,      ,       ,       ,    3.5,       ,      ,       ,      ,      ,   0.0, 3DDiff, 3704,      ,     10,  13.5,     18
2012-10-17, 12:37:22,  -05:00,       ,   47.9499168,  -97.1711044,   809.6, 29.09,   843.6,   9.5,   0.00,   6.76,  -12.01,   2.16,   0.52,  -0.02,  -0.01, 355.8, 356.2,  27.5,  27.6,   2.0,  -0.0,  22.91,  24.00,     2.35,   89.47,   63.05, 1004.3,  242.62,  226.47,  248.49,  239.74, 1124.60, 1067.95, 1069.87, 1074.79,   755.8,   0,  GPS,  174.0, 109.10, 114.30, 118.400, 124.575,       ,       ,       ,      ,       ,       ,    3.5,       ,      ,       ,      ,      ,   0.0, 3DDiff, 3704,      ,     10,  14.0,     18
2012-10-17, 12:37:23,  -05:00,       ,   47.9499474,  -97.1711044,   809.6, 29.09,   843.3,   9.5,   0.00,   6.80,   -4.16,   2.24,   0.35,   0.01,  -0.00, 355.5, 355.9,  27.6,  27.7,   2.2,   0.1,  22.97,  24.00,     2.37,   89.49,   63.03,  998.3,  242.71,  226.56,  248.56,  239.84, 1124.90, 1066.77, 1070.54, 1073.76,   755.5,   0,  GPS,  174.0, 109.10, 114.30, 118.400, 124.575,       ,       ,       ,      ,       ,       ,    3.5,       ,      ,       ,      ,      ,   0.0, 3DDiff, 3704,      ,     10,  14.0,     18
2012-10-17, 12:37:24,  -05:00,       ,   47.9499779,  -97.1711044,   809.6, 29.09,   843.3,   9.5,   0.00,   6.78,   -0.35,   2.38,   0.46,  -0.04,  -0.02, 355.7, 356.0,  27.6,  27.6,   2.0,   0.2,  22.95,  24.00,     2.41,   89.51,   62.86,  989.7,  242.78,  226.73,  248.69,  239.97, 1124.84, 1067.17, 1071.46, 1073.13,   755.4,   0,  GPS,  174.0, 109.10, 114.30, 118.400, 124.575,       ,       ,       ,      ,       ,       ,    3.5,       ,      ,       ,      ,      ,  -3.9, 3DDiff, 3704,      ,     10,  14.0,     18
2012-10-17, 12:37:25,  -05:00,       ,   47.9500122,  -97.1711044,   809.6, 29.09,   842.5,   9.5,   0.00,   6.73,   -0.01,   2.59,   0.36,  -0.01,  -0.01, 356.1, 356.0,  27.5,  27.5,   1.7,   0.2,  22.95,  24.00,     2.35,   89.54,   62.90,  996.5,  242.92,  226.91,  248.88,  240.18, 1126.43, 1067.83, 1072.21, 1072.96,   754.7,   0,  GPS,  174.0, 109.10, 114.30, 118.400, 124.575,       ,       ,       ,      ,       ,       ,    3.5,       ,      ,       ,      ,      ,   0.0, 3DDiff, 3704,      ,     10,  13.5,     17
2012-10-17, 12:37:26,  -05:00,       ,   47.9500465,  -97.1711044,   809.6, 29.09,   842.2,   9.8,   0.00,   6.82,   -0.00,   2.42,   0.32,   0.01,   0.01, 356.2, 356.6,  27.5,  27.6,   1.9,   0.1,  22.91,  24.00,     2.40,   89.56,   63.05, 1001.4,  243.03,  227.03,  249.02,  240.33, 1125.84, 1066.87, 1071.71, 1071.95,   754.4,   0,  GPS,  174.0, 109.10, 114.30, 118.400, 124.575,       ,       ,       ,      ,       ,       ,    3.5,       ,      ,       ,      ,      ,   0.0, 3DDiff, 3704,      ,     10,  13.5,     18
2012-10-17, 12:37:27,  -05:00,       ,   47.9500771,  -97.1711044,   808.6, 29.09,   842.1,   9.8,   0.00,   6.86,   -0.61,   2.36,   0.42,  -0.00,  -0.01, 355.7, 356.4,  27.6,  27.6,   2.1,   0.0,  22.95,  24.00,     2.39,   89.58,   63.02, 1002.3,  243.10,  227.11,  249.09,  240.43, 1125.02, 1066.39, 1070.36, 1071.08,   754.3,   0,  GPS,  174.0, 109.10, 114.30, 118.400, 124.575,       ,       ,       ,      ,       ,       ,    3.5,       ,      ,       ,      ,      ,   0.0, 3DDiff, 3704,      ,     10,  13.5,     18
2012-10-17, 12:37:28,  -05:00,       ,   47.9501076,  -97.1711044,   808.6, 29.09,   842.0,   9.8,   0.00,   6.86,  -12.75,   2.30,   0.66,   0.01,  -0.00, 356.2, 356.2,  27.6,  27.6,   2.1,   0.1,  22.95,  23.94,     2.40,   89.61,   63.01, 1004.2,  243.16,  227.25,  249.22,  240.53, 1124.31, 1066.78, 1069.83, 1070.04,   754.2,   0,  GPS,  174.0, 109.10, 114.30, 118.400, 124.575,       ,       ,       ,      ,       ,       ,    3.5,       ,      ,       ,      ,      ,  -3.9, 3DDiff, 3704,      ,     10,  14.0,     18
2012-10-17, 12:37:29,  -05:00,       ,   47.9501381,  -97.1711044,   808.6, 29.09,   842.1,   9.8,   0.00,   6.96,  -15.86,   2.58,   0.77,  -0.01,   0.03, 356.2, 356.4,  27.6,  27.6,   2.1,   0.2,  22.95,  23.94,     2.39,   89.63,   62.97,  996.7,  243.31,  227.43,  249.38,  240.76, 1125.22, 1067.17, 1069.23, 1069.78,   754.3,   0,  GPS,  174.0, 109.10, 114.30, 118.400, 124.575,       ,       ,       ,      ,       ,       ,    3.5,       ,      ,       ,      ,      ,   0.0, 3DDiff, 3704,      ,     10,  14.0,     18
2012-10-17, 12:37:30,  -05:00,       ,   47.9501724,  -97.1711044,   808.6, 29.09,   841.6,   9.8,   0.00,   7.09,  -11.74,   2.69,   0.88,  -0.05,  -0.01, 356.2, 356.6,  27.5,  27.5,   1.9,   0.1,  22.95,  23.94,     2.39,   89.65,   62.94,  996.0,  243.43,  227.54,  249.52,  240.90, 1126.12, 1067.11, 1067.89, 1071.54,   753.8,   0,  GPS,  174.0, 109.10, 114.30, 118.400, 124.575,       ,       ,       ,      ,       ,       ,    3.5,       ,      ,       ,      ,      ,   0.0, 3DDiff, 3704,      ,     10,  14.0,     18
2012-10-17, 12:37:31,  -05:00,       ,   47.9502029,  -97.1711044,   808.6, 29.09,   843.1,   9.8,   0.00,   7.15,   -0.94,   2.15,   0.92,   0.01,  -0.05, 356.3, 356.5,  27.5,  27.5,   1.9,   0.1,  22.97,  23.94,     2.37,   89.68,   62.86,  995.0,  243.46,  227.58,  249.59,  241.01, 1126.13, 1066.61, 1067.79, 1073.34,   755.2,   0,  GPS,  174.0, 109.10, 114.30, 118.400, 124.575,       ,       ,       ,      ,       ,       ,    3.5,       ,      ,       ,      ,      ,   3.9, 3DDiff, 3704,      ,     10,  13.5,     18
2012-10-17, 12:37:32,  -05:00,       ,   47.9502335,  -97.1711044,   808.6, 29.09,   843.1,   9.8,   0.00,   6.94,   -0.03,   2.37,   0.78,   0.03,  -0.03, 357.2, 356.9,  27.6,  27.6,   2.1,   0.1,  23.01,  23.87,     2.34,   89.70,   62.87,  992.6,  243.47,  227.68,  249.68,  241.09, 1124.79, 1065.38, 1068.43, 1074.44,   755.3,   0,  GPS,  174.0, 109.10, 114.30, 118.400, 124.575,       ,       ,       ,      ,       ,       ,    3.5,       ,      ,       ,      ,      ,   0.0, 3DDiff, 3704,      ,     10,  13.5,     18
2012-10-17, 12:37:33,  -05:00,       ,   47.9502678,  -97.1711044,   808.6, 29.09,   843.2,   9.8,   0.00,   6.69,   -0.00,   2.48,   0.81,   0.03,  -0.01, 357.5, 357.6,  27.6,  27.6,   2.1,   0.2,  23.08,  23.83,     2.39,   89.73,   62.85,  993.8,  243.57,  227.78,  249.77,  241.22, 1125.32, 1064.99, 1067.81, 1075.09,   755.4,   0,  GPS,  174.0, 109.10, 114.30, 118.400, 124.575,       ,       ,       ,      ,       ,       ,    3.5,       ,      ,       ,      ,      ,   0.0, 3DDiff, 3704,      ,     10,  13.5,     18
2012-10-17, 12:37:34,  -05:00,       ,   47.9502945,  -97.1711044,   808.6, 29.09,   843.3,   9.8,   0.00,   6.57,   -9.92,   2.38,   0.65,  -0.04,   0.01, 357.1, 357.9,  27.5,  27.5,   1.9,   0.2,  23.08,  23.83,     2.38,   89.75,   62.78,  990.9,  243.68,  227.90,  249.90,  241.37, 1125.38, 1064.88, 1067.86, 1075.24,   755.5,   0,  GPS,  174.0, 109.10, 114.30, 118.400, 124.575,       ,       ,       ,      ,       ,       ,    3.5,       ,      ,       ,      ,      ,   0.0, 3DDiff, 3704,      ,     10,  14.0,     18
2012-10-17, 12:37:35,  -05:00,       ,   47.9503250,  -97.1711044,   807.6, 29.09,   843.0,   9.8,   0.00,   6.53,  -12.74,   2.97,   0.64,  -0.04,   0.09, 356.9, 357.3,  27.5,  27.5,   1.9,   0.0,  23.12,  23.77,     2.42,   89.77,   62.93, 1000.8,  243.76,  228.03,  250.01,  241.52, 1124.85, 1064.97, 1068.02, 1074.50,   755.2,   0,  GPS,  174.0, 109.10, 114.30, 118.400, 124.575,       ,       ,       ,      ,       ,       ,    3.5,       ,      ,       ,      ,      ,  -3.9, 3DDiff, 3704,      ,     10,  14.0,     18
2012-10-17, 12:37:36,  -05:00,       ,   47.9503593,  -97.1711044,   807.6, 29.09,   843.1,   9.8,   0.00,   6.73,  -15.55,   2.69,   0.87,  -0.00,  -0.04, 357.5, 357.2,  27.5,  27.5,   1.9,   0.1,  23.12,  23.66,     2.38,   89.80,   62.96,  998.4,  243.84,  228.14,  250.12,  241.64, 1123.44, 1064.64, 1068.31, 1074.15,   755.3,   0,  GPS,  174.0, 109.10, 114.30, 118.400, 124.575,       ,       ,       ,      ,       ,       ,    3.5,       ,      ,       ,      ,      ,   0.0, 3DDiff, 3704,      ,     10,  14.0,     18
2012-10-17, 12:37:37,  -05:00,       ,   47.9503899,  -97.1710968,   808.6, 29.09,   841.6,   9.8,   0.00,   7.08,   -1.84,   2.97,   0.69,  -0.01,   0.05, 357.5, 357.6,  27.6,  27.6,   2.0,   0.0,  23.12,  23.66,     2.39,   89.82,   62.79,  992.3,  243.95,  228.26,  250.26,  241.77, 1123.18, 1064.67, 1069.50, 1073.92,   753.8,   0,  GPS,  174.0, 109.10, 114.30, 118.400, 124.575,       ,       ,       ,      ,       ,       ,    3.5,       ,      ,       ,      ,      ,  -3.9, 3DDiff, 3704,      ,     10,  13.5,     18
2012-10-17, 12:37:38,  -05:00,       ,   47.9504242,  -97.1710968,   807.6, 29.09,   841.5,   9.8,   0.00,   7.35,   -0.06,   2.72,   0.73,  -0.02,  -0.07, 357.9, 357.7,  27.5,  27.6,   2.0,   0.1,  23.12,  23.66,     2.39,   89.84,   62.77,  989.5,  244.02,  228.34,  250.38,  241.89, 1124.52, 1065.60, 1069.03, 1073.62,   753.7,   0,  GPS,  174.0, 109.10, 114.30, 118.400, 124.575,       ,       ,       ,      ,       ,       ,    3.5,       ,      ,       ,      ,      ,   0.0, 3DDiff, 3704,      ,     10,  13.5,     18
2012-10-17, 12:37:39,  -05:00,       ,   47.9504623,  -97.1710968,   808.6, 29.09,   841.4,   9.8,   0.00,   7.44,   -0.00,   2.43,   0.67,  -0.03,   0.05, 357.2, 358.1,  27.5,  27.5,   1.9,   0.1,  23.12,  23.71,     2.40,   89.87,   62.69,  985.5,  244.15,  228.51,  250.59,  242.03, 1125.04, 1066.58, 1068.80, 1073.16,   753.6,   0,  GPS,  174.0, 109.10, 114.30, 118.400, 124.575,       ,       ,       ,      ,       ,       ,    3.5,       ,      ,       ,      ,      ,   0.0, 3DDiff, 3704,      ,     10,  14.0,     18
2012-10-17, 12:37:40,  -05:00,       ,   47.9504929,  -97.1710968,   808.6, 29.09,   841.3,   9.8,   0.00,   7.27,   -0.00,   2.45,   0.47,   0.02,   0.04, 356.1, 356.3,  27.5,  27.5,   1.9,   0.1,  23.16,  23.66,     2.40,   89.89,   62.70,  982.3,  244.27,  228.64,  250.69,  242.25, 1122.69, 1065.56, 1069.07, 1071.28,   753.5,   0,  GPS,  174.0, 109.10, 114.30, 118.400, 124.575,       ,       ,       ,      ,       ,       ,    3.5,       ,      ,       ,      ,      ,   0.0, 3DDiff, 3704,      ,     10,  14.0,     18
2012-10-17, 12:37:41,  -05:00,       ,   47.9505310,  -97.1710968,   807.6, 29.09,   841.3,   9.8,   0.00,   7.19,   -0.00,   2.32,   0.59,  -0.00,   0.06, 356.6, 355.5,  27.4,  27.5,   1.9,  -0.0,  23.16,  23.66,     2.41,   89.92,   62.77,  988.5,  244.28,  228.73,  250.77,  242.31, 1119.34, 1064.04, 1067.89, 1070.17,   753.5,   0,  GPS,  174.0, 109.10, 114.30, 118.400, 124.575,       ,       ,       ,      ,       ,       ,    3.5,       ,      ,       ,      ,      ,   0.0, 3DDiff, 3704,      ,     10,  14.0,     18
2012-10-17, 12:37:42,  -05:00,       ,   47.9505577,  -97.1711044,   808.6, 29.09,   842.4,   9.8,   0.00,   7.23,   -0.65,   2.22,   0.38,   0.02,   0.03, 355.9, 354.9,  27.6,  27.6,   2.1,   0.1,  23.16,  23.66,     2.38,   89.94,   62.79,  990.5,  244.42,  228.89,  250.93,  242.41, 1118.12, 1063.58, 1067.50, 1070.36,   754.6,   0,  GPS,  174.0, 109.10, 114.30, 118.400, 124.575,       ,       ,       ,      ,       ,       ,    3.5,       ,      ,       ,      ,      , -35.4, 3DDiff, 3704,      ,     10,  14.0,     18
2012-10-17, 12:37:43,  -05:00,       ,   47.9505920,  -97.1711044,   808.6, 29.09,   842.7,   9.8,   0.00,   7.11,   10.23,   2.12,   0.56,  -0.01,   0.05, 355.6, 355.3,  27.6,  27.6,   2.1,   0.2,  23.16,  23.66,     2.35,   89.97,   62.84,  995.5,  244.53,  229.01,  251.06,  242.59, 1119.92, 1063.23, 1068.19, 1070.59,   754.8,   0,  GPS,  174.0, 109.10, 114.30, 118.400, 124.575,       ,       ,       ,      ,       ,       ,    3.5,       ,      ,       ,      ,      ,  -3.9, 3DDiff, 3704,      ,     10,  14.0,     17
2012-10-17, 12:37:44,  -05:00,       ,   47.9506226,  -97.1711044,   807.6, 29.09,   842.6,   9.8,   0.00,   7.06,   -0.05,   1.85,   0.57,  -0.01,  -0.04, 355.5, 355.3,  27.5,  27.5,   1.9,   0.2,  23.16,  23.66,     2.36,   89.99,   62.79,  988.1,  244.54,  229.03,  251.12,  242.65, 1121.85, 1062.10, 1068.21, 1071.05,   754.8,   0,  GPS,  174.0, 109.10, 114.30, 118.400, 124.575,       ,       ,       ,      ,       ,       ,    3.5,       ,      ,       ,      ,      ,   0.0, 3DDiff, 3704,      ,     10,  14.0,     17
2012-10-17, 12:37:45,  -05:00,       ,   47.9506569,  -97.1711044,   807.6, 29.09,   842.5,   9.8,   0.00,   7.15,  -14.84,   2.26,   0.38,   0.04,  -0.02, 355.6, 355.3,  27.5,  27.6,   2.0,   0.1,  23.22,  23.66,     2.41,   90.02,   62.71,  986.2,  244.63,  229.14,  251.21,  242.79, 1123.59, 1061.01, 1068.44, 1071.95,   754.7,   0,  GPS,  174.0, 109.10, 114.30, 118.400, 124.575,       ,       ,       ,      ,       ,       ,    3.5,       ,      ,       ,      ,      ,  -7.9, 3DDiff, 3704,      ,     10,  14.0,     18
2012-10-17, 12:37:46,  -05:00,       ,   47.9506874,  -97.1711044,   807.6, 29.09,   842.4,   9.8,   0.00,   7.19,   -6.05,   2.13,   0.49,  -0.02,  -0.03, 355.9, 355.8,  27.5,  27.6,   1.9,   0.0,  23.22,  23.66,     2.36,   90.04,   62.75,  988.3,  244.78,  229.31,  251.40,  242.93, 1123.50, 1060.89, 1066.99, 1072.31,   754.6,   0,  GPS,  174.0, 109.10, 114.30, 118.400, 124.575,       ,       ,       ,      ,       ,       ,    3.5,       ,      ,       ,      ,      ,  -3.9, 3DDiff, 3704,      ,     10,  14.5,     18
2012-10-17, 12:37:47,  -05:00,       ,   47.9507256,  -97.1711044,   807.6, 29.09,   842.7,   9.8,   0.00,   7.15,   -0.25,   1.56,   0.47,   0.01,  -0.03, 355.9, 356.0,  27.6,  27.6,   2.1,   0.1,  23.22,  23.60,     2.40,   90.07,   62.75,  991.3,  244.86,  229.41,  251.53,  243.07, 1122.77, 1061.01, 1065.93, 1073.10,   754.9,   0,  GPS,  174.0, 109.10, 114.30, 118.400, 124.575,       ,       ,       ,      ,       ,       ,    3.5,       ,      ,       ,      ,      ,  -3.9, 3DDiff, 3704,      ,     10,  14.5,     18
2012-10-17, 12:37:48,  -05:00,       ,   47.9507599,  -97.1711044,   807.6, 29.09,   842.7,   9.8,   0.00,   7.04,    2.64,   2.04,   0.54,  -0.02,  -0.03, 356.3, 356.3,  27.6,  27.6,   2.0,   0.1,  23.22,  23.66,     2.34,   90.09,   62.84,  992.8,  244.90,  229.47,  251.57,  243.16, 1122.99, 1060.45, 1064.60, 1073.81,   754.9,   0,  GPS,  174.0, 109.10, 114.30, 118.400, 124.575,       ,       ,       ,      ,       ,       ,    3.5,       ,      ,       ,      ,      ,  -7.9, 3DDiff, 3704,      ,     10,  14.5,     18
2012-10-17, 12:37:49,  -05:00,       ,   47.9507904,  -97.1711044,   807.6, 29.09,   842.1,   9.8,   0.00,   6.82,   -8.09,   1.93,   0.57,  -0.02,  -0.05, 356.7, 357.0,  27.5,  27.6,   2.0,   0.1,  23.22,  23.66,     2.39,   90.12,   62.69,  983.1,  244.96,  229.57,  251.68,  243.24, 1122.17, 1060.48, 1063.99, 1074.20,   754.2,   0,  GPS,  174.0, 109.10, 114.30, 118.400, 124.575,       ,       ,       ,      ,       ,       ,    3.5,       ,      ,       ,      ,      ,  -7.9, 3DDiff, 3704,      ,     10,  14.0,     17
2012-10-17, 12:37:50,  -05:00,       ,   47.9508209,  -97.1711044,   807.6, 29.09,   841.9,   9.8,   0.00,   6.57,  -13.18,   2.02,   0.41,   0.02,  -0.06, 356.9, 356.9,  27.6,  27.6,   1.9,   0.1,  23.20,  23.66,     2.39,   90.14,   62.46,  970.9,  245.04,  229.68,  251.84,  243.35, 1121.99, 1060.12, 1063.97, 1075.37,   754.0,   0,  GPS,  174.0, 109.10, 114.30, 118.400, 124.575,       ,       ,       ,      ,       ,       ,    3.5,       ,      ,       ,      ,      ,  -3.9, 3DDiff, 3704,      ,     10,  14.0,     17
2012-10-17, 12:37:51,  -05:00,       ,   47.9508476,  -97.1711044,   807.6, 29.09,   841.8,   9.8,   0.00,   6.38,  -12.76,   1.71,   0.51,  -0.00,  -0.05, 357.4, 357.4,  27.6,  27.6,   2.0,   0.0,  23.20,  23.66,     2.38,   90.17,   62.54,  974.9,  245.14,  229.77,  251.89,  243.50, 1121.86, 1059.76, 1063.46, 1076.29,   753.9,   0,  GPS,  174.0, 109.10, 114.30, 118.400, 124.575,       ,       ,       ,      ,       ,       ,    3.5,       ,      ,       ,      ,      ,   0.0, 3DDiff, 3704,      ,     10,  14.0,     17
2012-10-17, 12:37:52,  -05:00,       ,   47.9508820,  -97.1711044,   807.6, 29.09,   840.3,   9.8,   0.00,   6.36,   -5.93,   2.03,   0.57,  -0.01,  -0.00, 357.3, 357.8,  27.6,  27.7,   2.1,   0.1,  23.16,  23.77,     2.37,   90.20,   62.60,  982.4,  245.23,  229.88,  252.01,  243.57, 1121.89, 1059.66, 1063.85, 1076.07,   752.5,   0,  GPS,  174.0, 109.10, 114.30, 118.400, 124.575,       ,       ,       ,      ,       ,       ,    3.5,       ,      ,       ,      ,      ,  -7.9, 3DDiff, 3704,      ,     10,  12.5,     16
2012-10-17, 12:37:53,  -05:00,       ,   47.9509087,  -97.1711044,   806.6, 29.09,   840.4,   9.8,   0.00,   6.38,   -7.13,   2.19,   0.63,  -0.00,   0.04, 357.0, 357.6,  27.6,  27.6,   2.0,   0.2,  23.12,  23.77,     2.39,   90.22,   62.64,  986.4,  245.31,  229.94,  252.14,  243.70, 1123.20, 1058.92, 1065.49, 1074.68,   752.6,   0,  GPS,  174.0, 109.10, 114.30, 118.400, 124.575,       ,       ,       ,      ,       ,       ,    3.5,       ,      ,       ,      ,      ,  -3.9, 3DDiff, 3704,      ,     10,  12.0,     16
2012-10-17, 12:37:54,  -05:00,       ,   47.9509354,  -97.1711044,   807.6, 29.09,   841.0,   9.8,   0.00,   6.55,   -0.54,   2.53,   0.62,  -0.01,   0.15, 356.6, 357.0,  27.5,  27.5,   1.9,   0.1,  23.16,  23.77,     2.39,   90.25,   62.70,  986.2,  245.42,  230.05,  252.25,  243.82, 1122.23, 1058.31, 1064.97, 1072.31,   753.2,   0,  GPS,  174.0, 109.10, 114.30, 118.400, 124.575,       ,       ,       ,      ,       ,       ,    3.5,       ,      ,       ,      ,      ,  -7.9, 3DDiff, 3704,      ,     10,  12.0,     16
2012-10-17, 12:37:55,  -05:00,       ,   47.9509697,  -97.1711044,   806.6, 29.09,   842.7,   9.8,   0.00,   6.76,   -0.15,   3.27,   0.47,   0.05,   0.11, 356.3, 356.2,  27.5,  27.5,   1.9,   0.1,  23.12,  23.71,     2.34,   90.28,   62.67,  986.4,  245.45,  230.16,  252.38,  243.94, 1121.63, 1059.02, 1065.63, 1071.35,   754.8,   0,  GPS,  174.0, 109.10, 114.30, 118.400, 124.575,       ,       ,       ,      ,       ,       ,    3.5,       ,      ,       ,      ,      ,  -3.9, 3DDiff, 3704,      ,     10,  11.5,     16
2012-10-17, 12:37:56,  -05:00,       ,   47.9510002,  -97.1711044,   806.6, 29.09,   842.5,   9.8,   0.00,   6.94,  -14.65,   2.56,   0.38,  -0.01,  -0.10, 356.2, 356.1,  27.5,  27.6,   2.0,   0.0,  23.12,  23.71,     2.41,   90.30,   62.71,  988.7,  245.57,  230.26,  252.46,  244.04, 1122.33, 1059.28, 1066.31, 1072.08,   754.6,   0,  GPS,  174.0, 109.10, 114.30, 118.400, 124.575,       ,       ,       ,      ,       ,       ,    3.5,       ,      ,       ,      ,      ,   3.9, 3DDiff, 3704,      ,     10,  11.5,     16
2012-10-17, 12:37:57,  -05:00,       ,   47.9510345,  -97.1711044,   806.6, 29.09,   842.7,   9.8,   0.00,   7.02,   -4.56,   2.71,   0.20,   0.03,   0.00, 355.5, 355.6,  27.6,  27.6,   2.0,   0.1,  23.16,  23.71,     2.36,   90.33,   62.72,  992.3,  245.64,  230.32,  252.56,  244.11, 1124.48, 1059.25, 1065.50, 1073.21,   754.9,   0,  GPS,  174.0, 109.10, 114.30, 118.400, 124.575,       ,       ,       ,      ,       ,       ,    3.5,       ,      ,       ,      ,      ,  -3.9, 3DDiff, 3704,      ,     10,  12.0,     16
2012-10-17, 12:37:58,  -05:00,       ,   47.9510689,  -97.1711044,   807.6, 29.09,   842.6,   9.8,   0.00,   7.25,    4.32,   2.26,   0.14,  -0.03,  -0.00, 356.1, 355.2,  27.5,  27.5,   1.8,   0.1,  23.16,  23.71,     2.40,   90.36,   62.81,  992.7,  245.71,  230.44,  252.69,  244.23, 1124.77, 1059.94, 1066.29, 1072.32,   754.8,   0,  GPS,  174.0, 109.10, 114.30, 118.400, 124.575,       ,       ,       ,      ,       ,       ,    3.5,       ,      ,       ,      ,      ,   0.0, 3DDiff, 3704,      ,     10,  12.0,     16
2012-10-17, 12:37:59,  -05:00,       ,   47.9511032,  -97.1711044,   807.6, 29.09,   842.6,   9.8,   0.00,   7.21,    8.39,   2.67,   0.23,   0.04,  -0.05,   1.0, 357.2,  27.5,  27.5,   1.8,   0.1,  23.05,  23.71,     2.38,   90.39,   62.63,  980.6,  245.82,  230.55,  252.80,  244.36, 1125.10, 1061.62, 1067.54, 1070.94,   754.7,   0,  GPS,  174.0, 109.10, 114.30, 118.400, 124.575,       ,       ,       ,      ,       ,       ,    3.5,       ,      ,       ,      ,      ,   0.0, 3DDiff, 3704,      ,     10,  12.0,     16
2012-10-17, 12:38:00,  -05:00,       ,   47.9511337,  -97.1711044,   806.6, 29.09,   841.4,   9.8,   0.00,   7.37,  -10.96,   3.15,   0.41,   0.02,   0.03,   6.2,   1.9,  27.4,  27.5,   1.8,   0.1,  22.95,  23.87,     2.29,   90.41,   62.32,  962.8,  245.85,  230.62,  252.92,  244.46, 1126.21, 1062.12, 1068.28, 1071.22,   753.6,   0,  GPS,  174.0, 109.10, 114.30, 118.400, 124.575,       ,       ,       ,      ,       ,       ,    3.5,       ,      ,       ,      ,      ,   3.9, 3DDiff, 3704,      ,     10,  12.0,     16
2012-10-17, 12:38:01,  -05:00,       ,   47.9511681,  -97.1710968,   806.6, 29.09,   840.6,   9.8,   0.00,   7.33,   -1.39,   2.91,   0.53,   0.05,   0.05,  13.9,   7.7,  27.6,  27.6,   2.0,   0.0,  22.87,  24.00,     2.31,   90.44,   62.10,  949.1,  245.98,  230.71,  252.99,  244.54, 1124.69, 1061.89, 1068.11, 1070.79,   752.8,   0,  GPS,  174.0, 109.10, 114.30, 118.400, 124.575,       ,       ,       ,      ,       ,       ,    3.5,       ,      ,       ,      ,      ,   3.9, 3DDiff, 3704,      ,     10,  11.5,     16
2012-10-17, 12:38:02,  -05:00,       ,   47.9511986,  -97.1710739,   806.6, 29.09,   840.4,   9.8,   0.00,   7.06,   -0.05,   2.68,   0.41,   0.09,  -0.05,  24.2,  15.9,  27.6,  27.6,   2.0,   0.1,  22.72,  24.00,     2.20,   90.47,   61.74,  926.3,  246.05,  230.81,  253.10,  244.63, 1122.17, 1061.69, 1067.09, 1069.23,   752.6,   0,  GPS,  174.0, 109.10, 114.30, 118.400, 124.575,       ,       ,       ,      ,       ,       ,    3.5,       ,      ,       ,      ,      ,   0.0, 3DDiff, 3704,      ,     10,  11.5,     16
2012-10-17, 12:38:03,  -05:00,       ,   47.9512291,  -97.1710434,   806.6, 29.09,   840.2,   9.8,   0.00,   7.02,   -0.00,   3.00,   0.51,   0.07,  -0.02,  34.9,  26.3,  27.5,  27.5,   1.8,   0.2,  22.51,  24.00,     2.26,   90.50,   61.48,  914.0,  246.12,  230.86,  253.21,  244.76, 1119.12, 1061.97, 1065.60, 1066.09,   752.4,   0,  GPS,  174.0, 109.10, 114.30, 118.400, 124.575,       ,       ,       ,      ,       ,       ,    3.5,       ,      ,       ,      ,      ,   0.0, 3DDiff, 3704,      ,     10,  12.0,     16
2012-10-17, 12:38:04,  -05:00,       ,   47.9512520,  -97.1710205,   806.6, 29.09,   840.7,   9.5,   0.00,   7.02,   -0.00,   3.36,   0.54,   0.07,   0.00,  44.9,  36.7,  27.5,  27.5,   1.8,   0.1,  22.36,  24.00,     2.24,   90.52,   61.38,  905.7,  246.23,  230.97,  253.31,  244.84, 1115.65, 1060.47, 1064.03, 1061.74,   752.9,   0,  GPS,  174.0, 109.10, 114.30, 118.400, 124.575,       ,       ,       ,      ,       ,       ,    3.5,       ,      ,       ,      ,      ,   7.9, 3DDiff, 3704,      ,     10,  14.5,     18
2012-10-17, 12:38:05,  -05:00,       ,   47.9512749,  -97.1709747,   806.6, 29.09,   839.5,   9.5,   0.00,   7.04,    9.92,   3.07,   0.64,   0.07,   0.00,  55.8,  46.6,  27.4,  27.5,   1.9,   0.1,  22.21,  24.00,     2.29,   90.55,   61.23,  897.3,  246.32,  231.06,  253.39,  244.93, 1111.91, 1057.95, 1063.17, 1056.99,   751.6,   0,  GPS,  174.0, 109.10, 114.30, 118.400, 124.575,       ,       ,       ,      ,       ,       ,    3.5,       ,      ,       ,      ,      ,   3.9, 3DDiff, 3704,      ,     10,  12.5,     16
2012-10-17, 12:38:06,  -05:00,       ,   47.9512863,  -97.1709290,   806.6, 29.09,   840.3,   9.5,   0.00,   7.04,    3.18,   3.16,   0.76,   0.04,   0.01,  66.0,  57.1,  27.5,  27.5,   1.9,   0.1,  22.11,  24.00,     2.25,   90.58,   61.20,  897.2,  246.41,  231.12,  253.50,  245.03, 1108.52, 1057.11, 1062.04, 1053.55,   752.4,   0,  GPS,  174.0, 109.10, 114.30, 118.400, 124.575,       ,       ,       ,      ,       ,       ,    3.5,       ,      ,       ,      ,      ,   3.9, 3DDiff, 3704,      ,     10,  12.5,     16
2012-10-17, 12:38:07,  -05:00,       ,   47.9512939,  -97.1708832,   807.6, 29.09,   841.9,   9.5,   0.00,   7.15,   21.32,   3.01,   0.73,   0.06,  -0.04,  76.0,  67.2,  27.6,  27.6,   2.0,   0.1,  21.91,  24.00,     2.25,   90.61,   61.05,  889.8,  246.51,  231.23,  253.61,  245.14, 1105.76, 1056.12, 1060.41, 1050.12,   754.0,   0,  GPS,  174.0, 109.10, 114.30, 118.400, 124.575,       ,       ,       ,      ,       ,       ,    3.5,       ,      ,       ,      ,      ,   3.9, 3DDiff, 3704,      ,     10,  12.0,     16
2012-10-17, 12:38:08,  -05:00,       ,   47.9513016,  -97.1708450,   808.6, 29.09,   842.0,   9.5,   0.00,   7.35,   31.52,   2.99,   0.19,   0.05,  -0.04,  83.6,  76.3,  27.5,  27.5,   1.9,   0.2,  21.83,  24.00,     2.28,   90.64,   61.18,  896.1,  246.57,  231.31,  253.67,  245.18, 1104.44, 1055.58, 1059.63, 1047.08,   754.2,   0,  GPS,  174.0, 109.10, 114.30, 118.400, 124.575,       ,       ,       ,      ,       ,       ,    3.5,       ,      ,       ,      ,      ,   3.9, 3DDiff, 3704,      ,     10,  12.0,     16
2012-10-17, 12:38:09,  -05:00,       ,   47.9513016,  -97.1707840,   808.6, 29.09,   842.1,   9.5,   0.00,   7.54,   21.29,   2.99,   0.04,   0.04,  -0.01,  87.7,  82.6,  27.5,  27.6,   2.1,   0.2,  21.83,  24.00,     2.27,   90.66,   61.22,  900.4,  246.65,  231.38,  253.76,  245.31, 1102.39, 1053.93, 1058.41, 1045.47,   754.3,   0,  GPS,  174.0, 109.10, 114.30, 118.400, 124.575,       ,       ,       ,      ,       ,       ,    3.5,       ,      ,       ,      ,      ,   0.0, 3DDiff, 3704,      ,     10,  12.0,     16
2012-10-17, 12:38:10,  -05:00,       ,   47.9513016,  -97.1707306,   808.6, 29.09,   842.0,   9.5,   0.00,   7.62,    9.16,   3.23,  -0.04,  -0.00,   0.04,  89.0,  85.6,  27.6,  27.6,   2.0,   0.0,  21.76,  24.00,     2.26,   90.69,   61.13,  893.4,  246.76,  231.45,  253.85,  245.43, 1102.66, 1052.44, 1057.94, 1043.81,   754.2,   0,  GPS,  174.0, 109.10, 114.30, 118.400, 124.575,       ,       ,       ,      ,       ,       ,    3.5,       ,      ,       ,      ,      ,   0.0, 3DDiff, 3704,      ,     10,  12.0,     16
2012-10-17, 12:38:11,  -05:00,       ,   47.9513016,  -97.1706772,   807.6, 29.09,   842.1,   9.5,   0.00,   7.74,    0.43,   3.02,  -0.10,   0.01,  -0.05,  88.4,  86.3,  27.6,  27.6,   2.1,   0.0,  21.76,  24.00,     2.26,   90.72,   61.28,  904.2,  246.83,  231.52,  253.91,  245.52, 1101.27, 1052.78, 1057.03, 1041.94,   754.3,   0,  GPS,  174.0, 109.10, 114.30, 118.400, 124.575,       ,       ,       ,      ,       ,       ,    3.5,       ,      ,       ,      ,      ,   0.0, 3DDiff, 3704,      ,     10,  12.0,     16
2012-10-17, 12:38:12,  -05:00,       ,   47.9513016,  -97.1706238,   808.6, 29.09,   841.7,   9.5,   0.00,   7.89,    0.01,   3.18,  -0.05,   0.01,  -0.01,  88.0,  86.9,  27.6,  27.6,   2.1,   0.2,  21.76,  24.00,     2.29,   90.75,   61.36,  907.9,  246.92,  231.62,  254.04,  245.58, 1099.96, 1053.04, 1055.57, 1041.23,   753.8,   0,  GPS,  174.0, 109.10, 114.30, 118.400, 124.575,       ,       ,       ,      ,       ,       ,    3.5,       ,      ,       ,      ,      ,   0.0, 3DDiff, 3704,      ,     10,  12.0,     16
2012-10-17, 12:38:13,  -05:00,       ,   47.9513016,  -97.1705780,   808.6, 29.09,   841.6,   9.5,   0.00,   8.05,    0.32,   3.35,  -0.11,   0.00,   0.03,  87.2,  87.0,  27.5,  27.6,   2.0,   0.1,  21.76,  24.00,     2.27,   90.78,   61.46,  921.4,  247.03,  231.66,  254.13,  245.68, 1098.48, 1053.31, 1054.88, 1041.32,   753.8,   0,  GPS,  174.0, 109.10, 114.30, 118.400, 124.575,       ,       ,       ,      ,       ,       ,    3.5,       ,      ,       ,      ,      ,   0.0, 3DDiff, 3704,      ,     10,  11.5,     16
2012-10-17, 12:38:14,  -05:00,       ,   47.9513016,  -97.1705093,   807.6, 29.09,   841.6,   9.5,   0.00,   8.20,    0.01,   3.24,  -0.09,  -0.02,   0.04,  86.4,  86.2,  27.5,  27.6,   1.9,   0.1,  21.71,  24.00,     2.28,   90.82,   61.56,  923.8,  247.09,  231.78,  254.18,  245.77, 1096.32, 1053.27, 1053.73, 1042.19,   753.8,   0,  GPS,  174.0, 109.10, 114.30, 118.400, 124.575,       ,       ,       ,      ,       ,       ,    3.5,       ,      ,       ,      ,      ,   0.0, 3DDiff, 3704,      ,     10,  12.0,     16
2012-10-17, 12:38:15,  -05:00,       ,   47.9513054,  -97.1704559,   807.6, 29.09,   841.6,   9.5,   0.00,   8.36,   -9.99,   3.01,  -0.12,  -0.00,  -0.02,  85.5,  85.4,  27.5,  27.6,   1.9,   0.1,  21.71,  24.00,     2.25,   90.85,   61.39,  912.4,  247.19,  231.83,  254.30,  245.85, 1094.33, 1054.03, 1054.03, 1043.12,   753.8,   0,  GPS,  174.0, 109.10, 114.30, 118.400, 124.575,       ,       ,       ,      ,       ,       ,    3.5,       ,      ,       ,      ,      ,   0.0, 3DDiff, 3704,      ,     10,  12.0,     16
2012-10-17, 12:38:16,  -05:00,       ,   47.9513054,  -97.1703949,   807.6, 29.09,   841.6,   9.5,   0.00,   8.38,  -10.01,   2.94,  -0.30,   0.01,   0.00,  85.5,  84.5,  27.6,  27.7,   2.1,  -0.0,  21.66,  24.00,     2.29,   90.88,   61.41,  917.2,  247.28,  231.92,  254.36,  245.94, 1093.41, 1055.26, 1055.22, 1044.05,   753.8,   0,  GPS,  174.0, 109.10, 114.30, 118.400, 124.575,       ,       ,       ,      ,       ,       ,    3.5,       ,      ,       ,      ,      ,   0.0, 3DDiff, 3704,      ,     10,  12.0,     16
2012-10-17, 12:38:17,  -05:00,       ,   47.9513054,  -97.1703415,   807.6, 29.09,   841.6,   9.5,   0.00,   8.40,   -0.55,   2.94,  -0.27,   0.00,   0.02,  86.0,  85.0,  27.7,  27.7,   2.2,   0.2,  21.64,  24.00,     2.23,   90.90,   61.56,  922.9,  247.33,  232.01,  254.45,  246.04, 1093.69, 1055.43, 1054.89, 1044.77,   753.8,   0,  GPS,  174.0, 109.10, 114.30, 118.400, 124.575,       ,       ,       ,      ,       ,       ,    3.5,       ,      ,       ,      ,      ,   0.0, 3DDiff, 3704,      ,     10,  12.0,     16
2012-10-17, 12:38:18,  -05:00,       ,   47.9513054,  -97.1702805,   807.6, 29.09,   841.8,   9.5,   0.00,   8.51,   -0.02,   3.02,  -0.30,   0.00,   0.02,  86.4,  85.9,  27.6,  27.6,   2.0,   0.1,  21.59,  24.00,     2.26,   90.94,   61.71,  929.3,  247.45,  232.06,  254.53,  246.11, 1093.21, 1055.54, 1053.43, 1047.09,   753.9,   0,  GPS,  174.0, 109.10, 114.30, 118.400, 124.575,       ,       ,       ,      ,       ,       ,    3.5,       ,      ,       ,      ,      ,   0.0, 3DDiff, 3704,      ,     10,  12.0,     16
2012-10-17, 12:38:19,  -05:00,       ,   47.9513054,  -97.1702271,   807.6, 29.09,   841.3,   9.5,   0.00,   8.57,   -0.00,   2.68,  -0.34,   0.00,  -0.07,  86.3,  86.5,  27.6,  27.6,   1.8,   0.1,  21.66,  24.00,     2.26,   90.97,   61.67,  930.3,  247.57,  232.17,  254.59,  246.21, 1093.22, 1057.16, 1053.12, 1047.66,   753.5,   0,  GPS,  174.0, 109.10, 114.30, 118.400, 124.575,       ,       ,       ,      ,       ,       ,    3.5,       ,      ,       ,      ,      ,   0.0, 3DDiff, 3704,      ,     10,  11.5,     16
2012-10-17, 12:38:20,  -05:00,       ,   47.9513054,  -97.1701660,   807.6, 29.09,   841.5,   9.5,   0.00,   8.67,   -0.00,   2.85,  -0.30,   0.01,  -0.01,  86.3,  86.4,  27.6,  27.6,   1.8,   0.0,  21.71,  24.00,     2.27,   91.00,   61.55,  923.2,  247.60,  232.22,  254.70,  246.26, 1093.65, 1058.72, 1054.57, 1048.78,   753.7,   0,  GPS,  174.0, 109.10, 114.30, 118.400, 124.575,       ,       ,       ,      ,       ,       ,    3.5,       ,      ,       ,      ,      ,   0.0, 3DDiff, 3704,      ,     10,  12.0,     16
2012-10-17, 12:38:21,  -05:00,       ,   47.9513054,  -97.1701050,   807.6, 29.09,   841.4,   9.5,   0.00,   8.82,   -0.00,   2.71,  -0.34,   0.03,  -0.02,  86.2,  86.4,  27.6,  27.7,   2.0,   0.1,  21.88,  24.00,     2.23,   91.03,   61.68,  928.7,  247.72,  232.32,  254.77,  246.37, 1095.94, 1059.15, 1055.92, 1049.61,   753.6,   0,  GPS,  174.0, 109.10, 114.30, 118.400, 124.575,       ,       ,       ,      ,       ,       ,    3.5,       ,      ,       ,      ,      ,   0.0, 3DDiff, 3704,      ,     10,  12.0,     16
2012-10-17, 12:38:22,  -05:00,       ,   47.9513054,  -97.1700439,   807.6, 29.09,   841.3,   9.5,   0.00,   8.96,   -8.09,   2.83,  -0.29,  -0.02,  -0.05,  85.8,  86.2,  27.5,  27.6,   1.9,   0.2,  22.00,  24.00,     2.23,   91.06,   61.70,  928.7,  247.82,  232.40,  254.85,  246.46, 1098.35, 1059.38, 1058.19, 1049.32,   753.5,   0,  GPS,  174.0, 109.10, 114.30, 118.400, 124.575,       ,       ,       ,      ,       ,       ,    3.5,       ,      ,       ,      ,      ,   0.0, 3DDiff, 3704,      ,     10,  12.0,     16
2012-10-17, 12:38:23,  -05:00,       ,   47.9513130,  -97.1699753,   807.6, 29.09,   841.2,   9.5,   0.00,   9.10,   -5.74,   2.67,  -0.43,   0.02,  -0.01,  85.8,  85.6,  27.5,  27.6,   1.8,   0.1,  22.15,  24.00,     2.22,   91.10,   61.63,  931.1,  247.92,  232.46,  254.97,  246.52, 1100.50, 1060.11, 1058.36, 1049.77,   753.4,   0,  GPS,  174.0, 109.10, 114.30, 118.400, 124.575,       ,       ,       ,      ,       ,       ,    3.5,       ,      ,       ,      ,      ,   0.0, 3DDiff, 3704,      ,     10,  11.5,     16
2012-10-17, 12:38:24,  -05:00,       ,   47.9513130,  -97.1699142,   807.6, 29.09,   841.1,   9.5,   0.00,   9.16,   -0.27,   2.68,  -0.43,  -0.00,  -0.00,  85.9,  85.7,  27.5,  27.6,   1.8,   0.1,  22.26,  24.00,     2.30,   91.13,   61.63,  930.1,  247.99,  232.58,  255.04,  246.63, 1100.18, 1059.54, 1057.76, 1049.60,   753.2,   0,  GPS,  174.0, 109.10, 114.30, 118.400, 124.575,       ,       ,       ,      ,       ,       ,    3.5,       ,      ,       ,      ,      ,   0.0, 3DDiff, 3704,      ,     10,  11.5,     16
2012-10-17, 12:38:25,  -05:00,       ,   47.9513130,  -97.1698532,   807.6, 29.09,   841.4,   9.5,   0.00,   9.29,   -0.01,   2.58,  -0.47,   0.03,  -0.03,  85.5,  85.8,  27.5,  27.5,   1.7,   0.1,  22.36,  24.00,     2.26,   91.16,   61.65,  929.4,  248.09,  232.60,  255.11,  246.71, 1099.91, 1058.90, 1058.87, 1050.05,   753.6,   0,  GPS,  174.0, 109.10, 114.30, 118.400, 124.575,       ,       ,       ,      ,       ,       ,    3.5,       ,      ,       ,      ,      ,   0.0, 3DDiff, 3704,      ,      9,  11.5,     16
2012-10-17, 12:38:26,  -05:00,       ,   47.9513130,  -97.1697845,   806.6, 29.09,   841.3,   9.5,   0.00,   9.33,   -0.00,   2.49,  -0.55,   0.04,  -0.04,  86.0,  85.5,  27.6,  27.6,   2.0,   0.1,  22.51,  24.00,     2.27,   91.20,   61.59,  925.3,  248.14,  232.71,  255.20,  246.79, 1100.19, 1058.64, 1060.86, 1050.36,   753.5,   0,  GPS,  174.0, 109.10, 114.30, 118.400, 124.575,       ,       ,       ,      ,       ,       ,    3.5,       ,      ,       ,      ,      ,   0.0, 3DDiff, 3704,      ,      9,  11.5,     16
2012-10-17, 12:38:27,  -05:00,       ,   47.9513168,  -97.1697235,   806.6, 29.09,   841.2,   9.5,   0.00,   9.31,   -8.09,   2.86,  -0.51,   0.02,   0.02,  86.8,  86.3,  27.6,  27.6,   2.0,   0.2,  22.57,  24.00,     2.27,   91.23,   61.68,  934.1,  248.26,  232.79,  255.28,  246.88, 1101.02, 1058.76, 1061.03, 1049.61,   753.4,   0,  GPS,  174.0, 109.10, 114.30, 118.400, 124.575,       ,       ,       ,      ,       ,       ,    3.5,       ,      ,       ,      ,      ,   0.0, 3DDiff, 3704,      ,     10,  11.5,     16
2012-10-17, 12:38:28,  -05:00,       ,   47.9513168,  -97.1696625,   806.6, 29.09,   841.1,   9.5,   0.00,   9.43,   -4.15,   2.63,  -0.37,  -0.00,  -0.05,  86.7,  87.3,  27.5,  27.5,   1.8,   0.1,  22.61,  24.00,     2.27,   91.26,   61.67,  932.6,  248.36,  232.86,  255.37,  246.93, 1101.51, 1058.65, 1059.88, 1049.69,   753.2,   0,  GPS,  174.0, 109.10, 114.30, 118.400, 124.575,       ,       ,       ,      ,       ,       ,    3.5,       ,      ,       ,      ,      ,   0.0, 3DDiff, 3704,      ,     10,  12.0,     16
2012-10-17, 12:38:29,  -05:00,       ,   47.9513130,  -97.1695862,   806.6, 29.09,   841.0,   9.5,   0.00,   9.49,  -11.22,   2.83,  -0.43,  -0.04,   0.04,  86.1,  86.9,  27.5,  27.5,   1.9,   0.1,  22.72,  24.00,     2.27,   91.29,   61.77,  937.6,  248.47,  232.96,  255.43,  247.02, 1102.63, 1060.13, 1059.09, 1049.89,   753.1,   0,  GPS,  174.0, 109.10, 114.30, 118.400, 124.575,       ,       ,       ,      ,       ,       ,    3.5,       ,      ,       ,      ,      ,   0.0, 3DDiff, 3704,      ,     10,  11.5,     16
2012-10-17, 12:38:30,  -05:00,       ,   47.9513130,  -97.1695251,   806.6, 29.09,   839.7,   9.5,   0.00,   9.51,  -15.62,   2.87,  -0.46,   0.02,   0.04,  86.5,  86.3,  27.6,  27.6,   2.0,   0.0,  22.72,  24.00,     2.23,   91.33,   61.78,  936.5,  248.52,  233.00,  255.52,  247.10, 1103.11, 1061.29, 1058.06, 1051.81,   751.9,   0,  GPS,  174.0, 109.10, 114.30, 118.400, 124.575,       ,       ,       ,      ,       ,       ,    3.5,       ,      ,       ,      ,      ,   0.0, 3DDiff, 3704,      ,     10,  11.5,     16
2012-10-17, 12:38:31,  -05:00,       ,   47.9513130,  -97.1694489,   805.6, 29.09,   839.5,   9.5,   0.00,   9.56,  -15.99,   2.78,  -0.58,   0.01,   0.02,  86.4,  86.5,  27.6,  27.6,   2.0,   0.1,  22.68,  24.00,     2.26,   91.36,   61.79,  935.3,  248.64,  233.11,  255.63,  247.18, 1102.98, 1063.01, 1056.80, 1054.19,   751.7,   0,  GPS,  174.0, 109.10, 114.30, 118.400, 124.575,       ,       ,       ,      ,       ,       ,    3.5,       ,      ,       ,      ,      ,   0.0, 3DDiff, 3704,      ,      9,  11.5,     16
2012-10-17, 12:38:32,  -05:00,       ,   47.9513130,  -97.1693878,   806.6, 29.09,   839.5,   9.5,   0.00,   9.56,   -6.08,   2.83,  -0.51,   0.02,   0.06,  86.7,  86.4,  27.5,  27.6,   1.9,   0.1,  22.68,  24.00,     2.26,   91.40,   61.63,  931.1,  248.67,  233.16,  255.67,  247.24, 1102.67, 1063.33, 1057.65, 1055.22,   751.7,   0,  GPS,  174.0, 109.10, 114.30, 118.400, 124.575,       ,       ,       ,      ,       ,       ,    3.5,       ,      ,       ,      ,      ,   0.0, 3DDiff, 3704,      ,      9,  11.5,     16
2012-10-17, 12:38:33,  -05:00,       ,   47.9513054,  -97.1693268,   806.6, 29.09,   839.4,   9.5,   0.00,   9.62,   -0.25,   2.56,  -0.44,  -0.00,  -0.02,  86.6,  86.8,  27.5,  27.5,   1.8,   0.1,  22.66,  24.00,     2.24,   91.43,   61.59,  926.6,  248.79,  233.26,  255.78,  247.35, 1103.75, 1063.70, 1057.62, 1056.66,   751.6,   0,  GPS,  174.0, 109.10, 114.30, 118.400, 124.575,       ,       ,       ,      ,       ,       ,    3.5,       ,      ,       ,      ,      ,   0.0, 3DDiff, 3704,      ,     10,  11.5,     16
2012-10-17, 12:38:34,  -05:00,       ,   47.9513054,  -97.1692581,   805.6, 29.09,   839.3,   9.5,   0.00,   9.64,   -0.01,   2.60,  -0.46,   0.02,  -0.00,  86.4,  86.6,  27.5,  27.5,   1.7,   0.1,  22.66,  24.00,     2.25,   91.46,   61.60,  926.5,  248.90,  233.30,  255.83,  247.42, 1105.89, 1063.88, 1056.64, 1055.41,   751.5,   0,  GPS,  174.0, 109.10, 114.30, 118.400, 124.575,       ,       ,       ,      ,       ,       ,    3.5,       ,      ,       ,      ,      ,   0.0, 3DDiff, 3704,      ,     10,  11.5,     16
2012-10-17, 12:38:35,  -05:00,       ,   47.9513130,  -97.1691895,   805.6, 29.09,   839.1,   9.5,   0.00,   9.60,   -2.31,   2.52,  -0.40,   0.00,   0.00,  86.3,  86.3,  27.5,  27.6,   1.9,  -0.0,  22.61,  24.00,     2.23,   91.50,   61.42,  919.7,  248.94,  233.39,  255.92,  247.46, 1106.43, 1063.56, 1057.40, 1055.18,   751.3,   0,  GPS,  174.0, 109.10, 114.30, 118.400, 124.575,       ,       ,       ,      ,       ,       ,    3.5,       ,      ,       ,      ,      ,   0.0, 3DDiff, 3704,      ,     10,  11.5,     16
2012-10-17, 12:38:36,  -05:00,       ,   47.9513130,  -97.1691208,   805.6, 29.09,   839.4,   9.5,   0.00,   9.49,   -0.23,   2.61,  -0.38,   0.01,   0.00,  86.8,  86.4,  27.6,  27.6,   1.9,   0.1,  22.61,  24.00,     2.26,   91.53,   61.53,  924.2,  249.05,  233.50,  255.97,  247.55, 1106.77, 1063.62, 1058.06, 1056.03,   751.6,   0,  GPS,  174.0, 109.10, 114.30, 118.400, 124.575,       ,       ,       ,      ,       ,       ,    3.5,       ,      ,       ,      ,      ,   0.0, 3DDiff, 3704,      ,     10,  11.5,     16
2012-10-17, 12:38:37,  -05:00,       ,   47.9513130,  -97.1690598,   805.6, 29.09,   840.6,   9.5,   0.00,   9.45,   -0.01,   2.38,  -0.46,   0.00,  -0.03,  86.4,  86.9,  27.5,  27.5,   1.8,   0.2,  22.61,  24.00,     2.25,   91.56,   61.59,  928.4,  249.13,  233.55,  256.06,  247.60, 1106.91, 1063.48, 1058.01, 1055.38,   752.8,   0,  GPS,  174.0, 109.10, 114.30, 118.400, 124.575,       ,       ,       ,      ,       ,       ,    3.5,       ,      ,       ,      ,      ,   0.0, 3DDiff, 3704,      ,     10,  11.0,     16
2012-10-17, 12:38:38,  -05:00,       ,   47.9513130,  -97.1689987,   805.6, 29.09,   840.7,   9.5,   0.00,   9.35,   -0.13,   2.41,  -0.42,   0.02,  -0.01,  86.2,  86.3,  27.4,  27.5,   1.8,   0.0,  22.66,  24.00,     2.21,   91.60,   61.60,  926.4,  249.21,  233.66,  256.17,  247.71, 1105.64, 1063.84, 1057.47, 1055.09,   752.9,   0,  GPS,  174.0, 109.10, 114.30, 118.400, 124.575,       ,       ,       ,      ,       ,       ,    3.5,       ,      ,       ,      ,      ,  -3.9, 3DDiff, 3704,      ,     10,  11.0,     16
2012-10-17, 12:38:39,  -05:00,       ,   47.9513130,  -97.1689377,   805.6, 29.09,   840.7,   9.5,   0.00,   9.25,   -5.30,   2.38,  -0.46,   0.02,  -0.02,  86.1,  86.0,  27.5,  27.5,   1.8,   0.1,  22.66,  24.00,     2.26,   91.63,   61.68,  936.0,  249.31,  233.73,  256.23,  247.76, 1105.73, 1065.53, 1057.85, 1053.99,   752.9,   0,  GPS,  174.0, 109.10, 114.30, 118.400, 124.575,       ,       ,       ,      ,       ,       ,    3.5,       ,      ,       ,      ,      ,   0.0, 3DDiff, 3704,      ,     10,  11.0,     16
2012-10-17, 12:38:40,  -05:00,       ,   47.9513168,  -97.1688766,   805.6, 29.09,   840.9,   9.5,   0.00,   9.21,  -15.43,   2.40,  -0.44,  -0.01,  -0.07,  85.6,  85.8,  27.6,  27.6,   1.9,   0.1,  22.66,  24.00,     2.28,   91.66,   61.68,  935.9,  249.37,  233.79,  256.33,  247.85, 1105.80, 1066.45, 1058.76, 1053.10,   753.1,   0,  GPS,  174.0, 109.10, 114.30, 118.400, 124.575,       ,       ,       ,      ,       ,       ,    3.5,       ,      ,       ,      ,      ,   0.0, 3DDiff, 3704,      ,     10,  11.5,     16
2012-10-17, 12:38:41,  -05:00,       ,   47.9513130,  -97.1688004,   805.6, 29.09,   841.1,   9.5,   0.00,   9.23,   -6.94,   2.49,  -0.46,   0.01,  -0.05,  86.0,  85.4,  27.5,  27.5,   1.8,   0.2,  22.61,  24.00,     2.29,   91.70,   61.63,  931.4,  249.47,  233.88,  256.41,  247.90, 1107.56, 1066.67, 1058.79, 1055.03,   753.3,   0,  GPS,  174.0, 109.10, 114.30, 118.400, 124.575,       ,       ,       ,      ,       ,       ,    3.5,       ,      ,       ,      ,      ,   0.0, 3DDiff, 3704,      ,     10,  11.0,     16
2012-10-17, 12:38:42,  -05:00,       ,   47.9513130,  -97.1687546,   805.6, 29.09,   840.6,   9.5,   0.00,   8.94,   -0.30,   2.87,  -0.60,  -0.02,   0.02,  85.6,  85.7,  27.5,  27.5,   1.9,   0.1,  22.57,  24.00,     2.27,   91.73,   61.67,  931.6,  249.54,  233.95,  256.47,  247.99, 1108.25, 1067.19, 1058.77, 1056.67,   752.8,   0,  GPS,  174.0, 109.10, 114.30, 118.400, 124.575,       ,       ,       ,      ,       ,       ,    3.5,       ,      ,       ,      ,      ,   0.0, 3DDiff, 3704,      ,     10,  11.0,     16
2012-10-17, 12:38:43,  -05:00,       ,   47.9513130,  -97.1686935,   804.6, 29.09,   839.8,   9.5,   0.00,   8.71,   -5.96,   2.25,  -0.46,   0.04,  -0.05,  86.4,  85.8,  27.5,  27.5,   1.8,   0.1,  22.57,  24.00,     2.26,   91.76,   61.78,  937.4,  249.61,  234.06,  256.56,  248.03, 1110.19, 1066.37, 1059.22, 1055.47,   752.0,   0,  GPS,  174.0, 109.10, 114.30, 118.400, 124.575,       ,       ,       ,      ,       ,       ,    3.5,       ,      ,       ,      ,      ,   3.9, 3DDiff, 3704,      ,     10,  11.5,     16
2012-10-17, 12:38:44,  -05:00,       ,   47.9513130,  -97.1686249,   804.6, 29.09,   839.8,   9.5,   0.00,   8.59,  -15.14,   2.23,  -0.62,  -0.00,  -0.02,  86.3,  86.5,  27.4,  27.5,   1.6,   0.0,  22.57,  24.00,     2.26,   91.80,   61.66,  935.5,  249.71,  234.14,  256.61,  248.12, 1110.99, 1065.34, 1060.53, 1051.69,   752.0,   0,  GPS,  174.0, 109.10, 114.30, 118.400, 124.575,       ,       ,       ,      ,       ,       ,    3.5,       ,      ,       ,      ,      ,   3.9, 3DDiff, 3704,      ,     10,  11.5,     16
2012-10-17, 12:38:45,  -05:00,       ,   47.9513130,  -97.1685638,   804.6, 29.09,   839.6,   9.5,   0.00,   8.47,  -12.33,   2.40,  -0.47,   0.02,  -0.04,  87.1,  86.9,  27.5,  27.6,   1.9,   0.1,  22.55,  24.00,     2.27,   91.83,   61.64,  932.8,  249.75,  234.20,  256.71,  248.20, 1110.66, 1064.66, 1061.51, 1048.90,   751.8,   0,  GPS,  174.0, 109.10, 114.30, 118.400, 124.575,       ,       ,       ,      ,       ,       ,    3.5,       ,      ,       ,      ,      ,  -3.9, 3DDiff, 3704,      ,     10,  11.5,     16
2012-10-17, 12:38:46,  -05:00,       ,   47.9513130,  -97.1685104,   804.6, 29.09,   839.4,   9.5,   0.00,   8.42,   -7.70,   2.41,  -0.53,   0.02,  -0.00,  87.8,  87.7,  27.6,  27.6,   2.0,   0.2,  22.51,  24.00,     2.21,   91.86,   61.61,  929.6,  249.86,  234.28,  256.77,  248.27, 1111.39, 1064.96, 1061.00, 1047.41,   751.6,   0,  GPS,  174.0, 109.10, 114.30, 118.400, 124.575,       ,       ,       ,      ,       ,       ,    3.5,       ,      ,       ,      ,      ,   0.0, 3DDiff, 3704,      ,     10,  11.5,     16
2012-10-17, 12:38:47,  -05:00,       ,   47.9513130,  -97.1684418,   804.6, 29.09,   839.2,   9.5,   0.00,   8.26,   -0.35,   2.57,  -0.46,   0.01,   0.02,  88.4,  88.7,  27.5,  27.5,   1.8,   0.1,  22.51,  24.00,     2.27,   91.90,   61.53,  922.8,  249.90,  234.36,  256.84,  248.31, 1110.81, 1064.66, 1060.30, 1046.25,   751.4,   0,  GPS,  174.0, 109.10, 114.30, 118.400, 124.575,       ,       ,       ,      ,       ,       ,    3.5,       ,      ,       ,      ,      ,   0.0, 3DDiff, 3704,      ,     10,  11.5,     16
2012-10-17, 12:38:48,  -05:00,       ,   47.9513130,  -97.1683960,   804.6, 29.09,   839.1,   9.5,   0.00,   8.11,   -0.01,   2.55,  -0.36,   0.02,  -0.03,  88.6,  89.2,  27.5,  27.5,   1.9,   0.1,  22.51,  24.00,     2.25,   91.93,   61.29,  912.4,  250.01,  234.46,  256.91,  248.40, 1110.38, 1064.34, 1061.53, 1047.76,   751.3,   0,  GPS,  174.0, 109.10, 114.30, 118.400, 124.575,       ,       ,       ,      ,       ,       ,    3.5,       ,      ,       ,      ,      ,   0.0, 3DDiff, 3704,      ,     10,  11.5,     16
2012-10-17, 12:38:49,  -05:00,       ,   47.9513054,  -97.1683426,   804.6, 29.09,   840.3,   9.5,   0.00,   7.79,   -0.00,   2.86,  -0.40,  -0.00,   0.03,  88.4,  89.2,  27.5,  27.6,   1.8,   0.1,  22.51,  24.00,     2.25,   91.96,   61.23,  907.1,  250.40,  234.93,  257.42,  248.82, 1110.02, 1063.74, 1062.04, 1051.97,   752.5,   0,  GPS,  174.0, 109.10, 114.30, 118.400, 124.575,       ,       ,       ,      ,       ,       ,    3.5,       ,      ,       ,      ,      ,   0.0, 3DDiff, 3704,      ,     10,  11.5,     16
2012-10-17, 12:38:50,  -05:00,       ,   47.9513054,  -97.1683044,   804.6, 29.09,   840.4,   9.5,   0.00,   7.33,   -0.00,   2.75,  -0.27,  -0.02,  -0.00,  87.6,  88.6,  27.5,  27.6,   1.8,   0.1,  22.51,  24.00,     2.28,   91.99,   61.47,  923.7,  250.96,  235.41,  257.90,  249.35, 1108.76, 1063.49, 1061.77, 1053.94,   752.5,   0,  GPS,  174.0, 109.10, 114.30, 118.400, 124.575,       ,       ,       ,      ,       ,       ,    3.5,       ,      ,       ,      ,      ,   0.0, 3DDiff, 3704,      ,     10,  11.5,     16
2012-10-17, 12:38:51,  -05:00,       ,   47.9513054,  -97.1682434,   804.6, 29.09,   840.3,   9.5,   0.00,   6.98,   -0.00,   2.63,  -0.25,  -0.02,   0.01,  84.5,  86.7,  27.5,  27.5,   1.8,   0.1,  22.55,  24.00,     2.25,   92.03,   61.38,  919.0,  251.12,  235.57,  258.01,  249.50, 1108.86, 1063.42, 1060.04, 1053.38,   752.4,   0,  GPS,  174.0, 109.10, 114.30, 118.400, 124.575,       ,       ,       ,      ,       ,       ,    3.5,       ,      ,       ,      ,      ,   0.0, 3DDiff, 3704,      ,     10,  11.5,     16
2012-10-17, 12:38:52,  -05:00,       ,   47.9513130,  -97.1681976,   804.6, 29.09,   840.5,   9.5,   0.00,   6.63,   -9.05,   2.56,  -0.36,  -0.01,  -0.01,  81.3,  83.2,  27.4,  27.5,   1.7,   0.1,  22.61,  24.00,     2.22,   92.06,   61.54,  925.6,  251.15,  235.65,  258.09,  249.54, 1109.25, 1063.48, 1058.16, 1053.32,   752.7,   0,  GPS,  174.0, 109.10, 114.30, 118.400, 124.575,       ,       ,       ,      ,       ,       ,    3.5,       ,      ,       ,      ,      ,   0.0, 3DDiff, 3704,      ,     10,  11.5,     16
2012-10-17, 12:38:53,  -05:00,       ,   47.9513130,  -97.1681595,   803.6, 29.09,   840.4,   9.5,   0.00,   6.57,  -15.70,   2.30,  -0.65,  -0.02,  -0.01,  76.7,  79.2,  27.4,  27.4,   1.5,   0.0,  22.66,  24.00,     2.27,   92.09,   61.65,  932.4,  251.26,  235.73,  258.15,  249.63, 1109.07, 1064.05, 1056.84, 1052.41,   752.6,   0,  GPS,  174.0, 109.10, 114.30, 118.400, 124.575,       ,       ,       ,      ,       ,       ,    3.5,       ,      ,       ,      ,      ,   0.0, 3DDiff, 3704,      ,     10,  11.5,     16
2012-10-17, 12:38:54,  -05:00,       ,   47.9513168,  -97.1681061,   803.6, 29.09,   841.0,   9.5,   0.00,   6.53,   -6.94,   2.22,  -0.58,  -0.04,   0.01,  71.3,  74.4,  27.5,  27.5,   1.8,  -0.0,  22.68,  24.00,     2.31,   92.12,   61.71,  941.3,  251.29,  235.83,  258.27,  249.67, 1108.89, 1064.10, 1056.39, 1051.72,   753.2,   0,  GPS,  174.0, 109.10, 114.30, 118.400, 124.575,       ,       ,       ,      ,       ,       ,    3.5,       ,      ,       ,      ,      ,  -3.9, 3DDiff, 3704,      ,     10,  11.5,     16
2012-10-17, 12:38:55,  -05:00,       ,   47.9513283,  -97.1680679,   803.6, 29.09,   840.2,   9.5,   0.00,   6.43,  -14.13,   1.94,  -0.55,  -0.04,  -0.05,  64.9,  68.2,  27.5,  27.5,   1.8,   0.1,  22.76,  24.00,     2.34,   92.15,   61.56,  930.5,  251.41,  235.87,  258.29,  249.79, 1108.11, 1064.11, 1057.52, 1051.62,   752.4,   0,  GPS,  174.0, 109.10, 114.30, 118.400, 124.575,       ,       ,       ,      ,       ,       ,    3.5,       ,      ,       ,      ,      ,  -3.9, 3DDiff, 3704,      ,     10,  11.5,     16
2012-10-17, 12:38:56,  -05:00,       ,   47.9513397,  -97.1680374,   803.6, 29.09,   840.1,   9.5,   0.00,   6.38,  -15.93,   1.92,  -0.65,  -0.03,   0.02,  57.5,  61.3,  27.5,  27.5,   1.7,   0.1,  22.87,  24.00,     2.28,   92.18,   61.63,  932.6,  251.45,  235.99,  258.41,  249.81, 1107.20, 1064.85, 1058.74, 1053.45,   752.3,   0,  GPS,  174.0, 109.10, 114.30, 118.400, 124.575,       ,       ,       ,      ,       ,       ,    3.5,       ,      ,       ,      ,      ,  -3.9, 3DDiff, 3704,      ,     10,  11.5,     16
2012-10-17, 12:38:57,  -05:00,       ,   47.9513588,  -97.1679840,   802.6, 29.09,   840.2,   9.5,   0.00,   6.41,  -16.00,   1.91,  -0.42,  -0.05,  -0.01,  50.1,  53.6,  27.4,  27.4,   1.6,   0.0,  22.95,  24.00,     2.27,   92.21,   61.35,  915.6,  251.54,  236.06,  258.47,  249.91, 1106.14, 1066.28, 1057.09, 1056.20,   752.3,   0,  GPS,  174.0, 109.10, 114.30, 118.400, 124.575,       ,       ,       ,      ,       ,       ,    3.5,       ,      ,       ,      ,      ,   0.0, 3DDiff, 3704,      ,     10,  11.5,     16
2012-10-17, 12:38:58,  -05:00,       ,   47.9513741,  -97.1679611,   802.6, 29.09,   840.2,   9.5,   0.00,   6.16,  -15.87,   1.65,  -0.76,  -0.00,  -0.04,  43.3,  46.3,  27.4,  27.5,   1.7,   0.1,  23.01,  23.94,     2.29,   92.24,   61.18,  906.5,  251.51,  236.09,  258.49,  249.90, 1104.51, 1065.99, 1055.21, 1058.48,   752.3,   0,  GPS,  174.0, 109.10, 114.30, 118.400, 124.575,       ,       ,       ,      ,       ,       ,    3.5,       ,      ,       ,      ,      ,   0.0, 3DDiff, 3704,      ,     10,  11.5,     16
2012-10-17, 12:38:59,  -05:00,       ,   47.9513969,  -97.1679306,   802.6, 29.09,   840.2,   9.5,   0.00,   5.89,  -14.81,   2.41,  -0.43,  -0.05,   0.01,  35.5,  39.6,  27.4,  27.5,   1.7,   0.1,  23.05,  23.87,     2.27,   92.27,   61.16,  903.7,  251.61,  236.19,  258.55,  249.98, 1103.97, 1064.28, 1053.93, 1058.98,   752.3,   0,  GPS,  174.0, 109.10, 114.30, 118.400, 124.575,       ,       ,       ,      ,       ,       ,    3.5,       ,      ,       ,      ,      ,  -7.9, 3DDiff, 3704,      ,     10,  11.5,     16
2012-10-17, 12:39:00,  -05:00,       ,   47.9514236,  -97.1679077,   802.6, 29.09,   838.9,   9.5,   0.00,   6.03,  -15.95,   2.53,  -0.09,  -0.06,   0.02,  27.6,  31.8,  27.4,  27.5,   1.7,   0.0,  23.12,  23.83,     2.25,   92.30,   61.29,  912.9,  251.76,  236.34,  258.68,  250.07, 1103.49, 1063.17, 1052.92, 1058.36,   751.1,   0,  GPS,  174.0, 109.10, 114.30, 118.400, 124.575,       ,       ,       ,      ,       ,       ,    3.5,       ,      ,       ,      ,      ,  -3.9, 3DDiff, 3704,      ,     10,  11.5,     16
2012-10-17, 12:39:01,  -05:00,       ,   47.9514427,  -97.1678925,   802.6, 29.09,   840.2,   9.5,   0.00,   5.99,  -14.56,   2.72,  -0.21,  -0.06,   0.05,  20.1,  23.6,  27.4,  27.5,   1.8,   0.1,  23.26,  23.77,     2.26,   92.32,   61.31,  914.1,  251.82,  236.40,  258.79,  250.17, 1103.58, 1062.71, 1051.25, 1057.67,   752.3,   0,  GPS,  174.0, 109.10, 114.30, 118.400, 124.575,       ,       ,       ,      ,       ,       ,    3.5,       ,      ,       ,      ,      ,   3.9, 3DDiff, 3704,      ,     10,  11.5,     16
2012-10-17, 12:39:02,  -05:00,       ,   47.9514694,  -97.1678848,   802.6, 29.09,   840.1,   9.5,   0.00,   5.81,  -11.67,   2.98,   0.26,  -0.06,   0.02,  14.6,  17.0,  27.4,  27.4,   1.6,   0.1,  23.31,  23.60,     2.29,   92.36,   61.39,  921.0,  251.93,  236.51,  258.85,  250.21, 1102.72, 1062.38, 1050.44, 1056.57,   752.3,   0,  GPS,  174.0, 109.10, 114.30, 118.400, 124.575,       ,       ,       ,      ,       ,       ,    3.5,       ,      ,       ,      ,      ,   0.0, 3DDiff, 3704,      ,     10,  11.5,     16
2012-10-17, 12:39:03,  -05:00,       ,   47.9514961,  -97.1678772,   802.6, 29.09,   840.0,   9.5,   0.00,   5.58,  -15.82,   2.83,   0.59,  -0.03,  -0.02,  11.7,  12.0,  27.4,  27.4,   1.6,   0.0,  23.37,  23.54,     2.28,   92.38,   61.35,  916.7,  251.99,  236.59,  258.94,  250.31, 1102.53, 1062.88, 1050.36, 1056.94,   752.2,   0,  GPS,  174.0, 109.10, 114.30, 118.400, 124.575,       ,       ,       ,      ,       ,       ,    3.5,       ,      ,       ,      ,      ,   3.9, 3DDiff, 3704,      ,     10,  11.5,     16
2012-10-17, 12:39:04,  -05:00,       ,   47.9515190,  -97.1678619,   801.6, 29.09,   840.0,   9.5,   0.00,   5.56,  -15.99,   2.72,   0.65,  -0.01,  -0.01,  10.1,   9.4,  27.5,  27.5,   1.8,   0.0,  23.41,  23.50,     2.25,   92.41,   61.43,  921.7,  252.07,  236.66,  259.02,  250.35, 1102.62, 1062.92, 1050.43, 1058.36,   752.1,   0,  GPS,  174.0, 109.10, 114.30, 118.400, 124.575,       ,       ,       ,      ,       ,       ,    3.5,       ,      ,       ,      ,      ,   3.9, 3DDiff, 3704,      ,     10,  11.5,     16
2012-10-17, 12:39:05,  -05:00,       ,   47.9515457,  -97.1678543,   801.6, 29.09,   839.9,   9.5,   0.00,   5.52,  -16.00,   2.75,   0.57,  -0.01,  -0.05,   7.2,   7.4,  27.5,  27.5,   1.9,   0.1,  23.52,  23.43,     2.27,   92.44,   61.33,  919.4,  252.12,  236.79,  259.09,  250.44, 1101.67, 1061.64, 1051.30, 1059.27,   752.1,   0,  GPS,  174.0, 109.10, 114.30, 118.400, 124.575,       ,       ,       ,      ,       ,       ,    3.5,       ,      ,       ,      ,      ,   0.0, 3DDiff, 3704,      ,     10,  11.5,     16
2012-10-17, 12:39:06,  -05:00,       ,   47.9515686,  -97.1678467,   801.6, 29.09,   841.0,   9.5,   0.00,   5.36,  -11.53,   2.31,   0.80,  -0.04,  -0.04,   2.7,   4.7,  27.4,  27.4,   1.7,   0.1,  23.60,  23.26,     2.26,   92.46,   61.40,  921.9,  252.20,  236.85,  259.14,  250.48, 1101.81, 1060.82, 1051.09, 1062.57,   753.2,   0,  GPS,  174.0, 109.10, 114.30, 118.400, 124.575,       ,       ,       ,      ,       ,       ,    3.5,       ,      ,       ,      ,      ,   3.9, 3DDiff, 3704,      ,     10,  11.5,     16
2012-10-17, 12:39:07,  -05:00,       ,   47.9515877,  -97.1678467,   801.6, 29.09,   840.3,   9.5,   0.00,   4.57,   -0.70,   2.15,   0.57,  -0.04,   0.01, 352.4, 358.0,  27.4,  27.5,   1.7,   0.1,  23.73,  23.22,     2.29,   92.49,   61.51,  928.9,  252.23,  236.93,  259.23,  250.56, 1101.68, 1060.53, 1049.25, 1063.67,   752.4,   0,  GPS,  174.0, 109.10, 114.30, 118.400, 124.575,       ,       ,       ,      ,       ,       ,    3.5,       ,      ,       ,      ,      ,   3.9, 3DDiff, 3704,      ,     10,  11.5,     16
2012-10-17, 12:39:08,  -05:00,       ,   47.9516029,  -97.1678467,   801.6, 29.09,   840.3,   9.5,   0.00,   3.25,   -0.02,   2.22,   0.37,  -0.05,  -0.01, 343.8, 348.5,  27.5,  27.5,   1.7,   0.1,  23.81,  22.99,     2.25,   92.51,   61.59,  931.5,  252.33,  237.01,  259.31,  250.62, 1101.61, 1060.80, 1048.53, 1063.89,   752.4,   0,  GPS,  174.0, 109.10, 114.30, 118.400, 124.575,       ,       ,       ,      ,       ,       ,    3.5,       ,      ,       ,      ,      ,   3.9, 3DDiff, 3704,      ,     10,  11.5,     16
2012-10-17, 12:39:09,  -05:00,       ,   47.9516106,  -97.1678467,   801.6, 29.09,   840.4,   9.5,   0.00,   1.69,   -0.00,   2.48,   0.14,  -0.01,   0.02, 340.6, 343.6,  27.5,  27.5,   1.7,   0.1,  23.81,  22.95,     2.27,   92.54,   61.71,  940.9,  252.38,  237.13,  259.36,  250.66, 1101.59, 1061.56, 1050.10, 1062.97,   752.6,   0,  GPS,  174.0, 109.10, 114.30, 118.400, 124.575,       ,       ,       ,      ,       ,       ,    3.5,       ,      ,       ,      ,      ,   0.0, 3DDiff, 3704,      ,     10,  11.5,     16
2012-10-17, 12:39:10,  -05:00,       ,   47.9516144,  -97.1678467,   801.6, 29.09,   840.5,   9.5,   0.00,   0.00,   -7.06,   2.70,   0.27,  -0.01,  -0.05, 340.1, 343.6,  27.5,  27.5,   1.8,   0.1,  23.85,  22.95,     2.27,   92.57,   61.56,  930.0,  252.48,  237.19,  259.47,  250.74, 1099.85, 1063.06, 1052.84, 1062.79,   752.6,   0,  GPS,  174.0, 109.10, 114.30, 118.400, 124.575,       ,       ,       ,      ,       ,       ,    3.5,       ,      ,       ,      ,      ,   0.0, 3DDiff, 3704,      ,     10,  11.5,     16
2012-10-17, 12:39:11,  -05:00,       ,   47.9516144,  -97.1678543,   801.6, 29.09,   840.7,   9.5,   0.00,   0.00,  -14.13,   2.70,   0.35,  -0.00,   0.02, 340.2, 343.6,  27.5,  27.5,   1.9,   0.1,  23.81,  22.95,     2.27,   92.59,   61.53,  927.4,  252.55,  237.27,  259.57,  250.83, 1099.40, 1064.96, 1054.19, 1064.69,   752.9,   0,  GPS,  174.0, 109.10, 114.30, 118.400, 124.575,       ,       ,       ,      ,       ,       ,    3.5,       ,      ,       ,      ,      ,   0.0, 3DDiff, 3704,      ,     10,  11.5,     16
2012-10-17, 12:39:12,  -05:00,       ,   47.9516144,  -97.1678543,   801.6, 29.09,   839.5,   9.5,   0.00,   0.00,   -6.91,   2.75,   0.35,  -0.01,   0.00, 340.1, 343.6,  27.4,  27.4,   1.6,   0.0,  23.85,  22.95,     2.28,   92.61,   61.57,  929.4,  252.62,  237.35,  259.63,  250.88, 1100.95, 1066.11, 1053.87, 1064.89,   751.6,   0,  GPS,  174.0, 109.10, 114.30, 118.400, 124.575,       ,       ,       ,      ,       ,       ,    3.5,       ,      ,       ,      ,      ,   0.0, 3DDiff, 3704,      ,     10,  12.0,     16
2012-10-17, 12:39:13,  -05:00,       ,   47.9516144,  -97.1678543,   800.6, 29.09,   840.7,   9.5,   0.00,   0.00,  -15.53,   2.83,   0.35,  -0.01,   0.02, 340.0, 343.6,  27.5,  27.5,   1.8,  -0.0,  23.77,  22.99,     2.28,   92.64,   61.50,  926.0,  252.69,  237.46,  259.69,  250.91, 1102.31, 1066.18, 1053.98, 1064.13,   752.9,   0,  GPS,  174.0, 109.10, 114.30, 118.400, 124.575,       ,       ,       ,      ,       ,       ,    3.5,       ,      ,       ,      ,      ,   0.0, 3DDiff, 3704,      ,     10,  11.5,     16
2012-10-17, 12:39:14,  -05:00,       ,   47.9516144,  -97.1678543,   800.6, 29.09,   840.8,   9.8,   0.00,   0.00,  -15.99,   2.86,   0.32,  -0.01,  -0.00, 340.0, 343.6,  27.5,  27.5,   1.8,   0.1,  23.73,  22.99,     2.27,   92.67,   61.35,  920.6,  252.76,  237.54,  259.75,  251.01, 1102.85, 1066.50, 1054.97, 1065.85,   752.9,   0,  GPS,  174.0, 109.10, 114.30, 118.400, 124.575,       ,       ,       ,      ,       ,       ,    3.5,       ,      ,       ,      ,      ,   0.0, 3DDiff, 3704,      ,     10,  11.5,     16
2012-10-17, 12:39:15,  -05:00,       ,   47.9516144,  -97.1678543,   800.6, 29.09,   840.8,   9.8,   0.00,   0.00,  -16.00,   2.82,   0.30,  -0.00,   0.00, 339.9, 343.6,  27.5,  27.5,   1.8,   0.1,  23.71,  23.05,     2.23,   92.69,   61.52,  928.7,  252.81,  237.60,  259.81,  251.07, 1101.91, 1067.37, 1054.03, 1065.74,   753.0,   0,  GPS,  174.0, 109.10, 114.30, 118.400, 124.575,       ,       ,       ,      ,       ,       ,    3.5,       ,      ,       ,      ,      ,   0.0, 3DDiff, 3704,      ,     10,  11.5,     16
2012-10-17, 12:39:16,  -05:00,       ,   47.9516144,  -97.1678543,   800.6, 29.09,   840.9,   9.8,   0.00,   0.00,  -16.00,   2.83,   0.31,  -0.01,   0.03, 339.9, 343.6,  27.4,  27.5,   1.8,   0.0,  23.62,  23.10,     2.23,   92.71,   61.54,  930.3,  252.90,  237.64,  259.90,  251.14, 1101.51, 1067.67, 1051.73, 1065.27,   753.0,   0,  GPS,  174.0, 109.10, 114.30, 118.400, 124.575,       ,       ,       ,      ,       ,       ,    3.5,       ,      ,       ,      ,      ,   0.0, 3DDiff, 3704,      ,     10,  11.5,     16
2012-10-17, 12:39:17,  -05:00,       ,   47.9516144,  -97.1678543,   800.6, 29.09,   840.2,   9.8,   0.00,   0.00,   -5.03,   2.82,   0.31,  -0.01,   0.01, 339.9, 343.6,  27.4,  27.4,   1.7,   0.1,  23.60,  23.16,     2.23,   92.74,   61.45,  928.7,  252.97,  237.74,  260.02,  251.16, 1101.97, 1066.66, 1051.28, 1064.99,   752.4,   0,  GPS,  174.0, 109.10, 114.30, 118.400, 124.575,       ,       ,       ,      ,       ,       ,    3.5,       ,      ,       ,      ,      ,   0.0, 3DDiff, 3704,      ,     10,  11.5,     16
2012-10-17, 12:39:18,  -05:00,       ,   47.9516144,  -97.1678543,   800.6, 29.09,   841.2,   9.8,   0.00,   0.00,   -0.20,   2.87,   0.34,  -0.00,   0.00, 339.9, 343.6,  27.5,  27.5,   1.8,   0.1,  23.52,  23.22,     2.24,   92.77,   61.62,  936.4,  253.03,  237.86,  260.04,  251.25, 1102.08, 1065.25, 1051.88, 1064.59,   753.3,   0,  GPS,  174.0, 109.10, 114.30, 118.400, 124.575,       ,       ,       ,      ,       ,       ,    3.5,       ,      ,       ,      ,      ,   0.0, 3DDiff, 3704,      ,     10,  11.5,     16
2012-10-17, 12:39:19,  -05:00,       ,   47.9516144,  -97.1678543,   799.6, 29.09,   840.4,   9.8,   0.00,   0.00,  -11.02,   2.86,   0.31,  -0.01,  -0.01, 339.9, 343.6,  27.4,  27.5,   1.7,   0.0,  23.47,  23.33,     2.24,   92.79,   61.62,  935.5,  253.06,  237.92,  260.16,  251.29, 1101.40, 1063.28, 1050.57, 1062.69,   752.5,   0,  GPS,  174.0, 109.10, 114.30, 118.400, 124.575,       ,       ,       ,      ,       ,       ,    3.5,       ,      ,       ,      ,      ,   0.0, 3DDiff, 3704,      ,     10,  11.5,     16
2012-10-17, 12:39:20,  -05:00,       ,   47.9516144,  -97.1678543,   799.6, 29.09,   840.4,   9.8,   0.00,   0.00,  -15.79,   2.81,   0.32,  -0.02,  -0.04, 339.9, 343.6,  27.5,  27.5,   1.8,   0.1,  23.41,  23.39,     2.24,   92.82,   61.60,  938.4,  253.16,  237.99,  260.18,  251.33, 1101.64, 1062.35, 1050.24, 1062.52,   752.5,   0,  GPS,  174.0, 109.10, 114.30, 118.400, 124.575,       ,       ,       ,      ,       ,       ,    3.5,       ,      ,       ,      ,      ,   0.0, 3DDiff, 3704,      ,     10,  11.5,     16
2012-10-17, 12:39:21,  -05:00,       ,   47.9516144,  -97.1678543,   799.6, 29.09,   840.4,   9.8,   0.00,   0.00,  -15.99,   2.81,   0.37,  -0.01,   0.03, 339.9, 343.6,  27.4,  27.5,   1.8,   0.1,  23.33,  23.43,     2.62,   92.84,   63.06, 1032.9,  253.24,  238.03,  260.29,  251.41, 1100.38, 1061.48, 1050.66, 1063.28,   752.5,   0,  GPS,  174.0, 109.10, 114.30, 118.400, 124.575,       ,       ,       ,      ,       ,       ,    3.5,       ,      ,       ,      ,      ,  -3.9, 3DDiff, 3704,      ,     10,  11.5,     16
2012-10-17, 12:39:22,  -05:00,       ,   47.9516144,  -97.1678543,   799.6, 29.09,   840.4,   9.8,   0.00,   0.00,   -1.86,   2.64,   0.27,   0.01,   0.03, 339.8, 343.6,  27.5,  27.5,   1.6,   0.0,  23.33,  23.54,     3.69,   92.87,   67.18, 1243.4,  253.30,  238.12,  260.34,  251.43, 1099.97, 1060.79, 1052.97, 1063.70,   752.5,   0,  GPS,  174.0, 109.10, 114.30, 118.400, 124.575,       ,       ,       ,      ,       ,       ,    3.5,       ,      ,       ,      ,      ,   0.0, 3DDiff, 3704,      ,     10,  11.5,     16
2012-10-17, 12:39:23,  -05:00,       ,   47.9516144,  -97.1678543,   806.6, 29.09,   840.8,   9.8,   0.00,   0.00,   65.83,   2.25,   0.31,  -0.01,   0.01, 339.8, 343.6,  27.5,  27.5,   1.9,   0.1,  23.31,  23.54,     6.51,   92.90,   72.02, 1506.5,  253.40,  238.22,  260.44,  251.54, 1104.84, 1065.12, 1061.68, 1068.40,   753.0,   0,  GPS,  174.0, 109.10, 114.30, 118.400, 124.575,       ,       ,       ,      ,       ,       ,    3.5,       ,      ,       ,      ,      ,   0.0, 3DDiff, 3704,      ,     10,  11.5,     16
2012-10-17, 12:39:24,  -05:00,       ,   47.9516144,  -97.1678543,   826.6, 29.09,   839.7,   9.8,   0.00,   0.00,  498.84,   2.21,   0.31,  -0.01,  -0.01, 339.8, 343.6,  27.5,  27.5,   1.8,   0.1,  23.31,  23.60,     7.38,   92.93,   74.30, 1658.3,  253.44,  238.29,  260.52,  251.56, 1112.81, 1069.57, 1075.09, 1074.90,   751.9,   0,  GPS,  174.0, 109.10, 114.30, 118.400, 124.575,       ,       ,       ,      ,       ,       ,    3.5,       ,      ,       ,      ,      ,   0.0, 3DDiff, 3704,      ,     10,  11.5,     16
2012-10-17, 12:39:25,  -05:00,       ,   47.9516144,  -97.1678543,   825.6, 29.09,   840.9,   9.8,   0.00,   0.00,  443.20,   2.15,   0.34,  -0.03,   0.00, 339.9, 343.6,  27.5,  27.5,   1.8,   0.1,  23.26,  23.66,     8.06,   92.96,   75.62, 1748.8,  253.56,  238.40,  260.62,  251.67, 1120.03, 1075.62, 1087.68, 1082.81,   753.0,   0,  GPS,  174.0, 109.10, 114.30, 118.400, 124.575,       ,       ,       ,      ,       ,       ,    3.5,       ,      ,       ,      ,      ,   0.0, 3DDiff, 3704,      ,     10,  11.5,     16
2012-10-17, 12:39:26,  -05:00,       ,   47.9516144,  -97.1678543,   826.6, 29.09,   840.8,   9.8,   0.00,   0.00,  293.44,   2.09,   0.37,  -0.04,   0.05, 339.9, 343.6,  27.5,  27.5,   1.8,   0.1,  23.22,  23.71,     8.48,   93.01,   76.64, 1819.1,  253.69,  238.55,  260.78,  251.75, 1128.54, 1083.41, 1099.85, 1094.27,   753.0,   0,  GPS,  174.0, 109.10, 114.30, 118.400, 124.575,       ,       ,       ,      ,       ,       ,    3.5,       ,      ,       ,      ,      ,   0.0, 3DDiff, 3704,      ,     10,  11.5,     16
2012-10-17, 12:39:27,  -05:00,       ,   47.9516144,  -97.1678543,   827.6, 29.09,   840.9,   9.8,   0.00,   0.00,  182.69,   1.93,   0.30,  -0.00,  -0.07, 339.8, 343.6,  27.5,  27.6,   1.8,   0.1,  23.16,  23.71,     8.77,   93.04,   77.43, 1858.1,  253.82,  238.70,  260.93,  251.82, 1137.74, 1093.14, 1112.31, 1105.35,   753.0,   0,  GPS,  174.0, 109.10, 114.30, 118.400, 124.575,       ,       ,       ,      ,       ,       ,    3.5,       ,      ,       ,      ,      ,   0.0, 3DDiff, 3704,      ,     10,  11.5,     16
2012-10-17, 12:39:28,  -05:00,       ,   47.9516144,  -97.1678543,   827.6, 29.09,   840.9,   9.8,   0.00,   0.00,   93.87,   2.01,   0.30,  -0.01,   0.04, 339.9, 343.6,  27.5,  27.5,   1.8,   0.1,  23.08,  23.83,     8.63,   93.08,   77.32, 1865.4,  253.95,  238.90,  261.12,  251.95, 1145.12, 1104.12, 1125.04, 1116.59,   753.1,   0,  GPS,  174.0, 109.10, 114.30, 118.400, 124.575,       ,       ,       ,      ,       ,       ,    3.5,       ,      ,       ,      ,      ,   0.0, 3DDiff, 3704,      ,     10,  12.0,     16
2012-10-17, 12:39:29,  -05:00,       ,   47.9516144,  -97.1678543,   827.6, 29.09,   840.8,   9.8,   0.00,   0.00,   46.53,   1.98,   0.33,   0.02,  -0.04, 340.0, 343.6,  27.5,  27.5,   1.8,   0.1,  23.05,  23.94,     8.65,   93.11,   77.20, 1857.7,  254.18,  239.13,  261.32,  252.08, 1151.61, 1114.59, 1135.72, 1128.18,   753.0,   0,  GPS,  174.0, 109.10, 114.30, 118.400, 124.575,       ,       ,       ,      ,       ,       ,    3.5,       ,      ,       ,      ,      ,   0.0, 3DDiff, 3704,      ,     10,  11.5,     16
2012-10-17, 12:39:30,  -05:00,       ,   47.9516144,  -97.1678543,   828.6, 29.09,   841.9,   9.8,   0.00,   0.00,   27.00,   2.07,   0.32,  -0.02,   0.04, 339.9, 343.6,  27.5,  27.6,   1.9,   0.1,  23.05,  23.94,     8.38,   93.14,   76.84, 1840.4,  254.42,  239.39,  261.60,  252.21, 1157.49, 1121.23, 1143.37, 1136.07,   754.0,   0,  GPS,  174.0, 109.10, 114.30, 118.400, 124.575,       ,       ,       ,      ,       ,       ,    3.5,       ,      ,       ,      ,      ,   0.0, 3DDiff, 3704,      ,     10,  11.5,     16
2012-10-17, 12:39:31,  -05:00,       ,   47.9516144,  -97.1678543,   829.6, 29.09,   841.0,   9.8,   0.00,   0.00,   47.96,   2.08,   0.30,   0.00,   0.04, 340.0, 343.6,  27.5,  27.5,   1.8,   0.1,  23.05,  23.87,     8.31,   93.16,   76.24, 1821.0,  254.64,  239.64,  261.85,  252.43, 1162.55, 1126.89, 1148.89, 1139.68,   753.2,   0,  GPS,  174.0, 109.10, 114.30, 118.400, 124.575,       ,       ,       ,      ,       ,       ,    3.5,       ,      ,       ,      ,      ,   0.0, 3DDiff, 3704,      ,     10,  11.5,     16
2012-10-17, 12:39:32,  -05:00,       ,   47.9516144,  -97.1678543,   828.6, 29.09,   841.1,   9.8,   0.00,   0.00,   24.21,   2.01,   0.32,  -0.02,  -0.03, 340.0, 343.6,  27.6,  27.6,   1.9,   0.0,  23.05,  23.94,     8.28,   93.17,   76.05, 1807.9,  254.91,  239.92,  262.13,  252.57, 1164.03, 1130.39, 1152.80, 1141.62,   753.2,   0,  GPS,  174.0, 109.10, 114.30, 118.400, 124.575,       ,       ,       ,      ,       ,       ,    3.5,       ,      ,       ,      ,      ,   0.0, 3DDiff, 3704,      ,     10,  11.5,     16
2012-10-17, 12:39:33,  -05:00,       ,   47.9516144,  -97.1678543,   827.6, 29.09,   841.1,   9.8,   0.00,   0.00,  -14.28,   2.07,   0.38,  -0.00,  -0.05, 340.1, 343.6,  27.5,  27.6,   1.8,   0.1,  23.05,  23.94,     8.19,   93.19,   74.60, 1735.4,  255.21,  240.20,  262.45,  252.74, 1169.66, 1134.53, 1160.12, 1145.36,   753.2,   0,  GPS,  174.0, 109.10, 114.30, 118.400, 124.575,       ,       ,       ,      ,       ,       ,    3.5,       ,      ,       ,      ,      ,   0.0, 3DDiff, 3704,      ,     10,  11.5,     16
2012-10-17, 12:39:34,  -05:00,       ,   47.9516144,  -97.1678543,   825.6, 29.09,   841.1,   9.8,   0.00,   0.00,  -55.01,   2.13,   0.26,  -0.01,  -0.01, 340.0, 343.6,  27.5,  27.5,   1.7,   0.1,  23.05,  23.94,     8.10,   93.21,   73.68, 1674.1,  255.49,  240.52,  262.75,  252.95, 1188.84, 1146.00, 1175.99, 1147.69,   753.3,   0,  GPS,  174.0, 109.10, 114.30, 118.400, 124.575,       ,       ,       ,      ,       ,       ,    3.5,       ,      ,       ,      ,      ,   0.0, 3DDiff, 3704,      ,     10,  12.0,     16
2012-10-17, 12:39:35,  -05:00,       ,   47.9516144,  -97.1678543,   826.6, 29.09,   841.0,   9.8,   0.00,   0.00,  -20.71,   2.13,   0.37,  -0.01,  -0.03, 340.1, 343.6,  27.5,  27.5,   1.8,   0.0,  23.05,  23.94,     8.10,   93.23,   73.28, 1646.2,  255.78,  240.84,  263.06,  253.17, 1209.52, 1159.76, 1189.71, 1148.53,   753.2,   0,  GPS,  174.0, 109.10, 114.30, 118.400, 124.575,       ,       ,       ,      ,       ,       ,    3.5,       ,      ,       ,      ,      ,   0.0, 3DDiff, 3704,      ,     10,  11.5,     16
2012-10-17, 12:39:36,  -05:00,       ,   47.9516144,  -97.1678543,   826.6, 29.09,   839.8,   9.8,   0.00,   0.00,  -16.16,   2.14,   0.35,  -0.01,  -0.07, 340.1, 343.6,  27.5,  27.5,   1.8,   0.1,  23.01,  23.94,     8.13,   93.25,   73.28, 1645.4,  256.05,  241.08,  263.32,  253.32, 1225.11, 1168.99, 1201.97, 1142.07,   751.9,   0,  GPS,  174.0, 109.10, 114.30, 118.400, 124.575,       ,       ,       ,      ,       ,       ,    3.5,       ,      ,       ,      ,      ,   0.0, 3DDiff, 3704,      ,     10,  11.5,     16
2012-10-17, 12:39:37,  -05:00,       ,   47.9516144,  -97.1678543,   824.6, 29.09,   841.0,   9.8,   0.00,   0.00,  -46.32,   2.09,   0.38,  -0.02,   0.01, 340.1, 343.6,  27.6,  27.6,   1.9,   0.1,  23.01,  23.94,     8.21,   93.27,   74.77, 1723.0,  256.30,  241.38,  263.65,  253.50, 1234.06, 1176.03, 1211.46, 1136.40,   753.2,   0,  GPS,  174.0, 109.10, 114.30, 118.400, 124.575,       ,       ,       ,      ,       ,       ,    3.5,       ,      ,       ,      ,      ,   0.0, 3DDiff, 3704,      ,     10,  11.5,     16
2012-10-17, 12:39:38,  -05:00,       ,   47.9516144,  -97.1678543,   824.6, 29.09,   841.1,   9.8,   0.00,   0.00,  -38.47,   2.07,   0.36,  -0.01,  -0.02, 340.2, 343.6,  27.5,  27.6,   1.8,  -0.0,  22.97,  23.94,     8.28,   93.29,   75.60, 1784.2,  256.67,  241.73,  264.00,  253.79, 1225.85, 1175.37, 1206.01, 1138.31,   753.2,   0,  GPS,  174.0, 109.10, 114.30, 118.400, 124.575,       ,       ,       ,      ,       ,       ,    3.5,       ,      ,       ,      ,      ,   0.0, 3DDiff, 3704,      ,     10,  11.5,     16
2012-10-17, 12:39:39,  -05:00,       ,   47.9516144,  -97.1678543,   825.6, 29.09,   841.1,   9.8,   0.00,   0.00,  -18.71,   2.12,   0.40,  -0.02,   0.03, 340.2, 343.6,  27.5,  27.6,   1.8,   0.0,  23.01,  23.94,     8.43,   93.33,   75.66, 1796.9,  256.94,  242.11,  264.31,  254.02, 1216.06, 1172.33, 1199.36, 1143.60,   753.2,   0,  GPS,  174.0, 109.10, 114.30, 118.400, 124.575,       ,       ,       ,      ,       ,       ,    3.5,       ,      ,       ,      ,      ,   0.0, 3DDiff, 3704,      ,     10,  11.5,     16
2012-10-17, 12:39:40,  -05:00,       ,   47.9516144,  -97.1678543,   825.6, 29.09,   841.1,   9.8,   0.00,   0.00,    2.24,   2.08,   0.40,  -0.00,  -0.04, 340.2, 343.6,  27.5,  27.5,   1.8,   0.1,  23.01,  23.94,     8.23,   93.35,   75.92, 1807.3,  257.24,  242.41,  264.59,  254.21, 1207.69, 1168.64, 1193.61, 1149.62,   753.3,   0,  GPS,  174.0, 109.10, 114.30, 118.400, 124.575,       ,       ,       ,      ,       ,       ,    3.5,       ,      ,       ,      ,      ,   0.0, 3DDiff, 3704,      ,     10,  12.0,     16
2012-10-17, 12:39:41,  -05:00,       ,   47.9516144,  -97.1678543,   827.6, 29.09,   841.1,   9.8,   0.00,   0.00,   36.88,   2.09,   0.33,  -0.00,   0.01, 340.2, 343.6,  27.5,  27.5,   1.6,  -0.0,  23.01,  23.94,     7.41,   93.38,   76.04, 1824.9,  257.56,  242.70,  264.90,  254.46, 1201.26, 1166.78, 1188.63, 1153.28,   753.2,   0,  GPS,  174.0, 109.10, 114.30, 118.400, 124.575,       ,       ,       ,      ,       ,       ,    3.5,       ,      ,       ,      ,      ,   0.0, 3DDiff, 3704,      ,     10,  11.5,     16
2012-10-17, 12:39:42,  -05:00,       ,   47.9516144,  -97.1678543,   827.6, 29.09,   842.1,   9.8,   0.00,   0.00,   46.68,   2.10,   0.32,   0.00,   0.05, 340.2, 343.6,  27.6,  27.6,   1.9,   0.1,  22.97,  23.94,     6.85,   93.41,   75.82, 1851.0,  257.85,  243.10,  265.18,  254.67, 1204.16, 1169.69, 1192.25, 1163.36,   754.3,   0,  GPS,  174.0, 109.10, 114.30, 118.400, 124.575,       ,       ,       ,      ,       ,       ,    3.5,       ,      ,       ,      ,      ,   0.0, 3DDiff, 3704,      ,     10,  12.0,     16
2012-10-17, 12:39:43,  -05:00,       ,   47.9516144,  -97.1678543,   828.6, 29.09,   841.3,   9.8,   0.00,   0.00,   43.77,   2.01,   0.29,   0.01,   0.02, 340.2, 343.6,  27.5,  27.5,   1.7,   0.1,  23.01,  23.94,     7.36,   93.44,   76.56, 1909.0,  258.16,  243.39,  265.49,  254.87, 1216.48, 1180.31, 1205.44, 1176.24,   753.4,   0,  GPS,  174.0, 109.10, 114.30, 118.400, 124.575,       ,       ,       ,      ,       ,       ,    3.5,       ,      ,       ,      ,      ,   0.0, 3DDiff, 3704,      ,     10,  11.5,     16
2012-10-17, 12:39:44,  -05:00,       ,   47.9516144,  -97.1678543,   828.6, 29.09,   841.3,   9.8,   0.00,   0.00,   20.98,   1.93,   0.30,  -0.02,  -0.00, 340.1, 343.6,  27.5,  27.5,   1.7,   0.1,  22.97,  23.87,     8.61,   93.46,   79.09, 2056.5,  258.47,  243.79,  265.84,  255.11, 1238.78, 1198.93, 1228.34, 1197.14,   753.4,   0,  GPS,  174.0, 109.10, 114.30, 118.400, 124.575,       ,       ,       ,      ,       ,       ,    3.5,       ,      ,       ,      ,      ,   0.0, 3DDiff, 3704,      ,     10,  11.5,     16
2012-10-17, 12:39:45,  -05:00,       ,   47.9516144,  -97.1678543,   828.6, 29.09,   841.3,   9.8,   0.00,   0.00,   26.90,   1.79,   0.26,  -0.02,   0.03, 340.0, 343.6,  27.5,  27.6,   1.8,   0.1,  22.95,  23.87,     9.37,   93.46,   80.17, 2155.1,  258.82,  244.13,  266.19,  255.39, 1267.65, 1224.50, 1258.24, 1218.45,   753.5,   0,  GPS,  174.0, 109.10, 114.30, 118.400, 124.575,       ,       ,       ,      ,       ,       ,    3.5,       ,      ,       ,      ,      ,   0.0, 3DDiff, 3704,      ,     10,  11.5,     16
2012-10-17, 12:39:46,  -05:00,       ,   47.9516144,  -97.1678543,   829.6, 29.09,   841.3,   9.8,   0.00,   0.00,   18.78,   1.77,   0.25,  -0.00,  -0.03, 339.9, 343.6,  27.5,  27.6,   1.7,   0.1,  22.95,  23.87,     9.64,   93.46,   81.16, 2197.0,  259.22,  244.55,  266.59,  255.63, 1293.65, 1250.46, 1285.95, 1245.34,   753.5,   0,  GPS,  174.0, 109.10, 114.30, 118.400, 124.575,       ,       ,       ,      ,       ,       ,    3.5,       ,      ,       ,      ,      ,   0.0, 3DDiff, 3704,      ,     10,  12.0,     16
2012-10-17, 12:39:47,  -05:00,       ,   47.9516144,  -97.1678543,   831.6, 29.09,   841.3,   9.8,   0.00,   0.00,   72.20,   1.74,   0.27,  -0.02,   0.07, 339.9, 343.6,  27.5,  27.5,   1.7,   0.1,  22.95,  23.87,     9.83,   93.45,   80.63, 2185.7,  259.64,  244.94,  266.98,  255.99, 1315.73, 1275.83, 1308.82, 1264.59,   753.5,   0,  GPS,  174.0, 109.10, 114.30, 118.400, 124.575,       ,       ,       ,      ,       ,       ,    3.5,       ,      ,       ,      ,      ,   0.0, 3DDiff, 3704,      ,     10,  11.5,     16
2012-10-17, 12:39:48,  -05:00,       ,   47.9516144,  -97.1678543,   829.6, 29.09,   840.1,   9.8,   0.00,   0.00,   15.44,   1.71,   0.21,  -0.01,  -0.02, 339.9, 343.6,  27.5,  27.5,   1.7,   0.1,  22.91,  23.83,     9.59,   93.43,   80.11, 2132.6,  260.06,  245.43,  267.45,  256.28, 1345.64, 1299.99, 1334.80, 1292.51,   752.2,   0,  GPS,  174.0, 109.10, 114.30, 118.400, 124.575,       ,       ,       ,      ,       ,       ,    3.5,       ,      ,       ,      ,      ,   0.0, 3DDiff, 3704,      ,     10,  12.0,     16
2012-10-17, 12:39:49,  -05:00,       ,   47.9516144,  -97.1678543,   828.6, 29.09,   841.3,   9.8,   0.00,   0.00,  -14.93,   1.77,   0.25,  -0.02,  -0.05, 340.0, 343.6,  27.5,  27.5,   1.8,   0.0,  22.91,  23.83,     9.66,   93.40,   80.17, 2115.1,  260.53,  245.93,  267.95,  256.63, 1376.07, 1328.78, 1362.30, 1319.27,   753.5,   0,  GPS,  174.0, 109.10, 114.30, 118.400, 124.575,       ,       ,       ,      ,       ,       ,    3.5,       ,      ,       ,      ,      ,   0.0, 3DDiff, 3704,      ,     10,  11.5,     16
2012-10-17, 12:39:50,  -05:00,       ,   47.9516144,  -97.1678543,   829.6, 29.09,   841.3,   9.8,   0.00,   0.00,  -11.23,   1.80,   0.35,  -0.03,  -0.05, 340.2, 343.6,  27.5,  27.5,   1.7,   0.1,  22.91,  23.83,     9.91,   93.38,   79.49, 2126.5,  260.98,  246.40,  268.39,  256.96, 1403.50, 1351.72, 1386.48, 1343.79,   753.4,   0,  GPS,  174.0, 109.10, 114.30, 118.400, 124.575,       ,       ,       ,      ,       ,       ,    3.5,       ,      ,       ,      ,      ,   0.0, 3DDiff, 3704,      ,     10,  11.5,     16
2012-10-17, 12:39:51,  -05:00,       ,   47.9516144,  -97.1678543,   828.6, 29.09,   841.3,   9.8,   0.00,   0.00,  -21.53,   1.75,   0.35,  -0.03,  -0.07, 340.3, 343.6,  27.5,  27.5,   1.8,   0.0,  22.91,  23.83,     9.88,   93.36,   80.33, 2136.7,  261.44,  246.93,  268.88,  257.29, 1424.21, 1370.46, 1404.50, 1364.37,   753.4,   0,  GPS,  174.0, 109.10, 114.30, 118.400, 124.575,       ,       ,       ,      ,       ,       ,    3.5,       ,      ,       ,      ,      ,   0.0, 3DDiff, 3704,      ,     10,  12.0,     16
2012-10-17, 12:39:52,  -05:00,       ,   47.9516144,  -97.1678543,   828.6, 29.09,   841.3,   9.8,   0.00,   0.00,  -12.23,   1.90,   0.30,  -0.01,   0.01, 340.3, 343.6,  27.5,  27.5,   1.8,   0.1,  22.91,  23.83,     7.88,   93.35,   78.35, 2014.7,  262.04,  247.55,  269.46,  257.77, 1436.53, 1385.80, 1418.27, 1380.68,   753.4,   0,  GPS,  174.0, 109.10, 114.30, 118.400, 124.575,       ,       ,       ,      ,       ,       ,    3.5,       ,      ,       ,      ,      ,   0.0, 3DDiff, 3704,      ,     10,  12.0,     16
2012-10-17, 12:39:53,  -05:00,       ,   47.9516144,  -97.1678543,   826.6, 29.09,   841.4,   9.8,   0.00,   0.00,  -41.10,   1.99,   0.29,  -0.00,  -0.00, 340.5, 343.6,  27.5,  27.5,   1.7,   0.1,  22.91,  23.83,     6.23,   93.34,   73.57, 1764.7,  262.55,  248.13,  269.97,  258.26, 1433.55, 1391.60, 1419.43, 1384.90,   753.5,   0,  GPS,  174.0, 109.10, 114.30, 118.400, 124.575,       ,       ,       ,      ,       ,       ,    3.5,       ,      ,       ,      ,      ,   0.0, 3DDiff, 3704,      ,     10,  12.0,     16
2012-10-17, 12:39:54,  -05:00,       ,   47.9516144,  -97.1678543,   824.6, 29.09,   842.5,   9.8,   0.00,   0.00,  -74.56,   1.98,   0.32,  -0.01,  -0.03, 340.7, 343.6,  27.5,  27.6,   1.8,  -0.0,  22.91,  23.77,     6.13,   93.34,   72.22, 1681.7,  263.05,  248.70,  270.47,  258.66, 1423.75, 1385.53, 1410.34, 1379.77,   754.6,   0,  GPS,  174.0, 109.10, 114.30, 118.400, 124.575,       ,       ,       ,      ,       ,       ,    3.5,       ,      ,       ,      ,      ,   0.0, 3DDiff, 3704,      ,     10,  12.0,     16
2012-10-17, 12:39:55,  -05:00,       ,   47.9516144,  -97.1678543,   824.6, 29.09,   841.6,   9.8,   0.00,   0.00,  -71.46,   2.04,   0.34,   0.00,  -0.03, 340.8, 343.6,  27.5,  27.6,   1.8,   0.1,  22.91,  23.77,     7.30,   93.36,   71.16, 1618.4,  263.50,  249.19,  270.89,  259.06, 1412.91, 1373.26, 1399.21, 1371.52,   753.8,   0,  GPS,  174.0, 109.10, 114.30, 118.400, 124.575,       ,       ,       ,      ,       ,       ,    3.5,       ,      ,       ,      ,      ,   0.0, 3DDiff, 3704,      ,     10,  11.5,     16
2012-10-17, 12:39:56,  -05:00,       ,   47.9516144,  -97.1678543,   823.6, 29.09,   841.8,   9.8,   0.00,   0.00,  -51.64,   2.03,   0.29,   0.01,   0.03, 340.8, 343.6,  27.5,  27.6,   1.8,   0.1,  22.91,  23.83,     7.69,   93.39,   70.50, 1588.9,  263.97,  249.75,  271.32,  259.48, 1401.44, 1357.54, 1384.72, 1356.12,   753.9,   0,  GPS,  174.0, 109.10, 114.30, 118.400, 124.575,       ,       ,       ,      ,       ,       ,    3.5,       ,      ,       ,      ,      ,   0.0, 3DDiff, 3704,      ,     10,  11.5,     16
2012-10-17, 12:39:57,  -05:00,       ,   47.9516144,  -97.1678543,   825.6, 29.09,   841.8,   9.8,   0.00,   0.00,   -3.41,   1.99,   0.33,   0.01,  -0.00, 340.8, 343.6,  27.5,  27.5,   1.7,   0.1,  22.95,  23.77,     8.18,   93.44,   71.35, 1643.3,  264.45,  250.30,  271.75,  259.96, 1387.72, 1342.81, 1366.93, 1341.30,   753.9,   0,  GPS,  174.0, 109.10, 114.30, 118.400, 124.575,       ,       ,       ,      ,       ,       ,    3.5,       ,      ,       ,      ,      ,  -3.9, 3DDiff, 3704,      ,     10,  12.0,     16
2012-10-17, 12:39:58,  -05:00,       ,   47.9516144,  -97.1678543,   824.6, 29.09,   841.8,   9.8,   0.00,   0.00,   -2.21,   1.91,   0.34,  -0.04,  -0.01, 340.8, 343.6,  27.5,  27.5,   1.8,   0.0,  22.95,  23.83,     8.72,   93.49,   72.89, 1724.4,  264.88,  250.79,  272.19,  260.35, 1374.84, 1330.87, 1350.27, 1329.35,   754.0,   0,  GPS,  174.0, 109.10, 114.30, 118.400, 124.575,       ,       ,       ,      ,       ,       ,    3.5,       ,      ,       ,      ,      ,   0.0, 3DDiff, 3704,      ,     10,  12.0,     16
2012-10-17, 12:39:59,  -05:00,       ,   47.9516144,  -97.1678543,   823.6, 29.09,   841.6,   9.8,   0.00,   0.00,  -13.71,   1.97,   0.31,   0.01,   0.02, 340.9, 343.6,  27.5,  27.5,   1.7,   0.1,  22.95,  23.83,     8.71,   93.56,   73.47, 1756.7,  265.40,  251.38,  272.63,  260.92, 1363.28, 1318.98, 1336.04, 1321.83,   753.7,   0,  GPS,  174.0, 109.10, 114.30, 118.400, 124.575,       ,       ,       ,      ,       ,       ,    3.5,       ,      ,       ,      ,      ,   0.0, 3DDiff, 3704,      ,     10,  12.0,     16
2012-10-17, 12:40:00,  -05:00,       ,   47.9516144,  -97.1678543,   821.6, 29.09,   840.4,   9.8,   0.00,   0.00,  -63.74,   1.99,   0.31,  -0.01,   0.05, 340.9, 343.6,  27.5,  27.5,   1.6,  -0.0,  22.95,  23.83,     8.70,   93.64,   73.29, 1750.1,  265.81,  251.92,  273.00,  261.28, 1353.67, 1311.15, 1328.26, 1316.74,   752.5,   0,  GPS,  174.0, 109.10, 114.30, 118.400, 124.575,       ,       ,       ,      ,       ,       ,    3.5,       ,      ,       ,      ,      ,   0.0, 3DDiff, 3704,      ,     10,  12.0,     16
2012-10-17, 12:40:01,  -05:00,       ,   47.9516144,  -97.1678543,   822.6, 29.09,   841.1,   9.8,   0.00,   0.00,  -45.81,   1.92,   0.30,  -0.01,  -0.04, 340.9, 343.6,  27.5,  27.6,   1.8,   0.1,  22.95,  23.83,     8.69,   93.71,   73.47, 1773.7,  266.17,  252.35,  273.32,  261.62, 1347.10, 1304.91, 1324.06, 1313.93,   753.3,   0,  GPS,  174.0, 109.10, 114.30, 118.400, 124.575,       ,       ,       ,      ,       ,       ,    3.5,       ,      ,       ,      ,      ,   0.0, 3DDiff, 3704,      ,     10,  11.5,     16
2012-10-17, 12:40:02,  -05:00,       ,   47.9516144,  -97.1678543,   824.6, 29.09,   841.1,   9.8,   0.00,   0.00,   18.25,   1.93,   0.32,  -0.03,   0.04, 340.9, 343.6,  27.5,  27.5,   1.7,   0.1,  22.95,  23.83,     8.93,   93.77,   74.75, 1850.4,  266.54,  252.77,  273.67,  262.01, 1331.94, 1294.60, 1310.47, 1303.30,   753.3,   0,  GPS,  174.0, 109.10, 114.30, 118.400, 124.575,       ,       ,       ,      ,       ,       ,    3.5,       ,      ,       ,      ,      ,   0.0, 3DDiff, 3704,      ,     10,  11.5,     16
2012-10-17, 12:40:03,  -05:00,       ,   47.9516144,  -97.1678543,   825.6, 29.09,   841.0,   9.8,   0.00,   0.00,   56.49,   1.88,   0.26,  -0.03,  -0.03, 340.9, 343.6,  27.4,  27.5,   1.5,  -0.0,  22.91,  23.83,     8.78,   93.85,   75.08, 1861.5,  266.95,  253.30,  274.01,  262.42, 1310.98, 1280.08, 1292.81, 1283.62,   753.1,   0,  GPS,  174.0, 109.10, 114.30, 118.400, 124.575,       ,       ,       ,      ,       ,       ,    3.5,       ,      ,       ,      ,      ,   0.0, 3DDiff, 3704,      ,     10,  12.0,     16
2012-10-17, 12:40:04,  -05:00,       ,   47.9516144,  -97.1678543,   824.6, 29.09,   840.9,   9.8,   0.00,   0.00,   35.44,   2.00,   0.32,  -0.01,   0.06, 340.9, 343.6,  27.5,  27.5,   1.7,   0.1,  22.91,  23.87,     8.17,   93.90,   73.41, 1793.2,  267.29,  253.78,  274.39,  262.80, 1293.63, 1265.33, 1275.91, 1267.19,   753.0,   0,  GPS,  174.0, 109.10, 114.30, 118.400, 124.575,       ,       ,       ,      ,       ,       ,    3.5,       ,      ,       ,      ,      ,   0.0, 3DDiff, 3704,      ,     10,  12.0,     16
2012-10-17, 12:40:05,  -05:00,       ,   47.9516144,  -97.1678543,   824.6, 29.09,   840.9,   9.8,   0.00,   0.00,    5.25,   1.96,   0.26,  -0.02,   0.02, 340.8, 343.6,  27.6,  27.6,   1.9,   0.1,  22.95,  23.83,     8.09,   93.95,   73.52, 1772.0,  267.76,  254.23,  274.72,  263.22, 1278.50, 1249.69, 1261.49, 1253.66,   753.1,   0,  GPS,  174.0, 109.10, 114.30, 118.400, 124.575,       ,       ,       ,      ,       ,       ,    3.5,       ,      ,       ,      ,      ,   0.0, 3DDiff, 3704,      ,     10,  12.0,     16
2012-10-17, 12:40:06,  -05:00,       ,   47.9516144,  -97.1678543,   824.6, 29.09,   841.9,   9.8,   0.00,   0.00,   -9.21,   1.87,   0.25,  -0.01,  -0.03, 340.8, 343.6,  27.5,  27.5,   1.7,   0.1,  22.91,  23.87,     8.40,   93.99,   73.64, 1801.9,  268.12,  254.67,  275.11,  263.60, 1266.02, 1239.14, 1249.96, 1240.11,   754.1,   0,  GPS,  174.0, 109.10, 114.30, 118.400, 124.575,       ,       ,       ,      ,       ,       ,    3.5,       ,      ,       ,      ,      ,   0.0, 3DDiff, 3704,      ,     10,  12.0,     16
2012-10-17, 12:40:07,  -05:00,       ,   47.9516144,  -97.1678543,   825.6, 29.09,   841.9,   9.8,   0.00,   0.00,   18.75,   1.87,   0.29,  -0.01,   0.02, 340.8, 343.6,  27.5,  27.5,   1.7,   0.1,  22.95,  23.87,     8.65,   94.05,   74.63, 1837.4,  268.61,  255.29,  275.52,  264.07, 1256.21, 1230.73, 1241.10, 1228.88,   754.1,   0,  GPS,  174.0, 109.10, 114.30, 118.400, 124.575,       ,       ,       ,      ,       ,       ,    3.5,       ,      ,       ,      ,      ,   0.0, 3DDiff, 3704,      ,     10,  11.5,     16
2012-10-17, 12:40:08,  -05:00,       ,   47.9516144,  -97.1678543,   825.6, 29.09,   841.9,   9.8,   0.00,   0.00,   27.13,   1.96,   0.32,   0.01,   0.09, 340.8, 343.6,  27.5,  27.5,   1.7,   0.0,  22.95,  23.87,     8.44,   94.10,   73.83, 1809.1,  268.98,  255.71,  275.85,  264.41, 1248.46, 1223.91, 1234.51, 1221.49,   754.0,   0,  GPS,  174.0, 109.10, 114.30, 118.400, 124.575,       ,       ,       ,      ,       ,       ,    3.5,       ,      ,       ,      ,      ,   0.0, 3DDiff, 3704,      ,      9,  11.5,     16
2012-10-17, 12:40:09,  -05:00,       ,   47.9516144,  -97.1678543,   823.6, 29.09,   842.1,   9.8,   0.00,   0.00,  -37.60,   1.94,   0.31,   0.03,  -0.01, 340.8, 343.6,  27.5,  27.5,   1.7,   0.1,  22.95,  23.87,     8.34,   94.15,   73.46, 1791.5,  269.36,  256.08,  276.15,  264.71, 1243.23, 1217.62, 1229.24, 1216.06,   754.2,   0,  GPS,  174.0, 109.10, 114.30, 118.400, 124.575,       ,       ,       ,      ,       ,       ,    3.5,       ,      ,       ,      ,      ,   0.0, 3DDiff, 3704,      ,      9,  11.5,     16
2012-10-17, 12:40:10,  -05:00,       ,   47.9516144,  -97.1678543,   824.6, 29.09,   842.1,   9.8,   0.00,   0.00,  -16.67,   1.91,   0.30,  -0.01,   0.02, 340.7, 343.6,  27.6,  27.6,   1.8,   0.1,  22.97,  23.87,     8.29,   94.22,   73.53, 1793.5,  269.81,  256.65,  276.59,  265.14, 1237.15, 1212.26, 1224.16, 1210.37,   754.3,   0,  GPS,  174.0, 109.10, 114.30, 118.400, 124.575,       ,       ,       ,      ,       ,       ,    3.5,       ,      ,       ,      ,      ,   0.0, 3DDiff, 3704,      ,     10,  11.5,     16
2012-10-17, 12:40:11,  -05:00,       ,   47.9516144,  -97.1678543,   825.6, 29.09,   842.2,   9.8,   0.00,   0.00,   14.95,   2.01,   0.31,  -0.02,   0.04, 340.7, 343.6,  27.5,  27.6,   1.8,   0.1,  22.95,  23.87,     8.21,   94.28,   71.79, 1705.8,  270.35,  257.19,  277.08,  265.66, 1239.19, 1209.45, 1224.63, 1209.54,   754.4,   0,  GPS,  174.0, 109.10, 114.30, 118.400, 124.575,       ,       ,       ,      ,       ,       ,    3.5,       ,      ,       ,      ,      ,   0.0, 3DDiff, 3704,      ,     10,  11.5,     16
2012-10-17, 12:40:12,  -05:00,       ,   47.9516144,  -97.1678543,   823.6, 29.09,   841.0,   9.8,   0.00,   0.00,  -16.85,   1.94,   0.27,  -0.01,  -0.04, 340.6, 343.6,  27.5,  27.5,   1.7,   0.1,  22.95,  23.87,     8.13,   94.35,   71.53, 1669.9,  270.75,  257.59,  277.39,  265.97, 1259.29, 1215.84, 1235.69, 1220.22,   753.2,   0,  GPS,  174.0, 109.10, 114.30, 118.400, 124.575,       ,       ,       ,      ,       ,       ,    3.5,       ,      ,       ,      ,      ,   0.0, 3DDiff, 3704,      ,     10,  11.5,     16
2012-10-17, 12:40:13,  -05:00,       ,   47.9516144,  -97.1678543,   823.6, 29.09,   841.4,   9.8,   0.00,   0.00,  -20.87,   1.92,   0.30,   0.01,   0.02, 340.7, 343.6,  27.5,  27.6,   1.8,   0.0,  22.95,  23.87,     8.17,   94.42,   71.02, 1656.1,  271.15,  258.07,  277.78,  266.27, 1275.73, 1224.49, 1245.76, 1231.98,   753.6,   0,  GPS,  174.0, 109.10, 114.30, 118.400, 124.575,       ,       ,       ,      ,       ,       ,    3.5,       ,      ,       ,      ,      ,   0.0, 3DDiff, 3704,      ,      9,  11.5,     16
2012-10-17, 12:40:14,  -05:00,       ,   47.9516144,  -97.1678543,   824.6, 29.09,   841.3,   9.8,   0.00,   0.00,  -11.33,   1.97,   0.25,  -0.01,   0.00, 340.6, 343.6,  27.6,  27.6,   1.8,   0.1,  22.95,  23.94,     8.15,   94.50,   70.89, 1661.8,  271.65,  258.59,  278.22,  266.77, 1287.66, 1232.80, 1252.88, 1240.51,   753.5,   0,  GPS,  174.0, 109.10, 114.30, 118.400, 124.575,       ,       ,       ,      ,       ,       ,    3.5,       ,      ,       ,      ,      ,   0.0, 3DDiff, 3704,      ,      9,  11.5,     16
2012-10-17, 12:40:15,  -05:00,       ,   47.9516144,  -97.1678543,   825.6, 29.09,   841.2,   9.8,   0.00,   0.00,   18.93,   1.97,   0.30,  -0.03,  -0.03, 340.5, 343.6,  27.5,  27.5,   1.8,   0.1,  22.95,  23.94,     8.16,   94.58,   71.03, 1658.6,  272.11,  258.96,  278.58,  267.13, 1298.40, 1237.71, 1257.87, 1245.96,   753.4,   0,  GPS,  174.0, 109.10, 114.30, 118.400, 124.575,       ,       ,       ,      ,       ,       ,    3.5,       ,      ,       ,      ,      ,   0.0, 3DDiff, 3704,      ,     10,  11.5,     16
2012-10-17, 12:40:16,  -05:00,       ,   47.9516144,  -97.1678543,   826.6, 29.09,   841.2,   9.8,   0.00,   0.00,   35.84,   2.01,   0.30,  -0.02,   0.04, 340.5, 343.6,  27.5,  27.5,   1.8,   0.0,  22.95,  23.87,     8.13,   94.68,   71.20, 1658.3,  272.44,  259.40,  278.86,  267.45, 1308.06, 1242.20, 1264.56, 1252.07,   753.4,   0,  GPS,  174.0, 109.10, 114.30, 118.400, 124.575,       ,       ,       ,      ,       ,       ,    3.5,       ,      ,       ,      ,      ,   0.0, 3DDiff, 3704,      ,     10,  11.5,     16
2012-10-17, 12:40:17,  -05:00,       ,   47.9516144,  -97.1678543,   827.6, 29.09,   840.9,   9.8,   0.00,   0.00,   44.48,   1.98,   0.29,  -0.01,   0.03, 340.5, 343.6,  27.5,  27.5,   1.7,   0.0,  22.95,  23.94,     8.07,   94.77,   70.99, 1665.6,  272.81,  259.81,  279.20,  267.83, 1316.45, 1246.65, 1269.80, 1257.08,   753.1,   0,  GPS,  174.0, 109.10, 114.30, 118.400, 124.575,       ,       ,       ,      ,       ,       ,    3.5,       ,      ,       ,      ,      ,   0.0, 3DDiff, 3704,      ,     10,  11.5,     16
2012-10-17, 12:40:18,  -05:00,       ,   47.9516144,  -97.1678543,   827.6, 29.09,   842.0,   9.8,   0.00,   0.00,   40.47,   1.93,   0.25,  -0.01,   0.03, 340.4, 343.6,  27.5,  27.6,   1.8,   0.0,  22.95,  23.87,     8.21,   94.86,   72.87, 1759.7,  273.29,  260.23,  279.57,  268.22, 1309.25, 1244.90, 1267.61, 1254.98,   754.1,   0,  GPS,  174.0, 109.10, 114.30, 118.400, 124.575,       ,       ,       ,      ,       ,       ,    3.5,       ,      ,       ,      ,      ,   0.0, 3DDiff, 3704,      ,     10,  11.5,     16
2012-10-17, 12:40:19,  -05:00,       ,   47.9516144,  -97.1678543,   825.6, 29.09,   841.8,   9.8,   0.00,   0.00,    2.42,   1.90,   0.31,  -0.01,   0.03, 340.5, 343.6,  27.5,  27.6,   1.6,  -0.0,  22.95,  23.94,     8.34,   94.97,   73.27, 1787.5,  273.67,  260.72,  279.87,  268.57, 1289.53, 1235.84, 1255.74, 1242.11,   754.0,   0,  GPS,  174.0, 109.10, 114.30, 118.400, 124.575,       ,       ,       ,      ,       ,       ,    3.5,       ,      ,       ,      ,      ,   0.0, 3DDiff, 3704,      ,      9,  11.5,     16
2012-10-17, 12:40:20,  -05:00,       ,   47.9516144,  -97.1678543,   825.6, 29.09,   841.9,   9.8,   0.00,   0.00,  -28.11,   1.89,   0.30,  -0.02,   0.02, 340.4, 343.6,  27.6,  27.6,   1.8,   0.1,  22.95,  23.94,     8.28,   95.07,   73.15, 1795.9,  274.04,  261.11,  280.16,  268.88, 1272.91, 1226.58, 1245.61, 1230.82,   754.0,   0,  GPS,  174.0, 109.10, 114.30, 118.400, 124.575,       ,       ,       ,      ,       ,       ,    3.5,       ,      ,       ,      ,      ,   0.0, 3DDiff, 3704,      ,      9,  11.5,     16
2012-10-17, 12:40:21,  -05:00,       ,   47.9516144,  -97.1678543,   825.6, 29.09,   841.9,   9.8,   0.00,   0.00,  -29.49,   1.87,   0.33,  -0.03,  -0.06, 340.3, 343.6,  27.5,  27.5,   1.7,   0.1,  22.95,  23.87,     8.36,   95.17,   73.25, 1802.1,  274.37,  261.51,  280.46,  269.22, 1258.82, 1218.74, 1236.06, 1222.56,   754.0,   0,  GPS,  174.0, 109.10, 114.30, 118.400, 124.575,       ,       ,       ,      ,       ,       ,    3.5,       ,      ,       ,      ,      ,   0.0, 3DDiff, 3704,      ,     10,  11.5,     16
2012-10-17, 12:40:22,  -05:00,       ,   47.9516144,  -97.1678543,   825.6, 29.09,   841.9,   9.8,   0.00,   0.00,   -0.68,   1.92,   0.26,  -0.00,  -0.01, 340.3, 343.6,  27.4,  27.5,   1.5,  -0.0,  22.95,  23.94,     8.31,   95.26,   73.21, 1796.5,  274.77,  261.91,  280.77,  269.55, 1248.15, 1212.41, 1227.90, 1215.52,   754.0,   0,  GPS,  174.0, 109.10, 114.30, 118.400, 124.575,       ,       ,       ,      ,       ,       ,    3.5,       ,      ,       ,      ,      ,   0.0, 3DDiff, 3704,      ,     10,  11.5,     16
2012-10-17, 12:40:23,  -05:00,       ,   47.9516144,  -97.1678543,   826.6, 29.09,   842.0,   9.8,   0.00,   0.00,    9.48,   2.04,   0.26,   0.00,   0.08, 340.3, 343.6,  27.5,  27.5,   1.7,   0.0,  22.95,  23.94,     8.16,   95.36,   71.83, 1712.9,  275.14,  262.33,  281.07,  269.92, 1247.58, 1210.97, 1225.09, 1213.29,   754.2,   0,  GPS,  174.0, 109.10, 114.30, 118.400, 124.575,       ,       ,       ,      ,       ,       ,    3.5,       ,      ,       ,      ,      ,   0.0, 3DDiff, 3704,      ,     10,  11.5,     16
2012-10-17, 12:40:24,  -05:00,       ,   47.9516144,  -97.1678543,   826.6, 29.09,   840.8,   9.8,   0.00,   0.00,   14.23,   1.94,   0.31,  -0.02,  -0.00, 340.3, 343.6,  27.5,  27.6,   1.7,   0.1,  22.95,  23.87,     8.19,   95.46,   71.20, 1678.4,  275.50,  262.68,  281.34,  270.18, 1259.27, 1220.69, 1235.70, 1222.19,   753.0,   0,  GPS,  174.0, 109.10, 114.30, 118.400, 124.575,       ,       ,       ,      ,       ,       ,    3.5,       ,      ,       ,      ,      ,   0.0, 3DDiff, 3704,      ,     10,  11.5,     16
2012-10-17, 12:40:25,  -05:00,       ,   47.9516144,  -97.1678543,   823.6, 29.09,   841.2,  10.0,   0.00,   0.00,  -30.06,   1.96,   0.31,  -0.01,   0.02, 340.2, 343.6,  27.5,  27.5,   1.6,   0.1,  22.97,  23.87,     8.19,   95.55,   70.92, 1659.0,  275.88,  263.02,  281.63,  270.51, 1265.56, 1233.34, 1248.46, 1233.82,   753.3,   0,  GPS,  174.0, 109.10, 114.30, 118.400, 124.575,       ,       ,       ,      ,       ,       ,    3.5,       ,      ,       ,      ,      ,   0.0, 3DDiff, 3704,      ,     10,  11.5,     16
2012-10-17, 12:40:26,  -05:00,       ,   47.9516144,  -97.1678543,   823.6, 29.09,   841.2,  10.0,   0.00,   0.00,  -48.09,   1.89,   0.32,   0.01,  -0.05, 340.2, 343.6,  27.5,  27.5,   1.7,   0.1,  22.97,  23.87,     8.10,   95.67,   70.71, 1649.6,  276.32,  263.49,  282.00,  270.88, 1269.49, 1244.51, 1259.90, 1246.37,   753.3,   0,  GPS,  174.0, 109.10, 114.30, 118.400, 124.575,       ,       ,       ,      ,       ,       ,    3.5,       ,      ,       ,      ,      ,   0.0, 3DDiff, 3704,      ,     10,  11.5,     16
2012-10-17, 12:40:27,  -05:00,       ,   47.9516144,  -97.1678543,   824.6, 29.09,   841.1,  10.0,   0.00,   0.00,  -22.68,   1.98,   0.35,  -0.02,   0.00, 340.2, 343.6,  27.5,  27.5,   1.7,   0.1,  22.95,  23.87,     8.15,   95.78,   70.52, 1645.9,  276.73,  263.83,  282.33,  271.22, 1276.58, 1254.43, 1269.74, 1253.00,   753.3,   0,  GPS,  174.0, 109.10, 114.30, 118.400, 124.575,       ,       ,       ,      ,       ,       ,    3.5,       ,      ,       ,      ,      ,   0.0, 3DDiff, 3704,      ,     10,  11.5,     16
2012-10-17, 12:40:28,  -05:00,       ,   47.9516144,  -97.1678543,   824.6, 29.09,   841.2,   9.8,   0.00,   0.00,  -10.65,   1.98,   0.30,  -0.03,   0.03, 340.1, 343.6,  27.5,  27.5,   1.7,   0.0,  22.95,  23.87,     8.11,   95.91,   70.62, 1651.6,  277.11,  264.22,  282.66,  271.50, 1281.35, 1261.82, 1277.15, 1256.45,   753.3,   0,  GPS,  174.0, 109.10, 114.30, 118.400, 124.575,       ,       ,       ,      ,       ,       ,    3.5,       ,      ,       ,      ,      ,   0.0, 3DDiff, 3704,      ,     10,  12.0,     16
2012-10-17, 12:40:29,  -05:00,       ,   47.9516144,  -97.1678543,   826.6, 29.09,   841.0,  10.0,   0.00,   0.00,   37.53,   1.92,   0.32,   0.00,  -0.01, 340.1, 343.6,  27.5,  27.6,   1.8,   0.1,  22.95,  23.87,     8.16,   96.02,   70.64, 1652.1,  277.50,  264.50,  282.97,  271.84, 1281.95, 1268.76, 1283.67, 1258.88,   753.2,   0,  GPS,  174.0, 109.10, 114.30, 118.400, 124.575,       ,       ,       ,      ,       ,       ,    3.5,       ,      ,       ,      ,      ,   0.0, 3DDiff, 3704,      ,     10,  11.5,     16
2012-10-17, 12:40:30,  -05:00,       ,   47.9516144,  -97.1678543,   825.6, 29.09,   842.1,  10.0,   0.00,   0.00,   16.60,   1.94,   0.38,  -0.01,  -0.00, 340.1, 343.6,  27.5,  27.5,   1.8,   0.1,  22.91,  23.87,     8.18,   96.15,   70.72, 1654.8,  277.87,  264.78,  283.21,  272.05, 1286.10, 1272.07, 1287.43, 1261.24,   754.2,   0,  GPS,  174.0, 109.10, 114.30, 118.400, 124.575,       ,       ,       ,      ,       ,       ,    3.5,       ,      ,       ,      ,      ,   0.0, 3DDiff, 3704,      ,     10,  11.5,     16
2012-10-17, 12:40:31,  -05:00,       ,   47.9516144,  -97.1678543,   826.6, 29.09,   842.0,  10.0,   0.00,   0.00,   27.29,   1.96,   0.30,   0.00,   0.01, 340.0, 343.6,  27.4,  27.4,   1.5,   0.1,  22.95,  23.87,     8.18,   96.28,   70.69, 1668.9,  278.17,  264.97,  283.43,  272.20, 1287.95, 1275.90, 1287.60, 1266.51,   754.2,   0,  GPS,  174.0, 109.10, 114.30, 118.400, 124.575,       ,       ,       ,      ,       ,       ,    3.5,       ,      ,       ,      ,      ,   0.0, 3DDiff, 3704,      ,     10,  11.5,     16
2012-10-17, 12:40:32,  -05:00,       ,   47.9516144,  -97.1678543,   826.6, 29.09,   842.1,  10.0,   0.00,   0.00,   17.65,   1.82,   0.32,   0.02,  -0.07, 340.0, 343.6,  27.5,  27.5,   1.6,  -0.0,  22.91,  23.94,     8.35,   96.39,   72.33, 1760.0,  278.59,  265.25,  283.80,  272.51, 1283.34, 1272.74, 1282.38, 1264.47,   754.2,   0,  GPS,  174.0, 109.10, 114.30, 118.400, 124.575,       ,       ,       ,      ,       ,       ,    3.5,       ,      ,       ,      ,      ,   0.0, 3DDiff, 3704,      ,     10,  11.5,     16
2012-10-17, 12:40:33,  -05:00,       ,   47.9516144,  -97.1678543,   826.6, 29.09,   842.1,  10.0,   0.00,   0.00,   20.80,   1.90,   0.34,   0.01,   0.00, 340.0, 343.6,  27.5,  27.6,   1.7,   0.1,  22.91,  23.94,     8.37,   96.54,   72.87, 1785.4,  279.07,  265.63,  284.15,  272.82, 1269.96, 1260.39, 1267.41, 1249.69,   754.3,   0,  GPS,  174.0, 109.10, 114.30, 118.400, 124.575,       ,       ,       ,      ,       ,       ,    3.5,       ,      ,       ,      ,      ,   0.0, 3DDiff, 3704,      ,     10,  11.5,     16
2012-10-17, 12:40:34,  -05:00,       ,   47.9516144,  -97.1678543,   825.6, 29.09,   842.2,  10.0,   0.00,   0.00,  -18.45,   1.89,   0.32,  -0.01,  -0.01, 339.9, 343.6,  27.6,  27.5,   1.8,   0.1,  22.91,  23.94,     8.43,   96.67,   72.93, 1796.9,  279.41,  265.83,  284.41,  273.02, 1257.16, 1248.48, 1254.33, 1236.60,   754.3,   0,  GPS,  174.0, 109.10, 114.30, 118.400, 124.575,       ,       ,       ,      ,       ,       ,    3.5,       ,      ,       ,      ,      ,   0.0, 3DDiff, 3704,      ,     10,  11.5,     16
2012-10-17, 12:40:35,  -05:00,       ,   47.9516144,  -97.1678543,   826.6, 29.09,   842.3,  10.0,   0.00,   0.00,   14.10,   1.91,   0.31,   0.00,  -0.01, 339.9, 343.6,  27.5,  27.5,   1.8,   0.0,  22.91,  23.94,     8.34,   96.80,   72.96, 1799.7,  279.74,  266.03,  284.60,  273.22, 1245.85, 1237.09, 1243.11, 1226.24,   754.4,   0,  GPS,  174.0, 109.10, 114.30, 118.400, 124.575,       ,       ,       ,      ,       ,       ,    3.5,       ,      ,       ,      ,      ,   0.0, 3DDiff, 3704,      ,     10,  11.5,     16
2012-10-17, 12:40:36,  -05:00,       ,   47.9516144,  -97.1678543,   827.6, 29.09,   841.0,  10.0,   0.00,   0.00,   24.55,   1.91,   0.34,   0.03,   0.03, 340.0, 343.6,  27.5,  27.5,   1.6,   0.1,  22.91,  23.94,     8.35,   96.93,   73.23, 1803.2,  280.14,  266.31,  284.93,  273.45, 1236.12, 1229.31, 1234.94, 1218.00,   753.2,   0,  GPS,  174.0, 109.10, 114.30, 118.400, 124.575,       ,       ,       ,      ,       ,       ,    3.5,       ,      ,       ,      ,      ,   0.0, 3DDiff, 3704,      ,     10,  11.5,     16
2012-10-17, 12:40:37,  -05:00,       ,   47.9516144,  -97.1678543,   826.6, 29.09,   841.4,  10.0,   0.00,   0.00,   23.36,   1.86,   0.36,  -0.01,  -0.07, 340.0, 343.6,  27.5,  27.5,   1.6,   0.0,  22.91,  23.87,     8.34,   97.05,   73.35, 1803.8,  280.56,  266.68,  285.30,  273.76, 1230.87, 1221.15, 1228.77, 1211.21,   753.6,   0,  GPS,  174.0, 109.10, 114.30, 118.400, 124.575,       ,       ,       ,      ,       ,       ,    3.5,       ,      ,       ,      ,      ,   0.0, 3DDiff, 3704,      ,      9,  11.5,     16
2012-10-17, 12:40:38,  -05:00,       ,   47.9516144,  -97.1678543,   825.6, 29.09,   841.4,  10.0,   0.00,   0.00,   -8.44,   1.92,   0.34,  -0.00,   0.03, 339.9, 343.6,  27.5,  27.6,   1.7,  -0.0,  22.91,  23.87,     8.43,   97.17,   73.52, 1804.9,  280.98,  266.94,  285.58,  274.00, 1226.70, 1213.96, 1223.21, 1205.41,   753.5,   0,  GPS,  174.0, 109.10, 114.30, 118.400, 124.575,       ,       ,       ,      ,       ,       ,    3.5,       ,      ,       ,      ,      ,   0.0, 3DDiff, 3704,      ,     10,  11.5,     16
2012-10-17, 12:40:39,  -05:00,       ,   47.9516144,  -97.1678543,   824.6, 29.09,   841.3,  10.0,   0.00,   0.00,  -34.00,   1.88,   0.27,  -0.03,   0.04, 339.8, 343.6,  27.5,  27.6,   1.8,   0.1,  22.91,  23.87,     8.35,   97.27,   73.48, 1802.5,  281.39,  267.22,  285.90,  274.28, 1222.16, 1208.00, 1219.43, 1201.59,   753.5,   0,  GPS,  174.0, 109.10, 114.30, 118.400, 124.575,       ,       ,       ,      ,       ,       ,    3.5,       ,      ,       ,      ,      ,   0.0, 3DDiff, 3704,      ,     10,  11.5,     16
2012-10-17, 12:40:40,  -05:00,       ,   47.9516144,  -97.1678543,   824.6, 29.09,   841.3,  10.0,   0.00,   0.00,  -34.55,   1.88,   0.31,   0.04,   0.01, 339.9, 343.6,  27.5,  27.6,   1.8,   0.1,  22.91,  23.87,     8.37,   97.40,   73.14, 1804.0,  281.78,  267.58,  286.23,  274.56, 1218.44, 1202.65, 1215.90, 1198.91,   753.4,   0,  GPS,  174.0, 109.10, 114.30, 118.400, 124.575,       ,       ,       ,      ,       ,       ,    3.5,       ,      ,       ,      ,      ,   0.0, 3DDiff, 3704,      ,     10,  11.5,     16
2012-10-17, 12:40:41,  -05:00,       ,   47.9516106,  -97.1678543,   823.6, 29.09,   841.1,  10.0,   0.00,   0.00,  -50.10,   1.86,   0.36,   0.01,  -0.01, 339.9, 343.6,  27.5,  27.5,   1.6,  -0.0,  22.91,  23.83,     8.29,   97.51,   73.30, 1805.0,  282.15,  267.79,  286.49,  274.79, 1214.44, 1198.09, 1214.35, 1196.29,   753.3,   0,  GPS,  174.0, 109.10, 114.30, 118.400, 124.575,       ,       ,       ,      ,       ,       ,    3.5,       ,      ,       ,      ,      ,   0.0, 3DDiff, 3704,      ,     10,  11.5,     16
2012-10-17, 12:40:42,  -05:00,       ,   47.9516106,  -97.1678543,   824.6, 29.09,   842.2,  10.0,   0.00,   0.00,  -17.63,   1.82,   0.35,  -0.02,  -0.05, 339.8, 343.6,  27.5,  27.6,   1.7,   0.0,  22.91,  23.83,     8.44,   97.65,   73.15, 1803.8,  282.53,  268.16,  286.83,  274.98, 1211.46, 1195.07, 1212.15, 1193.27,   754.3,   0,  GPS,  174.0, 109.10, 114.30, 118.400, 124.575,       ,       ,       ,      ,       ,       ,    3.5,       ,      ,       ,      ,      ,   0.0, 3DDiff, 3704,      ,     10,  11.5,     16
2012-10-17, 12:40:43,  -05:00,       ,   47.9516144,  -97.1678543,   824.6, 29.09,   842.2,  10.0,   0.00,   0.00,    9.14,   2.01,   0.37,   0.00,   0.00, 339.9, 343.6,  27.6,  27.7,   1.9,   0.1,  22.91,  23.87,     6.10,   97.77,   70.36, 1617.8,  282.97,  268.49,  287.12,  275.27, 1211.48, 1192.31, 1210.78, 1191.26,   754.3,   0,  GPS,  174.0, 109.10, 114.30, 118.400, 124.575,       ,       ,       ,      ,       ,       ,    3.5,       ,      ,       ,      ,      ,   0.0, 3DDiff, 3704,      ,     10,  11.5,     16
2012-10-17, 12:40:44,  -05:00,       ,   47.9516144,  -97.1678543,   819.6, 29.09,   842.2,  10.0,   0.00,   0.00,  -68.06,   2.40,   0.40,  -0.00,   0.01, 339.9, 343.6,  27.5,  27.5,   1.6,   0.1,  22.91,  23.87,     2.16,   97.89,   60.58, 1077.4,  283.41,  268.81,  287.53,  275.61, 1205.89, 1187.78, 1209.78, 1188.28,   754.4,   0,  GPS,  174.0, 109.10, 114.30, 118.400, 124.575,       ,       ,       ,      ,       ,       ,    3.5,       ,      ,       ,      ,      ,   0.0, 3DDiff, 3704,      ,     10,  11.5,     16
2012-10-17, 12:40:45,  -05:00,       ,   47.9516144,  -97.1678543,   818.6, 29.09,   842.3,  10.0,   0.00,   0.00, -105.71,   2.64,   0.26,   0.01,   0.01, 339.8, 343.6,  26.8,  27.0,  -1.4,  -0.2,  22.87,  23.83,     1.49,   98.01,   55.94,  745.1,  283.88,  269.24,  287.86,  275.96, 1156.84, 1153.01, 1180.54, 1150.30,   754.4,   0,  GPS,  174.0, 109.10, 114.30, 118.400, 124.575,       ,       ,       ,      ,       ,       ,    3.5,       ,      ,       ,      ,      ,   0.0, 3DDiff, 3704,      ,     10,  11.5,     16
2012-10-17, 12:40:46,  -05:00,       ,   47.9516144,  -97.1678543,   820.6, 29.09,   842.4,  10.0,   0.00,   0.00,  -51.31,   2.47,   0.27,   0.00,  -0.01, 339.8, 343.6,  27.5,  27.5,   1.9,   0.1,  22.87,  23.87,     2.72,   98.13,   60.96,  992.6,  284.24,  269.45,  288.07,  276.20, 1125.84, 1122.98, 1157.12, 1126.61,   754.5,   0,  GPS,  174.0, 109.10, 114.30, 118.400, 124.575,       ,       ,       ,      ,       ,       ,    3.5,       ,      ,       ,      ,      ,   0.0, 3DDiff, 3704,      ,     10,  11.5,     16
2012-10-17, 12:40:47,  -05:00,       ,   47.9516144,  -97.1678543,   819.6, 29.09,   842.2,  10.0,   0.00,   0.00,  -36.77,   2.42,   0.32,  -0.00,  -0.01, 339.8, 343.6,  27.4,  27.5,   1.7,   0.0,  22.87,  23.87,     2.86,   98.24,   63.15, 1134.6,  284.55,  269.66,  288.28,  276.35, 1122.69, 1111.75, 1144.82, 1117.60,   754.4,   0,  GPS,  174.0, 109.10, 114.30, 118.400, 124.575,       ,       ,       ,      ,       ,       ,    3.5,       ,      ,       ,      ,      ,   0.0, 3DDiff, 3704,      ,     10,  11.5,     16
2012-10-17, 12:40:48,  -05:00,       ,   47.9516144,  -97.1678543,   819.6, 29.09,   840.9,  10.0,   0.00,   0.00,  -11.75,   2.44,   0.27,  -0.01,  -0.00, 339.8, 343.6,  27.6,  27.6,   1.9,   0.0,  22.87,  23.87,     2.81,   98.37,   62.88, 1141.7,  284.86,  269.85,  288.50,  276.51, 1130.96, 1112.16, 1142.12, 1119.32,   753.1,   0,  GPS,  174.0, 109.10, 114.30, 118.400, 124.575,       ,       ,       ,      ,       ,       ,    3.5,       ,      ,       ,      ,      ,   0.0, 3DDiff, 3704,      ,     10,  11.5,     16
2012-10-17, 12:40:49,  -05:00,       ,   47.9516144,  -97.1678543,   820.6, 29.09,   841.3,  10.0,   0.00,   0.00,   -0.28,   2.46,   0.32,  -0.01,  -0.03, 339.8, 343.6,  27.5,  27.6,   1.8,   0.1,  22.82,  23.87,     2.83,   98.49,   62.82, 1132.1,  285.21,  270.06,  288.71,  276.73, 1141.71, 1115.64, 1142.58, 1122.92,   753.4,   0,  GPS,  174.0, 109.10, 114.30, 118.400, 124.575,       ,       ,       ,      ,       ,       ,    3.5,       ,      ,       ,      ,      ,   0.0, 3DDiff, 3704,      ,     10,  11.5,     16
2012-10-17, 12:40:50,  -05:00,       ,   47.9516144,  -97.1678543,   821.6, 29.09,   841.2,  10.0,   0.00,   0.00,   24.81,   2.43,   0.38,  -0.00,  -0.04, 339.9, 343.6,  27.4,  27.5,   1.7,   0.1,  22.87,  23.87,     2.85,   98.63,   62.69, 1128.0,  285.50,  270.21,  288.92,  276.90, 1150.58, 1119.54, 1143.32, 1124.70,   753.4,   0,  GPS,  174.0, 109.10, 114.30, 118.400, 124.575,       ,       ,       ,      ,       ,       ,    3.5,       ,      ,       ,      ,      ,   0.0, 3DDiff, 3704,      ,     10,  11.5,     16
2012-10-17, 12:40:51,  -05:00,       ,   47.9516144,  -97.1678543,   821.6, 29.09,   841.1,  10.0,   0.00,   0.00,   39.12,   2.44,   0.31,  -0.00,  -0.01, 339.8, 343.6,  27.5,  27.5,   1.7,   0.0,  22.87,  23.94,     2.86,   98.79,   62.77, 1128.6,  285.79,  270.40,  289.09,  277.06, 1156.01, 1122.43, 1144.06, 1125.53,   753.3,   0,  GPS,  174.0, 109.10, 114.30, 118.400, 124.575,       ,       ,       ,      ,       ,       ,    3.5,       ,      ,       ,      ,      ,   0.0, 3DDiff, 3704,      ,     10,  11.5,     16
2012-10-17, 12:40:52,  -05:00,       ,   47.9516106,  -97.1678543,   821.6, 29.09,   841.0,  10.0,   0.00,   0.00,   26.13,   2.47,   0.27,  -0.02,   0.00, 339.8, 343.6,  27.5,  27.5,   1.8,  -0.0,  22.82,  23.94,     2.84,   98.93,   62.73, 1127.5,  286.10,  270.61,  289.31,  277.27, 1161.37, 1124.18, 1143.39, 1126.40,   753.2,   0,  GPS,  174.0, 109.10, 114.30, 118.400, 124.575,       ,       ,       ,      ,       ,       ,    3.5,       ,      ,       ,      ,      ,   0.0, 3DDiff, 3704,      ,     10,  11.5,     16
2012-10-17, 12:40:53,  -05:00,       ,   47.9516144,  -97.1678543,   819.6, 29.09,   841.4,  10.0,   0.00,   0.00,  -22.32,   2.49,   0.25,  -0.02,  -0.01, 339.9, 343.6,  27.5,  27.6,   1.8,   0.1,  22.82,  23.87,     2.81,   99.05,   62.80, 1134.0,  286.34,  270.73,  289.45,  277.44, 1166.48, 1125.67, 1142.39, 1127.39,   753.6,   0,  GPS,  174.0, 109.10, 114.30, 118.400, 124.575,       ,       ,       ,      ,       ,       ,    3.5,       ,      ,       ,      ,      ,   0.0, 3DDiff, 3704,      ,     10,  11.5,     16
2012-10-17, 12:40:54,  -05:00,       ,   47.9516144,  -97.1678543,   819.6, 29.09,   842.5,  10.0,   0.00,   0.00,  -39.35,   2.54,   0.32,  -0.02,   0.02, 339.7, 343.6,  27.5,  27.5,   1.7,   0.1,  22.87,  23.87,     2.84,   99.19,   62.90, 1131.8,  286.52,  270.81,  289.54,  277.51, 1168.25, 1127.67, 1141.34, 1126.18,   754.6,   0,  GPS,  174.0, 109.10, 114.30, 118.400, 124.575,       ,       ,       ,      ,       ,       ,    3.5,       ,      ,       ,      ,      ,   0.0, 3DDiff, 3704,      ,     10,  11.5,     16
2012-10-17, 12:40:55,  -05:00,       ,   47.9516220,  -97.1678543,   818.6, 29.09,   842.5,  10.0,   0.00,   0.00,  -45.62,   2.52,   0.33,  -0.01,   0.04, 340.1, 343.6,  27.4,  27.5,   1.6,   0.0,  22.87,  23.94,     2.86,   99.34,   62.95, 1138.0,  286.74,  270.91,  289.65,  277.64, 1168.57, 1128.42, 1139.92, 1125.83,   754.7,   0,  GPS,  174.0, 109.10, 114.30, 118.400, 124.575,       ,       ,       ,      ,       ,       ,    3.5,       ,      ,       ,      ,      ,   0.0, 3DDiff, 3704,      ,      9,  11.5,     16
2012-10-17, 12:40:56,  -05:00,       ,   47.9516220,  -97.1678696,   817.6, 29.09,   842.7,  10.0,   0.00,   1.24,  -47.91,   2.35,   0.37,  -0.01,   0.01, 341.2, 343.6,  27.4,  27.4,   1.5,   0.0,  22.82,  23.94,     2.81,   99.46,   63.09, 1140.1,  286.95,  271.00,  289.75,  277.74, 1169.72, 1129.20, 1139.09, 1126.42,   754.8,   0,  GPS,  174.0, 109.10, 114.30, 118.400, 124.575,       ,       ,       ,      ,       ,       ,    3.5,       ,      ,       ,      ,      ,   3.9, 3DDiff, 3704,      ,     10,  11.5,     16
2012-10-17, 12:40:57,  -05:00,       ,   47.9516335,  -97.1678696,   818.6, 29.09,   842.7,  10.0,   0.00,   1.59,  -20.11,   2.31,   0.34,   0.00,  -0.02, 343.4, 343.6,  27.5,  27.5,   1.7,  -0.0,  22.82,  23.94,     2.85,   99.61,   63.05, 1148.4,  287.17,  271.10,  289.86,  277.85, 1172.57, 1129.62, 1137.91, 1126.81,   754.9,   0,  GPS,  174.0, 109.10, 114.30, 118.400, 124.575,       ,       ,       ,      ,       ,       ,    3.5,       ,      ,       ,      ,      ,   0.0, 3DDiff, 3704,      ,     10,  11.5,     16
2012-10-17, 12:40:58,  -05:00,       ,   47.9516411,  -97.1678772,   818.6, 29.09,   842.9,  10.0,   0.00,   1.94,  -12.18,   2.48,   0.22,   0.01,   0.01, 346.4, 343.6,  27.6,  27.6,   1.9,   0.1,  22.82,  23.94,     2.82,   99.72,   63.04, 1139.2,  287.36,  271.15,  289.96,  277.97, 1173.91, 1130.72, 1137.63, 1126.44,   755.0,   0,  GPS,  174.0, 109.10, 114.30, 118.400, 124.575,       ,       ,       ,      ,       ,       ,    3.5,       ,      ,       ,      ,      ,   0.0, 3DDiff, 3704,      ,     10,  11.5,     16
2012-10-17, 12:40:59,  -05:00,       ,   47.9516525,  -97.1678772,   817.6, 29.09,   842.3,  10.0,   0.00,   2.00,   -7.71,   2.74,   0.13,   0.01,   0.00, 351.0, 345.1,  27.5,  27.5,   1.7,   0.1,  22.80,  23.94,     2.85,   99.85,   62.93, 1137.5,  287.53,  271.24,  290.06,  278.04, 1173.05, 1131.70, 1136.91, 1126.64,   754.4,   0,  GPS,  174.0, 109.10, 114.30, 118.400, 124.575,       ,       ,       ,      ,       ,       ,    3.5,       ,      ,       ,      ,      ,   0.0, 3DDiff, 3704,      ,     10,  11.5,     16
2012-10-17, 12:41:00,  -05:00,       ,   47.9516602,  -97.1678772,   817.6, 29.09,   841.2,  10.0,   0.00,   2.29,  -23.93,   3.09,   0.03,   0.02,   0.04, 355.1, 349.7,  27.5,  27.5,   1.6,  -0.0,  22.76,  24.00,     2.83,   99.97,   62.95, 1131.3,  287.73,  271.29,  290.11,  278.14, 1173.13, 1132.27, 1134.76, 1126.26,   753.3,   0,  GPS,  174.0, 109.10, 114.30, 118.400, 124.575,       ,       ,       ,      ,       ,       ,    3.5,       ,      ,       ,      ,      ,   0.0, 3DDiff, 3704,      ,     10,  11.5,     16
2012-10-17, 12:41:01,  -05:00,       ,   47.9516716,  -97.1678772,   819.6, 29.09,   841.4,  10.0,   0.00,   2.64,   25.40,   3.08,   0.12,   0.04,  -0.01, 358.6, 354.0,  27.5,  27.5,   1.7,   0.0,  22.68,  24.00,     2.82,  100.10,   62.75, 1122.7,  287.89,  271.38,  290.23,  278.21, 1174.71, 1132.64, 1133.30, 1124.96,   753.6,   0,  GPS,  174.0, 109.10, 114.30, 118.400, 124.575,       ,       ,       ,      ,       ,       ,    3.5,       ,      ,       ,      ,      ,   0.0, 3DDiff, 3704,      ,      9,  11.5,     16
2012-10-17, 12:41:02,  -05:00,       ,   47.9516869,  -97.1678772,   819.6, 29.09,   841.4,  10.0,   0.00,   2.88,   37.46,   3.09,   0.00,   0.01,  -0.02, 359.1, 356.4,  27.6,  27.6,   1.8,   0.0,  22.72,  24.00,     2.86,  100.22,   62.94, 1130.4,  288.05,  271.39,  290.27,  278.29, 1175.43, 1133.08, 1132.01, 1123.57,   753.6,   0,  GPS,  174.0, 109.10, 114.30, 118.400, 124.575,       ,       ,       ,      ,       ,       ,    3.5,       ,      ,       ,      ,      ,   0.0, 3DDiff, 3704,      ,     10,  11.5,     16
2012-10-17, 12:41:03,  -05:00,       ,   47.9516983,  -97.1678772,   818.6, 29.09,   841.3,  10.0,   0.00,   3.34,    2.59,   2.47,   0.09,   0.02,  -0.07, 358.5, 356.9,  27.5,  27.6,   1.8,   0.1,  22.68,  24.00,     2.90,  100.34,   62.99, 1133.1,  288.24,  271.54,  290.44,  278.43, 1173.98, 1132.81, 1129.82, 1122.84,   753.5,   0,  GPS,  174.0, 109.10, 114.30, 118.400, 124.575,       ,       ,       ,      ,       ,       ,    3.5,       ,      ,       ,      ,      ,   3.9, 3DDiff, 3704,      ,     10,  11.5,     16
2012-10-17, 12:41:04,  -05:00,       ,   47.9517212,  -97.1678772,   819.6, 29.09,   841.2,  10.0,   0.00,   3.77,    0.44,   2.76,  -0.05,   0.02,   0.08, 358.3, 356.4,  27.5,  27.6,   1.7,   0.1,  22.72,  24.00,     2.83,  100.46,   62.91, 1135.4,  288.45,  271.65,  290.53,  278.55, 1172.00, 1132.60, 1128.53, 1122.32,   753.4,   0,  GPS,  174.0, 109.10, 114.30, 118.400, 124.575,       ,       ,       ,      ,       ,       ,    3.5,       ,      ,       ,      ,      ,   0.0, 3DDiff, 3704,      ,     10,  11.5,     16
2012-10-17, 12:41:05,  -05:00,       ,   47.9517365,  -97.1678772,   819.6, 29.09,   841.4,  10.0,   0.00,   3.73,   20.00,   2.30,  -0.07,   0.00,  -0.04, 357.9, 356.7,  27.5,  27.5,   1.7,   0.1,  22.68,  24.00,     2.82,  100.58,   62.96, 1130.8,  288.57,  271.61,  290.57,  278.58, 1172.25, 1131.70, 1127.20, 1120.70,   753.6,   0,  GPS,  174.0, 109.10, 114.30, 118.400, 124.575,       ,       ,       ,      ,       ,       ,    3.5,       ,      ,       ,      ,      ,   3.9, 3DDiff, 3704,      ,     10,  11.5,     16
2012-10-17, 12:41:06,  -05:00,       ,   47.9517517,  -97.1678772,   821.6, 29.09,   842.4,  10.0,   0.00,   3.07,   34.44,   2.41,  -0.07,  -0.02,   0.02, 357.4, 357.1,  27.5,  27.5,   1.6,   0.0,  22.68,  24.00,     2.86,  100.71,   62.88, 1132.4,  288.93,  272.03,  290.96,  278.89, 1172.81, 1131.44, 1126.15, 1119.74,   754.6,   0,  GPS,  174.0, 109.10, 114.30, 118.400, 124.575,       ,       ,       ,      ,       ,       ,    3.5,       ,      ,       ,      ,      ,   0.0, 3DDiff, 3704,      ,     10,  11.5,     16
2012-10-17, 12:41:07,  -05:00,       ,   47.9517555,  -97.1678772,   822.6, 29.09,   842.4,  10.0,   0.00,   1.90,   58.28,   2.21,  -0.13,   0.01,  -0.00, 357.5, 356.7,  27.7,  27.7,   1.9,   0.0,  22.68,  24.00,     2.86,  100.81,   62.96, 1129.0,  289.58,  272.44,  291.47,  279.45, 1172.56, 1130.59, 1125.25, 1119.14,   754.5,   0,  GPS,  174.0, 109.10, 114.30, 118.400, 124.575,       ,       ,       ,      ,       ,       ,    3.5,       ,      ,       ,      ,      ,   0.0, 3DDiff, 3704,      ,      9,  11.5,     16
2012-10-17, 12:41:08,  -05:00,       ,   47.9517593,  -97.1678772,   823.6, 29.09,   842.4,  10.0,   0.00,   0.00,   56.69,   2.44,  -0.04,  -0.01,  -0.04, 357.5, 356.7,  27.6,  27.7,   1.9,   0.1,  22.68,  24.00,     2.84,  100.92,   62.75, 1119.6,  289.77,  272.50,  291.53,  279.57, 1172.95, 1129.27, 1124.39, 1118.03,   754.5,   0,  GPS,  174.0, 109.10, 114.30, 118.400, 124.575,       ,       ,       ,      ,       ,       ,    3.5,       ,      ,       ,      ,      ,   0.0, 3DDiff, 3704,      ,     10,  11.5,     16
2012-10-17, 12:41:09,  -05:00,       ,   47.9517593,  -97.1678772,   821.6, 29.09,   842.4,  10.0,   0.00,   0.00,   22.19,   2.66,  -0.03,  -0.00,  -0.01, 357.8, 356.7,  27.5,  27.5,   1.6,   0.1,  22.72,  24.00,     2.85,  101.03,   62.73, 1123.1,  289.88,  272.53,  291.54,  279.58, 1172.31, 1127.42, 1122.99, 1117.15,   754.5,   0,  GPS,  174.0, 109.10, 114.30, 118.400, 124.575,       ,       ,       ,      ,       ,       ,    3.5,       ,      ,       ,      ,      ,   0.0, 3DDiff, 3704,      ,     10,  11.5,     16
2012-10-17, 12:41:10,  -05:00,       ,   47.9517593,  -97.1678772,   821.6, 29.09,   842.5,  10.0,   0.00,   0.00,   -1.32,   2.81,   0.03,   0.02,   0.05, 358.0, 356.7,  27.5,  27.6,   1.6,   0.0,  22.68,  24.00,     2.82,  101.14,   62.71, 1115.9,  290.02,  272.54,  291.61,  279.62, 1171.79, 1125.51, 1122.30, 1116.20,   754.6,   0,  GPS,  174.0, 109.10, 114.30, 118.400, 124.575,       ,       ,       ,      ,       ,       ,    3.5,       ,      ,       ,      ,      ,   0.0, 3DDiff, 3704,      ,     10,  12.0,     16
2012-10-17, 12:41:11,  -05:00,       ,   47.9517593,  -97.1678772,   821.6, 29.09,   842.2,  10.0,   0.00,   0.00,  -15.14,   2.85,   0.00,   0.01,  -0.02, 358.1, 356.7,  27.5,  27.6,   1.7,  -0.0,  22.72,  24.00,     2.84,  101.26,   62.61, 1111.9,  290.19,  272.60,  291.73,  279.77, 1172.11, 1124.80, 1122.64, 1114.58,   754.4,   0,  GPS,  174.0, 109.10, 114.30, 118.400, 124.575,       ,       ,       ,      ,       ,       ,    3.5,       ,      ,       ,      ,      ,   0.0, 3DDiff, 3704,      ,     10,  11.5,     16
2012-10-17, 12:41:12,  -05:00,       ,   47.9517593,  -97.1678772,   821.6, 29.09,   841.0,  10.0,   0.00,   0.00,  -15.97,   2.90,   0.05,  -0.01,   0.00, 358.3, 356.7,  27.6,  27.6,   1.8,   0.1,  22.72,  24.00,     2.81,  101.35,   62.62, 1116.0,  290.34,  272.61,  291.73,  279.79, 1172.06, 1124.28, 1122.29, 1113.41,   753.2,   0,  GPS,  174.0, 109.10, 114.30, 118.400, 124.575,       ,       ,       ,      ,       ,       ,    3.5,       ,      ,       ,      ,      ,   0.0, 3DDiff, 3704,      ,     10,  11.5,     16
2012-10-17, 12:41:13,  -05:00,       ,   47.9517593,  -97.1678772,   820.6, 29.09,   841.4,  10.0,   0.00,   0.00,  -16.00,   2.86,  -0.01,  -0.01,  -0.00, 358.4, 356.7,  27.5,  27.5,  -0.2,  -0.1,  22.68,  24.00,     2.86,  101.46,   62.55, 1113.0,  290.33,  272.54,  291.75,  279.76, 1169.99, 1123.31, 1121.28, 1112.59,   753.6,   0,  GPS,  174.0, 109.10, 114.30, 118.400, 124.575,       ,       ,       ,      ,       ,       ,    3.5,       ,      ,       ,      ,      ,   0.0, 3DDiff, 3704,      ,      9,  11.5,     16
2012-10-17, 12:41:14,  -05:00,       ,   47.9517593,  -97.1678772,   820.6, 29.09,   841.4,  10.0,   0.00,   0.00,  -16.00,   2.78,  -0.04,   0.01,   0.01, 358.5, 356.7,  27.5,  27.5,   1.7,   0.0,  22.61,  24.00,     2.85,  101.57,   62.53, 1111.0,  290.44,  272.54,  291.79,  279.81, 1168.47, 1121.79, 1119.10, 1112.95,   753.6,   0,  GPS,  174.0, 109.10, 114.30, 118.400, 124.575,       ,       ,       ,      ,       ,       ,    3.5,       ,      ,       ,      ,      ,   0.0, 3DDiff, 3704,      ,     10,  11.5,     16
2012-10-17, 12:41:15,  -05:00,       ,   47.9517593,  -97.1678772,   820.6, 29.09,   841.3,  10.0,   0.00,   0.00,  -16.00,   2.80,   0.03,  -0.00,   0.00, 358.6, 356.7,  27.5,  27.5,   1.6,   0.1,  22.61,  24.00,     2.85,  101.66,   62.55, 1114.7,  290.55,  272.54,  291.81,  279.85, 1166.23, 1120.35, 1117.13, 1112.30,   753.5,   0,  GPS,  174.0, 109.10, 114.30, 118.400, 124.575,       ,       ,       ,      ,       ,       ,    3.5,       ,      ,       ,      ,      ,   0.0, 3DDiff, 3704,      ,     10,  11.5,     16
2012-10-17, 12:41:16,  -05:00,       ,   47.9517593,  -97.1678772,   820.6, 29.09,   841.1,  10.0,   0.00,   0.00,   -5.30,   2.78,  -0.02,   0.00,  -0.03, 358.7, 356.7,  27.5,  27.5,   1.6,  -0.0,  22.66,  24.00,     2.84,  101.77,   62.58, 1119.6,  290.64,  272.54,  291.83,  279.85, 1162.85, 1120.28, 1115.72, 1110.30,   753.3,   0,  GPS,  174.0, 109.10, 114.30, 118.400, 124.575,       ,       ,       ,      ,       ,       ,    3.5,       ,      ,       ,      ,      ,   0.0, 3DDiff, 3704,      ,     10,  12.0,     16
2012-10-17, 12:41:17,  -05:00,       ,   47.9517593,  -97.1678772,   820.6, 29.09,   841.2,  10.0,   0.00,   0.00,   -7.97,   2.86,   0.00,   0.02,   0.01, 358.9, 356.7,  27.6,  27.6,   1.8,   0.1,  22.66,  24.00,     2.83,  101.85,   62.62, 1116.0,  290.76,  272.54,  291.86,  279.88, 1161.83, 1120.12, 1115.05, 1109.07,   753.3,   0,  GPS,  174.0, 109.10, 114.30, 118.400, 124.575,       ,       ,       ,      ,       ,       ,    3.5,       ,      ,       ,      ,      ,   0.0, 3DDiff, 3704,      ,     10,  11.5,     16
2012-10-17, 12:41:18,  -05:00,       ,   47.9517593,  -97.1678772,   820.6, 29.09,   842.2,  10.0,   0.00,   0.00,  -15.62,   2.85,  -0.04,   0.00,   0.00, 358.8, 356.7,  27.5,  27.5,   1.6,   0.1,  22.66,  24.00,     2.81,  101.96,   62.54, 1112.5,  290.84,  272.54,  291.93,  279.88, 1162.01, 1119.34, 1114.75, 1108.22,   754.4,   0,  GPS,  174.0, 109.10, 114.30, 118.400, 124.575,       ,       ,       ,      ,       ,       ,    3.5,       ,      ,       ,      ,      ,   0.0, 3DDiff, 3704,      ,     10,  12.0,     16
2012-10-17, 12:41:19,  -05:00,       ,   47.9517593,  -97.1678772,   819.6, 29.09,   841.9,  10.0,   0.00,   0.00,  -15.99,   2.82,   0.02,   0.01,  -0.02, 359.0, 356.7,  27.5,  27.5,   1.6,   0.0,  22.68,  24.00,     2.84,  102.04,   62.58, 1117.7,  290.95,  272.54,  291.94,  279.98, 1162.64, 1118.84, 1114.86, 1107.35,   754.0,   0,  GPS,  174.0, 109.10, 114.30, 118.400, 124.575,       ,       ,       ,      ,       ,       ,    3.5,       ,      ,       ,      ,      ,   0.0, 3DDiff, 3704,      ,      9,  11.5,     16
2012-10-17, 12:41:20,  -05:00,       ,   47.9517593,  -97.1678772,   819.6, 29.09,   841.9,  10.0,   0.00,   0.00,  -16.00,   2.85,   0.05,  -0.00,   0.01, 359.1, 356.7,  27.5,  27.5,   1.6,   0.0,  22.68,  24.00,     2.84,  102.13,   62.69, 1119.1,  291.04,  272.49,  292.01,  280.03, 1162.91, 1117.79, 1114.32, 1106.25,   754.0,   0,  GPS,  174.0, 109.10, 114.30, 118.400, 124.575,       ,       ,       ,      ,       ,       ,    3.5,       ,      ,       ,      ,      ,   0.0, 3DDiff, 3704,      ,     10,  11.5,     16
2012-10-17, 12:41:21,  -05:00,       ,   47.9517593,  -97.1678772,   819.6, 29.09,   841.9,  10.0,   0.00,   0.00,  -12.38,   2.87,  -0.04,  -0.01,   0.02, 359.1, 356.7,  27.5,  27.5,   1.6,   0.0,  22.66,  24.00,     2.85,  102.23,   62.60, 1114.6,  291.18,  272.49,  292.01,  280.07, 1162.14, 1115.68, 1112.12, 1105.84,   754.0,   0,  GPS,  174.0, 109.10, 114.30, 118.400, 124.575,       ,       ,       ,      ,       ,       ,    3.5,       ,      ,       ,      ,      ,   0.0, 3DDiff, 3704,      ,     10,  11.5,     16
2012-10-17, 12:41:22,  -05:00,       ,   47.9517593,  -97.1678772,   819.6, 29.09,   842.0,  10.0,   0.00,   0.00,   -0.70,   2.82,   0.01,  -0.01,  -0.00, 359.1, 356.7,  27.5,  27.5,   1.6,   0.0,  22.66,  24.00,     2.87,  102.31,   62.52, 1111.7,  291.19,  272.42,  292.02,  280.00, 1160.51, 1115.16, 1111.33, 1105.41,   754.1,   0,  GPS,  174.0, 109.10, 114.30, 118.400, 124.575,       ,       ,       ,      ,       ,       ,    3.5,       ,      ,       ,      ,      ,   0.0, 3DDiff, 3704,      ,     10,  12.0,     16
2012-10-17, 12:41:23,  -05:00,       ,   47.9517593,  -97.1678772,   819.6, 29.09,   841.7,  10.0,   0.00,   0.00,   -0.02,   2.82,   0.00,  -0.00,  -0.02, 359.2, 356.7,  27.5,  27.5,   1.6,   0.1,  22.61,  24.00,     2.82,  102.40,   62.56, 1116.0,  291.26,  272.40,  292.01,  279.99, 1160.18, 1114.81, 1110.37, 1104.39,   753.9,   0,  GPS,  174.0, 109.10, 114.30, 118.400, 124.575,       ,       ,       ,      ,       ,       ,    3.5,       ,      ,       ,      ,      ,   0.0, 3DDiff, 3704,      ,     10,  11.5,     16
2012-10-17, 12:41:24,  -05:00,       ,   47.9517593,  -97.1678772,   819.6, 29.09,   840.5,  10.0,   0.00,   0.00,  -13.05,   2.81,  -0.01,   0.00,  -0.01, 359.3, 356.7,  27.5,  27.5,   1.7,   0.1,  22.61,  24.00,     2.83,  102.49,   62.60, 1114.5,  291.37,  272.40,  292.05,  279.99, 1159.25, 1113.94, 1110.00, 1103.50,   752.6,   0,  GPS,  174.0, 109.10, 114.30, 118.400, 124.575,       ,       ,       ,      ,       ,       ,    3.5,       ,      ,       ,      ,      ,   0.0, 3DDiff, 3704,      ,     10,  12.0,     16
2012-10-17, 12:41:25,  -05:00,       ,   47.9517593,  -97.1678772,   818.6, 29.09,   841.1,  10.0,   0.00,   0.00,  -15.89,   2.80,  -0.05,   0.00,  -0.00, 359.3, 356.7,  27.4,  27.5,   1.5,  -0.0,  22.61,  24.00,     2.88,  102.58,   62.60, 1115.8,  291.43,  272.34,  292.08,  279.99, 1158.35, 1112.61, 1110.03, 1102.68,   753.3,   0,  GPS,  174.0, 109.10, 114.30, 118.400, 124.575,       ,       ,       ,      ,       ,       ,    3.5,       ,      ,       ,      ,      ,   0.0, 3DDiff, 3704,      ,      9,  11.5,     16
2012-10-17, 12:41:26,  -05:00,       ,   47.9517593,  -97.1678772,   818.6, 29.09,   841.0,  10.0,   0.00,   0.00,  -16.00,   2.80,  -0.07,  -0.01,  -0.01, 359.2, 356.7,  27.5,  27.5,   1.6,  -0.0,  22.57,  24.00,     2.84,  102.67,   62.54, 1114.6,  291.53,  272.29,  292.08,  279.99, 1157.83, 1112.11, 1110.58, 1101.66,   753.2,   0,  GPS,  174.0, 109.10, 114.30, 118.400, 124.575,       ,       ,       ,      ,       ,       ,    3.5,       ,      ,       ,      ,      ,   0.0, 3DDiff, 3704,      ,     10,  11.5,     16
2012-10-17, 12:41:27,  -05:00,       ,   47.9517593,  -97.1678772,   818.6, 29.09,   840.9,  10.0,   0.00,   0.00,  -16.00,   2.78,  -0.01,  -0.01,  -0.01, 359.4, 356.7,  27.5,  27.5,   1.7,   0.1,  22.61,  24.00,     2.84,  102.76,   62.56, 1111.5,  291.62,  272.27,  292.08,  279.99, 1157.67, 1112.55, 1110.55, 1100.85,   753.1,   0,  GPS,  174.0, 109.10, 114.30, 118.400, 124.575,       ,       ,       ,      ,       ,       ,    3.5,       ,      ,       ,      ,      ,   0.0, 3DDiff, 3704,      ,     10,  11.5,     16
2012-10-17, 12:41:28,  -05:00,       ,   47.9517593,  -97.1678772,   818.6, 29.09,   840.8,  10.0,   0.00,   0.00,  -16.00,   2.86,  -0.04,   0.00,   0.03, 359.4, 356.7,  27.4,  27.5,   1.6,   0.1,  22.57,  24.00,     2.83,  102.84,   62.60, 1114.7,  291.67,  272.27,  292.08,  279.99, 1157.94, 1112.36, 1110.96, 1100.51,   753.0,   0,  GPS,  174.0, 109.10, 114.30, 118.400, 124.575,       ,       ,       ,      ,       ,       ,    3.5,       ,      ,       ,      ,      ,   0.0, 3DDiff, 3704,      ,     10,  12.0,     16
2012-10-17, 12:41:29,  -05:00,       ,   47.9517593,  -97.1678772,   818.6, 29.09,   840.7,  10.0,   0.00,   0.00,   -2.95,   2.80,  -0.08,  -0.01,  -0.01, 359.3, 356.7,  27.5,  27.5,   1.5,   0.0,  22.57,  24.00,     2.83,  102.92,   62.58, 1114.6,  291.77,  272.21,  292.08,  279.99, 1157.65, 1111.39, 1111.70, 1098.72,   752.8,   0,  GPS,  174.0, 109.10, 114.30, 118.400, 124.575,       ,       ,       ,      ,       ,       ,    3.5,       ,      ,       ,      ,      ,   0.0, 3DDiff, 3704,      ,     10,  11.5,     16
2012-10-17, 12:41:30,  -05:00,       ,   47.9517593,  -97.1678772,   818.6, 29.09,   841.5,  10.0,   0.00,   0.00,  -12.12,   2.80,  -0.07,   0.01,   0.01, 359.4, 356.7,  27.5,  27.5,   1.5,  -0.0,  22.55,  24.00,     2.85,  103.00,   62.64, 1118.3,  291.81,  272.15,  292.14,  280.00, 1158.40, 1110.18, 1110.70, 1098.70,   753.6,   0,  GPS,  174.0, 109.10, 114.30, 118.400, 124.575,       ,       ,       ,      ,       ,       ,    3.5,       ,      ,       ,      ,      ,   0.0, 3DDiff, 3704,      ,     10,  12.0,     16
2012-10-17, 12:41:31,  -05:00,       ,   47.9517593,  -97.1678772,   818.6, 29.09,   840.7,  10.0,   0.00,   0.00,  -15.85,   2.72,  -0.10,  -0.00,  -0.03, 359.4, 356.7,  27.4,  27.5,   1.6,   0.0,  22.55,  24.00,     2.89,  103.08,   62.65, 1118.1,  291.88,  272.13,  292.15,  280.03, 1158.13, 1108.12, 1109.67, 1098.29,   752.9,   0,  GPS,  174.0, 109.10, 114.30, 118.400, 124.575,       ,       ,       ,      ,       ,       ,    3.5,       ,      ,       ,      ,      ,   0.0, 3DDiff, 3704,      ,      9,  11.5,     16
2012-10-17, 12:41:32,  -05:00,       ,   47.9517593,  -97.1678772,   817.6, 29.09,   840.8,  10.0,   0.00,   0.00,  -12.08,   2.78,  -0.09,   0.00,   0.01, 359.4, 356.7,  27.4,  27.5,   1.7,   0.1,  22.51,  24.00,     2.87,  103.16,   62.57, 1116.0,  291.94,  272.10,  292.21,  279.99, 1156.91, 1106.88, 1109.17, 1098.45,   752.9,   0,  GPS,  174.0, 109.10, 114.30, 118.400, 124.575,       ,       ,       ,      ,       ,       ,    3.5,       ,      ,       ,      ,      ,   0.0, 3DDiff, 3704,      ,     10,  11.5,     16
2012-10-17, 12:41:33,  -05:00,       ,   47.9517593,  -97.1678772,   817.6, 29.09,   840.8,  10.0,   0.00,   0.00,  -15.82,   2.74,   0.00,   0.01,  -0.04, 359.5, 356.7,  27.5,  27.6,   1.7,   0.1,  22.57,  24.00,     2.88,  103.24,   62.62, 1123.4,  292.04,  272.04,  292.22,  280.00, 1156.94, 1106.82, 1109.00, 1098.60,   752.9,   0,  GPS,  174.0, 109.10, 114.30, 118.400, 124.575,       ,       ,       ,      ,       ,       ,    3.5,       ,      ,       ,      ,      ,   0.0, 3DDiff, 3704,      ,     10,  12.0,     16
2012-10-17, 12:41:34,  -05:00,       ,   47.9517593,  -97.1678772,   817.6, 29.09,   840.7,  10.0,   0.00,   0.00,  -14.24,   2.77,  -0.07,   0.00,  -0.01, 359.4, 356.7,  27.5,  27.5,   1.6,   0.1,  22.55,  24.00,     2.87,  103.32,   62.62, 1116.5,  292.13,  272.05,  292.28,  280.04, 1155.83, 1107.01, 1108.49, 1098.07,   752.8,   0,  GPS,  174.0, 109.10, 114.30, 118.400, 124.575,       ,       ,       ,      ,       ,       ,    3.5,       ,      ,       ,      ,      ,   0.0, 3DDiff, 3704,      ,     10,  12.0,     16
2012-10-17, 12:41:35,  -05:00,       ,   47.9517593,  -97.1678772,   817.6, 29.09,   840.8,  10.0,   0.00,   0.00,   -4.33,   2.81,  -0.05,  -0.00,   0.01, 359.4, 356.7,  27.6,  27.6,   1.7,  -0.0,  22.55,  24.00,     2.80,  103.41,   62.64, 1117.1,  292.27,  272.06,  292.28,  280.05, 1155.08, 1106.99, 1108.10, 1099.47,   753.0,   0,  GPS,  174.0, 109.10, 114.30, 118.400, 124.575,       ,       ,       ,      ,       ,       ,    3.5,       ,      ,       ,      ,      ,   0.0, 3DDiff, 3704,      ,     10,  12.0,     16
2012-10-17, 12:41:36,  -05:00,       ,   47.9517593,  -97.1678772,   817.6, 29.09,   839.9,  10.0,   0.00,   0.00,   -0.21,   2.75,  -0.08,   0.01,  -0.04, 359.5, 356.7,  27.6,  27.7,   1.8,   0.1,  22.51,  24.00,     2.87,  103.48,   62.77, 1125.1,  292.22,  271.90,  292.22,  280.00, 1154.27, 1106.61, 1107.15, 1100.13,   752.1,   0,  GPS,  174.0, 109.10, 114.30, 118.400, 124.575,       ,       ,       ,      ,       ,       ,    3.5,       ,      ,       ,      ,      ,   0.0, 3DDiff, 3704,      ,     10,  12.0,     16
2012-10-17, 12:41:37,  -05:00,       ,   47.9517593,  -97.1678772,   817.6, 29.09,   840.9,  10.0,   0.00,   0.00,   -4.80,   2.78,  -0.07,   0.00,   0.02, 359.5, 356.7,  27.5,  27.6,   1.7,   0.0,  22.55,  24.00,     2.84,  103.56,   62.74, 1119.2,  292.31,  271.86,  292.22,  279.99, 1153.47, 1106.41, 1106.73, 1100.74,   753.1,   0,  GPS,  174.0, 109.10, 114.30, 118.400, 124.575,       ,       ,       ,      ,       ,       ,    3.5,       ,      ,       ,      ,      ,   0.0, 3DDiff, 3704,      ,      9,  11.5,     16
2012-10-17, 12:41:38,  -05:00,       ,   47.9517593,  -97.1678772,   816.6, 29.09,   841.0,  10.0,   0.00,   0.00,  -15.41,   2.76,  -0.05,  -0.02,   0.01, 359.5, 356.7,  27.4,  27.4,   1.5,  -0.0,  22.51,  24.00,     2.83,  103.63,   62.70, 1118.8,  292.35,  271.84,  292.22,  279.99, 1152.90, 1106.11, 1106.09, 1100.42,   753.1,   0,  GPS,  174.0, 109.10, 114.30, 118.400, 124.575,       ,       ,       ,      ,       ,       ,    3.5,       ,      ,       ,      ,      ,   0.0, 3DDiff, 3704,      ,     10,  11.5,     16
2012-10-17, 12:41:39,  -05:00,       ,   47.9517593,  -97.1678772,   816.6, 29.09,   841.0,  10.0,   0.00,   0.00,   -6.07,   2.70,  -0.10,  -0.02,  -0.04, 359.4, 356.7,  27.4,  27.4,   1.6,   0.1,  22.51,  24.00,     2.85,  103.72,   62.69, 1121.3,  292.49,  271.82,  292.35,  280.04, 1152.02, 1105.43, 1107.03, 1100.22,   753.2,   0,  GPS,  174.0, 109.10, 114.30, 118.400, 124.575,       ,       ,       ,      ,       ,       ,    3.5,       ,      ,       ,      ,      ,   0.0, 3DDiff, 3704,      ,     10,  12.0,     16
2012-10-17, 12:41:40,  -05:00,       ,   47.9517593,  -97.1678772,   816.6, 29.09,   841.0,  10.0,   0.00,   0.00,  -14.08,   2.72,  -0.07,   0.01,  -0.01, 359.5, 356.7,  27.5,  27.4,   1.6,  -0.0,  22.47,  24.00,     2.84,  103.79,   62.73, 1117.6,  292.56,  271.81,  292.38,  280.05, 1150.13, 1105.71, 1108.70, 1100.61,   753.1,   0,  GPS,  174.0, 109.10, 114.30, 118.400, 124.575,       ,       ,       ,      ,       ,       ,    3.5,       ,      ,       ,      ,      ,   0.0, 3DDiff, 3704,      ,     10,  12.0,     16
2012-10-17, 12:41:41,  -05:00,       ,   47.9517593,  -97.1678772,   816.6, 29.09,   841.0,  10.0,   0.00,   0.00,  -15.93,   2.72,  -0.07,  -0.01,   0.02, 359.5, 356.7,  27.5,  27.5,   1.7,   0.1,  22.47,  24.00,     2.87,  103.87,   62.67, 1116.8,  292.56,  271.63,  292.32,  279.91, 1150.30, 1106.71, 1108.55, 1099.13,   753.2,   0,  GPS,  174.0, 109.10, 114.30, 118.400, 124.575,       ,       ,       ,      ,       ,       ,    3.5,       ,      ,       ,      ,      ,   0.0, 3DDiff, 3704,      ,     10,  12.0,     16
2012-10-17, 12:41:42,  -05:00,       ,   47.9517593,  -97.1678772,   816.6, 29.09,   841.6,  10.0,   0.00,   0.00,  -16.00,   2.67,  -0.09,   0.01,  -0.03, 359.5, 356.7,  27.5,  27.5,   1.6,   0.1,  22.47,  24.00,     2.89,  103.95,   62.68, 1120.8,  292.67,  271.66,  292.40,  279.93, 1150.97, 1107.81, 1107.69, 1097.72,   753.7,   0,  GPS,  174.0, 109.10, 114.30, 118.400, 124.575,       ,       ,       ,      ,       ,       ,    3.5,       ,      ,       ,      ,      ,   0.0, 3DDiff, 3704,      ,     10,  12.0,     16
2012-10-17, 12:41:43,  -05:00,       ,   47.9517593,  -97.1678772,   815.6, 29.09,   841.1,  10.0,   0.00,   0.00,  -16.00,   2.70,  -0.07,   0.02,   0.01, 359.5, 356.7,  27.5,  27.5,   1.7,   0.1,  22.47,  24.00,     2.88,  104.02,   62.64, 1113.4,  292.78,  271.66,  292.41,  279.93, 1150.20, 1107.99, 1106.81, 1096.75,   753.2,   0,  GPS,  174.0, 109.10, 114.30, 118.400, 124.575,       ,       ,       ,      ,       ,       ,    3.5,       ,      ,       ,      ,      ,   0.0, 3DDiff, 3704,      ,      9,  11.5,     16
2012-10-17, 12:41:44,  -05:00,       ,   47.9517593,  -97.1678772,   815.6, 29.09,   841.1,  10.0,   0.00,   0.00,  -16.00,   2.71,  -0.03,   0.01,  -0.03, 359.5, 356.7,  27.6,  27.6,   1.6,  -0.0,  22.47,  24.00,     2.85,  104.10,   62.51, 1112.6,  292.76,  271.47,  292.36,  279.86, 1149.93, 1107.68, 1107.43, 1096.94,   753.2,   0,  GPS,  174.0, 109.10, 114.30, 118.400, 124.575,       ,       ,       ,      ,       ,       ,    3.5,       ,      ,       ,      ,      ,   0.0, 3DDiff, 3704,      ,     10,  11.5,     16
2012-10-17, 12:41:45,  -05:00,       ,   47.9517593,  -97.1678772,   816.6, 29.09,   841.1,  10.0,   0.00,   0.00,   -1.58,   2.70,  -0.04,   0.01,   0.00, 359.5, 356.7,  27.6,  27.6,   1.7,  -0.0,  22.51,  24.00,     2.87,  104.17,   62.46, 1115.7,  292.81,  271.46,  292.35,  279.85, 1150.47, 1107.22, 1108.13, 1097.12,   753.3,   0,  GPS,  174.0, 109.10, 114.30, 118.400, 124.575,       ,       ,       ,      ,       ,       ,    3.5,       ,      ,       ,      ,      ,   0.0, 3DDiff, 3704,      ,     10,  12.0,     16
2012-10-17, 12:41:46,  -05:00,       ,   47.9517593,  -97.1678772,   815.6, 29.09,   841.1,  10.0,   0.00,   0.00,   -0.05,   2.72,  -0.03,  -0.00,   0.02, 359.5, 356.7,  27.6,  27.6,   1.8,   0.1,  22.55,  24.00,     2.85,  104.25,   62.55, 1116.4,  292.93,  271.41,  292.42,  279.88, 1151.35, 1107.14, 1108.23, 1096.80,   753.3,   0,  GPS,  174.0, 109.10, 114.30, 118.400, 124.575,       ,       ,       ,      ,       ,       ,    3.5,       ,      ,       ,      ,      ,   0.0, 3DDiff, 3704,      ,     10,  12.0,     16
2012-10-17, 12:41:47,  -05:00,       ,   47.9517593,  -97.1678772,   815.6, 29.09,   840.7,  10.0,   0.00,   0.00,  -14.42,   2.72,  -0.02,   0.00,   0.01, 359.5, 356.7,  27.5,  27.5,   1.6,   0.1,  22.51,  24.00,     2.86,  104.33,   62.68, 1118.6,  293.01,  271.38,  292.42,  279.81, 1151.63, 1107.05, 1106.37, 1095.01,   752.8,   0,  GPS,  174.0, 109.10, 114.30, 118.400, 124.575,       ,       ,       ,      ,       ,       ,    3.5,       ,      ,       ,      ,      ,   0.0, 3DDiff, 3704,      ,     10,  12.0,     16
2012-10-17, 12:41:48,  -05:00,       ,   47.9517593,  -97.1678772,   815.6, 29.09,   840.1,  10.0,   0.00,   0.00,  -15.95,   2.71,  -0.10,   0.01,   0.00, 359.5, 356.7,  27.5,  27.5,   1.6,   0.0,  22.51,  24.00,     2.84,  104.40,   62.69, 1119.6,  293.02,  271.25,  292.40,  279.74, 1151.61, 1107.44, 1103.79, 1095.41,   752.2,   0,  GPS,  174.0, 109.10, 114.30, 118.400, 124.575,       ,       ,       ,      ,       ,       ,    3.5,       ,      ,       ,      ,      ,   0.0, 3DDiff, 3704,      ,     10,  12.0,     16
2012-10-17, 12:41:49,  -05:00,       ,   47.9517593,  -97.1678772,   814.6, 29.09,   840.2,  10.0,   0.00,   0.00,  -16.00,   2.74,  -0.02,  -0.01,   0.00, 359.4, 356.7,  27.4,  27.4,   1.5,   0.1,  22.51,  24.00,     2.83,  104.47,   62.44, 1118.7,  293.03,  271.16,  292.40,  279.72, 1151.66, 1107.21, 1101.94, 1096.13,   752.4,   0,  GPS,  174.0, 109.10, 114.30, 118.400, 124.575,       ,       ,       ,      ,       ,       ,    3.5,       ,      ,       ,      ,      ,  -3.9, 3DDiff, 3704,      ,      9,  11.5,     16
2012-10-17, 12:41:50,  -05:00,       ,   47.9517593,  -97.1678772,   814.6, 29.09,   840.1,  10.0,   0.00,   0.00,  -16.00,   2.76,   0.03,   0.00,  -0.02, 359.5, 356.7,  27.5,  27.5,   1.6,   0.1,  22.55,  24.00,     2.88,  104.54,   62.56, 1115.4,  293.13,  271.09,  292.47,  279.72, 1153.55, 1105.90, 1102.00, 1096.81,   752.2,   0,  GPS,  174.0, 109.10, 114.30, 118.400, 124.575,       ,       ,       ,      ,       ,       ,    3.5,       ,      ,       ,      ,      ,   0.0, 3DDiff, 3704,      ,      9,  11.5,     16
2012-10-17, 12:41:51,  -05:00,       ,   47.9517593,  -97.1678772,   814.6, 29.09,   840.0,  10.0,   0.00,   0.00,  -16.00,   2.72,  -0.08,  -0.01,  -0.00, 359.4, 356.7,  27.6,  27.6,   1.7,   0.1,  22.55,  24.00,     2.83,  104.61,   62.55, 1116.4,  293.17,  271.06,  292.48,  279.67, 1154.62, 1104.84, 1103.00, 1096.67,   752.1,   0,  GPS,  174.0, 109.10, 114.30, 118.400, 124.575,       ,       ,       ,      ,       ,       ,    3.5,       ,      ,       ,      ,      ,   0.0, 3DDiff, 3704,      ,      9,  11.5,     16
2012-10-17, 12:41:52,  -05:00,       ,   47.9517593,  -97.1678772,   814.6, 29.09,   839.9,  10.0,   0.00,   0.00,  -16.00,   2.72,  -0.02,   0.01,  -0.02, 359.5, 356.7,  27.5,  27.5,   1.6,   0.1,  22.55,  24.00,     2.82,  104.68,   62.60, 1120.4,  293.28,  270.98,  292.49,  279.65, 1154.75, 1104.02, 1102.71, 1096.54,   752.0,   0,  GPS,  174.0, 109.10, 114.30, 118.400, 124.575,       ,       ,       ,      ,       ,       ,    3.5,       ,      ,       ,      ,      ,   0.0, 3DDiff, 3704,      ,     10,  11.5,     16
2012-10-17, 12:41:53,  -05:00,       ,   47.9517593,  -97.1678772,   814.6, 29.09,   839.8,  10.0,   0.00,   0.00,  -16.00,   2.80,   0.03,  -0.00,   0.04, 359.5, 356.7,  27.5,  27.5,   1.6,   0.1,  22.51,  24.00,     2.87,  104.75,   62.59, 1116.5,  293.30,  270.92,  292.49,  279.59, 1155.31, 1102.39, 1102.32, 1096.02,   751.9,   0,  GPS,  174.0, 109.10, 114.30, 118.400, 124.575,       ,       ,       ,      ,       ,       ,    3.5,       ,      ,       ,      ,      ,   0.0, 3DDiff, 3704,      ,      9,  11.5,     16
2012-10-17, 12:41:54,  -05:00,       ,   47.9517593,  -97.1678772,   814.6, 29.09,   840.1,  10.0,   0.00,   0.00,  -16.00,   2.81,   0.00,  -0.02,  -0.00, 359.5, 356.7,  27.5,  27.5,   1.6,   0.0,  22.51,  24.00,     2.84,  104.81,   62.46, 1112.0,  293.38,  270.88,  292.49,  279.58, 1154.52, 1102.31, 1102.64, 1095.65,   752.3,   0,  GPS,  174.0, 109.10, 114.30, 118.400, 124.575,       ,       ,       ,      ,       ,       ,    3.5,       ,      ,       ,      ,      ,   0.0, 3DDiff, 3704,      ,     10,  11.5,     16
2012-10-17, 12:41:55,  -05:00,       ,   47.9517593,  -97.1678772,   814.6, 29.09,   840.7,  10.0,   0.00,   0.00,  -11.20,   2.82,   0.09,   0.01,   0.02, 359.5, 356.7,  27.6,  27.6,   1.7,   0.0,  22.51,  24.00,     2.86,  104.88,   62.50, 1117.7,  293.44,  270.79,  292.49,  279.55, 1153.79, 1102.92, 1102.95, 1095.97,   752.9,   0,  GPS,  174.0, 109.10, 114.30, 118.400, 124.575,       ,       ,       ,      ,       ,       ,    3.5,       ,      ,       ,      ,      ,   0.0, 3DDiff, 3704,      ,      9,  11.5,     16
2012-10-17, 12:41:56,  -05:00,       ,   47.9517593,  -97.1678772,   813.6, 29.09,   840.8,  10.0,   0.00,   0.00,  -14.06,   2.78,   0.04,  -0.00,   0.01, 359.6, 356.7,  27.5,  27.6,   1.7,   0.1,  22.51,  24.00,     2.86,  104.94,   62.49, 1112.7,  293.51,  270.71,  292.52,  279.47, 1153.85, 1102.94, 1102.32, 1095.30,   752.9,   0,  GPS,  174.0, 109.10, 114.30, 118.400, 124.575,       ,       ,       ,      ,       ,       ,    3.5,       ,      ,       ,      ,      ,   0.0, 3DDiff, 3704,      ,      9,  11.5,     16
2012-10-17, 12:41:57,  -05:00,       ,   47.9517593,  -97.1678772,   813.6, 29.09,   840.8,  10.0,   0.00,   0.00,  -15.93,   2.76,   0.00,   0.00,  -0.03, 359.5, 356.7,  27.5,  27.5,   1.6,   0.1,  22.51,  24.00,     2.90,  105.01,   62.41, 1117.2,  293.57,  270.65,  292.56,  279.45, 1153.53, 1103.41, 1102.27, 1094.06,   753.0,   0,  GPS,  174.0, 109.10, 114.30, 118.400, 124.575,       ,       ,       ,      ,       ,       ,    3.5,       ,      ,       ,      ,      ,   0.0, 3DDiff, 3704,      ,      9,  11.5,     16
2012-10-17, 12:41:58,  -05:00,       ,   47.9517593,  -97.1678772,   813.6, 29.09,   840.8,  10.0,   0.00,   0.00,   -5.47,   2.79,   0.03,   0.00,  -0.02, 359.5, 356.7,  27.5,  27.5,   1.6,   0.0,  22.55,  24.00,     2.87,  105.07,   62.48, 1114.9,  293.61,  270.61,  292.60,  279.45, 1153.68, 1102.49, 1102.07, 1091.91,   753.0,   0,  GPS,  174.0, 109.10, 114.30, 118.400, 124.575,       ,       ,       ,      ,       ,       ,    3.5,       ,      ,       ,      ,      ,  -3.9, 3DDiff, 3704,      ,     10,  11.5,     16
2012-10-17, 12:41:59,  -05:00,       ,   47.9517593,  -97.1678772,   813.6, 29.09,   840.9,  10.0,   0.00,   0.00,  -13.77,   2.79,  -0.01,  -0.01,  -0.02, 359.5, 356.7,  27.5,  27.5,   1.6,  -0.0,  22.55,  24.00,     2.86,  105.13,   62.56, 1116.5,  293.68,  270.52,  292.62,  279.40, 1153.83, 1101.33, 1102.09, 1091.30,   753.1,   0,  GPS,  174.0, 109.10, 114.30, 118.400, 124.575,       ,       ,       ,      ,       ,       ,    3.5,       ,      ,       ,      ,      ,   0.0, 3DDiff, 3704,      ,     10,  11.5,     16
2012-10-17, 12:42:00,  -05:00,       ,   47.9517593,  -97.1678772,   813.6, 29.09,   840.4,  10.0,   0.00,   0.00,  -15.92,   2.78,   0.02,   0.01,   0.01, 359.5, 356.7,  27.6,  27.6,   1.7,  -0.0,  22.57,  24.00,     2.82,  105.18,   62.52, 1116.7,  293.71,  270.45,  292.63,  279.33, 1153.57, 1101.28, 1102.39, 1090.38,   752.5,   0,  GPS,  174.0, 109.10, 114.30, 118.400, 124.575,       ,       ,       ,      ,       ,       ,    3.5,       ,      ,       ,      ,      ,   0.0, 3DDiff, 3704,      ,     10,  11.5,     16
2012-10-17, 12:42:01,  -05:00,       ,   47.9517593,  -97.1678772,   813.6, 29.09,   839.4,  10.0,   0.00,   0.00,  -11.53,   2.80,   0.05,   0.00,   0.01, 359.6, 356.7,  27.5,  27.6,   1.6,   0.1,  22.57,  24.00,     2.82,  105.24,   62.48, 1116.1,  293.83,  270.38,  292.63,  279.31, 1154.44, 1101.61, 1102.32, 1090.16,   751.6,   0,  GPS,  174.0, 109.10, 114.30, 118.400, 124.575,       ,       ,       ,      ,       ,       ,    3.5,       ,      ,       ,      ,      ,   0.0, 3DDiff, 3704,      ,      9,  11.5,     16
2012-10-17, 12:42:02,  -05:00,       ,   47.9517593,  -97.1678772,   812.6, 29.09,   839.3,  10.0,   0.00,   0.00,  -15.66,   2.76,   0.02,  -0.01,  -0.02, 359.4, 356.7,  27.5,  27.5,   1.6,   0.1,  22.57,  24.00,     2.83,  105.29,   62.51, 1121.2,  293.90,  270.43,  292.74,  279.30, 1154.93, 1102.60, 1101.84, 1090.85,   751.4,   0,  GPS,  174.0, 109.10, 114.30, 118.400, 124.575,       ,       ,       ,      ,       ,       ,    3.5,       ,      ,       ,      ,      ,   0.0, 3DDiff, 3704,      ,      9,  11.5,     16
2012-10-17, 12:42:03,  -05:00,       ,   47.9517593,  -97.1678772,   812.6, 29.09,   839.1,  10.0,   0.00,   0.00,  -12.55,   2.80,   0.05,   0.01,   0.02, 359.5, 356.7,  27.5,  27.5,   1.5,  -0.0,  22.55,  24.00,     2.84,  105.35,   62.47, 1118.5,  294.02,  270.31,  292.82,  279.28, 1155.01, 1103.64, 1101.48, 1090.53,   751.3,   0,  GPS,  174.0, 109.10, 114.30, 118.400, 124.575,       ,       ,       ,      ,       ,       ,    3.5,       ,      ,       ,      ,      ,   0.0, 3DDiff, 3704,      ,     10,  11.5,     16
2012-10-17, 12:42:04,  -05:00,       ,   47.9517593,  -97.1678772,   812.6, 29.09,   839.1,  10.0,   0.00,   0.00,   -2.26,   2.72,   0.04,   0.01,  -0.04, 359.5, 356.7,  27.5,  27.5,   1.6,  -0.0,  22.57,  24.00,     2.81,  105.40,   62.40, 1119.8,  293.99,  270.23,  292.77,  279.19, 1155.18, 1103.99, 1100.84, 1090.31,   751.3,   0,  GPS,  174.0, 109.10, 114.30, 118.400, 124.575,       ,       ,       ,      ,       ,       ,    3.5,       ,      ,       ,      ,      ,   0.0, 3DDiff, 3704,      ,     10,  11.5,     16
2012-10-17, 12:42:05,  -05:00,       ,   47.9517593,  -97.1678772,   812.6, 29.09,   839.0,  10.0,   0.00,   0.00,   -3.70,   2.77,  -0.05,  -0.00,   0.02, 359.4, 356.7,  27.6,  27.6,   1.7,   0.1,  22.55,  24.00,     2.83,  105.45,   62.41, 1123.5,  294.05,  270.12,  292.76,  279.14, 1154.74, 1103.62, 1100.29, 1089.94,   751.2,   0,  GPS,  174.0, 109.10, 114.30, 118.400, 124.575,       ,       ,       ,      ,       ,       ,    3.5,       ,      ,       ,      ,      ,   0.0, 3DDiff, 3704,      ,     10,  11.5,     16
2012-10-17, 12:42:06,  -05:00,       ,   47.9517593,  -97.1678772,   812.6, 29.09,   839.6,  10.0,   0.00,   0.00,  -15.30,   2.76,   0.03,   0.00,  -0.01, 359.5, 356.7,  27.5,  27.5,   1.6,   0.0,  22.51,  24.00,     2.87,  105.50,   62.49, 1121.6,  294.12,  270.03,  292.76,  279.06, 1153.60, 1103.82, 1100.02, 1089.86,   751.7,   0,  GPS,  174.0, 109.10, 114.30, 118.400, 124.575,       ,       ,       ,      ,       ,       ,    3.5,       ,      ,       ,      ,      ,   0.0, 3DDiff, 3704,      ,     10,  11.5,     16
2012-10-17, 12:42:07,  -05:00,       ,   47.9517593,  -97.1678772,   811.6, 29.09,   841.3,  10.0,   0.00,   0.00,  -15.98,   2.80,   0.01,   0.01,   0.03, 359.5, 356.7,  27.4,  27.5,   1.4,   0.1,  22.55,  24.00,     2.83,  105.56,   62.59, 1123.1,  294.14,  269.97,  292.76,  279.04, 1151.98, 1103.55, 1100.01, 1088.86,   753.5,   0,  GPS,  174.0, 109.10, 114.30, 118.400, 124.575,       ,       ,       ,      ,       ,       ,    3.5,       ,      ,       ,      ,      ,   0.0, 3DDiff, 3704,      ,      9,  11.5,     16
2012-10-17, 12:42:08,  -05:00,       ,   47.9517593,  -97.1678772,   811.6, 29.09,   841.4,  10.0,   0.00,   0.00,  -16.00,   2.71,  -0.07,  -0.01,  -0.05, 359.4, 356.7,  27.4,  27.5,   1.4,   0.0,  22.55,  24.00,     2.83,  105.61,   62.59, 1121.0,  294.24,  269.87,  292.82,  279.04, 1150.40, 1102.90, 1099.24, 1088.32,   753.6,   0,  GPS,  174.0, 109.10, 114.30, 118.400, 124.575,       ,       ,       ,      ,       ,       ,    3.5,       ,      ,       ,      ,      ,   0.0, 3DDiff, 3704,      ,     10,  11.5,     16
2012-10-17, 12:42:09,  -05:00,       ,   47.9517593,  -97.1678772,   811.6, 29.09,   841.7,  10.0,   0.00,   0.00,  -15.39,   2.76,  -0.05,   0.00,   0.01, 359.4, 356.7,  27.5,  27.5,   1.5,   0.0,  22.55,  24.00,     2.84,  105.66,   62.55, 1123.0,  294.26,  269.84,  292.84,  278.92, 1149.92, 1102.86, 1098.85, 1088.46,   753.8,   0,  GPS,  174.0, 109.10, 114.30, 118.400, 124.575,       ,       ,       ,      ,       ,       ,    3.5,       ,      ,       ,      ,      ,   0.0, 3DDiff, 3704,      ,     10,  11.5,     16
2012-10-17, 12:42:10,  -05:00,       ,   47.9517593,  -97.1678772,   811.6, 29.09,   841.8,  10.0,   0.00,   0.00,   -9.24,   2.78,   0.01,   0.01,   0.00, 359.5, 356.7,  27.5,  27.5,   1.6,   0.1,  22.55,  24.00,     2.82,  105.72,   62.42, 1119.2,  294.34,  269.72,  292.88,  278.91, 1149.16, 1103.83, 1098.92, 1088.46,   753.9,   0,  GPS,  174.0, 109.10, 114.30, 118.400, 124.575,       ,       ,       ,      ,       ,       ,    3.5,       ,      ,       ,      ,      ,   0.0, 3DDiff, 3704,      ,     10,  12.0,     16
2012-10-17, 12:42:11,  -05:00,       ,   47.9517593,  -97.1678772,   811.6, 29.09,   841.5,  10.0,   0.00,   0.00,  -15.68,   2.74,  -0.04,   0.01,  -0.05, 359.4, 356.7,  27.5,  27.5,   1.5,   0.1,  22.55,  24.00,     2.80,  105.77,   62.47, 1116.9,  294.41,  269.70,  292.90,  278.85, 1149.92, 1104.69, 1098.67, 1088.88,   753.7,   0,  GPS,  174.0, 109.10, 114.30, 118.400, 124.575,       ,       ,       ,      ,       ,       ,    3.5,       ,      ,       ,      ,      ,   0.0, 3DDiff, 3704,      ,     10,  11.5,     16
2012-10-17, 12:42:12,  -05:00,       ,   47.9517593,  -97.1678772,   811.6, 29.09,   840.8,  10.0,   0.00,   0.00,  -15.86,   2.82,   0.01,   0.01,   0.03, 359.5, 356.7,  27.4,  27.5,   1.6,   0.1,  22.55,  24.00,     2.87,  105.83,   62.47, 1115.8,  294.46,  269.58,  292.90,  278.78, 1151.22, 1104.25, 1097.78, 1089.30,   752.9,   0,  GPS,  174.0, 109.10, 114.30, 118.400, 124.575,       ,       ,       ,      ,       ,       ,    3.5,       ,      ,       ,      ,      ,   0.0, 3DDiff, 3704,      ,     10,  11.5,     16
2012-10-17, 12:42:13,  -05:00,       ,   47.9517593,  -97.1678772,   811.6, 29.09,   839.3,  10.0,   0.00,   0.00,  -15.18,   2.76,   0.01,  -0.01,  -0.04, 359.4, 356.7,  27.5,  27.5,   1.6,   0.0,  22.55,  24.00,     2.87,  105.88,   62.47, 1115.3,  294.52,  269.52,  292.90,  278.77, 1151.83, 1103.68, 1098.02, 1088.71,   751.4,   0,  GPS,  174.0, 109.10, 114.30, 118.400, 124.575,       ,       ,       ,      ,       ,       ,    3.5,       ,      ,       ,      ,      ,   0.0, 3DDiff, 3704,      ,      9,  11.5,     16
2012-10-17, 12:42:14,  -05:00,       ,   47.9517593,  -97.1678772,   810.6, 29.09,   839.0,  10.0,   0.00,   0.00,  -15.97,   2.83,   0.01,  -0.00,   0.01, 359.5, 356.7,  27.5,  27.6,   1.6,   0.0,  22.55,  24.00,     2.85,  105.93,   62.43, 1119.3,  294.61,  269.43,  292.96,  278.69, 1152.17, 1103.35, 1098.97, 1088.92,   751.2,   0,  GPS,  174.0, 109.10, 114.30, 118.400, 124.575,       ,       ,       ,      ,       ,       ,    3.5,       ,      ,       ,      ,      ,   0.0, 3DDiff, 3704,      ,     10,  11.5,     16
2012-10-17, 12:42:15,  -05:00,       ,   47.9517593,  -97.1678772,   810.6, 29.09,   838.9,  10.0,   0.00,   0.00,  -13.86,   2.88,   0.03,  -0.00,  -0.00, 359.5, 356.7,  27.5,  27.5,   1.7,   0.1,  22.55,  24.00,     2.83,  105.98,   62.53, 1112.5,  294.66,  269.35,  292.99,  278.64, 1152.31, 1103.16, 1099.33, 1088.71,   751.0,   0,  GPS,  174.0, 109.10, 114.30, 118.400, 124.575,       ,       ,       ,      ,       ,       ,    3.5,       ,      ,       ,      ,      ,   0.0, 3DDiff, 3704,      ,     10,  11.5,     16
2012-10-17, 12:42:16,  -05:00,       ,   47.9517593,  -97.1678772,   810.6, 29.09,   838.7,  10.0,   0.00,   0.00,  -15.86,   2.89,   0.04,   0.01,  -0.01, 359.5, 356.7,  27.5,  27.5,   1.7,   0.1,  22.55,  24.00,     2.84,  106.03,   62.50, 1116.1,  294.71,  269.29,  292.99,  278.63, 1151.72, 1103.85, 1099.42, 1087.53,   750.9,   0,  GPS,  174.0, 109.10, 114.30, 118.400, 124.575,       ,       ,       ,      ,       ,       ,    3.5,       ,      ,       ,      ,      ,   0.0, 3DDiff, 3704,      ,     10,  11.5,     16
2012-10-17, 12:42:17,  -05:00,       ,   47.9517593,  -97.1678772,   810.6, 29.09,   838.7,  10.0,   0.00,   0.00,  -14.55,   2.89,   0.07,   0.01,  -0.00, 359.5, 356.7,  27.5,  27.5,   1.6,   0.0,  22.51,  24.00,     2.86,  106.07,   62.34, 1117.9,  294.78,  269.20,  293.02,  278.51, 1150.61, 1104.22, 1098.71, 1086.57,   750.9,   0,  GPS,  174.0, 109.10, 114.30, 118.400, 124.575,       ,       ,       ,      ,       ,       ,    3.5,       ,      ,       ,      ,      ,   0.0, 3DDiff, 3704,      ,     10,  11.5,     16
2012-10-17, 12:42:18,  -05:00,       ,   47.9517593,  -97.1678772,   810.6, 29.09,   839.1,  10.0,   0.00,   0.00,   -0.97,   2.87,   0.08,  -0.01,  -0.01, 359.5, 356.7,  27.5,  27.5,   1.6,   0.0,  22.51,  24.00,     2.82,  106.12,   62.38, 1116.8,  294.88,  269.21,  293.10,  278.53, 1150.50, 1104.60, 1096.63, 1086.47,   751.3,   0,  GPS,  174.0, 109.10, 114.30, 118.400, 124.575,       ,       ,       ,      ,       ,       ,    3.5,       ,      ,       ,      ,      ,   0.0, 3DDiff, 3704,      ,     10,  11.5,     16
2012-10-17, 12:42:19,  -05:00,       ,   47.9517593,  -97.1678772,   810.6, 29.09,   840.8,  10.0,   0.00,   0.00,   -0.03,   2.86,   0.04,   0.00,  -0.01, 359.5, 356.7,  27.5,  27.5,   1.6,   0.1,  22.51,  24.00,     2.86,  106.17,   62.36, 1119.0,  295.00,  269.14,  293.10,  278.50, 1149.64, 1104.06, 1095.32, 1086.98,   752.9,   0,  GPS,  174.0, 109.10, 114.30, 118.400, 124.575,       ,       ,       ,      ,       ,       ,    3.5,       ,      ,       ,      ,      ,   0.0, 3DDiff, 3704,      ,      9,  11.5,     16
2012-10-17, 12:42:20,  -05:00,       ,   47.9517593,  -97.1678772,   809.6, 29.09,   840.8,  10.0,   0.00,   0.00,  -14.42,   2.85,   0.09,   0.00,   0.01, 359.5, 356.7,  27.5,  27.5,   1.6,   0.1,  22.51,  24.00,     2.86,  106.22,   62.50, 1122.3,  295.00,  269.09,  293.11,  278.43, 1148.78, 1102.62, 1095.50, 1087.79,   752.9,   0,  GPS,  174.0, 109.10, 114.30, 118.400, 124.575,       ,       ,       ,      ,       ,       ,    3.5,       ,      ,       ,      ,      ,   0.0, 3DDiff, 3704,      ,     10,  11.5,     16
2012-10-17, 12:42:21,  -05:00,       ,   47.9517593,  -97.1678772,   809.6, 29.09,   840.9,  10.0,   0.00,   0.00,  -15.95,   2.89,   0.07,  -0.00,   0.01, 359.5, 356.7,  27.5,  27.5,   1.6,   0.1,  22.51,  24.00,     2.84,  106.27,   62.48, 1118.5,  295.10,  268.97,  293.10,  278.43, 1148.45, 1101.66, 1096.24, 1088.27,   753.1,   0,  GPS,  174.0, 109.10, 114.30, 118.400, 124.575,       ,       ,       ,      ,       ,       ,    3.5,       ,      ,       ,      ,      ,   0.0, 3DDiff, 3704,      ,     10,  11.5,     16
2012-10-17, 12:42:22,  -05:00,       ,   47.9517593,  -97.1678772,   809.6, 29.09,   841.1,  10.0,   0.00,   0.00,   -5.30,   2.85,   0.04,  -0.01,   0.03, 359.4, 356.7,  27.4,  27.5,   1.6,  -0.0,  22.51,  24.00,     2.87,  106.32,   62.50, 1117.5,  295.13,  268.91,  293.11,  278.32, 1148.15, 1102.23, 1096.50, 1088.13,   753.3,   0,  GPS,  174.0, 109.10, 114.30, 118.400, 124.575,       ,       ,       ,      ,       ,       ,    3.5,       ,      ,       ,      ,      ,   0.0, 3DDiff, 3704,      ,     10,  11.5,     16
2012-10-17, 12:42:23,  -05:00,       ,   47.9517593,  -97.1678772,   809.6, 29.09,   841.1,   9.8,   0.00,   0.00,  -14.63,   2.87,   0.04,  -0.01,   0.01, 359.5, 356.7,  27.5,  27.5,   1.6,   0.0,  22.51,  24.00,     2.85,  106.36,   62.42, 1119.6,  295.23,  268.82,  293.10,  278.28, 1147.40, 1103.68, 1097.51, 1087.91,   753.3,   0,  GPS,  174.0, 109.10, 114.30, 118.400, 124.575,       ,       ,       ,      ,       ,       ,    3.5,       ,      ,       ,      ,      ,   0.0, 3DDiff, 3704,      ,     10,  11.5,     16
2012-10-17, 12:42:24,  -05:00,       ,   47.9517593,  -97.1678772,   809.6, 29.09,   840.4,   9.8,   0.00,   0.00,  -15.95,   2.87,   0.08,  -0.00,   0.01, 359.5, 356.7,  27.5,  27.5,   1.7,   0.1,  22.47,  24.00,     2.86,  106.41,   62.49, 1114.9,  295.26,  268.78,  293.11,  278.21, 1147.38, 1103.05, 1099.07, 1089.13,   752.6,   0,  GPS,  174.0, 109.10, 114.30, 118.400, 124.575,       ,       ,       ,      ,       ,       ,    3.5,       ,      ,       ,      ,      ,   0.0, 3DDiff, 3704,      ,     10,  11.5,     16
2012-10-17, 12:42:25,  -05:00,       ,   47.9517593,  -97.1678772,   808.6, 29.09,   839.2,   9.8,   0.00,   0.00,  -16.00,   2.94,   0.05,   0.00,  -0.01, 359.5, 356.7,  27.5,  27.5,   1.6,  -0.0,  22.51,  24.00,     2.83,  106.46,   62.47, 1118.2,  295.37,  268.68,  293.10,  278.19, 1146.50, 1101.80, 1099.67, 1090.38,   751.4,   0,  GPS,  174.0, 109.10, 114.30, 118.400, 124.575,       ,       ,       ,      ,       ,       ,    3.5,       ,      ,       ,      ,      ,   0.0, 3DDiff, 3704,      ,      9,  11.5,     16
2012-10-17, 12:42:26,  -05:00,       ,   47.9517593,  -97.1678772,   808.6, 29.09,   839.0,   9.8,   0.00,   0.00,  -16.00,   3.16,   0.14,  -0.01,   0.01, 359.6, 356.7,  27.4,  27.4,   1.5,   0.1,  22.51,  24.00,     2.86,  106.50,   62.42, 1123.9,  295.40,  268.64,  293.11,  278.11, 1145.58, 1100.80, 1098.90, 1089.98,   751.2,   0,  GPS,  174.0, 109.10, 114.30, 118.400, 124.575,       ,       ,       ,      ,       ,       ,    3.5,       ,      ,       ,      ,      ,   0.0, 3DDiff, 3704,      ,     10,  11.5,     16
2012-10-17, 12:42:27,  -05:00,       ,   47.9517670,  -97.1678772,   808.6, 29.09,   838.9,   9.8,   0.00,   0.00,  -16.00,   3.15,   0.11,  -0.00,   0.02, 359.7, 356.7,  27.4,  27.4,   1.5,   0.0,  22.51,  24.00,     2.87,  106.55,   62.53, 1123.4,  295.54,  268.57,  293.10,  278.05, 1146.40, 1100.10, 1099.32, 1090.07,   751.1,   0,  GPS,  174.0, 109.10, 114.30, 118.400, 124.575,       ,       ,       ,      ,       ,       ,    3.5,       ,      ,       ,      ,      ,   0.0, 3DDiff, 3704,      ,     10,  11.5,     16
2012-10-17, 12:42:28,  -05:00,       ,   47.9517708,  -97.1678772,   808.6, 29.09,   838.7,   9.8,   0.00,   1.36,  -16.00,   3.20,   0.07,  -0.00,   0.02, 359.8, 356.7,  27.4,  27.4,   1.4,  -0.0,  22.51,  24.00,     2.88,  106.59,   62.54, 1122.2,  295.49,  268.42,  293.08,  277.96, 1148.13, 1100.46, 1098.69, 1090.83,   750.9,   0,  GPS,  174.0, 109.10, 114.30, 118.400, 124.575,       ,       ,       ,      ,       ,       ,    3.5,       ,      ,       ,      ,      ,   3.9, 3DDiff, 3704,      ,     10,  11.5,     16
2012-10-17, 12:42:29,  -05:00,       ,   47.9517822,  -97.1678772,   808.6, 29.09,   838.6,   9.8,   0.00,   1.92,  -16.00,   2.98,   0.05,  -0.01,  -0.01,   0.1, 356.7,  27.5,  27.6,   1.8,   0.1,  22.51,  24.00,     2.84,  106.64,   62.52, 1125.8,  295.58,  268.36,  293.07,  277.86, 1148.53, 1101.48, 1097.31, 1091.09,   750.7,   0,  GPS,  174.0, 109.10, 114.30, 118.400, 124.575,       ,       ,       ,      ,       ,       ,    3.5,       ,      ,       ,      ,      ,   3.9, 3DDiff, 3704,      ,     10,  11.5,     16
2012-10-17, 12:42:30,  -05:00,       ,   47.9517899,  -97.1678772,   808.6, 29.09,   839.4,   9.8,   0.00,   2.43,  -16.00,   3.09,   0.03,   0.00,   0.05,   0.3, 357.2,  27.5,  27.6,   1.7,   0.1,  22.55,  24.00,     2.85,  106.68,   62.58, 1124.4,  295.62,  268.31,  293.06,  277.82, 1148.61, 1101.85, 1096.97, 1091.55,   751.6,   0,  GPS,  174.0, 109.10, 114.30, 118.400, 124.575,       ,       ,       ,      ,       ,       ,    3.5,       ,      ,       ,      ,      ,   3.9, 3DDiff, 3704,      ,     10,  11.5,     16
2012-10-17, 12:42:31,  -05:00,       ,   47.9518089,  -97.1678772,   807.6, 29.09,   841.3,   9.8,   0.00,   2.92,  -16.00,   2.93,  -0.02,  -0.00,   0.01,   0.5, 357.4,  27.5,  27.5,   1.6,   0.1,  22.55,  24.00,     2.84,  106.72,   62.71, 1134.3,  295.71,  268.22,  293.04,  277.75, 1149.67, 1101.62, 1097.99, 1092.03,   753.5,   0,  GPS,  174.0, 109.10, 114.30, 118.400, 124.575,       ,       ,       ,      ,       ,       ,    3.5,       ,      ,       ,      ,      ,   0.0, 3DDiff, 3704,      ,     10,  11.0,     16
2012-10-17, 12:42:32,  -05:00,       ,   47.9518204,  -97.1678772,   807.6, 29.09,   841.5,   9.8,   0.00,   3.44,  -16.00,   2.70,  -0.04,  -0.00,  -0.02,   0.2, 357.6,  27.5,  27.6,   1.6,   0.0,  22.57,  24.00,     2.90,  106.77,   63.13, 1163.5,  295.77,  268.14,  293.08,  277.69, 1150.53, 1101.46, 1098.32, 1091.70,   753.7,   0,  GPS,  174.0, 109.10, 114.30, 118.400, 124.575,       ,       ,       ,      ,       ,       ,    3.5,       ,      ,       ,      ,      ,   3.9, 3DDiff, 3704,      ,     10,  11.0,     16
2012-10-17, 12:42:33,  -05:00,       ,   47.9518433,  -97.1678772,   807.6, 29.09,   841.7,   9.8,   0.00,   4.02,  -16.00,   2.67,   0.01,  -0.01,  -0.02, 359.0, 357.4,  27.5,  27.6,   1.6,   0.1,  22.55,  24.00,     2.85,  106.81,   63.41, 1177.7,  295.87,  268.08,  293.06,  277.66, 1151.31, 1101.29, 1097.59, 1091.67,   753.9,   0,  GPS,  174.0, 109.10, 114.30, 118.400, 124.575,       ,       ,       ,      ,       ,       ,    3.5,       ,      ,       ,      ,      ,   3.9, 3DDiff, 3704,      ,     10,  11.5,     16
2012-10-17, 12:42:34,  -05:00,       ,   47.9518623,  -97.1678772,   807.6, 29.09,   842.0,   9.8,   0.00,   4.63,  -16.00,   2.79,  -0.04,  -0.01,   0.04, 357.9, 356.7,  27.4,  27.4,   1.4,   0.0,  22.61,  24.00,     2.90,  106.86,   63.56, 1183.6,  295.89,  268.00,  293.04,  277.57, 1153.55, 1101.24, 1098.29, 1092.20,   754.1,   0,  GPS,  174.0, 109.10, 114.30, 118.400, 124.575,       ,       ,       ,      ,       ,       ,    3.5,       ,      ,       ,      ,      ,   0.0, 3DDiff, 3704,      ,     10,  11.5,     16
2012-10-17, 12:42:35,  -05:00,       ,   47.9518890,  -97.1678772,   806.6, 29.09,   842.1,   9.8,   0.00,   5.23,  -16.00,   2.66,   0.02,  -0.01,   0.02, 356.8, 356.1,  27.4,  27.4,   1.6,  -0.0,  22.61,  24.00,     2.87,  106.90,   63.56, 1183.4,  296.06,  267.99,  293.13,  277.59, 1155.74, 1101.63, 1100.10, 1093.90,   754.3,   0,  GPS,  174.0, 109.10, 114.30, 118.400, 124.575,       ,       ,       ,      ,       ,       ,    3.5,       ,      ,       ,      ,      ,   3.9, 3DDiff, 3704,      ,     10,  11.5,     16
2012-10-17, 12:42:36,  -05:00,       ,   47.9519157,  -97.1678772,   806.6, 29.09,   841.2,   9.8,   0.00,   5.73,  -11.20,   2.68,  -0.07,  -0.00,   0.02, 355.7, 355.0,  27.4,  27.4,   1.4,   0.0,  22.66,  24.00,     2.89,  106.94,   63.72, 1194.0,  296.12,  267.95,  293.11,  277.52, 1157.26, 1102.78, 1101.98, 1095.09,   753.3,   0,  GPS,  174.0, 109.10, 114.30, 118.400, 124.575,       ,       ,       ,      ,       ,       ,    3.5,       ,      ,       ,      ,      ,   3.9, 3DDiff, 3704,      ,     10,  11.5,     16
2012-10-17, 12:42:37,  -05:00,       ,   47.9519424,  -97.1678772,   806.6, 29.09,   839.4,   9.8,   0.00,   6.18,   -4.21,   2.58,   0.01,   0.01,   0.01, 355.4, 354.3,  27.4,  27.4,   1.6,   0.0,  22.66,  24.00,     2.91,  106.99,   63.77, 1196.4,  296.16,  267.82,  293.05,  277.42, 1157.10, 1104.16, 1103.10, 1095.45,   751.5,   0,  GPS,  174.0, 109.10, 114.30, 118.400, 124.575,       ,       ,       ,      ,       ,       ,    3.5,       ,      ,       ,      ,      ,   0.0, 3DDiff, 3704,      ,     10,  11.0,     16
2012-10-17, 12:42:38,  -05:00,       ,   47.9519730,  -97.1678772,   806.6, 29.09,   839.2,   9.8,   0.00,   6.63,  -15.32,   2.67,   0.11,   0.03,   0.01, 357.6, 354.9,  27.4,  27.4,   1.7,   0.0,  22.66,  24.00,     2.88,  107.04,   63.81, 1200.8,  296.26,  267.76,  293.12,  277.42, 1155.03, 1106.06, 1104.49, 1096.58,   751.4,   0,  GPS,  174.0, 109.10, 114.30, 118.400, 124.575,       ,       ,       ,      ,       ,       ,    3.5,       ,      ,       ,      ,      ,   0.0, 3DDiff, 3704,      ,     10,  11.5,     16
2012-10-17, 12:42:39,  -05:00,       ,   47.9520111,  -97.1678772,   811.6, 29.09,   839.1,   9.8,   0.00,   7.11,   64.78,   2.76,   0.19,   0.03,   0.04, 358.0, 356.7,  27.3,  27.4,   1.5,   0.0,  22.61,  24.00,     2.87,  107.09,   63.67, 1191.4,  296.36,  267.73,  293.15,  277.36, 1154.75, 1106.62, 1105.42, 1097.20,   751.2,   0,  GPS,  174.0, 109.10, 114.30, 118.400, 124.575,       ,       ,       ,      ,       ,       ,    3.5,       ,      ,       ,      ,      ,   3.9, 3DDiff, 3704,      ,     10,  11.5,     16
2012-10-17, 12:42:40,  -05:00,       ,   47.9520454,  -97.1678772,   815.6, 29.09,   838.9,   9.8,   0.00,   7.52,  159.90,   2.68,  -0.05,   0.03,   0.01, 357.3, 356.3,  27.3,  27.3,   1.5,   0.1,  22.68,  24.00,     2.89,  107.13,   63.71, 1189.8,  296.42,  267.65,  293.19,  277.33, 1156.22, 1106.66, 1106.18, 1098.74,   751.1,   0,  GPS,  174.0, 109.10, 114.30, 118.400, 124.575,       ,       ,       ,      ,       ,       ,    3.5,       ,      ,       ,      ,      ,   3.9, 3DDiff, 3704,      ,     10,  11.5,     16
2012-10-17, 12:42:41,  -05:00,       ,   47.9520798,  -97.1678772,   816.6, 29.09,   839.2,   9.8,   0.00,   7.54,  161.85,   2.57,  -0.08,  -0.02,   0.00, 356.8, 356.1,  27.3,  27.4,   1.6,  -0.0,  22.66,  24.00,     2.95,  107.18,   63.65, 1189.0,  296.56,  267.67,  293.27,  277.29, 1157.17, 1105.79, 1105.78, 1099.45,   751.3,   0,  GPS,  174.0, 109.10, 114.30, 118.400, 124.575,       ,       ,       ,      ,       ,       ,    3.5,       ,      ,       ,      ,      ,   3.9, 3DDiff, 3704,      ,     10,  11.5,     16
2012-10-17, 12:42:42,  -05:00,       ,   47.9521103,  -97.1678772,   815.6, 29.09,   840.0,   9.8,   0.00,   7.44,  100.20,   2.59,   0.01,   0.03,   0.03, 356.6, 356.0,  27.3,  27.4,   1.6,   0.0,  22.66,  24.00,     2.92,  107.22,   63.68, 1193.1,  296.55,  267.55,  293.20,  277.20, 1157.19, 1106.19, 1105.59, 1099.59,   752.1,   0,  GPS,  174.0, 109.10, 114.30, 118.400, 124.575,       ,       ,       ,      ,       ,       ,    3.5,       ,      ,       ,      ,      ,   3.9, 3DDiff, 3704,      ,     10,  11.5,     16
2012-10-17, 12:42:43,  -05:00,       ,   47.9521446,  -97.1678772,   813.6, 29.09,   841.9,   9.8,   0.00,   7.58,    0.23,   2.43,   0.05,   0.01,  -0.01, 356.3, 356.0,  27.3,  27.4,   1.7,   0.0,  22.68,  24.00,     2.89,  107.26,   63.73, 1190.1,  296.57,  267.42,  293.15,  277.08, 1156.96, 1107.71, 1105.87, 1099.48,   754.0,   0,  GPS,  174.0, 109.10, 114.30, 118.400, 124.575,       ,       ,       ,      ,       ,       ,    3.5,       ,      ,       ,      ,      ,   3.9, 3DDiff, 3704,      ,     10,  11.0,     16
2012-10-17, 12:42:44,  -05:00,       ,   47.9521828,  -97.1678772,   812.6, 29.09,   842.1,   9.8,   0.00,   7.70,  -42.61,   2.40,  -0.03,   0.00,  -0.01, 357.9, 356.3,  27.3,  27.4,   1.7,  -0.0,  22.68,  24.00,     2.84,  107.30,   63.77, 1193.7,  296.63,  267.35,  293.17,  277.01, 1156.34, 1108.58, 1106.44, 1100.02,   754.3,   0,  GPS,  174.0, 109.10, 114.30, 118.400, 124.575,       ,       ,       ,      ,       ,       ,    3.5,       ,      ,       ,      ,      ,   3.9, 3DDiff, 3704,      ,     10,  11.5,     16
2012-10-17, 12:42:45,  -05:00,       ,   47.9522171,  -97.1678772,   815.6, 29.09,   842.4,   9.8,   0.00,   7.79,   15.04,   2.19,   0.02,  -0.02,  -0.00, 357.0, 357.2,  27.3,  27.3,   1.6,   0.0,  22.68,  24.00,     2.91,  107.35,   63.67, 1188.1,  296.70,  267.27,  293.16,  277.01, 1156.45, 1108.98, 1106.58, 1101.01,   754.5,   0,  GPS,  174.0, 109.10, 114.30, 118.400, 124.575,       ,       ,       ,      ,       ,       ,    3.5,       ,      ,       ,      ,      ,   3.9, 3DDiff, 3704,      ,     10,  11.5,     16
2012-10-17, 12:42:46,  -05:00,       ,   47.9522552,  -97.1678772,   817.6, 29.09,   842.6,   9.8,   0.00,   7.44,   55.87,   2.23,   0.02,   0.01,  -0.04, 353.7, 355.3,  27.4,  27.4,   1.8,   0.1,  22.72,  24.00,     2.91,  107.39,   63.57, 1182.5,  296.71,  267.26,  293.17,  276.89, 1154.80, 1108.50, 1106.68, 1101.73,   754.8,   0,  GPS,  174.0, 109.10, 114.30, 118.400, 124.575,       ,       ,       ,      ,       ,       ,    3.5,       ,      ,       ,      ,      ,   3.9, 3DDiff, 3704,      ,     10,  11.5,     16
2012-10-17, 12:42:47,  -05:00,       ,   47.9522858,  -97.1678848,   818.6, 29.09,   842.5,   9.8,   0.00,   7.08,   86.67,   2.26,   0.08,  -0.03,   0.01, 347.3, 351.4,  27.3,  27.4,   1.7,  -0.0,  22.76,  24.00,     2.90,  107.43,   63.55, 1185.8,  296.81,  267.14,  293.17,  276.87, 1152.40, 1107.39, 1105.83, 1101.37,   754.6,   0,  GPS,  174.0, 109.10, 114.30, 118.400, 124.575,       ,       ,       ,      ,       ,       ,    3.5,       ,      ,       ,      ,      ,   7.9, 3DDiff, 3704,      ,     10,  11.5,     16
2012-10-17, 12:42:48,  -05:00,       ,   47.9523125,  -97.1679001,   817.6, 29.09,   841.7,   9.8,   0.00,   6.61,   39.64,   2.18,  -0.14,  -0.06,  -0.00, 336.4, 343.3,  27.3,  27.4,   1.7,   0.0,  22.87,  24.00,     2.93,  107.46,   63.75, 1195.4,  296.84,  267.12,  293.17,  276.87, 1151.37, 1106.90, 1105.40, 1100.31,   753.9,   0,  GPS,  174.0, 109.10, 114.30, 118.400, 124.575,       ,       ,       ,      ,       ,       ,    3.5,       ,      ,       ,      ,      ,   3.9, 3DDiff, 3704,      ,     10,  11.5,     16
2012-10-17, 12:42:49,  -05:00,       ,   47.9523392,  -97.1679077,   817.6, 29.09,   840.2,   9.8,   0.00,   6.45,   11.20,   2.13,  -0.46,  -0.05,  -0.02, 326.2, 332.6,  27.4,  27.4,   1.8,   0.1,  22.97,  24.00,     2.89,  107.50,   63.80, 1200.2,  296.95,  267.02,  293.17,  276.76, 1151.01, 1106.72, 1104.55, 1100.11,   752.3,   0,  GPS,  174.0, 109.10, 114.30, 118.400, 124.575,       ,       ,       ,      ,       ,       ,    3.5,       ,      ,       ,      ,      ,   3.9, 3DDiff, 3704,      ,     10,  11.0,     16
2012-10-17, 12:42:50,  -05:00,       ,   47.9523659,  -97.1679382,   819.6, 29.09,   840.1,   9.8,   0.00,   6.26,   45.60,   2.08,  -0.47,  -0.05,  -0.02, 315.9, 322.3,  27.4,  27.4,   1.6,  -0.0,  23.01,  23.87,     2.92,  107.53,   63.80, 1200.7,  296.98,  266.99,  293.17,  276.74, 1152.67, 1106.72, 1103.61, 1099.98,   752.3,   0,  GPS,  174.0, 109.10, 114.30, 118.400, 124.575,       ,       ,       ,      ,       ,       ,    3.5,       ,      ,       ,      ,      ,   7.9, 3DDiff, 3704,      ,     10,  11.5,     16
2012-10-17, 12:42:51,  -05:00,       ,   47.9523849,  -97.1679764,   822.6, 29.09,   840.1,   9.8,   0.00,   5.81,   95.54,   1.70,  -0.20,  -0.08,   0.04, 303.0, 311.6,  27.4,  27.4,   1.8,  -0.0,  23.08,  23.71,     2.90,  107.56,   63.78, 1200.3,  296.98,  266.89,  293.17,  276.71, 1153.41, 1107.24, 1104.68, 1100.17,   752.2,   0,  GPS,  174.0, 109.10, 114.30, 118.400, 124.575,       ,       ,       ,      ,       ,       ,    3.5,       ,      ,       ,      ,      ,   3.9, 3DDiff, 3704,      ,     10,  11.5,     16
2012-10-17, 12:42:52,  -05:00,       ,   47.9523926,  -97.1679916,   824.6, 29.09,   839.9,   9.8,   0.00,   5.21,  122.79,   2.00,  -0.55,  -0.05,   0.04, 288.8, 297.6,  27.4,  27.4,   1.7,   0.1,  23.20,  23.60,     2.90,  107.60,   63.74, 1197.7,  297.07,  266.86,  293.17,  276.61, 1153.13, 1107.40, 1106.62, 1100.21,   752.0,   0,  GPS,  174.0, 109.10, 114.30, 118.400, 124.575,       ,       ,       ,      ,       ,       ,    3.5,       ,      ,       ,      ,      ,   0.0, 3DDiff, 3704,      ,     10,  11.5,     16
2012-10-17, 12:42:53,  -05:00,       ,   47.9524040,  -97.1680374,   826.6, 29.09,   840.2,   9.8,   0.00,   4.84,  112.91,   1.57,  -0.26,  -0.05,  -0.01, 277.0, 283.9,  27.3,  27.4,   1.7,  -0.0,  23.26,  23.33,     2.89,  107.63,   63.60, 1194.6,  297.11,  266.79,  293.17,  276.58, 1153.88, 1107.98, 1106.75, 1099.97,   752.3,   0,  GPS,  174.0, 109.10, 114.30, 118.400, 124.575,       ,       ,       ,      ,       ,       ,    3.5,       ,      ,       ,      ,      ,   3.9, 3DDiff, 3704,      ,     10,  11.5,     16
2012-10-17, 12:42:54,  -05:00,       ,   47.9524040,  -97.1680603,   827.6, 29.09,   840.8,   9.8,   0.00,   4.20,  108.41,   2.09,  -0.22,  -0.00,   0.04, 270.8, 273.2,  27.4,  27.4,   1.8,   0.0,  23.26,  23.16,     2.94,  107.66,   63.60, 1190.5,  297.13,  266.73,  293.17,  276.50, 1154.17, 1108.92, 1106.24, 1100.10,   752.9,   0,  GPS,  174.0, 109.10, 114.30, 118.400, 124.575,       ,       ,       ,      ,       ,       ,    3.5,       ,      ,       ,      ,      ,   0.0, 3DDiff, 3704,      ,     10,  11.5,     16
2012-10-17, 12:42:55,  -05:00,       ,   47.9524040,  -97.1680832,   827.6, 29.09,   842.8,   9.8,   0.00,   3.54,   66.64,   1.76,   0.02,   0.01,  -0.04, 268.9, 268.2,  27.4,  27.4,   1.7,   0.1,  23.31,  23.16,     2.90,  107.70,   63.70, 1196.2,  297.20,  266.68,  293.17,  276.47, 1153.78, 1110.05, 1106.62, 1100.81,   755.0,   0,  GPS,  174.0, 109.10, 114.30, 118.400, 124.575,       ,       ,       ,      ,       ,       ,    3.5,       ,      ,       ,      ,      ,   0.0, 3DDiff, 3704,      ,     10,  11.5,     16
2012-10-17, 12:42:56,  -05:00,       ,   47.9524040,  -97.1681061,   827.6, 29.09,   843.0,   9.8,   0.00,   3.01,   29.43,   1.82,   0.19,  -0.01,   0.01, 267.9, 266.5,  27.4,  27.4,   1.7,   0.0,  23.26,  23.16,     2.85,  107.73,   63.67, 1197.6,  297.25,  266.60,  293.17,  276.41, 1153.00, 1110.52, 1106.53, 1101.02,   755.2,   0,  GPS,  174.0, 109.10, 114.30, 118.400, 124.575,       ,       ,       ,      ,       ,       ,    3.5,       ,      ,       ,      ,      ,   0.0, 3DDiff, 3704,      ,     10,  11.5,     16
2012-10-17, 12:42:57,  -05:00,       ,   47.9524040,  -97.1681137,   826.6, 29.09,   843.2,   9.8,   0.00,   2.57,    5.86,   1.93,   0.04,  -0.01,   0.00, 268.2, 265.7,  27.4,  27.4,   1.7,   0.0,  23.22,  23.16,     2.87,  107.77,   63.67, 1198.1,  297.26,  266.54,  293.17,  276.35, 1154.08, 1111.00, 1107.37, 1101.46,   755.4,   0,  GPS,  174.0, 109.10, 114.30, 118.400, 124.575,       ,       ,       ,      ,       ,       ,    3.5,       ,      ,       ,      ,      ,   0.0, 3DDiff, 3704,      ,     10,  11.5,     16
2012-10-17, 12:42:58,  -05:00,       ,   47.9524040,  -97.1681366,   827.6, 29.09,   843.4,   9.8,   0.00,   2.02,   -2.77,   1.80,   0.12,  -0.01,  -0.00, 268.4, 266.0,  27.4,  27.5,   1.8,   0.0,  23.22,  23.16,     2.85,  107.80,   63.77, 1198.8,  297.27,  266.47,  293.17,  276.30, 1155.87, 1111.03, 1108.48, 1101.02,   755.5,   0,  GPS,  174.0, 109.10, 114.30, 118.400, 124.575,       ,       ,       ,      ,       ,       ,    3.5,       ,      ,       ,      ,      ,   0.0, 3DDiff, 3704,      ,     10,  11.5,     16
2012-10-17, 12:42:59,  -05:00,       ,   47.9524040,  -97.1681442,   827.6, 29.09,   842.8,   9.8,   0.00,   1.11,   14.51,   1.77,   0.13,   0.00,  -0.01, 268.4, 266.0,  27.4,  27.4,   1.7,   0.1,  23.26,  23.10,     2.90,  107.84,   63.62, 1196.6,  297.33,  266.39,  293.17,  276.22, 1155.24, 1111.61, 1110.56, 1101.25,   755.0,   0,  GPS,  174.0, 109.10, 114.30, 118.400, 124.575,       ,       ,       ,      ,       ,       ,    3.5,       ,      ,       ,      ,      ,   0.0, 3DDiff, 3704,      ,     10,  11.5,     16
2012-10-17, 12:43:00,  -05:00,       ,   47.9524040,  -97.1681442,   827.6, 29.09,   842.0,   9.8,   0.00,   0.00,   14.92,   2.14,   0.11,  -0.01,   0.01, 268.3, 266.0,  27.4,  27.4,   1.7,   0.0,  23.22,  23.10,     2.86,  107.88,   63.74, 1199.4,  297.42,  266.37,  293.24,  276.24, 1154.46, 1112.90, 1111.90, 1102.23,   754.1,   0,  GPS,  174.0, 109.10, 114.30, 118.400, 124.575,       ,       ,       ,      ,       ,       ,    3.5,       ,      ,       ,      ,      ,   0.0, 3DDiff, 3704,      ,     10,  11.5,     16
2012-10-17, 12:43:01,  -05:00,       ,   47.9524040,  -97.1681442,   827.6, 29.09,   840.2,   9.8,   0.00,   0.00,    5.14,   2.01,   0.13,   0.01,  -0.01, 268.4, 266.0,  27.4,  27.4,   1.7,   0.1,  23.20,  23.10,     2.88,  107.92,   63.66, 1198.1,  297.47,  266.38,  293.23,  276.24, 1155.05, 1113.23, 1112.49, 1103.25,   752.3,   0,  GPS,  174.0, 109.10, 114.30, 118.400, 124.575,       ,       ,       ,      ,       ,       ,    3.5,       ,      ,       ,      ,      ,   0.0, 3DDiff, 3704,      ,     10,  11.5,     16
2012-10-17, 12:43:02,  -05:00,       ,   47.9524040,  -97.1681442,   828.6, 29.09,   839.9,   9.8,   0.00,   0.00,   15.35,   1.97,   0.11,  -0.01,   0.01, 268.4, 266.0,  27.3,  27.4,   1.8,   0.1,  23.22,  23.10,     2.88,  107.96,   63.72, 1201.5,  297.40,  266.21,  293.17,  276.08, 1155.70, 1113.13, 1114.39, 1104.83,   752.0,   0,  GPS,  174.0, 109.10, 114.30, 118.400, 124.575,       ,       ,       ,      ,       ,       ,    3.5,       ,      ,       ,      ,      ,   0.0, 3DDiff, 3704,      ,     10,  11.5,     16
2012-10-17, 12:43:03,  -05:00,       ,   47.9524040,  -97.1681442,   827.6, 29.09,   839.6,   9.8,   0.00,   0.00,    1.07,   1.94,   0.09,  -0.01,   0.00, 268.3, 266.0,  27.4,  27.4,   1.7,   0.0,  23.20,  23.10,     2.86,  107.99,   63.63, 1200.0,  297.39,  266.18,  293.11,  276.06, 1154.52, 1112.76, 1114.56, 1106.22,   751.7,   0,  GPS,  174.0, 109.10, 114.30, 118.400, 124.575,       ,       ,       ,      ,       ,       ,    3.5,       ,      ,       ,      ,      ,   0.0, 3DDiff, 3704,      ,     10,  11.5,     16
2012-10-17, 12:43:04,  -05:00,       ,   47.9524002,  -97.1681442,   828.6, 29.09,   839.3,   9.8,   0.00,   0.00,    0.08,   1.94,   0.11,  -0.00,  -0.01, 268.4, 266.0,  27.4,  27.4,   1.8,   0.1,  23.22,  23.10,     2.94,  108.03,   63.48, 1189.9,  297.39,  266.07,  293.07,  275.99, 1155.48, 1113.05, 1113.92, 1106.33,   751.5,   0,  GPS,  174.0, 109.10, 114.30, 118.400, 124.575,       ,       ,       ,      ,       ,       ,    3.5,       ,      ,       ,      ,      ,   0.0, 3DDiff, 3704,      ,     10,  11.5,     16
2012-10-17, 12:43:05,  -05:00,       ,   47.9524002,  -97.1681442,   827.6, 29.09,   839.7,   9.8,   0.00,   0.00,    1.27,   2.02,   0.08,  -0.01,   0.03, 268.4, 266.0,  27.4,  27.4,   1.7,   0.0,  23.22,  23.10,     2.89,  108.07,   63.40, 1180.4,  297.41,  266.05,  293.04,  275.93, 1155.83, 1113.61, 1113.39, 1106.65,   751.9,   0,  GPS,  174.0, 109.10, 114.30, 118.400, 124.575,       ,       ,       ,      ,       ,       ,    3.5,       ,      ,       ,      ,      ,   0.0, 3DDiff, 3704,      ,     10,  11.5,     16
2012-10-17, 12:43:06,  -05:00,       ,   47.9524040,  -97.1681442,   827.6, 29.09,   840.4,   9.8,   0.00,   0.00,  -10.23,   1.99,   0.03,  -0.01,  -0.00, 268.3, 266.0,  27.4,  27.4,   1.7,   0.1,  23.20,  23.10,     2.88,  108.10,   63.25, 1172.9,  297.39,  265.98,  293.03,  275.90, 1155.35, 1113.03, 1112.43, 1106.86,   752.5,   0,  GPS,  174.0, 109.10, 114.30, 118.400, 124.575,       ,       ,       ,      ,       ,       ,    3.5,       ,      ,       ,      ,      ,   0.0, 3DDiff, 3704,      ,     10,  11.5,     16
2012-10-17, 12:43:07,  -05:00,       ,   47.9524040,  -97.1681442,   827.6, 29.09,   842.5,   9.8,   0.00,   0.00,   -0.56,   1.99,   0.07,  -0.02,   0.00, 268.3, 266.0,  27.4,  27.4,   1.7,   0.0,  23.12,  23.16,     2.90,  108.14,   63.17, 1170.3,  297.39,  265.92,  293.03,  275.84, 1155.03, 1112.59, 1112.03, 1105.77,   754.6,   0,  GPS,  174.0, 109.10, 114.30, 118.400, 124.575,       ,       ,       ,      ,       ,       ,    3.5,       ,      ,       ,      ,      ,   0.0, 3DDiff, 3704,      ,     10,  11.5,     16
2012-10-17, 12:43:08,  -05:00,       ,   47.9524040,  -97.1681442,   827.6, 29.09,   842.8,   9.8,   0.00,   0.00,   -0.02,   1.98,   0.02,   0.00,   0.02, 268.3, 266.0,  27.4,  27.5,   1.8,   0.1,  23.01,  23.22,     2.91,  108.17,   63.00, 1166.9,  297.39,  265.88,  292.99,  275.79, 1155.45, 1112.33, 1112.72, 1104.81,   755.0,   0,  GPS,  174.0, 109.10, 114.30, 118.400, 124.575,       ,       ,       ,      ,       ,       ,    3.5,       ,      ,       ,      ,      ,   0.0, 3DDiff, 3704,      ,     10,  11.5,     16
2012-10-17, 12:43:09,  -05:00,       ,   47.9524040,  -97.1681442,   827.6, 29.09,   843.0,   9.8,   0.00,   0.00,   -4.00,   1.96,   0.02,   0.01,  -0.02, 268.3, 266.0,  27.4,  27.4,   1.7,  -0.0,  22.91,  23.39,     2.90,  108.22,   63.09, 1168.4,  297.39,  265.79,  292.93,  275.72, 1155.49, 1111.90, 1112.32, 1104.37,   755.2,   0,  GPS,  174.0, 109.10, 114.30, 118.400, 124.575,       ,       ,       ,      ,       ,       ,    3.5,       ,      ,       ,      ,      ,   0.0, 3DDiff, 3704,      ,     10,  11.5,     16
2012-10-17, 12:43:10,  -05:00,       ,   47.9524040,  -97.1681442,   827.6, 29.09,   843.3,   9.8,   0.00,   0.00,   -4.67,   1.97,   0.03,   0.01,  -0.00, 268.3, 266.0,  27.3,  27.4,   1.6,  -0.0,  22.82,  23.50,     2.90,  108.25,   63.09, 1170.2,  297.37,  265.75,  292.90,  275.68, 1153.83, 1111.10, 1110.48, 1104.38,   755.5,   0,  GPS,  174.0, 109.10, 114.30, 118.400, 124.575,       ,       ,       ,      ,       ,       ,    3.5,       ,      ,       ,      ,      ,   0.0, 3DDiff, 3704,      ,     10,  11.5,     16
2012-10-17, 12:43:11,  -05:00,       ,   47.9524040,  -97.1681442,   827.6, 29.09,   843.0,   9.8,   0.00,   0.00,    7.86,   1.98,  -0.01,   0.00,  -0.02, 268.3, 266.0,  27.4,  27.4,   1.8,   0.1,  22.72,  23.66,     2.89,  108.30,   62.95, 1168.4,  297.35,  265.67,  292.90,  275.65, 1154.02, 1111.42, 1109.34, 1103.83,   755.1,   0,  GPS,  174.0, 109.10, 114.30, 118.400, 124.575,       ,       ,       ,      ,       ,       ,    3.5,       ,      ,       ,      ,      ,   0.0, 3DDiff, 3704,      ,     10,  11.5,     16
2012-10-17, 12:43:12,  -05:00,       ,   47.9524002,  -97.1681442,   827.6, 29.09,   842.2,   9.8,   0.00,   0.00,   -5.37,   2.03,  -0.01,   0.01,   0.02, 268.3, 266.0,  27.4,  27.4,   1.6,  -0.1,  22.66,  23.83,     2.91,  108.34,   63.06, 1166.8,  297.27,  265.64,  292.85,  275.65, 1152.08, 1112.39, 1109.03, 1103.63,   754.4,   0,  GPS,  174.0, 109.10, 114.30, 118.400, 124.575,       ,       ,       ,      ,       ,       ,    3.5,       ,      ,       ,      ,      ,   0.0, 3DDiff, 3704,      ,     10,  11.5,     16
2012-10-17, 12:43:13,  -05:00,       ,   47.9524002,  -97.1681442,   827.6, 29.09,   840.4,   9.8,   0.00,   0.00,   -0.90,   1.98,   0.01,  -0.01,  -0.04, 268.3, 266.0,  27.4,  27.4,   1.7,   0.1,  22.55,  23.94,     2.88,  108.38,   63.14, 1166.4,  297.26,  265.62,  292.79,  275.54, 1150.86, 1113.05, 1108.27, 1103.46,   752.6,   0,  GPS,  174.0, 109.10, 114.30, 118.400, 124.575,       ,       ,       ,      ,       ,       ,    3.5,       ,      ,       ,      ,      ,   0.0, 3DDiff, 3704,      ,     10,  11.5,     16
2012-10-17, 12:43:14,  -05:00,       ,   47.9524002,  -97.1681442,   827.6, 29.09,   840.3,   9.8,   0.00,   0.00,    0.58,   2.03,   0.00,   0.01,   0.03, 268.3, 266.0,  27.3,  27.4,   1.6,   0.0,  22.51,  24.00,     2.87,  108.43,   63.11, 1167.2,  297.23,  265.52,  292.77,  275.52, 1151.61, 1112.80, 1108.40, 1103.29,   752.4,   0,  GPS,  174.0, 109.10, 114.30, 118.400, 124.575,       ,       ,       ,      ,       ,       ,    3.5,       ,      ,       ,      ,      ,   0.0, 3DDiff, 3704,      ,     10,  11.5,     16
2012-10-17, 12:43:15,  -05:00,       ,   47.9524002,  -97.1681442,   827.6, 29.09,   840.1,   9.8,   0.00,   0.00,   11.23,   2.11,   0.01,   0.01,   0.01, 268.4, 266.0,  27.4,  27.4,   1.7,  -0.0,  22.51,  24.00,     2.88,  108.47,   63.16, 1172.9,  297.14,  265.51,  292.76,  275.51, 1151.07, 1112.48, 1108.69, 1102.27,   752.2,   0,  GPS,  174.0, 109.10, 114.30, 118.400, 124.575,       ,       ,       ,      ,       ,       ,    3.5,       ,      ,       ,      ,      ,   0.0, 3DDiff, 3704,      ,     10,  11.5,     16
2012-10-17, 12:43:16,  -05:00,       ,   47.9524002,  -97.1681442,   826.6, 29.09,   839.8,   9.8,   0.00,   0.00,  -12.52,   2.11,  -0.02,   0.01,  -0.03, 268.4, 266.0,  27.3,  27.3,   1.7,   0.0,  22.51,  24.00,     2.89,  108.51,   63.08, 1167.9,  297.49,  265.79,  293.17,  275.79, 1149.49, 1114.18, 1107.17, 1102.62,   751.9,   0,  GPS,  174.0, 109.10, 114.30, 118.400, 124.575,       ,       ,       ,      ,       ,       ,    3.5,       ,      ,       ,      ,      ,   0.0, 3DDiff, 3704,      ,     10,  11.5,     16
2012-10-17, 12:43:17,  -05:00,       ,   47.9524040,  -97.1681519,   826.6, 29.09,   840.2,   9.8,   0.00,   0.89,  -20.01,   2.16,  -0.02,  -0.01,   0.00, 268.3, 266.0,  27.3,  27.3,   1.7,   0.0,  22.51,  24.00,     2.91,  108.55,   63.11, 1164.6,  297.92,  266.27,  293.53,  276.27, 1148.42, 1115.46, 1107.10, 1104.19,   752.3,   0,  GPS,  174.0, 109.10, 114.30, 118.400, 124.575,       ,       ,       ,      ,       ,       ,    3.5,       ,      ,       ,      ,      ,   0.0, 3DDiff, 3704,      ,     10,  11.5,     16
2012-10-17, 12:43:18,  -05:00,       ,   47.9524040,  -97.1681671,   826.6, 29.09,   840.6,   9.8,   0.00,   1.44,  -16.17,   2.22,   0.02,   0.00,   0.02, 268.4, 266.0,  27.3,  27.3,   1.6,   0.1,  22.51,  24.00,     2.90,  108.60,   63.05, 1165.9,  297.86,  266.17,  293.51,  276.26, 1148.45, 1115.64, 1107.37, 1104.81,   752.7,   0,  GPS,  174.0, 109.10, 114.30, 118.400, 124.575,       ,       ,       ,      ,       ,       ,    3.5,       ,      ,       ,      ,      ,   0.0, 3DDiff, 3704,      ,     10,  11.5,     16
2012-10-17, 12:43:19,  -05:00,       ,   47.9524040,  -97.1681747,   826.6, 29.09,   842.7,   9.8,   0.00,   1.98,   -8.65,   2.36,  -0.04,  -0.00,  -0.01, 268.0, 266.0,  27.3,  27.3,   1.6,   0.1,  22.55,  24.00,     2.92,  108.64,   63.14, 1170.1,  297.48,  265.80,  292.99,  275.90, 1148.56, 1114.77, 1107.19, 1103.56,   754.8,   0,  GPS,  174.0, 109.10, 114.30, 118.400, 124.575,       ,       ,       ,      ,       ,       ,    3.5,       ,      ,       ,      ,      ,   0.0, 3DDiff, 3704,      ,     10,  11.5,     16
2012-10-17, 12:43:20,  -05:00,       ,   47.9524040,  -97.1681900,   826.6, 29.09,   842.9,   9.8,   0.00,   2.51,  -15.63,   2.45,  -0.13,   0.00,   0.01, 267.4, 265.5,  27.4,  27.5,   1.8,   0.1,  22.55,  24.00,     4.76,  108.68,   64.03, 1255.9,  297.23,  265.56,  292.97,  275.63, 1147.88, 1114.49, 1107.87, 1103.16,   755.1,   0,  GPS,  174.0, 109.10, 114.30, 118.400, 124.575,       ,       ,       ,      ,       ,       ,    3.5,       ,      ,       ,      ,      ,   0.0, 3DDiff, 3704,      ,     10,  11.5,     16
2012-10-17, 12:43:21,  -05:00,       ,   47.9524040,  -97.1682205,   829.6, 29.09,   843.2,   9.8,   0.00,   3.65,   32.57,   2.15,  -0.13,  -0.00,  -0.06, 267.0, 264.9,  27.3,  27.4,   1.7,   0.0,  22.57,  24.00,    10.64,  108.73,   74.89, 1862.1,  297.59,  265.99,  293.33,  276.07, 1148.07, 1117.02, 1113.17, 1106.91,   755.3,   0,  GPS,  174.0, 109.10, 114.30, 118.400, 124.575,       ,       ,       ,      ,       ,       ,    3.5,       ,      ,       ,      ,      ,   0.0, 3DDiff, 3704,      ,     10,  11.5,     16
2012-10-17, 12:43:22,  -05:00,       ,   47.9524002,  -97.1682663,   831.6, 29.09,   843.4,   9.8,   0.00,   6.28,   97.00,   2.43,  -0.22,   0.00,   0.06, 266.4, 264.9,  27.4,  27.4,   1.7,  -0.0,  22.66,  24.00,    14.46,  108.78,   79.38, 2203.0,  297.59,  265.97,  293.32,  276.12, 1158.71, 1127.31, 1129.29, 1117.21,   755.6,   0,  GPS,  174.0, 109.10, 114.30, 118.400, 124.575,       ,       ,       ,      ,       ,       ,    3.5,       ,      ,       ,      ,      ,   0.0, 3DDiff, 3704,      ,     10,  11.5,     16
2012-10-17, 12:43:23,  -05:00,       ,   47.9524002,  -97.1683273,   830.6, 29.09,   842.8,   9.8,   1.31,   9.49,   68.13,   2.12,  -0.19,   0.01,  -0.08, 266.7, 265.4,  27.4,  27.4,   1.7,   0.0,  22.72,  24.00,    14.64,  108.83,   79.59, 2283.7,  297.50,  265.97,  293.32,  276.10, 1168.31, 1138.55, 1146.35, 1128.52,   754.9,   0,  GPS,  174.0, 109.10, 114.30, 118.400, 124.575,       ,       ,       ,      ,       ,       ,    3.5,       ,      ,       ,      ,      ,   0.0, 3DDiff, 3704,      ,     10,  11.5,     16
2012-10-17, 12:43:24,  -05:00,       ,   47.9524002,  -97.1684189,   829.6, 29.09,   842.0,   9.8,  23.56,  12.77,   13.93,   2.77,  -0.10,   0.02,   0.10, 266.9, 266.2,  27.3,  27.4,   1.7,   0.0,  22.72,  24.00,    14.65,  108.87,   79.60, 2293.4,  297.46,  266.00,  293.36,  276.10, 1177.34, 1149.52, 1160.41, 1138.48,   754.2,  24,  GPS,  174.0, 109.10, 114.30, 118.400, 124.575,       ,       ,       ,      ,       ,       ,    3.5,       ,      ,       ,      ,      ,   0.0, 3DDiff, 3704,      ,     10,  11.5,     16
2012-10-17, 12:43:25,  -05:00,       ,   47.9524002,  -97.1685486,   826.6, 29.09,   840.2,   9.8,  26.36,  16.06,  -59.83,   2.59,  -0.01,   0.03,  -0.03, 266.2, 266.6,  27.4,  27.5,   1.8,   0.1,  22.80,  24.00,    14.74,  108.91,   80.15, 2303.9,  297.46,  266.12,  293.40,  276.12, 1185.94, 1160.21, 1171.45, 1147.79,   752.4,  27,  GPS,  174.0, 109.10, 114.30, 118.400, 124.575,       ,       ,       ,      ,       ,       ,    3.5,       ,      ,       ,      ,      ,   0.0, 3DDiff, 3704,      ,     10,  11.5,     16
2012-10-17, 12:43:26,  -05:00,       ,   47.9524002,  -97.1686783,   823.6, 29.09,   840.1,   9.8,  28.61,  19.24, -118.68,   2.57,  -0.18,   0.01,  -0.03, 266.3, 266.2,  27.4,  27.4,   1.7,   0.0,  22.82,  24.00,    14.76,  108.95,   79.99, 2309.3,  297.56,  266.29,  293.53,  276.27, 1193.66, 1169.93, 1181.18, 1155.80,   752.2,  29,  GPS,  174.0, 109.10, 114.30, 118.400, 124.575,       ,       ,       ,      ,       ,       ,    3.5,       ,      ,       ,      ,      ,   0.0, 3DDiff, 3704,      ,     10,  11.5,     16
2012-10-17, 12:43:27,  -05:00,       ,   47.9524002,  -97.1688232,   823.6, 29.09,   839.8,   9.8,  33.21,  22.35, -107.81,   2.38,  -0.32,   0.05,  -0.05, 267.1, 266.3,  27.4,  27.5,   1.8,   0.0,  22.87,  24.00,    14.72,  108.99,   79.53, 2310.9,  297.65,  266.49,  293.71,  276.37, 1200.21, 1177.82, 1189.28, 1160.98,   752.0,  34,  GPS,  174.0, 109.10, 114.30, 118.400, 124.575,       ,       ,       ,      ,       ,       ,    3.5,       ,      ,       ,      ,      ,   0.0, 3DDiff, 3704,      ,     10,  11.5,     16
2012-10-17, 12:43:28,  -05:00,       ,   47.9524040,  -97.1690140,   823.6, 29.09,   839.6,   9.8,  35.56,  25.35,  -63.32,   2.70,  -0.14,  -0.06,   0.06, 266.8, 267.4,  27.4,  27.5,   1.8,   0.1,  22.82,  24.00,    14.76,  109.04,   79.86, 2305.9,  297.72,  266.71,  293.91,  276.55, 1203.83, 1184.42, 1194.91, 1165.11,   751.7,  36,  GPS,  174.0, 109.10, 114.30, 118.400, 124.575,       ,       ,       ,      ,       ,       ,    3.5,       ,      ,       ,      ,      ,   0.0, 3DDiff, 3704,      ,     10,  12.0,     16
2012-10-17, 12:43:29,  -05:00,       ,   47.9524040,  -97.1692123,   823.6, 29.09,   840.2,   9.8,  37.73,  28.28,  -38.95,   2.55,   0.02,   0.03,  -0.02, 266.6, 267.0,  27.5,  27.5,   1.8,   0.0,  22.95,  24.00,    14.86,  109.10,   79.87, 2310.7,  297.92,  266.97,  294.14,  276.75, 1205.82, 1191.00, 1199.78, 1169.94,   752.3,  38,  GPS,  174.0, 109.10, 114.30, 118.400, 124.575,       ,       ,       ,      ,       ,       ,    3.5,       ,      ,       ,      ,      ,   0.0, 3DDiff, 3704,      ,     10,  11.5,     16
2012-10-17, 12:43:30,  -05:00,       ,   47.9524040,  -97.1694260,   821.6, 29.09,   840.5,   9.8,  38.64,  31.14,  -40.60,   2.63,   0.01,   0.00,  -0.02, 266.4, 266.6,  27.4,  27.4,   1.7,   0.1,  22.97,  24.00,    14.68,  109.16,   78.37, 2311.3,  298.09,  267.32,  294.46,  276.99, 1207.08, 1195.74, 1203.57, 1176.04,   752.7,  39,  GPS,  174.0, 109.10, 114.30, 118.400, 124.575,       ,       ,  12.35, -86.9,       ,       ,    3.5,       ,      ,       ,      ,      ,   0.0, 3DDiff, 3704,      ,     10,  11.5,     16
2012-10-17, 12:43:31,  -05:00,       ,   47.9524040,  -97.1696625,   821.6, 29.09,   842.6,   9.8,  40.67,  33.92,  -45.79,   2.91,  -0.05,   0.04,  -0.01, 266.7, 266.1,  27.4,  27.4,   1.7,  -0.1,  23.08,  24.00,    14.65,  109.22,   79.75, 2321.1,  298.28,  267.65,  294.76,  277.22, 1209.16, 1199.22, 1207.91, 1181.00,   754.8,  41,  GPS,  174.0, 109.10, 114.30, 118.400, 124.575,       ,       ,  12.57, -86.4,       ,       ,    3.5,       ,      ,       ,      ,      ,   3.9, 3DDiff, 3704,      ,     10,  11.5,     16
2012-10-17, 12:43:32,  -05:00,       ,   47.9524040,  -97.1699142,   815.6, 29.09,   842.9,   9.8,  43.92,  36.66, -111.50,   2.82,  -0.16,  -0.04,  -0.05, 266.2, 266.4,  27.4,  27.4,   1.7,   0.0,  23.12,  24.00,    14.74,  109.28,   79.53, 2315.3,  298.49,  268.02,  295.09,  277.51, 1212.14, 1203.09, 1211.85, 1184.89,   755.0,  45,  GPS,  174.0, 109.10, 114.30, 118.400, 124.575,       ,       ,  12.72, -86.0,       ,       ,    3.5,       ,      ,       ,      ,      ,   3.9, 3DDiff, 3704,      ,     10,  11.5,     16
2012-10-17, 12:43:33,  -05:00,       ,   47.9524002,  -97.1701889,   817.6, 29.09,   843.1,   9.5,  45.67,  39.23, -106.78,   3.11,  -0.40,   0.04,  -0.00, 267.3, 265.9,  27.4,  27.4,   1.7,   0.0,  23.22,  24.00,    14.71,  109.35,   79.56, 2316.6,  298.75,  268.41,  295.44,  277.81, 1215.06, 1207.16, 1215.27, 1188.59,   755.2,  47,  GPS,  174.0, 109.10, 114.30, 118.400, 124.575,       ,       ,  12.82, -85.7,       ,       ,    3.5,       ,      ,       ,      ,      ,   0.0, 3DDiff, 3704,      ,     10,  11.5,     16
2012-10-17, 12:43:34,  -05:00,       ,   47.9524040,  -97.1704712,   817.6, 29.09,   843.2,   9.5,  47.98,  41.71,  -45.20,   3.48,  -0.22,  -0.03,  -0.01, 267.6, 266.6,  27.4,  27.5,   1.8,  -0.0,  23.16,  24.00,    14.82,  109.41,   79.30, 2327.9,  299.00,  268.82,  295.83,  278.14, 1217.18, 1210.81, 1218.20, 1191.72,   755.4,  49,  GPS,  174.0, 109.10, 114.30, 118.400, 124.575,       ,       ,  12.87, -85.4,       ,       ,    3.5,       ,      ,       ,      ,      ,   0.0, 3DDiff, 3704,      ,     10,  11.5,     16
2012-10-17, 12:43:35,  -05:00,       ,   47.9524040,  -97.1707840,   815.6, 29.09,   842.8,   9.5,  51.42,  44.10,  -63.63,   3.80,  -0.18,  -0.00,  -0.03, 267.3, 266.5,  27.4,  27.4,   1.8,   0.0,  23.20,  24.00,    14.81,  109.48,   79.44, 2338.3,  299.32,  269.26,  296.24,  278.45, 1217.69, 1213.56, 1221.52, 1194.69,   755.0,  52,  GPS,  174.0, 109.10, 114.30, 118.400, 124.575,       ,       ,  12.87, -85.1,       ,       ,    3.5,       ,      ,       ,      ,      ,   0.0, 3DDiff, 3704,      ,     10,  11.5,     16
2012-10-17, 12:43:36,  -05:00,       ,   47.9524002,  -97.1710968,   813.6, 29.09,   842.0,   9.5,  53.42,  46.28,  -76.22,   4.54,  -0.45,   0.05,   0.02, 269.2, 266.5,  27.4,  27.4,   1.7,  -0.0,  23.22,  24.00,    14.80,  109.54,   79.39, 2346.8,  299.52,  269.66,  296.62,  278.77, 1217.94, 1216.02, 1224.31, 1197.18,   754.2,  54,  GPS,  174.0, 109.10, 114.30, 118.400, 124.575,       ,       ,  12.83, -84.8,       ,       ,    3.5,       ,      ,       ,      ,      ,   3.9, 3DDiff, 3704,      ,     10,  11.5,     16
2012-10-17, 12:43:37,  -05:00,       ,   47.9524040,  -97.1714401,   811.6, 29.09,   840.3,   9.5,  53.75,  48.36,  -92.38,   6.32,  -0.71,   0.00,   0.04, 269.6, 267.4,  27.4,  27.4,   1.7,  -0.0,  23.16,  24.00,    14.90,  109.61,   79.12, 2342.4,  299.82,  270.08,  297.04,  279.16, 1220.35, 1217.60, 1226.44, 1200.23,   752.4,  55,  GPS,  174.0, 109.10, 114.30, 118.400, 124.575,       ,       ,  12.75, -84.5,       ,       ,    3.5,       ,      ,       ,      ,      ,   0.0, 3DDiff, 3704,      ,     10,  11.5,     15
2012-10-17, 12:43:38,  -05:00,       ,   47.9524078,  -97.1717911,   809.6, 29.09,   840.5,   9.5,  52.07,  50.46, -120.21,   5.78,  -2.74,  -0.06,  -0.09, 268.0, 267.2,  27.5,  27.5,   1.8,   0.0,  23.26,  24.00,    14.87,  109.67,   79.16, 2335.9,  300.20,  270.61,  297.52,  279.61, 1224.14, 1219.51, 1227.95, 1203.28,   752.6,  53,  GPS,  174.0, 109.10, 114.30, 118.400, 124.575,       ,       ,  12.63, -84.1,       ,       ,    3.5,       ,      ,       ,      ,      ,  19.7, 3DDiff, 3704,      ,     10,  11.5,     16
2012-10-17, 12:43:39,  -05:00,       ,   47.9524040,  -97.1721420,   807.6, 29.09,   840.5,   9.5,  56.41,  52.39, -118.98,   5.36,   2.54,  -0.03,  -0.05, 265.7, 266.3,  27.4,  27.5,   1.7,   0.0,  23.33,  24.00,    14.95,  109.73,   79.33, 2340.4,  300.57,  271.10,  297.96,  280.02, 1227.47, 1221.45, 1230.33, 1206.15,   752.7,  57,  GPS,  174.0, 109.10, 114.30, 118.400, 124.575,       ,       ,  12.45, -83.7,       ,       ,    3.5,       ,      ,       ,      ,      ,  15.7, 3DDiff, 3704,      ,     10,  11.5,     16
2012-10-17, 12:43:40,  -05:00,       ,   47.9524040,  -97.1725235,   815.6, 29.09,   840.9,   9.5,  61.71,  54.04,   61.18,   6.05,   4.37,  -0.09,   0.08, 266.0, 266.0,  27.4,  27.4,   1.6,   0.1,  23.47,  24.00,    14.92,  109.78,   79.34, 2356.4,  300.87,  271.62,  298.45,  280.42, 1227.59, 1223.85, 1232.36, 1209.62,   753.1,  63,  GPS,  174.0, 109.10, 114.30, 118.400, 124.575,       ,       ,  12.24, -83.3,       ,       ,    3.5,       ,      ,       ,      ,      ,  27.6, 3DDiff, 3704,      ,     10,  11.5,     16
2012-10-17, 12:43:41,  -05:00,       ,   47.9524002,  -97.1728973,   818.6, 29.09,   842.8,   9.2,  63.44,  55.40,  166.06,   6.01,   2.81,   0.01,   0.05, 271.4, 266.1,  27.5,  27.5,   1.7,   0.0,  23.60,  24.00,    15.04,  109.84,   79.45, 2353.9,  301.20,  272.12,  298.92,  280.84, 1227.67, 1226.33, 1233.33, 1212.10,   755.0,  65,  GPS,  174.0, 109.10, 114.30, 118.400, 124.575,       ,       ,  12.02, -83.0,       ,       ,    3.5,       ,      ,       ,      ,      ,  90.6, 3DDiff, 3704,      ,     10,  11.5,     16
2012-10-17, 12:43:42,  -05:00,       ,   47.9524040,  -97.1733017,   808.6, 29.09,   847.7,   9.2,  63.32,  56.60,  -40.26,   5.95,   0.10,   0.06,  -0.05, 273.1, 267.0,  27.4,  27.5,   1.8,   0.0,  23.47,  24.00,    14.95,  109.90,   79.25, 2364.0,  301.51,  272.57,  299.35,  281.20, 1230.26, 1228.65, 1234.68, 1215.11,   759.8,  65,  GPS,  174.0, 109.10, 114.30, 118.400, 124.575,       ,       ,  11.81, -82.6,       ,       ,    3.5,       ,      ,       ,      ,      , 216.5, 3DDiff, 3704,      ,     10,  11.5,     16
2012-10-17, 12:43:43,  -05:00,       ,   47.9524078,  -97.1737061,   818.6, 29.09,   854.6,   9.2,  66.66,  57.58,   28.41,   5.65,  -1.91,  -0.08,  -0.03, 268.3, 267.6,  27.4,  27.4,   1.6,   0.0,  23.41,  24.00,    15.03,  109.95,   79.36, 2367.9,  301.86,  273.03,  299.82,  281.62, 1234.05, 1232.00, 1236.82, 1218.98,   766.8,  68,  GPS,  174.0, 109.10, 114.30, 118.400, 124.575,       ,       ,  11.61, -82.1,       ,       ,    3.5,       ,      ,       ,      ,      , 279.5, 3DDiff, 3704,      ,     10,  11.5,     15
2012-10-17, 12:43:44,  -05:00,       ,   47.9524078,  -97.1741028,   836.6, 29.09,   859.2,   9.2,  68.00,  58.49,  417.24,   6.75,  -1.05,  -0.06,   0.03, 267.2, 266.3,  27.4,  27.4,   1.7,   0.1,  23.52,  24.00,    14.84,  110.00,   79.27, 2379.1,  302.27,  273.60,  300.35,  282.15, 1236.56, 1235.32, 1239.77, 1222.43,   771.3,  69,  GPS,  174.0, 109.10, 114.30, 118.400, 124.575,       ,       ,  11.43, -81.5,       ,       ,    3.5,       ,      ,       ,      ,      , 263.8, 3DDiff, 3704,      ,     10,  11.5,     16
2012-10-17, 12:43:45,  -05:00,       ,   47.9524040,  -97.1744995,   841.6, 29.09,   865.3,   9.2,  67.62,  59.17,  497.19,   8.01,   0.82,  -0.03,   0.04, 268.3, 265.6,  27.4,  27.4,   1.6,   0.0,  23.47,  24.00,    14.88,  110.05,   79.36, 2374.4,  302.61,  274.10,  300.75,  282.53, 1237.21, 1237.65, 1241.79, 1223.99,   777.4,  69,  GPS,  174.0, 109.10, 114.30, 118.400, 124.575,       ,       ,  11.26, -81.0,       ,       ,    3.5,       ,      ,       ,      ,      , 346.5, 3DDiff, 3704,      ,     10,  11.5,     16
2012-10-17, 12:43:46,  -05:00,       ,   47.9524002,  -97.1749191,   846.6, 29.09,   875.2,   9.2,  69.58,  59.34,  463.10,   8.83,   2.20,   0.03,  -0.02, 271.3, 265.4,  27.5,  27.5,   1.8,   0.0,  23.52,  24.00,    14.97,  110.11,   79.50, 2380.2,  302.91,  274.56,  301.19,  282.94, 1238.95, 1239.42, 1242.96, 1224.89,   787.3,  71,  GPS,  174.0, 109.10, 114.30, 118.400, 124.575,       ,       ,  11.11, -80.5,       ,       ,    3.5,       ,      ,       ,      ,      , 543.3, 3DDiff, 3704,      ,     10,  11.5,     16
2012-10-17, 12:43:47,  -05:00,       ,   47.9524002,  -97.1753311,   854.6, 29.09,   883.9,   9.2,  70.05,  59.52,  423.38,   8.79,   0.30,  -0.00,  -0.05, 270.4, 265.9,  27.5,  27.5,   1.8,  -0.0,  23.52,  24.00,    15.00,  110.16,   79.21, 2385.7,  303.28,  275.09,  301.67,  283.41, 1240.85, 1241.79, 1244.92, 1226.86,   796.0,  71,  GPS,  174.0, 109.10, 114.30, 118.400, 124.575,       ,       ,  10.99, -79.9,       ,       ,    3.5,       ,      ,       ,      ,      , 559.1, 3DDiff, 3704,      ,     10,  11.5,     16
2012-10-17, 12:43:48,  -05:00,       ,   47.9523964,  -97.1757507,   869.6, 29.09,   891.0,   9.2,  70.20,  59.95,  569.64,   8.62,   1.41,  -0.03,  -0.11, 269.1, 265.8,  27.5,  27.5,   1.9,   0.1,  23.62,  24.00,    15.02,  110.21,   79.47, 2384.9,  303.70,  275.64,  302.13,  283.85, 1243.99, 1243.79, 1245.92, 1229.42,   803.1,  72,  GPS,  174.0, 109.10, 114.30, 118.400, 124.575,       ,       ,  10.91, -79.3,       ,       ,    3.5,       ,      ,       ,      ,      , 488.2, 3DDiff, 3704,      ,     10,  11.5,     16
2012-10-17, 12:43:49,  -05:00,       ,   47.9523926,  -97.1761551,   880.6, 29.09,   895.7,   9.2,  71.11,  60.59,  652.93,   7.83,   1.59,  -0.04,  -0.06, 268.9, 265.5,  27.5,  27.5,   1.8,   0.1,  23.66,  24.00,    14.95,  110.27,   79.20, 2389.3,  304.12,  276.18,  302.75,  284.41, 1246.29, 1245.01, 1247.24, 1230.48,   807.8,  73,  GPS,  174.0, 109.10, 114.30, 118.400, 124.575,       ,       ,  10.84, -78.6,       ,       ,    3.5,       ,      ,       ,      ,      , 413.4, 3DDiff, 3704,      ,     10,  11.0,     15
2012-10-17, 12:43:50,  -05:00,       ,   47.9523811,  -97.1765823,   883.6, 29.09,   901.1,   9.2,  69.63,  61.60,  527.91,   7.40,   2.37,  -0.00,  -0.09, 268.7, 265.6,  27.5,  27.5,   1.7,  -0.0,  23.66,  24.00,    14.73,  110.34,   79.25, 2397.5,  304.57,  276.82,  303.30,  284.95, 1246.72, 1246.33, 1249.03, 1232.20,   813.3,  71,  GPS,  174.0, 109.10, 114.30, 118.400, 124.575,       ,       ,  10.80, -78.0,       ,       ,    3.5,       ,      ,       ,      ,      , 354.3, 3DDiff, 3704,      ,     10,  11.5,     16
2012-10-17, 12:43:51,  -05:00,       ,   47.9523811,  -97.1770020,   897.6, 29.09,   905.5,   9.2,  73.63,  62.69,  581.67,   6.92,   0.88,  -0.06,  -0.20, 267.4, 265.6,  27.5,  27.5,   1.7,   0.0,  23.71,  24.00,    14.97,  110.40,   78.98, 2391.7,  304.90,  277.32,  303.75,  285.37, 1247.11, 1248.38, 1251.55, 1233.79,   817.6,  75,  GPS,  174.0, 109.10, 114.30, 118.400, 124.575,       ,       ,  10.76, -77.4,       ,       ,    3.5,       ,      ,       ,      ,      , 291.3, 3DDiff, 3704,      ,     10,  11.5,     16
2012-10-17, 12:43:52,  -05:00,       ,   47.9523697,  -97.1774597,   902.6, 29.09,   909.7,   9.2,  74.03,  63.76,  540.76,   6.66,   0.47,  -0.01,  -0.00, 269.0, 264.9,  27.5,  27.5,   1.7,   0.0,  23.81,  24.00,    14.97,  110.46,   78.69, 2394.3,  305.29,  277.83,  304.25,  285.87, 1247.82, 1250.49, 1253.69, 1234.77,   821.8,  76,  GPS,  174.0, 109.10, 114.30, 118.400, 124.575,       ,       ,  10.74, -76.8,       ,       ,    3.5,       ,      ,       ,      ,      , 259.8, 3DDiff, 3704,      ,     10,  11.5,     16
2012-10-17, 12:43:53,  -05:00,       ,   47.9523659,  -97.1779022,   900.6, 29.09,   915.7,   9.2,  74.21,  65.00,  291.07,   7.09,  -1.35,  -0.03,   0.10, 268.9, 264.8,  27.4,  27.5,   1.7,   0.0,  23.77,  24.00,    14.84,  110.53,   79.22, 2399.3,  305.70,  278.42,  304.72,  286.33, 1248.87, 1252.20, 1255.11, 1236.08,   827.8,  76,  GPS,  174.0, 109.10, 114.30, 118.400, 124.575,       ,       ,  10.73, -76.2,       ,       ,    3.5,       ,      ,       ,      ,      , 315.0, 3DDiff, 3704,      ,     10,  11.5,     16
2012-10-17, 12:43:54,  -05:00,       ,   47.9523506,  -97.1783676,   910.6, 29.09,   920.8,   9.0,  77.22,  65.97,  315.49,   6.72,   1.88,  -0.01,  -0.03, 267.6, 264.0,  27.4,  27.4,   1.6,   0.0,  23.92,  24.00,    15.09,  110.59,   79.11, 2421.3,  306.13,  278.93,  305.25,  286.86, 1250.17, 1253.94, 1256.99, 1237.91,   832.9,  79,  GPS,  174.0, 109.10, 114.30, 118.400, 124.575,       ,       ,  10.74, -75.7,       ,       ,    3.5,       ,      ,       ,      ,      , 248.0, 3DDiff, 3704,      ,     10,  11.5,     16
2012-10-17, 12:43:55,  -05:00,       ,   47.9523392,  -97.1788177,   915.6, 29.09,   926.5,   9.0,  79.11,  66.75,  351.31,   6.31,   1.10,  -0.02,   0.04, 268.0, 263.8,  27.3,  27.4,   1.6,   0.0,  23.96,  24.00,    14.92,  110.66,   78.94, 2419.5,  306.47,  279.51,  305.73,  287.35, 1251.71, 1255.63, 1258.00, 1239.81,   838.7,  81,  GPS,  174.0, 109.10, 114.30, 118.400, 124.575,       ,       ,  10.78, -75.1,       ,       ,    3.5,       ,      ,       ,      ,      , 224.4, 3DDiff, 3704,      ,     10,  11.5,     16
2012-10-17, 12:43:56,  -05:00,       ,   47.9523239,  -97.1792831,   917.6, 29.09,   932.4,   9.0,  79.14,  67.59,  248.72,   6.88,  -1.33,  -0.09,  -0.07, 267.9, 263.7,  27.4,  27.4,   1.5,  -0.0,  24.00,  24.00,    15.00,  110.73,   79.05, 2431.0,  306.82,  280.03,  306.23,  287.84, 1253.63, 1258.38, 1259.15, 1242.11,   844.6,  81,  GPS,  174.0, 109.10, 114.30, 118.400, 124.575,       ,       ,  10.84, -74.6,       ,       ,    3.5,       ,      ,       ,      ,      , 326.8, 3DDiff, 3704,      ,     10,  11.5,     16
2012-10-17, 12:43:57,  -05:00,       ,   47.9523048,  -97.1797409,   924.6, 29.09,   938.6,   9.0,  80.62,  68.27,  305.30,   7.01,   3.30,   0.01,   0.10, 268.2, 263.3,  27.4,  27.4,   1.6,   0.0,  24.00,  24.00,    15.18,  110.80,   79.34, 2433.1,  307.23,  280.63,  306.69,  288.34, 1256.05, 1260.56, 1261.48, 1244.53,   850.7,  82,  GPS,  174.0, 109.10, 114.30, 118.400, 124.575,       ,       ,  10.92, -74.0,       ,       ,    3.5,       ,      ,       ,      ,      , 354.3, 3DDiff, 3704,      ,     10,  11.5,     16
2012-10-17, 12:43:58,  -05:00,       ,   47.9522858,  -97.1802292,   932.6, 29.09,   947.5,   9.0,  81.73,  68.77,  325.50,   7.20,   2.21,  -0.03,  -0.05, 268.0, 263.6,  27.4,  27.4,   1.6,   0.1,  24.00,  24.00,    15.14,  110.87,   79.10, 2433.3,  307.55,  281.10,  307.10,  288.77, 1257.39, 1262.94, 1262.84, 1247.01,   859.7,  83,  GPS,  174.0, 109.10, 114.30, 118.400, 124.575,       ,       ,  11.03, -73.5,       ,       ,    3.5,       ,      ,       ,      ,      , 496.1, 3DDiff, 3704,      ,     10,  11.5,     16
2012-10-17, 12:43:59,  -05:00,       ,   47.9522705,  -97.1807022,   940.6, 29.09,   954.5,   9.0,  80.75,  69.12,  429.05,   8.55,   0.57,   0.00,   0.12, 269.5, 263.7,  27.3,  27.4,   1.4,   0.2,  24.00,  24.00,    15.10,  110.95,   79.01, 2438.1,  307.95,  281.64,  307.61,  289.24, 1258.66, 1264.60, 1263.07, 1249.32,   866.7,  82,  GPS,  174.0, 109.10, 114.30, 118.400, 124.575,       ,       ,  11.17, -73.0,       ,       ,    3.5,       ,      ,       ,      ,      , 468.5, 3DDiff, 3704,      ,     10,  11.5,     16
2012-10-17, 12:44:00,  -05:00,       ,   47.9522552,  -97.1811905,   945.6, 29.09,   963.2,   9.0,  80.55,  69.22,  383.80,   9.18,   3.23,  -0.04,   0.11, 268.8, 263.8,  27.5,  27.6,   1.8,  -0.0,  23.92,  24.00,    15.21,  111.03,   79.21, 2426.8,  308.35,  282.20,  308.08,  289.77, 1260.66, 1266.05, 1264.55, 1250.62,   875.4,  82,  GPS,  174.0, 109.10, 114.30, 118.400, 124.575,       ,       ,  11.32, -72.5,       ,       ,    3.5,       ,      ,       ,      ,      , 563.0, 3DDiff, 3704,      ,     10,  11.5,     16
2012-10-17, 12:44:01,  -05:00,       ,   47.9522400,  -97.1816635,   958.6, 29.09,   973.6,   9.0,  81.32,  68.93,  510.10,   9.73,  -0.63,  -0.05,  -0.02, 269.8, 263.9,  27.5,  27.5,   1.8,   0.0,  23.96,  24.00,    15.16,  111.11,   79.00, 2427.7,  308.66,  282.77,  308.59,  290.30, 1261.93, 1267.95, 1265.49, 1251.45,   885.8,  83,  GPS,  174.0, 109.10, 114.30, 118.400, 124.575,       ,       ,  11.49, -72.0,       ,       ,    3.5,       ,      ,       ,      ,      , 720.5, 3DDiff, 3704,      ,     10,  11.0,     16
2012-10-17, 12:44:02,  -05:00,       ,   47.9522247,  -97.1821442,   968.6, 29.09,   986.5,   9.0,  79.65,  68.62,  557.28,   9.76,   2.05,  -0.02,   0.03, 271.1, 263.9,  27.4,  27.5,   1.8,   0.1,  24.00,  24.00,    15.13,  111.19,   79.02, 2427.6,  309.07,  283.32,  309.07,  290.76, 1262.06, 1269.47, 1267.17, 1252.11,   898.6,  81,  GPS,  174.0, 109.10, 114.30, 118.400, 124.575,       ,       ,  11.67, -71.4,       ,       ,    3.5,       ,      ,       ,      ,      , 752.0, 3DDiff, 3704,      ,     10,  11.0,     16
2012-10-17, 12:44:03,  -05:00,       ,   47.9522133,  -97.1826324,   978.6, 29.09,  1000.1,   9.0,  79.15,  68.29,  580.40,   9.66,   1.14,  -0.00,   0.09, 271.2, 264.3,  27.5,  27.5,   1.8,   0.1,  24.00,  24.00,    15.14,  111.28,   78.88, 2429.7,  309.42,  283.92,  309.59,  291.29, 1263.21, 1270.17, 1268.60, 1253.27,   912.3,  81,  GPS,  174.0, 109.10, 114.30, 118.400, 124.575,       ,       ,  11.86, -70.7,       ,       ,    3.5,       ,      ,       ,      ,      , 799.2, 3DDiff, 3704,      ,     10,  11.5,     16
2012-10-17, 12:44:05,  -05:00,       ,   47.9521942,  -97.1835327,  1012.6, 29.09,  1027.6,   9.0,  81.18,  67.45,  870.57,   9.94,  -0.18,  -0.01,   0.03, 270.0, 264.4,  27.5,  27.5,   1.7,   0.0,  23.96,  24.00,    15.19,  111.44,   79.12, 2429.3,  310.13,  284.96,  310.48,  292.27, 1264.55, 1272.28, 1269.44, 1252.60,   939.8,  83,  GPS,  174.0, 109.10, 114.30, 118.400, 124.575,       ,       ,  12.27, -69.3,       ,       ,    3.6,       ,      ,       ,      ,      , 838.6, 3DDiff, 3704,      ,     10,  11.5,     16
2012-10-17, 12:44:06,  -05:00,       ,   47.9521790,  -97.1839676,  1023.6, 29.09,  1042.4,   9.0,  79.62,  67.02,  848.22,   9.58,   0.79,  -0.03,  -0.00, 268.7, 264.2,  27.5,  27.5,   1.7,   0.0,  23.92,  24.00,    15.23,  111.52,   78.86, 2430.6,  310.53,  285.56,  310.99,  292.83, 1265.48, 1272.31, 1270.12, 1252.84,   954.7,  81,  GPS,  174.0, 109.10, 114.30, 118.400, 124.575,       ,       ,  12.48, -68.7,       ,       ,    3.6,       ,      ,       ,      ,      , 858.3, 3DDiff, 3704,      ,     10,  11.5,     16
2012-10-17, 12:44:07,  -05:00,       ,   47.9521675,  -97.1844482,  1039.6, 29.09,  1057.3,   9.0,  79.17,  66.79,  841.85,   9.58,   3.21,  -0.07,  -0.02, 267.4, 264.2,  27.5,  27.5,   1.8,   0.1,  23.92,  24.00,    15.04,  111.60,   78.89, 2429.8,  310.93,  286.13,  311.47,  293.31, 1265.79, 1272.72, 1270.84, 1253.23,   969.6,  81,  GPS,  174.0, 109.10, 114.30, 118.400, 124.575,       ,       ,  12.69, -68.1,       ,       ,    3.6,       ,      ,       ,      ,      , 787.4, 3DDiff, 3704,      ,     10,  11.0,     16
2012-10-17, 12:44:08,  -05:00,       ,   47.9521599,  -97.1849213,  1055.6, 29.09,  1069.5,   9.0,  78.68,  66.59,  924.32,   8.79,  -2.02,  -0.01,  -0.02, 269.7, 264.0,  27.4,  27.5,   1.7,   0.1,  23.96,  24.00,    15.08,  111.68,   78.82, 2428.2,  311.21,  286.63,  311.91,  293.81, 1264.79, 1273.08, 1271.63, 1252.73,   981.9,  81,  GPS,  174.0, 109.10, 114.30, 118.400, 124.575,       ,       ,  12.90, -67.6,       ,       ,    3.6,       ,      ,       ,      ,      , 724.4, 3DDiff, 3704,      ,     10,  11.5,     16
2012-10-17, 12:44:09,  -05:00,       ,   47.9521408,  -97.1853638,  1059.6, 29.09,  1080.4,   9.0,  77.07,  66.75,  711.90,   8.71,  -1.15,  -0.01,  -0.02, 269.6, 263.7,  27.3,  27.4,   1.5,   0.0,  23.81,  24.00,    15.12,  111.76,   78.64, 2420.6,  311.60,  287.14,  312.36,  294.28, 1264.95, 1273.69, 1271.91, 1251.92,   992.7,  79,  GPS,  174.0, 109.10, 114.30, 118.400, 124.575,       ,       ,  13.10, -67.1,       ,       ,    3.6,       ,      ,       ,      ,      , 657.5, 3DDiff, 3704,      ,     10,  11.5,     16
2012-10-17, 12:44:10,  -05:00,       ,   47.9521255,  -97.1858292,  1071.6, 29.09,  1090.4,   9.0,  78.79,  66.94,  636.95,   8.12,   2.53,  -0.04,  -0.08, 267.7, 263.4,  27.4,  27.4,   1.7,   0.0,  23.81,  24.00,    15.06,  111.85,   78.82, 2426.8,  311.88,  287.67,  312.79,  294.78, 1264.37, 1273.92, 1270.87, 1251.83,  1002.7,  81,  GPS,  174.0, 109.10, 114.30, 118.400, 124.575,       ,       ,  13.28, -66.7,       ,       ,    3.6,       ,      ,       ,      ,      , 598.4, 3DDiff, 3704,      ,     10,  11.5,     16
2012-10-17, 12:44:11,  -05:00,       ,   47.9521103,  -97.1862869,  1087.6, 29.09,  1098.6,   8.8,  81.34,  66.98,  753.22,   9.22,   3.36,  -0.02,   0.03, 268.4, 263.3,  27.4,  27.5,   1.7,   0.0,  23.81,  24.00,    15.17,  111.93,   78.88, 2433.8,  312.24,  288.21,  313.19,  295.25, 1262.92, 1273.45, 1268.86, 1251.51,  1010.9,  83,  GPS,  174.0, 109.10, 114.30, 118.400, 124.575,       ,       ,  13.46, -66.3,       ,       ,    3.6,       ,      ,       ,      ,      , 531.5, 3DDiff, 3704,      ,     10,  11.5,     16
2012-10-17, 12:44:12,  -05:00,       ,   47.9520950,  -97.1867676,  1091.6, 29.09,  1107.2,   8.8,  78.82,  66.87,  624.39,   9.01,   2.82,   0.01,   0.03, 269.5, 263.8,  27.4,  27.4,   1.7,   0.0,  23.71,  24.00,    15.16,  112.01,   78.57, 2424.2,  312.51,  288.67,  313.60,  295.66, 1263.46, 1272.59, 1268.00, 1251.81,  1019.4,  81,  GPS,  174.0, 109.10, 114.30, 118.400, 124.575,       ,       ,  13.64, -65.9,       ,       ,    3.6,       ,      ,       ,      ,      , 543.3, 3DDiff, 3704,      ,     10,  11.5,     16
2012-10-17, 12:44:13,  -05:00,       ,   47.9520836,  -97.1872025,  1098.6, 29.09,  1116.7,   8.8,  78.91,  66.83,  505.36,   8.04,   1.13,   0.02,  -0.11, 269.5, 264.2,  27.4,  27.4,   1.6,   0.1,  23.73,  24.00,    15.15,  112.10,   78.84, 2429.1,  312.85,  289.24,  314.06,  296.20, 1263.15, 1272.15, 1267.50, 1252.56,  1028.9,  81,  GPS,  174.0, 109.10, 114.30, 118.400, 124.575,       ,       ,  13.82, -65.6,       ,       ,    3.6,       ,      ,       ,      ,      , 637.8, 3DDiff, 3704,      ,     10,  11.0,     16
2012-10-17, 12:44:14,  -05:00,       ,   47.9520721,  -97.1876678,  1111.6, 29.09,  1128.2,   8.8,  80.22,  66.85,  561.23,  10.49,   2.89,  -0.02,   0.11, 269.5, 264.4,  27.4,  27.4,   1.5,   0.0,  23.66,  24.00,    15.16,  112.18,   78.58, 2426.1,  313.19,  289.78,  314.45,  296.66, 1262.98, 1271.80, 1268.30, 1253.12,  1040.5,  82,  GPS,  174.0, 109.10, 114.30, 118.400, 124.575,       ,       ,  13.99, -65.3,       ,       ,    3.6,       ,      ,       ,      ,      , 692.9, 3DDiff, 3704,      ,     10,  11.5,     16
2012-10-17, 12:44:15,  -05:00,       ,   47.9520607,  -97.1881104,  1124.6, 29.09,  1143.5,   8.8,  81.95,  66.13,  651.77,  11.63,   2.52,  -0.02,   0.19, 269.6, 264.8,  27.4,  27.4,   1.6,   0.0,  23.62,  24.00,    14.97,  112.27,   78.48, 2442.7,  313.46,  290.22,  314.82,  297.05, 1262.58, 1272.00, 1267.51, 1253.14,  1055.7,  84,  GPS,  174.0, 109.10, 114.30, 118.400, 124.575,       ,       ,  14.16, -65.1,       ,       ,    3.6,       ,      ,       ,      ,      , 917.3, 3DDiff, 3704,      ,     10,  11.5,     16
2012-10-17, 12:44:16,  -05:00,       ,   47.9520569,  -97.1885757,  1140.6, 29.09,  1163.5,   8.8,  80.70,  64.98,  744.27,  11.27,   5.00,  -0.02,  -0.22, 269.4, 265.7,  27.4,  27.5,   1.7,   0.0,  23.60,  24.00,    15.20,  112.35,   78.96, 2441.9,  313.79,  290.77,  315.28,  297.60, 1263.73, 1271.99, 1266.35, 1252.88,  1075.8,  83,  GPS,  174.0, 109.10, 114.30, 118.400, 124.575,       ,       ,  14.34, -64.9,       ,       ,    3.6,       ,      ,       ,      ,      , 1153.5, 3DDiff, 3704,      ,     10,  11.5,     16
2012-10-17, 12:44:17,  -05:00,       ,   47.9520645,  -97.1890030,  1166.6, 29.09,  1182.4,   8.8,  80.72,  63.97, 1033.14,  11.94,   2.86,  -0.00,  -0.09, 271.0, 266.4,  27.4,  27.5,   1.7,   0.1,  23.66,  24.00,    15.14,  112.44,   78.40, 2439.3,  314.14,  291.34,  315.75,  298.09, 1263.70, 1272.15, 1266.80, 1253.78,  1094.6,  83,  GPS,  174.0, 109.10, 114.30, 118.400, 124.575,       ,       ,  14.54, -64.8,       ,       ,    3.6,       ,      ,       ,      ,      , 1090.5, 3DDiff, 3704,      ,     10,  11.5,     16
2012-10-17, 12:44:18,  -05:00,       ,   47.9520645,  -97.1894531,  1180.6, 29.09,  1199.8,   8.8,  79.14,  63.04, 1077.32,  11.46,  -1.05,  -0.00,  -0.11, 272.2, 266.6,  27.4,  27.4,   1.6,   0.0,  23.56,  24.00,    15.12,  112.53,   78.51, 2435.6,  314.43,  291.78,  316.08,  298.48, 1263.88, 1272.00, 1268.10, 1252.87,  1112.1,  81,  GPS,  174.0, 109.10, 114.30, 118.400, 124.575,       ,       ,  14.74, -64.7,       ,       ,    3.6,       ,      ,       ,      ,      , 980.3, 3DDiff, 3704,      ,     10,  11.5,     16
2012-10-17, 12:44:19,  -05:00,       ,   47.9520645,  -97.1898804,  1193.6, 29.09,  1215.0,   8.8,  77.63,  62.32,  983.98,  11.09,   1.15,  -0.00,  -0.11, 271.5, 266.5,  27.4,  27.4,   1.6,  -0.0,  23.56,  24.00,    15.01,  112.62,   78.16, 2423.2,  314.67,  292.24,  316.41,  298.89, 1263.59, 1271.49, 1268.16, 1251.45,  1127.3,  80,  GPS,  174.0, 109.10, 114.30, 118.400, 124.575,       ,       ,  14.95, -64.7,       ,       ,    3.6,       ,      ,       ,      ,      , 838.6, 3DDiff, 3704,      ,     10,  11.0,     16
2012-10-17, 12:44:20,  -05:00,       ,   47.9520645,  -97.1902771,  1209.6, 29.09,  1225.8,   8.8,  76.75,  61.75,  947.79,  11.09,   0.33,  -0.04,  -0.07, 270.6, 266.3,  27.4,  27.4,   1.6,  -0.0,  23.62,  24.00,    14.99,  112.70,   78.07, 2417.0,  314.86,  292.72,  316.79,  299.33, 1263.94, 1271.35, 1267.52, 1250.21,  1138.1,  79,  GPS,  174.0, 109.10, 114.30, 118.400, 124.575,       ,       ,  15.17, -64.7,       ,       ,    3.6,       ,      ,       ,      ,      , 696.8, 3DDiff, 3704,      ,     10,  11.5,     16
2012-10-17, 12:44:21,  -05:00,       ,   47.9520569,  -97.1907043,  1219.6, 29.09,  1236.1,   8.8,  75.43,  61.39,  850.53,  10.07,   2.00,  -0.06,   0.05, 270.8, 265.8,  27.4,  27.4,   1.6,   0.1,  23.62,  24.00,    14.95,  112.79,   78.11, 2408.6,  315.18,  293.17,  317.11,  299.77, 1263.07, 1271.56, 1266.80, 1249.88,  1148.4,  77,  GPS,  174.0, 109.10, 114.30, 118.400, 124.575,       ,       ,  15.37, -64.8,       ,       ,    3.6,       ,      ,       ,      ,      , 614.2, 3DDiff, 3704,      ,     10,  11.5,     16
2012-10-17, 12:44:22,  -05:00,       ,   47.9520531,  -97.1911316,  1228.6, 29.09,  1247.9,   8.8,  75.47,  61.29,  718.46,   9.04,   0.79,  -0.00,   0.01, 271.7, 265.6,  27.4,  27.4,   1.6,   0.0,  23.71,  24.00,    14.98,  112.89,   78.01, 2413.1,  315.45,  293.70,  317.52,  300.23, 1262.69, 1271.04, 1265.75, 1249.09,  1160.1,  77,  GPS,  174.0, 109.10, 114.30, 118.400, 124.575,       ,       ,  15.57, -64.8,       ,       ,    3.6,       ,      ,       ,      ,      , 673.2, 3DDiff, 3704,      ,     10,  11.5,     16
2012-10-17, 12:44:23,  -05:00,       ,   47.9520531,  -97.1915665,  1238.6, 29.09,  1257.5,   8.8,  75.13,  61.46,  629.31,   9.40,   1.63,  -0.03,  -0.04, 272.2, 265.7,  27.4,  27.4,   1.5,   0.0,  23.71,  24.00,    14.85,  112.98,   78.17, 2412.8,  315.70,  294.17,  317.83,  300.65, 1262.73, 1270.62, 1265.41, 1248.35,  1169.8,  77,  GPS,  174.0, 109.10, 114.30, 118.400, 124.575,       ,       ,  15.76, -64.9,       ,       ,    3.6,       ,      ,       ,      ,      , 629.9, 3DDiff, 3704,      ,     10,  11.5,     16
2012-10-17, 12:44:24,  -05:00,       ,   47.9520454,  -97.1919861,  1247.6, 29.09,  1266.7,   8.8,  74.83,  61.64,  614.77,   9.36,   0.70,   0.01,  -0.04, 272.7, 265.6,  27.4,  27.4,   1.6,  -0.0,  23.73,  24.00,    14.91,  113.07,   78.05, 2409.0,  315.95,  294.63,  318.21,  301.09, 1262.83, 1270.04, 1266.51, 1249.18,  1178.9,  77,  GPS,  174.0, 109.10, 114.30, 118.400, 124.575,       ,       ,  15.94, -64.9,       ,       ,    3.6,       ,      ,       ,      ,      , 586.6, 3DDiff, 3704,      ,     10,  11.5,     16
2012-10-17, 12:44:25,  -05:00,       ,   47.9520454,  -97.1924438,  1256.6, 29.09,  1277.0,   8.5,  76.16,  61.75,  533.99,   9.47,   1.85,  -0.01,  -0.00, 270.9, 265.7,  27.4,  27.4,   1.6,  -0.1,  23.66,  24.00,    14.89,  113.17,   78.25, 2417.1,  316.24,  295.13,  318.59,  301.48, 1263.02, 1270.15, 1266.74, 1249.32,  1189.3,  78,  GPS,  174.0, 109.10, 114.30, 118.400, 124.575,       ,       ,  16.11, -64.9,       ,       ,    3.6,       ,      ,       ,      ,      , 637.8, 3DDiff, 3704,      ,     10,  11.5,     16
2012-10-17, 12:44:27,  -05:00,       ,   47.9520378,  -97.1932602,  1287.6, 29.09,  1300.2,   8.5,  79.04,  61.33,  779.23,   9.56,   0.88,  -0.05,  -0.03, 270.4, 265.4,  27.4,  27.4,   1.7,   0.1,  23.73,  24.00,    15.05,  113.34,   78.13, 2418.9,  316.73,  296.01,  319.22,  302.34, 1261.83, 1271.20, 1265.99, 1249.23,  1212.5,  81,  GPS,  174.0, 109.10, 114.30, 118.400, 124.575,       ,       ,  16.46, -64.9,       ,       ,    3.6,       ,      ,       ,      ,      , 740.2, 3DDiff, 3704,      ,     10,  11.5,     16
2012-10-17, 12:44:28,  -05:00,       ,   47.9520264,  -97.1936722,  1297.6, 29.09,  1311.2,   8.5,  77.49,  61.21,  777.31,   9.28,   0.91,   0.00,   0.03, 271.5, 265.1,  27.3,  27.3,   1.5,   0.0,  23.73,  24.00,    15.11,  113.44,   78.17, 2429.8,  316.97,  296.47,  319.50,  302.75, 1262.39, 1272.08, 1264.36, 1250.25,  1223.4,  80,  GPS,  174.0, 109.10, 114.30, 118.400, 124.575,       ,       ,  16.65, -65.0,       ,       ,    3.6,       ,      ,       ,      ,      , 681.1, 3DDiff, 3704,      ,     10,  11.5,     16
2012-10-17, 12:44:29,  -05:00,       ,   47.9520226,  -97.1941071,  1306.6, 29.09,  1322.0,   8.5,  76.58,  61.31,  672.54,   8.85,   2.37,  -0.04,  -0.10, 271.1, 265.2,  27.4,  27.4,   1.5,  -0.0,  23.81,  24.00,    14.92,  113.54,   78.10, 2418.7,  317.20,  296.91,  319.89,  303.20, 1263.92, 1272.47, 1263.29, 1250.45,  1234.3,  79,  GPS,  174.0, 109.10, 114.30, 118.400, 124.575,       ,       ,  16.84, -65.1,       ,       ,    3.6,       ,      ,       ,      ,      , 633.9, 3DDiff, 3704,      ,     10,  11.5,     16
2012-10-17, 12:44:30,  -05:00,       ,   47.9520149,  -97.1945190,  1318.6, 29.09,  1330.9,   8.5,  76.98,  61.44,  681.72,   8.93,   2.16,  -0.01,  -0.03, 271.3, 265.1,  27.5,  27.5,   1.8,   0.0,  23.81,  24.00,    14.92,  113.64,   77.94, 2419.1,  317.44,  297.38,  320.18,  303.58, 1264.75, 1272.17, 1264.21, 1250.78,  1243.1,  79,  GPS,  174.0, 109.10, 114.30, 118.400, 124.575,       ,       ,  17.02, -65.2,       ,       ,    3.6,       ,      ,       ,      ,      , 523.6, 3DDiff, 3704,      ,     10,  11.5,     16
2012-10-17, 12:44:31,  -05:00,       ,   47.9520111,  -97.1949463,  1322.6, 29.09,  1340.4,   8.5,  76.43,  61.60,  540.93,   8.91,   3.00,  -0.04,  -0.03, 271.1, 265.6,  27.4,  27.4,   1.6,   0.1,  23.73,  24.00,    14.88,  113.73,   77.68, 2411.2,  317.66,  297.81,  320.55,  303.99, 1263.97, 1272.09, 1265.61, 1251.37,  1252.6,  78,  GPS,  174.0, 109.10, 114.30, 118.400, 124.575,       ,       ,  17.20, -65.2,       ,       ,    3.6,       ,      ,       ,      ,      , 484.3, 3DDiff, 3704,      ,     10,  11.5,     16
2012-10-17, 12:44:32,  -05:00,       ,   47.9520111,  -97.1953735,  1333.6, 29.09,  1349.0,   8.5,  76.87,  61.64,  541.91,  10.00,   2.09,  -0.03,  -0.01, 271.9, 265.9,  27.4,  27.4,   1.6,   0.0,  23.77,  24.00,    14.98,  113.83,   77.88, 2420.0,  317.93,  298.30,  320.86,  304.47, 1264.41, 1271.44, 1266.76, 1252.05,  1261.2,  79,  GPS,  174.0, 109.10, 114.30, 118.400, 124.575,       ,       ,  17.37, -65.3,       ,       ,    3.6,       ,      ,       ,      ,      , 500.0, 3DDiff, 3704,      ,     10,  11.5,     16
2012-10-17, 12:44:33,  -05:00,       ,   47.9520073,  -97.1957932,  1338.6, 29.09,  1359.3,   8.5,  75.68,  61.46,  472.00,  10.82,   0.86,  -0.01,   0.00, 272.4, 266.1,  27.4,  27.4,   1.7,   0.0,  23.77,  24.00,    14.83,  113.93,   77.91, 2414.8,  318.18,  298.76,  321.20,  304.83, 1265.26, 1271.09, 1266.10, 1251.95,  1271.6,  78,  GPS,  174.0, 109.10, 114.30, 118.400, 124.575,       ,       ,  17.52, -65.3,       ,       ,    3.6,       ,      ,       ,      ,      , 594.5, 3DDiff, 3704,      ,     10,  11.5,     16
2012-10-17, 12:44:34,  -05:00,       ,   47.9520073,  -97.1962204,  1344.6, 29.09,  1371.2,   8.5,  74.26,  61.05,  414.19,  11.47,   1.54,   0.01,  -0.01, 272.1, 266.1,  27.4,  27.4,   1.7,  -0.0,  23.77,  24.00,    14.94,  114.02,   78.06, 2417.2,  318.34,  299.11,  321.42,  305.20, 1265.06, 1271.57, 1265.62, 1251.14,  1283.5,  76,  GPS,  174.0, 109.10, 114.30, 118.400, 124.575,       ,       ,  17.66, -65.4,       ,       ,    3.6,       ,      ,       ,      ,      , 689.0, 3DDiff, 3704,      ,     10,  11.5,     16
2012-10-17, 12:44:35,  -05:00,       ,   47.9520073,  -97.1966400,  1358.6, 29.09,  1382.6,   8.5,  73.85,  60.59,  520.59,  10.83,   1.18,  -0.01,   0.01, 271.0, 266.3,  27.5,  27.5,   1.7,   0.1,  23.73,  24.00,    14.77,  114.11,   77.66, 2415.7,  318.57,  299.57,  321.72,  305.59, 1263.24, 1271.50, 1264.26, 1250.03,  1294.9,  76,  GPS,  174.0, 109.10, 114.30, 118.400, 124.575,       ,       ,  17.77, -65.4,       ,       ,    3.6,       ,      ,       ,      ,      , 712.6, 3DDiff, 3704,      ,     10,  11.5,     16
2012-10-17, 12:44:36,  -05:00,       ,   47.9519997,  -97.1970596,  1372.6, 29.09,  1393.3,   8.5,  73.43,  60.32,  667.05,  10.24,   0.49,  -0.02,   0.03, 270.5, 266.3,  27.4,  27.5,   1.7,   0.1,  23.77,  24.00,    14.79,  114.20,   77.57, 2405.1,  318.76,  300.00,  322.07,  305.95, 1261.06, 1271.59, 1263.58, 1249.49,  1305.5,  75,  GPS,  174.0, 109.10, 114.30, 118.400, 124.575,       ,       ,  17.86, -65.4,       ,       ,    3.6,       ,      ,       ,      ,      , 669.3, 3DDiff, 3704,      ,     10,  11.5,     16
2012-10-17, 12:44:37,  -05:00,       ,   47.9519997,  -97.1974792,  1382.6, 29.09,  1402.9,   8.5,  72.57,  60.34,  690.58,  10.05,  -0.05,  -0.01,  -0.02, 270.4, 265.9,  27.4,  27.4,   1.7,   0.1,  23.73,  24.00,    14.78,  114.29,   77.69, 2398.7,  318.98,  300.42,  322.34,  306.33, 1260.75, 1272.62, 1265.32, 1248.01,  1315.1,  75,  GPS,  174.0, 109.10, 114.30, 118.400, 124.575,       ,       ,  17.91, -65.4,       ,       ,    3.6,       ,      ,       ,      ,      , 645.7, 3DDiff, 3704,      ,     10,  11.5,     16
2012-10-17, 12:44:38,  -05:00,       ,   47.9519958,  -97.1978836,  1393.6, 29.09,  1412.9,   8.2,  74.15,  60.39,  672.14,   9.49,  -0.12,  -0.01,  -0.12, 269.9, 265.6,  27.4,  27.4,   1.5,  -0.1,  23.77,  24.00,    14.83,  114.38,   77.73, 2402.5,  319.17,  300.84,  322.58,  306.71, 1261.99, 1272.18, 1265.95, 1247.26,  1325.2,  76,  GPS,  174.0, 109.10, 114.30, 118.400, 124.575,       ,       ,  17.95, -65.5,       ,       ,    3.6,       ,      ,       ,      ,      , 637.8, 3DDiff, 3704,      ,     10,  11.5,     16
2012-10-17, 12:44:39,  -05:00,       ,   47.9519920,  -97.1982956,  1405.6, 29.09,  1422.4,   8.2,  74.54,  60.53,  691.37,   9.20,   0.23,  -0.02,  -0.00, 269.3, 265.2,  27.5,  27.5,   1.7,  -0.0,  23.81,  24.00,    14.99,  114.47,   77.51, 2403.3,  319.39,  301.26,  322.90,  307.10, 1262.53, 1271.62, 1265.17, 1247.18,  1334.7,  77,  GPS,  174.0, 109.10, 114.30, 118.400, 124.575,       ,       ,  17.96, -65.6,       ,       ,    3.6,       ,      ,       ,      ,      , 582.7, 3DDiff, 3704,      ,     10,  11.5,     16
2012-10-17, 12:44:40,  -05:00,       ,   47.9519806,  -97.1987152,  1415.6, 29.09,  1432.2,   8.2,  75.10,  60.70,  661.33,   9.20,   0.60,  -0.03,  -0.08, 269.3, 264.7,  27.5,  27.5,   1.8,   0.1,  23.77,  24.00,    14.82,  114.57,   77.66, 2417.2,  319.59,  301.72,  323.27,  307.52, 1261.62, 1270.26, 1264.73, 1246.85,  1344.5,  77,  GPS,  174.0, 109.10, 114.30, 118.400, 124.575,       ,       ,  17.97, -65.7,       ,       ,    3.6,       ,      ,       ,      ,      , 598.4, 3DDiff, 3704,      ,     10,  11.5,     16
2012-10-17, 12:44:41,  -05:00,       ,   47.9519730,  -97.1991348,  1427.6, 29.09,  1442.5,   8.2,  75.56,  60.86,  676.95,   9.80,   0.88,  -0.01,   0.04, 270.2, 264.3,  27.4,  27.4,   1.6,   0.0,  23.77,  24.00,    14.92,  114.66,   77.68, 2403.9,  319.83,  302.14,  323.53,  307.94, 1260.45, 1268.94, 1264.21, 1246.86,  1354.7,  78,  GPS,  174.0, 109.10, 114.30, 118.400, 124.575,       ,       ,  17.96, -65.9,       ,       ,    3.6,       ,      ,       ,      ,      , 578.7, 3DDiff, 3704,      ,     10,  11.5,     16
2012-10-17, 12:44:42,  -05:00,       ,   47.9519615,  -97.1995468,  1433.6, 29.09,  1452.8,   8.2,  74.96,  60.92,  586.89,  10.11,   0.73,  -0.00,   0.06, 270.2, 264.1,  27.4,  27.4,   1.7,   0.0,  23.71,  24.00,    14.89,  114.75,   77.55, 2414.4,  319.96,  302.48,  323.74,  308.23, 1260.07, 1268.71, 1263.29, 1246.74,  1365.0,  77,  GPS,  174.0, 109.10, 114.30, 118.400, 124.575,       ,       ,  17.96, -66.0,       ,       ,    3.6,       ,      ,       ,      ,      , 594.5, 3DDiff, 3704,      ,     10,  11.5,     16
2012-10-17, 12:44:43,  -05:00,       ,   47.9519501,  -97.1999741,  1443.6, 29.09,  1465.5,   8.2,  75.51,  60.82,  552.36,  10.29,   0.73,  -0.04,  -0.01, 269.2, 264.0,  27.4,  27.4,   1.7,   0.0,  23.71,  24.00,    15.00,  114.85,   77.43, 2410.6,  320.16,  302.89,  324.02,  308.57, 1260.25, 1268.49, 1263.80, 1245.99,  1377.8,  78,  GPS,  174.0, 109.10, 114.30, 118.400, 124.575,       ,       ,  17.96, -66.1,       ,       ,    3.6,       ,      ,       ,      ,      , 661.4, 3DDiff, 3704,      ,     10,  11.5,     16
2012-10-17, 12:44:44,  -05:00,       ,   47.9519386,  -97.2003860,  1458.6, 29.09,  1477.7,   8.2,  75.52,  60.65,  637.13,  10.58,   1.70,  -0.06,  -0.02, 268.8, 263.7,  27.4,  27.5,   1.7,   0.0,  23.73,  24.00,    14.73,  114.95,   77.41, 2412.9,  320.39,  303.33,  324.35,  308.99, 1259.95, 1268.49, 1263.49, 1245.67,  1390.0,  78,  GPS,  174.0, 109.10, 114.30, 118.400, 124.575,       ,       ,  17.95, -66.3,       ,       ,    3.6,       ,      ,       ,      ,      , 708.7, 3DDiff, 3704,      ,     10,  11.5,     16
2012-10-17, 12:44:45,  -05:00,       ,   47.9519157,  -97.2008057,  1472.6, 29.09,  1490.0,   8.2,  75.47,  60.39,  739.33,  10.88,   3.77,  -0.04,   0.01, 269.7, 263.4,  27.5,  27.5,   1.7,   0.1,  23.85,  24.00,    14.97,  115.05,   77.43, 2405.4,  320.61,  303.77,  324.61,  309.34, 1259.59, 1269.16, 1263.19, 1244.68,  1402.2,  78,  GPS,  174.0, 109.10, 114.30, 118.400, 124.575,       ,       ,  17.96, -66.4,       ,       ,    3.6,       ,      ,       ,      ,      , 716.5, 3DDiff, 3704,      ,     10,  11.5,     16
2012-10-17, 12:44:46,  -05:00,       ,   47.9519119,  -97.2012329,  1484.6, 29.09,  1502.8,   8.2,  75.59,  60.08,  751.56,  11.10,   9.76,  -0.03,  -0.02, 270.6, 263.9,  27.4,  27.5,   1.7,   0.1,  23.81,  24.00,    14.90,  115.15,   77.56, 2408.4,  320.74,  304.11,  324.83,  309.65, 1259.62, 1269.29, 1263.19, 1243.39,  1415.1,  78,  GPS,  174.0, 109.10, 114.30, 118.400, 124.575,       ,       ,  17.96, -66.5,       ,       ,    3.6,       ,      ,       ,      ,      , 728.3, 3DDiff, 3704,      ,     10,  11.5,     16
2012-10-17, 12:44:47,  -05:00,       ,   47.9519081,  -97.2016296,  1498.6, 29.09,  1513.3,   8.2,  74.78,  59.69,  779.01,  11.25,  12.12,  -0.05,  -0.02, 272.4, 265.7,  27.4,  27.4,   1.5,   0.0,  23.85,  24.00,    14.79,  115.25,   77.06, 2398.1,  320.93,  304.52,  325.11,  310.07, 1259.34, 1269.17, 1263.99, 1242.96,  1425.6,  77,  GPS,  174.0, 109.10, 114.30, 118.400, 124.575,       ,       ,  17.98, -66.6,       ,       ,    3.6,       ,      ,       ,      ,      , 704.7, 3DDiff, 3704,      ,     10,  11.5,     16
2012-10-17, 12:44:48,  -05:00,       ,   47.9519157,  -97.2020416,  1505.6, 29.09,  1522.6,   8.2,  74.37,  59.17,  703.52,  12.30,  17.52,  -0.04,   0.02, 275.6, 269.1,  27.5,  27.5,   1.6,  -0.0,  23.85,  24.00,    14.77,  115.35,   77.47, 2410.8,  321.12,  304.91,  325.39,  310.43, 1259.77, 1268.24, 1265.32, 1244.48,  1434.8,  77,  GPS,  174.0, 109.10, 114.30, 118.400, 124.575,       ,       ,  18.00, -66.7,       ,       ,    3.6,       ,      ,       ,      ,      , 594.5, 3DDiff, 3704,      ,     10,  11.5,     16
2012-10-17, 12:44:49,  -05:00,       ,   47.9519501,  -97.2024307,  1516.6, 29.09,  1530.7,   8.2,  73.55,  58.49,  633.45,  11.33,  20.17,  -0.08,  -0.04, 277.0, 274.1,  27.5,  27.5,   1.7,   0.0,  23.87,  24.00,    14.96,  115.45,   77.43, 2405.0,  321.24,  305.24,  325.59,  310.72, 1260.10, 1268.38, 1266.04, 1244.63,  1442.9,  76,  GPS,  174.0, 109.10, 114.30, 118.400, 124.575,       ,       ,  18.02, -66.7,       ,       ,    3.6,       ,      ,       ,      ,      , 578.7, 3DDiff, 3704,      ,     10,  11.5,     16
2012-10-17, 12:44:50,  -05:00,       ,   47.9520111,  -97.2028275,  1530.6, 29.09,  1539.3,   8.2,  73.42,  58.45,  692.18,   8.75,  21.08,  -0.07,  -0.13, 280.9, 279.1,  27.4,  27.5,   1.7,   0.1,  24.00,  24.00,    14.71,  115.55,   77.06, 2389.2,  321.34,  305.59,  325.83,  311.08, 1259.38, 1268.57, 1265.25, 1244.39,  1451.5,  76,  GPS,  174.0, 109.10, 114.30, 118.400, 124.575,       ,       ,  18.04, -66.7,       ,       ,    3.6,       ,      ,       ,      ,      , 531.5, 3DDiff, 3704,      ,     10,  11.5,     16
2012-10-17, 12:44:51,  -05:00,       ,   47.9520950,  -97.2032166,  1536.6, 29.09,  1544.6,   8.2,  72.46,  59.29,  624.08,   8.20,  23.44,  -0.04,   0.01, 286.3, 284.4,  27.4,  27.4,   1.6,  -0.0,  24.00,  24.00,    14.79,  115.66,   77.01, 2386.3,  321.53,  305.96,  326.06,  311.39, 1259.08, 1267.85, 1263.36, 1243.74,  1456.8,  75,  GPS,  174.0, 109.10, 114.30, 118.400, 124.575,       ,       ,  18.05, -66.7,       ,       ,    3.6,       ,      ,       ,      ,      , 350.4, 3DDiff, 3704,      ,     10,  11.5,     16
2012-10-17, 12:44:52,  -05:00,       ,   47.9522095,  -97.2035980,  1540.6, 29.09,  1548.8,   8.2,  72.84,  60.57,  481.08,   8.33,  25.31,  -0.07,   0.09, 291.0, 290.5,  27.4,  27.4,   1.5,   0.0,  24.00,  24.00,    14.97,  115.76,   76.99, 2392.8,  321.70,  306.34,  326.30,  311.74, 1259.66, 1266.24, 1262.67, 1243.41,  1461.1,  75,  GPS,  174.0, 109.10, 114.30, 118.400, 124.575,       ,       ,  18.04, -66.8,       ,       ,    3.6,       ,      ,       ,      ,      , 271.7, 3DDiff, 3704,      ,     10,  11.5,     16
2012-10-17, 12:44:53,  -05:00,       ,   47.9523659,  -97.2039871,  1546.6, 29.09,  1552.3,   8.0,  73.98,  62.10,  402.95,   7.92,  25.71,  -0.09,   0.08, 295.9, 297.2,  27.5,  27.5,   1.6,  -0.0,  24.00,  24.00,    14.90,  115.87,   77.34, 2401.7,  321.87,  306.70,  326.53,  312.07, 1259.27, 1264.65, 1261.58, 1242.51,  1464.5,  76,  GPS,  174.0, 109.10, 114.30, 118.400, 124.575,       ,       ,  18.00, -66.7,       ,       ,    3.6,       ,      ,       ,      ,      , 173.2, 3DDiff, 3704,      ,     10,  11.5,     16
2012-10-17, 12:44:54,  -05:00,       ,   47.9525375,  -97.2043152,  1548.6, 29.09,  1555.9,   8.0,  74.95,  63.83,  313.46,   7.05,  26.04,  -0.06,  -0.05, 301.9, 303.7,  27.5,  27.5,   1.7,   0.0,  24.00,  24.00,    14.93,  115.98,   77.05, 2398.8,  322.02,  307.05,  326.78,  312.42, 1258.26, 1263.11, 1259.97, 1242.32,  1468.2,  77,  GPS,  174.0, 109.10, 114.30, 118.400, 124.575,       ,       ,  17.94, -66.7,       ,       ,    3.6,       ,      ,       ,      ,      , 196.9, 3DDiff, 3704,      ,     10,  11.5,     16
2012-10-17, 12:44:55,  -05:00,       ,   47.9527512,  -97.2046509,  1553.6, 29.09,  1560.3,   8.0,  79.87,  65.66,  267.88,   6.89,  25.71,  -0.06,   0.10, 309.3, 310.2,  27.4,  27.5,   1.7,   0.1,  24.00,  24.00,    15.04,  116.09,   77.20, 2415.4,  322.19,  307.42,  326.98,  312.73, 1255.78, 1262.61, 1259.78, 1242.95,  1472.5,  82,  GPS,  174.0, 109.10, 114.30, 118.400, 124.575,       ,       ,  17.86, -66.6,       ,       ,    3.6,       ,      ,       ,      ,      , 173.2, 3DDiff, 3704,      ,     10,  11.5,     16
2012-10-17, 12:44:56,  -05:00,       ,   47.9529915,  -97.2049408,  1551.6, 29.09,  1563.0,   8.0,  80.48,  67.31,  155.41,   5.16,  26.17,  -0.00,   0.06, 317.4, 317.2,  27.4,  27.4,   1.6,  -0.0,  24.00,  23.87,    14.90,  116.20,   77.62, 2426.3,  322.33,  307.77,  327.21,  313.04, 1255.13, 1263.35, 1261.25, 1243.21,  1475.3,  83,  GPS,  174.0, 109.10, 114.30, 118.400, 124.575,       ,       ,  17.77, -66.4,       ,       ,    3.6,       ,      ,       ,      ,      , 153.5, 3DDiff, 3704,      ,     10,  11.5,     16
2012-10-17, 12:44:57,  -05:00,       ,   47.9532623,  -97.2052078,  1547.6, 29.09,  1564.8,   8.0,  81.11,  69.22,   -5.31,   4.82,  27.50,   0.00,   0.13, 324.6, 324.6,  27.3,  27.4,   1.5,   0.0,  24.00,  23.83,    14.96,  116.32,   77.38, 2433.5,  322.47,  308.11,  327.46,  313.34, 1257.34, 1264.77, 1262.83, 1242.40,  1477.1,  84,  GPS,  174.0, 109.10, 114.30, 118.400, 124.575,       ,       ,  17.67, -66.1,       ,       ,    3.6,       ,      ,       ,      ,      ,  98.4, 3DDiff, 3704,      ,     10,  11.5,     16
2012-10-17, 12:44:58,  -05:00,       ,   47.9535675,  -97.2053986,  1549.6, 29.09,  1566.6,   8.0,  82.68,  71.42,  -16.03,   5.25,  28.88,  -0.04,   0.25, 330.8, 332.3,  27.4,  27.4,   1.6,  -0.0,  24.00,  23.83,    15.20,  116.44,   77.64, 2454.3,  322.68,  308.54,  327.70,  313.75, 1258.59, 1265.28, 1263.08, 1242.55,  1478.8,  85,  GPS,  174.0, 109.10, 114.30, 118.400, 124.575,       ,       ,  17.56, -65.5,       ,       ,    3.6,       ,      ,       ,      ,      ,  90.6, 3DDiff, 3704,      ,     10,  12.0,     16
2012-10-17, 12:44:59,  -05:00,       ,   47.9539108,  -97.2055435,  1554.6, 29.09,  1569.2,   8.0,  83.89,  73.84,   59.25,   4.34,  28.95,  -0.01,   0.07, 337.3, 340.6,  27.4,  27.5,   1.7,   0.1,  24.00,  23.83,    14.70,  116.57,   77.57, 2455.2,  322.88,  308.88,  327.93,  314.07, 1258.46, 1265.93, 1262.29, 1243.27,  1481.5,  86,  GPS,  174.0, 109.10, 114.30, 118.400, 124.575,       ,       ,  17.44, -64.7,       ,       ,    3.6,       ,      ,       ,      ,      , 157.5, 3DDiff, 3704,      ,     10,  11.5,     16
2012-10-17, 12:45:00,  -05:00,       ,   47.9542503,  -97.2056198,  1561.6, 29.09,  1569.5,   7.8,  84.72,  76.33,  217.39,   2.90,  23.50,  -0.00,   0.13, 343.7, 347.2,  27.4,  27.4,   1.6,   0.0,  24.00,  23.94,    14.03,  116.70,   77.20, 2445.2,  322.96,  309.18,  328.07,  314.32, 1259.12, 1266.98, 1262.77, 1243.65,  1481.8,  87,  GPS,  174.0, 109.10, 114.30, 118.400, 124.575,       ,       ,  17.29, -63.8,       ,       ,    3.6,       ,      ,       ,      ,      ,  63.0, 3DDiff, 3704,      ,     10,  11.5,     16
2012-10-17, 12:45:01,  -05:00,       ,   47.9546165,  -97.2056656,  1559.6, 29.09,  1567.7,   7.8,  84.07,  78.96,  156.91,   1.61,  18.64,   0.00,   0.00, 348.9, 352.7,  27.4,  27.4,   1.6,   0.0,  24.00,  23.87,    12.66,  116.83,   76.97, 2404.4,  323.06,  309.52,  328.28,  314.63, 1261.91, 1267.88, 1265.74, 1245.76,  1480.0,  87,  GPS,  174.0, 109.10, 114.30, 118.400, 124.575,       ,       ,  17.12, -62.8,       ,       ,    3.6,       ,      ,       ,      ,      ,  -3.9, 3DDiff, 3704,      ,     10,  11.5,     16
2012-10-17, 12:45:02,  -05:00,       ,   47.9549904,  -97.2056580,  1553.6, 29.09,  1566.1,   7.8,  85.08,  81.33,   -8.78,   1.31,  14.26,   0.03,  -0.01, 352.2, 357.2,  27.4,  27.4,   1.5,  -0.0,  23.87,  23.94,    10.98,  116.96,   76.20, 2330.3,  323.21,  309.84,  328.49,  314.93, 1266.73, 1270.74, 1270.16, 1248.93,  1478.3,  88,  GPS,  174.0, 109.10, 114.30, 118.400, 124.575,       ,       ,  16.91, -61.7,       ,       ,    3.6,       ,      ,       ,      ,      , -86.6, 3DDiff, 3704,      ,     10,  11.5,     16
2012-10-17, 12:45:03,  -05:00,       ,   47.9553757,  -97.2056046,  1556.6, 29.09,  1562.8,   7.8,  86.81,  83.14,  -33.96,   0.36,   8.57,   0.00,  -0.06, 354.3,   0.6,  27.4,  27.5,   1.7,  -0.0,  23.81,  24.00,     9.42,  117.08,   74.62, 2189.3,  323.32,  310.17,  328.68,  315.25, 1267.79, 1272.62, 1272.57, 1252.40,  1475.1,  89,  GPS,  174.0, 109.10, 114.30, 118.400, 124.575,       ,       ,  16.67, -60.7,       ,       ,    3.6,       ,      ,       ,      ,      , -173.2, 3DDiff, 3704,      ,     10,  11.5,     16
2012-10-17, 12:45:04,  -05:00,       ,   47.9557648,  -97.2055359,  1555.6, 29.09,  1557.6,   7.8,  86.40,  84.40,    0.92,   0.24,   5.05,   0.04,   0.01, 357.0,   2.7,  27.4,  27.5,   1.7,   0.0,  23.71,  24.00,     9.29,  117.19,   74.08, 2137.8,  323.44,  310.54,  328.86,  315.53, 1265.47, 1270.26, 1271.20, 1253.26,  1469.8,  89,  GPS,  174.0, 109.10, 114.30, 118.400, 124.575,       ,       ,  16.41, -59.7,       ,       ,    3.6,       ,      ,       ,      ,      , -291.3, 3DDiff, 3704,      ,     10,  12.0,     16
2012-10-17, 12:45:05,  -05:00,       ,   47.9561615,  -97.2054672,  1545.6, 29.09,  1552.7,   7.8,  86.65,  85.55, -178.59,   1.52,   3.93,   0.03,   0.08, 358.1,   4.1,  27.4,  27.4,   1.6,   0.0,  23.52,  24.00,     8.95,  117.28,   73.63, 2102.5,  323.87,  311.15,  329.33,  316.27, 1263.28, 1266.86, 1269.67, 1252.93,  1465.0,  89,  GPS,  174.0, 109.10, 114.30, 118.400, 124.575,       ,       ,  16.13, -58.9,       ,       ,    3.6,       ,      ,       ,      ,      , -295.3, 3DDiff, 3704,      ,     10,  11.5,     16
2012-10-17, 12:45:06,  -05:00,       ,   47.9565697,  -97.2053680,  1542.6, 29.09,  1551.3,   7.8,  88.20,  86.21, -253.89,   2.76,   0.27,   0.03,   0.01, 358.2,   5.4,  27.4,  27.4,   1.6,   0.1,  23.33,  24.00,     8.87,  117.36,   73.50, 2095.5,  324.58,  312.01,  330.10,  317.00, 1260.57, 1263.14, 1267.31, 1251.94,  1463.7,  91,  GPS,  174.0, 109.10, 114.30, 118.400, 124.575,       ,       ,  15.84, -58.2,       ,       ,    3.6,       ,      ,       ,      ,      , -114.2, 3DDiff, 3704,      ,     10,  12.0,     16
2012-10-17, 12:45:07,  -05:00,       ,   47.9569473,  -97.2052765,  1544.6, 29.09,  1554.4,   7.8,  88.43,  86.19, -141.50,   2.36,  -2.65,  -0.01,  -0.15, 358.0,   5.6,  27.4,  27.4,   1.4,  -0.0,  23.16,  24.00,     8.88,  117.43,   73.41, 2098.1,  324.33,  312.04,  329.81,  316.85, 1256.38, 1258.40, 1263.95, 1249.15,  1466.8,  91,  GPS,  174.0, 109.10, 114.30, 118.400, 124.575,       ,       ,  15.55, -57.6,       ,       ,    3.6,       ,      ,       ,      ,      ,  66.9, 3DDiff, 3704,      ,     10,  11.5,     16
2012-10-17, 12:45:08,  -05:00,       ,   47.9573402,  -97.2051926,  1551.6, 29.09,  1557.1,   7.8,  89.18,  85.94,   48.85,   2.25,  -0.64,   0.02,  -0.04, 358.1,   5.4,  27.4,  27.5,   1.6,   0.0,  23.08,  24.00,     8.76,  117.50,   73.50, 2096.0,  324.16,  312.01,  329.89,  317.05, 1253.57, 1254.42, 1260.06, 1246.22,  1469.5,  92,  GPS,  174.0, 109.10, 114.30, 118.400, 124.575,       ,       ,  15.27, -57.1,       ,       ,    3.6,       ,      ,       ,      ,      , 145.7, 3DDiff, 3704,      ,     10,  11.5,     16
2012-10-17, 12:45:09,  -05:00,       ,   47.9577293,  -97.2050858,  1553.6, 29.09,  1559.1,   7.5,  89.23,  85.76,  130.14,   2.05,   3.42,   0.04,  -0.04, 359.2,   5.6,  27.3,  27.4,   1.6,   0.1,  22.95,  24.00,     8.91,  117.56,   73.68, 2094.0,  324.64,  312.62,  330.29,  317.62, 1251.73, 1250.69, 1257.79, 1244.55,  1471.5,  92,  GPS,  174.0, 109.10, 114.30, 118.400, 124.575,       ,       ,  15.00, -56.7,       ,       ,    3.6,       ,      ,       ,      ,      , 118.1, 3DDiff, 3704,      ,     10,  11.5,     16
2012-10-17, 12:45:10,  -05:00,       ,   47.9581223,  -97.2049942,  1551.6, 29.09,  1561.0,   7.5,  88.71,  85.82,   86.82,   3.00,   1.45,   0.02,  -0.08,   0.4,   6.2,  27.3,  27.3,   1.5,   0.0,  22.68,  24.00,     8.71,  117.63,   73.62, 2098.4,  324.68,  312.84,  330.33,  317.80, 1248.54, 1248.01, 1256.14, 1243.72,  1473.4,  91,  GPS,  174.0, 109.10, 114.30, 118.400, 124.575,       ,       ,  14.74, -56.3,       ,       ,    3.6,       ,      ,       ,      ,      , 106.3, 3DDiff, 3704,      ,     10,  12.0,     16
2012-10-17, 12:45:11,  -05:00,       ,   47.9585114,  -97.2048798,  1550.6, 29.09,  1561.4,   7.5,  85.48,  85.88,   -4.97,   3.00,   7.93,   0.01,  -0.03,   0.4,   7.4,  27.3,  27.4,   1.4,   0.0,  22.47,  24.00,     8.76,  117.69,   73.53, 2085.4,  324.61,  312.99,  330.34,  317.95, 1244.95, 1245.63, 1255.39, 1242.67,  1473.8,  88,  GPS,  174.0, 109.10, 114.30, 118.400, 124.575,       ,       ,  14.47, -55.9,       ,       ,    3.6,       ,      ,       ,      ,      ,  47.2, 3DDiff, 3704,      ,     10,  11.5,     16
2012-10-17, 12:45:12,  -05:00,       ,   47.9588966,  -97.2047501,  1558.6, 29.09,  1561.6,   7.5,  87.69,  86.13,  129.26,   3.05,  13.60,  -0.01,  -0.04,   1.7,   9.1,  27.4,  27.4,   1.5,  -0.0,  22.36,  24.00,     8.87,  117.76,   73.16, 2084.4,  324.56,  313.10,  330.30,  318.08, 1241.45, 1242.41, 1254.68, 1241.00,  1474.0,  90,  GPS,  174.0, 109.10, 114.30, 118.400, 124.575,       ,       ,  14.21, -55.7,       ,       ,    3.6,       ,      ,       ,      ,      ,  31.5, 3DDiff, 3704,      ,     10,  12.0,     16
2012-10-17, 12:45:13,  -05:00,       ,   47.9593048,  -97.2045746,  1558.6, 29.09,  1560.3,   7.5,  87.19,  86.75,  135.43,   3.54,  19.84,  -0.03,  -0.01,   4.7,  12.3,  27.4,  27.4,   1.7,   0.1,  22.15,  24.00,     8.90,  117.83,   73.50, 2079.7,  324.55,  313.26,  330.31,  318.23, 1239.46, 1239.88, 1252.50, 1240.53,  1472.7,  90,  GPS,  174.0, 109.10, 114.30, 118.400, 124.575,       ,       ,  13.97, -55.6,       ,       ,    3.6,       ,      ,       ,      ,      ,  15.7, 3DDiff, 3704,      ,     10,  11.5,     16
2012-10-17, 12:45:14,  -05:00,       ,   47.9596748,  -97.2043839,  1562.6, 29.09,  1560.7,   7.5,  88.12,  87.68,  181.15,   4.17,  21.16,  -0.03,   0.08,   9.8,  16.3,  27.3,  27.4,   1.6,   0.0,  22.07,  24.00,     8.79,  117.90,   73.26, 2080.7,  324.53,  313.36,  330.34,  318.39, 1238.37, 1237.61, 1251.30, 1239.69,  1473.1,  91,  GPS,  174.0, 109.10, 114.30, 118.400, 124.575,       ,       ,  13.73, -55.5,       ,       ,    3.6,       ,      ,       ,      ,      ,  35.4, 3DDiff, 3704,      ,     10,  11.5,     16
2012-10-17, 12:45:15,  -05:00,       ,   47.9600372,  -97.2041321,  1563.6, 29.09,  1561.2,   7.5,  87.88,  88.68,  134.95,   4.00,  17.72,  -0.04,   0.11,  14.9,  20.5,  27.3,  27.4,   1.6,   0.0,  21.91,  24.00,     8.85,  117.97,   73.40, 2084.5,  324.43,  313.47,  330.24,  318.42, 1238.68, 1236.50, 1248.52, 1237.82,  1473.6,  90,  GPS,  174.0, 109.10, 114.30, 118.400, 124.575,       ,       ,  13.50, -55.5,       ,       ,    3.6,       ,      ,       ,      ,      ,  39.4, 3DDiff, 3704,      ,     10,  12.0,     16
2012-10-17, 12:45:16,  -05:00,       ,   47.9604111,  -97.2038345,  1560.6, 29.09,  1562.3,   7.5,  85.31,  89.53,   53.31,   4.12,  15.78,  -0.03,   0.06,  18.9,  24.5,  27.3,  27.3,   1.4,  -0.0,  21.91,  24.00,     8.85,  118.04,   73.21, 2073.5,  324.30,  313.49,  330.13,  318.51, 1238.41, 1234.95, 1246.69, 1235.80,  1474.7,  88,  GPS,  174.0, 109.10, 114.30, 118.400, 124.575,       ,       ,  13.26, -55.5,       ,       ,    3.6,       ,      ,       ,      ,      ,  59.1, 3DDiff, 3704,      ,     10,  12.0,     16
2012-10-17, 12:45:17,  -05:00,       ,   47.9607697,  -97.2035141,  1561.6, 29.09,  1564.4,   7.5,  83.78,  90.31,   -6.43,   4.25,  17.49,  -0.04,   0.02,  23.2,  27.9,  27.4,  27.4,   1.5,  -0.1,  21.91,  24.00,     8.68,  118.12,   73.07, 2060.3,  324.10,  313.44,  329.93,  318.45, 1236.23, 1233.16, 1246.49, 1232.77,  1476.9,  86,  GPS,  174.0, 109.10, 114.30, 118.400, 124.575,       ,       ,  13.02, -55.7,       ,       ,    3.6,       ,      ,       ,      ,      , 106.3, 3DDiff, 3704,      ,     10,  11.5,     16
2012-10-17, 12:45:18,  -05:00,       ,   47.9611168,  -97.2031479,  1559.6, 29.09,  1566.3,   7.5,  83.10,  90.99,  -21.11,   4.02,  18.41,   0.01,   0.03,  28.7,  31.6,  27.4,  27.5,   1.7,   0.1,  21.88,  24.00,     8.75,  118.20,   73.01, 2056.7,  323.84,  313.37,  329.71,  318.40, 1234.48, 1231.84, 1246.05, 1230.21,  1478.7,  86,  GPS,  174.0, 109.10, 114.30, 118.400, 124.575,       ,       ,  12.76, -56.1,       ,       ,    3.6,       ,      ,       ,      ,      ,  82.7, 3DDiff, 3704,      ,     10,  12.0,     16
2012-10-17, 12:45:19,  -05:00,       ,   47.9614449,  -97.2027512,  1554.6, 29.09,  1569.3,   7.5,  82.60,  91.69, -114.83,   4.50,  21.43,   0.03,   0.17,  34.1,  35.8,  27.4,  27.4,   1.6,   0.1,  21.76,  24.00,     8.76,  118.29,   72.98, 2060.0,  323.63,  313.36,  329.56,  318.36, 1232.12, 1230.18, 1244.75, 1227.95,  1481.7,  85,  GPS,  174.0, 109.10, 114.30, 118.400, 124.575,       ,       ,  12.50, -56.9,       ,       ,    3.6,       ,      ,       ,      ,      ,  82.7, 3DDiff, 3704,      ,     10,  11.5,     16
2012-10-17, 12:45:20,  -05:00,       ,   47.9617577,  -97.2023163,  1555.6, 29.09,  1572.6,   7.5,  82.13,  92.60, -122.75,   4.14,  24.20,   0.01,   0.07,  38.7,  40.7,  27.4,  27.4,   1.6,  -0.0,  21.71,  24.00,     8.76,  118.39,   73.07, 2056.5,  323.44,  313.34,  329.37,  318.30, 1230.06, 1227.97, 1243.41, 1226.07,  1485.0,  85,  GPS,  174.0, 109.10, 114.30, 118.400, 124.575,       ,       ,  12.23, -57.9,       ,       ,    3.6,       ,      ,       ,      ,      , 177.2, 3DDiff, 3704,      ,     10,  11.5,     16
2012-10-17, 12:45:21,  -05:00,       ,   47.9620361,  -97.2018204,  1556.6, 29.09,  1575.3,   7.8,  81.20,  93.63,  -43.13,   4.56,  26.15,   0.01,   0.08,  43.8,  46.1,  27.4,  27.5,   1.7,   0.0,  21.71,  24.00,     8.81,  118.49,   72.82, 2050.5,  323.27,  313.30,  329.23,  318.35, 1231.48, 1225.68, 1242.02, 1224.06,  1487.7,  84,  GPS,  174.0, 109.10, 114.30, 118.400, 124.575,       ,       ,  11.96, -59.3,       ,       ,    3.6,       ,      ,       ,      ,      , 153.5, 3DDiff, 3704,      ,     10,  11.5,     16
2012-10-17, 12:45:22,  -05:00,       ,   47.9622841,  -97.2012787,  1565.6, 29.09,  1577.8,   7.5,  82.69,  94.84,  118.47,   4.48,  25.53,  -0.03,   0.07,  48.9,  51.7,  27.5,  27.5,   1.7,   0.0,  21.76,  24.00,     8.69,  118.59,   72.88, 2053.5,  323.08,  313.30,  329.02,  318.27, 1231.09, 1223.47, 1240.44, 1223.08,  1490.2,  85,  GPS,  174.0, 109.10, 114.30, 118.400, 124.575,       ,       ,  11.71, -60.9,       ,       ,    3.6,       ,      ,       ,      ,      , 145.7, 3DDiff, 3704,      ,     10,  11.5,     16
2012-10-17, 12:45:23,  -05:00,       ,   47.9625053,  -97.2007065,  1572.6, 29.09,  1578.7,   7.5,  84.03,  95.87,  291.82,   2.97,  27.21,   0.01,   0.04,  55.3,  56.8,  27.4,  27.5,   1.7,   0.1,  21.78,  24.00,     8.78,  118.70,   73.08, 2061.1,  322.80,  313.18,  328.82,  318.23, 1230.02, 1222.15, 1238.46, 1221.71,  1491.1,  87,  GPS,  174.0, 109.10, 114.30, 118.400, 124.575,       ,       ,  11.47, -62.7,       ,       ,    3.6,       ,      ,       ,      ,      , 106.3, 3DDiff, 3704,      ,     10,  13.5,     17
2012-10-17, 12:45:24,  -05:00,       ,   47.9626884,  -97.2000961,  1570.6, 29.09,  1577.8,   7.5,  84.21,  97.13,  212.89,   2.59,  27.40,  -0.02,   0.05,  60.9,  62.4,  27.4,  27.5,   1.6,   0.0,  21.88,  24.00,     8.73,  118.81,   72.99, 2065.4,  322.62,  313.13,  328.64,  318.17, 1228.11, 1221.39, 1238.80, 1219.89,  1490.2,  87,  GPS,  174.0, 109.10, 114.30, 118.400, 124.575,       ,       ,  11.26, -64.7,       ,       ,    3.6,       ,      ,       ,      ,      ,  19.7, 3DDiff, 3704,      ,     10,  12.5,     16
2012-10-17, 12:45:25,  -05:00,       ,   47.9628372,  -97.1994400,  1577.6, 29.09,  1575.8,   7.5,  85.09,  98.65,  244.38,   0.76,  25.40,  -0.04,  -0.12,  65.1,  67.6,  27.4,  27.4,   1.5,   0.0,  21.91,  24.00,     8.78,  118.92,   72.83, 2065.7,  322.37,  313.04,  328.38,  318.07, 1225.70, 1220.38, 1238.90, 1217.56,  1488.2,  88,  GPS,  174.0, 109.10, 114.30, 118.400, 124.575,       ,       ,  11.06, -66.7,       ,       ,    3.6,       ,      ,       ,      ,      , -59.1, 3DDiff, 3704,      ,     10,  12.0,     16
2012-10-17, 12:45:26,  -05:00,       ,   47.9629517,  -97.1987762,  1579.6, 29.09,  1571.5,   7.5,  85.37, 100.05,  237.32,   1.29,  23.94,  -0.01,   0.08,  72.8,  71.7,  27.4,  27.4,   1.5,  -0.0,  22.07,  24.00,     8.77,  119.03,   72.74, 2062.5,  322.05,  312.91,  328.06,  317.91, 1225.09, 1219.65, 1238.21, 1216.98,  1483.9,  88,  GPS,  174.0, 109.10, 114.30, 118.400, 124.575,       ,       ,  10.90, -68.8,       ,       ,    3.6,       ,      ,       ,      ,      , -287.4, 3DDiff, 3704,      ,     10,  12.0,     16
2012-10-17, 12:45:27,  -05:00,       ,   47.9630394,  -97.1980667,  1567.6, 29.09,  1566.2,   7.5,  85.06, 101.23,  -39.17,   1.70,  14.83,   0.00,   0.07,  79.3,  76.0,  27.5,  27.5,   1.5,  -0.0,  22.15,  24.00,     8.77,  119.14,   72.89, 2070.3,  321.66,  312.70,  327.76,  317.76, 1224.81, 1219.49, 1236.99, 1217.10,  1478.6,  88,  GPS,  174.0, 109.10, 114.30, 118.400, 124.575,       ,       ,  10.77, -71.0,       ,       ,    3.6,       ,      ,       ,      ,      , -326.8, 3DDiff, 3704,      ,     10,  12.0,     16
2012-10-17, 12:45:28,  -05:00,       ,   47.9630928,  -97.1973877,  1549.6, 29.09,  1561.1,   7.5,  82.13, 102.11, -458.89,   2.48,  16.29,   0.05,   0.11,  82.0,  79.7,  27.4,  27.4,   1.6,   0.1,  22.02,  24.00,     8.85,  119.25,   72.90, 2062.3,  321.44,  312.62,  327.56,  317.69, 1224.93, 1219.47, 1237.32, 1217.32,  1473.5,  85,  GPS,  174.0, 109.10, 114.30, 118.400, 124.575,       ,       ,  10.68, -73.2,       ,       ,    3.6,       ,      ,       ,      ,      , -279.5, 3DDiff, 3704,      ,     10,  12.0,     16
2012-10-17, 12:45:29,  -05:00,       ,   47.9631271,  -97.1966858,  1551.6, 29.09,  1557.9,   7.5,  84.64, 102.71, -430.81,   2.79,  11.04,  -0.01,   0.08,  83.0,  82.8,  27.3,  27.4,   1.6,   0.0,  22.07,  24.00,     8.73,  119.37,   72.97, 2066.7,  321.20,  312.48,  327.29,  317.55, 1224.80, 1218.47, 1238.02, 1217.30,  1470.3,  87,  GPS,  174.0, 109.10, 114.30, 118.400, 124.575,       ,       ,  10.66, -75.6,       ,       ,    3.6,       ,      ,       ,      ,      , -137.8, 3DDiff, 3704,      ,     10,  12.0,     16
2012-10-17, 12:45:30,  -05:00,       ,   47.9631386,  -97.1959763,  1556.6, 29.09,  1558.5,   7.5,  85.26, 102.92, -167.87,   2.92,   1.22,   0.05,   0.08,  86.7,  84.6,  27.3,  27.3,   1.4,  -0.1,  22.15,  24.00,     8.91,  119.49,   72.91, 2074.4,  320.80,  312.27,  326.95,  317.31, 1223.19, 1216.88, 1236.66, 1216.89,  1470.9,  88,  GPS,  174.0, 109.10, 114.30, 118.400, 124.575,       ,       ,  10.68, -77.9,       ,       ,    3.6,       ,      ,       ,      ,      ,   0.0, 3DDiff, 3704,      ,     10,  12.0,     16
2012-10-17, 12:45:31,  -05:00,       ,   47.9631500,  -97.1952591,  1548.6, 29.09,  1561.9,   7.5,  83.90, 103.02, -190.04,   2.26,  -1.72,   0.01,  -0.11,  87.7,  85.3,  27.4,  27.4,   1.5,  -0.0,  22.17,  24.00,     8.76,  119.61,   73.00, 2073.5,  320.54,  312.16,  326.73,  317.20, 1221.38, 1215.34, 1235.76, 1216.42,  1474.3,  86,  GPS,  174.0, 109.10, 114.30, 118.400, 124.575,       ,       ,  10.74, -80.1,       ,       ,    3.6,       ,      ,       ,      ,      ,  90.6, 3DDiff, 3704,      ,     10,  11.5,     16
2012-10-17, 12:45:32,  -05:00,       ,   47.9631577,  -97.1945648,  1552.6, 29.09,  1560.2,   7.5,  83.78, 103.10,  -78.31,   2.91,  -0.60,  -0.03,   0.13,  85.0,  85.5,  27.4,  27.5,   1.7,   0.0,  22.07,  23.94,     8.75,  119.72,   72.77, 2066.6,  320.31,  312.05,  326.50,  317.11, 1220.82, 1214.18, 1235.11, 1215.85,  1472.6,  86,  GPS,  174.0, 109.10, 114.30, 118.400, 124.575,       ,       ,  10.84, -82.2,       ,       ,    3.6,       ,      ,       ,      ,      , -90.6, 3DDiff, 3704,      ,     10,  12.0,     16
2012-10-17, 12:45:33,  -05:00,       ,   47.9631653,  -97.1938477,  1556.6, 29.09,  1560.5,   7.5,  84.38, 103.08,   61.72,   2.30,  -1.46,   0.01,  -0.11,  84.4,  85.3,  27.3,  27.4,   1.6,   0.1,  22.11,  24.00,     8.74,  119.84,   72.87, 2067.6,  319.99,  311.90,  326.20,  316.90, 1219.57, 1213.88, 1234.54, 1215.24,  1472.9,  87,  GPS,  174.0, 109.10, 114.30, 118.400, 124.575,       ,       ,  10.98, -84.1,       ,       ,    3.6,       ,      ,       ,      ,      , -11.8, 3DDiff, 3704,      ,     10,  12.0,     16
2012-10-17, 12:45:34,  -05:00,       ,   47.9631805,  -97.1931381,  1552.6, 29.09,  1559.5,   7.5,  82.45, 103.06,   25.37,   3.78,   0.68,   0.03,  -0.04,  84.1,  85.1,  27.4,  27.4,   1.6,  -0.0,  22.02,  24.00,     8.82,  119.97,   72.97, 2064.9,  319.60,  311.65,  325.84,  316.64, 1219.51, 1213.68, 1232.82, 1214.62,  1471.9,  85,  GPS,  174.0, 109.10, 114.30, 118.400, 124.575,       ,       ,  11.14, -85.9,       ,       ,    3.6,       ,      ,       ,      ,      , -55.1, 3DDiff, 3704,      ,     10,  12.0,     16
2012-10-17, 12:45:35,  -05:00,       ,   47.9631882,  -97.1924057,  1549.6, 29.09,  1558.6,   7.5,  82.13, 102.98,  -78.27,   3.70,   2.15,  -0.03,  -0.03,  82.8,  85.4,  27.4,  27.4,   1.5,   0.0,  22.02,  24.00,     8.93,  120.09,   72.76, 2060.0,  319.16,  311.38,  325.46,  316.40, 1218.80, 1213.11, 1231.80, 1213.85,  1471.0,  85,  GPS,  174.0, 109.10, 114.30, 118.400, 124.575,       ,       ,  11.34, -87.3,       ,       ,    3.6,       ,      ,       ,      ,      , -35.4, 3DDiff, 3704,      ,     10,  12.0,     16
2012-10-17, 12:45:36,  -05:00,       ,   47.9631958,  -97.1917114,  1553.6, 29.09,  1558.2,   7.5,  82.97, 102.85,    4.82,   3.48,   0.13,  -0.00,  -0.00,  83.4,  85.6,  27.4,  27.4,   1.6,  -0.0,  22.07,  24.00,     8.86,  120.22,   72.79, 2059.2,  318.87,  311.19,  325.20,  316.19, 1217.07, 1212.42, 1231.85, 1213.20,  1470.6,  85,  GPS,  174.0, 109.10, 114.30, 118.400, 124.575,       ,       ,  11.57, -88.6,       ,       ,    3.6,       ,      ,       ,      ,      ,  47.2, 3DDiff, 3704,      ,     10,  12.0,     16
2012-10-17, 12:45:37,  -05:00,       ,   47.9631996,  -97.1910095,  1553.6, 29.09,  1557.9,   7.5,  83.02, 102.75,   18.56,   2.96,  -1.77,  -0.01,  -0.07,  83.5,  85.5,  27.4,  27.4,   1.6,   0.0,  22.00,  24.00,     8.83,  120.35,   73.01, 2064.7,  318.52,  310.98,  324.84,  315.97, 1216.09, 1211.21, 1231.71, 1212.09,  1470.3,  85,  GPS,  174.0, 109.10, 114.30, 118.400, 124.575,       ,       ,  11.83, -89.6,       ,       ,    3.6,       ,      ,       ,      ,      ,  63.0, 3DDiff, 3704,      ,     10,  12.0,     16
2012-10-17, 12:45:38,  -05:00,       ,   47.9632111,  -97.1903000,  1557.6, 29.09,  1557.4,   7.5,  84.05, 102.69,   79.51,   2.52,  -0.41,  -0.00,  -0.11,  83.2,  85.3,  27.3,  27.4,   1.6,   0.0,  22.02,  24.00,     8.89,  120.48,   72.95, 2070.7,  318.23,  310.85,  324.59,  315.81, 1215.71, 1209.79, 1231.41, 1211.65,  1469.8,  87,  GPS,  174.0, 109.10, 114.30, 118.400, 124.575,       ,       ,  12.10, -90.3,       ,       ,    3.6,       ,      ,       ,      ,      , -15.7, 3DDiff, 3704,      ,     10,  12.0,     16
2012-10-17, 12:45:39,  -05:00,       ,   47.9632263,  -97.1895905,  1556.6, 29.09,  1555.3,   7.5,  84.02, 102.69,   71.94,   3.00,  -0.34,  -0.02,  -0.05,  83.1,  85.1,  27.3,  27.4,   1.5,   0.0,  22.15,  24.00,     8.74,  120.61,   72.77, 2070.7,  317.93,  310.69,  324.35,  315.63, 1215.76, 1209.07, 1230.14, 1211.09,  1467.7,  87,  GPS,  174.0, 109.10, 114.30, 118.400, 124.575,       ,       ,  12.37, -90.9,       ,       ,    3.6,       ,      ,       ,      ,      , -102.4, 3DDiff, 3704,      ,     10,  12.0,     16
2012-10-17, 12:45:40,  -05:00,       ,   47.9632378,  -97.1888885,  1554.6, 29.09,  1553.5,   7.5,  83.57, 102.73,    7.23,   3.00,  -1.01,  -0.00,  -0.06,  83.1,  84.9,  27.4,  27.3,   1.4,  -0.1,  22.15,  24.00,     8.76,  120.74,   72.83, 2066.1,  317.54,  310.42,  323.98,  315.33, 1216.36, 1208.91, 1229.60, 1210.85,  1465.9,  86,  GPS,  174.0, 109.10, 114.30, 118.400, 124.575,       ,       ,  12.65, -91.3,       ,       ,    3.6,       ,      ,       ,      ,      , -94.5, 3DDiff, 3704,      ,     10,  12.0,     16
2012-10-17, 12:45:41,  -05:00,       ,   47.9632530,  -97.1881790,  1551.6, 29.09,  1552.0,   7.5,  84.37, 102.71,  -72.48,   3.79,   2.05,  -0.02,   0.06,  82.9,  84.7,  27.5,  27.5,   1.6,   0.0,  22.21,  24.00,     8.84,  120.87,   73.03, 2069.2,  317.15,  310.19,  323.63,  315.12, 1216.55, 1208.57, 1229.49, 1210.80,  1464.4,  87,  GPS,  174.0, 109.10, 114.30, 118.400, 124.575,       ,       ,  12.92, -91.6,       ,       ,    3.6,       ,      ,       ,      ,      , -94.5, 3DDiff, 3704,      ,     10,  12.0,     16
2012-10-17, 12:45:42,  -05:00,       ,   47.9632645,  -97.1874542,  1548.6, 29.09,  1553.4,   7.5,  82.98, 102.67, -118.03,   4.39,   1.11,  -0.02,   0.05,  83.4,  84.8,  27.4,  27.5,   1.7,   0.1,  22.21,  24.00,     8.90,  121.00,   72.95, 2063.6,  316.84,  310.00,  323.33,  314.93, 1216.41, 1208.36, 1228.79, 1211.62,  1465.8,  85,  GPS,  174.0, 109.10, 114.30, 118.400, 124.575,       ,       ,  13.20, -91.7,       ,       ,    3.6,       ,      ,       ,      ,      ,  43.3, 3DDiff, 3704,      ,     10,  12.0,     16
2012-10-17, 12:45:43,  -05:00,       ,   47.9632721,  -97.1867752,  1545.6, 29.09,  1558.3,   7.5,  82.71, 102.50, -155.11,   5.70,  -0.54,   0.01,   0.07,  84.0,  85.0,  27.4,  27.4,   1.5,   0.1,  22.26,  24.00,     8.85,  121.14,   72.81, 2063.7,  316.54,  309.77,  323.04,  314.68, 1216.70, 1208.15, 1227.73, 1211.00,  1470.7,  85,  GPS,  174.0, 109.10, 114.30, 118.400, 124.575,       ,       ,  13.47, -91.8,       ,       ,    3.6,       ,      ,       ,      ,      , 208.7, 3DDiff, 3704,      ,     10,  12.0,     16
2012-10-17, 12:45:44,  -05:00,       ,   47.9632874,  -97.1860733,  1551.6, 29.09,  1564.7,   7.5,  81.04, 101.99,  -37.88,   5.93,   2.08,   0.01,  -0.08,  83.4,  85.3,  27.4,  27.5,   1.7,   0.0,  22.17,  24.00,     9.04,  121.27,   73.09, 2075.6,  316.16,  309.55,  322.68,  314.41, 1216.10, 1208.87, 1226.82, 1209.88,  1477.1,  83,  GPS,  174.0, 109.10, 114.30, 118.400, 124.575,       ,       ,  13.75, -91.8,       ,       ,    3.6,       ,      ,       ,      ,      , 358.3, 3DDiff, 3704,      ,     10,  11.5,     16
2012-10-17, 12:45:45,  -05:00,       ,   47.9632950,  -97.1853714,  1562.6, 29.09,  1569.9,   7.5,  80.46, 101.47,  230.88,   5.77,  -0.57,   0.00,  -0.07,  83.2,  85.3,  27.5,  27.5,   1.6,   0.0,  22.21,  24.00,     9.40,  121.41,   73.19, 2109.2,  315.77,  309.29,  322.33,  314.12, 1215.74, 1210.21, 1227.72, 1209.88,  1482.3,  83,  GPS,  174.0, 109.10, 114.30, 118.400, 124.575,       ,       ,  14.03, -91.7,       ,       ,    3.6,       ,      ,       ,      ,      , 315.0, 3DDiff, 3704,      ,     10,  12.0,     16
2012-10-17, 12:45:46,  -05:00,       ,   47.9633026,  -97.1846771,  1564.6, 29.09,  1572.9,   7.5,  80.55, 101.02,  289.22,   6.00,   0.41,  -0.01,  -0.05,  81.8,  85.2,  27.5,  27.5,   1.7,   0.0,  22.07,  24.00,     9.61,  121.55,   73.38, 2135.6,  315.41,  309.06,  321.99,  313.86, 1218.32, 1211.67, 1230.77, 1211.37,  1485.3,  83,  GPS,  174.0, 109.10, 114.30, 118.400, 124.575,       ,       ,  14.31, -91.5,       ,       ,    3.6,       ,      ,       ,      ,      , 204.7, 3DDiff, 3704,      ,     10,  12.0,     16
2012-10-17, 12:45:47,  -05:00,       ,   47.9633141,  -97.1839828,  1571.6, 29.09,  1575.2,   7.5,  80.78, 100.67,  311.74,   5.24,  -0.43,  -0.04,  -0.06,  80.4,  85.1,  27.5,  27.5,   1.7,   0.0,  22.15,  24.00,     9.56,  121.69,   73.67, 2145.6,  315.05,  308.78,  321.68,  313.60, 1220.92, 1213.55, 1233.08, 1212.26,  1487.6,  83,  GPS,  174.0, 109.10, 114.30, 118.400, 124.575,       ,       ,  14.60, -91.3,       ,       ,    3.6,       ,      ,       ,      ,      , 161.4, 3DDiff, 3704,      ,     10,  12.0,     16
2012-10-17, 12:45:48,  -05:00,       ,   47.9633255,  -97.1832962,  1574.6, 29.09,  1577.1,   7.5,  80.50, 100.49,  305.65,   4.45,   1.14,  -0.03,  -0.04,  80.2,  84.8,  27.4,  27.5,   1.6,   0.0,  22.28,  24.00,     9.59,  121.84,   73.74, 2142.4,  314.65,  308.51,  321.26,  313.24, 1222.42, 1215.11, 1234.22, 1213.41,  1489.5,  83,  GPS,  174.0, 109.10, 114.30, 118.400, 124.575,       ,       ,  14.89, -90.9,       ,       ,    3.6,       ,      ,       ,      ,      , 110.2, 3DDiff, 3704,      ,     10,  12.0,     16
2012-10-17, 12:45:49,  -05:00,       ,   47.9633446,  -97.1825790,  1576.6, 29.09,  1578.1,   7.5,  80.91, 100.67,  240.61,   3.58,  -1.20,  -0.02,  -0.06,  80.7,  84.5,  27.4,  27.5,   1.6,  -0.0,  22.36,  24.00,     9.61,  121.99,   73.74, 2138.5,  314.24,  308.24,  320.94,  312.99, 1224.43, 1216.36, 1236.01, 1215.65,  1490.5,  83,  GPS,  174.0, 109.10, 114.30, 118.400, 124.575,       ,       ,  15.18, -90.4,       ,       ,    3.5,       ,      ,       ,      ,      ,  78.7, 3DDiff, 3704,      ,     10,  11.5,     16
2012-10-17, 12:45:50,  -05:00,       ,   47.9633598,  -97.1819000,  1578.6, 29.09,  1578.5,   7.5,  82.83, 100.92,  185.54,   3.66,  -0.47,   0.01,  -0.14,  81.3,  84.3,  27.5,  27.5,   1.5,  -0.1,  22.32,  24.00,     9.69,  122.15,   73.69, 2148.6,  313.95,  308.08,  320.69,  312.77, 1225.52, 1217.45, 1237.77, 1218.03,  1491.0,  85,  GPS,  174.0, 109.10, 114.30, 118.400, 124.575,       ,       ,  15.46, -89.8,       ,       ,    3.5,       ,      ,       ,      ,      ,  31.5, 3DDiff, 3704,      ,     10,  11.5,     16
2012-10-17, 12:45:51,  -05:00,       ,   47.9633827,  -97.1812057,  1575.6, 29.09,  1577.1,   7.5,  82.50, 101.19,   60.32,   3.44,   0.27,  -0.02,  -0.00,  80.5,  84.1,  27.5,  27.5,   1.6,   0.1,  22.47,  24.00,     9.67,  122.30,   73.93, 2156.0,  313.60,  307.83,  320.40,  312.53, 1225.45, 1218.80, 1238.63, 1219.23,  1489.5,  85,  GPS,  174.0, 109.10, 114.30, 118.400, 124.575,       ,       ,  15.71, -89.2,       ,       ,    3.5,       ,      ,       ,      ,      , -63.0, 3DDiff, 3704,      ,     10,  12.0,     16
2012-10-17, 12:45:52,  -05:00,       ,   47.9634018,  -97.1804962,  1575.6, 29.09,  1575.5,   7.5,  83.44, 101.51,    3.95,   3.12,   0.73,  -0.03,  -0.04,  79.6,  83.9,  27.4,  27.5,   1.6,   0.1,  22.55,  24.00,     9.72,  122.45,   73.85, 2157.3,  313.26,  307.61,  320.07,  312.26, 1225.72, 1220.23, 1240.06, 1220.84,  1487.9,  86,  GPS,  174.0, 109.10, 114.30, 118.400, 124.575,       ,       ,  15.94, -88.5,       ,       ,    3.5,       ,      ,       ,      ,      , -94.5, 3DDiff, 3704,      ,     10,  12.0,     16
2012-10-17, 12:45:53,  -05:00,       ,   47.9634247,  -97.1798096,  1576.6, 29.09,  1572.4,   7.5,  83.69, 101.87,    3.11,   2.83,  -0.32,  -0.04,   0.04,  79.3,  83.8,  27.3,  27.4,   1.4,  -0.1,  22.57,  23.87,     9.72,  122.60,   73.98, 2158.2,  312.91,  307.41,  319.75,  311.98, 1228.09, 1221.77, 1241.81, 1222.68,  1484.8,  86,  GPS,  174.0, 109.10, 114.30, 118.400, 124.575,       ,       ,  16.16, -87.8,       ,       ,    3.5,       ,      ,       ,      ,      , -181.1, 3DDiff, 3704,      ,     10,  12.0,     16
2012-10-17, 12:45:54,  -05:00,       ,   47.9634552,  -97.1791077,  1572.6, 29.09,  1569.4,   7.5,  84.69, 102.32,  -60.15,   2.32,  -1.80,  -0.02,  -0.02,  80.1,  83.4,  27.4,  27.4,   1.5,  -0.0,  22.61,  23.87,     9.72,  122.76,   74.04, 2164.6,  312.57,  307.19,  319.51,  311.71, 1230.57, 1222.95, 1242.51, 1224.91,  1481.8,  87,  GPS,  174.0, 109.10, 114.30, 118.400, 124.575,       ,       ,  16.35, -87.0,       ,       ,    3.5,       ,      ,       ,      ,      , -165.4, 3DDiff, 3704,      ,     10,  12.0,     16
2012-10-17, 12:45:55,  -05:00,       ,   47.9634819,  -97.1783905,  1566.6, 29.09,  1566.5,   7.5,  84.99, 102.83, -169.93,   3.59,   0.79,  -0.02,   0.03,  79.8,  82.9,  27.4,  27.5,   1.6,   0.1,  22.57,  23.87,     9.70,  122.93,   73.94, 2164.7,  312.24,  306.98,  319.19,  311.49, 1233.31, 1223.98, 1243.66, 1226.12,  1478.9,  87,  GPS,  174.0, 109.10, 114.30, 118.400, 124.575,       ,       ,  16.52, -86.2,       ,       ,    3.5,       ,      ,       ,      ,      , -157.5, 3DDiff, 3704,      ,     10,  11.5,     16
2012-10-17, 12:45:56,  -05:00,       ,   47.9635124,  -97.1776657,  1566.6, 29.09,  1565.1,   7.5,  85.12, 103.14, -167.39,   3.25,   0.93,  -0.07,   0.01,  79.6,  82.9,  27.4,  27.5,   1.6,   0.1,  22.61,  23.87,     9.69,  123.10,   74.13, 2170.8,  311.84,  306.72,  318.85,  311.16, 1234.89, 1225.56, 1244.82, 1226.31,  1477.5,  88,  GPS,  174.0, 109.10, 114.30, 118.400, 124.575,       ,       ,  16.66, -85.5,       ,       ,    3.5,       ,      ,       ,      ,      , -86.6, 3DDiff, 3704,      ,     10,  11.5,     16
2012-10-17, 12:45:57,  -05:00,       ,   47.9635429,  -97.1769791,  1567.6, 29.09,  1565.7,   7.5,  86.21, 103.45,  -71.22,   2.92,   1.80,  -0.00,  -0.03,  80.9,  82.6,  27.4,  27.4,   1.5,   0.1,  22.66,  23.87,     9.64,  123.28,   74.15, 2176.7,  311.52,  306.43,  318.50,  310.85, 1235.13, 1227.06, 1245.07, 1225.90,  1478.1,  89,  GPS,  174.0, 109.10, 114.30, 118.400, 124.575,       ,       ,  16.79, -84.7,       ,       ,    3.5,       ,      ,       ,      ,      ,  23.6, 3DDiff, 3704,      ,     10,  12.0,     16
2012-10-17, 12:45:58,  -05:00,       ,   47.9635735,  -97.1762543,  1565.6, 29.09,  1567.0,   7.2,  85.49, 103.84,  -69.83,   4.04,   3.25,   0.01,   0.01,  81.9,  82.9,  27.3,  27.4,   1.5,   0.0,  22.61,  23.77,     9.72,  123.46,   74.20, 2179.3,  311.23,  306.25,  318.26,  310.64, 1235.26, 1227.66, 1246.31, 1225.38,  1479.4,  88,  GPS,  174.0, 109.10, 114.30, 118.400, 124.575,       ,       ,  16.89, -84.1,       ,       ,    3.5,       ,      ,       ,      ,      ,  70.9, 3DDiff, 3704,      ,     10,  12.0,     16
2012-10-17, 12:45:59,  -05:00,       ,   47.9636002,  -97.1755447,  1564.6, 29.09,  1567.8,   7.2,  85.61, 103.97,  -70.92,   4.15,   1.49,  -0.02,   0.02,  81.3,  83.4,  27.4,  27.4,   1.5,   0.0,  22.55,  23.77,     9.80,  123.64,   74.16, 2179.2,  310.98,  306.11,  318.08,  310.46, 1234.62, 1227.62, 1247.93, 1224.71,  1480.2,  88,  GPS,  174.0, 109.10, 114.30, 118.400, 124.575,       ,       ,  16.96, -83.5,       ,       ,    3.5,       ,      ,       ,      ,      ,  82.7, 3DDiff, 3704,      ,     10,  12.0,     16
2012-10-17, 12:46:00,  -05:00,       ,   47.9636192,  -97.1748276,  1568.6, 29.09,  1569.0,   7.2,  84.95, 104.07,    8.99,   3.55,   3.80,  -0.01,  -0.07,  81.4,  83.8,  27.4,  27.4,   1.6,  -0.0,  22.55,  23.87,     9.69,  123.82,   74.25, 2176.5,  310.71,  305.91,  317.82,  310.22, 1233.91, 1227.75, 1248.44, 1225.89,  1481.4,  87,  GPS,  174.0, 109.10, 114.30, 118.400, 124.575,       ,       ,  17.02, -83.0,       ,       ,    3.5,       ,      ,       ,      ,      ,  63.0, 3DDiff, 3704,      ,     10,  12.0,     16
2012-10-17, 12:46:01,  -05:00,       ,   47.9636383,  -97.1741028,  1568.6, 29.09,  1569.6,   7.2,  83.57, 104.27,   66.08,   3.98,   3.15,   0.01,  -0.00,  82.4,  84.2,  27.4,  27.4,   1.6,   0.1,  22.57,  23.87,     9.71,  124.00,   73.89, 2167.5,  310.38,  305.72,  317.59,  309.99, 1235.28, 1228.25, 1249.36, 1226.37,  1482.0,  86,  GPS,  174.0, 109.10, 114.30, 118.400, 124.575,       ,       ,  17.08, -82.6,       ,       ,    3.5,       ,      ,       ,      ,      , -19.7, 3DDiff, 3704,      ,     10,  11.5,     16
2012-10-17, 12:46:02,  -05:00,       ,   47.9636536,  -97.1733856,  1563.6, 29.09,  1569.4,   7.5,  82.76, 104.60,  -54.99,   3.79,   2.55,  -0.01,   0.02,  82.2,  84.8,  27.4,  27.4,   1.6,   0.1,  22.51,  23.83,     9.74,  124.18,   73.99, 2165.3,  310.02,  305.49,  317.26,  309.67, 1236.37, 1228.73, 1248.86, 1226.16,  1481.8,  85,  GPS,  174.0, 109.10, 114.30, 118.400, 124.575,       ,       ,  17.14, -82.2,       ,       ,    3.5,       ,      ,       ,      ,      , -11.8, 3DDiff, 3704,      ,     10,  12.0,     16
2012-10-17, 12:46:03,  -05:00,       ,   47.9636688,  -97.1726303,  1566.6, 29.09,  1570.0,   7.5,  84.19, 104.87,  -12.83,   3.53,   0.04,  -0.01,   0.01,  82.1,  85.1,  27.4,  27.4,   1.5,  -0.1,  22.55,  23.87,     9.65,  124.35,   73.95, 2163.2,  309.71,  305.24,  317.00,  309.41, 1236.93, 1228.91, 1248.64, 1225.72,  1482.4,  87,  GPS,  174.0, 109.10, 114.30, 118.400, 124.575,       ,       ,  17.21, -81.8,       ,       ,    3.5,       ,      ,       ,      ,      ,  31.5, 3DDiff, 3704,      ,     10,  12.0,     16
2012-10-17, 12:46:04,  -05:00,       ,   47.9636803,  -97.1719360,  1568.6, 29.09,  1570.6,   7.5,  84.49, 105.12,   32.38,   2.97,  -0.37,  -0.01,  -0.06,  81.9,  85.1,  27.5,  27.5,   1.6,  -0.0,  22.55,  23.87,     9.63,  124.53,   74.09, 2164.8,  309.48,  305.12,  316.82,  309.20, 1236.92, 1229.43, 1249.17, 1225.38,  1483.0,  87,  GPS,  174.0, 109.10, 114.30, 118.400, 124.575,       ,       ,  17.29, -81.5,       ,       ,    3.5,       ,      ,       ,      ,      ,  31.5, 3DDiff, 3704,      ,     10,  12.0,     16
2012-10-17, 12:46:05,  -05:00,       ,   47.9636955,  -97.1712189,  1570.6, 29.09,  1570.2,   7.5,  85.34, 105.35,   84.99,   3.72,   1.11,  -0.03,   0.05,  81.3,  85.0,  27.5,  27.5,   1.6,   0.0,  22.51,  23.83,     9.60,  124.70,   74.00, 2167.3,  309.20,  304.92,  316.56,  308.97, 1236.88, 1229.36, 1248.73, 1226.21,  1482.6,  88,  GPS,  174.0, 109.10, 114.30, 118.400, 124.575,       ,       ,  17.37, -81.2,       ,       ,    3.5,       ,      ,       ,      ,      , -39.4, 3DDiff, 3704,      ,     10,  12.0,     16
2012-10-17, 12:46:06,  -05:00,       ,   47.9637070,  -97.1704865,  1571.6, 29.09,  1570.1,   7.2,  86.12, 105.51,   93.52,   3.50,   1.91,  -0.01,  -0.01,  81.5,  84.9,  27.4,  27.5,   1.6,   0.1,  22.57,  23.87,     9.64,  124.86,   73.96, 2166.3,  308.94,  304.70,  316.30,  308.76, 1236.85, 1228.72, 1247.71, 1227.27,  1482.3,  89,  GPS,  174.0, 109.10, 114.30, 118.400, 124.575,       ,       ,  17.44, -80.8,       ,       ,    3.5,       ,      ,       ,      ,      ,   3.9, 3DDiff, 3704,      ,     10,  12.0,     16
2012-10-17, 12:46:07,  -05:00,       ,   47.9637184,  -97.1697693,  1572.6, 29.09,  1569.0,   7.2,  86.42, 105.61,   90.50,   3.30,   1.63,  -0.01,  -0.02,  82.4,  85.0,  27.4,  27.5,   1.5,   0.0,  22.55,  23.83,     9.14,  125.02,   73.57, 2124.3,  308.66,  304.52,  316.05,  308.50, 1236.91, 1228.03, 1246.90, 1227.48,  1481.1,  89,  GPS,  174.0, 109.10, 114.30, 118.400, 124.575,       ,       ,  17.51, -80.4,       ,       ,    3.5,       ,      ,       ,      ,      ,  15.7, 3DDiff, 3704,      ,     10,  11.5,     16
2012-10-17, 12:46:08,  -05:00,       ,   47.9637299,  -97.1690369,  1570.6, 29.09,  1569.0,   7.2,  85.22, 105.66,   13.45,   3.52,   2.35,  -0.00,  -0.03,  82.9,  85.1,  27.5,  27.5,   1.6,   0.0,  22.47,  23.83,     9.13,  125.18,   73.34, 2112.5,  308.36,  304.30,  315.83,  308.26, 1235.36, 1226.08, 1245.34, 1225.49,  1481.1,  88,  GPS,  174.0, 109.10, 114.30, 118.400, 124.575,       ,       ,  17.57, -80.1,       ,       ,    3.5,       ,      ,       ,      ,      ,  11.8, 3DDiff, 3704,      ,     10,  12.0,     16
2012-10-17, 12:46:09,  -05:00,       ,   47.9637413,  -97.1682816,  1570.6, 29.09,  1568.7,   7.2,  85.59, 105.70,   -8.82,   3.38,   2.29,  -0.01,  -0.00,  83.1,  85.5,  27.4,  27.5,   1.6,   0.0,  22.42,  23.87,     9.08,  125.33,   73.17, 2104.2,  308.02,  304.11,  315.60,  308.01, 1233.14, 1224.20, 1243.89, 1223.35,  1480.9,  88,  GPS,  174.0, 109.10, 114.30, 118.400, 124.575,       ,       ,  17.63, -79.8,       ,       ,    3.5,       ,      ,       ,      ,      ,  -3.9, 3DDiff, 3704,      ,     10,  12.0,     16
2012-10-17, 12:46:10,  -05:00,       ,   47.9637489,  -97.1675873,  1571.6, 29.09,  1568.2,   7.2,  85.57, 105.70,    0.37,   3.48,   0.82,  -0.00,  -0.03,  83.5,  85.6,  27.5,  27.5,   1.6,   0.0,  22.42,  23.87,     9.16,  125.46,   73.34, 2103.1,  307.78,  303.87,  315.30,  307.75, 1231.16, 1223.33, 1242.24, 1221.59,  1480.3,  88,  GPS,  174.0, 109.10, 114.30, 118.400, 124.575,       ,       ,  17.69, -79.6,       ,       ,    3.5,       ,      ,       ,      ,      , -23.6, 3DDiff, 3704,      ,     10,  12.0,     16
2012-10-17, 12:46:11,  -05:00,       ,   47.9637527,  -97.1668549,  1570.6, 29.09,  1566.9,   7.2,  86.67, 105.65,  -16.19,   3.25,  -0.14,  -0.02,   0.01,  83.6,  85.7,  27.5,  27.5,   1.6,   0.1,  22.42,  23.87,     9.08,  125.59,   73.43, 2108.8,  307.48,  303.72,  315.03,  307.52, 1229.73, 1223.11, 1239.80, 1220.11,  1479.0,  89,  GPS,  174.0, 109.10, 114.30, 118.400, 124.575,       ,       ,  17.74, -79.3,       ,       ,    3.5,       ,      ,       ,      ,      , -59.1, 3DDiff, 3704,      ,     10,  12.0,     16
2012-10-17, 12:46:12,  -05:00,       ,   47.9637604,  -97.1661224,  1569.6, 29.09,  1567.1,   7.2,  87.43, 105.61,   -9.28,   2.80,  -0.11,  -0.02,   0.04,  84.4,  85.5,  27.4,  27.4,   1.6,   0.0,  22.40,  23.87,     9.06,  125.71,   73.36, 2113.6,  307.20,  303.47,  314.80,  307.29, 1229.17, 1222.03, 1238.89, 1220.23,  1479.2,  90,  GPS,  174.0, 109.10, 114.30, 118.400, 124.575,       ,       ,  17.77, -79.2,       ,       ,    3.5,       ,      ,       ,      ,      ,  -7.9, 3DDiff, 3704,      ,     10,  12.0,     16
2012-10-17, 12:46:13,  -05:00,       ,   47.9637718,  -97.1653900,  1568.6, 29.09,  1569.1,   7.2,  87.28, 105.63,  -46.79,   3.82,   1.55,   0.01,   0.04,  84.4,  85.5,  27.4,  27.4,   1.4,   0.0,  22.36,  23.87,     9.15,  125.82,   73.42, 2117.0,  306.89,  303.23,  314.55,  307.00, 1228.69, 1220.59, 1239.22, 1220.59,  1481.2,  90,  GPS,  174.0, 109.10, 114.30, 118.400, 124.575,       ,       ,  17.79, -79.1,       ,       ,    3.5,       ,      ,       ,      ,      ,  19.7, 3DDiff, 3704,      ,     10,  11.5,     16
2012-10-17, 12:46:14,  -05:00,       ,   47.9637794,  -97.1646652,  1567.6, 29.09,  1569.9,   7.2,  85.86, 105.51,  -77.41,   4.24,   0.59,  -0.05,   0.02,  83.7,  85.7,  27.5,  27.5,   1.6,   0.0,  22.32,  23.94,     9.08,  125.93,   73.30, 2112.8,  306.61,  303.02,  314.27,  306.74, 1228.53, 1220.14, 1238.33, 1220.02,  1482.0,  88,  GPS,  174.0, 109.10, 114.30, 118.400, 124.575,       ,       ,  17.79, -79.0,       ,       ,    3.5,       ,      ,       ,      ,      ,  39.4, 3DDiff, 3704,      ,     10,  12.0,     16
2012-10-17, 12:46:15,  -05:00,       ,   47.9637833,  -97.1639404,  1571.6, 29.09,  1571.6,   7.2,  85.73, 105.22,   36.05,   4.10,   0.30,   0.01,  -0.01,  84.5,  85.6,  27.5,  27.5,   1.6,   0.1,  22.36,  24.00,     9.05,  126.04,   73.21, 2109.7,  306.29,  302.80,  314.01,  306.47, 1227.88, 1219.94, 1237.07, 1220.18,  1483.8,  88,  GPS,  174.0, 109.10, 114.30, 118.400, 124.575,       ,       ,  17.79, -79.0,       ,       ,    3.5,       ,      ,       ,      ,      ,  90.6, 3DDiff, 3704,      ,     10,  12.0,     16
2012-10-17, 12:46:16,  -05:00,       ,   47.9637909,  -97.1631927,  1571.6, 29.09,  1573.6,   7.2,  84.91, 104.98,   47.92,   4.53,   1.67,  -0.03,   0.04,  83.6,  85.8,  27.4,  27.5,   1.7,   0.1,  22.28,  23.87,     9.01,  126.14,   73.12, 2103.4,  305.96,  302.56,  313.73,  306.20, 1227.23, 1219.16, 1236.64, 1219.78,  1485.7,  87,  GPS,  174.0, 109.10, 114.30, 118.400, 124.575,       ,       ,  17.78, -79.0,       ,       ,    3.5,       ,      ,       ,      ,      , 102.4, 3DDiff, 3704,      ,     10,  12.0,     16
2012-10-17, 12:46:17,  -05:00,       ,   47.9637985,  -97.1624985,  1575.6, 29.09,  1576.0,   7.2,  85.01, 104.73,  116.37,   4.70,   1.34,  -0.02,   0.00,  83.9,  85.8,  27.5,  27.5,   1.5,  -0.0,  22.36,  24.00,     9.11,  126.24,   73.36, 2107.0,  305.67,  302.31,  313.49,  305.92, 1225.45, 1218.25, 1236.63, 1219.19,  1488.1,  88,  GPS,  174.0, 109.10, 114.30, 118.400, 124.575,       ,       ,  17.77, -79.0,       ,       ,    3.5,       ,      ,       ,      ,      , 133.9, 3DDiff, 3704,      ,     10,  12.0,     16
2012-10-17, 12:46:18,  -05:00,       ,   47.9638023,  -97.1617813,  1576.6, 29.09,  1578.4,   7.2,  85.83, 104.36,  117.46,   4.06,   1.30,   0.00,  -0.09,  84.8,  85.9,  27.5,  27.5,   1.6,   0.0,  22.32,  23.94,     9.14,  126.34,   73.24, 2108.0,  305.39,  302.09,  313.18,  305.66, 1222.71, 1217.34, 1235.46, 1217.56,  1490.5,  88,  GPS,  174.0, 109.10, 114.30, 118.400, 124.575,       ,       ,  17.76, -79.0,       ,       ,    3.5,       ,      ,       ,      ,      , 161.4, 3DDiff, 3704,      ,     10,  12.0,     16
2012-10-17, 12:46:19,  -05:00,       ,   47.9638062,  -97.1610641,  1578.6, 29.09,  1577.7,   7.2,  84.85, 104.11,  115.95,   3.91,   0.36,  -0.00,  -0.02,  84.7,  86.0,  27.4,  27.5,   1.6,   0.1,  22.36,  23.94,     9.14,  126.45,   73.14, 2101.5,  305.10,  301.87,  312.92,  305.38, 1222.07, 1216.80, 1234.59, 1217.29,  1489.9,  87,  GPS,  174.0, 109.10, 114.30, 118.400, 124.575,       ,       ,  17.74, -79.1,       ,       ,    3.5,       ,      ,       ,      ,      ,  70.9, 3DDiff, 3704,      ,     10,  11.5,     16
2012-10-17, 12:46:20,  -05:00,       ,   47.9638100,  -97.1603470,  1579.6, 29.09,  1577.7,   7.2,  85.12, 104.01,   97.44,   3.55,   0.57,  -0.01,  -0.03,  84.0,  86.1,  27.5,  27.5,   1.6,   0.0,  22.36,  23.87,     9.13,  126.55,   73.16, 2106.3,  304.76,  301.63,  312.65,  305.12, 1221.25, 1216.93, 1234.26, 1216.50,  1489.9,  88,  GPS,  174.0, 109.10, 114.30, 118.400, 124.575,       ,       ,  17.72, -79.2,       ,       ,    3.5,       ,      ,       ,      ,      ,   7.9, 3DDiff, 3704,      ,     10,  12.0,     16
2012-10-17, 12:46:21,  -05:00,       ,   47.9638138,  -97.1596298,  1584.6, 29.09,  1576.5,   7.2,  85.12, 103.99,  145.12,   1.72,   0.13,  -0.01,  -0.19,  84.2,  85.8,  27.4,  27.4,   1.5,   0.1,  22.40,  23.87,     8.60,  126.65,   72.62, 2064.1,  304.45,  301.36,  312.36,  304.83, 1219.57, 1216.20, 1233.23, 1215.21,  1488.7,  88,  GPS,  174.0, 109.10, 114.30, 118.400, 124.575,       ,       ,  17.70, -79.3,       ,       ,    3.5,       ,      ,       ,      ,      , -55.1, 3DDiff, 3704,      ,     10,  12.0,     16
2012-10-17, 12:46:22,  -05:00,       ,   47.9638176,  -97.1589127,  1581.6, 29.09,  1571.3,   7.2,  84.88, 104.19,   85.21,   0.85,   2.31,  -0.02,  -0.07,  84.3,  85.9,  27.4,  27.4,   1.5,   0.0,  22.40,  23.83,     8.45,  126.74,   72.37, 2034.3,  304.15,  301.13,  312.09,  304.55, 1219.14, 1214.57, 1231.34, 1213.40,  1483.4,  87,  GPS,  174.0, 109.10, 114.30, 118.400, 124.575,       ,       ,  17.66, -79.4,       ,       ,    3.5,       ,      ,       ,      ,      , -279.5, 3DDiff, 3704,      ,     10,  12.0,     16
2012-10-17, 12:46:23,  -05:00,       ,   47.9638214,  -97.1581955,  1575.6, 29.09,  1564.3,   7.2,  86.88, 104.65,  -66.38,   1.09,   2.78,  -0.01,   0.03,  84.2,  86.1,  27.4,  27.4,   1.4,  -0.1,  22.40,  23.83,     8.43,  126.83,   72.42, 2029.1,  303.80,  300.87,  311.82,  304.29, 1217.39, 1212.54, 1228.87, 1211.66,  1476.4,  89,  GPS,  174.0, 109.10, 114.30, 118.400, 124.575,       ,       ,  17.63, -79.5,       ,       ,    3.5,       ,      ,       ,      ,      , -385.8, 3DDiff, 3704,      ,     10,  12.0,     16
2012-10-17, 12:46:24,  -05:00,       ,   47.9638214,  -97.1574326,  1570.6, 29.09,  1557.9,   7.2,  87.00, 105.18, -202.82,   0.03,   1.69,  -0.02,  -0.10,  84.5,  86.3,  27.4,  27.5,   1.6,   0.0,  22.47,  23.77,     7.93,  126.91,   71.78, 1981.2,  303.48,  300.63,  311.53,  304.01, 1216.45, 1210.09, 1228.28, 1209.29,  1470.0,  90,  GPS,  174.0, 109.10, 114.30, 118.400, 124.575,       ,       ,  17.58, -79.6,       ,       ,    3.5,       ,      ,       ,      ,      , -397.6, 3DDiff, 3704,      ,     10,  12.0,     16
2012-10-17, 12:46:25,  -05:00,       ,   47.9638252,  -97.1567383,  1565.6, 29.09,  1550.7,   7.2,  87.64, 105.66, -255.20,  -0.40,   1.71,  -0.06,   0.08,  85.2,  86.5,  27.5,  27.5,   1.6,   0.1,  22.47,  23.77,     7.78,  127.00,   71.64, 1959.6,  303.22,  300.35,  311.22,  303.68, 1213.50, 1206.63, 1228.49, 1207.00,  1462.9,  90,  GPS,  174.0, 109.10, 114.30, 118.400, 124.575,       ,       ,  17.53, -79.7,       ,       ,    3.5,       ,      ,       ,      ,      , -523.6, 3DDiff, 3704,      ,     10,  12.0,     16
2012-10-17, 12:46:26,  -05:00,       ,   47.9638252,  -97.1560059,  1556.6, 29.09,  1541.4,   7.2,  87.68, 106.33, -351.83,  -0.31,   1.68,  -0.01,  -0.02,  86.8,  86.5,  27.4,  27.5,   1.6,   0.1,  22.47,  23.71,     7.81,  127.08,   71.58, 1953.7,  302.85,  300.08,  310.95,  303.38, 1211.53, 1203.17, 1227.84, 1205.34,  1453.6,  90,  GPS,  174.0, 109.10, 114.30, 118.400, 124.575,       ,       ,  17.47, -79.9,       ,       ,    3.5,       ,      ,       ,      ,      , -559.1, 3DDiff, 3704,      ,     10,  12.0,     16
2012-10-17, 12:46:27,  -05:00,       ,   47.9638214,  -97.1552658,  1539.6, 29.09,  1531.6,   7.2,  88.01, 106.97, -563.66,   0.03,   3.21,   0.02,  -0.01,  87.1,  86.8,  27.5,  27.5,   1.5,  -0.0,  22.36,  23.71,     7.61,  127.16,   71.51, 1943.6,  302.54,  299.79,  310.61,  303.08, 1209.95, 1201.40, 1225.73, 1205.10,  1443.8,  91,  GPS,  174.0, 109.10, 114.30, 118.400, 124.575,       ,       ,  17.40, -80.0,       ,       ,    3.5,       ,      ,       ,      ,      , -594.5, 3DDiff, 3704,      ,     10,  12.0,     16
2012-10-17, 12:46:28,  -05:00,       ,   47.9638138,  -97.1545181,  1531.6, 29.09,  1522.0,   7.2,  88.71, 107.49, -631.00,  -0.64,   0.77,  -0.06,  -0.07,  86.1,  87.4,  27.5,  27.5,   1.6,   0.1,  22.40,  23.83,     6.82,  127.24,   70.87, 1886.8,  302.18,  299.51,  310.29,  302.76, 1209.14, 1200.56, 1224.05, 1207.08,  1434.2,  91,  GPS,  174.0, 109.10, 114.30, 118.400, 124.575,       ,       ,  17.33, -80.3,       ,       ,    3.5,       ,      ,       ,      ,      , -582.7, 3DDiff, 3704,      ,     10,  12.0,     16
2012-10-17, 12:46:29,  -05:00,       ,   47.9638062,  -97.1537781,  1526.6, 29.09,  1512.1,   7.2,  88.26, 107.88, -516.28,  -1.33,  -1.07,   0.05,  -0.09,  87.4,  87.3,  27.7,  27.7,   1.7,   0.0,  22.40,  23.83,     6.77,  127.33,   70.34, 1853.5,  301.84,  299.20,  309.95,  302.42, 1210.67, 1200.09, 1224.64, 1207.84,  1424.3,  91,  GPS,  174.0, 109.10, 114.30, 118.400, 124.575,       ,       ,  17.26, -80.5,       ,       ,    3.5,       ,      ,       ,      ,      , -610.2, 3DDiff, 3704,      ,     10,  12.0,     16
2012-10-17, 12:46:30,  -05:00,       ,   47.9637947,  -97.1530380,  1507.6, 29.09,  1500.5,   7.2,  88.18, 108.33, -667.41,  -1.19,   1.10,  -0.00,   0.07,  87.0,  87.4,  27.5,  27.5,   1.5,   0.0,  22.32,  23.83,     6.81,  127.43,   70.19, 1846.5,  301.46,  298.91,  309.65,  302.11, 1213.17, 1199.75, 1224.06, 1206.44,  1412.6,  91,  GPS,  174.0, 109.10, 114.30, 118.400, 124.575,       ,       ,  17.20, -80.8,       ,       ,    3.5,       ,      ,       ,      ,      , -665.4, 3DDiff, 3704,      ,     10,  12.0,     16
2012-10-17, 12:46:31,  -05:00,       ,   47.9637833,  -97.1522598,  1499.6, 29.09,  1490.7,   7.2,  89.33, 108.60, -687.90,  -0.80,   1.77,  -0.03,   0.08,  86.4,  87.7,  27.5,  27.5,   1.6,   0.0,  22.28,  23.87,     6.74,  127.52,   70.24, 1850.0,  301.06,  298.57,  309.25,  301.76, 1217.05, 1199.49, 1224.43, 1205.68,  1402.9,  92,  GPS,  174.0, 109.10, 114.30, 118.400, 124.575,       ,       ,  17.15, -81.1,       ,       ,    3.5,       ,      ,       ,      ,      , -496.1, 3DDiff, 3704,      ,     10,  12.0,     16
2012-10-17, 12:46:32,  -05:00,       ,   47.9637794,  -97.1515427,  1496.6, 29.09,  1485.8,   7.2,  90.59, 108.35, -520.55,  -1.54,   1.09,  -0.02,  -0.05,  87.4,  87.7,  27.5,  27.5,   1.7,   0.0,  22.32,  23.87,     6.80,  127.62,   70.38, 1861.8,  300.71,  298.20,  308.87,  301.41, 1221.12, 1199.73, 1224.98, 1203.78,  1397.9,  93,  GPS,  174.0, 109.10, 114.30, 118.400, 124.575,       ,       ,  17.10, -81.3,       ,       ,    3.5,       ,      ,       ,      ,      , -330.7, 3DDiff, 3704,      ,     10,  12.0,     16
2012-10-17, 12:46:33,  -05:00,       ,   47.9637642,  -97.1508026,  1491.6, 29.09,  1479.9,   7.2,  89.67, 107.88, -403.46,  -1.78,   0.07,   0.03,  -0.03,  88.3,  87.9,  27.5,  27.5,   1.7,   0.0,  22.36,  23.87,     6.76,  127.70,   70.24, 1856.6,  300.29,  297.82,  308.49,  301.04, 1223.47, 1200.47, 1224.45, 1200.49,  1392.1,  92,  GPS,  174.0, 109.10, 114.30, 118.400, 124.575,       ,       ,  17.05, -81.6,       ,       ,    3.5,       ,      ,       ,      ,      , -338.6, 3DDiff, 3704,      ,     10,  12.0,     16
2012-10-17, 12:46:34,  -05:00,       ,   47.9637489,  -97.1500549,  1482.6, 29.09,  1473.3,   7.2,  88.47, 107.51, -417.45,  -1.71,   0.46,   0.01,  -0.06,  87.8,  88.0,  27.5,  27.5,   1.7,   0.1,  22.32,  23.87,     6.70,  127.79,   70.16, 1850.4,  299.84,  297.45,  308.13,  300.65, 1224.71, 1200.53, 1224.26, 1197.92,  1385.4,  91,  GPS,  174.0, 109.10, 114.30, 118.400, 124.575,       ,       ,  16.99, -81.9,       ,       ,    3.5,       ,      ,       ,      ,      , -385.8, 3DDiff, 3704,      ,     10,  12.0,     16
2012-10-17, 12:46:35,  -05:00,       ,   47.9637337,  -97.1493225,  1476.6, 29.09,  1465.4,   7.2,  87.71, 107.20, -415.25,  -2.10,   0.81,  -0.00,  -0.08,  87.1,  88.1,  27.6,  27.7,   1.7,   0.1,  22.32,  23.87,     6.26,  127.88,   69.81, 1817.5,  299.44,  297.05,  307.69,  300.25, 1224.28, 1200.02, 1224.18, 1196.86,  1377.6,  90,  GPS,  174.0, 109.10, 114.30, 118.400, 124.575,       ,       ,  16.93, -82.2,       ,       ,    3.5,       ,      ,       ,      ,      , -433.1, 3DDiff, 3704,      ,     10,  12.0,     16
2012-10-17, 12:46:36,  -05:00,       ,   47.9637184,  -97.1485825,  1471.6, 29.09,  1457.7,   7.2,  88.77, 106.87, -387.86,  -2.66,   4.86,  -0.03,  -0.05,  87.2,  88.3,  27.6,  27.6,   1.7,   0.0,  22.28,  23.87,     5.09,  127.96,   68.70, 1734.5,  298.98,  296.67,  307.25,  299.87, 1227.04, 1201.63, 1226.14, 1199.67,  1369.9,  91,  GPS,  174.0, 109.10, 114.30, 118.400, 124.575,       ,       ,  16.88, -82.5,       ,       ,    3.5,       ,      ,       ,      ,      , -468.5, 3DDiff, 3704,      ,     10,  12.0,     16
2012-10-17, 12:46:37,  -05:00,       ,   47.9636955,  -97.1478271,  1463.6, 29.09,  1450.7,   7.2,  89.07, 106.42, -370.92,  -0.67,  14.78,  -0.03,   0.12,  88.9,  89.3,  27.6,  27.6,   1.6,   0.0,  22.26,  23.94,     4.71,  128.04,   68.47, 1710.3,  298.50,  296.24,  306.81,  299.46, 1231.62, 1203.00, 1226.26, 1204.94,  1362.8,  92,  GPS,  174.0, 109.10, 114.30, 118.400, 124.575,       ,       ,  16.82, -82.8,       ,       ,    3.5,       ,      ,       ,      ,      , -500.0, 3DDiff, 3704,      ,     10,  12.0,     16
2012-10-17, 12:46:38,  -05:00,       ,   47.9636497,  -97.1471252,  1456.6, 29.09,  1446.1,   7.2,  87.68, 106.07, -412.26,  -1.36,  21.13,  -0.01,  -0.07,  92.1,  91.7,  27.6,  27.7,   1.7,   0.1,  22.32,  24.00,     4.41,  128.12,   68.16, 1685.7,  298.07,  295.82,  306.37,  299.04, 1232.13, 1202.67, 1224.06, 1209.57,  1358.2,  90,  GPS,  174.0, 109.10, 114.30, 118.400, 124.575,       ,       ,  16.77, -83.0,       ,       ,    3.5,       ,      ,       ,      ,      , -354.3, 3DDiff, 3704,      ,     10,  14.5,     18
2012-10-17, 12:46:39,  -05:00,       ,   47.9635773,  -97.1464081,  1446.6, 29.09,  1440.5,   7.2,  86.22, 105.59, -435.77,  -0.37,  23.48,   0.01,   0.17,  98.8,  95.4,  27.6,  27.6,   1.6,   0.0,  22.40,  23.94,     4.11,  128.19,   67.55, 1650.9,  297.59,  295.36,  305.94,  298.63, 1232.00, 1201.68, 1221.58, 1212.70,  1352.7,  89,  GPS,  174.0, 109.10, 114.30, 118.400, 124.575,       ,       ,  16.71, -83.3,       ,       ,    3.5,       ,      ,       ,      ,      , -346.5, 3DDiff, 3704,      ,     10,  14.5,     18
2012-10-17, 12:46:40,  -05:00,       ,   47.9634590,  -97.1457062,  1435.6, 29.09,  1436.8,   7.2,  84.05, 105.10, -562.64,  -0.30,  27.38,   0.00,   0.09, 104.1, 100.1,  27.5,  27.6,   1.6,   0.0,  22.36,  23.87,     3.88,  128.26,   67.20, 1620.6,  297.10,  294.88,  305.46,  298.17, 1228.89, 1200.41, 1220.04, 1214.34,  1349.0,  86,  GPS,  174.0, 109.10, 114.30, 118.400, 124.575,       ,       ,  16.68, -83.5,       ,       ,    3.5,       ,      ,       ,      ,      , -244.1, 3DDiff, 3704,      ,     10,  15.0,     18
2012-10-17, 12:46:41,  -05:00,       ,   47.9633102,  -97.1450272,  1436.6, 29.09,  1433.2,   7.5,  85.87, 104.32, -410.89,  -0.03,  30.53,  -0.04,   0.15, 110.7, 105.3,  27.6,  27.6,   1.6,   0.0,  22.36,  23.94,     3.70,  128.33,   66.90, 1596.3,  296.59,  294.41,  304.99,  297.71, 1226.91, 1199.35, 1217.85, 1215.43,  1345.3,  88,  GPS,  174.0, 109.10, 114.30, 118.400, 124.575,       ,       ,  16.67, -83.9,       ,       ,    3.5,       ,      ,       ,      ,      , -248.0, 3DDiff, 3704,      ,     10,  15.0,     18
2012-10-17, 12:46:42,  -05:00,       ,   47.9631081,  -97.1443787,  1433.6, 29.09,  1428.0,   7.5,  85.56, 103.24, -264.07,  -2.78,  32.67,   0.02,  -0.16, 118.0, 110.9,  27.6,  27.6,   1.7,   0.1,  22.40,  24.00,     3.68,  128.39,   66.91, 1593.7,  296.06,  293.91,  304.50,  297.26, 1225.41, 1198.36, 1215.41, 1215.62,  1340.1,  88,  GPS,  174.0, 109.10, 114.30, 118.400, 124.575,       ,       ,  16.68, -84.3,       ,       ,    3.5,       ,      ,       ,      ,      , -334.6, 3DDiff, 3704,      ,     12,  20.5,     20
2012-10-17, 12:46:43,  -05:00,       ,   47.9628754,  -97.1437683,  1425.6, 29.09,  1414.3,   7.5,  84.04, 102.22, -292.19,  -1.79,  32.61,  -0.01,   0.28, 126.9, 116.3,  27.5,  27.6,   1.5,   0.0,  22.40,  23.94,     3.71,  128.45,   66.87, 1589.8,  295.61,  293.49,  304.10,  296.84, 1223.28, 1197.24, 1213.15, 1215.31,  1326.5,  86,  GPS,  174.0, 109.10, 114.30, 118.400, 124.575,       ,       ,  16.71, -84.8,       ,       ,    3.5,       ,      ,       ,      ,      , -618.1, 3DDiff, 3704,      ,     11,  17.0,     18
2012-10-17, 12:46:44,  -05:00,       ,   47.9625893,  -97.1431808,  1407.6, 29.09,  1402.2,   7.5,  82.21, 101.08, -537.84,  -2.34,  26.66,   0.05,   0.21, 136.3, 123.1,  27.6,  27.6,   1.7,   0.1,  22.32,  24.00,     3.71,  128.52,   66.64, 1585.0,  295.03,  292.98,  303.54,  296.37, 1220.41, 1195.70, 1210.37, 1214.08,  1314.3,  84,  GPS,  174.0, 109.10, 114.30, 118.400, 124.575,       ,       ,  16.80, -85.4,       ,       ,    3.5,       ,      ,       ,      ,      , -598.4, 3DDiff, 3704,      ,     11,  16.5,     18
2012-10-17, 12:46:45,  -05:00,       ,   47.9622841,  -97.1427002,  1388.6, 29.09,  1395.1,   7.5,  80.77,  99.83, -822.43,  -2.57,  25.70,   0.02,   0.01, 141.0, 129.1,  27.6,  27.6,   1.6,   0.0,  22.26,  24.00,     3.73,  128.58,   66.64, 1575.0,  294.46,  292.38,  302.97,  295.82, 1218.07, 1194.65, 1208.45, 1211.79,  1307.2,  83,  GPS,  174.0, 109.10, 114.30, 118.400, 124.575,       ,       ,  16.94, -86.0,       ,       ,    3.5,       ,      ,       ,      ,      , -492.1, 3DDiff, 3704,      ,     10,  16.5,     18
2012-10-17, 12:46:46,  -05:00,       ,   47.9619522,  -97.1422501,  1389.6, 29.09,  1384.8,   7.5,  81.22,  98.57, -641.13,  -2.04,  25.36,  -0.02,   0.13, 145.1, 134.2,  27.5,  27.6,   1.7,  -0.0,  22.17,  24.00,     3.64,  128.64,   66.66, 1567.9,  293.88,  291.84,  302.42,  295.30, 1215.88, 1193.36, 1206.46, 1210.16,  1296.9,  83,  GPS,  174.0, 109.10, 114.30, 118.400, 124.575,       ,       ,  17.13, -86.6,       ,       ,    3.5,       ,      ,       ,      ,      , -594.5, 3DDiff, 3704,      ,     11,  16.5,     18
2012-10-17, 12:46:47,  -05:00,       ,   47.9615936,  -97.1418304,  1381.6, 29.09,  1372.8,   7.5,  81.63,  97.31, -491.09,  -2.97,  26.52,   0.00,   0.14, 150.9, 139.2,  27.6,  27.6,   1.6,   0.0,  22.26,  24.00,     3.69,  128.71,   66.60, 1565.1,  293.32,  291.30,  301.88,  294.81, 1213.16, 1192.40, 1205.65, 1208.59,  1285.0,  84,  GPS,  174.0, 109.10, 114.30, 118.400, 124.575,       ,       ,  17.36, -87.1,       ,       ,    3.5,       ,      ,       ,      ,      , -645.7, 3DDiff, 3704,      ,     11,  16.5,     18
2012-10-17, 12:46:48,  -05:00,       ,   47.9612122,  -97.1414948,  1366.6, 29.09,  1361.1,   7.5,  83.08,  96.06, -569.87,  -3.67,  26.97,   0.01,   0.17, 157.7, 144.8,  27.6,  27.6,   1.5,   0.0,  22.21,  24.00,     3.72,  128.77,   66.80, 1579.0,  292.75,  290.71,  301.35,  294.31, 1210.49, 1191.42, 1205.47, 1207.06,  1273.2,  85,  GPS,  174.0, 109.10, 114.30, 118.400, 124.575,       ,       ,  17.60, -87.5,       ,       ,    3.5,       ,      ,       ,      ,      , -681.1, 3DDiff, 3704,      ,     11,  16.5,     18
2012-10-17, 12:46:49,  -05:00,       ,   47.9608192,  -97.1412048,  1355.6, 29.09,  1353.5,   7.5,  83.09,  94.99, -633.90,  -3.16,  24.71,   0.00,   0.16, 165.3, 150.7,  27.5,  27.6,   1.6,   0.0,  22.21,  24.00,     3.69,  128.83,   66.85, 1584.9,  292.21,  290.22,  300.88,  293.83, 1207.68, 1189.22, 1203.66, 1206.00,  1265.7,  85,  GPS,  174.0, 109.10, 114.30, 118.400, 124.575,       ,       ,  17.86, -87.9,       ,       ,    3.5,       ,      ,       ,      ,      , -582.7, 3DDiff, 3704,      ,     10,  16.0,     18
2012-10-17, 12:46:50,  -05:00,       ,   47.9604149,  -97.1409836,  1344.6, 29.09,  1345.5,   7.5,  83.12,  93.71, -671.46,  -3.55,  20.06,  -0.01,   0.03, 171.7, 156.2,  27.5,  27.5,   1.6,   0.0,  22.26,  24.00,     3.75,  128.90,   66.92, 1591.1,  291.68,  289.68,  300.31,  293.29, 1206.01, 1187.02, 1200.36, 1205.16,  1257.7,  85,  GPS,  174.0, 109.10, 114.30, 118.400, 124.575,       ,       ,  18.14, -88.2,       ,       ,    3.5,       ,      ,       ,      ,      , -511.8, 3DDiff, 3704,      ,     10,  16.0,     18
2012-10-17, 12:46:51,  -05:00,       ,   47.9600029,  -97.1408081,  1337.6, 29.09,  1336.5,   7.5,  83.02,  92.25, -593.50,  -3.23,  15.28,   0.04,  -0.00, 177.1, 160.6,  27.6,  27.6,   1.6,   0.0,  22.17,  24.00,     3.65,  128.96,   66.79, 1588.9,  290.99,  289.03,  299.78,  292.71, 1205.43, 1184.74, 1197.88, 1204.60,  1248.6,  85,  GPS,  174.0, 109.10, 114.30, 118.400, 124.575,       ,       ,  18.44, -88.4,       ,       ,    3.5,       ,      ,       ,      ,      , -555.1, 3DDiff, 3704,      ,     10,  16.0,     18
2012-10-17, 12:46:52,  -05:00,       ,   47.9595909,  -97.1406708,  1321.6, 29.09,  1327.3,   7.5,  81.74,  91.01, -661.70,  -2.72,   4.32,   0.06,   0.00, 180.8, 164.0,  27.5,  27.6,   1.7,   0.1,  22.15,  24.00,     3.66,  129.03,   66.87, 1588.4,  290.43,  288.46,  299.18,  292.18, 1204.26, 1182.64, 1197.86, 1203.21,  1239.5,  84,  GPS,  174.0, 109.10, 114.30, 118.400, 124.575,       ,       ,  18.78, -88.6,       ,       ,    3.5,       ,      ,       ,      ,      , -570.9, 3DDiff, 3704,      ,     10,  16.0,     18
2012-10-17, 12:46:53,  -05:00,       ,   47.9591675,  -97.1405563,  1309.6, 29.09,  1318.9,   7.5,  80.59,  90.23, -737.94,  -3.07,   0.83,  -0.00,   0.03, 180.0, 165.8,  27.5,  27.5,   1.5,  -0.0,  22.02,  24.00,     3.71,  129.09,   66.67, 1577.2,  289.73,  287.86,  298.54,  291.61, 1203.29, 1181.17, 1197.57, 1201.53,  1231.0,  83,  GPS,  174.0, 109.10, 114.30, 118.400, 124.575,       ,       ,  19.13, -88.6,       ,       ,    3.5,       ,      ,       ,      ,      , -531.5, 3DDiff, 3704,      ,     10,  16.0,     18
2012-10-17, 12:46:54,  -05:00,       ,   47.9587822,  -97.1404648,  1306.6, 29.09,  1310.6,   7.5,  80.49,  89.84, -585.36,  -2.63,   2.19,  -0.02,   0.04, 178.6, 166.6,  27.5,  27.6,   1.6,   0.0,  22.02,  24.00,     3.73,  129.16,   66.62, 1566.1,  289.19,  287.28,  298.04,  291.08, 1203.34, 1180.31, 1196.29, 1201.13,  1222.8,  83,  GPS,  174.0, 109.10, 114.30, 118.400, 124.575,       ,       ,  19.46, -88.5,       ,       ,    3.5,       ,      ,       ,      ,      , -523.6, 3DDiff, 3704,      ,     10,  16.0,     18
2012-10-17, 12:46:55,  -05:00,       ,   47.9583626,  -97.1403580,  1301.6, 29.09,  1302.9,   7.5,  82.55,  89.49, -447.42,  -2.47,   1.64,   0.02,  -0.00, 180.4, 167.2,  27.5,  27.6,   1.5,   0.0,  22.02,  24.00,     3.75,  129.22,   66.77, 1573.6,  288.60,  286.70,  297.44,  290.51, 1201.91, 1179.70, 1194.34, 1200.84,  1215.1,  85,  GPS,  174.0, 109.10, 114.30, 118.400, 124.575,       ,       ,  19.77, -88.3,       ,       ,    3.5,       ,      ,       ,      ,      , -401.6, 3DDiff, 3704,      ,     10,  15.5,     18
2012-10-17, 12:46:56,  -05:00,       ,   47.9579582,  -97.1402664,  1296.6, 29.09,  1296.1,   7.5,  81.80,  88.93, -371.11,  -2.42,   2.35,   0.02,   0.01, 182.5, 167.8,  27.5,  27.6,   1.6,   0.1,  21.96,  24.00,     3.69,  129.28,   66.74, 1576.2,  288.04,  286.13,  296.91,  290.04, 1200.41, 1178.79, 1192.92, 1200.28,  1208.3,  84,  GPS,  174.0, 109.10, 114.30, 118.400, 124.575,       ,       ,  20.05, -88.1,       ,       ,    3.5,       ,      ,       ,      ,      , -409.4, 3DDiff, 3704,      ,     10,  15.5,     18
2012-10-17, 12:46:57,  -05:00,       ,   47.9575539,  -97.1401901,  1283.6, 29.09,  1288.6,   7.5,  79.61,  88.33, -465.16,  -1.53,   5.48,   0.01,   0.12, 183.5, 168.7,  27.5,  27.6,   1.6,   0.1,  21.83,  24.00,     3.69,  129.35,   66.68, 1570.4,  287.51,  285.62,  296.38,  289.55, 1198.24, 1177.39, 1192.47, 1200.10,  1200.8,  82,  GPS,  174.0, 109.10, 114.30, 118.400, 124.575,       ,       ,  20.31, -87.7,       ,       ,    3.5,       ,      ,       ,      ,      , -444.9, 3DDiff, 3704,      ,     10,  16.0,     18
2012-10-17, 12:46:58,  -05:00,       ,   47.9571495,  -97.1401215,  1276.6, 29.09,  1283.3,   7.5,  79.83,  87.59, -494.45,  -1.20,  11.72,   0.01,   0.06, 184.3, 170.5,  27.5,  27.6,   1.6,   0.0,  21.71,  24.00,     3.72,  129.41,   66.53, 1565.3,  286.82,  284.96,  295.75,  288.94, 1196.27, 1175.11, 1191.66, 1198.69,  1195.5,  82,  GPS,  174.0, 109.10, 114.30, 118.400, 124.575,       ,       ,  20.55, -87.3,       ,       ,    3.5,       ,      ,       ,      ,      , -330.7, 3DDiff, 3704,      ,     10,  16.0,     18
2012-10-17, 12:46:59,  -05:00,       ,   47.9567490,  -97.1400757,  1276.6, 29.09,  1278.7,   7.8,  79.29,  86.48, -353.32,  -1.35,  12.02,   0.02,  -0.03, 186.5, 172.8,  27.5,  27.6,   1.6,   0.1,  21.71,  24.00,     3.68,  129.48,   66.62, 1557.2,  286.18,  284.28,  295.11,  288.33, 1195.26, 1172.95, 1190.13, 1196.69,  1190.9,  81,  GPS,  174.0, 109.10, 114.30, 118.400, 124.575,       ,       ,  20.77, -86.9,       ,       ,    3.5,       ,      ,       ,      ,      , -267.7, 3DDiff, 3704,      ,     10,  16.0,     18
2012-10-17, 12:47:00,  -05:00,       ,   47.9563522,  -97.1400604,  1273.6, 29.09,  1272.6,   7.8,  78.90,  85.31, -243.40,  -1.32,   9.20,  -0.01,   0.08, 190.5, 175.2,  27.6,  27.6,   1.7,   0.1,  21.71,  24.00,     3.68,  129.55,   66.47, 1551.8,  285.56,  283.66,  294.56,  287.74, 1194.33, 1171.67, 1189.05, 1194.71,  1184.8,  81,  GPS,  174.0, 109.10, 114.30, 118.400, 124.575,       ,       ,  20.97, -86.4,       ,       ,    3.5,       ,      ,       ,      ,      , -350.4, 3DDiff, 3704,      ,     10,  16.0,     18
2012-10-17, 12:47:01,  -05:00,       ,   47.9559669,  -97.1400681,  1261.6, 29.09,  1269.1,   7.8,  77.75,  84.01, -357.81,  -0.45,  11.43,   0.01,   0.06, 194.4, 177.6,  27.5,  27.5,   1.6,   0.0,  21.64,  24.00,     3.75,  129.62,   66.33, 1544.7,  284.94,  283.07,  293.97,  287.14, 1193.96, 1170.22, 1186.71, 1193.38,  1181.3,  80,  GPS,  174.0, 109.10, 114.30, 118.400, 124.575,       ,       ,  21.15, -85.8,       ,       ,    3.5,       ,      ,       ,      ,      , -322.8, 3DDiff, 3704,      ,     10,  15.5,     18
2012-10-17, 12:47:02,  -05:00,       ,   47.9555779,  -97.1401138,  1257.6, 29.09,  1265.0,   7.8,  76.41,  82.13, -364.08,  -2.18,  13.97,   0.04,  -0.10, 197.8, 180.2,  27.5,  27.5,   1.7,   0.1,  21.59,  24.00,     3.70,  129.69,   66.39, 1533.1,  284.24,  282.44,  293.35,  286.58, 1193.68, 1168.84, 1184.69, 1193.10,  1177.2,  78,  GPS,  174.0, 109.10, 114.30, 118.400, 124.575,       ,       ,  21.33, -85.2,       ,       ,    3.5,       ,      ,       ,      ,      , -248.0, 3DDiff, 3704,      ,     10,  15.5,     18
2012-10-17, 12:47:03,  -05:00,       ,   47.9552269,  -97.1401672,  1253.6, 29.09,  1258.6,   7.8,  75.48,  79.93, -319.00,  -2.11,  15.00,   0.01,   0.05, 200.9, 183.0,  27.6,  27.6,   1.6,  -0.0,  21.59,  24.00,     3.75,  129.76,   66.22, 1524.9,  283.71,  281.84,  292.75,  286.01, 1191.34, 1167.46, 1183.02, 1193.06,  1170.7,  77,  GPS,  174.0, 109.10, 114.30, 118.400, 124.575,       ,       ,  21.51, -84.5,       ,       ,    3.5,       ,      ,       ,      ,      , -389.8, 3DDiff, 3704,      ,     10,  15.5,     18
2012-10-17, 12:47:04,  -05:00,       ,   47.9548721,  -97.1402664,  1240.6, 29.09,  1251.5,   7.8,  73.51,  77.85, -444.92,  -2.25,  15.73,  -0.04,   0.01, 203.3, 186.6,  27.6,  27.6,   1.6,   0.1,  21.59,  24.00,     3.67,  129.82,   66.11, 1515.6,  283.05,  281.25,  292.23,  285.45, 1189.28, 1166.47, 1180.55, 1192.84,  1163.6,  75,  GPS,  174.0, 109.10, 114.30, 118.400, 124.575,       ,       ,  21.70, -83.7,       ,       ,    3.5,       ,      ,       ,      ,      , -429.1, 3DDiff, 3704,      ,     10,  15.5,     18
2012-10-17, 12:47:05,  -05:00,       ,   47.9545288,  -97.1403961,  1237.6, 29.09,  1245.5,   7.8,  72.96,  76.00, -421.86,  -2.76,  16.40,   0.01,  -0.05, 207.5, 190.4,  27.6,  27.6,   1.6,   0.0,  21.66,  24.00,     3.72,  129.89,   65.93, 1504.3,  282.44,  280.64,  291.63,  284.90, 1186.33, 1165.05, 1179.69, 1192.80,  1157.7,  75,  GPS,  174.0, 109.10, 114.30, 118.400, 124.575,       ,       ,  21.87, -82.9,       ,       ,    3.5,       ,      ,       ,      ,      , -389.8, 3DDiff, 3704,      ,     10,  15.5,     18
2012-10-17, 12:47:06,  -05:00,       ,   47.9542046,  -97.1405487,  1227.6, 29.09,  1237.2,   7.8,  71.40,  74.19, -448.77,  -3.44,  17.58,   0.03,  -0.03, 211.4, 194.3,  27.5,  27.6,   1.6,   0.1,  21.71,  24.00,     3.75,  129.96,   65.96, 1502.5,  281.88,  280.08,  291.11,  284.39, 1181.58, 1162.96, 1178.35, 1192.05,  1149.2,  73,  GPS,  174.0, 109.10, 114.30, 118.400, 124.575,       ,       ,  22.02, -82.1,       ,       ,    3.5,       ,      ,       ,      ,      , -492.1, 3DDiff, 3704,      ,     10,  15.5,     18
2012-10-17, 12:47:07,  -05:00,       ,   47.9538956,  -97.1407394,  1219.6, 29.09,  1223.3,   7.8,  71.88,  72.52, -505.54,  -2.71,  18.60,  -0.06,   0.10, 213.4, 199.0,  27.5,  27.6,   1.5,  -0.0,  21.64,  24.00,     3.68,  130.02,   65.86, 1498.5,  281.28,  279.50,  290.48,  283.81, 1179.28, 1160.33, 1175.63, 1190.24,  1135.2,  74,  GPS,  174.0, 109.10, 114.30, 118.400, 124.575,       ,       ,  22.15, -81.2,       ,       ,    3.5,       ,      ,       ,      ,      , -606.3, 3DDiff, 3704,      ,     11,  16.5,     20
2012-10-17, 12:47:08,  -05:00,       ,   47.9535866,  -97.1409760,  1211.6, 29.09,  1212.1,   7.8,  71.96,  71.03, -458.58,  -2.90,  17.44,  -0.02,   0.14, 218.8, 203.8,  27.6,  27.6,   1.6,   0.0,  21.71,  24.00,     3.71,  130.08,   65.82, 1497.8,  280.60,  278.87,  289.90,  283.27, 1178.38, 1158.11, 1173.01, 1187.01,  1124.0,  74,  GPS,  174.0, 109.10, 114.30, 118.400, 124.575,       ,       ,  22.23, -80.2,       ,       ,    3.5,       ,      ,       ,      ,      , -637.8, 3DDiff, 3704,      ,     11,  16.5,     19
2012-10-17, 12:47:09,  -05:00,       ,   47.9533310,  -97.1412201,  1199.6, 29.09,  1204.1,   7.8,  72.16,  69.72, -552.67,  -2.78,  18.83,   0.01,   0.12, 224.5, 208.7,  27.5,  27.6,   1.6,   0.0,  21.71,  24.00,     3.69,  130.15,   65.78, 1493.6,  280.06,  278.26,  289.29,  282.69, 1177.22, 1155.81, 1172.02, 1184.86,  1116.1,  74,  GPS,  174.0, 109.10, 114.30, 118.400, 124.575,       ,       ,  22.28, -79.2,       ,       ,    3.5,       ,      ,       ,      ,      , -551.2, 3DDiff, 3704,      ,     11,  16.0,     18
2012-10-17, 12:47:10,  -05:00,       ,   47.9530830,  -97.1415024,  1190.6, 29.09,  1196.5,   7.8,  71.06,  68.29, -581.62,  -2.38,  18.17,   0.02,  -0.00, 230.3, 213.9,  27.6,  27.6,   1.6,   0.0,  21.78,  24.00,     3.74,  130.22,   65.71, 1491.8,  279.43,  277.61,  288.70,  282.15, 1176.28, 1154.67, 1170.09, 1183.14,  1108.5,  73,  GPS,  174.0, 109.10, 114.30, 118.400, 124.575,       ,       ,  22.31, -78.2,       ,       ,    3.5,       ,      ,       ,      ,      , -503.9, 3DDiff, 3704,      ,     11,  16.0,     18
2012-10-17, 12:47:11,  -05:00,       ,   47.9528542,  -97.1418152,  1178.6, 29.09,  1186.3,   8.0,  70.47,  66.59, -605.73,  -1.67,  18.31,  -0.01,   0.14, 234.8, 218.9,  27.5,  27.6,   1.6,   0.0,  21.78,  24.00,     3.69,  130.28,   65.76, 1492.3,  278.84,  277.03,  288.13,  281.57, 1175.38, 1153.54, 1168.78, 1180.14,  1098.2,  72,  GPS,  174.0, 109.10, 114.30, 118.400, 124.575,       ,       ,  22.31, -77.2,       ,       ,    3.5,       ,      ,       ,      ,      , -582.7, 3DDiff, 3704,      ,     11,  16.0,     18
2012-10-17, 12:47:12,  -05:00,       ,   47.9526596,  -97.1421509,  1167.6, 29.09,  1178.1,   8.0,  71.00,  64.86, -661.84,  -1.32,  21.57,  -0.04,   0.07, 237.7, 225.3,  27.5,  27.5,   1.5,  -0.0,  21.91,  24.00,     3.68,  130.35,   65.77, 1494.0,  278.15,  276.35,  287.50,  280.95, 1174.20, 1151.78, 1166.71, 1177.99,  1090.0,  73,  GPS,  174.0, 109.10, 114.30, 118.400, 124.575,       ,       ,  22.29, -76.1,       ,       ,    3.5,       ,      ,       ,      ,      , -448.8, 3DDiff, 3704,      ,     11,  16.0,     18
2012-10-17, 12:47:13,  -05:00,       ,   47.9524879,  -97.1425018,  1166.6, 29.09,  1172.4,   8.0,  70.29,  63.25, -483.26,  -0.98,  22.19,  -0.05,   0.08, 244.1, 231.4,  27.4,  27.5,   1.5,   0.1,  22.00,  24.00,     3.73,  130.42,   65.65, 1488.8,  277.52,  275.73,  286.89,  280.37, 1172.28, 1150.41, 1164.45, 1177.33,  1084.3,  72,  GPS,  174.0, 109.10, 114.30, 118.400, 124.575,       ,       ,  22.23, -75.0,       ,       ,    3.5,       ,      ,       ,      ,      , -401.6, 3DDiff, 3704,      ,     10,  15.5,     18
2012-10-17, 12:47:14,  -05:00,       ,   47.9523544,  -97.1428757,  1160.6, 29.09,  1165.9,   8.0,  70.99,  61.56, -384.27,  -1.46,  23.42,   0.02,   0.01, 253.6, 238.2,  27.5,  27.5,   1.6,  -0.0,  22.07,  24.00,     3.72,  130.48,   65.78, 1487.2,  276.91,  275.16,  286.33,  279.82, 1170.84, 1148.53, 1163.04, 1176.96,  1077.9,  73,  GPS,  174.0, 109.10, 114.30, 118.400, 124.575,       ,       ,  22.14, -73.9,       ,       ,    3.5,       ,      ,       ,      ,      , -401.6, 3DDiff, 3704,      ,     12,  16.5,     20
2012-10-17, 12:47:15,  -05:00,       ,   47.9522591,  -97.1432571,  1145.6, 29.09,  1159.5,   8.0,  68.27,  59.73, -503.29,  -0.86,  22.83,   0.04,   0.09, 261.0, 245.5,  27.5,  27.5,   1.6,   0.1,  22.02,  24.00,     3.75,  130.55,   65.67, 1480.9,  276.38,  274.59,  285.85,  279.31, 1169.81, 1146.05, 1162.17, 1175.86,  1071.5,  70,  GPS,  174.0, 109.10, 114.30, 118.400, 124.575,       ,       ,  22.04, -72.8,       ,       ,    3.5,       ,      ,       ,      ,      , -429.1, 3DDiff, 3704,      ,     11,  16.5,     19
2012-10-17, 12:47:16,  -05:00,       ,   47.9521942,  -97.1436539,  1137.6, 29.09,  1154.8,   8.0,  67.45,  58.02, -566.72,  -0.79,  18.61,  -0.00,   0.03, 265.7, 253.9,  27.4,  27.5,   1.5,   0.0,  22.11,  24.00,     3.79,  130.62,   65.55, 1476.2,  275.74,  274.04,  285.24,  278.76, 1166.95, 1144.72, 1162.66, 1175.11,  1066.7,  69,  GPS,  174.0, 109.10, 114.30, 118.400, 124.575,       ,       ,  21.93, -71.6,       ,       ,    3.5,       ,      ,       ,      ,      , -350.4, 3DDiff, 3704,      ,     11,  16.0,     19
2012-10-17, 12:47:17,  -05:00,       ,   47.9521637,  -97.1440430,  1135.6, 29.09,  1150.1,   8.0,  67.93,  56.70, -425.94,  -2.13,   7.28,   0.03,   0.07, 271.8, 259.4,  27.5,  27.6,   1.5,   0.0,  22.26,  24.00,     3.75,  130.68,   65.51, 1468.4,  275.20,  273.44,  284.72,  278.23, 1164.64, 1143.65, 1163.37, 1174.09,  1062.0,  69,  GPS,  174.0, 109.10, 114.30, 118.400, 124.575,       ,       ,  21.81, -70.3,       ,       ,    3.5,       ,      ,       ,      ,      , -338.6, 3DDiff, 3704,      ,     11,  16.0,     18
2012-10-17, 12:47:18,  -05:00,       ,   47.9521484,  -97.1444244,  1120.6, 29.09,  1143.4,   8.0,  66.62,  56.00, -528.50,  -3.03,   2.09,   0.01,  -0.05, 274.7, 263.0,  27.5,  27.6,   1.6,   0.1,  22.17,  24.00,     3.76,  130.74,   65.72, 1484.7,  274.65,  272.88,  284.18,  277.71, 1163.16, 1141.59, 1163.65, 1173.32,  1055.4,  68,  GPS,  174.0, 109.10, 114.30, 118.400, 124.575,       ,       ,  21.67, -68.9,       ,       ,    3.5,       ,      ,       ,      ,      , -370.1, 3DDiff, 3704,      ,     11,  16.0,     18
2012-10-17, 12:47:19,  -05:00,       ,   47.9521446,  -97.1447983,  1116.6, 29.09,  1134.4,   8.0,  66.83,  55.63, -490.48,  -1.16,   2.27,  -0.01,   0.09, 272.5, 264.9,  27.5,  27.6,   1.6,   0.1,  22.07,  24.00,     4.91,  130.80,   67.30, 1585.0,  274.08,  272.32,  283.65,  277.19, 1162.56, 1140.76, 1163.11, 1171.73,  1046.4,  68,  GPS,  174.0, 109.10, 114.30, 118.400, 124.575,       ,       ,  21.51, -67.6,       ,       ,    3.5,       ,      ,       ,      ,      , -444.9, 3DDiff, 3704,      ,     10,  15.5,     18
2012-10-17, 12:47:20,  -05:00,       ,   47.9521408,  -97.1451797,  1115.6, 29.09,  1128.8,   8.0,  67.03,  55.42, -345.81,  -1.00,   1.55,   0.00,  -0.05, 271.4, 265.7,  27.5,  27.6,   1.5,  -0.0,  22.07,  24.00,     5.40,  130.87,   67.92, 1652.1,  273.48,  271.74,  283.04,  276.65, 1161.20, 1140.61, 1163.75, 1170.57,  1040.8,  69,  GPS,  174.0, 109.10, 114.30, 118.400, 124.575,       ,       ,  21.32, -66.3,       ,       ,    3.5,       ,      ,       ,      ,      , -346.5, 3DDiff, 3704,      ,     10,  15.5,     18
2012-10-17, 12:47:21,  -05:00,       ,   47.9521408,  -97.1455612,  1110.6, 29.09,  1122.5,   8.0,  67.92,  55.07, -262.20,  -0.77,  -0.02,   0.01,   0.01, 272.1, 266.1,  27.6,  27.6,   1.6,   0.0,  22.11,  24.00,     6.36,  130.93,   68.89, 1719.3,  272.92,  271.17,  282.50,  276.11, 1159.90, 1140.30, 1164.16, 1168.59,  1034.4,  69,  GPS,  174.0, 109.10, 114.30, 118.400, 124.575,       ,       ,  21.11, -65.1,       ,       ,    3.5,       ,      ,       ,      ,      , -370.1, 3DDiff, 3704,      ,     10,  16.0,     18
2012-10-17, 12:47:22,  -05:00,       ,   47.9521332,  -97.1459427,  1101.6, 29.09,  1117.2,   8.0,  65.42,  54.99, -349.54,  -0.38,   1.59,  -0.02,   0.00, 271.6, 266.3,  27.6,  27.6,   1.6,   0.0,  22.07,  24.00,     6.51,  131.00,   69.15, 1737.0,  272.33,  270.64,  282.01,  275.60, 1158.81, 1139.90, 1164.09, 1164.44,  1029.1,  67,  GPS,  174.0, 109.10, 114.30, 118.400, 124.575,       ,       ,  20.87, -64.0,       ,       ,    3.5,       ,      ,       ,      ,      , -315.0, 3DDiff, 3704,      ,     11,  16.0,     18
2012-10-17, 12:47:23,  -05:00,       ,   47.9521332,  -97.1463318,  1098.6, 29.09,  1110.7,   8.2,  66.21,  54.82, -324.78,  -0.24,   1.54,   0.02,   0.05, 271.2, 266.9,  27.5,  27.6,   1.6,  -0.0,  22.02,  24.00,     6.57,  131.06,   69.35, 1745.6,  271.71,  270.10,  281.47,  275.09, 1158.90, 1139.39, 1163.43, 1161.04,  1022.6,  68,  GPS,  174.0, 109.10, 114.30, 118.400, 124.575,       ,       ,  20.60, -63.1,       ,       ,    3.5,       ,      ,       ,      ,      , -334.6, 3DDiff, 3704,      ,     11,  16.0,     18
2012-10-17, 12:47:24,  -05:00,       ,   47.9521446,  -97.1466980,  1090.6, 29.09,  1106.2,   8.2,  65.08,  54.70, -363.63,   0.30,   2.92,   0.01,   0.07, 271.3, 267.6,  27.6,  27.6,   1.6,   0.0,  22.02,  24.00,     6.49,  131.11,   69.19, 1743.2,  271.18,  269.54,  280.90,  274.52, 1159.59, 1139.33, 1162.37, 1157.92,  1018.2,  67,  GPS,  174.0, 109.10, 114.30, 118.400, 124.575,       ,       ,  20.30, -62.3,       ,       ,    3.5,       ,      ,       ,      ,      , -291.3, 3DDiff, 3704,      ,     11,  16.0,     18
2012-10-17, 12:47:25,  -05:00,       ,   47.9521523,  -97.1470642,  1087.6, 29.09,  1104.1,   8.2,  64.40,  54.64, -324.73,  -0.36,   0.89,  -0.03,   0.06, 271.1, 268.2,  27.5,  27.6,   1.6,   0.1,  22.02,  24.00,     6.84,  131.15,   69.52, 1755.8,  270.56,  268.97,  280.40,  273.97, 1159.85, 1139.21, 1161.98, 1154.89,  1016.1,  66,  GPS,  174.0, 109.10, 114.30, 118.400, 124.575,       ,       ,  19.97, -61.6,       ,       ,    3.5,       ,      ,       ,      ,      , -236.2, 3DDiff, 3704,      ,     10,  15.5,     18
2012-10-17, 12:47:26,  -05:00,       ,   47.9521637,  -97.1474457,  1084.6, 29.09,  1100.0,   8.2,  63.90,  54.82, -267.39,  -0.81,   0.57,  -0.00,  -0.03, 272.4, 268.6,  27.5,  27.5,   1.5,   0.0,  22.00,  24.00,     6.94,  131.19,   69.69, 1769.6,  270.10,  268.53,  279.96,  273.54, 1158.74, 1138.91, 1161.78, 1153.56,  1012.0,  65,  GPS,  174.0, 109.10, 114.30, 118.400, 124.575,       ,       ,  19.61, -61.2,       ,       ,    3.5,       ,      ,       ,      ,      , -244.1, 3DDiff, 3704,      ,     10,  15.5,     18
2012-10-17, 12:47:27,  -05:00,       ,   47.9521713,  -97.1478271,  1077.6, 29.09,  1095.8,   8.2,  64.75,  55.03, -289.46,   0.55,   0.77,   0.01,   0.04, 272.8, 268.9,  27.6,  27.6,   1.6,   0.0,  22.00,  24.00,     6.94,  131.23,   69.80, 1772.9,  269.67,  268.14,  279.58,  273.14, 1156.62, 1138.12, 1161.20, 1153.61,  1007.7,  66,  GPS,  174.0, 109.10, 114.30, 118.400, 124.575,       ,       ,  19.23, -60.8,       ,       ,    3.5,       ,      ,       ,      ,      , -263.8, 3DDiff, 3704,      ,     10,  15.5,     18
2012-10-17, 12:47:28,  -05:00,       ,   47.9521828,  -97.1482086,  1074.6, 29.09,  1092.8,   8.2,  67.10,  54.95, -274.09,  -0.10,  -0.02,  -0.00,   0.05, 272.3, 269.1,  27.6,  27.6,   1.6,   0.0,  21.91,  24.00,     6.96,  131.26,   69.96, 1782.2,  269.20,  267.74,  279.14,  272.71, 1157.58, 1137.82, 1160.80, 1152.35,  1004.7,  69,  GPS,  174.0, 109.10, 114.30, 118.400, 124.575,       ,       ,  18.84, -60.5,       ,       ,    3.5,       ,      ,       ,      ,      , -189.0, 3DDiff, 3704,      ,     11,  16.0,     19
2012-10-17, 12:47:29,  -05:00,       ,   47.9521980,  -97.1485901,  1072.6, 29.09,  1091.4,   8.2,  65.52,  54.91, -225.30,  -0.02,   1.80,  -0.01,  -0.06, 271.7, 269.1,  27.5,  27.6,   1.6,   0.1,  21.96,  24.00,     6.93,  131.28,   69.93, 1776.7,  268.67,  267.32,  278.76,  272.26, 1159.07, 1137.41, 1162.19, 1150.84,  1003.3,  67,  GPS,  174.0, 109.10, 114.30, 118.400, 124.575,       ,       ,  18.46, -60.4,       ,       ,    3.5,       ,      ,       ,      ,      , -118.1, 3DDiff, 3704,      ,     11,  16.0,     19
2012-10-17, 12:47:30,  -05:00,       ,   47.9522095,  -97.1489563,  1071.6, 29.09,  1088.7,   8.2,  65.08,  54.80, -137.02,   1.07,   2.02,   0.04,   0.01, 273.2, 269.2,  27.5,  27.6,   1.5,  -0.1,  21.96,  24.00,     6.92,  131.30,   69.92, 1780.4,  268.28,  266.90,  278.34,  271.85, 1159.31, 1137.13, 1163.57, 1149.71,  1000.7,  67,  GPS,  174.0, 109.10, 114.30, 118.400, 124.575,       ,       ,  18.07, -60.3,       ,       ,    3.5,       ,      ,       ,      ,      , -145.7, 3DDiff, 3704,      ,     11,  15.5,     19
2012-10-17, 12:47:31,  -05:00,       ,   47.9522209,  -97.1493301,  1065.6, 29.09,  1084.9,   8.2,  64.50,  54.50, -202.88,   1.56,   1.93,  -0.03,  -0.01, 273.0, 269.9,  27.6,  27.6,   1.5,  -0.0,  21.96,  24.00,     7.06,  131.32,   70.00, 1781.9,  267.83,  266.49,  277.96,  271.45, 1158.24, 1137.00, 1164.51, 1149.81,   996.9,  66,  GPS,  174.0, 109.10, 114.30, 118.400, 124.575,       ,       ,  17.68, -60.3,       ,       ,    3.5,       ,      ,       ,      ,      , -133.9, 3DDiff, 3704,      ,     10,  15.5,     18
2012-10-17, 12:47:32,  -05:00,       ,   47.9522400,  -97.1497116,  1067.6, 29.09,  1082.8,   8.2,  65.52,  54.04, -115.57,   1.31,  -0.93,  -0.03,  -0.05, 274.1, 270.3,  27.5,  27.6,   1.5,   0.0,  21.96,  24.00,     6.98,  131.35,   69.95, 1776.0,  267.42,  266.12,  277.58,  271.04, 1157.84, 1137.40, 1164.53, 1149.92,   994.7,  67,  GPS,  174.0, 109.10, 114.30, 118.400, 124.575,       ,       ,  17.30, -60.4,       ,       ,    3.5,       ,      ,       ,      ,      , -118.1, 3DDiff, 3704,      ,     10,  15.5,     18
2012-10-17, 12:47:33,  -05:00,       ,   47.9522514,  -97.1500778,  1063.6, 29.09,  1080.4,   8.2,  64.01,  53.63, -111.35,   2.12,  -1.14,   0.00,   0.05, 276.0, 269.9,  27.5,  27.6,   1.5,   0.0,  21.91,  24.00,     6.90,  131.37,   69.91, 1775.0,  267.00,  265.75,  277.23,  270.69, 1158.50, 1137.49, 1165.45, 1150.47,   992.3,  65,  GPS,  174.0, 109.10, 114.30, 118.400, 124.575,       ,       ,  16.93, -60.5,       ,       ,    3.5,       ,      ,       ,      ,      , -126.0, 3DDiff, 3704,      ,     11,  15.5,     18
2012-10-17, 12:47:34,  -05:00,       ,   47.9522667,  -97.1504440,  1058.6, 29.09,  1079.8,   8.2,  62.44,  53.44, -197.88,   0.82,   0.02,  -0.01,  -0.04, 274.1, 269.7,  27.5,  27.6,   1.6,   0.0,  21.83,  24.00,     7.04,  131.39,   69.84, 1765.5,  266.65,  265.45,  276.94,  270.40, 1159.44, 1137.58, 1164.96, 1151.26,   991.7,  64,  GPS,  174.0, 109.10, 114.30, 118.400, 124.575,       ,       ,  16.57, -60.6,       ,       ,    3.5,       ,      ,       ,      ,      , -39.4, 3DDiff, 3704,      ,     11,  16.0,     19
2012-10-17, 12:47:35,  -05:00,       ,   47.9522820,  -97.1508484,  1062.6, 29.09,  1077.9,   8.2,  63.05,  53.38,  -76.58,   0.62,   0.25,  -0.03,   0.04, 272.4, 269.5,  27.5,  27.5,   1.6,  -0.0,  21.88,  24.00,     6.93,  131.41,   69.84, 1765.7,  266.23,  265.11,  276.56,  269.94, 1160.61, 1139.25, 1164.54, 1152.27,   989.9,  64,  GPS,  174.0, 109.10, 114.30, 118.400, 124.575,       ,       ,  16.22, -60.7,       ,       ,    3.5,       ,      ,       ,      ,      , -110.2, 3DDiff, 3704,      ,     11,  16.0,     19
2012-10-17, 12:47:37,  -05:00,       ,   47.9523048,  -97.1515427,  1060.6, 29.09,  1075.6,   8.2,  65.27,  53.20,  -18.86,   0.65,   0.74,  -0.00,   0.09, 274.2, 268.7,  27.5,  27.6,   1.5,   0.0,  21.91,  24.00,     6.87,  131.46,   69.92, 1776.1,  265.98,  264.90,  276.27,  269.63, 1159.85, 1142.10, 1166.18, 1151.18,   987.5,  67,  GPS,  174.0, 109.10, 114.30, 118.400, 124.575,       ,       ,  15.56, -61.0,       ,       ,    3.5,       ,      ,       ,      ,      , -126.0, 3DDiff, 3704,      ,     10,  15.5,     18
2012-10-17, 12:47:38,  -05:00,       ,   47.9523125,  -97.1519089,  1052.6, 29.09,  1074.4,   8.2,  64.75,  53.10, -171.00,   0.83,   1.75,   0.00,  -0.04, 273.8, 268.9,  27.5,  27.6,   1.6,   0.0,  22.00,  24.00,     7.02,  131.49,   70.02, 1778.2,  265.51,  264.48,  276.01,  269.38, 1161.90, 1142.38, 1167.35, 1150.38,   986.4,  66,  GPS,  174.0, 109.10, 114.30, 118.400, 124.575,       ,       ,  15.26, -61.2,       ,       ,    3.5,       ,      ,       ,      ,      , -82.7, 3DDiff, 3704,      ,     10,  15.5,     18
2012-10-17, 12:47:39,  -05:00,       ,   47.9523239,  -97.1522598,  1049.6, 29.09,  1071.9,   8.2,  66.28,  52.74, -220.95,   0.21,   1.56,  -0.05,  -0.08, 272.6, 269.2,  27.5,  27.5,   1.6,   0.1,  22.07,  24.00,     6.96,  131.52,   70.01, 1782.5,  265.29,  264.32,  275.65,  268.98, 1162.50, 1141.62, 1168.98, 1150.05,   983.9,  68,  GPS,  174.0, 109.10, 114.30, 118.400, 124.575,       ,       ,  15.00, -61.4,       ,       ,    3.5,       ,      ,       ,      ,      , -153.5, 3DDiff, 3704,      ,     11,  15.5,     18
2012-10-17, 12:47:40,  -05:00,       ,   47.9523354,  -97.1526337,  1049.6, 29.09,  1067.5,   8.2,  66.55,  52.37, -163.88,   0.15,  -0.03,  -0.01,  -0.01, 273.6, 269.3,  27.5,  27.5,   1.5,  -0.1,  22.07,  24.00,     6.91,  131.55,   70.03, 1775.9,  264.50,  263.54,  274.99,  268.29, 1165.10, 1141.20, 1168.66, 1150.57,   979.5,  68,  GPS,  174.0, 109.10, 114.30, 118.400, 124.575,       ,       ,  14.78, -61.6,       ,       ,    3.5,       ,      ,       ,      ,      , -255.9, 3DDiff, 3704,      ,     11,  16.0,     19
2012-10-17, 12:47:41,  -05:00,       ,   47.9523468,  -97.1529846,  1049.6, 29.09,  1062.8,   8.2,  66.14,  52.25,  -98.20,  -0.63,  -2.12,   0.02,  -0.00, 274.2, 269.1,  27.5,  27.6,   1.6,   0.0,  22.07,  24.00,     6.89,  131.58,   69.80, 1768.4,  264.46,  263.57,  275.12,  268.37, 1167.28, 1141.90, 1168.98, 1151.05,   974.8,  68,  GPS,  174.0, 109.10, 114.30, 118.400, 124.575,       ,       ,  14.59, -61.9,       ,       ,    3.5,       ,      ,       ,      ,      , -267.7, 3DDiff, 3704,      ,     11,  16.0,     19
2012-10-17, 12:47:42,  -05:00,       ,   47.9523582,  -97.1533661,  1049.6, 29.09,  1058.4,   8.5,  66.52,  52.15,  -54.57,  -0.51,  -0.68,  -0.01,  -0.06, 271.9, 268.8,  27.6,  27.6,   1.6,   0.0,  22.02,  24.00,     6.94,  131.61,   69.79, 1769.9,  264.65,  263.74,  275.24,  268.46, 1168.05, 1142.07, 1168.24, 1151.00,   970.4,  68,  GPS,  174.0, 109.10, 114.30, 118.400, 124.575,       ,       ,  14.44, -62.2,       ,       ,    3.5,       ,      ,       ,      ,      , -252.0, 3DDiff, 3704,      ,     11,  16.0,     19
2012-10-17, 12:47:43,  -05:00,       ,   47.9523621,  -97.1537018,  1049.6, 29.09,  1052.3,   8.5,  66.82,  52.04,  -26.06,   0.02,  -0.43,  -0.02,  -0.02, 270.6, 268.2,  27.5,  27.5,   1.5,   0.0,  22.07,  24.00,     6.86,  131.64,   69.77, 1764.3,  264.38,  263.54,  275.01,  268.23, 1166.52, 1141.81, 1168.30, 1151.40,   964.3,  68,  GPS,  174.0, 109.10, 114.30, 118.400, 124.575,       ,       ,  14.33, -62.5,       ,       ,    3.5,       ,      ,       ,      ,      , -275.6, 3DDiff, 3704,      ,     10,  15.5,     18
2012-10-17, 12:47:44,  -05:00,       ,   47.9523659,  -97.1540604,  1048.6, 29.09,  1047.1,   8.5,  66.64,  51.86,  -17.77,  -0.30,  -2.20,  -0.03,  -0.05, 271.3, 267.3,  27.5,  27.6,   1.6,   0.1,  22.15,  24.00,     6.91,  131.67,   69.73, 1758.5,  264.08,  263.31,  274.75,  267.93, 1166.84, 1142.25, 1168.68, 1150.94,   959.0,  68,  GPS,  174.0, 109.10, 114.30, 118.400, 124.575,       ,       ,  14.25, -62.9,       ,       ,    3.5,       ,      ,       ,      ,      , -303.1, 3DDiff, 3704,      ,     10,  16.0,     18
2012-10-17, 12:47:45,  -05:00,       ,   47.9523659,  -97.1544113,  1047.6, 29.09,  1041.4,   8.5,  68.27,  51.65,  -31.33,   0.14,  -2.03,   0.01,   0.06, 271.1, 266.5,  27.5,  27.5,   1.5,   0.0,  22.15,  24.00,     6.94,  131.69,   69.71, 1763.5,  263.80,  263.06,  274.48,  267.65, 1165.93, 1142.44, 1170.34, 1150.94,   953.3,  70,  GPS,  174.0, 109.10, 114.30, 118.400, 124.575,       ,       ,  14.20, -63.3,       ,       ,    3.5,       ,      ,       ,      ,      , -334.6, 3DDiff, 3704,      ,     11,  15.5,     18
2012-10-17, 12:47:46,  -05:00,       ,   47.9523621,  -97.1547699,  1045.6, 29.09,  1035.7,   8.2,  69.97,  51.37,  -69.47,  -0.59,   1.08,  -0.05,  -0.07, 268.7, 265.8,  27.4,  27.5,   1.4,   0.0,  22.15,  24.00,     6.91,  131.71,   69.92, 1767.9,  263.52,  262.84,  274.24,  267.38, 1165.30, 1142.05, 1171.03, 1151.31,   947.6,  71,  GPS,  174.0, 109.10, 114.30, 118.400, 124.575,       ,       ,  14.20, -63.8,       ,       ,    3.5,       ,      ,       ,      ,      , -334.6, 3DDiff, 3704,      ,     11,  16.0,     19
2012-10-17, 12:47:47,  -05:00,       ,   47.9523544,  -97.1551285,  1032.6, 29.09,  1028.0,   8.2,  67.44,  51.01, -209.71,  -0.05,   0.37,  -0.02,   0.07, 269.9, 265.3,  27.5,  27.5,   1.5,   0.1,  22.21,  24.00,     6.95,  131.73,   69.85, 1767.9,  263.24,  262.58,  274.02,  267.10, 1166.75, 1141.33, 1171.41, 1152.21,   939.9,  69,  GPS,  174.0, 109.10, 114.30, 118.400, 124.575,       ,       ,  14.24, -64.4,       ,       ,    3.5,       ,      ,       ,      ,      , -448.8, 3DDiff, 3704,      ,     11,  16.0,     19
2012-10-17, 12:47:48,  -05:00,       ,   47.9523506,  -97.1554718,  1006.6, 29.09,  1021.2,   8.5,  64.02,  50.93, -736.12,   0.13,  -0.58,  -0.03,   0.02, 271.7, 265.2,  27.5,  27.6,   1.6,   0.1,  22.21,  23.94,     6.98,  131.76,   69.81, 1766.5,  262.96,  262.37,  273.80,  266.86, 1167.15, 1141.45, 1169.86, 1152.26,   933.2,  65,  GPS,  174.0, 109.10, 114.30, 118.400, 124.575,       ,       ,  14.30, -64.9,       ,       ,    3.5,       ,      ,       ,      ,      , -421.3, 3DDiff, 3704,      ,     11,  16.0,     19
2012-10-17, 12:47:49,  -05:00,       ,   47.9523468,  -97.1558228,   997.6, 29.09,  1017.5,   8.5,  62.84,  50.91, -838.59,   0.66,   1.49,  -0.00,   0.03, 271.0, 265.1,  27.5,  27.5,   1.5,   0.0,  22.17,  23.94,     6.92,  131.78,   69.84, 1762.1,  262.71,  262.11,  273.56,  266.57, 1166.42, 1142.15, 1168.63, 1152.18,   929.4,  64,  GPS,  174.0, 109.10, 114.30, 118.400, 124.575,       ,       ,  14.37, -65.4,       ,       ,    3.5,       ,      ,       ,      ,      , -338.6, 3DDiff, 3704,      ,     10,  15.5,     18
2012-10-17, 12:47:50,  -05:00,       ,   47.9523392,  -97.1561737,   996.6, 29.09,  1013.6,   8.5,  62.96,  50.83, -639.92,   1.29,   2.03,  -0.02,   0.10, 270.0, 265.4,  27.5,  27.5,   1.5,  -0.0,  22.17,  23.94,     6.95,  131.80,   69.65, 1759.8,  262.43,  261.88,  273.34,  266.33, 1166.59, 1141.61, 1168.07, 1152.50,   925.6,  64,  GPS,  174.0, 109.10, 114.30, 118.400, 124.575,       ,       ,  14.44, -65.8,       ,       ,    3.5,       ,      ,       ,      ,      , -252.0, 3DDiff, 3704,      ,     10,  15.5,     18
2012-10-17, 12:47:51,  -05:00,       ,   47.9523392,  -97.1565170,   992.6, 29.09,  1009.9,   8.5,  63.38,  50.52, -428.43,   0.56,   2.03,   0.01,   0.13, 270.6, 265.6,  27.6,  27.6,   1.5,   0.0,  22.17,  23.94,     6.90,  131.83,   69.78, 1757.9,  262.17,  261.69,  273.15,  266.08, 1167.56, 1141.04, 1167.55, 1152.35,   921.8,  65,  GPS,  174.0, 109.10, 114.30, 118.400, 124.575,       ,       ,  14.49, -66.2,       ,       ,    3.5,       ,      ,       ,      ,      , -232.3, 3DDiff, 3704,      ,     11,  15.5,     18
2012-10-17, 12:47:52,  -05:00,       ,   47.9523392,  -97.1568832,   988.6, 29.09,  1006.1,   8.5,  62.19,  50.46, -342.59,  -0.01,   3.64,  -0.05,  -0.13, 270.0, 266.3,  27.5,  27.6,   1.5,   0.1,  22.15,  23.87,     6.94,  131.85,   69.66, 1757.0,  261.91,  261.47,  272.93,  265.88, 1167.64, 1141.52, 1168.09, 1151.95,   918.0,  63,  GPS,  174.0, 109.10, 114.30, 118.400, 124.575,       ,       ,  14.54, -66.6,       ,       ,    3.5,       ,      ,       ,      ,      , -228.3, 3DDiff, 3704,      ,     11,  16.0,     18
2012-10-17, 12:47:53,  -05:00,       ,   47.9523392,  -97.1572189,   987.6, 29.09,   999.6,   8.5,  63.73,  50.29, -181.80,   0.33,  -0.10,  -0.00,  -0.00, 272.7, 266.4,  27.4,  27.5,   1.7,   0.1,  22.21,  23.94,     6.93,  131.87,   69.70, 1759.9,  261.71,  261.29,  272.72,  265.62, 1169.29, 1142.32, 1168.14, 1150.46,   911.5,  65,  GPS,  174.0, 109.10, 114.30, 118.400, 124.575,       ,       ,  14.59, -66.9,       ,       ,    3.5,       ,      ,       ,      ,      , -358.3, 3DDiff, 3704,      ,     11,  16.0,     19
2012-10-17, 12:47:54,  -05:00,       ,   47.9523392,  -97.1575546,   972.6, 29.09,   993.1,   8.5,  62.60,  50.25, -350.59,   1.25,   0.07,   0.03,   0.01, 274.2, 266.3,  27.5,  27.5,   1.5,   0.0,  22.26,  23.83,     6.90,  131.90,   69.73, 1760.0,  261.47,  261.08,  272.53,  265.43, 1168.80, 1143.42, 1168.85, 1149.54,   905.0,  64,  GPS,  174.0, 109.10, 114.30, 118.400, 124.575,       ,       ,  14.63, -67.2,       ,       ,    3.5,       ,      ,       ,      ,      , -354.3, 3DDiff, 3704,      ,     11,  16.0,     19
2012-10-17, 12:47:55,  -05:00,       ,   47.9523392,  -97.1579056,   969.6, 29.09,   987.1,   8.5,  62.99,  50.03, -417.92,   1.23,   1.26,  -0.04,   0.02, 270.2, 266.6,  27.5,  27.5,   1.5,  -0.0,  22.17,  23.77,     6.99,  131.91,   69.77, 1763.8,  261.24,  260.92,  272.36,  265.20, 1169.42, 1143.93, 1168.47, 1149.96,   899.1,  64,  GPS,  174.0, 109.10, 114.30, 118.400, 124.575,       ,       ,  14.68, -67.4,       ,       ,    3.5,       ,      ,       ,      ,      , -252.0, 3DDiff, 3704,      ,     10,  15.5,     18
2012-10-17, 12:47:56,  -05:00,       ,   47.9523354,  -97.1582489,   971.6, 29.09,   983.4,   8.5,  62.36,  49.68, -234.41,   0.16,  -0.32,  -0.02,  -0.08, 268.9, 266.2,  27.5,  27.6,   1.6,   0.0,  22.17,  23.87,     6.95,  131.94,   69.76, 1756.1,  261.03,  260.73,  272.21,  264.98, 1170.92, 1144.05, 1167.74, 1149.12,   895.4,  64,  GPS,  174.0, 109.10, 114.30, 118.400, 124.575,       ,       ,  14.72, -67.6,       ,       ,    3.5,       ,      ,       ,      ,      , -224.4, 3DDiff, 3704,      ,     10,  15.5,     18
2012-10-17, 12:47:57,  -05:00,       ,   47.9523354,  -97.1585846,   967.6, 29.09,   978.3,   8.5,  61.95,  49.59, -182.07,   1.24,   2.49,  -0.02,   0.06, 270.0, 265.6,  27.5,  27.5,   1.6,   0.0,  22.17,  23.83,     6.96,  131.97,   69.72, 1753.7,  260.82,  260.54,  271.97,  264.77, 1172.82, 1143.84, 1167.85, 1147.95,   890.2,  63,  GPS,  174.0, 109.10, 114.30, 118.400, 124.575,       ,       ,  14.76, -67.8,       ,       ,    3.5,       ,      ,       ,      ,      , -287.4, 3DDiff, 3704,      ,     11,  15.5,     18
2012-10-17, 12:47:58,  -05:00,       ,   47.9523315,  -97.1589432,   962.6, 29.09,   973.8,   8.5,  62.38,  49.61, -211.58,   0.68,   4.69,  -0.03,  -0.05, 270.8, 265.9,  27.5,  27.5,   1.6,   0.0,  22.21,  23.83,     6.98,  132.00,   69.79, 1755.5,  260.58,  260.38,  271.84,  264.57, 1173.40, 1143.86, 1167.90, 1147.74,   885.7,  64,  GPS,  174.0, 109.10, 114.30, 118.400, 124.575,       ,       ,  14.78, -68.1,       ,       ,    3.5,       ,      ,       ,      ,      , -255.9, 3DDiff, 3704,      ,     11,  16.0,     18
2012-10-17, 12:47:59,  -05:00,       ,   47.9523315,  -97.1592865,   957.6, 29.09,   969.7,   8.5,  61.51,  49.51, -239.99,   1.05,   3.49,   0.02,  -0.03, 273.3, 266.6,  27.5,  27.5,   1.5,  -0.0,  22.26,  23.77,     7.42,  132.04,   70.39, 1797.6,  260.39,  260.23,  271.68,  264.36, 1172.56, 1144.34, 1167.02, 1148.90,   881.7,  63,  GPS,  174.0, 109.10, 114.30, 118.400, 124.575,       ,       ,  14.80, -68.3,       ,       ,    3.5,       ,      ,       ,      ,      , -267.7, 3DDiff, 3704,      ,     11,  16.0,     19
2012-10-17, 12:48:00,  -05:00,       ,   47.9523354,  -97.1596146,   948.6, 29.09,   966.0,   8.5,  61.81,  49.47, -336.84,   1.11,   0.86,   0.01,   0.02, 274.7, 267.3,  27.5,  27.5,   1.5,  -0.0,  22.28,  23.71,     7.66,  132.07,   70.83, 1832.0,  260.21,  260.08,  271.50,  264.20, 1170.87, 1145.01, 1167.52, 1150.59,   878.0,  63,  GPS,  174.0, 109.10, 114.30, 118.400, 124.575,       ,       ,  14.82, -68.4,       ,       ,    3.5,       ,      ,       ,      ,      , -279.5, 3DDiff, 3704,      ,     11,  16.0,     19
2012-10-17, 12:48:01,  -05:00,       ,   47.9523392,  -97.1599579,   944.6, 29.09,   963.7,   8.5,  61.45,  49.55, -356.50,   1.03,   2.68,   0.00,   0.04, 273.4, 267.8,  27.5,  27.6,   1.6,   0.1,  22.26,  23.77,     7.97,  132.09,   71.35, 1862.4,  260.02,  259.95,  271.33,  264.00, 1170.33, 1147.25, 1168.83, 1151.73,   875.6,  63,  GPS,  174.0, 109.10, 114.30, 118.400, 124.575,       ,       ,  14.84, -68.5,       ,       ,    3.5,       ,      ,       ,      ,      , -248.0, 3DDiff, 3704,      ,     10,  15.5,     18
2012-10-17, 12:48:02,  -05:00,       ,   47.9523468,  -97.1602936,   943.6, 29.09,   960.4,   8.5,  61.76,  49.66, -269.41,   1.25,   1.87,  -0.06,  -0.01, 271.1, 268.2,  27.5,  27.5,   1.5,   0.0,  22.32,  23.77,     7.90,  132.12,   71.44, 1868.4,  259.78,  259.81,  271.20,  263.85, 1171.27, 1149.76, 1171.10, 1154.32,   872.3,  63,  GPS,  174.0, 109.10, 114.30, 118.400, 124.575,       ,       ,  14.85, -68.5,       ,       ,    3.5,       ,      ,       ,      ,      , -216.5, 3DDiff, 3704,      ,     10,  15.5,     18
2012-10-17, 12:48:03,  -05:00,       ,   47.9523506,  -97.1606369,   940.6, 29.09,   957.2,   8.5,  61.28,  49.74, -186.67,   1.51,   1.20,  -0.02,  -0.03, 271.5, 268.0,  27.4,  27.4,   1.5,   0.0,  22.32,  23.66,     7.93,  132.14,   71.26, 1867.9,  259.67,  259.69,  271.06,  263.66, 1172.91, 1152.18, 1173.57, 1158.13,   869.2,  63,  GPS,  174.0, 109.10, 114.30, 118.400, 124.575,       ,       ,  14.85, -68.5,       ,       ,    3.5,       ,      ,       ,      ,      , -200.8, 3DDiff, 3704,      ,     11,  15.5,     18
2012-10-17, 12:48:04,  -05:00,       ,   47.9523621,  -97.1609879,   934.6, 29.09,   954.4,   8.8,  62.00,  49.74, -223.87,   2.00,  -0.02,  -0.01,   0.05, 271.9, 268.1,  27.4,  27.5,   1.5,   0.0,  22.26,  23.60,     8.03,  132.17,   71.35, 1875.5,  259.52,  259.61,  270.98,  263.50, 1173.31, 1153.92, 1176.85, 1161.31,   866.4,  63,  GPS,  174.0, 109.10, 114.30, 118.400, 124.575,       ,       ,  14.84, -68.6,       ,       ,    3.5,       ,      ,       ,      ,      , -192.9, 3DDiff, 3704,      ,     11,  16.0,     18
2012-10-17, 12:48:05,  -05:00,       ,   47.9523659,  -97.1613312,   931.6, 29.09,   951.5,   8.8,  62.30,  49.63, -240.48,   0.98,   0.78,  -0.02,  -0.08, 271.0, 267.8,  27.5,  27.5,   1.5,   0.0,  22.32,  23.66,     7.93,  132.21,   71.40, 1878.9,  259.32,  259.51,  270.85,  263.38, 1172.06, 1156.12, 1179.11, 1163.95,   863.4,  64,  GPS,  174.0, 109.10, 114.30, 118.400, 124.575,       ,       ,  14.82, -68.6,       ,       ,    3.5,       ,      ,       ,      ,      , -153.5, 3DDiff, 3704,      ,     11,  16.0,     19
2012-10-17, 12:48:06,  -05:00,       ,   47.9523697,  -97.1616516,   931.6, 29.09,   945.8,   8.8,  61.65,  49.51, -175.05,   1.34,   1.65,  -0.04,   0.01, 269.9, 267.7,  27.5,  27.5,   1.5,   0.1,  22.32,  23.60,     7.86,  132.26,   71.28, 1872.2,  259.29,  259.50,  270.79,  263.32, 1172.69, 1158.21, 1181.21, 1165.09,   857.9,  63,  GPS,  174.0, 109.10, 114.30, 118.400, 124.575,       ,       ,  14.80, -68.7,       ,       ,    3.5,       ,      ,       ,      ,      , -263.8, 3DDiff, 3704,      ,     11,  16.0,     19
2012-10-17, 12:48:07,  -05:00,       ,   47.9523735,  -97.1620026,   926.6, 29.09,   939.4,   8.8,  61.37,  49.61, -178.74,   1.34,   1.69,  -0.00,  -0.01, 270.9, 267.7,  27.5,  27.5,   1.6,   0.0,  22.28,  23.60,     8.01,  132.30,   71.37, 1872.9,  259.18,  259.44,  270.73,  263.18, 1172.35, 1160.00, 1182.10, 1166.20,   851.5,  63,  GPS,  174.0, 109.10, 114.30, 118.400, 124.575,       ,       ,  14.77, -68.9,       ,       ,    3.5,       ,      ,       ,      ,      , -299.2, 3DDiff, 3704,      ,     10,  15.5,     18
2012-10-17, 12:48:08,  -05:00,       ,   47.9523773,  -97.1623535,   920.6, 29.09,   933.9,   8.8,  61.41,  49.72, -237.80,   1.45,   1.89,  -0.02,   0.04, 271.7, 267.7,  27.5,  27.5,   1.5,   0.0,  22.32,  23.60,     7.99,  132.35,   71.37, 1872.3,  258.99,  259.30,  270.58,  263.02, 1171.44, 1161.09, 1181.52, 1167.15,   846.0,  63,  GPS,  174.0, 109.10, 114.30, 118.400, 124.575,       ,       ,  14.73, -69.1,       ,       ,    3.5,       ,      ,       ,      ,      , -318.9, 3DDiff, 3704,      ,     10,  15.5,     18
2012-10-17, 12:48:09,  -05:00,       ,   47.9523811,  -97.1626892,   912.6, 29.09,   928.9,   8.8,  59.43,  49.86, -318.73,   2.00,  -0.31,  -0.03,   0.07, 272.1, 267.8,  27.5,  27.5,   1.4,  -0.0,  22.36,  23.54,     7.92,  132.40,   71.33, 1871.8,  258.85,  259.24,  270.49,  262.88, 1171.93, 1161.70, 1180.68, 1168.42,   841.0,  61,  GPS,  174.0, 109.10, 114.30, 118.400, 124.575,       ,       ,  14.68, -69.2,       ,       ,    3.5,       ,      ,       ,      ,      , -295.3, 3DDiff, 3704,      ,     11,  16.0,     18
2012-10-17, 12:48:10,  -05:00,       ,   47.9523926,  -97.1630325,   909.6, 29.09,   924.4,   8.8,  60.34,  50.07, -314.14,   1.40,   2.50,  -0.03,   0.00, 271.4, 267.8,  27.5,  27.5,   1.5,  -0.0,  22.36,  23.54,     7.85,  132.45,   71.28, 1868.0,  258.75,  259.22,  270.43,  262.80, 1172.23, 1162.29, 1181.01, 1169.66,   836.5,  62,  GPS,  174.0, 109.10, 114.30, 118.400, 124.575,       ,       ,  14.62, -69.4,       ,       ,    3.5,       ,      ,       ,      ,      , -267.7, 3DDiff, 3704,      ,     11,  16.0,     18
2012-10-17, 12:48:11,  -05:00,       ,   47.9523964,  -97.1633835,   905.6, 29.09,   920.0,   8.8,  60.02,  50.27, -272.97,   1.68,  -0.08,  -0.04,   0.02, 271.8, 267.8,  27.5,  27.5,   1.5,   0.0,  22.40,  23.60,     8.00,  132.50,   71.39, 1871.1,  258.69,  259.22,  270.37,  262.69, 1172.32, 1162.59, 1182.69, 1170.02,   832.1,  61,  GPS,  174.0, 109.10, 114.30, 118.400, 124.575,       ,       ,  14.54, -69.5,       ,       ,    3.5,       ,      ,       ,      ,      , -263.8, 3DDiff, 3704,      ,     11,  16.0,     19
2012-10-17, 12:48:12,  -05:00,       ,   47.9524040,  -97.1637421,   896.6, 29.09,   916.6,   8.8,  58.58,  50.34, -333.80,   2.89,   1.11,   0.03,   0.11, 272.8, 267.7,  27.4,  27.5,   1.5,   0.0,  22.42,  23.54,     7.83,  132.55,   71.25, 1868.5,  258.59,  259.22,  270.30,  262.63, 1172.85, 1163.00, 1183.02, 1170.60,   828.6,  60,  GPS,  174.0, 109.10, 114.30, 118.400, 124.575,       ,       ,  14.44, -69.5,       ,       ,    3.5,       ,      ,       ,      ,      , -255.9, 3DDiff, 3704,      ,     11,  16.0,     19
2012-10-17, 12:48:13,  -05:00,       ,   47.9524040,  -97.1640778,   891.6, 29.09,   915.3,   8.8,  53.84,  50.77, -384.65,   1.15,  -1.13,  -0.05,   0.05, 268.8, 268.1,  27.5,  27.5,   1.7,   0.1,  22.28,  23.54,     7.92,  132.60,   71.11, 1854.7,  258.55,  259.17,  270.29,  262.55, 1174.53, 1163.38, 1183.04, 1170.74,   827.4,  55,  GPS,  174.0, 109.10, 114.30, 118.400, 124.575,       ,       ,  14.31, -69.5,       ,       ,    3.5,       ,      ,       ,      ,      , -177.2, 3DDiff, 3704,      ,     10,  15.5,     18
2012-10-17, 12:48:14,  -05:00,       ,   47.9524078,  -97.1644363,   898.6, 29.09,   913.5,   8.8,  59.55,  51.37, -154.86,  -0.47,   0.67,  -0.08,  -0.11, 267.0, 267.1,  27.5,  27.6,   1.5,  -0.0,  22.40,  23.66,     7.89,  132.64,   71.06, 1853.9,  258.44,  259.18,  270.20,  262.47, 1175.24, 1163.77, 1183.40, 1171.94,   825.6,  61,  GPS,  174.0, 109.10, 114.30, 118.400, 124.575,       ,       ,  14.14, -69.5,       ,       ,    3.5,       ,      ,       ,      ,      , -129.9, 3DDiff, 3704,      ,     10,  15.5,     18
2012-10-17, 12:48:15,  -05:00,       ,   47.9524078,  -97.1647873,   893.6, 29.09,   908.9,   8.8,  59.34,  51.86,  -72.33,   0.48,  -2.05,  -0.01,   0.07, 273.2, 266.0,  27.6,  27.6,   1.6,   0.1,  22.55,  23.60,     7.99,  132.69,   71.10, 1860.2,  258.41,  259.16,  270.16,  262.44, 1175.21, 1164.17, 1185.53, 1172.80,   821.0,  60,  GPS,  174.0, 109.10, 114.30, 118.400, 124.575,       ,       ,  13.93, -69.6,       ,       ,    3.5,       ,      ,       ,      ,      , -259.8, 3DDiff, 3704,      ,     11,  16.0,     18
2012-10-17, 12:48:16,  -05:00,       ,   47.9524040,  -97.1651535,   879.6, 29.09,   904.8,   8.8,  58.31,  52.62, -327.38,   0.53,   0.42,   0.05,  -0.01, 274.6, 266.0,  27.5,  27.5,   1.6,   0.1,  22.40,  23.43,     8.00,  132.73,   71.19, 1857.0,  258.34,  259.21,  270.16,  262.35, 1175.07, 1164.71, 1186.93, 1173.19,   816.9,  59,  GPS,  174.0, 109.10, 114.30, 118.400, 124.575,       ,       ,  13.73, -69.6,       ,       ,    3.5,       ,      ,       ,      ,      , -255.9, 3DDiff, 3704,      ,     11,  16.0,     18
2012-10-17, 12:48:17,  -05:00,       ,   47.9524040,  -97.1655197,   878.6, 29.09,   900.7,   8.8,  58.80,  53.12, -343.05,   0.66,   1.53,  -0.04,   0.04, 270.5, 266.4,  27.5,  27.5,   1.4,  -0.0,  22.36,  23.60,     7.97,  132.77,   71.26, 1864.4,  258.30,  259.22,  270.16,  262.32, 1175.78, 1165.15, 1189.98, 1173.93,   812.8,  60,  GPS,  174.0, 109.10, 114.30, 118.400, 124.575,       ,       ,  13.52, -69.5,       ,       ,    3.5,       ,      ,       ,      ,      , -244.1, 3DDiff, 3704,      ,     11,  16.0,     18
2012-10-17, 12:48:18,  -05:00,       ,   47.9524040,  -97.1658936,   880.6, 29.09,   895.0,   8.8,  62.40,  53.45, -173.54,   0.37,  -1.43,  -0.06,   0.02, 268.9, 266.2,  27.5,  27.5,   1.5,  -0.0,  22.40,  23.71,     7.95,  132.80,   71.26, 1871.3,  258.35,  259.27,  270.18,  262.36, 1177.31, 1165.91, 1190.68, 1175.15,   807.1,  64,  GPS,  174.0, 109.10, 114.30, 118.400, 124.575,       ,       ,  13.31, -69.2,       ,       ,    3.5,       ,      ,       ,      ,      , -259.8, 3DDiff, 3704,      ,     11,  16.0,     18
2012-10-17, 12:48:19,  -05:00,       ,   47.9524002,  -97.1662598,   875.6, 29.09,   889.1,   8.8,  61.02,  53.82, -151.82,   0.01,  -0.16,   0.00,   0.04, 271.1, 265.1,  27.5,  27.5,   1.6,   0.0,  22.36,  23.66,     7.95,  132.83,   71.05, 1861.9,  258.35,  259.33,  270.21,  262.32, 1178.11, 1167.01, 1190.36, 1175.53,   801.2,  62,  GPS,  174.0, 109.10, 114.30, 118.400, 124.575,       ,       ,  13.09, -68.9,       ,       ,    3.5,       ,      ,       ,      ,      , -283.5, 3DDiff, 3704,      ,     10,  15.5,     18
2012-10-17, 12:48:20,  -05:00,       ,   47.9523964,  -97.1666336,   866.6, 29.09,   884.0,   9.0,  60.91,  54.29, -270.62,   0.66,   5.71,  -0.03,   0.09, 270.5, 265.6,  27.5,  27.5,   1.5,   0.0,  22.28,  23.71,     7.87,  132.87,   70.96, 1851.5,  258.33,  259.40,  270.23,  262.27, 1179.35, 1167.43, 1191.10, 1176.31,   796.1,  62,  GPS,  174.0, 109.10, 114.30, 118.400, 124.575,       ,       ,  12.88, -68.6,       ,       ,    3.5,       ,      ,       ,      ,      , -295.3, 3DDiff, 3704,      ,     10,  15.5,     18
2012-10-17, 12:48:21,  -05:00,       ,   47.9523964,  -97.1670151,   864.6, 29.09,   880.4,   9.0,  63.01,  54.58, -282.77,   0.30,  -1.94,  -0.05,   0.02, 269.3, 266.7,  27.5,  27.5,   1.6,   0.1,  22.32,  23.71,     7.58,  132.90,   70.83, 1833.3,  258.34,  259.48,  270.28,  262.31, 1181.74, 1167.32, 1190.68, 1176.41,   792.5,  64,  GPS,  174.0, 109.10, 114.30, 118.400, 124.575,       ,       ,  12.67, -68.2,       ,       ,    3.5,       ,      ,       ,      ,      , -216.5, 3DDiff, 3704,      ,     10,  16.0,     18
2012-10-17, 12:48:22,  -05:00,       ,   47.9523926,  -97.1673889,   861.6, 29.09,   876.0,   9.0,  63.55,  54.58, -242.05,   0.18,   0.74,   0.02,  -0.02, 270.0, 266.1,  27.5,  27.5,   1.5,   0.0,  22.28,  23.66,     7.05,  132.93,   70.00, 1775.6,  258.33,  259.54,  270.28,  262.32, 1183.03, 1167.05, 1189.80, 1175.95,   788.1,  65,  GPS,  174.0, 109.10, 114.30, 118.400, 124.575,       ,       ,  12.46, -67.9,       ,       ,    3.5,       ,      ,       ,      ,      , -248.0, 3DDiff, 3704,      ,     11,  16.0,     18
2012-10-17, 12:48:23,  -05:00,       ,   47.9523926,  -97.1677628,   858.6, 29.09,   871.8,   9.0,  62.55,  54.62, -216.98,   0.02,   4.03,  -0.04,   0.04, 268.2, 266.0,  27.5,  27.5,   1.6,   0.0,  22.26,  23.71,     6.96,  132.95,   69.62, 1745.9,  258.24,  259.56,  270.22,  262.25, 1183.00, 1166.21, 1188.01, 1175.23,   783.9,  64,  GPS,  174.0, 109.10, 114.30, 118.400, 124.575,       ,       ,  12.26, -67.6,       ,       ,    3.5,       ,      ,       ,      ,      , -275.6, 3DDiff, 3704,      ,     11,  16.0,     18
2012-10-17, 12:48:24,  -05:00,       ,   47.9523926,  -97.1681595,   856.6, 29.09,   867.9,   9.0,  64.98,  54.48, -169.33,   0.47,   2.35,  -0.08,  -0.03, 269.3, 266.3,  27.6,  27.6,   1.5,   0.0,  22.32,  23.71,     6.62,  132.96,   69.32, 1730.4,  258.21,  259.54,  270.23,  262.26, 1183.93, 1165.00, 1185.05, 1173.22,   780.0,  66,  GPS,  174.0, 109.10, 114.30, 118.400, 124.575,       ,       ,  12.07, -67.4,       ,       ,    3.5,       ,      ,       ,      ,      , -283.5, 3DDiff, 3704,      ,     11,  16.0,     18
2012-10-17, 12:48:25,  -05:00,       ,   47.9523926,  -97.1685028,   848.6, 29.09,   864.8,   9.0,  62.41,  54.23, -236.64,   0.81,   2.61,   0.06,   0.08, 272.3, 266.8,  27.5,  27.6,   1.6,   0.1,  22.32,  23.71,     6.40,  132.96,   68.87, 1693.0,  258.23,  259.63,  270.23,  262.24, 1183.60, 1164.60, 1185.52, 1171.49,   776.9,  64,  GPS,  174.0, 109.10, 114.30, 118.400, 124.575,       ,       ,  11.90, -67.2,       ,       ,    3.5,       ,      ,       ,      ,      , -271.7, 3DDiff, 3704,      ,     10,  15.5,     18
2012-10-17, 12:48:26,  -05:00,       ,   47.9523964,  -97.1688843,   841.6, 29.09,   861.7,   9.0,  63.00,  54.08, -347.13,   0.43,   0.82,  -0.02,  -0.01, 270.3, 267.3,  27.4,  27.5,   1.5,   0.0,  22.26,  23.66,     5.39,  132.97,   67.66, 1621.3,  258.20,  259.67,  270.22,  262.18, 1183.78, 1165.67, 1186.24, 1172.15,   773.8,  64,  GPS,  174.0, 109.10, 114.30, 118.400, 124.575,       ,       ,  11.73, -67.1,       ,       ,    3.5,       ,      ,       ,      ,      , -204.7, 3DDiff, 3704,      ,     10,  15.5,     18
2012-10-17, 12:48:27,  -05:00,       ,   47.9524040,  -97.1692505,   844.6, 29.09,   857.8,   9.0,  64.75,  53.45, -208.81,   0.90,   0.93,  -0.09,   0.13, 269.1, 267.0,  27.4,  27.4,   1.3,  -0.1,  22.32,  23.77,     4.45,  132.97,   66.54, 1527.4,  258.27,  259.75,  270.28,  262.27, 1182.48, 1166.81, 1187.02, 1177.47,   769.9,  66,  GPS,  174.0, 109.10, 114.30, 118.400, 124.575,       ,       ,  11.59, -66.9,       ,       ,    3.5,       ,      ,       ,      ,      , -240.2, 3DDiff, 3704,      ,     10,  16.0,     18
2012-10-17, 12:48:28,  -05:00,       ,   47.9524040,  -97.1696091,   839.6, 29.09,   853.9,   9.0,  64.34,  52.70, -173.18,   0.66,  -0.18,  -0.03,  -0.06, 271.4, 266.6,  27.4,  27.4,   1.5,   0.0,  22.32,  23.77,     3.68,  132.97,   65.16, 1429.3,  258.27,  259.76,  270.29,  262.22, 1184.96, 1168.84, 1186.54, 1183.58,   766.0,  66,  GPS,  174.0, 109.10, 114.30, 118.400, 124.575,       ,       ,  11.46, -66.9,       ,       ,    3.5,       ,      ,       ,      ,      , -252.0, 3DDiff, 3704,      ,     11,  16.0,     18
2012-10-17, 12:48:29,  -05:00,       ,   47.9524002,  -97.1699753,   830.6, 29.09,   848.8,   9.0,  60.71,  51.88, -270.95,   3.63,   3.96,   0.01,   0.10, 271.7, 266.4,  27.5,  27.5,   1.6,   0.1,  22.32,  23.77,     3.35,  132.98,   63.86, 1342.2,  258.26,  259.76,  270.29,  262.19, 1190.30, 1172.26, 1187.15, 1187.64,   760.9,  62,  GPS,  174.0, 109.10, 114.30, 118.400, 124.575,       ,       ,  11.37, -66.8,       ,       ,    3.5,       ,      ,       ,      ,      , -271.7, 3DDiff, 3704,      ,     11,  16.0,     18
2012-10-17, 12:48:30,  -05:00,       ,   47.9524040,  -97.1703186,   826.6, 29.09,   845.5,   9.0,  58.03,  51.06, -335.65,   4.52,   2.41,  -0.08,   0.08, 267.7, 267.2,  27.4,  27.4,   1.4,   0.0,  22.32,  23.83,     3.16,  132.99,   63.13, 1293.8,  258.16,  259.76,  270.25,  262.19, 1195.62, 1175.41, 1185.23, 1187.75,   757.6,  59,  GPS,  174.0, 109.10, 114.30, 118.400, 124.575,       ,       ,  11.27, -66.7,       ,       ,    3.5,       ,      ,       ,      ,      , -145.7, 3DDiff, 3704,      ,     11,  16.0,     18
2012-10-17, 12:48:31,  -05:00,       ,   47.9524040,  -97.1706619,   824.6, 29.09,   843.9,   9.0,  56.37,  49.78, -251.98,   4.46,  -2.96,   0.00,  -0.02, 269.4, 266.7,  27.3,  27.4,   1.4,  -0.0,  22.36,  23.77,     2.96,  133.00,   62.47, 1248.4,  258.11,  259.76,  270.18,  262.14, 1198.38, 1177.62, 1180.52, 1186.19,   756.0,  57,  GPS,  174.0, 109.10, 114.30, 118.400, 124.575,       ,       ,  11.17, -66.7,       ,       ,    3.5,       ,      ,       ,      ,      , -55.1, 3DDiff, 3704,      ,     10,  15.5,     18
2012-10-17, 12:48:32,  -05:00,       ,   47.9524002,  -97.1710129,   822.6, 29.09,   842.6,   9.2,  56.51,  48.44, -212.61,   6.12,   5.03,  -0.03,  -0.01, 266.9, 265.8,  27.4,  27.4,   1.5,  -0.0,  22.40,  23.77,     2.15,  133.01,   60.18, 1122.8,  258.02,  259.69,  270.13,  262.06, 1197.04, 1178.98, 1176.47, 1183.58,   754.7,  58,  GPS,  174.0, 109.10, 114.30, 118.400, 124.575,       ,       ,  11.06, -66.8,       ,       ,    3.5,       ,      ,       ,      ,      , -66.9, 3DDiff, 3704,      ,     10,  15.5,     18
2012-10-17, 12:48:33,  -05:00,       ,   47.9524002,  -97.1713181,   823.6, 29.09,   841.2,   9.2,  49.97,  46.90,  -85.13,   6.00,   5.53,  -0.04,  -0.22, 264.8, 266.1,  27.4,  27.4,   1.5,  -0.0,  22.47,  23.71,     2.00,  133.02,   58.41, 1004.4,  257.97,  259.63,  270.04,  262.00, 1174.94, 1177.29, 1170.55, 1183.48,   753.3,  51,  GPS,  174.0, 109.10, 114.30, 118.400, 124.575,       ,       ,  10.93, -67.1,       ,       ,    3.5,       ,      ,       ,      ,      , -74.8, 3DDiff, 3704,      ,     10,  16.0,     18
2012-10-17, 12:48:34,  -05:00,       ,   47.9523964,  -97.1716309,   820.6, 29.09,   841.1,   9.2,  49.65,  45.19,  -92.66,   3.34,  -0.02,   0.03,   0.02, 268.8, 265.4,  27.3,  27.4,   1.4,   0.0,  22.61,  23.60,     1.59,  133.03,   56.37,  889.2,  257.86,  259.51,  269.93,  261.93, 1151.79, 1168.33, 1161.65, 1176.57,   753.2,  51,  GPS,  174.0, 109.10, 114.30, 118.400, 124.575,       ,       ,  10.77, -67.5,       ,       ,    3.5,       ,      ,       ,      ,      , -11.8, 3DDiff, 3704,      ,     11,  16.0,     18
2012-10-17, 12:48:35,  -05:00,       ,   47.9523926,  -97.1719284,   820.6, 29.09,   841.2,   9.2,  49.15,  43.60,  -78.53,   2.71,   0.18,   0.02,  -0.08, 269.5, 265.5,  27.2,  27.2,   1.3,  -0.0,  22.51,  23.50,     1.47,  133.05,   54.72,  794.5,  257.75,  259.40,  269.83,  261.84, 1111.19, 1145.81, 1136.32, 1158.08,   753.3,  50,  GPS,  174.0, 109.10, 114.30, 118.400, 124.575,       ,       ,  10.58, -67.9,       ,       ,    3.5,       ,      ,       ,      ,      ,   0.0, 3DDiff, 3704,      ,     11,  16.0,     18
2012-10-17, 12:48:36,  -05:00,       ,   47.9523926,  -97.1722107,   822.6, 29.09,   842.2,   9.2,  46.72,  42.14,  -18.47,   2.27,   0.27,   0.04,  -0.02, 269.9, 266.2,  26.7,  26.7,  -1.2,  -0.4,  22.55,  23.50,     1.43,  133.07,   54.09,  754.1,  257.52,  259.24,  269.63,  261.65, 1079.79, 1123.76, 1107.11, 1137.74,   754.3,  48,  GPS,  174.0, 109.10, 114.30, 118.400, 124.575,       ,       ,  10.38, -68.2,       ,       ,    3.5,       ,      ,       ,      ,      ,  -3.9, 3DDiff, 3704,      ,     11,  16.0,     18
2012-10-17, 12:48:37,  -05:00,       ,   47.9523926,  -97.1724930,   823.6, 29.09,   843.3,   9.2,  44.88,  40.59,   26.38,   1.86,   0.01,  -0.03,  -0.01, 269.9, 266.8,  26.2,  26.5,  -3.9,  -1.0,  22.51,  23.54,     1.46,  133.10,   53.89,  728.8,  257.32,  259.05,  269.47,  261.51, 1049.04, 1106.28, 1081.07, 1125.52,   755.4,  46,  GPS,  174.0, 109.10, 114.30, 118.400, 124.575,       ,       ,  10.17, -68.4,       ,       ,    3.5,       ,      ,       ,      ,      ,  -3.9, 3DDiff, 3704,      ,     10,  15.5,     18
2012-10-17, 12:48:38,  -05:00,       ,   47.9523964,  -97.1727600,   827.6, 29.09,   843.5,   9.2,  46.89,  38.74,   99.66,   1.66,   0.42,   0.06,   0.00, 270.6, 267.0,  26.3,  26.5,  -1.4,  -0.9,  22.42,  23.54,     1.45,  133.13,   54.11,  732.3,  257.24,  258.96,  269.37,  261.44, 1029.65, 1088.46, 1058.13, 1114.81,   755.6,  48,  GPS,  174.0, 109.10, 114.30, 118.400, 124.575,       ,       ,   9.96, -68.5,       ,       ,    3.5,       ,      ,       ,      ,      ,   0.0, 3DDiff, 3704,      ,     10,  15.5,     18
2012-10-17, 12:48:39,  -05:00,       ,   47.9523964,  -97.1730042,   830.6, 29.09,   843.5,   9.2,  43.91,  36.70,  150.96,   1.65,   0.16,  -0.04,  -0.00, 269.6, 267.4,  26.0,  26.2,  -3.2,  -0.1,  22.40,  23.66,     1.47,  133.17,   53.88,  721.5,  257.02,  258.77,  269.18,  261.29, 1006.52, 1070.69, 1041.75, 1103.55,   755.6,  45,  GPS,  174.0, 109.10, 114.30, 118.400, 124.575,       ,       ,   9.77, -68.6,       ,       ,    3.5,       ,      ,       ,      ,      ,  -3.9, 3DDiff, 3704,      ,     10,  16.0,     18
2012-10-17, 12:48:40,  -05:00,       ,   47.9523964,  -97.1732483,   833.6, 29.09,   843.7,   9.5,  43.87,  34.58,  169.35,   1.63,  -0.03,  -0.06,   0.01, 267.8, 266.2,  25.8,  25.9,  -3.1,  -0.1,  22.55,  23.77,     1.48,  133.20,   53.91,  719.2,  256.85,  258.60,  268.98,  261.15,  990.86, 1056.14, 1027.47, 1095.19,   755.8,  45,  GPS,  174.0, 109.10, 114.30, 118.400, 124.575,       ,       ,   9.59, -68.8,       ,       ,    3.5,       ,      ,       ,      ,      ,  -3.9, 3DDiff, 3704,      ,     11,  16.0,     18
2012-10-17, 12:48:41,  -05:00,       ,   47.9523926,  -97.1734695,   832.6, 29.09,   843.6,   9.5,  40.72,  32.38,  120.78,   1.47,   0.05,   0.00,  -0.03, 267.8, 265.1,  25.7,  25.8,  -3.1,  -0.1,  22.57,  23.71,     1.45,  133.23,   53.76,  706.9,  256.56,  258.35,  268.73,  261.00,  976.74, 1045.75, 1008.77, 1085.66,   755.7,  42,  GPS,  174.0, 109.10, 114.30, 118.400, 124.575,       ,       ,   9.43, -69.1,       ,       ,    3.5,       ,      ,       ,      ,      ,  -3.9, 3DDiff, 3704,      ,     11,  16.0,     18
2012-10-17, 12:48:42,  -05:00,       ,   47.9523926,  -97.1736755,   831.6, 29.09,   842.5,   9.5,  38.41,  30.40,   46.71,   1.80,  -0.41,   0.05,   0.00, 268.7, 265.2,  25.5,  25.5,  -4.6,  -0.1,  22.55,  23.77,     1.47,  133.27,   53.56,  695.3,  256.34,  258.20,  268.50,  260.84,  968.26, 1038.04,  996.98, 1073.00,   754.6,  39,  GPS,  174.0, 109.10, 114.30, 118.400, 124.575,       ,       ,   9.29, -69.4,       ,       ,    3.5,       ,      ,       ,      ,      ,   0.0, 3DDiff, 3704,      ,     11,  16.0,     18
2012-10-17, 12:48:43,  -05:00,       ,   47.9523926,  -97.1738663,   829.6, 29.09,   841.3,   9.5,  36.74,  29.22,  -26.74,   1.85,  -0.40,  -0.05,  -0.03, 269.1, 266.2,  25.3,  25.4,  -3.9,  -0.1,  22.42,  23.83,     1.45,  133.30,   53.49,  685.3,  256.07,  257.95,  268.26,  260.64,  960.10, 1025.92,  988.76, 1064.34,   753.4,  37,  GPS,  174.0, 109.10, 114.30, 118.400, 124.575,       ,       ,   9.15, -69.8,       ,       ,    3.5,       ,      ,       ,      ,      ,   0.0, 3DDiff, 3704,      ,     10,  15.5,     18
2012-10-17, 12:48:44,  -05:00,       ,   47.9523926,  -97.1740646,   828.6, 29.09,   841.1,   9.5,  34.24,  28.52,  -50.38,   2.12,  -0.36,   0.07,   0.02, 270.0, 266.8,  25.4,  26.0,  -1.0,  -0.0,  22.26,  24.00,     1.44,  133.33,   53.92,  728.6,  255.83,  257.72,  267.98,  260.45,  950.64, 1014.71,  987.51, 1056.41,   753.2,  35,  GPS,  174.0, 109.10, 114.30, 118.400, 124.575,       ,       ,   9.03, -70.1,       ,       ,    3.5,       ,      ,       ,      ,      ,   0.0, 3DDiff, 3704,      ,     10,  15.5,     18
2012-10-17, 12:48:45,  -05:00,       ,   47.9523926,  -97.1742554,   826.6, 29.09,   840.9,   9.5,  33.02,  28.24,  -96.95,   1.77,   0.02,   0.02,  -0.07, 268.6, 267.7,  27.3,  27.4,   3.1,   0.1,  22.17,  24.00,     8.58,  133.37,   67.29, 1494.1,  255.57,  257.50,  267.70,  260.24,  952.99, 1006.49,  991.42, 1050.21,   753.0,  34,  GPS,  174.0, 109.10, 114.30, 118.400, 124.575,       ,       ,   8.90, -70.5,       ,       ,    3.5,       ,      ,       ,      ,      ,  -3.9, 3DDiff, 3704,      ,     10,  16.0,     18
2012-10-17, 12:48:46,  -05:00,       ,   47.9523964,  -97.1744690,   823.6, 29.09,   840.8,   9.5,  34.36,  29.68, -121.14,   2.24,  -0.23,  -0.01,  -0.04, 267.8, 267.2,  27.3,  27.4,   2.9,   0.1,  22.26,  24.00,    14.13,  133.42,   76.07, 2149.3,  255.28,  257.25,  267.43,  260.07,  985.47, 1018.14, 1016.01, 1057.74,   752.9,  35,  GPS,  174.0, 109.10, 114.30, 118.400, 124.575,       ,       ,   8.77, -70.9,       ,       ,    3.5,       ,      ,       ,      ,      ,   3.9, 3DDiff, 3704,      ,     10,  15.5,     18
2012-10-17, 12:48:47,  -05:00,       ,   47.9523964,  -97.1746979,   821.6, 29.09,   841.0,   9.5,  38.30,  32.42, -131.27,   2.31,  -0.19,   0.01,  -0.02, 267.5, 266.3,  27.3,  27.3,   2.6,  -0.1,  22.21,  24.00,    14.88,  133.50,   77.42, 2311.3,  255.03,  257.05,  267.23,  259.85, 1034.71, 1045.99, 1056.47, 1078.78,   753.1,  39,  GPS,  174.0, 109.10, 114.30, 118.400, 124.575,       ,       ,   8.62, -71.3,       ,       ,    3.5,       ,      ,       ,      ,      ,  -3.9, 3DDiff, 3704,      ,     10,  15.5,     18
2012-10-17, 12:48:48,  -05:00,       ,   47.9523964,  -97.1749420,   818.6, 29.09,   842.1,   9.5,  42.33,  35.26, -135.00,   2.45,   0.18,  -0.02,  -0.05, 267.6, 266.6,  27.4,  27.4,   2.6,   0.1,  22.15,  24.00,    15.12,  133.57,   76.42, 2332.4,  254.81,  256.87,  267.02,  259.74, 1076.03, 1074.96, 1093.08, 1102.08,   754.2,  43,  GPS,  174.0, 109.10, 114.30, 118.400, 124.575,       ,       ,   8.48, -71.8,       ,       ,    3.5,       ,      ,       ,      ,      ,  -3.9, 3DDiff, 3704,      ,     10,  15.5,     18
2012-10-17, 12:48:49,  -05:00,       ,   47.9523964,  -97.1752014,   819.6, 29.09,   843.3,   9.5,  45.08,  37.94,  -89.07,   2.53,  -0.16,   0.04,  -0.03, 268.9, 266.7,  27.4,  27.4,   2.6,   0.1,  22.15,  24.00,    15.09,  133.64,   77.13, 2339.6,  254.61,  256.80,  266.88,  259.64, 1107.61, 1099.86, 1121.84, 1120.65,   755.4,  46,  GPS,  174.0, 109.10, 114.30, 118.400, 124.575,       ,       ,   8.35, -72.4,       ,       ,    3.5,       ,      ,       ,      ,      ,  -3.9, 3DDiff, 3704,      ,     10,  15.5,     18
2012-10-17, 12:48:50,  -05:00,       ,   47.9524040,  -97.1754761,   819.6, 29.09,   843.3,   9.5,  46.53,  40.63,  -52.73,   2.88,   0.31,  -0.06,   0.09, 267.7, 267.4,  27.3,  27.3,   2.4,   0.0,  22.02,  24.00,    15.16,  133.70,   77.12, 2347.6,  254.52,  256.79,  266.80,  259.55, 1132.73, 1120.79, 1142.90, 1135.38,   755.4,  47,  GPS,  174.0, 109.10, 114.30, 118.400, 124.575,       ,       ,   8.24, -72.9,       ,       ,    3.5,       ,      ,       ,      ,      , -11.8, 3DDiff, 3704,      ,     10,  15.5,     18
2012-10-17, 12:48:51,  -05:00,       ,   47.9524040,  -97.1757965,   817.6, 29.09,   843.4,   9.5,  50.05,  43.17,  -59.21,   2.86,  -0.13,  -0.03,  -0.02, 267.3, 266.5,  27.3,  27.4,   2.4,  -0.0,  22.07,  24.00,    15.08,  133.75,   77.28, 2359.9,  254.44,  256.82,  266.82,  259.57, 1153.69, 1138.11, 1159.79, 1147.21,   755.5,  51,  GPS,  174.0, 109.10, 114.30, 118.400, 124.575,       ,       ,   8.14, -73.5,       ,       ,    3.5,       ,      ,       ,      ,      ,  -7.9, 3DDiff, 3704,      ,     10,  15.5,     18
2012-10-17, 12:48:52,  -05:00,       ,   47.9524002,  -97.1761017,   817.6, 29.09,   843.4,   9.5,  52.26,  45.60,  -52.41,   3.07,   0.18,   0.01,  -0.07, 268.1, 266.3,  27.4,  27.4,   2.2,  -0.0,  22.07,  24.00,    15.03,  133.81,   77.28, 2346.3,  254.41,  256.91,  266.89,  259.61, 1168.35, 1152.63, 1170.48, 1156.73,   755.5,  53,  GPS,  174.0, 109.10, 114.30, 118.400, 124.575,       ,       ,   8.06, -74.1,       ,       ,    3.5,       ,      ,       ,      ,      , -11.8, 3DDiff, 3704,      ,     10,  15.5,     18
2012-10-17, 12:48:53,  -05:00,       ,   47.9524040,  -97.1764297,   816.6, 29.09,   842.6,   9.5,  53.49,  47.93,  -46.05,   3.85,   0.01,   0.01,  -0.05, 268.0, 266.7,  27.4,  27.5,   2.4,   0.1,  21.88,  24.00,    15.18,  133.88,   77.07, 2351.0,  254.45,  257.03,  267.01,  259.70, 1182.78, 1165.99, 1181.28, 1164.93,   754.7,  54,  GPS,  174.0, 109.10, 114.30, 118.400, 124.575,       ,       ,   7.97, -74.7,       ,       ,    3.5,       ,      ,       ,      ,      , -11.8, 3DDiff, 3704,      ,     10,  15.5,     18
2012-10-17, 12:48:54,  -05:00,       ,   47.9524002,  -97.1767807,   814.6, 29.09,   841.3,   9.5,  53.95,  50.23,  -58.45,   4.22,   0.12,  -0.10,   0.07, 266.5, 266.4,  27.3,  27.4,   2.2,  -0.0,  21.78,  24.00,    15.09,  133.93,   76.83, 2350.3,  254.50,  257.26,  267.14,  259.77, 1190.90, 1178.00, 1190.92, 1171.95,   753.4,  55,  GPS,  174.0, 109.10, 114.30, 118.400, 124.575,       ,       ,   7.89, -75.2,       ,       ,    3.5,       ,      ,       ,      ,      , -11.8, 3DDiff, 3704,      ,     10,  15.5,     18
2012-10-17, 12:48:55,  -05:00,       ,   47.9523964,  -97.1771469,   813.6, 29.09,   839.8,   9.5,  56.23,  52.37,  -70.72,   5.26,   0.66,  -0.05,   0.03, 267.0, 265.3,  27.3,  27.4,   2.2,   0.0,  22.00,  24.00,    15.24,  133.99,   77.36, 2358.8,  254.62,  257.46,  267.37,  259.96, 1198.68, 1187.68, 1198.37, 1177.40,   751.9,  57,  GPS,  174.0, 109.10, 114.30, 118.400, 124.575,       ,       ,   7.81, -75.8,       ,       ,    3.5,       ,      ,       ,      ,      ,  -7.9, 3DDiff, 3704,      ,     10,  15.5,     18
2012-10-17, 12:48:56,  -05:00,       ,   47.9523849,  -97.1775208,   810.6, 29.09,   840.1,   9.5,  55.28,  54.37, -107.42,   6.51,   6.34,  -0.01,   0.07, 267.6, 265.3,  27.4,  27.4,   2.2,   0.0,  22.02,  24.00,    15.08,  134.04,   77.28, 2364.8,  254.75,  257.74,  267.65,  260.12, 1203.99, 1195.44, 1204.45, 1181.84,   752.2,  56,  GPS,  174.0, 109.10, 114.30, 118.400, 124.575,       ,       ,   7.70, -76.2,       ,       ,    3.5,       ,      ,       ,      ,      ,  23.6, 3DDiff, 3704,      ,     10,  15.5,     18
2012-10-17, 12:48:57,  -05:00,       ,   47.9523888,  -97.1779251,   814.6, 29.09,   842.5,   9.5,  62.65,  56.06,  -51.06,   6.56,   5.53,  -0.04,   0.03, 266.5, 266.5,  27.4,  27.4,   2.0,  -0.1,  22.17,  24.00,    15.02,  134.09,   77.44, 2373.1,  254.98,  258.02,  267.95,  260.37, 1208.95, 1202.94, 1210.17, 1186.54,   754.6,  64,  GPS,  174.0, 109.10, 114.30, 118.400, 124.575,       ,       ,   7.59, -76.4,       ,       ,    3.5,       ,      ,       ,      ,      , 137.8, 3DDiff, 3704,      ,     10,  15.5,     18
2012-10-17, 12:48:58,  -05:00,       ,   47.9523926,  -97.1783066,   824.6, 29.09,   847.2,   9.5,  67.59,  57.11,  190.37,   6.37,  -1.01,  -0.04,  -0.01, 267.8, 267.2,  27.4,  27.4,   2.1,   0.1,  22.28,  24.00,    15.02,  134.13,   77.78, 2399.5,  255.16,  258.33,  268.26,  260.60, 1214.97, 1210.81, 1213.81, 1192.87,   759.3,  69,  GPS,  174.0, 109.10, 114.30, 118.400, 124.575,       ,       ,   7.50, -76.6,       ,       ,    3.5,       ,      ,       ,      ,      , 275.6, 3DDiff, 3704,      ,     10,  15.5,     18
2012-10-17, 12:48:59,  -05:00,       ,   47.9523964,  -97.1787186,   832.6, 29.09,   853.3,   9.2,  68.61,  57.87,  338.62,   6.56,   0.44,   0.08,  -0.00, 268.6, 266.5,  27.3,  27.4,   2.0,   0.0,  22.32,  24.00,    15.09,  134.17,   77.99, 2395.6,  255.39,  258.68,  268.68,  260.87, 1219.74, 1218.23, 1219.29, 1199.06,   765.4,  70,  GPS,  174.0, 109.10, 114.30, 118.400, 124.575,       ,       ,   7.44, -76.9,       ,       ,    3.5,       ,      ,       ,      ,      , 330.7, 3DDiff, 3704,      ,     10,  15.5,     18
2012-10-17, 12:49:00,  -05:00,       ,   47.9523926,  -97.1791229,   836.6, 29.09,   861.2,   9.2,  65.79,  58.53,  371.12,   7.46,   2.22,  -0.01,   0.02, 268.3, 266.2,  27.3,  27.3,   2.0,   0.0,  22.28,  24.00,    15.01,  134.20,   77.75, 2401.1,  255.65,  259.09,  269.06,  261.16, 1223.76, 1224.07, 1224.86, 1203.95,   773.3,  67,  GPS,  174.0, 109.10, 114.30, 118.400, 124.575,       ,       ,   7.43, -77.1,       ,       ,    3.5,       ,      ,       ,      ,      , 393.7, 3DDiff, 3704,      ,     10,  15.5,     18
2012-10-17, 12:49:01,  -05:00,       ,   47.9523926,  -97.1795197,   849.6, 29.09,   871.3,   9.2,  71.00,  58.88,  456.45,   7.38,  -0.53,  -0.05,   0.05, 268.3, 266.0,  27.3,  27.4,   1.9,  -0.1,  22.26,  24.00,    15.13,  134.23,   77.66, 2411.5,  255.95,  259.45,  269.50,  261.49, 1229.07, 1229.00, 1230.04, 1207.81,   783.4,  72,  GPS,  174.0, 109.10, 114.30, 118.400, 124.575,       ,       ,   7.45, -77.3,       ,       ,    3.5,       ,      ,       ,      ,      , 492.1, 3DDiff, 3704,      ,     10,  15.0,     18
2012-10-17, 12:49:02,  -05:00,       ,   47.9523849,  -97.1799164,   855.6, 29.09,   881.8,   9.2,  70.13,  58.90,  489.81,   8.77,   2.82,  -0.01,   0.07, 269.5, 265.8,  27.4,  27.5,   2.0,   0.1,  22.40,  24.00,    15.06,  134.25,   77.99, 2411.5,  256.27,  259.85,  269.91,  261.81, 1232.66, 1233.39, 1234.90, 1210.99,   793.9,  71,  GPS,  174.0, 109.10, 114.30, 118.400, 124.575,       ,       ,   7.51, -77.5,       ,       ,    3.5,       ,      ,       ,      ,      , 614.2, 3DDiff, 3704,      ,     10,  15.5,     18
2012-10-17, 12:49:03,  -05:00,       ,   47.9523888,  -97.1803284,   866.6, 29.09,   896.0,   9.2,  68.81,  58.64,  501.03,   8.51,   1.72,   0.01,  -0.28, 268.2, 266.2,  27.5,  27.5,   1.9,   0.0,  22.55,  24.00,    15.21,  134.28,   77.56, 2407.2,  256.65,  260.31,  270.39,  262.16, 1235.44, 1237.30, 1238.97, 1215.55,   808.1,  70,  GPS,  174.0, 109.10, 114.30, 118.400, 124.575,       ,       ,   7.62, -77.6,       ,       ,    3.5,       ,      ,       ,      ,      , 787.4, 3DDiff, 3704,      ,     10,  15.5,     18
2012-10-17, 12:49:04,  -05:00,       ,   47.9523811,  -97.1807251,   883.6, 29.09,   906.7,   9.2,  70.69,  58.55,  696.88,   9.94,   1.31,  -0.01,   0.10, 268.4, 266.2,  27.4,  27.4,   1.9,  -0.0,  22.66,  24.00,    15.03,  134.30,   77.58, 2410.8,  256.96,  260.75,  270.92,  262.54, 1236.38, 1241.70, 1242.39, 1219.32,   818.8,  72,  GPS,  174.0, 109.10, 114.30, 118.400, 124.575,       ,       ,   7.75, -77.7,       ,       ,    3.5,       ,      ,       ,      ,      , 673.2, 3DDiff, 3704,      ,     11,  15.5,     18
2012-10-17, 12:49:05,  -05:00,       ,   47.9523811,  -97.1811371,   895.6, 29.09,   918.2,   9.2,  72.21,  58.55,  750.42,   9.01,   1.30,  -0.03,  -0.13, 268.3, 266.1,  27.4,  27.4,   2.0,   0.0,  22.76,  24.00,    15.10,  134.31,   77.47, 2420.3,  257.32,  261.22,  271.36,  262.96, 1237.23, 1244.88, 1244.61, 1221.35,   830.3,  74,  GPS,  174.0, 109.10, 114.30, 118.400, 124.575,       ,       ,   7.92, -77.8,       ,       ,    3.5,       ,      ,       ,      ,      , 669.3, 3DDiff, 3704,      ,     10,  15.5,     18
2012-10-17, 12:49:06,  -05:00,       ,   47.9523773,  -97.1815414,   909.6, 29.09,   925.7,   9.2,  72.34,  58.99,  791.49,   7.90,  -0.04,  -0.07,  -0.12, 267.1, 266.0,  27.5,  27.5,   1.9,   0.0,  22.82,  24.00,    15.13,  134.32,   77.58, 2419.0,  257.72,  261.68,  271.92,  263.34, 1239.08, 1247.44, 1245.99, 1223.57,   838.0,  74,  GPS,  174.0, 109.10, 114.30, 118.400, 124.575,       ,       ,   8.12, -77.9,       ,       ,    3.5,       ,      ,       ,      ,      , 543.3, 3DDiff, 3704,      ,     11,  15.5,     18
2012-10-17, 12:49:07,  -05:00,       ,   47.9523697,  -97.1819534,   920.6, 29.09,   931.2,   9.2,  74.14,  59.64,  784.13,   9.21,  -0.11,  -0.06,   0.00, 267.2, 265.2,  27.5,  27.5,   1.9,   0.0,  22.87,  24.00,    15.17,  134.34,   77.54, 2415.0,  258.14,  262.17,  272.51,  263.77, 1242.36, 1250.28, 1246.58, 1226.48,   843.4,  76,  GPS,  174.0, 109.10, 114.30, 118.400, 124.575,       ,       ,   8.37, -78.1,       ,       ,    3.5,       ,      ,       ,      ,      , 464.6, 3DDiff, 3704,      ,     10,  15.5,     18
2012-10-17, 12:49:08,  -05:00,       ,   47.9523659,  -97.1823807,   928.6, 29.09,   939.1,   9.2,  74.21,  60.08,  671.60,   9.72,   0.05,  -0.08,  -0.00, 267.7, 264.5,  27.5,  27.5,   1.9,   0.1,  23.01,  24.00,    15.17,  134.35,   77.47, 2419.6,  258.58,  262.68,  273.07,  264.18, 1243.76, 1252.96, 1248.94, 1228.86,   851.3,  76,  GPS,  174.0, 109.10, 114.30, 118.400, 124.575,       ,       ,   8.65, -78.2,       ,       ,    3.5,       ,      ,       ,      ,      , 488.2, 3DDiff, 3704,      ,     10,  15.5,     18
2012-10-17, 12:49:09,  -05:00,       ,   47.9523544,  -97.1828079,   932.6, 29.09,   948.1,   9.2,  72.45,  60.39,  527.62,   9.83,   2.92,  -0.02,   0.03, 268.1, 264.2,  27.5,  27.5,   1.8,   0.0,  23.05,  24.00,    15.00,  134.35,   77.33, 2415.4,  259.04,  263.20,  273.59,  264.64, 1244.38, 1254.83, 1250.63, 1231.64,   860.3,  74,  GPS,  174.0, 109.10, 114.30, 118.400, 124.575,       ,       ,   8.95, -78.3,       ,       ,    3.5,       ,      ,       ,      ,      , 523.6, 3DDiff, 3704,      ,     10,  15.5,     18
2012-10-17, 12:49:10,  -05:00,       ,   47.9523392,  -97.1832123,   943.6, 29.09,   957.9,   9.2,  74.15,  60.65,  498.11,  10.28,   2.46,  -0.02,   0.08, 267.6, 264.4,  27.4,  27.5,   1.9,  -0.0,  23.20,  24.00,    15.04,  134.36,   77.28, 2420.6,  259.46,  263.70,  274.24,  265.07, 1246.17, 1256.32, 1250.73, 1233.68,   870.2,  76,  GPS,  174.0, 109.10, 114.30, 118.400, 124.575,       ,       ,   9.27, -78.4,       ,       ,    3.5,       ,      ,       ,      ,      , 602.4, 3DDiff, 3704,      ,     10,  15.5,     18
2012-10-17, 12:49:11,  -05:00,       ,   47.9523315,  -97.1836243,   951.6, 29.09,   969.2,   9.2,  73.23,  60.76,  504.76,   9.93,   2.48,  -0.03,  -0.08, 268.5, 264.5,  27.5,  27.6,   1.8,  -0.0,  23.16,  24.00,    15.06,  134.37,   77.60, 2418.8,  259.91,  264.27,  274.74,  265.52, 1248.81, 1258.21, 1251.12, 1234.50,   881.4,  75,  GPS,  174.0, 109.10, 114.30, 118.400, 124.575,       ,       ,   9.60, -78.4,       ,       ,    3.6,       ,      ,       ,      ,      , 657.5, 3DDiff, 3704,      ,     10,  15.5,     18
2012-10-17, 12:49:12,  -05:00,       ,   47.9523239,  -97.1840439,   961.6, 29.09,   982.3,   9.2,  74.01,  60.76,  542.28,  10.39,  -0.13,   0.00,  -0.01, 270.4, 264.5,  27.5,  27.6,   1.8,   0.1,  23.26,  24.00,    15.05,  134.37,   76.82, 2418.7,  260.40,  264.79,  275.34,  265.96, 1251.71, 1260.95, 1253.10, 1236.26,   894.5,  76,  GPS,  174.0, 109.10, 114.30, 118.400, 124.575,       ,       ,   9.94, -78.4,       ,       ,    3.6,       ,      ,       ,      ,      , 716.5, 3DDiff, 3704,      ,     11,  15.5,     18
2012-10-17, 12:49:13,  -05:00,       ,   47.9523125,  -97.1844559,   969.6, 29.09,   997.2,   9.2,  73.77,  60.69,  515.46,  10.10,   3.60,   0.00,  -0.11, 270.7, 264.9,  27.4,  27.5,   1.8,   0.0,  23.22,  24.00,    15.16,  134.37,   77.36, 2415.0,  260.89,  265.35,  276.04,  266.47, 1254.75, 1263.46, 1254.67, 1237.97,   909.5,  75,  GPS,  174.0, 109.10, 114.30, 118.400, 124.575,       ,       ,  10.28, -78.3,       ,       ,    3.6,       ,      ,       ,      ,      , 740.2, 3DDiff, 3704,      ,     10,  15.0,     18
2012-10-17, 12:49:14,  -05:00,       ,   47.9523087,  -97.1848679,   984.6, 29.09,  1009.3,   9.2,  74.56,  60.59,  629.58,  10.42,   1.87,  -0.01,   0.07, 270.6, 265.5,  27.3,  27.3,   1.8,   0.0,  23.20,  24.00,    14.94,  134.37,   77.30, 2427.3,  261.35,  265.90,  276.57,  266.94, 1255.89, 1265.12, 1256.01, 1239.34,   921.6,  76,  GPS,  174.0, 109.10, 114.30, 118.400, 124.575,       ,       ,  10.64, -78.0,       ,       ,    3.6,       ,      ,       ,      ,      , 708.7, 3DDiff, 3704,      ,     10,  15.0,     18
2012-10-17, 12:49:15,  -05:00,       ,   47.9523087,  -97.1852875,   996.6, 29.09,  1021.4,   9.2,  73.56,  60.51,  691.93,  10.14,   2.15,  -0.03,  -0.01, 270.3, 266.0,  27.4,  27.4,   1.7,  -0.0,  23.08,  24.00,    15.08,  134.37,   77.53, 2421.0,  261.88,  266.48,  277.18,  267.46, 1256.84, 1266.18, 1256.16, 1240.02,   933.6,  75,  GPS,  174.0, 109.10, 114.30, 118.400, 124.575,       ,       ,  11.00, -77.7,       ,       ,    3.6,       ,      ,       ,      ,      , 708.7, 3DDiff, 3704,      ,     10,  15.5,     18
2012-10-17, 12:49:16,  -05:00,       ,   47.9523087,  -97.1857147,  1010.6, 29.09,  1033.6,   9.2,  75.80,  60.37,  741.70,  10.11,   2.48,  -0.02,  -0.08, 270.7, 266.4,  27.5,  27.5,   1.8,   0.0,  23.12,  24.00,    15.12,  134.37,   77.45, 2426.1,  262.37,  267.04,  277.79,  267.93, 1257.85, 1267.42, 1256.09, 1240.31,   945.8,  77,  GPS,  174.0, 109.10, 114.30, 118.400, 124.575,       ,       ,  11.35, -77.4,       ,       ,    3.6,       ,      ,       ,      ,      , 716.5, 3DDiff, 3704,      ,     11,  15.5,     18
2012-10-17, 12:49:17,  -05:00,       ,   47.9523125,  -97.1861267,  1022.6, 29.09,  1044.0,   9.2,  74.62,  60.28,  757.59,   9.49,   1.57,  -0.00,  -0.04, 271.7, 266.6,  27.4,  27.5,   1.8,   0.1,  23.08,  24.00,    15.21,  134.36,   77.14, 2425.8,  262.92,  267.59,  278.43,  268.46, 1259.23, 1268.69, 1256.09, 1239.63,   956.2,  76,  GPS,  174.0, 109.10, 114.30, 118.400, 124.575,       ,       ,  11.72, -77.0,       ,       ,    3.6,       ,      ,       ,      ,      , 657.5, 3DDiff, 3704,      ,     11,  15.5,     18
2012-10-17, 12:49:18,  -05:00,       ,   47.9523125,  -97.1865540,  1032.6, 29.09,  1053.1,   9.2,  74.91,  60.35,  713.55,   9.80,   0.41,  -0.05,   0.03, 271.2, 266.9,  27.4,  27.5,   1.8,   0.0,  23.01,  24.00,    15.08,  134.36,   77.38, 2427.9,  263.47,  268.17,  279.04,  268.93, 1261.80, 1269.19, 1256.93, 1239.62,   965.4,  77,  GPS,  174.0, 109.10, 114.30, 118.400, 124.575,       ,       ,  12.08, -76.6,       ,       ,    3.6,       ,      ,       ,      ,      , 602.4, 3DDiff, 3704,      ,     11,  15.5,     18
2012-10-17, 12:49:19,  -05:00,       ,   47.9523163,  -97.1869431,  1043.6, 29.09,  1061.1,   9.2,  75.08,  60.39,  684.52,  10.07,   1.03,  -0.03,  -0.01, 270.6, 266.8,  27.4,  27.5,   1.7,   0.0,  23.01,  24.00,    15.15,  134.35,   77.29, 2419.5,  263.95,  268.76,  279.66,  269.43, 1262.62, 1269.61, 1256.85, 1240.57,   973.4,  77,  GPS,  174.0, 109.10, 114.30, 118.400, 124.575,       ,       ,  12.44, -76.2,       ,       ,    3.6,       ,      ,       ,      ,      , 657.5, 3DDiff, 3704,      ,     10,  15.0,     18
2012-10-17, 12:49:20,  -05:00,       ,   47.9523163,  -97.1873703,  1056.6, 29.09,  1073.2,   9.2,  75.03,  60.35,  700.52,  10.34,  -1.11,  -0.04,  -0.05, 270.2, 266.3,  27.4,  27.4,   1.6,  -0.0,  23.05,  24.00,    15.09,  134.34,   77.19, 2424.1,  264.50,  269.37,  280.28,  269.97, 1264.09, 1271.61, 1256.60, 1241.15,   985.4,  77,  GPS,  174.0, 109.10, 114.30, 118.400, 124.575,       ,       ,  12.79, -75.9,       ,       ,    3.6,       ,      ,       ,      ,      , 708.7, 3DDiff, 3704,      ,     10,  15.0,     18
2012-10-17, 12:49:21,  -05:00,       ,   47.9523087,  -97.1877899,  1068.6, 29.09,  1084.2,   9.2,  75.11,  60.24,  715.77,  10.57,   0.57,   0.00,  -0.04, 270.1, 265.6,  27.5,  27.5,   1.7,   0.1,  23.01,  24.00,    15.09,  134.34,   76.93, 2424.2,  265.05,  269.94,  280.91,  270.51, 1263.94, 1272.75, 1255.81, 1241.50,   996.4,  77,  GPS,  174.0, 109.10, 114.30, 118.400, 124.575,       ,       ,  13.13, -75.5,       ,       ,    3.6,       ,      ,       ,      ,      , 677.2, 3DDiff, 3704,      ,     10,  15.5,     18
2012-10-17, 12:49:22,  -05:00,       ,   47.9523048,  -97.1881943,  1077.6, 29.09,  1094.9,   9.2,  74.89,  60.08,  665.93,  10.21,   2.27,  -0.01,   0.02, 269.5, 265.4,  27.4,  27.5,   1.8,   0.1,  23.05,  24.00,    15.12,  134.32,   76.80, 2421.3,  265.58,  270.55,  281.53,  271.04, 1263.47, 1272.57, 1256.20, 1241.80,  1007.2,  77,  GPS,  174.0, 109.10, 114.30, 118.400, 124.575,       ,       ,  13.47, -75.1,       ,       ,    3.6,       ,      ,       ,      ,      , 661.4, 3DDiff, 3704,      ,     10,  15.5,     18
2012-10-17, 12:49:23,  -05:00,       ,   47.9523048,  -97.1886139,  1088.6, 29.09,  1107.2,   9.2,  74.50,  59.97,  651.05,   9.89,   1.22,  -0.04,  -0.07, 269.8, 265.4,  27.4,  27.4,   1.7,   0.0,  23.05,  24.00,    15.06,  134.32,   76.92, 2420.5,  266.11,  271.13,  282.24,  271.58, 1262.96, 1272.56, 1257.45, 1242.33,  1019.4,  76,  GPS,  174.0, 109.10, 114.30, 118.400, 124.575,       ,       ,  13.79, -74.8,       ,       ,    3.6,       ,      ,       ,      ,      , 716.5, 3DDiff, 3704,      ,     10,  15.5,     18
2012-10-17, 12:49:24,  -05:00,       ,   47.9522934,  -97.1890259,  1103.6, 29.09,  1119.0,   9.0,  74.70,  60.01,  711.87,   9.80,  -0.34,  -0.02,  -0.01, 270.1, 265.2,  27.4,  27.4,   1.6,  -0.1,  23.05,  24.00,    15.07,  134.32,   76.95, 2415.2,  266.67,  271.75,  282.87,  272.12, 1262.39, 1272.99, 1258.38, 1242.63,  1031.3,  76,  GPS,  174.0, 109.10, 114.30, 118.400, 124.575,       ,       ,  13.79, -74.8,       ,       ,    3.6,       ,      ,       ,      ,      , 661.4, 3DDiff, 3704,      ,     11,  15.5,     18
2012-10-17, 12:49:25,  -05:00,       ,   47.9522896,  -97.1894379,  1112.6, 29.09,  1130.6,   9.0,  74.52,  60.14,  690.95,   9.53,   1.20,  -0.01,  -0.01, 270.3, 264.8,  27.5,  27.5,   1.6,  -0.0,  23.01,  24.00,    15.02,  134.32,   76.95, 2421.7,  267.24,  272.32,  283.49,  272.67, 1261.53, 1273.12, 1259.08, 1243.02,  1042.8,  76,  GPS,  174.0, 109.10, 114.30, 118.400, 124.575,       ,       ,  14.40, -74.1,       ,       ,    3.6,       ,      ,       ,      ,      , 570.9, 3DDiff, 3704,      ,     10,  15.0,     18
2012-10-17, 12:49:26,  -05:00,       ,   47.9522781,  -97.1898804,  1120.6, 29.09,  1139.4,   9.0,  74.44,  60.30,  621.30,   9.01,   3.03,  -0.00,   0.00, 269.7, 264.7,  27.5,  27.5,   1.7,   0.1,  22.97,  24.00,    15.03,  134.32,   76.99, 2415.2,  267.87,  272.95,  284.13,  273.21, 1263.02, 1271.92, 1260.30, 1243.72,  1051.6,  76,  GPS,  174.0, 109.10, 114.30, 118.400, 124.575,       ,       ,  14.40, -74.1,       ,       ,    3.6,       ,      ,       ,      ,      , 507.9, 3DDiff, 3704,      ,     10,  15.0,     18
2012-10-17, 12:49:27,  -05:00,       ,   47.9522743,  -97.1902695,  1128.6, 29.09,  1147.2,   9.0,  73.56,  60.67,  539.81,   8.35,   0.64,  -0.06,  -0.02, 269.4, 265.2,  27.3,  27.4,   1.7,   0.0,  22.91,  24.00,    15.07,  134.33,   76.60, 2417.9,  268.36,  273.56,  284.71,  273.73, 1263.40, 1271.32, 1260.53, 1244.17,  1059.5,  75,  GPS,  174.0, 109.10, 114.30, 118.400, 124.575,       ,       ,  14.69, -73.8,       ,       ,    3.6,       ,      ,       ,      ,      , 492.1, 3DDiff, 3704,      ,     10,  15.5,     18
2012-10-17, 12:49:28,  -05:00,       ,   47.9522667,  -97.1906967,  1138.6, 29.09,  1154.7,   9.0,  74.38,  61.19,  564.08,   7.86,   2.52,  -0.04,  -0.09, 269.8, 265.2,  27.4,  27.4,   1.7,   0.0,  22.87,  24.00,    15.04,  134.32,   76.82, 2413.3,  268.94,  274.15,  285.33,  274.29, 1262.23, 1271.71, 1260.77, 1244.31,  1067.0,  76,  GPS,  174.0, 109.10, 114.30, 118.400, 124.575,       ,       ,  14.96, -73.4,       ,       ,    3.6,       ,      ,       ,      ,      , 429.1, 3DDiff, 3704,      ,     10,  15.5,     18
2012-10-17, 12:49:29,  -05:00,       ,   47.9522629,  -97.1911240,  1146.6, 29.09,  1162.1,   9.0,  77.61,  61.74,  537.60,   8.35,   2.40,  -0.03,  -0.01, 270.5, 265.3,  27.4,  27.4,   1.5,  -0.1,  22.87,  24.00,    15.09,  134.33,   77.04, 2427.7,  269.53,  274.77,  285.95,  274.84, 1262.61, 1271.70, 1260.29, 1244.63,  1074.4,  79,  GPS,  174.0, 109.10, 114.30, 118.400, 124.575,       ,       ,  15.20, -73.1,       ,       ,    3.6,       ,      ,       ,      ,      , 444.9, 3DDiff, 3704,      ,     10,  15.5,     18
2012-10-17, 12:49:30,  -05:00,       ,   47.9522591,  -97.1915512,  1153.6, 29.09,  1168.4,   9.0,  77.86,  61.99,  492.29,   9.03,   2.11,  -0.00,   0.09, 271.6, 265.8,  27.4,  27.5,   1.6,  -0.0,  22.82,  24.00,    15.09,  134.33,   77.12, 2428.3,  270.08,  275.32,  286.58,  275.40, 1263.71, 1271.62, 1260.63, 1244.54,  1080.6,  80,  GPS,  174.0, 109.10, 114.30, 118.400, 124.575,       ,       ,  15.43, -72.8,       ,       ,    3.6,       ,      ,       ,      ,      , 440.9, 3DDiff, 3704,      ,     11,  15.5,     18
2012-10-17, 12:49:31,  -05:00,       ,   47.9522514,  -97.1919708,  1161.6, 29.09,  1175.5,   9.0,  77.98,  62.08,  463.21,   9.46,  -0.18,  -0.03,   0.04, 271.5, 265.8,  27.4,  27.5,   1.7,   0.1,  22.80,  24.00,    15.00,  134.33,   76.80, 2429.3,  270.66,  275.96,  287.17,  275.94, 1266.41, 1272.08, 1262.25, 1245.79,  1087.7,  80,  GPS,  174.0, 109.10, 114.30, 118.400, 124.575,       ,       ,  15.65, -72.5,       ,       ,    3.6,       ,      ,       ,      ,      , 531.5, 3DDiff, 3704,      ,     10,  15.0,     18
2012-10-17, 12:49:32,  -05:00,       ,   47.9522476,  -97.1924057,  1170.6, 29.09,  1184.9,   9.0,  78.38,  62.01,  484.42,   9.69,   1.91,  -0.00,  -0.01, 271.9, 265.6,  27.4,  27.4,   1.6,   0.0,  22.72,  24.00,    15.10,  134.33,   76.98, 2437.3,  271.25,  276.55,  287.82,  276.53, 1267.67, 1272.44, 1263.20, 1246.45,  1097.2,  80,  GPS,  174.0, 109.10, 114.30, 118.400, 124.575,       ,       ,  15.87, -72.1,       ,       ,    3.6,       ,      ,       ,      ,      , 563.0, 3DDiff, 3704,      ,     10,  15.0,     18
2012-10-17, 12:49:33,  -05:00,       ,   47.9522476,  -97.1928253,  1177.6, 29.09,  1195.2,   9.0,  76.94,  61.81,  474.25,   9.09,   3.44,  -0.02,  -0.02, 272.2, 266.1,  27.3,  27.4,   1.6,   0.0,  22.76,  24.00,    15.08,  134.34,   76.91, 2436.2,  271.83,  277.15,  288.38,  277.07, 1267.50, 1273.34, 1264.18, 1247.48,  1107.5,  79,  GPS,  174.0, 109.10, 114.30, 118.400, 124.575,       ,       ,  16.09, -71.8,       ,       ,    3.6,       ,      ,       ,      ,      , 618.1, 3DDiff, 3704,      ,     10,  15.5,     18
2012-10-17, 12:49:34,  -05:00,       ,   47.9522476,  -97.1932449,  1189.6, 29.09,  1206.9,   9.0,  78.57,  61.74,  530.77,   8.47,   0.56,   0.00,   0.02, 272.4, 266.6,  27.3,  27.3,   1.4,  -0.1,  22.76,  24.00,    15.27,  134.34,   76.94, 2439.9,  272.41,  277.76,  289.00,  277.66, 1266.63, 1274.15, 1264.65, 1249.12,  1119.1,  81,  GPS,  174.0, 109.10, 114.30, 118.400, 124.575,       ,       ,  16.31, -71.4,       ,       ,    3.6,       ,      ,       ,      ,      , 696.8, 3DDiff, 3704,      ,     10,  13.0,     17
2012-10-17, 12:49:35,  -05:00,       ,   47.9522552,  -97.1936722,  1201.6, 29.09,  1217.7,   9.0,  78.62,  61.83,  613.23,   8.17,  -0.75,  -0.02,  -0.01, 272.3, 266.6,  27.4,  27.3,   1.5,  -0.1,  22.68,  24.00,    15.19,  134.34,   77.06, 2438.6,  272.99,  278.38,  289.60,  278.20, 1266.31, 1275.81, 1266.61, 1249.65,  1129.9,  81,  GPS,  174.0, 109.10, 114.30, 118.400, 124.575,       ,       ,  16.53, -71.1,       ,       ,    3.6,       ,      ,       ,      ,      , 685.0, 3DDiff, 3704,      ,     10,  12.5,     17
2012-10-17, 12:49:36,  -05:00,       ,   47.9522476,  -97.1940994,  1214.6, 29.09,  1229.3,   9.0,  78.80,  62.07,  694.38,   7.95,  -0.67,  -0.01,  -0.07, 272.1, 266.3,  27.4,  27.4,   1.7,   0.1,  22.68,  24.00,    15.02,  134.34,   77.04, 2445.2,  273.57,  278.97,  290.22,  278.76, 1266.98, 1277.33, 1268.06, 1249.52,  1141.5,  81,  GPS,  174.0, 109.10, 114.30, 118.400, 124.575,       ,       ,  16.76, -70.7,       ,       ,    3.6,       ,      ,       ,      ,      , 622.0, 3DDiff, 3704,      ,     10,  12.5,     17
2012-10-17, 12:49:37,  -05:00,       ,   47.9522476,  -97.1945343,  1222.6, 29.09,  1239.5,   9.0,  77.80,  62.40,  666.49,   7.97,   1.03,  -0.02,  -0.01, 271.2, 266.0,  27.3,  27.3,   1.6,  -0.0,  22.66,  24.00,    15.06,  134.34,   76.82, 2438.9,  274.17,  279.57,  290.79,  279.36, 1266.71, 1278.34, 1270.09, 1249.08,  1151.8,  80,  GPS,  174.0, 109.10, 114.30, 118.400, 124.575,       ,       ,  16.98, -70.3,       ,       ,    3.6,       ,      ,       ,      ,      , 531.5, 3DDiff, 3704,      ,     10,  12.5,     16
2012-10-17, 12:49:38,  -05:00,       ,   47.9522476,  -97.1949692,  1232.6, 29.09,  1248.2,   9.0,  78.71,  62.73,  619.90,   7.82,   1.60,  -0.03,  -0.03, 271.2, 265.8,  27.4,  27.4,   1.6,   0.0,  22.68,  24.00,    15.02,  134.34,   76.74, 2440.4,  274.75,  280.21,  291.39,  279.91, 1268.48, 1277.97, 1270.14, 1248.98,  1160.4,  81,  GPS,  174.0, 109.10, 114.30, 118.400, 124.575,       ,       ,  17.20, -70.0,       ,       ,    3.6,       ,      ,       ,      ,      , 492.1, 3DDiff, 3704,      ,     10,  12.5,     16
2012-10-17, 12:49:39,  -05:00,       ,   47.9522438,  -97.1954041,  1239.6, 29.09,  1255.9,   9.0,  78.63,  63.06,  567.73,   7.79,   3.71,  -0.00,  -0.03, 272.4, 266.1,  27.5,  27.5,   1.5,  -0.0,  22.66,  24.00,    14.93,  134.33,   76.47, 2446.4,  275.32,  280.78,  291.96,  280.46, 1269.51, 1277.70, 1269.07, 1248.42,  1168.2,  81,  GPS,  174.0, 109.10, 114.30, 118.400, 124.575,       ,       ,  17.40, -69.6,       ,       ,    3.6,       ,      ,       ,      ,      , 468.5, 3DDiff, 3704,      ,     10,  12.5,     16
2012-10-17, 12:49:40,  -05:00,       ,   47.9522476,  -97.1958313,  1245.6, 29.09,  1264.4,   9.0,  78.31,  63.31,  471.81,   8.72,   4.08,  -0.01,   0.05, 272.9, 267.0,  27.5,  27.5,   1.7,   0.1,  22.57,  24.00,    14.99,  134.33,   76.87, 2435.7,  275.96,  281.39,  292.58,  281.05, 1270.84, 1278.44, 1268.50, 1248.25,  1176.6,  80,  GPS,  174.0, 109.10, 114.30, 118.400, 124.575,       ,       ,  17.60, -69.3,       ,       ,    3.6,       ,      ,       ,      ,      , 496.1, 3DDiff, 3704,      ,     10,  12.5,     16
2012-10-17, 12:49:41,  -05:00,       ,   47.9522552,  -97.1962891,  1255.6, 29.09,  1274.7,   8.8,  78.72,  63.35,  475.02,   9.22,   1.12,  -0.03,   0.02, 273.2, 267.8,  27.4,  27.4,   1.6,  -0.0,  22.57,  24.00,    14.94,  134.32,   76.93, 2440.5,  276.58,  282.02,  293.11,  281.62, 1271.81, 1278.78, 1268.08, 1248.83,  1186.9,  81,  GPS,  174.0, 109.10, 114.30, 118.400, 124.575,       ,       ,  17.78, -69.0,       ,       ,    3.6,       ,      ,       ,      ,      , 590.6, 3DDiff, 3704,      ,     10,  12.5,     16
2012-10-17, 12:49:42,  -05:00,       ,   47.9522591,  -97.1967010,  1264.6, 29.09,  1285.4,   8.8,  77.41,  63.21,  512.17,   9.88,  -0.04,   0.01,   0.06, 273.3, 267.9,  27.4,  27.4,   1.6,   0.0,  22.51,  24.00,    14.94,  134.31,   76.24, 2440.3,  277.11,  282.60,  293.73,  282.21, 1271.10, 1278.66, 1268.46, 1249.84,  1197.6,  80,  GPS,  174.0, 109.10, 114.30, 118.400, 124.575,       ,       ,  17.95, -68.7,       ,       ,    3.6,       ,      ,       ,      ,      , 728.3, 3DDiff, 3704,      ,     10,  12.5,     16
2012-10-17, 12:49:43,  -05:00,       ,   47.9522705,  -97.1971436,  1280.6, 29.09,  1298.2,   8.8,  79.73,  62.94,  622.63,  10.18,   2.69,  -0.05,   0.03, 272.1, 267.8,  27.4,  27.4,   1.5,  -0.0,  22.47,  24.00,    14.99,  134.30,   76.93, 2442.1,  277.69,  283.18,  294.32,  282.76, 1271.78, 1278.81, 1268.64, 1249.75,  1210.4,  82,  GPS,  174.0, 109.10, 114.30, 118.400, 124.575,       ,       ,  18.11, -68.4,       ,       ,    3.6,       ,      ,       ,      ,      , 826.8, 3DDiff, 3704,      ,     10,  12.5,     16
2012-10-17, 12:49:44,  -05:00,       ,   47.9522743,  -97.1975708,  1299.6, 29.09,  1313.0,   8.8,  79.49,  62.42,  844.05,   9.95,   0.68,  -0.02,  -0.05, 273.2, 267.7,  27.4,  27.4,   1.5,  -0.0,  22.51,  24.00,    15.14,  134.30,   76.51, 2441.1,  278.25,  283.77,  294.91,  283.31, 1272.84, 1279.39, 1269.30, 1250.64,  1225.2,  82,  GPS,  174.0, 109.10, 114.30, 118.400, 124.575,       ,       ,  18.25, -68.1,       ,       ,    3.6,       ,      ,       ,      ,      , 881.9, 3DDiff, 3704,      ,     10,  12.5,     16
2012-10-17, 12:49:45,  -05:00,       ,   47.9522820,  -97.1980057,  1309.6, 29.09,  1326.3,   8.8,  77.05,  62.10,  826.23,  10.62,   0.81,  -0.01,  -0.02, 273.9, 267.6,  27.5,  27.5,   1.7,   0.1,  22.51,  24.00,    14.95,  134.29,   76.67, 2425.9,  278.87,  284.38,  295.47,  283.90, 1274.85, 1279.28, 1268.68, 1251.38,  1238.5,  79,  GPS,  174.0, 109.10, 114.30, 118.400, 124.575,       ,       ,  18.38, -67.8,       ,       ,    3.6,       ,      ,       ,      ,      , 822.8, 3DDiff, 3704,      ,     10,  12.5,     16
2012-10-17, 12:49:46,  -05:00,       ,   47.9522858,  -97.1984253,  1321.6, 29.09,  1338.6,   8.8,  75.32,  61.85,  784.41,  10.66,   1.79,  -0.02,  -0.06, 273.0, 267.6,  27.4,  27.5,   1.6,   0.1,  22.47,  24.00,    14.88,  134.28,   76.65, 2426.6,  279.49,  284.98,  296.02,  284.44, 1275.45, 1279.03, 1268.01, 1251.95,  1250.8,  77,  GPS,  174.0, 109.10, 114.30, 118.400, 124.575,       ,       ,  18.50, -67.5,       ,       ,    3.6,       ,      ,       ,      ,      , 763.8, 3DDiff, 3704,      ,     10,  12.5,     16
2012-10-17, 12:49:47,  -05:00,       ,   47.9522972,  -97.1988449,  1334.6, 29.09,  1350.0,   8.8,  75.02,  61.56,  756.62,  10.81,   3.74,  -0.05,   0.07, 272.0, 267.8,  27.4,  27.4,   1.6,   0.0,  22.47,  24.00,    14.82,  134.28,   76.59, 2421.2,  280.03,  285.54,  296.62,  285.01, 1274.42, 1278.70, 1267.88, 1251.94,  1262.2,  77,  GPS,  174.0, 109.10, 114.30, 118.400, 124.575,       ,       ,  18.61, -67.3,       ,       ,    3.6,       ,      ,       ,      ,      , 696.8, 3DDiff, 3704,      ,     10,  12.5,     16
2012-10-17, 12:49:48,  -05:00,       ,   47.9523048,  -97.1992722,  1347.6, 29.09,  1363.8,   8.8,  75.95,  61.13,  766.27,  11.13,   8.37,  -0.06,  -0.00, 272.4, 268.7,  27.4,  27.5,   1.5,  -0.0,  22.42,  24.00,    14.97,  134.27,   76.52, 2423.1,  280.63,  286.12,  297.14,  285.56, 1273.84, 1278.67, 1269.09, 1251.38,  1276.0,  78,  GPS,  174.0, 109.10, 114.30, 118.400, 124.575,       ,       ,  18.69, -67.0,       ,       ,    3.6,       ,      ,       ,      ,      , 748.0, 3DDiff, 3704,      ,     10,  12.5,     16
2012-10-17, 12:49:49,  -05:00,       ,   47.9523239,  -97.1997070,  1362.6, 29.09,  1377.8,   8.8,  74.90,  60.69,  813.58,  11.82,  14.28,  -0.01,   0.02, 275.7, 270.8,  27.5,  27.5,   1.6,   0.0,  22.47,  24.00,    14.82,  134.26,   76.54, 2433.0,  281.27,  286.70,  297.72,  286.12, 1271.70, 1278.78, 1267.65, 1251.14,  1290.0,  77,  GPS,  174.0, 109.10, 114.30, 118.400, 124.575,       ,       ,  18.75, -66.8,       ,       ,    3.6,       ,      ,       ,      ,      , 728.3, 3DDiff, 3704,      ,     10,  12.5,     16
2012-10-17, 12:49:50,  -05:00,       ,   47.9523621,  -97.2000885,  1370.6, 29.09,  1389.2,   8.8,  74.02,  60.08,  730.10,  11.36,  15.01,  -0.04,   0.02, 279.7, 274.2,  27.5,  27.5,   1.7,   0.1,  22.55,  24.00,    14.73,  134.26,   76.35, 2422.9,  281.78,  287.28,  298.24,  286.65, 1269.01, 1278.70, 1267.15, 1250.13,  1301.5,  76,  GPS,  174.0, 109.10, 114.30, 118.400, 124.575,       ,       ,  18.78, -66.6,       ,       ,    3.6,       ,      ,       ,      ,      , 736.2, 3DDiff, 3704,      ,     10,  12.5,     16
2012-10-17, 12:49:51,  -05:00,       ,   47.9524269,  -97.2005157,  1382.6, 29.09,  1402.5,   8.8,  73.46,  59.64,  688.86,  10.54,  19.49,   0.01,  -0.07, 284.8, 278.9,  27.4,  27.4,   1.5,  -0.0,  22.55,  24.00,    14.73,  134.25,   76.45, 2414.5,  282.43,  287.87,  298.79,  287.23, 1267.61, 1278.17, 1268.89, 1248.52,  1314.8,  76,  GPS,  174.0, 109.10, 114.30, 118.400, 124.575,       ,       ,  18.80, -66.5,       ,       ,    3.6,       ,      ,       ,      ,      , 736.2, 3DDiff, 3704,      ,     10,  12.5,     16
2012-10-17, 12:49:52,  -05:00,       ,   47.9525070,  -97.2008896,  1391.6, 29.09,  1413.0,   8.8,  73.64,  59.46,  643.80,   9.94,  20.57,  -0.01,  -0.02, 289.0, 284.4,  27.4,  27.4,   1.5,  -0.0,  22.55,  24.00,    14.84,  134.25,   76.64, 2420.1,  282.96,  288.43,  299.33,  287.79, 1268.04, 1277.33, 1268.69, 1246.67,  1325.3,  76,  GPS,  174.0, 109.10, 114.30, 118.400, 124.575,       ,       ,  18.81, -66.2,       ,       ,    3.6,       ,      ,       ,      ,      , 681.1, 3DDiff, 3704,      ,     10,  12.5,     16
2012-10-17, 12:49:53,  -05:00,       ,   47.9526176,  -97.2012558,  1404.6, 29.09,  1423.7,   8.8,  75.88,  59.48,  665.41,   9.83,  23.40,  -0.02,   0.02, 294.3, 290.7,  27.5,  27.5,   1.5,  -0.0,  22.55,  24.00,    14.80,  134.24,   76.65, 2428.0,  283.53,  289.01,  299.87,  288.33, 1269.08, 1276.42, 1268.21, 1245.40,  1335.9,  78,  GPS,  174.0, 109.10, 114.30, 118.400, 124.575,       ,       ,  18.80, -65.9,       ,       ,    3.6,       ,      ,       ,      ,      , 622.0, 3DDiff, 3704,      ,     10,  12.5,     16
2012-10-17, 12:49:54,  -05:00,       ,   47.9527626,  -97.2016220,  1416.6, 29.09,  1431.8,   8.8,  76.13,  59.73,  695.24,   9.33,  24.52,  -0.03,   0.01, 300.2, 297.5,  27.4,  27.5,   1.5,  -0.0,  22.57,  24.00,    14.81,  134.25,   76.76, 2433.1,  284.18,  289.63,  300.46,  288.95, 1268.28, 1276.04, 1267.53, 1244.76,  1344.1,  78,  GPS,  174.0, 109.10, 114.30, 118.400, 124.575,       ,       ,  18.79, -65.5,       ,       ,    3.6,       ,      ,       ,      ,      , 555.1, 3DDiff, 3704,      ,     10,  12.5,     16
2012-10-17, 12:49:55,  -05:00,       ,   47.9529305,  -97.2019424,  1425.6, 29.09,  1438.7,   8.8,  76.31,  60.28,  658.35,   8.51,  25.86,  -0.03,   0.01, 306.9, 304.8,  27.4,  27.5,   1.5,   0.0,  22.66,  24.00,    14.81,  134.24,   76.63, 2425.8,  284.78,  290.22,  300.99,  289.49, 1268.04, 1275.38, 1266.24, 1244.75,  1350.9,  79,  GPS,  174.0, 109.10, 114.30, 118.400, 124.575,       ,       ,  18.78, -65.0,       ,       ,    3.6,       ,      ,       ,      ,      , 468.5, 3DDiff, 3704,      ,     10,  12.5,     16
2012-10-17, 12:49:56,  -05:00,       ,   47.9531441,  -97.2022400,  1432.6, 29.09,  1445.1,   8.8,  76.74,  61.25,  567.94,   7.64,  25.68,  -0.03,   0.08, 313.2, 312.9,  27.4,  27.4,   1.6,   0.0,  22.66,  24.00,    14.83,  134.25,   76.63, 2424.8,  285.33,  290.68,  301.47,  289.97, 1268.18, 1275.83, 1265.91, 1244.29,  1357.4,  79,  GPS,  174.0, 109.10, 114.30, 118.400, 124.575,       ,       ,  18.77, -64.4,       ,       ,    3.6,       ,      ,       ,      ,      , 393.7, 3DDiff, 3704,      ,     10,  12.5,     16
2012-10-17, 12:49:57,  -05:00,       ,   47.9533653,  -97.2024765,  1436.6, 29.09,  1451.2,   8.8,  77.30,  62.73,  476.44,   7.54,  26.14,   0.02,   0.16, 319.5, 320.1,  27.4,  27.4,   1.5,   0.0,  22.66,  24.00,    14.81,  134.25,   76.20, 2435.4,  285.87,  291.31,  302.05,  290.58, 1269.76, 1276.76, 1265.88, 1244.61,  1363.5,  80,  GPS,  174.0, 109.10, 114.30, 118.400, 124.575,       ,       ,  18.76, -63.7,       ,       ,    3.6,       ,      ,       ,      ,      , 397.6, 3DDiff, 3704,      ,     10,  12.5,     16
2012-10-17, 12:49:58,  -05:00,       ,   47.9536476,  -97.2027130,  1441.6, 29.09,  1459.6,   8.5,  76.67,  64.55,  342.52,   7.66,  26.36,  -0.05,   0.06, 324.4, 328.7,  27.5,  27.5,   1.4,   0.0,  22.61,  24.00,    14.74,  134.26,   76.73, 2426.0,  286.56,  291.93,  302.62,  291.17, 1270.35, 1276.81, 1266.23, 1245.32,  1371.8,  79,  GPS,  174.0, 109.10, 114.30, 118.400, 124.575,       ,       ,  18.74, -62.9,       ,       ,    3.6,       ,      ,       ,      ,      , 464.6, 3DDiff, 3704,      ,     10,  12.5,     16
2012-10-17, 12:49:59,  -05:00,       ,   47.9539185,  -97.2028580,  1455.6, 29.09,  1465.9,   8.5,  77.26,  66.61,  476.65,   6.26,  23.93,  -0.04,  -0.05, 329.7, 335.1,  27.5,  27.5,   1.6,   0.1,  22.68,  24.00,    14.91,  134.27,   76.54, 2427.9,  287.06,  292.45,  303.05,  291.67, 1269.92, 1276.69, 1267.20, 1245.50,  1378.1,  80,  GPS,  174.0, 109.10, 114.30, 118.400, 124.575,       ,       ,  18.70, -62.1,       ,       ,    3.6,       ,      ,       ,      ,      , 444.9, 3DDiff, 3704,      ,     10,  12.5,     16
2012-10-17, 12:50:00,  -05:00,       ,   47.9542389,  -97.2029877,  1462.6, 29.09,  1471.0,   8.5,  77.54,  68.87,  516.56,   5.86,  25.25,  -0.01,   0.07, 336.3, 341.3,  27.4,  27.5,   1.6,   0.0,  22.66,  24.00,    14.84,  134.28,   76.42, 2426.0,  287.55,  292.95,  303.52,  292.15, 1268.58, 1276.22, 1266.88, 1245.98,  1383.3,  80,  GPS,  174.0, 109.10, 114.30, 118.400, 124.575,       ,       ,  18.63, -61.2,       ,       ,    3.6,       ,      ,       ,      ,      , 283.5, 3DDiff, 3704,      ,     10,  12.5,     16
2012-10-17, 12:50:01,  -05:00,       ,   47.9545670,  -97.2030640,  1463.6, 29.09,  1475.7,   8.5,  79.51,  71.30,  392.78,   6.45,  24.77,  -0.00,   0.11, 342.8, 347.9,  27.4,  27.4,   1.5,  -0.1,  22.66,  24.00,    14.90,  134.29,   76.10, 2431.1,  288.09,  293.47,  303.98,  292.66, 1268.19, 1277.07, 1265.69, 1246.46,  1387.9,  82,  GPS,  174.0, 109.10, 114.30, 118.400, 124.575,       ,       ,  18.54, -60.4,       ,       ,    3.6,       ,      ,       ,      ,      , 236.2, 3DDiff, 3704,      ,     10,  12.5,     16
2012-10-17, 12:50:02,  -05:00,       ,   47.9549141,  -97.2030792,  1464.6, 29.09,  1481.3,   8.5,  79.28,  73.67,  257.22,   6.28,  21.49,  -0.00,   0.06, 349.0, 354.6,  27.4,  27.4,   1.5,  -0.0,  22.66,  24.00,    14.85,  134.31,   76.72, 2442.7,  288.63,  294.00,  304.52,  293.17, 1269.12, 1277.68, 1265.97, 1247.45,  1393.5,  82,  GPS,  174.0, 109.10, 114.30, 118.400, 124.575,       ,       ,  18.41, -59.5,       ,       ,    3.6,       ,      ,       ,      ,      , 315.0, 3DDiff, 3704,      ,     10,  12.5,     16
2012-10-17, 12:50:03,  -05:00,       ,   47.9552650,  -97.2030563,  1467.6, 29.09,  1487.7,   8.5,  78.66,  75.91,  199.92,   6.20,  14.18,   0.03,   0.08, 354.0, 360.0,  27.4,  27.5,   1.5,   0.0,  22.66,  24.00,    14.91,  134.33,   76.53, 2448.8,  289.21,  294.54,  304.98,  293.72, 1270.83, 1278.62, 1267.11, 1248.10,  1400.0,  81,  GPS,  174.0, 109.10, 114.30, 118.400, 124.575,       ,       ,  18.24, -58.7,       ,       ,    3.6,       ,      ,       ,      ,      , 374.0, 3DDiff, 3704,      ,     10,  12.5,     16
2012-10-17, 12:50:04,  -05:00,       ,   47.9556313,  -97.2029800,  1473.6, 29.09,  1495.9,   8.5,  79.37,  77.58,  203.28,   8.20,   6.65,   0.03,   0.15, 356.5,   4.0,  27.4,  27.5,   1.6,   0.1,  22.42,  24.00,    14.83,  134.35,   76.56, 2454.1,  289.83,  295.08,  305.52,  294.21, 1271.52, 1279.73, 1268.26, 1247.92,  1408.1,  82,  GPS,  174.0, 109.10, 114.30, 118.400, 124.575,       ,       ,  18.02, -57.8,       ,       ,    3.6,       ,      ,       ,      ,      , 444.9, 3DDiff, 3704,      ,     10,  12.5,     16
2012-10-17, 12:50:05,  -05:00,       ,   47.9559708,  -97.2028961,  1484.6, 29.09,  1507.3,   8.5,  80.59,  78.30,  330.77,   8.24,   3.99,   0.01,  -0.13, 356.8,   5.8,  27.4,  27.4,   1.6,   0.1,  22.36,  24.00,    14.85,  134.37,   76.48, 2455.3,  290.33,  295.61,  305.97,  294.72, 1271.52, 1280.01, 1269.40, 1248.19,  1419.6,  83,  GPS,  174.0, 109.10, 114.30, 118.400, 124.575,       ,       ,  17.77, -57.1,       ,       ,    3.6,       ,      ,       ,      ,      , 657.5, 3DDiff, 3704,      ,     10,  12.5,     16
2012-10-17, 12:50:06,  -05:00,       ,   47.9563370,  -97.2027969,  1501.6, 29.09,  1518.9,   8.5,  80.39,  78.39,  598.74,   8.21,   1.20,  -0.03,  -0.06, 356.4,   7.0,  27.4,  27.4,   1.5,  -0.0,  22.36,  24.00,    15.01,  134.39,   76.87, 2453.2,  290.87,  296.15,  306.51,  295.25, 1272.83, 1280.18, 1269.55, 1249.37,  1431.3,  83,  GPS,  174.0, 109.10, 114.30, 118.400, 124.575,       ,       ,  17.50, -56.5,       ,       ,    3.6,       ,      ,       ,      ,      , 708.7, 3DDiff, 3704,      ,     10,  12.5,     16
2012-10-17, 12:50:07,  -05:00,       ,   47.9566917,  -97.2026978,  1518.6, 29.09,  1530.5,   8.5,  80.20,  78.30,  797.63,   8.32,   0.51,  -0.04,   0.00, 356.0,   7.0,  27.4,  27.4,   1.5,  -0.0,  22.32,  24.00,    14.82,  134.41,   76.19, 2445.6,  291.45,  296.71,  307.02,  295.85, 1273.80, 1280.71, 1269.88, 1250.91,  1442.9,  83,  GPS,  174.0, 109.10, 114.30, 118.400, 124.575,       ,       ,  17.23, -56.1,       ,       ,    3.6,       ,      ,       ,      ,      , 728.3, 3DDiff, 3704,      ,     10,  12.5,     16
2012-10-17, 12:50:08,  -05:00,       ,   47.9570465,  -97.2025986,  1530.6, 29.09,  1542.6,   8.2,  80.63,  78.10,  832.98,   8.27,   0.65,  -0.05,   0.01, 356.4,   6.9,  27.4,  27.4,   1.5,   0.0,  22.32,  24.00,    14.91,  134.43,   75.94, 2442.8,  292.00,  297.24,  307.52,  296.34, 1273.84, 1281.19, 1269.84, 1251.06,  1455.0,  83,  GPS,  174.0, 109.10, 114.30, 118.400, 124.575,       ,       ,  16.98, -55.8,       ,       ,    3.6,       ,      ,       ,      ,      , 728.3, 3DDiff, 3704,      ,     10,  12.5,     16
2012-10-17, 12:50:09,  -05:00,       ,   47.9573975,  -97.2024994,  1543.6, 29.09,  1555.4,   8.2,  81.68,  77.83,  834.73,   8.00,   0.05,  -0.01,  -0.06, 356.9,   6.7,  27.4,  27.5,   1.5,   0.0,  22.28,  24.00,    14.91,  134.44,   76.22, 2445.9,  292.54,  297.73,  307.95,  296.87, 1273.41, 1281.71, 1270.55, 1250.90,  1467.8,  84,  GPS,  174.0, 109.10, 114.30, 118.400, 124.575,       ,       ,  16.74, -55.6,       ,       ,    3.6,       ,      ,       ,      ,      , 763.8, 3DDiff, 3704,      ,     10,  12.5,     16
2012-10-17, 12:50:10,  -05:00,       ,   47.9577675,  -97.2024002,  1553.6, 29.09,  1567.5,   8.2,  79.90,  77.73,  750.35,   8.58,   1.42,   0.00,   0.07, 356.6,   6.6,  27.4,  27.4,   1.5,   0.1,  22.21,  24.00,    14.87,  134.46,   76.41, 2441.8,  293.12,  298.25,  308.42,  297.32, 1273.64, 1281.70, 1271.13, 1250.61,  1479.9,  82,  GPS,  174.0, 109.10, 114.30, 118.400, 124.575,       ,       ,  16.53, -55.5,       ,       ,    3.6,       ,      ,       ,      ,      , 708.7, 3DDiff, 3704,      ,     10,  12.5,     16
2012-10-17, 12:50:11,  -05:00,       ,   47.9581108,  -97.2023010,  1566.6, 29.09,  1578.7,   8.2,  80.09,  77.67,  708.44,   8.34,   1.88,  -0.08,  -0.01, 355.5,   6.7,  27.3,  27.3,   1.3,  -0.1,  22.21,  24.00,    14.83,  134.48,   76.34, 2444.0,  293.59,  298.69,  308.79,  297.77, 1273.46, 1280.92, 1270.87, 1250.14,  1491.1,  83,  GPS,  174.0, 109.10, 114.30, 118.400, 124.575,       ,       ,  16.34, -55.5,       ,       ,    3.6,       ,      ,       ,      ,      , 728.3, 3DDiff, 3704,      ,     10,  12.5,     16
2012-10-17, 12:50:12,  -05:00,       ,   47.9584503,  -97.2022171,  1582.6, 29.09,  1591.7,   8.2,  80.64,  77.48,  814.56,   8.67,  -0.10,  -0.07,  -0.04, 356.4,   6.5,  27.5,  27.5,   1.5,   0.0,  22.28,  24.00,    14.74,  134.50,   76.18, 2442.6,  294.09,  299.21,  309.31,  298.29, 1271.27, 1280.72, 1270.32, 1250.69,  1504.1,  83,  GPS,  174.0, 109.10, 114.30, 118.400, 124.575,       ,       ,  16.16, -55.6,       ,       ,    3.6,       ,      ,       ,      ,      , 759.8, 3DDiff, 3704,      ,     10,  12.5,     16
2012-10-17, 12:50:13,  -05:00,       ,   47.9588165,  -97.2021179,  1586.6, 29.09,  1605.2,   8.2,  78.49,  77.52,  658.95,   7.66,   7.53,  -0.00,  -0.14, 357.1,   6.9,  27.5,  27.5,   1.5,   0.0,  22.17,  24.00,    14.67,  134.52,   76.19, 2441.0,  294.63,  299.71,  309.80,  298.78, 1270.97, 1281.31, 1269.76, 1251.20,  1517.6,  81,  GPS,  174.0, 109.10, 114.30, 118.400, 124.575,       ,       ,  15.99, -55.8,       ,       ,    3.6,       ,      ,       ,      ,      , 767.7, 3DDiff, 3704,      ,     10,  12.5,     16
2012-10-17, 12:50:14,  -05:00,       ,   47.9591675,  -97.2020111,  1605.6, 29.09,  1615.4,   8.2,  80.90,  78.06,  730.60,   6.33,  11.61,  -0.07,  -0.18, 355.9,   8.3,  27.4,  27.4,   1.6,   0.1,  22.17,  24.00,    14.36,  134.54,   76.24, 2435.6,  295.08,  300.15,  310.14,  299.22, 1270.86, 1281.61, 1270.52, 1250.78,  1527.8,  83,  GPS,  174.0, 109.10, 114.30, 118.400, 124.575,       ,       ,  15.84, -56.0,       ,       ,    3.6,       ,      ,       ,      ,      , 637.8, 3DDiff, 3704,      ,     10,  12.5,     16
2012-10-17, 12:50:15,  -05:00,       ,   47.9595222,  -97.2018814,  1620.6, 29.09,  1621.1,   8.2,  81.86,  79.02,  852.77,   6.27,  15.61,  -0.04,  -0.02, 358.8,  10.0,  27.4,  27.4,   1.5,   0.0,  22.26,  24.00,    13.22,  134.56,   76.01, 2412.3,  295.63,  300.63,  310.67,  299.77, 1270.20, 1281.94, 1271.58, 1250.67,  1533.5,  84,  GPS,  174.0, 109.10, 114.30, 118.400, 124.575,       ,       ,  15.71, -56.3,       ,       ,    3.6,       ,      ,       ,      ,      , 381.9, 3DDiff, 3704,      ,     10,  12.5,     16
2012-10-17, 12:50:16,  -05:00,       ,   47.9598846,  -97.2017288,  1624.6, 29.09,  1624.4,   8.2,  81.98,  80.38,  694.06,   4.03,  18.86,  -0.02,  -0.14,   2.8,  12.8,  27.4,  27.4,   1.5,   0.0,  22.26,  24.00,    10.67,  134.58,   74.78, 2309.7,  296.18,  301.14,  311.13,  300.23, 1271.18, 1282.50, 1273.16, 1252.98,  1536.8,  85,  GPS,  174.0, 109.10, 114.30, 118.400, 124.575,       ,       ,  15.61, -56.7,       ,       ,    3.6,       ,      ,       ,      ,      , 228.3, 3DDiff, 3704,      ,     10,  12.5,     16
2012-10-17, 12:50:17,  -05:00,       ,   47.9602547,  -97.2015305,  1625.6, 29.09,  1623.5,   8.0,  81.83,  81.87,  463.43,   4.00,  21.34,  -0.03,   0.09,   8.3,  16.6,  27.5,  27.5,   1.5,   0.1,  22.26,  24.00,     9.87,  134.60,   73.19, 2203.3,  296.64,  301.57,  311.51,  300.65, 1271.72, 1282.12, 1274.68, 1256.54,  1535.9,  84,  GPS,  174.0, 109.10, 114.30, 118.400, 124.575,       ,       ,  15.52, -57.0,       ,       ,    3.6,       ,      ,       ,      ,      , -43.3, 3DDiff, 3704,      ,     10,  12.5,     16
2012-10-17, 12:50:18,  -05:00,       ,   47.9605865,  -97.2013016,  1621.6, 29.09,  1620.8,   8.0,  81.43,  83.80,  178.98,   3.59,  22.85,  -0.03,   0.13,  13.7,  20.8,  27.5,  27.5,   1.6,   0.0,  22.21,  24.00,     9.84,  134.61,   73.28, 2178.1,  297.13,  302.04,  311.95,  301.17, 1271.99, 1279.78, 1275.25, 1257.48,  1533.2,  84,  GPS,  174.0, 109.10, 114.30, 118.400, 124.575,       ,       ,  15.44, -57.4,       ,       ,    3.6,       ,      ,       ,      ,      , -114.2, 3DDiff, 3704,      ,     10,  12.5,     16
2012-10-17, 12:50:19,  -05:00,       ,   47.9609451,  -97.2010040,  1619.6, 29.09,  1619.8,   8.0,  82.67,  86.01,   -2.92,   3.25,  21.10,  -0.02,  -0.01,  18.8,  25.8,  27.4,  27.5,   1.6,   0.1,  22.15,  24.00,     9.90,  134.61,   73.13, 2169.7,  297.62,  302.49,  312.35,  301.60, 1271.57, 1276.86, 1274.55, 1257.42,  1532.1,  85,  GPS,  174.0, 109.10, 114.30, 118.400, 124.575,       ,       ,  15.34, -57.8,       ,       ,    3.6,       ,      ,       ,      ,      , -86.6, 3DDiff, 3704,      ,     10,  12.5,     16
2012-10-17, 12:50:20,  -05:00,       ,   47.9612808,  -97.2006607,  1618.6, 29.09,  1618.1,   8.0,  82.74,  87.96,  -61.95,   3.64,  20.97,  -0.02,   0.09,  24.2,  30.2,  27.4,  27.4,   1.5,  -0.0,  22.15,  24.00,     9.82,  134.62,   73.19, 2177.9,  298.04,  302.90,  312.71,  302.03, 1270.96, 1274.04, 1275.24, 1258.36,  1530.5,  85,  GPS,  174.0, 109.10, 114.30, 118.400, 124.575,       ,       ,  15.22, -58.2,       ,       ,    3.6,       ,      ,       ,      ,      , -98.4, 3DDiff, 3704,      ,     10,  12.5,     16
2012-10-17, 12:50:21,  -05:00,       ,   47.9616127,  -97.2002869,  1615.6, 29.09,  1616.7,   8.0,  82.07,  89.82, -105.45,   2.99,  25.19,   0.01,   0.07,  29.1,  34.6,  27.4,  27.4,   1.3,  -0.1,  22.11,  24.00,     9.87,  134.62,   73.39, 2176.4,  298.58,  303.32,  313.15,  302.51, 1269.43, 1271.22, 1275.41, 1258.82,  1529.1,  85,  GPS,  174.0, 109.10, 114.30, 118.400, 124.575,       ,       ,  15.06, -58.7,       ,       ,    3.6,       ,      ,       ,      ,      , -90.6, 3DDiff, 3704,      ,     10,  12.5,     16
2012-10-17, 12:50:22,  -05:00,       ,   47.9619217,  -97.1998520,  1613.6, 29.09,  1614.1,   8.0,  82.78,  91.88, -127.14,   2.90,  27.82,  -0.03,   0.08,  33.9,  39.7,  27.5,  27.5,   1.5,  -0.0,  22.07,  24.00,     9.91,  134.63,   73.46, 2177.0,  298.92,  303.68,  313.42,  302.83, 1267.42, 1268.79, 1275.83, 1257.80,  1526.5,  85,  GPS,  174.0, 109.10, 114.30, 118.400, 124.575,       ,       ,  14.88, -59.3,       ,       ,    3.6,       ,      ,       ,      ,      , -149.6, 3DDiff, 3704,      ,     10,  12.5,     16
2012-10-17, 12:50:23,  -05:00,       ,   47.9622116,  -97.1993561,  1614.6, 29.09,  1609.0,   8.0,  84.49,  94.06,  -65.00,   2.34,  26.73,  -0.04,   0.16,  40.4,  44.9,  27.5,  27.5,   1.5,   0.0,  22.17,  24.00,     9.84,  134.64,   73.24, 2183.2,  299.24,  303.95,  313.67,  303.16, 1265.75, 1266.71, 1276.59, 1256.44,  1521.4,  87,  GPS,  174.0, 109.10, 114.30, 118.400, 124.575,       ,       ,  14.68, -60.0,       ,       ,    3.6,       ,      ,       ,      ,      , -244.1, 3DDiff, 3704,      ,     10,  12.5,     16
2012-10-17, 12:50:24,  -05:00,       ,   47.9624748,  -97.1988144,  1608.6, 29.09,  1606.1,   8.0,  86.16,  96.45, -129.12,   1.66,  26.61,  -0.02,   0.03,  47.6,  50.5,  27.4,  27.4,   1.6,   0.1,  22.21,  24.00,     9.87,  134.66,   73.43, 2191.2,  299.69,  304.32,  313.95,  303.60, 1264.74, 1265.04, 1276.53, 1255.45,  1518.5,  89,  GPS,  174.0, 109.10, 114.30, 118.400, 124.575,       ,       ,  14.47, -60.8,       ,       ,    3.6,       ,      ,       ,      ,      , -204.7, 3DDiff, 3704,      ,     10,  12.5,     16
2012-10-17, 12:50:25,  -05:00,       ,   47.9627075,  -97.1982269,  1604.6, 29.09,  1603.8,   7.8,  85.71,  98.71, -189.07,   3.33,  25.88,  -0.01,   0.21,  54.7,  56.0,  27.4,  27.5,   1.4,  -0.0,  22.28,  24.00,     9.82,  134.68,   73.61, 2192.9,  300.05,  304.65,  314.25,  303.94, 1265.30, 1263.43, 1275.92, 1255.52,  1516.2,  88,  GPS,  174.0, 109.10, 114.30, 118.400, 124.575,       ,       ,  14.24, -61.8,       ,       ,    3.6,       ,      ,       ,      ,      , -122.0, 3DDiff, 3704,      ,     10,  12.5,     16
2012-10-17, 12:50:26,  -05:00,       ,   47.9629135,  -97.1975708,  1599.6, 29.09,  1604.9,   7.8,  84.80, 100.48, -247.16,   4.22,  26.50,  -0.03,   0.15,  60.6,  61.8,  27.5,  27.5,   1.5,   0.0,  22.26,  24.00,     9.90,  134.71,   73.56, 2194.2,  300.38,  304.96,  314.51,  304.25, 1264.96, 1262.60, 1274.63, 1256.46,  1517.3,  87,  GPS,  174.0, 109.10, 114.30, 118.400, 124.575,       ,       ,  13.79, -64.4,       ,       ,    3.6,       ,      ,       ,      ,      ,  27.6, 3DDiff, 3704,      ,     10,  15.5,     18
2012-10-17, 12:50:27,  -05:00,       ,   47.9630547,  -97.1969452,  1604.6, 29.09,  1606.6,   7.8,  86.52, 101.78, -117.60,   4.47,  26.28,  -0.01,   0.05,  65.3,  67.0,  27.4,  27.5,   1.5,   0.1,  22.21,  24.00,     9.89,  134.74,   73.58, 2202.6,  300.76,  305.25,  314.80,  304.63, 1263.74, 1261.69, 1273.61, 1256.45,  1519.0,  89,  GPS,  174.0, 109.10, 114.30, 118.400, 124.575,       ,       ,  13.79, -64.4,       ,       ,    3.6,       ,      ,       ,      ,      , 126.0, 3DDiff, 3704,      ,     10,  13.5,     17
2012-10-17, 12:50:28,  -05:00,       ,   47.9631767,  -97.1962509,  1610.6, 29.09,  1609.5,   7.8,  86.79, 102.75,   85.69,   2.94,  22.08,  -0.02,  -0.00,  70.6,  71.9,  27.4,  27.4,   1.4,  -0.0,  22.17,  24.00,     9.85,  134.78,   73.57, 2205.7,  301.09,  305.56,  314.96,  304.94, 1263.13, 1259.76, 1272.37, 1255.76,  1521.8,  89,  GPS,  174.0, 109.10, 114.30, 118.400, 124.575,       ,       ,  13.58, -65.9,       ,       ,    3.6,       ,      ,       ,      ,      ,  90.6, 3DDiff, 3704,      ,     10,  13.5,     16
2012-10-17, 12:50:29,  -05:00,       ,   47.9632645,  -97.1955490,  1610.6, 29.09,  1610.7,   7.8,  86.65, 103.72,  128.29,   0.89,  14.55,   0.01,  -0.07,  76.2,  75.7,  27.4,  27.4,   1.5,   0.0,  22.11,  24.00,     9.79,  134.82,   73.69, 2205.2,  301.37,  305.81,  315.20,  305.23, 1262.94, 1258.28, 1270.80, 1256.08,  1523.1,  89,  GPS,  174.0, 109.10, 114.30, 118.400, 124.575,       ,       ,  13.40, -67.6,       ,       ,    3.6,       ,      ,       ,      ,      ,   7.9, 3DDiff, 3704,      ,     10,  13.0,     16
2012-10-17, 12:50:30,  -05:00,       ,   47.9633331,  -97.1948318,  1602.6, 29.09,  1607.9,   7.8,  86.39, 104.79,  -35.21,   0.77,   8.22,   0.05,  -0.10,  80.8,  78.6,  27.4,  27.4,   1.4,   0.0,  22.02,  24.00,     9.84,  134.86,   73.68, 2209.3,  301.65,  306.04,  315.32,  305.51, 1263.14, 1257.63, 1269.82, 1255.98,  1520.2,  89,  GPS,  174.0, 109.10, 114.30, 118.400, 124.575,       ,       ,  13.24, -69.3,       ,       ,    3.6,       ,      ,       ,      ,      , -82.7, 3DDiff, 3704,      ,     10,  13.0,     16
2012-10-17, 12:50:31,  -05:00,       ,   47.9633827,  -97.1940994,  1595.6, 29.09,  1604.3,   7.8,  85.94, 105.72, -245.98,   1.61,   7.81,   0.01,   0.01,  82.0,  80.6,  27.4,  27.4,   1.5,  -0.1,  21.66,  24.00,     9.90,  134.89,   73.71, 2211.3,  301.89,  306.27,  315.51,  305.75, 1262.89, 1257.08, 1270.01, 1254.13,  1516.7,  89,  GPS,  174.0, 109.10, 114.30, 118.400, 124.575,       ,       ,  13.11, -71.1,       ,       ,    3.6,       ,      ,       ,      ,      , -169.3, 3DDiff, 3704,      ,     10,  12.5,     16
2012-10-17, 12:50:32,  -05:00,       ,   47.9634209,  -97.1933670,  1594.6, 29.09,  1601.0,   7.8,  86.40, 106.44, -228.31,   1.88,   6.44,  -0.00,   0.04,  83.1,  82.5,  27.5,  27.5,   1.5,   0.0,  21.52,  24.00,     9.98,  134.93,   73.82, 2214.8,  302.12,  306.51,  315.70,  305.98, 1261.61, 1257.07, 1270.08, 1252.15,  1513.4,  89,  GPS,  174.0, 109.10, 114.30, 118.400, 124.575,       ,       ,  13.02, -73.0,       ,       ,    3.6,       ,      ,       ,      ,      , -165.4, 3DDiff, 3704,      ,     10,  13.0,     16
2012-10-17, 12:50:33,  -05:00,       ,   47.9634399,  -97.1926270,  1592.6, 29.09,  1600.6,   7.8,  87.15, 107.06, -162.81,   1.97,   2.46,   0.08,  -0.02,  85.3,  83.7,  27.4,  27.5,   1.5,   0.1,  21.56,  24.00,     9.93,  134.96,   73.68, 2220.0,  302.37,  306.69,  315.83,  306.24, 1260.36, 1255.95, 1269.32, 1250.95,  1513.0,  90,  GPS,  174.0, 109.10, 114.30, 118.400, 124.575,       ,       ,  12.98, -74.9,       ,       ,    3.6,       ,      ,       ,      ,      , -35.4, 3DDiff, 3704,      ,     10,  13.0,     16
2012-10-17, 12:50:34,  -05:00,       ,   47.9634552,  -97.1918640,  1594.6, 29.09,  1599.8,   7.8,  87.48, 107.51, -108.77,   2.26,   2.68,   0.01,   0.06,  84.0,  84.8,  27.4,  27.4,   1.5,  -0.0,  21.27,  24.00,     9.92,  134.99,   73.90, 2225.0,  302.59,  306.94,  315.96,  306.45, 1260.00, 1254.05, 1268.27, 1249.55,  1512.2,  90,  GPS,  174.0, 109.10, 114.30, 118.400, 124.575,       ,       ,  12.98, -76.8,       ,       ,    3.6,       ,      ,       ,      ,      , -31.5, 3DDiff, 3704,      ,     10,  12.5,     16
2012-10-17, 12:50:35,  -05:00,       ,   47.9634628,  -97.1911697,  1602.6, 29.09,  1599.8,   7.5,  89.36, 107.80,   94.76,   2.40,   1.71,  -0.02,  -0.01,  83.9,  85.3,  27.5,  27.5,   1.4,  -0.0,  21.15,  24.00,     9.89,  135.01,   73.88, 2222.2,  302.81,  307.08,  316.01,  306.67, 1260.48, 1253.28, 1266.62, 1248.22,  1512.2,  92,  GPS,  174.0, 109.10, 114.30, 118.400, 124.575,       ,       ,  13.01, -78.6,       ,       ,    3.6,       ,      ,       ,      ,      ,  31.5, 3DDiff, 3704,      ,     10,  12.5,     16
2012-10-17, 12:50:36,  -05:00,       ,   47.9634743,  -97.1903992,  1604.6, 29.09,  1601.9,   7.5,  88.79, 107.94,  196.19,   2.78,   1.09,   0.01,  -0.13,  85.5,  85.6,  27.5,  27.5,   1.5,   0.1,  21.08,  24.00,     9.90,  135.02,   73.74, 2225.2,  302.99,  307.27,  316.19,  306.83, 1260.16, 1253.41, 1265.30, 1246.62,  1514.3,  92,  GPS,  174.0, 109.10, 114.30, 118.400, 124.575,       ,       ,  13.07, -80.3,       ,       ,    3.6,       ,      ,       ,      ,      ,  86.6, 3DDiff, 3704,      ,     10,  12.5,     16
2012-10-17, 12:50:37,  -05:00,       ,   47.9634781,  -97.1896591,  1603.6, 29.09,  1602.1,   7.5,  88.39, 108.00,  128.60,   3.23,   4.16,   0.03,  -0.01,  86.8,  86.0,  27.5,  27.5,   1.5,   0.0,  21.00,  24.00,     9.92,  135.04,   73.85, 2220.3,  303.22,  307.39,  316.29,  307.06, 1260.33, 1254.05, 1264.69, 1246.02,  1514.5,  91,  GPS,  174.0, 109.10, 114.30, 118.400, 124.575,       ,       ,  13.14, -81.8,       ,       ,    3.6,       ,      ,       ,      ,      ,  55.1, 3DDiff, 3704,      ,     10,  12.5,     16
2012-10-17, 12:50:38,  -05:00,       ,   47.9634781,  -97.1889114,  1600.6, 29.09,  1603.2,   7.5,  87.27, 108.06,   12.47,   3.05,  -0.68,   0.02,  -0.04,  87.0,  86.8,  27.5,  27.5,   1.5,   0.0,  20.93,  24.00,     9.90,  135.06,   73.54, 2215.2,  303.38,  307.61,  316.35,  307.22, 1260.62, 1254.42, 1264.53, 1246.79,  1515.6,  90,  GPS,  174.0, 109.10, 114.30, 118.400, 124.575,       ,       ,  13.23, -83.2,       ,       ,    3.6,       ,      ,       ,      ,      ,  82.7, 3DDiff, 3704,      ,     10,  12.5,     16
2012-10-17, 12:50:39,  -05:00,       ,   47.9634743,  -97.1881714,  1605.6, 29.09,  1604.7,   7.5,  87.68, 108.17,   38.48,   2.32,  -1.97,  -0.00,  -0.14,  85.0,  86.8,  27.5,  27.5,   1.4,  -0.0,  20.81,  24.00,     9.95,  135.07,   73.60, 2214.5,  303.46,  307.69,  316.36,  307.33, 1260.79, 1254.20, 1264.33, 1246.60,  1517.1,  90,  GPS,  174.0, 109.10, 114.30, 118.400, 124.575,       ,       ,  13.34, -84.6,       ,       ,    3.6,       ,      ,       ,      ,      ,  90.6, 3DDiff, 3704,      ,     10,  12.5,     16
2012-10-17, 12:50:40,  -05:00,       ,   47.9634705,  -97.1874161,  1614.6, 29.09,  1603.7,   7.5,  88.27, 108.31,  225.08,   2.40,  -2.60,  -0.03,  -0.00,  83.1,  86.5,  27.5,  27.5,   1.4,   0.0,  20.86,  24.00,     9.91,  135.08,   73.65, 2215.7,  303.65,  307.76,  316.47,  307.49, 1260.76, 1253.83, 1264.62, 1245.30,  1516.1,  91,  GPS,  174.0, 109.10, 114.30, 118.400, 124.575,       ,       ,  13.48, -85.7,       ,       ,    3.6,       ,      ,       ,      ,      , -39.4, 3DDiff, 3704,      ,     10,  12.5,     16
2012-10-17, 12:50:41,  -05:00,       ,   47.9634781,  -97.1866455,  1612.6, 29.09,  1602.5,   7.5,  88.54, 108.46,  178.29,   2.56,  -1.47,  -0.02,   0.00,  81.8,  85.8,  27.3,  27.3,   1.5,  -0.1,  20.88,  24.00,     9.87,  135.09,   73.56, 2212.7,  303.83,  307.98,  316.56,  307.73, 1260.93, 1253.76, 1263.89, 1244.04,  1514.8,  91,  GPS,  174.0, 109.10, 114.30, 118.400, 124.575,       ,       ,  13.64, -86.7,       ,       ,    3.6,       ,      ,       ,      ,      , -90.6, 3DDiff, 3704,      ,     10,  12.5,     16
2012-10-17, 12:50:42,  -05:00,       ,   47.9634895,  -97.1859512,  1611.6, 29.09,  1601.3,   7.5,  89.53, 108.58,   71.61,   2.81,  -0.49,  -0.04,   0.01,  80.9,  85.4,  27.4,  27.4,   1.4,   0.0,  20.88,  24.00,     9.87,  135.10,   73.48, 2217.9,  303.97,  308.12,  316.63,  307.86, 1261.95, 1254.04, 1263.46, 1244.15,  1513.7,  92,  GPS,  174.0, 109.10, 114.30, 118.400, 124.575,       ,       ,  13.82, -87.4,       ,       ,    3.6,       ,      ,       ,      ,      , -63.0, 3DDiff, 3704,      ,     10,  12.5,     16
2012-10-17, 12:50:43,  -05:00,       ,   47.9635010,  -97.1851807,  1610.6, 29.09,  1601.3,   7.5,  88.41, 108.72,   10.17,   2.94,   1.66,  -0.02,  -0.03,  80.4,  85.1,  27.3,  27.4,   1.5,   0.0,  20.86,  24.00,     9.91,  135.10,   73.84, 2217.1,  304.04,  308.15,  316.64,  307.90, 1261.44, 1253.77, 1262.61, 1243.93,  1513.7,  91,  GPS,  174.0, 109.10, 114.30, 118.400, 124.575,       ,       ,  14.02, -87.9,       ,       ,    3.6,       ,      ,       ,      ,      ,  -7.9, 3DDiff, 3704,      ,     10,  12.0,     16
2012-10-17, 12:50:44,  -05:00,       ,   47.9635086,  -97.1844330,  1614.6, 29.09,  1601.5,   7.5,  90.40, 108.81,   57.02,   2.80,   1.88,  -0.04,  -0.00,  79.9,  85.1,  27.4,  27.5,   1.5,   0.1,  20.88,  24.00,     9.96,  135.11,   73.63, 2217.9,  304.14,  308.25,  316.64,  308.04, 1259.64, 1252.89, 1262.12, 1243.98,  1513.9,  93,  GPS,  174.0, 109.10, 114.30, 118.400, 124.575,       ,       ,  14.23, -88.2,       ,       ,    3.6,       ,      ,       ,      ,      ,  27.6, 3DDiff, 3704,      ,     10,  12.5,     16
2012-10-17, 12:50:45,  -05:00,       ,   47.9635201,  -97.1836777,  1613.6, 29.09,  1601.7,   7.5,  88.91, 108.93,   58.80,   3.13,   1.51,   0.00,   0.01,  80.9,  85.1,  27.5,  27.6,   1.5,   0.0,  20.93,  24.00,     9.93,  135.12,   73.41, 2213.5,  304.25,  308.35,  316.77,  308.20, 1258.58, 1252.82, 1261.93, 1244.76,  1514.1,  92,  GPS,  174.0, 109.10, 114.30, 118.400, 124.575,       ,       ,  14.45, -88.2,       ,       ,    3.6,       ,      ,       ,      ,      ,  31.5, 3DDiff, 3704,      ,     10,  12.5,     16
2012-10-17, 12:50:46,  -05:00,       ,   47.9635315,  -97.1829300,  1610.6, 29.09,  1602.0,   7.5,  89.74, 109.05,  -21.55,   3.89,  -0.80,  -0.00,   0.05,  80.9,  85.2,  27.5,  27.5,   1.5,   0.0,  20.93,  24.00,     9.87,  135.14,   73.54, 2216.7,  304.39,  308.47,  316.76,  308.33, 1260.12, 1253.00, 1262.86, 1245.11,  1514.4,  92,  GPS,  174.0, 109.10, 114.30, 118.400, 124.575,       ,       ,  14.68, -88.1,       ,       ,    3.5,       ,      ,       ,      ,      ,  35.4, 3DDiff, 3704,      ,     10,  12.5,     16
2012-10-17, 12:50:47,  -05:00,       ,   47.9635468,  -97.1821442,  1611.6, 29.09,  1603.7,   7.5,  89.60, 108.87,  -42.60,   3.97,  -0.42,  -0.03,   0.03,  79.8,  85.1,  27.5,  27.5,   1.5,   0.1,  20.88,  24.00,     9.94,  135.16,   73.58, 2229.2,  304.50,  308.50,  316.81,  308.37, 1260.17, 1252.97, 1261.79, 1245.32,  1516.1,  92,  GPS,  174.0, 109.10, 114.30, 118.400, 124.575,       ,       ,  14.91, -87.8,       ,       ,    3.5,       ,      ,       ,      ,      , 141.7, 3DDiff, 3704,      ,     10,  12.5,     16
2012-10-17, 12:50:48,  -05:00,       ,   47.9635620,  -97.1814575,  1618.6, 29.09,  1607.2,   7.5,  90.30, 108.58,   98.01,   4.06,  -1.03,  -0.03,  -0.01,  79.5,  84.8,  27.5,  27.5,   1.4,  -0.1,  20.88,  24.00,     9.71,  135.19,   73.68, 2222.2,  304.54,  308.59,  316.81,  308.48, 1258.61, 1253.30, 1260.47, 1244.85,  1519.6,  93,  GPS,  174.0, 109.10, 114.30, 118.400, 124.575,       ,       ,  15.14, -87.4,       ,       ,    3.5,       ,      ,       ,      ,      , 189.0, 3DDiff, 3704,      ,     10,  12.5,     16
2012-10-17, 12:50:49,  -05:00,       ,   47.9635811,  -97.1806870,  1621.6, 29.09,  1610.9,   7.5,  90.51, 108.11,  185.50,   4.08,  -2.36,  -0.03,  -0.01,  79.1,  84.3,  27.5,  27.5,   1.5,  -0.0,  20.93,  24.00,     9.21,  135.21,   72.96, 2169.0,  304.66,  308.63,  316.75,  308.50, 1255.93, 1253.55, 1258.63, 1244.28,  1523.3,  93,  GPS,  174.0, 109.10, 114.30, 118.400, 124.575,       ,       ,  15.37, -86.8,       ,       ,    3.5,       ,      ,       ,      ,      , 173.2, 3DDiff, 3704,      ,     10,  12.5,     16
2012-10-17, 12:50:50,  -05:00,       ,   47.9636040,  -97.1799469,  1624.6, 29.09,  1615.3,   7.5,  89.08, 107.55,  190.42,   4.19,  -1.53,  -0.02,  -0.00,  79.0,  83.7,  27.5,  27.5,   1.5,   0.0,  21.08,  24.00,     9.02,  135.24,   72.36, 2123.8,  304.68,  308.64,  316.75,  308.62, 1252.61, 1249.88, 1254.67, 1241.52,  1527.7,  92,  GPS,  174.0, 109.10, 114.30, 118.400, 124.575,       ,       ,  15.59, -86.2,       ,       ,    3.5,       ,      ,       ,      ,      , 228.3, 3DDiff, 3704,      ,     10,  13.0,     16
2012-10-17, 12:50:51,  -05:00,       ,   47.9636307,  -97.1792068,  1626.6, 29.09,  1619.5,   7.5,  87.27, 107.01,  178.76,   3.53,   0.62,  -0.02,  -0.08,  79.2,  83.2,  27.5,  27.5,   1.5,  -0.1,  21.27,  24.00,     8.78,  135.26,   72.33, 2102.7,  304.67,  308.59,  316.66,  308.57, 1248.73, 1245.26, 1251.10, 1238.20,  1531.9,  90,  GPS,  174.0, 109.10, 114.30, 118.400, 124.575,       ,       ,  15.80, -85.4,       ,       ,    3.5,       ,      ,       ,      ,      , 248.0, 3DDiff, 3704,      ,     10,  13.0,     16
2012-10-17, 12:50:52,  -05:00,       ,   47.9636612,  -97.1784744,  1630.6, 29.09,  1622.2,   7.5,  87.00, 106.64,  189.94,   4.36,   0.53,  -0.02,   0.04,  79.4,  83.1,  27.5,  27.5,   1.5,   0.1,  21.32,  24.00,     8.51,  135.28,   72.04, 2071.2,  304.74,  308.66,  316.63,  308.58, 1244.08, 1241.08, 1248.11, 1235.19,  1534.6,  90,  GPS,  174.0, 109.10, 114.30, 118.400, 124.575,       ,       ,  15.99, -84.6,       ,       ,    3.5,       ,      ,       ,      ,      , 181.1, 3DDiff, 3704,      ,     10,  13.0,     16
2012-10-17, 12:50:53,  -05:00,       ,   47.9636917,  -97.1777573,  1629.6, 29.09,  1625.4,   7.5,  87.23, 106.15,  121.97,   4.21,   1.79,  -0.02,  -0.04,  79.2,  83.2,  27.5,  27.5,   1.4,  -0.0,  21.37,  24.00,     8.56,  135.30,   71.91, 2063.3,  304.81,  308.68,  316.59,  308.66, 1238.68, 1237.07, 1244.33, 1232.60,  1537.7,  90,  GPS,  174.0, 109.10, 114.30, 118.400, 124.575,       ,       ,  16.19, -83.8,       ,       ,    3.5,       ,      ,       ,      ,      , 153.5, 3DDiff, 3704,      ,     10,  13.0,     16
2012-10-17, 12:50:54,  -05:00,       ,   47.9637184,  -97.1770248,  1633.6, 29.09,  1627.8,   7.5,  87.26, 105.61,  143.70,   4.24,   1.68,   0.01,   0.09,  79.5,  83.4,  27.4,  27.5,   1.4,   0.0,  21.52,  23.94,     8.61,  135.32,   71.99, 2061.2,  304.81,  308.66,  316.57,  308.67, 1234.32, 1233.26, 1241.76, 1230.73,  1540.2,  90,  GPS,  174.0, 109.10, 114.30, 118.400, 124.575,       ,       ,  16.37, -83.0,       ,       ,    3.5,       ,      ,       ,      ,      , 157.5, 3DDiff, 3704,      ,     10,  13.0,     16
2012-10-17, 12:50:55,  -05:00,       ,   47.9637375,  -97.1763077,  1631.6, 29.09,  1629.6,   7.5,  86.10, 105.20,   50.89,   3.30,   1.59,  -0.02,  -0.13,  78.3,  83.8,  27.5,  27.5,   1.4,   0.1,  21.56,  23.83,     8.55,  135.34,   71.90, 2058.5,  304.80,  308.64,  316.49,  308.64, 1230.81, 1230.64, 1240.14, 1228.08,  1542.0,  89,  GPS,  174.0, 109.10, 114.30, 118.400, 124.575,       ,       ,  16.53, -82.2,       ,       ,    3.5,       ,      ,       ,      ,      , 133.9, 3DDiff, 3704,      ,     10,  13.0,     16
2012-10-17, 12:50:56,  -05:00,       ,   47.9637604,  -97.1755829,  1640.6, 29.09,  1629.4,   7.5,  87.73, 104.85,  173.43,   3.16,   0.60,  -0.02,  -0.04,  77.9,  84.0,  27.5,  27.5,   1.4,   0.0,  21.59,  23.87,     8.58,  135.36,   71.69, 2064.2,  304.69,  308.56,  316.30,  308.57, 1227.76, 1226.84, 1237.46, 1225.09,  1541.8,  90,  GPS,  174.0, 109.10, 114.30, 118.400, 124.575,       ,       ,  16.69, -81.4,       ,       ,    3.5,       ,      ,       ,      ,      ,  11.8, 3DDiff, 3704,      ,     10,  13.0,     16
2012-10-17, 12:50:57,  -05:00,       ,   47.9637833,  -97.1748657,  1640.6, 29.09,  1628.6,   7.5,  87.66, 104.60,  186.63,   2.31,   0.26,  -0.00,  -0.07,  78.9,  83.9,  27.5,  27.5,   1.5,   0.1,  21.64,  23.87,     8.54,  135.37,   71.63, 2062.9,  304.62,  308.43,  316.23,  308.58, 1225.87, 1223.67, 1234.94, 1223.22,  1541.0,  90,  GPS,  174.0, 109.10, 114.30, 118.400, 124.575,       ,       ,  16.84, -80.6,       ,       ,    3.5,       ,      ,       ,      ,      , -43.3, 3DDiff, 3704,      ,     10,  13.0,     16
2012-10-17, 12:50:58,  -05:00,       ,   47.9638062,  -97.1741409,  1636.6, 29.09,  1626.0,   7.5,  86.41, 104.62,   36.86,   1.85,   1.92,  -0.02,  -0.05,  78.8,  83.9,  27.5,  27.5,   1.2,  -0.1,  21.66,  23.71,     8.55,  135.39,   71.76, 2057.6,  304.65,  308.41,  316.14,  308.51, 1224.65, 1222.09, 1232.32, 1221.91,  1538.4,  89,  GPS,  174.0, 109.10, 114.30, 118.400, 124.575,       ,       ,  16.97, -79.7,       ,       ,    3.5,       ,      ,       ,      ,      , -137.8, 3DDiff, 3704,      ,     10,  13.0,     17
2012-10-17, 12:50:59,  -05:00,       ,   47.9638252,  -97.1734161,  1634.6, 29.09,  1622.0,   7.5,  86.64, 104.85,  -42.69,   2.11,   1.90,  -0.01,   0.05,  79.1,  83.9,  27.5,  27.5,   1.5,   0.0,  21.78,  23.71,     8.49,  135.41,   71.71, 2057.6,  304.56,  308.35,  316.01,  308.43, 1223.79, 1221.15, 1230.79, 1220.47,  1534.3,  89,  GPS,  174.0, 109.10, 114.30, 118.400, 124.575,       ,       ,  17.09, -78.8,       ,       ,    3.5,       ,      ,       ,      ,      , -200.8, 3DDiff, 3704,      ,     10,  13.0,     17
2012-10-17, 12:51:00,  -05:00,       ,   47.9638481,  -97.1726685,  1629.6, 29.09,  1619.2,   7.5,  86.09, 105.14, -139.28,   2.07,   0.85,  -0.01,  -0.01,  79.7,  84.0,  27.5,  27.5,   1.5,  -0.0,  21.76,  23.60,     8.51,  135.44,   71.57, 2054.0,  304.40,  308.16,  315.78,  308.30, 1220.99, 1219.53, 1230.03, 1218.10,  1531.6,  89,  GPS,  174.0, 109.10, 114.30, 118.400, 124.575,       ,       ,  17.19, -77.9,       ,       ,    3.5,       ,      ,       ,      ,      , -173.2, 3DDiff, 3704,      ,     10,  13.0,     17
2012-10-17, 12:51:01,  -05:00,       ,   47.9638710,  -97.1719589,  1626.6, 29.09,  1617.0,   7.5,  86.91, 105.37, -188.55,   2.26,   1.69,   0.01,  -0.00,  80.2,  84.1,  27.4,  27.5,   1.4,  -0.0,  21.76,  23.60,     8.52,  135.47,   71.90, 2059.5,  304.26,  308.03,  315.60,  308.19, 1217.99, 1217.99, 1229.51, 1216.82,  1529.4,  90,  GPS,  174.0, 109.10, 114.30, 118.400, 124.575,       ,       ,  17.29, -77.1,       ,       ,    3.5,       ,      ,       ,      ,      , -173.2, 3DDiff, 3704,      ,     10,  12.5,     16
2012-10-17, 12:51:02,  -05:00,       ,   47.9638863,  -97.1712646,  1621.6, 29.09,  1615.2,   7.5,  87.55, 105.55, -224.64,   2.97,   1.87,  -0.01,   0.04,  80.4,  84.2,  27.5,  27.5,   1.5,   0.0,  21.76,  23.66,     8.56,  135.50,   71.86, 2065.6,  304.16,  307.87,  315.42,  308.06, 1216.92, 1216.66, 1229.10, 1214.90,  1527.5,  90,  GPS,  174.0, 109.10, 114.30, 118.400, 124.575,       ,       ,  17.38, -76.3,       ,       ,    3.5,       ,      ,       ,      ,      , -122.0, 3DDiff, 3704,      ,     10,  12.5,     16
2012-10-17, 12:51:03,  -05:00,       ,   47.9639053,  -97.1705170,  1621.6, 29.09,  1615.0,   7.5,  86.88, 105.55, -174.12,   3.19,   1.42,  -0.01,   0.03,  80.7,  84.5,  27.5,  27.5,   1.4,  -0.0,  21.66,  23.71,     8.56,  135.53,   71.78, 2062.3,  304.02,  307.73,  315.21,  307.93, 1217.62, 1215.61, 1229.20, 1213.46,  1527.4,  90,  GPS,  174.0, 109.10, 114.30, 118.400, 124.575,       ,       ,  17.45, -75.5,       ,       ,    3.5,       ,      ,       ,      ,      , -23.6, 3DDiff, 3704,      ,     10,  13.0,     16
2012-10-17, 12:51:04,  -05:00,       ,   47.9639244,  -97.1697922,  1621.6, 29.09,  1615.2,   7.5,  86.35, 105.45, -102.64,   3.12,   0.42,   0.01,  -0.02,  81.2,  84.6,  27.4,  27.5,   1.5,   0.1,  21.66,  23.66,     8.54,  135.55,   71.73, 2055.9,  303.92,  307.62,  315.07,  307.85, 1218.23, 1215.61, 1229.32, 1212.64,  1527.6,  89,  GPS,  174.0, 109.10, 114.30, 118.400, 124.575,       ,       ,  17.52, -74.8,       ,       ,    3.5,       ,      ,       ,      ,      ,   3.9, 3DDiff, 3704,      ,     10,  13.0,     17
2012-10-17, 12:51:05,  -05:00,       ,   47.9639359,  -97.1690674,  1618.6, 29.09,  1615.1,   7.5,  85.16, 105.39, -116.71,   3.21,   1.87,  -0.02,   0.05,  80.3,  84.7,  27.5,  27.5,   1.4,  -0.0,  21.56,  23.71,     8.54,  135.58,   71.83, 2051.6,  303.78,  307.46,  314.87,  307.73, 1217.22, 1215.23, 1228.31, 1211.63,  1527.5,  88,  GPS,  174.0, 109.10, 114.30, 118.400, 124.575,       ,       ,  17.57, -74.2,       ,       ,    3.5,       ,      ,       ,      ,      , -23.6, 3DDiff, 3704,      ,     10,  13.0,     17
2012-10-17, 12:51:06,  -05:00,       ,   47.9639473,  -97.1683426,  1621.6, 29.09,  1614.0,   7.5,  85.75, 105.32,  -28.54,   3.52,   1.20,  -0.03,   0.07,  79.7,  84.9,  27.5,  27.5,   1.5,   0.0,  21.52,  23.83,     8.55,  135.61,   71.67, 2049.7,  303.63,  307.30,  314.70,  307.59, 1215.89, 1214.75, 1227.38, 1210.54,  1526.2,  88,  GPS,  174.0, 109.10, 114.30, 118.400, 124.575,       ,       ,  17.62, -73.7,       ,       ,    3.5,       ,      ,       ,      ,      , -55.1, 3DDiff, 3704,      ,     10,  13.0,     17
2012-10-17, 12:51:07,  -05:00,       ,   47.9639626,  -97.1675873,  1620.6, 29.09,  1612.9,   7.5,  86.05, 105.16,   -4.36,   3.26,   1.32,   0.03,  -0.03,  80.2,  85.0,  27.4,  27.5,   1.4,  -0.0,  21.59,  23.77,     8.49,  135.64,   71.81, 2054.3,  303.45,  307.05,  314.46,  307.38, 1215.90, 1213.90, 1227.82, 1209.70,  1525.1,  89,  GPS,  174.0, 109.10, 114.30, 118.400, 124.575,       ,       ,  17.68, -73.2,       ,       ,    3.5,       ,      ,       ,      ,      , -35.4, 3DDiff, 3704,      ,     10,  12.5,     16
2012-10-17, 12:51:08,  -05:00,       ,   47.9639740,  -97.1669159,  1620.6, 29.09,  1613.1,   7.5,  87.17, 104.98,  -18.98,   3.48,   1.29,  -0.02,   0.04,  80.5,  85.1,  27.4,  27.4,   1.3,  -0.0,  21.56,  23.71,     8.60,  135.66,   71.89, 2059.2,  303.25,  306.90,  314.18,  307.23, 1215.87, 1212.67, 1228.25, 1208.94,  1525.2,  90,  GPS,  174.0, 109.10, 114.30, 118.400, 124.575,       ,       ,  17.74, -72.7,       ,       ,    3.5,       ,      ,       ,      ,      , -11.8, 3DDiff, 3704,      ,     10,  12.5,     16
2012-10-17, 12:51:09,  -05:00,       ,   47.9639854,  -97.1661682,  1621.6, 29.09,  1613.9,   7.5,  86.04, 104.79,   14.82,   3.13,   0.27,  -0.01,  -0.01,  81.5,  85.1,  27.5,  27.5,   1.5,   0.0,  21.56,  23.77,     8.54,  135.70,   71.66, 2059.3,  303.02,  306.61,  313.94,  306.98, 1215.08, 1211.31, 1227.61, 1207.74,  1526.0,  89,  GPS,  174.0, 109.10, 114.30, 118.400, 124.575,       ,       ,  17.79, -72.2,       ,       ,    3.5,       ,      ,       ,      ,      ,  39.4, 3DDiff, 3704,      ,     10,  13.0,     16
2012-10-17, 12:51:10,  -05:00,       ,   47.9640007,  -97.1654510,  1619.6, 29.09,  1614.4,   7.5,  85.58, 104.69,  -15.66,   3.03,   2.12,   0.00,  -0.05,  82.3,  85.0,  27.4,  27.5,   1.4,  -0.0,  21.52,  23.77,     8.60,  135.73,   71.59, 2054.0,  302.82,  306.41,  313.70,  306.78, 1214.77, 1210.29, 1227.35, 1206.10,  1526.6,  88,  GPS,  174.0, 109.10, 114.30, 118.400, 124.575,       ,       ,  17.83, -71.8,       ,       ,    3.5,       ,      ,       ,      ,      ,  31.5, 3DDiff, 3704,      ,     10,  13.0,     17
2012-10-17, 12:51:11,  -05:00,       ,   47.9640083,  -97.1647263,  1617.6, 29.09,  1614.0,   7.5,  86.07, 104.60,  -56.42,   3.61,   2.93,   0.02,  -0.01,  82.2,  85.3,  27.4,  27.4,   1.5,  -0.0,  21.47,  23.77,     8.70,  135.76,   71.75, 2054.9,  302.67,  306.23,  313.46,  306.64, 1214.20, 1209.46, 1227.50, 1205.69,  1526.1,  89,  GPS,  174.0, 109.10, 114.30, 118.400, 124.575,       ,       ,  17.86, -71.4,       ,       ,    3.5,       ,      ,       ,      ,      ,  15.7, 3DDiff, 3704,      ,     10,  13.0,     17
2012-10-17, 12:51:12,  -05:00,       ,   47.9640121,  -97.1640091,  1619.6, 29.09,  1614.3,   7.5,  84.97, 104.50,  -32.63,   3.66,   1.47,  -0.00,  -0.03,  82.1,  85.8,  27.4,  27.5,   1.4,  -0.0,  21.47,  23.83,     8.64,  135.80,   71.63, 2048.8,  302.44,  306.02,  313.22,  306.44, 1213.71, 1208.97, 1227.15, 1205.93,  1526.4,  88,  GPS,  174.0, 109.10, 114.30, 118.400, 124.575,       ,       ,  17.88, -71.1,       ,       ,    3.5,       ,      ,       ,      ,      ,   3.9, 3DDiff, 3704,      ,     10,  13.0,     17
2012-10-17, 12:51:13,  -05:00,       ,   47.9640198,  -97.1632843,  1618.6, 29.09,  1614.6,   7.5,  83.77, 104.34,   -3.54,   4.16,   2.26,   0.02,   0.01,  82.5,  86.1,  27.5,  27.5,   1.4,   0.0,  21.47,  23.87,     8.65,  135.83,   71.52, 2040.5,  302.22,  305.76,  312.96,  306.26, 1214.23, 1208.41, 1226.01, 1206.42,  1526.7,  86,  GPS,  174.0, 109.10, 114.30, 118.400, 124.575,       ,       ,  17.90, -70.9,       ,       ,    3.5,       ,      ,       ,      ,      , -27.6, 3DDiff, 3704,      ,     10,  12.5,     16
2012-10-17, 12:51:14,  -05:00,       ,   47.9640198,  -97.1625671,  1616.6, 29.09,  1615.1,   7.5,  82.81, 104.21,  -56.47,   4.31,   1.46,  -0.03,   0.03,  81.9,  86.2,  27.4,  27.4,   1.5,   0.1,  21.37,  23.87,     8.57,  135.87,   71.72, 2038.2,  302.02,  305.55,  312.72,  306.02, 1213.89, 1207.65, 1224.38, 1206.23,  1527.2,  85,  GPS,  174.0, 109.10, 114.30, 118.400, 124.575,       ,       ,  17.92, -70.8,       ,       ,    3.5,       ,      ,       ,      ,      ,  27.6, 3DDiff, 3704,      ,     10,  13.0,     16
2012-10-17, 12:51:15,  -05:00,       ,   47.9640160,  -97.1618576,  1620.6, 29.09,  1617.7,   7.5,  83.92, 103.93,   36.55,   4.03,   1.54,   0.01,  -0.01,  83.0,  86.3,  27.5,  27.5,   1.3,   0.0,  21.47,  23.87,     8.67,  135.92,   71.63, 2040.7,  301.76,  305.29,  312.42,  305.81, 1213.91, 1207.14, 1224.13, 1205.08,  1529.8,  86,  GPS,  174.0, 109.10, 114.30, 118.400, 124.575,       ,       ,  17.95, -70.6,       ,       ,    3.5,       ,      ,       ,      ,      , 137.8, 3DDiff, 3704,      ,     10,  13.0,     16
2012-10-17, 12:51:16,  -05:00,       ,   47.9640236,  -97.1611404,  1620.6, 29.09,  1619.6,   7.5,  82.93, 103.72,   53.87,   4.11,  -0.59,   0.00,  -0.04,  83.3,  86.4,  27.4,  27.5,   1.4,   0.0,  21.47,  23.83,     8.47,  135.98,   71.61, 2036.3,  301.52,  305.05,  312.16,  305.57, 1213.57, 1206.60, 1223.84, 1204.58,  1531.7,  85,  GPS,  174.0, 109.10, 114.30, 118.400, 124.575,       ,       ,  17.98, -70.5,       ,       ,    3.5,       ,      ,       ,      ,      , 122.0, 3DDiff, 3704,      ,     10,  13.0,     16
2012-10-17, 12:51:17,  -05:00,       ,   47.9640236,  -97.1604309,  1621.6, 29.09,  1621.3,   7.5,  83.10, 103.49,   55.85,   3.78,  -0.07,  -0.01,  -0.00,  82.9,  86.4,  27.4,  27.5,   1.4,  -0.0,  21.37,  23.87,     8.58,  136.04,   71.53, 2037.9,  301.31,  304.77,  311.91,  305.31, 1213.06, 1205.67, 1223.39, 1204.33,  1533.4,  86,  GPS,  174.0, 109.10, 114.30, 118.400, 124.575,       ,       ,  18.06, -70.5,       ,       ,    3.5,       ,      ,       ,      ,      ,  98.4, 3DDiff, 3704,      ,     10,  13.0,     17
2012-10-17, 12:51:18,  -05:00,       ,   47.9640236,  -97.1596985,  1629.6, 29.09,  1621.6,   7.5,  85.18, 103.27,  168.41,   2.07,  -2.20,  -0.02,  -0.04,  82.6,  86.0,  27.4,  27.4,   1.3,  -0.0,  21.37,  23.94,     8.56,  136.11,   71.78, 2044.6,  301.06,  304.50,  311.60,  305.10, 1212.35, 1204.55, 1222.36, 1203.83,  1533.7,  88,  GPS,  174.0, 109.10, 114.30, 118.400, 124.575,       ,       ,  18.06, -70.5,       ,       ,    3.5,       ,      ,       ,      ,      ,  51.2, 3DDiff, 3704,      ,     10,  13.0,     17
2012-10-17, 12:51:19,  -05:00,       ,   47.9640350,  -97.1590347,  1626.6, 29.09,  1619.3,   7.5,  84.55, 103.35,  122.73,   0.94,   1.88,  -0.04,  -0.24,  82.2,  85.7,  27.4,  27.5,   1.5,  -0.0,  21.37,  23.87,     8.65,  136.17,   71.59, 2046.8,  300.80,  304.25,  311.31,  304.85, 1212.15, 1203.78, 1222.07, 1202.88,  1531.4,  87,  GPS,  174.0, 109.10, 114.30, 118.400, 124.575,       ,       ,  18.10, -70.5,       ,       ,    3.5,       ,      ,       ,      ,      , -66.9, 3DDiff, 3704,      ,     10,  12.5,     16
2012-10-17, 12:51:20,  -05:00,       ,   47.9640388,  -97.1582947,  1629.6, 29.09,  1613.2,   7.5,  84.77, 103.74,  129.80,   2.15,   0.52,  -0.02,   0.19,  81.8,  85.8,  27.4,  27.5,   1.4,   0.0,  21.32,  23.94,     8.58,  136.24,   71.63, 2042.7,  300.53,  303.99,  311.02,  304.61, 1214.07, 1203.04, 1222.53, 1202.30,  1525.3,  87,  GPS,  174.0, 109.10, 114.30, 118.400, 124.575,       ,       ,  18.12, -70.5,       ,       ,    3.5,       ,      ,       ,      ,      , -315.0, 3DDiff, 3704,      ,     10,  13.0,     16
2012-10-17, 12:51:21,  -05:00,       ,   47.9640465,  -97.1575775,  1620.6, 29.09,  1609.1,   7.5,  85.84, 104.15,  -78.75,   2.53,   0.63,   0.00,   0.12,  83.1,  85.7,  27.4,  27.4,   1.5,  -0.0,  21.32,  23.94,     8.58,  136.31,   71.74, 2049.9,  300.28,  303.69,  310.70,  304.35, 1214.78, 1202.39, 1222.73, 1201.87,  1521.3,  88,  GPS,  174.0, 109.10, 114.30, 118.400, 124.575,       ,       ,  18.13, -70.6,       ,       ,    3.5,       ,      ,       ,      ,      , -252.0, 3DDiff, 3704,      ,     10,  13.0,     16
2012-10-17, 12:51:22,  -05:00,       ,   47.9640503,  -97.1568604,  1613.6, 29.09,  1606.8,   7.2,  85.96, 104.38, -230.71,   2.90,   2.63,   0.02,  -0.02,  83.5,  85.8,  27.4,  27.5,   1.4,   0.0,  21.37,  23.87,     8.59,  136.36,   71.73, 2054.5,  300.01,  303.43,  310.49,  304.09, 1214.32, 1202.59, 1221.82, 1203.03,  1518.9,  89,  GPS,  174.0, 109.10, 114.30, 118.400, 124.575,       ,       ,  18.13, -70.7,       ,       ,    3.5,       ,      ,       ,      ,      , -157.5, 3DDiff, 3704,      ,     10,  13.0,     16
2012-10-17, 12:51:23,  -05:00,       ,   47.9640541,  -97.1561356,  1611.6, 29.09,  1605.2,   7.2,  84.97, 104.50, -264.73,   3.14,   2.00,  -0.03,   0.05,  82.7,  86.1,  27.4,  27.4,   1.5,   0.0,  21.27,  23.87,     8.57,  136.42,   71.82, 2047.4,  299.75,  303.15,  310.16,  303.83, 1213.47, 1203.75, 1222.27, 1204.25,  1517.3,  88,  GPS,  174.0, 109.10, 114.30, 118.400, 124.575,       ,       ,  18.12, -70.7,       ,       ,    3.5,       ,      ,       ,      ,      , -106.3, 3DDiff, 3704,      ,     10,  13.0,     17
2012-10-17, 12:51:24,  -05:00,       ,   47.9640579,  -97.1554108,  1611.6, 29.09,  1604.4,   7.5,  83.77, 104.58, -182.34,   2.96,   1.42,  -0.00,   0.04,  83.3,  86.2,  27.4,  27.4,   1.4,  -0.0,  21.32,  23.94,     8.57,  136.47,   71.39, 2040.2,  299.49,  302.89,  309.84,  303.55, 1213.44, 1204.40, 1222.99, 1205.14,  1516.6,  86,  GPS,  174.0, 109.10, 114.30, 118.400, 124.575,       ,       ,  18.10, -70.9,       ,       ,    3.5,       ,      ,       ,      ,      , -66.9, 3DDiff, 3704,      ,     10,  13.0,     17
2012-10-17, 12:51:25,  -05:00,       ,   47.9640579,  -97.1546936,  1609.6, 29.09,  1604.2,   7.5,  84.67, 104.69, -131.95,   2.77,   2.16,  -0.00,   0.01,  83.4,  86.4,  27.4,  27.4,   1.4,   0.0,  21.37,  23.94,     8.64,  136.53,   71.77, 2047.8,  299.21,  302.59,  309.58,  303.29, 1212.71, 1204.87, 1224.09, 1204.59,  1516.4,  87,  GPS,  174.0, 109.10, 114.30, 118.400, 124.575,       ,       ,  18.08, -71.0,       ,       ,    3.5,       ,      ,       ,      ,      , -70.9, 3DDiff, 3704,      ,     10,  12.5,     16
2012-10-17, 12:51:26,  -05:00,       ,   47.9640579,  -97.1539383,  1609.6, 29.09,  1603.2,   7.5,  85.20, 104.83,  -84.17,   2.44,   1.79,  -0.01,  -0.00,  83.3,  86.8,  27.4,  27.4,   1.4,  -0.0,  21.37,  23.94,     8.34,  136.59,   71.34, 2036.3,  298.94,  302.30,  309.27,  303.01, 1212.16, 1204.82, 1223.76, 1202.53,  1515.3,  88,  GPS,  174.0, 109.10, 114.30, 118.400, 124.575,       ,       ,  18.06, -71.2,       ,       ,    3.5,       ,      ,       ,      ,      , -66.9, 3DDiff, 3704,      ,     10,  13.0,     16
2012-10-17, 12:51:27,  -05:00,       ,   47.9640541,  -97.1532669,  1612.6, 29.09,  1601.0,   7.2,  86.08, 104.89,   -6.29,   0.42,   0.94,  -0.02,  -0.15,  83.7,  86.8,  27.4,  27.4,   1.5,   0.1,  21.32,  23.94,     7.38,  136.64,   70.42, 1963.6,  298.66,  302.03,  308.96,  302.73, 1210.99, 1204.39, 1222.14, 1202.08,  1513.1,  89,  GPS,  174.0, 109.10, 114.30, 118.400, 124.575,       ,       ,  18.05, -71.4,       ,       ,    3.5,       ,      ,       ,      ,      , -129.9, 3DDiff, 3704,      ,     10,  13.0,     16
2012-10-17, 12:51:28,  -05:00,       ,   47.9640465,  -97.1525269,  1610.6, 29.09,  1594.5,   7.2,  86.48, 105.00,   28.13,  -1.66,  -0.01,  -0.01,  -0.17,  85.1,  86.8,  27.4,  27.4,   1.3,  -0.1,  21.37,  23.94,     6.34,  136.69,   68.80, 1827.8,  298.38,  301.72,  308.66,  302.47, 1211.52, 1204.30, 1222.74, 1203.02,  1506.6,  89,  GPS,  174.0, 109.10, 114.30, 118.400, 124.575,       ,       ,  18.03, -71.6,       ,       ,    3.5,       ,      ,       ,      ,      , -354.3, 3DDiff, 3704,      ,     10,  13.0,     16
2012-10-17, 12:51:29,  -05:00,       ,   47.9640465,  -97.1518021,  1604.6, 29.09,  1582.7,   7.2,  86.85, 105.35, -101.59,  -2.85,   2.27,  -0.01,  -0.11,  86.4,  87.0,  27.4,  27.4,   1.4,  -0.0,  21.32,  23.94,     5.23,  136.75,   67.66, 1748.5,  298.51,  301.73,  308.69,  302.61, 1215.62, 1205.94, 1226.91, 1205.52,  1494.8,  89,  GPS,  174.0, 109.10, 114.30, 118.400, 124.575,       ,       ,  18.01, -71.8,       ,       ,    3.5,       ,      ,       ,      ,      , -649.6, 3DDiff, 3704,      ,     10,  13.0,     17
2012-10-17, 12:51:30,  -05:00,       ,   47.9640427,  -97.1510696,  1588.6, 29.09,  1566.4,   7.2,  86.54, 105.90, -374.19,  -3.31,   3.81,   0.03,  -0.06,  87.7,  87.2,  27.4,  27.4,   0.6,  -0.5,  21.37,  24.00,     4.83,  136.79,   67.14, 1699.2,  298.20,  301.61,  308.57,  302.28, 1222.24, 1206.69, 1226.99, 1210.25,  1478.5,  89,  GPS,  174.0, 109.10, 114.30, 118.400, 124.575,       ,       ,  17.98, -72.0,       ,       ,    3.5,       ,      ,       ,      ,      , -917.3, 3DDiff, 3704,      ,     10,  13.0,     17
2012-10-17, 12:51:31,  -05:00,       ,   47.9640312,  -97.1503296,  1565.6, 29.09,  1548.2,   7.2,  87.34, 106.83, -770.26,  -4.04,   5.04,  -0.02,  -0.00,  87.2,  88.0,  27.5,  27.5,   1.4,  -0.0,  21.27,  24.00,     4.89,  136.83,   67.39, 1704.9,  297.52,  300.82,  307.78,  301.62, 1224.12, 1205.01, 1223.70, 1211.13,  1460.3,  90,  GPS,  174.0, 109.10, 114.30, 118.400, 124.575,       ,       ,  17.94, -72.3,       ,       ,    3.5,       ,      ,       ,      ,      , -1051.2, 3DDiff, 3704,      ,     10,  12.5,     16
2012-10-17, 12:51:32,  -05:00,       ,   47.9640083,  -97.1495895,  1551.6, 29.09,  1532.6,   7.2,  89.60, 107.90, -894.72,  -3.44,   1.70,   0.00,  -0.05,  88.2,  88.7,  27.5,  27.5,   1.5,   0.0,  21.32,  24.00,     4.86,  136.86,   67.61, 1725.1,  297.57,  300.74,  307.71,  301.68, 1225.92, 1202.76, 1221.18, 1210.50,  1444.7,  92,  GPS,  174.0, 109.10, 114.30, 118.400, 124.575,       ,       ,  17.90, -72.8,       ,       ,    3.5,       ,      ,       ,      ,      , -952.8, 3DDiff, 3704,      ,     10,  13.0,     16
2012-10-17, 12:51:33,  -05:00,       ,   47.9639816,  -97.1488113,  1532.6, 29.09,  1517.7,   7.2,  89.01, 108.48, -1000.95,  -2.98,   2.42,   0.01,   0.10,  88.0,  89.2,  27.4,  27.4,   1.5,  -0.0,  21.27,  24.00,     4.87,  136.88,   67.70, 1729.5,  297.62,  300.81,  307.87,  301.77, 1226.54, 1200.84, 1219.33, 1209.86,  1429.8,  92,  GPS,  174.0, 109.10, 114.30, 118.400, 124.575,       ,       ,  17.85, -73.3,       ,       ,    3.5,       ,      ,       ,      ,      , -878.0, 3DDiff, 3704,      ,     10,  13.0,     16
2012-10-17, 12:51:34,  -05:00,       ,   47.9639549,  -97.1481171,  1521.6, 29.09,  1508.0,   7.2,  89.52, 108.72, -955.17,  -2.69,   2.29,  -0.01,   0.08,  87.8,  89.6,  27.4,  27.5,   1.4,   0.0,  21.32,  24.00,     4.84,  136.88,   67.84, 1733.1,  297.29,  300.50,  307.49,  301.45, 1228.10, 1199.88, 1217.47, 1210.14,  1420.1,  92,  GPS,  174.0, 109.10, 114.30, 118.400, 124.575,       ,       ,  17.80, -73.8,       ,       ,    3.5,       ,      ,       ,      ,      , -669.3, 3DDiff, 3704,      ,     10,  13.0,     16
2012-10-17, 12:51:35,  -05:00,       ,   47.9639282,  -97.1473465,  1515.6, 29.09,  1499.2,   7.2,  89.95, 108.62, -746.87,  -3.23,   7.62,  -0.03,   0.01,  88.8,  90.1,  27.4,  27.5,   1.3,  -0.0,  21.32,  24.00,     4.81,  136.89,   67.82, 1730.6,  296.91,  300.05,  307.08,  301.07, 1229.57, 1198.63, 1216.12, 1210.64,  1411.4,  92,  GPS,  174.0, 109.10, 114.30, 118.400, 124.575,       ,       ,  17.74, -74.3,       ,       ,    3.5,       ,      ,       ,      ,      , -523.6, 3DDiff, 3704,      ,     10,  13.0,     16
2012-10-17, 12:51:36,  -05:00,       ,   47.9638863,  -97.1465988,  1508.6, 29.09,  1491.8,   7.2,  89.78, 108.37, -576.94,  -0.79,  16.23,   0.01,   0.17,  92.4,  91.3,  27.4,  27.4,   1.3,  -0.0,  21.32,  24.00,     4.88,  136.89,   67.88, 1737.8,  296.50,  299.63,  306.70,  300.70, 1227.73, 1198.12, 1214.90, 1210.92,  1403.9,  92,  GPS,  174.0, 109.10, 114.30, 118.400, 124.575,       ,       ,  17.69, -74.8,       ,       ,    3.5,       ,      ,       ,      ,      , -468.5, 3DDiff, 3704,      ,     10,  13.0,     17
2012-10-17, 12:51:37,  -05:00,       ,   47.9638138,  -97.1458664,  1493.6, 29.09,  1486.9,   7.2,  87.28, 107.96, -620.69,  -0.41,  22.96,   0.00,   0.07,  97.0,  94.5,  27.4,  27.4,   1.3,  -0.0,  21.39,  24.00,     4.86,  136.90,   67.84, 1724.4,  296.09,  299.17,  306.25,  300.27, 1225.99, 1197.19, 1214.75, 1211.33,  1399.0,  90,  GPS,  174.0, 109.10, 114.30, 118.400, 124.575,       ,       ,  17.62, -75.2,       ,       ,    3.5,       ,      ,       ,      ,      , -326.8, 3DDiff, 3704,      ,     10,  14.0,     17
2012-10-17, 12:51:38,  -05:00,       ,   47.9637146,  -97.1451416,  1486.6, 29.09,  1483.6,   7.2,  88.19, 107.22, -591.65,   0.21,  26.51,   0.00,   0.24, 103.3,  98.9,  27.4,  27.4,   1.4,  -0.0,  21.39,  24.00,     4.87,  136.91,   67.63, 1723.2,  295.68,  298.71,  305.79,  299.89, 1224.68, 1195.28, 1213.92, 1209.94,  1395.7,  91,  GPS,  174.0, 109.10, 114.30, 118.400, 124.575,       ,       ,  17.56, -75.8,       ,       ,    3.5,       ,      ,       ,      ,      , -189.0, 3DDiff, 3704,      ,     10,  13.5,     16
2012-10-17, 12:51:39,  -05:00,       ,   47.9635544,  -97.1444244,  1482.6, 29.09,  1484.9,   7.2,  86.54, 106.33, -504.74,   0.34,  28.70,  -0.01,   0.15, 109.9, 104.7,  27.4,  27.5,   1.4,  -0.0,  21.32,  24.00,     4.87,  136.93,   67.69, 1716.2,  295.23,  298.18,  305.39,  299.49, 1223.82, 1194.34, 1212.17, 1210.07,  1397.0,  89,  GPS,  174.0, 109.10, 114.30, 118.400, 124.575,       ,       ,  17.51, -76.4,       ,       ,    3.5,       ,      ,       ,      ,      ,  -7.9, 3DDiff, 3704,      ,     10,  15.0,     18
2012-10-17, 12:51:40,  -05:00,       ,   47.9633598,  -97.1438065,  1483.6, 29.09,  1491.8,   7.2,  85.61, 105.16, -277.55,   0.13,  28.80,   0.00,   0.13, 116.2, 109.8,  27.4,  27.5,   1.4,   0.0,  21.39,  24.00,     4.87,  136.94,   67.62, 1711.1,  294.76,  297.74,  304.96,  299.05, 1221.11, 1193.83, 1210.75, 1209.27,  1404.0,  88,  GPS,  174.0, 109.10, 114.30, 118.400, 124.575,       ,       ,  17.48, -77.1,       ,       ,    3.5,       ,      ,       ,      ,      ,  23.6, 3DDiff, 3704,      ,     12,  20.5,     20
2012-10-17, 12:51:41,  -05:00,       ,   47.9631271,  -97.1431656,  1484.6, 29.09,  1488.8,   7.2,  84.11, 103.97, -137.83,  -0.70,  28.36,  -0.00,  -0.01, 121.8, 115.6,  27.4,  27.4,   1.4,   0.0,  21.37,  24.00,     4.88,  136.95,   67.49, 1700.4,  294.30,  297.27,  304.47,  298.61, 1218.67, 1191.65, 1209.13, 1207.43,  1401.0,  86,  GPS,  174.0, 109.10, 114.30, 118.400, 124.575,       ,       ,  17.47, -77.9,       ,       ,    3.5,       ,      ,       ,      ,      , -11.8, 3DDiff, 3704,      ,     12,  20.5,     20
2012-10-17, 12:51:42,  -05:00,       ,   47.9628639,  -97.1425781,  1487.6, 29.09,  1483.5,   7.5,  84.41, 102.81,   16.16,  -1.47,  31.21,   0.01,  -0.02, 128.5, 120.7,  27.3,  27.4,   1.4,   0.0,  21.32,  24.00,     4.91,  136.97,   67.34, 1694.5,  293.84,  296.72,  303.96,  298.16, 1216.23, 1189.52, 1207.34, 1205.38,  1395.7,  87,  GPS,  174.0, 109.10, 114.30, 118.400, 124.575,       ,       ,  17.49, -78.8,       ,       ,    3.5,       ,      ,       ,      ,      , -212.6, 3DDiff, 3704,      ,     12,  18.5,     20
2012-10-17, 12:51:43,  -05:00,       ,   47.9625587,  -97.1420364,  1480.6, 29.09,  1476.1,   7.5,  82.35, 101.68,  -57.04,  -1.81,  30.81,  -0.01,   0.14, 136.0, 126.2,  27.4,  27.4,   1.3,  -0.0,  21.39,  24.00,     4.85,  137.00,   67.21, 1681.3,  293.33,  296.18,  303.56,  297.68, 1212.93, 1188.63, 1204.13, 1203.06,  1388.2,  85,  GPS,  174.0, 109.10, 114.30, 118.400, 124.575,       ,       ,  17.53, -79.6,       ,       ,    3.5,       ,      ,       ,      ,      , -448.8, 3DDiff, 3704,      ,     11,  17.5,     18
2012-10-17, 12:51:44,  -05:00,       ,   47.9622269,  -97.1415634,  1467.6, 29.09,  1466.1,   7.5,  81.46, 100.55, -301.33,  -2.48,  29.26,   0.01,   0.16, 144.0, 132.3,  27.3,  27.4,   1.4,   0.0,  21.32,  24.00,     4.86,  137.04,   67.16, 1674.5,  292.84,  295.66,  303.06,  297.25, 1209.09, 1188.16, 1201.43, 1201.62,  1378.3,  84,  GPS,  174.0, 109.10, 114.30, 118.400, 124.575,       ,       ,  17.60, -80.4,       ,       ,    3.5,       ,      ,       ,      ,      , -543.3, 3DDiff, 3704,      ,     11,  17.0,     18
2012-10-17, 12:51:45,  -05:00,       ,   47.9618568,  -97.1411209,  1455.6, 29.09,  1455.8,   7.5,  81.29,  99.44, -512.91,  -2.50,  28.23,   0.01,   0.12, 151.4, 138.6,  27.3,  27.4,   1.2,  -0.0,  21.37,  24.00,     4.90,  137.08,   67.12, 1672.6,  292.36,  295.05,  302.58,  296.76, 1205.56, 1187.30, 1199.00, 1201.46,  1368.0,  84,  GPS,  174.0, 109.10, 114.30, 118.400, 124.575,       ,       ,  17.71, -81.2,       ,       ,    3.5,       ,      ,       ,      ,      , -574.8, 3DDiff, 3704,      ,     11,  17.0,     18
2012-10-17, 12:51:46,  -05:00,       ,   47.9614944,  -97.1407852,  1447.6, 29.09,  1447.7,   7.5,  81.05,  98.18, -566.44,  -2.56,  26.73,  -0.01,   0.14, 157.8, 144.2,  27.3,  27.4,   1.3,   0.0,  21.32,  24.00,     4.80,  137.12,   67.04, 1667.4,  291.85,  294.59,  302.04,  296.30, 1202.09, 1185.80, 1198.58, 1201.03,  1359.8,  83,  GPS,  174.0, 109.10, 114.30, 118.400, 124.575,       ,       ,  17.86, -81.9,       ,       ,    3.5,       ,      ,       ,      ,      , -574.8, 3DDiff, 3704,      ,     11,  17.0,     18
2012-10-17, 12:51:47,  -05:00,       ,   47.9610786,  -97.1404800,  1437.6, 29.09,  1438.6,   7.5,  81.74,  96.84, -566.76,  -3.10,  25.29,   0.01,   0.13, 165.0, 149.9,  27.3,  27.3,   1.3,  -0.0,  21.32,  24.00,     4.88,  137.16,   67.24, 1672.7,  291.37,  294.02,  301.55,  295.80, 1200.90, 1183.78, 1197.12, 1199.38,  1350.8,  84,  GPS,  174.0, 109.10, 114.30, 118.400, 124.575,       ,       ,  18.06, -82.6,       ,       ,    3.5,       ,      ,       ,      ,      , -563.0, 3DDiff, 3704,      ,     11,  17.0,     18
2012-10-17, 12:51:48,  -05:00,       ,   47.9606667,  -97.1402435,  1425.6, 29.09,  1428.5,   7.5,  81.62,  95.42, -622.55,  -3.30,  21.35,   0.04,   0.10, 171.6, 155.5,  27.3,  27.3,   1.2,  -0.1,  21.27,  24.00,     4.87,  137.21,   67.35, 1677.2,  290.83,  293.48,  301.03,  295.35, 1199.78, 1181.48, 1195.81, 1198.37,  1340.6,  84,  GPS,  174.0, 109.10, 114.30, 118.400, 124.575,       ,       ,  18.31, -83.1,       ,       ,    3.5,       ,      ,       ,      ,      , -551.2, 3DDiff, 3704,      ,     11,  16.5,     19
2012-10-17, 12:51:49,  -05:00,       ,   47.9602547,  -97.1400681,  1411.6, 29.09,  1416.9,   7.5,  81.78,  94.00, -703.15,  -3.24,  14.88,   0.05,   0.08, 175.9, 160.3,  27.3,  27.4,   1.4,  -0.0,  21.25,  24.00,     4.92,  137.25,   67.31, 1683.5,  290.29,  292.92,  300.57,  294.86, 1197.23, 1179.32, 1194.57, 1198.02,  1329.0,  84,  GPS,  174.0, 109.10, 114.30, 118.400, 124.575,       ,       ,  18.60, -83.6,       ,       ,    3.5,       ,      ,       ,      ,      , -578.7, 3DDiff, 3704,      ,     10,  16.5,     18
2012-10-17, 12:51:50,  -05:00,       ,   47.9598312,  -97.1399231,  1401.6, 29.09,  1408.9,   7.5,  80.33,  93.05, -698.76,  -3.08,   8.75,   0.05,   0.15, 178.0, 164.0,  27.3,  27.4,   1.4,   0.0,  21.15,  24.00,     4.85,  137.30,   67.29, 1680.3,  289.77,  292.32,  300.07,  294.34, 1193.91, 1178.23, 1193.48, 1196.18,  1321.1,  82,  GPS,  174.0, 109.10, 114.30, 118.400, 124.575,       ,       ,  18.92, -84.0,       ,       ,    3.5,       ,      ,       ,      ,      , -484.3, 3DDiff, 3704,      ,     10,  16.5,     18
2012-10-17, 12:51:51,  -05:00,       ,   47.9594116,  -97.1398087,  1400.6, 29.09,  1403.3,   7.5,  83.08,  92.52, -526.87,  -2.44,   5.86,   0.00,   0.02, 179.0, 166.2,  27.3,  27.3,   1.3,   0.0,  21.13,  24.00,     4.87,  137.35,   67.32, 1684.0,  289.26,  291.76,  299.56,  293.83, 1191.30, 1176.97, 1191.74, 1195.51,  1315.4,  85,  GPS,  174.0, 109.10, 114.30, 118.400, 124.575,       ,       ,  19.26, -84.2,       ,       ,    3.5,       ,      ,       ,      ,      , -350.4, 3DDiff, 3704,      ,     11,  16.5,     18
2012-10-17, 12:51:52,  -05:00,       ,   47.9589882,  -97.1397171,  1398.6, 29.09,  1398.1,   7.5,  82.18,  91.90, -306.31,  -1.55,   2.15,   0.02,   0.02, 180.7, 167.6,  27.3,  27.3,   1.2,  -0.0,  21.08,  24.00,     4.90,  137.42,   67.35, 1682.1,  288.72,  291.22,  298.98,  293.34, 1190.60, 1176.19, 1190.21, 1195.23,  1310.2,  84,  GPS,  174.0, 109.10, 114.30, 118.400, 124.575,       ,       ,  19.59, -84.3,       ,       ,    3.5,       ,      ,       ,      ,      , -307.1, 3DDiff, 3704,      ,     11,  16.5,     18
2012-10-17, 12:51:53,  -05:00,       ,   47.9585724,  -97.1396255,  1395.6, 29.09,  1392.2,   7.5,  82.36,  91.22, -244.63,  -1.26,   2.61,   0.01,  -0.04, 181.2, 168.3,  27.3,  27.3,   1.2,  -0.0,  21.05,  24.00,     4.86,  137.49,   67.30, 1679.3,  288.19,  290.61,  298.53,  292.85, 1190.05, 1175.23, 1188.54, 1195.04,  1304.3,  85,  GPS,  174.0, 109.10, 114.30, 118.400, 124.575,       ,       ,  19.90, -84.3,       ,       ,    3.5,       ,      ,       ,      ,      , -330.7, 3DDiff, 3704,      ,     11,  16.5,     18
2012-10-17, 12:51:54,  -05:00,       ,   47.9581451,  -97.1395416,  1389.6, 29.09,  1385.7,   7.5,  80.87,  90.48, -248.34,  -2.16,   2.42,   0.02,  -0.04, 181.7, 168.9,  27.3,  27.3,   1.3,  -0.0,  21.05,  24.00,     4.82,  137.57,   67.32, 1674.8,  287.65,  289.97,  298.07,  292.34, 1188.45, 1174.78, 1187.52, 1193.42,  1297.8,  83,  GPS,  174.0, 109.10, 114.30, 118.400, 124.575,       ,       ,  20.19, -84.2,       ,       ,    3.5,       ,      ,       ,      ,      , -405.5, 3DDiff, 3704,      ,     11,  16.5,     18
2012-10-17, 12:51:55,  -05:00,       ,   47.9577599,  -97.1394806,  1386.6, 29.09,  1378.2,   7.5,  82.22,  89.96, -230.79,  -2.98,  -0.48,  -0.02,  -0.00, 183.2, 169.3,  27.3,  27.3,   1.2,   0.0,  21.00,  24.00,     4.83,  137.64,   67.21, 1674.2,  287.13,  289.46,  297.49,  291.84, 1187.32, 1174.38, 1185.46, 1191.94,  1290.3,  84,  GPS,  174.0, 109.10, 114.30, 118.400, 124.575,       ,       ,  20.44, -84.0,       ,       ,    3.5,       ,      ,       ,      ,      , -527.6, 3DDiff, 3704,      ,     10,  16.0,     18
2012-10-17, 12:51:56,  -05:00,       ,   47.9573326,  -97.1393967,  1374.6, 29.09,  1366.1,   7.5,  80.67,  89.96, -363.06,  -4.95,   0.79,   0.03,  -0.16, 185.6, 169.4,  27.3,  27.3,   1.4,   0.0,  20.95,  24.00,     4.86,  137.72,   67.20, 1667.1,  286.60,  288.88,  297.01,  291.33, 1186.93, 1173.74, 1183.71, 1190.22,  1278.2,  83,  GPS,  174.0, 109.10, 114.30, 118.400, 124.575,       ,       ,  20.67, -83.8,       ,       ,    3.5,       ,      ,       ,      ,      , -677.2, 3DDiff, 3704,      ,     10,  16.5,     18
2012-10-17, 12:51:57,  -05:00,       ,   47.9569206,  -97.1393204,  1357.6, 29.09,  1350.7,   7.5,  80.96,  90.19, -595.17,  -4.74,   1.58,   0.02,   0.05, 185.3, 169.9,  27.3,  27.4,   1.3,  -0.0,  20.93,  24.00,     4.86,  137.80,   67.25, 1670.0,  286.02,  288.32,  296.41,  290.82, 1186.35, 1172.65, 1183.63, 1189.69,  1262.8,  83,  GPS,  174.0, 109.10, 114.30, 118.400, 124.575,       ,       ,  20.88, -83.4,       ,       ,    3.5,       ,      ,       ,      ,      , -889.8, 3DDiff, 3704,      ,     10,  16.5,     18
2012-10-17, 12:51:58,  -05:00,       ,   47.9565048,  -97.1392593,  1343.6, 29.09,  1336.2,   7.5,  82.59,  90.68, -769.49,  -4.67,   1.26,  -0.01,   0.01, 185.2, 170.5,  27.4,  27.5,   1.7,   0.0,  20.88,  24.00,     4.92,  137.89,   67.27, 1678.4,  285.50,  287.76,  295.94,  290.29, 1185.80, 1172.36, 1183.70, 1188.96,  1248.3,  85,  GPS,  174.0, 109.10, 114.30, 118.400, 124.575,       ,       ,  21.10, -83.1,       ,       ,    3.5,       ,      ,       ,      ,      , -881.9, 3DDiff, 3704,      ,     11,  16.5,     18
2012-10-17, 12:51:59,  -05:00,       ,   47.9560852,  -97.1391983,  1328.6, 29.09,  1322.3,   7.5,  82.69,  90.95, -817.12,  -3.85,   1.31,   0.00,   0.07, 186.1, 170.8,  27.4,  27.5,   1.5,  -0.0,  20.93,  24.00,     4.84,  137.98,   67.41, 1680.4,  285.05,  287.20,  295.45,  289.85, 1184.70, 1171.86, 1184.99, 1189.74,  1234.4,  85,  GPS,  174.0, 109.10, 114.30, 118.400, 124.575,       ,       ,  21.31, -82.7,       ,       ,    3.5,       ,      ,       ,      ,      , -815.0, 3DDiff, 3704,      ,     11,  16.5,     18
2012-10-17, 12:52:00,  -05:00,       ,   47.9556618,  -97.1391373,  1313.6, 29.09,  1310.9,   7.5,  83.05,  90.76, -870.65,  -3.48,   3.09,  -0.00,   0.08, 186.5, 171.6,  27.4,  27.5,   1.5,   0.0,  20.93,  24.00,     4.88,  138.07,   67.56, 1681.8,  284.49,  286.65,  294.93,  289.32, 1185.45, 1171.59, 1185.83, 1189.62,  1223.0,  85,  GPS,  174.0, 109.10, 114.30, 118.400, 124.575,       ,       ,  21.52, -82.2,       ,       ,    3.5,       ,      ,       ,      ,      , -649.6, 3DDiff, 3704,      ,     11,  16.5,     18
2012-10-17, 12:52:01,  -05:00,       ,   47.9552498,  -97.1390915,  1303.6, 29.09,  1302.6,   7.5,  82.35,  90.02, -812.55,  -3.59,   7.13,   0.02,   0.06, 187.0, 172.3,  27.4,  27.4,   1.5,   0.0,  20.95,  24.00,     4.89,  138.15,   67.52, 1681.0,  283.90,  285.99,  294.36,  288.74, 1185.88, 1172.44, 1184.91, 1189.47,  1214.7,  84,  GPS,  174.0, 109.10, 114.30, 118.400, 124.575,       ,       ,  21.72, -81.8,       ,       ,    3.5,       ,      ,       ,      ,      , -492.1, 3DDiff, 3704,      ,     10,  16.0,     18
2012-10-17, 12:52:02,  -05:00,       ,   47.9548416,  -97.1390610,  1297.6, 29.09,  1296.0,   7.5,  82.35,  88.93, -669.12,  -2.92,  11.45,  -0.02,   0.15, 187.7, 173.8,  27.3,  27.4,   1.3,  -0.1,  20.93,  24.00,     4.86,  138.23,   67.53, 1684.7,  283.35,  285.43,  293.89,  288.22, 1187.63, 1171.74, 1184.35, 1189.44,  1208.1,  84,  GPS,  174.0, 109.10, 114.30, 118.400, 124.575,       ,       ,  21.92, -81.3,       ,       ,    3.5,       ,      ,       ,      ,      , -401.6, 3DDiff, 3704,      ,     10,  16.0,     18
2012-10-17, 12:52:03,  -05:00,       ,   47.9544258,  -97.1390686,  1291.6, 29.09,  1291.4,   7.5,  81.64,  87.45, -518.07,  -1.35,  17.24,  -0.01,   0.14, 191.4, 176.7,  27.4,  27.4,   1.5,   0.0,  20.93,  24.00,     4.88,  138.31,   67.46, 1679.5,  282.80,  284.79,  293.38,  287.72, 1188.27, 1171.11, 1183.44, 1189.26,  1203.5,  84,  GPS,  174.0, 109.10, 114.30, 118.400, 124.575,       ,       ,  22.09, -80.8,       ,       ,    3.5,       ,      ,       ,      ,      , -279.5, 3DDiff, 3704,      ,     10,  16.5,     18
2012-10-17, 12:52:04,  -05:00,       ,   47.9540558,  -97.1391068,  1287.6, 29.09,  1288.0,   7.8,  78.97,  85.39, -402.56,  -0.14,  23.63,  -0.01,   0.16, 197.0, 180.3,  27.4,  27.4,   1.4,   0.0,  20.93,  24.00,     4.88,  138.37,   67.16, 1658.0,  282.27,  284.27,  292.80,  287.22, 1186.27, 1171.24, 1182.82, 1190.22,  1200.1,  81,  GPS,  174.0, 109.10, 114.30, 118.400, 124.575,       ,       ,  22.24, -80.4,       ,       ,    3.5,       ,      ,       ,      ,      , -228.3, 3DDiff, 3704,      ,     11,  16.5,     18
2012-10-17, 12:52:05,  -05:00,       ,   47.9536705,  -97.1391983,  1279.6, 29.09,  1285.2,   7.8,  77.65,  82.51, -368.97,  -0.04,  25.93,   0.03,   0.10, 204.4, 185.8,  27.4,  27.4,   1.3,   0.1,  20.95,  24.00,     4.78,  138.44,   67.12, 1654.2,  281.72,  283.68,  292.30,  286.68, 1184.08, 1169.17, 1182.66, 1191.68,  1197.3,  80,  GPS,  174.0, 109.10, 114.30, 118.400, 124.575,       ,       ,  22.37, -79.9,       ,       ,    3.5,       ,      ,       ,      ,      , -196.9, 3DDiff, 3704,      ,     11,  16.5,     18
2012-10-17, 12:52:06,  -05:00,       ,   47.9533195,  -97.1393433,  1272.6, 29.09,  1284.5,   7.8,  76.20,  79.25, -414.27,   1.37,  28.17,  -0.01,   0.20, 211.5, 192.3,  27.4,  27.4,   1.4,  -0.0,  21.00,  24.00,     4.87,  138.51,   66.95, 1642.1,  281.18,  283.11,  291.79,  286.17, 1181.72, 1167.32, 1181.80, 1190.08,  1196.4,  78,  GPS,  174.0, 109.10, 114.30, 118.400, 124.575,       ,       ,  22.51, -79.4,       ,       ,    3.5,       ,      ,       ,      ,      , -126.0, 3DDiff, 3704,      ,     11,  16.5,     18
2012-10-17, 12:52:07,  -05:00,       ,   47.9529991,  -97.1395493,  1273.6, 29.09,  1285.0,   7.8,  75.24,  75.56, -265.18,   0.86,  27.74,  -0.01,   0.16, 219.3, 199.5,  27.4,  27.4,   1.3,   0.0,  21.00,  24.00,     4.86,  138.57,   66.88, 1632.0,  280.60,  282.51,  291.23,  285.64, 1179.22, 1165.15, 1180.96, 1189.26,  1197.0,  77,  GPS,  174.0, 109.10, 114.30, 118.400, 124.575,       ,       ,  22.66, -78.8,       ,       ,    3.5,       ,      ,       ,      ,      , -27.6, 3DDiff, 3704,      ,     10,  16.0,     18
2012-10-17, 12:52:08,  -05:00,       ,   47.9527168,  -97.1398087,  1273.6, 29.09,  1285.5,   7.8,  74.13,  71.88, -152.73,   0.04,  28.64,   0.02,   0.02, 227.9, 207.0,  27.4,  27.4,   1.3,  -0.0,  21.00,  24.00,     4.91,  138.64,   66.94, 1639.4,  280.08,  281.93,  290.70,  285.12, 1178.04, 1163.16, 1178.43, 1187.55,  1197.4,  76,  GPS,  174.0, 109.10, 114.30, 118.400, 124.575,       ,       ,  22.99, -77.4,       ,       ,    3.5,       ,      ,       ,      ,      ,  -3.9, 3DDiff, 3704,      ,     10,  16.0,     18
2012-10-17, 12:52:09,  -05:00,       ,   47.9524651,  -97.1400833,  1270.6, 29.09,  1281.9,   7.8,  72.01,  68.46, -119.48,  -0.69,  28.53,  -0.02,   0.08, 235.3, 214.5,  27.4,  27.5,   1.5,   0.0,  21.05,  24.00,     4.82,  138.70,   67.02, 1645.4,  279.52,  281.36,  290.21,  284.58, 1175.50, 1160.61, 1176.16, 1185.01,  1193.8,  74,  GPS,  174.0, 109.10, 114.30, 118.400, 124.575,       ,       ,  22.99, -77.4,       ,       ,    3.5,       ,      ,       ,      ,      , -137.8, 3DDiff, 3704,      ,     12,  18.5,     20
2012-10-17, 12:52:10,  -05:00,       ,   47.9522552,  -97.1404190,  1268.6, 29.09,  1279.9,   7.8,  72.11,  65.27, -116.25,  -1.46,  28.97,  -0.00,   0.03, 242.4, 223.1,  27.4,  27.4,   1.5,   0.0,  21.13,  24.00,     4.89,  138.75,   67.07, 1647.6,  279.00,  280.73,  289.70,  284.07, 1173.26, 1158.47, 1174.45, 1182.39,  1191.8,  74,  GPS,  174.0, 109.10, 114.30, 118.400, 124.575,       ,       ,  23.17, -76.6,       ,       ,    3.5,       ,      ,       ,      ,      , -216.5, 3DDiff, 3704,      ,     12,  18.5,     20
2012-10-17, 12:52:11,  -05:00,       ,   47.9521027,  -97.1407547,  1265.6, 29.09,  1275.6,   7.8,  71.41,  62.57, -118.47,  -2.04,  30.10,   0.00,   0.08, 250.1, 230.8,  27.3,  27.4,   1.3,  -0.1,  21.25,  24.00,     4.94,  138.80,   66.96, 1638.4,  278.47,  280.22,  289.13,  283.56, 1172.32, 1157.02, 1173.06, 1181.40,  1187.6,  73,  GPS,  174.0, 109.10, 114.30, 118.400, 124.575,       ,       ,  23.36, -75.7,       ,       ,    3.5,       ,      ,       ,      ,      , -374.0, 3DDiff, 3704,      ,     12,  17.5,     20
2012-10-17, 12:52:12,  -05:00,       ,   47.9519691,  -97.1411285,  1257.6, 29.09,  1263.1,   7.8,  71.09,  60.26, -235.84,  -2.19,  29.37,   0.00,   0.17, 258.8, 240.3,  27.4,  27.4,   1.3,  -0.0,  21.25,  24.00,     4.95,  138.85,   66.98, 1634.9,  277.92,  279.69,  288.69,  283.03, 1171.50, 1155.16, 1172.09, 1180.85,  1175.0,  73,  GPS,  174.0, 109.10, 114.30, 118.400, 124.575,       ,       ,  23.54, -74.8,       ,       ,    3.5,       ,      ,       ,      ,      , -488.2, 3DDiff, 3704,      ,     12,  18.5,     20
2012-10-17, 12:52:13,  -05:00,       ,   47.9518929,  -97.1415100,  1244.6, 29.09,  1253.3,   7.8,  69.90,  58.31, -426.53,  -1.87,  26.51,   0.00,   0.04, 266.0, 250.6,  27.5,  27.5,   1.4,   0.0,  21.37,  24.00,     4.95,  138.89,   66.99, 1639.2,  277.42,  279.13,  288.21,  282.55, 1169.73, 1153.28, 1171.31, 1179.07,  1165.2,  72,  GPS,  174.0, 109.10, 114.30, 118.400, 124.575,       ,       ,  23.71, -73.8,       ,       ,    3.5,       ,      ,       ,      ,      , -492.1, 3DDiff, 3704,      ,     11,  17.5,     19
2012-10-17, 12:52:14,  -05:00,       ,   47.9518661,  -97.1418991,  1240.6, 29.09,  1244.2,   8.0,  71.07,  56.91, -438.48,  -2.71,  22.52,  -0.02,   0.01, 271.3, 259.9,  27.3,  27.4,   1.4,   0.0,  21.32,  24.00,     4.98,  138.92,   67.00, 1638.5,  276.89,  278.55,  287.72,  282.05, 1166.55, 1150.60, 1171.52, 1176.40,  1156.1,  73,  GPS,  174.0, 109.10, 114.30, 118.400, 124.575,       ,       ,  23.86, -72.6,       ,       ,    3.5,       ,      ,       ,      ,      , -535.4, 3DDiff, 3704,      ,     11,  16.5,     18
2012-10-17, 12:52:15,  -05:00,       ,   47.9518738,  -97.1422882,  1232.6, 29.09,  1234.1,   8.0,  72.02,  56.14, -432.25,  -3.77,  10.01,   0.02,   0.11, 277.2, 267.1,  27.3,  27.3,   1.3,  -0.0,  21.44,  24.00,     4.95,  138.96,   66.90, 1638.1,  276.43,  278.09,  287.26,  281.60, 1165.03, 1149.07, 1171.01, 1175.08,  1146.0,  74,  GPS,  174.0, 109.10, 114.30, 118.400, 124.575,       ,       ,  23.98, -71.5,       ,       ,    3.5,       ,      ,       ,      ,      , -590.6, 3DDiff, 3704,      ,     11,  16.5,     18
2012-10-17, 12:52:16,  -05:00,       ,   47.9518929,  -97.1426849,  1212.6, 29.09,  1224.3,   8.0,  68.63,  56.21, -652.83,  -3.60,   2.10,   0.09,  -0.00, 281.2, 271.6,  27.4,  27.4,   1.3,  -0.0,  21.37,  24.00,     4.97,  139.00,   66.99, 1637.0,  275.90,  277.50,  286.78,  281.07, 1164.94, 1148.50, 1170.19, 1173.72,  1136.3,  70,  GPS,  174.0, 109.10, 114.30, 118.400, 124.575,       ,       ,  24.06, -70.2,       ,       ,    3.5,       ,      ,       ,      ,      , -570.9, 3DDiff, 3704,      ,     11,  17.0,     18
2012-10-17, 12:52:17,  -05:00,       ,   47.9519234,  -97.1430664,  1205.6, 29.09,  1214.4,   8.0,  69.58,  56.51, -708.95,  -3.31,   1.34,  -0.03,  -0.00, 278.0, 273.3,  27.4,  27.4,   1.4,  -0.0,  21.27,  24.00,     4.94,  139.04,   66.95, 1634.0,  275.40,  276.99,  286.26,  280.63, 1165.57, 1146.84, 1169.56, 1171.75,  1126.3,  71,  GPS,  174.0, 109.10, 114.30, 118.400, 124.575,       ,       ,  24.10, -69.0,       ,       ,    3.5,       ,      ,       ,      ,      , -610.2, 3DDiff, 3704,      ,     11,  16.5,     18
2012-10-17, 12:52:18,  -05:00,       ,   47.9519539,  -97.1434326,  1206.6, 29.09,  1205.1,   8.0,  72.06,  56.64, -446.89,  -3.05,   0.19,  -0.04,  -0.02, 276.7, 273.6,  27.4,  27.4,   1.3,  -0.0,  21.27,  24.00,     4.97,  139.06,   67.13, 1640.7,  274.90,  276.49,  285.82,  280.10, 1165.46, 1145.99, 1168.45, 1170.23,  1117.0,  74,  GPS,  174.0, 109.10, 114.30, 118.400, 124.575,       ,       ,  24.08, -67.7,       ,       ,    3.5,       ,      ,       ,      ,      , -622.0, 3DDiff, 3704,      ,     11,  16.5,     18
2012-10-17, 12:52:19,  -05:00,       ,   47.9519882,  -97.1438370,  1195.6, 29.09,  1195.6,   8.0,  71.56,  56.70, -402.97,  -2.26,   2.45,   0.03,  -0.05, 279.1, 273.5,  27.3,  27.4,   1.4,   0.0,  21.32,  24.00,     5.06,  139.10,   67.22, 1651.7,  274.35,  275.93,  285.31,  279.54, 1164.72, 1144.75, 1166.30, 1168.14,  1107.6,  73,  GPS,  174.0, 109.10, 114.30, 118.400, 124.575,       ,       ,  24.01, -66.6,       ,       ,    3.5,       ,      ,       ,      ,      , -590.6, 3DDiff, 3704,      ,     10,  16.5,     18
2012-10-17, 12:52:20,  -05:00,       ,   47.9520226,  -97.1442261,  1180.6, 29.09,  1186.7,   8.0,  72.80,  56.66, -569.69,  -2.41,  -0.73,  -0.00,   0.07, 280.1, 274.2,  27.3,  27.3,   1.3,  -0.0,  21.37,  24.00,     5.52,  139.13,   67.64, 1674.2,  273.84,  275.42,  284.83,  279.06, 1165.71, 1143.86, 1165.97, 1166.67,  1098.7,  75,  GPS,  174.0, 109.10, 114.30, 118.400, 124.575,       ,       ,  23.89, -65.5,       ,       ,    3.5,       ,      ,       ,      ,      , -547.2, 3DDiff, 3704,      ,     10,  16.5,     18
2012-10-17, 12:52:21,  -05:00,       ,   47.9520607,  -97.1446075,  1172.6, 29.09,  1179.9,   8.0,  71.55,  56.72, -591.74,  -2.09,  -4.10,   0.00,  -0.01, 279.9, 274.0,  27.3,  27.4,   1.6,   0.1,  21.37,  24.00,     5.64,  139.15,   67.97, 1699.9,  273.38,  274.93,  284.36,  278.59, 1166.51, 1142.59, 1165.56, 1164.00,  1091.8,  73,  GPS,  174.0, 109.10, 114.30, 118.400, 124.575,       ,       ,  23.73, -64.6,       ,       ,    3.5,       ,      ,       ,      ,      , -429.1, 3DDiff, 3704,      ,     11,  16.5,     18
2012-10-17, 12:52:22,  -05:00,       ,   47.9520912,  -97.1450043,  1164.6, 29.09,  1171.9,   8.0,  69.24,  56.80, -566.01,  -1.81,  -0.51,  -0.03,   0.12, 276.7, 273.4,  27.4,  27.4,   1.4,   0.0,  21.32,  24.00,     5.77,  139.17,   68.05, 1695.6,  272.90,  274.44,  283.86,  278.12, 1168.01, 1141.26, 1164.07, 1161.77,  1083.9,  71,  GPS,  174.0, 109.10, 114.30, 118.400, 124.575,       ,       ,  23.55, -63.7,       ,       ,    3.5,       ,      ,       ,      ,      , -468.5, 3DDiff, 3704,      ,     11,  16.5,     18
2012-10-17, 12:52:23,  -05:00,       ,   47.9521217,  -97.1454315,  1159.6, 29.09,  1161.7,   8.0,  70.13,  56.84, -474.45,  -1.20,  -0.19,  -0.05,  -0.00, 274.4, 273.2,  27.4,  27.5,   1.4,  -0.0,  21.27,  24.00,     5.83,  139.18,   67.95, 1698.0,  272.44,  273.92,  283.49,  277.70, 1166.95, 1140.57, 1162.96, 1160.39,  1073.7,  72,  GPS,  174.0, 109.10, 114.30, 118.400, 124.575,       ,       ,  23.09, -62.3,       ,       ,    3.5,       ,      ,       ,      ,      , -464.6, 3DDiff, 3704,      ,     11,  16.5,     18
2012-10-17, 12:52:25,  -05:00,       ,   47.9521751,  -97.1461639,  1138.6, 29.09,  1147.3,   8.0,  68.37,  56.45, -533.55,  -1.09,  -0.08,   0.04,  -0.00, 278.4, 272.2,  27.4,  27.4,   1.3,   0.0,  21.32,  24.00,     6.21,  139.21,   68.11, 1714.4,  271.52,  273.02,  282.63,  276.77, 1167.28, 1140.80, 1160.89, 1157.60,  1059.3,  70,  GPS,  174.0, 109.10, 114.30, 118.400, 124.575,       ,       ,  22.80, -61.8,       ,       ,    3.5,       ,      ,       ,      ,      , -409.4, 3DDiff, 3704,      ,     11,  16.0,     18
2012-10-17, 12:52:26,  -05:00,       ,   47.9522018,  -97.1465454,  1131.6, 29.09,  1141.1,   8.0,  68.07,  56.51, -580.19,  -1.45,   2.16,  -0.05,   0.10, 275.3, 272.7,  27.4,  27.5,   1.4,  -0.1,  21.25,  24.00,     6.32,  139.22,   68.62, 1730.0,  271.03,  272.54,  282.23,  276.32, 1167.22, 1141.48, 1158.96, 1157.67,  1053.0,  70,  GPS,  174.0, 109.10, 114.30, 118.400, 124.575,       ,       ,  22.49, -61.4,       ,       ,    3.5,       ,      ,       ,      ,      , -374.0, 3DDiff, 3704,      ,     11,  16.0,     18
2012-10-17, 12:52:27,  -05:00,       ,   47.9522324,  -97.1469345,  1131.6, 29.09,  1135.9,   8.0,  69.91,  56.66, -392.33,  -1.15,   2.01,   0.00,  -0.07, 275.4, 273.1,  27.4,  27.5,   1.4,   0.0,  21.25,  24.00,     6.40,  139.24,   68.63, 1730.1,  270.62,  272.10,  281.81,  275.90, 1167.13, 1141.87, 1158.48, 1157.70,  1047.8,  71,  GPS,  174.0, 109.10, 114.30, 118.400, 124.575,       ,       ,  22.16, -61.0,       ,       ,    3.5,       ,      ,       ,      ,      , -315.0, 3DDiff, 3704,      ,     11,  16.5,     18
2012-10-17, 12:52:28,  -05:00,       ,   47.9522629,  -97.1473160,  1125.6, 29.09,  1129.0,   8.0,  67.92,  56.64, -310.48,  -0.75,  -0.76,  -0.01,   0.06, 277.5, 273.3,  27.4,  27.4,   1.4,  -0.0,  21.27,  24.00,     6.36,  139.25,   68.50, 1723.7,  270.21,  271.73,  281.45,  275.54, 1167.55, 1142.21, 1159.65, 1157.31,  1040.9,  69,  GPS,  174.0, 109.10, 114.30, 118.400, 124.575,       ,       ,  21.81, -60.8,       ,       ,    3.5,       ,      ,       ,      ,      , -389.8, 3DDiff, 3704,      ,     11,  16.5,     18
2012-10-17, 12:52:29,  -05:00,       ,   47.9522972,  -97.1477280,  1112.6, 29.09,  1123.7,   8.2,  67.86,  56.84, -434.58,  -1.08,  -1.11,   0.01,   0.04, 278.0, 273.2,  27.4,  27.4,   1.4,   0.0,  21.32,  24.00,     6.37,  139.26,   68.52, 1725.1,  269.81,  271.24,  281.10,  275.09, 1169.18, 1143.09, 1159.93, 1156.34,  1035.6,  69,  GPS,  174.0, 109.10, 114.30, 118.400, 124.575,       ,       ,  21.43, -60.6,       ,       ,    3.5,       ,      ,       ,      ,      , -346.5, 3DDiff, 3704,      ,     11,  16.5,     18
2012-10-17, 12:52:30,  -05:00,       ,   47.9523239,  -97.1480865,  1106.6, 29.09,  1120.1,   8.2,  66.86,  57.13, -481.75,  -0.82,  -3.02,  -0.02,   0.10, 275.4, 272.9,  27.4,  27.4,   1.4,  -0.1,  21.25,  24.00,     6.43,  139.27,   68.61, 1726.0,  269.33,  270.79,  280.55,  274.63, 1168.98, 1143.98, 1159.69, 1155.14,  1032.0,  68,  GPS,  174.0, 109.10, 114.30, 118.400, 124.575,       ,       ,  21.04, -60.4,       ,       ,    3.5,       ,      ,       ,      ,      , -303.1, 3DDiff, 3704,      ,     11,  16.5,     18
2012-10-17, 12:52:31,  -05:00,       ,   47.9523506,  -97.1484909,  1103.6, 29.09,  1115.7,   8.2,  67.70,  57.32, -376.56,  -1.48,  -2.88,   0.01,   0.05, 272.8, 272.1,  27.4,  27.4,   1.3,  -0.0,  21.20,  24.00,     6.39,  139.28,   68.53, 1722.7,  268.90,  270.41,  280.21,  274.22, 1169.54, 1143.76, 1159.78, 1154.45,  1027.6,  69,  GPS,  174.0, 109.10, 114.30, 118.400, 124.575,       ,       ,  20.62, -60.3,       ,       ,    3.5,       ,      ,       ,      ,      , -299.2, 3DDiff, 3704,      ,     11,  16.0,     18
2012-10-17, 12:52:32,  -05:00,       ,   47.9523697,  -97.1488953,  1102.6, 29.09,  1111.6,   8.2,  69.15,  57.58, -261.60,  -1.36,  -3.74,  -0.02,  -0.03, 270.2, 270.7,  27.5,  27.5,   1.4,   0.1,  21.20,  24.00,     6.40,  139.29,   68.42, 1727.8,  268.55,  270.02,  279.92,  273.88, 1170.32, 1144.28, 1160.28, 1154.41,  1023.6,  71,  GPS,  174.0, 109.10, 114.30, 118.400, 124.575,       ,       ,  20.18, -60.3,       ,       ,    3.5,       ,      ,       ,      ,      , -255.9, 3DDiff, 3704,      ,     11,  16.5,     18
2012-10-17, 12:52:33,  -05:00,       ,   47.9523811,  -97.1492844,  1102.6, 29.09,  1106.7,   8.2,  69.62,  57.67, -131.87,  -1.34,  -0.85,  -0.01,  -0.04, 269.8, 269.1,  27.4,  27.4,   1.4,   0.0,  21.25,  24.00,     6.38,  139.31,   68.48, 1729.9,  268.14,  269.68,  279.57,  273.46, 1170.67, 1144.34, 1161.77, 1153.29,  1018.6,  71,  GPS,  174.0, 109.10, 114.30, 118.400, 124.575,       ,       ,  19.74, -60.4,       ,       ,    3.5,       ,      ,       ,      ,      , -303.1, 3DDiff, 3704,      ,     11,  16.5,     18
2012-10-17, 12:52:34,  -05:00,       ,   47.9523888,  -97.1496887,  1096.6, 29.09,  1100.7,   8.2,  68.73,  57.85, -153.38,  -1.21,  -2.80,  -0.04,   0.05, 270.9, 267.9,  27.4,  27.5,   1.4,   0.0,  21.27,  24.00,     6.35,  139.32,   68.56, 1722.7,  267.71,  269.26,  279.12,  273.05, 1169.45, 1144.40, 1163.35, 1153.05,  1012.6,  70,  GPS,  174.0, 109.10, 114.30, 118.400, 124.575,       ,       ,  19.30, -60.8,       ,       ,    3.5,       ,      ,       ,      ,      , -354.3, 3DDiff, 3704,      ,     11,  16.5,     18
2012-10-17, 12:52:35,  -05:00,       ,   47.9523926,  -97.1500854,  1086.6, 29.09,  1094.1,   8.2,  67.02,  58.18, -318.35,  -0.58,   0.51,  -0.02,   0.01, 271.1, 267.0,  27.4,  27.4,   1.2,  -0.0,  21.25,  24.00,     6.41,  139.32,   68.64, 1724.4,  267.29,  268.82,  278.75,  272.65, 1169.22, 1145.61, 1163.82, 1152.73,  1006.0,  69,  GPS,  174.0, 109.10, 114.30, 118.400, 124.575,       ,       ,  18.86, -61.2,       ,       ,    3.5,       ,      ,       ,      ,      , -370.1, 3DDiff, 3704,      ,     11,  16.5,     18
2012-10-17, 12:52:36,  -05:00,       ,   47.9523926,  -97.1505051,  1082.6, 29.09,  1088.3,   8.2,  69.60,  58.39, -346.31,  -0.58,   0.90,  -0.06,  -0.02, 271.0, 266.7,  27.4,  27.5,   1.3,  -0.0,  21.32,  24.00,     6.38,  139.33,   68.66, 1726.5,  266.96,  268.44,  278.40,  272.27, 1169.23, 1146.14, 1163.83, 1152.95,  1000.2,  71,  GPS,  174.0, 109.10, 114.30, 118.400, 124.575,       ,       ,  18.42, -61.7,       ,       ,    3.5,       ,      ,       ,      ,      , -291.3, 3DDiff, 3704,      ,     11,  16.5,     18
2012-10-17, 12:52:37,  -05:00,       ,   47.9523926,  -97.1508865,  1078.6, 29.09,  1083.1,   8.2,  68.87,  58.39, -291.93,  -3.16,   4.25,   0.04,  -0.03, 274.0, 266.5,  27.5,  27.6,   1.8,   0.2,  21.44,  24.00,     6.34,  139.35,   68.70, 1723.7,  266.58,  268.08,  278.10,  271.94, 1170.35, 1146.67, 1164.32, 1152.71,   995.1,  70,  GPS,  174.0, 109.10, 114.30, 118.400, 124.575,       ,       ,  17.99, -62.1,       ,       ,    3.5,       ,      ,       ,      ,      , -267.7, 3DDiff, 3704,      ,     11,  16.0,     18
2012-10-17, 12:52:38,  -05:00,       ,   47.9523964,  -97.1512985,  1064.6, 29.09,  1077.4,   8.2,  68.05,  58.70, -453.06,  -2.57,  -3.14,   0.00,  -0.03, 274.3, 267.4,  27.6,  27.6,   1.5,   0.0,  21.47,  23.94,     6.31,  139.36,   68.65, 1724.3,  266.19,  267.76,  277.78,  271.57, 1171.38, 1146.62, 1164.78, 1151.91,   989.3,  70,  GPS,  174.0, 109.10, 114.30, 118.400, 124.575,       ,       ,  17.57, -62.5,       ,       ,    3.5,       ,      ,       ,      ,      , -318.9, 3DDiff, 3704,      ,     11,  16.0,     18
2012-10-17, 12:52:39,  -05:00,       ,   47.9524040,  -97.1517029,  1061.6, 29.09,  1068.9,   8.2,  68.45,  58.74, -434.07,  -1.97,  -3.10,  -0.04,  -0.03, 271.9, 267.5,  27.3,  27.4,   1.3,  -0.0,  21.37,  24.00,     6.37,  139.37,   68.42, 1723.6,  265.93,  267.42,  277.50,  271.28, 1171.47, 1147.10, 1164.09, 1151.55,   980.9,  70,  GPS,  174.0, 109.10, 114.30, 118.400, 124.575,       ,       ,  17.18, -62.8,       ,       ,    3.5,       ,      ,       ,      ,      , -468.5, 3DDiff, 3704,      ,     11,  16.0,     19
2012-10-17, 12:52:40,  -05:00,       ,   47.9524002,  -97.1521072,  1055.6, 29.09,  1058.8,   8.2,  69.60,  58.57, -376.68,  -1.58,  -3.83,  -0.04,   0.13, 269.8, 266.1,  27.4,  27.5,   1.4,  -0.1,  21.37,  24.00,     6.40,  139.38,   68.47, 1728.6,  265.55,  267.12,  277.15,  270.89, 1171.56, 1147.76, 1163.90, 1151.44,   970.7,  71,  GPS,  174.0, 109.10, 114.30, 118.400, 124.575,       ,       ,  16.81, -63.0,       ,       ,    3.5,       ,      ,       ,      ,      , -578.7, 3DDiff, 3704,      ,     11,  16.5,     19
2012-10-17, 12:52:41,  -05:00,       ,   47.9523926,  -97.1525116,  1044.6, 29.09,  1051.9,   8.2,  68.69,  58.55, -481.53,  -1.76,  -1.22,  -0.07,   0.02, 268.2, 265.0,  27.4,  27.4,   1.3,  -0.0,  21.37,  24.00,     6.33,  139.40,   68.43, 1721.8,  265.20,  266.76,  276.85,  270.55, 1171.98, 1147.99, 1165.06, 1153.37,   963.8,  70,  GPS,  174.0, 109.10, 114.30, 118.400, 124.575,       ,       ,  16.45, -63.1,       ,       ,    3.5,       ,      ,       ,      ,      , -444.9, 3DDiff, 3704,      ,     11,  16.5,     19
2012-10-17, 12:52:42,  -05:00,       ,   47.9523811,  -97.1529160,  1040.6, 29.09,  1046.5,   8.2,  70.01,  58.43, -427.54,  -1.68,   0.55,  -0.07,   0.03, 268.0, 264.4,  27.4,  27.4,   1.4,   0.0,  21.44,  24.00,     6.39,  139.41,   68.52, 1724.5,  264.93,  266.46,  276.60,  270.26, 1172.19, 1146.66, 1166.90, 1154.71,   958.4,  72,  GPS,  174.0, 109.10, 114.30, 118.400, 124.575,       ,       ,  16.10, -63.3,       ,       ,    3.5,       ,      ,       ,      ,      , -389.8, 3DDiff, 3704,      ,     11,  16.0,     19
2012-10-17, 12:52:43,  -05:00,       ,   47.9523697,  -97.1533127,  1037.6, 29.09,  1042.1,   8.2,  71.67,  58.18, -327.60,  -0.91,   0.93,   0.02,   0.14, 271.0, 263.9,  27.3,  27.3,   1.3,  -0.0,  21.56,  24.00,     6.36,  139.42,   68.52, 1730.5,  264.53,  266.12,  276.27,  269.89, 1172.36, 1145.64, 1167.42, 1154.57,   954.1,  73,  GPS,  174.0, 109.10, 114.30, 118.400, 124.575,       ,       ,  15.77, -63.5,       ,       ,    3.5,       ,      ,       ,      ,      , -342.5, 3DDiff, 3704,      ,     11,  16.0,     18
2012-10-17, 12:52:44,  -05:00,       ,   47.9523582,  -97.1537170,  1025.6, 29.09,  1037.5,   8.5,  70.60,  57.67, -443.69,  -1.31,   4.21,  -0.01,  -0.07, 271.0, 264.5,  27.4,  27.4,   1.4,   0.1,  21.47,  24.00,     6.40,  139.43,   68.69, 1736.7,  264.21,  265.79,  275.94,  269.56, 1172.90, 1145.24, 1168.80, 1154.34,   949.5,  72,  GPS,  174.0, 109.10, 114.30, 118.400, 124.575,       ,       ,  15.46, -63.7,       ,       ,    3.5,       ,      ,       ,      ,      , -291.3, 3DDiff, 3704,      ,     11,  16.0,     18
2012-10-17, 12:52:45,  -05:00,       ,   47.9523544,  -97.1540833,  1024.6, 29.09,  1032.8,   8.5,  70.41,  56.97, -341.43,  -0.76,   3.68,   0.01,   0.01, 271.3, 265.5,  27.5,  27.5,   1.2,  -0.0,  21.44,  24.00,     6.35,  139.43,   68.60, 1734.4,  263.88,  265.50,  275.68,  269.24, 1172.26, 1145.71, 1168.53, 1153.98,   944.8,  72,  GPS,  174.0, 109.10, 114.30, 118.400, 124.575,       ,       ,  15.20, -63.9,       ,       ,    3.5,       ,      ,       ,      ,      , -307.1, 3DDiff, 3704,      ,     11,  16.0,     18
2012-10-17, 12:52:46,  -05:00,       ,   47.9523544,  -97.1544800,  1016.6, 29.09,  1027.7,   8.5,  68.85,  56.37, -353.61,  -1.33,   1.01,   0.01,  -0.03, 272.7, 266.4,  27.4,  27.5,   1.4,   0.1,  21.52,  24.00,     6.31,  139.44,   68.48, 1727.9,  263.49,  265.09,  275.33,  268.85, 1172.19, 1146.17, 1170.38, 1154.35,   939.7,  70,  GPS,  174.0, 109.10, 114.30, 118.400, 124.575,       ,       ,  14.99, -64.1,       ,       ,    3.5,       ,      ,       ,      ,      , -307.1, 3DDiff, 3704,      ,     11,  16.5,     19
2012-10-17, 12:52:47,  -05:00,       ,   47.9523544,  -97.1548691,  1010.6, 29.09,  1021.9,   8.5,  69.15,  55.94, -364.43,  -1.05,  -1.37,   0.03,   0.03, 272.7, 266.6,  27.5,  27.6,   1.6,   0.1,  21.47,  24.00,     6.40,  139.44,   68.64, 1728.2,  263.23,  264.86,  275.11,  268.59, 1172.29, 1147.42, 1171.06, 1154.15,   933.8,  71,  GPS,  174.0, 109.10, 114.30, 118.400, 124.575,       ,       ,  14.81, -64.2,       ,       ,    3.5,       ,      ,       ,      ,      , -315.0, 3DDiff, 3704,      ,     11,  16.5,     19
2012-10-17, 12:52:48,  -05:00,       ,   47.9523544,  -97.1552505,  1005.6, 29.09,  1016.7,   8.5,  67.32,  55.65, -350.95,  -0.42,   1.82,  -0.03,   0.05, 271.4, 266.3,  27.5,  27.5,   1.3,  -0.0,  21.47,  24.00,     6.39,  139.43,   68.53, 1723.2,  262.93,  264.58,  274.81,  268.29, 1171.15, 1147.71, 1169.98, 1153.96,   928.6,  69,  GPS,  174.0, 109.10, 114.30, 118.400, 124.575,       ,       ,  14.65, -64.3,       ,       ,    3.5,       ,      ,       ,      ,      , -255.9, 3DDiff, 3704,      ,     11,  16.0,     19
2012-10-17, 12:52:49,  -05:00,       ,   47.9523506,  -97.1556396,  1004.6, 29.09,  1011.1,   8.5,  67.64,  55.20, -243.90,  -0.75,   1.74,  -0.01,  -0.04, 272.1, 266.1,  27.4,  27.4,   1.4,  -0.1,  21.47,  24.00,     6.39,  139.43,   68.37, 1716.6,  262.64,  264.27,  274.51,  268.01, 1169.44, 1147.61, 1169.14, 1154.83,   923.0,  69,  GPS,  174.0, 109.10, 114.30, 118.400, 124.575,       ,       ,  14.53, -64.4,       ,       ,    3.5,       ,      ,       ,      ,      , -244.1, 3DDiff, 3704,      ,     11,  16.0,     18
2012-10-17, 12:52:50,  -05:00,       ,   47.9523506,  -97.1560135,   997.6, 29.09,  1006.1,   8.5,  66.11,  54.76, -256.63,  -0.26,   2.49,  -0.00,  -0.01, 273.3, 266.5,  27.4,  27.4,   1.2,  -0.0,  21.56,  23.94,     6.26,  139.42,   68.28, 1711.6,  262.32,  264.01,  274.30,  267.67, 1169.82, 1147.46, 1169.09, 1154.72,   918.0,  68,  GPS,  174.0, 109.10, 114.30, 118.400, 124.575,       ,       ,  14.43, -64.5,       ,       ,    3.5,       ,      ,       ,      ,      , -279.5, 3DDiff, 3704,      ,     11,  16.0,     18
2012-10-17, 12:52:51,  -05:00,       ,   47.9523582,  -97.1563797,   991.6, 29.09,  1000.9,   8.5,  65.91,  54.35, -314.89,  -0.30,   2.10,   0.00,   0.02, 272.9, 267.3,  27.4,  27.4,   1.4,   0.1,  21.56,  23.94,     6.41,  139.41,   68.30, 1712.5,  262.02,  263.71,  274.01,  267.41, 1170.97, 1147.60, 1168.18, 1153.31,   912.8,  67,  GPS,  174.0, 109.10, 114.30, 118.400, 124.575,       ,       ,  14.34, -64.5,       ,       ,    3.5,       ,      ,       ,      ,      , -295.3, 3DDiff, 3704,      ,     11,  16.0,     18
2012-10-17, 12:52:52,  -05:00,       ,   47.9523621,  -97.1567612,   988.6, 29.09,   995.9,   8.5,  65.56,  54.02, -292.53,  -0.44,   3.49,   0.02,  -0.09, 273.2, 267.8,  27.4,  27.5,   1.4,   0.0,  21.56,  23.94,     6.35,  139.40,   68.24, 1703.4,  261.82,  263.46,  273.83,  267.19, 1170.20, 1148.90, 1166.65, 1152.77,   907.9,  67,  GPS,  174.0, 109.10, 114.30, 118.400, 124.575,       ,       ,  14.27, -64.4,       ,       ,    3.5,       ,      ,       ,      ,      , -275.6, 3DDiff, 3704,      ,     11,  16.5,     19
2012-10-17, 12:52:53,  -05:00,       ,   47.9523697,  -97.1571350,   980.6, 29.09,   991.5,   8.5,  64.16,  53.69, -322.90,   0.00,  -0.02,   0.01,   0.00, 273.3, 268.3,  27.4,  27.5,   1.4,   0.0,  21.59,  23.94,     6.45,  139.39,   68.28, 1704.5,  261.44,  263.17,  273.52,  266.82, 1169.32, 1149.42, 1166.60, 1152.73,   903.4,  65,  GPS,  174.0, 109.10, 114.30, 118.400, 124.575,       ,       ,  14.20, -64.4,       ,       ,    3.5,       ,      ,       ,      ,      , -291.3, 3DDiff, 3704,      ,     11,  16.5,     19
2012-10-17, 12:52:54,  -05:00,       ,   47.9523773,  -97.1574936,   976.6, 29.09,   989.8,   8.5,  64.87,  53.59, -340.00,   0.16,   0.92,  -0.05,  -0.08, 271.8, 268.4,  27.4,  27.4,   1.4,  -0.0,  21.44,  24.00,     6.34,  139.38,   68.24, 1701.3,  261.17,  262.90,  273.24,  266.54, 1168.96, 1149.98, 1165.43, 1151.24,   901.7,  66,  GPS,  174.0, 109.10, 114.30, 118.400, 124.575,       ,       ,  14.14, -64.3,       ,       ,    3.5,       ,      ,       ,      ,      , -177.2, 3DDiff, 3704,      ,     11,  16.0,     19
2012-10-17, 12:52:55,  -05:00,       ,   47.9523849,  -97.1578598,   978.6, 29.09,   987.6,   8.5,  64.50,  53.14, -172.38,   0.90,   0.86,  -0.04,   0.01, 273.3, 268.2,  27.5,  27.5,   1.3,  -0.0,  21.47,  24.00,     6.36,  139.36,   68.13, 1694.8,  260.95,  262.67,  273.08,  266.32, 1168.69, 1150.12, 1163.77, 1150.47,   899.5,  66,  GPS,  174.0, 109.10, 114.30, 118.400, 124.575,       ,       ,  14.08, -64.3,       ,       ,    3.5,       ,      ,       ,      ,      , -228.3, 3DDiff, 3704,      ,     11,  16.0,     18
2012-10-17, 12:52:56,  -05:00,       ,   47.9523926,  -97.1582260,   970.6, 29.09,   984.0,   8.8,  62.11,  52.81, -227.06,  -0.38,  -3.20,   0.05,  -0.02, 275.6, 268.0,  27.5,  27.5,   1.5,   0.0,  21.47,  24.00,     6.39,  139.35,   68.20, 1693.0,  260.70,  262.45,  272.84,  266.06, 1169.76, 1149.78, 1163.23, 1151.45,   896.0,  63,  GPS,  174.0, 109.10, 114.30, 118.400, 124.575,       ,       ,  14.02, -64.2,       ,       ,    3.5,       ,      ,       ,      ,      , -224.4, 3DDiff, 3704,      ,     11,  16.0,     18
2012-10-17, 12:52:57,  -05:00,       ,   47.9523964,  -97.1585846,   963.6, 29.09,   978.5,   8.8,  62.72,  52.72, -311.31,   0.07,  -2.04,  -0.00,   0.01, 273.2, 267.3,  27.4,  27.5,   1.4,   0.0,  21.37,  24.00,     6.35,  139.33,   68.16, 1693.7,  260.37,  262.13,  272.53,  265.75, 1168.51, 1149.26, 1164.09, 1150.76,   890.5,  64,  GPS,  174.0, 109.10, 114.30, 118.400, 124.575,       ,       ,  13.96, -64.1,       ,       ,    3.5,       ,      ,       ,      ,      , -322.8, 3DDiff, 3704,      ,     11,  16.0,     18
2012-10-17, 12:52:58,  -05:00,       ,   47.9523964,  -97.1589584,   960.6, 29.09,   973.6,   8.8,  62.94,  52.75, -300.63,  -0.45,  -0.42,  -0.03,  -0.02, 270.2, 266.3,  27.4,  27.4,   1.4,  -0.0,  21.37,  24.00,     6.31,  139.31,   68.15, 1696.3,  260.10,  261.85,  272.26,  265.48, 1168.06, 1148.54, 1162.97, 1149.24,   885.5,  64,  GPS,  174.0, 109.10, 114.30, 118.400, 124.575,       ,       ,  13.90, -64.0,       ,       ,    3.5,       ,      ,       ,      ,      , -303.1, 3DDiff, 3704,      ,     11,  16.5,     19
2012-10-17, 12:52:59,  -05:00,       ,   47.9523926,  -97.1593094,   960.6, 29.09,   968.2,   8.8,  64.17,  52.68, -203.16,  -0.24,   0.51,  -0.03,   0.03, 269.0, 265.7,  27.4,  27.5,   1.4,  -0.0,  21.44,  24.00,     6.34,  139.29,   68.22, 1696.2,  259.88,  261.64,  272.12,  265.28, 1167.97, 1148.04, 1161.35, 1148.90,   880.2,  66,  GPS,  174.0, 109.10, 114.30, 118.400, 124.575,       ,       ,  13.77, -63.7,       ,       ,    3.5,       ,      ,       ,      ,      , -315.0, 3DDiff, 3704,      ,     11,  16.5,     19
2012-10-17, 12:53:00,  -05:00,       ,   47.9523849,  -97.1596603,   953.6, 29.09,   961.5,   8.8,  64.00,  52.58, -221.60,  -0.41,   0.75,  -0.03,  -0.02, 270.2, 265.3,  27.4,  27.5,   1.3,   0.0,  21.52,  24.00,     6.37,  139.26,   68.36, 1700.5,  259.63,  261.43,  271.90,  265.02, 1166.90, 1147.50, 1159.99, 1149.17,   873.4,  65,  GPS,  174.0, 109.10, 114.30, 118.400, 124.575,       ,       ,  13.77, -63.7,       ,       ,    3.5,       ,      ,       ,      ,      , -346.5, 3DDiff, 3704,      ,     11,  16.0,     19
2012-10-17, 12:53:01,  -05:00,       ,   47.9523811,  -97.1600342,   951.6, 29.09,   953.8,   8.8,  63.43,  52.56, -218.35,   0.35,   2.66,  -0.02,  -0.04, 270.6, 265.5,  27.4,  27.4,   1.4,   0.0,  21.56,  23.94,     6.37,  139.24,   68.22, 1693.4,  259.41,  261.19,  271.67,  264.76, 1167.75, 1147.33, 1160.12, 1149.69,   865.8,  65,  GPS,  174.0, 109.10, 114.30, 118.400, 124.575,       ,       ,  13.71, -63.7,       ,       ,    3.5,       ,      ,       ,      ,      , -346.5, 3DDiff, 3704,      ,     10,  16.0,     18
2012-10-17, 12:53:02,  -05:00,       ,   47.9523773,  -97.1604004,   951.6, 29.09,   947.9,   8.8,  64.86,  52.44, -147.71,   0.36,   3.23,   0.02,   0.04, 271.0, 266.0,  27.4,  27.5,   1.4,   0.0,  21.52,  23.94,     6.34,  139.22,   68.23, 1690.6,  259.13,  260.96,  271.49,  264.52, 1169.65, 1147.04, 1160.65, 1150.05,   859.8,  66,  GPS,  174.0, 109.10, 114.30, 118.400, 124.575,       ,       ,  13.66, -63.7,       ,       ,    3.5,       ,      ,       ,      ,      , -346.5, 3DDiff, 3704,      ,     11,  16.0,     18
2012-10-17, 12:53:03,  -05:00,       ,   47.9523811,  -97.1607590,   952.6, 29.09,   942.3,   8.8,  62.79,  52.56,  -75.00,   0.13,   1.66,  -0.07,   0.07, 269.9, 266.5,  27.4,  27.5,   1.4,   0.0,  21.44,  24.00,     6.40,  139.20,   68.15, 1684.8,  258.93,  260.71,  271.23,  264.32, 1170.02, 1146.53, 1161.42, 1151.18,   854.2,  64,  GPS,  174.0, 109.10, 114.30, 118.400, 124.575,       ,       ,  13.62, -63.8,       ,       ,    3.5,       ,      ,       ,      ,      , -326.8, 3DDiff, 3704,      ,     11,  16.0,     18
2012-10-17, 12:53:04,  -05:00,       ,   47.9523811,  -97.1611252,   950.6, 29.09,   936.6,   8.8,  65.95,  52.81,  -40.66,   1.11,   1.97,  -0.02,   0.01, 270.4, 266.6,  27.4,  27.5,   1.3,   0.0,  21.47,  24.00,     6.40,  139.19,   68.19, 1688.5,  258.69,  260.51,  271.08,  264.08, 1170.01, 1146.30, 1162.47, 1150.96,   848.5,  67,  GPS,  174.0, 109.10, 114.30, 118.400, 124.575,       ,       ,  13.59, -63.8,       ,       ,    3.5,       ,      ,       ,      ,      , -307.1, 3DDiff, 3704,      ,     10,  14.0,     18
2012-10-17, 12:53:05,  -05:00,       ,   47.9523811,  -97.1614838,   938.6, 29.09,   931.6,   8.8,  63.66,  52.58, -183.38,   0.71,   0.48,  -0.02,   0.03, 272.0, 266.6,  27.5,  27.5,   1.3,   0.0,  21.52,  23.94,     6.54,  139.17,   68.21, 1698.5,  258.46,  260.30,  270.87,  263.86, 1169.43, 1146.37, 1163.36, 1149.89,   843.5,  65,  GPS,  174.0, 109.10, 114.30, 118.400, 124.575,       ,       ,  13.55, -63.9,       ,       ,    3.5,       ,      ,       ,      ,      , -291.3, 3DDiff, 3704,      ,     10,  13.5,     18
2012-10-17, 12:53:06,  -05:00,       ,   47.9523811,  -97.1618500,   918.6, 29.09,   927.7,   8.8,  62.06,  52.44, -617.63,  -0.05,   0.55,   0.01,  -0.02, 272.5, 266.6,  27.4,  27.4,   1.4,   0.0,  21.52,  23.87,     6.57,  139.16,   68.62, 1709.6,  258.26,  260.13,  270.66,  263.63, 1169.84, 1146.24, 1163.84, 1149.41,   839.8,  63,  GPS,  174.0, 109.10, 114.30, 118.400, 124.575,       ,       ,  13.51, -64.1,       ,       ,    3.5,       ,      ,       ,      ,      , -287.4, 3DDiff, 3704,      ,     10,  13.5,     18
2012-10-17, 12:53:07,  -05:00,       ,   47.9523811,  -97.1622238,   909.6, 29.09,   923.6,   8.8,  57.56,  52.62, -714.52,   0.07,   3.01,  -0.03,  -0.03, 270.8, 266.9,  27.4,  27.4,   1.4,  -0.0,  21.56,  23.83,     6.77,  139.14,   68.49, 1706.5,  258.02,  259.87,  270.50,  263.40, 1169.32, 1146.52, 1163.72, 1149.63,   835.7,  59,  GPS,  174.0, 109.10, 114.30, 118.400, 124.575,       ,       ,  13.48, -64.2,       ,       ,    3.5,       ,      ,       ,      ,      , -330.7, 3DDiff, 3704,      ,     10,  13.5,     17
2012-10-17, 12:53:08,  -05:00,       ,   47.9523888,  -97.1625595,   907.6, 29.09,   918.0,   9.0,  59.71,  53.03, -546.27,   1.04,   2.23,  -0.02,   0.12, 269.5, 267.3,  27.4,  27.4,   1.3,  -0.1,  21.52,  23.83,     7.14,  139.13,   68.75, 1722.4,  257.84,  259.72,  270.30,  263.20, 1167.10, 1146.87, 1164.22, 1149.62,   830.1,  61,  GPS,  174.0, 109.10, 114.30, 118.400, 124.575,       ,       ,  13.42, -64.2,       ,       ,    3.5,       ,      ,       ,      ,      , -354.3, 3DDiff, 3704,      ,     10,  13.5,     17
2012-10-17, 12:53:09,  -05:00,       ,   47.9523926,  -97.1629486,   901.6, 29.09,   913.6,   9.0,  60.43,  53.32, -424.23,   1.00,  -0.03,  -0.00,   0.01, 270.6, 267.2,  27.5,  27.5,   1.3,  -0.0,  21.52,  23.77,     7.95,  139.13,   70.27, 1804.4,  257.60,  259.51,  270.13,  262.98, 1166.22, 1145.61, 1164.88, 1150.07,   825.7,  62,  GPS,  174.0, 109.10, 114.30, 118.400, 124.575,       ,       ,  13.32, -64.2,       ,       ,    3.5,       ,      ,       ,      ,      , -275.6, 3DDiff, 3704,      ,     10,  13.5,     17
2012-10-17, 12:53:10,  -05:00,       ,   47.9523926,  -97.1633072,   896.6, 29.09,   909.6,   9.0,  64.45,  53.42, -354.21,   2.74,   3.02,   0.00,   0.20, 270.2, 267.2,  27.4,  27.5,   1.5,   0.1,  21.52,  23.77,     8.17,  139.14,   71.17, 1880.6,  257.45,  259.33,  269.98,  262.77, 1165.50, 1144.96, 1165.54, 1152.53,   821.7,  66,  GPS,  174.0, 109.10, 114.30, 118.400, 124.575,       ,       ,  13.20, -64.2,       ,       ,    3.5,       ,      ,       ,      ,      , -248.0, 3DDiff, 3704,      ,     10,  13.5,     18
2012-10-17, 12:53:11,  -05:00,       ,   47.9524040,  -97.1636734,   893.6, 29.09,   909.1,   9.0,  62.19,  53.24, -295.87,   1.81,   1.22,  -0.03,  -0.01, 269.7, 267.8,  27.3,  27.4,   1.4,  -0.1,  21.56,  23.77,     8.25,  139.15,   71.32, 1902.0,  257.24,  259.17,  269.81,  262.58, 1165.27, 1146.86, 1168.15, 1156.55,   821.2,  63,  GPS,  174.0, 109.10, 114.30, 118.400, 124.575,       ,       ,  13.06, -64.3,       ,       ,    3.5,       ,      ,       ,      ,      , -47.2, 3DDiff, 3704,      ,     10,  13.5,     18
2012-10-17, 12:53:12,  -05:00,       ,   47.9524040,  -97.1640396,   894.6, 29.09,   908.2,   9.0,  63.70,  53.10, -170.13,   1.03,  -3.65,   0.02,   0.02, 272.4, 267.2,  27.3,  27.4,   1.3,  -0.0,  21.59,  23.77,     8.18,  139.18,   71.29, 1901.7,  257.05,  259.04,  269.69,  262.43, 1165.47, 1150.93, 1171.56, 1160.64,   820.3,  65,  GPS,  174.0, 109.10, 114.30, 118.400, 124.575,       ,       ,  12.93, -64.4,       ,       ,    3.5,       ,      ,       ,      ,      ,   3.9, 3DDiff, 3704,      ,     10,  13.5,     18
2012-10-17, 12:53:13,  -05:00,       ,   47.9524040,  -97.1644211,   888.6, 29.09,   905.4,   9.0,  61.67,  53.10, -186.24,   0.93,  -1.52,  -0.01,   0.05, 271.9, 266.3,  27.4,  27.4,   1.2,  -0.1,  21.52,  23.71,     8.10,  139.23,   71.32, 1899.3,  256.93,  258.89,  269.56,  262.28, 1166.10, 1154.27, 1174.29, 1163.67,   817.5,  63,  GPS,  174.0, 109.10, 114.30, 118.400, 124.575,       ,       ,  12.79, -64.6,       ,       ,    3.5,       ,      ,       ,      ,      , -74.8, 3DDiff, 3704,      ,     10,  13.5,     17
2012-10-17, 12:53:14,  -05:00,       ,   47.9524002,  -97.1647644,   891.6, 29.09,   903.5,   9.0,  63.98,  53.07, -108.79,   0.49,  -0.68,  -0.07,   0.02, 269.0, 265.9,  27.5,  27.5,   1.4,   0.1,  21.56,  23.71,     8.07,  139.27,   71.17, 1895.5,  256.78,  258.78,  269.43,  262.10, 1169.43, 1156.58, 1177.53, 1164.91,   815.6,  65,  GPS,  174.0, 109.10, 114.30, 118.400, 124.575,       ,       ,  12.66, -64.7,       ,       ,    3.5,       ,      ,       ,      ,      , -102.4, 3DDiff, 3704,      ,     10,  13.5,     17
2012-10-17, 12:53:15,  -05:00,       ,   47.9523964,  -97.1651382,   892.6, 29.09,   900.2,   9.0,  63.30,  53.09,  -10.99,   0.10,   1.09,  -0.04,  -0.02, 269.2, 265.3,  27.4,  27.5,   1.4,   0.0,  21.56,  23.77,     8.01,  139.32,   71.05, 1885.9,  256.65,  258.66,  269.30,  261.94, 1171.75, 1157.90, 1180.41, 1165.74,   812.3,  65,  GPS,  174.0, 109.10, 114.30, 118.400, 124.575,       ,       ,  12.55, -64.8,       ,       ,    3.5,       ,      ,       ,      ,      , -173.2, 3DDiff, 3704,      ,     10,  13.5,     17
2012-10-17, 12:53:16,  -05:00,       ,   47.9523926,  -97.1655045,   887.6, 29.09,   896.7,   9.0,  64.51,  53.05,  -61.67,   0.59,   1.08,  -0.02,   0.03, 270.6, 265.3,  27.4,  27.4,   1.3,   0.0,  21.56,  23.83,     7.75,  139.38,   70.83, 1869.4,  256.49,  258.61,  269.24,  261.83, 1173.96, 1158.80, 1182.25, 1166.66,   808.8,  66,  GPS,  174.0, 109.10, 114.30, 118.400, 124.575,       ,       ,  12.45, -65.0,       ,       ,    3.5,       ,      ,       ,      ,      , -208.7, 3DDiff, 3704,      ,     10,  13.5,     17
2012-10-17, 12:53:17,  -05:00,       ,   47.9523849,  -97.1658707,   882.6, 29.09,   893.4,   9.0,  62.09,  53.07, -176.83,   0.19,   3.54,  -0.05,  -0.02, 268.7, 265.9,  27.4,  27.4,   1.4,   0.0,  21.59,  23.77,     7.47,  139.43,   70.13, 1824.5,  256.46,  258.50,  269.15,  261.70, 1175.49, 1159.66, 1183.46, 1166.74,   805.5,  63,  GPS,  174.0, 109.10, 114.30, 118.400, 124.575,       ,       ,  12.37, -65.1,       ,       ,    3.5,       ,      ,       ,      ,      , -208.7, 3DDiff, 3704,      ,     10,  13.5,     18
2012-10-17, 12:53:18,  -05:00,       ,   47.9523849,  -97.1662292,   883.6, 29.09,   890.2,   9.0,  64.96,  52.91, -109.96,  -0.36,   0.04,   0.02,  -0.05, 270.6, 266.1,  27.4,  27.5,   1.1,  -0.1,  21.64,  23.77,     7.40,  139.48,   69.87, 1797.7,  256.33,  258.48,  269.06,  261.60, 1175.55, 1159.05, 1184.62, 1165.49,   802.3,  66,  GPS,  174.0, 109.10, 114.30, 118.400, 124.575,       ,       ,  12.31, -65.3,       ,       ,    3.5,       ,      ,       ,      ,      , -236.2, 3DDiff, 3704,      ,     10,  13.5,     18
2012-10-17, 12:53:19,  -05:00,       ,   47.9523811,  -97.1666031,   874.6, 29.09,   887.1,   9.0,  65.88,  52.75, -214.09,  -0.38,   3.38,   0.01,  -0.04, 271.6, 266.1,  27.4,  27.5,   1.4,   0.0,  21.59,  23.71,     7.10,  139.52,   69.62, 1784.1,  256.21,  258.38,  269.01,  261.49, 1175.39, 1157.92, 1184.05, 1163.15,   799.2,  67,  GPS,  174.0, 109.10, 114.30, 118.400, 124.575,       ,       ,  12.26, -65.5,       ,       ,    3.5,       ,      ,       ,      ,      , -271.7, 3DDiff, 3704,      ,     10,  13.5,     17
2012-10-17, 12:53:20,  -05:00,       ,   47.9523888,  -97.1669693,   871.6, 29.09,   882.2,   9.0,  66.22,  52.52, -246.97,  -0.35,   1.90,  -0.07,   0.03, 269.9, 267.1,  27.5,  27.5,   1.5,   0.1,  21.44,  23.77,     6.66,  139.57,   69.25, 1756.1,  256.19,  258.34,  268.90,  261.37, 1175.97, 1156.96, 1183.46, 1161.22,   794.3,  68,  GPS,  174.0, 109.10, 114.30, 118.400, 124.575,       ,       ,  12.24, -65.8,       ,       ,    3.5,       ,      ,       ,      ,      , -291.3, 3DDiff, 3704,      ,     10,  13.5,     17
2012-10-17, 12:53:21,  -05:00,       ,   47.9523926,  -97.1673050,   869.6, 29.09,   878.0,   9.0,  66.41,  52.17, -200.99,  -0.66,   0.71,   0.05,  -0.03, 272.4, 267.3,  27.4,  27.5,   1.4,  -0.0,  21.47,  23.83,     6.52,  139.60,   68.46, 1715.9,  256.01,  258.29,  268.82,  261.25, 1176.55, 1156.28, 1184.55, 1160.95,   790.1,  68,  GPS,  174.0, 109.10, 114.30, 118.400, 124.575,       ,       ,  12.25, -66.0,       ,       ,    3.5,       ,      ,       ,      ,      , -279.5, 3DDiff, 3704,      ,     10,  13.5,     17
2012-10-17, 12:53:22,  -05:00,       ,   47.9523926,  -97.1676712,   859.6, 29.09,   872.8,   9.0,  63.52,  52.05, -324.32,   0.23,  -0.88,  -0.00,   0.12, 272.2, 267.3,  27.5,  27.5,   1.4,  -0.1,  21.44,  23.83,     6.53,  139.62,   68.26, 1696.0,  255.93,  258.17,  268.70,  261.14, 1177.16, 1155.58, 1184.05, 1160.87,   784.9,  65,  GPS,  174.0, 109.10, 114.30, 118.400, 124.575,       ,       ,  12.29, -66.2,       ,       ,    3.5,       ,      ,       ,      ,      , -307.1, 3DDiff, 3704,      ,     10,  13.5,     17
2012-10-17, 12:53:23,  -05:00,       ,   47.9523964,  -97.1680222,   854.6, 29.09,   868.9,   9.0,  63.29,  52.07, -377.23,  -0.94,   0.11,  -0.05,  -0.13, 270.1, 267.5,  27.5,  27.5,   1.3,  -0.0,  21.39,  23.83,     6.21,  139.64,   68.09, 1679.5,  255.92,  258.20,  268.73,  261.09, 1175.55, 1155.73, 1183.04, 1159.48,   781.0,  65,  GPS,  174.0, 109.10, 114.30, 118.400, 124.575,       ,       ,  12.33, -66.5,       ,       ,    3.5,       ,      ,       ,      ,      , -255.9, 3DDiff, 3704,      ,     10,  13.5,     18
2012-10-17, 12:53:24,  -05:00,       ,   47.9524040,  -97.1683884,   856.6, 29.09,   861.8,   9.0,  64.70,  51.78, -207.65,  -0.40,   0.59,   0.01,  -0.01, 271.7, 266.8,  27.4,  27.4,   1.4,   0.1,  21.44,  23.83,     5.25,  139.64,   67.00, 1608.9,  255.83,  258.16,  268.63,  261.04, 1174.90, 1155.70, 1181.85, 1160.57,   773.9,  66,  GPS,  174.0, 109.10, 114.30, 118.400, 124.575,       ,       ,  12.38, -66.7,       ,       ,    3.5,       ,      ,       ,      ,      , -346.5, 3DDiff, 3704,      ,     10,  13.5,     18
2012-10-17, 12:53:25,  -05:00,       ,   47.9524040,  -97.1687469,   843.6, 29.09,   854.8,   9.0,  63.69,  51.49, -320.60,   0.89,   1.11,  -0.03,   0.09, 271.4, 266.7,  27.3,  27.4,   1.3,  -0.0,  21.39,  23.83,     4.59,  139.64,   66.24, 1557.9,  255.79,  258.08,  268.56,  260.94, 1173.71, 1156.12, 1180.90, 1164.24,   766.9,  65,  GPS,  174.0, 109.10, 114.30, 118.400, 124.575,       ,       ,  12.44, -66.9,       ,       ,    3.5,       ,      ,       ,      ,      , -342.5, 3DDiff, 3704,      ,     10,  13.5,     16
2012-10-17, 12:53:26,  -05:00,       ,   47.9524040,  -97.1690903,   840.6, 29.09,   850.9,   9.0,  62.24,  51.04, -344.38,   0.67,   0.40,  -0.01,  -0.09, 270.2, 266.9,  27.3,  27.4,   1.3,   0.0,  21.39,  23.83,     3.37,  139.63,   63.97, 1435.9,  255.67,  258.04,  268.47,  260.84, 1175.25, 1156.23, 1180.25, 1170.11,   763.0,  63,  GPS,  174.0, 109.10, 114.30, 118.400, 124.575,       ,       ,  12.50, -67.1,       ,       ,    3.5,       ,      ,       ,      ,      , -244.1, 3DDiff, 3704,      ,     10,  13.5,     17
2012-10-17, 12:53:27,  -05:00,       ,   47.9524040,  -97.1694489,   837.6, 29.09,   846.3,   9.2,  62.75,  50.17, -275.55,   1.61,   0.67,   0.01,   0.06, 269.7, 266.5,  27.4,  27.4,   1.3,  -0.0,  21.52,  23.87,     2.79,  139.60,   61.37, 1241.4,  255.57,  257.92,  268.37,  260.72, 1169.99, 1154.93, 1183.15, 1179.66,   758.4,  64,  GPS,  174.0, 109.10, 114.30, 118.400, 124.575,       ,       ,  12.57, -67.3,       ,       ,    3.5,       ,      ,       ,      ,      , -255.9, 3DDiff, 3704,      ,     10,  13.5,     17
2012-10-17, 12:53:28,  -05:00,       ,   47.9524040,  -97.1697617,   829.6, 29.09,   843.2,   9.2,  59.49,  49.10, -343.87,   2.79,   1.97,  -0.04,  -0.02, 269.2, 266.5,  27.4,  27.4,   1.3,  -0.0,  21.52,  23.83,     2.50,  139.59,   60.36, 1161.3,  255.49,  257.84,  268.27,  260.64, 1166.67, 1159.00, 1180.93, 1183.04,   755.3,  61,  GPS,  174.0, 109.10, 114.30, 118.400, 124.575,       ,       ,  12.64, -67.5,       ,       ,    3.5,       ,      ,       ,      ,      , -204.7, 3DDiff, 3704,      ,     10,  13.5,     17
2012-10-17, 12:53:29,  -05:00,       ,   47.9524002,  -97.1701050,   826.6, 29.09,   840.4,   9.2,  59.28,  47.76, -297.69,   4.36,   1.30,  -0.01,  -0.01, 270.2, 266.4,  27.3,  27.4,   1.5,   0.1,  21.44,  23.87,     2.46,  139.57,   60.16, 1141.6,  255.39,  257.72,  268.20,  260.51, 1159.84, 1162.49, 1176.66, 1181.89,   752.5,  60,  GPS,  174.0, 109.10, 114.30, 118.400, 124.575,       ,       ,  12.70, -67.8,       ,       ,    3.5,       ,      ,       ,      ,      , -133.9, 3DDiff, 3704,      ,     10,  13.5,     17
2012-10-17, 12:53:30,  -05:00,       ,   47.9524002,  -97.1704178,   822.6, 29.09,   839.6,   9.2,  54.89,  46.32, -266.91,   5.62,   2.31,  -0.00,   0.02, 269.8, 266.3,  27.3,  27.4,   1.3,  -0.0,  21.47,  23.83,     1.94,  139.56,   58.32, 1060.9,  255.26,  257.57,  268.01,  260.39, 1160.64, 1164.46, 1172.10, 1178.69,   751.8,  56,  GPS,  174.0, 109.10, 114.30, 118.400, 124.575,       ,       ,  12.76, -68.0,       ,       ,    3.5,       ,      ,       ,      ,      , -102.4, 3DDiff, 3704,      ,     10,  13.5,     17
2012-10-17, 12:53:31,  -05:00,       ,   47.9524002,  -97.1707306,   819.6, 29.09,   839.8,   9.2,  50.27,  44.79, -222.40,   5.57,   2.19,   0.02,  -0.07, 269.2, 266.4,  27.2,  27.3,   1.4,  -0.1,  21.47,  23.87,     1.83,  139.55,   56.79,  946.7,  255.07,  257.42,  267.86,  260.25, 1144.18, 1161.01, 1160.95, 1177.65,   751.9,  51,  GPS,  174.0, 109.10, 114.30, 118.400, 124.575,       ,       ,  12.80, -68.3,       ,       ,    3.5,       ,      ,       ,      ,      , -39.4, 3DDiff, 3704,      ,     10,  13.5,     16
2012-10-17, 12:53:32,  -05:00,       ,   47.9524002,  -97.1710205,   819.6, 29.09,   839.9,   9.2,  51.98,  43.09, -160.23,   4.19,   0.86,  -0.09,   0.01, 267.7, 266.3,  27.3,  27.4,   1.2,  -0.1,  21.47,  23.83,     1.79,  139.55,   56.06,  910.8,  254.92,  257.26,  267.69,  260.11, 1120.18, 1153.75, 1148.36, 1172.70,   752.0,  53,  GPS,  174.0, 109.10, 114.30, 118.400, 124.575,       ,       ,  12.79, -68.5,       ,       ,    3.5,       ,      ,       ,      ,      ,   0.0, 3DDiff, 3704,      ,     10,  13.5,     17
2012-10-17, 12:53:33,  -05:00,       ,   47.9523964,  -97.1713028,   824.6, 29.09,   839.8,   9.2,  52.52,  41.33,   -1.44,   3.19,   0.18,   0.04,  -0.07, 269.8, 265.0,  27.4,  27.4,   1.4,   0.0,  21.56,  23.83,     1.81,  139.56,   55.72,  892.3,  254.72,  257.05,  267.49,  259.91, 1107.90, 1147.05, 1136.01, 1163.49,   751.9,  54,  GPS,  174.0, 109.10, 114.30, 118.400, 124.575,       ,       ,  12.76, -68.8,       ,       ,    3.5,       ,      ,       ,      ,      ,   0.0, 3DDiff, 3704,      ,     10,  13.5,     17
2012-10-17, 12:53:34,  -05:00,       ,   47.9523964,  -97.1715851,   824.6, 29.09,   839.9,   9.2,  50.47,  39.73,   55.04,   2.12,  -0.03,   0.14,   0.03, 273.1, 266.2,  27.3,  27.4,   1.5,   0.1,  21.66,  23.71,     1.79,  139.58,   55.65,  878.5,  254.51,  256.81,  267.30,  259.72, 1089.86, 1139.20, 1127.98, 1154.63,   752.0,  51,  GPS,  174.0, 109.10, 114.30, 118.400, 124.575,       ,       ,  12.71, -69.1,       ,       ,    3.5,       ,      ,       ,      ,      ,   0.0, 3DDiff, 3704,      ,     10,  14.0,     17
2012-10-17, 12:53:35,  -05:00,       ,   47.9524040,  -97.1718216,   829.6, 29.09,   840.3,   9.5,  46.41,  38.00,  128.20,   2.00,   0.53,  -0.09,   0.01, 270.1, 268.1,  27.3,  27.3,   1.3,  -0.0,  21.52,  23.71,     1.81,  139.60,   55.24,  857.3,  254.29,  256.60,  267.07,  259.49, 1071.53, 1126.62, 1117.63, 1143.45,   752.4,  47,  GPS,  174.0, 109.10, 114.30, 118.400, 124.575,       ,       ,  12.64, -69.3,       ,       ,    3.5,       ,      ,       ,      ,      ,  -3.9, 3DDiff, 3704,      ,     10,  13.5,     17
2012-10-17, 12:53:36,  -05:00,       ,   47.9524040,  -97.1720810,   831.6, 29.09,   839.3,   9.5,  45.24,  35.84,  158.61,   1.54,   0.33,  -0.02,   0.00, 268.8, 266.4,  27.2,  27.3,   1.2,  -0.0,  21.39,  23.94,     1.82,  139.63,   55.04,  837.4,  254.06,  256.37,  266.83,  259.34, 1051.33, 1114.28, 1103.74, 1129.51,   751.4,  46,  GPS,  174.0, 109.10, 114.30, 118.400, 124.575,       ,       ,  12.56, -69.5,       ,       ,    3.5,       ,      ,       ,      ,      ,   0.0, 3DDiff, 3704,      ,     10,  13.5,     17
2012-10-17, 12:53:37,  -05:00,       ,   47.9524002,  -97.1723099,   832.6, 29.09,   840.3,   9.5,  42.67,  33.32,  144.40,   1.43,   0.15,   0.01,  -0.01, 269.9, 265.8,  27.3,  27.3,   1.2,  -0.0,  21.56,  23.94,     1.76,  139.67,   54.84,  822.0,  253.79,  256.12,  266.59,  259.11, 1040.23, 1103.82, 1094.56, 1118.60,   752.4,  44,  GPS,  174.0, 109.10, 114.30, 118.400, 124.575,       ,       ,  12.47, -69.7,       ,       ,    3.5,       ,      ,       ,      ,      ,   0.0, 3DDiff, 3704,      ,     10,  13.5,     16
2012-10-17, 12:53:38,  -05:00,       ,   47.9524040,  -97.1725159,   832.6, 29.09,   840.3,   9.5,  38.50,  30.81,   81.97,   1.46,   0.16,  -0.04,   0.06, 269.3, 266.7,  27.2,  27.3,   1.3,  -0.0,  21.47,  24.00,     1.76,  139.71,   54.75,  809.2,  253.55,  255.86,  266.32,  258.92, 1032.80, 1091.21, 1083.48, 1109.14,   752.4,  39,  GPS,  174.0, 109.10, 114.30, 118.400, 124.575,       ,       ,  12.36, -69.9,       ,       ,    3.5,       ,      ,       ,      ,      ,   0.0, 3DDiff, 3704,      ,     10,  13.5,     16
2012-10-17, 12:53:39,  -05:00,       ,   47.9524002,  -97.1727142,   832.6, 29.09,   840.4,   9.5,  35.70,  28.13,   35.10,   1.37,   0.26,   0.00,   0.01, 268.7, 266.3,  27.1,  27.2,   1.2,  -0.1,  21.47,  24.00,     1.81,  139.75,   54.41,  788.0,  253.29,  255.61,  266.04,  258.70, 1019.19, 1079.47, 1072.92, 1100.24,   752.5,  36,  GPS,  174.0, 109.10, 114.30, 118.400, 124.575,       ,       ,  12.25, -70.2,       ,       ,    3.5,       ,      ,       ,      ,      ,   0.0, 3DDiff, 3704,      ,     10,  13.5,     17
2012-10-17, 12:53:40,  -05:00,       ,   47.9523964,  -97.1728745,   832.6, 29.09,   840.5,   9.5,  33.43,  25.13,   16.44,   1.23,   0.22,  -0.01,   0.04, 267.6, 266.0,  26.9,  26.9,   0.4,  -0.2,  21.59,  24.00,     1.78,  139.79,   54.22,  771.0,  253.00,  255.34,  265.75,  258.44, 1004.23, 1071.63, 1066.77, 1092.20,   752.6,  34,  GPS,  174.0, 109.10, 114.30, 118.400, 124.575,       ,       ,  12.11, -70.5,       ,       ,    3.5,       ,      ,       ,      ,      ,   3.9, 3DDiff, 3704,      ,     10,  14.0,     17
2012-10-17, 12:53:41,  -05:00,       ,   47.9523964,  -97.1730194,   832.6, 29.09,   840.3,   9.5,  30.65,  22.16,   14.53,   1.01,   0.02,   0.03,  -0.05, 267.6, 265.6,  26.9,  26.9,   0.3,  -0.4,  21.64,  24.00,     1.78,  139.83,   54.24,  774.4,  252.72,  255.07,  265.46,  258.22,  990.02, 1062.80, 1061.61, 1084.77,   752.4,  31,  GPS,  174.0, 109.10, 114.30, 118.400, 124.575,       ,       ,  11.96, -70.8,       ,       ,    3.5,       ,      ,       ,      ,      ,   0.0, 3DDiff, 3704,      ,     10,  13.5,     17
2012-10-17, 12:53:42,  -05:00,       ,   47.9523926,  -97.1731491,   831.6, 29.09,   841.3,   9.8,  28.23,  19.40,   -6.39,   1.24,   0.00,   0.00,  -0.02, 266.5, 265.8,  27.1,  27.2,   1.2,   0.1,  21.71,  24.00,     1.78,  139.87,   54.30,  773.5,  252.43,  254.80,  265.19,  258.02,  990.64, 1051.38, 1055.24, 1076.40,   753.4,  29,  GPS,  174.0, 109.10, 114.30, 118.400, 124.575,       ,       ,  11.80, -71.1,       ,       ,    3.5,       ,      ,       ,      ,      ,   0.0, 3DDiff, 3704,      ,     10,  13.5,     17
2012-10-17, 12:53:43,  -05:00,       ,   47.9523926,  -97.1732635,   831.6, 29.09,   839.7,   9.8,  23.89,  16.85,   -5.42,   1.24,  -0.19,   0.03,  -0.04, 266.2, 265.4,  26.6,  26.7,  -0.3,  -0.4,  21.71,  24.00,     1.76,  139.91,   53.95,  756.5,  252.14,  254.56,  264.87,  257.78,  991.47, 1043.72, 1047.56, 1068.91,   751.8,  24,  GPS,  174.0, 109.10, 114.30, 118.400, 124.575,       ,       ,       ,      ,       ,       ,    3.5,       ,      ,       ,      ,      ,   0.0, 3DDiff, 3704,      ,     10,  13.5,     16
2012-10-17, 12:53:44,  -05:00,       ,   47.9523926,  -97.1733704,   831.6, 29.09,   839.7,   9.8,  22.90,  14.87,  -14.91,   1.70,  -0.31,   0.00,  -0.01, 266.2, 265.5,  26.5,  26.6,  -0.8,  -0.5,  21.66,  24.00,     1.81,  139.96,   53.96,  753.3,  251.83,  254.29,  264.57,  257.51,  993.94, 1038.02, 1034.04, 1063.61,   751.8,  23,  GPS,  174.0, 109.10, 114.30, 118.400, 124.575,       ,       ,       ,      ,       ,       ,    3.5,       ,      ,       ,      ,      ,   0.0, 3DDiff, 3704,      ,     10,  13.5,     16
2012-10-17, 12:53:45,  -05:00,       ,   47.9523926,  -97.1734543,   831.6, 29.09,   839.6,   9.8,  21.02,  13.84,  -12.45,   2.29,  -0.07,   0.03,   0.06, 268.4, 266.1,  26.4,  26.6,  -0.8,  -0.6,  21.52,  24.00,     1.82,  140.01,   53.90,  746.0,  251.55,  254.01,  264.27,  257.33,  991.66, 1033.84, 1028.12, 1058.37,   751.7,  21,  GPS,  174.0, 109.10, 114.30, 118.400, 124.575,       ,       ,       ,      ,       ,       ,    3.5,       ,      ,       ,      ,      ,   0.0, 3DDiff, 3704,      ,     10,  13.5,     17
2012-10-17, 12:53:46,  -05:00,       ,   47.9523926,  -97.1735535,   830.6, 29.09,   839.5,   9.8,  -0.87,  13.37,  -29.83,   2.00,  -0.10,   0.01,  -0.08, 268.8, 267.8,  26.5,  26.7,  -0.1,  -0.4,  21.44,  24.00,     1.80,  140.07,   53.97,  749.5,  251.22,  253.73,  263.98,  257.07,  980.94, 1030.89, 1020.57, 1052.29,   751.7,  -1,  GPS,  174.0, 109.10, 114.30, 118.400, 124.575,       ,       ,       ,      ,       ,       ,    3.5,       ,      ,       ,      ,      ,   0.0, 3DDiff, 3704,      ,     10,  14.0,     17
2012-10-17, 12:53:47,  -05:00,       ,   47.9523964,  -97.1736526,   829.6, 29.09,   839.3,   9.8,  22.42,  13.00,  -38.49,   2.31,  -0.34,  -0.01,   0.04, 267.4, 267.6,  26.6,  26.6,   0.9,  -0.1,  21.37,  24.00,     1.78,  140.13,   54.08,  753.7,  250.95,  253.46,  263.67,  256.85,  975.69, 1028.01, 1018.32, 1045.38,   751.4,  23,  GPS,  174.0, 109.10, 114.30, 118.400, 124.575,       ,       ,       ,      ,       ,       ,    3.5,       ,      ,       ,      ,      ,   0.0, 3DDiff, 3704,      ,     10,  13.5,     17
2012-10-17, 12:53:48,  -05:00,       ,   47.9523926,  -97.1737289,   831.6, 29.09,   838.8,   9.8,  23.11,  12.58,   -5.44,   2.11,  -0.36,   0.01,  -0.00, 266.8, 266.3,  26.5,  26.5,   0.2,  -0.5,  21.37,  24.00,     1.78,  140.18,   54.08,  754.7,  250.64,  253.22,  263.38,  256.60,  973.50, 1024.51, 1017.27, 1041.18,   750.9,  24,  GPS,  174.0, 109.10, 114.30, 118.400, 124.575,       ,       ,       ,      ,       ,       ,    3.5,       ,      ,       ,      ,      ,   0.0, 3DDiff, 3704,      ,     11,  16.0,     18
2012-10-17, 12:53:49,  -05:00,       ,   47.9523926,  -97.1738129,   831.6, 29.09,   839.9,   9.8,  22.41,  12.17,   14.95,   2.19,  -0.23,  -0.00,  -0.01, 266.2, 265.8,  26.4,  26.5,  -0.0,  -0.6,  21.25,  24.00,     1.82,  140.25,   54.02,  751.9,  250.35,  252.98,  263.06,  256.40,  974.76, 1021.41, 1016.29, 1038.75,   752.0,  23,  GPS,  174.0, 109.10, 114.30, 118.400, 124.575,       ,       ,       ,      ,       ,       ,    3.5,       ,      ,       ,      ,      ,  -7.9, 3DDiff, 3704,      ,     10,  16.0,     18
2012-10-17, 12:53:50,  -05:00,       ,   47.9523926,  -97.1738892,   831.6, 29.09,   839.9,   9.8,  23.04,  11.74,   15.97,   2.24,  -0.37,   0.01,   0.01, 266.0, 265.3,  26.3,  26.5,   0.1,  -0.7,  21.25,  24.00,     1.82,  140.31,   54.03,  748.8,  250.08,  252.74,  262.77,  256.16,  971.36, 1020.11, 1017.81, 1036.15,   752.0,  24,  GPS,  174.0, 109.10, 114.30, 118.400, 124.575,       ,       ,       ,      ,       ,       ,    3.5,       ,      ,       ,      ,      ,   0.0, 3DDiff, 3704,      ,     10,  16.0,     18
2012-10-17, 12:53:51,  -05:00,       ,   47.9523888,  -97.1739731,   832.6, 29.09,   839.8,   9.8,  22.20,  11.33,   18.48,   2.15,  -0.34,   0.02,  -0.04, 265.5, 265.1,  26.6,  26.5,   0.6,  -0.6,  21.20,  24.00,     1.80,  140.37,   54.29,  762.9,  249.76,  252.48,  262.48,  255.98,  967.89, 1018.16, 1019.43, 1033.09,   751.9,  23,  GPS,  174.0, 109.10, 114.30, 118.400, 124.575,       ,       ,       ,      ,       ,       ,    3.5,       ,      ,       ,      ,      ,   0.0, 3DDiff, 3704,      ,     11,  16.0,     18
2012-10-17, 12:53:52,  -05:00,       ,   47.9523888,  -97.1740494,   832.6, 29.09,   839.8,   9.8,  20.76,  10.92,   34.48,   2.10,  -0.46,   0.02,  -0.04, 265.4, 264.8,  26.3,  26.3,   0.7,  -0.9,  21.13,  24.00,     1.77,  140.44,   54.18,  756.3,  249.46,  252.25,  262.20,  255.77,  965.99, 1015.86, 1019.21, 1030.18,   751.9,  21,  GPS,  174.0, 109.10, 114.30, 118.400, 124.575,       ,       ,       ,      ,       ,       ,    3.5,       ,      ,       ,      ,      ,   0.0, 3DDiff, 3704,      ,     11,  16.5,     18
2012-10-17, 12:53:53,  -05:00,       ,   47.9523888,  -97.1741180,   832.6, 29.09,   839.3,   9.8,  20.45,  10.54,    6.47,   1.89,  -0.41,   0.01,  -0.02, 264.6, 265.0,  26.7,  26.7,   1.9,   0.0,  20.95,  24.00,     1.83,  140.50,   54.23,  760.9,  249.18,  252.01,  261.90,  255.54,  966.80, 1015.36, 1018.83, 1028.39,   751.4,  21,  GPS,  174.0, 109.10, 114.30, 118.400, 124.575,       ,       ,       ,      ,       ,       ,    3.5,       ,      ,       ,      ,      ,   0.0, 3DDiff, 3704,      ,     11,  16.5,     18
2012-10-17, 12:53:54,  -05:00,       ,   47.9523811,  -97.1741791,   832.6, 29.09,   840.3,   9.8,  -0.58,   9.99,   14.89,   2.09,  -0.33,  -0.01,  -0.01, 260.7, 263.3,  26.9,  26.9,   1.7,  -0.2,  20.95,  24.00,     1.82,  140.56,   54.19,  761.0,  248.89,  251.76,  261.64,  255.37,  960.86, 1014.72, 1014.17, 1027.77,   752.4,  -1,  GPS,  174.0, 109.10, 114.30, 118.400, 124.575,       ,       ,       ,      ,       ,       ,    3.5,       ,      ,       ,      ,      ,  -3.9, 3DDiff, 3704,      ,     11,  16.0,     18
2012-10-17, 12:53:55,  -05:00,       ,   47.9523773,  -97.1742554,   832.6, 29.09,   840.5,   9.8,   0.00,   9.60,   11.17,   2.03,  -0.07,  -0.03,   0.01, 257.3, 259.6,  27.2,  27.3,   1.9,   0.1,  21.13,  24.00,     1.81,  140.63,   54.33,  769.9,  248.60,  251.54,  261.38,  255.18,  954.55, 1012.19, 1010.63, 1026.60,   752.6,   0,  GPS,  174.0, 109.10, 114.30, 118.400, 124.575,       ,       ,       ,      ,       ,       ,    3.5,       ,      ,       ,      ,      ,  -7.9, 3DDiff, 3704,      ,     10,  16.0,     18
2012-10-17, 12:53:56,  -05:00,       ,   47.9523697,  -97.1743088,   831.6, 29.09,   840.6,   9.8,   0.00,   9.21,  -13.55,   2.45,  -0.27,  -0.01,   0.03, 252.7, 255.5,  27.5,  27.5,   1.8,   0.2,  21.20,  24.00,     1.88,  140.69,   55.30,  815.5,  248.33,  251.34,  261.10,  255.01,  960.47, 1010.54, 1008.29, 1024.93,   752.7,   0,  GPS,  174.0, 109.10, 114.30, 118.400, 124.575,       ,       ,       ,      ,       ,       ,    3.5,       ,      ,       ,      ,      ,   0.0, 3DDiff, 3704,      ,     10,  16.0,     18
2012-10-17, 12:53:57,  -05:00,       ,   47.9523582,  -97.1743698,   832.6, 29.09,   840.7,   9.8,  -0.00,   8.96,    3.02,   1.91,  -0.32,  -0.01,  -0.02, 248.8, 250.9,  27.5,  27.5,   1.8,   0.1,  21.08,  24.00,     1.84,  140.76,   55.99,  871.1,  248.06,  251.13,  260.80,  254.82,  969.37, 1011.28, 1007.46, 1022.29,   752.8,  -0,  GPS,  174.0, 109.10, 114.30, 118.400, 124.575,       ,       ,       ,      ,       ,       ,    3.5,       ,      ,       ,      ,      ,  -3.9, 3DDiff, 3704,      ,     10,  16.0,     18
2012-10-17, 12:53:58,  -05:00,       ,   47.9523430,  -97.1744308,   833.6, 29.09,   840.7,   9.8,  -0.00,   8.82,   26.61,   1.96,  -0.53,  -0.01,   0.03, 244.7, 246.7,  27.4,  27.4,   1.7,   0.0,  21.13,  24.00,     1.81,  140.82,   56.22,  889.8,  247.79,  250.96,  260.59,  254.62,  976.83, 1013.05, 1008.54, 1021.55,   752.8,  -0,  GPS,  174.0, 109.10, 114.30, 118.400, 124.575,       ,       ,       ,      ,       ,       ,    3.5,       ,      ,       ,      ,      ,  -3.9, 3DDiff, 3704,      ,     10,  16.0,     18
2012-10-17, 12:53:59,  -05:00,       ,   47.9523277,  -97.1744843,   833.6, 29.09,   841.4,   9.8,   0.00,   8.65,   17.15,   1.77,  -0.47,  -0.02,   0.03, 240.4, 242.4,  27.5,  27.5,   1.8,   0.2,  21.08,  24.00,     1.86,  140.88,   56.27,  894.5,  247.51,  250.75,  260.31,  254.50,  985.13, 1014.65, 1010.44, 1020.52,   753.5,   0,  GPS,  174.0, 109.10, 114.30, 118.400, 124.575,       ,       ,       ,      ,       ,       ,    3.5,       ,      ,       ,      ,      ,  -3.9, 3DDiff, 3704,      ,     10,  16.0,     18
2012-10-17, 12:54:00,  -05:00,       ,   47.9523087,  -97.1745377,   833.6, 29.09,   840.2,   9.8,  -0.00,   8.44,   16.04,   1.70,  -0.16,  -0.06,  -0.05, 235.4, 237.8,  27.7,  27.7,   1.5,   0.0,  21.08,  24.00,     1.82,  140.94,   56.31,  897.5,  247.27,  250.57,  260.13,  254.34,  992.92, 1016.45, 1013.67, 1020.54,   752.3,  -0,  GPS,  174.0, 109.10, 114.30, 118.400, 124.575,       ,       ,       ,      ,       ,       ,    3.5,       ,      ,       ,      ,      ,  -7.9, 3DDiff, 3704,      ,     10,  16.0,     18
2012-10-17, 12:54:01,  -05:00,       ,   47.9522858,  -97.1745758,   834.6, 29.09,   839.3,   9.8,  -0.00,   8.32,   17.61,   1.60,  -0.32,  -0.02,  -0.04, 230.1, 232.5,  27.7,  27.7,   1.6,   0.1,  21.05,  24.00,     1.85,  141.01,   56.29,  894.5,  246.99,  250.37,  259.85,  254.20,  999.72, 1018.02, 1015.02, 1023.07,   751.4,  -0,  GPS,  174.0, 109.10, 114.30, 118.400, 124.575,       ,       ,       ,      ,       ,       ,    3.5,       ,      ,       ,      ,      ,  -3.9, 3DDiff, 3704,      ,     10,  15.5,     18
2012-10-17, 12:54:02,  -05:00,       ,   47.9522629,  -97.1746216,   834.6, 29.09,   839.1,   9.8,   0.00,   8.32,   31.13,   1.65,  -0.32,  -0.02,   0.02, 224.5, 227.1,  27.5,  27.6,   1.8,   0.1,  21.13,  24.00,     1.88,  141.07,   56.27,  892.2,  246.73,  250.23,  259.66,  254.08, 1006.43, 1019.89, 1016.12, 1023.97,   751.2,   0,  GPS,  174.0, 109.10, 114.30, 118.400, 124.575,       ,       ,       ,      ,       ,       ,    3.5,       ,      ,       ,      ,      ,  -3.9, 3DDiff, 3704,      ,     10,  15.5,     18
2012-10-17, 12:54:03,  -05:00,       ,   47.9522324,  -97.1746674,   835.6, 29.09,   838.9,   9.8,   0.00,   8.38,   31.97,   2.33,  -0.20,  -0.04,   0.03, 219.2, 221.6,  27.4,  27.5,   1.5,   0.0,  21.13,  24.00,     1.87,  141.14,   56.28,  890.9,  246.51,  250.11,  259.47,  253.96, 1012.47, 1022.04, 1017.41, 1023.85,   751.0,   0,  GPS,  174.0, 109.10, 114.30, 118.400, 124.575,       ,       ,       ,      ,       ,       ,    3.5,       ,      ,       ,      ,      ,  -3.9, 3DDiff, 3704,      ,     10,  16.0,     18
2012-10-17, 12:54:04,  -05:00,       ,   47.9522057,  -97.1746979,   836.6, 29.09,   838.8,   9.8,  -0.00,   8.46,   44.09,   2.13,  -0.23,  -0.03,   0.02, 214.6, 216.2,  27.4,  27.5,   1.5,   0.1,  21.25,  24.00,     1.83,  141.19,   56.36,  893.4,  246.28,  249.96,  259.24,  253.88, 1015.75, 1023.96, 1018.62, 1024.63,   750.9,  -0,  GPS,  174.0, 109.10, 114.30, 118.400, 124.575,       ,       ,       ,      ,       ,       ,    3.5,       ,      ,       ,      ,      ,   0.0, 3DDiff, 3704,      ,     10,  16.0,     18
2012-10-17, 12:54:05,  -05:00,       ,   47.9521675,  -97.1747360,   838.6, 29.09,   838.3,   9.8,   0.00,   8.49,   79.71,   2.45,  -0.59,  -0.01,   0.03, 210.5, 211.5,  27.6,  27.6,   1.4,   0.0,  21.32,  23.77,     1.86,  141.25,   56.46,  904.0,  246.04,  249.81,  259.07,  253.77, 1018.82, 1025.30, 1018.84, 1024.92,   750.4,   0,  GPS,  174.0, 109.10, 114.30, 118.400, 124.575,       ,       ,       ,      ,       ,       ,    3.5,       ,      ,       ,      ,      ,  -3.9, 3DDiff, 3704,      ,     10,  16.0,     18
2012-10-17, 12:54:06,  -05:00,       ,   47.9521370,  -97.1747589,   836.6, 29.09,   839.1,   9.8,   0.00,   8.26,   18.14,   2.30,  -0.29,  -0.01,  -0.03, 205.7, 207.5,  27.5,  27.6,   1.5,   0.1,  21.44,  23.71,     1.87,  141.31,   56.57,  903.6,  245.84,  249.74,  258.91,  253.65, 1022.28, 1026.20, 1018.89, 1023.72,   751.3,   0,  GPS,  174.0, 109.10, 114.30, 118.400, 124.575,       ,       ,       ,      ,       ,       ,    3.5,       ,      ,       ,      ,      ,   3.9, 3DDiff, 3704,      ,     10,  16.0,     18
2012-10-17, 12:54:07,  -05:00,       ,   47.9521065,  -97.1747818,   835.6, 29.09,   839.3,  10.0,  -0.00,   7.91,  -24.11,   2.40,  -0.44,  -0.04,  -0.00, 200.1, 202.2,  27.5,  27.5,   1.5,   0.1,  21.44,  23.60,     1.87,  141.36,   56.42,  899.5,  245.62,  249.61,  258.76,  253.60, 1025.85, 1027.72, 1019.49, 1023.54,   751.5,  -0,  GPS,  174.0, 109.10, 114.30, 118.400, 124.575,       ,       ,       ,      ,       ,       ,    3.5,       ,      ,       ,      ,      ,   3.9, 3DDiff, 3704,      ,     10,  15.5,     18
2012-10-17, 12:54:08,  -05:00,       ,   47.9520721,  -97.1747971,   837.6, 29.09,   839.4,  10.0,   0.00,   7.74,    8.79,   2.71,  -0.34,  -0.03,   0.07, 194.0, 196.4,  27.5,  27.6,   1.4,   0.1,  21.56,  23.54,     1.89,  141.40,   56.30,  890.0,  245.40,  249.48,  258.60,  253.50, 1029.11, 1029.88, 1022.12, 1024.24,   751.6,   0,  GPS,  174.0, 109.10, 114.30, 118.400, 124.575,       ,       ,       ,      ,       ,       ,    3.5,       ,      ,       ,      ,      ,   0.0, 3DDiff, 3704,      ,     10,  15.5,     18
2012-10-17, 12:54:09,  -05:00,       ,   47.9520340,  -97.1748123,   839.6, 29.09,   839.4,  10.0,   0.00,   7.78,   45.55,   2.41,  -0.35,  -0.03,   0.00, 188.8, 190.4,  27.6,  27.6,   1.4,  -0.1,  21.59,  23.50,     1.86,  141.45,   56.35,  895.8,  245.18,  249.38,  258.41,  253.43, 1032.51, 1031.95, 1023.36, 1025.22,   751.6,   0,  GPS,  174.0, 109.10, 114.30, 118.400, 124.575,       ,       ,       ,      ,       ,       ,    3.5,       ,      ,       ,      ,      ,   0.0, 3DDiff, 3704,      ,     10,  15.5,     18
2012-10-17, 12:54:10,  -05:00,       ,   47.9519997,  -97.1748199,   839.6, 29.09,   839.4,  10.0,  -0.00,   7.85,   47.22,   2.72,  -0.15,  -0.03,   0.01, 184.1, 185.3,  27.6,  27.7,   1.4,   0.1,  21.64,  23.43,     1.85,  141.49,   56.32,  889.7,  245.05,  249.38,  258.30,  253.43, 1034.90, 1032.96, 1024.44, 1025.18,   751.6,  -0,  GPS,  174.0, 109.10, 114.30, 118.400, 124.575,       ,       ,       ,      ,       ,       ,    3.5,       ,      ,       ,      ,      ,   0.0, 3DDiff, 3704,      ,     11,  16.0,     18
2012-10-17, 12:54:11,  -05:00,       ,   47.9519615,  -97.1748199,   838.6, 29.09,   839.6,  10.0,  -0.00,   7.85,   31.77,   2.58,  -0.13,  -0.04,  -0.04, 180.1, 180.6,  27.6,  27.6,   1.4,   0.0,  21.76,  23.39,     1.82,  141.53,   56.33,  890.2,  244.86,  249.30,  258.19,  253.42, 1035.32, 1032.33, 1024.75, 1024.64,   751.8,  -0,  GPS,  174.0, 109.10, 114.30, 118.400, 124.575,       ,       ,       ,      ,       ,       ,    3.5,       ,      ,       ,      ,      ,   0.0, 3DDiff, 3704,      ,     11,  16.0,     18
2012-10-17, 12:54:12,  -05:00,       ,   47.9519272,  -97.1748199,   837.6, 29.09,   838.6,  10.0,   0.00,   7.64,   -9.48,   2.45,  -0.11,  -0.03,  -0.03, 178.5, 177.1,  27.5,  27.6,   1.4,   0.0,  21.78,  23.26,     1.86,  141.56,   56.34,  888.8,  244.59,  249.20,  257.99,  253.29, 1035.21, 1032.19, 1023.65, 1024.19,   750.8,   0,  GPS,  174.0, 109.10, 114.30, 118.400, 124.575,       ,       ,       ,      ,       ,       ,    3.5,       ,      ,       ,      ,      ,   0.0, 3DDiff, 3704,      ,     11,  15.5,     18
2012-10-17, 12:54:13,  -05:00,       ,   47.9518890,  -97.1748199,   837.6, 29.09,   839.1,  10.0,  -0.00,   7.39,  -25.01,   2.48,  -0.19,  -0.01,  -0.04, 177.8, 175.9,  27.5,  27.6,   1.4,   0.0,  21.78,  23.22,     1.83,  141.60,   56.37,  889.4,  244.48,  249.15,  257.91,  253.30, 1035.04, 1032.99, 1024.36, 1023.07,   751.3,  -0,  GPS,  174.0, 109.10, 114.30, 118.400, 124.575,       ,       ,       ,      ,       ,       ,    3.5,       ,      ,       ,      ,      ,  -3.9, 3DDiff, 3704,      ,     10,  15.5,     18
2012-10-17, 12:54:14,  -05:00,       ,   47.9518623,  -97.1748199,   840.6, 29.09,   839.1,  10.0,  -0.00,   7.09,   41.88,   2.48,  -0.38,   0.02,  -0.02, 177.3, 175.3,  27.5,  27.6,   1.3,   0.0,  21.76,  23.22,     1.89,  141.63,   56.24,  884.8,  244.32,  249.14,  257.79,  253.28, 1034.67, 1033.46, 1025.37, 1021.54,   751.3,  -0,  GPS,  174.0, 109.10, 114.30, 118.400, 124.575,       ,       ,       ,      ,       ,       ,    3.5,       ,      ,       ,      ,      ,   0.0, 3DDiff, 3704,      ,     10,  15.5,     18
2012-10-17, 12:54:15,  -05:00,       ,   47.9518318,  -97.1748199,   841.6, 29.09,   838.9,  10.0,   0.00,   6.55,   59.39,   2.42,  -0.01,   0.01,  -0.03, 178.8, 175.9,  27.6,  27.7,   1.3,   0.1,  21.71,  23.26,     1.85,  141.66,   56.26,  886.7,  244.05,  249.03,  257.65,  253.23, 1034.49, 1033.44, 1026.10, 1019.36,   751.1,   0,  GPS,  174.0, 109.10, 114.30, 118.400, 124.575,       ,       ,       ,      ,       ,       ,    3.5,       ,      ,       ,      ,      ,  -3.9, 3DDiff, 3704,      ,     10,  16.0,     18
2012-10-17, 12:54:16,  -05:00,       ,   47.9518051,  -97.1748199,   842.6, 29.09,   838.9,  10.0,   0.00,   5.99,   68.09,   2.41,  -0.14,  -0.01,   0.04, 178.6, 177.1,  27.6,  27.6,   1.4,   0.1,  21.56,  23.33,     1.80,  141.69,   56.29,  880.8,  243.87,  248.93,  257.55,  253.22, 1034.80, 1032.08, 1027.75, 1016.73,   751.1,   0,  GPS,  174.0, 109.10, 114.30, 118.400, 124.575,       ,       ,       ,      ,       ,       ,    3.5,       ,      ,       ,      ,      ,   0.0, 3DDiff, 3704,      ,     11,  16.0,     18
2012-10-17, 12:54:17,  -05:00,       ,   47.9517784,  -97.1748199,   843.6, 29.09,   838.2,  10.0,  -0.00,   5.38,   87.76,   2.19,  -0.14,   0.00,  -0.01, 178.7, 177.9,  27.5,  27.5,   1.4,   0.0,  21.47,  23.43,     1.86,  141.72,   56.22,  878.8,  243.79,  248.97,  257.49,  253.28, 1035.20, 1030.86, 1027.81, 1014.84,   750.4,  -0,  GPS,  174.0, 109.10, 114.30, 118.400, 124.575,       ,       ,       ,      ,       ,       ,    3.5,       ,      ,       ,      ,      ,   0.0, 3DDiff, 3704,      ,     11,  16.0,     18
2012-10-17, 12:54:18,  -05:00,       ,   47.9517555,  -97.1748199,   840.6, 29.09,   839.1,  10.0,   0.00,   4.59,  -20.21,   2.35,  -0.18,   0.01,  -0.01, 178.7, 178.5,  27.5,  27.6,   1.2,  -0.0,  21.47,  23.50,     1.84,  141.75,   56.14,  876.4,  243.63,  249.00,  257.41,  253.28, 1035.92, 1029.87, 1026.87, 1013.88,   751.3,   0,  GPS,  174.0, 109.10, 114.30, 118.400, 124.575,       ,       ,       ,      ,       ,       ,    3.5,       ,      ,       ,      ,      ,  -3.9, 3DDiff, 3704,      ,     11,  16.0,     18
2012-10-17, 12:54:19,  -05:00,       ,   47.9517441,  -97.1748199,   840.6, 29.09,   837.8,  10.0,   0.00,   3.52,  -41.40,   2.10,  -0.12,   0.01,  -0.03, 178.3, 178.8,  27.6,  27.6,   1.3,  -0.0,  21.39,  23.50,     1.84,  141.78,   56.02,  867.4,  243.42,  248.90,  257.28,  253.23, 1035.70, 1029.35, 1025.88, 1011.74,   750.0,   0,  GPS,  174.0, 109.10, 114.30, 118.400, 124.575,       ,       ,       ,      ,       ,       ,    3.5,       ,      ,       ,      ,      ,   0.0, 3DDiff, 3704,      ,     10,  15.5,     18
2012-10-17, 12:54:20,  -05:00,       ,   47.9517326,  -97.1748199,   839.6, 29.09,   838.0,  10.0,   0.00,   2.35,  -35.94,   2.33,  -0.15,  -0.01,  -0.01, 178.1, 178.2,  27.6,  27.6,   1.3,   0.1,  21.32,  23.60,     1.89,  141.80,   55.97,  859.9,  243.26,  248.84,  257.18,  253.24, 1034.84, 1028.12, 1024.48, 1011.62,   750.2,  -0,  GPS,  174.0, 109.10, 114.30, 118.400, 124.575,       ,       ,       ,      ,       ,       ,    3.5,       ,      ,       ,      ,      ,  -3.9, 3DDiff, 3704,      ,     10,  15.5,     18
2012-10-17, 12:54:21,  -05:00,       ,   47.9517288,  -97.1748199,   835.6, 29.09,   837.9,  10.0,   0.00,   1.40,  -96.83,   2.48,  -0.07,   0.00,  -0.06, 178.2, 178.2,  27.5,  27.5,   1.3,  -0.0,  21.25,  23.66,     1.92,  141.82,   55.93,  856.7,  243.18,  248.85,  257.18,  253.35, 1033.83, 1027.40, 1022.62, 1011.17,   750.1,   0,  GPS,  174.0, 109.10, 114.30, 118.400, 124.575,       ,       ,       ,      ,       ,       ,    3.5,       ,      ,       ,      ,      ,   0.0, 3DDiff, 3704,      ,     10,  16.0,     18
2012-10-17, 12:54:22,  -05:00,       ,   47.9517250,  -97.1748199,   834.6, 29.09,   837.9,  10.0,   0.00,   0.00, -111.79,   3.07,  -0.03,   0.01,   0.04, 178.5, 178.2,  27.5,  27.5,   1.2,   0.0,  21.25,  23.71,     1.86,  141.85,   55.77,  848.6,  243.06,  248.89,  257.12,  253.40, 1032.05, 1026.89, 1022.11, 1011.14,   750.1,   0,  GPS,  174.0, 109.10, 114.30, 118.400, 124.575,       ,       ,       ,      ,       ,       ,    3.5,       ,      ,       ,      ,      ,   0.0, 3DDiff, 3704,      ,     11,  16.0,     18
2012-10-17, 12:54:23,  -05:00,       ,   47.9517250,  -97.1748199,   837.6, 29.09,   838.5,  10.0,   0.00,   0.00,  -34.38,   2.87,  -0.09,  -0.00,   0.00, 178.6, 178.2,  27.5,  27.5,   1.3,  -0.0,  21.13,  23.83,     1.93,  141.87,   55.68,  843.3,  242.82,  248.86,  257.00,  253.36, 1029.67, 1026.78, 1021.67, 1010.76,   750.6,  -0,  GPS,  174.0, 109.10, 114.30, 118.400, 124.575,       ,       ,       ,      ,       ,       ,    3.5,       ,      ,       ,      ,      ,   3.9, 3DDiff, 3704,      ,     11,  15.5,     18
2012-10-17, 12:54:24,  -05:00,       ,   47.9517250,  -97.1748276,   838.6, 29.09,   837.3,  10.0,   0.00,   0.00,   30.26,   3.02,  -0.05,  -0.00,   0.00, 179.0, 178.2,  27.5,  27.5,   1.2,  -0.1,  21.00,  23.87,     1.88,  141.89,   55.68,  840.4,  242.76,  248.93,  257.04,  253.41, 1027.79, 1027.21, 1020.99, 1010.00,   749.5,  -0,  GPS,  174.0, 109.10, 114.30, 118.400, 124.575,       ,       ,       ,      ,       ,       ,    3.5,       ,      ,       ,      ,      ,   0.0, 3DDiff, 3704,      ,     11,  15.5,     19
2012-10-17, 12:54:25,  -05:00,       ,   47.9517250,  -97.1748276,   835.6, 29.09,   839.2,  10.0,   0.00,   0.00,  -12.28,   2.91,  -0.01,  -0.00,  -0.01, 179.2, 178.2,  27.5,  27.6,   1.3,   0.1,  20.93,  24.00,     1.93,  141.91,   55.67,  837.7,  242.73,  248.97,  257.00,  253.59, 1026.11, 1026.66, 1021.10, 1008.70,   751.4,   0,  GPS,  174.0, 109.10, 114.30, 118.400, 124.575,       ,       ,       ,      ,       ,       ,    3.5,       ,      ,       ,      ,      ,   0.0, 3DDiff, 3704,      ,     10,  15.5,     18
2012-10-17, 12:54:26,  -05:00,       ,   47.9517250,  -97.1748276,   835.6, 29.09,   839.3,  10.0,   0.00,   0.00,  -32.87,   2.94,  -0.09,   0.00,  -0.02, 179.5, 178.2,  27.5,  27.6,   1.4,   0.1,  20.88,  24.00,     1.87,  141.93,   55.69,  838.2,  242.56,  248.98,  256.94,  253.58, 1026.73, 1025.08, 1021.49, 1006.71,   751.5,  -0,  GPS,  174.0, 109.10, 114.30, 118.400, 124.575,       ,       ,       ,      ,       ,       ,    3.5,       ,      ,       ,      ,      ,   0.0, 3DDiff, 3704,      ,     10,  15.5,     18
2012-10-17, 12:54:27,  -05:00,       ,   47.9517250,  -97.1748276,   835.6, 29.09,   839.4,  10.0,   0.00,   0.00,  -29.77,   2.93,  -0.09,  -0.00,  -0.01, 179.7, 178.2,  27.5,  27.5,   1.4,   0.0,  20.86,  24.00,     1.92,  141.94,   55.62,  836.4,  242.44,  248.98,  256.86,  253.67, 1026.92, 1024.16, 1020.94, 1005.05,   751.6,  -0,  GPS,  174.0, 109.10, 114.30, 118.400, 124.575,       ,       ,       ,      ,       ,       ,    3.5,       ,      ,       ,      ,      ,   0.0, 3DDiff, 3704,      ,     10,  15.5,     18
2012-10-17, 12:54:28,  -05:00,       ,   47.9517250,  -97.1748276,   835.6, 29.09,   839.4,  10.0,   0.00,   0.00,  -12.05,   2.92,  -0.07,   0.00,  -0.00, 180.0, 178.2,  27.6,  27.6,   1.3,  -0.1,  20.69,  24.00,     1.90,  141.96,   55.60,  834.4,  242.37,  249.05,  256.86,  253.75, 1027.49, 1024.94, 1018.62, 1004.62,   751.6,   0,  GPS,  174.0, 109.10, 114.30, 118.400, 124.575,       ,       ,       ,      ,       ,       ,    3.5,       ,      ,       ,      ,      ,   0.0, 3DDiff, 3704,      ,     11,  16.0,     18
2012-10-17, 12:54:29,  -05:00,       ,   47.9517212,  -97.1748276,   835.6, 29.09,   839.2,  10.0,   0.00,   0.00,  -15.49,   2.92,  -0.08,  -0.00,  -0.01, 180.3, 178.2,  27.6,  27.6,   1.2,  -0.1,  20.61,  24.00,     1.85,  141.98,   55.66,  835.9,  242.27,  249.11,  256.86,  253.86, 1028.21, 1026.38, 1016.10, 1004.06,   751.4,   0,  GPS,  174.0, 109.10, 114.30, 118.400, 124.575,       ,       ,       ,      ,       ,       ,    3.5,       ,      ,       ,      ,      ,   0.0, 3DDiff, 3704,      ,     11,  15.5,     18
2012-10-17, 12:54:30,  -05:00,       ,   47.9517212,  -97.1748276,   835.6, 29.09,   840.3,  10.0,   0.00,   0.00,   -3.98,   2.91,  -0.03,  -0.00,  -0.01, 180.5, 178.2,  27.4,  27.4,   1.4,   0.1,  20.54,  24.00,     1.91,  141.99,   55.59,  831.5,  242.15,  249.13,  256.81,  253.87, 1030.32, 1025.55, 1013.90, 1002.70,   752.5,  -0,  GPS,  174.0, 109.10, 114.30, 118.400, 124.575,       ,       ,       ,      ,       ,       ,    3.5,       ,      ,       ,      ,      ,   0.0, 3DDiff, 3704,      ,     11,  15.5,     18
2012-10-17, 12:54:31,  -05:00,       ,   47.9517250,  -97.1748199,   835.6, 29.09,   838.8,  10.0,   0.00,   0.00,   -1.07,   2.92,  -0.01,   0.02,  -0.01, 180.8, 178.2,  27.4,  27.4,   1.3,  -0.1,  20.47,  24.00,     1.84,  142.01,   55.45,  825.5,  241.98,  249.08,  256.72,  253.89, 1032.04, 1023.58, 1013.53, 1003.24,   751.0,   0,  GPS,  174.0, 109.10, 114.30, 118.400, 124.575,       ,       ,       ,      ,       ,       ,    3.5,       ,      ,       ,      ,      ,   0.0, 3DDiff, 3704,      ,     10,  15.5,     18
2012-10-17, 12:54:32,  -05:00,       ,   47.9517250,  -97.1748199,   833.6, 29.09,   838.9,  10.0,   0.00,   0.00,  -35.15,   2.91,  -0.08,   0.00,  -0.01, 180.9, 178.2,  27.4,  27.4,   1.3,   0.0,  20.34,  24.00,     1.89,  142.02,   55.64,  830.4,  241.98,  249.22,  256.77,  254.03, 1032.52, 1022.70, 1016.26, 1003.27,   751.1,   0,  GPS,  174.0, 109.10, 114.30, 118.400, 124.575,       ,       ,       ,      ,       ,       ,    3.5,       ,      ,       ,      ,      ,   3.9, 3DDiff, 3704,      ,     10,  15.5,     18
2012-10-17, 12:54:33,  -05:00,       ,   47.9517250,  -97.1748199,   833.6, 29.09,   838.8,  10.0,   0.00,   0.00,  -31.60,   2.90,  -0.09,   0.00,  -0.01, 181.0, 178.2,  27.4,  27.4,   1.2,  -0.0,  20.39,  24.00,     1.84,  142.04,   55.65,  835.3,  241.95,  249.31,  256.81,  254.19, 1031.66, 1021.61, 1016.45, 1002.45,   751.0,  -0,  GPS,  174.0, 109.10, 114.30, 118.400, 124.575,       ,       ,       ,      ,       ,       ,    3.5,       ,      ,       ,      ,      ,   0.0, 3DDiff, 3704,      ,     10,  15.5,     18
2012-10-17, 12:54:34,  -05:00,       ,   47.9517250,  -97.1748199,   832.6, 29.09,   838.8,  10.0,   0.00,   0.00,  -39.32,   2.89,  -0.05,   0.01,  -0.01, 181.2, 178.2,  27.5,  27.6,   1.3,   0.0,  20.34,  24.00,     1.90,  142.05,   55.58,  831.6,  241.83,  249.37,  256.82,  254.28, 1031.73, 1021.76, 1016.37, 1002.05,   751.0,   0,  GPS,  174.0, 109.10, 114.30, 118.400, 124.575,       ,       ,       ,      ,       ,       ,    3.5,       ,      ,       ,      ,      ,   0.0, 3DDiff, 3704,      ,     11,  16.0,     18
2012-10-17, 12:54:35,  -05:00,       ,   47.9517250,  -97.1748199,   833.6, 29.09,   838.7,  10.0,   0.00,   0.00,  -16.97,   2.90,  -0.05,   0.00,  -0.01, 181.3, 178.2,  27.5,  27.5,   1.4,   0.0,  20.39,  24.00,     1.85,  142.07,   55.66,  833.3,  241.81,  249.45,  256.83,  254.40, 1032.48, 1022.97, 1016.82, 1002.10,   750.9,   0,  GPS,  174.0, 109.10, 114.30, 118.400, 124.575,       ,       ,       ,      ,       ,       ,    3.5,       ,      ,       ,      ,      ,   0.0, 3DDiff, 3704,      ,     11,  15.5,     18
2012-10-17, 12:54:36,  -05:00,       ,   47.9517250,  -97.1748276,   833.6, 29.09,   837.6,  10.0,   0.00,   0.00,    4.33,   2.97,  -0.05,   0.01,  -0.01, 181.5, 178.2,  27.5,  27.5,   1.3,  -0.0,  20.39,  24.00,     1.91,  142.08,   55.78,  840.3,  241.71,  249.54,  256.85,  254.50, 1033.21, 1021.76, 1018.85, 1001.86,   749.7,  -0,  GPS,  174.0, 109.10, 114.30, 118.400, 124.575,       ,       ,       ,      ,       ,       ,    3.5,       ,      ,       ,      ,      ,   0.0, 3DDiff, 3704,      ,     11,  15.5,     18
2012-10-17, 12:54:37,  -05:00,       ,   47.9517212,  -97.1748276,   834.6, 29.09,   839.2,  10.0,   0.00,   0.00,   17.49,   3.02,  -0.04,   0.00,   0.00, 181.5, 178.2,  27.4,  27.4,   1.3,  -0.0,  20.42,  24.00,     1.83,  142.10,   55.92,  844.7,  241.68,  249.59,  256.86,  254.58, 1032.22, 1020.69, 1018.50, 1000.26,   751.4,  -0,  GPS,  174.0, 109.10, 114.30, 118.400, 124.575,       ,       ,       ,      ,       ,       ,    3.5,       ,      ,       ,      ,      ,   0.0, 3DDiff, 3704,      ,     10,  15.5,     18
2012-10-17, 12:54:38,  -05:00,       ,   47.9517212,  -97.1748276,   833.6, 29.09,   839.2,  10.0,   0.00,   0.00,   12.32,   3.03,  -0.03,   0.00,  -0.01, 181.5, 178.2,  27.5,  27.5,   1.4,   0.0,  20.42,  24.00,     1.92,  142.11,   55.70,  836.3,  241.58,  249.69,  256.86,  254.75, 1031.56, 1019.56, 1017.51,  998.47,   751.4,   0,  GPS,  174.0, 109.10, 114.30, 118.400, 124.575,       ,       ,       ,      ,       ,       ,    3.5,       ,      ,       ,      ,      ,   0.0, 3DDiff, 3704,      ,     10,  15.5,     18
2012-10-17, 12:54:39,  -05:00,       ,   47.9517174,  -97.1748276,   833.6, 29.09,   839.3,  10.0,   0.00,   0.00,   -7.20,   3.19,  -0.07,   0.02,   0.01, 181.5, 178.2,  27.5,  27.6,   1.3,   0.1,  20.42,  24.00,     1.86,  142.12,   55.86,  841.0,  241.54,  249.74,  256.86,  254.83, 1032.49, 1018.91, 1018.36,  998.64,   751.5,  -0,  GPS,  174.0, 109.10, 114.30, 118.400, 124.575,       ,       ,       ,      ,       ,       ,    3.5,       ,      ,       ,      ,      ,   0.0, 3DDiff, 3704,      ,     10,  15.5,     18
2012-10-17, 12:54:40,  -05:00,       ,   47.9517136,  -97.1748276,   833.6, 29.09,   839.4,  10.0,   0.00,   0.00,  -20.68,   3.08,  -0.07,   0.02,  -0.01, 181.4, 178.2,  27.5,  27.5,   1.4,   0.1,  20.42,  24.00,     2.05,  142.14,   56.40,  864.8,  241.54,  249.84,  256.86,  254.98, 1033.42, 1018.26, 1018.07,  998.55,   751.6,  -0,  GPS,  174.0, 109.10, 114.30, 118.400, 124.575,       ,       ,       ,      ,       ,       ,    3.5,       ,      ,       ,      ,      ,   0.0, 3DDiff, 3704,      ,     11,  16.0,     18
2012-10-17, 12:54:41,  -05:00,       ,   47.9517059,  -97.1748276,   833.6, 29.09,   839.5,  10.0,   0.00,   1.11,    3.10,   2.99,  -0.02,  -0.01,  -0.01, 181.1, 178.2,  27.5,  27.5,   1.1,  -0.0,  20.42,  24.00,     2.26,  142.15,   57.47,  926.4,  241.45,  249.92,  256.94,  255.09, 1034.55, 1018.57, 1018.82,  999.01,   751.7,   0,  GPS,  174.0, 109.10, 114.30, 118.400, 124.575,       ,       ,       ,      ,       ,       ,    3.5,       ,      ,       ,      ,      ,   3.9, 3DDiff, 3704,      ,     11,  15.5,     18
2012-10-17, 12:54:42,  -05:00,       ,   47.9517021,  -97.1748276,   834.6, 29.09,   840.1,  10.0,   0.00,   1.46,   16.82,   2.59,  -0.07,   0.00,  -0.06, 181.0, 178.2,  27.5,  27.6,   1.2,  -0.1,  20.39,  24.00,     2.28,  142.16,   58.14,  963.3,  241.41,  249.98,  256.99,  255.22, 1037.36, 1020.43, 1020.93, 1002.09,   752.3,   0,  GPS,  174.0, 109.10, 114.30, 118.400, 124.575,       ,       ,       ,      ,       ,       ,    3.5,       ,      ,       ,      ,      ,   3.9, 3DDiff, 3704,      ,     11,  15.5,     18
2012-10-17, 12:54:43,  -05:00,       ,   47.9516907,  -97.1748199,   835.6, 29.09,   838.5,  10.0,   0.00,   1.83,   39.00,   2.90,  -0.02,  -0.01,   0.06, 180.6, 178.2,  27.6,  27.6,   1.3,  -0.0,  20.42,  24.00,     2.38,  142.17,   58.78,  995.6,  241.37,  250.11,  256.99,  255.40, 1041.09, 1024.41, 1024.94, 1007.37,   750.7,  -0,  GPS,  174.0, 109.10, 114.30, 118.400, 124.575,       ,       ,       ,      ,       ,       ,    3.5,       ,      ,       ,      ,      ,   0.0, 3DDiff, 3704,      ,     10,  15.5,     18
2012-10-17, 12:54:44,  -05:00,       ,   47.9516830,  -97.1748199,   836.6, 29.09,   838.4,  10.0,   0.00,   2.37,   57.81,   2.77,  -0.02,  -0.01,  -0.02, 180.4, 176.5,  27.5,  27.6,   1.3,   0.0,  20.42,  24.00,     2.58,  142.18,   59.56, 1037.5,  241.33,  250.24,  257.10,  255.50, 1045.85, 1027.77, 1030.32, 1015.08,   750.6,   0,  GPS,  174.0, 109.10, 114.30, 118.400, 124.575,       ,       ,       ,      ,       ,       ,    3.5,       ,      ,       ,      ,      ,   0.0, 3DDiff, 3704,      ,     10,  15.5,     18
2012-10-17, 12:54:45,  -05:00,       ,   47.9516678,  -97.1748199,   837.6, 29.09,   838.4,  10.0,   0.00,   2.95,   54.09,   2.76,  -0.08,   0.00,  -0.01, 180.0, 176.2,  27.5,  27.6,   1.3,   0.0,  20.47,  24.00,     2.61,  142.19,   59.99, 1070.7,  241.29,  250.30,  257.12,  255.68, 1051.44, 1031.05, 1035.72, 1022.31,   750.6,   0,  GPS,  174.0, 109.10, 114.30, 118.400, 124.575,       ,       ,       ,      ,       ,       ,    3.5,       ,      ,       ,      ,      ,   0.0, 3DDiff, 3704,      ,     10,  15.5,     18
2012-10-17, 12:54:46,  -05:00,       ,   47.9516525,  -97.1748199,   837.6, 29.09,   838.3,  10.0,   0.00,   3.56,   42.92,   2.93,  -0.11,  -0.01,   0.01, 179.6, 175.7,  27.5,  27.5,   1.3,   0.0,  20.47,  24.00,     2.63,  142.19,   60.11, 1079.6,  241.33,  250.44,  257.22,  255.81, 1059.44, 1035.75, 1040.94, 1030.10,   750.5,  -0,  GPS,  174.0, 109.10, 114.30, 118.400, 124.575,       ,       ,       ,      ,       ,       ,    3.5,       ,      ,       ,      ,      ,   0.0, 3DDiff, 3704,      ,     10,  16.0,     18
2012-10-17, 12:54:47,  -05:00,       ,   47.9516335,  -97.1748199,   839.6, 29.09,   837.9,  10.0,   0.00,   4.16,   55.72,   2.96,  -0.19,  -0.01,   0.01, 178.0, 175.3,  27.5,  27.5,   1.2,  -0.1,  20.47,  24.00,     2.65,  142.20,   60.20, 1084.4,  241.28,  250.57,  257.28,  256.01, 1067.59, 1041.30, 1046.10, 1037.25,   750.1,   0,  GPS,  174.0, 109.10, 114.30, 118.400, 124.575,       ,       ,       ,      ,       ,       ,    3.5,       ,      ,       ,      ,      ,   0.0, 3DDiff, 3704,      ,     10,  15.5,     18
2012-10-17, 12:54:48,  -05:00,       ,   47.9516106,  -97.1748199,   839.6, 29.09,   837.8,  10.0,   0.00,   4.74,   44.75,   2.80,  -0.13,  -0.00,  -0.02, 177.1, 174.8,  27.6,  27.6,   1.2,  -0.0,  20.49,  24.00,     2.65,  142.21,   60.31, 1089.6,  241.27,  250.72,  257.38,  256.18, 1073.41, 1046.22, 1050.95, 1043.72,   750.0,   0,  GPS,  174.0, 109.10, 114.30, 118.400, 124.575,       ,       ,       ,      ,       ,       ,    3.5,       ,      ,       ,      ,      ,   0.0, 3DDiff, 3704,      ,     11,  15.5,     18
2012-10-17, 12:54:49,  -05:00,       ,   47.9515839,  -97.1748199,   839.6, 29.09,   839.6,  10.2,  -0.00,   5.31,   32.43,   2.83,  -0.10,   0.02,  -0.02, 177.0, 174.7,  27.5,  27.6,   1.3,   0.0,  20.54,  24.00,     2.62,  142.21,   60.37, 1093.4,  241.27,  250.87,  257.49,  256.35, 1076.39, 1050.51, 1055.06, 1050.14,   751.8,  -0,  GPS,  174.0, 109.10, 114.30, 118.400, 124.575,       ,       ,       ,      ,       ,       ,    3.5,       ,      ,       ,      ,      ,   3.9, 3DDiff, 3704,      ,     10,  15.5,     18
2012-10-17, 12:54:50,  -05:00,       ,   47.9515572,  -97.1748199,   841.6, 29.09,   839.7,  10.2,  -0.00,   5.85,   50.42,   2.91,  -0.05,  -0.00,  -0.01, 177.5, 175.7,  27.5,  27.5,   1.3,   0.0,  20.56,  24.00,     2.62,  142.21,   60.34, 1092.2,  241.34,  251.01,  257.62,  256.53, 1079.61, 1054.13, 1058.79, 1055.81,   751.9,  -0,  GPS,  174.0, 109.10, 114.30, 118.400, 124.575,       ,       ,       ,      ,       ,       ,    3.5,       ,      ,       ,      ,      ,   0.0, 3DDiff, 3704,      ,     10,  15.5,     18
2012-10-17, 12:54:51,  -05:00,       ,   47.9515228,  -97.1748199,   840.6, 29.09,   839.8,  10.2,   0.00,   6.38,   25.35,   2.89,  -0.12,   0.02,  -0.02, 178.2, 177.0,  27.5,  27.5,   1.3,  -0.0,  20.54,  24.00,     2.61,  142.22,   60.10, 1078.9,  241.31,  251.14,  257.66,  256.69, 1083.42, 1058.02, 1062.65, 1059.29,   752.0,   0,  GPS,  174.0, 109.10, 114.30, 118.400, 124.575,       ,       ,       ,      ,       ,       ,    3.5,       ,      ,       ,      ,      ,   0.0, 3DDiff, 3704,      ,     10,  15.5,     18
2012-10-17, 12:54:52,  -05:00,       ,   47.9514923,  -97.1748199,   842.6, 29.09,   840.0,  10.2,   0.00,   6.86,   42.46,   2.75,  -0.04,   0.01,  -0.03, 178.8, 178.3,  27.5,  27.5,   1.2,  -0.0,  20.54,  24.00,     2.64,  142.22,   59.93, 1066.4,  241.38,  251.29,  257.78,  256.89, 1088.11, 1062.05, 1066.28, 1063.45,   752.2,  -0,  GPS,  174.0, 109.10, 114.30, 118.400, 124.575,       ,       ,       ,      ,       ,       ,    3.5,       ,      ,       ,      ,      ,   0.0, 3DDiff, 3704,      ,     10,  16.0,     18
2012-10-17, 12:54:53,  -05:00,       ,   47.9514580,  -97.1748276,   842.6, 29.09,   840.2,  10.2,   0.00,   7.33,   33.43,   2.33,   0.23,  -0.02,  -0.01, 178.1, 179.2,  27.5,  27.5,   1.3,   0.1,  20.49,  24.00,     2.64,  142.22,   59.91, 1064.2,  241.40,  251.43,  257.91,  257.08, 1092.30, 1064.79, 1068.83, 1066.81,   752.4,  -0,  GPS,  174.0, 109.10, 114.30, 118.400, 124.575,       ,       ,       ,      ,       ,       ,    3.5,       ,      ,       ,      ,      ,  -3.9, 3DDiff, 3704,      ,     10,  15.5,     18
2012-10-17, 12:54:54,  -05:00,       ,   47.9514236,  -97.1748276,   841.6, 29.09,   839.9,  10.2,   0.00,   7.70,    7.26,   2.57,   0.07,  -0.01,  -0.03, 177.4, 178.3,  27.5,  27.5,   1.2,   0.0,  20.54,  24.00,     2.60,  142.22,   59.87, 1063.4,  241.41,  251.57,  258.05,  257.30, 1095.25, 1066.73, 1070.67, 1069.67,   752.1,   0,  GPS,  174.0, 109.10, 114.30, 118.400, 124.575,       ,       ,       ,      ,       ,       ,    3.5,       ,      ,       ,      ,      ,  -3.9, 3DDiff, 3704,      ,     11,  15.5,     18
2012-10-17, 12:54:55,  -05:00,       ,   47.9513893,  -97.1748276,   841.6, 29.09,   838.4,  10.2,   0.00,   7.99,   -8.15,   2.75,  -0.12,  -0.01,   0.05, 176.9, 177.3,  27.4,  27.5,   1.2,  -0.0,  20.56,  24.00,     2.61,  142.21,   59.91, 1067.1,  241.41,  251.72,  258.18,  257.46, 1097.13, 1067.69, 1072.08, 1071.99,   750.6,   0,  GPS,  174.0, 109.10, 114.30, 118.400, 124.575,       ,       ,       ,      ,       ,       ,    3.5,       ,      ,       ,      ,      ,   0.0, 3DDiff, 3704,      ,     10,  15.5,     18
2012-10-17, 12:54:56,  -05:00,       ,   47.9513474,  -97.1748276,   840.6, 29.09,   838.2,  10.2,  -0.00,   8.14,  -25.65,   3.01,  -0.04,   0.01,  -0.02, 177.0, 176.6,  27.5,  27.5,   1.2,  -0.0,  20.61,  24.00,     2.65,  142.21,   59.91, 1067.0,  241.45,  251.92,  258.31,  257.67, 1099.51, 1067.54, 1073.15, 1073.83,   750.4,  -0,  GPS,  174.0, 109.10, 114.30, 118.400, 124.575,       ,       ,       ,      ,       ,       ,    3.5,       ,      ,       ,      ,      ,   0.0, 3DDiff, 3704,      ,     10,  15.5,     18
2012-10-17, 12:54:57,  -05:00,       ,   47.9513168,  -97.1748276,   840.6, 29.09,   838.3,  10.2,   0.00,   8.20,  -34.52,   2.15,  -0.20,  -0.01,   0.02, 176.5, 176.5,  27.5,  27.5,   1.1,  -0.0,  20.56,  24.00,     2.64,  142.21,   59.89, 1064.0,  241.53,  252.08,  258.43,  257.88, 1103.15, 1068.58, 1073.91, 1075.93,   750.5,   0,  GPS,  174.0, 109.10, 114.30, 118.400, 124.575,       ,       ,       ,      ,       ,       ,    3.5,       ,      ,       ,      ,      ,   7.9, 3DDiff, 3704,      ,     10,  15.5,     18
2012-10-17, 12:54:58,  -05:00,       ,   47.9512749,  -97.1748276,   842.6, 29.09,   838.0,  10.2,   0.00,   8.18,   23.15,   1.78,  -0.08,  -0.00,  -0.07, 176.7, 176.0,  27.6,  27.6,   1.3,   0.0,  20.61,  24.00,     2.62,  142.21,   59.96, 1065.8,  241.54,  252.24,  258.57,  258.09, 1106.27, 1070.43, 1075.13, 1077.33,   750.2,   0,  GPS,  174.0, 109.10, 114.30, 118.400, 124.575,       ,       ,       ,      ,       ,       ,    3.5,       ,      ,       ,      ,      ,  -3.9, 3DDiff, 3704,      ,     10,  16.0,     18
2012-10-17, 12:54:59,  -05:00,       ,   47.9512367,  -97.1748276,   840.6, 29.09,   837.4,  10.2,   0.00,   8.24,  -15.96,   2.32,  -0.01,  -0.00,   0.03, 176.6, 176.4,  27.5,  27.5,   1.3,   0.0,  20.56,  24.00,     2.65,  142.20,   59.97, 1064.4,  241.54,  252.38,  258.68,  258.29, 1109.39, 1071.79, 1076.08, 1078.85,   749.6,  -0,  GPS,  174.0, 109.10, 114.30, 118.400, 124.575,       ,       ,       ,      ,       ,       ,    3.5,       ,      ,       ,      ,      ,  -7.9, 3DDiff, 3704,      ,     10,  15.5,     18
2012-10-17, 12:55:00,  -05:00,       ,   47.9511986,  -97.1748276,   842.6, 29.09,   837.7,  10.2,   0.00,   8.22,   15.36,   2.11,  -0.03,   0.01,  -0.03, 176.6, 176.5,  27.5,  27.5,   1.2,  -0.1,  20.54,  24.00,     2.61,  142.20,   59.89, 1061.3,  241.60,  252.55,  258.84,  258.49, 1112.36, 1072.70, 1077.32, 1080.05,   749.9,   0,  GPS,  174.0, 109.10, 114.30, 118.400, 124.575,       ,       ,       ,      ,       ,       ,    3.5,       ,      ,       ,      ,      ,  -3.9, 3DDiff, 3704,      ,     11,  15.5,     18
2012-10-17, 12:55:01,  -05:00,       ,   47.9511604,  -97.1748276,   842.6, 29.09,   839.3,  10.2,   0.00,   8.38,   30.02,   2.30,   0.01,  -0.02,   0.03, 176.5, 176.5,  27.6,  27.6,   1.2,  -0.0,  20.56,  24.00,     2.66,  142.19,   59.87, 1058.5,  241.63,  252.73,  258.95,  258.70, 1114.35, 1074.41, 1080.13, 1080.19,   751.5,   0,  GPS,  174.0, 109.10, 114.30, 118.400, 124.575,       ,       ,       ,      ,       ,       ,    3.5,       ,      ,       ,      ,      ,  -3.9, 3DDiff, 3704,      ,     10,  15.5,     18
2012-10-17, 12:55:02,  -05:00,       ,   47.9511108,  -97.1748276,   843.6, 29.09,   839.4,  10.2,   0.00,   8.67,   51.19,   2.27,  -0.18,   0.03,  -0.02, 176.9, 176.3,  27.5,  27.6,   1.2,  -0.0,  20.61,  24.00,     2.63,  142.19,   59.69, 1053.5,  241.66,  252.89,  259.09,  258.89, 1115.22, 1075.50, 1082.20, 1080.28,   751.6,  -0,  GPS,  174.0, 109.10, 114.30, 118.400, 124.575,       ,       ,       ,      ,       ,       ,    3.5,       ,      ,       ,      ,      ,  -3.9, 3DDiff, 3704,      ,     10,  15.5,     18
2012-10-17, 12:55:03,  -05:00,       ,   47.9510727,  -97.1748276,   840.6, 29.09,   839.5,  10.2,  -0.00,   8.67,  -15.01,   2.32,   0.03,   0.00,   0.01, 176.8, 176.8,  27.5,  27.5,   1.3,   0.0,  20.61,  24.00,     2.66,  142.18,   59.59, 1041.7,  241.67,  253.05,  259.21,  259.10, 1117.83, 1077.04, 1082.42, 1080.91,   751.7,  -0,  GPS,  174.0, 109.10, 114.30, 118.400, 124.575,       ,       ,       ,      ,       ,       ,    3.5,       ,      ,       ,      ,      ,   0.0, 3DDiff, 3704,      ,     10,  15.5,     18
2012-10-17, 12:55:04,  -05:00,       ,   47.9510345,  -97.1748276,   841.6, 29.09,   839.6,  10.2,   0.00,   8.57,  -23.84,   2.00,   0.10,   0.00,  -0.00, 176.9, 176.9,  27.5,  27.5,   1.3,   0.0,  20.61,  24.00,     2.60,  142.18,   59.43, 1031.0,  241.71,  253.23,  259.35,  259.33, 1118.86, 1077.93, 1083.27, 1082.61,   751.8,   0,  GPS,  174.0, 109.10, 114.30, 118.400, 124.575,       ,       ,       ,      ,       ,       ,    3.5,       ,      ,       ,      ,      ,  -3.9, 3DDiff, 3704,      ,     10,  16.0,     18
2012-10-17, 12:55:05,  -05:00,       ,   47.9510002,  -97.1748276,   839.6, 29.09,   839.7,  10.2,  -0.00,   8.47,  -51.79,   2.31,  -0.03,   0.02,   0.01, 177.1, 176.9,  27.5,  27.5,   1.2,  -0.0,  20.61,  24.00,     2.66,  142.17,   59.57, 1041.0,  241.79,  253.38,  259.46,  259.52, 1118.73, 1076.52, 1084.26, 1084.97,   751.9,  -0,  GPS,  174.0, 109.10, 114.30, 118.400, 124.575,       ,       ,       ,      ,       ,       ,    3.5,       ,      ,       ,      ,      ,  -3.9, 3DDiff, 3704,      ,     10,  16.0,     18
2012-10-17, 12:55:06,  -05:00,       ,   47.9509583,  -97.1748276,   841.6, 29.09,   839.2,  10.2,   0.00,   8.26,  -23.17,   2.24,  -0.10,  -0.00,   0.04, 176.8, 177.3,  27.5,  27.5,   1.2,   0.0,  20.61,  24.00,     2.65,  142.16,   59.55, 1037.4,  241.81,  253.57,  259.56,  259.72, 1120.43, 1075.15, 1084.22, 1087.87,   751.4,  -0,  GPS,  174.0, 109.10, 114.30, 118.400, 124.575,       ,       ,       ,      ,       ,       ,    3.5,       ,      ,       ,      ,      ,   0.0, 3DDiff, 3704,      ,     10,  15.5,     18
2012-10-17, 12:55:07,  -05:00,       ,   47.9509239,  -97.1748276,   843.6, 29.09,   838.2,  10.2,   0.00,   8.09,   58.99,   2.74,  -0.15,   0.01,   0.06, 176.4, 176.7,  27.5,  27.6,   1.1,   0.0,  20.61,  24.00,     2.61,  142.15,   59.44, 1030.8,  241.81,  253.68,  259.69,  259.92, 1121.70, 1075.01, 1083.61, 1089.52,   750.4,   0,  GPS,  174.0, 109.10, 114.30, 118.400, 124.575,       ,       ,       ,      ,       ,       ,    3.5,       ,      ,       ,      ,      ,  -7.9, 3DDiff, 3704,      ,     10,  15.5,     18
2012-10-17, 12:55:08,  -05:00,       ,   47.9508858,  -97.1748276,   841.6, 29.09,   838.2,  10.2,   0.00,   8.03,   19.13,   2.00,  -0.04,   0.01,  -0.07, 176.6, 176.1,  27.5,  27.5,   1.2,   0.0,  20.61,  24.00,     2.67,  142.14,   59.50, 1033.4,  241.83,  253.86,  259.83,  260.15, 1121.12, 1075.13, 1084.20, 1089.52,   750.4,   0,  GPS,  174.0, 109.10, 114.30, 118.400, 124.575,       ,       ,       ,      ,       ,       ,    3.5,       ,      ,       ,      ,      ,  -3.9, 3DDiff, 3704,      ,     10,  15.5,     18
2012-10-17, 12:55:09,  -05:00,       ,   47.9508514,  -97.1748276,   841.6, 29.09,   838.1,  10.2,   0.00,   7.89,  -14.17,   2.88,  -0.05,  -0.02,   0.01, 176.5, 176.4,  27.5,  27.5,   1.2,  -0.0,  20.61,  24.00,     2.61,  142.13,   59.35, 1027.9,  241.81,  254.03,  259.94,  260.36, 1121.33, 1074.97, 1084.40, 1088.91,   750.3,  -0,  GPS,  174.0, 109.10, 114.30, 118.400, 124.575,       ,       ,       ,      ,       ,       ,    3.5,       ,      ,       ,      ,      ,  -3.9, 3DDiff, 3704,      ,     10,  15.5,     18
2012-10-17, 12:55:10,  -05:00,       ,   47.9508095,  -97.1748276,   838.6, 29.09,   838.1,  10.2,   0.00,   8.22,  -64.75,   2.34,  -0.15,   0.02,  -0.02, 177.2, 176.4,  27.5,  27.5,   1.2,  -0.1,  20.66,  24.00,     2.64,  142.12,   59.41, 1031.6,  241.91,  254.23,  260.10,  260.57, 1121.44, 1075.59, 1085.14, 1089.27,   750.3,   0,  GPS,  174.0, 109.10, 114.30, 118.400, 124.575,       ,       ,       ,      ,       ,       ,    3.5,       ,      ,       ,      ,      ,  -3.9, 3DDiff, 3704,      ,     10,  16.0,     18
2012-10-17, 12:55:11,  -05:00,       ,   47.9507713,  -97.1748276,   838.6, 29.09,   838.1,  10.2,   0.00,   8.49,  -58.96,   2.00,  -0.03,  -0.01,  -0.04, 176.3, 177.2,  27.5,  27.5,   1.2,  -0.0,  20.61,  24.00,     2.55,  142.11,   59.08, 1011.9,  241.94,  254.37,  260.21,  260.76, 1120.62, 1075.80, 1085.99, 1091.77,   750.3,   0,  GPS,  174.0, 109.10, 114.30, 118.400, 124.575,       ,       ,       ,      ,       ,       ,    3.5,       ,      ,       ,      ,      ,  -3.9, 3DDiff, 3704,      ,     10,  16.0,     18
2012-10-17, 12:55:12,  -05:00,       ,   47.9507294,  -97.1748276,   838.6, 29.09,   838.4,  10.2,  -0.00,   8.44,  -28.06,   2.16,  -0.14,  -0.02,   0.03, 175.7, 175.9,  27.6,  27.6,   1.3,   0.0,  20.61,  24.00,     2.52,  142.10,   58.85, 1001.9,  241.94,  254.54,  260.34,  260.96, 1121.80, 1075.21, 1087.76, 1095.71,   750.6,  -0,  GPS,  174.0, 109.10, 114.30, 118.400, 124.575,       ,       ,       ,      ,       ,       ,    3.5,       ,      ,       ,      ,      ,  -7.9, 3DDiff, 3704,      ,     11,  16.0,     18
2012-10-17, 12:55:13,  -05:00,       ,   47.9506989,  -97.1748276,   842.6, 29.09,   837.9,  10.2,   0.00,   8.11,   35.02,   2.21,  -0.23,   0.01,  -0.03, 176.2, 175.2,  27.5,  27.5,   1.3,  -0.0,  20.66,  24.00,     2.50,  142.09,   58.53,  985.7,  241.96,  254.68,  260.47,  261.16, 1123.08, 1075.47, 1087.64, 1097.21,   750.1,   0,  GPS,  174.0, 109.10, 114.30, 118.400, 124.575,       ,       ,       ,      ,       ,       ,    3.5,       ,      ,       ,      ,      ,  -3.9, 3DDiff, 3704,      ,     10,  15.5,     18
2012-10-17, 12:55:14,  -05:00,       ,   47.9506607,  -97.1748276,   843.6, 29.09,   837.7,  10.2,   0.00,   7.81,   90.83,   2.26,  -0.24,   0.04,   0.05, 178.7, 176.1,  27.5,  27.6,   1.2,  -0.0,  20.61,  24.00,     2.45,  142.08,   58.31,  972.5,  242.01,  254.90,  260.59,  261.39, 1123.32, 1076.04, 1086.74, 1095.29,   749.9,   0,  GPS,  174.0, 109.10, 114.30, 118.400, 124.575,       ,       ,       ,      ,       ,       ,    3.5,       ,      ,       ,      ,      ,  -7.9, 3DDiff, 3704,      ,     10,  15.5,     18
2012-10-17, 12:55:15,  -05:00,       ,   47.9506264,  -97.1748276,   840.6, 29.09,   837.5,  10.2,   0.00,   7.64,   -6.61,   1.81,  -0.19,  -0.01,  -0.08, 178.9, 178.1,  27.6,  27.6,   1.2,   0.0,  20.61,  24.00,     2.45,  142.06,   58.43,  972.9,  242.04,  255.05,  260.73,  261.63, 1122.74, 1076.26, 1085.93, 1092.84,   749.7,  -0,  GPS,  174.0, 109.10, 114.30, 118.400, 124.575,       ,       ,       ,      ,       ,       ,    3.5,       ,      ,       ,      ,      ,  -7.9, 3DDiff, 3704,      ,     10,  15.5,     18
2012-10-17, 12:55:16,  -05:00,       ,   47.9505882,  -97.1748276,   840.6, 29.09,   837.4,  10.2,   0.00,   7.35,   -0.07,   2.14,  -0.21,  -0.03,  -0.05, 177.4, 177.6,  27.5,  27.5,   1.3,   0.0,  20.61,  24.00,     2.48,  142.05,   58.45,  974.4,  242.06,  255.20,  260.85,  261.81, 1122.03, 1075.91, 1084.57, 1091.57,   749.6,  -0,  GPS,  174.0, 109.10, 114.30, 118.400, 124.575,       ,       ,       ,      ,       ,       ,    3.5,       ,      ,       ,      ,      ,  -7.9, 3DDiff, 3704,      ,     10,  16.0,     18
2012-10-17, 12:55:17,  -05:00,       ,   47.9505539,  -97.1748276,   841.6, 29.09,   836.5,  10.2,   0.00,   7.21,  -17.19,   2.27,  -0.21,   0.01,   0.03, 178.0, 176.3,  27.6,  27.6,   1.3,   0.0,  20.61,  24.00,     2.46,  142.03,   58.46,  976.7,  242.07,  255.34,  260.99,  262.00, 1120.57, 1075.21, 1083.15, 1089.31,   748.7,   0,  GPS,  174.0, 109.10, 114.30, 118.400, 124.575,       ,       ,       ,      ,       ,       ,    3.5,       ,      ,       ,      ,      ,  -7.9, 3DDiff, 3704,      ,     10,  16.0,     18
2012-10-17, 12:55:18,  -05:00,       ,   47.9505234,  -97.1748276,   843.6, 29.09,   835.7,  10.2,  -0.00,   7.33,   34.79,   1.68,  -0.15,  -0.00,  -0.07, 177.1, 176.9,  27.5,  27.5,   1.3,   0.0,  20.56,  24.00,     2.44,  142.02,   58.53,  979.2,  242.08,  255.54,  261.12,  262.23, 1119.39, 1076.08, 1081.95, 1085.59,   747.9,  -0,  GPS,  174.0, 109.10, 114.30, 118.400, 124.575,       ,       ,       ,      ,       ,       ,    3.5,       ,      ,       ,      ,      ,  -3.9, 3DDiff, 3704,      ,     10,  15.5,     18
2012-10-17, 12:55:19,  -05:00,       ,   47.9504852,  -97.1748276,   840.6, 29.09,   836.8,  10.2,  -0.00,   7.29,    6.20,   2.02,   0.00,  -0.02,  -0.02, 176.3, 176.1,  27.5,  27.5,   1.2,  -0.0,  20.66,  24.00,     2.45,  142.00,   58.49,  977.5,  242.08,  255.70,  261.22,  262.43, 1117.33, 1077.61, 1080.65, 1082.83,   749.0,  -0,  GPS,  174.0, 109.10, 114.30, 118.400, 124.575,       ,       ,       ,      ,       ,       ,    3.5,       ,      ,       ,      ,      ,  -7.9, 3DDiff, 3704,      ,     10,  15.5,     18
2012-10-17, 12:55:20,  -05:00,       ,   47.9504547,  -97.1748276,   839.6, 29.09,   836.7,  10.2,   0.00,   7.27,  -52.26,   2.29,  -0.13,   0.00,   0.01, 176.3, 175.5,  27.6,  27.6,   1.2,  -0.0,  20.66,  24.00,     2.48,  141.99,   58.51,  979.9,  242.10,  255.86,  261.36,  262.66, 1116.31, 1077.96, 1080.10, 1082.41,   748.9,   0,  GPS,  174.0, 109.10, 114.30, 118.400, 124.575,       ,       ,       ,      ,       ,       ,    3.5,       ,      ,       ,      ,      ,  -3.9, 3DDiff, 3704,      ,     10,  15.5,     18
2012-10-17, 12:55:21,  -05:00,       ,   47.9504242,  -97.1748276,   841.6, 29.09,   836.8,  10.2,   0.00,   7.00,   -3.98,   2.55,  -0.21,   0.01,  -0.01, 176.3, 175.5,  27.5,  27.6,   1.3,   0.0,  20.61,  24.00,     2.48,  141.97,   58.32,  971.1,  242.15,  256.02,  261.50,  262.84, 1115.45, 1077.86, 1080.76, 1081.80,   749.0,   0,  GPS,  174.0, 109.10, 114.30, 118.400, 124.575,       ,       ,       ,      ,       ,       ,    3.5,       ,      ,       ,      ,      ,   3.9, 3DDiff, 3704,      ,     10,  15.5,     18
2012-10-17, 12:55:22,  -05:00,       ,   47.9503937,  -97.1748276,   840.6, 29.09,   836.8,  10.2,   0.00,   6.71,    1.96,   2.82,  -0.16,  -0.01,  -0.04, 175.8, 175.7,  27.5,  27.5,   1.3,   0.1,  20.56,  24.00,     2.45,  141.96,   58.41,  973.5,  242.19,  256.16,  261.59,  263.02, 1112.77, 1079.05, 1080.21, 1079.85,   749.0,  -0,  GPS,  174.0, 109.10, 114.30, 118.400, 124.575,       ,       ,       ,      ,       ,       ,    3.5,       ,      ,       ,      ,      ,   3.9, 3DDiff, 3704,      ,     10,  16.0,     18
2012-10-17, 12:55:23,  -05:00,       ,   47.9503632,  -97.1748276,   839.6, 29.09,   837.6,  10.2,   0.00,   6.51,  -25.39,   2.80,  -0.24,   0.01,  -0.02, 175.9, 175.4,  27.5,  27.5,   1.1,  -0.1,  20.61,  24.00,     2.44,  141.94,   58.39,  970.1,  242.20,  256.34,  261.69,  263.24, 1110.08, 1078.64, 1078.71, 1078.25,   749.8,   0,  GPS,  174.0, 109.10, 114.30, 118.400, 124.575,       ,       ,       ,      ,       ,       ,    3.5,       ,      ,       ,      ,      ,   7.9, 3DDiff, 3704,      ,     10,  15.5,     18
2012-10-17, 12:55:24,  -05:00,       ,   47.9503326,  -97.1748199,   840.6, 29.09,   838.4,  10.2,   0.00,   6.45,   -4.36,   2.98,  -0.26,   0.01,   0.03, 175.8, 175.5,  27.5,  27.6,   1.2,  -0.0,  20.56,  24.00,     2.42,  141.92,   58.30,  965.6,  242.21,  256.52,  261.82,  263.45, 1108.76, 1077.85, 1078.65, 1077.34,   750.6,   0,  GPS,  174.0, 109.10, 114.30, 118.400, 124.575,       ,       ,       ,      ,       ,       ,    3.5,       ,      ,       ,      ,      ,   3.9, 3DDiff, 3704,      ,     10,  15.5,     18
2012-10-17, 12:55:25,  -05:00,       ,   47.9503059,  -97.1748199,   841.6, 29.09,   838.6,  10.2,  -0.00,   6.32,   17.63,   2.47,  -0.31,  -0.01,  -0.08, 176.0, 175.5,  27.5,  27.6,   1.2,   0.0,  20.56,  24.00,     2.49,  141.90,   58.26,  962.2,  242.21,  256.67,  261.95,  263.65, 1107.57, 1077.52, 1077.88, 1076.25,   750.8,  -0,  GPS,  174.0, 109.10, 114.30, 118.400, 124.575,       ,       ,       ,      ,       ,       ,    3.5,       ,      ,       ,      ,      ,   7.9, 3DDiff, 3704,      ,     10,  15.5,     18
2012-10-17, 12:55:26,  -05:00,       ,   47.9502792,  -97.1748199,   841.6, 29.09,   838.7,  10.2,   0.00,   6.22,   25.70,   2.43,  -0.38,   0.02,  -0.02, 176.2, 175.8,  27.5,  27.5,   1.3,  -0.1,  20.54,  24.00,     2.48,  141.89,   58.35,  965.1,  242.28,  256.87,  262.14,  263.95, 1108.02, 1075.55, 1077.47, 1075.44,   750.9,   0,  GPS,  174.0, 109.10, 114.30, 118.400, 124.575,       ,       ,       ,      ,       ,       ,    3.5,       ,      ,       ,      ,      ,   3.9, 3DDiff, 3704,      ,     10,  15.5,     18
2012-10-17, 12:55:27,  -05:00,       ,   47.9502487,  -97.1748199,   842.6, 29.09,   838.9,  10.2,   0.00,   6.14,   28.76,   3.01,  -0.22,   0.02,   0.02, 176.3, 176.3,  27.5,  27.5,   1.3,   0.1,  20.49,  24.00,     2.48,  141.87,   58.23,  960.2,  242.36,  257.11,  262.34,  264.20, 1105.87, 1073.92, 1075.77, 1075.27,   751.1,   0,  GPS,  174.0, 109.10, 114.30, 118.400, 124.575,       ,       ,       ,      ,       ,       ,    3.5,       ,      ,       ,      ,      ,   3.9, 3DDiff, 3704,      ,     10,  15.5,     18
2012-10-17, 12:55:28,  -05:00,       ,   47.9502220,  -97.1748199,   842.6, 29.09,   839.1,  10.2,   0.00,   5.79,   29.73,   2.37,  -0.19,   0.00,  -0.04, 175.5, 176.5,  27.5,  27.5,   1.2,  -0.0,  20.49,  24.00,     2.50,  141.85,   58.10,  953.0,  242.35,  257.26,  262.42,  264.33, 1104.71, 1073.59, 1075.34, 1074.38,   751.3,  -0,  GPS,  174.0, 109.10, 114.30, 118.400, 124.575,       ,       ,       ,      ,       ,       ,    3.5,       ,      ,       ,      ,      ,   7.9, 3DDiff, 3704,      ,     10,  16.0,     18
2012-10-17, 12:55:29,  -05:00,       ,   47.9501953,  -97.1748199,   840.6, 29.09,   838.9,  10.2,   0.00,   5.50,  -33.73,   2.44,  -0.40,   0.01,  -0.03, 173.8, 175.0,  27.5,  27.5,   1.2,   0.0,  20.54,  24.00,     2.49,  141.84,   58.12,  953.0,  242.31,  257.33,  262.47,  264.47, 1105.39, 1072.77, 1075.22, 1074.39,   751.1,  -0,  GPS,  174.0, 109.10, 114.30, 118.400, 124.575,       ,       ,       ,      ,       ,       ,    3.5,       ,      ,       ,      ,      ,   7.9, 3DDiff, 3704,      ,     10,  16.0,     18
2012-10-17, 12:55:30,  -05:00,       ,   47.9501686,  -97.1748199,   843.6, 29.09,   838.8,  10.2,   0.00,   5.33,   13.68,   2.61,  -0.34,   0.00,   0.05, 173.1, 173.3,  27.5,  27.6,   1.3,   0.0,  20.49,  24.00,     2.48,  141.82,   58.11,  953.3,  242.33,  257.48,  262.58,  264.69, 1105.34, 1072.75, 1075.39, 1073.60,   751.0,   0,  GPS,  174.0, 109.10, 114.30, 118.400, 124.575,       ,       ,       ,      ,       ,       ,    3.5,       ,      ,       ,      ,      ,   3.9, 3DDiff, 3704,      ,     10,  15.5,     18
2012-10-17, 12:55:31,  -05:00,       ,   47.9501457,  -97.1748199,   846.6, 29.09,   838.4,  10.2,  -0.00,   5.31,   83.24,   2.30,  -0.25,  -0.01,   0.01, 172.0, 172.2,  27.5,  27.6,   1.2,   0.0,  20.54,  24.00,     2.47,  141.80,   58.02,  948.3,  242.34,  257.66,  262.68,  264.89, 1104.82, 1072.81, 1077.10, 1072.43,   750.6,  -0,  GPS,  174.0, 109.10, 114.30, 118.400, 124.575,       ,       ,       ,      ,       ,       ,    3.5,       ,      ,       ,      ,      ,   3.9, 3DDiff, 3704,      ,     10,  15.5,     18
2012-10-17, 12:55:32,  -05:00,       ,   47.9501228,  -97.1748123,   845.6, 29.09,   838.3,  10.2,  -0.00,   5.19,   72.93,   2.49,  -0.29,   0.01,  -0.01, 170.9, 170.9,  27.5,  27.5,   1.3,   0.1,  20.54,  24.00,     2.44,  141.78,   57.88,  944.7,  242.34,  257.78,  262.83,  265.08, 1103.62, 1071.68, 1078.28, 1072.02,   750.5,  -0,  GPS,  174.0, 109.10, 114.30, 118.400, 124.575,       ,       ,       ,      ,       ,       ,    3.5,       ,      ,       ,      ,      ,   0.0, 3DDiff, 3704,      ,     10,  15.5,     18
2012-10-17, 12:55:33,  -05:00,       ,   47.9500961,  -97.1748123,   841.6, 29.09,   838.4,  10.2,   0.00,   4.96,  -29.65,   2.88,  -0.05,  -0.02,   0.01, 168.9, 169.4,  27.5,  27.5,   1.0,  -0.1,  20.56,  24.00,     2.24,  141.76,   57.12,  905.6,  242.34,  257.97,  262.96,  265.28, 1103.16, 1070.19, 1077.23, 1070.67,   750.6,   0,  GPS,  174.0, 109.10, 114.30, 118.400, 124.575,       ,       ,       ,      ,       ,       ,    3.5,       ,      ,       ,      ,      ,   3.9, 3DDiff, 3704,      ,     10,  15.5,     18
2012-10-17, 12:55:34,  -05:00,       ,   47.9500809,  -97.1748047,   839.6, 29.09,   838.5,  10.2,   0.00,   4.45,  -96.48,   2.46,  -0.01,   0.00,   0.00, 165.4, 167.0,  27.5,  27.5,   1.2,   0.0,  20.56,  24.00,     2.13,  141.75,   56.35,  854.1,  242.34,  258.14,  263.07,  265.51, 1100.35, 1067.72, 1076.43, 1068.81,   750.7,   0,  GPS,  174.0, 109.10, 114.30, 118.400, 124.575,       ,       ,       ,      ,       ,       ,    3.5,       ,      ,       ,      ,      ,   7.9, 3DDiff, 3704,      ,     10,  16.0,     18
2012-10-17, 12:55:35,  -05:00,       ,   47.9500618,  -97.1748047,   837.6, 29.09,   838.7,  10.2,   0.00,   3.95, -130.24,   3.07,  -0.02,  -0.02,   0.04, 161.0, 163.0,  27.4,  27.5,   1.2,   0.0,  20.66,  24.00,     2.17,  141.74,   56.30,  835.1,  242.39,  258.33,  263.20,  265.70, 1096.15, 1064.70, 1075.15, 1065.93,   750.9,  -0,  GPS,  174.0, 109.10, 114.30, 118.400, 124.575,       ,       ,       ,      ,       ,       ,    3.5,       ,      ,       ,      ,      ,   0.0, 3DDiff, 3704,      ,     10,  15.5,     18
2012-10-17, 12:55:36,  -05:00,       ,   47.9500465,  -97.1747894,   835.6, 29.09,   838.3,  10.2,   0.00,   3.71, -114.22,   2.67,   0.18,  -0.01,  -0.01, 157.3, 158.6,  27.5,  27.5,   1.1,  -0.0,  20.66,  24.00,     2.14,  141.72,   56.46,  832.5,  242.45,  258.48,  263.31,  265.93, 1092.55, 1062.41, 1071.63, 1062.52,   750.5,   0,  GPS,  174.0, 109.10, 114.30, 118.400, 124.575,       ,       ,       ,      ,       ,       ,    3.5,       ,      ,       ,      ,      ,   3.9, 3DDiff, 3704,      ,     10,  15.5,     18
2012-10-17, 12:55:37,  -05:00,       ,   47.9500313,  -97.1747818,   832.6, 29.09,   838.1,  10.2,   0.00,   3.63, -125.58,   2.93,   0.04,  -0.01,   0.00, 153.5, 154.6,  27.4,  27.5,   1.3,   0.0,  20.69,  24.00,     2.14,  141.70,   56.50,  833.6,  242.45,  258.65,  263.45,  266.10, 1089.25, 1060.39, 1066.60, 1059.77,   750.3,   0,  GPS,  174.0, 109.10, 114.30, 118.400, 124.575,       ,       ,       ,      ,       ,       ,    3.5,       ,      ,       ,      ,      ,   0.0, 3DDiff, 3704,      ,     10,  15.5,     18
2012-10-17, 12:55:38,  -05:00,       ,   47.9500160,  -97.1747742,   830.6, 29.09,   838.1,  10.2,   0.00,   3.56, -147.98,   2.63,  -0.25,  -0.01,  -0.05, 149.5, 150.3,  27.5,  27.5,   1.2,  -0.0,  20.76,  24.00,     2.15,  141.69,   56.56,  837.6,  242.48,  258.81,  263.57,  266.30, 1087.16, 1058.69, 1061.74, 1057.58,   750.3,  -0,  GPS,  174.0, 109.10, 114.30, 118.400, 124.575,       ,       ,       ,      ,       ,       ,    3.5,       ,      ,       ,      ,      ,   3.9, 3DDiff, 3704,      ,     10,  15.5,     18
2012-10-17, 12:55:39,  -05:00,       ,   47.9500008,  -97.1747589,   830.6, 29.09,   838.0,  10.2,  -0.00,   3.65,  -99.58,   2.76,   0.00,  -0.02,   0.00, 144.9, 146.3,  27.4,  27.5,   1.1,  -0.1,  20.73,  24.00,     2.12,  141.67,   56.57,  839.2,  242.48,  258.96,  263.69,  266.50, 1083.19, 1057.28, 1058.27, 1055.68,   750.2,  -0,  GPS,  174.0, 109.10, 114.30, 118.400, 124.575,       ,       ,       ,      ,       ,       ,    3.5,       ,      ,       ,      ,      ,   0.0, 3DDiff, 3704,      ,     10,  15.5,     18
2012-10-17, 12:55:40,  -05:00,       ,   47.9499893,  -97.1747513,   830.6, 29.09,   838.1,  10.2,   0.00,   3.71,  -49.80,   2.79,  -0.42,   0.00,  -0.02, 139.2, 140.9,  27.5,  27.5,   1.1,  -0.0,  20.76,  24.00,     2.18,  141.65,   56.57,  840.0,  242.48,  259.12,  263.83,  266.67, 1079.48, 1055.73, 1055.63, 1053.36,   750.3,   0,  GPS,  174.0, 109.10, 114.30, 118.400, 124.575,       ,       ,       ,      ,       ,       ,    3.5,       ,      ,       ,      ,      ,   3.9, 3DDiff, 3704,      ,     10,  16.0,     18
2012-10-17, 12:55:41,  -05:00,       ,   47.9499779,  -97.1747284,   831.6, 29.09,   837.6,  10.2,  -0.00,   3.75,  -17.86,   2.68,  -0.21,  -0.02,   0.01, 133.2, 135.8,  27.4,  27.5,   1.3,   0.1,  20.81,  24.00,     2.15,  141.63,   56.73,  846.6,  242.48,  259.26,  263.96,  266.88, 1077.73, 1054.51, 1052.12, 1051.31,   749.7,  -0,  GPS,  174.0, 109.10, 114.30, 118.400, 124.575,       ,       ,       ,      ,       ,       ,    3.5,       ,      ,       ,      ,      ,   0.0, 3DDiff, 3704,      ,     10,  16.0,     18
2012-10-17, 12:55:42,  -05:00,       ,   47.9499626,  -97.1746979,   835.6, 29.09,   837.9,  10.2,   0.00,   3.83,   65.28,   2.75,  -0.18,  -0.01,   0.01, 126.8, 129.1,  27.4,  27.4,   1.1,  -0.1,  20.86,  24.00,     2.17,  141.61,   56.86,  856.7,  242.54,  259.40,  264.03,  267.06, 1075.49, 1053.65, 1048.75, 1048.72,   750.1,  -0,  GPS,  174.0, 109.10, 114.30, 118.400, 124.575,       ,       ,       ,      ,       ,       ,    3.5,       ,      ,       ,      ,      ,  -3.9, 3DDiff, 3704,      ,     10,  15.5,     18
2012-10-17, 12:55:43,  -05:00,       ,   47.9499550,  -97.1746826,   839.6, 29.09,   839.1,  10.2,   0.00,   3.89,  149.47,   3.09,  -0.22,  -0.01,   0.06, 120.0, 122.8,  27.5,  27.5,   1.2,   0.0,  20.88,  24.00,     2.18,  141.60,   57.07,  880.4,  242.60,  259.59,  264.19,  267.26, 1072.63, 1053.04, 1046.91, 1046.71,   751.3,   0,  GPS,  174.0, 109.10, 114.30, 118.400, 124.575,       ,       ,       ,      ,       ,       ,    3.5,       ,      ,       ,      ,      ,   3.9, 3DDiff, 3704,      ,     10,  15.5,     18
2012-10-17, 12:55:44,  -05:00,       ,   47.9499474,  -97.1746521,   841.6, 29.09,   839.2,  10.2,   0.00,   3.87,  157.76,   2.45,  -0.47,  -0.01,  -0.07, 113.2, 115.7,  27.5,  27.5,   1.2,   0.0,  20.93,  24.00,     2.18,  141.58,   57.11,  881.4,  242.61,  259.76,  264.29,  267.44, 1073.38, 1053.42, 1048.22, 1045.61,   751.4,  -0,  GPS,  174.0, 109.10, 114.30, 118.400, 124.575,       ,       ,       ,      ,       ,       ,    3.5,       ,      ,       ,      ,      ,   3.9, 3DDiff, 3704,      ,     10,  15.5,     18
2012-10-17, 12:55:45,  -05:00,       ,   47.9499359,  -97.1746292,   839.6, 29.09,   839.2,  10.2,   0.00,   3.85,   88.81,   2.32,  -0.35,  -0.01,   0.01, 105.6, 109.1,  27.5,  27.5,   1.2,   0.1,  20.93,  24.00,     2.15,  141.57,   57.20,  889.2,  242.61,  259.92,  264.40,  267.61, 1072.87, 1053.67, 1050.03, 1046.61,   751.4,  -0,  GPS,  174.0, 109.10, 114.30, 118.400, 124.575,       ,       ,       ,      ,       ,       ,    3.5,       ,      ,       ,      ,      ,   0.0, 3DDiff, 3704,      ,     10,  15.5,     18
2012-10-17, 12:55:46,  -05:00,       ,   47.9499321,  -97.1746140,   837.6, 29.09,   839.2,  10.2,   0.00,   3.77,    5.35,   2.43,  -0.23,  -0.03,   0.02,  97.0, 101.1,  27.5,  27.5,   1.2,   0.0,  20.95,  24.00,     2.17,  141.55,   57.34,  894.5,  242.68,  260.10,  264.52,  267.81, 1071.48, 1053.39, 1052.19, 1048.56,   751.4,   0,  GPS,  174.0, 109.10, 114.30, 118.400, 124.575,       ,       ,       ,      ,       ,       ,    3.5,       ,      ,       ,      ,      ,   0.0, 3DDiff, 3704,      ,     10,  15.5,     18
2012-10-17, 12:55:47,  -05:00,       ,   47.9499321,  -97.1745834,   834.6, 29.09,   839.9,  10.2,   0.00,   3.81,  -89.38,   2.76,  -0.18,  -0.04,   0.01,  89.5,  92.4,  27.5,  27.5,   1.1,  -0.0,  21.05,  23.94,     2.19,  141.54,   57.47,  909.8,  242.71,  260.26,  264.65,  268.04, 1072.37, 1053.38, 1054.22, 1049.27,   752.1,   0,  GPS,  174.0, 109.10, 114.30, 118.400, 124.575,       ,       ,       ,      ,       ,       ,    3.5,       ,      ,       ,      ,      ,   0.0, 3DDiff, 3704,      ,     10,  15.5,     18
2012-10-17, 12:55:48,  -05:00,       ,   47.9499321,  -97.1745605,   835.6, 29.09,   839.2,  10.2,  -0.00,   3.81,  -73.52,   2.23,  -0.15,  -0.04,  -0.07,  85.7,  86.0,  27.5,  27.5,   1.3,   0.1,  21.13,  23.83,     2.16,  141.52,   57.45,  913.5,  242.74,  260.42,  264.80,  268.22, 1076.00, 1054.39, 1056.67, 1049.22,   751.4,  -0,  GPS,  174.0, 109.10, 114.30, 118.400, 124.575,       ,       ,       ,      ,       ,       ,    3.5,       ,      ,       ,      ,      ,   0.0, 3DDiff, 3704,      ,     10,  15.5,     18
2012-10-17, 12:55:49,  -05:00,       ,   47.9499321,  -97.1745300,   834.6, 29.09,   838.3,  10.2,   0.00,   3.63,  -47.04,   2.68,  -0.23,   0.00,   0.03,  85.5,  83.0,  27.5,  27.5,   1.1,  -0.1,  21.13,  23.83,     2.16,  141.51,   57.27,  904.3,  242.75,  260.58,  264.92,  268.39, 1079.63, 1054.72, 1059.18, 1048.94,   750.5,   0,  GPS,  174.0, 109.10, 114.30, 118.400, 124.575,       ,       ,       ,      ,       ,       ,    3.5,       ,      ,       ,      ,      ,   0.0, 3DDiff, 3704,      ,     10,  15.0,     18
2012-10-17, 12:55:50,  -05:00,       ,   47.9499397,  -97.1744995,   833.6, 29.09,   838.3,  10.2,   0.00,   3.79,  -42.23,   2.68,  -0.32,   0.02,  -0.02,  85.4,  82.6,  27.5,  27.5,   1.2,   0.0,  21.13,  23.77,     2.14,  141.50,   57.28,  897.7,  242.82,  260.71,  265.05,  268.60, 1081.22, 1055.76, 1061.72, 1049.46,   750.5,   0,  GPS,  174.0, 109.10, 114.30, 118.400, 124.575,       ,       ,       ,      ,       ,       ,    3.5,       ,      ,       ,      ,      ,   3.9, 3DDiff, 3704,      ,     10,  15.0,     18
2012-10-17, 12:55:51,  -05:00,       ,   47.9499397,  -97.1744766,   832.6, 29.09,   838.1,  10.2,   0.00,   3.95,  -47.89,   2.75,  -0.29,   0.02,   0.03,  85.8,  83.9,  27.4,  27.5,   1.2,   0.0,  21.13,  23.77,     2.18,  141.49,   57.27,  902.7,  242.94,  260.92,  265.23,  268.83, 1080.98, 1055.06, 1062.42, 1049.93,   750.3,  -0,  GPS,  174.0, 109.10, 114.30, 118.400, 124.575,       ,       ,       ,      ,       ,       ,    3.5,       ,      ,       ,      ,      ,   0.0, 3DDiff, 3704,      ,     10,  15.5,     18
2012-10-17, 12:55:52,  -05:00,       ,   47.9499397,  -97.1744461,   834.6, 29.09,   838.1,  10.2,   0.00,   4.04,    2.72,   2.71,  -0.13,   0.01,  -0.02,  85.6,  84.7,  27.5,  27.5,   0.9,  -0.1,  21.05,  23.83,     2.16,  141.47,   57.27,  896.4,  242.94,  261.12,  265.39,  269.05, 1082.60, 1055.83, 1062.66, 1050.22,   750.3,  -0,  GPS,  174.0, 109.10, 114.30, 118.400, 124.575,       ,       ,       ,      ,       ,       ,    3.5,       ,      ,       ,      ,      ,   0.0, 3DDiff, 3704,      ,     10,  15.5,     18
2012-10-17, 12:55:53,  -05:00,       ,   47.9499397,  -97.1744232,   835.6, 29.09,   837.5,  10.2,   0.00,   4.18,   31.24,   2.76,  -0.30,   0.02,   0.00,  85.5,  85.0,  27.5,  27.5,   1.2,   0.0,  21.00,  23.83,     2.14,  141.46,   57.25,  901.1,  242.99,  261.16,  265.46,  269.19, 1085.11, 1056.78, 1061.06, 1050.51,   749.7,   0,  GPS,  174.0, 109.10, 114.30, 118.400, 124.575,       ,       ,       ,      ,       ,       ,    3.5,       ,      ,       ,      ,      ,   0.0, 3DDiff, 3704,      ,     10,  15.5,     18
2012-10-17, 12:55:54,  -05:00,       ,   47.9499397,  -97.1743851,   835.6, 29.09,   838.3,  10.2,  -0.00,   4.32,   34.85,   2.98,  -0.33,   0.01,   0.00,  85.9,  85.4,  27.5,  27.5,   1.2,  -0.0,  20.95,  23.83,     2.15,  141.45,   57.12,  886.8,  242.99,  261.34,  265.58,  269.34, 1086.41, 1057.15, 1060.89, 1050.56,   750.5,  -0,  GPS,  174.0, 109.10, 114.30, 118.400, 124.575,       ,       ,       ,      ,       ,       ,    3.5,       ,      ,       ,      ,      ,  -3.9, 3DDiff, 3704,      ,     10,  15.5,     18
2012-10-17, 12:55:55,  -05:00,       ,   47.9499397,  -97.1743622,   834.6, 29.09,   839.7,  10.2,  -0.00,   4.45,    1.96,   2.77,  -0.37,  -0.00,   0.01,  86.5,  86.0,  27.4,  27.5,   1.2,  -0.0,  20.95,  23.87,     2.14,  141.44,   57.07,  883.8,  243.01,  261.45,  265.68,  269.58, 1084.83, 1057.95, 1060.75, 1050.49,   751.9,  -0,  GPS,  174.0, 109.10, 114.30, 118.400, 124.575,       ,       ,       ,      ,       ,       ,    3.5,       ,      ,       ,      ,      ,   3.9, 3DDiff, 3704,      ,     10,  15.0,     18
2012-10-17, 12:55:56,  -05:00,       ,   47.9499397,  -97.1743240,   835.6, 29.09,   840.1,  10.2,   0.00,   4.47,   22.50,   3.20,  -0.69,   0.02,  -0.06,  86.7,  86.7,  27.5,  27.5,   1.3,   0.0,  20.88,  23.94,     2.15,  141.43,   57.05,  885.5,  243.10,  261.64,  265.83,  269.73, 1084.45, 1058.22, 1059.70, 1048.98,   752.3,   0,  GPS,  174.0, 109.10, 114.30, 118.400, 124.575,       ,       ,       ,      ,       ,       ,    3.5,       ,      ,       ,      ,      ,   0.0, 3DDiff, 3704,      ,     10,  15.0,     18
2012-10-17, 12:55:57,  -05:00,       ,   47.9499359,  -97.1743011,   834.6, 29.09,   840.4,  10.2,   0.00,   4.41,   -5.02,   2.47,  -0.44,  -0.02,  -0.07,  86.3,  87.3,  27.5,  27.6,   1.2,   0.1,  20.86,  24.00,     2.17,  141.42,   57.12,  886.7,  243.21,  261.77,  266.03,  269.96, 1083.68, 1058.44, 1058.89, 1047.75,   752.6,  -0,  GPS,  174.0, 109.10, 114.30, 118.400, 124.575,       ,       ,       ,      ,       ,       ,    3.5,       ,      ,       ,      ,      ,   3.9, 3DDiff, 3704,      ,     10,  15.5,     18
2012-10-17, 12:55:58,  -05:00,       ,   47.9499397,  -97.1742630,   834.6, 29.09,   840.4,  10.2,   0.00,   4.33,  -18.80,   3.00,  -0.75,   0.00,   0.08,  86.3,  86.2,  27.4,  27.4,   1.3,   0.1,  20.81,  24.00,     2.11,  141.41,   57.10,  882.6,  243.23,  261.96,  266.18,  270.15, 1082.71, 1058.82, 1058.57, 1047.14,   752.6,  -0,  GPS,  174.0, 109.10, 114.30, 118.400, 124.575,       ,       ,       ,      ,       ,       ,    3.5,       ,      ,       ,      ,      ,   0.0, 3DDiff, 3704,      ,     10,  15.5,     18
2012-10-17, 12:55:59,  -05:00,       ,   47.9499397,  -97.1742325,   834.6, 29.09,   840.7,  10.2,   0.00,   4.43,  -15.72,   2.60,  -0.40,   0.01,   0.00,  85.8,  86.4,  27.5,  27.6,   1.1,   0.0,  20.73,  24.00,     2.13,  141.40,   57.08,  882.3,  243.24,  262.00,  266.22,  270.28, 1081.61, 1058.48, 1058.90, 1047.73,   752.9,   0,  GPS,  174.0, 109.10, 114.30, 118.400, 124.575,       ,       ,       ,      ,       ,       ,    3.5,       ,      ,       ,      ,      ,   0.0, 3DDiff, 3704,      ,     10,  15.5,     18
2012-10-17, 12:56:00,  -05:00,       ,   47.9499397,  -97.1742096,   833.6, 29.09,   839.4,  10.2,   0.00,   4.67,   -8.67,   2.66,  -0.46,   0.01,   0.02,  85.3,  85.5,  27.5,  27.5,   1.2,   0.0,  20.66,  24.00,     2.12,  141.39,   57.11,  883.1,  243.28,  262.12,  266.32,  270.43, 1082.18, 1057.41, 1059.14, 1046.79,   751.6,   0,  GPS,  174.0, 109.10, 114.30, 118.400, 124.575,       ,       ,       ,      ,       ,       ,    3.5,       ,      ,       ,      ,      ,  -3.9, 3DDiff, 3704,      ,     11,  15.5,     18
2012-10-17, 12:56:01,  -05:00,       ,   47.9499397,  -97.1741714,   833.6, 29.09,   837.8,  10.2,  -0.00,   4.76,  -28.07,   2.37,  -0.32,  -0.01,  -0.01,  85.6,  84.9,  27.5,  27.5,   1.1,  -0.1,  20.61,  24.00,     2.13,  141.38,   57.20,  893.0,  243.28,  262.26,  266.49,  270.59, 1082.60, 1057.20, 1058.94, 1045.24,   750.0,  -0,  GPS,  174.0, 109.10, 114.30, 118.400, 124.575,       ,       ,       ,      ,       ,       ,    3.5,       ,      ,       ,      ,      ,   0.0, 3DDiff, 3704,      ,     10,  15.5,     18
2012-10-17, 12:56:02,  -05:00,       ,   47.9499397,  -97.1741409,   834.6, 29.09,   837.6,  10.2,   0.00,   4.74,    1.86,   2.44,  -0.35,   0.01,  -0.00,  86.4,  85.6,  27.5,  27.5,   1.1,   0.0,  20.56,  24.00,     2.17,  141.37,   57.15,  889.1,  243.39,  262.37,  266.62,  270.74, 1082.07, 1055.63, 1057.48, 1044.35,   749.8,   0,  GPS,  174.0, 109.10, 114.30, 118.400, 124.575,       ,       ,       ,      ,       ,       ,    3.5,       ,      ,       ,      ,      ,  -3.9, 3DDiff, 3704,      ,     10,  15.5,     18
2012-10-17, 12:56:03,  -05:00,       ,   47.9499397,  -97.1741028,   833.6, 29.09,   837.3,  10.2,   0.00,   4.96,  -15.61,   2.77,  -0.38,   0.02,  -0.01,  86.7,  86.6,  27.5,  27.5,   1.3,   0.0,  20.47,  24.00,     2.12,  141.36,   57.16,  887.8,  243.41,  262.50,  266.74,  270.96, 1080.26, 1055.00, 1054.56, 1044.95,   749.5,   0,  GPS,  174.0, 109.10, 114.30, 118.400, 124.575,       ,       ,       ,      ,       ,       ,    3.5,       ,      ,       ,      ,      ,   0.0, 3DDiff, 3704,      ,     10,  15.5,     18
2012-10-17, 12:56:04,  -05:00,       ,   47.9499359,  -97.1740799,   835.6, 29.09,   837.0,  10.2,   0.00,   5.09,   19.84,   2.80,  -0.30,   0.01,   0.01,  86.6,  87.2,  27.5,  27.5,   1.2,   0.1,  20.42,  24.00,     2.16,  141.35,   57.03,  880.3,  243.57,  262.67,  266.90,  271.18, 1079.22, 1055.04, 1053.81, 1045.08,   749.2,  -0,  GPS,  174.0, 109.10, 114.30, 118.400, 124.575,       ,       ,       ,      ,       ,       ,    3.5,       ,      ,       ,      ,      ,  -3.9, 3DDiff, 3704,      ,     10,  15.5,     18
2012-10-17, 12:56:05,  -05:00,       ,   47.9499359,  -97.1740341,   835.6, 29.09,   836.5,  10.2,   0.00,   5.27,   32.03,   2.61,  -0.31,   0.00,   0.03,  86.9,  86.9,  27.5,  27.5,   1.1,  -0.1,  20.42,  24.00,     2.12,  141.34,   57.00,  876.6,  243.67,  262.86,  267.14,  271.38, 1080.77, 1054.77, 1053.57, 1045.15,   748.7,  -0,  GPS,  174.0, 109.10, 114.30, 118.400, 124.575,       ,       ,       ,      ,       ,       ,    3.5,       ,      ,       ,      ,      ,   0.0, 3DDiff, 3704,      ,     10,  15.5,     18
2012-10-17, 12:56:06,  -05:00,       ,   47.9499359,  -97.1739883,   834.6, 29.09,   837.4,  10.2,   0.00,   5.46,    2.40,   2.54,  -0.40,   0.02,  -0.03,  87.3,  87.2,  27.5,  27.6,   1.1,  -0.0,  20.39,  24.00,     2.16,  141.33,   56.99,  874.8,  243.67,  262.93,  267.21,  271.50, 1079.10, 1053.62, 1053.98, 1045.25,   749.6,   0,  GPS,  174.0, 109.10, 114.30, 118.400, 124.575,       ,       ,       ,      ,       ,       ,    3.5,       ,      ,       ,      ,      ,   0.0, 3DDiff, 3704,      ,     10,  15.5,     18
2012-10-17, 12:56:07,  -05:00,       ,   47.9499359,  -97.1739578,   834.6, 29.09,   839.2,  10.2,  -0.00,   5.52,   -8.24,   2.67,  -0.40,   0.01,   0.02,  87.1,  87.6,  27.4,  27.5,   1.3,   0.1,  20.27,  24.00,     2.12,  141.32,   57.02,  881.5,  243.75,  262.97,  267.31,  271.63, 1077.56, 1053.20, 1054.88, 1045.08,   751.4,  -0,  GPS,  174.0, 109.10, 114.30, 118.400, 124.575,       ,       ,       ,      ,       ,       ,    3.5,       ,      ,       ,      ,      ,  -3.9, 3DDiff, 3704,      ,     10,  15.5,     18
2012-10-17, 12:56:08,  -05:00,       ,   47.9499359,  -97.1739120,   834.6, 29.09,   839.3,  10.2,  -0.00,   5.48,   -9.53,   2.50,  -0.31,   0.01,   0.00,  87.0,  87.4,  27.4,  27.5,   1.0,  -0.2,  20.22,  24.00,     2.15,  141.31,   57.18,  888.0,  243.81,  263.17,  267.52,  271.85, 1077.16, 1053.72, 1054.32, 1045.03,   751.5,  -0,  GPS,  174.0, 109.10, 114.30, 118.400, 124.575,       ,       ,       ,      ,       ,       ,    3.5,       ,      ,       ,      ,      ,  -3.9, 3DDiff, 3704,      ,     10,  15.5,     18
2012-10-17, 12:56:09,  -05:00,       ,   47.9499359,  -97.1738815,   834.6, 29.09,   839.5,  10.2,   0.00,   5.40,   11.85,   2.67,  -0.26,  -0.01,  -0.02,  86.7,  87.0,  27.5,  27.5,   1.2,   0.0,  20.22,  24.00,     2.12,  141.31,   57.18,  893.6,  243.87,  263.25,  267.61,  271.95, 1076.49, 1054.41, 1053.48, 1043.09,   751.7,   0,  GPS,  174.0, 109.10, 114.30, 118.400, 124.575,       ,       ,       ,      ,       ,       ,    3.5,       ,      ,       ,      ,      ,  -3.9, 3DDiff, 3704,      ,     10,  15.5,     18
2012-10-17, 12:56:10,  -05:00,       ,   47.9499397,  -97.1738434,   834.6, 29.09,   839.7,  10.2,  -0.00,   5.38,    8.07,   2.65,  -0.29,  -0.01,  -0.03,  86.6,  86.3,  27.5,  27.5,   1.3,  -0.0,  20.22,  24.00,     2.14,  141.30,   57.12,  887.7,  243.82,  263.26,  267.64,  272.04, 1076.08, 1053.64, 1053.44, 1041.95,   751.9,  -0,  GPS,  174.0, 109.10, 114.30, 118.400, 124.575,       ,       ,       ,      ,       ,       ,    3.5,       ,      ,       ,      ,      ,   0.0, 3DDiff, 3704,      ,     10,  15.5,     18
2012-10-17, 12:56:11,  -05:00,       ,   47.9499397,  -97.1738052,   833.6, 29.09,   840.6,  10.2,   0.00,   5.48,  -26.25,   2.60,  -0.27,  -0.00,  -0.01,  86.5,  86.3,  27.4,  27.5,   1.2,  -0.0,  20.22,  24.00,     2.16,  141.29,   57.13,  884.7,  243.87,  263.32,  267.76,  272.19, 1076.38, 1053.22, 1052.00, 1041.97,   752.8,  -0,  GPS,  174.0, 109.10, 114.30, 118.400, 124.575,       ,       ,       ,      ,       ,       ,    3.5,       ,      ,       ,      ,      ,   3.9, 3DDiff, 3704,      ,     10,  15.5,     18
2012-10-17, 12:56:12,  -05:00,       ,   47.9499397,  -97.1737747,   834.6, 29.09,   839.6,  10.2,   0.00,   5.44,  -14.22,   2.63,  -0.35,   0.00,  -0.00,  86.2,  86.3,  27.4,  27.5,   1.2,   0.0,  20.22,  24.00,     2.09,  141.28,   57.31,  897.6,  244.01,  263.48,  267.94,  272.40, 1076.86, 1052.32, 1050.23, 1041.75,   751.8,   0,  GPS,  174.0, 109.10, 114.30, 118.400, 124.575,       ,       ,       ,      ,       ,       ,    3.5,       ,      ,       ,      ,      ,  -3.9, 3DDiff, 3704,      ,     10,  15.5,     18
2012-10-17, 12:56:13,  -05:00,       ,   47.9499397,  -97.1737366,   834.6, 29.09,   838.3,  10.2,   0.00,   5.38,   10.66,   2.80,  -0.40,   0.00,   0.04,  86.0,  85.7,  27.5,  27.5,   1.1,  -0.0,  20.27,  24.00,     2.15,  141.28,   57.18,  890.9,  244.09,  263.63,  268.09,  272.52, 1076.99, 1051.80, 1050.58, 1040.80,   750.5,   0,  GPS,  174.0, 109.10, 114.30, 118.400, 124.575,       ,       ,       ,      ,       ,       ,    3.5,       ,      ,       ,      ,      ,  -3.9, 3DDiff, 3704,      ,     10,  15.0,     18
2012-10-17, 12:56:14,  -05:00,       ,   47.9499397,  -97.1737061,   833.6, 29.09,   838.2,  10.2,  -0.00,   5.31,  -10.64,   2.56,  -0.37,   0.00,  -0.01,  85.7,  85.7,  27.4,  27.4,   1.2,   0.0,  20.27,  24.00,     2.14,  141.27,   57.16,  891.2,  244.15,  263.68,  268.20,  272.61, 1079.08, 1052.85, 1051.38, 1039.61,   750.4,  -0,  GPS,  174.0, 109.10, 114.30, 118.400, 124.575,       ,       ,       ,      ,       ,       ,    3.5,       ,      ,       ,      ,      ,   0.0, 3DDiff, 3704,      ,     10,  15.0,     18
2012-10-17, 12:56:15,  -05:00,       ,   47.9499397,  -97.1736603,   833.6, 29.09,   838.1,  10.2,   0.00,   5.27,   -9.65,   2.57,  -0.35,  -0.00,  -0.02,  85.5,  85.3,  27.5,  27.5,   1.2,  -0.0,  20.27,  24.00,     2.14,  141.26,   57.14,  886.8,  244.23,  263.84,  268.39,  272.81, 1079.14, 1053.61, 1051.54, 1039.79,   750.3,   0,  GPS,  174.0, 109.10, 114.30, 118.400, 124.575,       ,       ,       ,      ,       ,       ,    3.5,       ,      ,       ,      ,      ,   0.0, 3DDiff, 3704,      ,     10,  15.5,     18
2012-10-17, 12:56:16,  -05:00,       ,   47.9499397,  -97.1736298,   833.6, 29.09,   838.1,  10.2,   0.00,   5.25,    5.16,   2.70,  -0.30,   0.01,   0.02,  85.6,  85.1,  27.5,  27.5,   1.2,   0.1,  20.22,  24.00,     2.18,  141.26,   57.04,  880.8,  244.34,  263.91,  268.53,  272.98, 1080.01, 1053.98, 1052.35, 1041.84,   750.3,   0,  GPS,  174.0, 109.10, 114.30, 118.400, 124.575,       ,       ,       ,      ,       ,       ,    3.5,       ,      ,       ,      ,      ,   0.0, 3DDiff, 3704,      ,     10,  15.5,     18
2012-10-17, 12:56:17,  -05:00,       ,   47.9499397,  -97.1735916,   833.6, 29.09,   837.2,  10.2,  -0.00,   5.27,    0.84,   2.58,  -0.35,   0.00,  -0.05,  85.8,  85.3,  27.4,  27.5,   1.2,  -0.0,  20.27,  24.00,     2.14,  141.25,   57.09,  884.3,  244.41,  263.99,  268.66,  273.08, 1080.79, 1052.93, 1051.76, 1043.82,   749.4,  -0,  GPS,  174.0, 109.10, 114.30, 118.400, 124.575,       ,       ,       ,      ,       ,       ,    3.5,       ,      ,       ,      ,      ,   3.9, 3DDiff, 3704,      ,     10,  15.5,     18
2012-10-17, 12:56:18,  -05:00,       ,   47.9499397,  -97.1735458,   833.6, 29.09,   838.2,  10.2,   0.00,   5.25,   -1.06,   2.79,  -0.26,   0.01,   0.05,  86.1,  85.7,  27.5,  27.6,   1.0,   0.0,  20.22,  24.00,     2.15,  141.24,   57.05,  879.1,  244.48,  264.10,  268.77,  273.20, 1080.65, 1052.43, 1050.76, 1043.99,   750.4,  -0,  GPS,  174.0, 109.10, 114.30, 118.400, 124.575,       ,       ,       ,      ,       ,       ,    3.5,       ,      ,       ,      ,      ,   0.0, 3DDiff, 3704,      ,     10,  15.5,     18
2012-10-17, 12:56:19,  -05:00,       ,   47.9499397,  -97.1735153,   833.6, 29.09,   839.3,  10.2,   0.00,   5.27,   -1.97,   2.60,  -0.20,   0.01,  -0.02,  86.0,  86.2,  27.5,  27.5,   1.2,   0.0,  20.27,  24.00,     2.15,  141.23,   57.06,  878.4,  244.49,  264.09,  268.83,  273.25, 1080.83, 1052.97, 1050.69, 1044.08,   751.5,   0,  GPS,  174.0, 109.10, 114.30, 118.400, 124.575,       ,       ,       ,      ,       ,       ,    3.5,       ,      ,       ,      ,      ,   0.0, 3DDiff, 3704,      ,     10,  15.0,     18
2012-10-17, 12:56:20,  -05:00,       ,   47.9499397,  -97.1734772,   833.6, 29.09,   839.4,  10.2,   0.00,   5.29,  -12.16,   2.64,  -0.15,   0.01,   0.03,  86.0,  86.3,  27.5,  27.5,   1.1,  -0.0,  20.34,  24.00,     2.15,  141.22,   57.16,  887.9,  244.49,  264.13,  268.85,  273.32, 1080.06, 1052.83, 1051.20, 1042.48,   751.6,  -0,  GPS,  174.0, 109.10, 114.30, 118.400, 124.575,       ,       ,       ,      ,       ,       ,    3.5,       ,      ,       ,      ,      ,   0.0, 3DDiff, 3704,      ,     10,  15.0,     18
2012-10-17, 12:56:21,  -05:00,       ,   47.9499397,  -97.1734467,   833.6, 29.09,   839.4,  10.2,  -0.00,   5.31,    2.77,   2.56,  -0.05,   0.01,  -0.02,  86.0,  86.2,  27.5,  27.5,   1.1,  -0.0,  20.34,  24.00,     2.15,  141.21,   57.13,  885.0,  244.63,  264.20,  269.02,  273.51, 1079.88, 1052.08, 1051.04, 1042.37,   751.6,  -0,  GPS,  174.0, 109.10, 114.30, 118.400, 124.575,       ,       ,       ,      ,       ,       ,    3.5,       ,      ,       ,      ,      ,  -3.9, 3DDiff, 3704,      ,     10,  15.5,     18
2012-10-17, 12:56:22,  -05:00,       ,   47.9499397,  -97.1734085,   834.6, 29.09,   839.5,  10.2,   0.00,   5.27,   12.91,   2.67,  -0.05,   0.00,  -0.01,  86.1,  86.0,  27.5,  27.5,   1.1,  -0.0,  20.42,  24.00,     2.14,  141.20,   57.12,  887.2,  244.74,  264.37,  269.22,  273.69, 1079.34, 1052.43, 1050.99, 1044.08,   751.7,   0,  GPS,  174.0, 109.10, 114.30, 118.400, 124.575,       ,       ,       ,      ,       ,       ,    3.5,       ,      ,       ,      ,      ,   0.0, 3DDiff, 3704,      ,     10,  15.5,     18
2012-10-17, 12:56:23,  -05:00,       ,   47.9499435,  -97.1733704,   834.6, 29.09,   839.9,  10.2,  -0.00,   5.31,   19.12,   2.88,  -0.04,  -0.00,   0.03,  86.3,  86.1,  27.5,  27.5,   1.3,   0.0,  20.42,  24.00,     2.14,  141.19,   57.06,  880.0,  244.84,  264.40,  269.34,  273.79, 1077.90, 1053.59, 1053.40, 1045.18,   752.1,  -0,  GPS,  174.0, 109.10, 114.30, 118.400, 124.575,       ,       ,       ,      ,       ,       ,    3.5,       ,      ,       ,      ,      ,  -3.9, 3DDiff, 3704,      ,     10,  15.5,     18
2012-10-17, 12:56:24,  -05:00,       ,   47.9499435,  -97.1733322,   833.6, 29.09,   838.8,  10.2,  -0.00,   5.44,   -6.65,   2.67,  -0.16,  -0.00,   0.00,  86.7,  86.2,  27.4,  27.5,   1.0,  -0.1,  20.39,  24.00,     2.15,  141.19,   57.27,  890.7,  244.89,  264.48,  269.44,  273.85, 1076.01, 1053.59, 1055.68, 1046.14,   751.0,  -0,  GPS,  174.0, 109.10, 114.30, 118.400, 124.575,       ,       ,       ,      ,       ,       ,    3.5,       ,      ,       ,      ,      ,   0.0, 3DDiff, 3704,      ,     10,  15.5,     18
2012-10-17, 12:56:25,  -05:00,       ,   47.9499397,  -97.1732941,   834.6, 29.09,   837.6,  10.2,   0.00,   5.56,    4.01,   2.75,  -0.26,   0.01,  -0.00,  86.9,  86.7,  27.5,  27.5,   1.2,   0.0,  20.34,  24.00,     2.14,  141.18,   57.24,  892.8,  244.88,  264.42,  269.41,  273.87, 1075.01, 1053.18, 1056.50, 1044.40,   749.8,   0,  GPS,  174.0, 109.10, 114.30, 118.400, 124.575,       ,       ,       ,      ,       ,       ,    3.5,       ,      ,       ,      ,      ,  -3.9, 3DDiff, 3704,      ,     10,  15.0,     18
2012-10-17, 12:56:26,  -05:00,       ,   47.9499359,  -97.1732559,   834.6, 29.09,   837.5,  10.2,   0.00,   5.52,   11.20,   2.89,  -0.32,  -0.01,   0.00,  86.2,  87.2,  27.5,  27.5,   1.3,   0.1,  20.39,  24.00,     2.14,  141.17,   57.25,  890.4,  244.92,  264.48,  269.55,  273.98, 1074.13, 1053.03, 1057.02, 1043.71,   749.6,   0,  GPS,  174.0, 109.10, 114.30, 118.400, 124.575,       ,       ,       ,      ,       ,       ,    3.5,       ,      ,       ,      ,      ,   0.0, 3DDiff, 3704,      ,     10,  15.0,     18
2012-10-17, 12:56:27,  -05:00,       ,   47.9499397,  -97.1732178,   834.6, 29.09,   837.3,  10.2,   0.00,   5.54,    0.80,   2.75,  -0.27,  -0.00,  -0.04,  86.2,  86.3,  27.3,  27.4,   1.0,  -0.1,  20.39,  24.00,     2.11,  141.16,   57.15,  891.0,  245.07,  264.59,  269.71,  274.13, 1074.34, 1052.69, 1056.90, 1042.06,   749.5,  -0,  GPS,  174.0, 109.10, 114.30, 118.400, 124.575,       ,       ,       ,      ,       ,       ,    3.5,       ,      ,       ,      ,      ,   0.0, 3DDiff, 3704,      ,     10,  15.5,     18
2012-10-17, 12:56:28,  -05:00,       ,   47.9499397,  -97.1731873,   834.6, 29.09,   837.4,  10.2,   0.00,   5.62,   -2.47,   2.55,  -0.20,   0.01,  -0.00,  86.1,  86.2,  27.5,  27.5,   1.2,  -0.0,  20.39,  24.00,     2.17,  141.15,   57.17,  886.4,  245.17,  264.71,  269.91,  274.29, 1075.60, 1052.19, 1056.02, 1042.33,   749.6,   0,  GPS,  174.0, 109.10, 114.30, 118.400, 124.575,       ,       ,       ,      ,       ,       ,    3.5,       ,      ,       ,      ,      ,   0.0, 3DDiff, 3704,      ,     10,  15.5,     18
2012-10-17, 12:56:29,  -05:00,       ,   47.9499397,  -97.1731415,   833.6, 29.09,   836.7,  10.2,   0.00,   5.70,   -4.66,   2.50,  -0.12,  -0.00,  -0.05,  86.2,  86.1,  27.5,  27.5,   1.2,  -0.0,  20.39,  24.00,     2.17,  141.14,   57.17,  886.6,  245.28,  264.79,  269.98,  274.40, 1076.37, 1050.61, 1055.43, 1041.83,   748.8,   0,  GPS,  174.0, 109.10, 114.30, 118.400, 124.575,       ,       ,       ,      ,       ,       ,    3.5,       ,      ,       ,      ,      ,  -3.9, 3DDiff, 3704,      ,     10,  15.5,     18
2012-10-17, 12:56:30,  -05:00,       ,   47.9499397,  -97.1730957,   833.6, 29.09,   837.2,  10.2,  -0.00,   5.83,  -17.72,   2.63,  -0.19,   0.01,   0.01,  86.2,  86.1,  27.4,  27.4,   1.3,   0.1,  20.39,  24.00,     2.17,  141.13,   57.20,  888.1,  245.37,  264.81,  270.11,  274.50, 1077.38, 1049.43, 1057.07, 1041.55,   749.4,  -0,  GPS,  174.0, 109.10, 114.30, 118.400, 124.575,       ,       ,       ,      ,       ,       ,    3.5,       ,      ,       ,      ,      ,  -3.9, 3DDiff, 3704,      ,     10,  15.5,     18
2012-10-17, 12:56:31,  -05:00,       ,   47.9499435,  -97.1730652,   834.6, 29.09,   838.7,  10.2,  -0.00,   5.93,   -0.13,   2.76,  -0.13,   0.00,  -0.00,  86.2,  86.0,  27.4,  27.5,   1.2,  -0.0,  20.39,  24.00,     2.16,  141.12,   57.25,  890.6,  245.46,  264.87,  270.23,  274.54, 1077.67, 1048.88, 1057.97, 1041.29,   750.8,  -0,  GPS,  174.0, 109.10, 114.30, 118.400, 124.575,       ,       ,       ,      ,       ,       ,    3.5,       ,      ,       ,      ,      ,  -3.9, 3DDiff, 3704,      ,     10,  15.0,     18
2012-10-17, 12:56:32,  -05:00,       ,   47.9499435,  -97.1730118,   835.6, 29.09,   838.7,  10.2,   0.00,   5.95,   28.42,   2.87,  -0.25,   0.02,   0.00,  86.4,  86.0,  27.5,  27.5,   1.1,   0.0,  20.39,  24.00,     2.14,  141.11,   57.19,  893.4,  245.48,  264.88,  270.29,  274.60, 1078.34, 1049.17, 1056.79, 1042.48,   750.9,   0,  GPS,  174.0, 109.10, 114.30, 118.400, 124.575,       ,       ,       ,      ,       ,       ,    3.5,       ,      ,       ,      ,      ,  -3.9, 3DDiff, 3704,      ,     10,  15.5,     18
2012-10-17, 12:56:33,  -05:00,       ,   47.9499435,  -97.1729660,   834.6, 29.09,   838.8,  10.2,   0.00,   5.95,   34.18,   2.68,  -0.26,   0.01,  -0.06,  86.7,  86.4,  27.5,  27.5,   1.2,   0.0,  20.34,  24.00,     2.14,  141.10,   57.06,  879.1,  245.57,  264.88,  270.36,  274.69, 1078.72, 1049.52, 1055.76, 1044.52,   751.0,  -0,  GPS,  174.0, 109.10, 114.30, 118.400, 124.575,       ,       ,       ,      ,       ,       ,    3.5,       ,      ,       ,      ,      ,   0.0, 3DDiff, 3704,      ,     10,  15.5,     18
2012-10-17, 12:56:34,  -05:00,       ,   47.9499435,  -97.1729355,   833.6, 29.09,   838.9,  10.2,   0.00,   5.93,   -6.38,   3.02,  -0.29,   0.00,   0.03,  87.5,  87.0,  27.5,  27.5,   1.0,   0.0,  20.34,  24.00,     2.13,  141.09,   56.99,  874.2,  245.68,  265.00,  270.55,  274.84, 1079.01, 1048.83, 1055.02, 1045.42,   751.0,  -0,  GPS,  174.0, 109.10, 114.30, 118.400, 124.575,       ,       ,       ,      ,       ,       ,    3.5,       ,      ,       ,      ,      ,  -3.9, 3DDiff, 3704,      ,     10,  15.5,     18
2012-10-17, 12:56:35,  -05:00,       ,   47.9499435,  -97.1728897,   834.6, 29.09,   839.6,  10.2,   0.00,   5.97,  -13.45,   3.05,  -0.27,   0.01,   0.02,  88.0,  88.0,  27.5,  27.5,   1.2,   0.0,  20.34,  24.00,     2.15,  141.07,   57.08,  882.1,  245.80,  265.04,  270.64,  274.92, 1079.14, 1047.71, 1053.93, 1045.98,   751.7,   0,  GPS,  174.0, 109.10, 114.30, 118.400, 124.575,       ,       ,       ,      ,       ,       ,    3.5,       ,      ,       ,      ,      ,   0.0, 3DDiff, 3704,      ,     10,  15.5,     18
2012-10-17, 12:56:36,  -05:00,       ,   47.9499435,  -97.1728592,   833.6, 29.09,   839.4,  10.2,  -0.00,   5.87,  -17.35,   2.93,  -0.27,  -0.01,   0.02,  87.4,  88.5,  27.4,  27.5,   1.2,  -0.0,  20.29,  24.00,     2.16,  141.07,   57.06,  877.4,  245.90,  265.08,  270.74,  275.00, 1077.43, 1046.71, 1053.23, 1045.32,   751.6,  -0,  GPS,  174.0, 109.10, 114.30, 118.400, 124.575,       ,       ,       ,      ,       ,       ,    3.5,       ,      ,       ,      ,      ,   0.0, 3DDiff, 3704,      ,     10,  15.5,     18
2012-10-17, 12:56:37,  -05:00,       ,   47.9499359,  -97.1728210,   832.6, 29.09,   838.0,  10.2,  -0.00,   5.58,  -43.21,   2.64,  -0.27,  -0.01,   0.01,  86.3,  87.7,  27.5,  27.5,   1.1,  -0.0,  20.39,  24.00,     2.16,  141.06,   57.22,  889.0,  245.96,  265.08,  270.85,  275.08, 1076.94, 1046.96, 1052.04, 1044.73,   750.2,  -0,  GPS,  174.0, 109.10, 114.30, 118.400, 124.575,       ,       ,       ,      ,       ,       ,    3.5,       ,      ,       ,      ,      ,   0.0, 3DDiff, 3704,      ,     10,  15.0,     18
2012-10-17, 12:56:38,  -05:00,       ,   47.9499397,  -97.1727753,   834.6, 29.09,   837.9,  10.2,   0.00,   5.62,    7.58,   2.61,  -0.24,   0.01,   0.03,  86.2,  86.4,  27.5,  27.5,   1.2,   0.0,  20.42,  24.00,     2.11,  141.05,   57.16,  887.1,  246.08,  265.10,  270.96,  275.11, 1076.75, 1048.13, 1052.48, 1044.82,   750.1,   0,  GPS,  174.0, 109.10, 114.30, 118.400, 124.575,       ,       ,       ,      ,       ,       ,    3.5,       ,      ,       ,      ,      ,  -3.9, 3DDiff, 3704,      ,     10,  15.5,     18
2012-10-17, 12:56:39,  -05:00,       ,   47.9499397,  -97.1727371,   835.6, 29.09,   837.8,  10.2,   0.00,   5.79,   41.57,   2.47,  -0.15,  -0.01,  -0.00,  85.8,  86.0,  27.5,  27.5,   1.2,   0.0,  20.42,  24.00,     2.13,  141.04,   57.07,  882.6,  246.08,  265.07,  270.99,  275.15, 1076.51, 1049.57, 1053.24, 1045.02,   750.0,   0,  GPS,  174.0, 109.10, 114.30, 118.400, 124.575,       ,       ,       ,      ,       ,       ,    3.5,       ,      ,       ,      ,      ,   0.0, 3DDiff, 3704,      ,     10,  15.5,     18
2012-10-17, 12:56:40,  -05:00,       ,   47.9499397,  -97.1726913,   833.6, 29.09,   837.7,  10.2,   0.00,   5.91,  -13.65,   2.66,  -0.16,   0.02,   0.01,  85.6,  85.4,  27.4,  27.4,   1.1,  -0.1,  20.42,  24.00,     2.13,  141.03,   57.00,  874.0,  246.10,  265.07,  271.03,  275.16, 1076.30, 1050.82, 1054.81, 1043.84,   749.9,  -0,  GPS,  174.0, 109.10, 114.30, 118.400, 124.575,       ,       ,       ,      ,       ,       ,    3.5,       ,      ,       ,      ,      ,  -3.9, 3DDiff, 3704,      ,     10,  15.5,     18
2012-10-17, 12:56:41,  -05:00,       ,   47.9499397,  -97.1726608,   833.6, 29.09,   837.4,  10.2,   0.00,   6.06,  -13.50,   3.00,  -0.20,   0.01,   0.04,  85.2,  85.2,  27.5,  27.5,   1.1,  -0.1,  20.42,  24.00,     2.14,  141.02,   57.07,  880.2,  246.26,  265.13,  271.18,  275.29, 1076.92, 1050.81, 1053.74, 1044.10,   749.6,   0,  GPS,  174.0, 109.10, 114.30, 118.400, 124.575,       ,       ,       ,      ,       ,       ,    3.5,       ,      ,       ,      ,      ,   0.0, 3DDiff, 3704,      ,     10,  15.5,     18
2012-10-17, 12:56:42,  -05:00,       ,   47.9499435,  -97.1726151,   832.6, 29.09,   838.0,  10.2,   0.00,   6.12,  -25.82,   2.74,  -0.14,  -0.00,  -0.05,  85.4,  84.8,  27.5,  27.5,   1.2,   0.0,  20.47,  24.00,     2.12,  141.01,   57.18,  887.0,  246.42,  265.21,  271.35,  275.44, 1075.69, 1050.35, 1051.75, 1045.38,   750.2,   0,  GPS,  174.0, 109.10, 114.30, 118.400, 124.575,       ,       ,       ,      ,       ,       ,    3.5,       ,      ,       ,      ,      ,   3.9, 3DDiff, 3704,      ,     10,  15.5,     18
2012-10-17, 12:56:43,  -05:00,       ,   47.9499435,  -97.1725693,   831.6, 29.09,   839.7,  10.2,  -0.00,   6.14,  -31.74,   3.36,   0.01,   0.00,   0.04,  85.7,  85.3,  27.4,  27.5,   1.2,  -0.1,  20.47,  24.00,     2.18,  141.00,   57.23,  893.4,  246.52,  265.22,  271.43,  275.49, 1076.78, 1050.21, 1051.31, 1045.34,   751.9,  -0,  GPS,  174.0, 109.10, 114.30, 118.400, 124.575,       ,       ,       ,      ,       ,       ,    3.5,       ,      ,       ,      ,      ,   0.0, 3DDiff, 3704,      ,     10,  15.0,     18
2012-10-17, 12:56:44,  -05:00,       ,   47.9499435,  -97.1725311,   832.6, 29.09,   840.0,  10.2,  -0.00,   6.10,  -22.46,   2.71,  -0.47,   0.02,  -0.04,  87.1,  85.6,  27.5,  27.5,   1.2,   0.0,  20.49,  24.00,     2.13,  140.99,   57.35,  897.1,  246.62,  265.22,  271.55,  275.56, 1077.86, 1050.21, 1051.10, 1044.67,   752.2,  -0,  GPS,  174.0, 109.10, 114.30, 118.400, 124.575,       ,       ,       ,      ,       ,       ,    3.5,       ,      ,       ,      ,      ,   7.9, 3DDiff, 3704,      ,     10,  15.5,     18
2012-10-17, 12:56:45,  -05:00,       ,   47.9499435,  -97.1724777,   832.6, 29.09,   840.3,  10.2,   0.00,   6.05,    0.97,   3.14,  -0.70,   0.04,  -0.07,  86.9,  86.3,  27.4,  27.5,   1.2,   0.0,  20.49,  24.00,     2.15,  140.98,   57.39,  903.7,  246.74,  265.22,  271.66,  275.63, 1078.42, 1049.77, 1051.64, 1045.42,   752.5,   0,  GPS,  174.0, 109.10, 114.30, 118.400, 124.575,       ,       ,       ,      ,       ,       ,    3.5,       ,      ,       ,      ,      ,   0.0, 3DDiff, 3704,      ,     10,  15.5,     18
2012-10-17, 12:56:46,  -05:00,       ,   47.9499435,  -97.1724472,   832.6, 29.09,   840.6,  10.2,   0.00,   6.10,    0.07,   2.67,  -1.00,   0.02,  -0.00,  86.8,  86.6,  27.4,  27.5,   1.1,  -0.0,  20.47,  24.00,     2.18,  140.97,   57.33,  896.5,  246.82,  265.22,  271.76,  275.65, 1079.91, 1050.15, 1052.83, 1046.79,   752.8,  -0,  GPS,  174.0, 109.10, 114.30, 118.400, 124.575,       ,       ,       ,      ,       ,       ,    3.5,       ,      ,       ,      ,      ,   3.9, 3DDiff, 3704,      ,     10,  15.5,     18
2012-10-17, 12:56:47,  -05:00,       ,   47.9499435,  -97.1724014,   832.6, 29.09,   840.4,  10.2,   0.00,   6.12,    0.86,   2.42,  -1.16,   0.03,  -0.04,  86.5,  86.6,  27.5,  27.5,   1.2,  -0.0,  20.42,  24.00,     2.14,  140.96,   57.42,  907.0,  246.90,  265.24,  271.83,  275.73, 1081.14, 1051.31, 1052.25, 1047.27,   752.6,  -0,  GPS,  174.0, 109.10, 114.30, 118.400, 124.575,       ,       ,       ,      ,       ,       ,    3.5,       ,      ,       ,      ,      ,   0.0, 3DDiff, 3704,      ,     10,  15.5,     18
2012-10-17, 12:56:48,  -05:00,       ,   47.9499435,  -97.1723557,   834.6, 29.09,   839.4,  10.2,   0.00,   6.18,   42.47,   2.54,  -1.00,   0.00,  -0.03,  86.1,  86.4,  27.5,  27.5,   1.2,   0.0,  20.42,  24.00,     2.16,  140.95,   57.37,  898.3,  247.02,  265.25,  271.95,  275.76, 1082.49, 1052.56, 1050.65, 1047.09,   751.6,   0,  GPS,  174.0, 109.10, 114.30, 118.400, 124.575,       ,       ,       ,      ,       ,       ,    3.5,       ,      ,       ,      ,      ,   0.0, 3DDiff, 3704,      ,     10,  15.5,     18
2012-10-17, 12:56:49,  -05:00,       ,   47.9499435,  -97.1723251,   834.6, 29.09,   837.6,  10.5,   0.00,   6.22,   41.86,   2.58,  -1.20,   0.03,  -0.06,  86.2,  86.0,  27.4,  27.4,   1.2,   0.1,  20.39,  24.00,     2.13,  140.94,   57.36,  903.3,  247.14,  265.23,  272.06,  275.83, 1083.34, 1053.93, 1050.12, 1045.97,   749.7,  -0,  GPS,  174.0, 109.10, 114.30, 118.400, 124.575,       ,       ,       ,      ,       ,       ,    3.5,       ,      ,       ,      ,      ,   0.0, 3DDiff, 3704,      ,     10,  15.0,     18
2012-10-17, 12:56:50,  -05:00,       ,   47.9499435,  -97.1722794,   834.6, 29.09,   837.5,  10.5,  -0.00,   6.32,   21.80,   2.66,  -1.04,   0.02,   0.01,  86.4,  86.0,  27.5,  27.5,   1.1,  -0.1,  20.39,  24.00,     2.13,  140.93,   57.32,  898.2,  247.21,  265.27,  272.11,  275.90, 1084.94, 1054.44, 1050.47, 1045.23,   749.6,  -0,  GPS,  174.0, 109.10, 114.30, 118.400, 124.575,       ,       ,       ,      ,       ,       ,    3.5,       ,      ,       ,      ,      ,   0.0, 3DDiff, 3704,      ,     10,  15.5,     18
2012-10-17, 12:56:51,  -05:00,       ,   47.9499435,  -97.1722336,   834.6, 29.09,   837.3,  10.5,   0.00,   6.45,    3.66,   2.67,  -0.98,   0.02,  -0.03,  86.8,  86.3,  27.5,  27.5,   1.1,   0.0,  20.29,  24.00,     2.14,  140.91,   57.32,  898.3,  247.32,  265.28,  272.23,  275.93, 1084.70, 1056.11, 1049.85, 1045.99,   749.5,   0,  GPS,  174.0, 109.10, 114.30, 118.400, 124.575,       ,       ,       ,      ,       ,       ,    3.5,       ,      ,       ,      ,      ,   0.0, 3DDiff, 3704,      ,     10,  15.5,     18
2012-10-17, 12:56:52,  -05:00,       ,   47.9499435,  -97.1721878,   834.6, 29.09,   837.1,  10.5,   0.00,   6.53,    0.00,   3.00,  -1.03,   0.01,   0.10,  87.3,  86.9,  27.4,  27.5,   1.2,   0.1,  20.27,  24.00,     2.13,  140.90,   57.29,  893.0,  247.36,  265.26,  272.28,  275.91, 1084.90, 1056.39, 1050.62, 1046.28,   749.3,   0,  GPS,  174.0, 109.10, 114.30, 118.400, 124.575,       ,       ,       ,      ,       ,       ,    3.5,       ,      ,       ,      ,      ,   0.0, 3DDiff, 3704,      ,     10,  15.5,     18
2012-10-17, 12:56:53,  -05:00,       ,   47.9499435,  -97.1721420,   833.6, 29.09,   836.9,  10.5,  -0.00,   6.57,   -4.86,   2.88,  -1.04,   0.00,  -0.01,  87.2,  87.5,  27.5,  27.5,   1.1,  -0.1,  20.27,  24.00,     2.14,  140.89,   57.27,  891.5,  247.50,  265.19,  272.34,  275.95, 1084.96, 1055.57, 1051.06, 1047.80,   749.1,  -0,  GPS,  174.0, 109.10, 114.30, 118.400, 124.575,       ,       ,       ,      ,       ,       ,    3.5,       ,      ,       ,      ,      ,  -3.9, 3DDiff, 3704,      ,     10,  15.5,     18
2012-10-17, 12:56:54,  -05:00,       ,   47.9499435,  -97.1720886,   833.6, 29.09,   837.9,  10.5,   0.00,   6.65,   -8.25,   2.64,  -1.02,   0.02,   0.01,  87.0,  87.4,  27.4,  27.4,   1.2,   0.0,  20.27,  24.00,     2.12,  140.88,   57.18,  885.0,  247.57,  265.24,  272.45,  275.98, 1084.75, 1056.00, 1050.99, 1048.41,   750.1,   0,  GPS,  174.0, 109.10, 114.30, 118.400, 124.575,       ,       ,       ,      ,       ,       ,    3.5,       ,      ,       ,      ,      ,   3.9, 3DDiff, 3704,      ,     10,  15.5,     18
2012-10-17, 12:56:55,  -05:00,       ,   47.9499435,  -97.1720428,   833.6, 29.09,   839.6,  10.5,   0.00,   6.67,   -5.67,   2.43,  -0.78,   0.01,   0.04,  86.1,  86.9,  27.4,  27.5,   1.1,   0.0,  20.22,  24.00,     2.14,  140.87,   57.24,  888.4,  247.66,  265.20,  272.52,  276.07, 1086.03, 1056.34, 1050.10, 1047.54,   751.8,   0,  GPS,  174.0, 109.10, 114.30, 118.400, 124.575,       ,       ,       ,      ,       ,       ,    3.5,       ,      ,       ,      ,      ,   0.0, 3DDiff, 3704,      ,     10,  15.5,     18
2012-10-17, 12:56:56,  -05:00,       ,   47.9499435,  -97.1720047,   833.6, 29.09,   839.8,  10.5,   0.00,   6.61,   -0.24,   2.50,  -0.93,   0.01,   0.03,  86.1,  85.8,  27.5,  27.5,   1.1,  -0.1,  20.22,  24.00,     2.14,  140.86,   57.19,  893.0,  247.85,  265.28,  272.70,  276.19, 1085.97, 1055.39, 1049.30, 1046.06,   752.0,   0,  GPS,  174.0, 109.10, 114.30, 118.400, 124.575,       ,       ,       ,      ,       ,       ,    3.5,       ,      ,       ,      ,      ,  -3.9, 3DDiff, 3704,      ,     10,  15.5,     18
2012-10-17, 12:56:57,  -05:00,       ,   47.9499435,  -97.1719513,   833.6, 29.09,   839.9,  10.5,   0.00,   6.71,   -3.63,   2.50,  -0.97,   0.01,  -0.05,  86.1,  85.6,  27.5,  27.6,   1.1,   0.0,  20.20,  24.00,     2.14,  140.84,   57.11,  880.8,  247.97,  265.29,  272.78,  276.18, 1084.52, 1055.31, 1048.79, 1045.79,   752.1,   0,  GPS,  174.0, 109.10, 114.30, 118.400, 124.575,       ,       ,       ,      ,       ,       ,    3.5,       ,      ,       ,      ,      ,  -3.9, 3DDiff, 3704,      ,     10,  15.5,     18
2012-10-17, 12:56:58,  -05:00,       ,   47.9499474,  -97.1719131,   833.6, 29.09,   840.0,  10.5,   0.00,   6.78,  -15.30,   2.65,  -0.86,   0.01,  -0.02,  85.8,  85.6,  27.5,  27.5,   1.2,   0.1,  20.15,  24.00,     2.15,  140.83,   57.12,  876.5,  248.08,  265.24,  272.86,  276.28, 1083.89, 1055.12, 1047.72, 1044.99,   752.2,   0,  GPS,  174.0, 109.10, 114.30, 118.400, 124.575,       ,       ,       ,      ,       ,       ,    3.5,       ,      ,       ,      ,      ,   0.0, 3DDiff, 3704,      ,     10,  16.0,     18
2012-10-17, 12:56:59,  -05:00,       ,   47.9499474,  -97.1718597,   833.6, 29.09,   840.5,  10.5,   0.00,   6.82,  -15.98,   2.46,  -0.83,   0.00,  -0.00,  85.5,  85.4,  27.4,  27.4,   1.2,  -0.2,  20.08,  24.00,     2.14,  140.81,   57.15,  885.5,  248.21,  265.24,  272.95,  276.31, 1083.60, 1054.03, 1047.54, 1044.25,   752.7,   0,  GPS,  174.0, 109.10, 114.30, 118.400, 124.575,       ,       ,       ,      ,       ,       ,    3.5,       ,      ,       ,      ,      ,  -3.9, 3DDiff, 3704,      ,     10,  15.5,     18
2012-10-17, 12:57:00,  -05:00,       ,   47.9499474,  -97.1718140,   832.6, 29.09,   839.7,  10.5,   0.00,   6.80,  -16.00,   2.22,  -0.87,   0.01,  -0.06,  85.3,  84.9,  27.5,  27.5,   1.1,  -0.0,  20.08,  24.00,     2.16,  140.80,   57.28,  889.1,  248.31,  265.22,  273.04,  276.31, 1081.91, 1053.52, 1048.07, 1044.46,   751.9,   0,  GPS,  174.0, 109.10, 114.30, 118.400, 124.575,       ,       ,       ,      ,       ,       ,    3.5,       ,      ,       ,      ,      ,   0.0, 3DDiff, 3704,      ,     10,  15.5,     18
2012-10-17, 12:57:01,  -05:00,       ,   47.9499474,  -97.1717682,   832.6, 29.09,   838.1,  10.5,   0.00,   6.74,  -11.58,   2.22,  -0.76,   0.02,  -0.06,  85.1,  84.9,  27.5,  27.5,   1.2,  -0.0,  20.05,  24.00,     2.15,  140.79,   57.24,  889.1,  248.40,  265.22,  273.16,  276.31, 1080.62, 1053.25, 1047.69, 1043.72,   750.3,   0,  GPS,  174.0, 109.10, 114.30, 118.400, 124.575,       ,       ,       ,      ,       ,       ,    3.5,       ,      ,       ,      ,      ,   0.0, 3DDiff, 3704,      ,     10,  15.5,     18
2012-10-17, 12:57:02,  -05:00,       ,   47.9499474,  -97.1717224,   832.6, 29.09,   837.8,  10.5,   0.00,   6.71,  -14.69,   2.33,  -0.91,   0.03,  -0.05,  85.4,  84.8,  27.4,  27.5,   1.2,   0.0,  20.00,  24.00,     2.16,  140.77,   57.22,  887.9,  248.50,  265.23,  273.21,  276.42, 1081.61, 1052.64, 1048.42, 1042.86,   750.0,   0,  GPS,  174.0, 109.10, 114.30, 118.400, 124.575,       ,       ,       ,      ,       ,       ,    3.5,       ,      ,       ,      ,      ,  -3.9, 3DDiff, 3704,      ,     10,  15.5,     18
2012-10-17, 12:57:03,  -05:00,       ,   47.9499474,  -97.1716843,   832.6, 29.09,   837.6,  10.5,   0.00,   6.67,  -15.95,   2.05,  -0.98,   0.04,  -0.07,  85.5,  85.1,  27.4,  27.5,   1.2,   0.1,  20.00,  24.00,     2.17,  140.76,   57.25,  887.5,  248.63,  265.23,  273.30,  276.44, 1082.22, 1051.93, 1049.17, 1042.20,   749.8,   0,  GPS,  174.0, 109.10, 114.30, 118.400, 124.575,       ,       ,       ,      ,       ,       ,    3.5,       ,      ,       ,      ,      ,  -3.9, 3DDiff, 3704,      ,     10,  15.5,     18
2012-10-17, 12:57:04,  -05:00,       ,   47.9499474,  -97.1716309,   832.6, 29.09,   837.4,  10.5,   0.00,   6.51,  -11.58,   2.43,  -0.81,   0.01,  -0.00,  85.3,  85.5,  27.4,  27.5,   1.1,  -0.0,  19.95,  24.00,     2.12,  140.74,   57.07,  881.5,  248.75,  265.22,  273.41,  276.45, 1081.19, 1051.49, 1049.14, 1043.46,   749.6,   0,  GPS,  174.0, 109.10, 114.30, 118.400, 124.575,       ,       ,       ,      ,       ,       ,    3.5,       ,      ,       ,      ,      ,  -3.9, 3DDiff, 3704,      ,     10,  15.5,     18
2012-10-17, 12:57:05,  -05:00,       ,   47.9499474,  -97.1715927,   832.6, 29.09,   836.8,  10.5,   0.00,   6.34,   -3.22,   2.63,  -0.91,   0.01,   0.03,  85.0,  84.9,  27.4,  27.5,   1.1,   0.0,  19.95,  24.00,     2.15,  140.72,   57.15,  879.1,  248.88,  265.22,  273.46,  276.52, 1080.42, 1052.70, 1049.28, 1045.04,   749.0,   0,  GPS,  174.0, 109.10, 114.30, 118.400, 124.575,       ,       ,       ,      ,       ,       ,    3.5,       ,      ,       ,      ,      ,   0.0, 3DDiff, 3704,      ,     10,  15.5,     18
2012-10-17, 12:57:06,  -05:00,       ,   47.9499474,  -97.1715469,   832.6, 29.09,   837.4,  10.5,   0.00,   6.24,   -4.92,   2.64,  -1.00,   0.03,   0.01,  85.0,  84.7,  27.5,  27.5,   1.1,  -0.0,  19.93,  24.00,     2.15,  140.71,   57.14,  879.6,  249.01,  265.22,  273.56,  276.53, 1079.62, 1052.34, 1048.97, 1045.92,   749.6,   0,  GPS,  174.0, 109.10, 114.30, 118.400, 124.575,       ,       ,       ,      ,       ,       ,    3.5,       ,      ,       ,      ,      ,   0.0, 3DDiff, 3704,      ,     10,  15.5,     18
2012-10-17, 12:57:07,  -05:00,       ,   47.9499512,  -97.1715012,   831.6, 29.09,   839.0,  10.5,   0.00,   6.20,   -6.36,   2.77,  -0.88,   0.01,   0.01,  84.6,  84.7,  27.5,  27.5,   1.2,   0.1,  19.95,  24.00,     2.13,  140.69,   57.00,  874.6,  249.11,  265.22,  273.66,  276.57, 1078.98, 1052.20, 1049.76, 1047.09,   751.2,   0,  GPS,  174.0, 109.10, 114.30, 118.400, 124.575,       ,       ,       ,      ,       ,       ,    3.5,       ,      ,       ,      ,      ,   0.0, 3DDiff, 3704,      ,     10,  15.5,     18
2012-10-17, 12:57:08,  -05:00,       ,   47.9499512,  -97.1714554,   832.6, 29.09,   839.1,  10.5,   0.00,   6.08,   -0.28,   2.30,  -0.99,   0.01,   0.03,  84.1,  84.3,  27.4,  27.4,   1.3,   0.0,  19.95,  24.00,     2.14,  140.68,   57.07,  874.4,  249.18,  265.22,  273.73,  276.58, 1078.16, 1053.33, 1050.18, 1047.02,   751.3,   0,  GPS,  174.0, 109.10, 114.30, 118.400, 124.575,       ,       ,       ,      ,       ,       ,    3.5,       ,      ,       ,      ,      ,   0.0, 3DDiff, 3704,      ,     10,  15.5,     18
2012-10-17, 12:57:09,  -05:00,       ,   47.9499588,  -97.1714249,   832.6, 29.09,   839.2,  10.5,   0.00,   5.73,   -0.01,   2.30,  -0.76,  -0.01,  -0.03,  82.9,  83.6,  27.5,  27.5,   1.0,  -0.0,  20.05,  24.00,     2.14,  140.66,   57.17,  879.4,  249.30,  265.22,  273.84,  276.58, 1076.97, 1052.33, 1051.59, 1047.10,   751.4,   0,  GPS,  174.0, 109.10, 114.30, 118.400, 124.575,       ,       ,       ,      ,       ,       ,    3.5,       ,      ,       ,      ,      ,   0.0, 3DDiff, 3704,      ,     10,  15.5,     18
2012-10-17, 12:57:10,  -05:00,       ,   47.9499588,  -97.1713867,   831.6, 29.09,   839.3,  10.5,   0.00,   5.54,   -2.48,   2.14,  -0.60,   0.01,  -0.04,  83.0,  82.3,  27.5,  27.6,   1.2,   0.0,  20.05,  24.00,     2.19,  140.64,   57.24,  889.4,  249.44,  265.15,  273.90,  276.64, 1077.37, 1050.32, 1051.80, 1046.75,   751.5,   0,  GPS,  174.0, 109.10, 114.30, 118.400, 124.575,       ,       ,       ,      ,       ,       ,    3.5,       ,      ,       ,      ,      ,   0.0, 3DDiff, 3704,      ,     10,  16.0,     18
2012-10-17, 12:57:11,  -05:00,       ,   47.9499588,  -97.1713486,   831.6, 29.09,   839.3,  10.5,   0.00,   5.42,  -15.17,   2.76,  -0.38,   0.01,   0.02,  85.2,  82.6,  27.5,  27.6,   1.2,   0.1,  20.05,  24.00,     2.15,  140.62,   57.23,  887.4,  249.57,  265.18,  273.99,  276.70, 1077.71, 1048.35, 1050.25, 1047.66,   751.5,   0,  GPS,  174.0, 109.10, 114.30, 118.400, 124.575,       ,       ,       ,      ,       ,       ,    3.5,       ,      ,       ,      ,      ,   0.0, 3DDiff, 3704,      ,     10,  16.0,     18
2012-10-17, 12:57:12,  -05:00,       ,   47.9499588,  -97.1713028,   830.6, 29.09,   838.8,  10.5,   0.00,   5.23,  -15.97,   2.63,  -0.47,   0.02,   0.01,  90.2,  85.2,  27.5,  27.5,   1.1,  -0.0,  20.00,  24.00,     2.13,  140.61,   57.15,  878.9,  249.69,  265.10,  274.06,  276.69, 1077.29, 1047.48, 1049.56, 1049.08,   750.9,   0,  GPS,  174.0, 109.10, 114.30, 118.400, 124.575,       ,       ,       ,      ,       ,       ,    3.5,       ,      ,       ,      ,      ,   3.9, 3DDiff, 3704,      ,     10,  15.5,     18
2012-10-17, 12:57:13,  -05:00,       ,   47.9499588,  -97.1712875,   831.6, 29.09,   837.1,  10.5,   0.00,   4.80,  -15.87,   2.60,  -0.51,   0.06,  -0.04,  97.8,  90.6,  27.5,  27.5,   1.2,  -0.0,  20.00,  24.00,     2.11,  140.59,   57.14,  883.6,  249.80,  265.10,  274.13,  276.71, 1076.38, 1047.46, 1048.47, 1048.00,   749.3,   0,  GPS,  174.0, 109.10, 114.30, 118.400, 124.575,       ,       ,       ,      ,       ,       ,    3.5,       ,      ,       ,      ,      ,   0.0, 3DDiff, 3704,      ,     10,  15.5,     18
2012-10-17, 12:57:14,  -05:00,       ,   47.9499512,  -97.1712494,   831.6, 29.09,   837.0,  10.5,   0.00,   4.59,   -4.65,   3.14,  -0.07,   0.02,   0.02, 106.4,  98.2,  27.5,  27.5,   1.1,  -0.0,  19.95,  24.00,     2.14,  140.57,   57.19,  879.7,  249.94,  265.10,  274.23,  276.72, 1075.83, 1048.26, 1047.73, 1046.03,   749.2,   0,  GPS,  174.0, 109.10, 114.30, 118.400, 124.575,       ,       ,       ,      ,       ,       ,    3.5,       ,      ,       ,      ,      ,   0.0, 3DDiff, 3704,      ,     10,  15.5,     18
2012-10-17, 12:57:15,  -05:00,       ,   47.9499474,  -97.1712265,   831.6, 29.09,   836.8,  10.5,   0.00,   4.51,   -0.22,   3.02,   0.10,   0.04,  -0.04, 115.7, 106.6,  27.5,  27.5,   1.1,  -0.1,  19.85,  24.00,     2.17,  140.56,   57.26,  882.4,  250.07,  265.08,  274.31,  276.72, 1075.32, 1048.67, 1047.70, 1044.08,   749.0,   0,  GPS,  174.0, 109.10, 114.30, 118.400, 124.575,       ,       ,       ,      ,       ,       ,    3.5,       ,      ,       ,      ,      ,   0.0, 3DDiff, 3704,      ,     10,  15.5,     18
2012-10-17, 12:57:16,  -05:00,       ,   47.9499321,  -97.1711960,   830.6, 29.09,   836.7,  10.5,   0.00,   4.45,  -14.15,   3.52,   0.65,   0.03,   0.05, 124.9, 115.8,  27.5,  27.6,   1.2,   0.0,  19.80,  24.00,     2.17,  140.54,   57.21,  887.1,  250.20,  265.08,  274.39,  276.78, 1075.28, 1048.33, 1047.62, 1043.10,   748.9,   0,  GPS,  174.0, 109.10, 114.30, 118.400, 124.575,       ,       ,       ,      ,       ,       ,    3.5,       ,      ,       ,      ,      ,   3.9, 3DDiff, 3704,      ,     10,  16.0,     18
2012-10-17, 12:57:17,  -05:00,       ,   47.9499207,  -97.1711731,   829.6, 29.09,   836.7,  10.5,   0.00,   4.33,  -15.94,   4.03,   1.86,  -0.03,   0.02, 133.1, 124.8,  27.5,  27.5,   1.3,   0.1,  19.80,  24.00,     2.17,  140.52,   57.26,  885.8,  250.31,  265.08,  274.43,  276.81, 1074.77, 1048.24, 1047.94, 1042.34,   748.9,   0,  GPS,  174.0, 109.10, 114.30, 118.400, 124.575,       ,       ,       ,      ,       ,       ,    3.5,       ,      ,       ,      ,      ,   3.9, 3DDiff, 3704,      ,     10,  16.0,     18
2012-10-17, 12:57:18,  -05:00,       ,   47.9499054,  -97.1711578,   829.6, 29.09,   837.3,  10.5,   0.00,   4.14,  -16.00,   3.25,   1.09,   0.03,  -0.07, 143.4, 132.4,  27.4,  27.4,   1.1,  -0.1,  19.77,  24.00,     2.13,  140.51,   57.26,  888.7,  250.42,  265.06,  274.54,  276.83, 1075.31, 1046.80, 1048.30, 1042.45,   749.5,   0,  GPS,  174.0, 109.10, 114.30, 118.400, 124.575,       ,       ,       ,      ,       ,       ,    3.5,       ,      ,       ,      ,      ,  11.8, 3DDiff, 3704,      ,     10,  15.5,     18
2012-10-17, 12:57:19,  -05:00,       ,   47.9498940,  -97.1711349,   829.6, 29.09,   839.1,  10.5,   0.00,   4.04,  -16.00,   2.85,   0.37,   0.04,  -0.01, 155.1, 141.9,  27.5,  27.6,   1.0,  -0.0,  19.77,  24.00,     2.12,  140.49,   57.16,  877.5,  250.56,  264.99,  274.56,  276.85, 1075.41, 1045.12, 1048.77, 1043.48,   751.3,   0,  GPS,  174.0, 109.10, 114.30, 118.400, 124.575,       ,       ,       ,      ,       ,       ,    3.5,       ,      ,       ,      ,      ,   3.9, 3DDiff, 3704,      ,     10,  15.5,     17
2012-10-17, 12:57:20,  -05:00,       ,   47.9498711,  -97.1711273,   829.6, 29.09,   839.3,  10.5,   0.00,   4.14,  -10.05,   2.66,  -0.13,   0.06,   0.01, 166.9, 153.9,  27.5,  27.6,   1.2,   0.0,  19.65,  24.00,     2.14,  140.47,   57.04,  868.7,  250.66,  264.97,  274.67,  276.85, 1075.22, 1043.05, 1047.81, 1046.56,   751.5,   0,  GPS,  174.0, 109.10, 114.30, 118.400, 124.575,       ,       ,       ,      ,       ,       ,    3.5,       ,      ,       ,      ,      ,   0.0, 3DDiff, 3704,      ,     10,  15.5,     18
2012-10-17, 12:57:21,  -05:00,       ,   47.9498558,  -97.1711197,   830.6, 29.09,   839.4,  10.5,   0.00,   4.26,   11.39,   3.09,  -0.09,   0.06,  -0.01, 176.2, 165.3,  27.5,  27.5,   1.3,   0.0,  19.52,  24.00,     2.14,  140.46,   56.92,  852.0,  250.79,  264.95,  274.76,  276.85, 1075.51, 1041.27, 1044.95, 1047.20,   751.6,   0,  GPS,  174.0, 109.10, 114.30, 118.400, 124.575,       ,       ,       ,      ,       ,       ,    3.5,       ,      ,       ,      ,      ,  -3.9, 3DDiff, 3704,      ,     10,  15.5,     18
2012-10-17, 12:57:22,  -05:00,       ,   47.9498291,  -97.1711197,   829.6, 29.09,   839.6,  10.5,   0.00,   4.63,   -4.79,   2.98,  -0.44,   0.03,   0.00, 179.8, 173.0,  27.5,  27.5,   1.2,   0.1,  19.52,  24.00,     2.17,  140.44,   56.98,  857.1,  250.95,  264.95,  274.81,  276.85, 1076.01, 1039.23, 1041.87, 1045.31,   751.7,   0,  GPS,  174.0, 109.10, 114.30, 118.400, 124.575,       ,       ,       ,      ,       ,       ,    3.5,       ,      ,       ,      ,      ,   0.0, 3DDiff, 3704,      ,     10,  16.0,     18
2012-10-17, 12:57:23,  -05:00,       ,   47.9498100,  -97.1711197,   830.6, 29.09,   839.8,  10.5,   0.00,   4.96,   -1.66,   2.90,  -0.27,   0.00,  -0.00, 179.9, 175.6,  27.4,  27.5,   1.2,  -0.1,  19.44,  24.00,     2.20,  140.43,   56.98,  861.1,  251.06,  264.89,  274.88,  276.85, 1074.86, 1037.58, 1039.26, 1042.29,   751.9,   0,  GPS,  174.0, 109.10, 114.30, 118.400, 124.575,       ,       ,       ,      ,       ,       ,    3.5,       ,      ,       ,      ,      ,   0.0, 3DDiff, 3704,      ,     10,  16.0,     18
2012-10-17, 12:57:24,  -05:00,       ,   47.9497871,  -97.1711197,   831.6, 29.09,   839.6,  10.5,   0.00,   5.21,   33.02,   2.70,  -0.27,  -0.01,  -0.04, 178.0, 175.1,  27.5,  27.5,   1.2,   0.1,  19.49,  24.00,     2.15,  140.41,   57.06,  864.3,  251.19,  264.88,  274.95,  276.88, 1072.99, 1036.74, 1038.48, 1039.95,   751.7,   0,  GPS,  174.0, 109.10, 114.30, 118.400, 124.575,       ,       ,       ,      ,       ,       ,    3.5,       ,      ,       ,      ,      ,   0.0, 3DDiff, 3704,      ,     10,  15.5,     18
2012-10-17, 12:57:25,  -05:00,       ,   47.9497604,  -97.1711197,   830.6, 29.09,   838.0,  10.5,   0.00,   5.40,   21.43,   2.61,  -0.31,   0.01,   0.00, 177.3, 174.5,  27.5,  27.6,   1.2,   0.0,  19.49,  24.00,     2.13,  140.40,   57.17,  869.8,  251.31,  264.85,  275.06,  276.88, 1070.72, 1037.49, 1038.59, 1038.71,   750.2,   0,  GPS,  174.0, 109.10, 114.30, 118.400, 124.575,       ,       ,       ,      ,       ,       ,    3.5,       ,      ,       ,      ,      ,   0.0, 3DDiff, 3704,      ,     10,  15.5,     17
2012-10-17, 12:57:26,  -05:00,       ,   47.9497299,  -97.1711121,   828.6, 29.09,   837.8,  10.5,   0.00,   5.56,  -38.94,   2.78,  -0.33,  -0.00,   0.00, 176.5, 174.9,  27.5,  27.5,   1.2,   0.1,  19.52,  24.00,     2.13,  140.38,   57.39,  888.5,  251.87,  265.25,  275.40,  277.35, 1068.86, 1039.00, 1040.46, 1038.04,   750.0,   0,  GPS,  174.0, 109.10, 114.30, 118.400, 124.575,       ,       ,       ,      ,       ,       ,    3.5,       ,      ,       ,      ,      ,  -3.9, 3DDiff, 3704,      ,     10,  15.5,     17
2012-10-17, 12:57:27,  -05:00,       ,   47.9497070,  -97.1711121,   828.6, 29.09,   837.6,  10.5,   0.00,   5.79,  -48.22,   2.88,  -0.29,   0.00,   0.05, 175.9, 174.9,  27.4,  27.5,   1.2,   0.0,  19.57,  24.00,     2.15,  140.37,   57.41,  895.0,  251.97,  265.21,  275.67,  277.37, 1069.11, 1039.66, 1042.06, 1037.01,   749.8,   0,  GPS,  174.0, 109.10, 114.30, 118.400, 124.575,       ,       ,       ,      ,       ,       ,    3.5,       ,      ,       ,      ,      ,   0.0, 3DDiff, 3704,      ,     10,  15.5,     18
2012-10-17, 12:57:28,  -05:00,       ,   47.9496727,  -97.1711121,   828.6, 29.09,   837.6,  10.5,   0.00,   5.97,  -33.36,   3.05,  -0.20,  -0.00,   0.04, 175.6, 174.7,  27.5,  27.5,   0.9,  -0.1,  19.57,  24.00,     2.15,  140.35,   57.47,  896.6,  252.17,  265.28,  275.59,  277.46, 1070.91, 1040.82, 1043.57, 1038.12,   749.8,   0,  GPS,  174.0, 109.10, 114.30, 118.400, 124.575,       ,       ,       ,      ,       ,       ,    3.5,       ,      ,       ,      ,      ,   0.0, 3DDiff, 3704,      ,     10,  15.5,     18
2012-10-17, 12:57:29,  -05:00,       ,   47.9496498,  -97.1711121,   827.6, 29.09,   837.3,  10.5,   0.00,   5.97,  -32.04,   3.46,  -0.37,   0.03,   0.08, 176.0, 174.8,  27.6,  27.6,   1.2,   0.0,  19.52,  24.00,     2.13,  140.34,   57.48,  901.6,  252.23,  265.22,  275.84,  277.39, 1073.02, 1043.39, 1044.99, 1040.32,   749.5,   0,  GPS,  174.0, 109.10, 114.30, 118.400, 124.575,       ,       ,       ,      ,       ,       ,    3.5,       ,      ,       ,      ,      ,   0.0, 3DDiff, 3704,      ,     10,  15.5,     18
2012-10-17, 12:57:30,  -05:00,       ,   47.9496231,  -97.1711121,   826.6, 29.09,   837.4,  10.5,   0.00,   5.93,  -38.62,   2.79,  -0.27,   0.00,   0.06, 176.3, 175.9,  27.6,  27.6,   1.2,   0.1,  19.52,  24.00,     2.13,  140.32,   57.64,  911.2,  252.44,  265.26,  275.73,  277.46, 1074.08, 1046.11, 1047.04, 1042.98,   749.5,   0,  GPS,  174.0, 109.10, 114.30, 118.400, 124.575,       ,       ,       ,      ,       ,       ,    3.5,       ,      ,       ,      ,      ,   3.9, 3DDiff, 3704,      ,     10,  15.5,     18
2012-10-17, 12:57:31,  -05:00,       ,   47.9495964,  -97.1711121,   827.6, 29.09,   839.3,  10.5,   0.00,   5.89,  -20.66,   2.77,  -0.33,   0.01,   0.02, 176.3, 176.4,  27.5,  27.5,   1.1,  -0.0,  19.52,  24.00,     2.14,  140.30,   57.69,  916.0,  252.48,  265.15,  275.96,  277.50, 1075.97, 1048.76, 1049.11, 1043.40,   751.5,   0,  GPS,  174.0, 109.10, 114.30, 118.400, 124.575,       ,       ,       ,      ,       ,       ,    3.5,       ,      ,       ,      ,      ,   0.0, 3DDiff, 3704,      ,     10,  15.0,     17
2012-10-17, 12:57:32,  -05:00,       ,   47.9495659,  -97.1711121,   827.6, 29.09,   839.6,  10.5,   0.00,   5.97,   -4.69,   2.64,  -0.26,   0.00,  -0.04, 176.1, 176.7,  27.5,  27.5,   1.2,  -0.0,  19.60,  24.00,     2.16,  140.29,   57.63,  917.3,  252.67,  265.16,  275.86,  277.57, 1079.56, 1049.77, 1053.19, 1045.00,   751.7,   0,  GPS,  174.0, 109.10, 114.30, 118.400, 124.575,       ,       ,       ,      ,       ,       ,    3.5,       ,      ,       ,      ,      ,   0.0, 3DDiff, 3704,      ,     10,  15.5,     17
2012-10-17, 12:57:33,  -05:00,       ,   47.9495354,  -97.1711121,   826.6, 29.09,   839.8,  10.5,   0.00,   6.01,  -15.33,   2.96,  -0.42,   0.01,   0.02, 176.2, 176.2,  27.5,  27.6,   1.1,  -0.0,  19.72,  24.00,     2.18,  140.27,   57.73,  917.3,  253.15,  265.51,  276.35,  277.96, 1083.95, 1050.56, 1055.60, 1046.08,   751.9,   0,  GPS,  174.0, 109.10, 114.30, 118.400, 124.575,       ,       ,       ,      ,       ,       ,    3.5,       ,      ,       ,      ,      ,   0.0, 3DDiff, 3704,      ,     10,  15.5,     18
2012-10-17, 12:57:34,  -05:00,       ,   47.9495087,  -97.1711121,   826.6, 29.09,   840.0,  10.5,   0.00,   6.14,  -15.98,   2.60,  -0.35,   0.01,  -0.06, 175.9, 176.1,  27.5,  27.6,   1.1,  -0.1,  19.77,  24.00,     2.15,  140.25,   57.68,  918.2,  253.32,  265.55,  276.50,  278.00, 1085.46, 1051.03, 1057.20, 1046.75,   752.1,   0,  GPS,  174.0, 109.10, 114.30, 118.400, 124.575,       ,       ,       ,      ,       ,       ,    3.5,       ,      ,       ,      ,      ,   0.0, 3DDiff, 3704,      ,     10,  15.5,     18
2012-10-17, 12:57:35,  -05:00,       ,   47.9494781,  -97.1711121,   825.6, 29.09,   840.0,  10.5,   0.00,   6.22,  -28.43,   2.87,  -0.34,   0.00,   0.07, 175.6, 175.8,  27.5,  27.6,   1.2,   0.0,  19.93,  24.00,     2.17,  140.24,   57.55,  912.2,  253.37,  265.49,  276.51,  277.94, 1087.15, 1053.06, 1058.93, 1047.41,   752.1,   0,  GPS,  174.0, 109.10, 114.30, 118.400, 124.575,       ,       ,       ,      ,       ,       ,    3.5,       ,      ,       ,      ,      ,  -3.9, 3DDiff, 3704,      ,     10,  15.5,     18
2012-10-17, 12:57:36,  -05:00,       ,   47.9494514,  -97.1711121,   825.6, 29.09,   839.7,  10.5,   0.00,   6.32,  -21.54,   2.41,  -0.24,   0.00,  -0.04, 175.8, 175.5,  27.5,  27.5,   1.3,   0.1,  20.08,  24.00,     2.15,  140.22,   57.69,  914.2,  253.48,  265.49,  276.56,  277.95, 1088.48, 1055.86, 1059.35, 1049.96,   751.9,   0,  GPS,  174.0, 109.10, 114.30, 118.400, 124.575,       ,       ,       ,      ,       ,       ,    3.5,       ,      ,       ,      ,      ,   0.0, 3DDiff, 3704,      ,     10,  15.5,     18
2012-10-17, 12:57:37,  -05:00,       ,   47.9494209,  -97.1711121,   825.6, 29.09,   837.5,  10.5,   0.00,   6.49,  -12.61,   2.19,  -0.20,   0.00,  -0.01, 176.0, 175.4,  27.4,  27.5,   1.1,  -0.2,  20.12,  24.00,     2.16,  140.19,   57.57,  910.0,  253.66,  265.55,  276.69,  278.11, 1089.08, 1057.46, 1059.47, 1050.21,   749.7,   0,  GPS,  174.0, 109.10, 114.30, 118.400, 124.575,       ,       ,       ,      ,       ,       ,    3.5,       ,      ,       ,      ,      ,   0.0, 3DDiff, 3704,      ,     10,  15.0,     17
2012-10-17, 12:57:38,  -05:00,       ,   47.9493942,  -97.1711121,   825.6, 29.09,   837.2,  10.5,   0.00,   6.55,  -12.11,   2.16,  -0.38,   0.02,   0.02, 176.7, 175.8,  27.6,  27.6,   1.1,   0.0,  20.12,  24.00,     2.14,  140.17,   57.61,  909.4,  253.72,  265.49,  276.71,  278.07, 1090.81, 1059.19, 1058.51, 1049.71,   749.4,   0,  GPS,  174.0, 109.10, 114.30, 118.400, 124.575,       ,       ,       ,      ,       ,       ,    3.5,       ,      ,       ,      ,      ,  -3.9, 3DDiff, 3704,      ,     10,  15.5,     17
2012-10-17, 12:57:39,  -05:00,       ,   47.9493637,  -97.1711121,   824.6, 29.09,   837.0,  10.5,   0.00,   6.49,  -15.84,   2.27,  -0.47,   0.02,  -0.05, 176.9, 176.4,  27.6,  27.6,   1.2,   0.1,  20.12,  24.00,     2.11,  140.15,   57.64,  911.1,  253.84,  265.49,  276.70,  278.08, 1091.23, 1060.27, 1058.17, 1049.99,   749.2,   0,  GPS,  174.0, 109.10, 114.30, 118.400, 124.575,       ,       ,       ,      ,       ,       ,    3.5,       ,      ,       ,      ,      ,   0.0, 3DDiff, 3704,      ,     10,  15.5,     18
2012-10-17, 12:57:40,  -05:00,       ,   47.9493332,  -97.1711121,   824.6, 29.09,   836.7,  10.5,   0.00,   6.40,  -10.87,   2.94,  -0.79,   0.03,  -0.00, 177.0, 176.9,  27.5,  27.5,   1.3,   0.1,  20.22,  24.00,     2.20,  140.13,   57.64,  913.4,  254.01,  265.55,  276.86,  278.22, 1090.21, 1061.54, 1059.24, 1049.59,   748.8,   0,  GPS,  174.0, 109.10, 114.30, 118.400, 124.575,       ,       ,       ,      ,       ,       ,    3.5,       ,      ,       ,      ,      ,   0.0, 3DDiff, 3704,      ,     10,  15.5,     18
2012-10-17, 12:57:41,  -05:00,       ,   47.9493065,  -97.1711121,   824.6, 29.09,   836.7,  10.5,   0.00,   6.30,  -15.66,   2.11,  -0.58,  -0.01,  -0.08, 175.6, 177.0,  27.5,  27.5,   1.2,  -0.0,  20.29,  24.00,     2.16,  140.10,   57.64,  909.9,  254.07,  265.49,  276.86,  278.20, 1090.44, 1062.26, 1059.85, 1050.26,   748.9,   0,  GPS,  174.0, 109.10, 114.30, 118.400, 124.575,       ,       ,       ,      ,       ,       ,    3.5,       ,      ,       ,      ,      ,   0.0, 3DDiff, 3704,      ,     10,  15.5,     18
2012-10-17, 12:57:42,  -05:00,       ,   47.9492760,  -97.1711121,   824.6, 29.09,   837.0,  10.5,   0.00,   6.32,  -15.99,   1.98,  -0.60,  -0.00,   0.02, 174.9, 175.6,  27.5,  27.5,   1.1,  -0.0,  20.47,  24.00,     2.15,  140.08,   57.63,  910.3,  254.16,  265.49,  276.85,  278.21, 1089.08, 1062.38, 1060.43, 1050.84,   749.2,   0,  GPS,  174.0, 109.10, 114.30, 118.400, 124.575,       ,       ,       ,      ,       ,       ,    3.5,       ,      ,       ,      ,      ,   0.0, 3DDiff, 3704,      ,     10,  15.5,     18
2012-10-17, 12:57:43,  -05:00,       ,   47.9492455,  -97.1711121,   823.6, 29.09,   838.9,  10.5,   0.00,   6.22,  -16.00,   2.37,  -0.65,   0.01,  -0.01, 175.6, 175.3,  27.5,  27.5,   1.2,   0.0,  20.49,  24.00,     2.15,  140.05,   57.61,  912.2,  254.32,  265.55,  277.01,  278.28, 1088.98, 1062.51, 1060.22, 1049.54,   751.0,   0,  GPS,  174.0, 109.10, 114.30, 118.400, 124.575,       ,       ,       ,      ,       ,       ,    3.5,       ,      ,       ,      ,      ,  -3.9, 3DDiff, 3704,      ,     10,  15.0,     17
2012-10-17, 12:57:44,  -05:00,       ,   47.9492149,  -97.1711044,   824.6, 29.09,   839.0,  10.5,   0.00,   6.14,    3.90,   2.44,  -0.73,   0.03,   0.04, 176.6, 175.9,  27.6,  27.6,   1.3,   0.0,  20.49,  24.00,     2.13,  140.03,   57.59,  909.0,  254.34,  265.44,  277.00,  278.26, 1090.30, 1062.38, 1060.28, 1048.00,   751.2,   0,  GPS,  174.0, 109.10, 114.30, 118.400, 124.575,       ,       ,       ,      ,       ,       ,    3.5,       ,      ,       ,      ,      ,   0.0, 3DDiff, 3704,      ,     10,  15.5,     17
2012-10-17, 12:57:45,  -05:00,       ,   47.9491920,  -97.1711044,   825.6, 29.09,   839.3,  10.5,   0.00,   6.18,   17.69,   2.27,  -0.60,   0.03,  -0.08, 177.9, 176.9,  27.5,  27.5,   1.3,   0.1,  20.47,  24.00,     2.15,  140.00,   57.52,  904.0,  254.43,  265.41,  277.05,  278.32, 1092.50, 1063.25, 1060.23, 1047.03,   751.5,   0,  GPS,  174.0, 109.10, 114.30, 118.400, 124.575,       ,       ,       ,      ,       ,       ,    3.5,       ,      ,       ,      ,      ,   3.9, 3DDiff, 3704,      ,     10,  15.5,     18
2012-10-17, 12:57:46,  -05:00,       ,   47.9491577,  -97.1711121,   824.6, 29.09,   839.4,  10.5,   0.00,   6.08,   16.17,   2.94,  -0.77,   0.02,   0.06, 178.1, 178.3,  27.4,  27.5,   1.2,   0.0,  20.39,  24.00,     2.15,  139.98,   57.71,  913.0,  254.53,  265.45,  277.11,  278.33, 1093.41, 1063.35, 1060.44, 1047.66,   751.6,   0,  GPS,  174.0, 109.10, 114.30, 118.400, 124.575,       ,       ,       ,      ,       ,       ,    3.5,       ,      ,       ,      ,      ,   3.9, 3DDiff, 3704,      ,     10,  16.0,     18
2012-10-17, 12:57:47,  -05:00,       ,   47.9491348,  -97.1711121,   824.6, 29.09,   839.2,  10.5,   0.00,   6.01,  -13.76,   3.23,  -0.45,  -0.02,   0.16, 177.8, 178.5,  27.5,  27.6,   1.0,  -0.1,  20.39,  24.00,     2.17,  139.95,   57.68,  920.0,  254.61,  265.45,  277.11,  278.35, 1093.78, 1061.70, 1060.84, 1047.39,   751.4,   0,  GPS,  174.0, 109.10, 114.30, 118.400, 124.575,       ,       ,       ,      ,       ,       ,    3.5,       ,      ,       ,      ,      ,   3.9, 3DDiff, 3704,      ,     10,  16.0,     18
2012-10-17, 12:57:48,  -05:00,       ,   47.9491081,  -97.1711121,   823.6, 29.09,   838.7,  10.5,   0.00,   6.05,  -30.58,   2.48,  -0.65,   0.00,  -0.03, 177.4, 178.0,  27.6,  27.6,   1.2,  -0.0,  20.42,  24.00,     2.17,  139.93,   57.63,  910.9,  254.77,  265.48,  277.29,  278.47, 1092.90, 1063.16, 1061.67, 1048.35,   750.8,   0,  GPS,  174.0, 109.10, 114.30, 118.400, 124.575,       ,       ,       ,      ,       ,       ,    3.5,       ,      ,       ,      ,      ,   3.9, 3DDiff, 3704,      ,     10,  15.5,     18
2012-10-17, 12:57:49,  -05:00,       ,   47.9490776,  -97.1711121,   822.6, 29.09,   837.3,  10.5,   0.00,   6.08,  -31.95,   3.00,  -0.63,  -0.01,  -0.04, 177.0, 177.3,  27.5,  27.5,   1.3,   0.1,  20.47,  24.00,     2.18,  139.90,   57.68,  913.6,  254.87,  265.45,  277.34,  278.53, 1091.54, 1064.97, 1062.55, 1048.55,   749.5,   0,  GPS,  174.0, 109.10, 114.30, 118.400, 124.575,       ,       ,       ,      ,       ,       ,    3.5,       ,      ,       ,      ,      ,   0.0, 3DDiff, 3704,      ,     10,  15.5,     17
2012-10-17, 12:57:50,  -05:00,       ,   47.9490471,  -97.1711121,   822.6, 29.09,   837.3,  10.5,   0.00,   6.08,  -32.00,   2.96,  -0.54,  -0.01,   0.02, 177.1, 176.7,  27.4,  27.5,   1.1,  -0.1,  20.49,  24.00,     2.10,  139.88,   57.66,  917.5,  254.92,  265.50,  277.37,  278.54, 1089.53, 1064.96, 1062.38, 1049.88,   749.4,   0,  GPS,  174.0, 109.10, 114.30, 118.400, 124.575,       ,       ,       ,      ,       ,       ,    3.5,       ,      ,       ,      ,      ,   3.9, 3DDiff, 3704,      ,     10,  15.5,     18
2012-10-17, 12:57:51,  -05:00,       ,   47.9490204,  -97.1711121,   822.6, 29.09,   837.1,  10.5,   0.00,   6.10,  -24.33,   2.93,  -0.53,   0.01,   0.02, 177.3, 177.0,  27.5,  27.5,   1.1,  -0.0,  20.42,  24.00,     2.16,  139.85,   57.70,  914.5,  255.02,  265.43,  277.41,  278.57, 1088.62, 1064.97, 1062.69, 1050.91,   749.3,   0,  GPS,  174.0, 109.10, 114.30, 118.400, 124.575,       ,       ,       ,      ,       ,       ,    3.5,       ,      ,       ,      ,      ,   0.0, 3DDiff, 3704,      ,     10,  15.5,     18
2012-10-17, 12:57:52,  -05:00,       ,   47.9489899,  -97.1711121,   822.6, 29.09,   837.0,  10.5,   0.00,   6.08,    0.47,   2.81,  -0.75,   0.01,  -0.02, 177.0, 177.1,  27.5,  27.5,   1.1,  -0.1,  20.42,  24.00,     2.17,  139.82,   57.58,  911.2,  255.07,  265.37,  277.39,  278.52, 1089.11, 1064.90, 1063.74, 1051.02,   749.2,   0,  GPS,  174.0, 109.10, 114.30, 118.400, 124.575,       ,       ,       ,      ,       ,       ,    3.5,       ,      ,       ,      ,      ,   3.9, 3DDiff, 3704,      ,     10,  15.5,     18
2012-10-17, 12:57:53,  -05:00,       ,   47.9489632,  -97.1711121,   821.6, 29.09,   837.1,  10.5,   0.00,   6.08,  -14.78,   1.65,  -0.64,   0.02,  -0.01, 176.3, 176.7,  27.5,  27.6,   1.1,  -0.1,  20.39,  24.00,     2.13,  139.79,   57.56,  903.4,  255.10,  265.37,  277.41,  278.60, 1089.22, 1065.92, 1064.80, 1050.70,   749.3,   0,  GPS,  174.0, 109.10, 114.30, 118.400, 124.575,       ,       ,       ,      ,       ,       ,    3.5,       ,      ,       ,      ,      ,   0.0, 3DDiff, 3704,      ,     10,  15.5,     18
2012-10-17, 12:57:54,  -05:00,       ,   47.9489326,  -97.1711121,   821.6, 29.09,   837.5,  10.5,   0.00,   6.12,  -15.96,   3.30,  -0.87,   0.02,  -0.15, 176.1, 175.7,  27.5,  27.5,   1.2,   0.1,  20.39,  24.00,     2.12,  139.77,   57.61,  903.8,  255.22,  265.35,  277.52,  278.62, 1089.25, 1067.18, 1065.05, 1050.55,   749.7,   0,  GPS,  174.0, 109.10, 114.30, 118.400, 124.575,       ,       ,       ,      ,       ,       ,    3.5,       ,      ,       ,      ,      ,   0.0, 3DDiff, 3704,      ,     10,  15.5,     18
2012-10-17, 12:57:55,  -05:00,       ,   47.9489059,  -97.1711121,   821.6, 29.09,   839.0,  10.5,   0.00,   6.05,  -22.60,   2.88,  -0.58,  -0.02,   0.05, 175.5, 175.4,  27.5,  27.5,   1.2,   0.0,  20.34,  24.00,     2.13,  139.74,   57.68,  911.1,  255.24,  265.31,  277.47,  278.55, 1089.13, 1066.33, 1065.73, 1050.87,   751.1,   0,  GPS,  174.0, 109.10, 114.30, 118.400, 124.575,       ,       ,       ,      ,       ,       ,    3.5,       ,      ,       ,      ,      ,   3.9, 3DDiff, 3704,      ,     10,  15.0,     18
2012-10-17, 12:57:56,  -05:00,       ,   47.9488792,  -97.1711121,   821.6, 29.09,   839.0,  10.5,   0.00,   6.01,   -5.01,   3.15,  -0.67,   0.00,   0.05, 174.9, 174.9,  27.4,  27.5,   1.2,  -0.0,  20.34,  24.00,     2.16,  139.72,   57.60,  907.5,  255.30,  265.29,  277.46,  278.64, 1089.33, 1065.00, 1066.58, 1051.43,   751.1,   0,  GPS,  174.0, 109.10, 114.30, 118.400, 124.575,       ,       ,       ,      ,       ,       ,    3.5,       ,      ,       ,      ,      ,  -3.9, 3DDiff, 3704,      ,     10,  15.5,     18
2012-10-17, 12:57:57,  -05:00,       ,   47.9488525,  -97.1711121,   821.6, 29.09,   839.2,  10.5,   0.00,   6.06,   -0.19,   2.16,  -0.87,  -0.01,  -0.07, 174.2, 174.1,  27.6,  27.6,   1.1,  -0.0,  20.34,  24.00,     2.16,  139.70,   57.64,  912.4,  255.39,  265.40,  277.62,  278.74, 1088.76, 1063.49, 1065.80, 1052.79,   751.4,   0,  GPS,  174.0, 109.10, 114.30, 118.400, 124.575,       ,       ,       ,      ,       ,       ,    3.5,       ,      ,       ,      ,      ,   0.0, 3DDiff, 3704,      ,     10,  15.5,     18
2012-10-17, 12:57:58,  -05:00,       ,   47.9488258,  -97.1711044,   821.6, 29.09,   839.3,  10.5,   0.00,   5.99,    5.73,   2.48,  -0.80,   0.01,   0.01, 174.0, 173.5,  27.6,  27.6,   1.3,   0.1,  20.34,  24.00,     2.15,  139.67,   57.65,  911.6,  255.55,  265.42,  277.72,  278.81, 1087.16, 1062.77, 1065.11, 1052.96,   751.4,   0,  GPS,  174.0, 109.10, 114.30, 118.400, 124.575,       ,       ,       ,      ,       ,       ,    3.5,       ,      ,       ,      ,      ,  -3.9, 3DDiff, 3704,      ,     10,  15.5,     18
2012-10-17, 12:57:59,  -05:00,       ,   47.9487991,  -97.1711044,   821.6, 29.09,   839.2,  10.2,   0.00,   5.81,    0.89,   2.21,  -1.12,   0.05,  -0.05, 176.2, 173.8,  27.4,  27.5,   1.2,   0.1,  20.29,  24.00,     2.17,  139.65,   57.48,  899.3,  255.53,  265.37,  277.66,  278.77, 1087.27, 1062.56, 1064.04, 1052.51,   751.4,   0,  GPS,  174.0, 109.10, 114.30, 118.400, 124.575,       ,       ,       ,      ,       ,       ,    3.5,       ,      ,       ,      ,      ,   0.0, 3DDiff, 3704,      ,     10,  15.5,     18
2012-10-17, 12:58:00,  -05:00,       ,   47.9487724,  -97.1711044,   822.6, 29.09,   838.7,  10.2,   0.00,   5.62,   20.52,   2.29,  -1.12,   0.02,  -0.01, 177.1, 175.7,  27.5,  27.5,   1.1,  -0.0,  20.27,  24.00,     2.19,  139.63,   57.59,  900.9,  255.64,  265.40,  277.73,  278.85, 1087.94, 1061.51, 1062.61, 1053.50,   750.9,   0,  GPS,  174.0, 109.10, 114.30, 118.400, 124.575,       ,       ,       ,      ,       ,       ,    3.5,       ,      ,       ,      ,      ,   0.0, 3DDiff, 3704,      ,     10,  15.5,     18
2012-10-17, 12:58:01,  -05:00,       ,   47.9487495,  -97.1711044,   823.6, 29.09,   837.5,  10.2,   0.00,   5.54,   19.76,   2.37,  -1.11,   0.02,   0.00, 177.1, 176.5,  27.5,  27.5,   1.1,  -0.1,  20.29,  24.00,     2.13,  139.61,   57.49,  900.5,  255.63,  265.35,  277.79,  278.89, 1087.81, 1059.74, 1061.57, 1053.87,   749.7,   0,  GPS,  174.0, 109.10, 114.30, 118.400, 124.575,       ,       ,       ,      ,       ,       ,    3.5,       ,      ,       ,      ,      ,  -3.9, 3DDiff, 3704,      ,     10,  15.0,     18
2012-10-17, 12:58:02,  -05:00,       ,   47.9487190,  -97.1711044,   823.6, 29.09,   837.5,  10.2,   0.00,   5.48,   26.79,   3.24,  -1.23,   0.02,   0.10, 177.0, 176.7,  27.5,  27.5,   1.2,   0.0,  20.22,  24.00,     2.16,  139.59,   57.43,  894.2,  255.67,  265.32,  277.74,  278.82, 1086.73, 1059.39, 1060.58, 1052.17,   749.6,   0,  GPS,  174.0, 109.10, 114.30, 118.400, 124.575,       ,       ,       ,      ,       ,       ,    3.5,       ,      ,       ,      ,      ,   0.0, 3DDiff, 3704,      ,     10,  15.5,     18
2012-10-17, 12:58:03,  -05:00,       ,   47.9486961,  -97.1711044,   822.6, 29.09,   837.4,  10.2,   0.00,   5.33,    3.07,   3.23,  -1.15,   0.02,  -0.04, 176.6, 176.8,  27.5,  27.5,   1.3,   0.1,  20.20,  24.00,     2.19,  139.57,   57.41,  893.4,  255.70,  265.31,  277.76,  278.91, 1084.97, 1059.31, 1060.05, 1052.81,   749.6,   0,  GPS,  174.0, 109.10, 114.30, 118.400, 124.575,       ,       ,       ,      ,       ,       ,    3.5,       ,      ,       ,      ,      ,   0.0, 3DDiff, 3704,      ,     10,  15.5,     18
2012-10-17, 12:58:04,  -05:00,       ,   47.9486732,  -97.1711044,   822.6, 29.09,   837.6,  10.2,   0.00,   5.17,  -13.56,   3.37,  -1.16,   0.02,   0.07, 176.4, 176.3,  27.4,  27.5,   1.2,   0.1,  20.15,  24.00,     2.17,  139.55,   57.44,  891.7,  255.71,  265.33,  277.84,  278.94, 1083.26, 1058.81, 1059.81, 1053.33,   749.7,   0,  GPS,  174.0, 109.10, 114.30, 118.400, 124.575,       ,       ,       ,      ,       ,       ,    3.5,       ,      ,       ,      ,      ,   3.9, 3DDiff, 3704,      ,     10,  15.5,     18
2012-10-17, 12:58:05,  -05:00,       ,   47.9486504,  -97.1711044,   822.6, 29.09,   837.4,  10.2,   0.00,   5.23,  -11.08,   3.36,  -1.08,   0.02,  -0.02, 176.5, 176.3,  27.4,  27.4,   1.1,   0.0,  20.15,  24.00,     2.17,  139.53,   57.44,  896.2,  255.82,  265.35,  277.86,  278.95, 1082.38, 1057.54, 1059.17, 1052.79,   749.6,   0,  GPS,  174.0, 109.10, 114.30, 118.400, 124.575,       ,       ,       ,      ,       ,       ,    3.5,       ,      ,       ,      ,      ,   0.0, 3DDiff, 3704,      ,     10,  15.5,     18
2012-10-17, 12:58:06,  -05:00,       ,   47.9486275,  -97.1711044,   822.6, 29.09,   837.8,  10.2,   0.00,   5.09,  -13.30,   3.36,  -1.08,   0.03,  -0.02, 177.2, 176.4,  27.5,  27.6,   0.9,  -0.2,  20.15,  24.00,     2.14,  139.51,   57.41,  891.4,  255.84,  265.32,  277.89,  279.02, 1082.00, 1056.13, 1058.75, 1052.92,   750.0,   0,  GPS,  174.0, 109.10, 114.30, 118.400, 124.575,       ,       ,       ,      ,       ,       ,    3.5,       ,      ,       ,      ,      ,   3.9, 3DDiff, 3704,      ,     10,  15.5,     18
2012-10-17, 12:58:07,  -05:00,       ,   47.9486046,  -97.1711044,   822.6, 29.09,   839.0,  10.2,   0.00,   4.65,   -1.12,   3.12,  -0.82,   0.01,   0.00, 177.6, 177.4,  27.6,  27.6,   1.2,   0.0,  20.12,  24.00,     2.16,  139.50,   57.45,  892.0,  255.93,  265.36,  277.95,  279.07, 1081.58, 1054.96, 1058.05, 1053.28,   751.2,   0,  GPS,  174.0, 109.10, 114.30, 118.400, 124.575,       ,       ,       ,      ,       ,       ,    3.5,       ,      ,       ,      ,      ,   3.9, 3DDiff, 3704,      ,     10,  15.0,     18
2012-10-17, 12:58:08,  -05:00,       ,   47.9485893,  -97.1711044,   821.6, 29.09,   839.1,  10.2,   0.00,   4.02,  -24.81,   2.80,  -0.67,   0.03,  -0.04, 178.0, 178.2,  27.4,  27.4,   1.3,   0.1,  20.12,  24.00,     2.14,  139.48,   57.50,  897.1,  255.97,  265.35,  278.00,  279.08, 1081.12, 1054.25, 1057.64, 1053.92,   751.3,   0,  GPS,  174.0, 109.10, 114.30, 118.400, 124.575,       ,       ,       ,      ,       ,       ,    3.5,       ,      ,       ,      ,      ,   3.9, 3DDiff, 3704,      ,     10,  15.5,     18
2012-10-17, 12:58:09,  -05:00,       ,   47.9485703,  -97.1711044,   820.6, 29.09,   839.2,  10.2,   0.00,   3.38,  -28.25,   3.12,  -0.80,   0.02,   0.05, 178.0, 178.2,  27.4,  27.5,   1.0,  -0.1,  20.12,  24.00,     2.14,  139.47,   57.51,  895.6,  255.98,  265.41,  278.00,  279.11, 1082.81, 1053.88, 1057.42, 1053.47,   751.4,   0,  GPS,  174.0, 109.10, 114.30, 118.400, 124.575,       ,       ,       ,      ,       ,       ,    3.5,       ,      ,       ,      ,      ,   0.0, 3DDiff, 3704,      ,     10,  15.5,     18
2012-10-17, 12:58:10,  -05:00,       ,   47.9485588,  -97.1711044,   820.6, 29.09,   839.3,  10.2,   0.00,   3.52,  -31.84,   3.04,  -0.83,   0.01,  -0.04, 177.6, 177.9,  27.4,  27.5,   1.1,  -0.1,  20.08,  24.00,     2.16,  139.46,   57.37,  890.7,  256.04,  265.42,  278.02,  279.21, 1084.75, 1054.54, 1056.89, 1052.98,   751.4,   0,  GPS,  174.0, 109.10, 114.30, 118.400, 124.575,       ,       ,       ,      ,       ,       ,    3.5,       ,      ,       ,      ,      ,   3.9, 3DDiff, 3704,      ,     10,  15.5,     18
2012-10-17, 12:58:11,  -05:00,       ,   47.9485397,  -97.1711044,   820.6, 29.09,   839.5,  10.2,   0.00,   3.63,  -22.65,   3.13,  -0.77,   0.00,  -0.03, 177.4, 177.5,  27.5,  27.5,   1.1,  -0.1,  20.08,  24.00,     2.18,  139.45,   57.30,  881.1,  256.10,  265.42,  278.12,  279.22, 1083.55, 1055.83, 1055.69, 1054.49,   751.7,   0,  GPS,  174.0, 109.10, 114.30, 118.400, 124.575,       ,       ,       ,      ,       ,       ,    3.5,       ,      ,       ,      ,      ,   3.9, 3DDiff, 3704,      ,     10,  15.5,     18
2012-10-17, 12:58:12,  -05:00,       ,   47.9485245,  -97.1711121,   818.6, 29.09,   839.0,  10.2,   0.00,   3.75,  -45.48,   3.12,  -0.89,   0.01,  -0.02, 177.3, 177.1,  27.5,  27.5,   1.2,   0.0,  20.08,  24.00,     2.18,  139.44,   57.32,  879.9,  256.11,  265.43,  278.14,  279.31, 1082.73, 1055.13, 1055.45, 1055.42,   751.2,   0,  GPS,  174.0, 109.10, 114.30, 118.400, 124.575,       ,       ,       ,      ,       ,       ,    3.5,       ,      ,       ,      ,      ,   0.0, 3DDiff, 3704,      ,     10,  15.5,     18
2012-10-17, 12:58:13,  -05:00,       ,   47.9485016,  -97.1711121,   821.6, 29.09,   838.3,  10.2,   0.00,   3.87,   12.09,   3.36,  -0.82,   0.01,   0.02, 177.7, 177.0,  27.5,  27.5,   1.2,   0.0,  20.12,  24.00,     2.13,  139.43,   57.25,  879.9,  256.16,  265.43,  278.14,  279.35, 1080.70, 1053.27, 1054.78, 1054.59,   750.5,   0,  GPS,  174.0, 109.10, 114.30, 118.400, 124.575,       ,       ,       ,      ,       ,       ,    3.5,       ,      ,       ,      ,      ,   0.0, 3DDiff, 3704,      ,     10,  15.0,     18
2012-10-17, 12:58:14,  -05:00,       ,   47.9484825,  -97.1711121,   826.6, 29.09,   838.2,  10.2,   0.00,   3.98,  115.99,   3.05,  -0.94,   0.04,  -0.05, 178.2, 177.7,  27.4,  27.4,   1.2,   0.0,  20.08,  24.00,     2.17,  139.42,   57.27,  874.5,  256.24,  265.53,  278.21,  279.36, 1077.41, 1052.89, 1054.70, 1053.84,   750.4,   0,  GPS,  174.0, 109.10, 114.30, 118.400, 124.575,       ,       ,       ,      ,       ,       ,    3.5,       ,      ,       ,      ,      ,   3.9, 3DDiff, 3704,      ,     10,  15.5,     18
2012-10-17, 12:58:15,  -05:00,       ,   47.9484634,  -97.1711121,   821.6, 29.09,   838.1,  10.2,   0.00,   4.12,   43.86,   3.74,  -0.75,   0.00,   0.03, 177.3, 178.3,  27.4,  27.5,   1.0,  -0.1,  20.08,  24.00,     2.19,  139.40,   57.28,  876.3,  256.25,  265.55,  278.26,  279.42, 1073.39, 1053.36, 1055.59, 1052.43,   750.3,   0,  GPS,  174.0, 109.10, 114.30, 118.400, 124.575,       ,       ,       ,      ,       ,       ,    3.5,       ,      ,       ,      ,      ,   0.0, 3DDiff, 3704,      ,     10,  15.5,     18
2012-10-17, 12:58:16,  -05:00,       ,   47.9484444,  -97.1711121,   818.6, 29.09,   838.1,  10.2,   0.00,   4.32,  -73.01,   3.54,  -0.78,   0.01,   0.01, 176.4, 177.5,  27.5,  27.6,   1.2,   0.0,  20.05,  24.00,     2.12,  139.40,   57.28,  880.9,  256.25,  265.56,  278.27,  279.49, 1071.23, 1053.51, 1053.09, 1052.32,   750.3,   0,  GPS,  174.0, 109.10, 114.30, 118.400, 124.575,       ,       ,       ,      ,       ,       ,    3.5,       ,      ,       ,      ,      ,   3.9, 3DDiff, 3704,      ,     10,  15.5,     18
2012-10-17, 12:58:17,  -05:00,       ,   47.9484253,  -97.1711121,   818.6, 29.09,   837.7,  10.2,   0.00,   4.43,  -75.74,   3.49,  -0.83,   0.02,   0.00, 176.6, 176.1,  27.5,  27.5,   1.3,   0.1,  20.05,  24.00,     2.16,  139.38,   57.23,  870.2,  256.29,  265.57,  278.32,  279.49, 1069.02, 1053.94, 1050.93, 1052.49,   749.9,   0,  GPS,  174.0, 109.10, 114.30, 118.400, 124.575,       ,       ,       ,      ,       ,       ,    3.5,       ,      ,       ,      ,      ,   0.0, 3DDiff, 3704,      ,     10,  15.5,     18
2012-10-17, 12:58:18,  -05:00,       ,   47.9483986,  -97.1711121,   821.6, 29.09,   838.1,  10.2,   0.00,   4.53,   -7.41,   3.33,  -0.97,   0.01,   0.04, 176.7, 176.0,  27.4,  27.4,   1.2,   0.0,  20.05,  24.00,     2.18,  139.38,   57.29,  871.4,  256.37,  265.67,  278.38,  279.61, 1068.24, 1053.45, 1050.80, 1052.97,   750.3,   0,  GPS,  174.0, 109.10, 114.30, 118.400, 124.575,       ,       ,       ,      ,       ,       ,    3.5,       ,      ,       ,      ,      ,   0.0, 3DDiff, 3704,      ,     10,  15.5,     18
2012-10-17, 12:58:19,  -05:00,       ,   47.9483833,  -97.1711121,   821.6, 29.09,   838.9,  10.2,   0.00,   4.70,   28.74,   3.36,  -0.67,   0.01,  -0.01, 176.8, 176.4,  27.4,  27.5,   1.1,  -0.0,  20.08,  24.00,     2.15,  139.37,   57.35,  882.9,  256.38,  265.69,  278.41,  279.63, 1069.20, 1052.43, 1050.06, 1052.13,   751.1,   0,  GPS,  174.0, 109.10, 114.30, 118.400, 124.575,       ,       ,       ,      ,       ,       ,    3.5,       ,      ,       ,      ,      ,   0.0, 3DDiff, 3704,      ,     10,  15.5,     18
2012-10-17, 12:58:20,  -05:00,       ,   47.9483604,  -97.1711121,   819.6, 29.09,   839.0,  10.2,   0.00,   4.86,   -8.27,   3.08,  -0.68,   0.01,  -0.01, 176.9, 176.9,  27.5,  27.6,   1.1,  -0.1,  20.05,  24.00,     2.21,  139.36,   57.34,  883.4,  256.39,  265.71,  278.41,  279.74, 1070.13, 1051.60, 1049.22, 1050.42,   751.2,   0,  GPS,  174.0, 109.10, 114.30, 118.400, 124.575,       ,       ,       ,      ,       ,       ,    3.5,       ,      ,       ,      ,      ,   0.0, 3DDiff, 3704,      ,     10,  15.5,     18
2012-10-17, 12:58:21,  -05:00,       ,   47.9483337,  -97.1711121,   819.6, 29.09,   839.1,  10.2,   0.00,   4.94,  -31.57,   2.99,  -0.68,   0.01,   0.00, 176.5, 176.7,  27.5,  27.5,   1.2,   0.0,  20.08,  24.00,     2.14,  139.35,   57.41,  887.3,  256.45,  265.79,  278.46,  279.76, 1071.33, 1049.91, 1049.87, 1048.61,   751.3,   0,  GPS,  174.0, 109.10, 114.30, 118.400, 124.575,       ,       ,       ,      ,       ,       ,    3.5,       ,      ,       ,      ,      ,   3.9, 3DDiff, 3704,      ,     10,  15.5,     18
2012-10-17, 12:58:22,  -05:00,       ,   47.9483109,  -97.1711121,   818.6, 29.09,   839.2,  10.2,   0.00,   5.05,  -26.00,   3.00,  -0.65,   0.01,   0.02, 176.3, 176.3,  27.5,  27.5,   1.3,   0.1,  20.12,  24.00,     2.16,  139.34,   57.25,  880.6,  256.49,  265.82,  278.51,  279.86, 1070.30, 1048.17, 1051.89, 1049.02,   751.4,   0,  GPS,  174.0, 109.10, 114.30, 118.400, 124.575,       ,       ,       ,      ,       ,       ,    3.5,       ,      ,       ,      ,      ,   0.0, 3DDiff, 3704,      ,     10,  15.5,     18
2012-10-17, 12:58:23,  -05:00,       ,   47.9482918,  -97.1711121,   818.6, 29.09,   839.4,  10.2,   0.00,   5.13,  -23.64,   2.82,  -0.65,   0.00,   0.00, 176.2, 176.1,  27.4,  27.5,   1.2,   0.0,  20.12,  24.00,     2.17,  139.33,   57.26,  871.8,  256.51,  265.83,  278.54,  279.90, 1070.86, 1048.68, 1052.28, 1049.06,   751.6,   0,  GPS,  174.0, 109.10, 114.30, 118.400, 124.575,       ,       ,       ,      ,       ,       ,    3.5,       ,      ,       ,      ,      ,   0.0, 3DDiff, 3704,      ,     10,  15.5,     18
2012-10-17, 12:58:24,  -05:00,       ,   47.9482651,  -97.1711121,   820.6, 29.09,   838.9,  10.2,   0.00,   5.11,   24.65,   2.66,  -0.80,   0.02,   0.02, 176.6, 175.8,  27.4,  27.4,   1.1,  -0.0,  20.15,  24.00,     2.11,  139.33,   57.33,  879.7,  256.52,  265.94,  278.60,  279.93, 1070.88, 1049.35, 1051.69, 1047.94,   751.1,   0,  GPS,  174.0, 109.10, 114.30, 118.400, 124.575,       ,       ,       ,      ,       ,       ,    3.5,       ,      ,       ,      ,      ,   0.0, 3DDiff, 3704,      ,     10,  15.5,     18
2012-10-17, 12:58:25,  -05:00,       ,   47.9482384,  -97.1711121,   819.6, 29.09,   838.3,  10.2,   0.00,   4.90,   15.65,   2.63,  -0.99,   0.06,   0.03, 179.3, 176.9,  27.5,  27.6,   1.0,  -0.1,  20.15,  24.00,     2.14,  139.32,   57.34,  883.8,  256.53,  265.96,  278.64,  280.02, 1069.99, 1048.27, 1052.90, 1048.21,   750.4,   0,  GPS,  174.0, 109.10, 114.30, 118.400, 124.575,       ,       ,       ,      ,       ,       ,    3.5,       ,      ,       ,      ,      ,   0.0, 3DDiff, 3704,      ,     10,  15.5,     18
2012-10-17, 12:58:26,  -05:00,       ,   47.9482193,  -97.1711121,   817.6, 29.09,   838.1,  10.2,   0.00,   4.65,  -36.71,   2.79,  -0.73,   0.03,   0.03, 182.5, 179.5,  27.6,  27.6,   1.3,   0.1,  20.15,  24.00,     2.18,  139.31,   57.35,  882.0,  256.63,  266.02,  278.68,  280.06, 1070.33, 1047.04, 1055.17, 1049.52,   750.3,   0,  GPS,  174.0, 109.10, 114.30, 118.400, 124.575,       ,       ,       ,      ,       ,       ,    3.5,       ,      ,       ,      ,      ,  -3.9, 3DDiff, 3704,      ,     10,  15.5,     18
2012-10-17, 12:58:27,  -05:00,       ,   47.9482002,  -97.1711121,   816.6, 29.09,   838.0,  10.2,   0.00,   4.57,  -69.05,   2.58,  -0.60,   0.02,  -0.04, 186.7, 182.5,  27.4,  27.4,   1.2,   0.1,  20.12,  24.00,     2.12,  139.30,   57.39,  884.9,  256.64,  266.06,  278.68,  280.16, 1070.80, 1047.63, 1056.89, 1049.12,   750.2,   0,  GPS,  174.0, 109.10, 114.30, 118.400, 124.575,       ,       ,       ,      ,       ,       ,    3.5,       ,      ,       ,      ,      ,   0.0, 3DDiff, 3704,      ,     10,  15.5,     18
2012-10-17, 12:58:28,  -05:00,       ,   47.9481773,  -97.1711197,   817.6, 29.09,   837.9,  10.2,   0.00,   4.24,  -36.81,   2.93,  -0.58,   0.07,  -0.01, 193.7, 186.9,  27.4,  27.5,   1.0,  -0.1,  20.08,  24.00,     2.16,  139.29,   57.32,  882.9,  256.65,  266.09,  278.76,  280.19, 1071.89, 1048.76, 1056.24, 1049.77,   750.0,   0,  GPS,  174.0, 109.10, 114.30, 118.400, 124.575,       ,       ,       ,      ,       ,       ,    3.5,       ,      ,       ,      ,      ,  -3.9, 3DDiff, 3704,      ,     10,  15.5,     18
2012-10-17, 12:58:29,  -05:00,       ,   47.9481621,  -97.1711273,   816.6, 29.09,   838.0,  10.2,   0.00,   4.06,  -17.52,   2.55,  -0.03,   0.04,   0.02, 201.4, 194.5,  27.4,  27.5,   1.1,  -0.0,  19.95,  24.00,     2.17,  139.28,   57.39,  883.4,  256.65,  266.19,  278.81,  280.30, 1072.81, 1049.52, 1054.87, 1050.53,   750.2,   0,  GPS,  174.0, 109.10, 114.30, 118.400, 124.575,       ,       ,       ,      ,       ,       ,    3.5,       ,      ,       ,      ,      ,   0.0, 3DDiff, 3704,      ,     10,  15.5,     18
2012-10-17, 12:58:30,  -05:00,       ,   47.9481468,  -97.1711426,   816.6, 29.09,   838.1,  10.2,   0.00,   3.97,  -26.44,   2.18,  -0.05,   0.04,  -0.04, 209.7, 201.6,  27.6,  27.6,   1.2,   0.0,  20.00,  24.00,     2.16,  139.28,   57.44,  888.7,  256.65,  266.24,  278.81,  280.35, 1072.56, 1050.16, 1054.79, 1050.88,   750.3,   0,  GPS,  174.0, 109.10, 114.30, 118.400, 124.575,       ,       ,       ,      ,       ,       ,    3.5,       ,      ,       ,      ,      ,   0.0, 3DDiff, 3704,      ,     10,  15.5,     18
2012-10-17, 12:58:31,  -05:00,       ,   47.9481316,  -97.1711655,   816.6, 29.09,   838.9,  10.2,   0.00,   3.98,  -11.90,   2.02,   0.34,   0.01,   0.04, 218.1, 209.5,  27.5,  27.6,   1.2,   0.0,  19.93,  24.00,     2.16,  139.26,   57.42,  886.9,  256.65,  266.28,  278.86,  280.43, 1073.18, 1049.68, 1054.65, 1051.04,   751.0,   0,  GPS,  174.0, 109.10, 114.30, 118.400, 124.575,       ,       ,       ,      ,       ,       ,    3.5,       ,      ,       ,      ,      ,  -3.9, 3DDiff, 3704,      ,     10,  15.5,     18
2012-10-17, 12:58:32,  -05:00,       ,   47.9481163,  -97.1711731,   815.6, 29.09,   838.8,  10.2,   0.00,   4.06,  -28.38,   1.80,   0.78,   0.02,   0.01, 227.4, 218.1,  27.5,  27.5,   1.2,   0.0,  19.87,  24.00,     2.19,  139.26,   57.55,  893.8,  256.69,  266.35,  278.94,  280.50, 1073.90, 1048.66, 1054.89, 1051.88,   751.0,   0,  GPS,  174.0, 109.10, 114.30, 118.400, 124.575,       ,       ,       ,      ,       ,       ,    3.5,       ,      ,       ,      ,      ,  -7.9, 3DDiff, 3704,      ,     10,  15.5,     18
2012-10-17, 12:58:33,  -05:00,       ,   47.9481087,  -97.1711960,   815.6, 29.09,   838.8,  10.2,   0.00,   4.28,  -22.20,   2.76,  -0.35,   0.11,  -0.04, 237.6, 226.3,  27.4,  27.5,   1.2,   0.0,  19.85,  24.00,     2.16,  139.25,   57.53,  897.9,  256.76,  266.38,  278.95,  280.57, 1074.70, 1047.93, 1056.24, 1051.76,   751.0,   0,  GPS,  174.0, 109.10, 114.30, 118.400, 124.575,       ,       ,       ,      ,       ,       ,    3.5,       ,      ,       ,      ,      ,  -3.9, 3DDiff, 3704,      ,     10,  15.5,     18
2012-10-17, 12:58:34,  -05:00,       ,   47.9480972,  -97.1712265,   814.6, 29.09,   839.0,  10.2,   0.00,   4.49,  -16.29,   2.53,  -0.33,   0.05,   0.01, 246.7, 236.7,  27.4,  27.5,   0.9,  -0.2,  19.72,  24.00,     2.15,  139.24,   57.57,  895.7,  256.78,  266.47,  278.98,  280.65, 1074.53, 1049.67, 1058.86, 1052.00,   751.2,   0,  GPS,  174.0, 109.10, 114.30, 118.400, 124.575,       ,       ,       ,      ,       ,       ,    3.5,       ,      ,       ,      ,      ,   0.0, 3DDiff, 3704,      ,     10,  15.5,     18
2012-10-17, 12:58:35,  -05:00,       ,   47.9480896,  -97.1712570,   814.6, 29.09,   838.4,  10.2,   0.00,   4.63,  -16.01,   2.44,  -0.24,   0.03,  -0.02, 252.6, 245.0,  27.6,  27.6,   1.2,   0.0,  19.65,  24.00,     2.17,  139.23,   57.65,  904.4,  256.79,  266.50,  279.02,  280.71, 1073.75, 1051.93, 1062.77, 1052.84,   750.6,   0,  GPS,  174.0, 109.10, 114.30, 118.400, 124.575,       ,       ,       ,      ,       ,       ,    3.5,       ,      ,       ,      ,      ,   3.9, 3DDiff, 3704,      ,     10,  15.5,     18
2012-10-17, 12:58:36,  -05:00,       ,   47.9480820,  -97.1712875,   813.6, 29.09,   838.5,  10.2,   0.00,   4.82,  -35.62,   1.97,  -0.15,   0.01,  -0.01, 256.1, 250.3,  27.5,  27.5,   1.3,   0.1,  19.60,  24.00,     2.14,  139.22,   57.72,  912.2,  256.79,  266.60,  279.08,  280.80, 1074.48, 1054.34, 1064.20, 1053.51,   750.7,   0,  GPS,  174.0, 109.10, 114.30, 118.400, 124.575,       ,       ,       ,      ,       ,       ,    3.5,       ,      ,       ,      ,      ,   0.0, 3DDiff, 3704,      ,     10,  15.5,     18
2012-10-17, 12:58:37,  -05:00,       ,   47.9480743,  -97.1713257,   812.6, 29.09,   837.8,  10.2,   0.00,   4.98,  -36.05,   2.24,  -0.12,   0.01,   0.05, 259.7, 253.4,  27.4,  27.4,   1.1,  -0.0,  19.52,  24.00,     2.19,  139.21,   57.68,  908.8,  256.85,  266.72,  279.13,  280.91, 1077.05, 1058.39, 1063.94, 1055.27,   749.9,   0,  GPS,  174.0, 109.10, 114.30, 118.400, 124.575,       ,       ,       ,      ,       ,       ,    3.5,       ,      ,       ,      ,      ,  -3.9, 3DDiff, 3704,      ,     10,  15.5,     18
2012-10-17, 12:58:38,  -05:00,       ,   47.9480705,  -97.1713638,   812.6, 29.09,   837.7,  10.2,   0.00,   5.13,  -32.16,   1.93,  -0.34,   0.03,  -0.01, 263.2, 257.0,  27.5,  27.5,   1.1,  -0.0,  19.57,  24.00,     2.15,  139.20,   57.66,  907.4,  256.85,  266.81,  279.17,  281.03, 1081.37, 1061.75, 1062.97, 1057.60,   749.8,   0,  GPS,  174.0, 109.10, 114.30, 118.400, 124.575,       ,       ,       ,      ,       ,       ,    3.5,       ,      ,       ,      ,      ,   0.0, 3DDiff, 3704,      ,     10,  15.5,     18
2012-10-17, 12:58:39,  -05:00,       ,   47.9480705,  -97.1713943,   812.6, 29.09,   837.5,  10.2,   0.00,   5.23,  -32.00,   1.81,  -0.22,   0.02,  -0.05, 265.2, 260.1,  27.5,  27.6,   1.0,  -0.1,  19.52,  24.00,     2.16,  139.19,   57.74,  911.6,  256.79,  266.77,  279.22,  281.04, 1084.17, 1063.05, 1061.66, 1060.55,   749.7,   0,  GPS,  174.0, 109.10, 114.30, 118.400, 124.575,       ,       ,       ,      ,       ,       ,    3.5,       ,      ,       ,      ,      ,  -3.9, 3DDiff, 3704,      ,     10,  15.5,     18
2012-10-17, 12:58:40,  -05:00,       ,   47.9480667,  -97.1714325,   811.6, 29.09,   837.4,  10.2,   0.00,   5.23,  -32.00,   2.27,  -0.15,   0.03,   0.03, 266.7, 262.1,  27.5,  27.5,   1.3,   0.1,  19.57,  24.00,     2.18,  139.18,   57.75,  917.3,  256.79,  266.85,  279.22,  281.11, 1086.26, 1062.61, 1061.00, 1061.19,   749.6,   0,  GPS,  174.0, 109.10, 114.30, 118.400, 124.575,       ,       ,       ,      ,       ,       ,    3.5,       ,      ,       ,      ,      ,  -3.9, 3DDiff, 3704,      ,     10,  15.5,     18
2012-10-17, 12:58:41,  -05:00,       ,   47.9480667,  -97.1714630,   811.6, 29.09,   837.8,  10.2,   0.00,   5.29,  -26.05,   2.44,  -0.11,   0.02,   0.01, 268.6, 263.9,  27.5,  27.5,   1.2,   0.1,  19.57,  24.00,     2.20,  139.17,   57.74,  913.0,  256.79,  266.90,  279.24,  281.19, 1087.05, 1062.72, 1062.73, 1060.63,   749.9,   0,  GPS,  174.0, 109.10, 114.30, 118.400, 124.575,       ,       ,       ,      ,       ,       ,    3.5,       ,      ,       ,      ,      ,   0.0, 3DDiff, 3704,      ,     10,  15.5,     18
2012-10-17, 12:58:42,  -05:00,       ,   47.9480667,  -97.1715012,   811.6, 29.09,   837.6,  10.2,   0.00,   5.31,  -16.50,   2.34,  -0.33,  -0.00,   0.04, 269.4, 265.7,  27.5,  27.5,   1.1,   0.0,  19.57,  24.00,     2.16,  139.17,   57.72,  911.3,  256.82,  266.98,  279.33,  281.25, 1088.15, 1063.12, 1063.44, 1061.22,   749.7,   0,  GPS,  174.0, 109.10, 114.30, 118.400, 124.575,       ,       ,       ,      ,       ,       ,    3.5,       ,      ,       ,      ,      ,   0.0, 3DDiff, 3704,      ,     10,  15.5,     18
2012-10-17, 12:58:43,  -05:00,       ,   47.9480705,  -97.1715393,   810.6, 29.09,   838.6,  10.2,   0.00,   5.29,  -16.01,   1.91,  -0.23,   0.01,  -0.10, 268.9, 266.5,  27.4,  27.5,   1.2,  -0.0,  19.57,  24.00,     2.13,  139.16,   57.72,  914.2,  256.81,  267.03,  279.35,  281.37, 1089.63, 1062.38, 1063.29, 1060.82,   750.8,   0,  GPS,  174.0, 109.10, 114.30, 118.400, 124.575,       ,       ,       ,      ,       ,       ,    3.5,       ,      ,       ,      ,      ,   3.9, 3DDiff, 3704,      ,     10,  15.5,     18
2012-10-17, 12:58:44,  -05:00,       ,   47.9480705,  -97.1715698,   810.6, 29.09,   838.6,  10.2,   0.00,   5.27,  -16.00,   2.77,  -0.15,   0.02,   0.04, 269.0, 267.4,  27.6,  27.7,   1.1,  -0.1,  19.60,  24.00,     2.16,  139.14,   57.82,  917.2,  256.79,  267.12,  279.36,  281.45, 1091.42, 1061.14, 1063.14, 1060.23,   750.8,   0,  GPS,  174.0, 109.10, 114.30, 118.400, 124.575,       ,       ,       ,      ,       ,       ,    3.5,       ,      ,       ,      ,      ,   0.0, 3DDiff, 3704,      ,     10,  15.5,     18
2012-10-17, 12:58:45,  -05:00,       ,   47.9480705,  -97.1716080,   810.6, 29.09,   838.8,  10.2,   0.00,   5.25,  -16.00,   2.82,  -0.05,  -0.01,   0.02, 268.4, 268.1,  27.6,  27.6,   1.3,   0.1,  19.60,  24.00,     2.17,  139.13,   57.73,  914.5,  256.79,  267.17,  279.38,  281.52, 1091.16, 1061.24, 1062.22, 1059.45,   750.9,   0,  GPS,  174.0, 109.10, 114.30, 118.400, 124.575,       ,       ,       ,      ,       ,       ,    3.5,       ,      ,       ,      ,      ,   0.0, 3DDiff, 3704,      ,     10,  15.5,     18
2012-10-17, 12:58:46,  -05:00,       ,   47.9480705,  -97.1716385,   809.6, 29.09,   838.9,  10.2,   0.00,   5.21,  -21.61,   2.31,  -0.22,   0.00,  -0.05, 267.4, 267.6,  27.4,  27.4,   1.2,   0.1,  19.65,  24.00,     2.19,  139.12,   57.66,  910.2,  256.79,  267.24,  279.48,  281.63, 1090.89, 1062.51, 1061.54, 1058.43,   751.1,   0,  GPS,  174.0, 109.10, 114.30, 118.400, 124.575,       ,       ,       ,      ,       ,       ,    3.5,       ,      ,       ,      ,      ,   3.9, 3DDiff, 3704,      ,     10,  15.5,     18
2012-10-17, 12:58:47,  -05:00,       ,   47.9480705,  -97.1716843,   809.6, 29.09,   838.7,  10.2,   0.00,   5.03,  -17.92,   2.68,  -0.32,   0.02,   0.04, 267.2, 266.6,  27.4,  27.5,   1.1,  -0.0,  19.77,  24.00,     2.19,  139.11,   57.65,  909.3,  256.79,  267.30,  279.49,  281.69, 1092.46, 1063.70, 1062.33, 1057.66,   750.8,   0,  GPS,  174.0, 109.10, 114.30, 118.400, 124.575,       ,       ,       ,      ,       ,       ,    3.5,       ,      ,       ,      ,      ,   0.0, 3DDiff, 3704,      ,     10,  15.5,     18
2012-10-17, 12:58:48,  -05:00,       ,   47.9480705,  -97.1717148,   809.6, 29.09,   838.9,  10.2,   0.00,   4.92,  -16.07,   2.83,  -0.09,   0.01,  -0.03, 267.3, 266.6,  27.5,  27.6,   1.0,  -0.1,  19.80,  24.00,     2.13,  139.10,   57.65,  910.4,  256.85,  267.46,  279.54,  281.85, 1093.21, 1064.17, 1062.12, 1057.43,   751.1,   0,  GPS,  174.0, 109.10, 114.30, 118.400, 124.575,       ,       ,       ,      ,       ,       ,    3.5,       ,      ,       ,      ,      ,   0.0, 3DDiff, 3704,      ,     10,  15.5,     18
2012-10-17, 12:58:49,  -05:00,       ,   47.9480705,  -97.1717529,   809.6, 29.09,   838.2,  10.2,   0.00,   4.88,   -9.72,   2.27,  -0.35,   0.00,  -0.05, 267.2, 266.6,  27.6,  27.6,   1.2,   0.0,  19.93,  24.00,     2.16,  139.09,   57.69,  908.4,  256.85,  267.50,  279.62,  281.96, 1093.08, 1064.71, 1061.33, 1059.65,   750.3,   0,  GPS,  174.0, 109.10, 114.30, 118.400, 124.575,       ,       ,       ,      ,       ,       ,    3.5,       ,      ,       ,      ,      ,   0.0, 3DDiff, 3704,      ,     10,  15.5,     18
2012-10-17, 12:58:50,  -05:00,       ,   47.9480667,  -97.1717834,   810.6, 29.09,   838.2,  10.2,   0.00,   4.82,    1.96,   2.48,  -0.47,   0.02,  -0.00, 267.1, 266.8,  27.5,  27.5,   1.2,   0.0,  19.93,  24.00,     2.18,  139.08,   57.67,  909.8,  256.79,  267.51,  279.61,  281.99, 1093.25, 1063.96, 1061.93, 1060.71,   750.3,   0,  GPS,  174.0, 109.10, 114.30, 118.400, 124.575,       ,       ,       ,      ,       ,       ,    3.5,       ,      ,       ,      ,      ,   0.0, 3DDiff, 3704,      ,     10,  15.5,     18
2012-10-17, 12:58:51,  -05:00,       ,   47.9480705,  -97.1718216,   809.6, 29.09,   838.1,  10.2,   0.00,   4.80,   -3.97,   2.63,  -0.24,  -0.00,   0.01, 267.4, 266.9,  27.5,  27.5,   1.1,  -0.0,  20.00,  24.00,     2.13,  139.07,   57.70,  909.4,  256.79,  267.57,  279.63,  282.06, 1090.87, 1062.82, 1062.72, 1060.02,   750.3,   0,  GPS,  174.0, 109.10, 114.30, 118.400, 124.575,       ,       ,       ,      ,       ,       ,    3.5,       ,      ,       ,      ,      ,   3.9, 3DDiff, 3704,      ,     10,  15.5,     18
2012-10-17, 12:58:52,  -05:00,       ,   47.9480705,  -97.1718445,   807.6, 29.09,   838.2,  10.2,   0.00,   4.72,  -39.37,   2.04,  -0.38,   0.01,  -0.09, 267.8, 267.4,  27.4,  27.5,   1.1,   0.0,  20.00,  24.00,     2.14,  139.05,   57.66,  908.3,  256.76,  267.62,  279.63,  282.12, 1088.83, 1062.25, 1062.76, 1060.13,   750.4,   0,  GPS,  174.0, 109.10, 114.30, 118.400, 124.575,       ,       ,       ,      ,       ,       ,    3.5,       ,      ,       ,      ,      ,   3.9, 3DDiff, 3704,      ,     10,  15.5,     18
2012-10-17, 12:58:53,  -05:00,       ,   47.9480705,  -97.1718903,   807.6, 29.09,   838.6,  10.2,   0.00,   4.61,  -32.05,   2.68,  -0.37,   0.01,   0.05, 267.2, 267.8,  27.5,  27.5,   0.9,  -0.2,  20.08,  24.00,     2.16,  139.04,   57.69,  909.9,  256.66,  267.70,  279.64,  282.20, 1087.99, 1061.97, 1063.08, 1060.13,   750.7,   0,  GPS,  174.0, 109.10, 114.30, 118.400, 124.575,       ,       ,       ,      ,       ,       ,    3.5,       ,      ,       ,      ,      ,   3.9, 3DDiff, 3704,      ,     10,  15.5,     18
2012-10-17, 12:58:54,  -05:00,       ,   47.9480705,  -97.1719055,   808.6, 29.09,   838.1,  10.2,   0.00,   4.55,  -17.03,   2.57,  -0.45,  -0.01,   0.02, 266.7, 267.4,  27.6,  27.6,   1.3,   0.1,  20.20,  24.00,     2.13,  139.03,   57.65,  908.1,  256.66,  267.74,  279.71,  282.31, 1088.00, 1062.52, 1062.59, 1060.06,   750.3,   0,  GPS,  174.0, 109.10, 114.30, 118.400, 124.575,       ,       ,       ,      ,       ,       ,    3.5,       ,      ,       ,      ,      ,   3.9, 3DDiff, 3704,      ,     10,  15.5,     18
2012-10-17, 12:58:55,  -05:00,       ,   47.9480705,  -97.1719513,   808.6, 29.09,   839.1,  10.2,   0.00,   4.47,   -1.62,   2.40,  -0.27,   0.00,  -0.01, 266.6, 266.8,  27.5,  27.5,   1.3,   0.1,  20.27,  24.00,     2.14,  139.01,   57.67,  909.2,  256.65,  267.83,  279.74,  282.34, 1087.96, 1062.62, 1063.20, 1060.82,   751.3,   0,  GPS,  174.0, 109.10, 114.30, 118.400, 124.575,       ,       ,       ,      ,       ,       ,    3.5,       ,      ,       ,      ,      ,   3.9, 3DDiff, 3704,      ,     10,  15.5,     17
2012-10-17, 12:58:56,  -05:00,       ,   47.9480705,  -97.1719666,   808.6, 29.09,   839.2,  10.2,   0.00,   4.41,   -0.05,   2.54,  -0.13,  -0.01,  -0.00, 266.8, 266.5,  27.4,  27.5,   1.0,  -0.1,  20.39,  24.00,     2.20,  139.00,   57.70,  908.4,  256.65,  267.85,  279.76,  282.46, 1089.68, 1061.94, 1062.82, 1060.93,   751.4,   0,  GPS,  174.0, 109.10, 114.30, 118.400, 124.575,       ,       ,       ,      ,       ,       ,    3.5,       ,      ,       ,      ,      ,   3.9, 3DDiff, 3704,      ,     10,  15.5,     18
2012-10-17, 12:58:57,  -05:00,       ,   47.9480705,  -97.1719971,   808.6, 29.09,   839.4,  10.2,   0.00,   4.39,   -0.00,   2.32,  -0.24,  -0.00,   0.01, 266.8, 266.4,  27.5,  27.5,   1.0,  -0.1,  20.42,  24.00,     2.12,  138.99,   57.64,  909.0,  256.65,  267.95,  279.76,  282.58, 1090.58, 1061.86, 1061.73, 1062.29,   751.5,   0,  GPS,  174.0, 109.10, 114.30, 118.400, 124.575,       ,       ,       ,      ,       ,       ,    3.5,       ,      ,       ,      ,      ,   3.9, 3DDiff, 3704,      ,     10,  15.5,     18
2012-10-17, 12:58:58,  -05:00,       ,   47.9480705,  -97.1720352,   807.6, 29.09,   839.4,  10.2,   0.00,   4.33,   -5.95,   2.88,  -0.32,   0.01,   0.03, 266.8, 266.4,  27.6,  27.6,   1.1,  -0.1,  20.47,  24.00,     2.16,  138.97,   57.65,  904.8,  256.59,  267.98,  279.76,  282.61, 1089.38, 1062.84, 1061.83, 1063.14,   751.6,   0,  GPS,  174.0, 109.10, 114.30, 118.400, 124.575,       ,       ,       ,      ,       ,       ,    3.5,       ,      ,       ,      ,      ,   0.0, 3DDiff, 3704,      ,     10,  16.0,     18
2012-10-17, 12:58:59,  -05:00,       ,   47.9480705,  -97.1720657,   807.6, 29.09,   838.8,  10.2,   0.00,   4.26,  -15.50,   2.59,  -0.19,  -0.00,   0.02, 267.0, 266.7,  27.5,  27.5,   1.2,   0.1,  20.54,  24.00,     2.16,  138.96,   57.68,  911.5,  256.53,  268.00,  279.78,  282.67, 1087.04, 1064.00, 1062.82, 1062.71,   751.0,   0,  GPS,  174.0, 109.10, 114.30, 118.400, 124.575,       ,       ,       ,      ,       ,       ,    3.5,       ,      ,       ,      ,      ,   0.0, 3DDiff, 3704,      ,     10,  15.5,     18
2012-10-17, 12:59:00,  -05:00,       ,   47.9480705,  -97.1720810,   807.6, 29.09,   839.3,  10.2,   0.00,   4.24,   -8.55,   2.40,  -0.24,  -0.00,  -0.05, 267.1, 266.8,  27.5,  27.5,   1.2,   0.0,  20.54,  24.00,     2.15,  138.95,   57.61,  901.4,  256.52,  268.09,  279.86,  282.74, 1086.17, 1063.81, 1064.20, 1062.21,   751.5,   0,  GPS,  174.0, 109.10, 114.30, 118.400, 124.575,       ,       ,       ,      ,       ,       ,    3.5,       ,      ,       ,      ,      ,   0.0, 3DDiff, 3704,      ,     10,  15.5,     18
2012-10-17, 12:59:01,  -05:00,       ,   47.9480705,  -97.1721191,   807.6, 29.09,   838.6,  10.2,   0.00,   4.22,   -1.96,   2.70,  -0.29,  -0.00,   0.04, 267.2, 266.8,  27.5,  27.5,   1.2,   0.0,  20.56,  24.00,     2.17,  138.93,   57.65,  906.4,  256.47,  268.12,  279.87,  282.82, 1087.48, 1063.06, 1064.73, 1060.85,   750.8,   0,  GPS,  174.0, 109.10, 114.30, 118.400, 124.575,       ,       ,       ,      ,       ,       ,    3.5,       ,      ,       ,      ,      ,   0.0, 3DDiff, 3704,      ,     10,  15.5,     17
2012-10-17, 12:59:02,  -05:00,       ,   47.9480705,  -97.1721497,   807.6, 29.09,   838.5,  10.2,   0.00,   4.14,   -6.02,   2.50,  -0.38,   0.01,  -0.00, 266.6, 267.2,  27.4,  27.5,   1.1,  -0.1,  20.56,  24.00,     2.18,  138.92,   57.71,  908.0,  256.42,  268.20,  279.90,  282.88, 1087.48, 1063.83, 1064.89, 1060.11,   750.7,   0,  GPS,  174.0, 109.10, 114.30, 118.400, 124.575,       ,       ,       ,      ,       ,       ,    3.5,       ,      ,       ,      ,      ,   0.0, 3DDiff, 3704,      ,     10,  15.5,     18
2012-10-17, 12:59:03,  -05:00,       ,   47.9480705,  -97.1721725,   807.6, 29.09,   838.4,  10.2,   0.00,   4.08,   -1.36,   2.64,  -0.20,   0.00,  -0.01, 266.1, 266.7,  27.6,  27.6,   1.2,   0.0,  20.56,  24.00,     2.15,  138.91,   57.74,  911.9,  256.39,  268.25,  279.90,  282.98, 1086.53, 1063.82, 1064.52, 1060.44,   750.6,   0,  GPS,  174.0, 109.10, 114.30, 118.400, 124.575,       ,       ,       ,      ,       ,       ,    3.5,       ,      ,       ,      ,      ,   0.0, 3DDiff, 3704,      ,     10,  15.5,     18
2012-10-17, 12:59:04,  -05:00,       ,   47.9480705,  -97.1722031,   806.6, 29.09,   838.4,  10.2,   0.00,   4.08,   -9.10,   2.22,  -0.35,   0.00,  -0.06, 265.8, 265.6,  27.5,  27.5,   1.3,   0.1,  20.56,  24.00,     2.15,  138.89,   58.07,  930.3,  256.38,  268.28,  279.90,  283.04, 1085.69, 1063.98, 1065.03, 1060.94,   750.6,   0,  GPS,  174.0, 109.10, 114.30, 118.400, 124.575,       ,       ,       ,      ,       ,       ,    3.5,       ,      ,       ,      ,      ,   0.0, 3DDiff, 3704,      ,     10,  16.0,     18
2012-10-17, 12:59:05,  -05:00,       ,   47.9480705,  -97.1722412,   805.6, 29.09,   838.7,  10.2,   0.00,   4.10,  -27.72,   2.63,  -0.43,   0.00,  -0.02, 266.2, 265.1,  27.4,  27.4,   1.2,   0.0,  20.61,  24.00,     2.19,  138.88,   58.20,  940.9,  256.31,  268.31,  279.94,  283.11, 1085.75, 1064.82, 1063.78, 1061.82,   750.9,   0,  GPS,  174.0, 109.10, 114.30, 118.400, 124.575,       ,       ,       ,      ,       ,       ,    3.5,       ,      ,       ,      ,      ,   0.0, 3DDiff, 3704,      ,     10,  16.0,     18
2012-10-17, 12:59:06,  -05:00,       ,   47.9480705,  -97.1722641,   805.6, 29.09,   838.1,  10.2,   0.00,   4.12,  -24.78,   2.41,  -0.23,  -0.01,   0.02, 266.3, 265.2,  27.5,  27.5,   1.1,  -0.0,  20.56,  24.00,     2.15,  138.87,   58.63,  960.3,  256.25,  268.38,  279.99,  283.15, 1087.94, 1065.79, 1062.92, 1061.85,   750.3,   0,  GPS,  174.0, 109.10, 114.30, 118.400, 124.575,       ,       ,       ,      ,       ,       ,    3.5,       ,      ,       ,      ,      ,   0.0, 3DDiff, 3704,      ,     10,  15.5,     18
2012-10-17, 12:59:07,  -05:00,       ,   47.9480705,  -97.1722870,   805.6, 29.09,   839.1,  10.2,   0.00,   4.20,  -16.42,   2.77,  -0.40,   0.01,   0.03, 266.9, 266.0,  27.6,  27.6,   1.1,  -0.1,  20.49,  24.00,     2.14,  138.85,   59.34,  994.8,  256.25,  268.39,  280.02,  283.25, 1087.60, 1066.72, 1062.14, 1060.35,   751.3,   0,  GPS,  174.0, 109.10, 114.30, 118.400, 124.575,       ,       ,       ,      ,       ,       ,    3.5,       ,      ,       ,      ,      ,   3.9, 3DDiff, 3704,      ,     10,  15.5,     17
2012-10-17, 12:59:08,  -05:00,       ,   47.9480705,  -97.1723175,   805.6, 29.09,   839.4,  10.2,   0.00,   4.30,  -16.01,   2.50,  -0.37,   0.01,   0.01, 267.0, 266.9,  27.6,  27.6,   1.3,   0.1,  20.54,  24.00,     2.16,  138.84,   59.57, 1013.3,  256.21,  268.49,  280.03,  283.29, 1087.37, 1066.67, 1062.16, 1060.83,   751.6,   0,  GPS,  174.0, 109.10, 114.30, 118.400, 124.575,       ,       ,       ,      ,       ,       ,    3.5,       ,      ,       ,      ,      ,   0.0, 3DDiff, 3704,      ,     10,  15.5,     18
2012-10-17, 12:59:09,  -05:00,       ,   47.9480705,  -97.1723480,   805.6, 29.09,   839.3,  10.2,   0.00,   4.33,  -16.00,   2.53,  -0.62,   0.01,  -0.02, 267.1, 266.9,  27.5,  27.5,   1.3,   0.1,  20.54,  24.00,     2.19,  138.83,   59.54, 1014.0,  256.14,  268.52,  280.04,  283.38, 1087.55, 1067.35, 1063.74, 1063.75,   751.5,   0,  GPS,  174.0, 109.10, 114.30, 118.400, 124.575,       ,       ,       ,      ,       ,       ,    3.5,       ,      ,       ,      ,      ,   0.0, 3DDiff, 3704,      ,     10,  15.5,     18
2012-10-17, 12:59:10,  -05:00,       ,   47.9480705,  -97.1723785,   804.6, 29.09,   839.4,  10.2,   0.00,   4.39,  -16.00,   2.65,  -0.60,   0.01,   0.00, 267.7, 267.1,  27.5,  27.5,   1.2,   0.0,  20.49,  24.00,     2.21,  138.81,   59.51, 1009.7,  256.12,  268.52,  280.04,  283.42, 1089.04, 1068.49, 1065.95, 1067.37,   751.6,   0,  GPS,  174.0, 109.10, 114.30, 118.400, 124.575,       ,       ,       ,      ,       ,       ,    3.5,       ,      ,       ,      ,      ,   3.9, 3DDiff, 3704,      ,     10,  15.5,     18
2012-10-17, 12:59:11,  -05:00,       ,   47.9480705,  -97.1724091,   805.6, 29.09,   839.2,  10.2,   0.00,   4.49,   -6.08,   2.44,  -0.42,  -0.02,  -0.02, 268.1, 268.0,  27.5,  27.5,   1.1,  -0.0,  20.49,  24.00,     2.18,  138.80,   59.57, 1016.5,  256.10,  268.64,  280.04,  283.53, 1091.96, 1069.99, 1067.94, 1069.43,   751.4,   0,  GPS,  174.0, 109.10, 114.30, 118.400, 124.575,       ,       ,       ,      ,       ,       ,    3.5,       ,      ,       ,      ,      ,   3.9, 3DDiff, 3704,      ,     10,  15.5,     18
2012-10-17, 12:59:12,  -05:00,       ,   47.9480705,  -97.1724396,   805.6, 29.09,   839.6,  10.2,   0.00,   4.53,   -0.87,   3.12,  -0.41,  -0.00,   0.08, 267.5, 268.4,  27.6,  27.7,   1.0,  -0.2,  20.49,  24.00,     2.23,  138.79,   59.62, 1015.3,  256.04,  268.66,  280.13,  283.56, 1094.40, 1070.71, 1070.17, 1070.69,   751.8,   0,  GPS,  174.0, 109.10, 114.30, 118.400, 124.575,       ,       ,       ,      ,       ,       ,    3.5,       ,      ,       ,      ,      ,   3.9, 3DDiff, 3704,      ,     10,  15.5,     18
2012-10-17, 12:59:13,  -05:00,       ,   47.9480705,  -97.1724701,   804.6, 29.09,   839.2,  10.2,   0.00,   4.53,  -14.86,   2.55,  -0.80,   0.04,  -0.01, 267.8, 267.4,  27.6,  27.6,   1.3,   0.1,  20.49,  24.00,     2.17,  138.77,   59.52, 1015.7,  255.98,  268.68,  280.16,  283.63, 1096.03, 1072.12, 1072.16, 1073.53,   751.4,   0,  GPS,  174.0, 109.10, 114.30, 118.400, 124.575,       ,       ,       ,      ,       ,       ,    3.5,       ,      ,       ,      ,      ,   3.9, 3DDiff, 3704,      ,     10,  15.0,     17
2012-10-17, 12:59:14,  -05:00,       ,   47.9480705,  -97.1725082,   803.6, 29.09,   839.2,  10.2,   0.00,   4.49,  -23.02,   2.04,  -0.58,   0.01,  -0.05, 267.1, 267.9,  27.4,  27.5,   1.2,   0.1,  20.54,  24.00,     2.20,  138.76,   59.59, 1013.8,  255.98,  268.78,  280.17,  283.69, 1096.58, 1073.45, 1073.19, 1076.67,   751.4,   0,  GPS,  174.0, 109.10, 114.30, 118.400, 124.575,       ,       ,       ,      ,       ,       ,    3.5,       ,      ,       ,      ,      ,   3.9, 3DDiff, 3704,      ,     10,  15.5,     17
2012-10-17, 12:59:15,  -05:00,       ,   47.9480705,  -97.1725311,   803.6, 29.09,   839.2,  10.2,   0.00,   4.57,  -38.19,   2.13,  -0.79,   0.01,  -0.02, 266.8, 266.7,  27.5,  27.5,   1.0,  -0.1,  20.54,  24.00,     2.22,  138.74,   59.60, 1018.4,  255.97,  268.79,  280.21,  283.80, 1097.89, 1073.54, 1075.01, 1079.56,   751.4,   0,  GPS,  174.0, 109.10, 114.30, 118.400, 124.575,       ,       ,       ,      ,       ,       ,    3.5,       ,      ,       ,      ,      ,   0.0, 3DDiff, 3704,      ,     10,  15.5,     18
2012-10-17, 12:59:16,  -05:00,       ,   47.9480705,  -97.1725693,   803.6, 29.09,   839.2,  10.2,   0.00,   4.53,  -28.74,   1.44,  -0.93,   0.03,  -0.03, 266.8, 266.4,  27.5,  27.6,   1.1,  -0.0,  20.49,  24.00,     2.15,  138.73,   59.54, 1013.3,  255.86,  268.82,  280.25,  283.83, 1099.30, 1073.14, 1074.91, 1080.75,   751.4,   0,  GPS,  174.0, 109.10, 114.30, 118.400, 124.575,       ,       ,       ,      ,       ,       ,    3.5,       ,      ,       ,      ,      ,   3.9, 3DDiff, 3704,      ,     10,  15.5,     18
2012-10-17, 12:59:17,  -05:00,       ,   47.9480705,  -97.1725998,   803.6, 29.09,   839.4,  10.2,   0.00,   4.45,   -2.88,   1.94,  -0.56,   0.03,   0.02, 267.1, 266.7,  27.6,  27.7,   1.2,   0.0,  20.47,  24.00,     2.19,  138.71,   59.51, 1012.1,  255.85,  268.89,  280.30,  283.90, 1101.61, 1072.95, 1072.24, 1081.67,   751.6,   0,  GPS,  174.0, 109.10, 114.30, 118.400, 124.575,       ,       ,       ,      ,       ,       ,    3.5,       ,      ,       ,      ,      ,  -3.9, 3DDiff, 3704,      ,     10,  15.5,     18
2012-10-17, 12:59:18,  -05:00,       ,   47.9480705,  -97.1726303,   803.6, 29.09,   839.2,  10.2,   0.00,   4.43,    5.86,   1.72,  -0.46,  -0.01,   0.06, 267.2, 266.8,  27.5,  27.5,   1.1,   0.0,  20.39,  24.00,     2.21,  138.70,   59.50, 1010.2,  255.82,  268.93,  280.31,  283.96, 1101.73, 1073.23, 1070.96, 1082.68,   751.4,   0,  GPS,  174.0, 109.10, 114.30, 118.400, 124.575,       ,       ,       ,      ,       ,       ,    3.5,       ,      ,       ,      ,      ,   0.0, 3DDiff, 3704,      ,     10,  15.5,     18
2012-10-17, 12:59:19,  -05:00,       ,   47.9480705,  -97.1726608,   803.6, 29.09,   840.0,  10.2,   0.00,   4.41,    2.93,   1.49,  -0.49,   0.01,  -0.05, 267.2, 267.2,  27.5,  27.5,   1.1,  -0.0,  20.39,  24.00,     2.22,  138.68,   59.43, 1006.3,  255.83,  268.96,  280.32,  284.02, 1101.55, 1073.73, 1071.92, 1083.27,   752.2,   0,  GPS,  174.0, 109.10, 114.30, 118.400, 124.575,       ,       ,       ,      ,       ,       ,    3.5,       ,      ,       ,      ,      ,  -3.9, 3DDiff, 3704,      ,     10,  15.0,     17
2012-10-17, 12:59:20,  -05:00,       ,   47.9480743,  -97.1726913,   803.6, 29.09,   840.0,  10.2,   0.00,   4.43,    0.11,   1.82,  -0.25,  -0.01,  -0.02, 267.0, 267.2,  27.5,  27.5,   1.1,  -0.0,  20.34,  24.00,     2.23,  138.66,   59.44, 1011.3,  255.73,  269.04,  280.42,  284.10, 1103.00, 1074.30, 1072.89, 1084.20,   752.2,   0,  GPS,  174.0, 109.10, 114.30, 118.400, 124.575,       ,       ,       ,      ,       ,       ,    3.5,       ,      ,       ,      ,      ,  -3.9, 3DDiff, 3704,      ,     10,  15.0,     17
2012-10-17, 12:59:21,  -05:00,       ,   47.9480743,  -97.1727219,   803.6, 29.09,   840.0,  10.2,   0.00,   4.47,   -9.04,   1.47,  -0.74,   0.03,  -0.03, 267.0, 266.9,  27.5,  27.6,   1.0,  -0.2,  20.29,  24.00,     2.16,  138.64,   59.51, 1010.6,  255.71,  269.06,  280.44,  284.16, 1102.69, 1075.15, 1073.51, 1084.35,   752.2,   0,  GPS,  174.0, 109.10, 114.30, 118.400, 124.575,       ,       ,       ,      ,       ,       ,    3.5,       ,      ,       ,      ,      ,   0.0, 3DDiff, 3704,      ,     10,  15.5,     18
2012-10-17, 12:59:22,  -05:00,       ,   47.9480743,  -97.1727524,   803.6, 29.09,   840.0,  10.2,   0.00,   4.47,   -1.87,   1.87,  -0.44,  -0.01,   0.04, 266.2, 266.5,  27.6,  27.6,   1.2,   0.1,  20.34,  24.00,     2.20,  138.62,   59.47, 1012.9,  255.71,  269.09,  280.44,  284.23, 1103.98, 1074.58, 1072.71, 1084.66,   752.2,   0,  GPS,  174.0, 109.10, 114.30, 118.400, 124.575,       ,       ,       ,      ,       ,       ,    3.5,       ,      ,       ,      ,      ,  -3.9, 3DDiff, 3704,      ,     10,  15.5,     18
2012-10-17, 12:59:23,  -05:00,       ,   47.9480705,  -97.1727829,   803.6, 29.09,   839.2,  10.2,   0.00,   4.45,    6.86,   1.78,  -0.55,   0.03,   0.02, 266.5, 265.8,  27.5,  27.5,   1.3,   0.1,  20.29,  24.00,     2.21,  138.60,   59.65, 1017.7,  255.62,  269.15,  280.47,  284.26, 1105.73, 1074.83, 1072.41, 1084.61,   751.4,   0,  GPS,  174.0, 109.10, 114.30, 118.400, 124.575,       ,       ,       ,      ,       ,       ,    3.5,       ,      ,       ,      ,      ,  -3.9, 3DDiff, 3704,      ,     10,  15.5,     18
2012-10-17, 12:59:24,  -05:00,       ,   47.9480705,  -97.1728134,   803.6, 29.09,   839.2,  10.2,   0.00,   4.53,    0.92,   1.70,  -0.49,   0.02,  -0.01, 266.2, 266.1,  27.4,  27.4,   1.1,  -0.0,  20.29,  24.00,     2.16,  138.58,   59.66, 1022.9,  255.58,  269.20,  280.56,  284.37, 1106.99, 1074.64, 1072.81, 1084.34,   751.3,   0,  GPS,  174.0, 109.10, 114.30, 118.400, 124.575,       ,       ,       ,      ,       ,       ,    3.5,       ,      ,       ,      ,      ,  -3.9, 3DDiff, 3704,      ,     10,  15.5,     18
2012-10-17, 12:59:25,  -05:00,       ,   47.9480705,  -97.1728439,   803.6, 29.09,   838.3,  10.2,   0.00,   4.53,    0.03,   1.66,  -0.27,   0.00,  -0.02, 266.6, 266.0,  27.5,  27.5,   1.0,  -0.1,  20.29,  24.00,     2.14,  138.56,   59.55, 1014.5,  255.57,  269.20,  280.58,  284.38, 1108.88, 1075.69, 1073.70, 1084.15,   750.5,   0,  GPS,  174.0, 109.10, 114.30, 118.400, 124.575,       ,       ,       ,      ,       ,       ,    3.5,       ,      ,       ,      ,      ,   0.0, 3DDiff, 3704,      ,     10,  15.0,     17
2012-10-17, 12:59:26,  -05:00,       ,   47.9480705,  -97.1728745,   803.6, 29.09,   838.1,  10.2,   0.00,   4.26,    0.00,   1.32,  -0.55,   0.04,  -0.05, 270.5, 266.8,  27.6,  27.7,   1.0,  -0.1,  20.29,  24.00,     2.23,  138.54,   59.20,  994.7,  255.49,  269.28,  280.60,  284.50, 1110.70, 1076.78, 1074.58, 1085.39,   750.3,   0,  GPS,  174.0, 109.10, 114.30, 118.400, 124.575,       ,       ,       ,      ,       ,       ,    3.5,       ,      ,       ,      ,      ,   0.0, 3DDiff, 3704,      ,     10,  15.5,     17
2012-10-17, 12:59:27,  -05:00,       ,   47.9480705,  -97.1729050,   803.6, 29.09,   837.8,  10.2,   0.00,   4.18,   -2.14,   1.97,  -0.26,   0.04,   0.01, 274.0, 271.0,  27.5,  27.5,   1.2,   0.1,  20.29,  24.00,     2.23,  138.52,   59.06,  984.6,  255.44,  269.33,  280.67,  284.51, 1111.85, 1077.33, 1075.52, 1085.88,   750.0,   0,  GPS,  174.0, 109.10, 114.30, 118.400, 124.575,       ,       ,       ,      ,       ,       ,    3.5,       ,      ,       ,      ,      ,  -3.9, 3DDiff, 3704,      ,     10,  15.5,     18
2012-10-17, 12:59:28,  -05:00,       ,   47.9480743,  -97.1729355,   803.6, 29.09,   837.8,  10.2,   0.00,   4.37,  -13.19,   1.56,  -0.15,   0.03,  -0.03, 275.5, 273.6,  27.5,  27.5,   1.2,   0.0,  20.27,  24.00,     2.23,  138.50,   58.96,  982.1,  255.37,  269.27,  280.66,  284.50, 1111.34, 1077.31, 1074.71, 1085.89,   749.9,   0,  GPS,  174.0, 109.10, 114.30, 118.400, 124.575,       ,       ,       ,      ,       ,       ,    3.5,       ,      ,       ,      ,      ,   0.0, 3DDiff, 3704,      ,     10,  16.0,     18
2012-10-17, 12:59:29,  -05:00,       ,   47.9480743,  -97.1729584,   804.6, 29.09,   838.2,  10.2,   0.00,   3.77,   15.59,   2.10,  -0.10,  -0.03,   0.02, 271.3, 274.3,  27.5,  27.5,   1.2,   0.0,  20.27,  24.00,     2.19,  138.48,   58.97,  978.6,  255.27,  269.27,  280.64,  284.58, 1109.70, 1078.48, 1074.84, 1085.08,   750.3,   0,  GPS,  174.0, 109.10, 114.30, 118.400, 124.575,       ,       ,       ,      ,       ,       ,    3.5,       ,      ,       ,      ,      ,   0.0, 3DDiff, 3704,      ,     10,  15.5,     18
2012-10-17, 12:59:30,  -05:00,       ,   47.9480820,  -97.1729889,   803.6, 29.09,   838.0,  10.2,   0.00,   3.56,    0.66,   1.69,  -0.19,  -0.03,   0.02, 266.6, 268.9,  27.5,  27.5,   1.1,  -0.1,  20.34,  24.00,     2.24,  138.45,   58.99,  979.2,  255.30,  269.37,  280.71,  284.66, 1106.83, 1079.26, 1074.33, 1085.48,   750.1,   0,  GPS,  174.0, 109.10, 114.30, 118.400, 124.575,       ,       ,       ,      ,       ,       ,    3.5,       ,      ,       ,      ,      ,   0.0, 3DDiff, 3704,      ,     10,  15.5,     18
2012-10-17, 12:59:31,  -05:00,       ,   47.9480782,  -97.1729965,   802.6, 29.09,   839.2,  10.2,   0.00,   3.77,  -15.14,   1.83,  -0.24,  -0.00,   0.01, 265.1, 264.9,  27.6,  27.7,   1.2,   0.0,  20.47,  24.00,     2.23,  138.43,   59.05,  982.5,  255.26,  269.44,  280.77,  284.76, 1106.09, 1079.54, 1074.37, 1086.16,   751.3,   0,  GPS,  174.0, 109.10, 114.30, 118.400, 124.575,       ,       ,       ,      ,       ,       ,    3.5,       ,      ,       ,      ,      ,  -3.9, 3DDiff, 3704,      ,     10,  15.5,     17
2012-10-17, 12:59:32,  -05:00,       ,   47.9480782,  -97.1730347,   802.6, 29.09,   839.2,  10.2,   0.00,   3.98,  -22.61,   1.83,  -0.24,  -0.00,   0.02, 264.8, 263.5,  27.6,  27.5,   1.3,   0.1,  20.42,  24.00,     2.23,  138.41,   59.06,  984.2,  255.23,  269.47,  280.80,  284.78, 1106.31, 1079.70, 1073.51, 1086.10,   751.4,   0,  GPS,  174.0, 109.10, 114.30, 118.400, 124.575,       ,       ,       ,      ,       ,       ,    3.5,       ,      ,       ,      ,      ,   0.0, 3DDiff, 3704,      ,     10,  15.5,     17
2012-10-17, 12:59:33,  -05:00,       ,   47.9480782,  -97.1730652,   802.6, 29.09,   839.3,  10.2,   0.00,   4.02,  -20.03,   1.65,  -0.26,   0.01,   0.01, 265.4, 263.2,  27.4,  27.4,   1.2,   0.0,  20.42,  24.00,     2.23,  138.39,   58.79,  974.7,  255.18,  269.47,  280.84,  284.83, 1105.74, 1080.08, 1074.26, 1085.22,   751.4,   0,  GPS,  174.0, 109.10, 114.30, 118.400, 123.300,       ,       ,       ,      ,       ,       ,    3.5,       ,      ,       ,      ,      ,  -3.9, 3DDiff, 3704,      ,     10,  15.5,     18
2012-10-17, 12:59:34,  -05:00,       ,   47.9480743,  -97.1730804,   802.6, 29.09,   839.3,  10.2,   0.00,   3.52,  -15.55,   1.59,  -0.37,  -0.00,   0.05, 264.8, 264.3,  27.5,  27.5,   1.1,  -0.0,  20.47,  24.00,     2.21,  138.37,   58.44,  953.4,  255.13,  269.47,  280.85,  284.89, 1106.16, 1080.91, 1073.75, 1085.54,   751.5,   0,  GPS,  174.0, 109.10, 114.30, 118.400, 123.300,       ,       ,       ,      ,       ,       ,    3.5,       ,      ,       ,      ,      ,   0.0, 3DDiff, 3704,      ,     10,  15.5,     18
2012-10-17, 12:59:35,  -05:00,       ,   47.9480743,  -97.1730957,   803.6, 29.09,   839.1,  10.2,   0.00,   2.97,   10.99,   1.63,  -0.46,   0.01,  -0.00, 264.1, 264.1,  27.6,  27.6,   1.0,  -0.1,  20.47,  24.00,     2.23,  138.35,   58.29,  943.0,  255.08,  269.47,  280.85,  284.92, 1104.84, 1081.05, 1073.27, 1084.26,   751.3,   0,  GPS,  174.0, 109.10, 114.30, 118.400, 123.300,       ,       ,       ,      ,       ,       ,    3.5,       ,      ,       ,      ,      ,  -3.9, 3DDiff, 3704,      ,     10,  15.5,     18
2012-10-17, 12:59:36,  -05:00,       ,   47.9480743,  -97.1731262,   803.6, 29.09,   839.2,  10.2,   0.00,   2.53,   19.42,   1.23,  -0.41,   0.02,  -0.04, 263.9, 263.5,  27.6,  27.6,   1.2,   0.1,  20.49,  24.00,     2.24,  138.33,   58.22,  940.3,  255.04,  269.54,  280.85,  284.99, 1104.85, 1081.55, 1072.69, 1082.43,   751.4,   0,  GPS,  174.0, 109.10, 114.30, 118.400, 123.300,       ,       ,       ,      ,       ,       ,    3.5,       ,      ,       ,      ,      ,   0.0, 3DDiff, 3704,      ,     10,  15.5,     18
2012-10-17, 12:59:37,  -05:00,       ,   47.9480705,  -97.1731262,   801.6, 29.09,   838.3,  10.2,   0.00,   1.79,  -11.38,   1.31,  -0.30,  -0.01,   0.01, 263.9, 263.6,  27.5,  27.5,   1.1,  -0.0,  20.61,  24.00,     2.21,  138.31,   58.36,  945.7,  255.03,  269.56,  280.85,  285.03, 1104.43, 1082.12, 1072.60, 1080.53,   750.5,   0,  GPS,  174.0, 109.10, 114.30, 118.400, 123.300,       ,       ,       ,      ,       ,       ,    3.5,       ,      ,       ,      ,      ,   0.0, 3DDiff, 3704,      ,     10,  15.0,     18
2012-10-17, 12:59:38,  -05:00,       ,   47.9480705,  -97.1731339,   801.6, 29.09,   838.2,  10.2,   0.00,   0.00,  -16.62,   1.55,  -0.31,   0.01,  -0.04, 264.3, 263.6,  27.5,  27.5,   1.1,  -0.0,  20.61,  24.00,     2.17,  138.28,   58.25,  944.4,  254.91,  269.60,  280.85,  285.06, 1104.71, 1081.53, 1072.06, 1078.71,   750.3,   0,  GPS,  174.0, 109.10, 114.30, 118.400, 123.300,       ,       ,       ,      ,       ,       ,    3.5,       ,      ,       ,      ,      ,   0.0, 3DDiff, 3704,      ,     10,  15.5,     18
2012-10-17, 12:59:39,  -05:00,       ,   47.9480705,  -97.1731339,   801.6, 29.09,   838.1,  10.2,   0.00,   0.00,  -24.95,   1.66,  -0.29,   0.01,   0.02, 264.4, 263.6,  27.3,  27.4,   1.0,  -0.1,  20.69,  24.00,     2.17,  138.26,   57.99,  931.8,  254.88,  269.61,  280.85,  285.08, 1104.45, 1081.04, 1071.87, 1079.30,   750.3,   0,  GPS,  174.0, 109.10, 114.30, 118.400, 123.300,       ,       ,       ,      ,       ,       ,    3.5,       ,      ,       ,      ,      ,   0.0, 3DDiff, 3704,      ,     10,  15.5,     18
2012-10-17, 12:59:40,  -05:00,       ,   47.9480705,  -97.1731339,   802.6, 29.09,   838.2,  10.2,   0.00,   0.00,   -5.95,   1.74,  -0.26,   0.01,   0.01, 264.7, 263.6,  27.4,  27.5,   1.0,  -0.2,  20.69,  24.00,     2.21,  138.24,   58.10,  930.1,  254.82,  269.61,  280.88,  285.11, 1103.81, 1080.76, 1071.17, 1079.03,   750.4,   0,  GPS,  174.0, 109.10, 114.30, 118.400, 123.300,       ,       ,       ,      ,       ,       ,    3.5,       ,      ,       ,      ,      ,  -3.9, 3DDiff, 3704,      ,     10,  15.5,     18
2012-10-17, 12:59:41,  -05:00,       ,   47.9480705,  -97.1731339,   802.6, 29.09,   838.4,  10.2,   0.00,   0.00,   11.43,   1.72,  -0.26,   0.00,  -0.00, 264.7, 263.6,  27.5,  27.5,   1.3,   0.1,  20.73,  24.00,     2.21,  138.22,   58.19,  936.3,  254.77,  269.61,  280.90,  285.18, 1102.67, 1079.54, 1070.50, 1077.75,   750.6,   0,  GPS,  174.0, 109.10, 114.30, 118.400, 123.300,       ,       ,       ,      ,       ,       ,    3.5,       ,      ,       ,      ,      ,   0.0, 3DDiff, 3704,      ,     10,  15.5,     18
2012-10-17, 12:59:42,  -05:00,       ,   47.9480743,  -97.1731339,   801.6, 29.09,   838.2,  10.2,   0.00,   0.00,   -3.58,   1.75,  -0.25,   0.01,  -0.01, 265.0, 263.6,  27.5,  27.5,   1.3,   0.1,  20.73,  24.00,     2.19,  138.20,   58.21,  939.6,  254.73,  269.61,  280.89,  285.19, 1101.08, 1078.74, 1070.14, 1076.23,   750.4,   0,  GPS,  174.0, 109.10, 114.30, 118.400, 123.300,       ,       ,       ,      ,       ,       ,    3.5,       ,      ,       ,      ,      ,  -3.9, 3DDiff, 3704,      ,     10,  15.5,     18
2012-10-17, 12:59:43,  -05:00,       ,   47.9480743,  -97.1731262,   801.6, 29.09,   839.4,  10.2,   0.00,   0.00,  -14.36,   1.74,  -0.29,   0.00,  -0.02, 265.1, 263.6,  27.5,  27.6,   1.1,  -0.1,  20.76,  24.00,     2.24,  138.18,   58.09,  934.0,  254.64,  269.61,  280.87,  285.24, 1101.39, 1078.40, 1069.53, 1075.50,   751.6,   0,  GPS,  174.0, 109.10, 114.30, 118.400, 123.300,       ,       ,       ,      ,       ,       ,    3.5,       ,      ,       ,      ,      ,   0.0, 3DDiff, 3704,      ,     10,  15.0,     18
2012-10-17, 12:59:44,  -05:00,       ,   47.9480743,  -97.1731262,   800.6, 29.09,   839.6,  10.2,   0.00,   0.00,  -28.64,   1.71,  -0.27,   0.01,  -0.01, 265.2, 263.6,  27.6,  27.6,   1.1,  -0.1,  20.81,  24.00,     2.21,  138.16,   57.91,  922.2,  254.63,  269.70,  280.92,  285.29, 1101.40, 1079.11, 1068.77, 1074.12,   751.8,   0,  GPS,  174.0, 109.10, 114.30, 118.400, 123.300,       ,       ,       ,      ,       ,       ,    3.5,       ,      ,       ,      ,      ,   0.0, 3DDiff, 3704,      ,     10,  15.5,     18
2012-10-17, 12:59:45,  -05:00,       ,   47.9480743,  -97.1731262,   800.6, 29.09,   839.7,  10.2,   0.00,   0.00, 