flight_id,subseq_id,window_idx,start_idx,end_idx,mae_Latitude,mae_Longitude,mae_AltB,mae_BaroA,mae_OAT,mae_GndSpd,mae_VSpd,mae_Pitch,mae_Roll,mae_LatAc,mae_NormAc,mae_HDG,mae_TRK,mae_volt1,mae_volt2,mae_amp1,mae_amp2,mae_FQtyL,mae_FQtyR,mae_E1_FFlow,mae_E1_OilT,mae_E1_OilP,mae_E1_RPM,mae_E1_CHT2,mae_E1_CHT4,mae_E1_EGT2,mae_E1_EGT4,mae_TAS,mae_CRS,mae_NAV1,mae_NAV2,mae_COM1,mae_COM2,mae_MagVar,mae_VSpdG,mae_HAL,mae_HPLfd
open_2017_05_08_close_2017_05_08_flight_Fixed Wing_N550ND_before_0_189617,open_2017_05_08_close_2017_05_08_flight_Fixed Wing_N550ND_before_0_189617,0,0,29,3.1100000001060835e-05,5.800000010935946e-06,0.0,0.0,0.0,4.34678e-15,3.7300000000000004,0.029999999999999805,0.010000000000000009,0.03,0.05,0.0,0.0,0.0,0.0,0.09999999999999964,0.10000000000000003,0.0,0.0,0.08000000000000007,0.04000000000000625,0.11999999999999744,5.2000000000000455,0.7000000000000028,0.9699999999999989,3.92999999999995,0.12000000000000455,3.35493e-15,0.0,0.0,0.0,0.0,0.0,0.0,3.9,0.0,0.0
open_2017_05_08_close_2017_05_08_flight_Fixed Wing_N550ND_before_0_189617,open_2017_05_08_close_2017_05_08_flight_Fixed Wing_N550ND_before_0_189617,1,5,34,2.350000000461705e-05,1.3400000000274304e-05,1.0,0.0,0.0,4.34678e-15,3.34,0.0,0.0,0.01,1.0849799999999998e-20,0.0,0.0,0.0,0.0,0.10000000000000009,0.10000000000000003,0.0,0.0,0.010000000000000009,0.04000000000000625,0.030000000000001137,0.8999999999999773,0.6700000000000017,0.9500000000000028,3.2799999999999727,0.009999999999990905,3.35493e-15,0.0,0.0,0.0,0.0,0.0,0.0,0.0,0.0,0.5
open_2017_05_08_close_2017_05_08_flight_Fixed Wing_N550ND_before_0_189617,open_2017_05_08_close_2017_05_08_flight_Fixed Wing_N550ND_before_0_189617,2,10,39,2.350000000461705e-05,5.800000010935946e-06,0.0,0.0,0.0,4.34678e-15,2.58,0.029999999999999805,0.010000000000000009,0.0,0.01,0.0,0.0,0.0,0.0,0.10000000000000009,0.0,0.0,0.0,0.010000000000000009,0.04000000000000625,0.0800000000000054,0.8000000000000682,0.6000000000000085,0.9699999999999989,4.180000000000064,0.009999999999990905,3.35493e-15,0.0,0.0,0.0,0.0,0.0,0.0,1.81956e-16,0.0,0.0
open_2017_05_08_close_2017_05_08_flight_Fixed Wing_N550ND_before_0_189617,open_2017_05_08_close_2017_05_08_flight_Fixed Wing_N550ND_before_0_189617,3,15,44,3.1100000001060835e-05,1.3400000000274304e-05,0.0,0.0,0.0,4.34678e-15,11.55,0.03000000000000025,0.040000000000000036,0.04,0.02,0.0,0.0,0.09999999999999787,0.0,0.0,0.0,0.0,0.0,0.040000000000000036,0.04000000000000625,0.14000000000000057,3.8999999999999773,0.6000000000000085,0.9299999999999926,0.9599999999999227,0.2199999999999136,3.35493e-15,0.0,0.0,0.0,0.0,0.0,0.0,1.81956e-16,0.0,0.0
open_2017_05_08_close_2017_05_08_flight_Fixed Wing_N550ND_before_0_189617,open_2017_05_08_close_2017_05_08_flight_Fixed Wing_N550ND_before_0_189617,4,20,49,2.350000000461705e-05,1.3400000000274304e-05,0.0,0.0,0.0,4.34678e-15,13.129999999999999,0.009999999999999787,0.0,0.02,0.0,0.10000000000002274,0.0,0.09999999999999787,0.0,0.0,0.0,0.0,0.0,0.030000000000000027,0.03999999999999204,0.030000000000001137,0.5,0.5499999999999972,0.9099999999999966,10.860000000000014,0.5199999999999818,3.35493e-15,0.0,0.0,0.0,0.0,0.0,0.0,1.81956e-16,0.0,0.0
open_2017_05_08_close_2017_05_08_flight_Fixed Wing_N550ND_before_0_189617,open_2017_05_08_close_2017_05_08_flight_Fixed Wing_N550ND_before_0_189617,5,25,54,3.490000000283544e-05,1.3400000000274304e-05,1.0,0.0,0.0,4.34678e-15,2.620000000000001,0.020000000000000018,0.020000000000000018,0.0,0.03,0.10000000000002274,0.0,0.0,0.0,0.10000000000000009,0.0,0.019999999999999574,0.0,0.0,0.03999999999999204,0.00999999999999801,2.6000000000000227,0.5,0.8799999999999955,2.7799999999999727,0.2899999999999636,3.35493e-15,0.0,0.0,0.0,0.0,0.0,0.0,1.81956e-16,0.0,0.0
open_2017_05_08_close_2017_05_08_flight_Fixed Wing_N550ND_before_0_189617,open_2017_05_08_close_2017_05_08_flight_Fixed Wing_N550ND_before_0_189617,6,30,59,3.490000000283544e-05,1.3400000000274304e-05,0.0,0.0,0.0,4.34678e-15,1.0699999999999998,0.10000000000000009,0.019999999999999907,0.02,0.060000000000000005,0.0,0.0,0.0,0.0,0.10000000000000009,0.0,0.0,0.0,0.030000000000000027,0.04000000000000625,0.020000000000003126,0.10000000000002274,0.6099999999999994,0.9199999999999875,3.910000000000082,0.4900000000000091,3.35493e-15,0.0,0.0,0.0,0.0,0.0,0.0,1.81956e-16,0.0,0.0
open_2017_05_08_close_2017_05_08_flight_Fixed Wing_N550ND_before_0_189617,open_2017_05_08_close_2017_05_08_flight_Fixed Wing_N550ND_before_0_189617,7,35,64,3.490000000283544e-05,5.800000010935946e-06,1.0,0.0,0.0,4.34678e-15,20.24,0.040000000000000036,0.010000000000000009,0.01,0.04,0.0,0.0,0.0,0.0,0.10000000000000009,0.09999999999999998,0.0,0.0,0.040000000000000036,0.03999999999999204,0.07000000000000028,0.10000000000002274,0.46999999999999886,0.8599999999999852,0.7599999999999909,0.15999999999996817,3.35493e-15,0.0,0.0,0.0,0.0,0.0,0.0,1.81956e-16,0.0,0.0
open_2017_05_08_close_2017_05_08_flight_Fixed Wing_N550ND_before_0_189617,open_2017_05_08_close_2017_05_08_flight_Fixed Wing_N550ND_before_0_189617,8,40,69,3.490000000283544e-05,1.3400000000274304e-05,1.0,0.0,0.0,4.34678e-15,6.16,0.040000000000000036,0.019999999999999907,0.01,0.0,0.10000000000002274,0.0,0.0,0.0,0.10000000000000009,0.09999999999999998,0.0,0.0,0.020000000000000018,0.030000000000001137,0.00999999999999801,2.300000000000068,0.6199999999999903,0.9200000000000159,6.6299999999999955,0.2300000000000182,3.35493e-15,0.0,0.0,0.0,0.0,0.0,0.0,3.9,0.0,0.0
open_2017_05_08_close_2017_05_08_flight_Fixed Wing_N550ND_before_0_189617,open_2017_05_08_close_2017_05_08_flight_Fixed Wing_N550ND_before_0_189617,9,45,74,3.490000000283544e-05,1.3400000000274304e-05,1.0,0.0,0.0,4.34678e-15,21.470000000000002,0.010000000000000231,0.029999999999999916,0.0,0.01,0.0,0.0,0.0,0.0,0.19999999999999973,0.0,0.0,0.0,0.010000000000000009,0.04000000000000625,0.04999999999999716,0.10000000000002274,0.46000000000000796,0.8199999999999932,0.12000000000000455,0.010000000000104592,3.35493e-15,0.0,0.0,0.0,0.0,0.0,0.0,1.81956e-16,0.0,0.0
open_2017_05_08_close_2017_05_08_flight_Fixed Wing_N550ND_before_0_189617,open_2017_05_08_close_2017_05_08_flight_Fixed Wing_N550ND_before_0_189617,10,50,79,3.490000000283544e-05,1.3400000000274304e-05,0.0,0.0,0.0,4.34678e-15,2.26,0.0,0.020000000000000018,0.01,0.02,0.0999999999999659,0.0,0.0,0.0,0.19999999999999973,0.0,0.0,0.0,0.020000000000000018,0.030000000000001137,0.0,1.1999999999999318,0.45999999999997954,0.7699999999999818,2.8799999999999955,0.2699999999999818,3.35493e-15,0.0,0.0,0.0,0.0,0.0,0.0,1.81956e-16,0.0,0.0
open_2017_05_08_close_2017_05_08_flight_Fixed Wing_N550ND_before_0_189617,open_2017_05_08_close_2017_05_08_flight_Fixed Wing_N550ND_before_0_189617,11,55,84,3.490000000283544e-05,5.800000010935946e-06,1.0,0.0,0.0,4.34678e-15,1.8399999999999999,0.06000000000000005,0.010000000000000009,0.0,0.03,0.0999999999999659,0.0,0.0,0.0,0.19999999999999973,0.0,0.0,0.0,0.0,0.030000000000001137,0.07000000000000028,5.7000000000000455,0.37999999999999545,0.7700000000000102,0.8600000000000136,0.20000000000004547,3.35493e-15,0.0,0.0,0.0,0.0,0.0,0.0,1.81956e-16,0.0,0.0
open_2017_05_08_close_2017_05_08_flight_Fixed Wing_N550ND_before_0_189617,open_2017_05_08_close_2017_05_08_flight_Fixed Wing_N550ND_before_0_189617,12,60,89,3.490000000283544e-05,1.3400000000274304e-05,1.0,0.0,0.0,4.34678e-15,17.99,0.040000000000000036,0.08000000000000007,0.0,0.04,0.0,0.0,0.0,0.0,0.19999999999999973,0.0,0.019999999999999574,0.0,0.050000000000000044,0.04000000000000625,0.060000000000002274,2.2999999999999545,0.36000000000001364,0.6299999999999955,3.1299999999999955,0.2599999999999909,3.35493e-15,0.0,0.0,0.0,0.0,0.0,0.0,3.9,0.0,0.0
open_2017_05_08_close_2017_05_08_flight_Fixed Wing_N550ND_before_0_189617,open_2017_05_08_close_2017_05_08_flight_Fixed Wing_N550ND_before_0_189617,13,65,94,3.1100000001060835e-05,1.3400000000274304e-05,1.0,0.0,0.0,4.34678e-15,4.429999999999998,0.010000000000000231,0.020000000000000018,0.01,0.01,0.0,0.0,0.0,0.0,0.0,0.0,0.0,0.0,0.11999999999999988,0.04000000000000625,0.060000000000002274,4.5,0.4399999999999977,0.7600000000000193,2.5,0.6100000000000136,3.35493e-15,0.0,0.0,0.0,0.0,0.0,0.0,1.81956e-16,0.0,0.5
open_2017_05_08_close_2017_05_08_flight_Fixed Wing_N550ND_before_0_189617,open_2017_05_08_close_2017_05_08_flight_Fixed Wing_N550ND_before_0_189617,14,70,99,3.1100000001060835e-05,5.800000010935946e-06,0.0,0.0,0.0,4.34678e-15,6.529999999999999,0.0,0.050000000000000044,0.0,0.02,0.0999999999999659,0.0,0.0,0.0,0.19999999999999973,0.0,0.0,0.0,0.010000000000000009,0.03999999999999204,0.0,2.2999999999999545,0.3900000000000148,0.6999999999999886,0.5599999999999454,0.5,3.35493e-15,0.0,0.0,0.0,0.0,0.0,0.0,1.81956e-16,0.0,0.0
open_2017_05_08_close_2017_05_08_flight_Fixed Wing_N550ND_before_0_189617,open_2017_05_08_close_2017_05_08_flight_Fixed Wing_N550ND_before_0_189617,15,75,104,3.490000000283544e-05,1.3400000000274304e-05,1.0,0.0,0.0,4.34678e-15,4.43,0.0,0.010000000000000009,0.0,0.01,0.0999999999999659,0.0,0.0,0.0,0.0,0.0,0.019999999999999574,0.0,0.030000000000000027,0.04000000000000625,0.07000000000000028,2.199999999999932,0.4099999999999966,0.710000000000008,4.990000000000009,0.32999999999992724,3.35493e-15,0.0,0.0,0.0,0.0,0.0,0.0,1.81956e-16,0.0,0.0
open_2017_05_08_close_2017_05_08_flight_Fixed Wing_N550ND_before_0_189617,open_2017_05_08_close_2017_05_08_flight_Fixed Wing_N550ND_before_0_189617,16,80,109,3.490000000283544e-05,5.800000010935946e-06,0.0,0.0,0.0,4.34678e-15,2.85,0.020000000000000018,0.010000000000000009,0.01,0.05,0.0,0.0,0.0,0.0,0.10000000000000009,0.0,0.0,0.0,0.020000000000000018,0.03999999999999204,0.030000000000001137,1.8000000000000682,0.27000000000001023,0.5700000000000216,1.6999999999999318,0.040000000000190994,3.35493e-15,0.0,0.0,0.0,2.1499999999999915,0.0,0.0,1.81956e-16,0.0,0.0
open_2017_05_08_close_2017_05_08_flight_Fixed Wing_N550ND_before_0_189617,open_2017_05_08_close_2017_05_08_flight_Fixed Wing_N550ND_before_0_189617,17,85,114,3.490000000283544e-05,5.800000010935946e-06,0.0,0.0,0.0,4.34678e-15,6.999999999999999,0.06000000000000005,0.06000000000000005,0.01,0.05,0.0,0.0,0.0,0.0,0.10000000000000009,0.0,0.019999999999999574,0.0,0.030000000000000027,0.030000000000001137,0.10999999999999943,2.3999999999999773,0.28999999999999204,0.6700000000000159,1.1499999999999773,0.6400000000001,3.35493e-15,0.0,0.0,0.0,0.0,0.0,0.0,1.81956e-16,0.0,0.0
open_2017_05_08_close_2017_05_08_flight_Fixed Wing_N550ND_before_0_189617,open_2017_05_08_close_2017_05_08_flight_Fixed Wing_N550ND_before_0_189617,18,90,119,3.490000000283544e-05,5.800000010935946e-06,1.0,0.0,0.0,4.34678e-15,19.1,0.029999999999999805,0.040000000000000036,0.01,0.01,0.0,0.0,0.0,0.0,0.10000000000000009,0.0,0.0,0.0,0.020000000000000018,0.03999999999999204,0.01999999999999602,1.2000000000000455,0.4000000000000057,0.6400000000000148,14.350000000000023,0.5399999999999636,3.35493e-15,0.0,0.0,0.0,0.0,0.0,0.0,1.81956e-16,0.0,0.0
open_2017_05_08_close_2017_05_08_flight_Fixed Wing_N550ND_before_0_189617,open_2017_05_08_close_2017_05_08_flight_Fixed Wing_N550ND_before_0_189617,19,95,124,3.490000000283544e-05,5.800000010935946e-06,0.0,0.0,0.0,4.34678e-15,5.970000000000001,0.050000000000000266,0.020000000000000018,0.01,0.04,0.0,0.0,0.0,0.0,0.10000000000000009,0.0,0.0,0.0,0.040000000000000036,0.03999999999999204,0.13000000000000256,4.7000000000000455,0.35000000000002274,0.6599999999999966,4.769999999999982,0.2599999999999909,3.35493e-15,0.0,0.0,0.0,0.0,0.0,0.0,1.81956e-16,0.0,0.0
open_2017_05_08_close_2017_05_08_flight_Fixed Wing_N550ND_before_0_189617,open_2017_05_08_close_2017_05_08_flight_Fixed Wing_N550ND_before_0_189617,20,100,129,3.490000000283544e-05,1.3400000000274304e-05,0.0,0.0,0.0,4.34678e-15,1.9100000000000001,0.06000000000000005,0.010000000000000009,0.01,0.04,0.0,0.0,0.0,0.0,0.0,0.0,0.019999999999999574,0.0,0.030000000000000027,0.03999999999999204,0.21000000000000085,8.799999999999955,0.22999999999998977,0.5199999999999818,3.6000000000000227,0.049999999999954525,3.35493e-15,0.0,0.0,0.0,0.0,0.0,0.0,1.81956e-16,0.0,0.0
open_2017_05_08_close_2017_05_08_flight_Fixed Wing_N550ND_before_0_189617,open_2017_05_08_close_2017_05_08_flight_Fixed Wing_N550ND_before_0_189617,21,105,134,3.1100000001060835e-05,5.800000010935946e-06,0.0,0.0,0.0,4.34678e-15,7.409999999999999,0.020000000000000018,0.040000000000000036,0.0,0.09,0.0,0.0,0.0,0.0,0.10000000000000009,0.0,0.0,0.0,0.030000000000000027,0.04000000000000625,0.030000000000001137,1.3999999999999773,0.22999999999998977,0.5,8.209999999999923,0.8399999999999181,3.35493e-15,0.0,0.0,0.0,0.0,0.0,0.0,3.9,0.0,0.5
open_2017_05_08_close_2017_05_08_flight_Fixed Wing_N550ND_before_0_189617,open_2017_05_08_close_2017_05_08_flight_Fixed Wing_N550ND_before_0_189617,22,110,139,3.490000000283544e-05,1.3400000000274304e-05,1.0,0.0,0.0,4.34678e-15,23.439999999999998,0.04999999999999982,0.020000000000000018,0.0,0.060000000000000005,0.0,0.0,0.0,0.0,0.10000000000000009,0.0,0.03999999999999915,0.0,0.020000000000000018,0.03999999999999204,0.09000000000000341,4.5,0.21999999999999886,0.44999999999998863,3.550000000000068,0.34999999999990905,3.35493e-15,0.0,0.0,0.0,0.0,0.0,0.0,0.0,0.0,0.0
open_2017_05_08_close_2017_05_08_flight_Fixed Wing_N550ND_before_0_189617,open_2017_05_08_close_2017_05_08_flight_Fixed Wing_N550ND_before_0_189617,23,115,144,1.9700000002842444e-05,1.799999992613266e-06,1.0,0.0,0.0,4.34678e-15,20.94,0.0,0.040000000000000036,0.01,0.01,0.0,0.0,0.0,0.0,0.0,0.0,0.0,0.0,0.0,0.03999999999999204,0.04999999999999716,2.8999999999999773,0.28000000000000114,0.549999999999983,2.259999999999991,0.6100000000001273,3.35493e-15,0.0,0.0,0.0,0.0,0.0,0.0,3.9,0.0,4.0
open_2017_05_08_close_2017_05_08_flight_Fixed Wing_N550ND_before_0_189617,open_2017_05_08_close_2017_05_08_flight_Fixed Wing_N550ND_before_0_189617,24,120,149,1.5900000001067838e-05,1.7099999993774873e-05,1.0,0.0,0.0,4.34678e-15,16.14,0.08999999999999986,0.0,0.02,0.1,0.0,0.0,0.0,0.0,0.0,0.0,0.019999999999999574,0.0,0.029999999999999805,0.04000000000000625,0.030000000000001137,2.0,0.3699999999999761,0.5500000000000114,1.169999999999959,0.650000000000091,3.35493e-15,0.0,0.0,0.0,0.0,0.0,0.0,3.9,0.0,10.0
open_2017_05_08_close_2017_05_08_flight_Fixed Wing_N550ND_before_0_189617,open_2017_05_08_close_2017_05_08_flight_Fixed Wing_N550ND_before_0_189617,25,125,154,3.1100000001060835e-05,5.800000010935946e-06,1.0,0.0,0.0,4.34678e-15,17.37,0.04999999999999982,0.030000000000000027,0.01,0.02,0.0,0.0,0.0,0.0,0.0,0.0,0.0,0.0,0.010000000000000009,0.04999999999999716,0.0800000000000054,4.2000000000000455,0.27000000000001023,0.5200000000000102,6.7999999999999545,0.7400000000000091,3.35493e-15,0.0,0.0,0.0,0.0,0.0,0.0,1.81956e-16,0.0,0.5
open_2017_05_08_close_2017_05_08_flight_Fixed Wing_N550ND_before_0_189617,open_2017_05_08_close_2017_05_08_flight_Fixed Wing_N550ND_before_0_189617,26,130,159,3.1100000001060835e-05,5.800000010935946e-06,1.0,0.0,0.0,4.34678e-15,8.42,0.03000000000000025,0.06000000000000005,0.01,1.0849799999999998e-20,0.0999999999999659,0.0,0.0,0.0,0.20000000000000018,0.1,0.019999999999999574,0.0,0.050000000000000044,0.04000000000000625,0.020000000000003126,3.1000000000000227,0.28999999999999204,0.4900000000000091,1.9200000000000728,0.6800000000000637,3.35493e-15,0.0,0.0,0.0,0.0,0.0,0.0,1.81956e-16,0.0,0.0
open_2017_05_08_close_2017_05_08_flight_Fixed Wing_N550ND_before_0_189617,open_2017_05_08_close_2017_05_08_flight_Fixed Wing_N550ND_before_0_189617,27,135,164,3.490000000283544e-05,5.800000010935946e-06,3.0,0.0,0.0,4.34678e-15,105.87,0.009999999999999787,0.019999999999999907,0.02,0.04,0.0,0.0,0.0,0.0,0.0,0.1,0.0,0.0,0.030000000000000027,0.03999999999999204,0.14999999999999858,4.5,0.23999999999998067,0.5,6.600000000000023,0.09999999999990905,3.35493e-15,0.0,0.0,0.0,0.0,0.0,0.0,1.81956e-16,0.0,0.0
open_2017_05_08_close_2017_05_08_flight_Fixed Wing_N550ND_before_0_189617,open_2017_05_08_close_2017_05_08_flight_Fixed Wing_N550ND_before_0_189617,28,140,169,3.1100000001060835e-05,5.800000010935946e-06,1.0,0.0,0.0,4.34678e-15,2.49,0.06999999999999984,0.019999999999999907,0.019999999999999997,0.05,0.0,0.0,0.0,0.0,0.10000000000000009,0.1,0.0,0.0,0.020000000000000018,0.04999999999999716,0.10000000000000142,0.39999999999997726,0.2600000000000193,0.4899999999999807,2.2000000000000455,0.32999999999992724,3.35493e-15,0.0,0.0,0.0,0.0,0.0,0.0,1.81956e-16,0.0,0.0
open_2017_05_08_close_2017_05_08_flight_Fixed Wing_N550ND_before_0_189617,open_2017_05_08_close_2017_05_08_flight_Fixed Wing_N550ND_before_0_189617,29,145,174,3.490000000283544e-05,5.800000010935946e-06,0.0,0.0,0.0,4.34678e-15,11.76,0.07999999999999963,0.029999999999999916,0.01,0.01,0.0999999999999659,0.0,0.0,0.0,0.10000000000000009,0.1,0.0,0.0,0.0,0.030000000000001137,0.0899999999999963,5.699999999999932,0.25,0.46999999999999886,2.07000000000005,0.209999999999809,3.35493e-15,0.0,0.0,0.0,0.0,0.0,0.0,1.81956e-16,0.0,0.0
open_2017_05_08_close_2017_05_08_flight_Fixed Wing_N550ND_before_0_189617,open_2017_05_08_close_2017_05_08_flight_Fixed Wing_N550ND_before_0_189617,30,150,179,3.1100000001060835e-05,5.800000010935946e-06,0.0,0.0,0.0,4.34678e-15,5.269999999999996,0.040000000000000036,0.020000000000000018,0.01,0.0,0.0,0.0,0.0,0.0,0.0,0.0,0.0,0.0,0.010000000000000009,0.05000000000001137,0.030000000000001137,4.399999999999977,0.3900000000000148,0.5600000000000023,1.2699999999999818,0.2899999999999636,3.35493e-15,0.0,0.0,0.0,0.0,0.0,0.0,3.9,0.0,0.0
open_2017_05_08_close_2017_05_08_flight_Fixed Wing_N550ND_before_0_189617,open_2017_05_08_close_2017_05_08_flight_Fixed Wing_N550ND_before_0_189617,31,155,184,3.1100000001060835e-05,5.800000010935946e-06,1.0,0.0,0.0,4.34678e-15,13.59,0.020000000000000018,0.0,0.02,0.03,0.0,0.0,0.0,0.0,0.10000000000000009,0.1,0.0,0.0,0.020000000000000018,0.04999999999999716,0.07000000000000028,0.7999999999999545,0.23999999999998067,0.4299999999999784,4.470000000000027,0.4700000000000273,3.35493e-15,0.0,0.0,0.0,0.0,0.0,0.0,1.81956e-16,0.0,0.5
open_2017_05_08_close_2017_05_08_flight_Fixed Wing_N550ND_before_0_189617,open_2017_05_08_close_2017_05_08_flight_Fixed Wing_N550ND_before_0_189617,32,160,189,3.1100000001060835e-05,5.800000010935946e-06,1.0,0.0,0.0,4.34678e-15,25.68,0.020000000000000018,0.019999999999999907,0.0,0.06999999999999999,0.0,0.0,0.0,0.0,0.0,0.0,0.0,0.0,0.010000000000000009,0.04000000000000625,0.15000000000000568,8.899999999999977,0.2400000000000091,0.4099999999999966,8.25,0.25,3.35493e-15,0.0,0.0,0.0,0.0,0.0,0.0,1.81956e-16,0.0,0.0
open_2017_05_08_close_2017_05_08_flight_Fixed Wing_N550ND_before_0_189617,open_2017_05_08_close_2017_05_08_flight_Fixed Wing_N550ND_before_0_189617,33,165,194,3.1100000001060835e-05,5.800000010935946e-06,1.0,0.0,0.0,4.34678e-15,17.21,0.06000000000000005,0.050000000000000044,0.01,1.0849799999999998e-20,0.0999999999999659,0.0,0.0,0.0,0.0,0.0,0.019999999999999574,0.0,0.010000000000000009,0.05000000000001137,0.030000000000001137,0.7000000000000455,0.1599999999999966,0.3100000000000023,6.07000000000005,0.13000000000010914,3.35493e-15,0.0,0.0,0.0,0.0,0.0,0.0,1.81956e-16,0.0,0.0
open_2017_05_08_close_2017_05_08_flight_Fixed Wing_N550ND_before_0_189617,open_2017_05_08_close_2017_05_08_flight_Fixed Wing_N550ND_before_0_189617,34,170,199,3.1100000001060835e-05,5.800000010935946e-06,1.0,0.0,0.0,4.34678e-15,8.180000000000001,0.029999999999999805,0.05999999999999994,0.02,0.01,0.0999999999999659,0.0,0.0,0.0,0.10000000000000009,0.1,0.019999999999999574,0.0,0.06000000000000005,0.04999999999999716,0.11999999999999744,7.600000000000136,0.27000000000001023,0.37999999999999545,1.2699999999999818,0.4099999999998545,3.35493e-15,0.0,0.0,0.0,0.0,0.0,0.0,1.81956e-16,0.0,0.0
open_2017_05_08_close_2017_05_08_flight_Fixed Wing_N550ND_before_0_189617,open_2017_05_08_close_2017_05_08_flight_Fixed Wing_N550ND_before_0_189617,35,175,204,3.1100000001060835e-05,5.800000010935946e-06,1.0,0.0,0.0,4.34678e-15,29.15,0.010000000000000231,0.029999999999999916,0.02,0.0,0.0999999999999659,0.0,0.0,0.0,0.20000000000000018,0.1,0.0,0.0,0.020000000000000018,0.04000000000000625,0.07000000000000028,2.7000000000000455,0.18999999999999773,0.37999999999999545,4.149999999999977,0.11999999999989086,3.35493e-15,0.0,0.0,0.0,0.0,0.0,0.0,1.81956e-16,0.0,0.0
open_2017_05_08_close_2017_05_08_flight_Fixed Wing_N550ND_before_0_189617,open_2017_05_08_close_2017_05_08_flight_Fixed Wing_N550ND_before_0_189617,36,180,209,3.1100000001060835e-05,5.800000010935946e-06,1.0,0.0,0.0,4.34678e-15,10.0,0.029999999999999805,0.04999999999999993,0.01,1.0849799999999998e-20,0.0999999999999659,0.0,0.0,0.0,0.0,0.0,0.019999999999999574,0.0,0.020000000000000018,0.05000000000001137,0.03999999999999915,1.5,0.3499999999999943,0.47999999999998977,3.590000000000032,0.0,3.35493e-15,0.0,0.0,0.0,0.0,0.0,0.0,1.81956e-16,0.0,0.0
open_2017_05_08_close_2017_05_08_flight_Fixed Wing_N550ND_before_0_189617,open_2017_05_08_close_2017_05_08_flight_Fixed Wing_N550ND_before_0_189617,37,185,214,3.1100000001060835e-05,5.800000010935946e-06,0.0,0.0,0.0,4.34678e-15,0.73,0.029999999999999805,0.020000000000000018,0.01,0.0,0.0,0.0,0.0,0.0,0.10000000000000009,0.1,0.0,0.0,0.050000000000000044,0.04999999999999716,0.04000000000000625,1.5,0.21999999999999886,0.37999999999999545,1.259999999999991,0.22000000000002728,3.35493e-15,0.0,0.0,0.0,0.0,0.0,0.0,1.81956e-16,0.0,0.5
open_2017_05_08_close_2017_05_08_flight_Fixed Wing_N550ND_before_0_189617,open_2017_05_08_close_2017_05_08_flight_Fixed Wing_N550ND_before_0_189617,38,190,219,3.490000000283544e-05,5.800000010935946e-06,19.5,0.019999999999999574,0.0,4.34678e-15,24.21,0.020000000000000018,0.0,0.0,0.01,0.0999999999999659,0.0,0.0,0.0,0.10000000000000009,0.0,0.0,0.0,0.020000000000000018,0.04999999999999716,0.030000000000001137,2.6000000000001364,0.23999999999998067,0.35000000000002274,6.019999999999982,0.5499999999999545,3.35493e-15,0.0,0.0,0.0,0.0,0.0,0.0,1.81956e-16,0.0,0.5
open_2017_05_08_close_2017_05_08_flight_Fixed Wing_N550ND_before_0_189617,open_2017_05_08_close_2017_05_08_flight_Fixed Wing_N550ND_before_0_189617,39,195,224,3.1100000001060835e-05,5.800000010935946e-06,2.0,0.0,0.0,4.34678e-15,32.44,0.020000000000000018,0.030000000000000027,1.81093e-19,0.04,0.0,0.0,0.0,0.0,0.10000000000000009,0.0,0.0,0.0,0.030000000000000027,0.04999999999999716,0.030000000000001137,0.5,0.21999999999999886,0.3499999999999943,2.0399999999999636,0.36000000000012733,3.35493e-15,0.0,0.0,0.0,0.0,0.0,0.0,1.81956e-16,0.0,0.0
open_2017_05_08_close_2017_05_08_flight_Fixed Wing_N550ND_before_0_189617,open_2017_05_08_close_2017_05_08_flight_Fixed Wing_N550ND_before_0_189617,40,200,229,3.490000000283544e-05,5.800000010935946e-06,0.0,0.0,0.0,4.34678e-15,18.759999999999998,0.0,0.10000000000000003,0.0,0.01,0.0999999999999659,0.0,0.09999999999999787,0.0,0.20000000000000018,0.0,0.019999999999999574,0.0,0.020000000000000018,0.05000000000001137,0.01999999999999602,0.7999999999999545,0.2300000000000182,0.3199999999999932,7.6200000000000045,0.35999999999989996,3.35493e-15,0.0,0.0,0.0,0.0,0.0,0.0,1.81956e-16,0.0,0.0
open_2017_05_08_close_2017_05_08_flight_Fixed Wing_N550ND_before_0_189617,open_2017_05_08_close_2017_05_08_flight_Fixed Wing_N550ND_before_0_189617,41,205,234,3.490000000283544e-05,5.800000010935946e-06,1.0,0.0,0.0,4.34678e-15,6.350000000000001,0.010000000000000231,0.050000000000000044,0.0,0.05,0.0,0.0,0.0,0.0,0.20000000000000018,0.0,0.0,0.0,0.050000000000000044,0.04999999999999716,0.0799999999999983,1.5,0.17000000000001592,0.3199999999999932,6.759999999999991,0.2800000000002001,3.35493e-15,0.0,0.0,0.0,0.0,0.0,0.0,1.81956e-16,0.0,0.5
open_2017_05_08_close_2017_05_08_flight_Fixed Wing_N550ND_before_0_189617,open_2017_05_08_close_2017_05_08_flight_Fixed Wing_N550ND_before_0_189617,42,210,239,3.490000000283544e-05,5.800000010935946e-06,2.0,0.0,0.0,4.34678e-15,25.330000000000002,0.010000000000000231,0.050000000000000044,0.0,0.02,0.0,0.0,0.0,0.0,0.10000000000000009,0.0,0.0,0.0,0.010000000000000009,0.060000000000002274,0.00999999999999801,4.2999999999999545,0.2400000000000091,0.29999999999998295,0.01999999999998181,0.15999999999985448,3.35493e-15,0.0,0.0,0.0,0.0,0.0,0.0,1.81956e-16,0.0,0.5
open_2017_05_08_close_2017_05_08_flight_Fixed Wing_N550ND_before_0_189617,open_2017_05_08_close_2017_05_08_flight_Fixed Wing_N550ND_before_0_189617,43,215,244,3.1100000001060835e-05,5.800000010935946e-06,2.0,0.0,0.0,4.34678e-15,29.42,0.08000000000000007,0.0,0.02,0.07,0.0,0.0,0.0,0.0,0.10000000000000009,0.0,0.0,0.0,0.0,0.05000000000001137,0.00999999999999801,0.20000000000004547,0.19999999999998863,0.3199999999999932,0.11000000000001364,0.9900000000000091,3.35493e-15,0.0,0.0,0.0,0.0,0.0,0.0,1.81956e-16,0.0,0.5
open_2017_05_08_close_2017_05_08_flight_Fixed Wing_N550ND_before_0_189617,open_2017_05_08_close_2017_05_08_flight_Fixed Wing_N550ND_before_0_189617,44,220,249,3.1100000001060835e-05,5.800000010935946e-06,1.0,0.0,0.0,4.34678e-15,29.29,0.020000000000000018,0.029999999999999916,0.01,0.04,0.10000000000002274,0.0,0.0,0.0,0.20000000000000018,0.0,0.0,0.0,0.030000000000000027,0.060000000000002274,0.0,0.7999999999999545,0.15000000000000568,0.30999999999997385,0.11000000000001364,0.1899999999998272,3.35493e-15,0.0,0.0,0.0,0.0,0.0,0.0,1.81956e-16,0.0,0.0
open_2017_05_08_close_2017_05_08_flight_Fixed Wing_N550ND_before_0_189617,open_2017_05_08_close_2017_05_08_flight_Fixed Wing_N550ND_before_0_189617,45,225,254,3.1100000001060835e-05,5.800000010935946e-06,2.0,0.0,0.0,4.34678e-15,19.36,0.040000000000000036,0.09999999999999998,0.009999999999999998,0.01,0.0999999999999659,0.0,0.09999999999999787,0.0,0.20000000000000018,0.0,0.03999999999999915,0.0,0.020000000000000018,0.04999999999999716,0.09000000000000341,4.599999999999909,0.21999999999999886,0.27000000000001023,11.770000000000095,0.11000000000012733,3.35493e-15,0.0,0.0,0.0,0.0,0.0,0.0,1.81956e-16,0.0,0.5
open_2017_05_08_close_2017_05_08_flight_Fixed Wing_N550ND_before_0_189617,open_2017_05_08_close_2017_05_08_flight_Fixed Wing_N550ND_before_0_189617,46,230,259,3.1100000001060835e-05,5.800000010935946e-06,1.0,0.0,0.0,4.34678e-15,12.46,0.13000000000000034,0.020000000000000018,1.81093e-19,0.06,0.10000000000002274,0.0,0.0,0.0,0.20000000000000018,0.0,0.0,0.0,0.050000000000000044,0.060000000000002274,0.05000000000000426,0.40000000000009095,0.21000000000000796,0.28999999999999204,1.0399999999999636,0.05999999999994543,3.35493e-15,0.0,0.0,0.0,0.0,0.0,0.0,1.81956e-16,0.0,0.0
open_2017_05_08_close_2017_05_08_flight_Fixed Wing_N550ND_before_0_189617,open_2017_05_08_close_2017_05_08_flight_Fixed Wing_N550ND_before_0_189617,47,235,264,3.1100000001060835e-05,5.800000010935946e-06,1.0,0.0,0.0,4.34678e-15,13.579999999999998,0.009999999999999787,0.0,0.0,0.01,0.10000000000002274,0.0,0.0,0.0,0.10000000000000009,0.0,0.019999999999999574,0.0,0.030000000000000027,0.04999999999999716,0.8900000000000077,33.299999999999955,0.1699999999999875,0.25,5.740000000000009,2.7100000000000364,3.35493e-15,0.0,0.0,0.0,0.0,0.0,0.0,1.81956e-16,0.0,0.0
open_2017_05_08_close_2017_05_08_flight_Fixed Wing_N550ND_before_0_189617,open_2017_05_08_close_2017_05_08_flight_Fixed Wing_N550ND_before_0_189617,48,240,269,1.5900000001067838e-05,5.800000010935946e-06,1.0,0.0,0.0,0.2899999999999998,14.979999999999999,0.5300000000000002,0.10000000000000009,0.01,0.01,0.6999999999999886,0.0,0.0,0.0,0.0,0.0,0.0,0.0,0.010000000000000009,0.05000000000001137,0.05999999999998806,4.5,0.21999999999999886,0.3199999999999932,3.9600000000000364,6.170000000000073,3.35493e-15,0.0,0.0,0.0,0.0,0.0,0.0,3.9,0.0,0.0
open_2017_05_08_close_2017_05_08_flight_Fixed Wing_N550ND_before_0_189617,open_2017_05_08_close_2017_05_08_flight_Fixed Wing_N550ND_before_0_189617,49,245,274,3.1999999947629476e-06,5.800000010935946e-06,1.0,0.0,0.0,4.34678e-15,7.390000000000001,0.3999999999999999,0.06999999999999995,0.030000000000000002,0.010000000000000002,359.09999999999997,0.0,0.0,0.0,0.10000000000000009,0.0,0.0,0.0,0.06000000000000005,0.04999999999999716,0.15000000000000568,4.2999999999999545,0.18999999999999773,0.3100000000000023,1.2899999999999636,3.25,3.35493e-15,0.0,0.0,0.0,0.0,0.0,0.0,3.9,0.0,0.5
open_2017_05_08_close_2017_05_08_flight_Fixed Wing_N550ND_before_0_189617,open_2017_05_08_close_2017_05_08_flight_Fixed Wing_N550ND_before_0_189617,50,250,279,1.089999999948077e-05,1.3400000000274304e-05,0.0,0.0,0.0,0.6000000000000001,5.61,0.09999999999999964,0.019999999999999907,0.02,0.009999999999999998,1.2000000000000002,0.0,0.0,0.0,0.0,0.0,0.08999999999999986,0.0,0.020000000000000018,0.05000000000001137,0.060000000000002274,2.2999999999999545,0.23999999999998067,0.3100000000000023,1.6400000000001,2.0300000000002,3.35493e-15,0.0,0.0,0.0,0.0,0.0,0.0,1.81956e-16,0.0,0.5
open_2017_05_08_close_2017_05_08_flight_Fixed Wing_N550ND_before_0_189617,open_2017_05_08_close_2017_05_08_flight_Fixed Wing_N550ND_before_0_189617,51,255,284,3.189999999619886e-05,9.49999999022566e-06,1.0,0.0,0.0,0.2200000000000002,14.259999999999998,0.30000000000000004,0.18999999999999995,0.009999999999999998,0.04,7.800000000000004,6.899999999999999,0.09999999999999787,0.0,0.10000000000000009,0.0,0.0,0.0,0.020000000000000018,0.060000000000002274,0.03999999999999915,3.5,0.19999999999998863,0.2599999999999909,20.56000000000006,11.909999999999854,3.35493e-15,0.0,0.0,0.0,0.0,0.0,0.0,3.9,0.0,0.0
open_2017_05_08_close_2017_05_08_flight_Fixed Wing_N550ND_before_0_189617,open_2017_05_08_close_2017_05_08_flight_Fixed Wing_N550ND_before_0_189617,52,260,289,5.19999999681886e-06,3.7100000000123146e-05,0.0,0.0,0.0,0.1200000000000001,4.88,0.040000000000000036,0.08000000000000002,0.009999999999999998,0.03,7.1000000000000085,20.5,0.09999999999999787,0.0,0.0,0.0,0.25,0.0,0.0,0.05999999999998806,0.14999999999999858,5.7999999999999545,0.18000000000000682,0.3199999999999932,14.720000000000027,5.660000000000082,3.35493e-15,0.0,0.0,0.0,0.0,0.0,0.0,3.9,0.0,0.0
open_2017_05_08_close_2017_05_08_flight_Fixed Wing_N550ND_before_0_189617,open_2017_05_08_close_2017_05_08_flight_Fixed Wing_N550ND_before_0_189617,53,265,294,5.19999999681886e-06,6.210000000805849e-05,1.0,0.0,0.0,0.27,19.82,0.10999999999999988,0.030000000000000027,0.019999999999999997,0.05,0.6000000000000085,2.0,0.0,0.0,0.10000000000000009,0.0,0.019999999999999574,0.0,0.0,0.060000000000002274,0.04999999999999716,0.6000000000000227,0.18999999999999773,0.28000000000000114,6.8900000000001,3.5,3.35493e-15,0.0,0.0,0.0,0.0,0.0,0.0,3.9,0.0,0.0
open_2017_05_08_close_2017_05_08_flight_Fixed Wing_N550ND_before_0_189617,open_2017_05_08_close_2017_05_08_flight_Fixed Wing_N550ND_before_0_189617,54,270,299,5.19999999681886e-06,2.3499999997511622e-05,0.0,0.0,0.0,0.08000000000000007,4.959999999999999,0.25,0.020000000000000018,0.02,0.02,1.2000000000000028,1.1000000000000085,0.0,0.0,0.10000000000000009,0.0,0.14999999999999858,0.0,0.029999999999999805,0.060000000000002274,0.0,3.3999999999999773,0.18000000000000682,0.25,8.549999999999955,2.769999999999982,3.35493e-15,0.0,0.0,0.0,0.0,0.0,0.0,0.0,0.0,0.5
open_2017_05_08_close_2017_05_08_flight_Fixed Wing_N550ND_before_0_189617,open_2017_05_08_close_2017_05_08_flight_Fixed Wing_N550ND_before_0_189617,55,275,304,5.19999999681886e-06,3.669999999544871e-05,0.0,0.0,0.0,0.23000000000000043,0.6199999999999992,0.23999999999999977,0.06000000000000005,0.01,0.009999999999999998,0.20000000000000284,0.0,0.0,0.0,0.10000000000000009,0.0,0.10999999999999943,0.0,0.0,0.04999999999999716,0.11999999999999744,2.2999999999999545,0.14000000000001478,0.2400000000000091,5.960000000000036,0.11000000000001364,3.35493e-15,0.0,0.0,0.0,0.0,0.0,0.0,1.81956e-16,0.0,0.0
open_2017_05_08_close_2017_05_08_flight_Fixed Wing_N550ND_before_0_189617,open_2017_05_08_close_2017_05_08_flight_Fixed Wing_N550ND_before_0_189617,56,280,309,5.19999999681886e-06,3.510000000517266e-05,0.0,0.0,0.0,0.34999999999999964,10.78,0.010000000000000009,0.030000000000000027,0.02,0.01,0.8000000000000114,0.19999999999998863,0.09999999999999787,0.0,0.0,0.0,0.05000000000000071,0.0,0.020000000000000018,0.060000000000002274,0.10999999999999943,3.6000000000000227,0.10999999999998522,0.27000000000001023,2.25,0.4699999999999136,3.35493e-15,0.0,0.0,0.0,0.0,0.0,0.0,0.0,0.0,0.5
open_2017_05_08_close_2017_05_08_flight_Fixed Wing_N550ND_before_0_189617,open_2017_05_08_close_2017_05_08_flight_Fixed Wing_N550ND_before_0_189617,57,285,314,1.2900000001536682e-05,9.69999999256288e-06,1.0,0.0,0.0,0.15000000000000036,14.030000000000001,0.09999999999999987,0.0,0.01,0.02,0.10000000000000853,0.20000000000000284,0.1999999999999993,0.3000000000000007,2.4,0.2,0.0,0.0,0.1200000000000001,0.060000000000002274,2.309999999999995,95.70000000000005,0.09999999999999432,0.25,20.860000000000014,2.3899999999999864,3.35493e-15,0.0,0.0,0.0,0.0,0.0,0.0,0.0,0.0,0.5
open_2017_05_08_close_2017_05_08_flight_Fixed Wing_N550ND_before_0_189617,open_2017_05_08_close_2017_05_08_flight_Fixed Wing_N550ND_before_0_189617,58,290,319,5.19999999681886e-06,7.2999999929379555e-06,0.0,0.0,0.0,0.019999999999999574,7.8500000000000005,0.019999999999999796,0.010000000000000009,0.01,0.02,0.6000000000000085,1.0,0.10000000000000142,0.0,0.09999999999999964,0.10000000000000009,0.0,0.0,0.0,0.04999999999999716,0.0799999999999983,1.3999999999999773,0.05000000000001137,0.20999999999997954,24.16999999999996,3.3999999999999773,3.35493e-15,0.0,0.0,0.0,0.0,0.0,0.0,3.9,0.0,0.5
open_2017_05_08_close_2017_05_08_flight_Fixed Wing_N550ND_before_0_189617,open_2017_05_08_close_2017_05_08_flight_Fixed Wing_N550ND_before_0_189617,59,295,324,5.19999999681886e-06,1.3300000006211121e-05,0.0,0.0,0.0,0.6799999999999997,2.4,0.14000000000000012,0.010000000000000009,0.03,0.03,0.0,0.10000000000000853,0.10000000000000142,0.10000000000000142,0.3999999999999999,0.09999999999999998,0.0,0.0,0.010000000000000009,0.07000000000000739,0.020000000000003126,6.0,0.09999999999999432,0.17000000000001592,11.519999999999982,2.699999999999932,3.35493e-15,0.0,0.0,0.0,0.0,0.0,0.0,3.9,0.0,0.5
open_2017_05_08_close_2017_05_08_flight_Fixed Wing_N550ND_before_0_189617,open_2017_05_08_close_2017_05_08_flight_Fixed Wing_N550ND_before_0_189617,60,300,329,5.19999999681886e-06,5.0600000008671486e-05,1.0,0.0,0.0,0.29000000000000004,13.77,0.3900000000000001,0.10999999999999999,0.01,0.0,7.0,4.799999999999997,0.09999999999999787,0.1999999999999993,1.2999999999999998,0.5,0.0,0.0,0.010000000000000009,0.060000000000002274,0.1700000000000017,4.199999999999932,0.05000000000001137,0.20999999999997954,7.329999999999927,2.8899999999999864,3.35493e-15,0.0,0.0,0.0,0.0,0.0,0.0,3.9,0.0,0.0
open_2017_05_08_close_2017_05_08_flight_Fixed Wing_N550ND_before_0_189617,open_2017_05_08_close_2017_05_08_flight_Fixed Wing_N550ND_before_0_189617,61,305,334,2.5299999997230316e-05,3.4499999998161e-05,1.0,0.0,0.0,0.07999999999999963,3.999999999999999,0.1299999999999999,0.17999999999999994,0.02,0.0,7.200000000000003,6.799999999999997,0.8999999999999986,0.8999999999999986,1.4,0.6,0.09000000000000341,0.0,0.020000000000000018,0.05999999999998806,0.8199999999999932,47.799999999999955,0.09000000000000341,0.2799999999999727,26.860000000000014,1.3100000000000591,3.35493e-15,0.0,0.0,0.0,0.0,0.0,0.0,4.0,0.0,0.0
open_2017_05_08_close_2017_05_08_flight_Fixed Wing_N550ND_before_0_189617,open_2017_05_08_close_2017_05_08_flight_Fixed Wing_N550ND_before_0_189617,62,310,339,1.750000000555474e-05,1.2100000006398659e-05,0.0,0.0,0.0,0.18999999999999995,3.0999999999999996,0.18000000000000016,0.63,0.06,0.07,5.0,5.199999999999999,0.0,0.0,0.10000000000000053,0.0,0.060000000000002274,0.0,0.040000000000000036,0.060000000000002274,0.07000000000000028,1.3999999999999773,0.0,0.14999999999997726,13.120000000000005,2.6700000000000728,3.35493e-15,0.0,0.0,0.0,0.0,0.0,0.0,0.0,0.0,0.0
open_2017_05_08_close_2017_05_08_flight_Fixed Wing_N550ND_before_0_189617,open_2017_05_08_close_2017_05_08_flight_Fixed Wing_N550ND_before_0_189617,63,315,344,2.9699999998911153e-05,4.4000000087862645e-06,1.0,0.0,0.0,0.20999999999999952,8.510000000000002,0.10999999999999988,0.18,0.02,1.0849799999999998e-20,1.1999999999999886,1.7999999999999545,0.0,0.0,0.10000000000000053,0.0,0.060000000000002274,0.0,0.05999999999999983,0.05999999999998806,0.25,11.5,0.030000000000001137,0.05000000000001137,8.480000000000018,0.8799999999999955,3.35493e-15,0.0,0.0,0.0,0.0,0.0,0.0,1.81956e-16,0.0,0.5
open_2017_05_08_close_2017_05_08_flight_Fixed Wing_N550ND_before_0_189617,open_2017_05_08_close_2017_05_08_flight_Fixed Wing_N550ND_before_0_189617,64,320,349,1.5300000001161607e-05,4.4000000087862645e-06,1.0,0.0,0.0,0.27999999999999936,9.18,0.18999999999999995,0.13,0.02,0.01,0.19999999999998863,0.10000000000002274,0.0,0.10000000000000142,0.20000000000000018,0.0,0.0,0.0,0.0,0.060000000000002274,0.14000000000000057,5.100000000000023,0.009999999999990905,0.12999999999999545,9.019999999999982,4.2000000000000455,3.35493e-15,0.0,0.0,0.0,0.0,0.0,0.0,3.9,0.0,0.5
open_2017_05_08_close_2017_05_08_flight_Fixed Wing_N550ND_before_0_189617,open_2017_05_08_close_2017_05_08_flight_Fixed Wing_N550ND_before_0_189617,65,325,354,1.8199999999524152e-05,4.4000000087862645e-06,0.0,0.0,0.0,0.20000000000000018,7.290000000000001,0.020000000000000018,0.25000000000000006,0.01,0.01,0.39999999999997726,0.30000000000001137,0.0,0.0,0.0,0.0,0.0,0.0,0.020000000000000018,0.06999999999999318,0.05999999999999517,3.5,0.0,0.1400000000000432,5.460000000000036,2.5599999999999454,3.35493e-15,0.0,0.0,0.0,0.0,0.0,0.0,3.9,0.0,0.0
open_2017_05_08_close_2017_05_08_flight_Fixed Wing_N550ND_before_0_189617,open_2017_05_08_close_2017_05_08_flight_Fixed Wing_N550ND_before_0_189617,66,330,359,8.220000000136451e-05,1.2100000006398659e-05,0.0,0.0,0.0,0.17000000000000082,14.16,0.27,0.12999999999999995,0.01,0.05,0.0,0.10000000000002274,0.0,0.0,0.20000000000000018,0.1,0.0,0.0,0.030000000000000027,0.06999999999999318,0.18999999999999773,1.1999999999999318,0.0,0.160000000000025,5.259999999999991,0.9300000000000637,3.35493e-15,0.0,0.0,0.0,0.0,0.0,0.0,3.9,0.0,0.0
open_2017_05_08_close_2017_05_08_flight_Fixed Wing_N550ND_before_0_189617,open_2017_05_08_close_2017_05_08_flight_Fixed Wing_N550ND_before_0_189617,67,335,364,5.3899999997497616e-05,4.4000000087862645e-06,0.0,0.0,0.0,0.05999999999999961,13.73,0.09999999999999987,0.29,0.03,0.11,0.30000000000001137,0.0,0.0,0.10000000000000142,0.10000000000000009,0.0,0.04999999999999716,0.0,0.030000000000000027,0.06999999999999318,0.5399999999999991,27.59999999999991,0.1799999999999784,0.2400000000000091,4.340000000000032,0.9400000000000546,3.35493e-15,0.0,0.0,0.0,0.0,0.0,0.0,3.9,0.0,0.0
open_2017_05_08_close_2017_05_08_flight_Fixed Wing_N550ND_before_0_189617,open_2017_05_08_close_2017_05_08_flight_Fixed Wing_N550ND_before_0_189617,68,340,369,4.080000000072914e-05,1.2100000006398659e-05,0.0,0.0,0.0,0.019999999999999574,9.790000000000001,0.06000000000000005,0.10999999999999999,0.03,0.04,1.0,0.5,0.0,0.0,0.0,0.1,0.05000000000000071,0.0,0.010000000000000009,0.06999999999999318,0.030000000000001137,5.0,0.0,0.12999999999999545,12.649999999999977,2.369999999999891,3.35493e-15,0.0,0.0,0.0,0.0,0.0,0.0,1.81956e-16,0.0,0.5
open_2017_05_08_close_2017_05_08_flight_Fixed Wing_N550ND_before_0_189617,open_2017_05_08_close_2017_05_08_flight_Fixed Wing_N550ND_before_0_189617,69,345,374,2.769999999685524e-05,4.4000000087862645e-06,0.0,0.0,0.0,0.1200000000000001,3.6700000000000004,0.10999999999999988,0.19,0.03,0.04,0.5,0.2999999999999545,0.10000000000000142,0.0,0.0,0.0,0.04999999999999716,0.0,0.0,0.060000000000002274,0.020000000000003126,0.20000000000004547,0.17000000000001592,0.2400000000000091,6.789999999999964,1.6800000000000637,3.35493e-15,0.0,0.0,0.0,0.0,0.0,0.0,1.81956e-16,0.0,0.0
open_2017_05_08_close_2017_05_08_flight_Fixed Wing_N550ND_before_0_189617,open_2017_05_08_close_2017_05_08_flight_Fixed Wing_N550ND_before_0_189617,70,350,379,3.200000001868375e-06,4.4000000087862645e-06,0.0,0.0,0.0,0.6299999999999999,4.37,0.7500000000000002,0.07,0.01,0.16,0.0999999999999659,0.20000000000004547,0.0,0.0,0.0,0.0,0.0400000000000027,0.0,0.010000000000000009,0.06999999999999318,0.00999999999999801,0.7999999999999545,0.060000000000002274,0.13999999999998636,2.8799999999999955,0.8500000000000227,3.35493e-15,0.0,0.0,0.0,0.0,0.0,0.0,1.81956e-16,0.0,0.0
open_2017_05_08_close_2017_05_08_flight_Fixed Wing_N550ND_before_0_189617,open_2017_05_08_close_2017_05_08_flight_Fixed Wing_N550ND_before_0_189617,71,355,384,4.819999999483571e-05,4.4000000087862645e-06,0.0,0.0,0.0,0.05999999999999961,16.78,0.3500000000000001,0.09000000000000002,0.03,0.07,1.3999999999999773,1.900000000000034,0.0,0.0,0.10000000000000009,0.0,0.0,0.0,0.020000000000000018,0.060000000000002274,0.00999999999999801,4.800000000000068,0.09000000000000341,0.0,6.240000000000009,0.8100000000000591,3.35493e-15,0.0,0.0,0.0,0.0,0.0,0.0,1.81956e-16,0.0,0.0
open_2017_05_08_close_2017_05_08_flight_Fixed Wing_N550ND_before_0_189617,open_2017_05_08_close_2017_05_08_flight_Fixed Wing_N550ND_before_0_189617,72,360,389,3.1000000006997652e-06,4.4000000087862645e-06,1.0,0.0,0.0,0.08000000000000007,26.369999999999997,0.17000000000000037,0.10999999999999999,0.02,0.019999999999999997,0.5,1.1000000000000227,0.0,0.10000000000000142,0.10000000000000009,0.0,0.029999999999997584,0.0,0.050000000000000044,0.060000000000002274,0.1600000000000037,2.7000000000000455,0.09999999999999432,0.010000000000047748,0.4800000000000182,0.3000000000000682,3.35493e-15,0.0,0.0,0.0,0.0,0.0,0.0,1.81956e-16,0.0,0.5
open_2017_05_08_close_2017_05_08_flight_Fixed Wing_N550ND_before_0_189617,open_2017_05_08_close_2017_05_08_flight_Fixed Wing_N550ND_before_0_189617,73,365,394,5.72000000005346e-05,4.4000000087862645e-06,1.0,0.0,0.0,0.09000000000000075,27.73,0.5599999999999996,0.23000000000000004,0.0,0.019999999999999997,0.19999999999998863,0.5,0.0,0.10000000000000142,0.10000000000000009,0.0,0.10000000000000142,0.0,0.010000000000000009,0.07000000000000739,0.00999999999999801,3.300000000000068,0.009999999999990905,0.12000000000000455,2.5299999999999727,0.2899999999999636,3.35493e-15,0.0,0.0,0.0,0.0,0.0,0.0,1.81956e-16,0.0,0.0
open_2017_05_08_close_2017_05_08_flight_Fixed Wing_N550ND_before_0_189617,open_2017_05_08_close_2017_05_08_flight_Fixed Wing_N550ND_before_0_189617,74,370,399,2.880000000260452e-05,3.1999999947629476e-06,1.0,0.0,0.0,0.07000000000000028,17.699999999999996,0.0,0.22000000000000003,0.02,0.009999999999999998,0.30000000000001137,0.5999999999999659,0.0,0.10000000000000142,0.10000000000000009,0.0,0.03999999999999915,0.0,0.040000000000000036,0.060000000000002274,0.10000000000000142,1.1000000000000227,0.0,0.07999999999998408,4.540000000000077,0.2799999999999727,3.35493e-15,0.0,0.0,0.0,0.0,0.0,0.0,3.9,0.0,0.0
open_2017_05_08_close_2017_05_08_flight_Fixed Wing_N550ND_before_0_189617,open_2017_05_08_close_2017_05_08_flight_Fixed Wing_N550ND_before_0_189617,75,375,404,1.190000000406144e-05,4.4000000087862645e-06,1.0,0.0,0.0,0.1200000000000001,38.35,0.16000000000000014,0.16000000000000003,0.01,0.02,0.39999999999997726,0.6999999999999886,0.0,0.0,0.10000000000000009,0.0,0.019999999999999574,0.0,0.020000000000000018,0.060000000000002274,0.1700000000000017,6.300000000000068,0.009999999999990905,0.08999999999997499,10.289999999999964,0.17999999999994998,3.35493e-15,0.0,0.0,0.0,0.0,0.0,0.0,3.9,0.0,0.5
open_2017_05_08_close_2017_05_08_flight_Fixed Wing_N550ND_before_0_189617,open_2017_05_08_close_2017_05_08_flight_Fixed Wing_N550ND_before_0_189617,76,380,409,2.7000000031307536e-06,4.4000000087862645e-06,0.0,0.0,0.0,0.1999999999999993,28.259999999999998,0.18999999999999995,0.06999999999999998,0.01,0.020000000000000004,0.19999999999998863,0.19999999999998863,0.0,0.0,0.10000000000000009,0.0,0.10000000000000142,0.0,0.030000000000000027,0.060000000000002274,0.0899999999999963,0.10000000000002274,0.11000000000001364,0.21000000000003638,0.2699999999999818,0.57000000000005,3.35493e-15,0.0,0.0,0.0,0.0,0.0,0.0,4.0,0.0,0.0
open_2017_05_08_close_2017_05_08_flight_Fixed Wing_N550ND_before_0_189617,open_2017_05_08_close_2017_05_08_flight_Fixed Wing_N550ND_before_0_189617,77,385,414,1.6300000005742277e-05,4.4000000087862645e-06,1.0,0.0,0.0,0.17999999999999972,4.16,0.25,0.010000000000000009,0.02,0.009999999999999998,0.39999999999997726,0.0999999999999659,0.0,0.0,0.10000000000000009,0.0,0.05000000000000071,0.0,0.030000000000000027,0.06999999999999318,0.00999999999999801,2.7000000000000455,0.0,0.12999999999999545,4.930000000000064,0.3000000000000682,3.35493e-15,0.0,0.0,0.0,0.0,0.0,0.0,0.0,0.0,0.5
open_2017_05_08_close_2017_05_08_flight_Fixed Wing_N550ND_before_0_189617,open_2017_05_08_close_2017_05_08_flight_Fixed Wing_N550ND_before_0_189617,78,390,419,1.850000000302998e-05,4.4000000087862645e-06,0.0,0.0,0.0,0.34999999999999964,2.3100000000000005,0.04999999999999982,0.14,0.05,0.07,357.2,1.6000000000000227,0.0,0.10000000000000142,0.0,0.0,0.0,0.0,0.0,0.07000000000000739,0.03999999999999915,3.1000000000000227,0.020000000000010232,0.11000000000001364,6.809999999999945,0.18000000000006366,3.35493e-15,0.0,0.0,0.0,0.0,0.0,0.0,7.8,0.0,0.0
open_2017_05_08_close_2017_05_08_flight_Fixed Wing_N550ND_before_0_189617,open_2017_05_08_close_2017_05_08_flight_Fixed Wing_N550ND_before_0_189617,79,395,424,3.2800000006716346e-05,2.5300000004335743e-05,0.0,0.0,0.0,0.16000000000000014,16.200000000000003,0.1200000000000001,0.16999999999999998,0.020000000000000004,0.06,9.799999999999997,9.599999999999994,0.0,0.0,0.10000000000000009,0.0,0.1999999999999993,0.0,0.020000000000000018,0.07000000000000739,0.0799999999999983,3.6000000000000227,0.040000000000020464,0.09000000000003183,10.42999999999995,0.01999999999998181,3.35493e-15,0.0,0.0,0.0,0.0,0.0,0.0,0.0,0.0,0.5
open_2017_05_08_close_2017_05_08_flight_Fixed Wing_N550ND_before_0_189617,open_2017_05_08_close_2017_05_08_flight_Fixed Wing_N550ND_before_0_189617,80,400,429,2.2000000043931323e-06,2.360000000578566e-05,1.0,0.0,0.0,0.20999999999999996,3.869999999999999,0.2999999999999998,0.12,0.06,0.060000000000000005,0.3999999999999915,3.700000000000003,0.0,0.0,0.10000000000000009,0.0,0.2900000000000027,0.0,0.030000000000000027,0.060000000000002274,0.11999999999999744,2.2999999999999545,0.0,0.03999999999996362,3.3099999999999454,0.2400000000000091,3.35493e-15,0.0,0.0,0.0,0.0,0.0,0.0,1.81956e-16,0.0,0.0
open_2017_05_08_close_2017_05_08_flight_Fixed Wing_N550ND_before_0_189617,open_2017_05_08_close_2017_05_08_flight_Fixed Wing_N550ND_before_0_189617,81,405,434,2.2000000043931323e-06,6.779999999650954e-05,0.0,0.0,0.0,0.11000000000000032,4.710000000000001,0.009999999999999787,0.049999999999999996,0.02,0.04,0.09999999999999432,0.5,0.0,0.0,0.10000000000000009,0.0,0.3200000000000003,0.0,0.050000000000000044,0.060000000000002274,1.0,42.60000000000002,0.0,0.040000000000020464,7.509999999999991,0.5600000000000591,3.35493e-15,0.0,0.0,0.0,0.0,0.0,0.0,1.81956e-16,0.0,0.0
open_2017_05_08_close_2017_05_08_flight_Fixed Wing_N550ND_before_0_189617,open_2017_05_08_close_2017_05_08_flight_Fixed Wing_N550ND_before_0_189617,82,410,439,1.5999999973814738e-06,2.719999999101219e-05,1.0,0.0,0.0,0.22000000000000064,16.759999999999998,0.2200000000000002,0.010000000000000009,0.0,0.05,0.7999999999999972,0.4000000000000057,0.0,0.0,0.0,0.0,0.28999999999999915,0.0,0.030000000000000027,0.060000000000002274,0.18999999999999773,9.299999999999955,0.0,0.06999999999999318,18.269999999999982,6.459999999999923,3.35493e-15,0.0,0.0,0.0,0.0,0.0,0.0,1.81956e-16,0.0,0.5
open_2017_05_08_close_2017_05_08_flight_Fixed Wing_N550ND_before_0_189617,open_2017_05_08_close_2017_05_08_flight_Fixed Wing_N550ND_before_0_189617,83,415,444,2.2000000043931323e-06,3.999999999848569e-05,0.0,0.0,0.0,0.15000000000000036,10.809999999999999,0.1200000000000001,0.09000000000000001,1.81093e-19,0.01,0.10000000000000853,0.3999999999999915,0.09999999999999787,0.0,0.10000000000000009,0.0,0.019999999999999574,0.0,0.030000000000000027,0.05999999999998806,0.11999999999999744,4.2000000000000455,0.010000000000019327,0.060000000000002274,8.720000000000027,2.9799999999999045,3.35493e-15,0.0,0.0,0.0,0.0,0.0,0.0,1.81956e-16,0.0,0.0
open_2017_05_08_close_2017_05_08_flight_Fixed Wing_N550ND_before_0_189617,open_2017_05_08_close_2017_05_08_flight_Fixed Wing_N550ND_before_0_189617,84,420,449,1.5999999973814738e-06,8.330000000000837e-05,0.0,0.0,0.0,0.20999999999999908,0.12,0.14000000000000012,0.05999999999999997,0.01,0.1,0.29999999999999716,0.4000000000000057,0.09999999999999787,0.0,0.10000000000000009,0.0,0.029999999999997584,0.0,0.040000000000000036,0.060000000000002274,0.0799999999999983,1.2999999999999545,0.11999999999997613,0.15999999999996817,13.779999999999973,2.1200000000000045,3.35493e-15,0.0,0.0,0.0,0.0,0.0,0.0,3.9,0.0,0.5
open_2017_05_08_close_2017_05_08_flight_Fixed Wing_N550ND_before_0_189617,open_2017_05_08_close_2017_05_08_flight_Fixed Wing_N550ND_before_0_189617,85,425,454,2.2000000043931323e-06,5.710000000647142e-05,0.0,0.0,0.0,0.21000000000000085,3.08,0.050000000000000266,0.06999999999999998,0.01,0.01,0.7000000000000028,0.0,0.09999999999999787,0.0,0.0,0.0,0.04999999999999716,0.0,0.010000000000000009,0.060000000000002274,0.0,1.1000000000000227,0.07999999999998408,0.08999999999997499,8.650000000000091,1.0399999999999636,3.35493e-15,0.0,0.0,0.0,0.0,0.0,0.0,1.81956e-16,0.0,0.0
open_2017_05_08_close_2017_05_08_flight_Fixed Wing_N550ND_before_0_189617,open_2017_05_08_close_2017_05_08_flight_Fixed Wing_N550ND_before_0_189617,86,430,459,1.5999999973814738e-06,2.3399999989237585e-05,1.0,0.0,0.0,0.3100000000000005,11.66,0.31000000000000005,0.11,0.06999999999999999,0.1,5.200000000000003,2.0,0.09999999999999787,0.0,0.20000000000000018,0.0,0.0,0.0,0.010000000000000009,0.06999999999999318,0.03999999999999915,5.400000000000091,0.05000000000001137,0.08999999999997499,1.4099999999999682,0.9599999999999227,3.35493e-15,0.0,0.0,0.0,0.0,0.0,0.0,1.81956e-16,0.0,0.0
open_2017_05_08_close_2017_05_08_flight_Fixed Wing_N550ND_before_0_189617,open_2017_05_08_close_2017_05_08_flight_Fixed Wing_N550ND_before_0_189617,87,435,464,3.209999999853608e-05,2.849999999909869e-05,0.0,0.0,0.0,0.7599999999999998,6.529999999999999,0.16000000000000014,0.18000000000000005,0.009999999999999995,0.019999999999999997,10.399999999999991,10.200000000000003,0.0,0.0,0.0,0.0,0.22000000000000242,0.0,0.010000000000000009,0.07000000000000739,0.09000000000000341,5.099999999999909,0.060000000000002274,0.01999999999998181,0.7800000000000864,0.0,3.35493e-15,0.0,0.0,0.0,0.0,0.0,0.0,1.81956e-16,0.0,0.0
open_2017_05_08_close_2017_05_08_flight_Fixed Wing_N550ND_before_0_189617,open_2017_05_08_close_2017_05_08_flight_Fixed Wing_N550ND_before_0_189617,88,440,469,5.39999999915608e-06,5.059999999446063e-05,0.0,0.0,0.0,1.2000000000000002,9.790000000000003,0.050000000000000044,0.09000000000000002,0.02,0.03,0.7000000000000028,0.20000000000000284,0.0,0.0,0.0,0.0,0.35999999999999943,0.0,0.040000000000000036,0.07000000000000739,0.00999999999999801,0.7000000000000455,0.04999999999998295,0.06999999999999318,8.639999999999986,0.2199999999997999,3.35493e-15,0.0,0.0,0.0,0.0,0.0,0.0,1.81956e-16,0.0,0.5
open_2017_05_08_close_2017_05_08_flight_Fixed Wing_N550ND_before_0_189617,open_2017_05_08_close_2017_05_08_flight_Fixed Wing_N550ND_before_0_189617,89,445,474,5.39999999915608e-06,4.939999999464817e-05,2.0,0.0,0.0,4.34678e-15,25.08,0.07000000000000028,0.020000000000000018,0.0,0.01,0.20000000000000284,0.0,0.0,0.0,0.10000000000000009,0.0,0.09999999999999787,0.0,0.010000000000000009,0.060000000000002274,0.03999999999999915,2.5,0.03999999999999204,0.009999999999990905,3.699999999999932,0.9300000000000637,3.35493e-15,0.0,0.0,0.0,0.0,0.0,0.0,1.81956e-16,0.0,0.0
open_2017_05_08_close_2017_05_08_flight_Fixed Wing_N550ND_before_0_189617,open_2017_05_08_close_2017_05_08_flight_Fixed Wing_N550ND_before_0_189617,90,450,479,5.39999999915608e-06,4.939999999464817e-05,2.0,0.0,0.0,4.34678e-15,43.970000000000006,0.020000000000000018,0.0,0.0,1.0849799999999998e-20,0.09999999999999432,0.0,0.0,0.0,0.0,0.0,0.0,0.0,0.010000000000000009,0.07000000000000739,0.0799999999999983,7.2000000000000455,0.12000000000000455,0.1199999999999477,3.7200000000000273,0.5099999999999909,3.35493e-15,0.0,0.0,0.0,0.0,0.0,0.0,1.81956e-16,0.0,0.5
open_2017_05_08_close_2017_05_08_flight_Fixed Wing_N550ND_before_0_189617,open_2017_05_08_close_2017_05_08_flight_Fixed Wing_N550ND_before_0_189617,91,455,484,5.39999999915608e-06,4.939999999464817e-05,3.0,0.0,0.0,4.34678e-15,47.94,0.06000000000000005,0.02999999999999997,0.01,1.0849799999999998e-20,0.09999999999999432,0.0,0.0,0.0,0.0,0.0,0.0,0.0,0.06000000000000005,0.07000000000000739,0.13000000000000256,3.3999999999999773,0.12999999999999545,0.08999999999997499,4.539999999999964,0.2999999999999545,3.35493e-15,0.0,0.0,0.0,0.0,0.0,0.0,1.81956e-16,0.0,0.0
open_2017_05_08_close_2017_05_08_flight_Fixed Wing_N550ND_before_0_189617,open_2017_05_08_close_2017_05_08_flight_Fixed Wing_N550ND_before_0_189617,92,460,489,5.39999999915608e-06,4.939999999464817e-05,1.0,0.0,0.0,4.34678e-15,33.33,0.04999999999999982,0.0,0.01,0.04,0.0,0.0,0.0,0.0,0.0,0.0,0.0,0.0,0.040000000000000036,0.0799999999999983,0.17999999999999972,2.7999999999999545,0.2400000000000091,0.23999999999995225,7.320000000000164,1.2300000000000182,3.35493e-15,0.0,0.0,0.0,0.0,0.0,0.0,1.81956e-16,0.0,0.0
open_2017_05_08_close_2017_05_08_flight_Fixed Wing_N550ND_before_0_189617,open_2017_05_08_close_2017_05_08_flight_Fixed Wing_N550ND_before_0_189617,93,465,494,5.39999999915608e-06,4.939999999464817e-05,0.0,0.0,0.0,4.34678e-15,20.740000000000002,0.029999999999999805,0.0,0.0,1.0849799999999998e-20,0.0,0.0,0.0,0.0,0.10000000000000009,0.0,0.0,0.0,0.18999999999999972,0.0799999999999983,1.8800000000000026,89.30000000000007,0.0800000000000125,0.03999999999996362,3.269999999999982,2.240000000000009,3.35493e-15,0.0,0.0,0.0,0.0,0.0,0.0,1.81956e-16,0.0,0.0
open_2017_05_08_close_2017_05_08_flight_Fixed Wing_N550ND_before_0_189617,open_2017_05_08_close_2017_05_08_flight_Fixed Wing_N550ND_before_0_189617,94,470,499,5.39999999915608e-06,4.939999999464817e-05,3.0,0.0,0.0,4.34678e-15,52.99,0.04999999999999982,0.010000000000000009,0.01,0.02,0.0,0.0,0.0,0.0,0.0,0.0,0.0,0.0,0.22999999999999998,0.0799999999999983,1.3299999999999983,63.299999999999955,0.21000000000000796,0.18000000000000682,9.970000000000027,23.950000000000045,3.35493e-15,0.0,0.0,0.0,0.0,0.0,0.0,1.81956e-16,0.0,0.5
open_2017_05_08_close_2017_05_08_flight_Fixed Wing_N550ND_before_0_189617,open_2017_05_08_close_2017_05_08_flight_Fixed Wing_N550ND_before_0_189617,95,475,504,5.39999999915608e-06,4.939999999464817e-05,2.0,0.0,0.0,4.34678e-15,25.92,0.13000000000000012,0.040000000000000036,0.01,0.03,0.09999999999999432,0.0,0.0,0.0,0.10000000000000009,0.0,0.0,0.0,0.35999999999999943,0.09000000000000341,0.5499999999999972,54.59999999999991,0.36000000000001364,0.20999999999997954,15.289999999999964,21.180000000000064,3.35493e-15,0.0,0.0,0.0,0.0,0.0,0.0,1.81956e-16,0.0,0.5
open_2017_05_08_close_2017_05_08_flight_Fixed Wing_N550ND_before_0_189617,open_2017_05_08_close_2017_05_08_flight_Fixed Wing_N550ND_before_0_189617,96,480,509,5.39999999915608e-06,4.939999999464817e-05,1.0,0.0,0.0,4.34678e-15,9.869999999999997,0.029999999999999805,0.010000000000000009,0.04,0.02,0.0,0.0,0.0,0.0,0.10000000000000009,0.0,0.0,0.0,0.020000000000000462,0.09000000000000341,0.05999999999998806,1.099999999999909,0.539999999999992,0.2999999999999545,6.540000000000191,7.889999999999873,3.35493e-15,0.0,0.0,0.0,0.0,0.0,0.0,1.81956e-16,0.0,0.0
open_2017_05_08_close_2017_05_08_flight_Fixed Wing_N550ND_before_0_189617,open_2017_05_08_close_2017_05_08_flight_Fixed Wing_N550ND_before_0_189617,97,485,514,5.39999999915608e-06,4.939999999464817e-05,2.0,0.0,0.0,4.34678e-15,50.790000000000006,0.0,0.08999999999999997,0.02,0.02,0.0,0.0,0.0,0.0,0.0,0.0,0.0,0.0,0.009999999999999787,0.0899999999999892,0.4300000000000068,42.09999999999991,0.6500000000000057,0.36000000000001364,2.8600000000001273,6.039999999999964,3.35493e-15,0.0,0.0,0.0,0.0,0.0,0.0,1.81956e-16,0.0,0.0
open_2017_05_08_close_2017_05_08_flight_Fixed Wing_N550ND_before_0_189617,open_2017_05_08_close_2017_05_08_flight_Fixed Wing_N550ND_before_0_189617,98,490,519,5.39999999915608e-06,4.939999999464817e-05,3.0,0.0,0.0,4.34678e-15,90.83999999999999,0.08999999999999986,0.020000000000000018,1.81093e-19,0.05,0.09999999999999432,0.0,0.0,0.0,0.10000000000000009,0.0,0.0,0.0,0.07000000000000028,0.0799999999999983,0.5999999999999943,47.5,0.710000000000008,0.38999999999998636,1.300000000000182,4.1099999999999,3.35493e-15,0.0,0.0,0.0,0.0,0.0,0.0,1.81956e-16,0.0,0.5
open_2017_05_08_close_2017_05_08_flight_Fixed Wing_N550ND_before_0_189617,open_2017_05_08_close_2017_05_08_flight_Fixed Wing_N550ND_before_0_189617,99,495,524,5.39999999915608e-06,4.939999999464817e-05,3.0,0.0,0.0,4.34678e-15,12.75,0.41000000000000014,0.050000000000000044,1.81093e-19,1.0849799999999998e-20,0.0,0.0,0.8000000000000007,0.8000000000000007,13.7,0.6,0.0,0.0,0.43999999999999995,0.07000000000000739,8.300000000000004,426.9,0.7300000000000182,0.4600000000000364,60.430000000000064,38.600000000000136,3.35493e-15,0.0,0.0,0.0,0.0,0.0,0.0,1.81956e-16,0.0,0.5
open_2017_05_08_close_2017_05_08_flight_Fixed Wing_N550ND_before_0_189617,open_2017_05_08_close_2017_05_08_flight_Fixed Wing_N550ND_before_0_189617,100,500,529,5.39999999915608e-06,4.939999999464817e-05,1.0,0.0,0.0,4.34678e-15,33.779999999999994,0.0,0.030000000000000027,1.81093e-19,0.01,0.10000000000000853,0.0,0.0,0.0,0.2999999999999998,0.0,0.019999999999999574,0.0,0.08000000000000007,0.0799999999999983,1.0799999999999983,45.700000000000045,0.5500000000000114,0.37999999999999545,10.960000000000036,5.940000000000055,3.35493e-15,0.0,0.0,0.0,0.0,0.0,0.0,1.81956e-16,0.0,0.5
open_2017_05_08_close_2017_05_08_flight_Fixed Wing_N550ND_before_0_189617,open_2017_05_08_close_2017_05_08_flight_Fixed Wing_N550ND_before_0_189617,101,505,534,5.39999999915608e-06,4.939999999464817e-05,1.0,0.0,0.0,4.34678e-15,12.96,0.029999999999999805,0.020000000000000018,0.01,0.03,0.10000000000000853,0.0,0.0,0.0,0.20000000000000018,0.0,0.0,0.0,0.08999999999999986,0.07000000000000739,0.45000000000000284,24.899999999999864,0.5099999999999909,0.4300000000000068,8.299999999999955,7.720000000000027,3.35493e-15,0.0,0.0,0.0,0.0,0.0,0.0,1.81956e-16,0.0,0.0
open_2017_05_08_close_2017_05_08_flight_Fixed Wing_N550ND_before_0_189617,open_2017_05_08_close_2017_05_08_flight_Fixed Wing_N550ND_before_0_189617,102,510,539,5.39999999915608e-06,4.939999999464817e-05,2.0,0.0,0.0,4.34678e-15,40.39,0.009999999999999787,0.010000000000000009,0.0,0.03,0.0,0.0,0.0,0.10000000000000142,0.10000000000000009,0.0,0.019999999999999574,0.0,0.009999999999999787,0.0799999999999983,0.00999999999999801,2.5,0.4199999999999875,0.4199999999999591,1.3900000000001,5.910000000000082,3.35493e-15,0.0,0.0,0.0,0.0,0.0,0.0,1.81956e-16,0.0,0.5
open_2017_05_08_close_2017_05_08_flight_Fixed Wing_N550ND_before_0_189617,open_2017_05_08_close_2017_05_08_flight_Fixed Wing_N550ND_before_0_189617,103,515,544,6.100000000230921e-06,1.1299999997049781e-05,1.0,0.0,0.0,0.43000000000000016,6.449999999999996,0.010000000000000231,0.12,0.0,0.01,6.299999999999997,9.600000000000009,0.0,0.0,0.0,0.0,0.0,0.0,0.08000000000000007,0.09999999999999432,1.2600000000000051,77.70000000000005,0.4299999999999784,0.410000000000025,23.470000000000027,8.439999999999827,3.35493e-15,0.0,0.0,0.0,0.0,0.0,0.0,1.81956e-16,0.0,0.5
open_2017_05_08_close_2017_05_08_flight_Fixed Wing_N550ND_before_0_189617,open_2017_05_08_close_2017_05_08_flight_Fixed Wing_N550ND_before_0_189617,104,520,549,2.2000000043931323e-06,3.2000000089738023e-06,0.0,0.0,0.0,0.20999999999999996,4.16,0.07000000000000028,0.04999999999999999,0.01,0.02,1.2999999999999972,1.7000000000000028,0.0,0.0,0.10000000000000009,0.0,0.10999999999999943,0.0,0.029999999999999805,0.10000000000000853,0.03999999999999915,1.3999999999999773,0.3499999999999943,0.30000000000001137,9.779999999999973,7.9500000000000455,3.35493e-15,0.0,0.0,0.0,0.0,0.0,0.0,1.81956e-16,0.0,0.5
open_2017_05_08_close_2017_05_08_flight_Fixed Wing_N550ND_before_0_189617,open_2017_05_08_close_2017_05_08_flight_Fixed Wing_N550ND_before_0_189617,105,525,554,2.2000000043931323e-06,4.049999999722331e-05,0.0,0.0,0.0,0.1900000000000004,2.5100000000000016,0.16000000000000014,0.07999999999999999,0.019999999999999997,0.01,0.7999999999999972,1.0,0.0,0.0,0.10000000000000009,0.0,0.019999999999999574,0.0,0.0,0.09999999999999432,0.10999999999999943,1.7000000000000455,0.28000000000000114,0.3100000000000023,5.42999999999995,3.2000000000000455,3.35493e-15,0.0,0.0,0.0,0.0,0.0,0.0,1.81956e-16,0.0,0.0
open_2017_05_08_close_2017_05_08_flight_Fixed Wing_N550ND_before_0_189617,open_2017_05_08_close_2017_05_08_flight_Fixed Wing_N550ND_before_0_189617,106,530,559,2.2000000043931323e-06,1.6000000002236447e-05,0.0,0.0,0.0,0.1299999999999999,3.25,0.1599999999999997,0.14,0.01,0.04,0.29999999999999716,1.3999999999999915,0.0,0.0,0.0,0.0,0.0,0.0,0.039999999999999813,0.09999999999999432,0.01999999999999602,1.0,0.2599999999999909,0.25,0.7999999999999545,1.7899999999999636,3.35493e-15,0.0,0.0,0.0,0.0,0.0,0.0,1.81956e-16,0.0,0.0
open_2017_05_08_close_2017_05_08_flight_Fixed Wing_N550ND_before_0_189617,open_2017_05_08_close_2017_05_08_flight_Fixed Wing_N550ND_before_0_189617,107,535,564,2.2000000043931323e-06,2.200000000129876e-05,0.0,0.0,0.0,0.4500000000000002,2.71,1.3900000000000001,0.0,0.01,0.12,0.0,1.0,0.0,0.0,0.0,0.0,0.060000000000002274,0.0,0.010000000000000009,0.10000000000000853,0.030000000000001137,0.8999999999999773,0.21999999999999886,0.21000000000003638,3.2799999999999727,0.44000000000005457,3.35493e-15,0.0,0.0,0.0,0.0,0.0,0.0,0.0,0.0,0.0
open_2017_05_08_close_2017_05_08_flight_Fixed Wing_N550ND_before_0_189617,open_2017_05_08_close_2017_05_08_flight_Fixed Wing_N550ND_before_0_189617,108,540,569,2.2000000043931323e-06,6.609999999795946e-05,1.0,0.0,0.0,0.20000000000000018,31.8,0.10000000000000009,0.03,1.81093e-19,0.09000000000000001,0.29999999999999716,0.29999999999999716,0.0,0.0,0.0,0.0,0.020000000000003126,0.0,0.029999999999999805,0.09999999999999432,0.060000000000002274,4.7000000000000455,0.15000000000000568,0.19999999999998863,2.0,1.42999999999995,3.35493e-15,0.0,0.0,0.0,0.0,0.0,0.0,3.9,0.0,0.5
open_2017_05_08_close_2017_05_08_flight_Fixed Wing_N550ND_before_0_189617,open_2017_05_08_close_2017_05_08_flight_Fixed Wing_N550ND_before_0_189617,109,545,574,1.5999999973814738e-06,1.0299999999574538e-05,1.0,0.0,0.0,0.9300000000000006,6.97,0.16000000000000014,0.2,0.04,0.02,0.29999999999999716,0.20000000000000284,0.0,0.0,0.0,0.0,0.05000000000000071,0.0,0.009999999999999787,0.09999999999999432,0.13000000000000256,6.5,0.2599999999999909,0.3299999999999841,7.279999999999973,1.0799999999999272,3.35493e-15,0.0,0.0,0.0,0.0,0.0,0.0,1.81956e-16,0.0,0.5
open_2017_05_08_close_2017_05_08_flight_Fixed Wing_N550ND_before_0_189617,open_2017_05_08_close_2017_05_08_flight_Fixed Wing_N550ND_before_0_189617,110,550,579,2.2000000043931323e-06,2.4699999997324085e-05,1.0,0.0,0.0,0.9300000000000002,10.57,0.1299999999999999,0.05,1.81093e-19,0.03,0.0,0.09999999999999432,0.0,0.0,0.0,0.0,0.05999999999999872,0.0,0.029999999999999805,0.10000000000000853,0.10999999999999943,4.399999999999977,0.2400000000000091,0.30000000000001137,0.7199999999999136,1.3699999999998909,3.35493e-15,0.0,0.0,0.0,0.0,0.0,0.0,1.81956e-16,0.0,0.5
open_2017_05_08_close_2017_05_08_flight_Fixed Wing_N550ND_before_0_189617,open_2017_05_08_close_2017_05_08_flight_Fixed Wing_N550ND_before_0_189617,111,555,584,1.5999999973814738e-06,2.4699999997324085e-05,1.0,0.0,0.0,4.34678e-15,19.090000000000003,0.020000000000000018,0.020000000000000004,0.01,0.01,0.20000000000000284,0.0,0.0,0.0,0.10000000000000009,0.0,0.019999999999999574,0.0,0.020000000000000018,0.10000000000000853,0.21000000000000085,9.300000000000068,0.0800000000000125,0.13999999999998636,3.75,0.8400000000000318,3.35493e-15,0.0,0.0,0.0,0.0,0.0,0.0,1.81956e-16,0.0,0.0
open_2017_05_08_close_2017_05_08_flight_Fixed Wing_N550ND_before_0_189617,open_2017_05_08_close_2017_05_08_flight_Fixed Wing_N550ND_before_0_189617,112,560,589,2.2000000043931323e-06,2.4699999997324085e-05,0.0,0.0,0.0,4.34678e-15,22.73,0.029999999999999805,0.03,0.01,0.0,0.0,0.0,0.0,0.0,0.09999999999999964,0.0,0.08999999999999986,0.0,0.030000000000000027,0.09999999999999432,0.05999999999999517,3.5,0.04999999999998295,0.12000000000000455,6.319999999999936,1.099999999999909,3.35493e-15,0.0,0.0,0.0,0.0,0.0,0.0,1.81956e-16,0.0,0.0
open_2017_05_08_close_2017_05_08_flight_Fixed Wing_N550ND_before_0_189617,open_2017_05_08_close_2017_05_08_flight_Fixed Wing_N550ND_before_0_189617,113,565,594,2.2000000043931323e-06,2.4699999997324085e-05,1.0,0.0,0.0,4.34678e-15,24.53,0.009999999999999787,0.04,0.01,1.0849799999999998e-20,0.09999999999999432,0.0,0.0,0.0,0.0,0.0,0.019999999999999574,0.0,0.07999999999999985,0.09000000000000341,0.14000000000000057,5.600000000000023,0.09000000000000341,0.009999999999990905,2.8500000000000227,0.75,3.35493e-15,0.0,0.0,0.0,0.0,0.0,0.0,1.81956e-16,0.0,0.0
open_2017_05_08_close_2017_05_08_flight_Fixed Wing_N550ND_before_0_189617,open_2017_05_08_close_2017_05_08_flight_Fixed Wing_N550ND_before_0_189617,114,570,599,1.5999999973814738e-06,2.4699999997324085e-05,1.0,0.0,0.0,4.34678e-15,35.68,0.0,0.01,0.01,0.01,0.10000000000000853,0.0,0.10000000000000142,0.0,0.10000000000000009,0.0,0.07000000000000028,0.0,0.010000000000000009,0.09000000000000341,0.17999999999999972,3.300000000000068,0.01999999999998181,0.08999999999997499,5.480000000000018,0.3300000000000409,3.35493e-15,0.0,0.0,0.0,0.0,0.0,0.0,1.81956e-16,0.0,0.5
open_2017_05_08_close_2017_05_08_flight_Fixed Wing_N550ND_before_0_189617,open_2017_05_08_close_2017_05_08_flight_Fixed Wing_N550ND_before_0_189617,115,575,604,2.2000000043931323e-06,2.4699999997324085e-05,1.0,0.0,0.0,4.34678e-15,9.31,0.0,0.010000000000000002,1.81093e-19,0.02,0.09999999999999432,0.0,0.10000000000000142,0.0,0.09999999999999964,0.0,0.0,0.0,0.010000000000000009,0.09000000000000341,0.3299999999999983,12.599999999999909,0.10999999999998522,0.19999999999998863,2.580000000000041,0.2799999999999727,3.35493e-15,0.0,0.0,0.0,0.0,0.0,0.0,1.81956e-16,0.0,0.5
open_2017_05_08_close_2017_05_08_flight_Fixed Wing_N550ND_before_0_189617,open_2017_05_08_close_2017_05_08_flight_Fixed Wing_N550ND_before_0_189617,116,580,609,2.2000000043931323e-06,2.4699999997324085e-05,1.0,0.0,0.0,4.34678e-15,11.88,0.009999999999999787,0.010000000000000009,0.0,0.0,0.0,0.0,0.10000000000000142,0.0,0.0,0.0,0.019999999999999574,0.0,0.0,0.0899999999999892,0.030000000000001137,3.2999999999999545,0.020000000000010232,0.11000000000001364,3.980000000000018,0.5799999999999272,3.35493e-15,0.0,0.0,0.0,0.0,0.0,0.0,0.0,0.0,0.0
open_2017_05_08_close_2017_05_08_flight_Fixed Wing_N550ND_before_0_189617,open_2017_05_08_close_2017_05_08_flight_Fixed Wing_N550ND_before_0_189617,117,585,614,2.2000000043931323e-06,3.23000000008733e-05,1.0,0.0,0.0,4.34678e-15,9.990000000000002,0.10000000000000009,0.009999999999999995,0.0,0.03,0.09999999999999432,0.0,0.10000000000000142,0.0,0.2999999999999998,0.0,0.0,0.0,0.010000000000000009,0.09000000000000341,0.05000000000000426,1.0,0.0,0.040000000000020464,3.490000000000009,0.9400000000000546,3.35493e-15,0.0,0.0,0.0,0.0,0.0,0.0,3.9,0.0,0.0
open_2017_05_08_close_2017_05_08_flight_Fixed Wing_N550ND_before_0_189617,open_2017_05_08_close_2017_05_08_flight_Fixed Wing_N550ND_before_0_189617,118,590,619,2.2000000043931323e-06,2.9499999996573933e-05,0.0,0.0,0.0,0.3699999999999999,28.419999999999998,0.20000000000000018,0.009999999999999998,0.02,0.04,0.5,0.0,0.0,0.0,0.10000000000000009,0.0,0.05000000000000071,0.0,0.020000000000000018,0.09000000000000341,0.030000000000001137,6.7000000000000455,0.0,0.009999999999990905,22.699999999999932,9.720000000000027,3.35493e-15,0.0,0.0,0.0,0.0,0.0,0.0,1.81956e-16,0.0,0.0
open_2017_05_08_close_2017_05_08_flight_Fixed Wing_N550ND_before_0_189617,open_2017_05_08_close_2017_05_08_flight_Fixed Wing_N550ND_before_0_189617,119,595,624,6.100000000230921e-06,7.730000000094606e-05,0.0,0.0,0.0,0.5300000000000002,9.74,0.050000000000000266,0.020000000000000004,0.01,0.03,1.9000000000000057,0.9000000000000057,0.0,0.0,0.0,0.0,0.0,0.0,0.029999999999999805,0.09000000000000341,0.030000000000001137,1.599999999999909,0.0,0.07000000000005002,9.910000000000082,11.220000000000027,3.35493e-15,0.0,0.0,0.0,0.0,0.0,0.0,1.81956e-16,0.0,0.0
open_2017_05_08_close_2017_05_08_flight_Fixed Wing_N550ND_before_0_189617,open_2017_05_08_close_2017_05_08_flight_Fixed Wing_N550ND_before_0_189617,120,600,629,2.2000000043931323e-06,6.799999999884676e-05,1.0,0.0,0.0,0.5600000000000005,8.57,0.1200000000000001,0.04999999999999999,0.0,0.03,0.7000000000000028,1.2000000000000028,0.09999999999999787,0.0,0.0,0.0,0.07000000000000028,0.0,0.040000000000000036,0.0899999999999892,0.12000000000000455,6.5,0.060000000000002274,0.09000000000003183,3.2200000000000273,7.240000000000009,3.35493e-15,0.0,0.0,0.0,0.0,0.0,0.0,0.0,0.0,0.5
open_2017_05_08_close_2017_05_08_flight_Fixed Wing_N550ND_before_0_189617,open_2017_05_08_close_2017_05_08_flight_Fixed Wing_N550ND_before_0_189617,121,605,634,1.750000000555474e-05,0.00011899999999798183,1.0,0.0,0.0,0.7900000000000009,0.5800000000000001,1.13,0.36,0.030000000000000006,0.07,14.099999999999994,10.299999999999997,0.09999999999999787,0.0,0.0,0.0,0.08999999999999986,0.0,0.020000000000000018,0.15000000000000568,0.060000000000002274,0.09999999999990905,0.18000000000000682,0.160000000000025,6.240000000000009,6.819999999999936,3.35493e-15,0.0,0.0,0.0,0.0,0.0,0.0,0.0,0.0,0.5
open_2017_05_08_close_2017_05_08_flight_Fixed Wing_N550ND_before_0_189617,open_2017_05_08_close_2017_05_08_flight_Fixed Wing_N550ND_before_0_189617,122,610,639,7.769999999851507e-05,5.550000000198452e-05,1.0,0.0,0.0,0.33000000000000007,10.7,0.029999999999999805,0.38000000000000006,0.009999999999999995,0.049999999999999996,12.200000000000017,12.800000000000011,0.0,0.0,0.10000000000000009,0.0,0.5199999999999996,0.0,0.009999999999999787,0.07000000000000739,0.01999999999999602,0.20000000000004547,0.09000000000000341,0.11000000000001364,1.2000000000000455,2.0399999999999636,3.35493e-15,0.0,0.0,0.0,0.0,0.0,0.0,3.9000000000000004,0.0,0.0
open_2017_05_08_close_2017_05_08_flight_Fixed Wing_N550ND_before_0_189617,open_2017_05_08_close_2017_05_08_flight_Fixed Wing_N550ND_before_0_189617,123,615,644,7.82999999984213e-05,2.920000000017353e-05,2.0,0.0,0.0,3.4200000000000017,45.94,0.1200000000000001,0.019999999999999907,0.11,0.030000000000000002,1.0,1.0999999999999943,0.0,0.0,0.0,0.0,0.04999999999999716,0.0,0.11000000000000121,0.09999999999999432,0.07000000000000739,48.09999999999991,0.18000000000000682,0.11000000000001364,18.909999999999854,18.299999999999955,1.0,0.0,0.0,0.0,0.0,0.0,0.0,0.0,0.0,0.0
open_2017_05_08_close_2017_05_08_flight_Fixed Wing_N550ND_before_0_189617,open_2017_05_08_close_2017_05_08_flight_Fixed Wing_N550ND_before_0_189617,124,620,649,0.00019540000000262125,2.159999999662432e-05,1.0,0.0,0.0,3.710000000000001,0.980000000000004,0.06999999999999984,0.53,0.019999999999999997,0.06,0.5,0.0,0.0,0.09999999999999787,0.0,0.0,0.9200000000000017,0.0,0.05999999999999872,0.10000000000000853,0.9399999999999977,9.900000000000091,0.5300000000000011,0.19999999999998863,7.369999999999891,7.259999999999991,1.0,0.0,0.0,0.0,0.0,0.0,0.0,7.9,0.0,0.5
open_2017_05_08_close_2017_05_08_flight_Fixed Wing_N550ND_before_0_189617,open_2017_05_08_close_2017_05_08_flight_Fixed Wing_N550ND_before_0_189617,125,625,654,0.0002520999999973128,2.920000000017353e-05,3.0,0.0,0.0,2.4499999999999957,13.909999999999997,4.38,0.2799999999999998,0.11,0.019999999999999997,1.5999999999999943,0.4000000000000057,0.0,0.0,0.10000000000000009,0.0,0.14999999999999858,0.0,0.02000000000000135,0.0799999999999983,0.6600000000000108,3.0,0.8199999999999932,0.339999999999975,5.0499999999999545,4.1599999999998545,2.0,0.0,0.0,0.0,0.0,0.0,0.0,11.8,0.0,0.0
open_2017_05_08_close_2017_05_08_flight_Fixed Wing_N550ND_before_0_189617,open_2017_05_08_close_2017_05_08_flight_Fixed Wing_N550ND_before_0_189617,126,630,659,0.00021859999999662705,4.70000000092341e-05,5.0,0.0,0.0,0.6799999999999997,16.730000000000018,0.07000000000000028,1.0299999999999998,0.0,0.06,0.799999999999983,0.0,0.10000000000000142,0.0,0.10000000000000009,0.0,0.03999999999999915,0.0,0.03999999999999915,0.07000000000000739,1.0500000000000114,4.099999999999909,1.0,0.4600000000000364,3.6900000000000546,3.4600000000000364,1.0,0.0,0.0,0.0,0.0,0.0,0.0,23.600000000000023,0.0,0.0
open_2017_05_08_close_2017_05_08_flight_Fixed Wing_N550ND_before_0_189617,open_2017_05_08_close_2017_05_08_flight_Fixed Wing_N550ND_before_0_189617,127,635,664,0.0002460999999982505,5.3899999997497616e-05,8.0,0.0,0.0,0.5100000000000051,43.829999999999984,0.33999999999999986,0.45999999999999996,0.04,0.019999999999999997,1.1999999999999886,0.6000000000000227,0.0,0.09999999999999787,0.10000000000000009,0.0,0.07000000000000028,0.0,0.0600000000000005,0.07000000000000739,0.15000000000000568,2.799999999999727,1.039999999999992,0.5600000000000023,1.9800000000000182,1.9099999999998545,2.0,0.0,0.0,0.0,0.0,0.0,0.0,15.699999999999989,0.0,0.0
open_2017_05_08_close_2017_05_08_flight_Fixed Wing_N550ND_before_0_189617,open_2017_05_08_close_2017_05_08_flight_Fixed Wing_N550ND_before_0_189617,128,640,669,0.0002690000000029613,1.6400000006910886e-05,1.0,0.0,0.0,1.5,143.42999999999995,0.9000000000000004,0.33,0.020000000000000004,0.1,0.39999999999997726,0.5,0.0,0.0,0.0,0.0,0.0,0.0,0.02999999999999936,0.060000000000002274,0.8900000000000006,5.0,1.1300000000000523,0.6200000000000045,1.949999999999818,2.3500000000001364,0.0,0.0,0.0,0.0,0.0,0.0,0.0,66.9,0.0,0.5
open_2017_05_08_close_2017_05_08_flight_Fixed Wing_N550ND_before_0_189617,open_2017_05_08_close_2017_05_08_flight_Fixed Wing_N550ND_before_0_189617,129,645,674,0.00033299999999769625,4.38000000002603e-05,9.0,0.0,0.0,0.3499999999999943,100.39000000000004,1.08,1.1999999999999993,0.020000000000000004,0.15,1.6999999999999886,0.9000000000000057,0.0,0.0,0.0,0.0,0.0,0.0,0.08999999999999986,0.07000000000000739,0.20999999999999375,5.700000000000273,1.2699999999999818,0.7699999999999818,2.1000000000001364,1.2000000000000455,1.0,0.0,0.0,0.0,0.0,0.0,0.0,31.5,0.0,0.5
open_2017_05_08_close_2017_05_08_flight_Fixed Wing_N550ND_before_0_189617,open_2017_05_08_close_2017_05_08_flight_Fixed Wing_N550ND_before_0_189617,130,650,679,0.0003428000000056386,4.799999999249849e-06,11.0,0.0,0.0,0.3499999999999943,103.38999999999993,0.0600000000000005,0.6099999999999999,0.0,0.16,0.8000000000000114,0.6999999999999886,0.0,0.0,0.0,0.0,0.0,0.0,0.05000000000000071,0.0799999999999983,0.060000000000002274,9.0,1.25,0.7999999999999545,1.5499999999999545,0.6099999999999,2.0,0.0,0.0,0.0,0.0,0.0,0.0,86.60000000000002,0.0,0.0
open_2017_05_08_close_2017_05_08_flight_Fixed Wing_N550ND_before_0_189617,open_2017_05_08_close_2017_05_08_flight_Fixed Wing_N550ND_before_0_189617,131,655,684,0.00033410000000344553,4.2100000001710214e-05,11.0,0.0,0.0,0.0,10.509999999999991,0.6999999999999993,1.2299999999999995,0.03,0.049999999999999996,1.5999999999999943,1.5,0.0,0.0,0.0,0.0,0.0,0.0,0.040000000000000924,0.0899999999999892,0.03999999999999204,0.40000000000009095,1.1999999999999886,0.8300000000000409,0.599999999999909,0.4600000000000364,1.0,0.0,0.0,0.0,0.0,0.0,0.0,11.799999999999955,0.0,0.0
open_2017_05_08_close_2017_05_08_flight_Fixed Wing_N550ND_before_0_189617,open_2017_05_08_close_2017_05_08_flight_Fixed Wing_N550ND_before_0_189617,132,660,689,0.0003658999999984758,2.689999999461179e-05,15.0,0.0,0.0,0.4899999999999949,88.09000000000003,1.209999999999999,0.9600000000000001,0.04,0.38,0.9000000000000057,0.799999999999983,0.0,0.0,0.09999999999999964,0.0,0.0,0.0,0.0600000000000005,0.12000000000000455,0.10999999999999943,5.599999999999909,1.329999999999984,0.8100000000000023,0.5299999999999727,1.4099999999998545,0.0,0.0,0.0,0.0,0.0,0.0,0.0,141.70000000000005,0.0,0.0
open_2017_05_08_close_2017_05_08_flight_Fixed Wing_N550ND_before_0_189617,open_2017_05_08_close_2017_05_08_flight_Fixed Wing_N550ND_before_0_189617,133,665,694,0.00033810000000045193,5.659999999352294e-05,14.0,0.0,0.0,0.27000000000001023,58.75,0.030000000000001137,2.54,0.04,0.0,1.299999999999983,1.1000000000000227,0.0,0.0,0.09999999999999964,0.0,0.0,0.0,0.13000000000000078,0.14000000000000057,0.01999999999999602,3.599999999999909,1.170000000000016,0.7199999999999704,0.7200000000000273,0.7300000000000182,2.0,0.0,0.0,0.0,0.0,0.0,0.0,7.899999999999977,0.0,0.0
open_2017_05_08_close_2017_05_08_flight_Fixed Wing_N550ND_before_0_189617,open_2017_05_08_close_2017_05_08_flight_Fixed Wing_N550ND_before_0_189617,134,670,699,0.0003470999999990454,9.310000000084528e-05,15.0,0.0,0.0,0.4099999999999966,93.06999999999994,0.6599999999999984,6.71,0.020000000000000004,0.010000000000000009,0.19999999999998863,1.299999999999983,0.0,0.0,0.0,0.0,0.0,0.0,0.040000000000000924,0.1700000000000017,0.03999999999999204,9.099999999999909,1.150000000000034,0.6299999999999955,0.3500000000001364,0.10999999999989996,1.0,0.0,0.0,0.0,0.0,0.0,0.0,90.5,0.0,0.0
open_2017_05_08_close_2017_05_08_flight_Fixed Wing_N550ND_before_0_189617,open_2017_05_08_close_2017_05_08_flight_Fixed Wing_N550ND_before_0_189617,135,675,704,0.00037139999999880047,1.6199999990362812e-05,10.0,0.0,0.0,0.10000000000000853,98.43999999999994,0.34999999999999964,0.08000000000000007,0.060000000000000005,0.03,3.299999999999983,1.3000000000000114,0.0,0.0,0.0,0.0,0.0,0.0,0.02999999999999936,0.21999999999999886,0.009999999999990905,2.900000000000091,1.2600000000000477,0.7799999999999727,0.7000000000000455,0.1899999999998272,1.0,0.0,0.0,0.0,0.0,0.0,0.0,31.5,0.0,0.0
open_2017_05_08_close_2017_05_08_flight_Fixed Wing_N550ND_before_0_189617,open_2017_05_08_close_2017_05_08_flight_Fixed Wing_N550ND_before_0_189617,136,680,709,0.0002993999999958419,1.4300000003686364e-05,12.0,0.0,0.0,0.03999999999999204,59.51999999999998,0.5500000000000007,5.8,0.03,0.04,1.5999999999999943,0.6999999999999886,0.0,0.0,0.0,0.0,0.0,0.0,0.03999999999999915,0.22999999999998977,0.28000000000000114,3.400000000000091,1.0699999999999932,0.6200000000000045,0.36999999999989086,0.5700000000001637,0.0,0.0,0.0,0.0,0.0,0.0,0.0,11.799999999999955,0.0,0.5
open_2017_05_08_close_2017_05_08_flight_Fixed Wing_N550ND_before_0_189617,open_2017_05_08_close_2017_05_08_flight_Fixed Wing_N550ND_before_0_189617,137,685,714,0.00031219999999620995,0.00024080000000026303,19.0,0.0,0.0,0.7700000000000102,117.56999999999994,0.7800000000000011,1.2100000000000009,0.009999999999999995,0.15,5.900000000000006,6.199999999999989,0.0,0.0,0.0,0.0,0.0,0.0,0.019999999999999574,0.25,0.060000000000002274,6.199999999999818,1.0200000000000387,0.5499999999999545,0.32999999999992724,0.14000000000010004,0.0,0.0,0.0,0.0,0.0,0.0,0.0,70.89999999999998,0.0,0.5
open_2017_05_08_close_2017_05_08_flight_Fixed Wing_N550ND_before_0_189617,open_2017_05_08_close_2017_05_08_flight_Fixed Wing_N550ND_before_0_189617,138,690,719,0.0002694000000005303,0.0004574000000019396,10.0,0.0,0.0,1.6099999999999994,96.19000000000005,0.3800000000000008,3.210000000000001,0.020000000000000004,0.0,5.900000000000006,4.999999999999986,0.0,0.0,0.0,0.0,0.0,0.0,0.25,0.25,0.04999999999999716,3.100000000000364,1.0,0.5800000000000409,1.1600000000000819,0.44000000000005457,3.0,0.0,0.0,0.0,0.0,0.0,0.0,51.19999999999993,0.0,1.0
open_2017_05_08_close_2017_05_08_flight_Fixed Wing_N550ND_before_0_189617,open_2017_05_08_close_2017_05_08_flight_Fixed Wing_N550ND_before_0_189617,139,695,724,0.00015740000000619148,0.0006124000000085061,9.0,0.0,0.0,0.7800000000000011,3.2099999999999227,0.40000000000000036,0.16000000000000014,0.030000000000000006,0.0,6.299999999999997,3.299999999999997,0.0,0.0,0.09999999999999964,0.0,0.0,0.0,0.0600000000000005,0.23999999999999488,0.060000000000002274,8.700000000000273,0.9199999999999591,0.5999999999999659,0.20000000000004547,0.16000000000008185,1.0,0.0,0.0,0.0,0.0,0.0,0.0,78.70000000000005,0.0,0.0
open_2017_05_08_close_2017_05_08_flight_Fixed Wing_N550ND_before_0_189617,open_2017_05_08_close_2017_05_08_flight_Fixed Wing_N550ND_before_0_189617,140,700,729,6.479999999697839e-05,0.0006565000000051668,3.0,0.0,0.0,0.7999999999999972,160.91,0.009999999999999787,5.870000000000001,0.010000000000000002,0.1,3.8999999999999915,2.700000000000003,0.0,0.0,0.09999999999999964,0.0,0.0,0.0,0.05000000000000071,0.23000000000000398,0.01999999999999602,7.0,0.9200000000000159,0.6399999999999864,0.25,0.6099999999999,0.0,0.0,0.0,0.0,0.0,0.0,0.0,11.799999999999997,0.0,0.5
open_2017_05_08_close_2017_05_08_flight_Fixed Wing_N550ND_before_0_189617,open_2017_05_08_close_2017_05_08_flight_Fixed Wing_N550ND_before_0_189617,141,705,734,0.00014799999999581814,0.0005262999999899876,5.0,0.0,0.0,1.8699999999999903,32.76000000000005,1.0,1.9299999999999997,0.020000000000000004,0.07,7.799999999999997,6.5,0.0,0.0,0.09999999999999964,0.0,0.0,0.0,0.09999999999999964,0.21999999999999886,0.030000000000001137,1.099999999999909,0.9099999999999682,0.5400000000000205,0.7400000000000091,0.5900000000001455,0.0,0.0,0.0,0.0,0.0,0.0,0.0,47.299999999999955,0.0,0.0
open_2017_05_08_close_2017_05_08_flight_Fixed Wing_N550ND_before_0_189617,open_2017_05_08_close_2017_05_08_flight_Fixed Wing_N550ND_before_0_189617,142,710,739,0.0002953999999988355,0.0002862000000050102,9.0,0.0,0.0,2.200000000000003,57.860000000000014,0.9500000000000002,6.469999999999999,0.0,0.07999999999999999,6.2,6.600000000000001,0.0,0.0,0.09999999999999964,0.0,0.0,0.0,0.040000000000000924,0.23999999999999488,0.2600000000000051,4.200000000000273,0.9799999999999613,0.7300000000000182,0.38999999999987267,1.3399999999999181,1.0,0.0,0.0,0.0,0.0,0.0,0.0,78.69999999999999,0.0,0.5
open_2017_05_08_close_2017_05_08_flight_Fixed Wing_N550ND_before_0_189617,open_2017_05_08_close_2017_05_08_flight_Fixed Wing_N550ND_before_0_189617,143,715,744,0.0006103999999993448,0.0002993000000088841,5.0,0.0,0.0,2.3899999999999864,305.0,0.6199999999999997,2.11,0.05,0.16999999999999998,0.0999999999999659,2.8000000000000007,0.0,0.0,0.10000000000000009,0.0,0.0,0.0,0.3899999999999988,0.46000000000000796,0.0,11.5,1.5699999999999932,1.1299999999999955,2.050000000000182,1.259999999999991,3.0,0.0,0.0,0.0,0.0,0.0,0.0,295.3,0.0,0.5
open_2017_05_08_close_2017_05_08_flight_Fixed Wing_N550ND_before_0_189617,open_2017_05_08_close_2017_05_08_flight_Fixed Wing_N550ND_before_0_189617,144,720,749,0.00041089999999854854,9.35999999995829e-05,3.0,0.0,0.1999999999999993,0.5999999999999943,117.99000000000001,0.040000000000000036,1.11,0.020000000000000004,0.03,0.5,1.299999999999999,0.09999999999999787,0.10000000000000142,0.0,0.0,0.0,0.0,0.21000000000000085,0.269999999999996,0.0799999999999983,1.800000000000182,0.7900000000000205,0.5500000000000114,4.5,5.5900000000001455,2.0,0.0,0.0,0.0,0.0,0.0,0.0,70.9,0.0,0.5
open_2017_05_08_close_2017_05_08_flight_Fixed Wing_N550ND_before_0_189617,open_2017_05_08_close_2017_05_08_flight_Fixed Wing_N550ND_before_0_189617,145,725,754,0.0004563999999973589,2.0800000001486296e-05,0.0,0.0,0.0,0.4900000000000091,35.599999999999994,0.25,0.48999999999999844,0.06999999999999999,0.020000000000000004,3.6999999999999886,2.3,0.0,0.0,0.0,0.0,0.0,0.0,0.8100000000000005,0.269999999999996,0.3499999999999943,23.299999999999727,0.8600000000000136,0.6499999999999773,0.18000000000006366,3.269999999999982,1.0,0.0,0.0,0.0,0.0,0.0,0.0,74.80000000000001,0.0,0.0
open_2017_05_08_close_2017_05_08_flight_Fixed Wing_N550ND_before_0_189617,open_2017_05_08_close_2017_05_08_flight_Fixed Wing_N550ND_before_0_189617,146,730,759,0.00033840000000395776,1.7299999996112092e-05,5.0,0.0,0.0,0.3100000000000023,100.08,0.14000000000000012,1.0499999999999998,0.0,0.030000000000000002,0.6999999999999886,1.0,0.0,0.0,0.09999999999999964,0.0,0.14999999999999858,0.0,0.1200000000000001,0.20999999999999375,0.14000000000000057,4.300000000000182,0.5299999999999727,0.45999999999997954,5.029999999999973,0.3000000000001819,2.0,0.0,0.0,0.0,0.0,0.0,0.0,27.6,0.0,0.0
open_2017_05_08_close_2017_05_08_flight_Fixed Wing_N550ND_before_0_189617,open_2017_05_08_close_2017_05_08_flight_Fixed Wing_N550ND_before_0_189617,147,735,764,0.000309000000001447,2.250000000003638e-05,7.0,0.0,0.0,0.0800000000000125,77.52,0.040000000000000036,4.390000000000001,0.02,0.009999999999999995,0.0,0.10000000000002274,0.0,0.0,0.0,0.0,0.07000000000000028,0.0,0.05999999999999961,0.20000000000000284,0.18999999999999773,7.0,0.39999999999997726,0.3299999999999841,1.4600000000000364,0.11999999999989086,2.0,0.0,0.0,0.0,0.0,0.0,0.0,78.70000000000002,0.0,0.0
open_2017_05_08_close_2017_05_08_flight_Fixed Wing_N550ND_before_0_189617,open_2017_05_08_close_2017_05_08_flight_Fixed Wing_N550ND_before_0_189617,148,740,769,0.0003476999999989516,1.2399999988588206e-05,1.0,0.0,0.0,0.0799999999999983,140.37,0.41000000000000014,1.14,0.02,0.14,0.8999999999999773,0.5,0.0,0.09999999999999787,0.09999999999999964,0.0,0.15000000000000213,0.0,0.08000000000000007,0.1799999999999926,0.28000000000000114,6.099999999999909,0.29000000000002046,0.2400000000000091,1.1700000000000728,0.599999999999909,2.0,0.0,0.0,0.0,0.0,0.0,0.0,39.400000000000006,0.0,0.5
open_2017_05_08_close_2017_05_08_flight_Fixed Wing_N550ND_before_0_189617,open_2017_05_08_close_2017_05_08_flight_Fixed Wing_N550ND_before_0_189617,149,745,774,0.0003482000000047947,1.7599999992512494e-05,4.0,0.0,0.0,0.18000000000000682,116.92,0.2200000000000002,1.17,0.02,1.0849799999999998e-20,0.0999999999999659,0.19999999999998863,0.0,0.0,0.20000000000000018,0.0,0.030000000000001137,0.0,0.08000000000000007,0.20999999999999375,0.06999999999999318,5.0,0.040000000000020464,0.029999999999972715,1.0799999999999272,0.16000000000008185,1.0,0.0,0.0,0.0,0.0,0.0,0.0,19.700000000000003,0.0,0.0
open_2017_05_08_close_2017_05_08_flight_Fixed Wing_N550ND_before_0_189617,open_2017_05_08_close_2017_05_08_flight_Fixed Wing_N550ND_before_0_189617,150,750,779,0.0003983000000005177,9.230000000570726e-05,1.0,0.0,0.0,0.01999999999999602,3.469999999999999,0.2999999999999998,1.4499999999999997,0.02,0.04,0.8000000000000114,0.0,0.0,0.0,0.09999999999999964,0.0,0.030000000000001137,0.0,0.009999999999999787,0.18999999999999773,0.060000000000002274,2.199999999999818,0.0,0.06999999999999318,0.5199999999999818,0.40000000000009095,1.0,0.0,0.0,0.0,0.0,0.0,0.0,19.700000000000003,0.0,0.0
open_2017_05_08_close_2017_05_08_flight_Fixed Wing_N550ND_before_0_189617,open_2017_05_08_close_2017_05_08_flight_Fixed Wing_N550ND_before_0_189617,151,755,784,0.00032939999999825886,7.449999999664669e-05,6.0,0.0,0.0,0.0799999999999983,99.69999999999999,0.14000000000000012,0.9599999999999999,0.0,0.07,0.19999999999998863,0.0999999999999659,0.0,0.0,0.0,0.1,0.019999999999999574,0.0,0.02999999999999936,0.18999999999999773,0.14000000000000057,3.0,0.05000000000001137,0.11000000000001364,0.40000000000009095,0.2800000000002001,1.0,0.0,0.0,0.0,0.0,0.0,0.0,39.39999999999999,0.0,0.0
open_2017_05_08_close_2017_05_08_flight_Fixed Wing_N550ND_before_0_189617,open_2017_05_08_close_2017_05_08_flight_Fixed Wing_N550ND_before_0_189617,152,760,789,0.0003489999999999327,6.449999999347256e-05,4.0,0.0,0.0,0.5799999999999983,27.89,0.41999999999999993,1.31,0.03,0.09999999999999999,0.20000000000004547,0.10000000000002274,0.0,0.0,0.0,0.0,0.019999999999999574,0.0,0.040000000000000036,0.18999999999999773,0.10000000000000853,5.300000000000182,0.2599999999999909,0.2599999999999909,0.4800000000000182,0.5399999999999636,0.0,0.0,0.0,0.0,0.0,0.0,0.0,62.900000000000006,0.0,0.5
open_2017_05_08_close_2017_05_08_flight_Fixed Wing_N550ND_before_0_189617,open_2017_05_08_close_2017_05_08_flight_Fixed Wing_N550ND_before_0_189617,153,765,794,0.00031140000000107193,1.429999998947551e-05,2.0,0.0,0.0,0.22999999999998977,92.31,0.6299999999999994,0.3599999999999999,0.060000000000000005,0.13,1.5,0.7999999999999545,0.0,0.0,0.19999999999999973,0.1,0.0,0.0,0.020000000000000462,0.18000000000000682,0.0800000000000125,10.800000000000182,0.18999999999999773,0.2899999999999636,0.010000000000218279,0.5600000000001728,2.0,0.0,0.0,0.0,0.0,0.0,0.0,70.9,0.0,0.5
open_2017_05_08_close_2017_05_08_flight_Fixed Wing_N550ND_before_0_189617,open_2017_05_08_close_2017_05_08_flight_Fixed Wing_N550ND_before_0_189617,154,770,799,0.0003433000000043762,1.539999999522479e-05,4.0,0.0,0.0,0.45999999999999375,113.17,0.44999999999999996,0.6099999999999999,0.030000000000000002,0.0,0.0,0.4000000000000341,0.0,0.0,0.0,0.0,0.10999999999999943,0.0,0.040000000000000036,0.19999999999998863,0.01999999999999602,2.200000000000273,0.2300000000000182,0.29000000000002046,0.849999999999909,0.01999999999998181,0.0,0.0,0.0,0.0,0.0,0.0,0.0,59.099999999999994,0.0,0.0
open_2017_05_08_close_2017_05_08_flight_Fixed Wing_N550ND_before_0_189617,open_2017_05_08_close_2017_05_08_flight_Fixed Wing_N550ND_before_0_189617,155,775,804,0.00035520000000133223,6.999999996537554e-06,8.0,0.0,0.0,0.5,105.77000000000004,0.45,0.6200000000000001,0.08,0.22,0.5,0.19999999999998863,0.0,0.0,0.0,0.0,0.019999999999999574,0.0,0.6400000000000001,0.1799999999999784,1.1000000000000085,101.90000000000009,0.15999999999996817,0.21999999999997044,3.519999999999982,0.8099999999999454,1.0,0.0,0.0,0.0,0.0,0.0,0.0,70.80000000000001,0.0,0.5
open_2017_05_08_close_2017_05_08_flight_Fixed Wing_N550ND_before_0_189617,open_2017_05_08_close_2017_05_08_flight_Fixed Wing_N550ND_before_0_189617,156,780,809,0.00041680000000354767,3.2000000004472895e-05,23.0,0.0,0.0,0.4200000000000017,252.60000000000002,0.4700000000000002,0.8500000000000001,0.02,0.020000000000000004,1.3999999999999773,0.8000000000000114,0.09999999999999787,0.0,0.10000000000000009,0.0,0.060000000000002274,0.0,0.010000000000000231,0.1599999999999966,0.04000000000000625,2.300000000000182,0.36000000000001364,0.2599999999999909,5.420000000000073,12.710000000000036,0.0,0.0,0.0,0.0,0.0,0.0,0.0,169.29999999999995,0.0,0.0
open_2017_05_08_close_2017_05_08_flight_Fixed Wing_N550ND_before_0_189617,open_2017_05_08_close_2017_05_08_flight_Fixed Wing_N550ND_before_0_189617,157,785,814,0.0004064999999968677,3.669999999544871e-05,11.0,0.0,0.0,0.46999999999999886,31.909999999999968,0.8900000000000001,0.69,0.01,0.16,0.0,0.19999999999998863,0.0,0.0,0.0,0.0,0.19000000000000128,0.0,0.0,0.19999999999998863,0.0799999999999983,3.1000000000001364,0.6700000000000159,0.45999999999997954,3.730000000000018,5.720000000000027,0.0,0.0,0.0,0.0,0.0,0.0,0.0,23.600000000000023,0.0,0.5
open_2017_05_08_close_2017_05_08_flight_Fixed Wing_N550ND_before_0_189617,open_2017_05_08_close_2017_05_08_flight_Fixed Wing_N550ND_before_0_189617,158,790,819,0.00038409999999799993,5.110000000740911e-05,7.0,0.0,0.0,0.6200000000000045,4.4599999999999795,0.46,0.5100000000000002,0.1,0.07,1.6000000000000227,0.0,0.0,0.0,0.09999999999999964,0.1,0.030000000000001137,0.0,0.07000000000000028,0.2300000000000182,0.20000000000000284,18.399999999999864,0.7899999999999636,0.4800000000000182,4.0499999999999545,4.729999999999791,2.0,0.0,0.0,0.0,0.0,0.0,0.0,59.099999999999966,0.0,0.5
open_2017_05_08_close_2017_05_08_flight_Fixed Wing_N550ND_before_0_189617,open_2017_05_08_close_2017_05_08_flight_Fixed Wing_N550ND_before_0_189617,159,795,824,0.0003243999999966718,0.0001401999999899317,6.0,0.0,0.1999999999999993,2.6300000000000097,45.579999999999984,0.06000000000000005,3.5700000000000003,0.02,0.020000000000000004,6.699999999999989,5.400000000000034,0.0,0.0,0.09999999999999964,0.0,0.0,0.0,0.0,0.21000000000000796,0.3100000000000023,9.599999999999909,0.8000000000000114,0.589999999999975,4.2800000000002,2.5499999999999545,3.0,0.0,0.0,0.0,0.0,0.0,0.0,70.80000000000001,0.0,0.0
open_2017_05_08_close_2017_05_08_flight_Fixed Wing_N550ND_before_0_189617,open_2017_05_08_close_2017_05_08_flight_Fixed Wing_N550ND_before_0_189617,160,800,829,0.0001810999999989349,0.0003829999999993561,7.0,0.0,0.0,0.8599999999999994,68.25,0.41000000000000014,0.05000000000000071,0.03,0.09,6.699999999999989,7.199999999999989,0.0,0.0,0.09999999999999964,0.0,0.0799999999999983,0.0,0.020000000000000018,0.18999999999999773,0.09999999999999432,6.0,0.7400000000000091,0.5500000000000114,3.490000000000009,2.4200000000000728,0.0,0.0,0.0,0.0,0.0,0.0,0.0,173.2,0.0,0.5
open_2017_05_08_close_2017_05_08_flight_Fixed Wing_N550ND_before_0_189617,open_2017_05_08_close_2017_05_08_flight_Fixed Wing_N550ND_before_0_189617,161,805,834,0.00010069999999728907,0.00037509999999940646,16.0,0.0,0.0,0.28999999999999915,180.76,0.25,2.1399999999999997,0.01,0.009999999999999995,2.0,2.400000000000034,0.0,0.0,0.0,0.0,0.0,0.0,0.009999999999999787,0.14000000000001478,0.07000000000000739,2.0,0.7800000000000296,0.5900000000000318,1.4299999999998363,7.349999999999909,2.0,0.0,0.0,0.0,0.0,0.0,0.0,39.39999999999998,0.0,0.0
open_2017_05_08_close_2017_05_08_flight_Fixed Wing_N550ND_before_0_189617,open_2017_05_08_close_2017_05_08_flight_Fixed Wing_N550ND_before_0_189617,162,810,839,1.0500000001911758e-05,0.0003782999999941694,12.0,0.0,0.0,0.46999999999999886,12.770000000000095,0.6500000000000001,0.65,0.04,0.04,0.5,0.5,0.0,0.0,0.10000000000000009,0.0,0.0,0.0,0.040000000000000036,0.11000000000001364,0.030000000000001137,2.400000000000091,0.9000000000000341,0.8199999999999932,0.6700000000000728,2.550000000000182,2.0,0.0,0.0,0.0,0.0,0.0,0.0,129.90000000000003,0.0,0.0
open_2017_05_08_close_2017_05_08_flight_Fixed Wing_N550ND_before_0_189617,open_2017_05_08_close_2017_05_08_flight_Fixed Wing_N550ND_before_0_189617,163,815,844,5.899999997893701e-06,0.0003620000000097434,2.0,0.0,0.0,0.6799999999999997,107.43,0.41999999999999993,2.39,0.05,0.0,0.0,0.30000000000001137,0.0,0.0,0.0,0.0,0.0,0.0,0.020000000000000018,0.10999999999998522,0.14999999999999147,7.600000000000136,0.7299999999999613,0.6999999999999886,1.199999999999818,0.7400000000000091,1.0,0.0,0.0,0.0,0.0,0.0,0.0,27.600000000000023,0.0,0.0
open_2017_05_08_close_2017_05_08_flight_Fixed Wing_N550ND_before_0_189617,open_2017_05_08_close_2017_05_08_flight_Fixed Wing_N550ND_before_0_189617,164,820,849,6.3999999966313226e-06,0.00036169999999913216,15.0,0.0,0.0,0.03999999999999915,116.91000000000003,0.3899999999999997,1.43,0.04,0.06,1.6000000000000227,0.19999999999998863,0.0,0.0,0.20000000000000018,0.0,0.019999999999999574,0.0,0.009999999999999787,0.12999999999999545,0.11999999999999034,3.800000000000182,0.7300000000000182,0.75,1.0599999999999454,0.35999999999989996,1.0,0.0,0.0,0.0,0.0,0.0,0.0,43.30000000000007,0.0,0.0
open_2017_05_08_close_2017_05_08_flight_Fixed Wing_N550ND_before_0_189617,open_2017_05_08_close_2017_05_08_flight_Fixed Wing_N550ND_before_0_189617,165,825,854,6.059999999763477e-05,0.0003843000000074426,12.0,0.0,0.0,0.17999999999999972,36.819999999999936,1.5799999999999998,7.169999999999998,0.04,0.07,4.199999999999989,4.0,0.0,0.0,0.10000000000000009,0.0,0.03999999999999915,0.0,0.0,0.11999999999997613,0.09000000000000341,0.1999999999998181,0.7400000000000091,0.75,1.2199999999998,0.32999999999992724,1.0,0.0,0.0,0.0,0.0,0.0,0.0,169.29999999999995,0.0,2.5
open_2017_05_08_close_2017_05_08_flight_Fixed Wing_N550ND_before_0_189617,open_2017_05_08_close_2017_05_08_flight_Fixed Wing_N550ND_before_0_189617,166,830,859,0.00022520000000270102,0.0002551000000039494,11.0,0.0,0.0,0.39000000000000057,110.28,0.0,0.7300000000000004,0.08,0.07,6.699999999999989,9.800000000000011,0.0,0.0,0.10000000000000009,0.1,0.21000000000000085,0.0,0.03000000000000025,0.07999999999998408,0.1700000000000017,6.5,0.6599999999999682,0.6200000000000045,1.1899999999998272,0.6900000000000546,5.0,0.0,0.0,0.0,0.0,0.0,0.0,118.1,0.0,3.0
open_2017_05_08_close_2017_05_08_flight_Fixed Wing_N550ND_before_0_189617,open_2017_05_08_close_2017_05_08_flight_Fixed Wing_N550ND_before_0_189617,167,835,864,0.0002916999999982295,7.99000000029082e-05,5.0,0.0,0.0,0.8599999999999994,13.939999999999998,0.26000000000000023,4.35,0.030000000000000002,0.010000000000000002,2.4000000000000057,3.200000000000017,0.0,0.0,0.0,0.0,0.05000000000000071,0.0,0.020000000000000018,0.06999999999999318,0.030000000000001137,2.2999999999999545,0.6200000000000045,0.6200000000000045,0.4500000000000455,0.11000000000012733,5.0,0.0,0.0,0.0,0.0,0.0,0.0,39.30000000000007,0.0,0.0
open_2017_05_08_close_2017_05_08_flight_Fixed Wing_N550ND_before_0_189617,open_2017_05_08_close_2017_05_08_flight_Fixed Wing_N550ND_before_0_189617,168,840,869,0.00030830000000037217,4.610000000582204e-05,16.0,0.0,0.0,0.3100000000000023,101.25,1.2599999999999998,2.12,0.02,0.27,0.8000000000000114,0.4000000000000057,0.09999999999999787,0.09999999999999787,0.30000000000000027,0.1,0.3000000000000007,0.0,0.020000000000000018,0.060000000000002274,0.010000000000005116,6.2999999999999545,0.5600000000000023,0.5600000000000023,0.6999999999998181,1.1600000000000819,3.0,0.0,0.0,0.0,0.0,0.0,0.0,51.10000000000002,0.0,0.0
open_2017_05_08_close_2017_05_08_flight_Fixed Wing_N550ND_before_0_189617,open_2017_05_08_close_2017_05_08_flight_Fixed Wing_N550ND_before_0_189617,169,845,874,0.0002921999999969671,6.399999989525895e-06,9.0,0.0,0.0,0.01999999999999602,23.449999999999932,0.52,6.52,0.009999999999999998,0.15,3.5999999999999943,1.4000000000000057,0.0,0.0,0.10000000000000009,0.0,0.0,0.0,0.03000000000000025,0.0800000000000125,0.01999999999999602,4.899999999999864,0.5600000000000023,0.5400000000000205,0.8099999999999454,0.7899999999999636,0.0,0.0,0.0,0.0,0.0,0.0,0.0,47.299999999999955,0.0,0.0
open_2017_05_08_close_2017_05_08_flight_Fixed Wing_N550ND_before_0_189617,open_2017_05_08_close_2017_05_08_flight_Fixed Wing_N550ND_before_0_189617,170,850,879,0.00025459999999810634,1.3000000080864993e-06,8.0,0.0,0.0,0.11999999999999744,16.25999999999999,0.95,0.10000000000000009,0.05,0.03,1.0999999999999943,0.20000000000001705,0.0,0.0,0.09999999999999964,0.0,0.0,0.0,0.010000000000000231,0.03999999999999204,0.0899999999999963,3.6000000000001364,0.5299999999999727,0.45999999999997954,0.5099999999999909,4.269999999999982,0.0,0.0,0.0,0.0,0.0,0.0,0.0,19.700000000000045,0.0,0.5
open_2017_05_08_close_2017_05_08_flight_Fixed Wing_N550ND_before_0_189617,open_2017_05_08_close_2017_05_08_flight_Fixed Wing_N550ND_before_0_189617,171,855,884,0.00028509999999926094,1.3999999993075107e-05,8.0,0.0,0.3000000000000007,0.14000000000000057,39.25,1.01,0.51,0.010000000000000002,0.15000000000000002,0.30000000000001137,0.09999999999999432,0.0,0.0,0.10000000000000009,0.0,0.05000000000000071,0.0,0.040000000000000036,0.03999999999999204,0.09000000000000341,0.6999999999998181,0.5200000000000387,0.47999999999996135,2.1400000000001,2.730000000000018,1.0,0.0,0.0,0.0,0.0,0.0,0.0,7.900000000000034,0.0,0.5
open_2017_05_08_close_2017_05_08_flight_Fixed Wing_N550ND_before_0_189617,open_2017_05_08_close_2017_05_08_flight_Fixed Wing_N550ND_before_0_189617,172,860,889,0.00028890000000103555,2.159999999662432e-05,6.0,0.0,0.0,0.5600000000000023,4.3700000000000045,0.30000000000000004,1.5999999999999999,0.010000000000000002,0.09,1.0,0.0,0.0,0.09999999999999787,0.19999999999999973,0.0,0.129999999999999,0.0,0.020000000000000018,0.03999999999999204,0.17999999999999972,1.699999999999818,0.5600000000000023,0.3900000000000432,0.05999999999994543,1.3299999999999272,1.0,0.0,0.0,0.0,0.0,0.0,0.0,43.299999999999955,0.0,0.5
open_2017_05_08_close_2017_05_08_flight_Fixed Wing_N550ND_before_0_189617,open_2017_05_08_close_2017_05_08_flight_Fixed Wing_N550ND_before_0_189617,173,865,894,0.00023549999999517013,2.159999999662432e-05,7.0,0.0,0.0,1.2000000000000028,23.19999999999999,1.4299999999999997,0.76,0.010000000000000002,0.009999999999999995,0.5,0.0,0.0,0.0,0.20000000000000018,0.0,0.019999999999999574,0.0,0.040000000000000036,0.06999999999999318,0.779999999999994,54.90000000000009,0.5099999999999909,0.4399999999999977,68.06000000000006,21.289999999999964,3.0,0.0,0.0,0.0,0.0,0.0,0.0,122.1,0.0,0.5
open_2017_05_08_close_2017_05_08_flight_Fixed Wing_N550ND_before_0_189617,open_2017_05_08_close_2017_05_08_flight_Fixed Wing_N550ND_before_0_189617,174,870,899,0.00019900000000205864,2.159999999662432e-05,5.0,0.0,0.0,1.7900000000000063,140.45,0.1900000000000004,0.16000000000000003,0.1,0.26,2.5,0.6000000000000227,0.3000000000000007,0.1999999999999993,0.9000000000000004,0.30000000000000004,0.10999999999999943,0.0,0.020000000000000018,0.09000000000000341,0.4399999999999977,21.09999999999991,0.589999999999975,0.45999999999997954,34.5,34.55000000000007,2.0,0.0,0.0,0.0,0.0,0.0,0.0,7.799999999999999,0.0,0.0
open_2017_05_08_close_2017_05_08_flight_Fixed Wing_N550ND_before_0_189617,open_2017_05_08_close_2017_05_08_flight_Fixed Wing_N550ND_before_0_189617,175,875,904,0.00011290000000485634,2.920000000017353e-05,4.0,0.0,0.0,4.0,63.45,0.9199999999999999,0.18000000000000002,0.0,0.09000000000000001,0.19999999999998863,0.29999999999998295,0.10000000000000142,0.10000000000000142,0.0,1.3645500000000002e-18,0.129999999999999,0.0,0.010000000000000009,0.06999999999999318,0.3299999999999983,19.100000000000023,0.7799999999999727,0.5300000000000296,14.629999999999995,15.590000000000032,4.0,0.0,0.0,0.0,0.0,0.0,0.0,3.9,0.0,0.0
open_2017_05_08_close_2017_05_08_flight_Fixed Wing_N550ND_before_0_189617,open_2017_05_08_close_2017_05_08_flight_Fixed Wing_N550ND_before_0_189617,176,880,909,0.00011640000000312511,2.920000000017353e-05,0.0,0.0,0.0,1.3399999999999999,29.480000000000004,0.20000000000000018,0.03,0.0,0.09000000000000001,0.09999999999999432,1.0999999999999943,0.0,0.0,0.5999999999999996,1.3645500000000002e-18,0.0,0.0,0.030000000000000027,0.09000000000000341,0.35999999999999943,19.69999999999999,0.6500000000000341,0.4800000000000182,10.830000000000041,11.709999999999923,2.0,0.0,0.0,0.0,0.0,0.0,0.0,3.9,0.0,0.0
open_2017_05_08_close_2017_05_08_flight_Fixed Wing_N550ND_before_0_189617,open_2017_05_08_close_2017_05_08_flight_Fixed Wing_N550ND_before_0_189617,177,885,914,0.00014360000000124273,2.920000000017353e-05,1.0,0.0,0.0,3.1499999999999986,24.189999999999998,0.31999999999999984,0.03999999999999998,0.04,0.03,0.6999999999999886,1.3000000000000114,0.0,0.0,0.20000000000000018,0.0,0.120000000000001,0.0,3.539999999999999,0.09999999999999432,1.2399999999999949,181.30000000000018,0.6700000000000159,0.5299999999999727,101.04000000000008,76.65000000000009,1.0,0.0,0.0,0.0,0.0,0.0,0.0,7.9,0.0,0.0
open_2017_05_08_close_2017_05_08_flight_Fixed Wing_N550ND_before_0_189617,open_2017_05_08_close_2017_05_08_flight_Fixed Wing_N550ND_before_0_189617,178,890,919,0.00020659999999850243,2.920000000017353e-05,3.0,0.0,0.0,3.0500000000000043,32.459999999999994,0.4099999999999997,0.18,0.010000000000000009,0.010000000000000002,0.4000000000000057,0.700000000000017,0.10000000000000142,0.0,0.10000000000000053,0.0,0.0,0.0,0.009999999999999787,0.030000000000001137,0.5,8.600000000000364,0.07999999999998408,0.3299999999999841,35.88000000000011,21.7800000000002,2.0,0.0,0.0,0.0,0.0,0.0,0.0,0.0,0.0,0.0
open_2017_05_08_close_2017_05_08_flight_Fixed Wing_N550ND_before_0_189617,open_2017_05_08_close_2017_05_08_flight_Fixed Wing_N550ND_before_0_189617,179,895,924,0.00020140000000168357,2.920000000017353e-05,1.0,0.0,0.0,2.3299999999999983,3.6099999999999994,2.080000000000001,0.36,0.07,0.08,1.0999999999999943,0.9000000000000057,0.0,0.09999999999999787,0.10000000000000053,0.0,0.23999999999999844,0.0,0.11000000000000121,0.11000000000001364,0.46000000000000796,6.800000000000182,0.12000000000000455,0.2400000000000091,10.990000000000009,7.289999999999964,1.0,0.0,0.0,0.0,0.0,0.0,0.0,27.6,0.0,0.0
open_2017_05_08_close_2017_05_08_flight_Fixed Wing_N550ND_before_0_189617,open_2017_05_08_close_2017_05_08_flight_Fixed Wing_N550ND_before_0_189617,180,900,929,0.00029080000000192285,6.23000000103957e-05,8.0,0.0,0.0,0.9600000000000009,39.960000000000036,0.5900000000000016,0.5199999999999996,0.08,0.05,1.1999999999999886,0.5,0.0,0.0,0.0,0.0,0.10999999999999943,0.0,0.05999999999999872,0.09000000000000341,0.18000000000000682,0.29999999999972715,0.44999999999998863,0.03999999999996362,6.410000000000082,4.759999999999991,1.0,0.0,0.0,0.0,0.0,0.0,0.0,51.19999999999999,0.0,0.0
open_2017_05_08_close_2017_05_08_flight_Fixed Wing_N550ND_before_0_189617,open_2017_05_08_close_2017_05_08_flight_Fixed Wing_N550ND_before_0_189617,181,905,934,0.00025259999999605043,7.199999998874773e-06,5.0,0.0,0.0,0.240000000000002,2.7600000000000477,0.7200000000000006,1.6600000000000001,0.06,0.12,2.4000000000000057,0.5999999999999943,0.0,0.0,0.10000000000000053,0.0,0.0,0.0,0.009999999999999787,0.06999999999999318,0.0799999999999983,4.600000000000364,0.6200000000000045,0.2699999999999818,3.900000000000091,2.6400000000001,0.0,0.0,0.0,0.0,0.0,0.0,0.0,39.400000000000034,0.0,0.0
open_2017_05_08_close_2017_05_08_flight_Fixed Wing_N550ND_before_0_189617,open_2017_05_08_close_2017_05_08_flight_Fixed Wing_N550ND_before_0_189617,182,910,939,0.00025260000000315586,3.769999999292395e-05,11.0,0.0,0.0,0.759999999999998,89.56,0.40000000000000036,2.71,0.020000000000000004,0.010000000000000009,1.5,0.19999999999998863,0.0,0.0,0.0,0.0,0.0,0.0,0.129999999999999,0.03999999999999204,0.01999999999999602,3.900000000000091,0.6800000000000068,0.30000000000001137,1.5800000000001546,1.8300000000001546,2.0,0.0,0.0,0.0,0.0,0.0,0.0,133.90000000000003,0.0,0.0
open_2017_05_08_close_2017_05_08_flight_Fixed Wing_N550ND_before_0_189617,open_2017_05_08_close_2017_05_08_flight_Fixed Wing_N550ND_before_0_189617,183,915,944,0.0003593999999935704,4.70000000092341e-05,7.0,0.0,0.0,1.0499999999999972,20.889999999999986,0.27999999999999936,2.3,0.020000000000000004,0.05,0.799999999999983,0.09999999999999432,0.0,0.09999999999999787,0.09999999999999964,0.0,0.0,0.0,0.0,0.03999999999999204,0.21999999999999886,3.100000000000364,0.7900000000000205,0.4300000000000068,2.6700000000000728,1.5700000000001637,1.0,0.0,0.0,0.0,0.0,0.0,0.0,31.5,0.0,0.0
open_2017_05_08_close_2017_05_08_flight_Fixed Wing_N550ND_before_0_189617,open_2017_05_08_close_2017_05_08_flight_Fixed Wing_N550ND_before_0_189617,184,920,949,0.0002844999999993547,4.70000000092341e-05,14.0,0.0,0.0,0.5499999999999972,160.98000000000002,0.15000000000000036,1.9099999999999997,0.06,0.07,2.200000000000017,0.0,0.0,0.09999999999999787,0.10000000000000009,0.1,0.0,0.0,0.05000000000000071,0.03999999999999204,0.46999999999999886,5.100000000000364,0.8100000000000023,0.5500000000000114,1.740000000000009,1.740000000000009,2.0,0.0,0.0,0.0,0.0,0.0,0.0,11.800000000000068,0.0,0.0
open_2017_05_08_close_2017_05_08_flight_Fixed Wing_N550ND_before_0_189617,open_2017_05_08_close_2017_05_08_flight_Fixed Wing_N550ND_before_0_189617,185,925,954,0.0002858000000003358,3.1800000002135675e-05,10.0,0.0,0.0,0.19999999999998863,52.68999999999994,0.019999999999999574,0.42000000000000015,0.04000000000000001,0.08,0.29999999999998295,0.4000000000000057,0.0,0.0,0.09999999999999964,0.0,0.0,0.0,0.049999999999998934,0.03999999999999204,0.9100000000000108,8.400000000000091,0.8600000000000136,0.5699999999999932,1.3800000000001091,1.8199999999999363,1.0,0.0,0.0,0.0,0.0,0.0,0.0,55.10000000000002,0.0,0.0
open_2017_05_08_close_2017_05_08_flight_Fixed Wing_N550ND_before_0_189617,open_2017_05_08_close_2017_05_08_flight_Fixed Wing_N550ND_before_0_189617,186,930,959,0.00030629999999831625,6.23000000103957e-05,3.0,0.0,0.0,0.19999999999998863,254.33000000000004,1.0600000000000005,0.8300000000000001,0.08,0.22,1.700000000000017,0.4000000000000057,0.0,0.0,0.10000000000000009,0.0,0.0,0.0,0.0600000000000005,0.020000000000010232,0.7900000000000063,7.699999999999818,0.9099999999999682,0.6199999999999477,0.540000000000191,0.9099999999998545,2.0,0.0,0.0,0.0,0.0,0.0,0.0,165.29999999999995,0.0,0.0
open_2017_05_08_close_2017_05_08_flight_Fixed Wing_N550ND_before_0_189617,open_2017_05_08_close_2017_05_08_flight_Fixed Wing_N550ND_before_0_189617,187,935,964,0.00031140000000107193,2.3299999995174403e-05,13.0,0.0,0.0,0.10999999999999943,11.289999999999964,0.02999999999999936,0.2899999999999999,0.010000000000000002,0.060000000000000005,0.5999999999999943,0.39999999999997726,0.0,0.0,0.10000000000000009,0.0,0.0,0.0,0.09999999999999964,0.020000000000010232,0.4300000000000068,2.799999999999727,0.9200000000000159,0.6999999999999886,0.07999999999992724,0.12000000000011823,0.0,0.0,0.0,0.0,0.0,0.0,0.0,43.40000000000009,0.0,0.0
open_2017_05_08_close_2017_05_08_flight_Fixed Wing_N550ND_before_0_189617,open_2017_05_08_close_2017_05_08_flight_Fixed Wing_N550ND_before_0_189617,188,940,969,0.000362400000000207,3.7800000001197986e-05,9.0,0.0,0.0,0.4399999999999977,71.51999999999998,0.8399999999999999,0.040000000000000036,0.05,0.1,2.3999999999999773,0.5,0.0,0.0,0.09999999999999964,0.0,0.0,0.0,0.009999999999999787,0.009999999999990905,0.15000000000000568,1.699999999999818,0.7699999999999818,0.7699999999999818,1.349999999999909,0.21000000000003638,0.0,0.0,0.0,0.0,0.0,0.0,0.0,23.600000000000023,0.0,0.0
open_2017_05_08_close_2017_05_08_flight_Fixed Wing_N550ND_before_0_189617,open_2017_05_08_close_2017_05_08_flight_Fixed Wing_N550ND_before_0_189617,189,945,974,0.00030570000000551545,1.9999999949504854e-06,15.0,0.0,0.0,0.03999999999999204,48.889999999999986,0.15000000000000036,0.22,0.010000000000000009,0.04,1.5,0.6000000000000227,0.0,0.0,0.0,0.0,0.0,0.0,0.05000000000000071,0.01999999999998181,0.25,6.700000000000273,0.8799999999999955,0.7799999999999727,0.16999999999984539,0.6299999999998818,0.0,0.0,0.0,0.0,0.0,0.0,0.0,66.89999999999998,0.0,0.0
open_2017_05_08_close_2017_05_08_flight_Fixed Wing_N550ND_before_0_189617,open_2017_05_08_close_2017_05_08_flight_Fixed Wing_N550ND_before_0_189617,190,950,979,0.0003643000000010943,7.180000000062137e-05,15.0,0.0,0.0,0.5799999999999983,90.83999999999992,0.3200000000000003,2.530000000000001,0.049999999999999996,0.07,5.700000000000017,3.6999999999999886,0.0,0.0,0.0,0.0,0.019999999999999574,0.0,0.009999999999999787,0.030000000000001137,0.37000000000000455,3.0,0.8600000000000136,0.6999999999999886,0.2300000000000182,0.5099999999999909,1.0,0.0,0.0,0.0,0.0,0.0,0.0,98.40000000000009,0.0,2.5
open_2017_05_08_close_2017_05_08_flight_Fixed Wing_N550ND_before_0_189617,open_2017_05_08_close_2017_05_08_flight_Fixed Wing_N550ND_before_0_189617,191,955,984,0.00028549999999682996,0.00039249999998958174,12.0,0.0,0.0,1.3400000000000034,107.12,1.2599999999999998,3.4599999999999973,0.05,0.12,8.900000000000006,5.0,0.0,0.0,0.0,0.0,0.0,0.0,0.120000000000001,0.030000000000001137,0.45999999999999375,6.100000000000364,0.82000000000005,0.75,0.9699999999997999,0.6599999999998545,4.0,0.0,0.0,0.0,0.0,0.0,0.0,208.70000000000005,0.0,1.0
open_2017_05_08_close_2017_05_08_flight_Fixed Wing_N550ND_before_0_189617,open_2017_05_08_close_2017_05_08_flight_Fixed Wing_N550ND_before_0_189617,192,960,989,0.00018029999999669144,0.0005882000000099197,7.0,0.0,0.0,0.7400000000000091,84.36999999999995,0.1299999999999999,2.150000000000002,0.03,0.07,6.5,5.700000000000003,0.0,0.0,0.0,0.0,0.0,0.0,0.06999999999999851,0.060000000000002274,1.2000000000000028,0.900000000000091,0.8000000000000114,0.6899999999999977,0.12999999999988177,0.10999999999989996,0.0,0.0,0.0,0.0,0.0,0.0,0.0,47.19999999999999,0.0,0.0
open_2017_05_08_close_2017_05_08_flight_Fixed Wing_N550ND_before_0_189617,open_2017_05_08_close_2017_05_08_flight_Fixed Wing_N550ND_before_0_189617,193,965,994,2.6800000000548607e-05,0.0006044999999943457,2.0,0.0,0.0,0.8400000000000034,89.96000000000004,0.3099999999999996,3.0999999999999996,0.04,0.01,0.4000000000000057,2.0,0.0,0.0,0.0,0.0,0.0,0.0,0.07000000000000028,0.07999999999998408,0.0799999999999983,3.700000000000273,0.7700000000000387,0.6000000000000227,0.5,0.5399999999999636,0.0,0.0,0.0,0.0,0.0,0.0,0.0,39.400000000000034,0.0,0.5
open_2017_05_08_close_2017_05_08_flight_Fixed Wing_N550ND_before_0_189617,open_2017_05_08_close_2017_05_08_flight_Fixed Wing_N550ND_before_0_189617,194,970,999,5.180000000137852e-05,0.0006401999999923191,11.0,0.0,0.0,0.6400000000000006,72.35999999999996,0.030000000000001137,1.4299999999999997,0.04000000000000001,0.14,6.0,4.5,0.0,0.0,0.09999999999999964,0.1,0.0,0.0,0.11000000000000121,0.10000000000002274,0.37999999999999545,6.400000000000091,0.6899999999999977,0.5699999999999932,0.849999999999909,0.599999999999909,1.0,0.0,0.0,0.0,0.0,0.0,0.0,70.89999999999998,0.0,0.5
open_2017_05_08_close_2017_05_08_flight_Fixed Wing_N550ND_before_0_189617,open_2017_05_08_close_2017_05_08_flight_Fixed Wing_N550ND_before_0_189617,195,975,1004,0.00025889999999861857,0.0004418000000043776,9.0,0.0,0.0,0.36999999999999034,9.940000000000055,0.5800000000000001,3.0199999999999996,0.16999999999999998,0.37,3.3000000000000007,5.600000000000001,0.0,0.0,0.10000000000000009,0.0,0.0,0.0,0.8599999999999994,0.09999999999999432,0.3499999999999943,10.599999999999909,0.8999999999999773,0.6899999999999977,0.2699999999999818,0.22000000000002728,1.0,0.0,0.0,0.0,0.0,0.0,0.0,208.7,0.0,0.0
open_2017_05_08_close_2017_05_08_flight_Fixed Wing_N550ND_before_0_189617,open_2017_05_08_close_2017_05_08_flight_Fixed Wing_N550ND_before_0_189617,196,980,1009,0.00036870000000277514,0.00023550000000227556,1.0,0.0,0.0,0.45000000000000284,99.31,1.13,4.82,0.0,0.18,355.0,4.699999999999999,0.0,0.0,0.09999999999999964,0.0,0.0,0.0,1.0700000000000003,0.09999999999999432,0.4200000000000017,54.0,0.6899999999999977,0.5600000000000023,6.029999999999973,7.5499999999999545,1.0,0.0,0.0,0.0,0.0,0.0,0.0,23.599999999999994,0.0,0.0
open_2017_05_08_close_2017_05_08_flight_Fixed Wing_N550ND_before_0_189617,open_2017_05_08_close_2017_05_08_flight_Fixed Wing_N550ND_before_0_189617,197,985,1014,0.00034940000000460714,0.00015189999999165593,9.0,0.0,0.1999999999999993,0.11999999999999034,153.5,0.32000000000000006,1.17,0.02,0.07,0.6999999999999886,0.6000000000000014,0.0,0.0,0.09999999999999964,0.0,0.0,0.0,0.21999999999999975,0.09000000000000341,0.75,12.400000000000091,0.6299999999999955,0.5600000000000023,3.0,0.9099999999998545,1.0,0.0,0.0,0.0,0.0,0.0,0.0,27.5,0.0,0.0
open_2017_05_08_close_2017_05_08_flight_Fixed Wing_N550ND_before_0_189617,open_2017_05_08_close_2017_05_08_flight_Fixed Wing_N550ND_before_0_189617,198,990,1019,0.0003758000000004813,0.0001316999999971813,6.0,0.0,0.0,0.5999999999999943,112.91999999999999,0.45999999999999996,0.6000000000000001,0.010000000000000009,0.16999999999999998,2.1000000000000227,1.5,0.0,0.0,0.19999999999999973,0.0,0.03999999999999915,0.0,0.0600000000000005,0.020000000000010232,0.1700000000000017,4.800000000000182,0.46999999999997044,0.4800000000000182,3.730000000000018,0.25,1.0,0.0,0.0,0.0,0.0,0.0,0.0,7.799999999999999,0.0,0.0
open_2017_05_08_close_2017_05_08_flight_Fixed Wing_N550ND_before_0_189617,open_2017_05_08_close_2017_05_08_flight_Fixed Wing_N550ND_before_0_189617,199,995,1024,0.0007340999999954079,5.9800000002496745e-05,1.0,0.0,0.0,0.7600000000000051,13.04,0.2799999999999998,2.0100000000000002,0.019999999999999997,0.01,1.0,358.0,0.0,0.0,0.0,0.0,0.23999999999999844,0.10999999999999943,0.07000000000000028,0.030000000000001137,0.4300000000000068,4.300000000000182,0.5,0.7000000000000455,3.979999999999791,0.5,1.0,0.0,0.0,0.0,0.0,0.0,0.0,7.899999999999999,0.0,0.5
open_2017_05_08_close_2017_05_08_flight_Fixed Wing_N550ND_before_0_189617,open_2017_05_08_close_2017_05_08_flight_Fixed Wing_N550ND_before_0_189617,200,1000,1029,0.00037329999999968777,4.3700000006197115e-05,2.0,0.0,0.0,0.6000000000000085,99.04,0.07000000000000028,1.55,0.0,0.049999999999999996,0.39999999999997726,0.6000000000000227,0.0,0.0,0.0,0.0,0.10999999999999943,0.03999999999999915,0.1999999999999993,0.01999999999998181,0.29999999999999716,0.40000000000009095,0.13999999999998636,0.2300000000000182,1.759999999999991,1.2899999999999636,1.0,0.0,0.0,0.0,0.0,0.0,0.0,86.6,0.0,0.0
open_2017_05_08_close_2017_05_08_flight_Fixed Wing_N550ND_before_0_189617,open_2017_05_08_close_2017_05_08_flight_Fixed Wing_N550ND_before_0_189617,201,1005,1034,0.0004044000000007486,3.25999999972737e-05,1.0,0.0,0.0,0.30999999999998806,3.729999999999997,0.06000000000000005,1.46,0.019999999999999997,0.08,0.0,1.0,0.0,0.0,0.09999999999999964,0.1,0.04999999999999716,0.0,0.16000000000000014,0.0,0.030000000000001137,5.199999999999818,0.17000000000001592,0.2400000000000091,0.7999999999999545,0.25,1.0,0.0,0.0,0.0,0.0,0.0,0.0,15.700000000000001,0.0,0.5
open_2017_05_08_close_2017_05_08_flight_Fixed Wing_N550ND_before_0_189617,open_2017_05_08_close_2017_05_08_flight_Fixed Wing_N550ND_before_0_189617,202,1010,1039,0.000331600000002652,7.759999999734646e-05,8.0,0.0,0.0,0.1700000000000017,98.37,0.07000000000000028,1.9899999999999998,0.0,0.0,0.8999999999999773,0.10000000000002274,0.0,0.0,0.09999999999999964,0.0,0.0,0.07000000000000028,0.04999999999999982,0.030000000000001137,0.030000000000001137,0.3000000000001819,0.1099999999999568,0.15999999999996817,0.849999999999909,0.16000000000008185,2.0,0.0,0.0,0.0,0.0,0.0,0.0,51.099999999999994,0.0,0.0
open_2017_05_08_close_2017_05_08_flight_Fixed Wing_N550ND_before_0_189617,open_2017_05_08_close_2017_05_08_flight_Fixed Wing_N550ND_before_0_189617,203,1015,1044,0.000354999999998995,7.589999999879637e-05,0.0,0.0,0.0,0.3299999999999983,91.24,0.18999999999999995,1.93,0.05,0.019999999999999997,0.9000000000000341,0.39999999999997726,0.0,0.0,0.09999999999999964,0.0,0.08999999999999986,0.0,0.009999999999999787,0.03999999999999204,0.4399999999999977,0.40000000000009095,0.1300000000000523,0.08999999999997499,0.8700000000001182,0.4800000000000182,1.0,0.0,0.0,0.0,0.0,0.0,0.0,47.300000000000004,0.0,0.0
open_2017_05_08_close_2017_05_08_flight_Fixed Wing_N550ND_before_0_189617,open_2017_05_08_close_2017_05_08_flight_Fixed Wing_N550ND_before_0_189617,204,1020,1049,0.00037079999999889424,3.5299999993299025e-05,2.0,0.0,0.0,0.5100000000000051,39.599999999999994,0.10999999999999988,2.4000000000000004,0.02,0.04,0.0999999999999659,0.30000000000001137,0.0,0.0,0.0,0.1,0.05000000000000071,0.0,0.03000000000000025,0.060000000000002274,0.21000000000000796,1.699999999999818,0.18999999999999773,0.1500000000000341,0.6000000000001364,0.14999999999986358,1.0,0.0,0.0,0.0,0.0,0.0,0.0,7.799999999999997,0.0,0.5
open_2017_05_08_close_2017_05_08_flight_Fixed Wing_N550ND_before_0_189617,open_2017_05_08_close_2017_05_08_flight_Fixed Wing_N550ND_before_0_189617,205,1025,1054,0.0004027000000021985,2.5199999996061706e-05,4.0,0.0,0.0,0.04999999999999716,61.57,0.19999999999999973,0.33999999999999986,0.009999999999999998,0.12000000000000001,0.2999999999999545,0.19999999999998863,0.0,0.0,0.09999999999999964,0.1,0.0400000000000027,0.0,0.0,0.060000000000002274,0.20999999999999375,4.099999999999909,0.21000000000003638,0.15999999999996817,2.0699999999999363,1.1599999999998545,1.0,0.0,0.0,0.0,0.0,0.0,0.0,74.8,0.0,0.0
open_2017_05_08_close_2017_05_08_flight_Fixed Wing_N550ND_before_0_189617,open_2017_05_08_close_2017_05_08_flight_Fixed Wing_N550ND_before_0_189617,206,1030,1059,0.0003535999999968453,6.0900000008246025e-05,2.0,0.0,0.0,0.18999999999999773,126.46999999999998,0.25,2.0900000000000003,0.049999999999999996,0.019999999999999997,1.8999999999999773,0.10000000000002274,0.0,0.0,0.0,0.0,0.0,0.0,0.08999999999999986,0.060000000000002274,0.5999999999999943,4.399999999999636,0.22000000000002728,0.18000000000000682,0.40000000000009095,0.09999999999990905,2.0,0.0,0.0,0.0,0.0,0.0,0.0,51.099999999999994,0.0,0.0
open_2017_05_08_close_2017_05_08_flight_Fixed Wing_N550ND_before_0_189617,open_2017_05_08_close_2017_05_08_flight_Fixed Wing_N550ND_before_0_189617,207,1035,1064,0.00031979999999975917,7.370000000150867e-05,0.0,0.0,0.0,0.25,52.55,0.3500000000000001,0.45999999999999996,0.060000000000000005,0.06999999999999999,1.0,0.39999999999997726,0.0,0.0,0.10000000000000009,0.1,0.08999999999999986,0.0,0.08999999999999986,0.0800000000000125,0.12000000000000455,4.900000000000091,0.2599999999999909,0.20000000000004547,0.18000000000006366,0.15999999999985448,1.0,0.0,0.0,0.0,0.0,0.0,0.0,63.000000000000014,0.0,0.5
open_2017_05_08_close_2017_05_08_flight_Fixed Wing_N550ND_before_0_189617,open_2017_05_08_close_2017_05_08_flight_Fixed Wing_N550ND_before_0_189617,208,1040,1069,0.00035929999999950724,5.000000001587068e-06,3.0,0.0,0.0,0.19999999999998863,10.189999999999998,0.4099999999999997,0.21999999999999975,0.009999999999999998,0.010000000000000002,0.5999999999999659,0.4000000000000341,0.0,0.0,0.10000000000000009,0.0,0.019999999999999574,0.0,1.1100000000000003,0.07999999999998408,0.710000000000008,58.40000000000009,0.2699999999999818,0.28000000000002956,0.4800000000000182,0.6499999999998636,0.0,0.0,0.0,0.0,0.0,0.0,0.0,15.799999999999997,0.0,0.5
open_2017_05_08_close_2017_05_08_flight_Fixed Wing_N550ND_before_0_189617,open_2017_05_08_close_2017_05_08_flight_Fixed Wing_N550ND_before_0_189617,209,1045,1074,0.0003835999999992623,2.470000001153494e-05,14.0,0.0,0.0,0.09000000000000341,176.68,2.15,1.52,0.01,0.01999999999999999,1.1999999999999886,0.4000000000000341,0.0,0.0,0.10000000000000009,1.3645500000000002e-18,0.11000000000000298,0.0,0.06000000000000005,0.14000000000001478,0.3500000000000014,37.399999999999864,0.4000000000000341,0.3299999999999841,0.11999999999989086,18.069999999999936,1.0,0.0,0.0,0.0,0.0,0.0,0.0,216.5,0.0,0.0
open_2017_05_08_close_2017_05_08_flight_Fixed Wing_N550ND_before_0_189617,open_2017_05_08_close_2017_05_08_flight_Fixed Wing_N550ND_before_0_189617,210,1050,1079,0.00034600000000040154,3.9100000009284486e-05,19.0,0.0,0.0,0.6800000000000068,76.81999999999994,0.45999999999999996,1.18,0.04,0.3,0.4000000000000341,0.8000000000000114,0.0,0.0,0.0,0.0,0.15000000000000213,0.0,0.010000000000000231,0.0800000000000125,0.259999999999998,5.7999999999999545,0.589999999999975,0.37000000000000455,3.380000000000109,10.029999999999973,1.0,0.0,0.0,0.0,0.0,0.0,0.0,460.70000000000005,0.0,0.0
open_2017_05_08_close_2017_05_08_flight_Fixed Wing_N550ND_before_0_189617,open_2017_05_08_close_2017_05_08_flight_Fixed Wing_N550ND_before_0_189617,211,1055,1084,0.00033889999999558995,7.800000005886432e-06,4.0,0.0,0.0,0.3100000000000023,67.35000000000002,0.77,0.16000000000000014,0.03,0.15000000000000002,0.20000000000004547,0.8000000000000114,0.0,0.0,0.10000000000000009,0.1,0.04999999999999716,0.0,0.020000000000000018,0.10000000000002274,0.14999999999999858,23.200000000000045,0.75,0.4300000000000068,0.14000000000010004,5.949999999999818,2.0,0.0,0.0,0.0,0.0,0.0,0.0,0.0,0.0,0.0
open_2017_05_08_close_2017_05_08_flight_Fixed Wing_N550ND_before_0_189617,open_2017_05_08_close_2017_05_08_flight_Fixed Wing_N550ND_before_0_189617,212,1060,1089,0.0003089000000002784,3.8000000003535206e-05,8.0,0.0,0.3000000000000007,0.3499999999999943,47.26999999999998,0.24,1.48,0.03,0.019999999999999997,0.19999999999998863,0.6999999999999886,0.0,0.0,0.0,1.3645500000000002e-18,0.2699999999999996,0.0,0.04999999999999982,0.18000000000000682,0.259999999999998,7.5,0.8099999999999454,0.5,2.6099999999999,4.019999999999982,1.0,0.0,0.0,0.0,0.0,0.0,0.0,102.40000000000003,0.0,0.0
open_2017_05_08_close_2017_05_08_flight_Fixed Wing_N550ND_before_0_189617,open_2017_05_08_close_2017_05_08_flight_Fixed Wing_N550ND_before_0_189617,213,1065,1094,0.00025300000000072487,0.00012900000000115597,3.0,0.0,0.0,2.0999999999999943,96.63,0.0,5.859999999999999,0.05,0.07,4.899999999999977,5.2999999999999545,0.0,0.0,0.10000000000000009,0.1,0.0799999999999983,0.0,0.020000000000000018,0.18000000000000682,0.21000000000000085,14.5,0.8999999999999773,0.5800000000000409,2.8799999999998818,2.6699999999998454,2.0,0.0,0.0,0.0,0.0,0.0,0.0,78.70000000000002,0.0,2.0
open_2017_05_08_close_2017_05_08_flight_Fixed Wing_N550ND_before_0_189617,open_2017_05_08_close_2017_05_08_flight_Fixed Wing_N550ND_before_0_189617,214,1070,1099,0.00016310000000174796,0.0003108000000082711,16.0,0.0,0.0,0.5100000000000051,268.05,1.0099999999999998,4.09,0.03,0.05,7.199999999999989,9.0,0.0,0.0,0.10000000000000009,1.3645500000000002e-18,0.120000000000001,0.0,0.010000000000000231,0.17000000000001592,0.020000000000003126,6.0,0.7800000000000296,0.45999999999997954,3.1200000000001182,1.8599999999999,1.0,0.0,0.0,0.0,0.0,0.0,0.0,102.39999999999998,0.0,0.5
open_2017_05_08_close_2017_05_08_flight_Fixed Wing_N550ND_before_0_189617,open_2017_05_08_close_2017_05_08_flight_Fixed Wing_N550ND_before_0_189617,215,1075,1104,5.219999999894753e-05,0.00040969999999163065,5.0,0.0,0.0,0.10999999999999943,73.12,1.9599999999999997,0.9900000000000002,0.009999999999999998,0.29000000000000004,0.10000000000002274,1.6999999999999886,0.0,0.0,0.0,0.0,0.019999999999999574,0.0,0.020000000000000018,0.13999999999998636,0.1700000000000017,8.200000000000045,0.8199999999999932,0.5300000000000296,1.8899999999998727,0.7600000000002183,2.0,0.0,0.0,0.0,0.0,0.0,0.0,94.5,0.0,0.0
open_2017_05_08_close_2017_05_08_flight_Fixed Wing_N550ND_before_0_189617,open_2017_05_08_close_2017_05_08_flight_Fixed Wing_N550ND_before_0_189617,216,1080,1109,4.299999999801685e-05,0.00043069999999545416,14.0,0.0,0.0,0.3500000000000014,81.79999999999995,0.54,1.99,0.06,0.020000000000000004,3.1000000000000227,1.0,0.0,0.0,0.10000000000000009,0.0,0.3000000000000007,0.0,0.0,0.06999999999999318,0.02999999999999403,3.099999999999909,0.9200000000000159,0.6399999999999864,0.9400000000000546,1.2100000000000364,0.0,0.0,0.0,0.0,0.0,0.0,0.0,133.89999999999998,0.0,0.0
open_2017_05_08_close_2017_05_08_flight_Fixed Wing_N550ND_before_0_189617,open_2017_05_08_close_2017_05_08_flight_Fixed Wing_N550ND_before_0_189617,217,1085,1114,6.49999999993156e-05,0.00037210000000698074,3.0,0.0,0.0,0.6599999999999966,118.94999999999999,0.27,2.37,0.04,0.020000000000000004,1.6999999999999886,0.10000000000002274,0.0,0.0,0.10000000000000009,0.0,0.07000000000000028,0.0,0.020000000000000018,0.0700000000000216,0.27999999999999403,10.600000000000136,1.0300000000000296,0.7100000000000364,0.9399999999998272,2.6800000000000637,2.0,0.0,0.0,0.0,0.0,0.0,0.0,94.5,0.0,0.0
open_2017_05_08_close_2017_05_08_flight_Fixed Wing_N550ND_before_0_189617,open_2017_05_08_close_2017_05_08_flight_Fixed Wing_N550ND_before_0_189617,218,1090,1119,3.749999999769216e-05,0.00034039999999890824,9.0,0.0,0.0,0.5700000000000003,12.469999999999914,0.43999999999999995,0.8899999999999997,0.0,0.04,1.1999999999999886,1.1000000000000227,0.0,0.0,0.0,1.3645500000000002e-18,0.0,0.0,0.009999999999999787,0.060000000000002274,0.12000000000000455,7.0,0.7700000000000387,0.8500000000000227,2.1099999999999,1.4500000000000455,2.0,0.0,0.0,0.0,0.0,0.0,0.0,7.900000000000034,0.0,0.0
open_2017_05_08_close_2017_05_08_flight_Fixed Wing_N550ND_before_0_189617,open_2017_05_08_close_2017_05_08_flight_Fixed Wing_N550ND_before_0_189617,219,1095,1124,9.220000000453865e-05,0.00029960000000528453,6.0,0.0,0.0,0.21000000000000085,6.1200000000000045,0.36,1.5399999999999991,0.04,0.12,7.200000000000017,5.599999999999994,0.0,0.0,0.0,0.0,0.16999999999999815,0.0,0.020000000000000018,0.060000000000002274,0.01999999999999602,1.599999999999909,0.8199999999999932,0.660000000000025,4.560000000000173,9.86999999999989,1.0,0.0,0.0,0.0,0.0,0.0,0.0,35.39999999999998,0.0,1.0
open_2017_05_08_close_2017_05_08_flight_Fixed Wing_N550ND_before_0_189617,open_2017_05_08_close_2017_05_08_flight_Fixed Wing_N550ND_before_0_189617,220,1100,1129,0.00018649999999809097,0.00027199999999538704,3.0,0.0,0.0,0.0799999999999983,43.690000000000026,0.33000000000000007,2.99,0.010000000000000002,0.09,3.6999999999999886,5.5,0.0,0.0,0.10000000000000009,1.3645500000000002e-18,0.120000000000001,0.0,0.0,0.0,0.060000000000002274,3.199999999999818,0.5699999999999932,0.5299999999999727,2.259999999999991,5.099999999999909,0.0,0.0,0.0,0.0,0.0,0.0,0.0,70.89999999999998,0.0,0.0
open_2017_05_08_close_2017_05_08_flight_Fixed Wing_N550ND_before_0_189617,open_2017_05_08_close_2017_05_08_flight_Fixed Wing_N550ND_before_0_189617,221,1105,1134,0.00025079999999633174,0.00017909999999687898,11.0,0.0,0.0,1.009999999999998,73.38,1.46,1.3399999999999999,0.01,0.11,5.400000000000006,2.0999999999999943,0.0,0.0,0.10000000000000009,0.0,0.0,0.0,0.040000000000000036,0.020000000000010232,0.27000000000001023,5.0,0.6500000000000341,0.6100000000000136,8.789999999999964,11.129999999999882,2.0,0.0,0.0,0.0,0.0,0.0,0.0,153.60000000000002,0.0,0.0
open_2017_05_08_close_2017_05_08_flight_Fixed Wing_N550ND_before_0_189617,open_2017_05_08_close_2017_05_08_flight_Fixed Wing_N550ND_before_0_189617,222,1110,1139,0.0003224000000017213,2.920000000017353e-05,2.0,0.0,0.0,0.4299999999999997,98.13999999999999,0.38,4.62,0.019999999999999997,0.13,0.30000000000001137,3.4000000000000057,0.0,0.0,0.0,0.0,0.0,0.0,0.02999999999999936,0.009999999999990905,0.15000000000000568,1.900000000000091,0.26000000000004775,0.3499999999999659,3.9500000000000455,3.8999999999998636,0.0,0.0,0.0,0.0,0.0,0.0,0.0,3.9000000000000057,0.0,0.0
open_2017_05_08_close_2017_05_08_flight_Fixed Wing_N550ND_before_0_189617,open_2017_05_08_close_2017_05_08_flight_Fixed Wing_N550ND_before_0_189617,223,1115,1144,0.00026820000000071786,4.70000000092341e-05,10.0,0.0,0.0,0.21999999999999886,94.84000000000003,0.030000000000000027,1.8899999999999997,0.03,0.1,3.0,0.9000000000000057,0.0,0.0,0.0,1.3645500000000002e-18,0.10999999999999943,0.0,0.0,0.020000000000010232,0.14000000000000057,6.900000000000091,0.18000000000000682,0.2899999999999636,4.25,2.410000000000082,1.0,0.0,0.0,0.0,0.0,0.0,0.0,31.5,0.0,0.0
open_2017_05_08_close_2017_05_08_flight_Fixed Wing_N550ND_before_0_189617,open_2017_05_08_close_2017_05_08_flight_Fixed Wing_N550ND_before_0_189617,224,1120,1149,0.0002873000000036541,8.899999997424857e-06,12.0,0.0,0.0,0.18999999999999773,163.01,0.43,1.14,0.03,0.010000000000000002,3.9000000000000057,0.0,0.0,0.0,0.0,1.3645500000000002e-18,0.07000000000000028,0.0,0.010000000000000231,0.009999999999990905,0.15000000000000568,2.0,0.27000000000003865,0.3300000000000409,1.6099999999999,0.9500000000000455,2.0,0.0,0.0,0.0,0.0,0.0,0.0,39.39999999999998,0.0,0.0
open_2017_05_08_close_2017_05_08_flight_Fixed Wing_N550ND_before_0_189617,open_2017_05_08_close_2017_05_08_flight_Fixed Wing_N550ND_before_0_189617,225,1125,1154,0.00031779999999770325,8.899999997424857e-06,4.0,0.0,0.0,0.28999999999999915,74.75,0.74,0.97,0.030000000000000002,0.05,2.0999999999999943,0.09999999999999432,0.0,0.0,0.10000000000000009,1.3645500000000002e-18,0.08999999999999986,0.0,0.08999999999999986,0.009999999999990905,0.07000000000000739,2.099999999999909,0.19999999999998863,0.27000000000003865,0.6700000000000728,0.2300000000000182,2.0,0.0,0.0,0.0,0.0,0.0,0.0,27.599999999999994,0.0,0.5
open_2017_05_08_close_2017_05_08_flight_Fixed Wing_N550ND_before_0_189617,open_2017_05_08_close_2017_05_08_flight_Fixed Wing_N550ND_before_0_189617,226,1130,1159,0.0003025000000036471,2.159999999662432e-05,8.0,0.0,0.0,0.28000000000000114,46.950000000000045,0.98,0.42000000000000004,0.01,0.08,1.1999999999999886,0.39999999999997726,0.0,0.0,0.0,0.1,0.0799999999999983,0.0,0.019999999999999574,0.009999999999990905,0.22999999999998977,6.899999999999864,0.18000000000000682,0.20999999999997954,0.15000000000009095,0.5299999999999727,0.0,0.0,0.0,0.0,0.0,0.0,0.0,19.69999999999999,0.0,0.5
open_2017_05_08_close_2017_05_08_flight_Fixed Wing_N550ND_before_0_189617,open_2017_05_08_close_2017_05_08_flight_Fixed Wing_N550ND_before_0_189617,227,1135,1164,0.00024909999999778165,1.3999999993075107e-05,1.0,0.0,0.0,1.279999999999994,57.97000000000003,1.7300000000000004,2.74,0.010000000000000002,0.13,0.4000000000000057,0.19999999999998863,0.0,0.0,0.10000000000000009,1.3645500000000002e-18,0.0,0.0,0.2899999999999998,0.020000000000010232,1.7299999999999969,84.69999999999982,0.18000000000000682,0.20000000000004547,9.539999999999964,21.069999999999936,0.0,0.0,0.0,0.0,0.0,0.0,0.0,94.5,0.0,0.0
open_2017_05_08_close_2017_05_08_flight_Fixed Wing_N550ND_before_0_189617,open_2017_05_08_close_2017_05_08_flight_Fixed Wing_N550ND_before_0_189617,228,1140,1169,0.00025070000000226855,1.3000000080864993e-06,4.0,0.0,0.0,1.6700000000000017,126.44,3.0599999999999996,0.37000000000000005,0.27,0.28,1.9000000000000057,1.4000000000000057,0.10000000000000142,0.10000000000000142,0.20000000000000107,0.09999999999999998,0.08000000000000185,0.0,0.040000000000000036,0.08999999999997499,0.25,13.600000000000023,0.3199999999999932,0.19999999999998863,48.180000000000064,34.00999999999999,4.0,0.0,0.0,0.0,0.0,0.0,0.0,19.599999999999998,0.0,0.0
open_2017_05_08_close_2017_05_08_flight_Fixed Wing_N550ND_before_0_189617,open_2017_05_08_close_2017_05_08_flight_Fixed Wing_N550ND_before_0_189617,229,1145,1174,0.00023490000000236932,2.920000000017353e-05,2.0,0.0,0.0,1.0700000000000003,3.230000000000004,0.8999999999999999,0.33999999999999997,0.05,0.09,0.09999999999999432,0.5,0.1999999999999993,0.1999999999999993,0.5999999999999996,1.3645500000000002e-18,0.0,0.0,0.0,0.06999999999999318,0.1700000000000017,7.899999999999977,0.5500000000000114,0.37000000000000455,26.139999999999986,12.889999999999986,1.0,0.0,0.0,0.0,0.0,0.0,0.0,7.8,0.0,0.0
open_2017_05_08_close_2017_05_08_flight_Fixed Wing_N550ND_before_0_189617,open_2017_05_08_close_2017_05_08_flight_Fixed Wing_N550ND_before_0_189617,230,1150,1179,0.00021610000000293894,2.920000000017353e-05,1.0,0.0,0.0,1.259999999999998,36.31,0.0,0.14999999999999997,0.0,0.09000000000000001,1.0,1.1000000000000227,0.0,0.0,0.40000000000000036,0.0,0.0799999999999983,0.0,3.750000000000001,0.11000000000001364,4.859999999999999,558.1000000000001,0.3300000000000409,0.18000000000000682,84.42000000000007,55.15999999999997,1.0,0.0,0.0,0.0,0.0,0.0,0.0,3.9,0.0,0.5
open_2017_05_08_close_2017_05_08_flight_Fixed Wing_N550ND_before_0_189617,open_2017_05_08_close_2017_05_08_flight_Fixed Wing_N550ND_before_0_189617,231,1155,1184,0.00020709999999724005,2.159999999662432e-05,1.0,0.0,0.0,2.5799999999999983,15.950000000000003,0.29000000000000004,0.16,0.01,0.02,0.19999999999998863,0.09999999999999432,0.0,0.0,0.20000000000000018,0.0,0.1999999999999993,0.0,0.03999999999999915,0.030000000000001137,0.20999999999999375,0.09999999999990905,0.13999999999998636,0.18999999999999773,37.15000000000009,22.24000000000001,1.0,0.0,0.0,0.0,0.0,0.0,0.0,0.0,0.0,0.0
open_2017_05_08_close_2017_05_08_flight_Fixed Wing_N550ND_before_0_189617,open_2017_05_08_close_2017_05_08_flight_Fixed Wing_N550ND_before_0_189617,232,1160,1189,0.0002460999999982505,1.3000000080864993e-06,7.0,0.0,0.0,0.259999999999998,85.16000000000003,0.3099999999999987,0.5800000000000001,0.07,0.019999999999999997,2.1999999999999886,0.30000000000001137,0.0,0.0,0.20000000000000018,0.0,0.11999999999999744,0.0,0.0799999999999983,0.05000000000001137,0.14999999999999147,4.0,0.2599999999999909,0.08000000000004093,11.879999999999882,9.269999999999982,0.0,0.0,0.0,0.0,0.0,0.0,0.0,35.400000000000034,0.0,0.5
open_2017_05_08_close_2017_05_08_flight_Fixed Wing_N550ND_before_0_189617,open_2017_05_08_close_2017_05_08_flight_Fixed Wing_N550ND_before_0_189617,233,1165,1194,0.0002902000000020166,1.5700000005836046e-05,10.0,0.0,0.0,0.23000000000000398,8.309999999999945,1.2299999999999986,1.13,0.04,0.16999999999999998,1.8999999999999773,0.39999999999997726,0.09999999999999787,0.0,0.0,0.0,0.21000000000000085,0.0,0.08000000000000007,0.060000000000002274,0.3299999999999983,2.099999999999909,0.4800000000000182,0.160000000000025,4.639999999999873,3.5,1.0,0.0,0.0,0.0,0.0,0.0,0.0,35.5,0.0,0.5
open_2017_05_08_close_2017_05_08_flight_Fixed Wing_N550ND_before_0_189617,open_2017_05_08_close_2017_05_08_flight_Fixed Wing_N550ND_before_0_189617,234,1170,1199,0.0003359999999972274,3.0199999997648774e-05,7.0,0.0,0.0,1.3799999999999955,0.6100000000000136,0.14000000000000057,0.73,0.009999999999999995,0.1,0.8000000000000114,0.09999999999999432,0.0,0.0,0.10000000000000009,0.0,0.0,0.0,0.02000000000000135,0.020000000000010232,0.35999999999999943,7.199999999999818,0.6399999999999864,0.2799999999999727,2.1000000000001364,2.099999999999909,3.0,0.0,0.0,0.0,0.0,0.0,0.0,98.5,0.0,0.0
open_2017_05_08_close_2017_05_08_flight_Fixed Wing_N550ND_before_0_189617,open_2017_05_08_close_2017_05_08_flight_Fixed Wing_N550ND_before_0_189617,235,1175,1204,0.00031150000000224054,6.750000000010914e-05,7.0,0.0,0.1999999999999993,1.0100000000000051,75.36999999999998,0.40000000000000036,1.1999999999999997,0.019999999999999997,0.009999999999999995,1.0,0.0,0.0,0.09999999999999787,0.0,0.0,0.03999999999999915,0.0,0.0,0.009999999999990905,0.30000000000001137,1.2000000000002728,0.8199999999999932,0.5099999999999909,2.300000000000182,2.410000000000082,1.0,0.0,0.0,0.0,0.0,0.0,0.0,86.60000000000002,0.0,0.0
open_2017_05_08_close_2017_05_08_flight_Fixed Wing_N550ND_before_0_189617,open_2017_05_08_close_2017_05_08_flight_Fixed Wing_N550ND_before_0_189617,236,1180,1209,0.0002937000000002854,3.329999999834854e-05,9.0,0.0,0.0,0.03999999999999204,16.139999999999986,0.4599999999999991,2.33,0.030000000000000002,0.13,2.0,1.0999999999999943,0.0,0.0,0.10000000000000009,0.0,0.0,0.0,0.0600000000000005,0.01999999999998181,0.3499999999999943,8.400000000000091,0.7699999999999818,0.4900000000000091,2.6100000000001273,2.089999999999918,2.0,0.0,0.0,0.0,0.0,0.0,0.0,27.600000000000023,0.0,0.0
open_2017_05_08_close_2017_05_08_flight_Fixed Wing_N550ND_before_0_189617,open_2017_05_08_close_2017_05_08_flight_Fixed Wing_N550ND_before_0_189617,237,1185,1214,0.00031419999999826587,2.849999999909869e-05,9.0,0.0,0.0,0.4099999999999966,2.0499999999999545,0.41999999999999993,1.71,0.020000000000000004,0.04,0.30000000000001137,0.19999999999998863,0.0,0.0,0.0,1.3645500000000002e-18,0.029999999999997584,0.0,0.08000000000000007,0.04999999999998295,0.5,3.300000000000182,0.8100000000000023,0.5299999999999727,1.4200000000000728,0.8100000000001728,1.0,0.0,0.0,0.0,0.0,0.0,0.0,15.699999999999932,0.0,0.0
open_2017_05_08_close_2017_05_08_flight_Fixed Wing_N550ND_before_0_189617,open_2017_05_08_close_2017_05_08_flight_Fixed Wing_N550ND_before_0_189617,238,1190,1219,0.00036889999999800693,2.0900000009760333e-05,9.0,0.0,0.0,0.36999999999999034,22.110000000000014,0.39000000000000057,0.05999999999999961,0.04000000000000001,0.07,1.6999999999999886,0.09999999999999432,0.0,0.0,0.10000000000000009,0.1,0.0,0.0,0.08000000000000007,0.05000000000001137,0.12000000000000455,3.799999999999727,0.8299999999999841,0.5900000000000318,0.6099999999999,0.2599999999999909,0.0,0.0,0.0,0.0,0.0,0.0,0.0,74.80000000000007,0.0,0.0
open_2017_05_08_close_2017_05_08_flight_Fixed Wing_N550ND_before_0_189617,open_2017_05_08_close_2017_05_08_flight_Fixed Wing_N550ND_before_0_189617,239,1195,1224,0.00036180000000030077,2.0900000009760333e-05,11.0,0.0,0.0,0.269999999999996,6.3700000000000045,0.2900000000000009,0.4099999999999999,0.05,0.01,1.1999999999999886,0.10000000000002274,0.0,0.0,0.0,0.1,0.0,0.0,0.14000000000000057,0.03999999999999204,0.2600000000000051,6.400000000000091,0.8299999999999841,0.6700000000000159,0.8299999999999272,0.1799999999998363,0.0,0.0,0.0,0.0,0.0,0.0,0.0,3.8999999999999773,0.0,0.0
open_2017_05_08_close_2017_05_08_flight_Fixed Wing_N550ND_before_0_189617,open_2017_05_08_close_2017_05_08_flight_Fixed Wing_N550ND_before_0_189617,240,1200,1229,0.0003776000000002,2.0900000009760333e-05,11.0,0.0,0.0,0.22999999999998977,6.440000000000055,0.019999999999999574,0.73,0.049999999999999996,0.03,1.3999999999999773,0.5,0.0,0.0,0.0,0.0,0.0,0.0,0.019999999999999574,0.04999999999998295,0.20999999999999375,0.09999999999990905,0.9699999999999704,0.8299999999999841,1.0799999999999272,0.9399999999998272,1.0,0.0,0.0,0.0,0.0,0.0,0.0,185.10000000000002,0.0,0.0
open_2017_05_08_close_2017_05_08_flight_Fixed Wing_N550ND_before_0_189617,open_2017_05_08_close_2017_05_08_flight_Fixed Wing_N550ND_before_0_189617,241,1205,1234,0.00035959999999590764,5.8199999998009844e-05,19.0,0.0,0.0,0.0799999999999983,114.81999999999994,0.5600000000000005,1.21,0.020000000000000004,0.05,1.0999999999999943,0.4000000000000057,0.0,0.0,0.10000000000000009,0.0,0.019999999999999574,0.0,0.0600000000000005,0.020000000000010232,0.09999999999999432,8.099999999999909,0.75,0.5500000000000114,1.490000000000009,1.1600000000000819,3.0,0.0,0.0,0.0,0.0,0.0,0.0,23.59999999999991,0.0,0.0
open_2017_05_08_close_2017_05_08_flight_Fixed Wing_N550ND_before_0_189617,open_2017_05_08_close_2017_05_08_flight_Fixed Wing_N550ND_before_0_189617,242,1210,1239,0.0004097999999999047,4.899999998997373e-05,8.0,0.0,0.3000000000000007,0.37000000000000455,16.620000000000005,0.08999999999999986,0.8499999999999996,0.020000000000000004,0.05,1.0999999999999943,0.5,0.0,0.0,0.10000000000000009,0.1,0.0,0.0,0.009999999999999787,0.0,0.010000000000005116,4.400000000000091,0.9200000000000159,0.8000000000000114,0.5099999999999909,0.4900000000000091,0.0,0.0,0.0,0.0,0.0,0.0,0.0,74.79999999999995,0.0,0.0
open_2017_05_08_close_2017_05_08_flight_Fixed Wing_N550ND_before_0_189617,open_2017_05_08_close_2017_05_08_flight_Fixed Wing_N550ND_before_0_189617,243,1215,1244,0.0004095000000035043,7.860000000903256e-05,9.0,0.0,0.0,0.0,47.76999999999998,0.05999999999999872,5.0,0.020000000000000004,0.11,0.19999999999998863,0.0,0.0,0.0,0.0,0.0,0.05000000000000071,0.0,0.010000000000001563,0.0,0.4399999999999977,2.900000000000091,0.8700000000000045,0.7800000000000296,0.03999999999996362,0.19000000000005457,2.0,0.0,0.0,0.0,0.0,0.0,0.0,118.10000000000002,0.0,0.0
open_2017_05_08_close_2017_05_08_flight_Fixed Wing_N550ND_before_0_189617,open_2017_05_08_close_2017_05_08_flight_Fixed Wing_N550ND_before_0_189617,244,1220,1249,0.00043589999999937845,6.900000002474371e-06,18.0,0.0,0.0,0.18999999999999773,108.84000000000003,0.7599999999999998,2.41,0.03,0.06,0.0,0.6999999999999886,0.0,0.0,0.0,0.1,0.10000000000000142,0.0,0.08000000000000007,0.009999999999990905,0.5599999999999881,0.09999999999990905,0.7900000000000205,0.6299999999999955,0.11000000000012733,0.2300000000000182,0.0,0.0,0.0,0.0,0.0,0.0,0.0,59.10000000000002,0.0,0.0
open_2017_05_08_close_2017_05_08_flight_Fixed Wing_N550ND_before_0_189617,open_2017_05_08_close_2017_05_08_flight_Fixed Wing_N550ND_before_0_189617,245,1225,1254,0.00032420000000144,0.0001288000000130296,23.0,0.0,0.0,0.8599999999999994,153.75,0.6799999999999997,10.07,0.11000000000000001,0.13,7.0,4.299999999999983,0.0,0.0,0.09999999999999964,0.1,0.03999999999999915,0.0,0.019999999999999574,0.01999999999998181,0.35999999999999943,0.5,0.7599999999999909,0.6000000000000227,0.4699999999997999,1.0299999999999727,0.0,0.0,0.0,0.0,0.0,0.0,0.0,70.80000000000007,0.0,0.0
open_2017_05_08_close_2017_05_08_flight_Fixed Wing_N550ND_before_0_189617,open_2017_05_08_close_2017_05_08_flight_Fixed Wing_N550ND_before_0_189617,246,1230,1259,0.0003284999999948468,0.0003776000000073054,2.0,0.0,0.0,2.5799999999999983,219.23000000000002,0.9499999999999997,0.5,0.0,0.01,7.300000000000011,5.5,0.0,0.0,0.0,0.1,0.10999999999999943,0.0,0.19000000000000128,0.03999999999999204,0.45999999999999375,4.0,0.8199999999999932,0.6800000000000068,0.30999999999994543,2.009999999999991,1.0,0.0,0.0,0.0,0.0,0.0,0.0,153.5,0.0,0.0
open_2017_05_08_close_2017_05_08_flight_Fixed Wing_N550ND_before_0_189617,open_2017_05_08_close_2017_05_08_flight_Fixed Wing_N550ND_before_0_189617,247,1235,1264,0.00018359999999972842,0.0007149000000055139,3.0,0.0,0.0,1.1499999999999915,31.11,0.33999999999999986,3.3500000000000014,0.03,0.04000000000000001,7.299999999999997,5.5,0.0,0.0,0.0,0.0,0.0400000000000027,0.0,1.1500000000000004,0.060000000000002274,0.35999999999999943,34.0,0.6800000000000068,0.589999999999975,5.929999999999836,5.849999999999909,3.0,0.0,0.0,0.0,0.0,0.0,0.0,94.5,0.0,0.0
open_2017_05_08_close_2017_05_08_flight_Fixed Wing_N550ND_before_0_189617,open_2017_05_08_close_2017_05_08_flight_Fixed Wing_N550ND_before_0_189617,248,1240,1269,1.4600000000086766e-05,0.0006625000000042292,4.0,0.0,0.0,0.6400000000000006,65.83000000000004,0.3799999999999999,0.7799999999999976,0.07,0.03,6.5,3.5,0.0,0.0,0.10000000000000009,0.1,0.08999999999999986,0.0,0.5700000000000003,0.060000000000002274,0.0899999999999892,15.700000000000273,0.6700000000000159,0.5699999999999932,3.0599999999999454,5.019999999999982,1.0,0.0,0.0,0.0,0.0,0.0,0.0,23.600000000000023,0.0,0.0
open_2017_05_08_close_2017_05_08_flight_Fixed Wing_N550ND_before_0_189617,open_2017_05_08_close_2017_05_08_flight_Fixed Wing_N550ND_before_0_189617,249,1245,1274,0.00017069999999819174,0.0006424000000038177,0.0,0.0,0.0,1.2399999999999949,133.15999999999997,0.44999999999999973,2.3000000000000007,0.04,0.03,6.600000000000001,5.099999999999994,0.0,0.0,0.10000000000000009,0.1,0.0,0.0,0.020000000000000462,0.030000000000001137,0.05000000000001137,17.09999999999991,0.5400000000000205,0.5199999999999818,5.379999999999882,2.5,1.0,0.0,0.0,0.0,0.0,0.0,0.0,153.5,0.0,0.5
open_2017_05_08_close_2017_05_08_flight_Fixed Wing_N550ND_before_0_189617,open_2017_05_08_close_2017_05_08_flight_Fixed Wing_N550ND_before_0_189617,250,1250,1279,0.00031419999999826587,0.0004745000000099253,0.0,0.0,0.0,1.230000000000004,9.489999999999995,0.4999999999999999,1.0299999999999976,0.03,0.05,6.0,5.400000000000006,0.0,0.0,0.10000000000000009,1.3645500000000002e-18,0.1999999999999993,0.0,0.04999999999999982,0.0,0.18999999999999773,7.900000000000091,0.4300000000000068,0.46999999999997044,2.4600000000000364,0.8700000000001182,2.0,0.0,0.0,0.0,0.0,0.0,0.0,3.8999999999999773,0.0,0.0
open_2017_05_08_close_2017_05_08_flight_Fixed Wing_N550ND_before_0_189617,open_2017_05_08_close_2017_05_08_flight_Fixed Wing_N550ND_before_0_189617,251,1255,1284,0.00036139999999562633,0.000155400000011241,5.0,0.0,0.0,1.8500000000000085,152.82,1.02,2.6099999999999994,0.020000000000000004,0.04,3.6999999999999886,4.600000000000001,0.0,0.0,0.10000000000000009,1.3645500000000002e-18,0.10000000000000142,0.0,0.040000000000000036,0.020000000000010232,0.09000000000000341,3.399999999999636,0.2999999999999545,0.37999999999999545,0.9499999999998181,0.39000000000010004,1.0,0.0,0.0,0.0,0.0,0.0,0.0,4.0,0.0,0.0
open_2017_05_08_close_2017_05_08_flight_Fixed Wing_N550ND_before_0_189617,open_2017_05_08_close_2017_05_08_flight_Fixed Wing_N550ND_before_0_189617,252,1260,1289,0.00041149999999845477,6.40000000373675e-06,7.0,0.0,0.0,0.04000000000000625,186.77,0.18999999999999995,2.88,0.04000000000000001,0.07,1.8000000000000114,358.6,0.0,0.0,0.0,1.3645500000000002e-18,0.0,0.0,0.03000000000000025,0.01999999999998181,0.2599999999999909,4.200000000000273,0.36000000000001364,0.39999999999997726,0.5899999999999181,0.5099999999999909,1.0,0.0,0.0,0.0,0.0,0.0,0.0,86.60000000000002,0.0,0.0
open_2017_05_08_close_2017_05_08_flight_Fixed Wing_N550ND_before_0_189617,open_2017_05_08_close_2017_05_08_flight_Fixed Wing_N550ND_before_0_189617,253,1265,1294,0.0007469000000028814,8.899999997424857e-06,2.0,0.0,0.0,0.7000000000000028,172.60000000000002,0.6099999999999999,2.7899999999999996,0.020000000000000004,0.06,0.7999999999999545,1.2999999999999545,0.0,0.0,0.10000000000000009,1.3645500000000002e-18,0.48999999999999844,0.0,0.020000000000000462,0.009999999999990905,0.10999999999999943,1.099999999999909,0.1500000000000341,0.2599999999999909,0.049999999999954525,0.9400000000000546,1.0,0.0,0.0,0.0,0.0,0.0,0.0,3.9000000000000057,0.0,0.0
open_2017_05_08_close_2017_05_08_flight_Fixed Wing_N550ND_before_0_189617,open_2017_05_08_close_2017_05_08_flight_Fixed Wing_N550ND_before_0_189617,254,1270,1299,0.00035049999999614556,4.0000000467443897e-07,2.0,0.0,0.0,0.060000000000002274,57.97,0.1200000000000001,2.13,0.030000000000000002,0.0,0.5999999999999659,0.39999999999997726,0.0,0.0,0.0,1.3645500000000002e-18,0.15000000000000213,0.0,0.08000000000000007,0.009999999999990905,0.13000000000000966,9.0,0.01999999999998181,0.11000000000001364,0.15999999999985448,0.2999999999999545,0.0,0.0,0.0,0.0,0.0,0.0,0.0,31.5,0.0,0.0
open_2017_05_08_close_2017_05_08_flight_Fixed Wing_N550ND_before_0_189617,open_2017_05_08_close_2017_05_08_flight_Fixed Wing_N550ND_before_0_189617,255,1275,1304,0.00038070000000089976,3.7800000001197986e-05,3.0,0.0,0.0,0.0799999999999983,43.989999999999995,0.5999999999999996,1.7600000000000002,0.009999999999999998,0.01,0.20000000000004547,0.10000000000002274,0.0,0.0,0.0,1.3645500000000002e-18,0.14999999999999858,0.0,0.009999999999999787,0.020000000000010232,0.12000000000000455,6.199999999999818,0.12000000000000455,0.12000000000000455,0.15999999999985448,0.22000000000002728,2.0,0.0,0.0,0.0,0.0,0.0,0.0,7.799999999999997,0.0,0.0
open_2017_05_08_close_2017_05_08_flight_Fixed Wing_N550ND_before_0_189617,open_2017_05_08_close_2017_05_08_flight_Fixed Wing_N550ND_before_0_189617,256,1280,1309,0.00036509999999623233,3.2500000003210516e-05,4.0,0.0,0.0,0.6199999999999903,1.7800000000000011,0.0,1.23,0.009999999999999998,0.0,0.39999999999997726,0.4000000000000341,0.0,0.0,0.0,1.3645500000000002e-18,0.030000000000001137,0.0,0.09999999999999964,0.029999999999972715,0.3399999999999892,14.100000000000364,0.06999999999999318,0.01999999999998181,3.1000000000001364,0.4600000000000364,2.0,0.0,0.0,0.0,0.0,0.0,0.0,3.9000000000000057,0.0,0.0
open_2017_05_08_close_2017_05_08_flight_Fixed Wing_N550ND_before_0_189617,open_2017_05_08_close_2017_05_08_flight_Fixed Wing_N550ND_before_0_189617,257,1285,1314,0.0004115000000055602,2.089999999554948e-05,1.0,0.0,0.0,0.37000000000000455,45.139999999999986,0.25,0.4500000000000002,0.009999999999999998,0.0,0.30000000000001137,0.19999999999998863,0.0,0.0,0.10000000000000009,0.0,0.14999999999999858,0.0,0.05000000000000071,0.0,0.30999999999998806,5.099999999999909,0.12999999999999545,0.08999999999997499,0.7599999999999909,0.029999999999972715,1.0,0.0,0.0,0.0,0.0,0.0,0.0,59.099999999999994,0.0,0.0
open_2017_05_08_close_2017_05_08_flight_Fixed Wing_N550ND_before_0_189617,open_2017_05_08_close_2017_05_08_flight_Fixed Wing_N550ND_before_0_189617,258,1290,1319,0.00032729999999503434,1.3199999997937084e-05,7.0,0.0,0.0,0.01999999999999602,49.629999999999995,0.16999999999999993,0.31000000000000005,0.01,0.02,0.6999999999999886,0.10000000000002274,0.0,0.0,0.10000000000000009,0.1,0.05000000000000071,0.0,0.0,0.020000000000010232,0.30000000000001137,1.900000000000091,0.2400000000000091,0.12000000000000455,0.8799999999998818,0.18000000000006366,1.0,0.0,0.0,0.0,0.0,0.0,0.0,11.799999999999983,0.0,0.0
open_2017_05_08_close_2017_05_08_flight_Fixed Wing_N550ND_before_0_189617,open_2017_05_08_close_2017_05_08_flight_Fixed Wing_N550ND_before_0_189617,259,1295,1324,0.0003506999999984828,1.7300000010322947e-05,6.0,0.0,0.0,0.25,49.06999999999999,0.46999999999999975,0.33000000000000007,0.039999999999999994,0.01,0.6999999999999886,0.0,0.0,0.0,0.10000000000000009,1.3645500000000002e-18,0.0799999999999983,0.0,0.05000000000000071,0.040000000000020464,0.5499999999999972,8.400000000000091,0.27000000000003865,0.18999999999999773,0.8799999999998818,0.20000000000004547,1.0,0.0,0.0,0.0,0.0,0.0,0.0,70.9,0.0,0.5
open_2017_05_08_close_2017_05_08_flight_Fixed Wing_N550ND_before_0_189617,open_2017_05_08_close_2017_05_08_flight_Fixed Wing_N550ND_before_0_189617,260,1300,1329,0.0004045999999959804,5.5400000007921335e-05,4.0,0.0,0.0,0.14000000000000057,75.38999999999999,0.08999999999999986,0.7000000000000002,0.03,0.05,1.1999999999999886,0.2999999999999545,0.0,0.0,0.10000000000000009,0.1,0.030000000000001137,0.0,0.1200000000000001,0.030000000000001137,0.23999999999999488,5.099999999999909,0.2599999999999909,0.2599999999999909,0.40000000000009095,0.5099999999999909,2.0,0.0,0.0,0.0,0.0,0.0,0.0,15.8,0.0,0.0
open_2017_05_08_close_2017_05_08_flight_Fixed Wing_N550ND_before_0_189617,open_2017_05_08_close_2017_05_08_flight_Fixed Wing_N550ND_before_0_189617,261,1305,1334,0.0003395000000026016,1.650000000097407e-05,3.0,0.0,0.0,0.0799999999999983,57.43000000000001,0.45999999999999996,2.11,0.030000000000000002,0.11,0.0,0.39999999999997726,0.0,0.0,0.0,1.3645500000000002e-18,0.05000000000000071,0.0,0.0,0.03999999999999204,0.29999999999999716,10.900000000000091,0.32000000000005,0.2699999999999818,0.15000000000009095,0.5900000000001455,0.0,0.0,0.0,0.0,0.0,0.0,0.0,70.9,0.0,0.0
open_2017_05_08_close_2017_05_08_flight_Fixed Wing_N550ND_before_0_189617,open_2017_05_08_close_2017_05_08_flight_Fixed Wing_N550ND_before_0_189617,262,1310,1339,0.00035909999999717,6.40000000373675e-06,0.0,0.0,0.0,0.20999999999999375,0.09999999999999987,0.1299999999999999,0.82,0.019999999999999997,0.02,0.30000000000001137,0.2999999999999545,0.0,0.0,0.0,1.3645500000000002e-18,0.08000000000000185,0.0,0.07000000000000028,0.03999999999999204,0.060000000000002274,3.699999999999818,0.2400000000000091,0.15999999999996817,0.35999999999989996,0.44000000000005457,0.0,0.0,0.0,0.0,0.0,0.0,0.0,63.0,0.0,0.0
open_2017_05_08_close_2017_05_08_flight_Fixed Wing_N550ND_before_0_189617,open_2017_05_08_close_2017_05_08_flight_Fixed Wing_N550ND_before_0_189617,263,1315,1344,0.00037490000000417467,3.2500000003210516e-05,2.0,0.0,0.0,0.1799999999999926,12.740000000000009,0.32000000000000006,0.24,0.05,0.04000000000000001,0.19999999999998863,0.10000000000002274,0.0,0.0,0.0,1.3645500000000002e-18,0.120000000000001,0.0,0.0600000000000005,0.03999999999999204,0.3499999999999943,13.800000000000182,0.339999999999975,0.30000000000001137,0.5499999999999545,0.18000000000006366,1.0,0.0,0.0,0.0,0.0,0.0,0.0,51.19999999999999,0.0,0.0
open_2017_05_08_close_2017_05_08_flight_Fixed Wing_N550ND_before_0_189617,open_2017_05_08_close_2017_05_08_flight_Fixed Wing_N550ND_before_0_189617,264,1320,1349,0.0003639999999975885,5.1399999989598655e-05,6.0,0.0,0.0,0.3499999999999943,4.75,0.25,1.16,0.0,0.09,1.099999999999966,0.30000000000001137,0.0,0.0,0.0,1.3645500000000002e-18,0.030000000000001137,0.0,0.0,0.03999999999999204,0.060000000000002274,5.5,0.35000000000002274,0.28000000000002956,0.6600000000000819,0.8399999999999181,1.0,0.0,0.0,0.0,0.0,0.0,0.0,55.10000000000002,0.0,0.0
open_2017_05_08_close_2017_05_08_flight_Fixed Wing_N550ND_before_0_189617,open_2017_05_08_close_2017_05_08_flight_Fixed Wing_N550ND_before_0_189617,265,1325,1354,0.0003989000000004239,3.5999999994373866e-06,5.0,0.0,0.0,0.03999999999999204,42.47,0.04999999999999982,0.32000000000000006,0.020000000000000004,0.02,0.30000000000001137,0.0,0.0,0.0,0.0,1.3645500000000002e-18,0.09999999999999787,0.0,0.0699999999999994,0.05000000000001137,0.06999999999999318,1.1000000000003638,0.35000000000002274,0.30000000000001137,0.009999999999990905,0.2300000000000182,1.0,0.0,0.0,0.0,0.0,0.0,0.0,0.0,0.0,0.0
open_2017_05_08_close_2017_05_08_flight_Fixed Wing_N550ND_before_0_189617,open_2017_05_08_close_2017_05_08_flight_Fixed Wing_N550ND_before_0_189617,266,1330,1359,0.0003299000000041019,8.710000000178297e-05,0.0,0.0,0.0,0.060000000000002274,76.32000000000002,0.6900000000000004,0.040000000000000036,0.020000000000000004,0.010000000000000002,0.30000000000001137,0.0999999999999659,0.0,0.0,0.10000000000000009,1.3645500000000002e-18,0.120000000000001,0.0,0.0,0.030000000000001137,0.09000000000000341,7.699999999999818,0.2400000000000091,0.21000000000003638,0.2400000000000091,0.290000000000191,1.0,0.0,0.0,0.0,0.0,0.0,0.0,94.5,0.0,0.0
open_2017_05_08_close_2017_05_08_flight_Fixed Wing_N550ND_before_0_189617,open_2017_05_08_close_2017_05_08_flight_Fixed Wing_N550ND_before_0_189617,267,1335,1364,0.0003494999999986703,3.120000000933487e-05,6.0,0.0,0.0,0.4899999999999949,114.14999999999999,1.4000000000000004,0.30000000000000004,0.02,0.16,0.39999999999997726,0.10000000000002274,0.0,0.0,0.0,1.3645500000000002e-18,0.05000000000000071,0.0,1.1600000000000001,0.04999999999998295,2.799999999999997,139.70000000000005,0.34000000000003183,0.29000000000002046,3.7100000000000364,1.8300000000001546,2.0,0.0,0.0,0.0,0.0,0.0,0.0,19.69999999999999,0.0,0.0
open_2017_05_08_close_2017_05_08_flight_Fixed Wing_N550ND_before_0_189617,open_2017_05_08_close_2017_05_08_flight_Fixed Wing_N550ND_before_0_189617,268,1340,1369,0.00031569999999447873,4.479999999773554e-05,10.0,0.0,0.0,0.3499999999999943,30.230000000000018,0.46999999999999975,0.23,1.81093e-19,0.13,0.39999999999997726,0.19999999999998863,0.09999999999999787,0.1999999999999993,0.20000000000000018,0.2,0.0,0.0,0.009999999999999787,0.03999999999999204,0.28999999999999915,14.5,0.5300000000000296,0.37999999999999545,0.2400000000000091,13.190000000000055,2.0,0.0,0.0,0.0,0.0,0.0,0.0,47.19999999999993,0.0,0.0
open_2017_05_08_close_2017_05_08_flight_Fixed Wing_N550ND_before_0_189617,open_2017_05_08_close_2017_05_08_flight_Fixed Wing_N550ND_before_0_189617,269,1345,1374,0.0003819000000007122,2.800000000036107e-05,2.0,0.0,0.0,0.9099999999999966,119.16999999999999,0.56,0.5800000000000001,0.009999999999999998,0.09,1.3000000000000114,0.19999999999998863,0.0,0.0,0.10000000000000009,1.3645500000000002e-18,0.0,0.0,0.06000000000000005,0.020000000000010232,0.030000000000001137,2.1000000000001364,0.7200000000000273,0.410000000000025,2.5299999999999727,7.009999999999991,0.0,0.0,0.0,0.0,0.0,0.0,0.0,7.900000000000006,0.0,0.0
open_2017_05_08_close_2017_05_08_flight_Fixed Wing_N550ND_before_0_189617,open_2017_05_08_close_2017_05_08_flight_Fixed Wing_N550ND_before_0_189617,270,1350,1379,0.0003679999999945949,4.2399999998110616e-05,3.0,0.0,0.0,0.7199999999999989,47.51999999999998,1.1,2.22,0.01,0.16,0.30000000000001137,0.0999999999999659,0.0,0.0,0.10000000000000009,1.3645500000000002e-18,0.030000000000001137,0.0,0.029999999999999805,0.0700000000000216,0.060000000000002274,4.7000000000000455,0.7600000000000477,0.4700000000000273,1.9500000000000455,4.980000000000018,0.0,0.0,0.0,0.0,0.0,0.0,0.0,35.5,0.0,0.0
open_2017_05_08_close_2017_05_08_flight_Fixed Wing_N550ND_before_0_189617,open_2017_05_08_close_2017_05_08_flight_Fixed Wing_N550ND_before_0_189617,271,1355,1384,0.00027779999999921756,1.8699999998261774e-05,10.0,0.0,0.0,0.12000000000000455,100.36000000000001,0.33999999999999986,1.49,0.05,0.039999999999999994,1.1999999999999886,0.19999999999998863,0.0,0.0,0.10000000000000009,1.3645500000000002e-18,0.1999999999999993,0.0,0.010000000000000231,0.07999999999998408,0.05000000000000426,7.199999999999818,0.8499999999999659,0.5,2.9199999999998454,3.1200000000001182,1.0,0.0,0.0,0.0,0.0,0.0,0.0,27.600000000000023,0.0,0.0
open_2017_05_08_close_2017_05_08_flight_Fixed Wing_N550ND_before_0_189617,open_2017_05_08_close_2017_05_08_flight_Fixed Wing_N550ND_before_0_189617,272,1360,1389,0.0003456999999968957,0.00015519999999469292,10.0,0.0,0.0,1.2199999999999989,21.660000000000082,0.25999999999999995,4.240000000000002,0.05,0.049999999999999996,4.600000000000023,5.199999999999989,0.0,0.0,0.0,1.3645500000000002e-18,0.019999999999999574,0.0,0.020000000000000018,0.0800000000000125,0.3299999999999983,16.300000000000182,0.9200000000000159,0.5600000000000023,1.4700000000000273,3.099999999999909,3.0,0.0,0.0,0.0,0.0,0.0,0.0,23.59999999999991,0.0,0.0
open_2017_05_08_close_2017_05_08_flight_Fixed Wing_N550ND_before_0_189617,open_2017_05_08_close_2017_05_08_flight_Fixed Wing_N550ND_before_0_189617,273,1365,1394,0.00015489999999829251,0.0003300999999993337,13.0,0.0,0.0,0.09000000000000341,61.60000000000002,1.54,2.84,0.02,0.06,9.0,8.899999999999977,0.0,0.09999999999999787,0.0,1.3645500000000002e-18,0.0,0.0,0.8599999999999999,0.09000000000000341,3.289999999999999,160.4000000000001,0.8799999999999955,0.5799999999999841,6.490000000000009,5.940000000000055,0.0,0.0,0.0,0.0,0.0,0.0,0.0,51.200000000000045,0.0,0.0
open_2017_05_08_close_2017_05_08_flight_Fixed Wing_N550ND_before_0_189617,open_2017_05_08_close_2017_05_08_flight_Fixed Wing_N550ND_before_0_189617,274,1370,1399,5.850000000151567e-05,0.0004823999999956641,10.0,0.0,0.0,0.3499999999999943,28.99000000000001,0.29999999999999993,3.8499999999999996,0.010000000000000002,0.13,4.199999999999989,4.5,0.0,0.0,0.10000000000000009,0.1,0.07000000000000028,0.0,0.020000000000000018,0.05000000000001137,0.15000000000000568,2.7999999999999545,0.75,0.6000000000000227,1.3199999999999363,15.180000000000064,1.0,0.0,0.0,0.0,0.0,0.0,0.0,118.09999999999997,0.0,0.0
open_2017_05_08_close_2017_05_08_flight_Fixed Wing_N550ND_before_0_189617,open_2017_05_08_close_2017_05_08_flight_Fixed Wing_N550ND_before_0_189617,275,1375,1404,3.0100000003585592e-05,0.0004177999999939175,2.0,0.0,0.0,0.11999999999999034,116.42999999999998,0.07999999999999996,0.24000000000000005,0.009999999999999998,0.13,1.0,0.5999999999999659,0.0,0.09999999999999787,0.0,0.1,0.0,0.0,0.040000000000000036,0.01999999999998181,0.030000000000001137,2.7000000000000455,0.6100000000000136,0.6000000000000227,0.6200000000001182,6.990000000000009,2.0,0.0,0.0,0.0,0.0,0.0,0.0,110.19999999999999,0.0,0.0
open_2017_05_08_close_2017_05_08_flight_Fixed Wing_N550ND_before_0_189617,open_2017_05_08_close_2017_05_08_flight_Fixed Wing_N550ND_before_0_189617,276,1380,1409,3.309999999601132e-05,0.000468500000010863,13.0,0.0,0.0,0.18999999999999773,110.07999999999993,0.17999999999999994,0.29000000000000004,0.03,0.010000000000000002,0.2999999999999545,0.0,0.0,0.0,0.0,1.3645500000000002e-18,0.05000000000000071,0.0,0.020000000000000018,0.020000000000010232,0.10999999999999943,3.7999999999999545,1.349999999999966,1.3700000000000045,4.6599999999998545,5.089999999999918,2.0,0.0,0.0,0.0,0.0,0.0,0.0,51.200000000000045,0.0,0.0
open_2017_05_08_close_2017_05_08_flight_Fixed Wing_N550ND_before_0_189617,open_2017_05_08_close_2017_05_08_flight_Fixed Wing_N550ND_before_0_189617,277,1385,1414,7.039999999847169e-05,0.0004650000000054888,0.0,0.0,0.0,1.009999999999991,226.75999999999993,0.12,1.03,0.049999999999999996,0.05,1.599999999999966,0.6999999999999886,0.0,0.0,0.0,1.3645500000000002e-18,0.15000000000000213,0.0,0.009999999999999787,0.0,0.060000000000002274,2.7000000000000455,0.4800000000000182,0.4200000000000159,1.9299999999998363,1.75,1.0,0.0,0.0,0.0,0.0,0.0,0.0,59.099999999999994,0.0,0.0
open_2017_05_08_close_2017_05_08_flight_Fixed Wing_N550ND_before_0_189617,open_2017_05_08_close_2017_05_08_flight_Fixed Wing_N550ND_before_0_189617,278,1390,1419,6.49999999993156e-05,0.0004445000000004029,5.0,0.0,0.0,0.44000000000000483,20.149999999999977,0.47,5.79,0.03,0.08,1.1999999999999886,0.5999999999999659,0.0,0.0,0.10000000000000009,1.3645500000000002e-18,0.0,0.0,0.07999999999999963,0.01999999999998181,0.19000000000001194,2.0,0.47999999999996135,0.4600000000000364,1.4700000000000273,1.209999999999809,2.0,0.0,0.0,0.0,0.0,0.0,0.0,19.700000000000045,0.0,0.5
open_2017_05_08_close_2017_05_08_flight_Fixed Wing_N550ND_before_0_189617,open_2017_05_08_close_2017_05_08_flight_Fixed Wing_N550ND_before_0_189617,279,1395,1424,0.00017989999999912243,0.0003451000000040949,0.0,0.0,0.0,0.5399999999999991,182.60999999999999,0.15999999999999998,0.610000000000003,0.08,0.049999999999999996,5.199999999999989,8.299999999999983,0.0,0.0,0.0,1.3645500000000002e-18,0.10000000000000142,0.0,0.010000000000000231,0.020000000000010232,0.10999999999999943,8.299999999999955,0.4900000000000091,0.4300000000000068,1.2300000000000182,1.7999999999999545,0.0,0.0,0.0,0.0,0.0,0.0,0.0,66.90000000000003,0.0,0.0
open_2017_05_08_close_2017_05_08_flight_Fixed Wing_N550ND_before_0_189617,open_2017_05_08_close_2017_05_08_flight_Fixed Wing_N550ND_before_0_189617,280,1400,1429,0.0002739000000033798,9.11000000058948e-05,12.0,0.0,0.0,1.2600000000000051,64.26999999999998,0.9299999999999997,0.4800000000000004,0.03,0.0,5.800000000000011,7.300000000000011,0.0,0.0,0.0,1.3645500000000002e-18,0.17999999999999972,0.0,0.010000000000000231,0.020000000000010232,0.12000000000000455,6.900000000000091,0.44999999999998863,0.38999999999998636,0.11999999999989086,0.5600000000001728,2.0,0.0,0.0,0.0,0.0,0.0,0.0,31.5,0.0,0.0
open_2017_05_08_close_2017_05_08_flight_Fixed Wing_N550ND_before_0_189617,open_2017_05_08_close_2017_05_08_flight_Fixed Wing_N550ND_before_0_189617,281,1405,1434,0.00032110000000074024,2.2400000005973197e-05,8.0,0.0,0.0,0.25,75.94,0.9199999999999999,2.48,0.01,0.14,0.8000000000000114,1.1999999999999886,0.0,0.0,0.0,1.3645500000000002e-18,0.10000000000000142,0.0,0.020000000000000018,0.020000000000010232,0.030000000000001137,1.2000000000000455,0.38999999999998636,0.37000000000000455,0.18000000000006366,0.6900000000000546,1.0,0.0,0.0,0.0,0.0,0.0,0.0,7.800000000000011,0.0,0.0
open_2017_05_08_close_2017_05_08_flight_Fixed Wing_N550ND_before_0_189617,open_2017_05_08_close_2017_05_08_flight_Fixed Wing_N550ND_before_0_189617,282,1410,1439,0.000274500000003286,5.2999999994085556e-05,5.0,0.0,0.0,0.10999999999999943,20.660000000000025,0.75,1.5700000000000003,0.049999999999999996,0.11,1.9000000000000057,0.700000000000017,0.0,0.0,0.0,1.3645500000000002e-18,0.04999999999999716,0.0,0.23999999999999977,0.020000000000010232,1.3100000000000023,74.10000000000014,0.34000000000003183,0.3199999999999932,5.569999999999936,7.519999999999982,1.0,0.0,0.0,0.0,0.0,0.0,0.0,145.7,0.0,0.0
open_2017_05_08_close_2017_05_08_flight_Fixed Wing_N550ND_before_0_189617,open_2017_05_08_close_2017_05_08_flight_Fixed Wing_N550ND_before_0_189617,283,1415,1444,0.0002896999999961736,6.73999999918351e-05,6.0,0.0,0.0,0.12000000000000455,17.799999999999955,0.62,4.15,0.02,0.02,1.4000000000000057,0.5,0.0,0.0,0.0,1.3645500000000002e-18,0.15000000000000213,0.0,0.06999999999999984,0.0,0.1599999999999966,7.7000000000000455,0.27000000000003865,0.2799999999999727,2.7799999999999727,4.0900000000001455,1.0,0.0,0.0,0.0,0.0,0.0,0.0,3.8999999999999773,0.0,0.0
open_2017_05_08_close_2017_05_08_flight_Fixed Wing_N550ND_before_0_189617,open_2017_05_08_close_2017_05_08_flight_Fixed Wing_N550ND_before_0_189617,284,1420,1449,0.00030629999999831625,2.159999999662432e-05,6.0,0.0,0.0,0.3100000000000023,4.97999999999999,0.9500000000000002,0.17000000000000004,0.01,0.039999999999999994,1.1000000000000227,0.19999999999998863,0.0,0.0,0.0,0.1,0.10000000000000142,0.0,0.020000000000000462,0.020000000000010232,0.0,3.1000000000001364,0.12000000000000455,0.22000000000002728,3.130000000000109,3.4400000000000546,1.0,0.0,0.0,0.0,0.0,0.0,0.0,4.0,0.0,0.0
open_2017_05_08_close_2017_05_08_flight_Fixed Wing_N550ND_before_0_189617,open_2017_05_08_close_2017_05_08_flight_Fixed Wing_N550ND_before_0_189617,285,1425,1454,0.00027719999999931133,1.3000000080864993e-06,3.0,0.0,0.0,0.22999999999999687,26.539999999999992,0.5900000000000003,0.8700000000000001,0.01,0.05,1.0,0.20000000000001705,0.0,0.09999999999999787,0.10000000000000009,1.3645500000000002e-18,0.0,0.0,0.16999999999999993,0.020000000000010232,0.7299999999999898,54.100000000000136,0.009999999999990905,0.1400000000000432,2.9500000000000455,2.25,0.0,0.0,0.0,0.0,0.0,0.0,0.0,102.40000000000003,0.0,0.0
open_2017_05_08_close_2017_05_08_flight_Fixed Wing_N550ND_before_0_189617,open_2017_05_08_close_2017_05_08_flight_Fixed Wing_N550ND_before_0_189617,286,1430,1459,0.00024660000000409354,4.70000000092341e-05,7.0,0.0,0.0,0.20000000000000284,130.8,0.08999999999999986,0.4600000000000002,0.04,0.020000000000000004,2.0999999999999943,0.0,0.0,0.0,0.10000000000000009,1.3645500000000002e-18,0.030000000000001137,0.0,0.08000000000000007,0.0,0.15000000000000568,5.400000000000091,0.040000000000020464,0.18000000000000682,3.3299999999999272,8.730000000000018,1.0,0.0,0.0,0.0,0.0,0.0,0.0,129.89999999999998,0.0,0.0
open_2017_05_08_close_2017_05_08_flight_Fixed Wing_N550ND_before_0_189617,open_2017_05_08_close_2017_05_08_flight_Fixed Wing_N550ND_before_0_189617,287,1435,1464,0.0002741999999997802,8.100000002286833e-06,5.0,0.0,0.0,0.509999999999998,100.85000000000002,0.40000000000000036,0.3900000000000001,0.08,0.11,1.700000000000017,0.8999999999999773,0.0,0.09999999999999787,0.0,1.3645500000000002e-18,0.0,0.0,0.08999999999999986,0.09999999999999432,0.030000000000001137,7.299999999999727,0.339999999999975,0.060000000000002274,1.9400000000000546,2.0399999999999636,0.0,0.0,0.0,0.0,0.0,0.0,0.0,39.400000000000034,0.0,0.0
open_2017_05_08_close_2017_05_08_flight_Fixed Wing_N550ND_before_0_189617,open_2017_05_08_close_2017_05_08_flight_Fixed Wing_N550ND_before_0_189617,288,1440,1469,0.0002635000000026366,1.5700000005836046e-05,8.0,0.0,0.0,0.07000000000000028,17.939999999999998,1.3800000000000008,0.8999999999999999,0.05,0.14,2.5,0.39999999999997726,0.0,0.0,0.09999999999999987,0.1,0.14999999999999858,0.0,0.05000000000000071,0.06999999999999318,0.29999999999999716,5.800000000000182,0.4199999999999591,0.10000000000002274,0.8599999999999,0.5099999999999909,0.0,0.0,0.0,0.0,0.0,0.0,0.0,82.59999999999997,0.0,0.5
open_2017_05_08_close_2017_05_08_flight_Fixed Wing_N550ND_before_0_189617,open_2017_05_08_close_2017_05_08_flight_Fixed Wing_N550ND_before_0_189617,289,1445,1474,0.0002732999999963681,3.0899999998723615e-05,2.0,0.0,0.0,0.8999999999999986,63.64000000000004,0.16000000000000014,1.5,0.05,0.0,2.0,0.09999999999999432,0.0,0.0,0.0,1.3645500000000002e-18,0.0,0.0,0.0799999999999983,0.020000000000010232,0.04999999999999716,3.799999999999727,0.5699999999999932,0.39999999999997726,0.5399999999999636,0.05999999999994543,2.0,0.0,0.0,0.0,0.0,0.0,0.0,39.30000000000001,0.0,0.5
open_2017_05_08_close_2017_05_08_flight_Fixed Wing_N550ND_before_0_189617,open_2017_05_08_close_2017_05_08_flight_Fixed Wing_N550ND_before_0_189617,290,1450,1479,0.0002708999999967432,5.2999999994085556e-05,11.0,0.0,0.0,0.27999999999999403,167.51999999999998,0.16999999999999993,2.85,0.039999999999999994,0.030000000000000002,2.0,0.10000000000002274,0.0,0.09999999999999787,0.0,1.3645500000000002e-18,0.03999999999999915,0.0,0.009999999999999787,0.009999999999990905,1.4899999999999949,3.699999999999818,0.7999999999999545,0.48999999999995225,0.8600000000001273,1.3099999999999454,1.0,0.0,0.0,0.0,0.0,0.0,0.0,59.0,0.0,0.5
open_2017_05_08_close_2017_05_08_flight_Fixed Wing_N550ND_before_0_189617,open_2017_05_08_close_2017_05_08_flight_Fixed Wing_N550ND_before_0_189617,291,1455,1484,0.000293800000001454,4.459999999539832e-05,7.0,0.0,0.0,0.30999999999999517,67.31000000000006,1.79,1.88,0.019999999999999997,0.01999999999999999,0.09999999999999432,0.5,0.0,0.09999999999999787,0.10000000000000009,1.3645500000000002e-18,0.21000000000000085,0.0,0.019999999999999574,0.010000000000019327,0.4299999999999926,5.300000000000182,0.7699999999999818,0.5799999999999841,0.7300000000000182,0.029999999999972715,1.0,0.0,0.0,0.0,0.0,0.0,0.0,196.80000000000007,0.0,0.0
open_2017_05_08_close_2017_05_08_flight_Fixed Wing_N550ND_before_0_189617,open_2017_05_08_close_2017_05_08_flight_Fixed Wing_N550ND_before_0_189617,292,1460,1489,0.00029430000000019163,4.779999999016127e-05,5.0,0.0,0.0,1.2800000000000011,13.949999999999989,0.0,0.7000000000000002,0.039999999999999994,0.019999999999999997,2.0999999999999943,0.5,0.0,0.0,0.0,1.3645500000000002e-18,0.019999999999999574,0.0,0.05000000000000071,0.030000000000001137,0.21999999999999886,4.099999999999909,0.6899999999999977,0.6200000000000045,1.0,1.1900000000000546,1.0,0.0,0.0,0.0,0.0,0.0,0.0,82.70000000000002,0.0,0.0
open_2017_05_08_close_2017_05_08_flight_Fixed Wing_N550ND_before_0_189617,open_2017_05_08_close_2017_05_08_flight_Fixed Wing_N550ND_before_0_189617,293,1465,1494,0.00033840000000395776,6.399999989525895e-06,3.0,0.0,0.0,1.5499999999999972,57.31,0.8199999999999994,0.73,0.05,0.08,3.6999999999999886,1.0,0.0,0.0,0.19999999999999996,1.3645500000000002e-18,0.0799999999999983,0.0,0.23000000000000043,0.030000000000001137,0.030000000000001137,10.599999999999909,0.7299999999999613,0.5900000000000318,1.8099999999999454,0.5199999999999818,3.0,0.0,0.0,0.0,0.0,0.0,0.0,11.899999999999991,0.0,0.0
open_2017_05_08_close_2017_05_08_flight_Fixed Wing_N550ND_before_0_189617,open_2017_05_08_close_2017_05_08_flight_Fixed Wing_N550ND_before_0_189617,294,1470,1499,0.0003504000000020824,5.600000008598727e-06,3.0,0.0,0.0,0.8499999999999943,26.67999999999998,1.8400000000000007,1.46,0.020000000000000004,0.06,1.5,0.9000000000000057,0.0,0.0,0.09999999999999987,1.3645500000000002e-18,0.10999999999999943,0.0,0.030000000000001137,0.009999999999990905,0.9899999999999949,9.099999999999909,0.7300000000000182,0.7099999999999795,1.3599999999999,1.8899999999998727,1.0,0.0,0.0,0.0,0.0,0.0,0.0,74.80000000000001,0.0,0.5
open_2017_05_08_close_2017_05_08_flight_Fixed Wing_N550ND_before_0_189617,open_2017_05_08_close_2017_05_08_flight_Fixed Wing_N550ND_before_0_189617,295,1475,1504,0.00033489999999858355,3.61000000026479e-05,9.0,0.0,0.0,0.23999999999999488,10.860000000000014,0.0600000000000005,0.9099999999999999,0.02,0.060000000000000005,0.09999999999999432,0.10000000000002274,0.0,0.0,0.0,1.3645500000000002e-18,0.08999999999999986,0.0,0.09999999999999964,0.020000000000010232,0.14000000000000057,4.899999999999636,0.8299999999999841,0.7099999999999795,1.1099999999999,0.7200000000000273,1.0,0.0,0.0,0.0,0.0,0.0,0.0,0.0,0.0,0.0
open_2017_05_08_close_2017_05_08_flight_Fixed Wing_N550ND_before_0_189617,open_2017_05_08_close_2017_05_08_flight_Fixed Wing_N550ND_before_0_189617,296,1480,1509,0.00036209999999670117,2.7700000003960668e-05,12.0,0.0,0.0,0.5300000000000011,93.60000000000002,0.23000000000000043,0.6600000000000001,0.06999999999999999,0.22,3.6999999999999886,1.0,0.0,0.0,0.0,1.3645500000000002e-18,0.23000000000000043,0.0,0.0,0.0,0.7600000000000051,0.6000000000003638,0.8100000000000023,0.660000000000025,0.37999999999988177,0.5099999999999909,0.0,0.0,0.0,0.0,0.0,0.0,0.0,15.699999999999932,0.0,0.0
open_2017_05_08_close_2017_05_08_flight_Fixed Wing_N550ND_before_0_189617,open_2017_05_08_close_2017_05_08_flight_Fixed Wing_N550ND_before_0_189617,297,1485,1514,0.0004008000000013112,0.0002228000000030761,18.0,0.0,0.0,0.7999999999999972,178.63,0.28999999999999915,2.219999999999999,0.04,0.07,8.200000000000017,6.099999999999994,0.0,0.0,0.0,1.3645500000000002e-18,0.14999999999999858,0.0,0.07000000000000028,0.010000000000019327,0.04999999999999716,11.5,0.8799999999999955,0.8100000000000023,0.2599999999999909,0.19000000000005457,1.0,0.0,0.0,0.0,0.0,0.0,0.0,7.800000000000068,0.0,0.5
open_2017_05_08_close_2017_05_08_flight_Fixed Wing_N550ND_before_0_189617,open_2017_05_08_close_2017_05_08_flight_Fixed Wing_N550ND_before_0_189617,298,1490,1519,0.00021219999999999573,0.00048350000000141335,10.0,0.0,0.0,1.1700000000000017,86.80000000000007,0.6500000000000004,1.4800000000000004,0.009999999999999995,0.06,7.299999999999997,6.0,0.0,0.0,0.09999999999999987,1.3645500000000002e-18,0.16999999999999815,0.0,0.009999999999999787,0.010000000000019327,0.14999999999999147,8.799999999999727,0.6800000000000068,0.7099999999999795,0.6099999999999,0.41000000000008185,3.0,0.0,0.0,0.0,0.0,0.0,0.0,192.89999999999998,0.0,0.0
open_2017_05_08_close_2017_05_08_flight_Fixed Wing_N550ND_before_0_189617,open_2017_05_08_close_2017_05_08_flight_Fixed Wing_N550ND_before_0_189617,299,1495,1524,7.219999999819038e-05,0.0006360999999941441,10.0,0.0,0.0,0.03999999999999204,26.58000000000004,0.5999999999999996,6.4300000000000015,0.020000000000000004,0.11,3.1000000000000085,2.4000000000000057,0.0,0.0,0.09999999999999987,1.3645500000000002e-18,0.08000000000000185,0.0,0.02999999999999936,0.009999999999990905,0.21999999999999886,0.40000000000009095,0.7100000000000364,0.6100000000000136,0.9200000000000728,0.029999999999972715,1.0,0.0,0.0,0.0,0.0,0.0,0.0,0.0,0.0,0.5
open_2017_05_08_close_2017_05_08_flight_Fixed Wing_N550ND_before_0_189617,open_2017_05_08_close_2017_05_08_flight_Fixed Wing_N550ND_before_0_189617,300,1500,1529,8.499999999855845e-05,0.0006413000000122793,1.0,0.0,0.0,0.15000000000000568,126.12000000000003,0.6500000000000004,2.98,0.05,0.0,2.3000000000000114,0.0,0.0,0.09999999999999787,0.0,1.3645500000000002e-18,0.14999999999999858,0.0,0.15000000000000036,0.029999999999972715,0.25,0.20000000000027285,0.6700000000000159,0.6499999999999773,0.7000000000000455,0.08999999999991815,0.0,0.0,0.0,0.0,0.0,0.0,0.0,82.69999999999999,0.0,0.0
open_2017_05_08_close_2017_05_08_flight_Fixed Wing_N550ND_before_0_189617,open_2017_05_08_close_2017_05_08_flight_Fixed Wing_N550ND_before_0_189617,301,1505,1534,6.729999999777192e-05,0.0006226999999938698,12.0,0.0,0.0,0.9200000000000017,5.3599999999999,0.5299999999999994,4.91,0.05,0.049999999999999996,3.8999999999999915,2.5,0.0,0.0,0.0,1.3645500000000002e-18,0.0,0.0,0.0,0.04999999999998295,0.35999999999999943,0.3000000000001819,0.75,0.6499999999999773,0.8999999999998636,0.31999999999993634,1.0,0.0,0.0,0.0,0.0,0.0,0.0,55.09999999999991,0.0,0.0
open_2017_05_08_close_2017_05_08_flight_Fixed Wing_N550ND_before_0_189617,open_2017_05_08_close_2017_05_08_flight_Fixed Wing_N550ND_before_0_189617,302,1510,1539,0.0001600000000010482,0.0004948999999925263,9.0,0.0,0.0,2.239999999999995,94.47000000000003,0.7300000000000004,0.8999999999999986,0.0,0.060000000000000005,8.200000000000003,7.299999999999997,0.0,0.09999999999999787,0.0,1.3645500000000002e-18,0.0,0.0,0.34999999999999964,0.060000000000002274,0.1799999999999926,4.300000000000182,0.6599999999999682,0.5500000000000114,0.2899999999999636,0.5,0.0,0.0,0.0,0.0,0.0,0.0,0.0,98.39999999999998,0.0,0.0
open_2017_05_08_close_2017_05_08_flight_Fixed Wing_N550ND_before_0_189617,open_2017_05_08_close_2017_05_08_flight_Fixed Wing_N550ND_before_0_189617,303,1515,1544,0.00027599999999949887,0.00016660000000001673,0.0,0.0,0.0,0.9499999999999886,90.73999999999998,0.75,4.5,0.04000000000000001,0.04999999999999999,352.4,8.299999999999997,0.0,0.0,0.10000000000000009,1.3645500000000002e-18,0.11999999999999744,0.0,0.6100000000000012,0.0700000000000216,0.4000000000000057,14.699999999999818,0.6499999999999773,0.5500000000000114,7.0499999999999545,7.800000000000182,2.0,0.0,0.0,0.0,0.0,0.0,0.0,141.7,0.0,0.0
open_2017_05_08_close_2017_05_08_flight_Fixed Wing_N550ND_before_0_189617,open_2017_05_08_close_2017_05_08_flight_Fixed Wing_N550ND_before_0_189617,304,1520,1549,0.0002859000000015044,1.2200000000461841e-05,11.0,0.0,0.0,0.09000000000000341,181.78,0.43999999999999995,1.39,0.11000000000000001,0.010000000000000002,3.6000000000000227,1.2000000000000455,0.0,0.0,0.19999999999999996,1.3645500000000002e-18,0.0,0.0,0.46999999999999975,0.07999999999998408,0.4200000000000017,32.40000000000009,0.7799999999999727,0.6499999999999773,0.3200000000001637,1.8199999999999363,1.0,0.0,0.0,0.0,0.0,0.0,0.0,47.199999999999996,0.0,0.0
open_2017_05_08_close_2017_05_08_flight_Fixed Wing_N550ND_before_0_189617,open_2017_05_08_close_2017_05_08_flight_Fixed Wing_N550ND_before_0_189617,305,1525,1554,0.0003300000000052705,1.1499999999387e-05,6.0,0.0,0.0,0.25,176.14,0.06999999999999984,0.6599999999999999,0.009999999999999998,0.060000000000000005,0.6000000000000227,0.19999999999998863,0.0,0.0,0.10000000000000009,0.1,0.10000000000000142,0.0,0.019999999999999574,0.030000000000001137,0.010000000000005116,1.5,0.589999999999975,0.6399999999999864,4.960000000000036,0.44000000000005457,0.0,0.0,0.0,0.0,0.0,0.0,0.0,7.800000000000011,0.0,0.0
open_2017_05_08_close_2017_05_08_flight_Fixed Wing_N550ND_before_0_189617,open_2017_05_08_close_2017_05_08_flight_Fixed Wing_N550ND_before_0_189617,306,1530,1559,0.000300800000005097,4.870000000778418e-05,1.0,0.0,0.0,0.37000000000000455,51.53,0.6399999999999999,0.96,0.01,0.04,0.8000000000000114,0.19999999999998863,0.0,0.0,0.10000000000000009,1.3645500000000002e-18,0.0799999999999983,0.0,0.019999999999999574,0.03999999999999204,0.1799999999999926,11.800000000000182,0.37999999999999545,0.5199999999999818,2.410000000000082,0.21000000000003638,5.0,0.0,0.0,0.0,0.0,0.0,0.0,7.899999999999977,0.0,0.0
open_2017_05_08_close_2017_05_08_flight_Fixed Wing_N550ND_before_0_189617,open_2017_05_08_close_2017_05_08_flight_Fixed Wing_N550ND_before_0_189617,307,1535,1564,0.00030980000000369046,3.1800000002135675e-05,6.0,0.0,0.3000000000000007,0.10999999999999943,35.150000000000006,0.2400000000000002,0.42000000000000004,0.030000000000000002,0.02,0.7999999999999545,0.4000000000000341,0.0,0.0,0.10000000000000009,1.3645500000000002e-18,0.0,0.0,0.04999999999999982,0.05000000000001137,0.3400000000000034,7.5,0.009999999999990905,0.13999999999998636,1.6499999999998636,1.240000000000009,1.0,0.0,0.0,0.0,0.0,0.0,0.0,0.0,0.0,0.5
open_2017_05_08_close_2017_05_08_flight_Fixed Wing_N550ND_before_0_189617,open_2017_05_08_close_2017_05_08_flight_Fixed Wing_N550ND_before_0_189617,308,1540,1569,0.0003492999999963331,1.4899999996487168e-05,3.0,0.0,0.0,0.11999999999999034,18.11999999999999,0.2899999999999996,0.81,0.019999999999999997,0.0,0.5999999999999659,0.39999999999997726,0.0,0.0,0.0,1.3645500000000002e-18,0.0799999999999983,0.0,0.019999999999999574,0.030000000000001137,0.04000000000000625,7.400000000000091,0.049999999999954525,0.009999999999990905,1.0599999999999454,0.08999999999991815,1.0,0.0,0.0,0.0,0.0,0.0,0.0,39.4,0.0,0.0
open_2017_05_08_close_2017_05_08_flight_Fixed Wing_N550ND_before_0_189617,open_2017_05_08_close_2017_05_08_flight_Fixed Wing_N550ND_before_0_189617,309,1545,1574,0.0003658999999984758,5.9800000002496745e-05,0.0,0.0,0.0,0.09999999999999432,18.6,0.05999999999999961,0.55,0.0,0.07,0.8999999999999773,0.10000000000002274,0.0,0.0,0.10000000000000009,0.1,0.0,0.0,0.08999999999999986,0.010000000000019327,0.10000000000000853,6.299999999999727,0.03000000000002956,0.060000000000002274,1.0499999999999545,1.4600000000000364,0.0,0.0,0.0,0.0,0.0,0.0,0.0,31.5,0.0,0.5
open_2017_05_08_close_2017_05_08_flight_Fixed Wing_N550ND_before_0_189617,open_2017_05_08_close_2017_05_08_flight_Fixed Wing_N550ND_before_0_189617,310,1550,1579,0.00039779999999467464,1.0500000001911758e-05,3.0,0.0,0.0,0.480000000000004,45.84,0.14000000000000012,0.14000000000000012,0.019999999999999997,0.15,1.1000000000000227,0.30000000000001137,0.0,0.0,0.10000000000000009,1.3645500000000002e-18,0.05000000000000071,0.0,0.020000000000000462,0.009999999999990905,0.25,5.900000000000091,0.22000000000002728,0.18000000000000682,1.3500000000001364,0.9799999999997908,1.0,0.0,0.0,0.0,0.0,0.0,0.0,19.700000000000017,0.0,0.0
open_2017_05_08_close_2017_05_08_flight_Fixed Wing_N550ND_before_0_189617,open_2017_05_08_close_2017_05_08_flight_Fixed Wing_N550ND_before_0_189617,311,1555,1584,0.0003449000000017577,4.0000000041118255e-06,2.0,0.0,0.0,0.28999999999999204,10.86,0.08999999999999986,0.020000000000000018,0.05,0.04,0.5999999999999659,0.5999999999999659,0.0,0.0,0.10000000000000009,1.3645500000000002e-18,0.019999999999999574,0.0,0.04999999999999982,0.0,0.020000000000010232,3.700000000000273,0.15999999999996817,0.08999999999997499,0.42000000000007276,0.42000000000007276,1.0,0.0,0.0,0.0,0.0,0.0,0.0,0.0,0.0,0.0
open_2017_05_08_close_2017_05_08_flight_Fixed Wing_N550ND_before_0_189617,open_2017_05_08_close_2017_05_08_flight_Fixed Wing_N550ND_before_0_189617,312,1560,1589,0.00039209999999911815,1.1600000007661038e-05,1.0,0.0,0.1999999999999993,0.0800000000000125,78.14,0.06000000000000005,0.19999999999999973,0.0,0.03,0.0,0.4000000000000341,0.0,0.0,0.0,1.3645500000000002e-18,0.0799999999999983,0.0,0.040000000000000036,0.030000000000001137,0.01999999999999602,3.699999999999818,0.19999999999998863,0.0999999999999659,0.3300000000001546,0.4700000000000273,0.0,0.0,0.0,0.0,0.0,0.0,0.0,11.8,0.0,0.0
open_2017_05_08_close_2017_05_08_flight_Fixed Wing_N550ND_before_0_189617,open_2017_05_08_close_2017_05_08_flight_Fixed Wing_N550ND_before_0_189617,313,1565,1594,0.00032009999999615957,1.8900000000598993e-05,1.0,0.0,0.0,0.0799999999999983,10.420000000000002,0.4400000000000004,0.8200000000000003,0.05,0.060000000000000005,0.7999999999999545,0.0,0.0,0.0,0.10000000000000009,1.3645500000000002e-18,0.05000000000000071,0.0,0.009999999999999787,0.020000000000010232,0.5,10.199999999999818,0.25,0.160000000000025,0.09999999999990905,0.709999999999809,1.0,0.0,0.0,0.0,0.0,0.0,0.0,0.0,0.0,0.5
open_2017_05_08_close_2017_05_08_flight_Fixed Wing_N550ND_before_0_189617,open_2017_05_08_close_2017_05_08_flight_Fixed Wing_N550ND_before_0_189617,314,1570,1599,0.00034819999999768925,4.939999999464817e-05,2.0,0.0,0.0,0.0,35.93000000000001,0.31000000000000005,0.59,0.02,0.11000000000000001,0.0,0.20000000000004547,0.0,0.0,0.0,1.3645500000000002e-18,0.05000000000000071,0.0,0.010000000000000675,0.030000000000001137,0.18999999999999773,3.200000000000273,0.25,0.18999999999999773,0.2300000000000182,0.2899999999999636,2.0,0.0,0.0,0.0,0.0,0.0,0.0,47.300000000000004,0.0,0.0
open_2017_05_08_close_2017_05_08_flight_Fixed Wing_N550ND_before_0_189617,open_2017_05_08_close_2017_05_08_flight_Fixed Wing_N550ND_before_0_189617,315,1575,1604,0.00037240000000338114,2.0100000000411455e-05,1.0,0.0,0.0,0.3400000000000034,32.1,1.33,2.66,0.009999999999999998,0.2,0.6000000000000227,0.10000000000002274,0.0,0.0,0.10000000000000009,1.3645500000000002e-18,0.14999999999999858,0.0,0.6699999999999999,0.010000000000019327,1.230000000000004,123.39999999999986,0.2400000000000091,0.25,3.3900000000001,1.5499999999999545,0.0,0.0,0.0,0.0,0.0,0.0,0.0,19.7,0.0,0.0
open_2017_05_08_close_2017_05_08_flight_Fixed Wing_N550ND_before_0_189617,open_2017_05_08_close_2017_05_08_flight_Fixed Wing_N550ND_before_0_189617,316,1580,1609,0.0003889999999984184,1.0500000001911758e-05,10.0,0.0,0.0,0.6200000000000045,106.06,0.3500000000000001,0.22,0.01,0.12000000000000001,1.1999999999999886,0.4000000000000341,0.09999999999999787,0.0,0.0,1.3645500000000002e-18,0.0,0.0,0.010000000000000231,0.06999999999999318,0.11999999999999744,2.5,0.5400000000000205,0.38999999999998636,9.120000000000118,9.970000000000027,3.0,0.0,0.0,0.0,0.0,0.0,0.0,208.69999999999993,0.0,0.0
open_2017_05_08_close_2017_05_08_flight_Fixed Wing_N550ND_before_0_189617,open_2017_05_08_close_2017_05_08_flight_Fixed Wing_N550ND_before_0_189617,317,1585,1614,0.00032139999999714064,1.0500000001911758e-05,7.0,0.0,0.0,0.7000000000000028,114.29999999999995,0.48,1.84,0.05,0.0,0.5,0.10000000000002274,0.0,0.0,0.10000000000000009,1.3645500000000002e-18,0.0,0.0,0.05999999999999961,0.030000000000001137,0.0,3.400000000000091,0.5999999999999659,0.36000000000001364,4.579999999999927,4.75,1.0,0.0,0.0,0.0,0.0,0.0,0.0,0.0,0.0,0.5
open_2017_05_08_close_2017_05_08_flight_Fixed Wing_N550ND_before_0_189617,open_2017_05_08_close_2017_05_08_flight_Fixed Wing_N550ND_before_0_189617,318,1590,1619,0.0003456999999968957,1.0500000001911758e-05,6.0,0.0,0.0,0.10999999999999943,4.589999999999918,0.41999999999999993,1.2,0.01,0.0,0.7000000000000455,0.0,0.0,0.0,0.10000000000000009,1.3645500000000002e-18,0.1700000000000017,0.0,0.020000000000000018,0.05000000000001137,0.060000000000002274,4.7999999999999545,0.6899999999999977,0.4399999999999977,3.310000000000173,4.350000000000136,1.0,0.0,0.0,0.0,0.0,0.0,0.0,39.299999999999955,0.0,0.5
open_2017_05_08_close_2017_05_08_flight_Fixed Wing_N550ND_before_0_189617,open_2017_05_08_close_2017_05_08_flight_Fixed Wing_N550ND_before_0_189617,319,1595,1624,0.0003469999999978768,4.289999999684824e-05,11.0,0.0,0.0,0.5100000000000051,15.06000000000006,1.94,6.6,0.02,0.08,0.10000000000002274,1.3000000000000114,0.0,0.09999999999999787,0.0,1.3645500000000002e-18,0.129999999999999,0.0,0.050000000000000266,0.05000000000001137,0.0,2.2999999999999545,0.6200000000000045,0.42999999999995,2.480000000000018,1.9800000000000182,1.0,0.0,0.0,0.0,0.0,0.0,0.0,19.69999999999999,0.0,0.0
open_2017_05_08_close_2017_05_08_flight_Fixed Wing_N550ND_before_0_189617,open_2017_05_08_close_2017_05_08_flight_Fixed Wing_N550ND_before_0_189617,320,1600,1629,0.00025770000000591153,0.00022279999998886524,4.0,0.0,0.0,1.5400000000000063,12.01000000000002,0.99,1.0899999999999999,1.81093e-19,0.09000000000000001,6.100000000000023,6.199999999999989,0.0,0.09999999999999787,0.10000000000000009,0.1,0.0,0.0,0.020000000000000018,0.06999999999999318,0.04999999999999716,5.5,0.7699999999999818,0.5300000000000296,1.990000000000009,1.9700000000000273,1.0,0.0,0.0,0.0,0.0,0.0,0.0,114.19999999999999,0.0,0.5
open_2017_05_08_close_2017_05_08_flight_Fixed Wing_N550ND_before_0_189617,open_2017_05_08_close_2017_05_08_flight_Fixed Wing_N550ND_before_0_189617,321,1605,1634,0.00010370000000392565,0.0003639000000106307,14.0,0.0,0.0,0.18999999999999773,137.96000000000004,0.6300000000000001,0.14999999999999858,0.030000000000000002,0.10999999999999999,7.099999999999966,7.699999999999989,0.0,0.0,0.10000000000000009,1.3645500000000002e-18,0.05000000000000071,0.0,0.010000000000000231,0.03999999999999204,0.030000000000001137,1.199999999999818,0.8400000000000318,0.5600000000000023,1.0399999999999636,1.3500000000001364,1.0,0.0,0.0,0.0,0.0,0.0,0.0,98.39999999999998,0.0,0.0
open_2017_05_08_close_2017_05_08_flight_Fixed Wing_N550ND_before_0_189617,open_2017_05_08_close_2017_05_08_flight_Fixed Wing_N550ND_before_0_189617,322,1610,1639,2.839999999793008e-05,0.0004848999999893522,5.0,0.0,0.0,0.020000000000003126,28.099999999999994,0.9599999999999997,1.48,0.049999999999999996,0.05,1.0,1.5,0.0,0.09999999999999787,0.10000000000000009,1.3645500000000002e-18,0.08000000000000185,0.0,0.06999999999999984,0.009999999999990905,0.13000000000000256,8.400000000000091,0.8600000000000136,0.5799999999999841,1.4099999999998545,1.3899999999998727,1.0,0.0,0.0,0.0,0.0,0.0,0.0,216.5,0.0,0.0
open_2017_05_08_close_2017_05_08_flight_Fixed Wing_N550ND_before_0_189617,open_2017_05_08_close_2017_05_08_flight_Fixed Wing_N550ND_before_0_189617,323,1615,1644,2.5800000003073364e-05,0.00046359999998912826,13.0,0.0,0.0,0.5700000000000003,37.200000000000045,0.6099999999999999,1.06,0.019999999999999997,0.05,1.400000000000034,0.20000000000004547,0.0,0.0,0.10000000000000009,1.3645500000000002e-18,0.05000000000000071,0.0,0.010000000000000231,0.010000000000019327,0.0,3.7000000000000455,0.8100000000000023,0.589999999999975,0.4700000000000273,0.10999999999989996,2.0,0.0,0.0,0.0,0.0,0.0,0.0,86.60000000000002,0.0,0.0
open_2017_05_08_close_2017_05_08_flight_Fixed Wing_N550ND_before_0_189617,open_2017_05_08_close_2017_05_08_flight_Fixed Wing_N550ND_before_0_189617,324,1620,1649,8.600000001024455e-06,0.0004540999999989026,7.0,0.0,0.0,0.37000000000000455,23.290000000000077,0.4399999999999997,2.3400000000000003,0.019999999999999997,0.06,0.0,0.30000000000001137,0.0,0.0,0.10000000000000009,1.3645500000000002e-18,0.0,0.0,0.08000000000000007,0.04999999999998295,0.4099999999999966,24.899999999999864,0.7600000000000477,0.6599999999999682,3.5499999999999545,10.819999999999936,1.0,0.0,0.0,0.0,0.0,0.0,0.0,51.19999999999993,0.0,0.0
open_2017_05_08_close_2017_05_08_flight_Fixed Wing_N550ND_before_0_189617,open_2017_05_08_close_2017_05_08_flight_Fixed Wing_N550ND_before_0_189617,325,1625,1654,8.99999996306633e-07,0.0004215999999956921,10.0,0.0,0.0,0.19999999999999574,25.079999999999927,0.4999999999999999,1.68,0.04,0.010000000000000002,0.5999999999999659,0.30000000000001137,0.0,0.0,0.10000000000000009,1.3645500000000002e-18,0.15000000000000213,0.0,0.03999999999999959,0.030000000000001137,0.0799999999999983,0.7999999999999545,0.6200000000000045,0.5699999999999932,1.990000000000009,4.669999999999845,0.0,0.0,0.0,0.0,0.0,0.0,0.0,47.19999999999999,0.0,0.0
open_2017_05_08_close_2017_05_08_flight_Fixed Wing_N550ND_before_0_189617,open_2017_05_08_close_2017_05_08_flight_Fixed Wing_N550ND_before_0_189617,326,1630,1659,3.530000000040445e-05,0.00042820000000176606,5.0,0.0,0.0,0.509999999999998,10.399999999999977,0.29,5.79,0.0,0.019999999999999997,1.099999999999966,1.5,0.0,0.0,0.09999999999999987,1.3645500000000002e-18,0.09999999999999787,0.0,0.020000000000000018,0.030000000000001137,0.10000000000000853,5.600000000000136,0.6200000000000045,0.5500000000000114,0.21000000000003638,2.3199999999999363,2.0,0.0,0.0,0.0,0.0,0.0,0.0,43.39999999999998,0.0,0.0
open_2017_05_08_close_2017_05_08_flight_Fixed Wing_N550ND_before_0_189617,open_2017_05_08_close_2017_05_08_flight_Fixed Wing_N550ND_before_0_189617,327,1635,1664,0.00014720000000068012,0.00033630000000073323,1.0,0.0,0.0,0.6400000000000006,90.97,0.8300000000000001,5.269999999999998,0.03,0.060000000000000005,8.099999999999994,6.5,0.0,0.0,0.10000000000000009,1.3645500000000002e-18,0.0,0.0,0.06999999999999984,0.010000000000019327,0.0,12.799999999999955,0.5600000000000023,0.5400000000000205,0.19000000000005457,0.599999999999909,4.0,0.0,0.0,0.0,0.0,0.0,0.0,67.0,0.0,0.5
open_2017_05_08_close_2017_05_08_flight_Fixed Wing_N550ND_before_0_189617,open_2017_05_08_close_2017_05_08_flight_Fixed Wing_N550ND_before_0_189617,328,1640,1669,0.00016660000000001673,0.00021040000000027703,7.0,0.0,0.0,0.759999999999998,96.83000000000004,0.12000000000000002,4.130000000000001,0.01,0.06,5.600000000000023,4.5,0.0,0.0,0.0,1.3645500000000002e-18,0.05000000000000071,0.0,0.020000000000000018,0.009999999999990905,0.12999999999999545,5.900000000000091,0.5199999999999818,0.4900000000000091,3.6399999999998727,3.5299999999999727,1.0,0.0,0.0,0.0,0.0,0.0,0.0,4.0,0.0,0.0
open_2017_05_08_close_2017_05_08_flight_Fixed Wing_N550ND_before_0_189617,open_2017_05_08_close_2017_05_08_flight_Fixed Wing_N550ND_before_0_189617,329,1645,1674,0.00025210000000441823,7.420000000024629e-05,5.0,0.0,0.0,1.1400000000000006,38.19,0.19,0.46000000000000085,0.04,0.09,8.0,5.900000000000006,0.0,0.0,0.10000000000000009,1.3645500000000002e-18,0.0,0.0,0.0900000000000003,0.010000000000019327,0.010000000000005116,8.0,0.4300000000000068,0.45999999999997954,0.599999999999909,0.900000000000091,2.0,0.0,0.0,0.0,0.0,0.0,0.0,74.80000000000001,0.0,0.5
open_2017_05_08_close_2017_05_08_flight_Fixed Wing_N550ND_before_0_189617,open_2017_05_08_close_2017_05_08_flight_Fixed Wing_N550ND_before_0_189617,330,1650,1679,0.0003054999999960728,2.500000000793534e-05,10.0,0.0,0.0,0.25,118.89000000000004,0.47000000000000003,3.5300000000000002,0.03,0.02,0.30000000000001137,0.19999999999998863,0.0,0.0,0.0,1.3645500000000002e-18,0.0,0.0,0.040000000000000036,0.009999999999990905,0.12000000000000455,3.099999999999909,0.339999999999975,0.37999999999999545,1.4300000000000637,0.6899999999998272,0.0,0.0,0.0,0.0,0.0,0.0,0.0,19.700000000000045,0.0,0.0
open_2017_05_08_close_2017_05_08_flight_Fixed Wing_N550ND_before_0_189617,open_2017_05_08_close_2017_05_08_flight_Fixed Wing_N550ND_before_0_189617,331,1655,1684,0.00025889999999861857,1.3000000080864993e-06,6.0,0.0,0.0,0.05999999999999517,24.80000000000001,0.5700000000000001,0.5699999999999998,0.07,0.13999999999999999,1.5,1.1999999999999886,0.0,0.0,0.09999999999999987,1.3645500000000002e-18,0.0,0.0,0.009999999999999787,0.0,0.0799999999999983,0.1999999999998181,0.25,0.3199999999999932,0.790000000000191,0.3400000000001455,1.0,0.0,0.0,0.0,0.0,0.0,0.0,43.30000000000001,0.0,0.0
open_2017_05_08_close_2017_05_08_flight_Fixed Wing_N550ND_before_0_189617,open_2017_05_08_close_2017_05_08_flight_Fixed Wing_N550ND_before_0_189617,332,1660,1689,0.0003276000000056456,1.3000000080864993e-06,13.0,0.0,0.0,0.10000000000000142,168.37,0.52,0.07999999999999985,0.03,0.03,2.0999999999999943,0.29999999999998295,0.0,0.0,0.0,1.3645500000000002e-18,0.129999999999999,0.0,0.04999999999999982,0.0,0.07000000000000739,7.2999999999999545,0.2300000000000182,0.2899999999999636,4.060000000000173,3.6700000000000728,2.0,0.0,0.0,0.0,0.0,0.0,0.0,11.800000000000011,0.0,0.0
open_2017_05_08_close_2017_05_08_flight_Fixed Wing_N550ND_before_0_189617,open_2017_05_08_close_2017_05_08_flight_Fixed Wing_N550ND_before_0_189617,333,1665,1694,0.0002556999999967502,2.920000000017353e-05,2.0,0.0,0.3000000000000007,0.1599999999999966,74.34000000000003,0.15999999999999992,1.9500000000000002,0.030000000000000006,0.06,1.0,0.30000000000001137,0.0,0.0,0.09999999999999987,1.3645500000000002e-18,0.18000000000000327,0.0,0.05999999999999961,0.010000000000019327,0.12000000000000455,4.7000000000000455,0.16999999999995907,0.2300000000000182,2.230000000000018,2.630000000000109,1.0,0.0,0.0,0.0,0.0,0.0,0.0,141.7,0.0,0.0
open_2017_05_08_close_2017_05_08_flight_Fixed Wing_N550ND_before_0_189617,open_2017_05_08_close_2017_05_08_flight_Fixed Wing_N550ND_before_0_189617,334,1670,1699,0.000282300000002067,2.920000000017353e-05,4.0,0.0,0.0,0.5399999999999991,29.92999999999998,0.54,0.6400000000000001,0.02,0.06,1.5999999999999943,0.09999999999999432,0.0,0.0,0.0,1.3645500000000002e-18,0.11999999999999744,0.0,0.4700000000000002,0.010000000000019327,1.6499999999999915,84.5,0.13999999999998636,0.160000000000025,2.650000000000091,2.0800000000001546,1.0,0.0,0.0,0.0,0.0,0.0,0.0,70.89999999999998,0.0,0.0
open_2017_05_08_close_2017_05_08_flight_Fixed Wing_N550ND_before_0_189617,open_2017_05_08_close_2017_05_08_flight_Fixed Wing_N550ND_before_0_189617,335,1675,1704,0.0002212999999997578,2.920000000017353e-05,6.0,0.0,0.0,1.6099999999999994,79.04999999999998,0.6500000000000004,3.65,0.01,0.26,0.29999999999998295,0.20000000000001705,0.6000000000000014,0.5,3.3,0.1,0.0,0.0,0.020000000000000018,0.0,0.75,69.79999999999995,0.19999999999998863,0.14999999999997726,65.5,38.41000000000008,2.0,0.0,0.0,0.0,0.0,0.0,0.0,236.20000000000002,0.0,0.0
open_2017_05_08_close_2017_05_08_flight_Fixed Wing_N550ND_before_0_189617,open_2017_05_08_close_2017_05_08_flight_Fixed Wing_N550ND_before_0_189617,336,1680,1709,0.00016949999999837928,4.020000000082291e-05,3.0,0.0,0.0,1.5399999999999991,111.38,0.3299999999999996,0.0,0.16,0.07,0.29999999999998295,1.1000000000000227,0.1999999999999993,0.10000000000000142,0.5,0.30000000000000004,0.09999999999999787,0.0,0.030000000000000027,0.060000000000002274,0.17999999999999972,11.899999999999977,0.410000000000025,0.21999999999997044,33.58000000000004,23.050000000000182,1.0,0.0,0.0,0.0,0.0,0.0,0.0,15.700000000000001,0.0,0.0
open_2017_05_08_close_2017_05_08_flight_Fixed Wing_N550ND_before_0_189617,open_2017_05_08_close_2017_05_08_flight_Fixed Wing_N550ND_before_0_189617,337,1685,1714,0.00012319999999732545,4.790000001264616e-05,1.0,0.0,0.0,3.1300000000000026,18.64,0.69,0.29999999999999993,0.08,0.05,0.5,0.4000000000000057,0.10000000000000142,0.20000000000000284,1.3000000000000007,1.3645500000000002e-18,0.0,0.0,0.010000000000000009,0.040000000000020464,0.22000000000000597,14.700000000000045,0.44999999999998863,0.25,19.610000000000014,14.259999999999991,5.0,0.0,0.0,0.0,0.0,0.0,0.0,7.8,0.0,0.0
open_2017_05_08_close_2017_05_08_flight_Fixed Wing_N550ND_before_0_189617,open_2017_05_08_close_2017_05_08_flight_Fixed Wing_N550ND_before_0_189617,338,1690,1719,3.8199999998767e-05,4.020000000082291e-05,0.0,0.0,0.0,2.5600000000000005,13.759999999999998,0.7299999999999998,0.0,0.03,0.04,0.5999999999999943,0.0,0.0,0.10000000000000142,1.0999999999999979,1.3645500000000002e-18,0.0,0.0,0.04999999999999982,0.030000000000001137,0.21000000000000085,9.600000000000023,0.47999999999996135,0.30000000000001137,12.200000000000045,7.690000000000055,1.0,0.0,0.0,0.0,0.0,0.0,0.0,3.9,0.0,0.0
open_2017_05_08_close_2017_05_08_flight_Fixed Wing_N550ND_before_0_189617,open_2017_05_08_close_2017_05_08_flight_Fixed Wing_N550ND_before_0_189617,339,1695,1724,7.390000000384589e-05,4.790000001264616e-05,4.0,0.0,0.0,1.540000000000001,59.879999999999995,0.050000000000000266,0.05999999999999994,0.01,0.01,0.9000000000000057,0.19999999999998863,0.0,0.0,0.40000000000000036,0.0,0.0,0.0,5.9,0.05999999999997385,9.220000000000013,641.9000000000001,0.4900000000000091,0.2999999999999545,87.45000000000005,49.00999999999999,3.35493e-15,0.0,0.0,0.0,0.0,0.0,0.0,3.9,0.0,0.0
open_2017_05_08_close_2017_05_08_flight_Fixed Wing_N550ND_before_0_189617,open_2017_05_08_close_2017_05_08_flight_Fixed Wing_N550ND_before_0_189617,340,1700,1729,0.00017280000000141627,3.6899999997785926e-05,2.0,0.0,0.0,3.330000000000002,20.529999999999998,0.27,0.09000000000000002,0.01,0.07,0.19999999999998863,0.0,0.0,0.10000000000000142,0.20000000000000018,0.0,0.28999999999999915,0.0,0.07000000000000028,0.060000000000002274,0.1799999999999926,0.5,0.10000000000002274,0.19999999999998863,45.90000000000009,25.470000000000027,1.0,0.0,0.0,0.0,0.0,0.0,0.0,0.0,0.0,0.0
open_2017_05_08_close_2017_05_08_flight_Fixed Wing_N550ND_before_0_189617,open_2017_05_08_close_2017_05_08_flight_Fixed Wing_N550ND_before_0_189617,341,1705,1734,0.0002494000000012875,2.159999999662432e-05,1.0,0.0,0.0,2.960000000000001,4.420000000000002,0.3200000000000003,0.15,0.12,0.06,0.799999999999983,0.0,0.0,0.0,0.09999999999999964,0.0,0.1700000000000017,0.0,0.05999999999999872,0.12000000000000455,0.25,0.7999999999997272,0.22000000000002728,0.060000000000002274,13.959999999999809,9.089999999999918,3.0,0.0,0.0,0.0,0.0,0.0,0.0,3.9,0.0,0.0
open_2017_05_08_close_2017_05_08_flight_Fixed Wing_N550ND_before_0_189617,open_2017_05_08_close_2017_05_08_flight_Fixed Wing_N550ND_before_0_189617,342,1710,1739,0.0002424999999988131,1.3999999993075107e-05,7.0,0.0,0.0,1.3500000000000014,172.59,0.6600000000000001,0.77,0.05,0.05,0.4000000000000057,1.0,0.0,0.0,0.20000000000000018,0.0,0.09999999999999787,0.0,0.07000000000000028,0.06999999999999318,0.04000000000000625,5.5,0.4600000000000364,0.12999999999999545,6.0499999999999545,4.330000000000155,5.0,0.0,0.0,0.0,0.0,0.0,0.0,173.2,0.0,0.0
open_2017_05_08_close_2017_05_08_flight_Fixed Wing_N550ND_before_0_189617,open_2017_05_08_close_2017_05_08_flight_Fixed Wing_N550ND_before_0_189617,343,1715,1744,0.00026540000000352393,7.199999998874773e-06,9.0,0.0,0.0,0.6599999999999966,67.64999999999998,0.5500000000000007,3.65,0.020000000000000004,0.12000000000000001,0.5999999999999943,0.30000000000001137,0.0,0.0,0.09999999999999964,0.0,0.25,0.0,0.019999999999999574,0.030000000000001137,0.8499999999999943,1.1000000000003638,0.589999999999975,0.2400000000000091,3.740000000000009,3.2999999999999545,1.0,0.0,0.0,0.0,0.0,0.0,0.0,15.699999999999989,0.0,0.0
open_2017_05_08_close_2017_05_08_flight_Fixed Wing_N550ND_before_0_189617,open_2017_05_08_close_2017_05_08_flight_Fixed Wing_N550ND_before_0_189617,344,1720,1749,0.00030029999999925394,1.5700000005836046e-05,4.0,0.0,0.0,1.2399999999999949,92.22999999999996,1.0600000000000005,1.87,0.019999999999999997,0.04,0.9000000000000057,0.29999999999998295,0.0,0.0,0.10000000000000009,1.3645500000000002e-18,0.10999999999999943,0.0,0.07000000000000028,0.040000000000020464,0.22000000000001307,8.099999999999909,0.6700000000000159,0.44999999999998863,1.6600000000000819,1.7000000000000455,4.0,0.0,0.0,0.0,0.0,0.0,0.0,145.7,0.0,0.0
open_2017_05_08_close_2017_05_08_flight_Fixed Wing_N550ND_before_0_189617,open_2017_05_08_close_2017_05_08_flight_Fixed Wing_N550ND_before_0_189617,345,1725,1754,0.0006610000000009109,7.199999998874773e-06,22.0,0.0,0.0,0.7199999999999989,135.43,0.35999999999999943,0.5699999999999998,0.030000000000000002,0.09,0.30000000000001137,0.6000000000000227,0.10000000000000142,0.0,0.20000000000000018,1.3645500000000002e-18,0.019999999999999574,0.0,0.16999999999999993,0.12000000000000455,0.060000000000002274,6.300000000000182,1.3800000000000523,0.9700000000000273,3.240000000000009,2.6400000000001,3.0,0.0,0.0,0.0,0.0,0.0,0.0,98.39999999999998,0.0,0.0
open_2017_05_08_close_2017_05_08_flight_Fixed Wing_N550ND_before_0_189617,open_2017_05_08_close_2017_05_08_flight_Fixed Wing_N550ND_before_0_189617,346,1730,1759,0.0003585999999984324,7.199999998874773e-06,9.0,0.0,0.0,0.4200000000000017,1.6600000000000819,0.34999999999999964,0.09000000000000001,0.03,0.05,0.29999999999998295,0.700000000000017,0.0,0.0,0.0,1.3645500000000002e-18,0.08000000000000185,0.0,0.0600000000000005,0.0800000000000125,0.3500000000000085,1.3999999999996362,0.7800000000000296,0.5999999999999659,1.2300000000000182,0.6699999999998454,0.0,0.0,0.0,0.0,0.0,0.0,0.0,74.79999999999995,0.0,0.5
open_2017_05_08_close_2017_05_08_flight_Fixed Wing_N550ND_before_0_189617,open_2017_05_08_close_2017_05_08_flight_Fixed Wing_N550ND_before_0_189617,347,1735,1764,0.00038279999999701886,8.000000008223651e-06,12.0,0.0,0.0,0.5100000000000051,43.14999999999998,0.7399999999999984,0.9099999999999999,0.08,0.16,0.4000000000000057,0.8000000000000114,0.0,0.0,0.0,0.1,0.0,0.0,0.120000000000001,0.07999999999998408,0.35999999999999943,3.599999999999909,0.7900000000000205,0.6499999999999773,0.38999999999987267,0.9500000000000455,1.0,0.0,0.0,0.0,0.0,0.0,0.0,122.10000000000002,0.0,0.5
open_2017_05_08_close_2017_05_08_flight_Fixed Wing_N550ND_before_0_189617,open_2017_05_08_close_2017_05_08_flight_Fixed Wing_N550ND_before_0_189617,348,1740,1769,0.0003489999999999327,5.989999999655993e-05,10.0,0.0,0.0,0.0,61.01999999999998,0.120000000000001,0.7000000000000002,0.04,0.09,1.200000000000017,0.4000000000000057,0.0,0.0,0.0,0.1,0.0,0.0,0.0,0.09000000000000341,0.25,4.399999999999636,0.9399999999999977,0.6400000000000432,0.5899999999999181,0.8199999999999363,1.0,0.0,0.0,0.0,0.0,0.0,0.0,3.900000000000091,0.0,0.0
open_2017_05_08_close_2017_05_08_flight_Fixed Wing_N550ND_before_0_189617,open_2017_05_08_close_2017_05_08_flight_Fixed Wing_N550ND_before_0_189617,349,1745,1774,0.0004038000000008424,1.2400000002799061e-05,1.0,0.0,0.0,0.9699999999999989,175.94999999999993,0.34999999999999964,1.94,0.060000000000000005,0.16,1.5,0.5,0.0,0.0,0.0,1.3645500000000002e-18,0.0,0.0,0.0600000000000005,0.060000000000002274,0.20999999999999375,17.200000000000273,0.8000000000000114,0.6299999999999955,0.5299999999999727,0.15999999999985448,3.0,0.0,0.0,0.0,0.0,0.0,0.0,15.799999999999983,0.0,0.0
open_2017_05_08_close_2017_05_08_flight_Fixed Wing_N550ND_before_0_189617,open_2017_05_08_close_2017_05_08_flight_Fixed Wing_N550ND_before_0_189617,350,1750,1779,0.00039720000000187383,1.079999999831216e-05,13.0,0.0,0.0,0.04999999999999716,13.580000000000041,0.15000000000000036,0.71,0.05,0.03,1.0,0.09999999999999432,0.0,0.0,0.09999999999999964,1.3645500000000002e-18,0.07000000000000028,0.0,0.11999999999999922,0.060000000000002274,0.09000000000000341,9.299999999999727,0.7899999999999636,0.6500000000000341,0.9800000000000182,0.20000000000004547,1.0,0.0,0.0,0.0,0.0,0.0,0.0,74.79999999999995,0.0,0.0
open_2017_05_08_close_2017_05_08_flight_Fixed Wing_N550ND_before_0_189617,open_2017_05_08_close_2017_05_08_flight_Fixed Wing_N550ND_before_0_189617,351,1755,1784,0.0003625999999954388,2.4400000000923683e-05,6.0,0.0,0.0,0.28000000000000114,80.37,0.8200000000000003,2.4099999999999997,0.02,0.030000000000000006,0.5999999999999943,0.30000000000001137,0.0,0.0,0.0,1.3645500000000002e-18,0.08000000000000185,0.0,0.049999999999998934,0.01999999999998181,0.4300000000000068,3.400000000000091,0.8000000000000114,0.6399999999999864,1.0899999999999181,0.6900000000000546,0.0,0.0,0.0,0.0,0.0,0.0,0.0,39.39999999999998,0.0,0.0
open_2017_05_08_close_2017_05_08_flight_Fixed Wing_N550ND_before_0_189617,open_2017_05_08_close_2017_05_08_flight_Fixed Wing_N550ND_before_0_189617,352,1760,1789,0.00040130000000004884,0.00022710000000358832,19.0,0.0,0.0,0.1700000000000017,167.36,0.08000000000000007,4.639999999999997,0.019999999999999997,0.03,5.0,5.099999999999994,0.0,0.0,0.0,1.3645500000000002e-18,0.030000000000001137,0.0,0.009999999999999787,0.030000000000001137,0.09999999999999432,8.399999999999636,0.6299999999999955,0.5199999999999818,1.240000000000009,1.449999999999818,3.0,0.0,0.0,0.0,0.0,0.0,0.0,35.40000000000009,0.0,0.5
open_2017_05_08_close_2017_05_08_flight_Fixed Wing_N550ND_before_0_189617,open_2017_05_08_close_2017_05_08_flight_Fixed Wing_N550ND_before_0_189617,353,1765,1794,0.00021960000000120772,0.0005201000000027989,5.0,0.0,0.0,1.4599999999999937,193.01,0.4399999999999995,3.5700000000000003,0.019999999999999997,0.03,9.099999999999994,6.200000000000003,0.0,0.0,0.0,1.3645500000000002e-18,0.0,0.0,0.07000000000000028,0.020000000000010232,0.37999999999999545,7.400000000000091,0.7299999999999613,0.6200000000000045,0.6699999999998454,0.75,1.0,0.0,0.0,0.0,0.0,0.0,0.0,90.5,0.0,1.5
open_2017_05_08_close_2017_05_08_flight_Fixed Wing_N550ND_before_0_189617,open_2017_05_08_close_2017_05_08_flight_Fixed Wing_N550ND_before_0_189617,354,1770,1799,2.9099999999004922e-05,0.0006582000000037169,7.0,0.0,0.0,0.0,5.240000000000009,1.38,7.520000000000001,0.010000000000000009,0.05,5.5,5.3999999999999915,0.0,0.0,0.0,1.3645500000000002e-18,0.14999999999999858,0.0,0.05000000000000071,0.0,0.4299999999999926,3.699999999999818,0.7199999999999704,0.5799999999999841,0.5499999999999545,0.06999999999993634,1.0,0.0,0.0,0.0,0.0,0.0,0.0,23.599999999999966,0.0,0.5
open_2017_05_08_close_2017_05_08_flight_Fixed Wing_N550ND_before_0_189617,open_2017_05_08_close_2017_05_08_flight_Fixed Wing_N550ND_before_0_189617,355,1775,1804,4.040000000316013e-05,0.0006405000000029304,10.0,0.0,0.0,0.4399999999999977,16.839999999999975,0.41999999999999993,1.1099999999999999,0.05,0.039999999999999994,2.700000000000003,0.7999999999999972,0.0,0.0,0.09999999999999987,1.3645500000000002e-18,0.0,0.0,0.009999999999999787,0.020000000000010232,0.1600000000000108,5.600000000000364,0.06999999999999318,0.20999999999997954,0.7200000000000273,0.8900000000001,0.0,0.0,0.0,0.0,0.0,0.0,0.0,70.89999999999998,0.0,0.0
open_2017_05_08_close_2017_05_08_flight_Fixed Wing_N550ND_before_0_189617,open_2017_05_08_close_2017_05_08_flight_Fixed Wing_N550ND_before_0_189617,356,1780,1809,5.860000000268428e-05,0.0006760999999926298,12.0,0.0,0.0,0.8799999999999955,52.97999999999996,0.15000000000000036,4.22,0.04,0.15,2.299999999999997,2.299999999999997,0.0,0.0,0.10000000000000009,1.3645500000000002e-18,0.019999999999999574,0.0,0.09999999999999964,0.05000000000001137,0.10999999999999943,4.600000000000364,0.7400000000000091,0.5699999999999932,0.01999999999998181,1.5499999999999545,1.0,0.0,0.0,0.0,0.0,0.0,0.0,145.60000000000002,0.0,0.0
open_2017_05_08_close_2017_05_08_flight_Fixed Wing_N550ND_before_0_189617,open_2017_05_08_close_2017_05_08_flight_Fixed Wing_N550ND_before_0_189617,357,1785,1814,0.000244500000000869,0.0004042000000055168,14.0,0.0,0.0,1.8799999999999955,21.889999999999986,0.05999999999999961,0.07000000000000028,0.03,0.16,6.900000000000002,6.600000000000001,0.10000000000000142,0.0,0.10000000000000009,1.3645500000000002e-18,0.379999999999999,0.0,0.20000000000000107,0.060000000000002274,0.3299999999999983,3.5,0.75,0.6200000000000045,0.06999999999993634,1.3099999999999454,2.0,0.0,0.0,0.0,0.0,0.0,0.0,322.79999999999995,0.0,1.0
open_2017_05_08_close_2017_05_08_flight_Fixed Wing_N550ND_before_0_189617,open_2017_05_08_close_2017_05_08_flight_Fixed Wing_N550ND_before_0_189617,358,1790,1819,0.00033299999999769625,0.0001546000000018921,4.0,0.0,0.0,1.0300000000000011,50.870000000000005,0.29000000000000004,4.299999999999999,0.009999999999999995,0.030000000000000002,5.0,6.300000000000001,0.0,0.0,0.10000000000000009,1.3645500000000002e-18,0.019999999999999574,0.0,0.5500000000000007,0.06999999999999318,0.35999999999999943,21.5,0.6100000000000136,0.6299999999999955,7.639999999999873,9.730000000000018,1.0,0.0,0.0,0.0,0.0,0.0,0.0,47.30000000000001,0.0,0.0
open_2017_05_08_close_2017_05_08_flight_Fixed Wing_N550ND_before_0_189617,open_2017_05_08_close_2017_05_08_flight_Fixed Wing_N550ND_before_0_189617,359,1795,1824,0.00032369999999559695,2.840000000503551e-05,6.0,0.0,0.0,0.5700000000000074,126.73,0.09000000000000008,0.44999999999999996,0.04,0.08,0.10000000000002274,1.0999999999999996,0.10000000000000142,0.0,0.0,1.3645500000000002e-18,0.17999999999999972,0.0,0.4399999999999995,0.06999999999999318,0.4200000000000017,47.90000000000009,0.5099999999999909,0.5099999999999909,2.2100000000000364,0.75,1.0,0.0,0.0,0.0,0.0,0.0,0.0,78.70000000000002,0.0,0.0
open_2017_05_08_close_2017_05_08_flight_Fixed Wing_N550ND_before_0_189617,open_2017_05_08_close_2017_05_08_flight_Fixed Wing_N550ND_before_0_189617,360,1800,1829,0.0006264999999956444,7.339999999089741e-05,1.0,0.0,0.0,0.28999999999999204,211.07,0.52,0.18,0.010000000000000002,0.06,0.2999999999999545,1.2000000000000455,0.10000000000000142,0.0,0.10000000000000009,1.3645500000000002e-18,0.1999999999999993,0.0,0.0,0.030000000000001137,0.14999999999999147,4.299999999999727,0.7200000000000273,0.8299999999999841,7.809999999999945,1.509999999999991,0.0,0.0,0.0,0.0,0.0,0.0,0.0,86.6,0.0,0.5
open_2017_05_08_close_2017_05_08_flight_Fixed Wing_N550ND_before_0_189617,open_2017_05_08_close_2017_05_08_flight_Fixed Wing_N550ND_before_0_189617,361,1805,1834,0.000331600000002652,4.9500000002922206e-05,2.0,0.0,0.0,0.1700000000000017,22.539999999999992,0.040000000000000036,1.0100000000000002,0.0,0.02,0.6000000000000227,0.5,0.0,0.0,0.0,1.3645500000000002e-18,0.1999999999999993,0.0,0.0600000000000005,0.010000000000019327,0.030000000000001137,1.300000000000182,0.22000000000002728,0.35000000000002274,1.4100000000000819,0.2799999999999727,1.0,0.0,0.0,0.0,0.0,0.0,0.0,19.700000000000017,0.0,0.5
open_2017_05_08_close_2017_05_08_flight_Fixed Wing_N550ND_before_0_189617,open_2017_05_08_close_2017_05_08_flight_Fixed Wing_N550ND_before_0_189617,362,1810,1839,0.00034060000000124546,5.629999999712254e-05,5.0,0.0,0.0,0.060000000000002274,67.63,0.23999999999999977,0.5599999999999999,0.019999999999999997,0.03,1.1000000000000227,0.0999999999999659,0.0,0.0,0.0,1.3645500000000002e-18,0.0799999999999983,0.0,0.05999999999999961,0.05000000000001137,0.06999999999999318,3.300000000000182,0.07999999999998408,0.2400000000000091,1.4200000000000728,0.2599999999999909,0.0,0.0,0.0,0.0,0.0,0.0,0.0,3.9000000000000057,0.0,0.5
open_2017_05_08_close_2017_05_08_flight_Fixed Wing_N550ND_before_0_189617,open_2017_05_08_close_2017_05_08_flight_Fixed Wing_N550ND_before_0_189617,363,1815,1844,0.00033820000000162054,1.4000000007285962e-05,2.0,0.0,0.0,0.0799999999999983,48.0,0.03999999999999959,0.5500000000000003,0.04,0.019999999999999997,0.5,0.10000000000002274,0.0,0.0,0.0,1.3645500000000002e-18,0.0,0.0,0.16000000000000014,0.030000000000001137,0.1700000000000017,10.400000000000091,0.08999999999997499,0.01999999999998181,1.4200000000000728,0.5499999999999545,1.0,0.0,0.0,0.0,0.0,0.0,0.0,43.3,0.0,0.0
open_2017_05_08_close_2017_05_08_flight_Fixed Wing_N550ND_before_0_189617,open_2017_05_08_close_2017_05_08_flight_Fixed Wing_N550ND_before_0_189617,364,1820,1849,0.000362400000000207,3.100000000699765e-05,5.0,0.0,0.0,0.3100000000000023,31.340000000000003,0.06999999999999984,0.010000000000000009,0.0,0.03,0.19999999999998863,0.0,0.0,0.0,0.10000000000000009,1.3645500000000002e-18,0.019999999999999574,0.0,0.08999999999999986,0.009999999999990905,0.29000000000000625,6.300000000000182,0.060000000000002274,0.0,0.18000000000006366,0.09000000000014552,1.0,0.0,0.0,0.0,0.0,0.0,0.0,59.099999999999994,0.0,0.0
open_2017_05_08_close_2017_05_08_flight_Fixed Wing_N550ND_before_0_189617,open_2017_05_08_close_2017_05_08_flight_Fixed Wing_N550ND_before_0_189617,365,1825,1854,0.00029810000000196624,2.1700000004898357e-05,4.0,0.0,0.0,0.20999999999999375,79.27000000000001,0.009999999999999787,0.18000000000000005,0.0,0.019999999999999997,0.8999999999999773,0.0,0.0,0.0,0.0,1.3645500000000002e-18,0.05000000000000071,0.0,0.03000000000000025,0.030000000000001137,0.23999999999999488,5.0,0.07999999999998408,0.10000000000002274,0.2799999999999727,0.009999999999990905,1.0,0.0,0.0,0.0,0.0,0.0,0.0,15.700000000000003,0.0,0.0
open_2017_05_08_close_2017_05_08_flight_Fixed Wing_N550ND_before_0_189617,open_2017_05_08_close_2017_05_08_flight_Fixed Wing_N550ND_before_0_189617,366,1830,1859,0.0003376000000017143,2.7699999989749813e-05,3.0,0.0,0.0,0.23000000000000398,97.53,0.31999999999999984,0.020000000000000018,0.060000000000000005,0.09999999999999999,0.19999999999998863,0.0,0.0,0.0,0.0,1.3645500000000002e-18,0.0,0.0,0.019999999999999574,0.009999999999990905,0.28000000000000114,9.900000000000091,0.06999999999999318,0.009999999999990905,0.20000000000004547,0.37000000000011823,1.0,0.0,0.0,0.0,0.0,0.0,0.0,11.8,0.0,0.5
open_2017_05_08_close_2017_05_08_flight_Fixed Wing_N550ND_before_0_189617,open_2017_05_08_close_2017_05_08_flight_Fixed Wing_N550ND_before_0_189617,367,1835,1864,0.000354200000003857,1.8400000001861372e-05,4.0,0.0,0.0,0.14000000000000057,123.0,0.08999999999999986,1.51,0.010000000000000002,0.03,0.2999999999999545,0.0,0.0,0.0,0.10000000000000009,1.3645500000000002e-18,0.13000000000000256,0.0,0.04999999999999982,0.010000000000019327,0.04000000000000625,5.5,0.17999999999994998,0.160000000000025,0.7599999999999909,0.4900000000000091,1.0,0.0,0.0,0.0,0.0,0.0,0.0,7.899999999999999,0.0,0.0
open_2017_05_08_close_2017_05_08_flight_Fixed Wing_N550ND_before_0_189617,open_2017_05_08_close_2017_05_08_flight_Fixed Wing_N550ND_before_0_189617,368,1840,1869,0.00037079999999889424,6.100000007336348e-06,0.0,0.0,0.0,0.060000000000002274,26.14,0.08999999999999986,0.7200000000000002,0.02,0.02,0.39999999999997726,0.5,0.0,0.0,0.0,1.3645500000000002e-18,0.0,0.0,0.040000000000000036,0.010000000000019327,0.04000000000000625,2.899999999999636,0.3199999999999932,0.30000000000001137,0.8300000000001546,0.6300000000001091,1.0,0.0,0.0,0.0,0.0,0.0,0.0,15.699999999999989,0.0,0.5
open_2017_05_08_close_2017_05_08_flight_Fixed Wing_N550ND_before_0_189617,open_2017_05_08_close_2017_05_08_flight_Fixed Wing_N550ND_before_0_189617,369,1845,1874,0.00030650000000065347,6.8999999882635166e-06,3.0,0.0,0.0,0.0,20.29,0.2100000000000004,0.3800000000000001,0.0,1.0849799999999998e-20,0.20000000000004547,0.0,0.0,0.0,0.0,1.3645500000000002e-18,0.0,0.0,0.0600000000000005,0.020000000000010232,0.009999999999990905,4.700000000000273,0.3100000000000023,0.22999999999996135,0.25,0.2899999999999636,0.0,0.0,0.0,0.0,0.0,0.0,0.0,3.8999999999999986,0.0,0.0
open_2017_05_08_close_2017_05_08_flight_Fixed Wing_N550ND_before_0_189617,open_2017_05_08_close_2017_05_08_flight_Fixed Wing_N550ND_before_0_189617,370,1850,1879,0.0003535999999968453,7.499999995275175e-06,5.0,0.0,0.0,0.060000000000002274,91.94,0.11000000000000032,1.88,0.020000000000000004,0.13,0.8000000000000114,0.39999999999997726,0.0,0.0,0.0,1.3645500000000002e-18,0.08000000000000185,0.0,0.08999999999999986,0.009999999999990905,0.46999999999999886,1.0,0.25,0.25,0.5600000000001728,0.8800000000001091,1.0,0.0,0.0,0.0,0.0,0.0,0.0,7.899999999999999,0.0,0.0
open_2017_05_08_close_2017_05_08_flight_Fixed Wing_N550ND_before_0_189617,open_2017_05_08_close_2017_05_08_flight_Fixed Wing_N550ND_before_0_189617,371,1855,1884,0.000381699999998375,8.600000001024455e-06,2.0,0.0,0.0,0.269999999999996,51.709999999999994,0.1299999999999999,1.6599999999999997,0.0,0.06,0.30000000000001137,0.4000000000000341,0.0,0.0,0.0,1.3645500000000002e-18,0.0,0.0,0.0,0.020000000000010232,0.03999999999999204,1.800000000000182,0.40999999999996817,0.410000000000025,0.09999999999990905,0.2699999999999818,0.0,0.0,0.0,0.0,0.0,0.0,0.0,23.599999999999994,0.0,0.0
open_2017_05_08_close_2017_05_08_flight_Fixed Wing_N550ND_before_0_189617,open_2017_05_08_close_2017_05_08_flight_Fixed Wing_N550ND_before_0_189617,372,1860,1889,0.000351699999995958,6.700000000137152e-06,2.0,0.0,0.0,0.269999999999996,10.539999999999992,0.10999999999999988,1.7799999999999998,0.02,0.039999999999999994,0.30000000000001137,0.5,0.0,0.0,0.0,1.3645500000000002e-18,0.05000000000000071,0.0,0.07999999999999918,0.009999999999990905,0.23000000000000398,7.200000000000273,0.2599999999999909,0.2699999999999818,0.18000000000006366,0.20000000000004547,2.0,0.0,0.0,0.0,0.0,0.0,0.0,11.800000000000011,0.0,0.0
open_2017_05_08_close_2017_05_08_flight_Fixed Wing_N550ND_before_0_189617,open_2017_05_08_close_2017_05_08_flight_Fixed Wing_N550ND_before_0_189617,373,1865,1894,0.0003408000000035827,6.700000000137152e-06,2.0,0.0,0.0,0.1600000000000108,96.6,0.1499999999999999,1.38,0.02,0.009999999999999998,1.0,0.4000000000000341,0.0,0.0,0.0,1.3645500000000002e-18,0.08000000000000185,0.0,0.020000000000000462,0.020000000000010232,0.06999999999999318,2.800000000000182,0.2599999999999909,0.17000000000001592,1.2300000000000182,0.19000000000005457,0.0,0.0,0.0,0.0,0.0,0.0,0.0,43.3,0.0,0.0
open_2017_05_08_close_2017_05_08_flight_Fixed Wing_N550ND_before_0_189617,open_2017_05_08_close_2017_05_08_flight_Fixed Wing_N550ND_before_0_189617,374,1870,1899,0.0003298999999969965,1.6999999985500835e-06,7.0,0.0,0.0,0.1799999999999926,37.870000000000005,0.23999999999999977,1.97,0.09,0.03,1.5,0.20000000000004547,0.0,0.0,0.0,1.3645500000000002e-18,0.05000000000000071,0.0,0.05999999999999961,0.020000000000010232,0.12999999999999545,3.0,0.2799999999999727,0.15999999999996817,0.07000000000016371,0.36000000000012733,1.0,0.0,0.0,0.0,0.0,0.0,0.0,11.800000000000011,0.0,0.5
open_2017_05_08_close_2017_05_08_flight_Fixed Wing_N550ND_before_0_189617,open_2017_05_08_close_2017_05_08_flight_Fixed Wing_N550ND_before_0_189617,375,1875,1904,0.00033430000000578275,5.100000009861105e-06,3.0,0.0,0.0,0.269999999999996,173.19,0.25,0.5800000000000001,0.049999999999999996,0.049999999999999996,1.599999999999966,0.39999999999997726,0.0,0.0,0.10000000000000009,1.3645500000000002e-18,0.0,0.0,0.03000000000000025,0.010000000000019327,0.14999999999999147,3.5,0.3300000000000409,0.2400000000000091,0.7100000000000364,0.12999999999988177,0.0,0.0,0.0,0.0,0.0,0.0,0.0,11.8,0.0,0.0
open_2017_05_08_close_2017_05_08_flight_Fixed Wing_N550ND_before_0_189617,open_2017_05_08_close_2017_05_08_flight_Fixed Wing_N550ND_before_0_189617,376,1880,1909,0.00033479999999741494,3.399999997100167e-06,2.0,0.0,0.0,0.30999999999998806,23.049999999999997,0.34999999999999964,1.2000000000000006,0.04,0.07,0.30000000000001137,0.8000000000000114,0.0,0.0,0.0,1.3645500000000002e-18,0.019999999999999574,0.0,0.07000000000000028,0.030000000000001137,0.13999999999998636,3.599999999999909,0.2300000000000182,0.18000000000000682,0.06999999999993634,0.21000000000003638,2.0,0.0,0.0,0.0,0.0,0.0,0.0,86.6,0.0,0.5
open_2017_05_08_close_2017_05_08_flight_Fixed Wing_N550ND_before_0_189617,open_2017_05_08_close_2017_05_08_flight_Fixed Wing_N550ND_before_0_189617,377,1885,1914,0.0003010000000003288,4.2399999998110616e-05,1.0,0.0,0.0,0.10000000000000853,36.79,0.5800000000000001,3.61,0.019999999999999997,0.1,0.6000000000000227,0.0,0.0,0.0,0.10000000000000009,1.3645500000000002e-18,0.04999999999999716,0.0,0.009999999999999787,0.020000000000010232,0.4700000000000131,1.5,0.3299999999999841,0.29000000000002046,0.32999999999992724,0.029999999999972715,0.0,0.0,0.0,0.0,0.0,0.0,0.0,82.69999999999999,0.0,0.0
open_2017_05_08_close_2017_05_08_flight_Fixed Wing_N550ND_before_0_189617,open_2017_05_08_close_2017_05_08_flight_Fixed Wing_N550ND_before_0_189617,378,1890,1919,0.00041679999999644224,2.6300000001810986e-05,7.0,0.0,0.0,0.45999999999999375,86.34,0.030000000000000027,0.45000000000000007,0.02,0.13,0.0,0.19999999999998863,0.0,0.0,0.10000000000000009,1.3645500000000002e-18,0.0,0.0,0.019999999999999574,0.01999999999998181,0.09000000000000341,3.200000000000273,0.3100000000000023,0.30000000000001137,1.509999999999991,0.049999999999954525,0.0,0.0,0.0,0.0,0.0,0.0,0.0,4.0,0.0,0.0
open_2017_05_08_close_2017_05_08_flight_Fixed Wing_N550ND_before_0_189617,open_2017_05_08_close_2017_05_08_flight_Fixed Wing_N550ND_before_0_189617,379,1895,1924,0.00033260000000012724,9.419999999238371e-05,7.0,0.0,0.0,0.4100000000000108,87.83000000000001,1.1400000000000001,0.9099999999999999,0.02,0.04,0.10000000000002274,0.0999999999999659,0.0,0.0,0.0,1.3645500000000002e-18,0.05000000000000071,0.0,0.4099999999999997,0.040000000000020464,1.2399999999999949,92.40000000000009,0.3199999999999932,0.30000000000001137,5.539999999999964,2.1700000000000728,2.0,0.0,0.0,0.0,0.0,0.0,0.0,70.90000000000003,0.0,0.0
open_2017_05_08_close_2017_05_08_flight_Fixed Wing_N550ND_before_0_189617,open_2017_05_08_close_2017_05_08_flight_Fixed Wing_N550ND_before_0_189617,380,1900,1929,0.00034840000000002647,0.00013069999999970605,16.0,0.0,0.0,0.4300000000000068,183.51999999999998,0.2100000000000004,8.040000000000001,0.010000000000000002,0.14,3.900000000000034,3.0,0.0,0.0,0.10000000000000009,1.3645500000000002e-18,0.0,0.0,0.04999999999999982,0.030000000000001137,0.0799999999999983,1.0,0.45999999999997954,0.35000000000002274,8.429999999999836,6.150000000000091,1.0,0.0,0.0,0.0,0.0,0.0,0.0,47.200000000000045,0.0,0.5
open_2017_05_08_close_2017_05_08_flight_Fixed Wing_N550ND_before_0_189617,open_2017_05_08_close_2017_05_08_flight_Fixed Wing_N550ND_before_0_189617,381,1905,1934,0.0002137999999973772,0.0003793999999999187,12.0,0.0,0.0,0.9700000000000131,76.15999999999997,1.06,0.4399999999999977,0.11000000000000001,0.06,5.0,7.599999999999966,0.0,0.0,0.0,1.3645500000000002e-18,0.11000000000000298,0.0,0.020000000000000018,0.020000000000010232,0.14000000000000057,12.200000000000045,0.6000000000000227,0.38999999999998636,1.3600000000001273,3.189999999999827,3.0,0.0,0.0,0.0,0.0,0.0,0.0,66.89999999999998,0.0,0.0
open_2017_05_08_close_2017_05_08_flight_Fixed Wing_N550ND_before_0_189617,open_2017_05_08_close_2017_05_08_flight_Fixed Wing_N550ND_before_0_189617,382,1910,1939,3.939999999857946e-05,0.0005055999999967753,9.0,0.0,0.0,0.6200000000000045,101.72999999999996,0.52,2.700000000000003,0.009999999999999995,0.14,4.900000000000034,5.600000000000023,0.0,0.0,0.10000000000000009,1.3645500000000002e-18,0.129999999999999,0.0,0.0,0.040000000000020464,0.29000000000000625,12.799999999999955,0.6599999999999682,0.44999999999998863,2.2100000000000364,1.2200000000000273,3.0,0.0,0.0,0.0,0.0,0.0,0.0,15.700000000000045,0.0,0.0
open_2017_05_08_close_2017_05_08_flight_Fixed Wing_N550ND_before_0_189617,open_2017_05_08_close_2017_05_08_flight_Fixed Wing_N550ND_before_0_189617,383,1915,1944,5.000000001587068e-06,0.0005139999999954625,25.0,0.0,0.0,0.3299999999999983,253.57000000000005,0.1599999999999997,0.26,0.0,0.020000000000000004,0.2999999999999545,0.6999999999999886,0.0,0.0,0.10000000000000009,1.3645500000000002e-18,0.0,0.0,0.04999999999999982,0.030000000000001137,0.18999999999999773,10.299999999999955,0.67999999999995,0.5099999999999909,0.8899999999998727,0.4600000000000364,4.0,0.0,0.0,0.0,0.0,0.0,0.0,82.70000000000005,0.0,0.0
open_2017_05_08_close_2017_05_08_flight_Fixed Wing_N550ND_before_0_189617,open_2017_05_08_close_2017_05_08_flight_Fixed Wing_N550ND_before_0_189617,384,1920,1949,5.9000000000253294e-05,0.0004691000000036638,2.0,0.0,0.0,1.2999999999999972,84.69,0.15999999999999998,1.79,0.019999999999999997,0.05,0.4000000000000341,0.0,0.10000000000000142,0.0,0.10000000000000009,1.3645500000000002e-18,0.10000000000000142,0.0,0.040000000000000036,0.010000000000019327,0.18999999999999773,14.5,0.7600000000000477,0.5100000000000477,0.8399999999999181,0.7100000000000364,3.0,0.0,0.0,0.0,0.0,0.0,0.0,35.5,0.0,0.0
open_2017_05_08_close_2017_05_08_flight_Fixed Wing_N550ND_before_0_189617,open_2017_05_08_close_2017_05_08_flight_Fixed Wing_N550ND_before_0_189617,385,1925,1954,7.640000000463942e-05,0.0005104999999900883,1.0,0.0,0.0,0.8299999999999983,60.29000000000002,1.27,2.83,0.010000000000000002,0.010000000000000002,1.8000000000000114,0.20000000000004547,0.10000000000000142,0.0,0.10000000000000009,1.3645500000000002e-18,0.08999999999999986,0.0,0.010000000000000231,0.020000000000010232,0.21000000000000085,10.0,0.75,0.5300000000000296,2.2999999999999545,2.3199999999999363,1.0,0.0,0.0,0.0,0.0,0.0,0.0,51.19999999999999,0.0,0.0
open_2017_05_08_close_2017_05_08_flight_Fixed Wing_N550ND_before_0_189617,open_2017_05_08_close_2017_05_08_flight_Fixed Wing_N550ND_before_0_189617,386,1930,1959,0.00011510000000214404,0.000461100000009651,1.0,0.0,0.0,0.28999999999999204,269.13,1.6400000000000001,3.4599999999999973,0.060000000000000005,0.04000000000000001,4.200000000000017,6.800000000000011,0.10000000000000142,0.0,0.10000000000000009,1.3645500000000002e-18,0.05000000000000071,0.0,0.040000000000000036,0.040000000000020464,0.21999999999999886,9.700000000000045,0.7400000000000091,0.6200000000000045,1.0800000000001546,1.7799999999999727,0.0,0.0,0.0,0.0,0.0,0.0,0.0,51.20000000000002,0.0,0.5
open_2017_05_08_close_2017_05_08_flight_Fixed Wing_N550ND_before_0_189617,open_2017_05_08_close_2017_05_08_flight_Fixed Wing_N550ND_before_0_189617,387,1935,1964,0.0002671999999961372,0.0002479999999991378,6.0,0.0,0.0,0.7399999999999949,39.08,0.35,7.019999999999996,0.04,0.07,4.5,7.700000000000017,0.10000000000000142,0.0,0.10000000000000009,1.3645500000000002e-18,0.129999999999999,0.0,0.03000000000000025,0.0,0.14000000000000057,4.600000000000136,0.8100000000000023,0.7200000000000273,2.6599999999998545,3.0499999999999545,2.0,0.0,0.0,0.0,0.0,0.0,0.0,157.49999999999997,0.0,0.5
open_2017_05_08_close_2017_05_08_flight_Fixed Wing_N550ND_before_0_189617,open_2017_05_08_close_2017_05_08_flight_Fixed Wing_N550ND_before_0_189617,388,1940,1969,0.00036470000000576874,0.00010780000000920609,15.0,0.0,0.0,1.460000000000008,166.74,0.78,8.11,0.020000000000000004,0.14,3.5,4.5,0.0,0.0,0.0,1.3645500000000002e-18,0.0,0.0,0.04999999999999982,0.01999999999998181,0.28000000000000114,12.799999999999955,0.75,0.589999999999975,0.209999999999809,0.5099999999999909,0.0,0.0,0.0,0.0,0.0,0.0,0.0,185.0,0.0,0.0
open_2017_05_08_close_2017_05_08_flight_Fixed Wing_N550ND_before_0_189617,open_2017_05_08_close_2017_05_08_flight_Fixed Wing_N550ND_before_0_189617,389,1945,1974,0.00037669999999678794,8.850000000393266e-05,8.0,0.0,0.0,0.14000000000000057,18.969999999999914,0.1299999999999999,4.66,0.03,0.02,1.799999999999983,0.0,0.10000000000000142,0.0,0.0,1.3645500000000002e-18,0.3100000000000023,0.0,0.27,0.020000000000010232,1.3399999999999963,77.79999999999995,0.6899999999999977,0.5699999999999932,4.399999999999864,6.519999999999982,2.0,0.0,0.0,0.0,0.0,0.0,0.0,43.39999999999998,0.0,0.0
open_2017_05_08_close_2017_05_08_flight_Fixed Wing_N550ND_before_0_189617,open_2017_05_08_close_2017_05_08_flight_Fixed Wing_N550ND_before_0_189617,390,1950,1979,0.000373899999999594,2.4199999998586463e-05,14.0,0.0,0.0,0.5,3.509999999999991,0.5500000000000003,5.109999999999999,0.060000000000000005,0.01,0.8000000000000114,0.5,0.10000000000000142,0.0,0.10000000000000009,1.3645500000000002e-18,0.129999999999999,0.0,0.040000000000000036,0.030000000000001137,0.05000000000000426,1.5,0.7599999999999909,0.5699999999999932,0.7300000000000182,7.100000000000136,1.0,0.0,0.0,0.0,0.0,0.0,0.0,7.7999999999999545,0.0,0.0
open_2017_05_08_close_2017_05_08_flight_Fixed Wing_N550ND_before_0_189617,open_2017_05_08_close_2017_05_08_flight_Fixed Wing_N550ND_before_0_189617,391,1955,1984,0.0006948999999991656,1.3999999993075107e-05,20.0,0.0,0.1999999999999993,0.9499999999999886,73.48000000000002,0.7000000000000002,3.12,0.05,0.11,1.5,0.10000000000002274,0.10000000000000142,0.0,0.10000000000000009,1.3645500000000002e-18,0.16000000000000014,0.0,0.020000000000000018,0.020000000000010232,0.09999999999999432,15.899999999999864,1.5600000000000023,1.0400000000000205,0.1899999999998272,8.240000000000009,2.0,0.0,0.0,0.0,0.0,0.0,0.0,98.39999999999998,0.0,0.5
open_2017_05_08_close_2017_05_08_flight_Fixed Wing_N550ND_before_0_189617,open_2017_05_08_close_2017_05_08_flight_Fixed Wing_N550ND_before_0_189617,392,1960,1989,0.000332000000000221,1.3999999993075107e-05,12.0,0.0,0.0,0.36999999999999034,42.539999999999964,0.17999999999999972,0.94,0.07,0.21,0.5,0.39999999999997726,0.10000000000000142,0.0,0.0,1.3645500000000002e-18,0.0,0.0,0.30000000000000027,0.01999999999998181,1.6799999999999997,100.29999999999995,0.8000000000000114,0.5800000000000409,7.4500000000000455,12.309999999999945,1.0,0.0,0.0,0.0,0.0,0.0,0.0,240.20000000000005,0.0,0.5
open_2017_05_08_close_2017_05_08_flight_Fixed Wing_N550ND_before_0_189617,open_2017_05_08_close_2017_05_08_flight_Fixed Wing_N550ND_before_0_189617,393,1965,1994,0.00026849999999711827,2.159999999662432e-05,1.0,0.0,0.0,0.5600000000000023,152.26999999999998,0.13000000000000012,1.1799999999999997,0.05,0.1,2.1999999999999886,0.09999999999999432,0.10000000000000142,0.0,0.10000000000000009,1.3645500000000002e-18,0.36999999999999744,0.0,0.040000000000000036,0.030000000000001137,0.14000000000000057,5.5,0.6800000000000068,0.5500000000000114,2.1099999999999,9.8599999999999,0.0,0.0,0.0,0.0,0.0,0.0,0.0,31.5,0.0,0.0
open_2017_05_08_close_2017_05_08_flight_Fixed Wing_N550ND_before_0_189617,open_2017_05_08_close_2017_05_08_flight_Fixed Wing_N550ND_before_0_189617,394,1970,1999,0.0005491000000006352,2.159999999662432e-05,16.0,0.0,0.0,1.4399999999999977,49.549999999999955,1.12,3.93,0.009999999999999998,0.08,0.09999999999999432,0.4000000000000057,0.0,0.0,0.10000000000000009,1.3645500000000002e-18,0.0,0.0,0.010000000000000231,0.04999999999998295,0.1699999999999946,10.0,1.1999999999999886,0.9499999999999886,0.37000000000011823,9.069999999999936,5.0,0.0,0.0,0.0,0.0,0.0,0.0,43.30000000000001,0.0,0.0
open_2017_05_08_close_2017_05_08_flight_Fixed Wing_N550ND_before_0_189617,open_2017_05_08_close_2017_05_08_flight_Fixed Wing_N550ND_before_0_189617,395,1975,2004,0.00031779999999770325,2.159999999662432e-05,6.0,0.0,0.0,1.3200000000000003,19.859999999999957,1.1900000000000004,0.5700000000000001,0.0,0.01,0.20000000000001705,0.20000000000001705,0.0,0.0,0.0,1.3645500000000002e-18,0.0,0.0,0.040000000000000036,0.04999999999998295,1.3200000000000003,82.29999999999995,0.5699999999999932,0.47999999999996135,69.41000000000008,27.0,3.0,0.0,0.0,0.0,0.0,0.0,0.0,0.0,0.0,0.0
open_2017_05_08_close_2017_05_08_flight_Fixed Wing_N550ND_before_0_189617,open_2017_05_08_close_2017_05_08_flight_Fixed Wing_N550ND_before_0_189617,396,1980,2009,0.00023769999999956326,2.159999999662432e-05,4.0,0.0,0.0,1.480000000000004,29.650000000000006,1.0299999999999994,0.19999999999999996,0.05,0.3,1.1999999999999886,0.09999999999999432,0.0,0.0,0.0,1.3645500000000002e-18,0.030000000000001137,0.0,0.030000000000000027,0.020000000000010232,0.22999999999999687,20.300000000000068,0.6500000000000341,0.4399999999999977,36.85000000000002,15.1099999999999,4.0,0.0,0.0,0.0,0.0,0.0,0.0,102.39999999999999,0.0,0.5
open_2017_05_08_close_2017_05_08_flight_Fixed Wing_N550ND_before_0_189617,open_2017_05_08_close_2017_05_08_flight_Fixed Wing_N550ND_before_0_189617,397,1985,2014,0.0002667999999985682,1.3999999993075107e-05,1.0,0.0,0.0,1.1700000000000017,16.6,0.41999999999999993,0.12999999999999998,0.02,0.14,0.19999999999998863,0.8000000000000114,0.0,0.0,0.0,1.3645500000000002e-18,0.08000000000000185,0.0,0.010000000000000009,0.040000000000020464,0.030000000000001137,3.900000000000091,0.7600000000000477,0.6100000000000136,18.41999999999996,10.86999999999989,1.0,0.0,0.0,0.0,0.0,0.0,0.0,3.9,0.0,0.5
open_2017_05_08_close_2017_05_08_flight_Fixed Wing_N550ND_before_0_189617,open_2017_05_08_close_2017_05_08_flight_Fixed Wing_N550ND_before_0_189617,398,1990,2019,0.0001585999999988985,2.920000000017353e-05,2.0,0.0,0.0,2.210000000000001,13.980000000000004,0.6200000000000001,0.03,0.0,0.18,0.6999999999999886,0.6000000000000227,0.3000000000000007,0.0,0.10000000000000009,0.1,0.33999999999999986,0.0,0.010000000000000009,0.0800000000000125,0.21000000000000085,14.700000000000045,0.6700000000000159,0.4300000000000068,8.42999999999995,8.680000000000064,0.0,0.0,0.0,0.0,0.0,0.0,0.0,11.8,0.0,0.0
open_2017_05_08_close_2017_05_08_flight_Fixed Wing_N550ND_before_0_189617,open_2017_05_08_close_2017_05_08_flight_Fixed Wing_N550ND_before_0_189617,399,1995,2024,0.00021689999999807696,2.920000000017353e-05,0.0,0.0,0.0,1.4499999999999957,27.550000000000004,0.5299999999999998,0.25,0.019999999999999997,0.12,0.8999999999999773,0.30000000000001137,0.10000000000000142,0.0,0.0,1.3645500000000002e-18,0.16000000000000014,0.0,4.11,0.06999999999999318,6.259999999999991,492.6999999999998,0.6399999999999864,0.4500000000000455,91.80999999999995,49.960000000000036,1.0,0.0,0.0,0.0,0.0,0.0,0.0,1.81956e-16,0.0,0.0
open_2017_05_08_close_2017_05_08_flight_Fixed Wing_N550ND_before_0_189617,open_2017_05_08_close_2017_05_08_flight_Fixed Wing_N550ND_before_0_189617,400,2000,2029,0.0001965000000012651,2.159999999662432e-05,1.0,0.0,0.3000000000000007,2.6400000000000006,5.75,0.2699999999999996,0.15000000000000002,0.04,0.04,0.20000000000001705,0.19999999999998863,0.0,0.0,0.0,1.3645500000000002e-18,0.0,0.0,0.13000000000000078,0.010000000000019327,0.29999999999999716,1.800000000000182,0.19999999999998863,0.339999999999975,40.659999999999854,15.220000000000027,2.0,0.0,0.0,0.0,0.0,0.0,0.0,4.0,0.0,0.0
open_2017_05_08_close_2017_05_08_flight_Fixed Wing_N550ND_before_0_189617,open_2017_05_08_close_2017_05_08_flight_Fixed Wing_N550ND_before_0_189617,401,2005,2034,0.000316400000002659,1.3000000080864993e-06,7.0,0.0,0.0,0.7299999999999969,81.97999999999999,0.05000000000000071,0.61,0.06,1.0849799999999998e-20,2.0,0.9000000000000057,0.0,0.0,0.10000000000000009,1.3645500000000002e-18,0.35999999999999943,0.0,0.08000000000000007,0.0800000000000125,0.09000000000000341,4.5,0.19999999999998863,0.12000000000000455,12.550000000000182,7.759999999999991,3.0,0.0,0.0,0.0,0.0,0.0,0.0,125.90000000000003,0.0,0.0
open_2017_05_08_close_2017_05_08_flight_Fixed Wing_N550ND_before_0_189617,open_2017_05_08_close_2017_05_08_flight_Fixed Wing_N550ND_before_0_189617,402,2010,2039,0.0003393000000002644,7.199999998874773e-06,6.0,0.0,0.0,0.4299999999999997,7.589999999999975,0.3200000000000003,1.5,0.02,0.02,3.0,0.09999999999999432,0.0,0.0,0.10000000000000009,1.3645500000000002e-18,0.3999999999999986,0.0,0.08000000000000007,0.060000000000002274,0.05999999999998806,0.5,0.4200000000000159,0.07999999999998408,5.399999999999864,4.169999999999845,1.0,0.0,0.0,0.0,0.0,0.0,0.0,11.800000000000011,0.0,0.0
open_2017_05_08_close_2017_05_08_flight_Fixed Wing_N550ND_before_0_189617,open_2017_05_08_close_2017_05_08_flight_Fixed Wing_N550ND_before_0_189617,403,2015,2044,0.00034989999999623933,5.3899999997497616e-05,2.0,0.0,0.0,1.5900000000000034,228.45,1.4499999999999993,1.4700000000000002,0.02,0.14,1.5,0.19999999999998863,0.0,0.0,0.0,1.3645500000000002e-18,0.0,0.0,0.05000000000000071,0.0,0.4399999999999977,10.599999999999909,0.660000000000025,0.339999999999975,3.269999999999982,2.7999999999999545,2.0,0.0,0.0,0.0,0.0,0.0,0.0,63.0,0.0,0.5
open_2017_05_08_close_2017_05_08_flight_Fixed Wing_N550ND_before_0_189617,open_2017_05_08_close_2017_05_08_flight_Fixed Wing_N550ND_before_0_189617,404,2020,2049,0.0003597000000041817,7.2999999929379555e-06,9.0,0.0,0.0,0.7999999999999972,39.610000000000014,0.35999999999999943,0.54,0.020000000000000004,0.010000000000000002,0.8000000000000114,0.5,0.0,0.0,0.0,1.3645500000000002e-18,0.14999999999999858,0.0,0.010000000000001563,0.030000000000001137,0.04000000000000625,0.8000000000001819,0.8100000000000023,0.5200000000000387,1.5,1.900000000000091,2.0,0.0,0.0,0.0,0.0,0.0,0.0,59.099999999999966,0.0,0.0
open_2017_05_08_close_2017_05_08_flight_Fixed Wing_N550ND_before_0_189617,open_2017_05_08_close_2017_05_08_flight_Fixed Wing_N550ND_before_0_189617,405,2025,2054,0.00036100000000516275,1.4899999996487168e-05,11.0,0.0,0.0,0.4300000000000068,46.18999999999994,0.3699999999999992,1.6999999999999997,0.020000000000000004,0.1,0.799999999999983,0.09999999999999432,0.0,0.0,0.0,1.3645500000000002e-18,0.0,0.0,0.0600000000000005,0.07999999999998408,0.01999999999999602,2.900000000000091,0.9499999999999886,0.6300000000000523,1.009999999999991,2.0699999999999363,0.0,0.0,0.0,0.0,0.0,0.0,0.0,90.60000000000002,0.0,0.0
open_2017_05_08_close_2017_05_08_flight_Fixed Wing_N550ND_before_0_189617,open_2017_05_08_close_2017_05_08_flight_Fixed Wing_N550ND_before_0_189617,406,2030,2059,0.0003815000000031432,3.7800000001197986e-05,9.0,0.0,0.0,0.1799999999999926,20.629999999999995,0.17999999999999972,0.2999999999999998,0.01999999999999999,0.09,1.4000000000000057,0.5999999999999943,0.10000000000000142,0.0,0.0,1.3645500000000002e-18,0.0,0.0,0.02999999999999936,0.08999999999997499,0.10999999999999943,6.200000000000273,0.8499999999999659,0.5099999999999909,0.5799999999999272,0.4399999999998272,2.0,0.0,0.0,0.0,0.0,0.0,0.0,0.0,0.0,0.5
open_2017_05_08_close_2017_05_08_flight_Fixed Wing_N550ND_before_0_189617,open_2017_05_08_close_2017_05_08_flight_Fixed Wing_N550ND_before_0_189617,407,2035,2064,0.00034000000000133923,4.5399999990536344e-05,12.0,0.0,0.0,0.04000000000000625,42.0,0.40000000000000036,0.3900000000000001,0.0,0.1,1.0999999999999943,0.10000000000002274,0.0,0.0,0.0,1.3645500000000002e-18,0.0,0.0,0.06999999999999851,0.12000000000000455,0.6800000000000068,8.299999999999727,0.8999999999999773,0.5300000000000296,0.8699999999998909,0.4800000000000182,1.0,0.0,0.0,0.0,0.0,0.0,0.0,55.10000000000002,0.0,0.0
open_2017_05_08_close_2017_05_08_flight_Fixed Wing_N550ND_before_0_189617,open_2017_05_08_close_2017_05_08_flight_Fixed Wing_N550ND_before_0_189617,408,2040,2069,0.00032149999999830925,4.5399999990536344e-05,15.0,0.0,0.0,0.03999999999999204,67.22000000000003,0.010000000000001563,1.22,0.010000000000000009,0.08,0.10000000000002274,0.39999999999997726,0.0,0.0,0.0,1.3645500000000002e-18,0.05000000000000071,0.0,0.019999999999999574,0.08999999999997499,0.06999999999999318,7.300000000000182,0.9599999999999795,0.6899999999999977,0.029999999999972715,0.3300000000001546,1.0,0.0,0.0,0.0,0.0,0.0,0.0,27.59999999999991,0.0,0.5
open_2017_05_08_close_2017_05_08_flight_Fixed Wing_N550ND_before_0_189617,open_2017_05_08_close_2017_05_08_flight_Fixed Wing_N550ND_before_0_189617,409,2045,2074,0.0003914999999992119,3.170000000807249e-05,9.0,0.0,0.0,0.20000000000000284,82.94999999999993,0.2599999999999998,2.41,0.03,0.07999999999999999,0.20000000000001705,0.0,0.0,0.0,0.0,1.3645500000000002e-18,0.04999999999999716,0.0,0.0,0.060000000000002274,0.0799999999999983,7.299999999999727,0.9799999999999613,0.7200000000000273,0.7199999999997999,0.2999999999999545,2.0,0.0,0.0,0.0,0.0,0.0,0.0,35.5,0.0,1.0
open_2017_05_08_close_2017_05_08_flight_Fixed Wing_N550ND_before_0_189617,open_2017_05_08_close_2017_05_08_flight_Fixed Wing_N550ND_before_0_189617,410,2050,2079,0.0003263999999987277,1.1999999998124622e-06,13.0,0.0,0.0,0.3100000000000023,54.870000000000005,0.23000000000000043,1.46,0.09,0.01999999999999999,1.5,0.8999999999999773,0.0,0.0,0.0,1.3645500000000002e-18,0.08000000000000185,0.0,0.02999999999999936,0.06999999999999318,0.23999999999999488,3.599999999999909,0.910000000000025,0.6999999999999886,0.09999999999990905,0.5299999999999727,0.0,0.0,0.0,0.0,0.0,0.0,0.0,51.19999999999993,0.0,1.0
open_2017_05_08_close_2017_05_08_flight_Fixed Wing_N550ND_before_0_189617,open_2017_05_08_close_2017_05_08_flight_Fixed Wing_N550ND_before_0_189617,411,2055,2084,0.000381699999998375,5.900000000735872e-05,13.0,0.0,0.0,0.6199999999999903,83.05999999999995,0.35999999999999943,2.34,0.0,0.07,0.700000000000017,0.9000000000000057,0.0,0.0,0.0,1.3645500000000002e-18,0.019999999999999574,0.0,0.05999999999999872,0.060000000000002274,0.11999999999999034,2.200000000000273,0.9300000000000068,0.75,1.6800000000000637,0.5,0.0,0.0,0.0,0.0,0.0,0.0,0.0,27.600000000000023,0.0,0.5
open_2017_05_08_close_2017_05_08_flight_Fixed Wing_N550ND_before_0_189617,open_2017_05_08_close_2017_05_08_flight_Fixed Wing_N550ND_before_0_189617,412,2060,2089,0.0003662000000019816,8.029999999337178e-05,8.0,0.0,0.0,0.13000000000000966,17.33000000000004,0.6099999999999994,0.7599999999999998,0.0,0.05,0.5,0.0,0.0,0.0,0.0,1.3645500000000002e-18,0.0,0.0,0.05999999999999872,0.03999999999999204,0.3500000000000085,3.5,0.8199999999999932,0.6200000000000045,0.42000000000007276,1.3399999999999181,1.0,0.0,0.0,0.0,0.0,0.0,0.0,19.699999999999932,0.0,0.0
open_2017_05_08_close_2017_05_08_flight_Fixed Wing_N550ND_before_0_189617,open_2017_05_08_close_2017_05_08_flight_Fixed Wing_N550ND_before_0_189617,413,2065,2094,0.0003697000000002504,2.8199999988487434e-05,8.0,0.0,0.0,0.060000000000002274,66.66000000000008,0.379999999999999,1.7000000000000002,0.010000000000000002,0.010000000000000002,1.5,1.0999999999999943,0.0,0.0,0.0,1.3645500000000002e-18,0.07000000000000028,0.0,0.08000000000000007,0.009999999999990905,0.5300000000000011,1.0,0.8500000000000227,0.5900000000000318,0.34999999999990905,0.75,1.0,0.0,0.0,0.0,0.0,0.0,0.0,55.09999999999991,0.0,0.0
open_2017_05_08_close_2017_05_08_flight_Fixed Wing_N550ND_before_0_189617,open_2017_05_08_close_2017_05_08_flight_Fixed Wing_N550ND_before_0_189617,414,2070,2099,0.0003923000000014554,3.1999999947629476e-06,6.0,0.0,0.0,0.01999999999999602,120.63999999999999,0.10999999999999943,3.7199999999999998,0.05,1.0849799999999998e-20,2.0999999999999943,0.6000000000000227,0.0,0.0,0.0,1.3645500000000002e-18,0.029999999999997584,0.0,0.02999999999999936,0.009999999999990905,0.45999999999999375,1.0,0.8899999999999864,0.6699999999999591,0.5300000000002001,0.03999999999996362,0.0,0.0,0.0,0.0,0.0,0.0,0.0,7.899999999999977,0.0,0.0
open_2017_05_08_close_2017_05_08_flight_Fixed Wing_N550ND_before_0_189617,open_2017_05_08_close_2017_05_08_flight_Fixed Wing_N550ND_before_0_189617,415,2075,2104,0.00038819999999617494,4.8599999999510146e-05,11.0,0.0,0.0,0.21999999999999886,48.44999999999993,0.45000000000000107,0.8599999999999994,0.020000000000000004,0.010000000000000002,0.5999999999999943,1.1000000000000227,0.0,0.0,0.0,1.3645500000000002e-18,0.10000000000000142,0.0,0.16999999999999993,0.009999999999990905,0.46999999999999886,3.400000000000091,0.8700000000000045,0.7699999999999818,0.049999999999954525,0.7899999999999636,1.0,0.0,0.0,0.0,0.0,0.0,0.0,43.299999999999955,0.0,0.5
open_2017_05_08_close_2017_05_08_flight_Fixed Wing_N550ND_before_0_189617,open_2017_05_08_close_2017_05_08_flight_Fixed Wing_N550ND_before_0_189617,416,2080,2109,0.00038849999999968077,4.529999999647316e-05,4.0,0.0,0.0,1.2900000000000063,104.57999999999993,1.2000000000000002,0.04000000000000001,0.0,0.08,0.0,0.5999999999999943,0.10000000000000142,0.0,0.10000000000000009,1.3645500000000002e-18,0.08000000000000185,0.0,0.7599999999999998,0.030000000000001137,0.09000000000000341,4.400000000000091,0.7300000000000182,0.5299999999999727,4.990000000000009,5.529999999999973,2.0,0.0,0.0,0.0,0.0,0.0,0.0,55.10000000000002,0.0,0.5
open_2017_05_08_close_2017_05_08_flight_Fixed Wing_N550ND_before_0_189617,open_2017_05_08_close_2017_05_08_flight_Fixed Wing_N550ND_before_0_189617,417,2085,2114,0.0004094000000023357,0.00011239999999190786,2.0,0.0,0.0,1.1299999999999955,88.94999999999999,0.43999999999999995,0.050000000000000044,0.010000000000000002,0.04,0.10000000000002274,0.0,0.0,0.0,0.0,1.3645500000000002e-18,0.0,0.0,0.879999999999999,0.05000000000001137,0.5099999999999909,50.0,0.8799999999999955,0.75,3.269999999999982,4.880000000000109,0.0,0.0,0.0,0.0,0.0,0.0,0.0,11.899999999999999,0.0,0.5
open_2017_05_08_close_2017_05_08_flight_Fixed Wing_N550ND_before_0_189617,open_2017_05_08_close_2017_05_08_flight_Fixed Wing_N550ND_before_0_189617,418,2090,2119,0.0003990999999956557,5.649999999945976e-05,11.0,0.0,0.0,0.3299999999999983,224.97,0.3799999999999999,2.1300000000000003,0.03,0.01,0.09999999999999432,0.0,0.0,0.0,0.0,1.3645500000000002e-18,0.1999999999999993,0.0,0.04999999999999982,0.0,0.14000000000000057,13.799999999999727,0.67999999999995,0.589999999999975,6.699999999999818,2.4500000000000455,0.0,0.0,0.0,0.0,0.0,0.0,0.0,39.39999999999998,0.0,0.0
open_2017_05_08_close_2017_05_08_flight_Fixed Wing_N550ND_before_0_189617,open_2017_05_08_close_2017_05_08_flight_Fixed Wing_N550ND_before_0_189617,419,2095,2124,0.000442100000000778,6.999999996537554e-06,5.0,0.0,0.3000000000000007,0.06999999999999318,193.72,0.6800000000000002,1.9100000000000001,0.049999999999999996,0.07,0.799999999999983,1.0,0.10000000000000142,0.0,0.0,1.3645500000000002e-18,0.16000000000000014,0.0,0.04999999999999982,0.040000000000020464,0.3200000000000074,0.599999999999909,0.45999999999997954,0.5299999999999727,3.009999999999991,0.43000000000006366,0.0,0.0,0.0,0.0,0.0,0.0,0.0,51.2,0.0,0.0
open_2017_05_08_close_2017_05_08_flight_Fixed Wing_N550ND_before_0_189617,open_2017_05_08_close_2017_05_08_flight_Fixed Wing_N550ND_before_0_189617,420,2100,2129,0.0004928000000035127,7.800000005886432e-06,2.0,0.0,0.0,0.10999999999999943,62.58,0.21999999999999975,0.9199999999999999,0.019999999999999997,0.02,1.0999999999999943,0.19999999999998863,0.10000000000000142,0.0,0.0,1.3645500000000002e-18,0.0,0.0,0.08000000000000007,0.05000000000001137,0.23000000000000398,2.099999999999909,0.32000000000005,0.37999999999999545,2.6800000000000637,0.5300000000002001,0.0,0.0,0.0,0.0,0.0,0.0,0.0,82.7,0.0,0.0
open_2017_05_08_close_2017_05_08_flight_Fixed Wing_N550ND_before_0_189617,open_2017_05_08_close_2017_05_08_flight_Fixed Wing_N550ND_before_0_189617,421,2105,2134,0.0004631000000046015,7.61000000011336e-05,2.0,0.0,0.0,0.6800000000000068,56.120000000000005,0.46999999999999975,2.54,0.010000000000000002,0.07,0.8000000000000114,0.5,0.0,0.0,0.0,1.3645500000000002e-18,0.0,0.0,0.02999999999999936,0.03999999999999204,0.22000000000001307,0.0,0.22000000000002728,0.3100000000000023,1.5199999999999818,0.6299999999998818,1.0,0.0,0.0,0.0,0.0,0.0,0.0,82.70000000000002,0.0,0.0
open_2017_05_08_close_2017_05_08_flight_Fixed Wing_N550ND_before_0_189617,open_2017_05_08_close_2017_05_08_flight_Fixed Wing_N550ND_before_0_189617,422,2110,2139,0.00041459999999915453,3.5499999995636244e-05,0.0,0.0,0.0,0.6800000000000068,115.46999999999997,1.1900000000000004,3.08,1.81093e-19,0.08,0.09999999999999432,0.09999999999999432,0.0,0.0,0.10000000000000009,1.3645500000000002e-18,0.05000000000000071,0.0,0.020000000000000462,0.009999999999990905,0.06999999999999318,0.3000000000001819,0.12000000000000455,0.17000000000001592,1.3299999999999272,0.020000000000209184,2.0,0.0,0.0,0.0,0.0,0.0,0.0,4.0,0.0,0.0
open_2017_05_08_close_2017_05_08_flight_Fixed Wing_N550ND_before_0_189617,open_2017_05_08_close_2017_05_08_flight_Fixed Wing_N550ND_before_0_189617,423,2115,2144,0.00041260000000420405,2.7200000005223046e-05,6.0,0.0,0.0,0.4300000000000068,243.63000000000002,0.6199999999999992,2.6100000000000003,0.04,0.02,2.700000000000017,1.3999999999999773,0.0,0.0,0.0,1.3645500000000002e-18,0.0,0.0,0.08999999999999986,0.010000000000019327,0.030000000000001137,18.0,0.029999999999972715,0.12999999999999545,0.7300000000000182,1.0799999999999272,3.0,0.0,0.0,0.0,0.0,0.0,0.0,102.29999999999998,0.0,0.0
open_2017_05_08_close_2017_05_08_flight_Fixed Wing_N550ND_before_0_189617,open_2017_05_08_close_2017_05_08_flight_Fixed Wing_N550ND_before_0_189617,424,2120,2149,0.0004640999999949713,0.0001026000000052818,1.0,0.0,0.0,0.1599999999999966,89.33,0.8799999999999999,5.1000000000000005,0.02,0.08,1.5999999999999943,1.3000000000000114,0.0,0.10000000000000142,0.10000000000000009,0.1,0.0,0.0,0.11000000000000032,0.009999999999990905,0.04999999999999716,1.800000000000182,0.0,0.029999999999972715,0.5600000000001728,0.8800000000001091,1.0,0.0,0.0,0.0,0.0,0.0,0.0,86.6,0.0,1.0
open_2017_05_08_close_2017_05_08_flight_Fixed Wing_N550ND_before_0_189617,open_2017_05_08_close_2017_05_08_flight_Fixed Wing_N550ND_before_0_189617,425,2125,2154,0.00040169999999761785,0.00031570000000158416,1.0,0.0,0.0,0.7000000000000028,39.16,0.29000000000000004,0.9199999999999982,0.039999999999999994,0.09,8.299999999999983,5.5,0.0,0.0,0.0,1.3645500000000002e-18,0.08000000000000185,0.0,0.009999999999999787,0.030000000000001137,0.09000000000000341,2.700000000000273,0.020000000000038654,0.0,0.9300000000000637,0.7100000000000364,1.0,0.0,0.0,0.0,0.0,0.0,0.0,129.9,0.0,0.5
open_2017_05_08_close_2017_05_08_flight_Fixed Wing_N550ND_before_0_189617,open_2017_05_08_close_2017_05_08_flight_Fixed Wing_N550ND_before_0_189617,426,2130,2159,0.0002399000000039564,0.00053340000000901,2.0,0.0,0.0,0.3300000000000125,77.69999999999999,0.1499999999999999,0.2699999999999996,0.08,0.1,6.900000000000006,5.900000000000006,0.0,0.0,0.0,1.3645500000000002e-18,0.05000000000000071,0.0,0.03000000000000025,0.030000000000001137,0.12000000000000455,2.0,0.06999999999999318,0.009999999999990905,0.21000000000003638,0.2699999999999818,1.0,0.0,0.0,0.0,0.0,0.0,0.0,43.3,0.0,0.0
open_2017_05_08_close_2017_05_08_flight_Fixed Wing_N550ND_before_0_189617,open_2017_05_08_close_2017_05_08_flight_Fixed Wing_N550ND_before_0_189617,427,2135,2164,6.630000000029668e-05,0.0006844000000114647,1.0,0.0,0.0,0.10999999999999943,1.5600000000000023,0.010000000000000231,5.539999999999999,0.009999999999999995,0.07,1.9000000000000057,2.3999999999999915,0.0,0.0,0.0,1.3645500000000002e-18,0.07000000000000028,0.0,0.03000000000000025,0.05000000000001137,0.04999999999999716,1.099999999999909,0.06999999999999318,0.060000000000002274,0.05999999999994543,0.9500000000000455,0.0,0.0,0.0,0.0,0.0,0.0,0.0,63.0,0.0,0.0
open_2017_05_08_close_2017_05_08_flight_Fixed Wing_N550ND_before_0_189617,open_2017_05_08_close_2017_05_08_flight_Fixed Wing_N550ND_before_0_189617,428,2140,2169,1.160000000055561e-05,0.0006496999999967557,6.0,0.0,0.3000000000000007,0.0799999999999983,57.84,1.15,7.04,0.02,0.15000000000000002,3.0999999999999943,2.0,0.0,0.0,0.0,1.3645500000000002e-18,0.3100000000000023,0.0,0.010000000000000675,0.05000000000001137,0.01999999999999602,3.900000000000091,0.06999999999999318,0.08000000000004093,0.2699999999999818,0.34999999999990905,3.0,0.0,0.0,0.0,0.0,0.0,0.0,149.6,0.0,0.0
open_2017_05_08_close_2017_05_08_flight_Fixed Wing_N550ND_before_0_189617,open_2017_05_08_close_2017_05_08_flight_Fixed Wing_N550ND_before_0_189617,429,2145,2174,0.0001427000000049361,0.0005930000000091695,2.0,0.0,0.0,1.5499999999999972,12.849999999999994,0.9699999999999998,1.3900000000000006,0.08,0.15000000000000002,6.200000000000003,5.199999999999989,0.0,0.0,0.0,1.3645500000000002e-18,0.10999999999999943,0.0,0.009999999999999787,0.05000000000001137,0.4399999999999977,3.699999999999818,0.060000000000002274,0.05000000000001137,0.39000000000010004,0.2999999999999545,1.0,0.0,0.0,0.0,0.0,0.0,0.0,173.2,0.0,0.0
open_2017_05_08_close_2017_05_08_flight_Fixed Wing_N550ND_before_0_189617,open_2017_05_08_close_2017_05_08_flight_Fixed Wing_N550ND_before_0_189617,430,2150,2179,0.0002672000000032426,0.00035979999999824486,6.0,0.0,0.0,1.9399999999999977,146.32999999999998,0.9700000000000002,2.4200000000000017,0.019999999999999997,0.07999999999999999,6.0,6.5,0.0,0.0,0.0,1.3645500000000002e-18,0.13000000000000256,0.0,0.08999999999999986,0.030000000000001137,0.10999999999999943,2.599999999999909,0.08999999999997499,0.12000000000000455,1.509999999999991,0.209999999999809,0.0,0.0,0.0,0.0,0.0,0.0,0.0,11.800000000000011,0.0,0.5
open_2017_05_08_close_2017_05_08_flight_Fixed Wing_N550ND_before_0_189617,open_2017_05_08_close_2017_05_08_flight_Fixed Wing_N550ND_before_0_189617,431,2155,2184,0.0002960999999999103,0.00013640000000236796,5.0,0.0,0.0,0.09999999999999432,87.13,0.52,2.8,0.030000000000000002,0.13,0.10000000000002274,1.200000000000001,0.0,0.0,0.10000000000000009,1.3645500000000002e-18,0.11000000000000298,0.0,0.0,0.030000000000001137,0.44999999999998863,3.199999999999818,0.13999999999998636,0.05999999999994543,0.07999999999992724,0.43000000000006366,1.0,0.0,0.0,0.0,0.0,0.0,0.0,114.19999999999999,0.0,0.5
open_2017_05_08_close_2017_05_08_flight_Fixed Wing_N550ND_before_0_189617,open_2017_05_08_close_2017_05_08_flight_Fixed Wing_N550ND_before_0_189617,432,2160,2189,0.0003331000000059703,7.559999998818512e-05,1.0,0.0,0.0,0.020000000000010232,98.99000000000001,0.14000000000000012,3.4799999999999995,0.020000000000000004,0.12000000000000001,2.0,1.8000000000000007,0.0,0.0,0.0,1.3645500000000002e-18,0.21000000000000085,0.0,0.03000000000000025,0.020000000000010232,0.14000000000000057,3.0,0.13999999999998636,0.0999999999999659,0.06999999999993634,0.4700000000000273,1.0,0.0,0.0,0.0,0.0,0.0,0.0,4.0,0.0,0.5
open_2017_05_08_close_2017_05_08_flight_Fixed Wing_N550ND_before_0_189617,open_2017_05_08_close_2017_05_08_flight_Fixed Wing_N550ND_before_0_189617,433,2165,2194,0.00036500000000216914,1.1600000007661038e-05,1.0,0.0,0.0,0.1599999999999966,15.02000000000001,0.8399999999999999,2.5300000000000002,0.01,0.24000000000000002,2.1999999999999886,0.8999999999999999,0.0,0.0,0.0,1.3645500000000002e-18,0.05000000000000071,0.0,0.09000000000000075,0.0,0.030000000000001137,0.09999999999990905,0.10000000000002274,0.13999999999998636,0.7300000000000182,1.1800000000000637,1.0,0.0,0.0,0.0,0.0,0.0,0.0,110.20000000000002,0.0,0.0
open_2017_05_08_close_2017_05_08_flight_Fixed Wing_N550ND_before_0_189617,open_2017_05_08_close_2017_05_08_flight_Fixed Wing_N550ND_before_0_189617,434,2170,2199,0.00033880000000152677,3.5299999993299025e-05,1.0,0.0,0.0,0.10000000000000853,47.919999999999995,0.3700000000000001,0.49,0.02,0.09999999999999999,0.10000000000002274,0.9000000000000341,0.0,0.0,0.10000000000000009,1.3645500000000002e-18,0.129999999999999,0.0,0.1200000000000001,0.010000000000019327,0.4200000000000017,0.7000000000002728,0.15999999999996817,0.14999999999997726,0.01999999999998181,0.4900000000000091,1.0,0.0,0.0,0.0,0.0,0.0,0.0,19.700000000000003,0.0,0.0
open_2017_05_08_close_2017_05_08_flight_Fixed Wing_N550ND_before_0_189617,open_2017_05_08_close_2017_05_08_flight_Fixed Wing_N550ND_before_0_189617,435,2175,2204,0.00039740000000421105,3.42000000017606e-05,7.0,0.0,0.0,0.30000000000001137,123.98,0.4700000000000002,2.8600000000000003,0.039999999999999994,0.08,0.8999999999999773,0.2999999999999545,0.0,0.0,0.10000000000000009,1.3645500000000002e-18,0.0,0.0,0.07999999999999918,0.009999999999990905,0.09999999999999432,9.0,0.13999999999998636,0.13999999999998636,0.3300000000001546,0.18000000000006366,2.0,0.0,0.0,0.0,0.0,0.0,0.0,7.900000000000006,0.0,0.5
open_2017_05_08_close_2017_05_08_flight_Fixed Wing_N550ND_before_0_189617,open_2017_05_08_close_2017_05_08_flight_Fixed Wing_N550ND_before_0_189617,436,2180,2209,0.00040179999999878646,4.130000000657219e-05,4.0,0.0,0.0,0.37000000000000455,9.120000000000005,0.69,1.3499999999999999,0.06999999999999999,0.03,0.5999999999999659,0.5,0.0,0.0,0.10000000000000009,1.3645500000000002e-18,0.0,0.0,0.08999999999999986,0.009999999999990905,0.5600000000000023,10.700000000000273,0.11000000000001364,0.049999999999954525,0.6299999999998818,0.5200000000002092,2.0,0.0,0.0,0.0,0.0,0.0,0.0,35.400000000000006,0.0,0.0
open_2017_05_08_close_2017_05_08_flight_Fixed Wing_N550ND_before_0_189617,open_2017_05_08_close_2017_05_08_flight_Fixed Wing_N550ND_before_0_189617,437,2185,2214,0.0003793999999999187,6.170000000338405e-05,3.0,0.0,0.1999999999999993,0.060000000000002274,20.300000000000004,0.06000000000000005,2.36,0.02,0.04,1.1999999999999886,0.0,0.0,0.0,0.10000000000000009,1.3645500000000002e-18,0.05000000000000071,0.0,0.040000000000000036,0.030000000000001137,0.12999999999999545,5.5,0.20999999999997954,0.18000000000000682,0.7000000000000455,0.05999999999994543,2.0,0.0,0.0,0.0,0.0,0.0,0.0,86.60000000000001,0.0,0.0
open_2017_05_08_close_2017_05_08_flight_Fixed Wing_N550ND_before_0_189617,open_2017_05_08_close_2017_05_08_flight_Fixed Wing_N550ND_before_0_189617,438,2190,2219,0.0003760999999968817,7.449999999664669e-05,0.0,0.0,0.0,0.03999999999999204,26.38000000000001,1.0300000000000002,2.7199999999999998,0.04000000000000001,0.0,0.10000000000002274,0.5999999999999659,0.0,0.0,0.0,1.3645500000000002e-18,0.0799999999999983,0.0,0.040000000000000036,0.009999999999990905,0.1799999999999926,3.599999999999909,0.12000000000000455,0.1199999999999477,0.8299999999999272,0.07999999999992724,1.0,0.0,0.0,0.0,0.0,0.0,0.0,51.2,0.0,0.5
open_2017_05_08_close_2017_05_08_flight_Fixed Wing_N550ND_before_0_189617,open_2017_05_08_close_2017_05_08_flight_Fixed Wing_N550ND_before_0_189617,439,2195,2224,0.00035049999999614556,2.0300000002748675e-05,1.0,0.0,0.0,0.01999999999999602,29.410000000000004,0.19999999999999973,2.0599999999999996,0.020000000000000004,0.02,0.5999999999999659,0.6000000000000227,0.0,0.0,0.0,1.3645500000000002e-18,0.019999999999999574,0.0,0.03000000000000025,0.009999999999990905,0.35999999999999943,0.09999999999990905,0.25,0.17000000000001592,0.2300000000000182,0.2400000000000091,1.0,0.0,0.0,0.0,0.0,0.0,0.0,31.5,0.0,1.0
open_2017_05_08_close_2017_05_08_flight_Fixed Wing_N550ND_before_0_189617,open_2017_05_08_close_2017_05_08_flight_Fixed Wing_N550ND_before_0_189617,440,2200,2229,0.000358699999999601,2.4600000003260902e-05,2.0,0.0,0.0,0.14000000000000057,19.24000000000001,0.29000000000000004,0.54,0.04,0.06,1.2999999999999545,359.6,0.0,0.0,0.10000000000000009,1.3645500000000002e-18,0.07000000000000028,0.0,0.040000000000000036,0.020000000000010232,0.4000000000000057,4.599999999999909,0.2400000000000091,0.2400000000000091,0.20000000000004547,0.7100000000000364,1.0,0.0,0.0,0.0,0.0,0.0,0.0,4.0,0.0,0.0
open_2017_05_08_close_2017_05_08_flight_Fixed Wing_N550ND_before_0_189617,open_2017_05_08_close_2017_05_08_flight_Fixed Wing_N550ND_before_0_189617,441,2205,2234,0.00040500000000065484,7.699999997612395e-06,1.0,0.0,0.0,0.11999999999999034,42.870000000000005,0.03000000000000025,0.010000000000000009,0.030000000000000002,0.06,0.2999999999999545,0.0,0.0,0.0,0.0,1.3645500000000002e-18,0.0,0.0,0.04999999999999982,0.009999999999990905,0.060000000000002274,0.599999999999909,0.20999999999997954,0.2300000000000182,0.03999999999996362,0.8900000000001,0.0,0.0,0.0,0.0,0.0,0.0,0.0,43.300000000000004,0.0,0.0
open_2017_05_08_close_2017_05_08_flight_Fixed Wing_N550ND_before_0_189617,open_2017_05_08_close_2017_05_08_flight_Fixed Wing_N550ND_before_0_189617,442,2210,2239,0.0003207999999972344,7.559999998818512e-05,2.0,0.0,0.0,0.04999999999999716,19.37,0.29000000000000004,0.28,0.0,0.04,0.4000000000000341,0.09999999999999998,0.0,0.0,0.10000000000000009,1.3645500000000002e-18,0.029999999999997584,0.0,0.010000000000000675,0.020000000000010232,0.28000000000000114,7.0,0.22999999999996135,0.2300000000000182,0.6300000000001091,0.4800000000000182,2.0,0.0,0.0,0.0,0.0,0.0,0.0,27.6,0.0,0.0
open_2017_05_08_close_2017_05_08_flight_Fixed Wing_N550ND_before_0_189617,open_2017_05_08_close_2017_05_08_flight_Fixed Wing_N550ND_before_0_189617,443,2215,2244,0.00034040000000601367,2.2999999913508873e-06,3.0,0.0,0.3000000000000007,0.0,96.06,0.25,0.73,0.02,0.05,0.6999999999999886,0.19999999999998863,0.0,0.0,0.0,1.3645500000000002e-18,0.019999999999999574,0.0,0.019999999999999574,0.009999999999990905,0.030000000000001137,1.0,0.22999999999996135,0.2599999999999909,0.0,0.1799999999998363,1.0,0.0,0.0,0.0,0.0,0.0,0.0,31.5,0.0,0.0
open_2017_05_08_close_2017_05_08_flight_Fixed Wing_N550ND_before_0_189617,open_2017_05_08_close_2017_05_08_flight_Fixed Wing_N550ND_before_0_189617,444,2220,2249,0.0003600000000005821,4.130000000657219e-05,2.0,0.0,0.0,0.13999999999998636,6.429999999999993,0.0,0.16000000000000003,0.019999999999999997,0.009999999999999998,0.7000000000000455,0.30000000000001137,0.0,0.0,0.0,1.3645500000000002e-18,0.0,0.0,0.08999999999999986,0.009999999999990905,0.1700000000000017,1.0,0.17000000000001592,0.0999999999999659,0.01999999999998181,0.3300000000001546,1.0,0.0,0.0,0.0,0.0,0.0,0.0,11.799999999999997,0.0,0.0
open_2017_05_08_close_2017_05_08_flight_Fixed Wing_N550ND_before_0_189617,open_2017_05_08_close_2017_05_08_flight_Fixed Wing_N550ND_before_0_189617,445,2225,2254,0.0003681999999969321,4.130000000657219e-05,1.0,0.0,0.0,0.01999999999999602,14.04,0.07000000000000028,1.06,0.010000000000000002,0.06,0.10000000000002274,0.0999999999999659,0.0,0.0,0.0,1.3645500000000002e-18,0.0,0.0,0.0699999999999994,0.009999999999990905,0.060000000000002274,4.099999999999909,0.20999999999997954,0.2599999999999909,1.0299999999999727,0.11000000000012733,0.0,0.0,0.0,0.0,0.0,0.0,0.0,7.899999999999999,0.0,0.5
open_2017_05_08_close_2017_05_08_flight_Fixed Wing_N550ND_before_0_189617,open_2017_05_08_close_2017_05_08_flight_Fixed Wing_N550ND_before_0_189617,446,2230,2259,0.00035730000000455675,4.339999999558586e-05,2.0,0.0,0.0,0.39000000000000057,19.78,0.5599999999999998,1.3199999999999998,0.010000000000000002,0.04,0.5,0.5,0.0,0.0,0.10000000000000009,1.3645500000000002e-18,0.13000000000000256,0.0,0.040000000000000036,0.0,0.030000000000001137,8.199999999999818,0.2300000000000182,0.37999999999999545,0.2599999999999909,0.029999999999972715,0.0,0.0,0.0,0.0,0.0,0.0,0.0,39.400000000000006,0.0,0.0
open_2017_05_08_close_2017_05_08_flight_Fixed Wing_N550ND_before_0_189617,open_2017_05_08_close_2017_05_08_flight_Fixed Wing_N550ND_before_0_189617,447,2235,2264,0.00039979999999673055,2.6000000005410584e-05,0.0,0.0,0.0,0.21000000000000796,87.9,0.040000000000000036,1.4500000000000002,0.0,0.09,0.30000000000001137,0.19999999999998863,0.0,0.0,0.10000000000000009,1.3645500000000002e-18,0.05999999999999872,0.0,0.07000000000000028,0.01999999999998181,0.07000000000000739,4.5,0.17999999999994998,0.2599999999999909,0.17000000000007276,0.2699999999999818,2.0,0.0,0.0,0.0,0.0,0.0,0.0,15.799999999999983,0.0,0.0
open_2017_05_08_close_2017_05_08_flight_Fixed Wing_N550ND_before_0_189617,open_2017_05_08_close_2017_05_08_flight_Fixed Wing_N550ND_before_0_189617,448,2240,2269,0.00035749999999978854,5.66000000077338e-05,1.0,0.0,0.0,0.10000000000000853,5.7900000000000205,0.20000000000000018,2.37,0.049999999999999996,0.009999999999999998,1.2999999999999545,0.0,0.0,0.0,0.10000000000000009,1.3645500000000002e-18,0.0,0.0,0.08000000000000007,0.010000000000019327,0.04999999999999716,3.900000000000091,0.21999999999997044,0.19999999999998863,0.5399999999999636,0.06999999999993634,1.0,0.0,0.0,0.0,0.0,0.0,0.0,55.099999999999994,0.0,0.5
open_2017_05_08_close_2017_05_08_flight_Fixed Wing_N550ND_before_0_189617,open_2017_05_08_close_2017_05_08_flight_Fixed Wing_N550ND_before_0_189617,449,2245,2274,0.00030770000000046593,1.7599999992512494e-05,0.0,0.0,0.0,0.01999999999999602,13.630000000000003,0.20000000000000018,1.6300000000000003,0.0,0.03,0.0,0.10000000000002274,0.0,0.0,0.10000000000000009,1.3645500000000002e-18,0.10000000000000142,0.0,0.009999999999999787,0.030000000000001137,0.20999999999999375,3.599999999999909,0.18999999999999773,0.18000000000000682,0.43000000000006366,0.05999999999994543,1.0,0.0,0.0,0.0,0.0,0.0,0.0,7.900000000000002,0.0,0.0
open_2017_05_08_close_2017_05_08_flight_Fixed Wing_N550ND_before_0_189617,open_2017_05_08_close_2017_05_08_flight_Fixed Wing_N550ND_before_0_189617,450,2250,2279,0.00038829999999734355,2.9000000012047167e-05,1.0,0.0,0.0,0.1599999999999966,35.39,0.19999999999999973,1.8599999999999999,0.03,0.0,0.39999999999997726,0.19999999999998863,0.0,0.0,0.10000000000000009,1.3645500000000002e-18,0.019999999999999574,0.0,0.019999999999999574,0.030000000000001137,0.2600000000000051,13.599999999999909,0.10000000000002274,0.12000000000000455,0.13999999999987267,0.14999999999986358,2.0,0.0,0.0,0.0,0.0,0.0,0.0,23.60000000000001,0.0,0.0
open_2017_05_08_close_2017_05_08_flight_Fixed Wing_N550ND_before_0_189617,open_2017_05_08_close_2017_05_08_flight_Fixed Wing_N550ND_before_0_189617,451,2255,2284,0.00033080000000040855,3.9699999987874435e-05,1.0,0.0,0.0,0.01999999999999602,57.86,0.31000000000000005,0.8699999999999999,0.010000000000000002,0.010000000000000002,0.6000000000000227,0.20000000000004547,0.0,0.0,0.0,1.3645500000000002e-18,0.0,0.0,0.09000000000000075,0.009999999999990905,0.05000000000001137,2.800000000000182,0.1500000000000341,0.18000000000000682,0.09999999999990905,0.7100000000000364,1.0,0.0,0.0,0.0,0.0,0.0,0.0,7.9,0.0,0.5
open_2017_05_08_close_2017_05_08_flight_Fixed Wing_N550ND_before_0_189617,open_2017_05_08_close_2017_05_08_flight_Fixed Wing_N550ND_before_0_189617,452,2260,2289,0.00037329999999968777,3.8900000006947266e-05,2.0,0.0,0.0,0.01999999999999602,4.629999999999999,0.5500000000000003,0.3400000000000001,0.049999999999999996,0.019999999999999997,0.5,0.19999999999998863,0.0,0.0,0.0,1.3645500000000002e-18,0.019999999999999574,0.0,0.08000000000000007,0.009999999999990905,0.28000000000000114,2.900000000000091,0.12999999999999545,0.18999999999999773,0.14000000000010004,0.07000000000016371,1.0,0.0,0.0,0.0,0.0,0.0,0.0,11.799999999999997,0.0,0.0
open_2017_05_08_close_2017_05_08_flight_Fixed Wing_N550ND_before_0_189617,open_2017_05_08_close_2017_05_08_flight_Fixed Wing_N550ND_before_0_189617,453,2265,2294,0.0004082000000025232,2.279999999643678e-05,9.0,0.0,0.0,0.6799999999999926,206.85,0.1299999999999999,0.04000000000000001,0.060000000000000005,0.01,1.1000000000000227,0.7999999999999545,0.0,0.0,0.0,1.3645500000000002e-18,0.029999999999997584,0.0,0.04999999999999982,0.010000000000019327,0.060000000000002274,0.40000000000009095,0.11000000000001364,0.15999999999996817,0.0500000000001819,0.2899999999999636,1.0,0.0,0.0,0.0,0.0,0.0,0.0,23.600000000000023,0.0,0.0
open_2017_05_08_close_2017_05_08_flight_Fixed Wing_N550ND_before_0_189617,open_2017_05_08_close_2017_05_08_flight_Fixed Wing_N550ND_before_0_189617,454,2270,2299,0.0002819999999985612,2.200000000129876e-05,10.0,0.0,0.0,0.480000000000004,150.57999999999998,0.25,1.9,0.0,0.08,0.0999999999999659,0.39999999999997726,0.0,0.0,0.0,1.3645500000000002e-18,0.019999999999999574,0.0,0.07000000000000028,0.010000000000019327,0.21999999999999886,3.699999999999818,0.12000000000000455,0.12000000000000455,0.5699999999999363,0.1899999999998272,3.0,0.0,0.0,0.0,0.0,0.0,0.0,78.80000000000001,0.0,0.0
open_2017_05_08_close_2017_05_08_flight_Fixed Wing_N550ND_before_0_189617,open_2017_05_08_close_2017_05_08_flight_Fixed Wing_N550ND_before_0_189617,455,2275,2304,0.00032530000000008386,2.1099999997886698e-05,8.0,0.0,0.0,0.4099999999999966,97.82000000000001,0.5200000000000005,2.23,0.020000000000000004,0.06,0.39999999999997726,0.30000000000001137,0.0,0.0,0.10000000000000009,1.3645500000000002e-18,0.019999999999999574,0.0,0.08000000000000007,0.0,0.1799999999999926,3.699999999999818,0.19999999999998863,0.27000000000003865,1.2899999999999636,0.8299999999999272,0.0,0.0,0.0,0.0,0.0,0.0,0.0,86.6,0.0,0.0
open_2017_05_08_close_2017_05_08_flight_Fixed Wing_N550ND_before_0_189617,open_2017_05_08_close_2017_05_08_flight_Fixed Wing_N550ND_before_0_189617,456,2280,2309,0.00033810000000045193,1.7799999994849713e-05,2.0,0.0,0.0,0.45000000000000284,7.860000000000001,0.13000000000000012,0.42999999999999994,0.1,0.11,2.099999999999966,0.5,0.0,0.0,0.10000000000000009,1.3645500000000002e-18,0.05000000000000071,0.0,0.040000000000000036,0.01999999999998181,0.269999999999996,5.599999999999909,0.12999999999999545,0.160000000000025,0.6800000000000637,0.37000000000011823,1.0,0.0,0.0,0.0,0.0,0.0,0.0,110.2,0.0,0.0
open_2017_05_08_close_2017_05_08_flight_Fixed Wing_N550ND_before_0_189617,open_2017_05_08_close_2017_05_08_flight_Fixed Wing_N550ND_before_0_189617,457,2285,2314,0.0004081000000013546,3.389999999114934e-05,3.0,0.0,0.0,0.6599999999999966,12.139999999999986,0.3400000000000001,1.9400000000000002,0.060000000000000005,0.019999999999999997,1.1000000000000227,0.30000000000001137,0.0,0.0,0.10000000000000009,1.3645500000000002e-18,0.029999999999997584,0.0,0.009999999999999787,0.010000000000019327,0.14999999999999147,14.099999999999909,0.12000000000000455,0.160000000000025,0.17000000000007276,0.07999999999992724,1.0,0.0,0.0,0.0,0.0,0.0,0.0,39.39999999999998,0.0,0.5
open_2017_05_08_close_2017_05_08_flight_Fixed Wing_N550ND_before_0_189617,open_2017_05_08_close_2017_05_08_flight_Fixed Wing_N550ND_before_0_189617,458,2290,2319,0.000304900000003272,5.000000000165983e-05,2.0,0.0,0.0,0.0799999999999983,54.7,0.3500000000000001,1.1,0.08,0.05,1.1999999999999886,0.19999999999998863,0.0,0.0,0.10000000000000009,1.3645500000000002e-18,0.0,0.0,0.020000000000000462,0.020000000000010232,0.10999999999999943,2.599999999999909,0.11000000000001364,0.12999999999999545,0.2899999999999636,0.21000000000003638,1.0,0.0,0.0,0.0,0.0,0.0,0.0,7.899999999999999,0.0,0.0
open_2017_05_08_close_2017_05_08_flight_Fixed Wing_N550ND_before_0_189617,open_2017_05_08_close_2017_05_08_flight_Fixed Wing_N550ND_before_0_189617,459,2295,2324,0.0003359000000031642,3.399999997100167e-06,3.0,0.0,0.0,0.1700000000000017,79.48,0.7000000000000002,0.15000000000000036,0.0,0.009999999999999998,0.19999999999998863,0.6000000000000227,0.0,0.0,0.10000000000000009,1.3645500000000002e-18,0.0799999999999983,0.0,0.08000000000000007,0.009999999999990905,0.23999999999999488,1.7000000000002728,0.05000000000001137,0.10000000000002274,0.009999999999990905,0.5299999999999727,1.0,0.0,0.0,0.0,0.0,0.0,0.0,11.799999999999999,0.0,0.5
open_2017_05_08_close_2017_05_08_flight_Fixed Wing_N550ND_before_0_189617,open_2017_05_08_close_2017_05_08_flight_Fixed Wing_N550ND_before_0_189617,460,2300,2329,0.00031359999999835964,3.399999997100167e-06,5.0,0.0,0.0,0.9099999999999966,203.01999999999998,1.52,2.09,0.01,0.21000000000000002,0.8000000000000114,0.0999999999999659,0.0,0.10000000000000142,0.10000000000000009,1.3645500000000002e-18,0.08000000000000185,0.0,0.69,0.009999999999990905,1.9500000000000028,159.70000000000005,0.040000000000020464,0.12000000000000455,7.019999999999982,0.8199999999999363,2.0,0.0,0.0,0.0,0.0,0.0,0.0,19.69999999999999,0.0,0.0
open_2017_05_08_close_2017_05_08_flight_Fixed Wing_N550ND_before_0_189617,open_2017_05_08_close_2017_05_08_flight_Fixed Wing_N550ND_before_0_189617,461,2305,2334,0.0003568999999998823,3.470000000049822e-05,18.0,0.0,0.0,1.1400000000000006,153.36,0.20999999999999996,0.45000000000000007,0.019999999999999997,0.1,0.30000000000001137,0.20000000000004547,0.0,0.10000000000000142,0.10000000000000009,1.3645500000000002e-18,0.0,0.0,0.010000000000000231,0.0,0.20000000000000284,3.900000000000091,0.22000000000002728,0.12999999999999545,6.7999999999999545,7.710000000000036,1.0,0.0,0.0,0.0,0.0,0.0,0.0,59.0,0.0,0.0
open_2017_05_08_close_2017_05_08_flight_Fixed Wing_N550ND_before_0_189617,open_2017_05_08_close_2017_05_08_flight_Fixed Wing_N550ND_before_0_189617,462,2310,2339,0.00039560000000449236,5.000000000165983e-05,1.0,0.0,0.0,0.8599999999999994,254.01999999999998,0.56,0.38,0.01,0.06,1.6000000000000227,0.0,0.10000000000000142,0.0,0.10000000000000009,1.3645500000000002e-18,0.030000000000001137,0.0,0.010000000000000231,0.030000000000001137,0.05000000000000426,5.7000000000000455,0.39999999999997726,0.20999999999997954,4.480000000000018,3.5499999999999545,0.0,0.0,0.0,0.0,0.0,0.0,0.0,106.29999999999995,0.0,0.0
open_2017_05_08_close_2017_05_08_flight_Fixed Wing_N550ND_before_0_189617,open_2017_05_08_close_2017_05_08_flight_Fixed Wing_N550ND_before_0_189617,463,2315,2344,0.00030459999999976617,3.470000000049822e-05,4.0,0.0,0.0,0.8699999999999903,21.039999999999964,0.4,0.33,1.81093e-19,0.09,1.1999999999999886,0.0999999999999659,0.0,0.0,0.0,1.3645500000000002e-18,0.060000000000002274,0.0,0.06999999999999984,0.04999999999998295,0.0799999999999983,9.799999999999955,0.4700000000000273,0.2400000000000091,2.7799999999999727,2.25,1.0,0.0,0.0,0.0,0.0,0.0,0.0,55.10000000000002,0.0,0.5
open_2017_05_08_close_2017_05_08_flight_Fixed Wing_N550ND_before_0_189617,open_2017_05_08_close_2017_05_08_flight_Fixed Wing_N550ND_before_0_189617,464,2320,2349,0.0003601000000017507,1.1799999995787402e-05,9.0,0.0,0.0,0.1799999999999926,66.23999999999995,0.5800000000000001,0.6600000000000001,0.010000000000000002,0.09000000000000001,0.6000000000000227,1.0,0.0,0.0,0.0,1.3645500000000002e-18,0.10000000000000142,0.0,0.050000000000000266,0.009999999999990905,0.04999999999999716,1.7999999999999545,0.5099999999999909,0.2799999999999727,3.769999999999982,3.4400000000000546,0.0,0.0,0.0,0.0,0.0,0.0,0.0,55.19999999999993,0.0,0.0
open_2017_05_08_close_2017_05_08_flight_Fixed Wing_N550ND_before_0_189617,open_2017_05_08_close_2017_05_08_flight_Fixed Wing_N550ND_before_0_189617,465,2325,2354,0.000339400000001433,0.00013910000001260414,2.0,0.0,0.0,1.25,109.45999999999992,0.47,2.1300000000000026,0.07,0.05,7.900000000000034,5.100000000000023,0.0,0.0,0.0,1.3645500000000002e-18,0.07000000000000028,0.0,0.020000000000000018,0.0,0.0899999999999963,1.599999999999909,0.5500000000000114,0.35000000000002274,1.5499999999999545,1.75,2.0,0.0,0.0,0.0,0.0,0.0,0.0,59.099999999999966,0.0,0.5
open_2017_05_08_close_2017_05_08_flight_Fixed Wing_N550ND_before_0_189617,open_2017_05_08_close_2017_05_08_flight_Fixed Wing_N550ND_before_0_189617,466,2330,2359,0.00012660000000153104,0.0003123999999985472,6.0,0.0,0.0,0.3299999999999983,54.26999999999998,0.5900000000000003,2.539999999999999,0.030000000000000006,0.01999999999999999,5.5,8.899999999999977,0.0,0.0,0.0,1.3645500000000002e-18,0.21000000000000085,0.0,0.010000000000000231,0.020000000000010232,0.03999999999999915,7.0,0.589999999999975,0.410000000000025,1.699999999999818,1.5,1.0,0.0,0.0,0.0,0.0,0.0,0.0,98.39999999999998,0.0,1.0
open_2017_05_08_close_2017_05_08_flight_Fixed Wing_N550ND_before_0_189617,open_2017_05_08_close_2017_05_08_flight_Fixed Wing_N550ND_before_0_189617,467,2335,2364,5.469999999974107e-05,0.00038000000000693035,11.0,0.0,0.0,0.36999999999999744,23.569999999999936,1.2799999999999998,1.96,0.0,0.08,2.099999999999966,2.3000000000000114,0.0,0.0,0.0,1.3645500000000002e-18,0.05000000000000071,0.0,0.029999999999999805,0.009999999999990905,0.030000000000001137,3.900000000000091,0.6099999999999568,0.37999999999999545,1.0199999999999818,0.9800000000000182,0.0,0.0,0.0,0.0,0.0,0.0,0.0,19.700000000000045,0.0,0.5
open_2017_05_08_close_2017_05_08_flight_Fixed Wing_N550ND_before_0_189617,open_2017_05_08_close_2017_05_08_flight_Fixed Wing_N550ND_before_0_189617,468,2340,2369,8.100000002286833e-06,0.0003892000000007556,6.0,0.0,0.0,0.39000000000000057,13.269999999999982,0.18999999999999995,3.8100000000000005,0.13,0.030000000000000006,2.8000000000000114,0.0,0.10000000000000142,0.0,0.10000000000000009,1.3645500000000002e-18,0.2099999999999973,0.0,0.0,0.0,0.19000000000000483,16.299999999999955,0.5699999999999932,0.38999999999998636,1.7000000000000455,0.4600000000000364,2.0,0.0,0.0,0.0,0.0,0.0,0.0,63.0,0.0,0.0
open_2017_05_08_close_2017_05_08_flight_Fixed Wing_N550ND_before_0_189617,open_2017_05_08_close_2017_05_08_flight_Fixed Wing_N550ND_before_0_189617,469,2345,2374,3.470000000049822e-05,0.00042980000000625296,0.0,0.0,0.1999999999999993,0.03999999999999915,188.39999999999998,0.8699999999999999,2.3899999999999997,0.03,0.08,1.0,0.39999999999997726,0.10000000000000142,0.0,0.10000000000000009,1.3645500000000002e-18,0.0,0.0,0.009999999999999787,0.0,0.14000000000000057,4.5,0.5600000000000023,0.3599999999999568,1.8399999999999181,1.1700000000000728,1.0,0.0,0.0,0.0,0.0,0.0,0.0,4.0,0.0,0.0
open_2017_05_08_close_2017_05_08_flight_Fixed Wing_N550ND_before_0_189617,open_2017_05_08_close_2017_05_08_flight_Fixed Wing_N550ND_before_0_189617,470,2350,2379,3.0100000003585592e-05,0.0003973999999971056,2.0,0.0,0.0,0.5300000000000011,90.04999999999995,0.88,1.5599999999999998,0.04,0.09999999999999999,0.30000000000001137,1.1999999999999886,0.0,0.0,0.0,1.3645500000000002e-18,0.3099999999999987,0.0,0.0,0.020000000000010232,0.030000000000001137,2.2000000000000455,0.5500000000000114,0.36000000000001364,0.4499999999998181,0.01999999999998181,0.0,0.0,0.0,0.0,0.0,0.0,0.0,78.70000000000005,0.0,0.5
open_2017_05_08_close_2017_05_08_flight_Fixed Wing_N550ND_before_0_189617,open_2017_05_08_close_2017_05_08_flight_Fixed Wing_N550ND_before_0_189617,471,2355,2384,3.470000000049822e-05,0.0003733999999866455,12.0,0.0,0.0,0.5300000000000011,64.87,1.06,4.110000000000001,0.03,0.05,2.6999999999999886,4.599999999999966,0.0,0.0,0.0,1.3645500000000002e-18,0.0,0.0,0.009999999999999787,0.020000000000010232,0.10999999999999943,10.900000000000091,0.5600000000000023,0.38999999999998636,0.6099999999999,1.4199999999998454,5.0,0.0,0.0,0.0,0.0,0.0,0.0,11.800000000000011,0.0,1.0
open_2017_05_08_close_2017_05_08_flight_Fixed Wing_N550ND_before_0_189617,open_2017_05_08_close_2017_05_08_flight_Fixed Wing_N550ND_before_0_189617,472,2360,2389,0.0001907999999986032,0.00023660000000802484,0.0,0.0,0.0,1.240000000000002,99.14999999999998,0.33999999999999997,3.7099999999999973,0.03,0.03,10.900000000000006,10.0,0.0,0.0,0.0,1.3645500000000002e-18,0.21000000000000085,0.0,0.0600000000000005,0.0,0.6000000000000085,46.0,0.44999999999998863,0.37000000000000455,10.629999999999882,13.089999999999918,1.0,0.0,0.0,0.0,0.0,0.0,0.0,70.80000000000001,0.0,0.5
open_2017_05_08_close_2017_05_08_flight_Fixed Wing_N550ND_before_0_189617,open_2017_05_08_close_2017_05_08_flight_Fixed Wing_N550ND_before_0_189617,473,2365,2394,0.0002993000000017787,0.0001376999999962436,5.0,0.0,0.0,1.3200000000000003,39.16,0.4500000000000002,0.5800000000000001,0.07,0.03,2.9000000000000057,4.0,0.0,0.0,0.10000000000000009,1.3645500000000002e-18,0.030000000000001137,0.0,0.02999999999999936,0.06999999999999318,0.10000000000000853,4.099999999999909,0.3900000000000432,0.3199999999999932,5.910000000000082,8.379999999999882,1.0,0.0,0.0,0.0,0.0,0.0,0.0,118.19999999999999,0.0,0.0
open_2017_05_08_close_2017_05_08_flight_Fixed Wing_N550ND_before_0_189617,open_2017_05_08_close_2017_05_08_flight_Fixed Wing_N550ND_before_0_189617,474,2370,2399,0.0002633000000002994,4.020000000082291e-05,10.0,0.0,0.0,0.4899999999999949,18.079999999999984,0.29000000000000004,3.8899999999999997,0.05,0.04,1.6999999999999886,1.3000000000000114,0.0,0.0,0.0,1.3645500000000002e-18,0.05000000000000071,0.0,0.28000000000000025,0.030000000000001137,0.9099999999999966,56.0,0.30000000000001137,0.21999999999997044,0.33999999999991815,1.6400000000001,0.0,0.0,0.0,0.0,0.0,0.0,0.0,23.600000000000023,0.0,0.0
open_2017_05_08_close_2017_05_08_flight_Fixed Wing_N550ND_before_0_189617,open_2017_05_08_close_2017_05_08_flight_Fixed Wing_N550ND_before_0_189617,475,2375,2404,0.0002959999999987417,3.1800000002135675e-05,11.0,0.0,0.0,0.1599999999999966,73.87,0.43000000000000005,0.6499999999999995,0.02,0.16,2.0999999999999943,0.5,0.0,0.0,0.0,1.3645500000000002e-18,0.030000000000001137,0.0,0.050000000000000266,0.020000000000010232,0.18999999999999773,7.2000000000000455,0.22999999999996135,0.2599999999999909,1.6600000000000819,0.4900000000000091,3.0,0.0,0.0,0.0,0.0,0.0,0.0,55.099999999999966,0.0,0.5
open_2017_05_08_close_2017_05_08_flight_Fixed Wing_N550ND_before_0_189617,open_2017_05_08_close_2017_05_08_flight_Fixed Wing_N550ND_before_0_189617,476,2380,2409,0.0003638000000023567,2.159999999662432e-05,6.0,0.0,0.0,0.46999999999999886,232.23999999999995,0.98,0.35000000000000003,0.04,0.16,1.8000000000000114,0.29999999999998295,0.0,0.0,0.0,1.3645500000000002e-18,0.019999999999999574,0.0,0.0,0.020000000000010232,0.06999999999999318,10.799999999999955,0.22999999999996135,0.18000000000000682,0.5299999999999727,0.9200000000000728,2.0,0.0,0.0,0.0,0.0,0.0,0.0,126.0,0.0,0.0
open_2017_05_08_close_2017_05_08_flight_Fixed Wing_N550ND_before_0_189617,open_2017_05_08_close_2017_05_08_flight_Fixed Wing_N550ND_before_0_189617,477,2385,2414,0.0003011999999955606,2.159999999662432e-05,7.0,0.0,0.0,0.37000000000000455,45.200000000000045,0.07,0.5300000000000002,0.009999999999999998,0.0,0.0,0.6999999999999886,0.0,0.0,0.0,1.3645500000000002e-18,0.15000000000000213,0.0,0.0,0.03999999999999204,0.11000000000000654,9.099999999999909,0.21999999999997044,0.13999999999998636,4.440000000000055,8.950000000000045,1.0,0.0,0.0,0.0,0.0,0.0,0.0,27.600000000000023,0.0,0.5
open_2017_05_08_close_2017_05_08_flight_Fixed Wing_N550ND_before_0_189617,open_2017_05_08_close_2017_05_08_flight_Fixed Wing_N550ND_before_0_189617,478,2390,2419,0.00032319999999685933,6.399999989525895e-06,12.0,0.0,0.0,1.0499999999999972,172.47000000000003,1.7799999999999998,1.67,0.02,0.07,0.0,0.5,0.10000000000000142,0.0,0.0,1.3645500000000002e-18,0.0,0.0,0.19999999999999996,0.05000000000001137,2.510000000000005,140.69999999999993,0.2300000000000182,0.160000000000025,77.50999999999999,33.36999999999989,3.0,0.0,0.0,0.0,0.0,0.0,0.0,23.69999999999999,0.0,0.0
open_2017_05_08_close_2017_05_08_flight_Fixed Wing_N550ND_before_0_189617,open_2017_05_08_close_2017_05_08_flight_Fixed Wing_N550ND_before_0_189617,479,2395,2424,0.00025449999999693773,2.920000000017353e-05,0.0,0.0,0.0,1.730000000000004,83.07000000000001,0.8100000000000005,1.14,0.010000000000000002,0.21000000000000002,0.8999999999999773,0.29999999999998295,0.10000000000000142,0.10000000000000142,1.1999999999999997,0.20000000000000007,0.3299999999999983,0.0,0.0,0.060000000000002274,0.12999999999999545,15.599999999999909,0.36000000000001364,0.17000000000001592,34.16999999999996,30.669999999999845,2.0,0.0,0.0,0.0,0.0,0.0,0.0,51.2,0.0,0.0
open_2017_05_08_close_2017_05_08_flight_Fixed Wing_N550ND_before_0_189617,open_2017_05_08_close_2017_05_08_flight_Fixed Wing_N550ND_before_0_189617,480,2400,2429,0.00019130000000444625,2.920000000017353e-05,0.0,0.0,0.0,1.529999999999994,45.629999999999995,1.3600000000000003,0.25,0.060000000000000005,0.01999999999999999,0.8000000000000114,0.30000000000001137,0.1999999999999993,0.1999999999999993,1.6999999999999993,1.3645500000000002e-18,0.08000000000000185,0.0,0.010000000000000009,0.030000000000001137,0.18999999999999773,18.200000000000045,0.4500000000000455,0.22000000000002728,19.379999999999995,20.25,1.0,0.0,0.0,0.0,0.0,0.0,0.0,19.700000000000003,0.0,0.0
open_2017_05_08_close_2017_05_08_flight_Fixed Wing_N550ND_before_0_189617,open_2017_05_08_close_2017_05_08_flight_Fixed Wing_N550ND_before_0_189617,481,2405,2434,0.0001792999999992162,4.790000001264616e-05,3.0,0.0,0.0,1.0900000000000034,33.459999999999994,0.5499999999999998,0.22999999999999998,0.0,0.25,1.1999999999999886,1.1000000000000227,0.0,0.10000000000000142,0.7999999999999989,1.3645500000000002e-18,0.14999999999999858,0.0,0.029999999999999805,0.030000000000001137,0.18999999999999773,3.5,0.410000000000025,0.30000000000001137,13.330000000000041,10.690000000000055,1.0,0.0,0.0,0.0,0.0,0.0,0.0,3.9,0.0,0.0
open_2017_05_08_close_2017_05_08_flight_Fixed Wing_N550ND_before_0_189617,open_2017_05_08_close_2017_05_08_flight_Fixed Wing_N550ND_before_0_189617,482,2410,2439,0.000164299999994455,2.920000000017353e-05,1.0,0.0,0.0,2.030000000000001,32.96,0.1499999999999999,0.32999999999999996,0.16,0.0,1.4000000000000057,0.8000000000000114,0.0,0.0,0.5999999999999996,0.0,0.05000000000000071,0.0,4.83,0.060000000000002274,3.030000000000001,404.0999999999999,0.46999999999997044,0.30000000000001137,113.68999999999994,72.90999999999997,3.0,0.0,0.0,0.0,0.0,0.0,0.0,7.8,0.0,0.0
open_2017_05_08_close_2017_05_08_flight_Fixed Wing_N550ND_before_0_189617,open_2017_05_08_close_2017_05_08_flight_Fixed Wing_N550ND_before_0_189617,483,2415,2444,0.0002972999999997228,1.3999999993075107e-05,2.0,0.0,0.0,2.469999999999999,6.510000000000005,4.0200000000000005,0.37,0.07,0.1,0.700000000000017,0.09999999999999432,0.0,0.0,0.2999999999999998,0.0,0.0,0.0,0.3100000000000005,0.010000000000019327,0.04999999999999716,5.900000000000091,0.03000000000002956,0.21999999999997044,42.0,25.779999999999973,0.0,0.0,0.0,0.0,0.0,0.0,0.0,4.0,0.0,0.5
open_2017_05_08_close_2017_05_08_flight_Fixed Wing_N550ND_before_0_189617,open_2017_05_08_close_2017_05_08_flight_Fixed Wing_N550ND_before_0_189617,484,2420,2449,0.0002592000000021244,3.1800000002135675e-05,8.0,0.0,0.0,0.3499999999999943,70.70999999999998,0.33999999999999986,0.6600000000000001,0.019999999999999997,0.04,0.8000000000000114,0.8000000000000114,0.0,0.0,0.3000000000000007,0.1,0.04999999999999716,0.0,0.14000000000000057,0.09000000000000341,0.14000000000000057,4.400000000000091,0.3100000000000023,0.0,13.519999999999982,10.220000000000027,1.0,0.0,0.0,0.0,0.0,0.0,0.0,27.5,0.0,0.0
open_2017_05_08_close_2017_05_08_flight_Fixed Wing_N550ND_before_0_189617,open_2017_05_08_close_2017_05_08_flight_Fixed Wing_N550ND_before_0_189617,485,2425,2454,0.0002552999999991812,2.4199999998586463e-05,3.0,0.0,0.0,0.740000000000002,76.23000000000002,0.129999999999999,1.7400000000000002,0.0,0.03,0.39999999999997726,0.0,0.0,0.0,0.10000000000000053,0.0,0.0,0.0,0.16000000000000014,0.06999999999999318,0.1799999999999926,0.40000000000009095,0.5,0.18999999999999773,5.149999999999864,4.319999999999936,0.0,0.0,0.0,0.0,0.0,0.0,0.0,0.0,0.0,0.0
open_2017_05_08_close_2017_05_08_flight_Fixed Wing_N550ND_before_0_189617,open_2017_05_08_close_2017_05_08_flight_Fixed Wing_N550ND_before_0_189617,486,2430,2459,0.00028499999999809233,6.989999999973406e-05,7.0,0.0,0.0,1.1999999999999886,14.430000000000007,0.25,1.1300000000000001,0.04000000000000001,0.020000000000000004,0.09999999999999432,0.9000000000000057,0.10000000000000142,0.0,0.10000000000000009,0.1,0.16999999999999815,0.0,0.10999999999999943,0.009999999999990905,0.3500000000000085,1.599999999999909,0.5600000000000023,0.27000000000003865,4.080000000000155,3.519999999999982,1.0,0.0,0.0,0.0,0.0,0.0,0.0,118.1,0.0,0.5
open_2017_05_08_close_2017_05_08_flight_Fixed Wing_N550ND_before_0_189617,open_2017_05_08_close_2017_05_08_flight_Fixed Wing_N550ND_before_0_189617,487,2435,2464,0.00031390000000186546,3.0199999997648774e-05,11.0,0.0,0.0,0.7000000000000028,109.78000000000003,0.40000000000000036,3.26,0.049999999999999996,0.06,1.5999999999999943,0.39999999999997726,0.10000000000000142,0.0,0.20000000000000018,0.1,0.11999999999999744,0.0,0.10000000000000142,0.009999999999990905,0.1600000000000108,7.100000000000364,0.839999999999975,0.5,2.810000000000173,2.349999999999909,0.0,0.0,0.0,0.0,0.0,0.0,0.0,11.799999999999955,0.0,0.0
open_2017_05_08_close_2017_05_08_flight_Fixed Wing_N550ND_before_0_189617,open_2017_05_08_close_2017_05_08_flight_Fixed Wing_N550ND_before_0_189617,488,2440,2469,0.00035720000000338814,4.70000000092341e-05,11.0,0.0,0.0,0.27000000000001023,93.04999999999995,0.370000000000001,3.84,0.05,0.07,1.5999999999999943,0.29999999999998295,0.0,0.0,0.0,1.3645500000000002e-18,0.09999999999999787,0.0,0.019999999999999574,0.060000000000002274,0.04000000000000625,2.100000000000364,0.7900000000000205,0.6100000000000136,2.3299999999999272,2.480000000000018,2.0,0.0,0.0,0.0,0.0,0.0,0.0,43.30000000000007,0.0,0.0
open_2017_05_08_close_2017_05_08_flight_Fixed Wing_N550ND_before_0_189617,open_2017_05_08_close_2017_05_08_flight_Fixed Wing_N550ND_before_0_189617,489,2445,2474,0.0003132999999948538,3.0899999998723615e-05,8.0,0.0,0.0,0.29000000000000625,34.960000000000036,0.23000000000000043,0.009999999999999787,0.020000000000000004,0.049999999999999996,0.0,0.10000000000002274,0.0,0.0,0.0,1.3645500000000002e-18,0.120000000000001,0.0,0.16999999999999993,0.09000000000000341,0.2600000000000051,2.0,0.9599999999999795,0.589999999999975,1.3699999999998909,2.369999999999891,2.0,0.0,0.0,0.0,0.0,0.0,0.0,23.600000000000023,0.0,0.0
open_2017_05_08_close_2017_05_08_flight_Fixed Wing_N550ND_before_0_189617,open_2017_05_08_close_2017_05_08_flight_Fixed Wing_N550ND_before_0_189617,490,2450,2479,0.0003756999999993127,3.859999999633601e-05,14.0,0.0,0.0,0.14000000000000057,13.68999999999994,0.6099999999999994,0.030000000000000027,0.05,0.14,1.3000000000000114,0.4000000000000057,0.0,0.0,0.10000000000000009,1.3645500000000002e-18,0.0,0.0,0.05999999999999872,0.0800000000000125,0.03999999999999204,3.400000000000091,0.8700000000000045,0.5699999999999932,0.15000000000009095,0.8900000000001,1.0,0.0,0.0,0.0,0.0,0.0,0.0,70.89999999999998,0.0,0.5
open_2017_05_08_close_2017_05_08_flight_Fixed Wing_N550ND_before_0_189617,open_2017_05_08_close_2017_05_08_flight_Fixed Wing_N550ND_before_0_189617,491,2455,2484,0.0003647999999998319,3.7800000001197986e-05,7.0,0.0,0.0,0.4899999999999949,54.620000000000005,0.3899999999999988,2.1500000000000004,0.05,0.05,0.6999999999999886,0.6000000000000227,0.09999999999999787,0.10000000000000142,0.0,1.3645500000000002e-18,0.05000000000000071,0.0,0.02999999999999936,0.06999999999999318,0.730000000000004,1.300000000000182,0.9099999999999682,0.7300000000000182,0.21000000000003638,0.7200000000000273,2.0,0.0,0.0,0.0,0.0,0.0,0.0,15.799999999999955,0.0,0.0
open_2017_05_08_close_2017_05_08_flight_Fixed Wing_N550ND_before_0_189617,open_2017_05_08_close_2017_05_08_flight_Fixed Wing_N550ND_before_0_189617,492,2460,2489,0.00039209999999911815,6.750000000010914e-05,17.0,0.0,0.0,0.18000000000000682,125.68999999999994,0.8699999999999992,4.18,0.04000000000000001,0.04000000000000001,2.700000000000017,0.29999999999998295,0.0,0.09999999999999787,0.10000000000000009,1.3645500000000002e-18,0.11999999999999744,0.0,0.019999999999999574,0.060000000000002274,0.30000000000001137,11.0,0.8899999999999864,0.7599999999999909,0.07000000000016371,0.8599999999999,1.0,0.0,0.0,0.0,0.0,0.0,0.0,82.69999999999993,0.0,0.0
open_2017_05_08_close_2017_05_08_flight_Fixed Wing_N550ND_before_0_189617,open_2017_05_08_close_2017_05_08_flight_Fixed Wing_N550ND_before_0_189617,493,2465,2494,0.00035749999999978854,2.7700000003960668e-05,1.0,0.0,0.0,0.25,151.73000000000002,0.6099999999999994,0.8900000000000001,0.07,0.13,5.199999999999989,0.5999999999999943,0.0,0.09999999999999787,0.2999999999999998,0.1,0.019999999999999574,0.0,0.03999999999999915,0.040000000000020464,0.5700000000000074,10.300000000000182,0.9900000000000091,0.6800000000000068,0.6200000000001182,0.8899999999998727,0.0,0.0,0.0,0.0,0.0,0.0,0.0,23.700000000000045,0.0,0.0
open_2017_05_08_close_2017_05_08_flight_Fixed Wing_N550ND_before_0_189617,open_2017_05_08_close_2017_05_08_flight_Fixed Wing_N550ND_before_0_189617,494,2470,2499,0.00034190000000222653,7.150000000422096e-05,3.0,0.0,0.0,0.269999999999996,329.9100000000001,1.0999999999999996,2.02,0.09,0.07,3.799999999999983,0.0,0.0,0.0,0.10000000000000009,1.3645500000000002e-18,0.05000000000000071,0.0,0.17999999999999972,0.030000000000001137,0.1699999999999875,4.5,0.8100000000000023,0.75,0.5600000000001728,0.849999999999909,2.0,0.0,0.0,0.0,0.0,0.0,0.0,74.79999999999995,0.0,0.0
open_2017_05_08_close_2017_05_08_flight_Fixed Wing_N550ND_before_0_189617,open_2017_05_08_close_2017_05_08_flight_Fixed Wing_N550ND_before_0_189617,495,2475,2504,0.00036919999999440734,9.640000000388227e-05,19.0,0.0,0.0,0.5999999999999943,64.4799999999999,1.799999999999999,2.169999999999998,0.04,0.0,10.099999999999994,6.600000000000023,0.0,0.0,0.10000000000000009,1.3645500000000002e-18,0.26000000000000156,0.0,0.120000000000001,0.04999999999998295,0.14000000000000057,3.599999999999909,0.9499999999999886,0.7099999999999795,0.5500000000001819,1.199999999999818,2.0,0.0,0.0,0.0,0.0,0.0,0.0,51.200000000000045,0.0,0.0
open_2017_05_08_close_2017_05_08_flight_Fixed Wing_N550ND_before_0_189617,open_2017_05_08_close_2017_05_08_flight_Fixed Wing_N550ND_before_0_189617,496,2480,2509,0.00027130000000141763,0.0003298999999969965,21.0,0.0,0.0,0.47999999999998977,190.81,1.5500000000000007,0.5700000000000003,0.07,0.15000000000000002,8.099999999999994,3.1999999999999886,0.0,0.09999999999999787,0.0,0.0,0.13000000000000256,0.0,0.05000000000000071,0.020000000000010232,0.28000000000000114,10.5,0.7900000000000205,0.6499999999999773,1.990000000000009,1.1499999999998636,4.0,0.0,0.0,0.0,0.0,0.0,0.0,157.39999999999998,0.0,0.5
open_2017_05_08_close_2017_05_08_flight_Fixed Wing_N550ND_before_0_189617,open_2017_05_08_close_2017_05_08_flight_Fixed Wing_N550ND_before_0_189617,497,2485,2514,0.00016910000000081027,0.00043390000000442797,8.0,0.0,0.0,0.10000000000000853,85.16999999999996,0.39000000000000057,2.6800000000000015,0.060000000000000005,0.020000000000000004,3.5,3.200000000000003,0.0,0.09999999999999787,0.19999999999999996,0.1,0.0,0.0,0.13000000000000078,0.0,0.09999999999999432,7.099999999999909,0.8700000000000045,0.6900000000000546,0.03000000000020009,0.2899999999999636,0.0,0.0,0.0,0.0,0.0,0.0,0.0,153.5,0.0,0.0
open_2017_05_08_close_2017_05_08_flight_Fixed Wing_N550ND_before_0_189617,open_2017_05_08_close_2017_05_08_flight_Fixed Wing_N550ND_before_0_189617,498,2490,2519,0.0002054000000057954,0.0010604000000000724,28.0,0.0,0.3000000000000007,0.020000000000010232,20.309999999999945,4.77,3.8500000000000005,0.03,0.1,5.0,5.099999999999994,0.0,0.0,0.10000000000000009,1.3645500000000002e-18,0.13999999999999702,0.0,0.15999999999999837,0.060000000000002274,0.0799999999999983,7.600000000000364,1.6099999999999568,1.259999999999991,1.6199999999998909,0.3500000000001364,1.0,0.0,0.0,0.0,0.0,0.0,0.0,346.5,0.0,0.5
open_2017_05_08_close_2017_05_08_flight_Fixed Wing_N550ND_before_0_189617,open_2017_05_08_close_2017_05_08_flight_Fixed Wing_N550ND_before_0_189617,499,2495,2524,5.730000000170321e-05,0.0006480999999922687,1.0,0.0,0.0,0.3500000000000085,80.26,1.54,2.9499999999999993,0.08,0.23,1.0999999999999943,3.9000000000000057,0.09999999999999787,0.0,0.19999999999999996,1.3645500000000002e-18,0.46000000000000085,0.0,0.34000000000000163,0.04999999999998295,0.28000000000000114,24.799999999999727,0.75,0.660000000000025,3.6699999999998454,5.190000000000055,1.0,0.0,0.0,0.0,0.0,0.0,0.0,216.50000000000003,0.0,0.5
open_2017_05_08_close_2017_05_08_flight_Fixed Wing_N550ND_before_0_189617,open_2017_05_08_close_2017_05_08_flight_Fixed Wing_N550ND_before_0_189617,500,2500,2529,0.0001981999999998152,0.0004327999999986787,8.0,0.0,0.0,2.469999999999999,14.770000000000095,0.54,1.7199999999999989,0.03,0.04,7.399999999999999,5.700000000000003,0.0,0.0,0.0,1.3645500000000002e-18,0.4399999999999977,0.0,0.15000000000000036,0.009999999999990905,0.6200000000000045,26.799999999999727,0.5799999999999841,0.47999999999996135,4.160000000000082,1.8199999999999363,0.0,0.0,0.0,0.0,0.0,0.0,0.0,188.90000000000003,0.0,0.0
open_2017_05_08_close_2017_05_08_flight_Fixed Wing_N550ND_before_0_189617,open_2017_05_08_close_2017_05_08_flight_Fixed Wing_N550ND_before_0_189617,501,2505,2534,0.00031039999999649126,0.00018079999999542906,3.0,0.0,0.0,1.230000000000004,197.08,0.6400000000000001,4.129999999999999,0.05,0.2,8.9,6.899999999999999,0.0,0.0,0.09999999999999987,1.3645500000000002e-18,0.18999999999999773,0.0,0.009999999999999787,0.020000000000010232,0.09000000000000341,6.900000000000091,0.5500000000000114,0.5699999999999932,3.4600000000000364,1.1699999999998454,1.0,0.0,0.0,0.0,0.0,0.0,0.0,118.10000000000001,0.0,0.0
open_2017_05_08_close_2017_05_08_flight_Fixed Wing_N550ND_before_0_189617,open_2017_05_08_close_2017_05_08_flight_Fixed Wing_N550ND_before_0_189617,502,2510,2539,0.0003087999999991098,1.559999999756201e-05,6.0,0.0,0.0,0.30999999999998806,130.09,0.3500000000000001,3.4899999999999998,0.020000000000000004,0.010000000000000002,0.19999999999998863,1.5,0.0,0.0,0.10000000000000009,1.3645500000000002e-18,0.0,0.0,0.010000000000000675,0.020000000000010232,0.060000000000002274,1.0,0.39999999999997726,0.5,0.009999999999990905,0.03999999999996362,1.0,0.0,0.0,0.0,0.0,0.0,0.0,47.300000000000004,0.0,0.0
open_2017_05_08_close_2017_05_08_flight_Fixed Wing_N550ND_before_0_189617,open_2017_05_08_close_2017_05_08_flight_Fixed Wing_N550ND_before_0_189617,503,2515,2544,0.0002885999999975297,1.5700000005836046e-05,3.0,0.0,0.0,0.10999999999999943,104.09,0.2400000000000002,0.6700000000000002,0.01,0.049999999999999996,2.6000000000000227,0.5,0.0,0.09999999999999787,0.10000000000000009,1.3645500000000002e-18,0.05000000000000071,0.0,0.0,0.010000000000019327,0.3299999999999983,11.699999999999818,0.30000000000001137,0.4200000000000159,0.13000000000010914,0.16000000000008185,1.0,0.0,0.0,0.0,0.0,0.0,0.0,7.800000000000004,0.0,0.0
open_2017_05_08_close_2017_05_08_flight_Fixed Wing_N550ND_before_0_189617,open_2017_05_08_close_2017_05_08_flight_Fixed Wing_N550ND_before_0_189617,504,2520,2549,0.0002899999999996794,3.769999999292395e-05,7.0,0.0,0.0,0.18999999999999773,240.36,0.43999999999999995,4.2,0.030000000000000002,0.08,0.4000000000000341,0.20000000000004547,0.09999999999999787,0.0,0.09999999999999987,1.3645500000000002e-18,0.22999999999999687,0.0,0.0,0.009999999999990905,0.4399999999999977,9.300000000000182,0.19999999999998863,0.2699999999999818,0.8800000000001091,0.2599999999999909,3.0,0.0,0.0,0.0,0.0,0.0,0.0,11.799999999999997,0.0,1.0
open_2017_05_08_close_2017_05_08_flight_Fixed Wing_N550ND_before_0_189617,open_2017_05_08_close_2017_05_08_flight_Fixed Wing_N550ND_before_0_189617,505,2525,2554,0.00031419999999826587,2.1600000010835174e-05,5.0,0.0,0.0,0.269999999999996,126.98,0.4299999999999997,1.9100000000000001,0.0,0.010000000000000002,0.6000000000000227,0.6000000000000227,0.0,0.0,0.10000000000000009,1.3645500000000002e-18,0.16000000000000014,0.0,0.3199999999999994,0.01999999999998181,0.19999999999998863,13.5,0.13999999999998636,0.21999999999997044,0.2300000000000182,0.03999999999996362,0.0,0.0,0.0,0.0,0.0,0.0,0.0,43.29999999999998,0.0,0.5
open_2017_05_08_close_2017_05_08_flight_Fixed Wing_N550ND_before_0_189617,open_2017_05_08_close_2017_05_08_flight_Fixed Wing_N550ND_before_0_189617,506,2530,2559,0.00037660000000272476,6.40000000373675e-06,2.0,0.0,0.0,0.3299999999999983,19.05000000000001,0.14000000000000012,0.25,0.049999999999999996,0.09000000000000001,1.0,0.0999999999999659,0.0,0.0,0.10000000000000009,1.3645500000000002e-18,0.0,0.0,0.0,0.009999999999990905,0.12000000000000455,4.599999999999909,0.01999999999998181,0.13999999999998636,2.3200000000001637,0.9700000000000273,0.0,0.0,0.0,0.0,0.0,0.0,0.0,51.19999999999999,0.0,0.5
open_2017_05_08_close_2017_05_08_flight_Fixed Wing_N550ND_before_0_189617,open_2017_05_08_close_2017_05_08_flight_Fixed Wing_N550ND_before_0_189617,507,2535,2564,0.0003695000000050186,6.40000000373675e-06,6.0,0.0,0.0,0.0899999999999892,115.28999999999999,0.050000000000000266,2.21,0.019999999999999997,0.05,0.30000000000001137,0.30000000000001137,0.0,0.0,0.0,1.3645500000000002e-18,0.0,0.0,0.07000000000000028,0.010000000000019327,0.3299999999999983,6.400000000000091,0.020000000000038654,0.03999999999996362,0.5399999999999636,0.19000000000005457,2.0,0.0,0.0,0.0,0.0,0.0,0.0,23.6,0.0,0.0
open_2017_05_08_close_2017_05_08_flight_Fixed Wing_N550ND_before_0_189617,open_2017_05_08_close_2017_05_08_flight_Fixed Wing_N550ND_before_0_189617,508,2540,2569,0.0003852999999978124,2.840000000503551e-05,1.0,0.0,0.0,0.5,49.94,0.15000000000000036,0.9399999999999995,0.02,0.30000000000000004,1.3000000000000114,2.5,0.09999999999999787,0.0,0.09999999999999987,0.1,0.14000000000000057,0.0,0.0600000000000005,0.009999999999990905,0.6199999999999903,2.800000000000182,0.060000000000002274,0.07999999999998408,0.2599999999999909,0.5300000000002001,0.0,0.0,0.0,0.0,0.0,0.0,0.0,133.9,0.0,0.5
open_2017_05_08_close_2017_05_08_flight_Fixed Wing_N550ND_before_0_189617,open_2017_05_08_close_2017_05_08_flight_Fixed Wing_N550ND_before_0_189617,509,2545,2574,0.000397299999995937,0.00013119999999844367,10.0,0.0,0.0,0.21999999999999886,183.04999999999998,0.19999999999999973,5.01,0.009999999999999998,0.09,1.0999999999999999,0.9000000000000004,0.0,0.0,0.10000000000000009,1.3645500000000002e-18,0.0,0.0,0.08999999999999986,0.020000000000010232,0.1700000000000017,2.300000000000182,0.07000000000005002,0.029999999999972715,0.07000000000016371,0.13999999999987267,1.0,0.0,0.0,0.0,0.0,0.0,0.0,15.799999999999997,0.0,0.5
open_2017_05_08_close_2017_05_08_flight_Fixed Wing_N550ND_before_0_189617,open_2017_05_08_close_2017_05_08_flight_Fixed Wing_N550ND_before_0_189617,510,2550,2579,0.0002977999999984604,5.680000001007102e-05,1.0,0.0,0.0,0.789999999999992,34.64999999999999,0.2400000000000002,2.5,0.06,0.010000000000000002,2.3999999999999773,1.3000000000000007,0.0,0.0,0.09999999999999987,1.3645500000000002e-18,0.14000000000000057,0.0,0.04999999999999982,0.020000000000010232,0.39000000000000057,4.900000000000091,0.06999999999999318,0.03000000000002956,0.9900000000000091,0.03999999999996362,0.0,0.0,0.0,0.0,0.0,0.0,0.0,55.099999999999994,0.0,0.0
open_2017_05_08_close_2017_05_08_flight_Fixed Wing_N550ND_before_0_189617,open_2017_05_08_close_2017_05_08_flight_Fixed Wing_N550ND_before_0_189617,511,2555,2584,0.0003831000000005247,7.719999999267202e-05,7.0,0.0,0.0,0.020000000000010232,45.540000000000006,0.5999999999999996,1.08,0.03,0.09,1.099999999999966,0.40000000000000036,0.0,0.0,0.0,1.3645500000000002e-18,0.07000000000000028,0.0,0.05999999999999961,0.030000000000001137,0.2600000000000051,0.09999999999990905,0.22000000000002728,0.12000000000000455,0.3400000000001455,0.2999999999999545,0.0,0.0,0.0,0.0,0.0,0.0,0.0,51.19999999999999,0.0,0.0
open_2017_05_08_close_2017_05_08_flight_Fixed Wing_N550ND_before_0_189617,open_2017_05_08_close_2017_05_08_flight_Fixed Wing_N550ND_before_0_189617,512,2560,2589,0.0003722000000010439,5.2699999997685154e-05,10.0,0.0,0.0,0.6599999999999966,159.61,0.3699999999999999,1.1599999999999997,0.03,0.04,1.3000000000000114,0.9000000000000341,0.0,0.0,0.0,1.3645500000000002e-18,0.129999999999999,0.0,0.019999999999999574,0.009999999999990905,0.21000000000000796,17.09999999999991,0.21999999999997044,0.13999999999998636,0.12000000000011823,0.8600000000001273,1.0,0.0,0.0,0.0,0.0,0.0,0.0,7.900000000000034,0.0,1.0
open_2017_05_08_close_2017_05_08_flight_Fixed Wing_N550ND_before_0_189617,open_2017_05_08_close_2017_05_08_flight_Fixed Wing_N550ND_before_0_189617,513,2565,2594,0.0003547000000025946,4.6499999996285624e-05,1.0,0.0,0.0,0.04000000000000625,73.81,0.3500000000000001,0.5099999999999998,0.020000000000000004,0.14,0.4000000000000341,0.30000000000001137,0.0,0.0,0.0,1.3645500000000002e-18,0.14999999999999858,0.0,0.07000000000000028,0.01999999999998181,0.11999999999999034,2.600000000000364,0.20999999999997954,0.17000000000001592,0.17000000000007276,0.2699999999999818,1.0,0.0,0.0,0.0,0.0,0.0,0.0,7.800000000000004,0.0,0.5
open_2017_05_08_close_2017_05_08_flight_Fixed Wing_N550ND_before_0_189617,open_2017_05_08_close_2017_05_08_flight_Fixed Wing_N550ND_before_0_189617,514,2570,2599,0.00039720000000187383,7.619999999519678e-05,2.0,0.0,0.0,0.12000000000000455,22.709999999999994,0.79,0.5800000000000001,0.0,0.3,1.1000000000000227,0.8000000000000114,0.0,0.0,0.0,1.3645500000000002e-18,0.0799999999999983,0.0,0.09999999999999964,0.020000000000010232,0.0899999999999892,1.2999999999997272,0.2599999999999909,0.20000000000004547,0.5299999999999727,0.5599999999999454,0.0,0.0,0.0,0.0,0.0,0.0,0.0,51.099999999999994,0.0,0.5
open_2017_05_08_close_2017_05_08_flight_Fixed Wing_N550ND_before_0_189617,open_2017_05_08_close_2017_05_08_flight_Fixed Wing_N550ND_before_0_189617,515,2575,2604,0.000343499999999608,5.090000000507189e-05,6.0,0.0,0.0,0.5600000000000023,115.60000000000001,0.16999999999999948,3.45,0.02,0.01,0.39999999999997726,1.099999999999966,0.0,0.0,0.0,1.3645500000000002e-18,0.21000000000000085,0.0,0.020000000000000462,0.01999999999998181,0.06999999999999318,2.099999999999909,0.26000000000004775,0.2400000000000091,0.43000000000006366,0.17000000000007276,2.0,0.0,0.0,0.0,0.0,0.0,0.0,35.4,0.0,0.0
open_2017_05_08_close_2017_05_08_flight_Fixed Wing_N550ND_before_0_189617,open_2017_05_08_close_2017_05_08_flight_Fixed Wing_N550ND_before_0_189617,516,2580,2609,0.0003058999999936418,0.00010180000001014378,1.0,0.0,0.0,0.12000000000000455,61.920000000000016,0.20999999999999996,2.54,0.03,0.030000000000000002,0.6999999999999886,0.20000000000004547,0.0,0.0,0.09999999999999987,1.3645500000000002e-18,0.0,0.0,0.0,0.020000000000010232,0.28999999999999204,0.599999999999909,0.25,0.2400000000000091,0.15000000000009095,0.7000000000000455,2.0,0.0,0.0,0.0,0.0,0.0,0.0,0.0,0.0,0.0
open_2017_05_08_close_2017_05_08_flight_Fixed Wing_N550ND_before_0_189617,open_2017_05_08_close_2017_05_08_flight_Fixed Wing_N550ND_before_0_189617,517,2585,2614,0.0003987999999992553,7.000000010748408e-06,18.0,0.0,0.0,0.30999999999998806,297.86,0.2599999999999998,0.46999999999999975,0.039999999999999994,0.09999999999999999,1.400000000000034,0.8999999999999773,0.0,0.0,0.0,1.3645500000000002e-18,0.05000000000000071,0.0,0.33000000000000007,0.060000000000002274,1.279999999999994,49.799999999999955,0.3299999999999841,0.2300000000000182,5.5900000000001455,12.680000000000064,0.0,0.0,0.0,0.0,0.0,0.0,0.0,299.19999999999993,0.0,0.0
open_2017_05_08_close_2017_05_08_flight_Fixed Wing_N550ND_before_0_189617,open_2017_05_08_close_2017_05_08_flight_Fixed Wing_N550ND_before_0_189617,518,2590,2619,0.0004023999999986927,9.690000000261989e-05,25.0,0.0,0.0,1.9299999999999926,81.86000000000013,1.4600000000000009,1.12,0.02,0.09999999999999999,0.30000000000001137,0.20000000000004547,0.10000000000000142,0.0,0.0,1.3645500000000002e-18,0.0,0.0,0.040000000000000036,0.060000000000002274,0.23000000000000398,15.300000000000182,0.4200000000000159,0.2799999999999727,4.029999999999973,2.6699999999998454,1.0,0.0,0.0,0.0,0.0,0.0,0.0,3.900000000000091,0.0,0.0
open_2017_05_08_close_2017_05_08_flight_Fixed Wing_N550ND_before_0_189617,open_2017_05_08_close_2017_05_08_flight_Fixed Wing_N550ND_before_0_189617,519,2595,2624,0.00037080000000599966,4.6999999995023245e-05,3.0,0.0,0.0,0.9500000000000028,128.72999999999996,1.1,3.63,0.02,0.19,0.0999999999999659,0.20000000000004547,0.0,0.0,0.10000000000000009,1.3645500000000002e-18,0.020000000000003126,0.0,0.06999999999999984,0.09000000000000341,0.20999999999999375,7.599999999999909,0.57000000000005,0.3499999999999659,2.2200000000000273,1.5600000000001728,0.0,0.0,0.0,0.0,0.0,0.0,0.0,70.9,0.0,0.0
open_2017_05_08_close_2017_05_08_flight_Fixed Wing_N550ND_before_0_189617,open_2017_05_08_close_2017_05_08_flight_Fixed Wing_N550ND_before_0_189617,520,2600,2629,0.000347599999997783,3.61000000026479e-05,4.0,0.0,0.0,1.6700000000000017,138.91,0.24,2.0300000000000002,0.05,0.12000000000000001,0.19999999999998863,0.0999999999999659,0.0,0.0,0.0,1.3645500000000002e-18,0.3299999999999983,0.0,0.16000000000000014,0.030000000000001137,0.8100000000000023,36.299999999999955,0.5300000000000296,0.37999999999999545,0.19000000000005457,7.980000000000018,1.0,0.0,0.0,0.0,0.0,0.0,0.0,110.3,0.0,0.5
open_2017_05_08_close_2017_05_08_flight_Fixed Wing_N550ND_before_0_189617,open_2017_05_08_close_2017_05_08_flight_Fixed Wing_N550ND_before_0_189617,521,2605,2634,0.0003679999999945949,9.470000000533219e-05,2.0,0.0,0.0,1.2399999999999949,34.56999999999999,1.13,6.67,0.05,0.07,2.400000000000034,0.8999999999999773,0.0,0.09999999999999787,0.0,0.1,0.15000000000000213,0.0,0.0,0.01999999999998181,0.03999999999999915,7.2999999999999545,0.7200000000000273,0.4399999999999977,1.0199999999999818,7.2999999999999545,0.0,0.0,0.0,0.0,0.0,0.0,0.0,3.9000000000000057,0.0,0.0
open_2017_05_08_close_2017_05_08_flight_Fixed Wing_N550ND_before_0_189617,open_2017_05_08_close_2017_05_08_flight_Fixed Wing_N550ND_before_0_189617,522,2610,2639,0.00029849999999953525,0.00023480000000120071,7.0,0.0,0.0,1.5200000000000031,1.2199999999999704,0.14,3.169999999999998,0.05,0.07,5.199999999999989,6.800000000000011,0.0,0.09999999999999787,0.10000000000000009,1.3645500000000002e-18,0.4200000000000017,0.0,0.10999999999999988,0.009999999999990905,0.0899999999999963,6.0,0.8299999999999841,0.5199999999999818,5.5,6.599999999999909,1.0,0.0,0.0,0.0,0.0,0.0,0.0,11.800000000000011,0.0,1.0
open_2017_05_08_close_2017_05_08_flight_Fixed Wing_N550ND_before_0_189617,open_2017_05_08_close_2017_05_08_flight_Fixed Wing_N550ND_before_0_189617,523,2615,2644,9.959999999864522e-05,0.0003827000000029557,9.0,0.0,0.0,0.09000000000000341,74.22,0.41000000000000014,0.13999999999999702,0.01,0.02,3.1999999999999886,7.199999999999989,0.0,0.0,0.0,1.3645500000000002e-18,0.0,0.0,0.2799999999999998,0.009999999999990905,1.1399999999999935,73.29999999999995,0.8600000000000136,0.5699999999999932,5.979999999999791,6.819999999999936,2.0,0.0,0.0,0.0,0.0,0.0,0.0,114.09999999999997,0.0,0.0
open_2017_05_08_close_2017_05_08_flight_Fixed Wing_N550ND_before_0_189617,open_2017_05_08_close_2017_05_08_flight_Fixed Wing_N550ND_before_0_189617,524,2620,2649,1.790000000312375e-05,0.00048000000001025,10.0,0.0,0.0,0.6400000000000006,5.330000000000041,0.6399999999999999,0.030000000000000027,0.010000000000000002,0.12000000000000001,0.0,1.2999999999999545,0.0,0.0,0.10000000000000009,1.3645500000000002e-18,0.10000000000000142,0.0,0.009999999999999787,0.030000000000001137,0.07000000000000739,9.0,0.7699999999999818,0.5500000000000114,0.22000000000002728,6.129999999999882,1.0,0.0,0.0,0.0,0.0,0.0,0.0,3.900000000000091,0.0,0.0
open_2017_05_08_close_2017_05_08_flight_Fixed Wing_N550ND_before_0_189617,open_2017_05_08_close_2017_05_08_flight_Fixed Wing_N550ND_before_0_189617,525,2625,2654,1.87000000053672e-05,0.00047639999999660176,7.0,0.0,0.0,0.09999999999999432,8.950000000000045,1.0900000000000003,1.5500000000000003,0.060000000000000005,0.060000000000000005,2.0,0.19999999999998863,0.0,0.0,0.0,1.3645500000000002e-18,0.08000000000000185,0.0,0.020000000000000018,0.01999999999998181,0.15000000000000568,5.0,0.6800000000000068,0.5600000000000023,0.7200000000000273,3.980000000000018,0.0,0.0,0.0,0.0,0.0,0.0,0.0,125.90000000000003,0.0,0.0
open_2017_05_08_close_2017_05_08_flight_Fixed Wing_N550ND_before_0_189617,open_2017_05_08_close_2017_05_08_flight_Fixed Wing_N550ND_before_0_189617,526,2630,2659,4.2299999996942006e-05,0.0009000999999955184,15.0,0.0,0.0,0.480000000000004,27.110000000000014,1.6500000000000004,7.050000000000001,0.07,0.42000000000000004,1.8000000000000114,0.7999999999999545,0.0,0.0,0.0,1.3645500000000002e-18,0.029999999999997584,0.0,0.020000000000000018,0.03999999999999204,0.269999999999996,16.5,1.1000000000000227,1.0900000000000318,0.6700000000000728,1.1199999999998909,3.0,0.0,0.0,0.0,0.0,0.0,0.0,19.69999999999999,0.0,0.0
open_2017_05_08_close_2017_05_08_flight_Fixed Wing_N550ND_before_0_189617,open_2017_05_08_close_2017_05_08_flight_Fixed Wing_N550ND_before_0_189617,527,2635,2664,4.300000000512227e-06,0.00037450000000660566,10.0,0.0,0.0,0.37000000000000455,52.530000000000086,0.20999999999999996,3.3800000000000003,0.06,0.03,0.9000000000000341,0.0999999999999659,0.0,0.0,0.0,1.3645500000000002e-18,0.17999999999999972,0.0,0.0,0.010000000000019327,0.01999999999999602,9.300000000000182,0.5600000000000023,0.5300000000000296,0.2799999999999727,0.20000000000004547,1.0,0.0,0.0,0.0,0.0,0.0,0.0,35.400000000000034,0.0,0.5
open_2017_05_08_close_2017_05_08_flight_Fixed Wing_N550ND_before_0_189617,open_2017_05_08_close_2017_05_08_flight_Fixed Wing_N550ND_before_0_189617,528,2640,2669,4.449999999422971e-05,0.00084560000000522,14.0,0.0,0.1999999999999993,0.759999999999998,6.660000000000025,5.039999999999999,17.95,1.81093e-19,0.10999999999999999,7.900000000000034,6.799999999999983,0.0,0.0,0.0,1.3645500000000002e-18,0.05000000000000071,0.0,0.029999999999999805,0.009999999999990905,0.1599999999999966,21.299999999999955,1.0299999999999727,0.9499999999999886,9.5300000000002,6.8900000000001,2.0,0.0,0.0,0.0,0.0,0.0,0.0,468.5,0.0,0.5
open_2017_05_08_close_2017_05_08_flight_Fixed Wing_N550ND_before_0_189617,open_2017_05_08_close_2017_05_08_flight_Fixed Wing_N550ND_before_0_189617,529,2645,2674,0.00025319999999595666,0.0003011999999955606,4.0,0.0,0.0,1.009999999999998,188.45,3.51,1.2100000000000009,0.08,0.07,15.200000000000017,8.800000000000011,0.0,0.0,0.0,1.3645500000000002e-18,0.10000000000000142,0.0,0.009999999999999787,0.0,0.060000000000002274,3.599999999999909,0.44999999999998863,0.4399999999999977,0.43000000000006366,0.6199999999998909,0.0,0.0,0.0,0.0,0.0,0.0,0.0,102.30000000000001,0.0,3.5
open_2017_05_08_close_2017_05_08_flight_Fixed Wing_N550ND_before_0_189617,open_2017_05_08_close_2017_05_08_flight_Fixed Wing_N550ND_before_0_189617,530,2650,2679,0.0003486000000023637,1.2400000002799061e-05,15.0,0.0,0.0,2.3100000000000023,167.98000000000002,0.1900000000000004,6.57,0.05,0.05000000000000002,8.300000000000011,6.700000000000017,0.0,0.0,0.0,1.3645500000000002e-18,0.17999999999999972,0.0,0.19999999999999973,0.020000000000010232,0.3100000000000023,21.799999999999955,0.37999999999999545,0.410000000000025,1.8400000000001455,2.25,1.0,0.0,0.0,0.0,0.0,0.0,0.0,63.0,0.0,0.0
open_2017_05_08_close_2017_05_08_flight_Fixed Wing_N550ND_before_0_189617,open_2017_05_08_close_2017_05_08_flight_Fixed Wing_N550ND_before_0_189617,531,2655,2684,0.00036140000000273176,8.520000000089567e-05,8.999999999999886,0.0,0.3000000000000007,0.0799999999999983,93.31999999999994,0.5500000000000003,0.7000000000000002,0.03,0.020000000000000004,0.6000000000000227,1.6000000000000227,0.0,0.0,0.0,1.3645500000000002e-18,0.0,0.0,0.050000000000000266,0.01999999999998181,0.19000000000000483,14.899999999999864,0.35000000000002274,0.339999999999975,2.9600000000000364,5.25,0.0,0.0,0.0,0.0,0.0,0.0,0.0,35.5,0.0,0.0
open_2017_05_08_close_2017_05_08_flight_Fixed Wing_N550ND_before_0_189617,open_2017_05_08_close_2017_05_08_flight_Fixed Wing_N550ND_before_0_189617,532,2660,2689,0.0002933000000027164,3.769999999292395e-05,9.0,0.0,0.0,0.05999999999998806,2.949999999999932,0.2799999999999998,5.21,0.03,0.18,0.09999999999999432,0.5999999999999943,0.0,0.0,0.0,1.3645500000000002e-18,0.16000000000000014,0.0,0.020000000000000018,0.01999999999998181,0.04999999999999716,2.400000000000091,0.30000000000001137,0.30000000000001137,1.5700000000001637,2.6499999999998636,1.0,0.0,0.0,0.0,0.0,0.0,0.0,31.5,0.0,0.0
open_2017_05_08_close_2017_05_08_flight_Fixed Wing_N550ND_before_0_189617,open_2017_05_08_close_2017_05_08_flight_Fixed Wing_N550ND_before_0_189617,533,2665,2694,0.00035570000000006985,4.450000000133514e-05,9.0,0.0,0.0,0.1700000000000017,12.230000000000075,1.0800000000000003,4.49,0.03,0.06,1.8000000000000114,1.3000000000000114,0.0,0.0,0.0,1.3645500000000002e-18,0.09999999999999787,0.0,0.020000000000000018,0.03999999999999204,0.17999999999999972,3.300000000000182,0.37000000000000455,0.2699999999999818,2.0299999999999727,1.6299999999998818,0.0,0.0,0.0,0.0,0.0,0.0,0.0,86.60000000000002,0.0,0.0
open_2017_05_08_close_2017_05_08_flight_Fixed Wing_N550ND_before_0_189617,open_2017_05_08_close_2017_05_08_flight_Fixed Wing_N550ND_before_0_189617,534,2670,2699,0.0003493999999975017,6.399999989525895e-06,10.0,0.0,0.0,0.3100000000000023,38.08000000000004,4.28,1.65,0.02,0.24000000000000002,0.0,0.20000000000001705,0.10000000000000142,0.0,0.0,1.3645500000000002e-18,0.04999999999999716,0.0,3.2199999999999998,0.020000000000010232,5.8799999999999955,396.5000000000002,0.3100000000000023,0.2799999999999727,13.13000000000011,8.360000000000127,2.0,0.0,0.0,0.0,0.0,0.0,0.0,106.30000000000001,0.0,1.0
open_2017_05_08_close_2017_05_08_flight_Fixed Wing_N550ND_before_0_189617,open_2017_05_08_close_2017_05_08_flight_Fixed Wing_N550ND_before_0_189617,535,2675,2704,0.0002972999999997228,2.2400000005973197e-05,10.0,0.0,0.0,0.519999999999996,112.75,0.3100000000000005,3.33,0.02,0.02,0.5,0.19999999999998863,0.10000000000000142,0.0,0.0,1.3645500000000002e-18,0.06999999999999673,0.0,0.15000000000000036,0.009999999999990905,0.15000000000000568,5.099999999999909,0.10000000000002274,0.18999999999999773,6.989999999999782,1.5599999999999454,0.0,0.0,0.0,0.0,0.0,0.0,0.0,106.29999999999995,0.0,0.5
open_2017_05_08_close_2017_05_08_flight_Fixed Wing_N550ND_before_0_189617,open_2017_05_08_close_2017_05_08_flight_Fixed Wing_N550ND_before_0_189617,536,2680,2709,0.0006416999999956374,0.00012169999999400716,9.0,0.0,0.0,2.280000000000001,152.01,1.1800000000000006,2.4699999999999998,0.03,0.010000000000000002,0.09999999999999432,0.4000000000000057,0.0,0.0,0.20000000000000018,1.3645500000000002e-18,0.2099999999999973,0.0,0.07000000000000028,0.12999999999999545,0.6300000000000097,18.800000000000182,0.3100000000000023,0.4300000000000068,4.9500000000000455,1.7799999999999727,3.0,0.0,0.0,0.0,0.0,0.0,0.0,122.0,0.0,0.5
open_2017_05_08_close_2017_05_08_flight_Fixed Wing_N550ND_before_0_189617,open_2017_05_08_close_2017_05_08_flight_Fixed Wing_N550ND_before_0_189617,537,2685,2714,0.00035369999999801394,1.1599999993450183e-05,3.0,0.0,0.0,1.0999999999999943,48.120000000000005,0.4400000000000004,1.4000000000000001,0.0,0.07,0.30000000000001137,0.30000000000001137,0.0,0.0,0.09999999999999987,1.3645500000000002e-18,0.1599999999999966,0.0,0.03999999999999915,0.04999999999998295,0.28999999999999204,2.5,0.5200000000000387,0.25,2.769999999999982,1.6600000000000819,0.0,0.0,0.0,0.0,0.0,0.0,0.0,63.0,0.0,0.5
open_2017_05_08_close_2017_05_08_flight_Fixed Wing_N550ND_before_0_189617,open_2017_05_08_close_2017_05_08_flight_Fixed Wing_N550ND_before_0_189617,538,2690,2719,0.00042289999999667316,7.100000000548334e-05,11.0,0.0,0.0,0.04999999999999716,112.45999999999998,0.14999999999999858,2.8200000000000003,0.049999999999999996,0.039999999999999994,2.6999999999999886,2.4000000000000057,0.0,0.0,0.0,1.3645500000000002e-18,0.0,0.0,0.009999999999999787,0.030000000000001137,0.5100000000000051,2.900000000000091,0.6000000000000227,0.2899999999999636,2.519999999999982,2.3400000000001455,0.0,0.0,0.0,0.0,0.0,0.0,0.0,51.19999999999993,0.0,0.5
open_2017_05_08_close_2017_05_08_flight_Fixed Wing_N550ND_before_0_189617,open_2017_05_08_close_2017_05_08_flight_Fixed Wing_N550ND_before_0_189617,539,2695,2724,0.0004040999999972428,8.919999999079664e-05,11.0,0.0,0.0,0.10000000000000853,9.519999999999982,0.5600000000000005,2.68,0.039999999999999994,0.07,0.09999999999999432,0.8000000000000114,0.0,0.0,0.0,1.3645500000000002e-18,0.17999999999999972,0.0,0.16999999999999993,0.009999999999990905,0.3400000000000034,5.5,0.6499999999999773,0.4000000000000341,0.9100000000000819,0.8399999999999181,2.0,0.0,0.0,0.0,0.0,0.0,0.0,70.89999999999998,0.0,0.0
open_2017_05_08_close_2017_05_08_flight_Fixed Wing_N550ND_before_0_189617,open_2017_05_08_close_2017_05_08_flight_Fixed Wing_N550ND_before_0_189617,540,2700,2729,0.00039619999999729316,9.439999999472093e-05,15.0,0.0,0.0,0.14000000000000057,72.02999999999997,0.3800000000000008,1.74,0.039999999999999994,0.02,0.5,0.30000000000001137,0.0,0.0,0.0,1.3645500000000002e-18,0.08000000000000185,0.0,0.009999999999999787,0.03999999999999204,0.2600000000000051,1.5,0.6999999999999886,0.4900000000000091,0.7799999999999727,0.5299999999999727,0.0,0.0,0.0,0.0,0.0,0.0,0.0,4.0,0.0,0.0
open_2017_05_08_close_2017_05_08_flight_Fixed Wing_N550ND_before_0_189617,open_2017_05_08_close_2017_05_08_flight_Fixed Wing_N550ND_before_0_189617,541,2705,2734,0.00038450000000267437,1.559999999756201e-05,18.0,0.0,0.0,0.6400000000000006,34.59000000000003,0.8599999999999994,0.7799999999999998,0.10999999999999999,0.03,4.099999999999994,0.5999999999999943,0.0,0.0,0.0,1.3645500000000002e-18,0.0,0.0,0.0600000000000005,0.030000000000001137,0.20999999999999375,2.699999999999818,0.75,0.5500000000000114,1.0199999999999818,1.2199999999998,1.0,0.0,0.0,0.0,0.0,0.0,0.0,157.5,0.0,0.0
open_2017_05_08_close_2017_05_08_flight_Fixed Wing_N550ND_before_0_189617,open_2017_05_08_close_2017_05_08_flight_Fixed Wing_N550ND_before_0_189617,542,2710,2739,0.00038800000000094315,6.399999989525895e-06,8.0,0.0,0.0,0.23000000000000398,2.109999999999957,1.67,1.1900000000000002,0.009999999999999995,0.24000000000000002,1.5999999999999943,1.0,0.0,0.0,0.0,1.3645500000000002e-18,0.05000000000000071,0.0,0.03999999999999915,0.009999999999990905,0.4300000000000068,9.5,0.7800000000000296,0.6000000000000227,0.9800000000000182,0.6299999999998818,3.0,0.0,0.0,0.0,0.0,0.0,0.0,165.30000000000007,0.0,0.0
open_2017_05_08_close_2017_05_08_flight_Fixed Wing_N550ND_before_0_189617,open_2017_05_08_close_2017_05_08_flight_Fixed Wing_N550ND_before_0_189617,543,2715,2744,0.0003639999999975885,4.369999999198626e-05,5.0,0.0,0.0,0.45000000000000284,111.49999999999994,0.9399999999999995,1.8499999999999999,0.02,0.2,1.799999999999983,0.09999999999999432,0.0,0.0,0.0,1.3645500000000002e-18,0.0,0.0,0.11000000000000121,0.0,0.5499999999999972,3.400000000000091,0.7400000000000091,0.6299999999999955,0.01999999999998181,0.5199999999999818,2.0,0.0,0.0,0.0,0.0,0.0,0.0,11.900000000000034,0.0,0.0
open_2017_05_08_close_2017_05_08_flight_Fixed Wing_N550ND_before_0_189617,open_2017_05_08_close_2017_05_08_flight_Fixed Wing_N550ND_before_0_189617,544,2720,2749,0.0003666999999936138,4.869999999357333e-05,17.0,0.0,0.0,0.18000000000000682,57.92999999999995,0.28000000000000114,1.52,0.06999999999999999,0.07,1.299999999999983,0.19999999999998863,0.0,0.0,0.0,1.3645500000000002e-18,0.030000000000001137,0.0,0.08000000000000007,0.020000000000010232,0.1700000000000017,1.400000000000091,0.7400000000000091,0.5600000000000023,0.4500000000000455,0.9200000000000728,0.0,0.0,0.0,0.0,0.0,0.0,0.0,86.60000000000014,0.0,0.5
open_2017_05_08_close_2017_05_08_flight_Fixed Wing_N550ND_before_0_189617,open_2017_05_08_close_2017_05_08_flight_Fixed Wing_N550ND_before_0_189617,545,2725,2754,0.000461799999996515,2.1000000032245225e-06,9.0,0.0,0.0,0.6400000000000006,50.620000000000005,0.5999999999999996,2.93,0.09000000000000001,0.020000000000000004,4.099999999999994,0.09999999999999432,0.0,0.0,0.0,1.3645500000000002e-18,0.0,0.0,0.10000000000000142,0.010000000000019327,0.09999999999999432,6.200000000000273,0.6299999999999955,0.48999999999995225,0.6699999999998454,1.1800000000000637,0.0,0.0,0.0,0.0,0.0,0.0,0.0,114.19999999999993,0.0,0.0
open_2017_05_08_close_2017_05_08_flight_Fixed Wing_N550ND_before_0_189617,open_2017_05_08_close_2017_05_08_flight_Fixed Wing_N550ND_before_0_189617,546,2730,2759,0.0003607000000016569,5.8899999999084685e-05,12.0,0.0,0.0,0.060000000000002274,127.17999999999995,0.1899999999999995,1.42,0.02,0.0,0.09999999999999432,0.0,0.10000000000000142,0.0,0.0,1.3645500000000002e-18,0.23999999999999844,0.0,0.019999999999999574,0.0,0.3199999999999932,13.400000000000091,0.7300000000000182,0.5900000000000318,0.849999999999909,0.22000000000002728,2.0,0.0,0.0,0.0,0.0,0.0,0.0,59.0,0.0,0.0
open_2017_05_08_close_2017_05_08_flight_Fixed Wing_N550ND_before_0_189617,open_2017_05_08_close_2017_05_08_flight_Fixed Wing_N550ND_before_0_189617,547,2735,2764,0.00036730000000062546,1.2400000002799061e-05,19.0,0.0,0.0,0.5100000000000051,118.71000000000004,0.019999999999999574,0.9000000000000001,0.019999999999999997,0.08,1.1999999999999886,0.0,0.0,0.0,0.0,1.3645500000000002e-18,0.4200000000000017,0.0,0.16000000000000014,0.0,0.3400000000000034,3.100000000000364,0.7200000000000273,0.5999999999999659,1.3800000000001091,0.34999999999990905,0.0,0.0,0.0,0.0,0.0,0.0,0.0,43.299999999999955,0.0,0.5
open_2017_05_08_close_2017_05_08_flight_Fixed Wing_N550ND_before_0_189617,open_2017_05_08_close_2017_05_08_flight_Fixed Wing_N550ND_before_0_189617,548,2740,2769,0.0003547000000025946,1.1400000005323818e-05,15.0,0.0,0.0,0.0,11.970000000000027,0.9399999999999995,3.37,0.02,0.11000000000000001,1.0999999999999943,0.39999999999997726,0.0,0.0,0.09999999999999987,1.3645500000000002e-18,0.0,0.0,0.09999999999999964,0.009999999999990905,0.23999999999999488,2.600000000000364,0.6999999999999886,0.5699999999999932,0.009999999999990905,1.1099999999999,0.0,0.0,0.0,0.0,0.0,0.0,0.0,47.30000000000007,0.0,0.0
open_2017_05_08_close_2017_05_08_flight_Fixed Wing_N550ND_before_0_189617,open_2017_05_08_close_2017_05_08_flight_Fixed Wing_N550ND_before_0_189617,549,2745,2774,0.0004765000000048758,4.500000002849447e-06,0.0,0.0,0.1999999999999993,1.3799999999999955,224.23000000000002,0.05999999999999961,1.23,0.03,0.08,0.8000000000000114,0.0,0.0,0.0,0.0,1.3645500000000002e-18,0.029999999999997584,0.0,0.16999999999999993,0.0,0.20000000000000284,3.799999999999727,0.6899999999999977,0.5799999999999841,7.779999999999973,8.990000000000009,1.0,0.0,0.0,0.0,0.0,0.0,0.0,90.60000000000001,0.0,0.0
open_2017_05_08_close_2017_05_08_flight_Fixed Wing_N550ND_before_0_189617,open_2017_05_08_close_2017_05_08_flight_Fixed Wing_N550ND_before_0_189617,550,2750,2779,0.00044319999999942183,1.300000000981072e-05,9.0,0.0,0.0,1.0900000000000034,186.79000000000002,0.009999999999999787,1.44,0.06,0.08,1.6999999999999886,0.39999999999997726,0.0,0.0,0.0,1.3645500000000002e-18,0.0,0.0,0.5299999999999994,0.030000000000001137,0.28000000000000114,34.79999999999973,0.5900000000000318,0.5400000000000205,0.21000000000003638,2.369999999999891,1.0,0.0,0.0,0.0,0.0,0.0,0.0,47.200000000000045,0.0,0.5
open_2017_05_08_close_2017_05_08_flight_Fixed Wing_N550ND_before_0_189617,open_2017_05_08_close_2017_05_08_flight_Fixed Wing_N550ND_before_0_189617,551,2755,2784,0.00042439999999999145,2.2999999913508873e-06,6.0,0.0,0.0,0.7600000000000051,63.59000000000003,0.08999999999999986,3.7199999999999998,0.01,0.08,1.8000000000000114,0.4000000000000057,0.0,0.0,0.09999999999999987,1.3645500000000002e-18,0.0799999999999983,0.0,0.009999999999999787,0.03999999999999204,0.0799999999999983,1.0,0.4900000000000091,0.4399999999999977,4.119999999999891,1.25,1.0,0.0,0.0,0.0,0.0,0.0,0.0,66.89999999999998,0.0,0.0
open_2017_05_08_close_2017_05_08_flight_Fixed Wing_N550ND_before_0_189617,open_2017_05_08_close_2017_05_08_flight_Fixed Wing_N550ND_before_0_189617,552,2760,2789,0.0004705000000058135,5.569999999011088e-05,12.0,0.0,0.0,0.35999999999999943,413.47999999999996,0.5499999999999998,1.03,0.08,0.32999999999999996,1.799999999999983,0.5,0.0,0.0,0.0,1.3645500000000002e-18,0.129999999999999,0.0,0.08999999999999986,0.030000000000001137,0.25,1.0,0.339999999999975,0.410000000000025,1.6900000000000546,0.75,2.0,0.0,0.0,0.0,0.0,0.0,0.0,200.8,0.0,0.0
open_2017_05_08_close_2017_05_08_flight_Fixed Wing_N550ND_before_0_189617,open_2017_05_08_close_2017_05_08_flight_Fixed Wing_N550ND_before_0_189617,553,2765,2794,0.00048599999999510146,5.4900000009183714e-05,6.0,0.0,0.0,0.29000000000000625,72.50999999999999,0.47999999999999954,1.38,0.04,0.1,0.4000000000000057,0.09999999999999432,0.0,0.0,0.09999999999999987,1.3645500000000002e-18,0.16000000000000014,0.0,0.1299999999999999,0.020000000000010232,0.20000000000000284,4.400000000000091,0.22000000000002728,0.29000000000002046,1.7799999999999727,0.8899999999998727,1.0,0.0,0.0,0.0,0.0,0.0,0.0,59.0,0.0,0.5
open_2017_05_08_close_2017_05_08_flight_Fixed Wing_N550ND_before_0_189617,open_2017_05_08_close_2017_05_08_flight_Fixed Wing_N550ND_before_0_189617,554,2770,2799,0.0004367000000016219,2.27000000023736e-05,2.0,0.0,0.0,0.3299999999999983,222.97,0.3200000000000003,0.13,0.009999999999999998,0.1,1.200000000000017,0.0,0.0,0.0,0.09999999999999987,1.3645500000000002e-18,0.0,0.0,0.47999999999999954,0.030000000000001137,0.030000000000001137,20.0,0.16999999999995907,0.22999999999996135,1.3199999999999363,1.0199999999999818,0.0,0.0,0.0,0.0,0.0,0.0,0.0,43.30000000000001,0.0,0.0
open_2017_05_08_close_2017_05_08_flight_Fixed Wing_N550ND_before_0_189617,open_2017_05_08_close_2017_05_08_flight_Fixed Wing_N550ND_before_0_189617,555,2775,2804,0.0004406999999986283,1.629999999863685e-05,3.0,0.0,0.0,0.45000000000000284,32.010000000000005,0.18999999999999995,1.8200000000000003,0.04,0.1,1.5999999999999943,1.3000000000000114,0.0,0.0,0.09999999999999987,1.3645500000000002e-18,0.0,0.0,0.0699999999999994,0.020000000000010232,0.22999999999998977,4.5,0.060000000000002274,0.1500000000000341,1.7100000000000364,0.7899999999999636,0.0,0.0,0.0,0.0,0.0,0.0,0.0,82.6,0.0,0.0
open_2017_05_08_close_2017_05_08_flight_Fixed Wing_N550ND_before_0_189617,open_2017_05_08_close_2017_05_08_flight_Fixed Wing_N550ND_before_0_189617,556,2780,2809,0.0004066999999992049,4.509999999413594e-05,0.0,0.0,0.0,0.5400000000000063,14.060000000000002,0.33000000000000007,0.94,0.04,0.030000000000000006,1.200000000000017,0.0,0.0,0.0,0.0,1.3645500000000002e-18,0.029999999999997584,0.0,0.08999999999999986,0.030000000000001137,0.14000000000000057,0.20000000000027285,0.01999999999998181,0.0999999999999659,1.2899999999999636,0.849999999999909,0.0,0.0,0.0,0.0,0.0,0.0,0.0,3.9000000000000057,0.0,0.5
open_2017_05_08_close_2017_05_08_flight_Fixed Wing_N550ND_before_0_189617,open_2017_05_08_close_2017_05_08_flight_Fixed Wing_N550ND_before_0_189617,557,2785,2814,0.0004612000000037142,8.929999999907068e-05,5.0,0.0,0.0,0.1600000000000108,149.44,0.48999999999999977,0.5,0.04,0.06,0.5999999999999943,0.4000000000000057,0.0,0.0,0.09999999999999987,1.3645500000000002e-18,0.0799999999999983,0.0,0.03000000000000025,0.020000000000010232,0.27000000000001023,8.099999999999909,0.0999999999999659,0.029999999999972715,1.6099999999999,1.0199999999999818,0.0,0.0,0.0,0.0,0.0,0.0,0.0,110.2,0.0,0.0
open_2017_05_08_close_2017_05_08_flight_Fixed Wing_N550ND_before_0_189617,open_2017_05_08_close_2017_05_08_flight_Fixed Wing_N550ND_before_0_189617,558,2790,2819,0.0004309000000048968,4.1099999990024116e-05,7.0,0.0,0.0,0.30999999999998806,89.1,1.12,1.21,0.05,0.039999999999999994,0.4000000000000057,0.0,0.0,0.0,0.0,1.3645500000000002e-18,0.05999999999999872,0.0,0.020000000000000462,0.009999999999990905,0.3400000000000034,14.199999999999818,0.2599999999999909,0.11000000000001364,1.0599999999999454,0.13999999999987267,0.0,0.0,0.0,0.0,0.0,0.0,0.0,7.900000000000006,0.0,0.5
open_2017_05_08_close_2017_05_08_flight_Fixed Wing_N550ND_before_0_189617,open_2017_05_08_close_2017_05_08_flight_Fixed Wing_N550ND_before_0_189617,559,2795,2824,0.0004196999999948048,3.859999999633601e-05,3.0,0.0,0.0,0.04999999999999716,10.180000000000007,0.23000000000000043,2.3699999999999997,0.039999999999999994,0.02,0.20000000000001705,0.09999999999999432,0.0,0.0,0.0,1.3645500000000002e-18,0.16000000000000014,0.0,0.03000000000000025,0.0,0.0799999999999983,11.299999999999727,0.17000000000001592,0.12000000000000455,0.209999999999809,0.35999999999989996,3.0,0.0,0.0,0.0,0.0,0.0,0.0,19.700000000000003,0.0,0.0
open_2017_05_08_close_2017_05_08_flight_Fixed Wing_N550ND_before_0_189617,open_2017_05_08_close_2017_05_08_flight_Fixed Wing_N550ND_before_0_189617,560,2800,2829,0.0008736999999996442,0.00010400000000743148,3.0,0.0,0.0,0.12999999999999545,112.56,0.6499999999999999,3.04,0.03,0.0,1.4000000000000057,0.5999999999999943,0.0,0.0,0.09999999999999987,1.3645500000000002e-18,0.0799999999999983,0.0,0.009999999999999787,0.020000000000010232,0.05999999999998806,9.5,0.4200000000000159,0.339999999999975,0.2899999999999636,0.19000000000005457,2.0,0.0,0.0,0.0,0.0,0.0,0.0,27.599999999999994,0.0,0.5
open_2017_05_08_close_2017_05_08_flight_Fixed Wing_N550ND_before_0_189617,open_2017_05_08_close_2017_05_08_flight_Fixed Wing_N550ND_before_0_189617,561,2805,2834,0.0004891999999969698,2.3999999996249244e-06,1.0,0.0,0.0,0.5300000000000011,10.33,0.75,0.17999999999999994,0.06,0.07,2.1999999999999886,0.09999999999999432,0.0,0.0,0.09999999999999987,1.3645500000000002e-18,0.0,0.0,0.009999999999999787,0.009999999999990905,0.3499999999999943,3.299999999999727,0.30000000000001137,0.20000000000004547,0.0,0.2999999999999545,1.0,0.0,0.0,0.0,0.0,0.0,0.0,4.0,0.0,0.0
open_2017_05_08_close_2017_05_08_flight_Fixed Wing_N550ND_before_0_189617,open_2017_05_08_close_2017_05_08_flight_Fixed Wing_N550ND_before_0_189617,562,2810,2839,0.00043219999999877246,8.300000004624053e-06,0.0,0.0,0.3000000000000007,0.0799999999999983,58.7,0.69,2.56,0.04,0.08,1.4000000000000057,0.09999999999999432,0.0,0.0,0.0,1.3645500000000002e-18,0.05000000000000071,0.0,0.040000000000000036,0.009999999999990905,0.06999999999999318,1.2999999999999545,0.30000000000001137,0.21999999999997044,1.4800000000000182,0.34999999999990905,0.0,0.0,0.0,0.0,0.0,0.0,0.0,63.0,0.0,0.0
open_2017_05_08_close_2017_05_08_flight_Fixed Wing_N550ND_before_0_189617,open_2017_05_08_close_2017_05_08_flight_Fixed Wing_N550ND_before_0_189617,563,2815,2844,0.00048670000000328173,2.200000000129876e-05,1.0,0.0,0.0,0.18999999999999773,18.0,0.34999999999999964,2.9899999999999998,0.009999999999999998,0.02,0.09999999999999432,0.0,0.0,0.0,0.0,1.3645500000000002e-18,0.0,0.0,0.10000000000000053,0.009999999999990905,0.06999999999999318,4.5,0.2699999999999818,0.2599999999999909,0.03999999999996362,0.4700000000000273,0.0,0.0,0.0,0.0,0.0,0.0,0.0,78.79999999999998,0.0,0.5
open_2017_05_08_close_2017_05_08_flight_Fixed Wing_N550ND_before_0_189617,open_2017_05_08_close_2017_05_08_flight_Fixed Wing_N550ND_before_0_189617,564,2820,2849,0.000509900000004393,9.660000000621949e-05,0.0,0.0,0.3000000000000007,0.0,3.769999999999996,0.22999999999999998,2.43,0.07,0.03,0.5,0.4000000000000057,0.0,0.0,0.0,1.3645500000000002e-18,0.0,0.0,0.0600000000000005,0.020000000000010232,0.12000000000000455,5.100000000000136,0.2999999999999545,0.2899999999999636,1.0299999999999727,0.0,0.0,0.0,0.0,0.0,0.0,0.0,0.0,0.0,0.0,0.5
open_2017_05_08_close_2017_05_08_flight_Fixed Wing_N550ND_before_0_189617,open_2017_05_08_close_2017_05_08_flight_Fixed Wing_N550ND_before_0_189617,565,2825,2854,0.00044959999999605316,4.839999999717293e-05,1.0,0.0,0.0,0.7199999999999989,73.73,0.75,7.199999999999999,0.04,0.12,1.1999999999999886,1.0999999999999943,0.10000000000000142,0.10000000000000142,0.0,1.3645500000000002e-18,0.030000000000001137,0.0,0.02999999999999936,0.010000000000019327,0.10999999999999943,2.199999999999818,0.3199999999999932,0.2799999999999727,0.22000000000002728,0.13999999999987267,1.0,0.0,0.0,0.0,0.0,0.0,0.0,122.1,0.0,0.5
open_2017_05_08_close_2017_05_08_flight_Fixed Wing_N550ND_before_0_189617,open_2017_05_08_close_2017_05_08_flight_Fixed Wing_N550ND_before_0_189617,566,2830,2859,0.00042859999999933507,0.000163600000007591,3.0,0.0,0.0,1.7099999999999937,9.799999999999983,0.9100000000000001,0.8599999999999994,0.0,0.01,5.900000000000006,4.800000000000011,0.0,0.0,0.09999999999999987,1.3645500000000002e-18,0.0799999999999983,0.0,0.040000000000000036,0.020000000000010232,0.39000000000000057,7.0,0.2799999999999727,0.28000000000002956,1.2100000000000364,1.2300000000000182,0.0,0.0,0.0,0.0,0.0,0.0,0.0,130.0,0.0,0.0
open_2017_05_08_close_2017_05_08_flight_Fixed Wing_N550ND_before_0_189617,open_2017_05_08_close_2017_05_08_flight_Fixed Wing_N550ND_before_0_189617,567,2835,2864,0.000259700000000862,0.00048540000000230066,4.0,0.0,0.0,1.009999999999991,12.29000000000002,0.43999999999999995,0.4499999999999993,0.0,0.04999999999999999,5.900000000000006,6.099999999999994,0.10000000000000142,0.10000000000000142,0.09999999999999987,1.3645500000000002e-18,0.0,0.0,0.03000000000000025,0.01999999999998181,0.09000000000000341,0.8000000000001819,0.25,0.2699999999999818,0.9200000000000728,0.37999999999988177,1.0,0.0,0.0,0.0,0.0,0.0,0.0,35.5,0.0,0.0
open_2017_05_08_close_2017_05_08_flight_Fixed Wing_N550ND_before_0_189617,open_2017_05_08_close_2017_05_08_flight_Fixed Wing_N550ND_before_0_189617,568,2840,2869,7.769999999851507e-05,0.0005183000000101856,2.0,0.0,0.3000000000000007,0.2400000000000091,80.59000000000003,0.32999999999999996,3.5799999999999983,1.81093e-19,0.15,4.300000000000011,5.099999999999994,0.0,0.0,0.0,1.3645500000000002e-18,0.0,0.0,0.019999999999999574,0.010000000000019327,0.1600000000000108,4.299999999999727,0.19999999999998863,0.2799999999999727,1.300000000000182,0.2599999999999909,3.0,0.0,0.0,0.0,0.0,0.0,0.0,98.5,0.0,0.0
open_2017_05_08_close_2017_05_08_flight_Fixed Wing_N550ND_before_0_189617,open_2017_05_08_close_2017_05_08_flight_Fixed Wing_N550ND_before_0_189617,569,2845,2874,0.00010239999999583915,0.00048100000000772525,1.0,0.0,0.0,0.6199999999999903,68.74000000000001,0.31000000000000005,2.5100000000000016,0.009999999999999998,0.05,3.1000000000000227,4.199999999999989,0.0,0.0,0.09999999999999987,1.3645500000000002e-18,0.030000000000001137,0.0,0.04999999999999982,0.0,0.18999999999999773,1.599999999999909,0.3800000000000523,0.3499999999999659,1.4800000000000182,1.1199999999998909,0.0,0.0,0.0,0.0,0.0,0.0,0.0,145.70000000000002,0.0,0.0
open_2017_05_08_close_2017_05_08_flight_Fixed Wing_N550ND_before_0_189617,open_2017_05_08_close_2017_05_08_flight_Fixed Wing_N550ND_before_0_189617,570,2850,2879,0.0002004999999982715,0.00044609999999067895,8.0,0.0,0.0,0.5600000000000023,102.24000000000001,0.96,0.8599999999999994,0.03,0.12,3.8000000000000114,5.199999999999989,0.0,0.0,0.0,1.3645500000000002e-18,0.0,0.0,0.08000000000000007,0.0,0.2400000000000091,7.699999999999818,0.34000000000003183,0.30000000000001137,0.6300000000001091,0.05999999999994543,1.0,0.0,0.0,0.0,0.0,0.0,0.0,27.600000000000023,0.0,0.0
open_2017_05_08_close_2017_05_08_flight_Fixed Wing_N550ND_before_0_189617,open_2017_05_08_close_2017_05_08_flight_Fixed Wing_N550ND_before_0_189617,571,2855,2884,0.0002783999999991238,0.00027029999999683696,8.0,0.0,0.0,0.9299999999999926,115.26999999999998,0.09999999999999998,1.7800000000000011,0.03,0.08,2.3999999999999773,3.1999999999999886,0.0,0.10000000000000142,0.09999999999999987,1.3645500000000002e-18,0.04999999999999716,0.0,0.1299999999999999,0.009999999999990905,0.14000000000000057,4.099999999999909,0.19999999999998863,0.25,0.849999999999909,0.12000000000011823,0.0,0.0,0.0,0.0,0.0,0.0,0.0,122.0,0.0,0.0
open_2017_05_08_close_2017_05_08_flight_Fixed Wing_N550ND_before_0_189617,open_2017_05_08_close_2017_05_08_flight_Fixed Wing_N550ND_before_0_189617,572,2860,2889,0.0003110999999975661,0.00016820000000450364,5.0,0.0,0.0,0.5600000000000023,32.839999999999975,0.67,1.4399999999999995,0.01,0.19,1.8000000000000114,2.6999999999999886,0.0,0.0,0.0,1.3645500000000002e-18,0.0,0.0,0.05999999999999961,0.030000000000001137,0.18999999999999773,4.599999999999909,0.27000000000003865,0.25,0.4399999999998272,0.39000000000010004,1.0,0.0,0.0,0.0,0.0,0.0,0.0,114.10000000000002,0.0,0.5
open_2017_05_08_close_2017_05_08_flight_Fixed Wing_N550ND_before_0_189617,open_2017_05_08_close_2017_05_08_flight_Fixed Wing_N550ND_before_0_189617,573,2865,2894,0.00035419999999675156,9.210000000337004e-05,8.0,0.0,0.0,0.4899999999999949,36.47,0.37,1.0700000000000003,0.009999999999999998,0.09999999999999999,1.1999999999999886,1.5,0.0,0.0,0.0,1.3645500000000002e-18,0.020000000000003126,0.0,0.040000000000000036,0.030000000000001137,0.3400000000000034,2.199999999999818,0.19999999999998863,0.2400000000000091,1.1900000000000546,0.7199999999997999,1.0,0.0,0.0,0.0,0.0,0.0,0.0,94.5,0.0,0.5
open_2017_05_08_close_2017_05_08_flight_Fixed Wing_N550ND_before_0_189617,open_2017_05_08_close_2017_05_08_flight_Fixed Wing_N550ND_before_0_189617,574,2870,2899,0.00040729999999911115,4.3099999999185457e-05,6.0,0.0,0.0,0.1600000000000108,129.8,0.49,2.0200000000000005,0.03,0.12,0.10000000000002274,0.39999999999997726,0.0,0.0,0.09999999999999987,1.3645500000000002e-18,0.16000000000000014,0.0,0.019999999999999574,0.020000000000010232,0.1599999999999966,5.099999999999909,0.2400000000000091,0.19999999999998863,0.4299999999998363,0.7400000000000091,1.0,0.0,0.0,0.0,0.0,0.0,0.0,118.1,0.0,0.0
open_2017_05_08_close_2017_05_08_flight_Fixed Wing_N550ND_before_0_189617,open_2017_05_08_close_2017_05_08_flight_Fixed Wing_N550ND_before_0_189617,575,2875,2904,0.0003756999999993127,2.5000000078989615e-06,3.0,0.0,0.0,0.03999999999999204,21.75,0.020000000000000018,1.39,0.0,0.08,0.6999999999999886,0.5999999999999659,0.0,0.0,0.09999999999999987,1.3645500000000002e-18,0.10000000000000142,0.0,0.04999999999999982,0.020000000000010232,0.0800000000000125,18.899999999999636,0.3499999999999659,0.3299999999999841,0.5499999999999545,0.13999999999987267,1.0,0.0,0.0,0.0,0.0,0.0,0.0,86.60000000000002,0.0,0.0
open_2017_05_08_close_2017_05_08_flight_Fixed Wing_N550ND_before_0_189617,open_2017_05_08_close_2017_05_08_flight_Fixed Wing_N550ND_before_0_189617,576,2880,2909,0.0004064999999968677,2.4600000003260902e-05,3.0,0.0,0.0,0.10000000000000853,146.42000000000002,0.17000000000000004,0.1200000000000001,0.05,0.1,3.1999999999999886,0.8000000000000114,0.0,0.0,0.0,1.3645500000000002e-18,0.0,0.0,0.08000000000000007,0.030000000000001137,0.20999999999999375,5.599999999999909,0.2599999999999909,0.18000000000000682,0.01999999999998181,0.20000000000004547,2.0,0.0,0.0,0.0,0.0,0.0,0.0,4.0,0.0,0.0
open_2017_05_08_close_2017_05_08_flight_Fixed Wing_N550ND_before_0_189617,open_2017_05_08_close_2017_05_08_flight_Fixed Wing_N550ND_before_0_189617,577,2885,2914,0.00035580000000123846,9.839999999883275e-05,3.0,0.0,0.3000000000000007,0.5700000000000074,88.66,0.7200000000000002,2.7100000000000004,0.030000000000000002,0.08,1.0,1.5,0.0,0.0,0.0,1.3645500000000002e-18,0.0,0.0,0.08999999999999986,0.030000000000001137,0.030000000000001137,8.900000000000091,0.2799999999999727,0.20999999999997954,1.3199999999999363,0.4700000000000273,2.0,0.0,0.0,0.0,0.0,0.0,0.0,98.4,0.0,0.5
open_2017_05_08_close_2017_05_08_flight_Fixed Wing_N550ND_before_0_189617,open_2017_05_08_close_2017_05_08_flight_Fixed Wing_N550ND_before_0_189617,578,2890,2919,0.0003983000000005177,0.00014010000001007938,4.0,0.0,0.0,0.5,104.8,0.56,0.30000000000000027,0.07,0.18,0.5999999999999659,0.6000000000000227,0.0,0.0,0.09999999999999987,1.3645500000000002e-18,0.0799999999999983,0.0,0.09999999999999964,0.030000000000001137,0.009999999999990905,9.5,0.2300000000000182,0.22999999999996135,0.20000000000004547,0.7200000000000273,1.0,0.0,0.0,0.0,0.0,0.0,0.0,82.7,0.0,0.0
open_2017_05_08_close_2017_05_08_flight_Fixed Wing_N550ND_before_0_189617,open_2017_05_08_close_2017_05_08_flight_Fixed Wing_N550ND_before_0_189617,579,2895,2924,0.0003370000000018081,2.159999999662432e-05,5.0,0.0,0.0,0.5400000000000063,103.58999999999997,0.6000000000000001,1.73,0.04,0.04000000000000001,0.6999999999999886,0.9000000000000341,0.0,0.0,0.0,1.3645500000000002e-18,0.0,0.0,0.020000000000000462,0.020000000000010232,0.030000000000001137,0.6999999999998181,0.25,0.18999999999999773,0.4900000000000091,0.14000000000010004,1.0,0.0,0.0,0.0,0.0,0.0,0.0,7.800000000000011,0.0,0.0
open_2017_05_08_close_2017_05_08_flight_Fixed Wing_N550ND_before_0_189617,open_2017_05_08_close_2017_05_08_flight_Fixed Wing_N550ND_before_0_189617,580,2900,2929,0.0004480999999998403,2.759999999568663e-05,8.0,0.0,0.0,1.0300000000000011,56.5,0.52,0.2999999999999998,0.08,0.19,0.5,0.8000000000000114,0.0,0.0,0.09999999999999987,1.3645500000000002e-18,0.0,0.0,0.0600000000000005,0.010000000000019327,0.20000000000000284,5.300000000000182,0.2599999999999909,0.20000000000004547,0.4700000000000273,1.0799999999999272,0.0,0.0,0.0,0.0,0.0,0.0,0.0,23.69999999999999,0.0,0.5
open_2017_05_08_close_2017_05_08_flight_Fixed Wing_N550ND_before_0_189617,open_2017_05_08_close_2017_05_08_flight_Fixed Wing_N550ND_before_0_189617,581,2905,2934,0.0003736999999972568,1.9100000002936213e-05,7.0,0.0,0.0,0.5300000000000011,42.48000000000002,0.050000000000000044,1.65,0.009999999999999998,0.24,0.2999999999999545,0.10000000000002274,0.0,0.0,0.0,1.3645500000000002e-18,0.05000000000000071,0.0,0.0699999999999994,0.01999999999998181,0.09000000000000341,6.599999999999909,0.2300000000000182,0.21999999999997044,0.7300000000000182,0.2899999999999636,0.0,0.0,0.0,0.0,0.0,0.0,0.0,59.0,0.0,0.0
open_2017_05_08_close_2017_05_08_flight_Fixed Wing_N550ND_before_0_189617,open_2017_05_08_close_2017_05_08_flight_Fixed Wing_N550ND_before_0_189617,582,2910,2939,0.00042220000000270375,1.9899999998074236e-05,0.0,0.0,0.3000000000000007,0.45000000000000284,17.78,0.6499999999999999,2.24,0.03,0.13,0.30000000000001137,0.0,0.0,0.0,0.0,1.3645500000000002e-18,0.10999999999999943,0.0,0.08000000000000007,0.020000000000010232,0.10999999999999943,14.0,0.20999999999997954,0.21000000000003638,0.9800000000000182,0.7999999999999545,3.0,0.0,0.0,0.0,0.0,0.0,0.0,43.3,0.0,0.0
open_2017_05_08_close_2017_05_08_flight_Fixed Wing_N550ND_before_0_189617,open_2017_05_08_close_2017_05_08_flight_Fixed Wing_N550ND_before_0_189617,583,2915,2944,0.0004440000000016653,2.5100000001998524e-05,1.0,0.0,0.0,0.1799999999999926,49.49,0.32,0.52,0.05,0.08,1.8999999999999773,0.8999999999999773,0.0,0.0,0.0,1.3645500000000002e-18,0.030000000000001137,0.0,0.05000000000000071,0.010000000000019327,0.5600000000000023,3.799999999999727,0.25,0.19999999999998863,0.6600000000000819,0.18000000000006366,0.0,0.0,0.0,0.0,0.0,0.0,0.0,106.29999999999998,0.0,0.0
open_2017_05_08_close_2017_05_08_flight_Fixed Wing_N550ND_before_0_189617,open_2017_05_08_close_2017_05_08_flight_Fixed Wing_N550ND_before_0_189617,584,2920,2949,0.0004466999999976906,1.5000000004761205e-05,4.0,0.0,0.0,0.2400000000000091,189.41,0.49,1.1100000000000003,0.02,0.020000000000000004,0.5,1.1999999999999886,0.10000000000000142,0.0,0.0,1.3645500000000002e-18,0.0,0.0,0.05999999999999961,0.020000000000010232,0.14000000000000057,10.199999999999818,0.17999999999994998,0.17000000000001592,0.7100000000000364,0.7000000000000455,1.0,0.0,0.0,0.0,0.0,0.0,0.0,94.5,0.0,0.0
open_2017_05_08_close_2017_05_08_flight_Fixed Wing_N550ND_before_0_189617,open_2017_05_08_close_2017_05_08_flight_Fixed Wing_N550ND_before_0_189617,585,2925,2954,0.00044940000000082136,3.1599999999798456e-05,15.0,0.0,0.0,0.09999999999999432,292.36,0.039999999999999813,1.1300000000000003,0.010000000000000002,0.22999999999999998,0.20000000000004547,1.099999999999966,0.10000000000000142,0.0,0.0,1.3645500000000002e-18,0.19000000000000128,0.0,0.07000000000000028,0.020000000000010232,0.14000000000000057,13.300000000000182,0.22000000000002728,0.18000000000000682,0.08999999999991815,0.7599999999999909,5.0,0.0,0.0,0.0,0.0,0.0,0.0,196.9,0.0,0.0
open_2017_05_08_close_2017_05_08_flight_Fixed Wing_N550ND_before_0_189617,open_2017_05_08_close_2017_05_08_flight_Fixed Wing_N550ND_before_0_189617,586,2930,2959,0.000699299999993741,4.5999999997548e-05,9.0,0.0,0.0,1.3200000000000074,256.12,1.0699999999999998,1.65,0.01,0.09,0.8000000000000114,0.19999999999998863,0.0,0.0,0.09999999999999987,1.3645500000000002e-18,0.09999999999999787,0.0,0.54,0.0,1.5699999999999932,139.0,0.38999999999998636,0.37999999999999545,8.220000000000027,5.630000000000109,3.0,0.0,0.0,0.0,0.0,0.0,0.0,126.0,0.0,0.0
open_2017_05_08_close_2017_05_08_flight_Fixed Wing_N550ND_before_0_189617,open_2017_05_08_close_2017_05_08_flight_Fixed Wing_N550ND_before_0_189617,587,2935,2964,0.00041430000000275413,1.4699999994149948e-05,17.0,0.0,0.0,0.3500000000000085,230.74,0.20999999999999996,3.3800000000000003,0.060000000000000005,0.1,1.0,0.19999999999998863,0.0,0.0,0.09999999999999987,1.3645500000000002e-18,0.19000000000000128,0.0,0.010000000000000231,0.009999999999990905,0.3400000000000034,12.400000000000091,0.2999999999999545,0.18000000000000682,8.690000000000055,6.370000000000118,1.0,0.0,0.0,0.0,0.0,0.0,0.0,114.19999999999993,0.0,0.0
open_2017_05_08_close_2017_05_08_flight_Fixed Wing_N550ND_before_0_189617,open_2017_05_08_close_2017_05_08_flight_Fixed Wing_N550ND_before_0_189617,588,2940,2969,0.00035599999999647025,1.4699999994149948e-05,26.0,0.0,0.0,0.269999999999996,266.1099999999999,0.8099999999999998,1.3499999999999999,0.0,0.14,0.2999999999999545,0.10000000000002274,0.10000000000000142,0.0,0.0,1.3645500000000002e-18,0.0,0.0,0.0,0.020000000000010232,0.04999999999999716,0.5,0.4700000000000273,0.2699999999999818,4.029999999999973,3.5799999999999272,3.0,0.0,0.0,0.0,0.0,0.0,0.0,374.00000000000006,0.0,0.5
open_2017_05_08_close_2017_05_08_flight_Fixed Wing_N550ND_before_0_189617,open_2017_05_08_close_2017_05_08_flight_Fixed Wing_N550ND_before_0_189617,589,2945,2974,0.00033280000000246446,5.400000000577165e-05,6.0,0.0,0.0,1.1099999999999994,78.5,0.6700000000000002,0.5399999999999999,0.01,0.05,0.39999999999997726,0.0999999999999659,0.0,0.0,0.09999999999999987,1.3645500000000002e-18,0.370000000000001,0.0,0.040000000000000036,0.05000000000001137,0.20000000000000284,10.900000000000091,0.5,0.28000000000002956,4.160000000000082,2.3600000000001273,2.0,0.0,0.0,0.0,0.0,0.0,0.0,110.2,0.0,0.5
open_2017_05_08_close_2017_05_08_flight_Fixed Wing_N550ND_before_0_189617,open_2017_05_08_close_2017_05_08_flight_Fixed Wing_N550ND_before_0_189617,590,2950,2979,0.00030659999999471665,1.5000000004761205e-05,4.0,0.0,0.0,0.6400000000000006,15.580000000000041,0.3600000000000001,0.039999999999999813,0.01,0.09999999999999999,1.7000000000000455,0.10000000000002274,0.0,0.0,0.09999999999999987,1.3645500000000002e-18,0.259999999999998,0.0,0.009999999999999787,0.030000000000001137,0.09999999999999432,7.300000000000182,0.45999999999997954,0.2599999999999909,2.8900000000001,2.480000000000018,1.0,0.0,0.0,0.0,0.0,0.0,0.0,7.800000000000011,0.0,0.0
open_2017_05_08_close_2017_05_08_flight_Fixed Wing_N550ND_before_0_189617,open_2017_05_08_close_2017_05_08_flight_Fixed Wing_N550ND_before_0_189617,591,2955,2984,0.00030799999999686634,3.030000000592281e-05,10.0,0.0,0.0,0.25,70.70999999999998,0.010000000000000009,0.86,0.04,0.0,0.20000000000004547,0.0999999999999659,0.0,0.0,0.09999999999999987,1.3645500000000002e-18,0.0,0.0,0.020000000000000018,0.020000000000010232,0.03999999999999915,1.1000000000001364,0.6299999999999955,0.3800000000000523,2.5700000000001637,2.619999999999891,1.0,0.0,0.0,0.0,0.0,0.0,0.0,35.39999999999998,0.0,0.0
open_2017_05_08_close_2017_05_08_flight_Fixed Wing_N550ND_before_0_189617,open_2017_05_08_close_2017_05_08_flight_Fixed Wing_N550ND_before_0_189617,592,2960,2989,0.00037499999999823785,3.920000000334767e-05,11.0,0.0,0.0,0.21000000000000796,55.170000000000016,0.42999999999999994,2.5000000000000004,0.02,0.12000000000000001,0.0999999999999659,0.6999999999999886,0.0,0.0,0.09999999999999987,1.3645500000000002e-18,0.0799999999999983,0.0,0.03000000000000025,0.009999999999990905,0.13000000000000256,6.900000000000091,0.6000000000000227,0.37000000000000455,0.9500000000000455,1.1799999999998363,0.0,0.0,0.0,0.0,0.0,0.0,0.0,0.0,0.0,0.5
open_2017_05_08_close_2017_05_08_flight_Fixed Wing_N550ND_before_0_189617,open_2017_05_08_close_2017_05_08_flight_Fixed Wing_N550ND_before_0_189617,593,2965,2994,0.00031150000000224054,4.470000000367236e-05,8.0,0.0,0.0,0.6800000000000068,7.639999999999986,0.8,1.95,0.02,0.12,0.0999999999999659,0.19999999999998863,0.0,0.0,0.0,1.3645500000000002e-18,0.019999999999999574,0.0,0.029999999999999805,0.010000000000019327,0.09000000000000341,5.7999999999999545,0.6700000000000159,0.4200000000000159,1.0299999999999727,1.509999999999991,2.0,0.0,0.0,0.0,0.0,0.0,0.0,86.60000000000002,0.0,0.5
open_2017_05_08_close_2017_05_08_flight_Fixed Wing_N550ND_before_0_189617,open_2017_05_08_close_2017_05_08_flight_Fixed Wing_N550ND_before_0_189617,594,2970,2999,0.0003069000000053279,1.7100000007985727e-05,10.0,0.0,0.0,0.9899999999999949,100.85999999999996,0.29000000000000004,1.3599999999999999,0.0,0.06,0.5,0.0,0.0,0.0,0.0,1.3645500000000002e-18,0.129999999999999,0.0,0.06000000000000005,0.010000000000019327,0.04999999999999716,6.5,0.7299999999999613,0.5199999999999818,1.3500000000001364,2.0,2.0,0.0,0.0,0.0,0.0,0.0,0.0,98.39999999999998,0.0,0.5
open_2017_05_08_close_2017_05_08_flight_Fixed Wing_N550ND_before_0_189617,open_2017_05_08_close_2017_05_08_flight_Fixed Wing_N550ND_before_0_189617,595,2975,3004,0.00024120000000493746,9.500000004436515e-06,6.0,0.0,0.3000000000000007,0.13000000000000256,17.22999999999999,0.36999999999999966,3.46,0.04,0.09,1.1000000000000227,0.20000000000004547,0.0,0.0,0.0,1.3645500000000002e-18,0.0,0.0,0.010000000000000231,0.009999999999990905,0.09000000000000341,8.299999999999955,0.6100000000000136,0.37999999999999545,1.9800000000000182,1.7200000000000273,1.0,0.0,0.0,0.0,0.0,0.0,0.0,43.30000000000001,0.0,0.0
open_2017_05_08_close_2017_05_08_flight_Fixed Wing_N550ND_before_0_189617,open_2017_05_08_close_2017_05_08_flight_Fixed Wing_N550ND_before_0_189617,596,2980,3009,0.00026030000000076825,1.7100000007985727e-05,0.0,0.0,0.0,0.0,162.43,0.8800000000000003,0.12,0.1,0.060000000000000005,4.100000000000023,0.10000000000002274,0.0,0.0,0.09999999999999987,1.3645500000000002e-18,0.029999999999997584,0.0,0.03000000000000025,0.020000000000010232,0.09999999999999432,3.7999999999999545,0.5,0.4000000000000341,1.4500000000000455,1.0799999999999272,1.0,0.0,0.0,0.0,0.0,0.0,0.0,78.69999999999999,0.0,0.0
open_2017_05_08_close_2017_05_08_flight_Fixed Wing_N550ND_before_0_189617,open_2017_05_08_close_2017_05_08_flight_Fixed Wing_N550ND_before_0_189617,597,2985,3014,0.00028700000000014825,4.470000000367236e-05,3.0,0.0,0.0,0.4200000000000017,88.57999999999998,0.20000000000000018,2.33,0.03,0.16,1.3999999999999773,0.8999999999999773,0.0,0.0,0.0,1.3645500000000002e-18,0.18999999999999773,0.0,0.010000000000000231,0.030000000000001137,0.09000000000000341,4.2000000000000455,0.6500000000000341,0.4900000000000091,0.32999999999992724,0.43000000000006366,1.0,0.0,0.0,0.0,0.0,0.0,0.0,7.900000000000034,0.0,0.0
open_2017_05_08_close_2017_05_08_flight_Fixed Wing_N550ND_before_0_189617,open_2017_05_08_close_2017_05_08_flight_Fixed Wing_N550ND_before_0_189617,598,2990,3019,0.00026019999999959964,2.4800000005598122e-05,9.0,0.0,0.0,0.3299999999999983,31.410000000000025,0.06000000000000005,0.76,0.03,0.0,0.2999999999999545,0.30000000000001137,0.0,0.0,0.09999999999999987,1.3645500000000002e-18,0.2699999999999996,0.0,0.1499999999999999,0.020000000000010232,0.5799999999999983,32.200000000000045,0.5200000000000387,0.339999999999975,2.9400000000000546,9.089999999999918,1.0,0.0,0.0,0.0,0.0,0.0,0.0,15.700000000000045,0.0,0.0
open_2017_05_08_close_2017_05_08_flight_Fixed Wing_N550ND_before_0_189617,open_2017_05_08_close_2017_05_08_flight_Fixed Wing_N550ND_before_0_189617,599,2995,3024,0.0003105999999988285,3.2400000009147334e-05,2.0,0.0,0.0,0.3499999999999943,115.07999999999998,0.1,1.47,0.03,0.01,0.7000000000000455,0.4000000000000341,0.0,0.0,0.0,1.3645500000000002e-18,0.08000000000000185,0.0,0.18999999999999995,0.01999999999998181,0.09000000000000341,19.5,0.3299999999999841,0.30000000000001137,7.660000000000082,8.079999999999927,1.0,0.0,0.0,0.0,0.0,0.0,0.0,11.799999999999955,0.0,0.0
open_2017_05_08_close_2017_05_08_flight_Fixed Wing_N550ND_before_0_189617,open_2017_05_08_close_2017_05_08_flight_Fixed Wing_N550ND_before_0_189617,600,3000,3029,0.00022669999999891388,5.700000002661909e-06,11.0,0.0,0.0,0.4200000000000017,46.02999999999997,0.4,1.2,0.05,0.06,2.8999999999999773,0.5,0.10000000000000142,0.0,0.0,1.3645500000000002e-18,0.0,0.0,0.08000000000000007,0.01999999999998181,0.29000000000000625,15.600000000000136,0.2599999999999909,0.2799999999999727,3.869999999999891,3.4300000000000637,1.0,0.0,0.0,0.0,0.0,0.0,0.0,15.699999999999989,0.0,0.5
open_2017_05_08_close_2017_05_08_flight_Fixed Wing_N550ND_before_0_189617,open_2017_05_08_close_2017_05_08_flight_Fixed Wing_N550ND_before_0_189617,601,3005,3034,0.0002808999999999173,1.3400000000274304e-05,2.0,0.0,0.1999999999999993,0.0,40.32000000000002,1.21,3.84,1.81093e-19,0.02,0.0,0.19999999999998863,0.10000000000000142,0.0,0.0,1.3645500000000002e-18,0.05999999999999872,0.0,0.0,0.010000000000019327,0.2599999999999909,21.90000000000009,0.30000000000001137,0.3199999999999932,2.759999999999991,2.240000000000009,0.0,0.0,0.0,0.0,0.0,0.0,0.0,102.30000000000001,0.0,0.0
open_2017_05_08_close_2017_05_08_flight_Fixed Wing_N550ND_before_0_189617,open_2017_05_08_close_2017_05_08_flight_Fixed Wing_N550ND_before_0_189617,602,3010,3039,0.00024660000000409354,5.700000002661909e-06,0.0,0.0,0.0,0.20999999999999375,79.00999999999996,0.54,2.19,0.03,0.09,1.099999999999966,0.19999999999998863,0.10000000000000142,0.0,0.0,1.3645500000000002e-18,0.0,0.0,0.0,0.060000000000002274,0.1599999999999966,8.099999999999909,0.07000000000005002,0.20999999999997954,2.769999999999982,1.2000000000000455,1.0,0.0,0.0,0.0,0.0,0.0,0.0,15.700000000000003,0.0,0.5
open_2017_05_08_close_2017_05_08_flight_Fixed Wing_N550ND_before_0_189617,open_2017_05_08_close_2017_05_08_flight_Fixed Wing_N550ND_before_0_189617,603,3015,3044,0.0003084000000015408,5.700000002661909e-06,2.0,0.0,0.0,0.12999999999999545,5.950000000000003,0.5,3.62,0.01,0.07,0.30000000000001137,0.6999999999999886,0.0,0.0,0.10000000000000009,1.3645500000000002e-18,0.05000000000000071,0.0,0.0600000000000005,0.05000000000001137,0.18999999999999773,2.7000000000000455,0.01999999999998181,0.07999999999998408,1.6300000000001091,1.5299999999999727,1.0,0.0,0.0,0.0,0.0,0.0,0.0,7.900000000000006,0.0,0.0
open_2017_05_08_close_2017_05_08_flight_Fixed Wing_N550ND_before_0_189617,open_2017_05_08_close_2017_05_08_flight_Fixed Wing_N550ND_before_0_189617,604,3020,3049,0.00026019999999959964,1.3400000000274304e-05,8.0,0.0,0.0,0.19999999999999574,46.72999999999999,1.58,1.2100000000000002,0.06,0.04,1.7999999999999545,0.0,0.0,0.0,0.0,1.3645500000000002e-18,0.0,0.0,0.41999999999999993,0.0,1.3100000000000023,111.20000000000005,0.11000000000001364,0.03999999999996362,3.9600000000000364,2.589999999999918,2.0,0.0,0.0,0.0,0.0,0.0,0.0,122.0,0.0,0.0
open_2017_05_08_close_2017_05_08_flight_Fixed Wing_N550ND_before_0_189617,open_2017_05_08_close_2017_05_08_flight_Fixed Wing_N550ND_before_0_189617,605,3025,3054,0.0003068000000041593,2.8599999993161873e-05,6.0,0.0,0.0,0.8599999999999994,26.690000000000026,2.09,1.09,0.03,0.08,1.0,0.19999999999998863,0.0,0.0,0.0,1.3645500000000002e-18,0.19000000000000128,0.0,0.5899999999999999,0.06999999999999318,3.8700000000000045,205.10000000000014,0.1099999999999568,0.029999999999972715,19.350000000000136,21.04000000000019,2.0,0.0,0.0,0.0,0.0,0.0,0.0,74.80000000000001,0.0,0.5
open_2017_05_08_close_2017_05_08_flight_Fixed Wing_N550ND_before_0_189617,open_2017_05_08_close_2017_05_08_flight_Fixed Wing_N550ND_before_0_189617,606,3030,3059,0.00023510000000470654,4.389999999432348e-05,5.0,0.0,0.0,1.6499999999999986,25.620000000000005,0.010000000000000675,0.010000000000000009,0.009999999999999998,0.04,1.5,0.19999999999998863,0.3000000000000007,0.1999999999999993,0.6,0.29999999999999993,0.19000000000000128,0.0,0.0,0.030000000000001137,0.3500000000000014,20.59999999999991,0.17000000000001592,0.0,46.17999999999995,26.680000000000064,4.0,0.0,0.0,0.0,0.0,0.0,0.0,3.8999999999999986,0.0,0.0
open_2017_05_08_close_2017_05_08_flight_Fixed Wing_N550ND_before_0_189617,open_2017_05_08_close_2017_05_08_flight_Fixed Wing_N550ND_before_0_189617,607,3035,3064,0.00016889999999847305,3.629999999077427e-05,2.0,0.0,0.1999999999999993,1.6200000000000045,64.43,2.13,0.08000000000000002,0.05,0.13,2.0,1.2999999999999545,0.09999999999999787,0.09999999999999787,0.5999999999999996,1.3645500000000002e-18,0.0,0.0,0.009999999999999787,0.030000000000001137,0.10999999999999943,4.7999999999999545,0.2799999999999727,0.08999999999997499,25.220000000000027,17.24000000000001,1.0,0.0,0.0,0.0,0.0,0.0,0.0,1.81956e-16,0.0,0.5
open_2017_05_08_close_2017_05_08_flight_Fixed Wing_N550ND_before_0_189617,open_2017_05_08_close_2017_05_08_flight_Fixed Wing_N550ND_before_0_189617,608,3040,3069,0.00013099999999610645,3.31999999900745e-05,1.0,0.0,0.0,0.9199999999999946,14.060000000000002,0.6300000000000003,0.24999999999999994,0.05,0.02,1.5,1.8000000000000114,0.1999999999999993,0.0,0.1999999999999993,1.3645500000000002e-18,0.0,0.0,0.0,0.03999999999999204,0.22999999999999687,1.7999999999999545,0.3199999999999932,0.13999999999998636,14.990000000000009,13.610000000000014,1.0,0.0,0.0,0.0,0.0,0.0,0.0,3.9,0.0,0.0
open_2017_05_08_close_2017_05_08_flight_Fixed Wing_N550ND_before_0_189617,open_2017_05_08_close_2017_05_08_flight_Fixed Wing_N550ND_before_0_189617,609,3045,3074,0.00027330000000347354,3.31999999900745e-05,6.0,0.0,0.1999999999999993,3.4000000000000057,166.65,0.3999999999999999,0.16000000000000003,0.01,0.02,1.1000000000000227,0.19999999999998863,0.0,0.0,1.5999999999999996,0.0,0.04999999999999716,0.0,8.71,0.10999999999998522,11.090000000000003,839.6999999999998,0.6700000000000159,0.36000000000001364,191.75,112.35000000000014,3.0,0.0,0.0,0.0,0.0,0.0,0.0,1.81956e-16,0.0,0.5
open_2017_05_08_close_2017_05_08_flight_Fixed Wing_N550ND_before_0_189617,open_2017_05_08_close_2017_05_08_flight_Fixed Wing_N550ND_before_0_189617,610,3050,3079,0.00022229999999723304,3.31999999900745e-05,1.0,0.0,0.0,2.5900000000000034,46.18000000000001,0.03000000000000025,0.010000000000000009,0.02,0.06,2.0,0.6000000000000227,0.0,0.0,0.39999999999999947,0.0,0.0,0.0,0.02999999999999936,0.010000000000019327,0.23999999999999488,0.900000000000091,0.009999999999990905,0.12999999999999545,34.43999999999983,20.37000000000012,5.0,0.0,0.0,0.0,0.0,0.0,0.0,3.9,0.0,0.5
open_2017_05_08_close_2017_05_08_flight_Fixed Wing_N550ND_before_0_189617,open_2017_05_08_close_2017_05_08_flight_Fixed Wing_N550ND_before_0_189617,611,3055,3084,0.0004901000000003819,8.65999999888345e-05,20.0,0.0,0.0,0.779999999999994,265.82,1.6499999999999986,2.05,0.03,0.19,0.7000000000000455,359.0,0.0,0.0,0.5,0.1,0.0,0.0,0.03999999999999915,0.14999999999997726,0.3199999999999932,4.900000000000091,0.7300000000000182,0.15999999999996817,21.52000000000021,16.45999999999981,5.0,0.0,0.0,0.0,0.0,0.0,0.0,94.5,0.0,0.5
open_2017_05_08_close_2017_05_08_flight_Fixed Wing_N550ND_before_0_189617,open_2017_05_08_close_2017_05_08_flight_Fixed Wing_N550ND_before_0_189617,612,3060,3089,0.00022150000000209502,7.899999999949614e-06,17.0,0.0,0.0,0.060000000000002274,161.15999999999985,0.9800000000000004,0.33999999999999986,0.060000000000000005,0.009999999999999995,2.599999999999966,0.09999999999999964,0.0,0.0,0.20000000000000018,1.3645500000000002e-18,0.0799999999999983,0.0,0.049999999999998934,0.05000000000001137,0.5699999999999932,3.599999999999909,0.5400000000000205,0.25,5.309999999999945,4.380000000000109,1.0,0.0,0.0,0.0,0.0,0.0,0.0,216.5,0.0,0.5
open_2017_05_08_close_2017_05_08_flight_Fixed Wing_N550ND_before_0_189617,open_2017_05_08_close_2017_05_08_flight_Fixed Wing_N550ND_before_0_189617,613,3065,3094,0.0003215000000054147,8.999999991488039e-06,1.0,0.0,0.0,1.240000000000002,175.61,0.9099999999999993,0.6799999999999999,0.06,0.060000000000000005,2.1999999999999886,358.8,0.0,0.0,0.19999999999999973,1.3645500000000002e-18,0.14999999999999858,0.0,0.0600000000000005,0.009999999999990905,0.9099999999999966,12.400000000000091,0.6800000000000068,0.37000000000000455,3.0900000000001455,2.9200000000000728,1.0,0.0,0.0,0.0,0.0,0.0,0.0,4.0,0.0,0.0
open_2017_05_08_close_2017_05_08_flight_Fixed Wing_N550ND_before_0_189617,open_2017_05_08_close_2017_05_08_flight_Fixed Wing_N550ND_before_0_189617,614,3070,3099,0.00035120000000432583,7.769999999140964e-05,9.0,0.0,0.0,0.539999999999992,77.40999999999997,0.9899999999999993,0.13,0.039999999999999994,0.03,1.1999999999999886,0.7000000000000455,0.0,0.0,0.19999999999999973,1.3645500000000002e-18,0.07000000000000028,0.0,0.08999999999999986,0.03999999999999204,0.37000000000000455,4.599999999999909,0.7900000000000205,0.5600000000000023,2.9500000000000455,2.2899999999999636,2.0,0.0,0.0,0.0,0.0,0.0,0.0,35.39999999999998,0.0,0.0
open_2017_05_08_close_2017_05_08_flight_Fixed Wing_N550ND_before_0_189617,open_2017_05_08_close_2017_05_08_flight_Fixed Wing_N550ND_before_0_189617,615,3075,3104,0.00030889999999317297,8.37000000046828e-05,11.0,0.0,0.0,0.25,60.93999999999994,0.08000000000000007,0.030000000000000013,0.05,0.049999999999999996,2.1999999999999886,0.5999999999999659,0.0,0.0,0.10000000000000009,1.3645500000000002e-18,0.21000000000000085,0.0,0.05000000000000071,0.060000000000002274,0.37999999999999545,10.100000000000364,0.7799999999999727,0.5699999999999932,1.1800000000000637,2.1400000000001,1.0,0.0,0.0,0.0,0.0,0.0,0.0,51.200000000000045,0.0,0.0
open_2017_05_08_close_2017_05_08_flight_Fixed Wing_N550ND_before_0_189617,open_2017_05_08_close_2017_05_08_flight_Fixed Wing_N550ND_before_0_189617,616,3080,3109,0.00034239999999385873,3.629999999077427e-05,11.0,0.0,0.0,0.3500000000000085,99.67999999999995,0.4900000000000002,3.2,0.03,0.08,0.19999999999998863,0.6000000000000227,0.0,0.0,0.10000000000000009,0.1,0.019999999999999574,0.0,0.0799999999999983,0.07999999999998408,0.28000000000000114,5.400000000000091,0.8900000000000432,0.6200000000000045,0.2300000000000182,0.9100000000000819,2.0,0.0,0.0,0.0,0.0,0.0,0.0,35.5,0.0,0.5
open_2017_05_08_close_2017_05_08_flight_Fixed Wing_N550ND_before_0_189617,open_2017_05_08_close_2017_05_08_flight_Fixed Wing_N550ND_before_0_189617,617,3085,3114,0.00034160000000582613,1.0299999999574538e-05,7.0,0.0,0.0,0.29000000000000625,135.24,0.3600000000000012,1.66,0.0,0.09,0.8000000000000114,0.30000000000001137,0.10000000000000142,0.0,0.0,1.3645500000000002e-18,0.04999999999999716,0.0,0.009999999999999787,0.06999999999999318,0.10000000000000853,5.599999999999909,0.8799999999999955,0.660000000000025,0.19000000000005457,0.4700000000000273,0.0,0.0,0.0,0.0,0.0,0.0,0.0,27.600000000000023,0.0,0.5
open_2017_05_08_close_2017_05_08_flight_Fixed Wing_N550ND_before_0_189617,open_2017_05_08_close_2017_05_08_flight_Fixed Wing_N550ND_before_0_189617,618,3090,3119,0.000309399999999016,2.0200000008685493e-05,11.0,0.0,0.0,0.15000000000000568,25.43999999999994,0.28000000000000114,2.98,0.06,0.03,0.6999999999999886,0.9000000000000341,0.0,0.0,0.0,1.3645500000000002e-18,0.129999999999999,0.0,0.030000000000001137,0.06999999999999318,0.4100000000000108,1.400000000000091,1.009999999999991,0.6899999999999977,1.1299999999998818,0.5799999999999272,1.0,0.0,0.0,0.0,0.0,0.0,0.0,11.799999999999955,0.0,0.0
open_2017_05_08_close_2017_05_08_flight_Fixed Wing_N550ND_before_0_189617,open_2017_05_08_close_2017_05_08_flight_Fixed Wing_N550ND_before_0_189617,619,3095,3124,0.00030619999999714764,1.1099999994712562e-05,1.0,0.0,0.0,0.6199999999999903,187.52999999999997,0.7399999999999993,2.88,0.04,0.18,1.1999999999999886,0.19999999999998863,0.0,0.09999999999999787,0.0,1.3645500000000002e-18,0.0,0.0,0.05000000000000071,0.04999999999998295,0.39000000000000057,13.099999999999909,0.8100000000000023,0.6899999999999977,0.009999999999990905,0.3500000000001364,2.0,0.0,0.0,0.0,0.0,0.0,0.0,31.5,0.0,0.0
open_2017_05_08_close_2017_05_08_flight_Fixed Wing_N550ND_before_0_189617,open_2017_05_08_close_2017_05_08_flight_Fixed Wing_N550ND_before_0_189617,620,3100,3129,0.0003562999999999761,6.369999999833453e-05,4.0,0.0,0.0,0.45000000000000284,199.47000000000003,0.23000000000000043,3.59,0.0,0.07,1.1000000000000227,1.5,0.0,0.0,0.0,1.3645500000000002e-18,0.0,0.0,0.02000000000000135,0.030000000000001137,0.46999999999999886,7.800000000000182,0.8600000000000136,0.6899999999999977,1.259999999999991,0.09999999999990905,3.0,0.0,0.0,0.0,0.0,0.0,0.0,98.40000000000009,0.0,0.0
open_2017_05_08_close_2017_05_08_flight_Fixed Wing_N550ND_before_0_189617,open_2017_05_08_close_2017_05_08_flight_Fixed Wing_N550ND_before_0_189617,621,3105,3134,0.0003011999999955606,5.9199999995485086e-05,21.0,0.0,0.0,0.7000000000000028,170.75,0.7400000000000002,1.6400000000000001,0.09,0.009999999999999995,2.599999999999966,1.599999999999966,0.0,0.0,0.09999999999999987,1.3645500000000002e-18,0.38000000000000256,0.0,0.09999999999999964,0.009999999999990905,0.09000000000000341,9.5,0.92999999999995,0.7100000000000364,0.75,0.33999999999991815,1.0,0.0,0.0,0.0,0.0,0.0,0.0,3.8999999999999773,0.0,0.5
open_2017_05_08_close_2017_05_08_flight_Fixed Wing_N550ND_before_0_189617,open_2017_05_08_close_2017_05_08_flight_Fixed Wing_N550ND_before_0_189617,622,3110,3139,0.0002628000000015618,1.9399999999336615e-05,20.0,0.0,0.1999999999999993,0.9500000000000028,176.15999999999997,0.6500000000000004,2.69,0.03,0.13,3.6000000000000227,1.0,0.0,0.0,0.0,1.3645500000000002e-18,0.14999999999999858,0.0,0.040000000000000924,0.009999999999990905,0.8200000000000074,11.0,0.8499999999999659,0.7000000000000455,0.8399999999999181,1.3200000000001637,4.0,0.0,0.0,0.0,0.0,0.0,0.0,31.5,0.0,0.5
open_2017_05_08_close_2017_05_08_flight_Fixed Wing_N550ND_before_0_189617,open_2017_05_08_close_2017_05_08_flight_Fixed Wing_N550ND_before_0_189617,623,3115,3144,0.00025819999999754373,1.8799999992324956e-05,14.0,0.0,0.0,0.23000000000000398,55.84000000000003,1.4999999999999991,0.7099999999999997,0.04,0.0,0.9000000000000341,0.9000000000000341,0.0,0.09999999999999787,0.0,1.3645500000000002e-18,0.259999999999998,0.0,0.040000000000000924,0.010000000000019327,0.4000000000000057,3.099999999999909,0.6400000000000432,0.6099999999999568,1.1199999999998909,0.25,1.0,0.0,0.0,0.0,0.0,0.0,0.0,19.700000000000045,0.0,0.0
open_2017_05_08_close_2017_05_08_flight_Fixed Wing_N550ND_before_0_189617,open_2017_05_08_close_2017_05_08_flight_Fixed Wing_N550ND_before_0_189617,624,3120,3149,0.00035030000000091377,1.170000000172422e-05,7.0,0.0,0.0,1.0699999999999932,77.41000000000003,0.3799999999999999,0.3699999999999999,0.1,0.13,2.3999999999999773,0.0,0.0,0.0,0.0,1.3645500000000002e-18,0.0,0.0,0.28000000000000114,0.020000000000010232,0.15000000000000568,43.69999999999982,0.6499999999999773,0.6100000000000136,4.829999999999927,5.540000000000191,3.0,0.0,0.0,0.0,0.0,0.0,0.0,177.2,0.0,0.5
open_2017_05_08_close_2017_05_08_flight_Fixed Wing_N550ND_before_0_189617,open_2017_05_08_close_2017_05_08_flight_Fixed Wing_N550ND_before_0_189617,625,3125,3154,0.00035160000000189484,6.510000000048421e-05,4.0,0.0,0.3000000000000007,0.060000000000002274,77.91,0.08999999999999986,5.19,0.08,0.03,1.6999999999999886,0.0999999999999659,0.0,0.0,0.0,1.3645500000000002e-18,0.030000000000001137,0.0,0.39000000000000057,0.020000000000010232,0.39000000000000057,58.30000000000018,0.6100000000000136,0.6100000000000136,3.509999999999991,1.290000000000191,2.0,0.0,0.0,0.0,0.0,0.0,0.0,19.69999999999999,0.0,0.5
open_2017_05_08_close_2017_05_08_flight_Fixed Wing_N550ND_before_0_189617,open_2017_05_08_close_2017_05_08_flight_Fixed Wing_N550ND_before_0_189617,626,3130,3159,0.0003643999999951575,1.0900000006586197e-05,4.0,0.0,0.0,0.060000000000002274,30.090000000000003,0.75,1.6,0.05,0.019999999999999997,1.6999999999999886,0.7999999999999545,0.0,0.0,0.0,1.3645500000000002e-18,0.16000000000000014,0.0,0.03000000000000025,0.06999999999999318,0.5600000000000023,10.5,0.4399999999999977,0.5,2.8700000000001182,0.25,3.0,0.0,0.0,0.0,0.0,0.0,0.0,27.5,0.0,0.5
open_2017_05_08_close_2017_05_08_flight_Fixed Wing_N550ND_before_0_189617,open_2017_05_08_close_2017_05_08_flight_Fixed Wing_N550ND_before_0_189617,627,3135,3164,0.0004001000000002364,4.8300000003109744e-05,5.0,0.0,0.0,0.10000000000000853,91.13,2.41,6.36,0.03,0.060000000000000005,0.6999999999999886,1.599999999999966,0.0,0.0,0.0,1.3645500000000002e-18,0.10999999999999943,0.0,0.020000000000000462,0.06999999999999318,0.4399999999999977,2.0,0.2300000000000182,0.3300000000000409,2.0599999999999454,0.06999999999993634,1.0,0.0,0.0,0.0,0.0,0.0,0.0,43.30000000000001,0.0,0.0
open_2017_05_08_close_2017_05_08_flight_Fixed Wing_N550ND_before_0_189617,open_2017_05_08_close_2017_05_08_flight_Fixed Wing_N550ND_before_0_189617,628,3140,3169,0.00026799999999838064,0.0002806999999904747,16.0,0.0,0.0,0.730000000000004,154.12000000000006,0.35000000000000053,1.4899999999999984,0.010000000000000002,0.28,6.100000000000023,8.300000000000011,0.0,0.0,0.0,1.3645500000000002e-18,0.0799999999999983,0.0,0.04999999999999982,0.030000000000001137,0.04999999999999716,3.700000000000273,0.12000000000000455,0.22999999999996135,1.9100000000000819,1.3099999999999454,3.0,0.0,0.0,0.0,0.0,0.0,0.0,23.600000000000023,0.0,2.5
open_2017_05_08_close_2017_05_08_flight_Fixed Wing_N550ND_before_0_189617,open_2017_05_08_close_2017_05_08_flight_Fixed Wing_N550ND_before_0_189617,629,3145,3174,8.349999999524016e-05,0.0005337999999994736,1.0,0.0,0.0,1.029999999999987,167.55999999999997,0.040000000000000036,0.5700000000000003,0.0,0.09,5.7999999999999545,7.199999999999989,0.0,0.0,0.10000000000000009,1.3645500000000002e-18,0.05000000000000071,0.0,0.11000000000000032,0.009999999999990905,0.1599999999999966,2.800000000000182,0.029999999999972715,0.13999999999998636,0.8599999999999,0.7699999999999818,0.0,0.0,0.0,0.0,0.0,0.0,0.0,27.5,0.0,0.0
open_2017_05_08_close_2017_05_08_flight_Fixed Wing_N550ND_before_0_189617,open_2017_05_08_close_2017_05_08_flight_Fixed Wing_N550ND_before_0_189617,630,3150,3179,2.1200000006160735e-05,0.0005124999999992497,7.0,0.0,0.0,0.4899999999999949,51.89999999999998,0.18999999999999995,6.94,0.09000000000000001,0.11,0.30000000000001137,3.0,0.0,0.0,0.0,1.3645500000000002e-18,0.2699999999999996,0.08999999999999986,0.07000000000000028,0.009999999999990905,0.21999999999999886,10.600000000000364,0.05000000000001137,0.0999999999999659,0.060000000000172804,0.38999999999987267,2.0,0.0,0.0,0.0,0.0,0.0,0.0,90.5,0.0,0.5
open_2017_05_08_close_2017_05_08_flight_Fixed Wing_N550ND_before_0_189617,open_2017_05_08_close_2017_05_08_flight_Fixed Wing_N550ND_before_0_189617,631,3155,3184,4.240000000521604e-05,0.000575200000000109,8.0,0.0,0.0,0.47999999999998977,196.64,0.8899999999999997,1.0799999999999996,0.05,0.04,0.39999999999997726,1.599999999999966,0.0,0.0,0.0,1.3645500000000002e-18,0.10000000000000142,0.129999999999999,0.08000000000000007,0.01999999999998181,0.020000000000010232,16.09999999999991,0.09000000000003183,0.029999999999972715,1.0399999999999636,0.11999999999989086,5.0,0.0,0.0,0.0,0.0,0.0,0.0,11.800000000000004,0.0,0.0
open_2017_05_08_close_2017_05_08_flight_Fixed Wing_N550ND_before_0_189617,open_2017_05_08_close_2017_05_08_flight_Fixed Wing_N550ND_before_0_189617,632,3160,3189,0.00014130000000278642,0.0004880000000042628,10.0,0.0,0.0,1.0700000000000074,225.63,0.23000000000000043,0.46999999999999886,0.010000000000000002,0.05,4.599999999999966,5.199999999999989,0.0,0.0,0.0,1.3645500000000002e-18,0.21000000000000085,0.0,0.16000000000000014,0.010000000000019327,0.29999999999999716,0.8000000000001819,0.05000000000001137,0.060000000000002274,0.13000000000010914,0.0500000000001819,0.0,0.0,0.0,0.0,0.0,0.0,0.0,35.400000000000034,0.0,1.0
open_2017_05_08_close_2017_05_08_flight_Fixed Wing_N550ND_before_0_189617,open_2017_05_08_close_2017_05_08_flight_Fixed Wing_N550ND_before_0_189617,633,3165,3194,0.00031079999999406027,0.0003317999999978838,1.0,0.0,0.0,2.530000000000001,25.189999999999998,0.21000000000000002,3.5400000000000027,0.05,0.06,5.199999999999989,6.199999999999989,0.0,0.09999999999999787,0.09999999999999987,1.3645500000000002e-18,0.2900000000000027,0.03999999999999915,0.0,0.01999999999998181,0.0799999999999983,0.6999999999998181,0.049999999999954525,0.060000000000002274,0.44000000000005457,0.4800000000000182,1.0,0.0,0.0,0.0,0.0,0.0,0.0,271.59999999999997,0.0,4.0
open_2017_05_08_close_2017_05_08_flight_Fixed Wing_N550ND_before_0_189617,open_2017_05_08_close_2017_05_08_flight_Fixed Wing_N550ND_before_0_189617,634,3170,3199,0.00042410000000359105,0.00013810000000091804,3.0,0.0,0.0,1.2999999999999972,70.85000000000002,0.1299999999999999,1.9800000000000004,0.03,0.12,3.700000000000017,3.5999999999999943,0.0,0.0,0.09999999999999987,1.3645500000000002e-18,0.0,0.019999999999999574,0.07000000000000028,0.029999999999972715,0.01999999999999602,7.0,0.2300000000000182,0.160000000000025,1.0900000000001455,0.13999999999987267,0.0,0.0,0.0,0.0,0.0,0.0,0.0,137.79999999999998,0.0,0.0
open_2017_05_08_close_2017_05_08_flight_Fixed Wing_N550ND_before_0_189617,open_2017_05_08_close_2017_05_08_flight_Fixed Wing_N550ND_before_0_189617,635,3175,3204,0.00047400000000408227,7.300000000043383e-05,6.0,0.0,0.0,0.39000000000000057,106.42999999999999,0.040000000000000036,0.6900000000000001,0.01,0.009999999999999995,0.5999999999999943,0.09999999999999432,0.0,0.0,0.0,1.3645500000000002e-18,0.029999999999997584,0.03999999999999915,0.040000000000000036,0.03999999999999204,0.4299999999999926,8.0,0.08999999999997499,0.10000000000002274,0.12000000000011823,0.5599999999999454,2.0,0.0,0.0,0.0,0.0,0.0,0.0,118.10000000000002,0.0,0.5
open_2017_05_08_close_2017_05_08_flight_Fixed Wing_N550ND_before_0_189617,open_2017_05_08_close_2017_05_08_flight_Fixed Wing_N550ND_before_0_189617,636,3180,3209,0.00048490000000356304,3.1599999999798456e-05,0.0,0.0,0.0,0.4299999999999926,147.92000000000002,0.29000000000000004,1.73,0.0,0.09,1.3000000000000114,0.5999999999999943,0.0,0.0,0.0,1.3645500000000002e-18,0.0,0.05000000000000071,0.019999999999999574,0.030000000000001137,0.5300000000000011,6.5,0.160000000000025,0.12999999999999545,0.7599999999999909,0.029999999999972715,2.0,0.0,0.0,0.0,0.0,0.0,0.0,165.3,0.0,0.5
open_2017_05_08_close_2017_05_08_flight_Fixed Wing_N550ND_before_0_189617,open_2017_05_08_close_2017_05_08_flight_Fixed Wing_N550ND_before_0_189617,637,3185,3214,0.000522199999998918,9.00999999942087e-05,9.0,0.0,0.0,0.14000000000000057,139.5,0.04999999999999982,3.31,0.02,0.19,1.4000000000000057,0.29999999999998295,0.0,0.0,0.0,1.3645500000000002e-18,0.0,0.0,0.07000000000000028,0.030000000000001137,0.28000000000000114,4.400000000000091,0.11000000000001364,0.12999999999999545,0.15999999999985448,0.029999999999972715,2.0,0.0,0.0,0.0,0.0,0.0,0.0,3.8999999999999773,0.0,0.0
open_2017_05_08_close_2017_05_08_flight_Fixed Wing_N550ND_before_0_189617,open_2017_05_08_close_2017_05_08_flight_Fixed Wing_N550ND_before_0_189617,638,3190,3219,0.0004636000000033391,3.429999999582378e-05,0.0,0.0,0.0,0.12999999999999545,47.82,0.1299999999999999,1.63,0.09,0.06,1.5,0.700000000000017,0.0,0.0,0.0,1.3645500000000002e-18,0.05000000000000071,0.05000000000000071,0.009999999999999787,0.009999999999990905,0.18999999999999773,0.5,0.9000000000000341,0.75,0.5099999999999909,1.0899999999999181,0.0,0.0,0.0,0.0,0.0,0.0,0.0,51.20000000000002,0.0,0.0
open_2017_05_08_close_2017_05_08_flight_Fixed Wing_N550ND_before_0_189617,open_2017_05_08_close_2017_05_08_flight_Fixed Wing_N550ND_before_0_189617,639,3195,3224,0.00044319999999942183,5.639999999118572e-05,4.0,0.0,0.0,0.21999999999999886,22.92,0.06999999999999984,0.8900000000000001,0.03,0.02,0.5999999999999943,0.5999999999999943,0.0,0.0,0.0,1.3645500000000002e-18,0.07000000000000028,0.10999999999999943,0.23000000000000043,0.009999999999990905,0.13000000000000966,8.099999999999909,0.1500000000000341,0.1500000000000341,0.9800000000000182,0.009999999999990905,2.0,0.0,0.0,0.0,0.0,0.0,0.0,43.400000000000006,0.0,0.0
open_2017_05_08_close_2017_05_08_flight_Fixed Wing_N550ND_before_0_189617,open_2017_05_08_close_2017_05_08_flight_Fixed Wing_N550ND_before_0_189617,640,3200,3229,0.0004769000000024448,9.800000000836917e-06,3.0,0.0,0.0,0.1599999999999966,10.439999999999998,0.3999999999999999,1.03,0.09999999999999999,0.13,3.0999999999999943,0.5,0.0,0.0,0.0,1.3645500000000002e-18,0.060000000000002274,0.03999999999999915,0.040000000000000036,0.0,0.060000000000002274,2.899999999999636,0.15999999999996817,0.18000000000000682,0.5499999999999545,0.01999999999998181,2.0,0.0,0.0,0.0,0.0,0.0,0.0,39.4,0.0,0.5
open_2017_05_08_close_2017_05_08_flight_Fixed Wing_N550ND_before_0_189617,open_2017_05_08_close_2017_05_08_flight_Fixed Wing_N550ND_before_0_189617,641,3205,3234,0.00042980000000625296,5.50000000032469e-06,2.0,0.0,0.0,0.14000000000000057,93.85,1.29,0.15999999999999992,0.05,0.12000000000000001,1.200000000000017,0.0,0.10000000000000142,0.0,0.0,1.3645500000000002e-18,0.0,0.10999999999999943,0.1299999999999999,0.0,0.010000000000005116,16.0,0.37000000000000455,0.36000000000001364,0.08999999999991815,0.38000000000010914,4.0,0.0,0.0,0.0,0.0,0.0,0.0,94.4,0.0,0.0
open_2017_05_08_close_2017_05_08_flight_Fixed Wing_N550ND_before_0_189617,open_2017_05_08_close_2017_05_08_flight_Fixed Wing_N550ND_before_0_189617,642,3210,3239,0.0004521000000039521,2.840000000503551e-05,2.0,0.0,0.0,0.36999999999999034,1.7199999999999989,0.8799999999999999,4.96,0.020000000000000004,0.03,0.09999999999999432,0.6999999999999886,0.10000000000000142,0.0,0.0,1.3645500000000002e-18,0.0,0.0,0.08000000000000007,0.010000000000019327,0.18999999999999773,7.0,0.2400000000000091,0.22000000000002728,0.7699999999999818,0.2300000000000182,1.0,0.0,0.0,0.0,0.0,0.0,0.0,4.0,0.0,0.5
open_2017_05_08_close_2017_05_08_flight_Fixed Wing_N550ND_before_0_189617,open_2017_05_08_close_2017_05_08_flight_Fixed Wing_N550ND_before_0_189617,643,3215,3244,0.0005093000000044867,1.1400000005323818e-05,1.0,0.0,0.0,0.6799999999999926,189.39,0.32,0.7900000000000005,0.09000000000000001,0.15000000000000002,1.8000000000000114,0.6999999999999886,0.0,0.0,0.0,1.3645500000000002e-18,0.10999999999999943,0.05000000000000071,0.03000000000000025,0.0,0.21000000000000796,19.299999999999727,0.21000000000003638,0.25,0.10000000000013642,0.2799999999999727,4.0,0.0,0.0,0.0,0.0,0.0,0.0,66.90000000000003,0.0,0.5
open_2017_05_08_close_2017_05_08_flight_Fixed Wing_N550ND_before_0_189617,open_2017_05_08_close_2017_05_08_flight_Fixed Wing_N550ND_before_0_189617,644,3220,3249,0.00047740000000118243,6.480000000408381e-05,1.0,0.0,0.0,0.01999999999999602,66.93,0.2699999999999998,4.58,1.81093e-19,0.03,1.4000000000000057,0.29999999999998295,0.0,0.0,0.0,1.3645500000000002e-18,0.0799999999999983,0.08999999999999986,0.0600000000000005,0.009999999999990905,0.07000000000000739,2.899999999999636,0.20999999999997954,0.22000000000002728,0.16000000000008185,0.4299999999998363,1.0,0.0,0.0,0.0,0.0,0.0,0.0,70.9,0.0,0.0
open_2017_05_08_close_2017_05_08_flight_Fixed Wing_N550ND_before_0_189617,open_2017_05_08_close_2017_05_08_flight_Fixed Wing_N550ND_before_0_189617,645,3225,3254,0.00043409999999965976,9.800000000836917e-06,3.0,0.0,0.0,0.5200000000000102,111.02000000000001,0.08000000000000007,0.31999999999999995,0.08,0.02,1.9000000000000057,0.19999999999998863,0.0,0.0,0.0,1.3645500000000002e-18,0.0,0.0,0.05000000000000071,0.010000000000019327,0.01999999999999602,2.699999999999818,0.18000000000000682,0.21999999999997044,0.029999999999972715,0.18000000000006366,0.0,0.0,0.0,0.0,0.0,0.0,0.0,15.800000000000011,0.0,0.0
open_2017_05_08_close_2017_05_08_flight_Fixed Wing_N550ND_before_0_189617,open_2017_05_08_close_2017_05_08_flight_Fixed Wing_N550ND_before_0_189617,646,3230,3259,0.000510699999999531,5.4700000006846494e-05,2.0,0.0,0.0,0.5300000000000011,103.13,0.6200000000000001,1.97,0.0,0.010000000000000002,0.6000000000000227,0.09999999999999432,0.0,0.0,0.0,1.3645500000000002e-18,0.030000000000001137,0.0,0.08999999999999986,0.010000000000019327,0.0,2.599999999999909,0.1199999999999477,0.12000000000000455,0.2599999999999909,0.16000000000008185,0.0,0.0,0.0,0.0,0.0,0.0,0.0,110.2,0.0,0.0
open_2017_05_08_close_2017_05_08_flight_Fixed Wing_N550ND_before_0_189617,open_2017_05_08_close_2017_05_08_flight_Fixed Wing_N550ND_before_0_189617,647,3235,3264,0.00044139999999970314,2.340000000344844e-05,0.0,0.0,0.0,0.0,0.21999999999999886,0.0,2.29,0.02,0.0,0.6999999999999886,0.10000000000002274,0.0,0.0,0.0,1.3645500000000002e-18,0.21000000000000085,0.0,0.04999999999999982,0.009999999999990905,0.1799999999999926,0.20000000000027285,0.18000000000000682,0.2400000000000091,0.07000000000016371,0.21000000000003638,1.0,0.0,0.0,0.0,0.0,0.0,0.0,70.80000000000001,0.0,0.5
open_2017_05_08_close_2017_05_08_flight_Fixed Wing_N550ND_before_0_189617,open_2017_05_08_close_2017_05_08_flight_Fixed Wing_N550ND_before_0_189617,648,3240,3269,0.0005026999999984127,5.310000000235959e-05,6.0,0.0,0.0,0.4099999999999966,83.89000000000001,0.13,1.42,0.0,0.12000000000000001,1.0,0.5,0.0,0.0,0.0,1.3645500000000002e-18,0.08999999999999986,0.0,1.5199999999999996,0.0,1.2999999999999972,88.40000000000009,0.19999999999998863,0.19999999999998863,1.3099999999999454,0.8800000000001091,1.0,0.0,0.0,0.0,0.0,0.0,0.0,74.80000000000001,0.0,0.0
open_2017_05_08_close_2017_05_08_flight_Fixed Wing_N550ND_before_0_189617,open_2017_05_08_close_2017_05_08_flight_Fixed Wing_N550ND_before_0_189617,649,3245,3274,0.0004868999999985135,6.220000000212167e-05,8.0,0.0,0.0,0.23999999999999488,34.160000000000025,1.3699999999999999,0.53,0.01,0.03,0.09999999999999432,0.30000000000001137,0.0,0.0,0.0,1.3645500000000002e-18,0.019999999999999574,0.03999999999999915,0.020000000000000018,0.0700000000000216,0.2599999999999909,26.600000000000136,0.27000000000003865,0.17000000000001592,9.210000000000036,6.380000000000109,0.0,0.0,0.0,0.0,0.0,0.0,0.0,157.5,0.0,0.5
open_2017_05_08_close_2017_05_08_flight_Fixed Wing_N550ND_before_0_189617,open_2017_05_08_close_2017_05_08_flight_Fixed Wing_N550ND_before_0_189617,650,3250,3279,0.0005280000000027485,8.100000002286833e-06,9.0,0.0,0.0,0.060000000000002274,70.46000000000015,1.3500000000000003,3.34,0.02,0.01999999999999999,1.0,0.19999999999998863,0.0,0.0,0.0,1.3645500000000002e-18,0.0,0.0,0.06000000000000005,0.030000000000001137,0.03999999999999204,8.100000000000136,0.4399999999999977,0.2400000000000091,3.9199999999998454,3.8199999999999363,1.0,0.0,0.0,0.0,0.0,0.0,0.0,279.5,0.0,0.5
open_2017_05_08_close_2017_05_08_flight_Fixed Wing_N550ND_before_0_189617,open_2017_05_08_close_2017_05_08_flight_Fixed Wing_N550ND_before_0_189617,651,3255,3284,0.0004275000000006912,2.159999999662432e-05,7.0,0.0,0.0,0.9299999999999926,15.069999999999993,0.5699999999999998,0.38,0.02,0.16,0.19999999999998863,0.09999999999999432,0.0,0.0,0.0,1.3645500000000002e-18,0.18999999999999773,0.0,0.03000000000000025,0.020000000000010232,0.04000000000000625,2.900000000000091,0.39999999999997726,0.21999999999997044,2.910000000000082,2.259999999999991,3.0,0.0,0.0,0.0,0.0,0.0,0.0,63.0,0.0,0.0
open_2017_05_08_close_2017_05_08_flight_Fixed Wing_N550ND_before_0_189617,open_2017_05_08_close_2017_05_08_flight_Fixed Wing_N550ND_before_0_189617,652,3260,3289,0.00034060000000124546,0.0002471999999897889,3.0,0.0,0.0,1.5700000000000074,22.709999999999994,0.45999999999999996,0.7900000000000027,0.03,0.07,7.5,5.199999999999989,0.0,0.0,0.0,1.3645500000000002e-18,0.030000000000001137,0.0,0.020000000000000018,0.030000000000001137,0.44999999999999574,43.700000000000045,0.5799999999999841,0.36000000000001364,1.4099999999998545,14.440000000000055,2.0,0.0,0.0,0.0,0.0,0.0,0.0,66.89999999999998,0.0,0.0
open_2017_05_08_close_2017_05_08_flight_Fixed Wing_N550ND_before_0_189617,open_2017_05_08_close_2017_05_08_flight_Fixed Wing_N550ND_before_0_189617,653,3265,3294,0.0002503999999987627,0.000423999999995317,12.0,0.0,0.0,0.6799999999999926,275.65,0.8,0.08000000000000185,0.03,0.13,9.200000000000003,6.000000000000014,0.0,0.0,0.0,1.3645500000000002e-18,0.0,0.0,0.13000000000000034,0.0,1.1799999999999997,67.20000000000005,0.6100000000000136,0.38999999999998636,7.209999999999809,1.990000000000009,0.0,0.0,0.0,0.0,0.0,0.0,0.0,31.5,0.0,0.0
open_2017_05_08_close_2017_05_08_flight_Fixed Wing_N550ND_before_0_189617,open_2017_05_08_close_2017_05_08_flight_Fixed Wing_N550ND_before_0_189617,654,3270,3299,7.899999999949614e-05,0.0005400999999949363,3.0,0.0,0.0,0.5799999999999983,28.17999999999998,1.1600000000000001,6.669999999999999,0.03,0.18000000000000002,5.200000000000003,3.200000000000003,0.0,0.0,0.0,1.3645500000000002e-18,0.1999999999999993,0.0,0.08000000000000007,0.010000000000019327,0.17999999999999972,7.5,0.7299999999999613,0.5099999999999909,2.4700000000000273,4.129999999999882,2.0,0.0,0.0,0.0,0.0,0.0,0.0,3.8999999999999773,0.0,0.5
open_2017_05_08_close_2017_05_08_flight_Fixed Wing_N550ND_before_0_189617,open_2017_05_08_close_2017_05_08_flight_Fixed Wing_N550ND_before_0_189617,655,3275,3304,6.890000000225882e-05,0.0005857999999960839,14.0,0.0,0.0,0.3100000000000023,5.220000000000027,0.35999999999999943,0.9100000000000001,0.009999999999999998,0.04,0.5,1.2999999999999972,0.0,0.0,0.0,1.3645500000000002e-18,0.19000000000000128,0.019999999999999574,0.029999999999999805,0.010000000000019327,0.030000000000001137,3.900000000000091,0.6000000000000227,0.36000000000001364,1.25,1.5,0.0,0.0,0.0,0.0,0.0,0.0,0.0,86.60000000000002,0.0,1.0
open_2017_05_08_close_2017_05_08_flight_Fixed Wing_N550ND_before_0_189617,open_2017_05_08_close_2017_05_08_flight_Fixed Wing_N550ND_before_0_189617,656,3280,3309,9.000000005698894e-06,0.0005698000000080583,11.0,0.0,0.0,0.519999999999996,19.06000000000006,0.45999999999999996,5.64,1.81093e-19,0.14,0.5999999999999943,0.7999999999999972,0.0,0.0,0.0,1.3645500000000002e-18,0.26000000000000156,0.05000000000000071,0.020000000000000018,0.009999999999990905,0.17999999999999972,10.600000000000136,0.8000000000000114,0.5399999999999636,1.509999999999991,0.0,1.0,0.0,0.0,0.0,0.0,0.0,0.0,31.500000000000057,0.0,0.0
open_2017_05_08_close_2017_05_08_flight_Fixed Wing_N550ND_before_0_189617,open_2017_05_08_close_2017_05_08_flight_Fixed Wing_N550ND_before_0_189617,657,3285,3314,0.00015539999999703014,0.0003909999999933689,3.0,0.0,0.0,1.769999999999996,75.88,0.5900000000000003,5.07,0.049999999999999996,0.12000000000000001,9.0,6.700000000000003,0.0,0.0,0.0,1.3645500000000002e-18,0.28000000000000114,0.0,0.0,0.009999999999990905,0.3200000000000003,16.09999999999991,0.6100000000000136,0.4600000000000364,2.009999999999991,0.03999999999996362,3.0,0.0,0.0,0.0,0.0,0.0,0.0,153.60000000000002,0.0,0.0
open_2017_05_08_close_2017_05_08_flight_Fixed Wing_N550ND_before_0_189617,open_2017_05_08_close_2017_05_08_flight_Fixed Wing_N550ND_before_0_189617,658,3290,3319,0.0002692999999993617,0.00023889999999937572,6.0,0.0,0.0,1.2900000000000063,43.75999999999999,0.010000000000000009,1.58,0.02,0.15000000000000002,3.900000000000002,5.100000000000001,0.0,0.0,0.0,1.3645500000000002e-18,0.10000000000000142,0.03999999999999915,0.009999999999999787,0.010000000000019327,0.10000000000000142,0.900000000000091,0.4900000000000091,0.38999999999998636,1.2100000000000364,0.11000000000012733,1.0,0.0,0.0,0.0,0.0,0.0,0.0,110.20000000000002,0.0,0.0
open_2017_05_08_close_2017_05_08_flight_Fixed Wing_N550ND_before_0_189617,open_2017_05_08_close_2017_05_08_flight_Fixed Wing_N550ND_before_0_189617,659,3295,3324,0.00028530000000159816,0.00012479999999470692,6.0,0.0,0.0,1.4400000000000048,32.72,0.41000000000000014,3.1099999999999994,0.13,0.039999999999999994,0.19999999999998863,4.4,0.10000000000000142,0.0,0.10000000000000009,1.3645500000000002e-18,0.0,0.08999999999999986,0.020000000000000018,0.0,0.259999999999998,8.299999999999955,0.57000000000005,0.4399999999999977,0.08999999999991815,0.6399999999998727,3.0,0.0,0.0,0.0,0.0,0.0,0.0,78.79999999999995,0.0,0.0
open_2017_05_08_close_2017_05_08_flight_Fixed Wing_N550ND_before_0_189617,open_2017_05_08_close_2017_05_08_flight_Fixed Wing_N550ND_before_0_189617,660,3300,3329,0.0003051999999996724,1.5000000004761205e-05,6.0,0.0,0.0,0.13000000000000256,47.25999999999999,0.6200000000000001,1.1999999999999997,0.06,0.12,3.0,2.3000000000000114,0.0,0.0,0.09999999999999987,1.3645500000000002e-18,0.07000000000000028,0.0,0.029999999999999805,0.0,0.12999999999999545,5.100000000000136,0.6899999999999977,0.5400000000000205,0.41000000000008185,0.9900000000000091,1.0,0.0,0.0,0.0,0.0,0.0,0.0,137.79999999999995,0.0,0.0
open_2017_05_08_close_2017_05_08_flight_Fixed Wing_N550ND_before_0_189617,open_2017_05_08_close_2017_05_08_flight_Fixed Wing_N550ND_before_0_189617,661,3305,3334,0.00022260000000073887,3.7100000000123146e-05,16.0,0.0,0.0,0.45000000000000284,29.99000000000001,0.42999999999999994,4.36,0.05,0.04,3.6999999999999886,0.19999999999998863,0.0,0.0,0.0,1.3645500000000002e-18,0.3099999999999987,0.019999999999999574,0.03000000000000025,0.009999999999990905,0.0800000000000054,0.20000000000004547,0.5199999999999818,0.4200000000000159,0.15000000000009095,0.07999999999992724,2.0,0.0,0.0,0.0,0.0,0.0,0.0,82.70000000000005,0.0,0.0
open_2017_05_08_close_2017_05_08_flight_Fixed Wing_N550ND_before_0_189617,open_2017_05_08_close_2017_05_08_flight_Fixed Wing_N550ND_before_0_189617,662,3310,3339,0.0002691999999981931,1.7100000007985727e-05,4.0,0.0,0.0,0.0799999999999983,132.53999999999996,0.55,2.55,0.1,0.21000000000000002,0.8999999999999773,0.0,0.0,0.0,0.0,1.3645500000000002e-18,0.16000000000000014,0.0,0.040000000000000036,0.009999999999990905,0.12000000000000455,2.699999999999818,0.5199999999999818,0.4200000000000159,0.9900000000000091,0.2400000000000091,1.0,0.0,0.0,0.0,0.0,0.0,0.0,63.0,0.0,0.0
open_2017_05_08_close_2017_05_08_flight_Fixed Wing_N550ND_before_0_189617,open_2017_05_08_close_2017_05_08_flight_Fixed Wing_N550ND_before_0_189617,663,3315,3344,0.00031200000000097816,1.3400000000274304e-05,2.0,0.0,0.0,0.07000000000000028,95.65999999999997,0.52,2.05,0.01,0.12,0.6999999999999886,0.30000000000001137,0.0,0.0,0.0,1.3645500000000002e-18,0.16000000000000014,0.0,0.040000000000000036,0.020000000000010232,0.030000000000001137,0.7000000000000455,0.4900000000000091,0.37000000000000455,0.849999999999909,0.7400000000000091,1.0,0.0,0.0,0.0,0.0,0.0,0.0,0.0,0.0,0.5
open_2017_05_08_close_2017_05_08_flight_Fixed Wing_N550ND_before_0_189617,open_2017_05_08_close_2017_05_08_flight_Fixed Wing_N550ND_before_0_189617,664,3320,3349,0.00023949999999928195,5.9199999995485086e-05,8.0,0.0,0.0,0.36999999999999744,1.4799999999999613,0.6699999999999999,3.95,0.060000000000000005,0.0,1.8999999999999773,0.19999999999998863,0.0,0.0,0.0,1.3645500000000002e-18,0.0,0.0,0.009999999999999787,0.030000000000001137,0.14999999999999858,4.5,0.46999999999997044,0.37999999999999545,0.9700000000000273,0.5299999999999727,2.0,0.0,0.0,0.0,0.0,0.0,0.0,59.0,0.0,0.0
open_2017_05_08_close_2017_05_08_flight_Fixed Wing_N550ND_before_0_189617,open_2017_05_08_close_2017_05_08_flight_Fixed Wing_N550ND_before_0_189617,665,3325,3354,0.0002364999999997508,2.8599999993161873e-05,6.0,0.0,0.0,0.03999999999999915,15.060000000000002,0.5399999999999999,1.45,0.06,0.13,0.30000000000001137,0.5,0.0,0.09999999999999787,0.0,1.3645500000000002e-18,0.0799999999999983,0.0,0.3999999999999999,0.009999999999990905,1.1400000000000006,63.700000000000045,0.410000000000025,0.3300000000000409,4.2999999999999545,6.099999999999909,2.0,0.0,0.0,0.0,0.0,0.0,0.0,7.900000000000034,0.0,0.0
open_2017_05_08_close_2017_05_08_flight_Fixed Wing_N550ND_before_0_189617,open_2017_05_08_close_2017_05_08_flight_Fixed Wing_N550ND_before_0_189617,666,3330,3359,0.00021830000000022665,5.700000002661909e-06,3.0,0.0,0.0,0.490000000000002,100.74000000000001,1.0799999999999998,2.56,0.01,0.09000000000000001,0.5,0.0,0.0,0.0,0.10000000000000009,1.3645500000000002e-18,0.08000000000000185,0.0,0.020000000000000018,0.030000000000001137,0.1700000000000017,12.099999999999909,0.29000000000002046,0.2599999999999909,6.579999999999927,7.5900000000001455,0.0,0.0,0.0,0.0,0.0,0.0,0.0,47.30000000000001,0.0,0.5
open_2017_05_08_close_2017_05_08_flight_Fixed Wing_N550ND_before_0_189617,open_2017_05_08_close_2017_05_08_flight_Fixed Wing_N550ND_before_0_189617,667,3335,3364,0.0002732999999963681,5.700000002661909e-06,1.0,0.0,0.0,0.39000000000000057,102.84000000000003,0.8999999999999999,1.93,0.01,0.08,0.0999999999999659,0.9000000000000341,0.0,0.09999999999999787,0.0,1.3645500000000002e-18,0.0,0.0,0.05999999999999961,0.0,0.5900000000000034,39.90000000000009,0.19999999999998863,0.21999999999997044,3.3300000000001546,3.349999999999909,0.0,0.0,0.0,0.0,0.0,0.0,0.0,59.0,0.0,0.0
open_2017_05_08_close_2017_05_08_flight_Fixed Wing_N550ND_before_0_189617,open_2017_05_08_close_2017_05_08_flight_Fixed Wing_N550ND_before_0_189617,668,3340,3369,0.00020159999999691536,1.3400000000274304e-05,5.0,0.0,0.0,0.07000000000000028,14.51000000000002,0.49,0.8900000000000001,0.06,0.07,0.19999999999998863,0.0,0.0,0.0,0.10000000000000009,1.3645500000000002e-18,0.05999999999999872,0.0,0.0,0.01999999999998181,0.20999999999999375,9.599999999999909,0.05000000000001137,0.18999999999999773,3.160000000000082,2.209999999999809,1.0,0.0,0.0,0.0,0.0,0.0,0.0,27.599999999999994,0.0,0.0
open_2017_05_08_close_2017_05_08_flight_Fixed Wing_N550ND_before_0_189617,open_2017_05_08_close_2017_05_08_flight_Fixed Wing_N550ND_before_0_189617,669,3345,3374,0.00020710000000434547,4.389999999432348e-05,8.0,0.0,0.0,0.46999999999999886,78.11,0.1599999999999997,1.68,0.01,0.030000000000000002,0.7999999999999545,0.19999999999998863,0.0,0.09999999999999787,0.19999999999999996,1.3645500000000002e-18,0.0799999999999983,0.0,0.27,0.01999999999998181,1.1700000000000017,79.10000000000014,0.0,0.12000000000000455,8.36999999999989,9.470000000000027,5.0,0.0,0.0,0.0,0.0,0.0,0.0,43.29999999999998,0.0,0.5
open_2017_05_08_close_2017_05_08_flight_Fixed Wing_N550ND_before_0_189617,open_2017_05_08_close_2017_05_08_flight_Fixed Wing_N550ND_before_0_189617,670,3350,3379,0.0002210000000033574,2.8599999993161873e-05,9.0,0.0,0.0,2.020000000000003,75.32,0.4900000000000002,0.76,0.03,0.15000000000000002,5.399999999999977,0.5999999999999659,0.3000000000000007,0.20000000000000284,2.8999999999999995,0.29999999999999993,0.10999999999999943,0.0,0.039999999999999813,0.009999999999990905,0.35999999999999943,34.19999999999993,0.11000000000001364,0.1400000000000432,58.33999999999992,42.47000000000003,3.0,0.0,0.0,0.0,0.0,0.0,0.0,173.29999999999998,0.0,0.0
open_2017_05_08_close_2017_05_08_flight_Fixed Wing_N550ND_before_0_189617,open_2017_05_08_close_2017_05_08_flight_Fixed Wing_N550ND_before_0_189617,671,3355,3384,0.00014790000000175496,5.700000002661909e-06,1.0,0.0,0.0,2.200000000000003,18.590000000000003,0.25,0.050000000000000044,0.03,0.04,0.5,0.30000000000001137,0.20000000000000284,0.20000000000000284,1.9000000000000004,1.3645500000000002e-18,0.08000000000000185,0.0,0.009999999999999787,0.03999999999999204,0.35999999999999943,19.899999999999977,0.2300000000000182,0.13999999999998636,30.710000000000036,23.309999999999945,3.0,0.0,0.0,0.0,0.0,0.0,0.0,0.0,0.0,0.5
open_2017_05_08_close_2017_05_08_flight_Fixed Wing_N550ND_before_0_189617,open_2017_05_08_close_2017_05_08_flight_Fixed Wing_N550ND_before_0_189617,672,3360,3389,0.00016130000000202926,1.3400000000274304e-05,3.0,0.0,0.1999999999999993,4.719999999999999,38.58000000000001,0.16999999999999993,0.09000000000000008,1.81093e-19,0.01,0.0999999999999659,0.19999999999998863,0.10000000000000142,0.0,0.7000000000000011,1.3645500000000002e-18,0.39000000000000057,0.0,0.009999999999999787,0.060000000000002274,0.22999999999999687,11.899999999999977,0.6299999999999955,0.37000000000000455,30.159999999999968,21.430000000000064,2.0,0.0,0.0,0.0,0.0,0.0,0.0,1.81956e-16,0.0,0.5
open_2017_05_08_close_2017_05_08_flight_Fixed Wing_N550ND_before_0_189617,open_2017_05_08_close_2017_05_08_flight_Fixed Wing_N550ND_before_0_189617,673,3365,3394,6.179999999744723e-05,2.8599999993161873e-05,1.0,0.0,0.0,1.9300000000000033,0.7699999999999996,0.3700000000000001,0.18,0.03,0.03,0.30000000000001137,1.400000000000034,0.0,0.0,0.6999999999999993,0.1,0.05000000000000071,0.0,3.880000000000001,0.06999999999999318,5.309999999999988,469.29999999999995,0.37999999999999545,0.25,96.91999999999996,62.26999999999998,6.0000000000000036,0.0,0.0,0.0,0.0,0.0,0.0,3.9,0.0,0.0
open_2017_05_08_close_2017_05_08_flight_Fixed Wing_N550ND_before_0_189617,open_2017_05_08_close_2017_05_08_flight_Fixed Wing_N550ND_before_0_189617,674,3370,3399,0.00013320000000049959,3.629999999077427e-05,2.0,0.0,0.0,3.0,19.58,0.19999999999999973,0.25,1.81093e-19,0.05,0.10000000000002274,0.19999999999998863,0.0,0.0,0.40000000000000036,1.3645500000000002e-18,0.0,0.0,0.009999999999999787,0.01999999999998181,0.3199999999999932,3.400000000000091,0.06999999999999318,0.1500000000000341,37.180000000000064,21.8599999999999,3.0,0.0,0.0,0.0,0.0,0.0,0.0,0.0,0.0,0.0
open_2017_05_08_close_2017_05_08_flight_Fixed Wing_N550ND_before_0_189617,open_2017_05_08_close_2017_05_08_flight_Fixed Wing_N550ND_before_0_189617,675,3375,3404,0.0002250000000003638,4.389999999432348e-05,0.0,0.0,0.0,2.539999999999999,30.159999999999997,0.29000000000000004,0.06,0.03,0.030000000000000002,0.30000000000001137,1.0,0.0,0.0,0.2999999999999998,1.3645500000000002e-18,0.0,0.0,0.0600000000000005,0.10000000000002274,0.5099999999999909,6.900000000000091,0.4199999999999591,0.0,12.180000000000064,8.5300000000002,1.0,0.0,0.0,0.0,0.0,0.0,0.0,1.81956e-16,0.0,0.0
open_2017_05_08_close_2017_05_08_flight_Fixed Wing_N550ND_before_0_189617,open_2017_05_08_close_2017_05_08_flight_Fixed Wing_N550ND_before_0_189617,676,3380,3409,0.0002495000000024561,1.3400000000274304e-05,28.0,0.0,0.0,0.37000000000000455,487.02000000000004,1.8399999999999999,0.6300000000000001,0.049999999999999996,0.21000000000000002,2.3999999999999773,0.4,0.0,0.0,0.3000000000000007,1.3645500000000002e-18,0.030000000000001137,0.0,0.05000000000000071,0.09000000000000341,1.009999999999991,2.099999999999909,0.6200000000000045,0.19999999999998863,5.849999999999909,4.3900000000001,1.0,0.0,0.0,0.0,0.0,0.0,0.0,82.70000000000005,0.0,1.0
open_2017_05_08_close_2017_05_08_flight_Fixed Wing_N550ND_before_0_189617,open_2017_05_08_close_2017_05_08_flight_Fixed Wing_N550ND_before_0_189617,677,3385,3414,0.00020839999999822112,6.600000006073969e-06,12.0,0.0,0.0,0.3299999999999983,39.23000000000002,0.3100000000000005,1.8800000000000003,0.13,0.019999999999999997,3.1000000000000227,359.4,0.10000000000000142,0.0,0.20000000000000018,1.3645500000000002e-18,0.23999999999999844,0.0,0.0,0.03999999999999204,0.9200000000000017,0.5,0.7200000000000273,0.37000000000000455,2.380000000000109,2.0900000000001455,1.0,0.0,0.0,0.0,0.0,0.0,0.0,11.800000000000068,0.0,0.5
open_2017_05_08_close_2017_05_08_flight_Fixed Wing_N550ND_before_0_189617,open_2017_05_08_close_2017_05_08_flight_Fixed Wing_N550ND_before_0_189617,678,3390,3419,0.00024739999999923157,6.209999999384763e-05,1.0,0.0,0.0,1.3399999999999963,132.51999999999998,0.23999999999999844,4.3,0.010000000000000002,0.09,0.20000000000004547,0.30000000000001137,0.0,0.0,0.09999999999999964,1.3645500000000002e-18,0.41000000000000014,0.0,0.009999999999999787,0.009999999999990905,0.12000000000000455,7.099999999999909,0.8299999999999841,0.4300000000000068,3.1000000000001364,2.5,0.0,0.0,0.0,0.0,0.0,0.0,0.0,78.69999999999999,0.0,0.0
open_2017_05_08_close_2017_05_08_flight_Fixed Wing_N550ND_before_0_189617,open_2017_05_08_close_2017_05_08_flight_Fixed Wing_N550ND_before_0_189617,679,3395,3424,0.0002969000000021538,3.079999999044958e-05,12.0,0.0,0.0,0.1599999999999966,120.19999999999999,0.03999999999999915,0.25999999999999995,0.05,0.0,0.19999999999998863,0.7000000000000455,0.0,0.0,0.09999999999999964,1.3645500000000002e-18,0.05000000000000071,0.0,0.019999999999999574,0.03999999999999204,0.20000000000000284,6.5,0.8600000000000136,0.5699999999999932,1.099999999999909,1.5300000000002,3.0,0.0,0.0,0.0,0.0,0.0,0.0,67.0,0.0,0.0
open_2017_05_08_close_2017_05_08_flight_Fixed Wing_N550ND_before_0_189617,open_2017_05_08_close_2017_05_08_flight_Fixed Wing_N550ND_before_0_189617,680,3400,3429,0.00029230000000524115,7.099999990600736e-06,12.0,0.0,0.0,0.23000000000000398,54.539999999999964,0.14000000000000057,0.3899999999999997,0.049999999999999996,0.0,1.1000000000000227,0.6999999999999886,0.0,0.09999999999999787,0.0,1.3645500000000002e-18,0.08000000000000185,0.0,0.009999999999999787,0.06999999999999318,0.21999999999999886,7.0,0.8999999999999773,0.5400000000000205,0.5199999999999818,2.0399999999999636,0.0,0.0,0.0,0.0,0.0,0.0,0.0,27.5,0.0,0.0
open_2017_05_08_close_2017_05_08_flight_Fixed Wing_N550ND_before_0_189617,open_2017_05_08_close_2017_05_08_flight_Fixed Wing_N550ND_before_0_189617,681,3405,3434,0.0002991000000065469,8.999999991488039e-06,15.0,0.0,0.0,0.1599999999999966,39.75999999999999,0.0600000000000005,1.8899999999999997,0.04,0.17,1.0,0.6999999999999886,0.0,0.0,0.10000000000000009,1.3645500000000002e-18,0.0,0.0,0.040000000000000924,0.0700000000000216,0.19000000000001194,4.599999999999909,0.9499999999999886,0.6700000000000159,1.150000000000091,0.2300000000000182,1.0,0.0,0.0,0.0,0.0,0.0,0.0,55.09999999999991,0.0,0.0
open_2017_05_08_close_2017_05_08_flight_Fixed Wing_N550ND_before_0_189617,open_2017_05_08_close_2017_05_08_flight_Fixed Wing_N550ND_before_0_189617,682,3410,3439,0.0006187000000039689,8.20000001056087e-06,21.0,0.0,0.0,0.7000000000000028,37.57000000000005,0.9500000000000011,1.8599999999999999,0.03,0.11000000000000001,0.9000000000000341,0.5,0.0,0.09999999999999787,0.0,1.3645500000000002e-18,0.0,0.0,0.009999999999999787,0.13999999999998636,0.6700000000000017,2.599999999999909,1.8799999999999955,1.32000000000005,1.1900000000000546,0.39000000000010004,0.0,0.0,0.0,0.0,0.0,0.0,0.0,133.89999999999998,0.0,0.0
open_2017_05_08_close_2017_05_08_flight_Fixed Wing_N550ND_before_0_189617,open_2017_05_08_close_2017_05_08_flight_Fixed Wing_N550ND_before_0_189617,683,3415,3444,0.000256000000000256,7.400000001211993e-06,20.0,0.0,0.0,0.27000000000001023,203.74,0.23999999999999844,0.3799999999999999,0.02,0.06,0.30000000000001137,0.5,0.0,0.0,0.10000000000000009,1.3645500000000002e-18,0.240000000000002,0.0,0.2400000000000002,0.060000000000002274,0.06999999999999318,1.099999999999909,0.9699999999999704,0.7199999999999704,0.75,1.6599999999998545,1.0,0.0,0.0,0.0,0.0,0.0,0.0,43.299999999999955,0.0,0.0
open_2017_05_08_close_2017_05_08_flight_Fixed Wing_N550ND_before_0_189617,open_2017_05_08_close_2017_05_08_flight_Fixed Wing_N550ND_before_0_189617,684,3420,3449,0.00026669999999739957,3.7900000009472024e-05,19.0,0.0,0.0,0.29999999999999716,127.47000000000003,0.6900000000000013,1.9200000000000002,0.01,0.04,0.6999999999999886,0.0,0.0,0.0,0.0,1.3645500000000002e-18,0.3200000000000003,0.0,0.08999999999999986,0.05000000000001137,0.5200000000000102,11.199999999999818,0.9399999999999977,0.75,1.2100000000000364,0.36000000000012733,0.0,0.0,0.0,0.0,0.0,0.0,0.0,47.30000000000007,0.0,0.0
open_2017_05_08_close_2017_05_08_flight_Fixed Wing_N550ND_before_0_189617,open_2017_05_08_close_2017_05_08_flight_Fixed Wing_N550ND_before_0_189617,685,3425,3454,0.0002505999999939945,3.7900000009472024e-05,14.0,0.0,0.0,0.6000000000000014,46.10000000000002,1.0199999999999996,5.15,0.060000000000000005,0.09,0.5999999999999659,0.10000000000002274,0.0,0.0,0.0,1.3645500000000002e-18,0.0,0.0,0.13000000000000078,0.03999999999999204,0.18999999999999773,10.399999999999636,0.8999999999999773,0.6999999999999886,0.8800000000001091,1.0599999999999454,1.0,0.0,0.0,0.0,0.0,0.0,0.0,98.40000000000009,0.0,0.0
open_2017_05_08_close_2017_05_08_flight_Fixed Wing_N550ND_before_0_189617,open_2017_05_08_close_2017_05_08_flight_Fixed Wing_N550ND_before_0_189617,686,3430,3459,0.00029250000000047294,2.2600000008310417e-05,16.0,0.0,0.0,0.03999999999999915,12.990000000000009,0.5,1.5,0.04,0.0,1.0,0.5,0.0,0.0,0.0,1.3645500000000002e-18,0.05000000000000071,0.0,0.08999999999999986,0.040000000000020464,0.35999999999999943,1.2999999999997272,0.9000000000000341,0.7099999999999795,0.6300000000001091,0.2799999999999727,0.0,0.0,0.0,0.0,0.0,0.0,0.0,98.39999999999998,0.0,0.0
open_2017_05_08_close_2017_05_08_flight_Fixed Wing_N550ND_before_0_189617,open_2017_05_08_close_2017_05_08_flight_Fixed Wing_N550ND_before_0_189617,687,3435,3464,0.00033450000000101454,3.1599999999798456e-05,6.0,0.0,0.0,0.269999999999996,69.92000000000007,0.09999999999999964,0.9899999999999998,0.019999999999999997,0.02,0.4000000000000341,0.19999999999998863,0.0,0.0,0.09999999999999987,1.3645500000000002e-18,0.1599999999999966,0.0,0.09999999999999964,0.020000000000010232,0.23000000000000398,8.099999999999909,0.8799999999999955,0.6800000000000068,0.5700000000001637,0.20000000000004547,1.0,0.0,0.0,0.0,0.0,0.0,0.0,74.79999999999995,0.0,0.0
open_2017_05_08_close_2017_05_08_flight_Fixed Wing_N550ND_before_0_189617,open_2017_05_08_close_2017_05_08_flight_Fixed Wing_N550ND_before_0_189617,688,3440,3469,0.0003184000000047149,2.3999999996249244e-05,16.0,0.0,0.0,0.0,106.60000000000002,0.16000000000000014,3.49,0.010000000000000002,0.06,0.6999999999999886,0.30000000000001137,0.0,0.0,0.09999999999999987,1.3645500000000002e-18,0.10000000000000142,0.0,0.1899999999999995,0.0,0.7400000000000091,4.900000000000091,0.8799999999999955,0.7400000000000091,0.7599999999999909,0.23999999999978172,1.0,0.0,0.0,0.0,0.0,0.0,0.0,4.0,0.0,0.0
open_2017_05_08_close_2017_05_08_flight_Fixed Wing_N550ND_before_0_189617,open_2017_05_08_close_2017_05_08_flight_Fixed Wing_N550ND_before_0_189617,689,3445,3474,0.00028710000000131686,5.2299999993010715e-05,14.0,0.0,0.0,0.46000000000000796,77.45999999999992,1.9799999999999995,3.09,0.02,0.03,0.19999999999998863,0.20000000000004547,0.0,0.0,0.0,1.3645500000000002e-18,0.0,0.0,0.7900000000000009,0.010000000000019327,1.4299999999999926,2.5,0.7700000000000387,0.6399999999999864,0.9399999999998272,0.41000000000008185,3.0,0.0,0.0,0.0,0.0,0.0,0.0,200.80000000000007,0.0,0.5
open_2017_05_08_close_2017_05_08_flight_Fixed Wing_N550ND_before_0_189617,open_2017_05_08_close_2017_05_08_flight_Fixed Wing_N550ND_before_0_189617,690,3450,3479,0.0003664000000043188,2.559999998652529e-05,5.0,0.0,0.0,0.6599999999999966,215.17999999999998,0.0,2.13,0.02,0.12,0.8999999999999773,0.30000000000001137,0.0,0.0,0.09999999999999987,1.3645500000000002e-18,0.16000000000000014,0.0,0.5999999999999996,0.01999999999998181,0.11999999999999034,73.19999999999982,0.8199999999999932,0.7399999999999523,3.0799999999999272,3.9700000000000273,1.0,0.0,0.0,0.0,0.0,0.0,0.0,98.49999999999999,0.0,0.0
open_2017_05_08_close_2017_05_08_flight_Fixed Wing_N550ND_before_0_189617,open_2017_05_08_close_2017_05_08_flight_Fixed Wing_N550ND_before_0_189617,691,3455,3484,0.0002990000000053783,2.0200000008685493e-05,3.0,0.0,0.0,0.5999999999999943,80.14000000000001,0.55,1.1099999999999999,0.0,0.08,0.7999999999999545,0.9000000000000341,0.0,0.0,0.0,1.3645500000000002e-18,0.21999999999999886,0.0,0.15999999999999925,0.03999999999999204,0.0899999999999892,15.599999999999909,0.6200000000000045,0.5600000000000023,3.3099999999999454,0.049999999999954525,1.0,0.0,0.0,0.0,0.0,0.0,0.0,51.19999999999999,0.0,0.0
open_2017_05_08_close_2017_05_08_flight_Fixed Wing_N550ND_before_0_189617,open_2017_05_08_close_2017_05_08_flight_Fixed Wing_N550ND_before_0_189617,692,3460,3489,0.00030799999999686634,2.099999998961266e-05,3.0,0.0,0.0,0.1799999999999926,37.58,0.009999999999999787,1.5,0.03,0.02,0.8000000000000114,0.0999999999999659,0.0,0.0,0.10000000000000009,1.3645500000000002e-18,0.0,0.0,0.04999999999999982,0.05000000000001137,0.06999999999999318,1.2999999999997272,0.40999999999996817,0.5099999999999909,0.7799999999999727,0.9200000000000728,1.0,0.0,0.0,0.0,0.0,0.0,0.0,19.69999999999999,0.0,0.0
open_2017_05_08_close_2017_05_08_flight_Fixed Wing_N550ND_before_0_189617,open_2017_05_08_close_2017_05_08_flight_Fixed Wing_N550ND_before_0_189617,693,3465,3494,0.0003055999999972414,5.52999999996473e-05,2.0,0.0,0.0,0.3200000000000074,44.97,0.04999999999999982,1.33,0.03,0.05,0.9000000000000341,0.10000000000002274,0.0,0.09999999999999787,0.0,1.3645500000000002e-18,0.129999999999999,0.0,0.0699999999999994,0.05000000000001137,0.14000000000000057,4.899999999999636,0.28000000000002956,0.40999999999996817,1.3199999999999363,0.4600000000000364,1.0,0.0,0.0,0.0,0.0,0.0,0.0,11.8,0.0,0.0
open_2017_05_08_close_2017_05_08_flight_Fixed Wing_N550ND_before_0_189617,open_2017_05_08_close_2017_05_08_flight_Fixed Wing_N550ND_before_0_189617,694,3470,3499,0.0002955000000000041,3.1599999999798456e-05,9.0,0.0,0.0,0.37000000000000455,191.41,0.33000000000000007,2.5700000000000003,0.0,0.0,0.5999999999999659,0.10000000000002274,0.0,0.0,0.0,1.3645500000000002e-18,0.05999999999999872,0.08999999999999986,0.04999999999999982,0.030000000000001137,0.14999999999999147,10.100000000000364,0.17000000000001592,0.32000000000005,2.0,1.0299999999999727,2.0,0.0,0.0,0.0,0.0,0.0,0.0,3.8999999999999915,0.0,0.0
open_2017_05_08_close_2017_05_08_flight_Fixed Wing_N550ND_before_0_189617,open_2017_05_08_close_2017_05_08_flight_Fixed Wing_N550ND_before_0_189617,695,3475,3504,0.00029299999999921056,4.5999999997548e-05,6.0,0.0,0.0,0.4900000000000091,88.97999999999999,0.4900000000000002,2.99,0.04,0.08,2.3000000000000114,0.0,0.10000000000000142,0.0,0.0,1.3645500000000002e-18,0.019999999999999574,0.08999999999999986,0.0,0.009999999999990905,0.20000000000000284,4.0,0.08000000000004093,0.2400000000000091,0.5199999999999818,0.2400000000000091,0.0,0.0,0.0,0.0,0.0,0.0,0.0,224.4,0.0,0.0
open_2017_05_08_close_2017_05_08_flight_Fixed Wing_N550ND_before_0_189617,open_2017_05_08_close_2017_05_08_flight_Fixed Wing_N550ND_before_0_189617,696,3480,3509,0.0003219000000029837,2.3099999992837184e-05,10.0,0.0,0.0,0.8900000000000006,73.42999999999995,0.6399999999999997,2.01,0.03,0.07,0.19999999999998863,1.1999999999999886,0.10000000000000142,0.0,0.0,1.3645500000000002e-18,0.08000000000000185,0.16000000000000014,0.11000000000000032,0.010000000000019327,0.25,1.900000000000091,0.009999999999990905,0.08999999999997499,1.4199999999998454,0.09000000000014552,2.0,0.0,0.0,0.0,0.0,0.0,0.0,94.40000000000003,0.0,0.0
open_2017_05_08_close_2017_05_08_flight_Fixed Wing_N550ND_before_0_189617,open_2017_05_08_close_2017_05_08_flight_Fixed Wing_N550ND_before_0_189617,697,3485,3514,0.0002820999999997298,6.0000000004833964e-05,6.0,0.0,0.0,0.3499999999999943,202.41,0.07000000000000006,0.18999999999999995,0.009999999999999998,0.0,0.30000000000001137,0.0,0.0,0.0,0.10000000000000009,1.3645500000000002e-18,0.17999999999999972,0.05000000000000071,0.03000000000000025,0.0,0.09000000000000341,3.699999999999818,0.0,0.03999999999996362,0.7599999999999909,0.5,0.0,0.0,0.0,0.0,0.0,0.0,0.0,47.30000000000001,0.0,0.0
open_2017_05_08_close_2017_05_08_flight_Fixed Wing_N550ND_before_0_189617,open_2017_05_08_close_2017_05_08_flight_Fixed Wing_N550ND_before_0_189617,698,3490,3519,0.0002805000000023483,5.070000000273467e-05,7.0,0.0,0.0,0.6200000000000045,61.5,0.15000000000000013,1.1400000000000001,0.04,0.0,1.5,0.19999999999998863,0.0,0.0,0.0,1.3645500000000002e-18,0.019999999999999574,0.0,0.20000000000000018,0.0,0.10999999999999943,2.5,0.08999999999997499,0.05000000000001137,0.14000000000010004,0.7699999999999818,1.0,0.0,0.0,0.0,0.0,0.0,0.0,11.800000000000011,0.0,0.0
open_2017_05_08_close_2017_05_08_flight_Fixed Wing_N550ND_before_0_189617,open_2017_05_08_close_2017_05_08_flight_Fixed Wing_N550ND_before_0_189617,699,3495,3524,0.0003359999999972274,1.0099999997237319e-05,6.0,0.0,0.0,0.44000000000001194,30.039999999999964,0.51,2.76,0.0,0.07,1.1999999999999886,0.30000000000001137,0.0,0.0,0.0,1.3645500000000002e-18,0.0,0.030000000000001137,0.040000000000000036,0.020000000000010232,0.04000000000000625,1.599999999999909,0.060000000000002274,0.01999999999998181,0.15000000000009095,0.14999999999986358,0.0,0.0,0.0,0.0,0.0,0.0,0.0,66.89999999999998,0.0,0.0
open_2017_05_08_close_2017_05_08_flight_Fixed Wing_N550ND_before_0_189617,open_2017_05_08_close_2017_05_08_flight_Fixed Wing_N550ND_before_0_189617,700,3500,3529,0.0003565000000023133,5.509999999731008e-05,1.0,0.0,0.0,0.20000000000000284,146.32,0.10000000000000009,0.43000000000000016,0.049999999999999996,0.01,1.3000000000000114,0.7000000000000455,0.0,0.0,0.10000000000000009,1.3645500000000002e-18,0.129999999999999,0.060000000000002274,0.009999999999999787,0.03999999999999204,0.06999999999999318,9.799999999999727,0.1400000000000432,0.06999999999999318,0.03999999999996362,0.17000000000007276,2.0,0.0,0.0,0.0,0.0,0.0,0.0,23.6,0.0,0.0
open_2017_05_08_close_2017_05_08_flight_Fixed Wing_N550ND_before_0_189617,open_2017_05_08_close_2017_05_08_flight_Fixed Wing_N550ND_before_0_189617,701,3505,3534,0.00033109999999680895,2.200000000129876e-05,2.0,0.0,0.0,0.23999999999999488,88.55000000000001,0.1200000000000001,1.6600000000000001,0.05,0.09,0.5999999999999659,0.10000000000002274,0.0,0.0,0.0,1.3645500000000002e-18,0.23999999999999844,0.04999999999999716,0.0600000000000005,0.030000000000001137,0.14000000000000057,3.600000000000364,0.13999999999998636,0.11000000000001364,0.2799999999999727,0.39000000000010004,2.0,0.0,0.0,0.0,0.0,0.0,0.0,11.800000000000011,0.0,0.0
open_2017_05_08_close_2017_05_08_flight_Fixed Wing_N550ND_before_0_189617,open_2017_05_08_close_2017_05_08_flight_Fixed Wing_N550ND_before_0_189617,702,3510,3539,0.000301999999997804,6.190000000572127e-05,2.0,0.0,0.1999999999999993,0.14000000000000057,53.33000000000001,0.040000000000000036,0.25,0.03,0.11,0.6999999999999886,0.19999999999998863,0.0,0.0,0.0,1.3645500000000002e-18,0.14000000000000057,0.0,0.03000000000000025,0.040000000000020464,0.03999999999999204,1.900000000000091,0.20999999999997954,0.13999999999998636,0.009999999999990905,0.13000000000010914,1.0,0.0,0.0,0.0,0.0,0.0,0.0,86.7,0.0,0.0
open_2017_05_08_close_2017_05_08_flight_Fixed Wing_N550ND_before_0_189617,open_2017_05_08_close_2017_05_08_flight_Fixed Wing_N550ND_before_0_189617,703,3515,3544,0.00039569999999855554,6.109999999637239e-05,2.0,0.0,0.0,0.4100000000000108,56.6,0.08999999999999986,0.07000000000000006,0.04,0.05,1.400000000000034,0.10000000000002274,0.0,0.09999999999999787,0.0,1.3645500000000002e-18,0.0,0.0400000000000027,0.019999999999999574,0.040000000000020464,0.01999999999999602,4.900000000000091,0.2300000000000182,0.15999999999996817,0.4099999999998545,0.12000000000011823,0.0,0.0,0.0,0.0,0.0,0.0,0.0,86.6,0.0,0.0
open_2017_05_08_close_2017_05_08_flight_Fixed Wing_N550ND_before_0_189617,open_2017_05_08_close_2017_05_08_flight_Fixed Wing_N550ND_before_0_189617,704,3520,3549,0.0003168999999942912,2.9699999998911153e-05,6.0,0.0,0.0,0.269999999999996,60.85000000000002,0.6400000000000001,0.8600000000000003,0.0,0.05,0.7000000000000455,0.4000000000000341,0.0,0.0,0.0,1.3645500000000002e-18,0.029999999999997584,0.0,0.04999999999999982,0.040000000000020464,0.44000000000001194,11.199999999999818,0.20999999999997954,0.17999999999994998,0.01999999999998181,0.3500000000001364,0.0,0.0,0.0,0.0,0.0,0.0,0.0,102.30000000000001,0.0,0.0
open_2017_05_08_close_2017_05_08_flight_Fixed Wing_N550ND_before_0_189617,open_2017_05_08_close_2017_05_08_flight_Fixed Wing_N550ND_before_0_189617,705,3525,3554,0.00033439999999984593,9.200000008036113e-06,2.0,0.0,0.0,0.269999999999996,22.91,0.44000000000000017,0.07999999999999999,0.0,0.019999999999999997,0.0,0.30000000000001137,0.0,0.0,0.10000000000000009,1.3645500000000002e-18,0.030000000000001137,0.0400000000000027,0.04999999999999982,0.020000000000010232,0.13000000000000966,3.299999999999727,0.18999999999999773,0.12000000000000455,0.33999999999991815,0.25,1.0,0.0,0.0,0.0,0.0,0.0,0.0,7.900000000000006,0.0,0.0
open_2017_05_08_close_2017_05_08_flight_Fixed Wing_N550ND_before_0_189617,open_2017_05_08_close_2017_05_08_flight_Fixed Wing_N550ND_before_0_189617,706,3530,3559,0.0002785000000002924,1.0099999997237319e-05,1.0,0.0,0.0,0.07000000000000739,25.52,0.020000000000000018,0.010000000000000009,0.01,0.03,0.10000000000002274,0.0,0.0,0.09999999999999787,0.10000000000000009,1.3645500000000002e-18,0.060000000000002274,0.0400000000000027,0.040000000000000036,0.030000000000001137,0.009999999999990905,0.5,0.21999999999997044,0.20999999999997954,0.19000000000005457,0.6600000000000819,1.0,0.0,0.0,0.0,0.0,0.0,0.0,27.60000000000001,0.0,0.0
open_2017_05_08_close_2017_05_08_flight_Fixed Wing_N550ND_before_0_189617,open_2017_05_08_close_2017_05_08_flight_Fixed Wing_N550ND_before_0_189617,707,3535,3564,0.0006430999999977871,2.6099999999473766e-05,0.0,0.0,0.0,0.4099999999999966,30.750000000000004,0.029999999999999805,0.55,0.0,0.03,0.0999999999999659,0.5,0.0,0.0,0.0,1.3645500000000002e-18,0.11000000000000298,0.0,0.020000000000000462,0.03999999999999204,0.04999999999999716,1.599999999999909,0.4000000000000341,0.3199999999999932,0.9600000000000364,0.5599999999999454,0.0,0.0,0.0,0.0,0.0,0.0,0.0,0.0,0.0,0.5
open_2017_05_08_close_2017_05_08_flight_Fixed Wing_N550ND_before_0_189617,open_2017_05_08_close_2017_05_08_flight_Fixed Wing_N550ND_before_0_189617,708,3540,3569,0.0003833999999969251,2.6099999999473766e-05,3.0,0.0,0.0,0.1700000000000017,108.54,0.28000000000000025,0.32000000000000006,0.01,0.02,0.0,0.39999999999997726,0.0,0.09999999999999787,0.10000000000000009,1.3645500000000002e-18,0.0,0.0400000000000027,0.040000000000000036,0.010000000000019327,0.13000000000000966,5.100000000000364,0.20999999999997954,0.13999999999998636,0.2600000000002183,0.7799999999999727,0.0,0.0,0.0,0.0,0.0,0.0,0.0,3.9000000000000057,0.0,0.0
open_2017_05_08_close_2017_05_08_flight_Fixed Wing_N550ND_before_0_189617,open_2017_05_08_close_2017_05_08_flight_Fixed Wing_N550ND_before_0_189617,709,3545,3574,0.0002665000000021678,7.99000000029082e-05,4.0,0.0,0.0,1.0300000000000011,175.3,0.2599999999999998,3.129999999999999,0.04,0.08,7.899999999999977,6.699999999999989,0.0,0.0,0.0,1.3645500000000002e-18,0.14000000000000057,0.019999999999999574,0.09999999999999964,0.03999999999999204,0.0799999999999983,8.400000000000091,0.19999999999998863,0.20999999999997954,1.0,0.36999999999989086,2.0,0.0,0.0,0.0,0.0,0.0,0.0,19.69999999999999,0.0,3.5
open_2017_05_08_close_2017_05_08_flight_Fixed Wing_N550ND_before_0_189617,open_2017_05_08_close_2017_05_08_flight_Fixed Wing_N550ND_before_0_189617,710,3550,3579,0.0001413999999968496,0.0004057000000017297,0.0,0.0,0.0,1.730000000000004,106.85,1.45,6.650000000000002,0.05,0.010000000000000009,9.199999999999989,8.199999999999989,0.0,0.0,0.0,1.3645500000000002e-18,0.0,0.03999999999999915,0.03999999999999915,0.030000000000001137,0.46999999999999886,4.5,0.16999999999995907,0.21999999999997044,0.0,0.5399999999999636,0.0,0.0,0.0,0.0,0.0,0.0,0.0,141.70000000000002,0.0,0.0
open_2017_05_08_close_2017_05_08_flight_Fixed Wing_N550ND_before_0_189617,open_2017_05_08_close_2017_05_08_flight_Fixed Wing_N550ND_before_0_189617,711,3555,3584,1.529999999405618e-05,0.0006225999999998066,1.0,0.0,0.0,1.75,75.24,0.09999999999999998,4.520000000000001,0.0,0.01,3.8000000000000114,4.5,0.10000000000000142,0.0,0.10000000000000009,1.3645500000000002e-18,0.370000000000001,0.04999999999999716,0.09000000000000075,0.03999999999999204,0.5300000000000011,2.899999999999636,0.19999999999998863,0.17000000000001592,0.07000000000016371,0.5899999999999181,0.0,0.0,0.0,0.0,0.0,0.0,0.0,35.400000000000006,0.0,0.0
open_2017_05_08_close_2017_05_08_flight_Fixed Wing_N550ND_before_0_189617,open_2017_05_08_close_2017_05_08_flight_Fixed Wing_N550ND_before_0_189617,712,3560,3589,6.319999999959691e-05,0.0006064999999892962,4.0,0.0,0.0,0.5400000000000063,43.31,0.07999999999999985,0.24,0.039999999999999994,0.07,0.8000000000000114,0.6999999999999886,0.0,0.0,0.10000000000000009,1.3645500000000002e-18,0.26000000000000156,0.14000000000000057,0.03000000000000025,0.020000000000010232,0.21999999999999886,3.0,0.060000000000002274,0.08999999999997499,0.3999999999998636,0.5399999999999636,1.0,0.0,0.0,0.0,0.0,0.0,0.0,66.9,0.0,0.5
open_2017_05_08_close_2017_05_08_flight_Fixed Wing_N550ND_before_0_189617,open_2017_05_08_close_2017_05_08_flight_Fixed Wing_N550ND_before_0_189617,713,3565,3594,0.00014009999999586853,0.0005590999999895985,4.0,0.0,0.0,0.27000000000001023,142.56000000000003,0.5800000000000001,5.810000000000002,0.0,0.10999999999999999,4.5,3.8000000000000114,0.0,0.0,0.0,1.3645500000000002e-18,0.0,0.08999999999999986,0.03000000000000025,0.009999999999990905,0.3500000000000085,1.699999999999818,0.040000000000020464,0.06999999999999318,0.15000000000009095,0.43000000000006366,1.0,0.0,0.0,0.0,0.0,0.0,0.0,220.49999999999997,0.0,1.0
open_2017_05_08_close_2017_05_08_flight_Fixed Wing_N550ND_before_0_189617,open_2017_05_08_close_2017_05_08_flight_Fixed Wing_N550ND_before_0_189617,714,3570,3599,0.0003760000000028185,0.0004768000000012762,8.0,0.0,0.0,0.9399999999999977,15.189999999999998,0.7700000000000005,1.8599999999999994,0.02,0.04000000000000001,6.599999999999994,6.800000000000011,0.0,0.0,0.0,1.3645500000000002e-18,0.46999999999999886,0.08999999999999986,0.1299999999999999,0.0,0.10999999999999943,4.099999999999909,0.11000000000001364,0.17000000000001592,0.8800000000001091,0.6700000000000728,1.0,0.0,0.0,0.0,0.0,0.0,0.0,181.10000000000002,0.0,3.0
open_2017_05_08_close_2017_05_08_flight_Fixed Wing_N550ND_before_0_189617,open_2017_05_08_close_2017_05_08_flight_Fixed Wing_N550ND_before_0_189617,715,3575,3604,0.0004443999999992343,0.00017299999998954263,3.0,0.0,0.1999999999999993,1.269999999999996,49.28,0.6399999999999999,5.890000000000001,0.0,0.019999999999999997,4.199999999999989,4.199999999999989,0.0,0.0,0.0,1.3645500000000002e-18,0.0,0.05000000000000071,0.040000000000000036,0.009999999999990905,0.01999999999999602,4.400000000000091,0.12999999999999545,0.17000000000001592,0.049999999999954525,0.049999999999954525,2.0,0.0,0.0,0.0,0.0,0.0,0.0,27.599999999999966,0.0,1.0
open_2017_05_08_close_2017_05_08_flight_Fixed Wing_N550ND_before_0_189617,open_2017_05_08_close_2017_05_08_flight_Fixed Wing_N550ND_before_0_189617,716,3580,3609,0.00044850000000451473,6.729999999777192e-05,7.0,0.0,0.0,0.9000000000000057,39.660000000000025,0.54,0.07000000000000006,0.0,0.019999999999999997,0.5999999999999943,0.4000000000000057,0.0,0.0,0.10000000000000009,1.3645500000000002e-18,0.0,0.03999999999999915,0.040000000000000036,0.010000000000019327,0.28999999999999204,5.0,0.12999999999999545,0.14999999999997726,0.0500000000001819,0.08999999999991815,1.0,0.0,0.0,0.0,0.0,0.0,0.0,106.30000000000001,0.0,0.0
open_2017_05_08_close_2017_05_08_flight_Fixed Wing_N550ND_before_0_189617,open_2017_05_08_close_2017_05_08_flight_Fixed Wing_N550ND_before_0_189617,717,3585,3614,0.0004441000000028339,5.4700000006846494e-05,4.0,0.0,0.0,0.3299999999999983,6.689999999999998,0.16999999999999993,0.08000000000000007,0.0,0.02,0.6000000000000227,0.5,0.0,0.0,0.0,1.3645500000000002e-18,0.10000000000000142,0.0,0.1299999999999999,0.009999999999990905,0.0899999999999892,2.5,0.2300000000000182,0.21999999999997044,0.6600000000000819,0.08000000000015461,0.0,0.0,0.0,0.0,0.0,0.0,0.0,0.0,0.0,0.5
open_2017_05_08_close_2017_05_08_flight_Fixed Wing_N550ND_before_0_189617,open_2017_05_08_close_2017_05_08_flight_Fixed Wing_N550ND_before_0_189617,718,3590,3619,0.00048170000000169466,8.200000000613272e-05,2.0,0.0,0.0,0.14999999999999147,81.54000000000002,0.010000000000000231,1.67,0.019999999999999997,1.0849799999999998e-20,1.5,0.5,0.0,0.0,0.10000000000000009,1.3645500000000002e-18,0.0799999999999983,0.019999999999999574,0.13999999999999968,0.0,0.09999999999999432,6.200000000000273,0.03999999999996362,0.060000000000002274,0.029999999999972715,0.18000000000006366,1.0,0.0,0.0,0.0,0.0,0.0,0.0,66.9,0.0,0.0
open_2017_05_08_close_2017_05_08_flight_Fixed Wing_N550ND_before_0_189617,open_2017_05_08_close_2017_05_08_flight_Fixed Wing_N550ND_before_0_189617,719,3595,3624,0.0005383999999963862,6.429999999113534e-05,8.0,0.0,0.0,0.0899999999999892,94.62,0.03000000000000025,3.21,0.05,0.31,0.4000000000000057,0.6999999999999886,0.0,0.0,0.0,1.3645500000000002e-18,0.05000000000000071,0.019999999999999574,0.05999999999999961,0.0,0.5499999999999972,11.700000000000273,0.12999999999999545,0.13999999999998636,0.7200000000000273,1.0899999999999181,3.0,0.0,0.0,0.0,0.0,0.0,0.0,98.4,0.0,0.0
open_2017_05_08_close_2017_05_08_flight_Fixed Wing_N550ND_before_0_189617,open_2017_05_08_close_2017_05_08_flight_Fixed Wing_N550ND_before_0_189617,720,3600,3629,0.00044929999999965275,5.999999999062311e-06,4.0,0.0,0.0,0.10999999999999943,29.980000000000004,0.1499999999999999,0.91,0.030000000000000006,0.030000000000000006,1.0999999999999943,0.5999999999999943,0.0,0.0,0.0,1.3645500000000002e-18,0.0,0.0,0.03000000000000025,0.01999999999998181,0.03999999999999204,4.300000000000182,0.12999999999999545,0.11000000000001364,0.1899999999998272,0.14000000000010004,1.0,0.0,0.0,0.0,0.0,0.0,0.0,31.5,0.0,0.0
open_2017_05_08_close_2017_05_08_flight_Fixed Wing_N550ND_before_0_189617,open_2017_05_08_close_2017_05_08_flight_Fixed Wing_N550ND_before_0_189617,721,3605,3634,0.00046780000000268274,5.999999999062311e-06,1.0,0.0,0.0,0.04999999999999716,31.929999999999996,0.6800000000000002,2.02,0.010000000000000002,0.11,0.5,0.0,0.10000000000000142,0.09999999999999787,0.10000000000000009,1.3645500000000002e-18,0.05999999999999872,0.019999999999999574,0.040000000000000036,0.030000000000001137,0.07000000000000739,6.099999999999909,0.11000000000001364,0.12999999999999545,1.1800000000000637,0.049999999999954525,1.0,0.0,0.0,0.0,0.0,0.0,0.0,3.9000000000000004,0.0,0.0
open_2017_05_08_close_2017_05_08_flight_Fixed Wing_N550ND_before_0_189617,open_2017_05_08_close_2017_05_08_flight_Fixed Wing_N550ND_before_0_189617,722,3610,3639,0.0005129999999979873,3.6600000001385524e-05,2.0,0.0,0.0,0.3100000000000023,5.97999999999999,0.010000000000000231,0.75,0.0,0.03,0.5,0.4000000000000057,0.0,0.0,0.10000000000000009,1.3645500000000002e-18,0.14999999999999858,0.03999999999999915,0.019999999999999574,0.01999999999998181,0.09000000000000341,5.300000000000182,0.11000000000001364,0.10000000000002274,0.21000000000003638,0.03999999999996362,0.0,0.0,0.0,0.0,0.0,0.0,0.0,7.900000000000006,0.0,0.0
open_2017_05_08_close_2017_05_08_flight_Fixed Wing_N550ND_before_0_189617,open_2017_05_08_close_2017_05_08_flight_Fixed Wing_N550ND_before_0_189617,723,3615,3644,0.0004467999999988592,1.2900000001536682e-05,3.0,0.0,0.0,0.01999999999999602,82.35,0.16000000000000014,0.20000000000000018,0.010000000000000002,0.03,0.4000000000000057,0.20000000000001705,0.10000000000000142,0.09999999999999787,0.0,1.3645500000000002e-18,0.129999999999999,0.03999999999999915,0.07000000000000028,0.009999999999990905,0.14000000000000057,0.599999999999909,0.08000000000004093,0.10000000000002274,0.30999999999994543,0.09999999999990905,0.0,0.0,0.0,0.0,0.0,0.0,0.0,35.4,0.0,0.0
open_2017_05_08_close_2017_05_08_flight_Fixed Wing_N550ND_before_0_189617,open_2017_05_08_close_2017_05_08_flight_Fixed Wing_N550ND_before_0_189617,724,3620,3649,0.0005033999999994876,3.570000001218432e-05,1.0,0.0,0.0,0.03999999999999204,15.130000000000003,0.04999999999999982,0.6,0.019999999999999997,0.0,0.6999999999999886,0.0,0.0,0.0,0.0,1.3645500000000002e-18,0.0,0.03999999999999915,0.04999999999999982,0.009999999999990905,0.010000000000005116,0.09999999999990905,0.08999999999997499,0.0999999999999659,0.17000000000007276,0.06999999999993634,0.0,0.0,0.0,0.0,0.0,0.0,0.0,15.800000000000004,0.0,0.0
open_2017_05_08_close_2017_05_08_flight_Fixed Wing_N550ND_before_0_189617,open_2017_05_08_close_2017_05_08_flight_Fixed Wing_N550ND_before_0_189617,725,3625,3654,0.00045630000000329574,1.8499999995924554e-05,0.0,0.0,0.0,0.10999999999999943,13.41,0.3700000000000001,0.4,0.010000000000000002,0.05,0.4000000000000057,0.19999999999998863,0.0,0.0,0.0,1.3645500000000002e-18,0.04999999999999716,0.03999999999999915,0.08000000000000007,0.0,0.28999999999999204,3.599999999999909,0.06999999999999318,0.12999999999999545,0.4800000000000182,0.10999999999989996,1.0,0.0,0.0,0.0,0.0,0.0,0.0,78.7,0.0,0.0
open_2017_05_08_close_2017_05_08_flight_Fixed Wing_N550ND_before_0_189617,open_2017_05_08_close_2017_05_08_flight_Fixed Wing_N550ND_before_0_189617,726,3630,3659,0.0005091000000021495,3.460000000643504e-05,2.0,0.0,0.0,0.3100000000000023,17.720000000000006,0.25,0.72,0.02,0.02,0.6999999999999886,0.0,0.10000000000000142,0.0,0.0,1.3645500000000002e-18,0.0799999999999983,0.0,0.040000000000000036,0.009999999999990905,0.0799999999999983,1.699999999999818,0.05000000000001137,0.07999999999998408,0.03999999999996362,0.20000000000004547,1.0,0.0,0.0,0.0,0.0,0.0,0.0,55.099999999999994,0.0,0.0
open_2017_05_08_close_2017_05_08_flight_Fixed Wing_N550ND_before_0_189617,open_2017_05_08_close_2017_05_08_flight_Fixed Wing_N550ND_before_0_189617,727,3635,3664,0.0005237999999962994,3.409999999348656e-05,2.0,0.0,0.0,0.3299999999999983,51.53999999999999,1.04,1.8200000000000003,0.02,0.060000000000000005,1.0999999999999943,0.4000000000000057,0.0,0.0,0.0,1.3645500000000002e-18,0.05000000000000071,0.10999999999999943,0.019999999999999574,0.0,0.1599999999999966,6.399999999999636,0.060000000000002274,0.12000000000000455,0.2599999999999909,0.07000000000016371,3.0,0.0,0.0,0.0,0.0,0.0,0.0,63.0,0.0,0.0
open_2017_05_08_close_2017_05_08_flight_Fixed Wing_N550ND_before_0_189617,open_2017_05_08_close_2017_05_08_flight_Fixed Wing_N550ND_before_0_189617,728,3640,3669,0.0004966000000052873,3.409999999348656e-05,2.0,0.0,0.0,0.1600000000000108,74.18,1.04,3.16,0.019999999999999997,0.03,0.9000000000000057,0.09999999999999432,0.0,0.0,0.10000000000000009,1.3645500000000002e-18,0.17999999999999972,0.0,0.0600000000000005,0.009999999999990905,0.12999999999999545,9.199999999999818,0.11000000000001364,0.05000000000001137,0.540000000000191,0.009999999999990905,2.0,0.0,0.0,0.0,0.0,0.0,0.0,55.099999999999994,0.0,0.0
open_2017_05_08_close_2017_05_08_flight_Fixed Wing_N550ND_before_0_189617,open_2017_05_08_close_2017_05_08_flight_Fixed Wing_N550ND_before_0_189617,729,3645,3674,0.0004655000000042264,2.7999999900885086e-06,4.0,0.0,0.0,0.0,21.430000000000007,0.09999999999999964,2.24,0.06,0.010000000000000002,0.799999999999983,0.09999999999999432,0.10000000000000142,0.0,0.10000000000000009,1.3645500000000002e-18,0.0,0.019999999999999574,0.03000000000000025,0.009999999999990905,0.1799999999999926,9.0,0.09000000000003183,0.12000000000000455,0.049999999999954525,0.4900000000000091,1.0,0.0,0.0,0.0,0.0,0.0,0.0,47.19999999999999,0.0,0.0
open_2017_05_08_close_2017_05_08_flight_Fixed Wing_N550ND_before_0_189617,open_2017_05_08_close_2017_05_08_flight_Fixed Wing_N550ND_before_0_189617,730,3650,3679,0.000484000000000151,5.620000000305936e-05,3.0,0.0,0.0,0.27000000000001023,25.019999999999996,0.010000000000000231,0.54,0.009999999999999998,0.1,1.1999999999999886,0.30000000000001137,0.10000000000000142,0.0,0.0,1.3645500000000002e-18,0.19000000000000128,0.0,0.08999999999999986,0.009999999999990905,0.09000000000000341,2.899999999999636,0.029999999999972715,0.06999999999999318,0.03999999999996362,0.8399999999999181,1.0,0.0,0.0,0.0,0.0,0.0,0.0,19.700000000000003,0.0,0.0
open_2017_05_08_close_2017_05_08_flight_Fixed Wing_N550ND_before_0_189617,open_2017_05_08_close_2017_05_08_flight_Fixed Wing_N550ND_before_0_189617,731,3655,3684,0.00046820000000025175,2.5699999994799327e-05,2.0,0.0,0.0,0.4299999999999926,127.37,0.06999999999999984,0.78,0.0,0.02,0.6999999999999886,0.19999999999998863,0.10000000000000142,0.0,0.10000000000000009,1.3645500000000002e-18,0.019999999999999574,0.14000000000000057,0.040000000000000036,0.020000000000010232,0.12000000000000455,7.0,0.060000000000002274,0.11000000000001364,0.33999999999991815,0.12000000000011823,2.0,0.0,0.0,0.0,0.0,0.0,0.0,15.800000000000011,0.0,0.0
open_2017_05_08_close_2017_05_08_flight_Fixed Wing_N550ND_before_0_189617,open_2017_05_08_close_2017_05_08_flight_Fixed Wing_N550ND_before_0_189617,732,3660,3689,0.0004904999999979509,5.620000000305936e-05,5.0,0.0,0.0,0.3500000000000085,99.14,0.5100000000000002,3.24,0.019999999999999997,0.44,0.8999999999999773,0.29999999999998295,0.10000000000000142,0.0,0.0,1.3645500000000002e-18,0.05000000000000071,0.0,0.0,0.0,0.10000000000000853,5.800000000000182,0.05000000000001137,0.12000000000000455,0.4499999999998181,0.5599999999999454,3.0,0.0,0.0,0.0,0.0,0.0,0.0,59.0,0.0,0.5
open_2017_05_08_close_2017_05_08_flight_Fixed Wing_N550ND_before_0_189617,open_2017_05_08_close_2017_05_08_flight_Fixed Wing_N550ND_before_0_189617,733,3665,3694,0.0004976000000027625,1.9999999949504854e-06,4.0,0.0,0.0,0.21999999999999886,68.73,0.43999999999999995,3.1500000000000004,0.04,0.09,2.200000000000017,0.5,0.0,0.0,0.10000000000000009,1.3645500000000002e-18,0.0,0.08999999999999986,0.08000000000000007,0.009999999999990905,0.2600000000000051,6.799999999999727,0.03000000000002956,0.020000000000038654,0.4700000000000273,0.2599999999999909,1.0,0.0,0.0,0.0,0.0,0.0,0.0,78.69999999999999,0.0,0.5
open_2017_05_08_close_2017_05_08_flight_Fixed Wing_N550ND_before_0_189617,open_2017_05_08_close_2017_05_08_flight_Fixed Wing_N550ND_before_0_189617,734,3670,3699,0.0005238000000034049,3.699999999184911e-05,7.0,0.0,0.0,0.37000000000000455,107.94,0.1200000000000001,1.0899999999999999,0.0,0.16,1.0,0.20000000000001705,0.0,0.0,0.10000000000000009,1.3645500000000002e-18,0.0,0.05000000000000071,0.02999999999999936,0.010000000000019327,0.05000000000001137,12.400000000000091,0.01999999999998181,0.06999999999999318,0.040000000000190994,0.2599999999999909,1.0,0.0,0.0,0.0,0.0,0.0,0.0,129.9,0.0,0.0
open_2017_05_08_close_2017_05_08_flight_Fixed Wing_N550ND_before_0_189617,open_2017_05_08_close_2017_05_08_flight_Fixed Wing_N550ND_before_0_189617,735,3675,3704,0.0004697999999976332,2.940000000251075e-05,7.0,0.0,0.0,0.09999999999999432,131.04,0.6300000000000003,2.44,0.06,0.15,1.1000000000000227,0.0,0.0,0.0,0.10000000000000009,1.3645500000000002e-18,0.05000000000000071,0.0,0.08999999999999986,0.009999999999990905,0.4100000000000108,11.5,0.09000000000003183,0.03999999999996362,0.8799999999998818,0.6000000000001364,2.0,0.0,0.0,0.0,0.0,0.0,0.0,23.6,0.0,0.0
open_2017_05_08_close_2017_05_08_flight_Fixed Wing_N550ND_before_0_189617,open_2017_05_08_close_2017_05_08_flight_Fixed Wing_N550ND_before_0_189617,736,3680,3709,0.0004464000000012902,2.179999999896154e-05,8.0,0.0,0.0,0.10000000000000853,227.73000000000002,0.4900000000000002,2.95,0.03,0.1,0.5,0.19999999999998863,0.10000000000000142,0.0,0.10000000000000009,1.3645500000000002e-18,0.030000000000001137,0.03999999999999915,0.009999999999999787,0.010000000000019327,0.5,10.799999999999727,0.10000000000002274,0.07999999999998408,0.16000000000008185,0.21000000000003638,1.0,0.0,0.0,0.0,0.0,0.0,0.0,145.70000000000002,0.0,0.0
open_2017_05_08_close_2017_05_08_flight_Fixed Wing_N550ND_before_0_189617,open_2017_05_08_close_2017_05_08_flight_Fixed Wing_N550ND_before_0_189617,737,3685,3714,0.00041909999999489855,1.1000000057492798e-06,3.0,0.0,0.0,0.4000000000000057,6.119999999999976,0.5499999999999998,0.39,0.05,0.01,0.4000000000000057,0.0,0.10000000000000142,0.0,0.0,1.3645500000000002e-18,0.0,0.05000000000000071,0.020000000000000462,0.0,0.4099999999999966,2.400000000000091,0.10000000000002274,0.1099999999999568,0.21000000000003638,0.9100000000000819,0.0,0.0,0.0,0.0,0.0,0.0,0.0,11.899999999999977,0.0,0.0
open_2017_05_08_close_2017_05_08_flight_Fixed Wing_N550ND_before_0_189617,open_2017_05_08_close_2017_05_08_flight_Fixed Wing_N550ND_before_0_189617,738,3690,3719,0.00046899999999538977,1.4899999996487168e-05,0.0,0.0,0.0,0.060000000000002274,22.939999999999998,0.9899999999999998,1.5699999999999998,0.1,0.22,1.6999999999999886,0.29999999999998295,0.0,0.0,0.10000000000000009,1.3645500000000002e-18,0.19000000000000128,0.0,0.040000000000000036,0.009999999999990905,0.0899999999999892,5.900000000000091,0.040000000000020464,0.05000000000001137,0.3400000000001455,0.19000000000005457,1.0,0.0,0.0,0.0,0.0,0.0,0.0,31.5,0.0,0.5
open_2017_05_08_close_2017_05_08_flight_Fixed Wing_N550ND_before_0_189617,open_2017_05_08_close_2017_05_08_flight_Fixed Wing_N550ND_before_0_189617,739,3695,3724,0.0004921000000024378,3.080000000466043e-05,3.0,0.0,0.0,0.28999999999999204,72.81000000000003,0.14000000000000012,1.94,0.03,0.04000000000000001,2.299999999999983,0.5,0.10000000000000142,0.0,0.0,1.3645500000000002e-18,0.05000000000000071,0.05000000000000071,0.040000000000000036,0.010000000000019327,0.29999999999999716,6.900000000000091,0.07999999999998408,0.040000000000020464,0.08999999999991815,0.34999999999990905,0.0,0.0,0.0,0.0,0.0,0.0,0.0,86.6,0.0,0.5
open_2017_05_08_close_2017_05_08_flight_Fixed Wing_N550ND_before_0_189617,open_2017_05_08_close_2017_05_08_flight_Fixed Wing_N550ND_before_0_189617,740,3700,3729,0.00048009999999720776,2.4200000012797318e-05,0.0,0.0,0.1999999999999993,0.36999999999999034,24.650000000000006,0.1599999999999997,0.8800000000000001,0.039999999999999994,0.11,0.10000000000002274,0.09999999999999432,0.0,0.0,0.10000000000000009,1.3645500000000002e-18,0.129999999999999,0.07000000000000028,0.09999999999999964,0.020000000000010232,0.3499999999999943,4.399999999999636,0.07999999999998408,0.06999999999999318,0.15999999999985448,0.22000000000002728,0.0,0.0,0.0,0.0,0.0,0.0,0.0,23.599999999999994,0.0,0.0
open_2017_05_08_close_2017_05_08_flight_Fixed Wing_N550ND_before_0_189617,open_2017_05_08_close_2017_05_08_flight_Fixed Wing_N550ND_before_0_189617,741,3705,3734,0.0005100999999996247,5.550000000198452e-05,9.0,0.0,0.0,0.36999999999999034,142.89,0.7099999999999995,0.9500000000000002,0.030000000000000002,0.06000000000000001,0.19999999999998863,0.9000000000000057,0.0,0.0,0.0,1.3645500000000002e-18,0.0,0.0,0.019999999999999574,0.01999999999998181,0.3200000000000074,0.3000000000001819,0.029999999999972715,0.060000000000002274,0.7999999999999545,0.5399999999999636,1.0,0.0,0.0,0.0,0.0,0.0,0.0,43.300000000000004,0.0,0.0
open_2017_05_08_close_2017_05_08_flight_Fixed Wing_N550ND_before_0_189617,open_2017_05_08_close_2017_05_08_flight_Fixed Wing_N550ND_before_0_189617,742,3710,3739,0.0004255999999998039,3.859999999633601e-05,0.0,0.0,0.0,0.5099999999999909,118.74000000000004,0.1499999999999999,0.26,0.009999999999999998,0.03,0.5,0.30000000000001137,0.0,0.09999999999999787,0.10000000000000009,1.3645500000000002e-18,0.10000000000000142,0.05999999999999872,0.02999999999999936,0.0,0.1599999999999966,9.5,0.029999999999972715,0.03000000000002956,0.16999999999984539,0.21000000000003638,1.0,0.0,0.0,0.0,0.0,0.0,0.0,11.899999999999977,0.0,0.0
open_2017_05_08_close_2017_05_08_flight_Fixed Wing_N550ND_before_0_189617,open_2017_05_08_close_2017_05_08_flight_Fixed Wing_N550ND_before_0_189617,743,3715,3744,0.0004258999999962043,6.750000000010914e-05,6.0,0.0,0.0,0.04000000000000625,3.7099999999999795,1.0299999999999998,4.31,0.02,0.14,0.5999999999999943,0.09999999999999432,0.0,0.09999999999999787,0.0,1.3645500000000002e-18,0.030000000000001137,0.05000000000000071,0.019999999999999574,0.009999999999990905,0.5099999999999909,21.0,0.05000000000001137,0.060000000000002274,0.37000000000011823,0.15999999999985448,3.0,0.0,0.0,0.0,0.0,0.0,0.0,19.69999999999999,0.0,0.0
open_2017_05_08_close_2017_05_08_flight_Fixed Wing_N550ND_before_0_189617,open_2017_05_08_close_2017_05_08_flight_Fixed Wing_N550ND_before_0_189617,744,3720,3749,0.00043759999999792853,2.7999999900885086e-06,12.0,0.0,0.0,0.15000000000000568,232.94,0.62,3.41,0.02,0.09999999999999999,0.9000000000000057,0.4000000000000057,0.0,0.0,0.10000000000000009,1.3645500000000002e-18,0.11000000000000298,0.13999999999999702,0.06000000000000005,0.030000000000001137,1.0,81.0,0.0999999999999659,0.12000000000000455,7.190000000000055,7.910000000000082,3.0,0.0,0.0,0.0,0.0,0.0,0.0,338.5,0.0,0.0
open_2017_05_08_close_2017_05_08_flight_Fixed Wing_N550ND_before_0_189617,open_2017_05_08_close_2017_05_08_flight_Fixed Wing_N550ND_before_0_189617,745,3725,3754,0.00043020000000382197,4.3000000005122274e-05,19.0,0.0,0.0,0.9300000000000068,169.4899999999999,1.3199999999999998,0.8200000000000001,0.01,0.11,0.19999999999998863,0.20000000000001705,0.0,0.0,0.0,1.3645500000000002e-18,0.21000000000000085,0.0,0.009999999999999787,0.0,0.14000000000000057,6.7000000000000455,0.2899999999999636,0.08000000000004093,4.369999999999891,5.6400000000001,1.0,0.0,0.0,0.0,0.0,0.0,0.0,47.200000000000045,0.0,0.0
open_2017_05_08_close_2017_05_08_flight_Fixed Wing_N550ND_before_0_189617,open_2017_05_08_close_2017_05_08_flight_Fixed Wing_N550ND_before_0_189617,746,3730,3759,0.0004800000000031446,3.540000000157306e-05,12.0,0.0,0.0,0.9899999999999949,62.23000000000002,1.5,0.7600000000000002,0.060000000000000005,0.1,1.3000000000000114,0.4000000000000057,0.0,0.0,0.0,1.3645500000000002e-18,0.05000000000000071,0.07000000000000028,0.029999999999999805,0.01999999999998181,0.21000000000000085,10.0,0.42999999999995,0.16999999999995907,2.2600000000002183,3.9400000000000546,4.0,0.0,0.0,0.0,0.0,0.0,0.0,82.69999999999999,0.0,0.0
open_2017_05_08_close_2017_05_08_flight_Fixed Wing_N550ND_before_0_189617,open_2017_05_08_close_2017_05_08_flight_Fixed Wing_N550ND_before_0_189617,747,3735,3764,0.00041549999999546117,8.750000000645741e-05,14.0,0.0,0.1999999999999993,1.730000000000004,153.66999999999996,1.17,7.1,0.0,0.060000000000000026,2.1999999999999886,3.0,0.0,0.0,0.0,1.3645500000000002e-18,0.0,0.10999999999999943,0.029999999999999805,0.0,0.03999999999999915,0.2999999999999545,0.6099999999999568,0.27000000000003865,3.3099999999999454,2.4200000000000728,2.0,0.0,0.0,0.0,0.0,0.0,0.0,460.7,0.0,0.0
open_2017_05_08_close_2017_05_08_flight_Fixed Wing_N550ND_before_0_189617,open_2017_05_08_close_2017_05_08_flight_Fixed Wing_N550ND_before_0_189617,748,3740,3769,0.0003647999999998319,0.0003259000000070955,1.0,0.0,0.0,1.289999999999992,148.90000000000003,1.11,1.7100000000000009,0.05,0.009999999999999995,7.200000000000017,5.5,0.10000000000000142,0.0,0.10000000000000009,1.3645500000000002e-18,0.0,0.0,0.009999999999999787,0.020000000000010232,0.07000000000000028,7.5,0.5799999999999841,0.2400000000000091,2.8899999999998727,3.7799999999999727,2.0,0.0,0.0,0.0,0.0,0.0,0.0,66.9,0.0,0.0
open_2017_05_08_close_2017_05_08_flight_Fixed Wing_N550ND_before_0_189617,open_2017_05_08_close_2017_05_08_flight_Fixed Wing_N550ND_before_0_189617,749,3745,3774,0.00021519999999952688,0.00047059999999987667,2.0,0.0,0.0,0.5,83.66000000000001,0.6399999999999999,0.07000000000000028,0.019999999999999997,0.16999999999999998,7.200000000000003,5.299999999999997,0.0,0.0,0.10000000000000009,1.3645500000000002e-18,0.029999999999997584,0.07000000000000028,0.009999999999999787,0.030000000000001137,0.12999999999999545,20.09999999999991,0.57000000000005,0.339999999999975,2.150000000000091,8.259999999999991,1.0,0.0,0.0,0.0,0.0,0.0,0.0,133.79999999999995,0.0,0.0
open_2017_05_08_close_2017_05_08_flight_Fixed Wing_N550ND_before_0_189617,open_2017_05_08_close_2017_05_08_flight_Fixed Wing_N550ND_before_0_189617,750,3750,3779,0.00010559999999770753,0.0006054999999918209,12.0,0.0,0.1999999999999993,0.7600000000000051,69.47000000000003,0.5499999999999998,2.9699999999999998,0.09,0.04000000000000001,0.4000000000000057,2.9000000000000057,0.0,0.0,0.0,1.3645500000000002e-18,0.0,0.14000000000000057,0.009999999999999787,0.030000000000001137,0.09999999999999432,4.899999999999864,0.5099999999999909,0.37000000000000455,0.20000000000004547,4.4500000000000455,2.0,0.0,0.0,0.0,0.0,0.0,0.0,51.200000000000045,0.0,0.0
open_2017_05_08_close_2017_05_08_flight_Fixed Wing_N550ND_before_0_189617,open_2017_05_08_close_2017_05_08_flight_Fixed Wing_N550ND_before_0_189617,751,3755,3784,1.8900000000598993e-05,0.0005886000000003833,12.0,0.0,0.0,0.7199999999999989,102.03999999999996,0.16999999999999993,0.45999999999999996,0.07,0.03,1.1000000000000085,0.20000000000000284,0.0,0.0,0.10000000000000009,1.3645500000000002e-18,0.08000000000000185,0.08999999999999986,0.010000000000000231,0.020000000000010232,0.4199999999999875,1.5,0.47999999999996135,0.38999999999998636,1.2000000000000455,3.410000000000082,1.0,0.0,0.0,0.0,0.0,0.0,0.0,114.19999999999993,0.0,0.0
open_2017_05_08_close_2017_05_08_flight_Fixed Wing_N550ND_before_0_189617,open_2017_05_08_close_2017_05_08_flight_Fixed Wing_N550ND_before_0_189617,752,3760,3789,5.3999999998666226e-05,0.0006707999999946423,6.0,0.0,0.0,2.160000000000011,329.11,1.12,4.3100000000000005,0.02,0.020000000000000004,3.8000000000000114,2.5999999999999943,0.0,0.0,0.10000000000000009,1.3645500000000002e-18,0.030000000000001137,0.11000000000000298,0.03000000000000025,0.0,0.37000000000000455,16.59999999999991,0.4399999999999977,0.37000000000000455,0.6800000000000637,1.7300000000000182,1.0,0.0,0.0,0.0,0.0,0.0,0.0,240.2,0.0,0.5
open_2017_05_08_close_2017_05_08_flight_Fixed Wing_N550ND_before_0_189617,open_2017_05_08_close_2017_05_08_flight_Fixed Wing_N550ND_before_0_189617,753,3765,3794,0.0002466999999981567,0.00032860000000312084,7.0,0.0,0.0,2.490000000000009,141.4,0.21000000000000008,0.41999999999999815,0.04,0.030000000000000006,5.199999999999996,6.100000000000001,0.0,0.0,0.0,1.3645500000000002e-18,0.10999999999999943,0.0,0.040000000000000036,0.01999999999998181,0.03999999999999204,7.2000000000000455,0.4500000000000455,0.37999999999999545,1.2899999999999636,1.259999999999991,2.0,0.0,0.0,0.0,0.0,0.0,0.0,3.8999999999999915,0.0,0.5
open_2017_05_08_close_2017_05_08_flight_Fixed Wing_N550ND_before_0_189617,open_2017_05_08_close_2017_05_08_flight_Fixed Wing_N550ND_before_0_189617,754,3770,3799,0.000271200000000249,0.00017300000000375348,16.0,0.0,0.0,0.8400000000000034,259.93,0.029999999999999805,1.9100000000000001,0.0,0.05,4.0,5.700000000000003,0.0,0.0,0.0,1.3645500000000002e-18,0.13000000000000256,0.0,0.0,0.010000000000019327,0.14000000000000057,4.800000000000182,0.4900000000000091,0.39999999999997726,0.9600000000000364,1.490000000000009,2.0,0.0,0.0,0.0,0.0,0.0,0.0,74.79999999999995,0.0,0.5
open_2017_05_08_close_2017_05_08_flight_Fixed Wing_N550ND_before_0_189617,open_2017_05_08_close_2017_05_08_flight_Fixed Wing_N550ND_before_0_189617,755,3775,3804,0.00034070000000241407,5.4500000004509275e-05,18.0,0.0,0.0,0.11999999999999744,20.579999999999927,0.3999999999999999,4.04,0.09000000000000001,0.020000000000000004,1.900000000000034,2.3,0.0,0.0,0.0,1.3645500000000002e-18,0.05000000000000071,0.0,0.0900000000000003,0.020000000000010232,0.0899999999999892,14.5,0.6899999999999977,0.5599999999999454,4.170000000000073,4.130000000000109,1.0,0.0,0.0,0.0,0.0,0.0,0.0,43.299999999999955,0.0,0.0
open_2017_05_08_close_2017_05_08_flight_Fixed Wing_N550ND_before_0_189617,open_2017_05_08_close_2017_05_08_flight_Fixed Wing_N550ND_before_0_189617,756,3780,3809,0.0002441999999973632,4.549999999881038e-05,8.0,0.0,0.0,0.36999999999999744,64.77000000000004,0.43999999999999995,0.010000000000000009,0.03,0.01,0.39999999999997726,0.19999999999998863,0.0,0.0,0.0,1.3645500000000002e-18,0.129999999999999,0.04999999999999716,0.14000000000000012,0.010000000000019327,0.12000000000000455,3.699999999999818,0.7099999999999795,0.6700000000000159,3.0900000000001455,1.8600000000001273,2.0,0.0,0.0,0.0,0.0,0.0,0.0,35.5,0.0,0.5
open_2017_05_08_close_2017_05_08_flight_Fixed Wing_N550ND_before_0_189617,open_2017_05_08_close_2017_05_08_flight_Fixed Wing_N550ND_before_0_189617,757,3785,3814,0.00028700000000014825,1.629999999863685e-05,1.0,0.0,0.0,0.7000000000000028,144.01,0.38,0.97,0.01,0.03,0.4000000000000341,0.0999999999999659,0.0,0.0,0.10000000000000009,1.3645500000000002e-18,0.35999999999999943,0.0400000000000027,0.040000000000000036,0.009999999999990905,0.1599999999999966,8.799999999999955,0.20999999999997954,0.2599999999999909,0.6800000000000637,0.06999999999993634,1.0,0.0,0.0,0.0,0.0,0.0,0.0,35.5,0.0,0.0
open_2017_05_08_close_2017_05_08_flight_Fixed Wing_N550ND_before_0_189617,open_2017_05_08_close_2017_05_08_flight_Fixed Wing_N550ND_before_0_189617,758,3790,3819,0.00028779999999528627,2.179999999896154e-05,9.0,0.0,0.0,0.4099999999999966,65.82,0.17999999999999994,1.04,0.01,0.04,0.5999999999999659,0.39999999999997726,0.10000000000000142,0.0,0.0,1.3645500000000002e-18,0.21000000000000085,0.0400000000000027,0.010000000000000231,0.029999999999972715,0.01999999999999602,1.0,0.060000000000002274,0.13999999999998636,0.4800000000000182,0.39000000000010004,0.0,0.0,0.0,0.0,0.0,0.0,0.0,51.200000000000045,0.0,0.0
open_2017_05_08_close_2017_05_08_flight_Fixed Wing_N550ND_before_0_189617,open_2017_05_08_close_2017_05_08_flight_Fixed Wing_N550ND_before_0_189617,759,3795,3824,0.00032290000000045893,4.470000000367236e-05,6.0,0.0,0.0,0.09999999999999432,13.29000000000002,0.43,1.9100000000000001,0.01,0.11,0.5999999999999659,0.10000000000002274,0.0,0.0,0.10000000000000009,1.3645500000000002e-18,0.0,0.019999999999999574,0.04999999999999982,0.030000000000001137,0.0799999999999983,6.899999999999864,0.009999999999990905,0.03000000000002956,0.5500000000001819,1.4700000000000273,0.0,0.0,0.0,0.0,0.0,0.0,0.0,78.80000000000001,0.0,0.0
open_2017_05_08_close_2017_05_08_flight_Fixed Wing_N550ND_before_0_189617,open_2017_05_08_close_2017_05_08_flight_Fixed Wing_N550ND_before_0_189617,760,3800,3829,0.00023900000000054433,2.179999999896154e-05,1.0,0.0,0.0,0.0799999999999983,68.72,0.14,6.699999999999999,0.0,0.049999999999999996,1.1000000000000227,0.5,0.0,0.0,0.0,1.3645500000000002e-18,0.05000000000000071,0.08999999999999986,0.040000000000000036,0.010000000000019327,0.11000000000001364,4.0,0.17999999999994998,0.22000000000002728,2.2000000000000455,0.6000000000001364,0.0,0.0,0.0,0.0,0.0,0.0,0.0,7.8999999999999915,0.0,0.0
open_2017_05_08_close_2017_05_08_flight_Fixed Wing_N550ND_before_0_189617,open_2017_05_08_close_2017_05_08_flight_Fixed Wing_N550ND_before_0_189617,761,3805,3834,0.0002780000000015548,3.1599999999798456e-05,2.0,0.0,0.0,0.01999999999999602,143.02999999999997,0.78,4.53,0.16999999999999998,0.1,1.6999999999999886,1.099999999999966,0.0,0.0,0.10000000000000009,1.3645500000000002e-18,0.0799999999999983,0.0,0.04999999999999982,0.020000000000010232,0.09000000000000341,4.800000000000182,0.06999999999999318,0.03000000000002956,1.2899999999999636,0.38000000000010914,4.0,0.0,0.0,0.0,0.0,0.0,0.0,98.4,0.0,0.5
open_2017_05_08_close_2017_05_08_flight_Fixed Wing_N550ND_before_0_189617,open_2017_05_08_close_2017_05_08_flight_Fixed Wing_N550ND_before_0_189617,762,3810,3839,0.00023219999999923857,1.629999999863685e-05,5.0,0.0,0.0,0.1600000000000037,76.88000000000002,0.38,0.22999999999999998,0.02,0.08,0.6000000000000227,0.5999999999999659,0.0,0.0,0.0,1.3645500000000002e-18,0.08000000000000185,0.04999999999999716,0.4500000000000002,0.01999999999998181,0.769999999999996,55.0,0.08000000000004093,0.03000000000002956,0.9299999999998363,1.7100000000000364,0.0,0.0,0.0,0.0,0.0,0.0,0.0,94.5,0.0,0.5
open_2017_05_08_close_2017_05_08_flight_Fixed Wing_N550ND_before_0_189617,open_2017_05_08_close_2017_05_08_flight_Fixed Wing_N550ND_before_0_189617,763,3815,3844,0.00026730000000441123,2.9499999996573933e-05,7.0,0.0,0.0,0.39000000000000057,69.85,0.99,0.9600000000000001,0.05,0.2,1.1000000000000227,0.0999999999999659,0.0,0.0,0.0,1.3645500000000002e-18,0.21000000000000085,0.0400000000000027,0.020000000000000018,0.03999999999999204,0.03999999999999204,0.7000000000000455,0.10000000000002274,0.06999999999999318,2.519999999999982,0.8799999999998818,1.0,0.0,0.0,0.0,0.0,0.0,0.0,59.099999999999966,0.0,0.0
open_2017_05_08_close_2017_05_08_flight_Fixed Wing_N550ND_before_0_189617,open_2017_05_08_close_2017_05_08_flight_Fixed Wing_N550ND_before_0_189617,764,3820,3849,0.00025670000000133086,1.7100000007985727e-05,5.0,0.0,0.0,0.240000000000002,1.6899999999999977,0.14,0.88,0.01,0.0,1.1000000000000227,0.0999999999999659,0.10000000000000142,0.0,0.0,1.3645500000000002e-18,0.129999999999999,0.08999999999999986,0.029999999999999805,0.060000000000002274,0.030000000000001137,2.0,0.07999999999998408,0.009999999999990905,1.0,0.7999999999999545,0.0,0.0,0.0,0.0,0.0,0.0,0.0,15.800000000000011,0.0,0.0
open_2017_05_08_close_2017_05_08_flight_Fixed Wing_N550ND_before_0_189617,open_2017_05_08_close_2017_05_08_flight_Fixed Wing_N550ND_before_0_189617,765,3825,3854,0.0002384000000006381,1.7100000007985727e-05,4.0,0.0,0.0,0.0799999999999983,17.25,0.88,0.36,0.09,0.09999999999999999,1.1999999999999886,0.0,0.10000000000000142,0.0,0.10000000000000009,1.3645500000000002e-18,0.1599999999999966,0.0,0.13000000000000034,0.05000000000001137,0.20000000000000284,1.0,0.029999999999972715,0.08000000000004093,1.0599999999999454,0.6600000000000819,0.0,0.0,0.0,0.0,0.0,0.0,0.0,102.29999999999995,0.0,0.0
open_2017_05_08_close_2017_05_08_flight_Fixed Wing_N550ND_before_0_189617,open_2017_05_08_close_2017_05_08_flight_Fixed Wing_N550ND_before_0_189617,766,3830,3859,0.0002858000000003358,1.3400000000274304e-05,7.0,0.0,0.0,0.10000000000000142,26.420000000000016,0.06,0.7999999999999998,0.05,0.04,1.5,0.20000000000004547,0.0,0.0,0.10000000000000009,1.3645500000000002e-18,0.0,0.08999999999999986,0.3299999999999996,0.03999999999999204,0.6700000000000017,38.09999999999991,0.03999999999996362,0.05000000000001137,1.0,0.9300000000000637,1.0,0.0,0.0,0.0,0.0,0.0,0.0,74.79999999999995,0.0,0.0
open_2017_05_08_close_2017_05_08_flight_Fixed Wing_N550ND_before_0_189617,open_2017_05_08_close_2017_05_08_flight_Fixed Wing_N550ND_before_0_189617,767,3835,3864,0.0002293999999949392,2.8599999993161873e-05,2.0,0.0,0.0,0.4099999999999966,49.39999999999998,0.44999999999999996,1.44,0.02,0.13,1.1999999999999886,0.10000000000002274,0.0,0.0,0.10000000000000009,1.3645500000000002e-18,0.14999999999999858,0.0400000000000027,0.03000000000000025,0.009999999999990905,0.12000000000000455,0.20000000000004547,0.0,0.020000000000038654,2.269999999999982,1.1499999999998636,0.0,0.0,0.0,0.0,0.0,0.0,0.0,27.600000000000023,0.0,0.0
open_2017_05_08_close_2017_05_08_flight_Fixed Wing_N550ND_before_0_189617,open_2017_05_08_close_2017_05_08_flight_Fixed Wing_N550ND_before_0_189617,768,3840,3869,0.0002577999999999747,4.389999999432348e-05,5.0,0.0,0.0,0.14999999999999858,10.160000000000025,0.8299999999999998,0.71,0.06999999999999999,0.0,1.3000000000000114,0.39999999999997726,0.0,0.0,0.10000000000000009,1.3645500000000002e-18,0.16000000000000014,0.0,0.05000000000000071,0.010000000000019327,0.25,8.899999999999864,0.08999999999997499,0.06999999999999318,3.7100000000000364,0.5199999999999818,2.0,0.0,0.0,0.0,0.0,0.0,0.0,47.19999999999999,0.0,0.0
open_2017_05_08_close_2017_05_08_flight_Fixed Wing_N550ND_before_0_189617,open_2017_05_08_close_2017_05_08_flight_Fixed Wing_N550ND_before_0_189617,769,3845,3874,0.0002785000000002924,4.389999999432348e-05,4.0,0.0,0.0,0.3299999999999983,77.25999999999999,0.64,1.98,0.07,0.09,0.0,0.5,0.0,0.0,0.0,1.3645500000000002e-18,0.10000000000000142,0.07000000000000028,0.03000000000000025,0.009999999999990905,0.1799999999999926,1.900000000000091,0.13999999999998636,0.10000000000002274,1.990000000000009,0.9100000000000819,1.0,0.0,0.0,0.0,0.0,0.0,0.0,23.599999999999994,0.0,0.0
open_2017_05_08_close_2017_05_08_flight_Fixed Wing_N550ND_before_0_189617,open_2017_05_08_close_2017_05_08_flight_Fixed Wing_N550ND_before_0_189617,770,3850,3879,0.00023730000000199425,3.629999999077427e-05,8.0,0.0,0.0,0.2700000000000031,58.78,1.06,0.07999999999999996,0.04,0.09,1.6999999999999886,0.19999999999998863,0.0,0.0,0.0,1.3645500000000002e-18,0.030000000000001137,0.05000000000000071,0.009999999999999787,0.01999999999998181,0.0799999999999983,2.599999999999909,0.2599999999999909,0.2300000000000182,1.6400000000001,0.5900000000001455,1.0,0.0,0.0,0.0,0.0,0.0,0.0,102.30000000000001,0.0,0.0
open_2017_05_08_close_2017_05_08_flight_Fixed Wing_N550ND_before_0_189617,open_2017_05_08_close_2017_05_08_flight_Fixed Wing_N550ND_before_0_189617,771,3855,3884,0.0002999999999957481,4.389999999432348e-05,6.0,0.0,0.0,0.6900000000000048,85.15,3.2299999999999995,5.09,1.81093e-19,0.08,0.8000000000000114,0.4000000000000341,0.0,0.09999999999999787,0.0,1.3645500000000002e-18,0.0,0.03999999999999915,0.1499999999999999,0.030000000000001137,1.75,133.29999999999995,0.18000000000000682,0.13999999999998636,7.990000000000009,18.149999999999864,2.0,0.0,0.0,0.0,0.0,0.0,0.0,7.900000000000034,0.0,0.0
open_2017_05_08_close_2017_05_08_flight_Fixed Wing_N550ND_before_0_189617,open_2017_05_08_close_2017_05_08_flight_Fixed Wing_N550ND_before_0_189617,772,3860,3889,0.00022530000000386963,2.8599999993161873e-05,3.0,0.0,0.1999999999999993,1.5799999999999983,159.22000000000003,2.1399999999999997,2.15,0.06999999999999999,0.11000000000000001,0.4000000000000341,1.0,0.0,0.0,0.0,1.3645500000000002e-18,0.16000000000000014,0.07000000000000028,0.020000000000000018,0.060000000000002274,0.3299999999999983,28.200000000000045,0.009999999999990905,0.13999999999998636,51.43999999999994,20.810000000000173,6.0,0.0,0.0,0.0,0.0,0.0,0.0,43.300000000000004,0.0,0.0
open_2017_05_08_close_2017_05_08_flight_Fixed Wing_N550ND_before_0_189617,open_2017_05_08_close_2017_05_08_flight_Fixed Wing_N550ND_before_0_189617,773,3865,3894,0.00016369999999454876,4.389999999432348e-05,7.0,0.0,0.1999999999999993,1.8099999999999952,250.59000000000003,3.68,0.55,0.16,0.2,2.1000000000000227,1.2000000000000455,0.1999999999999993,0.1999999999999993,0.4,0.1,0.0,0.08999999999999986,0.030000000000000027,0.09999999999999432,0.05000000000000426,7.400000000000091,0.18000000000000682,0.05000000000001137,26.910000000000082,17.360000000000127,2.0,0.0,0.0,0.0,0.0,0.0,0.0,74.8,0.0,0.0
open_2017_05_08_close_2017_05_08_flight_Fixed Wing_N550ND_before_0_189617,open_2017_05_08_close_2017_05_08_flight_Fixed Wing_N550ND_before_0_189617,774,3870,3899,8.469999999505262e-05,4.389999999432348e-05,1.0,0.0,0.0,3.150000000000002,39.03999999999999,1.1599999999999997,0.33,0.060000000000000005,0.04,1.0,0.30000000000001137,0.10000000000000142,0.0,0.7999999999999998,0.10000000000000009,0.21999999999999886,0.03999999999999915,0.010000000000000009,0.03999999999999204,0.14000000000000057,12.799999999999955,0.3299999999999841,0.0,15.700000000000045,12.700000000000045,2.0,0.0,0.0,0.0,0.0,0.0,0.0,1.81956e-16,0.0,0.5
open_2017_05_08_close_2017_05_08_flight_Fixed Wing_N550ND_before_0_189617,open_2017_05_08_close_2017_05_08_flight_Fixed Wing_N550ND_before_0_189617,775,3875,3904,3.870000000461005e-05,4.0799999993623715e-05,0.0,0.0,0.3000000000000007,0.259999999999998,7.399999999999999,0.0,0.14999999999999997,0.0,0.019999999999999997,1.1000000000000227,1.5,2.1000000000000014,2.0,16.0,0.2,0.5399999999999991,0.0,2.0999999999999996,0.09999999999999432,8.980000000000004,406.0,0.3599999999999568,0.09000000000003183,7.350000000000023,6.689999999999827,20.0,0.0,0.0,0.0,0.0,0.0,0.0,1.81956e-16,0.0,0.0
open_2017_05_08_close_2017_05_08_flight_Fixed Wing_N550ND_before_0_189617,open_2017_05_08_close_2017_05_08_flight_Fixed Wing_N550ND_before_0_189617,776,3880,3909,0.00012610000000279342,4.389999999432348e-05,1.0,0.0,0.0,3.1099999999999994,0.6600000000000001,0.10000000000000009,0.07,0.0,0.08,0.19999999999998863,0.8000000000000114,0.0,0.0,0.8000000000000003,0.1,0.10999999999999943,0.0,0.040000000000000924,0.009999999999990905,0.0800000000000125,6.400000000000091,0.160000000000025,0.06999999999999318,54.73000000000013,25.920000000000073,5.0,0.0,0.0,0.0,0.0,0.0,0.0,3.9,0.0,0.0
open_2017_05_08_close_2017_05_08_flight_Fixed Wing_N550ND_before_0_189617,open_2017_05_08_close_2017_05_08_flight_Fixed Wing_N550ND_before_0_189617,777,3885,3914,0.0002531000000018935,3.31999999900745e-05,1.0,0.0,0.0,2.6700000000000017,3.819999999999993,0.09000000000000075,0.2,0.01,0.01,0.8000000000000114,0.6000000000000227,0.0,0.0,0.19999999999999996,0.1,0.05000000000000071,0.0,0.09999999999999964,0.06999999999999318,0.7199999999999989,3.799999999999727,0.21000000000003638,0.07999999999998408,19.029999999999973,9.970000000000027,3.0,0.0,0.0,0.0,0.0,0.0,0.0,3.9,0.0,0.0
open_2017_05_08_close_2017_05_08_flight_Fixed Wing_N550ND_before_0_189617,open_2017_05_08_close_2017_05_08_flight_Fixed Wing_N550ND_before_0_189617,778,3890,3919,0.00025089999999750034,2.099999998961266e-05,12.0,0.0,0.0,0.529999999999994,254.56000000000003,0.2699999999999996,0.85,0.019999999999999997,0.07,0.5,0.6000000000000227,0.0,0.0,0.0,0.1,0.0,0.0,0.0600000000000005,0.0700000000000216,0.4299999999999926,1.0,0.45999999999997954,0.19999999999998863,6.1099999999999,5.330000000000155,4.0,0.0,0.0,0.0,0.0,0.0,0.0,133.90000000000003,0.0,0.0
open_2017_05_08_close_2017_05_08_flight_Fixed Wing_N550ND_before_0_189617,open_2017_05_08_close_2017_05_08_flight_Fixed Wing_N550ND_before_0_189617,779,3895,3924,0.00021359999999503998,6.600000006073969e-06,13.0,0.0,0.0,0.020000000000003126,34.26999999999998,0.28000000000000114,2.05,0.009999999999999998,0.09,0.0,0.6000000000000001,0.10000000000000142,0.0,0.09999999999999987,0.1,0.16000000000000014,0.0,0.15000000000000036,0.03999999999999204,0.6400000000000006,1.599999999999909,0.5399999999999636,0.2899999999999636,2.7200000000000273,4.1599999999998545,1.0,0.0,0.0,0.0,0.0,0.0,0.0,122.0,0.0,0.0
open_2017_05_08_close_2017_05_08_flight_Fixed Wing_N550ND_before_0_189617,open_2017_05_08_close_2017_05_08_flight_Fixed Wing_N550ND_before_0_189617,780,3900,3929,0.0005118999999993434,2.3099999992837184e-05,2.0,0.0,0.3000000000000007,2.3900000000000006,292.80000000000007,0.15999999999999837,2.4099999999999997,0.0,0.21000000000000002,2.900000000000034,0.0,0.0,0.0,0.10000000000000009,0.1,0.4399999999999977,0.0,0.009999999999999787,0.029999999999972715,0.6900000000000119,11.700000000000273,1.3999999999999773,0.9099999999999682,5.689999999999827,3.019999999999982,1.0,0.0,0.0,0.0,0.0,0.0,0.0,224.39999999999998,0.0,0.0
open_2017_05_08_close_2017_05_08_flight_Fixed Wing_N550ND_before_0_189617,open_2017_05_08_close_2017_05_08_flight_Fixed Wing_N550ND_before_0_189617,781,3905,3934,0.0002690999999970245,3.870000000461005e-05,8.0,0.0,0.0,0.39000000000000057,73.38,0.22999999999999865,6.01,0.05,0.0,1.8000000000000114,0.6000000000000227,0.0,0.0,0.0,1.3645500000000002e-18,0.08000000000000185,0.05000000000000071,0.040000000000000924,0.030000000000001137,0.3299999999999983,10.5,0.7599999999999909,0.5399999999999636,2.400000000000091,2.5,4.0,0.0,0.0,0.0,0.0,0.0,0.0,4.0,0.0,0.0
open_2017_05_08_close_2017_05_08_flight_Fixed Wing_N550ND_before_0_189617,open_2017_05_08_close_2017_05_08_flight_Fixed Wing_N550ND_before_0_189617,782,3910,3939,0.00027599999999949887,3.079999999044958e-05,13.999999999999886,0.0,0.0,0.1599999999999966,121.65999999999997,0.5400000000000009,1.6999999999999997,0.04,0.04,2.099999999999966,0.0,0.0,0.0,0.0,1.3645500000000002e-18,0.13000000000000256,0.08999999999999986,0.049999999999998934,0.030000000000001137,0.3200000000000074,1.400000000000091,0.6999999999999886,0.5099999999999909,0.2699999999999818,1.3399999999999181,3.0,0.0,0.0,0.0,0.0,0.0,0.0,31.5,0.0,0.0
open_2017_05_08_close_2017_05_08_flight_Fixed Wing_N550ND_before_0_189617,open_2017_05_08_close_2017_05_08_flight_Fixed Wing_N550ND_before_0_189617,783,3915,3944,0.0002788999999978614,1.5000000004761205e-05,19.0,0.0,0.0,0.0799999999999983,102.88999999999999,0.6499999999999986,0.43000000000000016,0.0,0.02,0.4000000000000341,0.10000000000002274,0.0,0.10000000000000142,0.10000000000000009,1.3645500000000002e-18,0.16000000000000014,0.04999999999999716,0.09999999999999964,0.05999999999997385,0.539999999999992,4.400000000000091,0.8199999999999932,0.6300000000000523,0.41000000000008185,0.9700000000000273,2.0,0.0,0.0,0.0,0.0,0.0,0.0,39.39999999999998,0.0,0.0
open_2017_05_08_close_2017_05_08_flight_Fixed Wing_N550ND_before_0_189617,open_2017_05_08_close_2017_05_08_flight_Fixed Wing_N550ND_before_0_189617,784,3920,3949,0.00024379999999979418,3.1599999999798456e-05,18.0,0.0,0.0,0.21999999999999886,64.88,0.39000000000000057,1.1400000000000001,0.02,0.03,0.20000000000004547,0.19999999999998863,0.0,0.0,0.0,1.3645500000000002e-18,0.030000000000001137,0.0,0.07000000000000028,0.04999999999998295,0.6299999999999955,0.6999999999998181,0.8199999999999932,0.6300000000000523,0.30999999999994543,0.5900000000001455,0.0,0.0,0.0,0.0,0.0,0.0,0.0,153.5,0.0,0.0
open_2017_05_08_close_2017_05_08_flight_Fixed Wing_N550ND_before_0_189617,open_2017_05_08_close_2017_05_08_flight_Fixed Wing_N550ND_before_0_189617,785,3925,3954,0.0002896000000021104,9.049999999888314e-05,9.0,0.0,0.0,0.720000000000006,22.120000000000005,0.9199999999999999,4.869999999999999,0.019999999999999997,0.06999999999999999,6.5,4.600000000000023,0.0,0.0,0.0,1.3645500000000002e-18,0.0,0.05000000000000071,0.019999999999999574,0.04999999999998295,0.28000000000000114,2.699999999999818,0.7600000000000477,0.5800000000000409,0.25,0.6100000000001273,0.0,0.0,0.0,0.0,0.0,0.0,0.0,90.5,0.0,0.0
open_2017_05_08_close_2017_05_08_flight_Fixed Wing_N550ND_before_0_189617,open_2017_05_08_close_2017_05_08_flight_Fixed Wing_N550ND_before_0_189617,786,3930,3959,0.00018820000000374648,0.00038829999999734355,10.0,0.0,0.0,1.4400000000000048,80.46000000000004,1.6100000000000003,1.0300000000000011,0.03,0.01999999999999999,10.399999999999977,10.100000000000023,0.0,0.0,0.0,1.3645500000000002e-18,0.14999999999999858,0.05000000000000071,0.0600000000000005,0.060000000000002274,0.1799999999999926,3.800000000000182,0.7800000000000296,0.660000000000025,0.3300000000001546,0.8099999999999454,3.0,0.0,0.0,0.0,0.0,0.0,0.0,149.60000000000002,0.0,0.0
open_2017_05_08_close_2017_05_08_flight_Fixed Wing_N550ND_before_0_189617,open_2017_05_08_close_2017_05_08_flight_Fixed Wing_N550ND_before_0_189617,787,3935,3964,6.690000000020291e-05,0.0005000000000023874,12.0,0.0,0.0,2.0400000000000063,50.81999999999999,0.7300000000000004,6.23,0.03,0.12000000000000001,4.900000000000034,6.0,0.0,0.0,0.0,1.3645500000000002e-18,0.17999999999999972,0.10999999999999943,0.15000000000000036,0.030000000000001137,0.0800000000000125,1.199999999999818,0.7600000000000477,0.6399999999999864,0.5199999999999818,0.0,1.0,0.0,0.0,0.0,0.0,0.0,0.0,35.39999999999998,0.0,0.5
open_2017_05_08_close_2017_05_08_flight_Fixed Wing_N550ND_before_0_189617,open_2017_05_08_close_2017_05_08_flight_Fixed Wing_N550ND_before_0_189617,788,3940,3969,0.0001505000000037171,0.0005281000000110225,5.0,0.0,0.3000000000000007,0.7199999999999989,64.20999999999998,0.16999999999999993,0.96,0.03,0.01,0.5,0.20000000000001705,0.0,0.0,0.0,1.3645500000000002e-18,0.08000000000000185,0.05000000000000071,0.02999999999999936,0.010000000000019327,0.10000000000000853,6.199999999999818,0.7899999999999636,0.6399999999999864,0.5599999999999454,0.75,0.0,0.0,0.0,0.0,0.0,0.0,0.0,51.19999999999999,0.0,1.0
open_2017_05_08_close_2017_05_08_flight_Fixed Wing_N550ND_before_0_189617,open_2017_05_08_close_2017_05_08_flight_Fixed Wing_N550ND_before_0_189617,789,3945,3974,3.879999999867323e-05,0.0005440999999990481,5.0,0.0,0.0,0.18999999999999773,11.379999999999995,0.15000000000000036,2.5,0.010000000000000002,0.060000000000000005,0.0,0.5,0.0,0.0,0.0,1.3645500000000002e-18,0.17999999999999972,0.0,0.049999999999998934,0.020000000000010232,0.6000000000000085,3.800000000000182,0.7400000000000091,0.6000000000000227,0.7999999999999545,0.36999999999989086,3.0,0.0,0.0,0.0,0.0,0.0,0.0,7.899999999999977,0.0,0.0
open_2017_05_08_close_2017_05_08_flight_Fixed Wing_N550ND_before_0_189617,open_2017_05_08_close_2017_05_08_flight_Fixed Wing_N550ND_before_0_189617,790,3950,3979,0.00013850000000559248,0.0010628999999937605,39.0,0.0,0.3000000000000007,0.6400000000000006,417.6,1.4000000000000004,8.27,0.04,0.13,0.39999999999997726,0.09999999999999432,0.0,0.0,0.0,1.3645500000000002e-18,0.1999999999999993,0.1999999999999993,0.0600000000000005,0.01999999999998181,0.75,4.0,1.4300000000000068,1.1599999999999682,0.40000000000009095,0.37000000000011823,1.0,0.0,0.0,0.0,0.0,0.0,0.0,232.20000000000005,0.0,0.5
open_2017_05_08_close_2017_05_08_flight_Fixed Wing_N550ND_before_0_189617,open_2017_05_08_close_2017_05_08_flight_Fixed Wing_N550ND_before_0_189617,791,3955,3984,0.00023659999999381398,0.00045690000000320197,20.0,0.0,0.0,0.44999999999998863,14.810000000000173,0.6699999999999999,2.039999999999999,0.0,0.030000000000000006,7.0,6.300000000000011,0.0,0.0,0.0,1.3645500000000002e-18,0.13000000000000256,0.07000000000000028,0.07000000000000028,0.01999999999998181,0.18999999999999773,5.299999999999727,0.7199999999999704,0.589999999999975,1.4600000000000364,1.490000000000009,1.0,0.0,0.0,0.0,0.0,0.0,0.0,59.100000000000136,0.0,0.5
open_2017_05_08_close_2017_05_08_flight_Fixed Wing_N550ND_before_0_189617,open_2017_05_08_close_2017_05_08_flight_Fixed Wing_N550ND_before_0_189617,792,3960,3989,0.000400599999998974,0.00023460000001307435,12.0,0.0,0.0,1.7299999999999898,67.5200000000001,1.0899999999999999,1.3200000000000003,0.009999999999999995,0.06999999999999999,8.0,6.199999999999989,0.0,0.10000000000000142,0.0,1.3645500000000002e-18,0.23000000000000043,0.019999999999999574,0.08999999999999986,0.009999999999990905,0.539999999999992,3.700000000000273,0.6599999999999682,0.589999999999975,0.01999999999998181,0.4900000000000091,1.0,0.0,0.0,0.0,0.0,0.0,0.0,145.60000000000002,0.0,1.0
open_2017_05_08_close_2017_05_08_flight_Fixed Wing_N550ND_before_0_189617,open_2017_05_08_close_2017_05_08_flight_Fixed Wing_N550ND_before_0_189617,793,3965,3994,0.0004673999999980083,1.4399999997749546e-05,4.0,0.0,0.1999999999999993,2.0799999999999983,186.51000000000002,0.3400000000000001,1.1399999999999988,0.04000000000000001,0.09,1.4000000000000057,2.299999999999983,0.0,0.0,0.0,1.3645500000000002e-18,0.370000000000001,0.21000000000000085,1.3399999999999999,0.060000000000002274,0.1600000000000108,30.40000000000009,0.6200000000000045,0.4900000000000091,4.650000000000091,4.170000000000073,2.0,0.0,0.0,0.0,0.0,0.0,0.0,157.5,0.0,0.0
open_2017_05_08_close_2017_05_08_flight_Fixed Wing_N550ND_before_0_189617,open_2017_05_08_close_2017_05_08_flight_Fixed Wing_N550ND_before_0_189617,794,3970,3999,0.00047829999999748907,5.4300000002172055e-05,7.0,0.0,0.0,0.75,113.10999999999999,0.11000000000000001,1.5899999999999999,0.020000000000000004,0.0,1.700000000000017,0.8999999999999773,0.0,0.0,0.10000000000000009,1.3645500000000002e-18,0.0,0.04999999999999716,0.8200000000000003,0.09000000000000341,0.7099999999999937,75.90000000000009,0.5599999999999454,0.5,3.3900000000001,0.14000000000010004,1.0,0.0,0.0,0.0,0.0,0.0,0.0,11.800000000000011,0.0,0.0
open_2017_05_08_close_2017_05_08_flight_Fixed Wing_N550ND_before_0_189617,open_2017_05_08_close_2017_05_08_flight_Fixed Wing_N550ND_before_0_189617,795,3975,4004,0.0004502000000030648,9.000000000014552e-05,9.0,0.0,0.0,0.4900000000000091,10.180000000000007,0.1,0.30000000000000004,0.009999999999999998,0.01,0.20000000000001705,0.09999999999999432,0.0,0.0,0.10000000000000009,1.3645500000000002e-18,0.360000000000003,0.0,0.0,0.0,0.0,1.0,0.4000000000000341,0.44999999999998863,1.6600000000000819,2.1799999999998363,1.0,0.0,0.0,0.0,0.0,0.0,0.0,31.5,0.0,0.0
open_2017_05_08_close_2017_05_08_flight_Fixed Wing_N550ND_before_0_189617,open_2017_05_08_close_2017_05_08_flight_Fixed Wing_N550ND_before_0_189617,796,3980,4009,0.00048699999999968213,3.329999999834854e-05,7.0,0.0,0.0,0.269999999999996,2.430000000000007,0.07999999999999996,1.31,0.019999999999999997,0.03,0.0,0.29999999999998295,0.0,0.0,0.0,1.3645500000000002e-18,0.22999999999999687,0.14999999999999858,0.0600000000000005,0.04999999999998295,0.030000000000001137,2.200000000000273,0.18000000000000682,0.3599999999999568,1.9300000000000637,0.15000000000009095,1.0,0.0,0.0,0.0,0.0,0.0,0.0,4.0,0.0,0.0
open_2017_05_08_close_2017_05_08_flight_Fixed Wing_N550ND_before_0_189617,open_2017_05_08_close_2017_05_08_flight_Fixed Wing_N550ND_before_0_189617,797,3985,4014,0.0005619000000010033,4.690000000096006e-05,1.0,0.0,0.0,0.07000000000000739,68.23000000000002,0.5699999999999998,1.0700000000000003,0.01,0.05,0.5,0.4000000000000057,0.0,0.0,0.0,1.3645500000000002e-18,0.11000000000000298,0.120000000000001,0.009999999999999787,0.05000000000001137,0.1600000000000108,6.200000000000273,0.13999999999998636,0.28000000000002956,1.0899999999999181,0.049999999999954525,1.0,0.0,0.0,0.0,0.0,0.0,0.0,11.800000000000011,0.0,0.0
open_2017_05_08_close_2017_05_08_flight_Fixed Wing_N550ND_before_0_189617,open_2017_05_08_close_2017_05_08_flight_Fixed Wing_N550ND_before_0_189617,798,3990,4019,0.0004909999999966885,2.340000000344844e-05,5.0,0.0,0.0,0.25,109.25999999999999,0.29000000000000004,1.32,0.04,0.18,1.1999999999999886,0.30000000000001137,0.0,0.0,0.0,1.3645500000000002e-18,0.0,0.03999999999999915,0.03000000000000025,0.030000000000001137,0.23000000000000398,9.800000000000182,0.07999999999998408,0.09000000000003183,0.05999999999994543,0.8299999999999272,2.0,0.0,0.0,0.0,0.0,0.0,0.0,31.5,0.0,0.0
open_2017_05_08_close_2017_05_08_flight_Fixed Wing_N550ND_before_0_189617,open_2017_05_08_close_2017_05_08_flight_Fixed Wing_N550ND_before_0_189617,799,3995,4024,0.0005011000000010313,2.2399999991762343e-05,6.0,0.0,0.0,0.2600000000000051,40.160000000000004,0.1299999999999999,0.1499999999999999,0.01,0.15000000000000002,0.30000000000001137,0.09999999999999432,0.0,0.0,0.0,1.3645500000000002e-18,0.019999999999999574,0.05999999999999872,0.07000000000000028,0.01999999999998181,0.2599999999999909,3.400000000000091,0.20999999999997954,0.08000000000004093,0.3200000000001637,0.4299999999998363,3.0,0.0,0.0,0.0,0.0,0.0,0.0,7.899999999999999,0.0,0.0
open_2017_05_08_close_2017_05_08_flight_Fixed Wing_N550ND_before_0_189617,open_2017_05_08_close_2017_05_08_flight_Fixed Wing_N550ND_before_0_189617,800,4000,4029,0.0004806000000030508,1.6600000009248106e-05,3.0,0.0,0.0,0.09999999999999432,75.61,1.06,1.3,0.01,0.29,0.09999999999999432,0.5,0.0,0.0,0.0,1.3645500000000002e-18,0.05000000000000071,0.03999999999999915,0.94,0.0,2.280000000000001,169.79999999999995,0.20999999999997954,0.10000000000002274,4.559999999999945,0.20000000000004547,1.0,0.0,0.0,0.0,0.0,0.0,0.0,66.9,0.0,0.5
open_2017_05_08_close_2017_05_08_flight_Fixed Wing_N550ND_before_0_189617,open_2017_05_08_close_2017_05_08_flight_Fixed Wing_N550ND_before_0_189617,801,4005,4034,0.0004907000000002881,3.600000000858472e-05,18.0,0.0,0.0,0.6099999999999994,180.81999999999994,0.20999999999999996,2.39,0.03,0.16,0.10000000000002274,0.20000000000001705,0.0,0.0,1.7999999999999998,0.3,0.0,0.0,0.040000000000000036,0.030000000000001137,0.1699999999999946,0.7000000000000455,0.3499999999999659,0.14999999999997726,8.759999999999991,7.809999999999945,1.0,0.0,0.0,0.0,0.0,0.0,0.0,114.20000000000005,0.0,0.0
open_2017_05_08_close_2017_05_08_flight_Fixed Wing_N550ND_before_0_189617,open_2017_05_08_close_2017_05_08_flight_Fixed Wing_N550ND_before_0_189617,802,4010,4039,0.00046650000000170166,1.8999999994662176e-05,4.0,0.0,0.0,1.3799999999999955,194.51999999999998,1.2999999999999998,0.7200000000000001,0.01,0.0,0.0,0.30000000000001137,0.0,0.0,0.10000000000000009,1.3645500000000002e-18,0.16000000000000014,0.0,0.0,0.0,0.19000000000001194,9.400000000000091,0.5900000000000318,0.28000000000002956,2.6799999999998363,3.839999999999918,3.0,0.0,0.0,0.0,0.0,0.0,0.0,271.70000000000005,0.0,0.0
open_2017_05_08_close_2017_05_08_flight_Fixed Wing_N550ND_before_0_189617,open_2017_05_08_close_2017_05_08_flight_Fixed Wing_N550ND_before_0_189617,803,4015,4044,0.0005201000000027989,0.00010220000000060736,5.0,0.0,0.3000000000000007,2.260000000000005,33.31999999999999,0.6500000000000004,8.159999999999998,0.06,0.06,4.599999999999994,3.0,0.0,0.0,0.0,1.3645500000000002e-18,0.17999999999999972,0.060000000000002274,0.06000000000000005,0.04999999999998295,0.3100000000000023,23.100000000000136,0.75,0.410000000000025,4.710000000000036,3.0700000000001637,5.0,0.0,0.0,0.0,0.0,0.0,0.0,43.299999999999955,0.0,0.0
open_2017_05_08_close_2017_05_08_flight_Fixed Wing_N550ND_before_0_189617,open_2017_05_08_close_2017_05_08_flight_Fixed Wing_N550ND_before_0_189617,804,4020,4049,0.00027159999999781803,0.0004127999999923304,0.0,0.0,0.0,1.2700000000000102,181.41,1.45,1.75,0.04,0.0,7.299999999999997,5.300000000000011,0.0,0.0,0.10000000000000009,1.3645500000000002e-18,0.23000000000000043,0.08999999999999986,0.0,0.060000000000002274,0.030000000000001137,6.2000000000000455,0.75,0.5100000000000477,4.2999999999999545,4.009999999999991,1.0,0.0,0.0,0.0,0.0,0.0,0.0,157.5,0.0,0.0
open_2017_05_08_close_2017_05_08_flight_Fixed Wing_N550ND_before_0_189617,open_2017_05_08_close_2017_05_08_flight_Fixed Wing_N550ND_before_0_189617,805,4025,4054,8.629999999953952e-05,0.0005321999999949867,10.0,0.0,0.0,0.8599999999999994,110.19999999999999,0.1200000000000001,4.34,0.010000000000000002,0.030000000000000002,6.800000000000011,5.8999999999999915,0.0,0.0,0.0,1.3645500000000002e-18,0.05000000000000071,0.08999999999999986,0.11000000000000032,0.04999999999998295,0.4399999999999977,23.09999999999991,0.8000000000000114,0.5400000000000205,0.5199999999999818,5.160000000000082,2.0,0.0,0.0,0.0,0.0,0.0,0.0,102.40000000000009,0.0,0.0
open_2017_05_08_close_2017_05_08_flight_Fixed Wing_N550ND_before_0_189617,open_2017_05_08_close_2017_05_08_flight_Fixed Wing_N550ND_before_0_189617,806,4030,4059,2.199999999419333e-05,0.000494800000012674,16.0,0.0,0.0,0.6000000000000085,83.83999999999992,1.0899999999999999,0.18999999999999995,0.01,0.32999999999999996,1.1999999999999886,0.3999999999999915,0.0,0.0,0.0,1.3645500000000002e-18,0.28999999999999915,0.05000000000000071,0.04999999999999982,0.06999999999999318,0.1600000000000108,4.2999999999999545,0.7400000000000091,0.5699999999999932,2.410000000000082,4.519999999999982,2.0,0.0,0.0,0.0,0.0,0.0,0.0,157.5,0.0,0.0
open_2017_05_08_close_2017_05_08_flight_Fixed Wing_N550ND_before_0_189617,open_2017_05_08_close_2017_05_08_flight_Fixed Wing_N550ND_before_0_189617,807,4035,4064,1.4000000000180535e-05,0.000549000000006572,4.0,0.0,0.0,0.39000000000000057,159.33000000000004,0.25,0.029999999999999916,0.0,0.01,0.6000000000000085,0.09999999999999432,0.0,0.09999999999999787,0.0,1.3645500000000002e-18,0.16000000000000014,0.03999999999999915,0.0,0.040000000000020464,0.14999999999999147,5.099999999999909,0.6800000000000068,0.5099999999999909,1.5499999999999545,2.650000000000091,1.0,0.0,0.0,0.0,0.0,0.0,0.0,82.70000000000005,0.0,0.0
open_2017_05_08_close_2017_05_08_flight_Fixed Wing_N550ND_before_0_189617,open_2017_05_08_close_2017_05_08_flight_Fixed Wing_N550ND_before_0_189617,808,4040,4069,4.999999987376214e-07,0.00057269999999221,14.0,0.0,0.0,0.480000000000004,156.61999999999995,0.6499999999999999,7.72,0.03,0.020000000000000004,3.4000000000000057,1.6000000000000085,0.0,0.0,0.0,1.3645500000000002e-18,0.21000000000000085,0.05000000000000071,0.029999999999999805,0.06999999999999318,0.0,11.399999999999864,0.6899999999999977,0.5300000000000296,0.06999999999993634,0.9800000000000182,2.0,0.0,0.0,0.0,0.0,0.0,0.0,11.799999999999955,0.0,0.5
open_2017_05_08_close_2017_05_08_flight_Fixed Wing_N550ND_before_0_189617,open_2017_05_08_close_2017_05_08_flight_Fixed Wing_N550ND_before_0_189617,809,4045,4074,0.0001602999999974486,0.00033460000000218315,7.0,0.0,0.1999999999999993,2.200000000000003,31.979999999999905,0.7200000000000002,2.9200000000000017,0.03,0.13,10.2,7.899999999999999,0.0,0.09999999999999787,0.0,1.3645500000000002e-18,0.0,0.120000000000001,0.040000000000000036,0.04999999999998295,0.060000000000002274,2.5,0.6000000000000227,0.5099999999999909,1.1400000000001,0.7100000000000364,1.0,0.0,0.0,0.0,0.0,0.0,0.0,110.19999999999993,0.0,0.5
open_2017_05_08_close_2017_05_08_flight_Fixed Wing_N550ND_before_0_189617,open_2017_05_08_close_2017_05_08_flight_Fixed Wing_N550ND_before_0_189617,810,4050,4079,0.0003114999999951351,7.979999999463416e-05,8.0,0.0,0.0,0.38999999999999346,5.800000000000011,0.07000000000000028,1.0800000000000018,0.009999999999999998,0.2,4.7,6.299999999999999,0.0,0.0,0.0,1.3645500000000002e-18,0.10999999999999943,0.0,0.009999999999999787,0.0,0.21000000000000085,11.799999999999955,0.5600000000000023,0.5199999999999818,0.4499999999998181,0.6499999999998636,1.0,0.0,0.0,0.0,0.0,0.0,0.0,67.0,0.0,0.0
open_2017_05_08_close_2017_05_08_flight_Fixed Wing_N550ND_before_0_189617,open_2017_05_08_close_2017_05_08_flight_Fixed Wing_N550ND_before_0_189617,811,4055,4084,0.00031150000000224054,3.999999999848569e-05,18.0,0.0,0.0,0.3299999999999983,179.02999999999997,1.6400000000000001,2.44,0.04,0.12,0.30000000000001137,1.5,0.0,0.0,0.0,1.3645500000000002e-18,0.04999999999999716,0.03999999999999915,0.010000000000000231,0.020000000000010232,0.12000000000000455,7.099999999999909,0.5800000000000409,0.5400000000000205,0.6499999999998636,0.7599999999999909,2.0,0.0,0.0,0.0,0.0,0.0,0.0,125.89999999999998,0.0,0.5
open_2017_05_08_close_2017_05_08_flight_Fixed Wing_N550ND_before_0_189617,open_2017_05_08_close_2017_05_08_flight_Fixed Wing_N550ND_before_0_189617,812,4060,4089,0.0002420000000000755,1.7100000007985727e-05,9.0,0.0,0.0,0.240000000000002,9.350000000000023,0.07000000000000028,1.81,0.04,0.03,0.10000000000002274,0.5,0.10000000000000142,0.0,0.0,1.3645500000000002e-18,0.08000000000000185,0.0,0.010000000000000231,0.009999999999990905,0.269999999999996,18.399999999999864,0.5099999999999909,0.45999999999997954,2.3900000000001,4.930000000000064,0.0,0.0,0.0,0.0,0.0,0.0,0.0,7.899999999999977,0.0,0.0
open_2017_05_08_close_2017_05_08_flight_Fixed Wing_N550ND_before_0_189617,open_2017_05_08_close_2017_05_08_flight_Fixed Wing_N550ND_before_0_189617,813,4065,4094,0.00024959999999651927,2.8599999993161873e-05,0.0,0.0,0.0,0.4100000000000037,207.62,0.45999999999999996,1.7999999999999998,0.08,0.020000000000000004,2.5,0.10000000000002274,0.10000000000000142,0.0,0.0,1.3645500000000002e-18,0.17999999999999972,0.0,0.0,0.009999999999990905,0.14000000000000057,3.2999999999999545,0.5800000000000409,0.4700000000000273,1.9700000000000273,5.2800000000002,3.0,0.0,0.0,0.0,0.0,0.0,0.0,70.90000000000003,0.0,0.0
open_2017_05_08_close_2017_05_08_flight_Fixed Wing_N550ND_before_0_189617,open_2017_05_08_close_2017_05_08_flight_Fixed Wing_N550ND_before_0_189617,814,4070,4099,0.0003037999999975227,3.31999999900745e-05,11.999999999999886,0.0,0.0,0.2700000000000031,100.19999999999993,0.2200000000000002,0.19,0.060000000000000005,0.01,1.3000000000000114,0.19999999999998863,0.10000000000000142,0.0,0.10000000000000009,1.3645500000000002e-18,0.0,0.04999999999999716,1.2000000000000002,0.010000000000019327,2.8699999999999974,129.5,0.410000000000025,0.37000000000000455,1.0900000000001455,1.0200000000002092,1.0,0.0,0.0,0.0,0.0,0.0,0.0,94.5,0.0,0.5
open_2017_05_08_close_2017_05_08_flight_Fixed Wing_N550ND_before_0_189617,open_2017_05_08_close_2017_05_08_flight_Fixed Wing_N550ND_before_0_189617,815,4075,4104,0.00025420000000053733,3.31999999900745e-05,3.0,0.0,0.0,0.1599999999999966,88.76999999999998,0.52,0.9900000000000001,0.03,0.05,1.0,0.0,0.0,0.0,0.0,1.3645500000000002e-18,0.10999999999999943,0.0,0.010000000000000675,0.05000000000001137,0.14999999999999147,19.5,0.410000000000025,0.38999999999998636,6.6599999999998545,5.600000000000136,2.0,0.0,0.0,0.0,0.0,0.0,0.0,157.5,0.0,0.5
open_2017_05_08_close_2017_05_08_flight_Fixed Wing_N550ND_before_0_189617,open_2017_05_08_close_2017_05_08_flight_Fixed Wing_N550ND_before_0_189617,816,4080,4109,0.00028559999999799857,2.099999998961266e-05,5.0,0.0,0.0,0.05999999999999517,37.52000000000004,0.25,1.9099999999999997,0.019999999999999997,0.01,1.1000000000000227,0.30000000000001137,0.0,0.0,0.10000000000000009,1.3645500000000002e-18,0.0,0.0400000000000027,0.020000000000000462,0.10000000000002274,0.0799999999999983,2.0,0.22000000000002728,0.29000000000002046,3.4699999999998,2.759999999999991,1.0,0.0,0.0,0.0,0.0,0.0,0.0,39.400000000000034,0.0,0.0
open_2017_05_08_close_2017_05_08_flight_Fixed Wing_N550ND_before_0_189617,open_2017_05_08_close_2017_05_08_flight_Fixed Wing_N550ND_before_0_189617,817,4085,4114,0.0002939999999966858,3.629999999077427e-05,7.0,0.0,0.0,0.20999999999999375,29.029999999999973,1.2,0.009999999999999898,0.0,0.11,0.8000000000000114,0.10000000000002274,0.0,0.0,0.0,1.3645500000000002e-18,0.0,0.0,0.8899999999999997,0.0800000000000125,1.0,61.40000000000009,0.1500000000000341,0.25,2.009999999999991,0.8399999999999181,1.0,0.0,0.0,0.0,0.0,0.0,0.0,43.30000000000001,0.0,0.5
open_2017_05_08_close_2017_05_08_flight_Fixed Wing_N550ND_before_0_189617,open_2017_05_08_close_2017_05_08_flight_Fixed Wing_N550ND_before_0_189617,818,4090,4119,0.0004542000000000712,6.369999999833453e-05,2.0,0.0,0.0,0.36999999999999744,35.77,1.48,7.38,0.07,0.06,0.30000000000001137,0.0999999999999659,0.0,0.0,0.0,1.3645500000000002e-18,0.0799999999999983,0.11000000000000298,0.08000000000000007,0.020000000000010232,0.23000000000000398,1.0,0.20999999999997954,0.39999999999997726,4.6099999999999,0.9700000000000273,1.0,0.0,0.0,0.0,0.0,0.0,0.0,11.800000000000011,0.0,0.5
open_2017_05_08_close_2017_05_08_flight_Fixed Wing_N550ND_before_0_189617,open_2017_05_08_close_2017_05_08_flight_Fixed Wing_N550ND_before_0_189617,819,4095,4124,0.0002838999999994485,3.31999999900745e-05,1.0,0.0,0.0,0.14000000000000057,12.430000000000007,1.0,0.8199999999999998,0.05,0.060000000000000005,2.2000000000000455,0.6999999999999886,0.0,0.0,0.10000000000000009,1.3645500000000002e-18,0.08000000000000185,0.05000000000000071,0.05999999999999961,0.030000000000001137,0.12999999999999545,5.400000000000091,0.020000000000038654,0.08000000000004093,2.4600000000000364,0.8700000000001182,3.0,0.0,0.0,0.0,0.0,0.0,0.0,90.5,0.0,0.0
open_2017_05_08_close_2017_05_08_flight_Fixed Wing_N550ND_before_0_189617,open_2017_05_08_close_2017_05_08_flight_Fixed Wing_N550ND_before_0_189617,820,4100,4129,0.00024280000000231894,2.8599999993161873e-05,4.0,0.0,0.1999999999999993,0.240000000000002,52.00999999999999,0.13,1.79,0.019999999999999997,0.06999999999999999,0.4000000000000341,0.6000000000000227,0.10000000000000142,0.0,0.0,1.3645500000000002e-18,0.05999999999999872,0.07000000000000028,0.8399999999999999,0.07999999999998408,1.4499999999999886,52.09999999999991,0.040000000000020464,0.040000000000020464,2.5499999999999545,0.5899999999999181,1.0,0.0,0.0,0.0,0.0,0.0,0.0,23.599999999999994,0.0,0.5
open_2017_05_08_close_2017_05_08_flight_Fixed Wing_N550ND_before_0_189617,open_2017_05_08_close_2017_05_08_flight_Fixed Wing_N550ND_before_0_189617,821,4105,4134,0.000248200000001475,2.8599999993161873e-05,1.0,0.0,0.0,0.7800000000000011,79.63999999999999,0.67,1.82,0.01,0.11,0.30000000000001137,0.0,0.0,0.0,0.0,1.3645500000000002e-18,0.16000000000000014,0.03999999999999915,0.2799999999999998,0.07999999999998408,1.4500000000000028,80.10000000000014,0.0999999999999659,0.06999999999999318,3.6900000000000546,12.299999999999955,5.0,0.0,0.0,0.0,0.0,0.0,0.0,129.9,0.0,0.5
open_2017_05_08_close_2017_05_08_flight_Fixed Wing_N550ND_before_0_189617,open_2017_05_08_close_2017_05_08_flight_Fixed Wing_N550ND_before_0_189617,822,4110,4139,0.0001583000000024981,9.500000004436515e-06,2.0,0.0,0.0,1.7000000000000028,79.54999999999998,1.2200000000000006,0.29000000000000004,0.060000000000000005,0.13,2.900000000000034,0.0,0.5,0.3999999999999986,1.5999999999999999,0.6000000000000001,0.0799999999999983,0.0400000000000027,0.06999999999999984,0.0,0.4299999999999997,30.199999999999932,0.3299999999999841,0.160000000000025,51.039999999999964,32.24000000000001,2.0,0.0,0.0,0.0,0.0,0.0,0.0,31.5,0.0,0.5
open_2017_05_08_close_2017_05_08_flight_Fixed Wing_N550ND_before_0_189617,open_2017_05_08_close_2017_05_08_flight_Fixed Wing_N550ND_before_0_189617,823,4115,4144,0.0001699999999971169,1.7100000007985727e-05,0.0,0.0,0.0,1.7899999999999991,39.78,1.75,1.3599999999999999,0.08,0.5,2.0,2.3999999999999773,0.09999999999999787,0.1999999999999993,0.5999999999999996,1.3645500000000002e-18,0.129999999999999,0.15000000000000213,0.06999999999999984,0.009999999999990905,0.03999999999999915,7.2999999999999545,0.4000000000000341,0.12999999999999545,27.17999999999995,21.470000000000027,4.0,0.0,0.0,0.0,0.0,0.0,0.0,67.0,0.0,0.5
open_2017_05_08_close_2017_05_08_flight_Fixed Wing_N550ND_before_0_189617,open_2017_05_08_close_2017_05_08_flight_Fixed Wing_N550ND_before_0_189617,824,4120,4149,7.570000000356458e-05,1.3400000000274304e-05,3.0,0.0,0.0,3.1900000000000013,57.39,0.10000000000000009,0.1399999999999999,0.1,0.019999999999999997,0.20000000000004547,0.7000000000000455,0.10000000000000142,0.10000000000000142,1.0,1.3645500000000002e-18,0.13000000000000256,0.0,0.039999999999999813,0.01999999999998181,0.13000000000000256,13.300000000000068,0.5099999999999909,0.2300000000000182,16.100000000000023,18.970000000000027,3.0,0.0,0.0,0.0,0.0,0.0,0.0,3.9,0.0,0.0
open_2017_05_08_close_2017_05_08_flight_Fixed Wing_N550ND_before_0_189617,open_2017_05_08_close_2017_05_08_flight_Fixed Wing_N550ND_before_0_189617,825,4125,4154,0.0001144000000010692,1.3400000000274304e-05,2.0,0.0,0.0,1.0499999999999972,46.88,0.23999999999999977,0.17000000000000015,0.06,0.010000000000000002,1.3000000000000114,0.0,0.0,0.09999999999999787,0.9000000000000004,0.1,0.28999999999999915,0.07000000000000028,4.79,0.07999999999998408,9.289999999999992,745.8,0.6400000000000432,0.3199999999999932,77.79000000000008,42.32000000000005,1.0,0.0,0.0,0.0,0.0,0.0,0.0,1.81956e-16,0.0,0.0
open_2017_05_08_close_2017_05_08_flight_Fixed Wing_N550ND_before_0_189617,open_2017_05_08_close_2017_05_08_flight_Fixed Wing_N550ND_before_0_189617,826,4130,4159,0.00016290000000651617,3.629999999077427e-05,3.0,0.0,0.0,2.990000000000002,37.68000000000001,0.14000000000000012,0.010000000000000009,0.030000000000000006,0.010000000000000002,0.19999999999998863,0.30000000000001137,0.0,0.0,0.6000000000000005,0.1,0.129999999999999,0.15000000000000213,0.0,0.04999999999998295,0.6700000000000017,8.199999999999818,0.5199999999999818,0.30999999999994543,45.539999999999964,26.25999999999999,2.0,0.0,0.0,0.0,0.0,0.0,0.0,0.0,0.0,0.0
open_2017_05_08_close_2017_05_08_flight_Fixed Wing_N550ND_before_0_189617,open_2017_05_08_close_2017_05_08_flight_Fixed Wing_N550ND_before_0_189617,827,4135,4164,0.00023570000000461278,5.9199999995485086e-05,3.0,0.0,0.0,2.1099999999999994,45.67,2.26,2.28,0.02,0.09000000000000001,2.8999999999999773,0.19999999999998863,0.0,0.0,0.2999999999999998,1.3645500000000002e-18,0.1999999999999993,0.08999999999999986,0.009999999999999787,0.13999999999998636,0.03999999999999204,6.199999999999818,0.18999999999999773,0.06999999999999318,12.259999999999991,10.61999999999989,1.0,0.0,0.0,0.0,0.0,0.0,0.0,110.3,0.0,0.0
open_2017_05_08_close_2017_05_08_flight_Fixed Wing_N550ND_before_0_189617,open_2017_05_08_close_2017_05_08_flight_Fixed Wing_N550ND_before_0_189617,828,4140,4169,0.0004203999999958796,5.700000002661909e-06,20.0,0.0,0.0,0.8299999999999983,121.32999999999998,1.1900000000000013,1.0499999999999998,0.02,0.05,1.5,357.59999999999997,0.10000000000000142,0.0,0.3999999999999999,1.3645500000000002e-18,0.0,0.04999999999999716,0.02000000000000135,0.21999999999999886,0.21000000000000796,4.900000000000091,0.7599999999999909,0.26000000000004775,10.440000000000055,8.740000000000009,5.0,0.0,0.0,0.0,0.0,0.0,0.0,70.90000000000003,0.0,0.5
open_2017_05_08_close_2017_05_08_flight_Fixed Wing_N550ND_before_0_189617,open_2017_05_08_close_2017_05_08_flight_Fixed Wing_N550ND_before_0_189617,829,4145,4174,0.00028310000000431046,1.629999999863685e-05,5.0,0.0,0.0,1.0300000000000011,117.72000000000003,0.5099999999999998,1.63,0.1,0.24,1.3000000000000114,0.4000000000000341,0.0,0.0,0.20000000000000018,1.3645500000000002e-18,0.129999999999999,0.04999999999999716,0.16000000000000014,0.03999999999999204,0.1700000000000017,11.0,0.5800000000000409,0.2400000000000091,2.7999999999999545,3.3999999999998636,1.0,0.0,0.0,0.0,0.0,0.0,0.0,137.8,0.0,0.5
open_2017_05_08_close_2017_05_08_flight_Fixed Wing_N550ND_before_0_189617,open_2017_05_08_close_2017_05_08_flight_Fixed Wing_N550ND_before_0_189617,830,4150,4179,0.00024109999999666343,3.920000000334767e-05,7.0,0.0,0.0,0.9299999999999997,23.939999999999998,0.3200000000000003,1.0700000000000003,0.06999999999999999,0.11000000000000001,0.8000000000000114,0.4000000000000341,0.0,0.0,0.20000000000000018,1.3645500000000002e-18,0.0,0.0,0.1399999999999988,0.0,0.20000000000000284,18.799999999999727,0.75,0.4500000000000455,1.990000000000009,2.150000000000091,2.0,0.0,0.0,0.0,0.0,0.0,0.0,66.89999999999998,0.0,0.0
open_2017_05_08_close_2017_05_08_flight_Fixed Wing_N550ND_before_0_189617,open_2017_05_08_close_2017_05_08_flight_Fixed Wing_N550ND_before_0_189617,831,4155,4184,0.00028300000000314185,3.7900000009472024e-05,10.0,0.0,0.0,0.28999999999999915,36.25,0.5600000000000005,2.53,0.019999999999999997,0.08,1.0,0.4000000000000341,0.0,0.0,0.0,1.3645500000000002e-18,0.0,0.0,0.0600000000000005,0.030000000000001137,0.23000000000000398,1.0,0.7199999999999704,0.4399999999999977,1.5699999999999363,0.9600000000000364,0.0,0.0,0.0,0.0,0.0,0.0,0.0,19.700000000000045,0.0,0.0
open_2017_05_08_close_2017_05_08_flight_Fixed Wing_N550ND_before_0_189617,open_2017_05_08_close_2017_05_08_flight_Fixed Wing_N550ND_before_0_189617,832,4160,4189,0.0002478999999979692,2.2600000008310417e-05,11.0,0.0,0.3000000000000007,0.37000000000000455,36.65999999999997,0.11000000000000121,0.5,0.019999999999999997,0.03,0.2999999999999545,0.19999999999998863,0.0,0.0,0.09999999999999987,1.3645500000000002e-18,0.0,0.05000000000000071,0.08000000000000007,0.03999999999999204,0.20999999999999375,7.300000000000182,0.7799999999999727,0.5099999999999909,1.0199999999999818,1.25,1.0,0.0,0.0,0.0,0.0,0.0,0.0,19.699999999999932,0.0,0.0
open_2017_05_08_close_2017_05_08_flight_Fixed Wing_N550ND_before_0_189617,open_2017_05_08_close_2017_05_08_flight_Fixed Wing_N550ND_before_0_189617,833,4165,4194,0.0003279999999961092,2.3099999992837184e-05,12.0,0.0,0.0,0.01999999999999602,9.759999999999991,0.019999999999999574,1.8599999999999999,0.010000000000000002,0.06,0.5999999999999659,0.19999999999998863,0.0,0.0,0.0,1.3645500000000002e-18,0.10000000000000142,0.07000000000000028,0.1399999999999988,0.06999999999999318,0.46999999999999886,5.900000000000091,0.7700000000000387,0.5500000000000114,0.4600000000000364,1.2200000000000273,0.0,0.0,0.0,0.0,0.0,0.0,0.0,35.39999999999998,0.0,0.0
open_2017_05_08_close_2017_05_08_flight_Fixed Wing_N550ND_before_0_189617,open_2017_05_08_close_2017_05_08_flight_Fixed Wing_N550ND_before_0_189617,834,4170,4199,0.0006017999999983203,6.890000000225882e-05,28.0,0.0,0.0,0.6199999999999974,95.76999999999998,0.20999999999999908,4.71,0.06,0.04,2.0,0.0,0.0,0.0,0.09999999999999987,1.3645500000000002e-18,0.05000000000000071,0.03999999999999915,0.0,0.09999999999999432,0.4399999999999977,7.800000000000182,1.4399999999999977,1.1399999999999864,0.11000000000012733,0.7999999999999545,1.0,0.0,0.0,0.0,0.0,0.0,0.0,90.5,0.0,0.5
open_2017_05_08_close_2017_05_08_flight_Fixed Wing_N550ND_before_0_189617,open_2017_05_08_close_2017_05_08_flight_Fixed Wing_N550ND_before_0_189617,835,4175,4204,0.00025519999999801257,4.5999999997548e-05,13.0,0.0,0.0,0.03999999999999915,7.529999999999973,0.1899999999999995,0.73,0.049999999999999996,0.009999999999999998,1.0,0.20000000000004547,0.0,0.0,0.0,1.3645500000000002e-18,0.030000000000001137,0.05000000000000071,0.1899999999999995,0.04999999999998295,1.0200000000000102,9.800000000000182,0.6299999999999955,0.5099999999999909,0.3500000000001364,0.22000000000002728,0.0,0.0,0.0,0.0,0.0,0.0,0.0,15.700000000000045,0.0,0.0
open_2017_05_08_close_2017_05_08_flight_Fixed Wing_N550ND_before_0_189617,open_2017_05_08_close_2017_05_08_flight_Fixed Wing_N550ND_before_0_189617,836,4180,4209,0.00030859999999677257,4.5999999997548e-05,11.0,0.0,0.0,0.22999999999999687,48.08999999999992,0.28999999999999915,0.20999999999999996,0.019999999999999997,0.12,1.400000000000034,0.30000000000001137,0.0,0.0,0.10000000000000009,1.3645500000000002e-18,0.029999999999997584,0.05000000000000071,0.11000000000000121,0.030000000000001137,0.010000000000005116,2.700000000000273,0.7699999999999818,0.57000000000005,0.5,0.03999999999996362,1.0,0.0,0.0,0.0,0.0,0.0,0.0,125.89999999999998,0.0,0.0
open_2017_05_08_close_2017_05_08_flight_Fixed Wing_N550ND_before_0_189617,open_2017_05_08_close_2017_05_08_flight_Fixed Wing_N550ND_before_0_189617,837,4185,4214,0.0002848999999969237,2.3500000011722477e-05,11.0,0.0,0.0,0.05999999999999517,4.059999999999945,0.34999999999999964,0.64,0.0,0.060000000000000005,0.5,0.5,0.0,0.09999999999999787,0.10000000000000009,1.3645500000000002e-18,0.0,0.0,0.019999999999999574,0.020000000000010232,0.04000000000000625,0.5,0.75,0.5799999999999841,0.2999999999999545,0.19000000000005457,0.0,0.0,0.0,0.0,0.0,0.0,0.0,110.19999999999993,0.0,0.5
open_2017_05_08_close_2017_05_08_flight_Fixed Wing_N550ND_before_0_189617,open_2017_05_08_close_2017_05_08_flight_Fixed Wing_N550ND_before_0_189617,838,4190,4219,0.000332000000000221,2.0000000233721948e-07,13.0,0.0,0.0,0.01999999999999602,2.42999999999995,0.8100000000000005,0.8899999999999999,0.009999999999999998,0.07,0.0,0.39999999999997726,0.10000000000000142,0.0,0.10000000000000009,1.3645500000000002e-18,0.030000000000001137,0.05000000000000071,0.05000000000000071,0.020000000000010232,0.7800000000000011,3.700000000000273,0.7199999999999704,0.589999999999975,0.38000000000010914,0.6900000000000546,1.0,0.0,0.0,0.0,0.0,0.0,0.0,70.89999999999998,0.0,0.5
open_2017_05_08_close_2017_05_08_flight_Fixed Wing_N550ND_before_0_189617,open_2017_05_08_close_2017_05_08_flight_Fixed Wing_N550ND_before_0_189617,839,4195,4224,0.00029689999999504835,1.4199999995412327e-05,11.0,0.0,0.0,0.36999999999999034,36.19999999999999,0.7799999999999994,0.03000000000000025,0.019999999999999997,0.05,0.7000000000000455,0.2999999999999545,0.0,0.0,0.10000000000000009,1.3645500000000002e-18,0.0799999999999983,0.05000000000000071,0.11000000000000121,0.010000000000019327,0.09000000000000341,0.40000000000009095,0.7200000000000273,0.5400000000000205,0.07999999999992724,0.39000000000010004,0.0,0.0,0.0,0.0,0.0,0.0,0.0,94.5,0.0,0.0
open_2017_05_08_close_2017_05_08_flight_Fixed Wing_N550ND_before_0_189617,open_2017_05_08_close_2017_05_08_flight_Fixed Wing_N550ND_before_0_189617,840,4200,4229,0.0002883999999951925,1.3400000000274304e-05,16.0,0.0,0.0,0.060000000000002274,102.87,0.1899999999999995,1.62,0.0,0.03,0.39999999999997726,0.39999999999997726,0.10000000000000142,0.0,0.0,1.3645500000000002e-18,0.04999999999999716,0.0,0.05999999999999872,0.009999999999990905,0.2599999999999909,2.300000000000182,0.7900000000000205,0.6099999999999568,0.6600000000000819,0.029999999999972715,0.0,0.0,0.0,0.0,0.0,0.0,0.0,15.700000000000045,0.0,0.0
open_2017_05_08_close_2017_05_08_flight_Fixed Wing_N550ND_before_0_189617,open_2017_05_08_close_2017_05_08_flight_Fixed Wing_N550ND_before_0_189617,841,4205,4234,0.00027999999999650527,1.7999999997186933e-05,11.0,0.0,0.0,0.7800000000000011,47.90000000000009,0.8799999999999999,0.82,0.030000000000000002,0.09000000000000001,0.5,0.8999999999999773,0.0,0.0,0.0,1.3645500000000002e-18,0.0,0.10000000000000142,0.5099999999999998,0.030000000000001137,0.269999999999996,7.299999999999727,0.7100000000000364,0.6099999999999568,4.680000000000064,3.0699999999999363,1.0,0.0,0.0,0.0,0.0,0.0,0.0,252.0,0.0,0.5
open_2017_05_08_close_2017_05_08_flight_Fixed Wing_N550ND_before_0_189617,open_2017_05_08_close_2017_05_08_flight_Fixed Wing_N550ND_before_0_189617,842,4210,4239,0.0003049999999973352,7.279999999809661e-05,3.0,0.0,0.0,1.269999999999996,106.51,0.22999999999999998,0.5499999999999999,0.019999999999999997,0.01,0.10000000000002274,0.19999999999998863,0.0,0.0,0.0,1.3645500000000002e-18,0.0,0.0,0.9199999999999999,0.030000000000001137,0.6600000000000108,49.40000000000009,0.6399999999999864,0.5400000000000205,3.740000000000009,4.800000000000182,2.0,0.0,0.0,0.0,0.0,0.0,0.0,11.800000000000011,0.0,0.0
open_2017_05_08_close_2017_05_08_flight_Fixed Wing_N550ND_before_0_189617,open_2017_05_08_close_2017_05_08_flight_Fixed Wing_N550ND_before_0_189617,843,4215,4244,0.00030259999999771026,7.109999999954653e-05,4.0,0.0,0.0,0.12999999999999545,33.94999999999999,0.08000000000000007,0.17999999999999994,1.81093e-19,0.06,0.30000000000001137,0.39999999999997726,0.0,0.0,0.10000000000000009,1.3645500000000002e-18,0.21000000000000085,0.0,0.34999999999999964,0.030000000000001137,0.23000000000000398,25.0,0.6100000000000136,0.5300000000000296,3.8199999999999363,1.3200000000001637,0.0,0.0,0.0,0.0,0.0,0.0,0.0,15.800000000000011,0.0,0.0
open_2017_05_08_close_2017_05_08_flight_Fixed Wing_N550ND_before_0_189617,open_2017_05_08_close_2017_05_08_flight_Fixed Wing_N550ND_before_0_189617,844,4220,4249,0.00034210000000456375,1.4399999997749546e-05,3.0,0.0,0.0,0.12999999999999545,149.07999999999998,0.40000000000000036,0.010000000000000231,0.0,0.0,0.0,0.39999999999997726,0.10000000000000142,0.0,0.10000000000000009,1.3645500000000002e-18,0.21999999999999886,0.0,0.020000000000000462,0.01999999999998181,0.030000000000001137,2.800000000000182,0.4900000000000091,0.5199999999999818,2.8900000000001,0.7199999999997999,0.0,0.0,0.0,0.0,0.0,0.0,0.0,70.80000000000001,0.0,0.5
open_2017_05_08_close_2017_05_08_flight_Fixed Wing_N550ND_before_0_189617,open_2017_05_08_close_2017_05_08_flight_Fixed Wing_N550ND_before_0_189617,845,4225,4254,0.000358699999999601,2.3699999999848842e-05,3.0,0.0,0.0,0.46000000000000796,39.03,0.2599999999999998,0.43999999999999995,0.01,0.1,0.30000000000001137,0.0999999999999659,0.0,0.0,0.0,1.3645500000000002e-18,0.05999999999999872,0.05999999999999872,0.04999999999999982,0.009999999999990905,0.04999999999999716,6.200000000000273,0.22000000000002728,0.30000000000001137,2.130000000000109,0.5,1.0,0.0,0.0,0.0,0.0,0.0,0.0,43.3,0.0,0.0
open_2017_05_08_close_2017_05_08_flight_Fixed Wing_N550ND_before_0_189617,open_2017_05_08_close_2017_05_08_flight_Fixed Wing_N550ND_before_0_189617,846,4230,4259,0.0003524000000041383,5.420000000810887e-05,0.0,0.0,0.0,0.04999999999999716,81.36,0.1499999999999999,0.9099999999999999,0.02,0.08,0.6999999999999886,0.5,0.10000000000000142,0.0,0.10000000000000009,1.3645500000000002e-18,0.0799999999999983,0.0,0.0,0.020000000000010232,0.1699999999999875,9.400000000000091,0.08999999999997499,0.12999999999999545,1.5899999999999181,0.6199999999998909,2.0,0.0,0.0,0.0,0.0,0.0,0.0,31.500000000000007,0.0,0.0
open_2017_05_08_close_2017_05_08_flight_Fixed Wing_N550ND_before_0_189617,open_2017_05_08_close_2017_05_08_flight_Fixed Wing_N550ND_before_0_189617,847,4235,4264,0.00031180000000574637,3.1399999997461236e-05,4.0,0.0,0.0,0.12000000000000455,62.08,0.26000000000000023,0.73,0.030000000000000002,0.14,0.10000000000002274,0.0999999999999659,0.0,0.0,0.10000000000000009,1.3645500000000002e-18,0.0,0.0,0.020000000000000462,0.030000000000001137,0.21999999999999886,8.299999999999727,0.0,0.09000000000003183,0.7400000000000091,1.0,0.0,0.0,0.0,0.0,0.0,0.0,0.0,15.699999999999996,0.0,0.5
open_2017_05_08_close_2017_05_08_flight_Fixed Wing_N550ND_before_0_189617,open_2017_05_08_close_2017_05_08_flight_Fixed Wing_N550ND_before_0_189617,848,4240,4269,0.00038269999999585025,8.000000093488779e-07,1.0,0.0,0.0,0.2600000000000051,55.15,0.6099999999999999,1.1400000000000001,0.02,0.060000000000000005,0.0,0.30000000000001137,0.0,0.0,0.10000000000000009,1.3645500000000002e-18,0.05999999999999872,0.0,0.09999999999999964,0.0,0.09000000000000341,13.099999999999909,0.060000000000002274,0.020000000000038654,0.8100000000001728,1.2999999999999545,3.0,0.0,0.0,0.0,0.0,0.0,0.0,19.7,0.0,0.0
open_2017_05_08_close_2017_05_08_flight_Fixed Wing_N550ND_before_0_189617,open_2017_05_08_close_2017_05_08_flight_Fixed Wing_N550ND_before_0_189617,849,4245,4274,0.0003687999999968383,2.200000000129876e-05,0.0,0.0,0.0,0.14000000000000057,63.45,1.0300000000000002,0.050000000000000044,0.02,0.09,0.4000000000000341,0.19999999999998863,0.0,0.0,0.0,1.3645500000000002e-18,0.10999999999999943,0.05000000000000071,0.0,0.030000000000001137,0.060000000000002274,12.400000000000091,0.18000000000000682,0.060000000000002274,0.4900000000000091,0.6100000000001273,2.0,0.0,0.0,0.0,0.0,0.0,0.0,137.8,0.0,0.5
open_2017_05_08_close_2017_05_08_flight_Fixed Wing_N550ND_before_0_189617,open_2017_05_08_close_2017_05_08_flight_Fixed Wing_N550ND_before_0_189617,850,4250,4279,0.0003815000000031432,2.4499999994986865e-05,8.0,0.0,0.0,0.12000000000000455,176.19,0.9300000000000002,2.67,0.04,0.15,1.400000000000034,0.19999999999998863,0.0,0.0,0.0,1.3645500000000002e-18,0.10999999999999943,0.05999999999999872,0.019999999999999574,0.0,0.1799999999999926,14.900000000000091,0.12999999999999545,0.049999999999954525,0.8899999999998727,0.2699999999999818,4.0,0.0,0.0,0.0,0.0,0.0,0.0,19.700000000000003,0.0,0.0
open_2017_05_08_close_2017_05_08_flight_Fixed Wing_N550ND_before_0_189617,open_2017_05_08_close_2017_05_08_flight_Fixed Wing_N550ND_before_0_189617,851,4255,4284,0.00035760000000095715,5.58999999924481e-05,2.0,0.0,0.0,0.45000000000000284,136.73,0.25,1.5200000000000005,0.020000000000000004,0.03,1.6999999999999886,2.0,0.0,0.0,0.0,1.3645500000000002e-18,0.10999999999999943,0.0,0.020000000000000462,0.0,0.01999999999999602,3.5,0.13999999999998636,0.07999999999998408,0.5299999999999727,0.5599999999999454,1.0,0.0,0.0,0.0,0.0,0.0,0.0,7.899999999999999,0.0,0.5
open_2017_05_08_close_2017_05_08_flight_Fixed Wing_N550ND_before_0_189617,open_2017_05_08_close_2017_05_08_flight_Fixed Wing_N550ND_before_0_189617,852,4260,4289,0.00036349999999885085,6.190000000572127e-05,1.0,0.0,0.0,0.14999999999999147,1.1700000000000017,0.1499999999999999,1.06,0.009999999999999995,0.05,1.1999999999999886,0.4000000000000341,0.0,0.0,0.0,1.3645500000000002e-18,0.28999999999999915,0.09999999999999787,0.02999999999999936,0.01999999999998181,0.39000000000000057,1.099999999999909,0.18000000000000682,0.12999999999999545,0.7400000000000091,0.4700000000000273,1.0,0.0,0.0,0.0,0.0,0.0,0.0,66.9,0.0,0.0
open_2017_05_08_close_2017_05_08_flight_Fixed Wing_N550ND_before_0_189617,open_2017_05_08_close_2017_05_08_flight_Fixed Wing_N550ND_before_0_189617,853,4265,4294,0.00028480000000286054,2.1300000000223918e-05,1.0,0.0,0.0,0.12000000000000455,78.50999999999999,0.7400000000000002,1.33,0.019999999999999997,0.009999999999999995,0.19999999999998863,0.19999999999998863,0.10000000000000142,0.0,0.0,1.3645500000000002e-18,0.0,0.09999999999999787,0.08000000000000007,0.0,0.03999999999999204,4.599999999999909,0.18999999999999773,0.17000000000001592,0.36999999999989086,0.11999999999989086,0.0,0.0,0.0,0.0,0.0,0.0,0.0,137.8,0.0,0.0
open_2017_05_08_close_2017_05_08_flight_Fixed Wing_N550ND_before_0_189617,open_2017_05_08_close_2017_05_08_flight_Fixed Wing_N550ND_before_0_189617,854,4270,4299,0.00029839999999836664,3.490000000283544e-05,7.0,0.0,0.0,0.30000000000001137,37.880000000000024,0.020000000000000462,0.7399999999999998,0.03,0.09,0.8000000000000114,0.20000000000004547,0.10000000000000142,0.0,0.10000000000000009,1.3645500000000002e-18,0.17999999999999972,0.16000000000000014,0.009999999999999787,0.020000000000010232,0.3299999999999983,4.700000000000273,0.19999999999998863,0.20999999999997954,0.7699999999999818,0.7400000000000091,1.0,0.0,0.0,0.0,0.0,0.0,0.0,23.69999999999999,0.0,0.0
open_2017_05_08_close_2017_05_08_flight_Fixed Wing_N550ND_before_0_189617,open_2017_05_08_close_2017_05_08_flight_Fixed Wing_N550ND_before_0_189617,855,4275,4304,0.00029680000000098516,3.329999999834854e-05,0.0,0.0,0.0,0.25,82.68000000000004,0.7600000000000002,0.31999999999999984,0.039999999999999994,0.020000000000000004,0.2999999999999545,0.0,0.10000000000000142,0.0,0.0,1.3645500000000002e-18,0.0,0.0,0.0,0.020000000000010232,0.09000000000000341,2.400000000000091,0.20000000000004547,0.15999999999996817,0.42000000000007276,0.6600000000000819,1.0,0.0,0.0,0.0,0.0,0.0,0.0,78.8,0.0,0.0
open_2017_05_08_close_2017_05_08_flight_Fixed Wing_N550ND_before_0_189617,open_2017_05_08_close_2017_05_08_flight_Fixed Wing_N550ND_before_0_189617,856,4280,4309,0.00036900000000628097,1.1000000057492798e-06,2.0,0.0,0.0,0.28999999999999204,12.509999999999998,0.6699999999999999,0.8600000000000003,0.03,0.010000000000000002,1.0,0.6999999999999886,0.0,0.0,0.0,1.3645500000000002e-18,0.10000000000000142,0.05000000000000071,0.04999999999999982,0.0,0.10999999999999943,11.399999999999636,0.18000000000000682,0.19999999999998863,0.11999999999989086,0.650000000000091,0.0,0.0,0.0,0.0,0.0,0.0,0.0,59.10000000000001,0.0,0.0
open_2017_05_08_close_2017_05_08_flight_Fixed Wing_N550ND_before_0_189617,open_2017_05_08_close_2017_05_08_flight_Fixed Wing_N550ND_before_0_189617,857,4285,4314,0.0003284000000007836,3.1599999999798456e-05,3.0,0.0,0.0,0.8599999999999994,93.45000000000002,0.16999999999999993,9.31,0.06,0.10999999999999999,3.8000000000000114,3.099999999999966,0.0,0.0,0.0,1.3645500000000002e-18,0.05000000000000071,0.05000000000000071,0.16000000000000014,0.020000000000010232,0.03999999999999204,3.099999999999909,0.18999999999999773,0.21999999999997044,0.1999999999998181,0.11000000000012733,2.0,0.0,0.0,0.0,0.0,0.0,0.0,177.2,0.0,0.0
open_2017_05_08_close_2017_05_08_flight_Fixed Wing_N550ND_before_0_189617,open_2017_05_08_close_2017_05_08_flight_Fixed Wing_N550ND_before_0_189617,858,4290,4319,0.0001864000000040278,0.0003539999999873089,3.0,0.0,0.0,0.7399999999999949,127.08000000000004,1.8800000000000001,9.010000000000002,0.05,0.16,11.800000000000011,10.100000000000023,0.0,0.0,0.0,1.3645500000000002e-18,0.10000000000000142,0.11000000000000298,0.03000000000000025,0.009999999999990905,0.03999999999999204,7.099999999999909,0.18999999999999773,0.25,0.19000000000005457,0.6499999999998636,1.0,0.0,0.0,0.0,0.0,0.0,0.0,307.1,0.0,0.0
open_2017_05_08_close_2017_05_08_flight_Fixed Wing_N550ND_before_0_189617,open_2017_05_08_close_2017_05_08_flight_Fixed Wing_N550ND_before_0_189617,859,4295,4324,2.149999999545571e-05,0.0004962000000006128,1.0,0.0,0.0,1.769999999999996,38.97,0.8200000000000001,4.34,0.010000000000000009,0.039999999999999994,2.900000000000034,5.899999999999977,0.0,0.0,0.09999999999999987,1.3645500000000002e-18,0.0799999999999983,0.17999999999999972,0.019999999999999574,0.009999999999990905,0.35999999999999943,3.799999999999727,0.1400000000000432,0.16999999999995907,0.049999999999954525,0.11000000000012733,2.0,0.0,0.0,0.0,0.0,0.0,0.0,19.700000000000017,0.0,0.0
open_2017_05_08_close_2017_05_08_flight_Fixed Wing_N550ND_before_0_189617,open_2017_05_08_close_2017_05_08_flight_Fixed Wing_N550ND_before_0_189617,860,4300,4329,7.790000000085229e-05,0.0005962000000039325,5.0,0.0,0.0,1.1099999999999994,56.25999999999999,0.49,2.03,0.04000000000000001,0.03,0.19999999999998863,0.9000000000000341,0.0,0.0,0.09999999999999987,1.3645500000000002e-18,0.2799999999999976,0.129999999999999,0.1200000000000001,0.010000000000019327,0.27000000000001023,5.5,0.22000000000002728,0.20999999999997954,0.7100000000000364,0.6099999999999,2.0,0.0,0.0,0.0,0.0,0.0,0.0,63.0,0.0,0.0
open_2017_05_08_close_2017_05_08_flight_Fixed Wing_N550ND_before_0_189617,open_2017_05_08_close_2017_05_08_flight_Fixed Wing_N550ND_before_0_189617,861,4305,4334,9.670000000028267e-05,0.000553100000004747,8.0,0.0,0.0,0.46999999999999886,279.7,0.9899999999999998,4.399999999999999,0.1,0.11,1.5,3.6999999999999886,0.10000000000000142,0.0,0.0,1.3645500000000002e-18,0.0,0.23000000000000043,0.020000000000000462,0.010000000000019327,0.4200000000000017,1.400000000000091,0.160000000000025,0.20000000000004547,0.8399999999999181,0.15000000000009095,0.0,0.0,0.0,0.0,0.0,0.0,0.0,74.79999999999998,0.0,0.0
open_2017_05_08_close_2017_05_08_flight_Fixed Wing_N550ND_before_0_189617,open_2017_05_08_close_2017_05_08_flight_Fixed Wing_N550ND_before_0_189617,862,4310,4339,0.00030299999999527927,0.000416599999994105,1.0,0.0,0.0,1.3299999999999983,57.28,0.52,0.19000000000000128,0.03,0.0,5.0,4.699999999999989,0.10000000000000142,0.0,0.0,1.3645500000000002e-18,0.0,0.05000000000000071,0.0699999999999994,0.009999999999990905,0.18999999999999773,2.800000000000182,0.10000000000002274,0.06999999999999318,0.5,0.22000000000002728,1.0,0.0,0.0,0.0,0.0,0.0,0.0,47.2,0.0,0.0
open_2017_05_08_close_2017_05_08_flight_Fixed Wing_N550ND_before_0_189617,open_2017_05_08_close_2017_05_08_flight_Fixed Wing_N550ND_before_0_189617,863,4315,4344,0.00041879999999849815,0.0002476000000086742,2.0,0.0,0.0,0.8100000000000023,28.289999999999992,0.20999999999999996,1.4800000000000004,0.04000000000000001,0.009999999999999995,5.400000000000006,4.5,0.10000000000000142,0.0,0.0,1.3645500000000002e-18,0.05000000000000071,0.129999999999999,0.0600000000000005,0.0,0.1599999999999966,1.599999999999909,0.25,0.27000000000003865,0.17000000000007276,0.21000000000003638,0.0,0.0,0.0,0.0,0.0,0.0,0.0,11.799999999999997,0.0,0.5
open_2017_05_08_close_2017_05_08_flight_Fixed Wing_N550ND_before_0_189617,open_2017_05_08_close_2017_05_08_flight_Fixed Wing_N550ND_before_0_189617,864,4320,4349,0.000446599999996522,6.399999999473494e-05,4.0,0.0,0.0,0.38000000000000966,82.20000000000002,0.3900000000000001,2.5600000000000005,0.04000000000000001,0.049999999999999996,0.5999999999999943,2.1000000000000227,0.0,0.0,0.10000000000000009,1.3645500000000002e-18,0.019999999999999574,0.129999999999999,0.04999999999999982,0.010000000000019327,0.060000000000002274,4.699999999999818,0.2400000000000091,0.30000000000001137,1.2000000000000455,0.2699999999999818,0.0,0.0,0.0,0.0,0.0,0.0,0.0,39.4,0.0,0.0
open_2017_05_08_close_2017_05_08_flight_Fixed Wing_N550ND_before_0_189617,open_2017_05_08_close_2017_05_08_flight_Fixed Wing_N550ND_before_0_189617,865,4325,4354,0.000492300000004775,1.4800000002423985e-05,12.0,0.0,0.0,0.9099999999999966,206.31,0.29000000000000004,0.3400000000000001,0.019999999999999997,0.11,1.3999999999999773,0.4000000000000057,0.0,0.0,0.0,1.3645500000000002e-18,0.17999999999999972,0.08000000000000185,0.11000000000000032,0.0,0.05999999999998806,1.099999999999909,0.2400000000000091,0.20999999999997954,0.8600000000001273,0.1799999999998363,0.0,0.0,0.0,0.0,0.0,0.0,0.0,4.0,0.0,0.0
open_2017_05_08_close_2017_05_08_flight_Fixed Wing_N550ND_before_0_189617,open_2017_05_08_close_2017_05_08_flight_Fixed Wing_N550ND_before_0_189617,866,4330,4359,0.00048329999999907614,2.2399999991762343e-05,6.0,0.0,0.0,0.5800000000000125,89.68,0.19999999999999996,0.15000000000000013,0.010000000000000002,0.010000000000000002,0.5,0.10000000000002274,0.10000000000000142,0.0,0.0,1.3645500000000002e-18,0.10000000000000142,0.030000000000001137,0.02999999999999936,0.0,0.22000000000001307,7.200000000000273,0.06999999999999318,0.07999999999998408,0.4700000000000273,0.01999999999998181,1.0,0.0,0.0,0.0,0.0,0.0,0.0,94.5,0.0,0.0
open_2017_05_08_close_2017_05_08_flight_Fixed Wing_N550ND_before_0_189617,open_2017_05_08_close_2017_05_08_flight_Fixed Wing_N550ND_before_0_189617,867,4335,4364,0.0009931000000023005,6.299999995462713e-06,0.0,0.0,0.0,0.0,27.14,0.2799999999999998,0.4900000000000001,0.0,0.06,0.5999999999999943,0.30000000000001137,0.0,0.0,0.10000000000000009,1.3645500000000002e-18,0.23000000000000043,0.0,0.08000000000000007,0.010000000000019327,0.10999999999999943,2.5,0.28000000000002956,0.30000000000001137,1.4100000000000819,0.8199999999999363,0.0,0.0,0.0,0.0,0.0,0.0,0.0,118.19999999999999,0.0,0.0
open_2017_05_08_close_2017_05_08_flight_Fixed Wing_N550ND_before_0_189617,open_2017_05_08_close_2017_05_08_flight_Fixed Wing_N550ND_before_0_189617,868,4340,4369,0.0005223000000000866,3.600000000858472e-05,0.0,0.0,0.0,0.0799999999999983,10.75,0.1200000000000001,0.06000000000000005,0.010000000000000002,0.0,0.19999999999998863,0.10000000000002274,0.10000000000000142,0.0,0.0,1.3645500000000002e-18,0.08000000000000185,0.10000000000000142,0.04999999999999982,0.010000000000019327,0.29000000000000625,2.800000000000182,0.13999999999998636,0.16999999999995907,0.020000000000209184,0.7200000000000273,0.0,0.0,0.0,0.0,0.0,0.0,0.0,3.8999999999999986,0.0,0.5
open_2017_05_08_close_2017_05_08_flight_Fixed Wing_N550ND_before_0_189617,open_2017_05_08_close_2017_05_08_flight_Fixed Wing_N550ND_before_0_189617,869,4345,4374,0.0005476000000044223,5.050000000039745e-05,5.0,0.0,0.0,0.269999999999996,145.13,0.009999999999999787,2.04,0.06,0.29,1.6999999999999886,0.10000000000002274,0.10000000000000142,0.0,0.0,1.3645500000000002e-18,0.030000000000001137,0.10000000000000142,0.0600000000000005,0.010000000000019327,0.25,5.900000000000091,0.07999999999998408,0.07999999999998408,0.16000000000008185,0.11999999999989086,2.0,0.0,0.0,0.0,0.0,0.0,0.0,43.29999999999998,0.0,0.0
open_2017_05_08_close_2017_05_08_flight_Fixed Wing_N550ND_before_0_189617,open_2017_05_08_close_2017_05_08_flight_Fixed Wing_N550ND_before_0_189617,870,4350,4379,0.0005309999999951742,1.9100000002936213e-05,3.0,0.0,0.0,0.5899999999999892,57.81,0.010000000000000675,0.20999999999999996,0.030000000000000002,0.21,0.5,0.0,0.10000000000000142,0.0,0.0,1.3645500000000002e-18,0.0,0.019999999999999574,0.05999999999999961,0.020000000000010232,0.29999999999999716,10.5,0.160000000000025,0.18000000000000682,1.4400000000000546,0.3300000000001546,2.0,0.0,0.0,0.0,0.0,0.0,0.0,66.90000000000003,0.0,0.0
open_2017_05_08_close_2017_05_08_flight_Fixed Wing_N550ND_before_0_189617,open_2017_05_08_close_2017_05_08_flight_Fixed Wing_N550ND_before_0_189617,871,4355,4384,0.0004685000000037576,4.959999999698539e-05,7.0,0.0,0.0,0.15000000000000568,148.53,0.6699999999999999,1.23,0.03,0.2,0.4000000000000057,0.5,0.0,0.0,0.0,1.3645500000000002e-18,0.129999999999999,0.05000000000000071,0.05000000000000071,0.020000000000010232,0.09000000000000341,7.099999999999909,0.15999999999996817,0.21999999999997044,1.150000000000091,0.36999999999989086,1.0,0.0,0.0,0.0,0.0,0.0,0.0,19.600000000000023,0.0,0.0
open_2017_05_08_close_2017_05_08_flight_Fixed Wing_N550ND_before_0_189617,open_2017_05_08_close_2017_05_08_flight_Fixed Wing_N550ND_before_0_189617,872,4360,4389,0.0005060999999955129,2.5899999997136547e-05,6.0,0.0,0.0,0.18999999999999773,170.23,0.25,2.6099999999999994,0.04,0.09,0.29999999999998295,0.29999999999998295,0.0,0.0,0.0,1.3645500000000002e-18,0.05000000000000071,0.05000000000000071,0.020000000000000462,0.040000000000020464,0.06999999999999318,0.7999999999997272,0.13999999999998636,0.15999999999996817,0.41000000000008185,0.4600000000000364,1.0,0.0,0.0,0.0,0.0,0.0,0.0,137.8,0.0,0.0
open_2017_05_08_close_2017_05_08_flight_Fixed Wing_N550ND_before_0_189617,open_2017_05_08_close_2017_05_08_flight_Fixed Wing_N550ND_before_0_189617,873,4365,4394,0.0005284999999943807,1.2999999995599865e-05,1.0,0.0,0.0,0.1599999999999966,51.890000000000015,0.0,0.6000000000000001,0.010000000000000002,0.13,0.30000000000001137,0.0,0.0,0.0,0.0,1.3645500000000002e-18,0.04999999999999716,0.05999999999999872,0.08000000000000007,0.030000000000001137,0.25,9.600000000000364,0.13999999999998636,0.15999999999996817,0.32999999999992724,0.17000000000007276,0.0,0.0,0.0,0.0,0.0,0.0,0.0,3.9000000000000057,0.0,0.5
open_2017_05_08_close_2017_05_08_flight_Fixed Wing_N550ND_before_0_189617,open_2017_05_08_close_2017_05_08_flight_Fixed Wing_N550ND_before_0_189617,874,4370,4399,0.000504200000001731,7.090000001142016e-05,8.0,0.0,0.0,0.4299999999999926,36.879999999999995,0.18000000000000016,0.040000000000000036,0.009999999999999998,0.05,0.30000000000001137,0.0,0.0,0.0,0.09999999999999987,1.3645500000000002e-18,0.0,0.0,0.1299999999999999,0.009999999999990905,0.010000000000005116,1.599999999999909,0.12000000000000455,0.160000000000025,0.7699999999999818,0.31999999999993634,0.0,0.0,0.0,0.0,0.0,0.0,0.0,23.600000000000023,0.0,0.0
open_2017_05_08_close_2017_05_08_flight_Fixed Wing_N550ND_before_0_189617,open_2017_05_08_close_2017_05_08_flight_Fixed Wing_N550ND_before_0_189617,875,4375,4404,0.0005219000000025176,3.189999999619886e-05,4.0,0.0,0.0,0.539999999999992,50.23000000000002,0.20999999999999996,0.37,0.010000000000000002,0.010000000000000002,0.19999999999998863,0.0,0.0,0.0,0.09999999999999987,1.3645500000000002e-18,0.0,0.029999999999997584,0.04999999999999982,0.0,0.29000000000000625,10.5,0.09000000000003183,0.12999999999999545,0.2999999999999545,0.2599999999999909,1.0,0.0,0.0,0.0,0.0,0.0,0.0,63.0,0.0,0.0
open_2017_05_08_close_2017_05_08_flight_Fixed Wing_N550ND_before_0_189617,open_2017_05_08_close_2017_05_08_flight_Fixed Wing_N550ND_before_0_189617,876,4380,4409,0.0004892000000040753,1.5799999999899228e-05,3.0,0.0,0.0,0.18999999999999773,97.94,0.44999999999999973,0.75,0.02,0.03,1.200000000000017,0.30000000000001137,0.10000000000000142,0.0,0.09999999999999987,1.3645500000000002e-18,0.0,0.019999999999999574,0.10999999999999943,0.020000000000010232,0.39000000000000057,17.600000000000364,0.12000000000000455,0.06999999999999318,1.1000000000001364,0.14000000000010004,2.0,0.0,0.0,0.0,0.0,0.0,0.0,220.50000000000003,0.0,0.0
open_2017_05_08_close_2017_05_08_flight_Fixed Wing_N550ND_before_0_189617,open_2017_05_08_close_2017_05_08_flight_Fixed Wing_N550ND_before_0_189617,877,4385,4414,0.0005107000000066364,1.4699999994149948e-05,6.0,0.0,0.0,0.27000000000001023,88.23000000000002,0.78,0.9000000000000001,0.030000000000000002,0.060000000000000005,0.9000000000000057,0.10000000000002274,0.0,0.0,0.0,1.3645500000000002e-18,0.0,0.10999999999999943,0.10000000000000053,0.01999999999998181,0.12000000000000455,13.799999999999727,0.11000000000001364,0.12000000000000455,0.35999999999989996,0.19000000000005457,1.0,0.0,0.0,0.0,0.0,0.0,0.0,141.70000000000002,0.0,0.0
open_2017_05_08_close_2017_05_08_flight_Fixed Wing_N550ND_before_0_189617,open_2017_05_08_close_2017_05_08_flight_Fixed Wing_N550ND_before_0_189617,878,4390,4419,0.0005169999999949937,3.960000000802211e-05,4.0,0.0,0.0,0.020000000000010232,106.02000000000001,0.44000000000000017,0.08999999999999997,0.03,0.03,0.19999999999998863,0.20000000000001705,0.0,0.0,0.0,1.3645500000000002e-18,0.09999999999999787,0.05000000000000071,0.08000000000000007,0.020000000000010232,0.3100000000000023,4.599999999999909,0.12999999999999545,0.12000000000000455,0.6400000000001,0.7300000000000182,2.0,0.0,0.0,0.0,0.0,0.0,0.0,43.300000000000004,0.0,0.0
open_2017_05_08_close_2017_05_08_flight_Fixed Wing_N550ND_before_0_189617,open_2017_05_08_close_2017_05_08_flight_Fixed Wing_N550ND_before_0_189617,879,4395,4424,0.0005269999999981678,9.000000005698894e-06,2.0,0.0,0.0,0.060000000000002274,59.620000000000005,0.30000000000000004,1.3299999999999998,0.009999999999999998,0.030000000000000002,0.09999999999999432,0.09999999999999432,0.0,0.0,0.09999999999999987,1.3645500000000002e-18,0.08000000000000185,0.0,0.07000000000000028,0.020000000000010232,0.6800000000000068,1.0,0.12999999999999545,0.11000000000001364,0.5399999999999636,0.36999999999989086,2.0,0.0,0.0,0.0,0.0,0.0,0.0,55.1,0.0,0.5
open_2017_05_08_close_2017_05_08_flight_Fixed Wing_N550ND_before_0_189617,open_2017_05_08_close_2017_05_08_flight_Fixed Wing_N550ND_before_0_189617,880,4400,4429,0.0005486000000018976,2.9099999991899494e-05,4.0,0.0,0.0,0.04000000000000625,29.72,0.16999999999999993,1.6700000000000002,0.0,0.08,0.5,0.09999999999999432,0.0,0.0,0.0,1.3645500000000002e-18,0.17999999999999972,0.0,0.010000000000000675,0.020000000000010232,0.1599999999999966,3.400000000000091,0.12999999999999545,0.09000000000003183,0.06999999999993634,0.14999999999986358,0.0,0.0,0.0,0.0,0.0,0.0,0.0,35.400000000000006,0.0,0.0
open_2017_05_08_close_2017_05_08_flight_Fixed Wing_N550ND_before_0_189617,open_2017_05_08_close_2017_05_08_flight_Fixed Wing_N550ND_before_0_189617,881,4405,4434,0.0005357000000003609,2.5100000001998524e-05,5.0,0.0,0.0,0.060000000000002274,58.21000000000001,0.1200000000000001,0.8199999999999998,0.010000000000000002,0.009999999999999998,0.19999999999998863,0.20000000000001705,0.0,0.0,0.0,1.3645500000000002e-18,0.0,0.0799999999999983,0.04999999999999982,0.020000000000010232,0.060000000000002274,2.699999999999818,0.12999999999999545,0.11000000000001364,0.5799999999999272,0.13999999999987267,0.0,0.0,0.0,0.0,0.0,0.0,0.0,27.5,0.0,0.0
open_2017_05_08_close_2017_05_08_flight_Fixed Wing_N550ND_before_0_189617,open_2017_05_08_close_2017_05_08_flight_Fixed Wing_N550ND_before_0_189617,882,4410,4439,0.0005343999999993798,4.1199999998298154e-05,4.0,0.0,0.0,0.28000000000000114,4.0800000000000125,0.07999999999999985,0.29999999999999993,0.02,0.03,0.5999999999999943,0.0,0.0,0.0,0.09999999999999987,1.3645500000000002e-18,0.0,0.0,0.09000000000000075,0.020000000000010232,0.4099999999999966,0.8999999999996362,0.12000000000000455,0.12000000000000455,0.40000000000009095,0.049999999999954525,0.0,0.0,0.0,0.0,0.0,0.0,0.0,74.80000000000001,0.0,0.0
open_2017_05_08_close_2017_05_08_flight_Fixed Wing_N550ND_before_0_189617,open_2017_05_08_close_2017_05_08_flight_Fixed Wing_N550ND_before_0_189617,883,4415,4444,0.0005521000000001663,1.2200000000461841e-05,2.0,0.0,0.3000000000000007,0.18999999999999773,130.11,0.6300000000000001,1.6900000000000002,0.0,0.09,0.10000000000002274,0.30000000000001137,0.10000000000000142,0.0,0.0,1.3645500000000002e-18,0.0,0.05000000000000071,1.9500000000000002,0.020000000000010232,1.6500000000000057,107.79999999999973,0.10000000000002274,0.08999999999997499,1.8800000000001091,0.43000000000006366,1.0,0.0,0.0,0.0,0.0,0.0,0.0,59.1,0.0,0.0
open_2017_05_08_close_2017_05_08_flight_Fixed Wing_N550ND_before_0_189617,open_2017_05_08_close_2017_05_08_flight_Fixed Wing_N550ND_before_0_189617,884,4420,4449,0.00042020000000064783,1.9100000002936213e-05,5.0,0.0,0.0,0.020000000000010232,73.68,0.21999999999999975,2.27,0.05,0.31,0.5,0.29999999999998295,0.0,0.0,0.0,1.3645500000000002e-18,0.0,0.05000000000000071,0.009999999999999787,0.0,0.09000000000000341,32.09999999999991,0.16999999999995907,0.12000000000000455,1.4300000000000637,1.759999999999991,0.0,0.0,0.0,0.0,0.0,0.0,0.0,283.5,0.0,0.0
open_2017_05_08_close_2017_05_08_flight_Fixed Wing_N550ND_before_0_189617,open_2017_05_08_close_2017_05_08_flight_Fixed Wing_N550ND_before_0_189617,885,4425,4454,0.000442499999998347,3.519999999923584e-05,4.0,0.0,0.0,0.7700000000000102,25.360000000000014,0.6800000000000006,0.6199999999999999,0.0,0.039999999999999994,0.6999999999999886,0.0,0.0,0.0,0.09999999999999987,1.3645500000000002e-18,0.05000000000000071,0.030000000000001137,0.03000000000000025,0.060000000000002274,0.29999999999999716,0.29999999999972715,0.13999999999998636,0.12999999999999545,0.2699999999999818,0.849999999999909,2.0,0.0,0.0,0.0,0.0,0.0,0.0,31.5,0.0,0.0
open_2017_05_08_close_2017_05_08_flight_Fixed Wing_N550ND_before_0_189617,open_2017_05_08_close_2017_05_08_flight_Fixed Wing_N550ND_before_0_189617,886,4430,4459,0.0004847000000012258,2.999999992425728e-06,3.0,0.0,0.0,0.27000000000001023,51.96000000000001,1.62,1.22,0.0,0.039999999999999994,0.6999999999999886,0.6999999999999886,0.0,0.0,0.0,1.3645500000000002e-18,0.0799999999999983,0.05000000000000071,0.019999999999999574,0.06999999999999318,0.10000000000000853,0.900000000000091,0.18999999999999773,0.11000000000001364,1.2899999999999636,0.9900000000000091,0.0,0.0,0.0,0.0,0.0,0.0,0.0,15.699999999999989,0.0,0.0
open_2017_05_08_close_2017_05_08_flight_Fixed Wing_N550ND_before_0_189617,open_2017_05_08_close_2017_05_08_flight_Fixed Wing_N550ND_before_0_189617,887,4435,4464,0.0005154999999987808,1.9899999998074236e-05,3.0,0.0,0.0,0.14000000000000057,39.370000000000005,0.029999999999999805,0.5999999999999999,0.039999999999999994,0.08,1.0999999999999943,0.0,0.0,0.0,0.0,1.3645500000000002e-18,0.08000000000000185,0.13000000000000256,0.08999999999999986,0.04999999999998295,0.01999999999999602,3.300000000000182,0.12999999999999545,0.12999999999999545,0.08000000000015461,0.12000000000011823,0.0,0.0,0.0,0.0,0.0,0.0,0.0,31.5,0.0,0.0
open_2017_05_08_close_2017_05_08_flight_Fixed Wing_N550ND_before_0_189617,open_2017_05_08_close_2017_05_08_flight_Fixed Wing_N550ND_before_0_189617,888,4440,4469,0.0004654000000030578,4.1899999999372994e-05,3.0,0.0,0.0,0.46999999999999886,36.11,0.7799999999999998,1.25,0.0,0.02,0.39999999999997726,0.20000000000001705,0.0,0.0,0.0,1.3645500000000002e-18,0.0,0.05000000000000071,0.07000000000000028,0.03999999999999204,0.0799999999999983,1.5,0.1500000000000341,0.11000000000001364,0.009999999999990905,0.7199999999997999,0.0,0.0,0.0,0.0,0.0,0.0,0.0,31.499999999999986,0.0,0.0
open_2017_05_08_close_2017_05_08_flight_Fixed Wing_N550ND_before_0_189617,open_2017_05_08_close_2017_05_08_flight_Fixed Wing_N550ND_before_0_189617,889,4445,4474,0.0004381000000037716,1.1400000005323818e-05,3.0,0.0,0.0,0.14000000000000057,29.85000000000001,0.010000000000000231,0.07,0.03,0.01999999999999999,0.9000000000000057,0.09999999999999432,0.0,0.0,0.0,1.3645500000000002e-18,0.0,0.0,0.040000000000000036,0.03999999999999204,0.14000000000000057,7.200000000000273,0.07999999999998408,0.12999999999999545,0.8699999999998909,0.16999999999984539,1.0,0.0,0.0,0.0,0.0,0.0,0.0,39.39999999999999,0.0,0.0
open_2017_05_08_close_2017_05_08_flight_Fixed Wing_N550ND_before_0_189617,open_2017_05_08_close_2017_05_08_flight_Fixed Wing_N550ND_before_0_189617,890,4450,4479,0.0005261000000018612,4.600000011123484e-06,1.0,0.0,0.0,0.14999999999999147,30.830000000000013,0.1900000000000004,0.5100000000000007,1.81093e-19,0.02,0.19999999999998863,0.5,0.0,0.0,0.0,1.3645500000000002e-18,0.019999999999999574,0.0,0.040000000000000036,0.020000000000010232,0.25,4.899999999999636,0.10000000000002274,0.11000000000001364,0.17000000000007276,0.5099999999999909,1.0,0.0,0.0,0.0,0.0,0.0,0.0,51.2,0.0,0.0
open_2017_05_08_close_2017_05_08_flight_Fixed Wing_N550ND_before_0_189617,open_2017_05_08_close_2017_05_08_flight_Fixed Wing_N550ND_before_0_189617,891,4455,4484,0.000510300000001962,1.2200000000461841e-05,2.0,0.0,0.0,0.1599999999999966,69.24000000000001,0.3899999999999999,0.1200000000000001,0.01,0.0,0.5,0.4000000000000057,0.0,0.0,0.0,1.3645500000000002e-18,0.0,0.129999999999999,0.08999999999999986,0.0,0.05999999999998806,14.800000000000182,0.10000000000002274,0.10000000000002274,0.38999999999987267,0.30999999999994543,1.0,0.0,0.0,0.0,0.0,0.0,0.0,94.49999999999999,0.0,0.5
open_2017_05_08_close_2017_05_08_flight_Fixed Wing_N550ND_before_0_189617,open_2017_05_08_close_2017_05_08_flight_Fixed Wing_N550ND_before_0_189617,892,4460,4489,0.00048300000000267573,2.669999999227457e-05,1.0,0.0,0.0,0.480000000000004,16.16000000000001,0.6900000000000001,1.64,0.04,0.009999999999999995,1.0999999999999943,0.19999999999998863,0.0,0.0,0.09999999999999987,1.3645500000000002e-18,0.13000000000000256,0.05000000000000071,0.26000000000000023,0.0,1.2399999999999949,91.39999999999986,0.12000000000000455,0.12999999999999545,8.759999999999991,1.9500000000000455,1.0,0.0,0.0,0.0,0.0,0.0,0.0,181.1,0.0,0.0
open_2017_05_08_close_2017_05_08_flight_Fixed Wing_N550ND_before_0_189617,open_2017_05_08_close_2017_05_08_flight_Fixed Wing_N550ND_before_0_189617,893,4465,4494,0.0004442999999980657,3.429999999582378e-05,13.0,0.0,0.0,0.8100000000000023,85.09999999999991,0.020000000000000018,0.6799999999999999,0.05,0.0,1.0,0.4000000000000057,0.0,0.0,0.09999999999999987,1.3645500000000002e-18,0.10999999999999943,0.030000000000001137,0.010000000000000231,0.01999999999998181,0.14000000000000057,4.0,0.30000000000001137,0.12000000000000455,7.589999999999918,6.829999999999927,2.0,0.0,0.0,0.0,0.0,0.0,0.0,66.89999999999986,0.0,0.0
open_2017_05_08_close_2017_05_08_flight_Fixed Wing_N550ND_before_0_189617,open_2017_05_08_close_2017_05_08_flight_Fixed Wing_N550ND_before_0_189617,894,4470,4499,0.00043610000000171567,3.519999999923584e-05,3.0,0.0,0.0,1.3199999999999932,219.07000000000005,0.44,1.85,0.0,0.06,0.29999999999998295,0.30000000000001137,0.0,0.0,0.09999999999999987,1.3645500000000002e-18,0.16000000000000014,0.03999999999999915,0.020000000000000018,0.030000000000001137,0.14999999999999858,8.900000000000091,0.3599999999999568,0.13999999999998636,3.269999999999982,3.75,2.0,0.0,0.0,0.0,0.0,0.0,0.0,47.19999999999999,0.0,0.0
open_2017_05_08_close_2017_05_08_flight_Fixed Wing_N550ND_before_0_189617,open_2017_05_08_close_2017_05_08_flight_Fixed Wing_N550ND_before_0_189617,895,4475,4504,0.00048300000000267573,3.800000001774606e-06,3.0,0.0,0.0,1.9399999999999977,131.64,0.7200000000000006,1.6399999999999988,0.060000000000000005,0.04,5.5,2.3000000000000114,0.0,0.0,0.09999999999999987,1.3645500000000002e-18,0.129999999999999,0.05999999999999872,0.010000000000000231,0.020000000000010232,0.1699999999999946,15.400000000000091,0.5099999999999909,0.2400000000000091,2.5399999999999636,3.910000000000082,1.0,0.0,0.0,0.0,0.0,0.0,0.0,137.8,0.0,0.0
open_2017_05_08_close_2017_05_08_flight_Fixed Wing_N550ND_before_0_189617,open_2017_05_08_close_2017_05_08_flight_Fixed Wing_N550ND_before_0_189617,896,4480,4509,0.00034380000000311384,0.0002592000000021244,1.0,0.0,0.0,1.3999999999999915,70.23,0.4,2.9200000000000017,0.010000000000000002,0.009999999999999995,5.700000000000017,5.300000000000011,0.0,0.0,0.0,1.3645500000000002e-18,0.0,0.05000000000000071,0.03000000000000025,0.020000000000010232,0.22000000000000597,12.099999999999909,0.42999999999995,0.22999999999996135,4.670000000000073,3.3900000000001,1.0,0.0,0.0,0.0,0.0,0.0,0.0,90.5,0.0,0.0
open_2017_05_08_close_2017_05_08_flight_Fixed Wing_N550ND_before_0_189617,open_2017_05_08_close_2017_05_08_flight_Fixed Wing_N550ND_before_0_189617,897,4485,4514,0.0002247000000039634,0.00045129999999460324,10.0,0.0,0.0,0.6200000000000045,81.06,0.47,0.16000000000000014,0.0,0.03,8.200000000000003,6.599999999999994,0.0,0.0,0.0,1.3645500000000002e-18,0.0,0.05000000000000071,0.020000000000000018,0.009999999999990905,0.3299999999999983,23.200000000000045,0.5600000000000023,0.3199999999999932,4.289999999999964,10.1400000000001,0.0,0.0,0.0,0.0,0.0,0.0,0.0,7.7999999999999545,0.0,0.5
open_2017_05_08_close_2017_05_08_flight_Fixed Wing_N550ND_before_0_189617,open_2017_05_08_close_2017_05_08_flight_Fixed Wing_N550ND_before_0_189617,898,4490,4519,7.399999999790907e-05,0.0005452999999988606,14.0,0.0,0.0,0.09000000000000341,132.39999999999998,1.15,6.0,0.0,0.009999999999999995,2.0,2.8000000000000114,0.0,0.0,0.0,1.3645500000000002e-18,0.16000000000000014,0.09999999999999787,0.050000000000000266,0.07999999999998408,0.14000000000000057,3.0,0.410000000000025,0.339999999999975,4.0,5.710000000000036,1.0,0.0,0.0,0.0,0.0,0.0,0.0,70.79999999999995,0.0,0.0
open_2017_05_08_close_2017_05_08_flight_Fixed Wing_N550ND_before_0_189617,open_2017_05_08_close_2017_05_08_flight_Fixed Wing_N550ND_before_0_189617,899,4495,4524,3.42000000017606e-05,0.0005231999999892878,2.0,0.0,0.0,0.7000000000000028,187.81999999999994,1.0799999999999998,2.4,0.02,0.01,1.0,1.5999999999999943,0.0,0.0,0.0,1.3645500000000002e-18,0.10000000000000142,0.17999999999999972,0.040000000000000036,0.05000000000001137,0.060000000000002274,9.700000000000045,0.35000000000002274,0.3299999999999841,2.160000000000082,2.5799999999999272,2.0,0.0,0.0,0.0,0.0,0.0,0.0,31.50000000000003,0.0,0.0
open_2017_05_08_close_2017_05_08_flight_Fixed Wing_N550ND_before_0_189617,open_2017_05_08_close_2017_05_08_flight_Fixed Wing_N550ND_before_0_189617,900,4500,4529,4.9699999998154e-05,0.0004789999999985639,4.0,0.0,0.0,0.25,13.180000000000007,0.71,2.289999999999999,0.03,0.16999999999999998,5.5,2.9000000000000057,0.0,0.0,0.0,1.3645500000000002e-18,0.0,0.05000000000000071,0.04999999999999982,0.03999999999999204,0.0799999999999983,9.400000000000091,0.3299999999999841,0.2599999999999909,0.4099999999998545,0.7999999999999545,2.0,0.0,0.0,0.0,0.0,0.0,0.0,63.0,0.0,0.0
open_2017_05_08_close_2017_05_08_flight_Fixed Wing_N550ND_before_0_189617,open_2017_05_08_close_2017_05_08_flight_Fixed Wing_N550ND_before_0_189617,901,4505,4534,0.00020970000000630762,0.00031520000000284654,2.0,0.0,0.1999999999999993,2.039999999999992,91.42999999999999,0.7000000000000001,3.66,0.019999999999999997,0.020000000000000018,7.100000000000001,8.100000000000001,0.0,0.0,0.0,1.3645500000000002e-18,0.15000000000000213,0.05999999999999872,0.06000000000000005,0.03999999999999204,0.14000000000000057,4.2999999999999545,0.2599999999999909,0.2400000000000091,0.049999999999954525,0.5899999999999181,1.0,0.0,0.0,0.0,0.0,0.0,0.0,70.89999999999999,0.0,1.0
open_2017_05_08_close_2017_05_08_flight_Fixed Wing_N550ND_before_0_189617,open_2017_05_08_close_2017_05_08_flight_Fixed Wing_N550ND_before_0_189617,902,4510,4539,0.00021509999999835827,0.00018250000000819,7.0,0.0,0.0,0.18999999999999773,91.01,0.06000000000000005,1.3500000000000005,0.019999999999999997,0.11,0.9000000000000004,2.5,0.0,0.0,0.0,1.3645500000000002e-18,0.10000000000000142,0.0,0.020000000000000018,0.05000000000001137,0.1700000000000017,6.900000000000091,0.21999999999997044,0.22000000000002728,0.7000000000000455,1.8600000000001273,1.0,0.0,0.0,0.0,0.0,0.0,0.0,51.19999999999999,0.0,0.0
open_2017_05_08_close_2017_05_08_flight_Fixed Wing_N550ND_before_0_189617,open_2017_05_08_close_2017_05_08_flight_Fixed Wing_N550ND_before_0_189617,903,4515,4544,0.0002692999999993617,0.00019129999999734082,12.0,0.0,0.0,0.6000000000000085,79.86000000000001,0.03999999999999998,2.24,0.03,0.060000000000000005,0.20000000000000018,0.3000000000000007,0.0,0.0,0.0,1.3645500000000002e-18,0.05000000000000071,0.05999999999999872,0.0600000000000005,0.040000000000020464,0.23999999999999488,19.399999999999864,0.20999999999997954,0.22000000000002728,3.410000000000082,0.5900000000001455,0.0,0.0,0.0,0.0,0.0,0.0,0.0,86.70000000000005,0.0,0.5
open_2017_05_08_close_2017_05_08_flight_Fixed Wing_N550ND_before_0_189617,open_2017_05_08_close_2017_05_08_flight_Fixed Wing_N550ND_before_0_189617,904,4520,4549,0.0003151000000016779,0.00013979999999946813,0.0,0.0,0.0,0.09999999999999432,84.13,0.18,2.3499999999999996,0.019999999999999997,0.07,0.3,1.6000000000000014,0.0,0.0,0.0,1.3645500000000002e-18,0.08000000000000185,0.05999999999999872,0.03000000000000025,0.060000000000002274,0.15000000000000568,2.7000000000000455,0.13999999999998636,0.160000000000025,2.3700000000001182,1.8299999999999272,0.0,0.0,0.0,0.0,0.0,0.0,0.0,19.599999999999994,0.0,0.0
open_2017_05_08_close_2017_05_08_flight_Fixed Wing_N550ND_before_0_189617,open_2017_05_08_close_2017_05_08_flight_Fixed Wing_N550ND_before_0_189617,905,4525,4554,0.00028890000000103555,2.0399999996811857e-05,1.0,0.0,0.0,0.09000000000000341,29.539999999999992,0.2,0.08000000000000002,0.020000000000000004,0.05,0.19999999999998863,1.0,0.0,0.0,0.09999999999999987,1.3645500000000002e-18,0.129999999999999,0.0,0.0,0.05000000000001137,0.25,4.699999999999818,0.10000000000002274,0.12000000000000455,1.2699999999999818,0.5599999999999454,0.0,0.0,0.0,0.0,0.0,0.0,0.0,51.19999999999999,0.0,0.0
open_2017_05_08_close_2017_05_08_flight_Fixed Wing_N550ND_before_0_189617,open_2017_05_08_close_2017_05_08_flight_Fixed Wing_N550ND_before_0_189617,906,4530,4559,0.0002537999999958629,6.46000000017466e-05,3.0,0.0,0.0,0.05999999999999517,10.960000000000008,0.39,0.65,0.020000000000000004,0.2,1.3999999999999773,0.5,0.10000000000000142,0.0,0.19999999999999996,1.3645500000000002e-18,0.08000000000000185,0.05999999999999872,0.009999999999999787,0.030000000000001137,0.01999999999999602,2.900000000000091,0.07999999999998408,0.05999999999994543,0.11000000000012733,0.10000000000013642,0.0,0.0,0.0,0.0,0.0,0.0,0.0,27.5,0.0,0.5
open_2017_05_08_close_2017_05_08_flight_Fixed Wing_N550ND_before_0_189617,open_2017_05_08_close_2017_05_08_flight_Fixed Wing_N550ND_before_0_189617,907,4535,4564,0.0002765999999994051,2.4800000005598122e-05,1.0,0.0,0.0,0.8599999999999994,53.06999999999999,0.02999999999999997,0.39,0.02,0.019999999999999997,0.10000000000002274,0.10000000000000009,0.0,0.10000000000000142,0.0,1.3645500000000002e-18,0.060000000000002274,0.030000000000001137,0.03000000000000025,0.01999999999998181,0.020000000000010232,4.0,0.020000000000038654,0.09000000000003183,0.18000000000006366,0.2899999999999636,2.0,0.0,0.0,0.0,0.0,0.0,0.0,27.6,0.0,0.0
open_2017_05_08_close_2017_05_08_flight_Fixed Wing_N550ND_before_0_189617,open_2017_05_08_close_2017_05_08_flight_Fixed Wing_N550ND_before_0_189617,908,4540,4569,0.0002232000000006451,4.470000000367236e-05,3.0,0.0,0.0,0.3200000000000003,50.28999999999999,0.8300000000000001,7.6899999999999995,0.060000000000000005,0.03,0.10000000000002274,1.3999999999999773,0.0,0.0,0.0,1.3645500000000002e-18,0.0,0.129999999999999,0.0699999999999994,0.010000000000019327,0.13000000000000966,1.5,0.07000000000005002,0.040000000000020464,0.8199999999999363,0.6200000000001182,0.0,0.0,0.0,0.0,0.0,0.0,0.0,63.0,0.0,0.0
open_2017_05_08_close_2017_05_08_flight_Fixed Wing_N550ND_before_0_189617,open_2017_05_08_close_2017_05_08_flight_Fixed Wing_N550ND_before_0_189617,909,4545,4574,0.00022399999999578313,1.7100000007985727e-05,5.0,0.0,0.0,0.240000000000002,51.109999999999985,0.58,1.23,0.01,0.05,0.4000000000000341,0.30000000000001137,0.0,0.0,0.0,1.3645500000000002e-18,0.2099999999999973,0.05000000000000071,0.03000000000000025,0.009999999999990905,0.03999999999999204,1.7000000000000455,0.01999999999998181,0.07000000000005002,0.10999999999989996,0.8500000000001364,0.0,0.0,0.0,0.0,0.0,0.0,0.0,23.599999999999994,0.0,0.0
open_2017_05_08_close_2017_05_08_flight_Fixed Wing_N550ND_before_0_189617,open_2017_05_08_close_2017_05_08_flight_Fixed Wing_N550ND_before_0_189617,910,4550,4579,0.00029820000000313485,3.999999999848569e-05,7.0,0.0,0.0,0.17999999999999972,63.98000000000002,0.74,0.55,0.01,0.04,0.19999999999998863,0.20000000000004547,0.0,0.0,0.0,1.3645500000000002e-18,0.0,0.05000000000000071,0.09999999999999964,0.029999999999972715,0.20999999999999375,2.0,0.0,0.01999999999998181,0.2999999999999545,0.15999999999985448,0.0,0.0,0.0,0.0,0.0,0.0,0.0,51.10000000000002,0.0,0.5
open_2017_05_08_close_2017_05_08_flight_Fixed Wing_N550ND_before_0_189617,open_2017_05_08_close_2017_05_08_flight_Fixed Wing_N550ND_before_0_189617,911,4555,4584,0.00023790000000190048,2.179999999896154e-05,10.0,0.0,0.0,0.05999999999999517,115.15999999999997,0.15999999999999998,0.8299999999999998,0.01,0.05,1.3000000000000114,0.5999999999999659,0.0,0.0,0.0,1.3645500000000002e-18,0.0799999999999983,0.0,0.03000000000000025,0.05000000000001137,0.06999999999999318,5.100000000000136,0.0,0.040000000000020464,0.5699999999999363,0.650000000000091,1.0,0.0,0.0,0.0,0.0,0.0,0.0,55.10000000000002,0.0,0.0
open_2017_05_08_close_2017_05_08_flight_Fixed Wing_N550ND_before_0_189617,open_2017_05_08_close_2017_05_08_flight_Fixed Wing_N550ND_before_0_189617,912,4560,4589,0.00026629999999983056,1.4199999995412327e-05,6.0,0.0,0.0,0.10000000000000142,8.169999999999959,0.16000000000000003,1.1799999999999997,0.04,0.07,0.4000000000000341,0.39999999999997726,0.10000000000000142,0.0,0.0,1.3645500000000002e-18,0.0,0.07000000000000028,0.019999999999999574,0.06999999999999318,0.06999999999999318,1.7000000000000455,0.06999999999999318,0.009999999999990905,1.1199999999998909,0.6900000000000546,0.0,0.0,0.0,0.0,0.0,0.0,0.0,78.79999999999998,0.0,0.5
open_2017_05_08_close_2017_05_08_flight_Fixed Wing_N550ND_before_0_189617,open_2017_05_08_close_2017_05_08_flight_Fixed Wing_N550ND_before_0_189617,913,4565,4594,0.0002792999999954304,1.1000000057492798e-06,2.0,0.0,0.0,0.46999999999999886,80.83000000000001,0.98,0.7400000000000001,0.0,0.08,0.30000000000001137,0.39999999999997726,0.0,0.0,0.09999999999999987,1.3645500000000002e-18,0.030000000000001137,0.05000000000000071,0.0699999999999994,0.030000000000001137,0.20999999999999375,4.7999999999999545,0.08999999999997499,0.08999999999997499,3.3600000000001273,0.6399999999998727,0.0,0.0,0.0,0.0,0.0,0.0,0.0,110.3,0.0,0.0
open_2017_05_08_close_2017_05_08_flight_Fixed Wing_N550ND_before_0_189617,open_2017_05_08_close_2017_05_08_flight_Fixed Wing_N550ND_before_0_189617,914,4570,4599,0.00025810000000348055,1.4199999995412327e-05,5.0,0.0,0.0,0.03999999999999915,76.36000000000001,0.07999999999999985,0.39,0.019999999999999997,0.03,1.1000000000000227,0.5,0.0,0.0,0.0,1.3645500000000002e-18,0.05999999999999872,0.16000000000000014,0.0,0.06999999999999318,0.09999999999999432,3.800000000000182,0.11000000000001364,0.03000000000002956,0.6900000000000546,0.40000000000009095,0.0,0.0,0.0,0.0,0.0,0.0,0.0,31.5,0.0,0.0
open_2017_05_08_close_2017_05_08_flight_Fixed Wing_N550ND_before_0_189617,open_2017_05_08_close_2017_05_08_flight_Fixed Wing_N550ND_before_0_189617,915,4575,4604,0.0002596999999937566,2.4800000005598122e-05,6.0,0.0,0.0,0.3499999999999943,51.99000000000001,0.37,4.640000000000001,0.02,0.019999999999999997,0.5999999999999659,1.0,0.0,0.0,0.0,1.3645500000000002e-18,0.0,0.04999999999999716,0.0,0.04999999999998295,0.5100000000000051,2.7000000000000455,0.13999999999998636,0.040000000000020464,0.9100000000000819,0.12999999999988177,1.0,0.0,0.0,0.0,0.0,0.0,0.0,23.69999999999999,0.0,0.0
open_2017_05_08_close_2017_05_08_flight_Fixed Wing_N550ND_before_0_189617,open_2017_05_08_close_2017_05_08_flight_Fixed Wing_N550ND_before_0_189617,916,4580,4609,0.00023979999999568236,4.389999999432348e-05,4.0,0.0,0.0,0.39000000000000057,2.030000000000001,0.2899999999999999,2.49,0.01,0.14,1.5,0.5,0.0,0.0,0.09999999999999987,1.3645500000000002e-18,0.0,0.030000000000001137,0.1200000000000001,0.040000000000020464,0.009999999999990905,2.699999999999818,0.27000000000003865,0.19999999999998863,1.0199999999999818,0.16000000000008185,0.0,0.0,0.0,0.0,0.0,0.0,0.0,55.19999999999999,0.0,0.0
open_2017_05_08_close_2017_05_08_flight_Fixed Wing_N550ND_before_0_189617,open_2017_05_08_close_2017_05_08_flight_Fixed Wing_N550ND_before_0_189617,917,4585,4614,0.00028559999999799857,1.7100000007985727e-05,0.0,0.0,0.0,0.3299999999999983,19.669999999999998,0.6699999999999999,1.27,0.04,0.13,0.0,0.4000000000000341,0.10000000000000142,0.0,0.0,1.3645500000000002e-18,0.030000000000001137,0.05000000000000071,0.10000000000000053,0.020000000000010232,0.13000000000000966,12.0,0.27000000000003865,0.25,0.4800000000000182,0.2999999999999545,1.0,0.0,0.0,0.0,0.0,0.0,0.0,27.6,0.0,0.0
open_2017_05_08_close_2017_05_08_flight_Fixed Wing_N550ND_before_0_189617,open_2017_05_08_close_2017_05_08_flight_Fixed Wing_N550ND_before_0_189617,918,4590,4619,0.0002796000000060417,3.2400000009147334e-05,3.0,0.0,0.1999999999999993,0.0,8.409999999999997,0.08000000000000007,0.05999999999999994,0.03,0.01,1.6000000000000227,1.099999999999966,0.0,0.0,0.0,1.3645500000000002e-18,0.09999999999999787,0.0,0.08000000000000007,0.020000000000010232,0.01999999999999602,2.800000000000182,0.3199999999999932,0.30000000000001137,0.25,1.099999999999909,0.0,0.0,0.0,0.0,0.0,0.0,0.0,3.9000000000000057,0.0,0.5
open_2017_05_08_close_2017_05_08_flight_Fixed Wing_N550ND_before_0_189617,open_2017_05_08_close_2017_05_08_flight_Fixed Wing_N550ND_before_0_189617,919,4595,4624,0.00028119999999631773,5.700000002661909e-06,3.0,0.0,0.0,0.1700000000000017,12.95999999999998,0.62,0.86,0.03,0.08,0.8000000000000114,0.19999999999998863,0.0,0.0,0.0,1.3645500000000002e-18,0.0,0.05000000000000071,0.4299999999999997,0.009999999999990905,0.9500000000000028,78.70000000000005,0.18999999999999773,0.11000000000001364,2.9700000000000273,0.8299999999999272,0.0,0.0,0.0,0.0,0.0,0.0,0.0,27.599999999999994,0.0,0.5
open_2017_05_08_close_2017_05_08_flight_Fixed Wing_N550ND_before_0_189617,open_2017_05_08_close_2017_05_08_flight_Fixed Wing_N550ND_before_0_189617,920,4600,4629,0.00026760000000081163,2.8599999993161873e-05,6.0,0.0,0.0,0.2700000000000031,33.97999999999999,0.22000000000000003,1.16,0.03,0.05,0.0999999999999659,0.20000000000004547,0.0,0.0,0.0,1.3645500000000002e-18,0.0,0.04999999999999716,0.019999999999999574,0.01999999999998181,0.020000000000010232,0.7000000000000455,0.12999999999999545,0.14999999999997726,2.4400000000000546,0.9600000000000364,1.0,0.0,0.0,0.0,0.0,0.0,0.0,43.400000000000006,0.0,0.0
open_2017_05_08_close_2017_05_08_flight_Fixed Wing_N550ND_before_0_189617,open_2017_05_08_close_2017_05_08_flight_Fixed Wing_N550ND_before_0_189617,921,4605,4634,0.0004210000000028913,9.500000004436515e-06,6.0,0.0,0.0,0.18999999999999773,11.77000000000001,0.11000000000000001,3.19,0.08,0.15,2.3000000000000114,0.7000000000000455,0.0,0.0,0.09999999999999987,1.3645500000000002e-18,0.28999999999999915,0.0799999999999983,0.05999999999999961,0.020000000000010232,0.19000000000001194,7.5,0.30000000000001137,0.3800000000000523,1.3299999999999272,0.0500000000001819,2.0,0.0,0.0,0.0,0.0,0.0,0.0,51.19999999999999,0.0,0.0
open_2017_05_08_close_2017_05_08_flight_Fixed Wing_N550ND_before_0_189617,open_2017_05_08_close_2017_05_08_flight_Fixed Wing_N550ND_before_0_189617,922,4610,4639,0.00024549999999834426,1.7100000007985727e-05,6.0,0.0,0.0,0.2700000000000031,40.0,0.37,2.21,0.09,0.019999999999999997,0.0,0.5,0.0,0.0,0.0,1.3645500000000002e-18,0.08000000000000185,0.09999999999999787,0.0699999999999994,0.010000000000019327,0.01999999999999602,2.8999999999998636,0.15999999999996817,0.15999999999996817,0.5399999999999636,0.34999999999990905,1.0,0.0,0.0,0.0,0.0,0.0,0.0,15.699999999999989,0.0,0.0
open_2017_05_08_close_2017_05_08_flight_Fixed Wing_N550ND_before_0_189617,open_2017_05_08_close_2017_05_08_flight_Fixed Wing_N550ND_before_0_189617,923,4615,4644,0.00027000000000043656,5.700000002661909e-06,1.0,0.0,0.0,0.2700000000000031,2.740000000000009,0.26000000000000006,0.27000000000000013,0.08,0.07,0.0999999999999659,0.19999999999998863,0.0,0.0,0.0,1.3645500000000002e-18,0.04999999999999716,0.05999999999999872,0.009999999999999787,0.009999999999990905,0.04000000000000625,5.099999999999909,0.13999999999998636,0.20000000000004547,0.4500000000000455,0.3200000000001637,2.0,0.0,0.0,0.0,0.0,0.0,0.0,74.80000000000001,0.0,0.0
open_2017_05_08_close_2017_05_08_flight_Fixed Wing_N550ND_before_0_189617,open_2017_05_08_close_2017_05_08_flight_Fixed Wing_N550ND_before_0_189617,924,4620,4649,0.00027550000000076125,2.099999998961266e-05,13.0,0.0,0.0,0.4799999999999969,140.70999999999998,0.05999999999999994,5.03,0.03,0.010000000000000002,0.8000000000000114,0.9000000000000341,0.0,0.0,0.09999999999999987,1.3645500000000002e-18,0.0,0.05000000000000071,0.5700000000000003,0.010000000000019327,0.8499999999999943,33.0,0.10000000000002274,0.160000000000025,1.6300000000001091,0.4499999999998181,3.0,0.0,0.0,0.0,0.0,0.0,0.0,15.800000000000011,0.0,0.0
open_2017_05_08_close_2017_05_08_flight_Fixed Wing_N550ND_before_0_189617,open_2017_05_08_close_2017_05_08_flight_Fixed Wing_N550ND_before_0_189617,925,4625,4654,0.0002465999999969881,5.700000002661909e-06,9.0,0.0,0.3000000000000007,0.740000000000002,81.52999999999997,1.17,1.6800000000000002,0.019999999999999997,0.13,1.3000000000000114,1.1999999999999886,0.0,0.0,0.09999999999999987,1.3645500000000002e-18,0.0,0.0,0.010000000000000231,0.05000000000001137,0.10000000000000142,11.699999999999818,0.0,0.12000000000000455,2.020000000000209,13.580000000000155,5.0,0.0,0.0,0.0,0.0,0.0,0.0,94.50000000000003,0.0,0.0
open_2017_05_08_close_2017_05_08_flight_Fixed Wing_N550ND_before_0_189617,open_2017_05_08_close_2017_05_08_flight_Fixed Wing_N550ND_before_0_189617,926,4630,4659,0.00037709999999435695,2.8599999993161873e-05,12.0,0.0,0.3000000000000007,2.9299999999999997,384.07000000000005,1.0,1.49,0.03,0.03,1.1999999999999886,0.39999999999997726,0.0,0.0,0.09999999999999987,1.3645500000000002e-18,0.21999999999999886,0.15000000000000213,0.030000000000000027,0.05000000000001137,0.4100000000000037,28.100000000000023,0.38999999999998636,0.12999999999999545,90.55999999999995,36.210000000000036,3.0,0.0,0.0,0.0,0.0,0.0,0.0,39.300000000000004,0.0,0.0
open_2017_05_08_close_2017_05_08_flight_Fixed Wing_N550ND_before_0_189617,open_2017_05_08_close_2017_05_08_flight_Fixed Wing_N550ND_before_0_189617,927,4635,4664,0.00022400000000288856,4.389999999432348e-05,2.0,0.0,0.0,2.5600000000000023,7.420000000000002,0.25,0.26999999999999996,0.0,0.009999999999999998,3.0,2.0,0.09999999999999787,0.0,0.09999999999999987,1.3645500000000002e-18,0.240000000000002,0.25,0.010000000000000009,0.0800000000000125,0.14999999999999858,8.5,0.410000000000025,0.07000000000005002,16.139999999999986,15.120000000000118,1.0,0.0,0.0,0.0,0.0,0.0,0.0,3.9,0.0,0.0
open_2017_05_08_close_2017_05_08_flight_Fixed Wing_N550ND_before_0_189617,open_2017_05_08_close_2017_05_08_flight_Fixed Wing_N550ND_before_0_189617,928,4640,4669,3.8100000004703816e-05,3.629999999077427e-05,1.0,0.0,0.1999999999999993,0.5899999999999999,38.199999999999996,0.54,0.010000000000000009,0.05,1.0849799999999998e-20,1.0,1.0,0.09999999999999787,0.0,0.19999999999999996,1.3645500000000002e-18,0.3000000000000007,0.05000000000000071,0.1100000000000001,0.11000000000001364,1.6000000000000014,24.300000000000068,0.4199999999999591,0.10000000000002274,6.169999999999959,7.990000000000009,2.0,0.0,0.0,0.0,0.0,0.0,0.0,1.81956e-16,0.0,0.0
open_2017_05_08_close_2017_05_08_flight_Fixed Wing_N550ND_before_0_189617,open_2017_05_08_close_2017_05_08_flight_Fixed Wing_N550ND_before_0_189617,929,4645,4674,0.00016839999999973543,4.389999999432348e-05,2.0,0.0,0.0,3.1099999999999994,40.07,0.20000000000000018,0.15,0.010000000000000002,0.060000000000000005,0.0999999999999659,0.8999999999999773,0.0,0.0,0.09999999999999987,1.3645500000000002e-18,0.0,0.14999999999999858,0.019999999999999574,0.05000000000001137,0.5999999999999943,10.300000000000182,0.29000000000002046,0.12999999999999545,65.64999999999998,30.0300000000002,5.0,0.0,0.0,0.0,0.0,0.0,0.0,3.9,0.0,0.0
open_2017_05_08_close_2017_05_08_flight_Fixed Wing_N550ND_before_0_189617,open_2017_05_08_close_2017_05_08_flight_Fixed Wing_N550ND_before_0_189617,930,4650,4679,0.0002364999999997508,5.9199999995485086e-05,0.0,0.0,0.0,2.469999999999999,30.230000000000004,2.1100000000000003,0.08,0.06999999999999999,0.06,1.8000000000000114,0.6000000000000227,0.0,0.0,0.0,1.3645500000000002e-18,0.21000000000000085,0.05000000000000071,0.0,0.12999999999999545,0.7400000000000091,6.5,0.18000000000000682,0.03999999999996362,15.550000000000182,9.279999999999973,3.0,0.0,0.0,0.0,0.0,0.0,0.0,1.81956e-16,0.0,0.0
open_2017_05_08_close_2017_05_08_flight_Fixed Wing_N550ND_before_0_189617,open_2017_05_08_close_2017_05_08_flight_Fixed Wing_N550ND_before_0_189617,931,4655,4684,0.0002732999999963681,1.3400000000274304e-05,13.0,0.0,0.0,0.7199999999999989,112.57,0.9199999999999999,3.3200000000000003,0.03,0.13,0.9000000000000341,358.3,0.0,0.0,0.0,1.3645500000000002e-18,0.05000000000000071,0.129999999999999,0.030000000000001137,0.12000000000000455,0.030000000000001137,0.599999999999909,0.47999999999996135,0.19999999999998863,4.960000000000036,4.149999999999864,0.0,0.0,0.0,0.0,0.0,0.0,0.0,98.40000000000003,0.0,0.0
open_2017_05_08_close_2017_05_08_flight_Fixed Wing_N550ND_before_0_189617,open_2017_05_08_close_2017_05_08_flight_Fixed Wing_N550ND_before_0_189617,932,4660,4689,0.0002862999999990734,6.969999999739684e-05,19.0,0.0,0.0,0.1700000000000017,156.83999999999992,1.8900000000000006,6.37,0.12,0.47000000000000003,0.39999999999997726,0.8000000000000003,0.0,0.0,0.19999999999999996,1.3645500000000002e-18,0.16000000000000014,0.07000000000000028,0.009999999999999787,0.09000000000000341,0.46000000000000796,2.200000000000273,0.5199999999999818,0.29000000000002046,3.1499999999998636,2.9099999999998545,3.0,0.0,0.0,0.0,0.0,0.0,0.0,0.0,0.0,0.5
open_2017_05_08_close_2017_05_08_flight_Fixed Wing_N550ND_before_0_189617,open_2017_05_08_close_2017_05_08_flight_Fixed Wing_N550ND_before_0_189617,933,4665,4694,0.00029099999999715465,2.9899999987037518e-05,1.0,0.0,0.0,1.6299999999999955,136.13000000000002,0.2599999999999998,1.9999999999999996,0.06999999999999999,0.16999999999999998,3.599999999999966,0.19999999999999996,0.0,0.0,0.0,1.3645500000000002e-18,0.10999999999999943,0.1999999999999993,0.09999999999999964,0.020000000000010232,0.5699999999999932,12.800000000000182,0.6899999999999977,0.4900000000000091,2.2200000000000273,2.2399999999997817,4.0,0.0,0.0,0.0,0.0,0.0,0.0,19.7,0.0,0.0
open_2017_05_08_close_2017_05_08_flight_Fixed Wing_N550ND_before_0_189617,open_2017_05_08_close_2017_05_08_flight_Fixed Wing_N550ND_before_0_189617,934,4670,4699,0.0002443999999997004,1.749999999844931e-05,11.0,0.0,0.0,0.21000000000000085,142.34999999999997,0.22000000000000064,0.25,0.03,0.12,1.900000000000034,1.2999999999999545,0.0,0.0,0.0,1.3645500000000002e-18,0.129999999999999,0.09999999999999787,0.08000000000000007,0.010000000000019327,0.28000000000000114,11.200000000000273,0.75,0.5600000000000023,3.119999999999891,1.3899999999998727,2.0,0.0,0.0,0.0,0.0,0.0,0.0,165.39999999999998,0.0,0.0
open_2017_05_08_close_2017_05_08_flight_Fixed Wing_N550ND_before_0_189617,open_2017_05_08_close_2017_05_08_flight_Fixed Wing_N550ND_before_0_189617,935,4675,4704,0.000328299999999615,3.269999999133688e-05,13.999999999999886,0.0,0.0,0.4200000000000017,17.289999999999964,0.7200000000000006,2.27,0.02,0.18,0.5,1.1000000000000227,0.0,0.10000000000000142,0.0,1.3645500000000002e-18,0.23000000000000043,0.0,0.009999999999999787,0.040000000000020464,0.28000000000000114,0.40000000000009095,0.6800000000000068,0.4600000000000364,0.9400000000000546,0.7400000000000091,1.0,0.0,0.0,0.0,0.0,0.0,0.0,66.89999999999998,0.0,0.5
open_2017_05_08_close_2017_05_08_flight_Fixed Wing_N550ND_before_0_189617,open_2017_05_08_close_2017_05_08_flight_Fixed Wing_N550ND_before_0_189617,936,4680,4709,0.00032360000000153377,3.189999999619886e-05,14.0,0.0,0.0,0.3300000000000125,8.870000000000005,0.8800000000000008,0.22999999999999954,0.009999999999999998,0.09,0.30000000000001137,0.5,0.0,0.0,0.0,1.3645500000000002e-18,0.0,0.129999999999999,0.11000000000000121,0.04999999999998295,0.269999999999996,5.800000000000182,0.6999999999999886,0.44999999999998863,1.1799999999998363,0.9200000000000728,1.0,0.0,0.0,0.0,0.0,0.0,0.0,35.39999999999998,0.0,0.0
open_2017_05_08_close_2017_05_08_flight_Fixed Wing_N550ND_before_0_189617,open_2017_05_08_close_2017_05_08_flight_Fixed Wing_N550ND_before_0_189617,937,4685,4714,0.0002960999999999103,3.189999999619886e-05,11.0,0.0,0.0,0.46999999999999886,60.120000000000005,0.02000000000000135,2.77,0.01,0.030000000000000002,0.10000000000002274,0.10000000000002274,0.0,0.0,0.0,1.3645500000000002e-18,0.129999999999999,0.05999999999999872,0.0,0.06999999999999318,0.36999999999999034,6.700000000000273,0.6299999999999955,0.4399999999999977,0.6900000000000546,0.14999999999986358,1.0,0.0,0.0,0.0,0.0,0.0,0.0,19.699999999999932,0.0,0.0
open_2017_05_08_close_2017_05_08_flight_Fixed Wing_N550ND_before_0_189617,open_2017_05_08_close_2017_05_08_flight_Fixed Wing_N550ND_before_0_189617,938,4690,4719,0.0003341999999975087,2.229999999769916e-05,11.0,0.0,0.0,0.4399999999999977,108.0,1.0099999999999998,0.22999999999999998,0.07,0.18000000000000002,1.1999999999999886,0.30000000000001137,0.0,0.0,0.0,1.3645500000000002e-18,0.08000000000000185,0.05000000000000071,0.0,0.060000000000002274,0.980000000000004,0.5,0.7900000000000205,0.5699999999999932,0.21000000000003638,0.9099999999998545,0.0,0.0,0.0,0.0,0.0,0.0,0.0,43.40000000000009,0.0,0.0
open_2017_05_08_close_2017_05_08_flight_Fixed Wing_N550ND_before_0_189617,open_2017_05_08_close_2017_05_08_flight_Fixed Wing_N550ND_before_0_189617,939,4695,4724,0.00031049999999765987,1.5500000003498826e-05,10.0,0.0,0.0,0.39000000000000057,48.75999999999999,0.20000000000000107,0.050000000000000044,0.020000000000000004,0.12000000000000001,0.30000000000001137,0.19999999999998863,0.0,0.0,0.0,1.3645500000000002e-18,0.05000000000000071,0.0,0.019999999999999574,0.03999999999999204,0.03999999999999204,0.20000000000027285,0.7900000000000205,0.6399999999999864,1.4199999999998454,0.3300000000001546,1.0,0.0,0.0,0.0,0.0,0.0,0.0,39.39999999999998,0.0,0.0
open_2017_05_08_close_2017_05_08_flight_Fixed Wing_N550ND_before_0_189617,open_2017_05_08_close_2017_05_08_flight_Fixed Wing_N550ND_before_0_189617,940,4700,4729,0.00032879999999835263,2.179999999896154e-05,8.0,0.0,0.0,0.6599999999999966,67.18000000000006,0.6600000000000001,8.26,0.0,0.039999999999999994,2.8999999999999773,1.099999999999966,0.0,0.0,0.09999999999999987,1.3645500000000002e-18,0.019999999999999574,0.05000000000000071,0.08999999999999986,0.01999999999998181,0.01999999999999602,4.900000000000091,0.7700000000000387,0.6299999999999955,0.6799999999998363,0.25,1.0,0.0,0.0,0.0,0.0,0.0,0.0,94.5,0.0,0.0
open_2017_05_08_close_2017_05_08_flight_Fixed Wing_N550ND_before_0_189617,open_2017_05_08_close_2017_05_08_flight_Fixed Wing_N550ND_before_0_189617,941,4705,4734,0.00021050000000144564,0.00020849999999938973,22.0,0.0,0.0,0.37000000000000455,138.3800000000001,1.1300000000000008,0.8400000000000034,0.04,0.09,7.400000000000034,9.600000000000023,0.0,0.0,0.0,1.3645500000000002e-18,0.0,0.0,0.07000000000000028,0.020000000000010232,0.0799999999999983,1.599999999999909,0.6400000000000432,0.5400000000000205,0.40000000000009095,1.4799999999997908,1.0,0.0,0.0,0.0,0.0,0.0,0.0,110.20000000000005,0.0,0.5
open_2017_05_08_close_2017_05_08_flight_Fixed Wing_N550ND_before_0_189617,open_2017_05_08_close_2017_05_08_flight_Fixed Wing_N550ND_before_0_189617,942,4710,4739,5.139999999670408e-05,0.0004387000000036778,5.0,0.0,0.1999999999999993,2.299999999999997,182.10000000000002,0.5200000000000005,4.289999999999999,0.04000000000000001,0.01,5.899999999999977,7.300000000000011,0.10000000000000142,0.0,0.09999999999999987,1.3645500000000002e-18,0.10999999999999943,0.0799999999999983,0.030000000000001137,0.009999999999990905,0.3200000000000074,4.300000000000182,0.6499999999999773,0.5299999999999727,0.4199999999998454,0.5599999999999454,1.0,0.0,0.0,0.0,0.0,0.0,0.0,98.5,0.0,0.5
open_2017_05_08_close_2017_05_08_flight_Fixed Wing_N550ND_before_0_189617,open_2017_05_08_close_2017_05_08_flight_Fixed Wing_N550ND_before_0_189617,943,4715,4744,3.630000000498512e-05,0.0004792999999949643,1.0,0.0,0.0,2.0799999999999983,118.11000000000001,1.0700000000000003,3.29,0.020000000000000004,0.06,1.1000000000000227,1.599999999999966,0.0,0.0,0.0,1.3645500000000002e-18,0.0,0.09999999999999787,0.0600000000000005,0.05000000000001137,0.46999999999999886,7.900000000000091,0.6499999999999773,0.5400000000000205,0.7799999999999727,1.3200000000001637,1.0,0.0,0.0,0.0,0.0,0.0,0.0,102.4,0.0,0.0
open_2017_05_08_close_2017_05_08_flight_Fixed Wing_N550ND_before_0_189617,open_2017_05_08_close_2017_05_08_flight_Fixed Wing_N550ND_before_0_189617,944,4720,4749,0.00010259999999817637,0.0005716999999947348,11.0,0.0,0.0,0.29999999999999716,214.51,0.71,0.43999999999999995,0.05,0.18,2.8000000000000114,0.39999999999997726,0.10000000000000142,0.0,0.0,1.3645500000000002e-18,0.029999999999997584,0.14000000000000057,0.03999999999999915,0.040000000000020464,0.1599999999999966,3.5,0.5900000000000318,0.5099999999999909,1.2799999999999727,1.5900000000001455,1.0,0.0,0.0,0.0,0.0,0.0,0.0,3.8999999999999773,0.0,0.0
open_2017_05_08_close_2017_05_08_flight_Fixed Wing_N550ND_before_0_189617,open_2017_05_08_close_2017_05_08_flight_Fixed Wing_N550ND_before_0_189617,945,4725,4754,8.780000000285781e-05,0.0005488000000042348,13.0,0.0,0.0,0.10999999999999943,97.13999999999999,0.6700000000000008,1.9100000000000001,0.049999999999999996,0.009999999999999995,1.0,0.0,0.10000000000000142,0.0,0.09999999999999987,1.3645500000000002e-18,0.13000000000000256,0.0,0.29999999999999893,0.020000000000010232,0.09999999999999432,11.5,0.6899999999999977,0.44999999999998863,0.7200000000000273,0.32999999999992724,2.0,0.0,0.0,0.0,0.0,0.0,0.0,106.29999999999995,0.0,0.0
open_2017_05_08_close_2017_05_08_flight_Fixed Wing_N550ND_before_0_189617,open_2017_05_08_close_2017_05_08_flight_Fixed Wing_N550ND_before_0_189617,946,4730,4759,0.00020500000000112095,0.000575200000000109,19.0,0.0,0.0,1.5400000000000063,187.19,0.8700000000000001,2.919999999999998,0.010000000000000002,0.010000000000000009,8.5,5.900000000000006,0.10000000000000142,0.0,0.0,1.3645500000000002e-18,0.0799999999999983,0.0,0.33999999999999986,0.020000000000010232,0.10000000000000853,21.90000000000009,0.5099999999999909,0.46999999999997044,4.099999999999909,5.259999999999991,1.0,0.0,0.0,0.0,0.0,0.0,0.0,15.800000000000068,0.0,1.0
open_2017_05_08_close_2017_05_08_flight_Fixed Wing_N550ND_before_0_189617,open_2017_05_08_close_2017_05_08_flight_Fixed Wing_N550ND_before_0_189617,947,4735,4764,0.00044150000000087175,0.0003504000000020824,5.0,0.0,0.0,2.1200000000000045,59.43000000000001,0.42999999999999994,0.8399999999999999,0.020000000000000004,0.039999999999999994,7.599999999999994,6.800000000000011,0.10000000000000142,0.0,0.0,1.3645500000000002e-18,0.0,0.05000000000000071,0.049999999999998934,0.04999999999998295,0.030000000000001137,0.3000000000001819,0.48999999999995225,0.4399999999999977,0.6099999999999,1.9200000000000728,2.0,0.0,0.0,0.0,0.0,0.0,0.0,66.9,0.0,2.0
open_2017_05_08_close_2017_05_08_flight_Fixed Wing_N550ND_before_0_189617,open_2017_05_08_close_2017_05_08_flight_Fixed Wing_N550ND_before_0_189617,948,4740,4769,0.0004837000000037506,5.2299999993010715e-05,0.0,0.0,0.0,1.230000000000004,68.97999999999999,0.04999999999999999,4.85,0.009999999999999995,0.02,3.299999999999983,2.9000000000000057,0.10000000000000142,0.0,0.0,1.3645500000000002e-18,0.15000000000000213,0.04999999999999716,0.009999999999999787,0.05000000000001137,0.25,6.300000000000182,0.42999999999995,0.38999999999998636,1.9700000000000273,1.4400000000000546,2.0,0.0,0.0,0.0,0.0,0.0,0.0,102.4,0.0,0.5
open_2017_05_08_close_2017_05_08_flight_Fixed Wing_N550ND_before_0_189617,open_2017_05_08_close_2017_05_08_flight_Fixed Wing_N550ND_before_0_189617,949,4745,4774,0.0004976000000027625,2.40000000104601e-05,4.0,0.0,0.0,0.5900000000000034,109.44,0.12999999999999995,2.49,0.09,0.04,2.700000000000017,0.5,0.0,0.0,0.0,1.3645500000000002e-18,0.0,0.0,0.4800000000000004,0.030000000000001137,0.6499999999999915,14.400000000000091,0.2899999999999636,0.35000000000002274,2.4300000000000637,2.0299999999999727,1.0,0.0,0.0,0.0,0.0,0.0,0.0,11.799999999999997,0.0,0.0
open_2017_05_08_close_2017_05_08_flight_Fixed Wing_N550ND_before_0_189617,open_2017_05_08_close_2017_05_08_flight_Fixed Wing_N550ND_before_0_189617,950,4750,4779,0.0004764000000037072,7.099999990600736e-06,3.0,0.0,0.0,0.0899999999999892,22.78,0.29999999999999993,0.20000000000000007,0.030000000000000002,0.05,1.0,0.09999999999999432,0.0,0.0,0.0,1.3645500000000002e-18,0.240000000000002,0.08000000000000185,0.009999999999999787,0.020000000000010232,0.10000000000000853,1.2000000000002728,0.16999999999995907,0.2300000000000182,2.0800000000001546,0.7000000000000455,1.0,0.0,0.0,0.0,0.0,0.0,0.0,31.5,0.0,0.5
open_2017_05_08_close_2017_05_08_flight_Fixed Wing_N550ND_before_0_189617,open_2017_05_08_close_2017_05_08_flight_Fixed Wing_N550ND_before_0_189617,951,4755,4784,0.000516099999998687,1.7399999990175274e-05,7.0,0.0,0.0,0.10999999999999943,45.69,0.29000000000000004,1.3199999999999998,0.02,0.03,0.39999999999997726,0.20000000000001705,0.10000000000000142,0.09999999999999787,0.0,1.3645500000000002e-18,0.0,0.129999999999999,0.05999999999999961,0.060000000000002274,0.15000000000000568,0.20000000000027285,0.1099999999999568,0.18000000000000682,2.0299999999999727,1.0299999999999727,1.0,0.0,0.0,0.0,0.0,0.0,0.0,31.49999999999997,0.0,0.0
open_2017_05_08_close_2017_05_08_flight_Fixed Wing_N550ND_before_0_189617,open_2017_05_08_close_2017_05_08_flight_Fixed Wing_N550ND_before_0_189617,952,4760,4789,0.0004563999999973589,2.999999992425728e-06,3.0,0.0,0.0,0.13000000000000966,29.819999999999993,0.2599999999999998,0.7399999999999998,0.019999999999999997,0.009999999999999995,0.6000000000000227,0.09999999999999432,0.0,0.10000000000000142,0.0,1.3645500000000002e-18,0.0,0.129999999999999,0.04999999999999982,0.03999999999999204,0.28000000000000114,7.599999999999909,0.01999999999998181,0.07000000000005002,2.619999999999891,0.6300000000001091,0.0,0.0,0.0,0.0,0.0,0.0,0.0,82.69999999999999,0.0,0.5
open_2017_05_08_close_2017_05_08_flight_Fixed Wing_N550ND_before_0_189617,open_2017_05_08_close_2017_05_08_flight_Fixed Wing_N550ND_before_0_189617,953,4765,4794,0.0005541999999962854,3.519999999923584e-05,0.0,0.0,0.0,0.29000000000000625,28.770000000000003,0.22999999999999998,0.40000000000000036,0.03,0.05,0.20000000000001705,0.5,0.0,0.0,0.0,1.3645500000000002e-18,0.030000000000001137,0.15000000000000213,0.05000000000000071,0.01999999999998181,0.1599999999999966,0.40000000000009095,0.1500000000000341,0.0,1.259999999999991,0.16000000000008185,0.0,0.0,0.0,0.0,0.0,0.0,0.0,94.5,0.0,0.0
open_2017_05_08_close_2017_05_08_flight_Fixed Wing_N550ND_before_0_189617,open_2017_05_08_close_2017_05_08_flight_Fixed Wing_N550ND_before_0_189617,954,4770,4799,0.00045670000000086475,4.700000005186666e-06,2.0,0.0,0.0,0.7199999999999989,21.010000000000048,0.08999999999999986,2.62,0.01,0.0,0.09999999999999432,0.19999999999998863,0.0,0.0,0.0,1.3645500000000002e-18,0.05000000000000071,0.05000000000000071,0.02999999999999936,0.0,0.060000000000002274,1.699999999999818,0.21000000000003638,0.12999999999999545,1.240000000000009,1.240000000000009,2.0,0.0,0.0,0.0,0.0,0.0,0.0,23.599999999999966,0.0,0.0
open_2017_05_08_close_2017_05_08_flight_Fixed Wing_N550ND_before_0_189617,open_2017_05_08_close_2017_05_08_flight_Fixed Wing_N550ND_before_0_189617,955,4775,4804,0.0004787000000021635,2.4999999993724487e-05,1.0,0.0,0.0,0.29000000000000625,69.85999999999999,0.56,0.25,0.0,0.11,0.19999999999998863,0.5999999999999943,0.0,0.0,0.0,1.3645500000000002e-18,0.0,0.0,0.03000000000000025,0.020000000000010232,0.03999999999999204,2.700000000000273,0.19999999999998863,0.12000000000000455,0.7699999999999818,0.2599999999999909,0.0,0.0,0.0,0.0,0.0,0.0,0.0,35.5,0.0,0.0
open_2017_05_08_close_2017_05_08_flight_Fixed Wing_N550ND_before_0_189617,open_2017_05_08_close_2017_05_08_flight_Fixed Wing_N550ND_before_0_189617,956,4780,4809,0.00047059999999987667,4.999999987376214e-07,6.0,0.0,0.0,0.269999999999996,163.82,0.5699999999999998,1.9900000000000002,0.02,0.0,0.799999999999983,0.5,0.0,0.0,0.0,1.3645500000000002e-18,0.13000000000000256,0.0,0.0600000000000005,0.020000000000010232,0.1799999999999926,8.699999999999818,0.35000000000002274,0.22000000000002728,0.5499999999999545,0.2999999999999545,3.0,0.0,0.0,0.0,0.0,0.0,0.0,3.8999999999999986,0.0,0.5
open_2017_05_08_close_2017_05_08_flight_Fixed Wing_N550ND_before_0_189617,open_2017_05_08_close_2017_05_08_flight_Fixed Wing_N550ND_before_0_189617,957,4785,4814,0.00044710000000236505,8.359999999640877e-05,5.0,0.0,0.0,0.12000000000000455,67.44,0.06000000000000005,0.6800000000000002,0.07,0.01,2.0,0.19999999999998863,0.10000000000000142,0.0,0.0,1.3645500000000002e-18,0.0,0.05000000000000071,0.9900000000000002,0.030000000000001137,1.2199999999999989,105.59999999999991,0.37999999999999545,0.27000000000003865,2.2100000000000364,0.9699999999997999,1.0,0.0,0.0,0.0,0.0,0.0,0.0,74.80000000000001,0.0,0.5
open_2017_05_08_close_2017_05_08_flight_Fixed Wing_N550ND_before_0_189617,open_2017_05_08_close_2017_05_08_flight_Fixed Wing_N550ND_before_0_189617,958,4790,4819,0.0005045999999993,4.0099999992548874e-05,15.0,0.0,0.0,0.1799999999999926,135.98000000000008,1.4800000000000002,1.14,0.01,0.020000000000000018,0.10000000000002274,0.19999999999998863,0.0,0.0,0.09999999999999987,1.3645500000000002e-18,0.14000000000000057,0.05000000000000071,0.010000000000000231,0.04999999999998295,0.07000000000000028,9.5,0.39999999999997726,0.20999999999997954,6.9500000000000455,8.850000000000136,0.0,0.0,0.0,0.0,0.0,0.0,0.0,185.0,0.0,0.0
open_2017_05_08_close_2017_05_08_flight_Fixed Wing_N550ND_before_0_189617,open_2017_05_08_close_2017_05_08_flight_Fixed Wing_N550ND_before_0_189617,959,4795,4824,0.0005227999999988242,3.170000000807249e-05,3.0,0.0,0.0,0.45000000000000284,342.97000000000014,0.45999999999999996,1.28,0.0,0.03,1.0,0.4000000000000057,0.0,0.10000000000000142,0.09999999999999987,1.3645500000000002e-18,0.020000000000003126,0.04999999999999716,0.040000000000000036,0.030000000000001137,0.01999999999999602,5.0,0.6299999999999955,0.410000000000025,3.3599999999999,4.309999999999945,1.0,0.0,0.0,0.0,0.0,0.0,0.0,224.39999999999998,0.0,0.0
open_2017_05_08_close_2017_05_08_flight_Fixed Wing_N550ND_before_0_189617,open_2017_05_08_close_2017_05_08_flight_Fixed Wing_N550ND_before_0_189617,960,4800,4829,0.0005261000000018612,2.2399999991762343e-05,7.0,0.0,0.0,1.259999999999991,29.670000000000016,1.5999999999999999,7.26,0.04,0.08000000000000002,1.5,2.0999999999999943,0.0,0.0,0.09999999999999987,1.3645500000000002e-18,0.0,0.0,0.04999999999999982,0.030000000000001137,0.05000000000000426,0.5,0.7900000000000205,0.4000000000000341,1.8600000000001273,3.4700000000000273,1.0,0.0,0.0,0.0,0.0,0.0,0.0,192.9,0.0,0.0
open_2017_05_08_close_2017_05_08_flight_Fixed Wing_N550ND_before_0_189617,open_2017_05_08_close_2017_05_08_flight_Fixed Wing_N550ND_before_0_189617,961,4805,4834,0.00040510000000182345,0.0002913000000006605,7.0,0.0,0.0,2.019999999999996,143.2,0.040000000000000036,2.849999999999998,0.03,0.03,5.400000000000006,5.5,0.0,0.10000000000000142,0.09999999999999987,1.3645500000000002e-18,0.030000000000001137,0.060000000000002274,0.029999999999999805,0.060000000000002274,0.01999999999999602,8.199999999999818,0.8500000000000227,0.5799999999999841,3.099999999999909,3.0700000000001637,1.0,0.0,0.0,0.0,0.0,0.0,0.0,98.4,0.0,0.0
open_2017_05_08_close_2017_05_08_flight_Fixed Wing_N550ND_before_0_189617,open_2017_05_08_close_2017_05_08_flight_Fixed Wing_N550ND_before_0_189617,962,4810,4839,0.00020889999999695874,0.00045889999999815245,5.0,0.0,0.0,1.3800000000000097,124.81,1.44,0.9700000000000024,0.05,0.09999999999999999,7.400000000000006,5.599999999999994,0.0,0.0,0.09999999999999987,1.3645500000000002e-18,0.019999999999999574,0.09999999999999787,0.03000000000000025,0.020000000000010232,0.20000000000000284,1.7000000000000455,0.9300000000000068,0.6200000000000045,3.4300000000000637,2.990000000000009,1.0,0.0,0.0,0.0,0.0,0.0,0.0,157.5,0.0,0.0
open_2017_05_08_close_2017_05_08_flight_Fixed Wing_N550ND_before_0_189617,open_2017_05_08_close_2017_05_08_flight_Fixed Wing_N550ND_before_0_189617,963,4815,4844,4.679999999979145e-05,0.0005910000000000082,15.0,0.0,0.0,0.01999999999999602,164.55,0.7599999999999998,5.8100000000000005,0.020000000000000004,0.049999999999999996,0.7000000000000028,3.1999999999999886,0.0,0.0,0.0,1.3645500000000002e-18,0.09999999999999787,0.14999999999999858,0.009999999999999787,0.030000000000001137,0.269999999999996,18.40000000000009,0.8600000000000136,0.6200000000000045,1.0199999999999818,7.209999999999809,1.0,0.0,0.0,0.0,0.0,0.0,0.0,15.800000000000068,0.0,0.0
open_2017_05_08_close_2017_05_08_flight_Fixed Wing_N550ND_before_0_189617,open_2017_05_08_close_2017_05_08_flight_Fixed Wing_N550ND_before_0_189617,964,4820,4849,1.9699999995737016e-05,0.0005910000000000082,11.0,0.0,0.0,0.01999999999999602,41.72000000000003,0.26000000000000023,2.63,0.11,0.06999999999999999,1.5,0.3999999999999915,0.0,0.0,0.0,1.3645500000000002e-18,0.05999999999999872,0.05999999999999872,0.029999999999999805,0.060000000000002274,0.14000000000000057,5.2999999999999545,0.7800000000000296,0.6399999999999864,1.1899999999998272,5.019999999999982,1.0,0.0,0.0,0.0,0.0,0.0,0.0,4.0,0.0,0.0
open_2017_05_08_close_2017_05_08_flight_Fixed Wing_N550ND_before_0_189617,open_2017_05_08_close_2017_05_08_flight_Fixed Wing_N550ND_before_0_189617,965,4825,4854,2.810000000152968e-05,0.0005604999999917482,8.0,0.0,0.0,0.4299999999999926,62.43000000000001,0.06000000000000005,0.7599999999999998,0.04,0.06,1.3000000000000114,0.6999999999999886,0.0,0.0,0.09999999999999987,1.3645500000000002e-18,0.0,0.05999999999999872,0.010000000000000231,0.060000000000002274,0.030000000000001137,2.7999999999999545,0.6899999999999977,0.660000000000025,0.1799999999998363,1.6400000000001,0.0,0.0,0.0,0.0,0.0,0.0,0.0,3.8999999999999773,0.0,0.0
open_2017_05_08_close_2017_05_08_flight_Fixed Wing_N550ND_before_0_189617,open_2017_05_08_close_2017_05_08_flight_Fixed Wing_N550ND_before_0_189617,966,4830,4859,9.520000000406981e-05,0.00040460000001019125,3.0,0.0,0.0,3.0900000000000034,137.59999999999997,0.6900000000000001,0.4400000000000013,0.02,0.03,6.799999999999997,7.299999999999997,0.0,0.0,0.0,1.3645500000000002e-18,0.0,0.05000000000000071,0.050000000000000266,0.030000000000001137,0.12999999999999545,4.2999999999999545,0.6399999999999864,0.4900000000000091,0.03999999999996362,0.42000000000007276,2.0,0.0,0.0,0.0,0.0,0.0,0.0,43.299999999999955,0.0,5.5
open_2017_05_08_close_2017_05_08_flight_Fixed Wing_N550ND_before_0_189617,open_2017_05_08_close_2017_05_08_flight_Fixed Wing_N550ND_before_0_189617,967,4835,4864,0.00024499999999960664,0.00022290000001135013,15.0,0.0,0.0,1.6400000000000006,147.64999999999998,0.04999999999999982,1.8400000000000034,0.08,0.0,4.300000000000001,6.600000000000001,0.0,0.0,0.09999999999999987,1.3645500000000002e-18,0.07000000000000028,0.04999999999999716,0.06000000000000005,0.009999999999990905,0.020000000000003126,2.5,0.6100000000000136,0.4800000000000182,1.0200000000002092,1.1199999999998909,1.0,0.0,0.0,0.0,0.0,0.0,0.0,63.0,0.0,1.0
open_2017_05_08_close_2017_05_08_flight_Fixed Wing_N550ND_before_0_189617,open_2017_05_08_close_2017_05_08_flight_Fixed Wing_N550ND_before_0_189617,968,4840,4869,0.0002618999999981497,3.4999999911633495e-06,9.0,0.0,0.0,0.21000000000000085,16.360000000000014,0.33000000000000007,2.73,0.020000000000000004,0.07,0.6999999999999886,2.8999999999999995,0.0,0.0,0.09999999999999987,1.3645500000000002e-18,0.0,0.129999999999999,0.029999999999999805,0.009999999999990905,0.020000000000003126,6.099999999999909,0.5199999999999818,0.5400000000000205,0.6099999999999,0.4299999999998363,0.0,0.0,0.0,0.0,0.0,0.0,0.0,43.30000000000007,0.0,0.0
open_2017_05_08_close_2017_05_08_flight_Fixed Wing_N550ND_before_0_189617,open_2017_05_08_close_2017_05_08_flight_Fixed Wing_N550ND_before_0_189617,969,4845,4874,0.00022839999999746396,1.260000000513628e-05,14.0,0.0,0.0,0.28999999999999915,67.44000000000005,0.5,1.4200000000000002,0.03,0.03,1.3999999999999773,0.5,0.0,0.0,0.40000000000000013,1.3645500000000002e-18,0.16000000000000014,0.09999999999999787,0.03000000000000025,0.009999999999990905,0.09000000000000341,3.2000000000000455,0.5099999999999909,0.4300000000000068,0.4099999999998545,0.5199999999999818,0.0,0.0,0.0,0.0,0.0,0.0,0.0,55.10000000000002,0.0,0.0
open_2017_05_08_close_2017_05_08_flight_Fixed Wing_N550ND_before_0_189617,open_2017_05_08_close_2017_05_08_flight_Fixed Wing_N550ND_before_0_189617,970,4850,4879,0.0002253999999979328,4.900000007523886e-06,13.0,0.0,0.0,0.25,114.70000000000005,0.2100000000000002,0.08000000000000007,0.02,0.04000000000000001,1.5,0.5999999999999659,0.0,0.0,0.0,1.3645500000000002e-18,0.07000000000000028,0.05000000000000071,0.43999999999999995,0.020000000000010232,1.2700000000000102,65.59999999999991,0.5099999999999909,0.40999999999996817,1.849999999999909,0.9200000000000728,2.0,0.0,0.0,0.0,0.0,0.0,0.0,110.20000000000005,0.0,0.5
open_2017_05_08_close_2017_05_08_flight_Fixed Wing_N550ND_before_0_189617,open_2017_05_08_close_2017_05_08_flight_Fixed Wing_N550ND_before_0_189617,971,4855,4884,0.00021479999999485244,2.6999999960253263e-06,10.0,0.0,0.0,0.0,19.170000000000016,1.11,0.19999999999999996,0.05,0.09000000000000001,1.5,0.10000000000002274,0.0,0.0,0.09999999999999987,1.3645500000000002e-18,0.16000000000000014,0.129999999999999,0.04999999999999982,0.01999999999998181,0.04000000000000625,7.0,0.4600000000000364,0.38999999999998636,3.2000000000000455,2.0,3.0,0.0,0.0,0.0,0.0,0.0,0.0,19.69999999999999,0.0,1.5
open_2017_05_08_close_2017_05_08_flight_Fixed Wing_N550ND_before_0_189617,open_2017_05_08_close_2017_05_08_flight_Fixed Wing_N550ND_before_0_189617,972,4860,4889,0.0002749999999949182,4.389999999432348e-05,2.0,0.0,0.0,0.1600000000000037,34.28999999999999,0.15000000000000013,0.91,0.04,0.04,1.1000000000000227,0.9000000000000341,0.0,0.0,0.09999999999999987,1.3645500000000002e-18,0.23999999999999844,0.05999999999999872,0.020000000000000018,0.01999999999998181,0.04999999999999716,0.20000000000004547,0.3199999999999932,0.3499999999999659,1.3899999999998727,0.08000000000015461,1.0,0.0,0.0,0.0,0.0,0.0,0.0,23.600000000000023,0.0,0.5
open_2017_05_08_close_2017_05_08_flight_Fixed Wing_N550ND_before_0_189617,open_2017_05_08_close_2017_05_08_flight_Fixed Wing_N550ND_before_0_189617,973,4865,4894,0.00026819999999361244,4.849999999123611e-05,3.0,0.0,0.0,0.0,41.94999999999999,1.01,0.8999999999999999,0.0,0.039999999999999994,1.5,0.8999999999999773,0.10000000000000142,0.0,0.0,1.3645500000000002e-18,0.09999999999999787,0.07000000000000028,0.1499999999999999,0.0,0.23000000000000398,18.59999999999991,0.27000000000003865,0.339999999999975,0.31999999999993634,0.2799999999999727,4.0,0.0,0.0,0.0,0.0,0.0,0.0,31.5,0.0,0.0
open_2017_05_08_close_2017_05_08_flight_Fixed Wing_N550ND_before_0_189617,open_2017_05_08_close_2017_05_08_flight_Fixed Wing_N550ND_before_0_189617,974,4870,4899,0.0002575000000035743,1.3400000000274304e-05,7.0,0.0,0.0,0.2700000000000031,6.939999999999998,0.32000000000000006,3.82,0.010000000000000002,0.12,0.39999999999997726,0.6000000000000227,0.0,0.0,0.09999999999999987,1.3645500000000002e-18,0.0,0.020000000000003126,0.040000000000000036,0.0,0.12999999999999545,3.8999999999998636,0.2400000000000091,0.2300000000000182,0.029999999999972715,0.6999999999998181,1.0,0.0,0.0,0.0,0.0,0.0,0.0,7.899999999999977,0.0,0.0
open_2017_05_08_close_2017_05_08_flight_Fixed Wing_N550ND_before_0_189617,open_2017_05_08_close_2017_05_08_flight_Fixed Wing_N550ND_before_0_189617,975,4875,4904,0.00023930000000405016,2.559999998652529e-05,5.0,0.0,0.0,0.14000000000000057,11.699999999999989,0.21999999999999997,2.46,0.019999999999999997,0.11,0.7000000000000455,0.39999999999997726,0.0,0.0,0.0,1.3645500000000002e-18,0.09999999999999787,0.0,0.07000000000000028,0.05000000000001137,0.09999999999999432,4.2999999999999545,0.21000000000003638,0.2300000000000182,0.2999999999999545,1.0800000000001546,2.0,0.0,0.0,0.0,0.0,0.0,0.0,114.10000000000002,0.0,0.0
open_2017_05_08_close_2017_05_08_flight_Fixed Wing_N550ND_before_0_189617,open_2017_05_08_close_2017_05_08_flight_Fixed Wing_N550ND_before_0_189617,976,4880,4909,0.0002172000000015828,2.559999998652529e-05,7.0,0.0,0.0,0.020000000000003126,5.660000000000025,0.1499999999999999,2.45,0.01,0.07,0.10000000000002274,0.5,0.0,0.0,0.0,1.3645500000000002e-18,0.05999999999999872,0.0,0.040000000000000036,0.05999999999997385,0.060000000000002274,8.200000000000045,0.19999999999998863,0.17000000000001592,0.34999999999990905,0.20000000000004547,1.0,0.0,0.0,0.0,0.0,0.0,0.0,82.69999999999999,0.0,0.0
open_2017_05_08_close_2017_05_08_flight_Fixed Wing_N550ND_before_0_189617,open_2017_05_08_close_2017_05_08_flight_Fixed Wing_N550ND_before_0_189617,977,4885,4914,0.00022179999999849542,5.609999999478532e-05,6.0,0.0,0.0,0.05999999999999517,55.74000000000001,0.9500000000000001,1.63,0.03,0.04,0.30000000000001137,0.39999999999997726,0.0,0.0,0.09999999999999987,1.3645500000000002e-18,0.19000000000000128,0.030000000000001137,0.009999999999999787,0.020000000000010232,0.2600000000000051,2.900000000000091,0.049999999999954525,0.08999999999997499,2.1200000000001182,1.7999999999999545,2.0,0.0,0.0,0.0,0.0,0.0,0.0,0.0,0.0,0.5
open_2017_05_08_close_2017_05_08_flight_Fixed Wing_N550ND_before_0_189617,open_2017_05_08_close_2017_05_08_flight_Fixed Wing_N550ND_before_0_189617,978,4890,4919,0.00021879999999896427,2.8599999993161873e-05,5.0,0.0,0.0,0.35999999999999943,25.080000000000013,0.36,0.68,0.049999999999999996,0.19,0.4000000000000341,0.0999999999999659,0.0,0.0,0.0,1.3645500000000002e-18,0.15000000000000213,0.04999999999999716,0.020000000000000462,0.0,0.01999999999999602,3.400000000000091,0.12000000000000455,0.12000000000000455,1.1100000000001273,0.6100000000001273,3.0,0.0,0.0,0.0,0.0,0.0,0.0,15.700000000000017,0.0,0.0
open_2017_05_08_close_2017_05_08_flight_Fixed Wing_N550ND_before_0_189617,open_2017_05_08_close_2017_05_08_flight_Fixed Wing_N550ND_before_0_189617,979,4895,4924,0.00028149999999982356,2.099999998961266e-05,0.0,0.0,0.0,0.21999999999999886,118.75999999999999,0.16,4.18,0.0,0.030000000000000006,0.19999999999998863,0.8999999999999773,0.0,0.0,0.09999999999999987,1.3645500000000002e-18,0.17999999999999972,0.10999999999999943,0.009999999999999787,0.009999999999990905,0.09000000000000341,5.7000000000000455,0.03999999999996362,0.09000000000003183,1.6000000000001364,0.41000000000008185,0.0,0.0,0.0,0.0,0.0,0.0,0.0,82.70000000000002,0.0,0.0
open_2017_05_08_close_2017_05_08_flight_Fixed Wing_N550ND_before_0_189617,open_2017_05_08_close_2017_05_08_flight_Fixed Wing_N550ND_before_0_189617,980,4900,4929,0.00022890000000330701,1.3400000000274304e-05,5.0,0.0,0.0,0.020000000000003126,0.4299999999999784,0.06000000000000005,3.25,0.009999999999999998,0.01,0.8999999999999773,0.19999999999998863,0.10000000000000142,0.0,0.0,1.3645500000000002e-18,0.0,0.17999999999999972,0.0,0.01999999999998181,0.09999999999999432,3.5,0.01999999999998181,0.01999999999998181,0.9100000000000819,0.8599999999999,0.0,0.0,0.0,0.0,0.0,0.0,0.0,51.19999999999999,0.0,0.0
open_2017_05_08_close_2017_05_08_flight_Fixed Wing_N550ND_before_0_189617,open_2017_05_08_close_2017_05_08_flight_Fixed Wing_N550ND_before_0_189617,981,4905,4934,0.00029149999999589227,2.8599999993161873e-05,4.0,0.0,0.0,0.25,53.70000000000002,0.26,4.38,0.039999999999999994,0.05,0.0999999999999659,0.39999999999997726,0.10000000000000142,0.0,0.0,1.3645500000000002e-18,0.129999999999999,0.05999999999999872,0.2999999999999998,0.0,0.2400000000000091,3.6000000000001364,0.03000000000002956,0.08999999999997499,0.42000000000007276,0.22000000000002728,1.0,0.0,0.0,0.0,0.0,0.0,0.0,98.5,0.0,0.0
open_2017_05_08_close_2017_05_08_flight_Fixed Wing_N550ND_before_0_189617,open_2017_05_08_close_2017_05_08_flight_Fixed Wing_N550ND_before_0_189617,982,4910,4939,0.00018550000000061573,3.629999999077427e-05,7.0,0.0,0.0,0.8599999999999994,78.91000000000003,0.33000000000000007,0.51,0.01,0.02,1.1999999999999886,0.5,0.0,0.0,0.0,1.3645500000000002e-18,0.06999999999999673,0.05000000000000071,0.5000000000000002,0.10999999999998522,3.1600000000000037,144.39999999999986,0.06999999999999318,0.029999999999972715,11.149999999999864,13.210000000000036,3.0,0.0,0.0,0.0,0.0,0.0,0.0,31.5,0.0,0.0
open_2017_05_08_close_2017_05_08_flight_Fixed Wing_N550ND_before_0_189617,open_2017_05_08_close_2017_05_08_flight_Fixed Wing_N550ND_before_0_189617,983,4915,4944,0.00015750000000025466,1.3400000000274304e-05,2.0,0.0,0.0,1.5900000000000034,18.92999999999998,0.4399999999999995,2.71,0.02,0.06,0.6000000000000227,1.0,0.0,0.0,0.09999999999999987,1.3645500000000002e-18,0.129999999999999,0.05000000000000071,0.0,0.060000000000002274,0.00999999999999801,11.600000000000023,0.15999999999996817,0.05000000000001137,48.539999999999964,25.820000000000164,1.0,0.0,0.0,0.0,0.0,0.0,0.0,59.00000000000001,0.0,0.0
open_2017_05_08_close_2017_05_08_flight_Fixed Wing_N550ND_before_0_189617,open_2017_05_08_close_2017_05_08_flight_Fixed Wing_N550ND_before_0_189617,984,4920,4949,0.00015390000000081727,1.3400000000274304e-05,0.0,0.0,0.0,2.530000000000001,25.590000000000003,0.5700000000000003,0.31,0.009999999999999998,0.02,1.6000000000000227,0.7999999999999545,0.6999999999999993,0.5999999999999979,0.20000000000000007,0.30000000000000004,0.10000000000000142,0.16000000000000014,0.010000000000000009,0.06999999999999318,0.18999999999999773,17.300000000000068,0.3299999999999841,0.0999999999999659,25.99000000000001,18.019999999999982,4.0,0.0,0.0,0.0,0.0,0.0,0.0,1.81956e-16,0.0,0.0
open_2017_05_08_close_2017_05_08_flight_Fixed Wing_N550ND_before_0_189617,open_2017_05_08_close_2017_05_08_flight_Fixed Wing_N550ND_before_0_189617,985,4925,4954,7.949999999823376e-05,1.3400000000274304e-05,1.0,0.0,0.1999999999999993,2.740000000000002,6.270000000000003,0.020000000000000018,0.050000000000000044,0.06,0.01,0.5999999999999659,0.5,0.09999999999999787,0.09999999999999787,0.5999999999999996,0.1,0.16000000000000014,0.08000000000000185,0.020000000000000018,0.07999999999998408,0.010000000000005116,5.0,0.37999999999999545,0.1500000000000341,15.039999999999964,12.040000000000191,1.0,0.0,0.0,0.0,0.0,0.0,0.0,1.81956e-16,0.0,0.0
open_2017_05_08_close_2017_05_08_flight_Fixed Wing_N550ND_before_0_189617,open_2017_05_08_close_2017_05_08_flight_Fixed Wing_N550ND_before_0_189617,986,4930,4959,0.00010680000000462542,2.8599999993161873e-05,2.0,0.0,0.0,0.16000000000000014,47.5,0.07000000000000028,0.1299999999999999,0.02,0.02,0.0999999999999659,0.19999999999998863,1.7999999999999972,1.1000000000000014,1.5000000000000009,0.0,0.17999999999999972,0.129999999999999,1.5099999999999998,0.13999999999998636,7.8700000000000045,426.69999999999993,0.44999999999998863,0.21000000000003638,25.059999999999945,1.4500000000000455,23.0,0.0,0.0,0.0,0.0,0.0,0.0,1.81956e-16,0.0,0.0
open_2017_05_08_close_2017_05_08_flight_Fixed Wing_N550ND_before_0_189617,open_2017_05_08_close_2017_05_08_flight_Fixed Wing_N550ND_before_0_189617,987,4935,4964,0.00015229999999633037,3.629999999077427e-05,3.0,0.0,0.0,2.469999999999999,36.28,0.22999999999999998,0.26,0.01,0.04,0.6999999999999886,0.0,0.0,0.0,0.7000000000000002,0.0,0.0,0.04999999999999716,0.0,0.030000000000001137,0.09000000000000341,15.599999999999909,0.2400000000000091,0.25,63.29000000000008,21.659999999999854,5.0,0.0,0.0,0.0,0.0,0.0,0.0,3.9,0.0,0.0
open_2017_05_08_close_2017_05_08_flight_Fixed Wing_N550ND_before_0_189617,open_2017_05_08_close_2017_05_08_flight_Fixed Wing_N550ND_before_0_189617,988,4940,4969,0.00024870000000021264,5.9199999995485086e-05,0.0,0.0,0.0,3.1499999999999986,21.659999999999997,0.2400000000000002,0.24,0.03,0.0,0.30000000000001137,0.20000000000004547,0.0,0.0,0.09999999999999987,0.0,0.0,0.23999999999999844,0.09999999999999964,0.09000000000000341,0.060000000000002274,1.099999999999909,0.18999999999999773,0.040000000000020464,18.75999999999999,9.539999999999964,2.0,0.0,0.0,0.0,0.0,0.0,0.0,0.0,0.0,0.0
open_2017_05_08_close_2017_05_08_flight_Fixed Wing_N550ND_before_0_189617,open_2017_05_08_close_2017_05_08_flight_Fixed Wing_N550ND_before_0_189617,989,4945,4974,0.0001930999999970595,3.31999999900745e-05,8.0,0.0,0.0,0.7899999999999991,152.55,0.5,1.1599999999999997,0.03,0.05,0.7999999999999545,0.0,0.10000000000000142,0.0,0.0,0.1,0.029999999999997584,0.13000000000000256,0.10999999999999943,0.07999999999998408,0.1599999999999966,8.0,0.39999999999997726,0.12999999999999545,7.480000000000018,4.129999999999882,2.0,0.0,0.0,0.0,0.0,0.0,0.0,86.59999999999997,0.0,0.0
open_2017_05_08_close_2017_05_08_flight_Fixed Wing_N550ND_before_0_189617,open_2017_05_08_close_2017_05_08_flight_Fixed Wing_N550ND_before_0_189617,990,4950,4979,0.0002808999999999173,8.580000000790733e-05,14.0,0.0,0.0,0.0799999999999983,102.70000000000005,0.7399999999999984,1.6300000000000001,0.03,0.020000000000000004,0.30000000000001137,0.2999999999999998,0.0,0.10000000000000142,0.8,1.3645500000000002e-18,0.240000000000002,0.0,0.07000000000000028,0.05000000000001137,0.5700000000000074,1.2000000000002728,0.660000000000025,0.35000000000002274,3.980000000000018,3.6399999999998727,0.0,0.0,0.0,0.0,0.0,0.0,0.0,78.69999999999993,0.0,0.0
open_2017_05_08_close_2017_05_08_flight_Fixed Wing_N550ND_before_0_189617,open_2017_05_08_close_2017_05_08_flight_Fixed Wing_N550ND_before_0_189617,991,4955,4984,0.00031979999999975917,1.4699999994149948e-05,11.0,0.0,0.1999999999999993,1.509999999999998,19.769999999999982,0.8600000000000003,2.02,0.06,0.18,2.8999999999999773,1.7000000000000002,0.0,0.0,0.0,1.3645500000000002e-18,0.09999999999999787,0.10000000000000142,0.0600000000000005,0.01999999999998181,0.3100000000000023,1.5,0.6700000000000159,0.37000000000000455,2.1000000000001364,1.8100000000001728,1.0,0.0,0.0,0.0,0.0,0.0,0.0,126.0,0.0,0.0
open_2017_05_08_close_2017_05_08_flight_Fixed Wing_N550ND_before_0_189617,open_2017_05_08_close_2017_05_08_flight_Fixed Wing_N550ND_before_0_189617,992,4960,4989,0.00025800000000231194,1.399999987938827e-06,8.0,0.0,0.0,0.5799999999999983,66.97000000000003,1.0,2.33,0.030000000000000002,0.18,0.30000000000001137,1.1999999999999886,0.0,0.0,0.0,1.3645500000000002e-18,0.23000000000000043,0.17999999999999972,0.0,0.04999999999998295,0.3200000000000074,2.099999999999909,0.7200000000000273,0.44999999999998863,2.349999999999909,2.3099999999999454,0.0,0.0,0.0,0.0,0.0,0.0,0.0,47.299999999999955,0.0,0.0
open_2017_05_08_close_2017_05_08_flight_Fixed Wing_N550ND_before_0_189617,open_2017_05_08_close_2017_05_08_flight_Fixed Wing_N550ND_before_0_189617,993,4965,4994,0.0002572000000000685,3.189999999619886e-05,13.0,0.0,0.0,0.20000000000000284,33.05000000000007,0.08000000000000007,2.7,0.04,0.09,0.0999999999999659,0.39999999999997726,0.0,0.0,0.09999999999999987,1.3645500000000002e-18,0.240000000000002,0.129999999999999,0.08000000000000007,0.0800000000000125,0.12999999999999545,3.600000000000364,0.8199999999999932,0.6399999999999864,1.1099999999999,2.4200000000000728,2.0,0.0,0.0,0.0,0.0,0.0,0.0,31.5,0.0,0.5
open_2017_05_08_close_2017_05_08_flight_Fixed Wing_N550ND_before_0_189617,open_2017_05_08_close_2017_05_08_flight_Fixed Wing_N550ND_before_0_189617,994,4970,4999,0.0003334000000023707,2.4299999992649646e-05,9.0,0.0,0.0,0.3100000000000023,106.96000000000004,0.5499999999999989,1.2999999999999998,0.010000000000000002,0.009999999999999998,0.30000000000001137,0.10000000000002274,0.0,0.0,0.0,1.3645500000000002e-18,0.21000000000000085,0.0,0.120000000000001,0.07999999999998408,0.1700000000000017,0.40000000000009095,0.7900000000000205,0.5099999999999909,0.21000000000003638,0.16999999999984539,1.0,0.0,0.0,0.0,0.0,0.0,0.0,11.800000000000068,0.0,0.0
open_2017_05_08_close_2017_05_08_flight_Fixed Wing_N550ND_before_0_189617,open_2017_05_08_close_2017_05_08_flight_Fixed Wing_N550ND_before_0_189617,995,4975,5004,0.0005908999999988396,7.010000000207128e-05,13.0,0.0,0.0,0.1599999999999966,301.40999999999997,0.9399999999999995,3.2299999999999995,0.07,0.060000000000000005,0.4000000000000341,0.10000000000002274,0.0,0.0,0.0,1.3645500000000002e-18,0.129999999999999,0.05000000000000071,0.1999999999999993,0.10999999999998522,0.5500000000000114,0.7000000000002728,1.6200000000000045,1.2699999999999818,0.37999999999988177,0.2699999999999818,1.0,0.0,0.0,0.0,0.0,0.0,0.0,70.79999999999995,0.0,0.0
open_2017_05_08_close_2017_05_08_flight_Fixed Wing_N550ND_before_0_189617,open_2017_05_08_close_2017_05_08_flight_Fixed Wing_N550ND_before_0_189617,996,4980,5009,0.00027100000000501723,1.4699999994149948e-05,8.0,0.0,0.0,0.04000000000000625,22.62000000000006,0.8699999999999992,0.010000000000000009,0.05,0.07,1.1999999999999886,0.0,0.0,0.0,0.0,1.3645500000000002e-18,0.05000000000000071,0.08999999999999986,0.009999999999999787,0.060000000000002274,0.10000000000000853,2.899999999999636,0.7799999999999727,0.6299999999999955,0.2599999999999909,0.029999999999972715,0.0,0.0,0.0,0.0,0.0,0.0,0.0,74.80000000000007,0.0,0.0
open_2017_05_08_close_2017_05_08_flight_Fixed Wing_N550ND_before_0_189617,open_2017_05_08_close_2017_05_08_flight_Fixed Wing_N550ND_before_0_189617,997,4985,5014,0.0003281999999984464,6.000000070116585e-07,11.0,0.0,0.0,0.10000000000000142,10.460000000000036,0.09999999999999964,1.05,0.0,0.019999999999999997,0.5,0.4000000000000341,0.0,0.0,0.09999999999999987,1.3645500000000002e-18,0.0,0.05000000000000071,0.02999999999999936,0.04999999999998295,0.1699999999999875,4.099999999999909,0.8299999999999841,0.6800000000000068,0.14999999999986358,0.790000000000191,0.0,0.0,0.0,0.0,0.0,0.0,0.0,31.5,0.0,0.0
open_2017_05_08_close_2017_05_08_flight_Fixed Wing_N550ND_before_0_189617,open_2017_05_08_close_2017_05_08_flight_Fixed Wing_N550ND_before_0_189617,998,4990,5019,0.00045329999999665915,0.0003193999999950847,24.0,0.0,0.0,0.6400000000000006,90.95000000000005,2.2300000000000004,1.610000000000003,0.020000000000000004,0.03,13.800000000000011,14.899999999999977,0.0,0.0,0.0,1.3645500000000002e-18,0.129999999999999,0.030000000000001137,0.009999999999999787,0.030000000000001137,0.4899999999999949,4.799999999999727,1.4700000000000273,1.169999999999959,0.8699999999998909,2.740000000000009,0.0,0.0,0.0,0.0,0.0,0.0,0.0,188.89999999999998,0.0,0.5
open_2017_05_08_close_2017_05_08_flight_Fixed Wing_N550ND_before_0_189617,open_2017_05_08_close_2017_05_08_flight_Fixed Wing_N550ND_before_0_189617,999,4995,5024,0.00010019999999855145,0.00040549999999939246,4.0,0.0,0.0,1.2600000000000051,106.60999999999996,0.47000000000000064,0.25,0.0,0.06,6.7000000000000455,7.599999999999966,0.0,0.0,0.09999999999999987,1.3645500000000002e-18,0.0799999999999983,0.030000000000001137,0.2400000000000002,0.020000000000010232,0.03999999999999204,2.099999999999909,0.7400000000000091,0.6100000000000136,0.7999999999999545,0.03999999999996362,0.0,0.0,0.0,0.0,0.0,0.0,0.0,86.60000000000002,0.0,0.0
open_2017_05_08_close_2017_05_08_flight_Fixed Wing_N550ND_before_0_189617,open_2017_05_08_close_2017_05_08_flight_Fixed Wing_N550ND_before_0_189617,1000,5000,5029,6.929999999982783e-05,0.0005316000000021859,10.0,0.0,0.0,1.5499999999999972,28.300000000000068,0.3799999999999999,3.92,0.03,0.07,0.39999999999997726,2.2000000000000455,0.0,0.0,0.09999999999999987,1.3645500000000002e-18,0.21000000000000085,0.19000000000000128,0.02999999999999936,0.060000000000002274,0.5,10.0,0.7400000000000091,0.57000000000005,0.709999999999809,0.5800000000001546,2.0,0.0,0.0,0.0,0.0,0.0,0.0,43.40000000000009,0.0,0.5
open_2017_05_08_close_2017_05_08_flight_Fixed Wing_N550ND_before_0_189617,open_2017_05_08_close_2017_05_08_flight_Fixed Wing_N550ND_before_0_189617,1001,5005,5034,1.730000000321752e-05,0.0005713999999983344,1.0,0.0,0.3000000000000007,0.3500000000000085,197.85000000000002,0.2599999999999998,0.7600000000000007,0.01,0.16,0.0999999999999659,1.0,0.0,0.0,0.0,1.3645500000000002e-18,0.10999999999999943,0.10999999999999943,0.019999999999999574,0.04999999999998295,0.030000000000001137,2.699999999999818,0.6800000000000068,0.5699999999999932,0.3200000000001637,1.2699999999999818,3.0,0.0,0.0,0.0,0.0,0.0,0.0,189.00000000000006,0.0,0.0
open_2017_05_08_close_2017_05_08_flight_Fixed Wing_N550ND_before_0_189617,open_2017_05_08_close_2017_05_08_flight_Fixed Wing_N550ND_before_0_189617,1002,5010,5039,1.1799999995787402e-05,0.0004875000000055252,18.0,0.0,0.0,0.14000000000000057,42.799999999999955,0.2699999999999996,0.2599999999999998,0.04000000000000001,0.010000000000000002,1.400000000000034,0.8999999999999773,0.0,0.0,0.0,1.3645500000000002e-18,0.17999999999999972,0.04999999999999716,0.019999999999999574,0.030000000000001137,0.27000000000001023,6.299999999999727,0.6399999999999864,0.5500000000000114,0.8999999999998636,1.1300000000001091,1.0,0.0,0.0,0.0,0.0,0.0,0.0,23.700000000000045,0.0,0.0
open_2017_05_08_close_2017_05_08_flight_Fixed Wing_N550ND_before_0_189617,open_2017_05_08_close_2017_05_08_flight_Fixed Wing_N550ND_before_0_189617,1003,5015,5044,8.569999999963329e-05,0.0005493000000029724,3.0,0.0,0.3000000000000007,1.1700000000000017,192.01999999999998,1.92,3.66,0.020000000000000004,0.22000000000000003,1.0,2.4000000000000057,0.0,0.0,0.0,1.3645500000000002e-18,0.030000000000001137,0.08000000000000185,0.08000000000000007,0.01999999999998181,0.030000000000001137,19.59999999999991,0.6499999999999773,0.5099999999999909,7.639999999999873,7.4500000000000455,2.0,0.0,0.0,0.0,0.0,0.0,0.0,47.30000000000001,0.0,0.0
open_2017_05_08_close_2017_05_08_flight_Fixed Wing_N550ND_before_0_189617,open_2017_05_08_close_2017_05_08_flight_Fixed Wing_N550ND_before_0_189617,1004,5020,5049,0.00022410000000405716,0.00048139999999818883,9.0,0.0,0.0,1.7900000000000063,88.86999999999998,0.1299999999999999,1.2200000000000024,0.020000000000000004,0.010000000000000009,7.100000000000023,6.300000000000011,0.0,0.0,0.0,1.3645500000000002e-18,0.0799999999999983,0.21000000000000085,0.29999999999999893,0.020000000000010232,0.1699999999999875,9.900000000000091,0.5699999999999932,0.4900000000000091,0.35999999999989996,2.910000000000082,2.0,0.0,0.0,0.0,0.0,0.0,0.0,39.30000000000001,0.0,0.0
open_2017_05_08_close_2017_05_08_flight_Fixed Wing_N550ND_before_0_189617,open_2017_05_08_close_2017_05_08_flight_Fixed Wing_N550ND_before_0_189617,1005,5025,5054,0.00039330000000603604,0.0002362000000033504,4.0,0.0,0.1999999999999993,1.2600000000000051,152.4,0.6499999999999995,1.4200000000000017,0.0,0.01999999999999999,6.200000000000017,5.5,0.0,0.0,0.09999999999999987,1.3645500000000002e-18,0.0,0.0,0.25,0.009999999999990905,0.20000000000000284,15.400000000000091,0.5199999999999818,0.44999999999998863,3.8599999999999,1.2999999999999545,1.0,0.0,0.0,0.0,0.0,0.0,0.0,47.19999999999999,0.0,0.5
open_2017_05_08_close_2017_05_08_flight_Fixed Wing_N550ND_before_0_189617,open_2017_05_08_close_2017_05_08_flight_Fixed Wing_N550ND_before_0_189617,1006,5030,5059,0.00045159999999810907,9.200000008036113e-06,7.0,0.0,0.0,1.0500000000000114,238.42999999999998,0.9,3.5,0.03,0.1,2.9000000000000057,2.799999999999983,0.0,0.0,0.09999999999999987,1.3645500000000002e-18,0.129999999999999,0.08000000000000185,0.05999999999999961,0.05000000000001137,0.23999999999999488,8.199999999999818,0.2699999999999818,0.35000000000002274,3.990000000000009,1.8999999999998636,0.0,0.0,0.0,0.0,0.0,0.0,0.0,114.10000000000002,0.0,0.5
open_2017_05_08_close_2017_05_08_flight_Fixed Wing_N550ND_before_0_189617,open_2017_05_08_close_2017_05_08_flight_Fixed Wing_N550ND_before_0_189617,1007,5035,5064,0.0004697999999976332,7.310000000870787e-05,9.0,0.0,0.1999999999999993,0.9500000000000028,43.629999999999995,0.48,0.1200000000000001,0.0,0.08,0.5,0.09999999999999432,0.0,0.0,0.0,1.3645500000000002e-18,0.10999999999999943,0.04999999999999716,0.03000000000000025,0.04999999999998295,0.030000000000001137,5.600000000000364,0.17000000000001592,0.2400000000000091,1.6399999999998727,1.4800000000000182,0.0,0.0,0.0,0.0,0.0,0.0,0.0,27.59999999999991,0.0,0.5
open_2017_05_08_close_2017_05_08_flight_Fixed Wing_N550ND_before_0_189617,open_2017_05_08_close_2017_05_08_flight_Fixed Wing_N550ND_before_0_189617,1008,5040,5069,0.000506600000001356,8.589999998775966e-05,7.0,0.0,0.0,0.4299999999999926,53.84000000000003,0.27,0.41000000000000014,0.01,0.06,0.6999999999999886,0.5999999999999943,0.0,0.0,0.0,1.3645500000000002e-18,0.10999999999999943,0.16000000000000014,0.08999999999999986,0.040000000000020464,0.0,4.699999999999818,0.11000000000001364,0.21000000000003638,0.4900000000000091,0.13000000000010914,1.0,0.0,0.0,0.0,0.0,0.0,0.0,86.59999999999997,0.0,0.0
open_2017_05_08_close_2017_05_08_flight_Fixed Wing_N550ND_before_0_189617,open_2017_05_08_close_2017_05_08_flight_Fixed Wing_N550ND_before_0_189617,1009,5045,5074,0.000496800000000519,6.8999999996322e-05,4.0,0.0,0.0,0.39000000000000057,167.79,1.35,0.9899999999999998,0.02,0.17,0.4000000000000057,0.5,0.0,0.0,0.0,1.3645500000000002e-18,0.16000000000000014,0.05000000000000071,0.08000000000000007,0.020000000000010232,0.10999999999999943,3.900000000000091,0.05000000000001137,0.10000000000002274,1.6100000000001273,0.5,1.0,0.0,0.0,0.0,0.0,0.0,0.0,23.599999999999994,0.0,0.5
open_2017_05_08_close_2017_05_08_flight_Fixed Wing_N550ND_before_0_189617,open_2017_05_08_close_2017_05_08_flight_Fixed Wing_N550ND_before_0_189617,1010,5050,5079,0.0005450000000024602,5.2900000000022374e-05,3.0,0.0,0.0,0.3100000000000023,144.26,0.3500000000000001,1.8399999999999999,0.08,0.09,1.5999999999999943,0.0,0.0,0.0,0.09999999999999987,1.3645500000000002e-18,0.0,0.0799999999999983,0.019999999999999574,0.01999999999998181,0.09000000000000341,1.6000000000003638,0.040000000000020464,0.07999999999998408,0.8799999999998818,0.009999999999990905,2.0,0.0,0.0,0.0,0.0,0.0,0.0,70.9,0.0,0.0
open_2017_05_08_close_2017_05_08_flight_Fixed Wing_N550ND_before_0_189617,open_2017_05_08_close_2017_05_08_flight_Fixed Wing_N550ND_before_0_189617,1011,5055,5084,0.0005239999999986367,3.949999999974807e-05,3.0,0.0,0.0,0.20999999999999375,83.51,0.5500000000000003,0.7700000000000002,0.02,0.08,0.5,0.0,0.0,0.0,0.09999999999999987,1.3645500000000002e-18,0.0799999999999983,0.0,0.0,0.0,0.04999999999999716,2.0,0.1400000000000432,0.09000000000003183,1.0599999999999454,0.7199999999997999,1.0,0.0,0.0,0.0,0.0,0.0,0.0,0.0,0.0,0.0
open_2017_05_08_close_2017_05_08_flight_Fixed Wing_N550ND_before_0_189617,open_2017_05_08_close_2017_05_08_flight_Fixed Wing_N550ND_before_0_189617,1012,5060,5089,0.0005036000000018248,8.100000002286833e-06,1.0,0.0,0.0,0.18999999999999773,70.80999999999999,0.1299999999999999,0.84,0.01,0.06,0.5999999999999943,0.19999999999998863,0.0,0.0,0.09999999999999987,1.3645500000000002e-18,0.05999999999999872,0.0799999999999983,0.05999999999999961,0.0,0.01999999999999602,3.300000000000182,0.2799999999999727,0.2400000000000091,0.6699999999998454,0.5,0.0,0.0,0.0,0.0,0.0,0.0,0.0,0.0,0.0,0.5
open_2017_05_08_close_2017_05_08_flight_Fixed Wing_N550ND_before_0_189617,open_2017_05_08_close_2017_05_08_flight_Fixed Wing_N550ND_before_0_189617,1013,5065,5094,0.00045640000000446435,3.080000000466043e-05,0.0,0.0,0.0,0.060000000000002274,2.3099999999999996,0.33000000000000007,0.28,0.04,0.03,1.0,0.09999999999999432,0.0,0.0,0.0,1.3645500000000002e-18,0.030000000000001137,0.0,0.009999999999999787,0.009999999999990905,0.46000000000000796,5.599999999999909,0.2799999999999727,0.2300000000000182,0.4800000000000182,0.020000000000209184,1.0,0.0,0.0,0.0,0.0,0.0,0.0,7.900000000000002,0.0,0.0
open_2017_05_08_close_2017_05_08_flight_Fixed Wing_N550ND_before_0_189617,open_2017_05_08_close_2017_05_08_flight_Fixed Wing_N550ND_before_0_189617,1014,5070,5099,0.0005207000000027051,3.7800000001197986e-05,4.0,0.0,0.0,0.0899999999999892,23.02,0.6299999999999999,2.28,0.06,0.13,3.0,0.09999999999999432,0.0,0.0,0.09999999999999987,1.3645500000000002e-18,0.0,0.10999999999999943,0.009999999999999787,0.030000000000001137,0.12999999999999545,9.5,0.20999999999997954,0.13999999999998636,0.25,0.5499999999999545,2.0,0.0,0.0,0.0,0.0,0.0,0.0,63.0,0.0,0.0
open_2017_05_08_close_2017_05_08_flight_Fixed Wing_N550ND_before_0_189617,open_2017_05_08_close_2017_05_08_flight_Fixed Wing_N550ND_before_0_189617,1015,5075,5104,0.0005239999999986367,6.499999997799932e-06,2.0,0.0,0.0,0.5700000000000074,34.59,0.75,0.5100000000000002,0.009999999999999995,0.13,0.9000000000000057,0.09999999999999432,0.0,0.0,0.09999999999999987,1.3645500000000002e-18,0.21999999999999886,0.05000000000000071,0.0600000000000005,0.030000000000001137,0.01999999999999602,10.800000000000182,0.3300000000000409,0.25,0.8099999999999454,0.2799999999999727,2.0,0.0,0.0,0.0,0.0,0.0,0.0,47.30000000000001,0.0,0.0
open_2017_05_08_close_2017_05_08_flight_Fixed Wing_N550ND_before_0_189617,open_2017_05_08_close_2017_05_08_flight_Fixed Wing_N550ND_before_0_189617,1016,5080,5109,0.00048530000000113205,2.4799999991387267e-05,3.0,0.0,0.0,0.47999999999998977,18.460000000000036,0.79,0.03000000000000025,0.01,0.24,1.5,0.39999999999997726,0.0,0.09999999999999787,0.0,1.3645500000000002e-18,0.08000000000000185,0.0,0.08000000000000007,0.009999999999990905,0.3400000000000034,4.199999999999818,0.339999999999975,0.27000000000003865,0.36000000000012733,0.7400000000000091,1.0,0.0,0.0,0.0,0.0,0.0,0.0,204.7,0.0,0.0
open_2017_05_08_close_2017_05_08_flight_Fixed Wing_N550ND_before_0_189617,open_2017_05_08_close_2017_05_08_flight_Fixed Wing_N550ND_before_0_189617,1017,5085,5114,0.0004007999999942058,2.940000000251075e-05,2.0,0.0,0.0,0.25,145.73,0.6400000000000001,6.949999999999999,0.05,0.08,2.0999999999999943,0.30000000000001137,0.0,0.0,0.09999999999999987,0.1,0.1700000000000017,0.05999999999999872,0.010000000000000675,0.030000000000001137,0.04000000000000625,3.699999999999818,0.3199999999999932,0.2599999999999909,0.7300000000000182,0.3300000000001546,1.0,0.0,0.0,0.0,0.0,0.0,0.0,82.6,0.0,0.5
open_2017_05_08_close_2017_05_08_flight_Fixed Wing_N550ND_before_0_189617,open_2017_05_08_close_2017_05_08_flight_Fixed Wing_N550ND_before_0_189617,1018,5090,5119,0.0003752000000005751,0.0002252999999967642,5.0,0.0,0.1999999999999993,1.809999999999988,43.699999999999996,0.09999999999999964,1.6799999999999997,0.02,0.009999999999999995,6.900000000000006,6.099999999999994,0.0,0.09999999999999787,0.0,1.3645500000000002e-18,0.1700000000000017,0.0,0.009999999999999787,0.01999999999998181,0.0799999999999983,11.900000000000091,0.339999999999975,0.3100000000000023,0.8299999999999272,1.3199999999999363,0.0,0.0,0.0,0.0,0.0,0.0,0.0,43.29999999999998,0.0,0.0
open_2017_05_08_close_2017_05_08_flight_Fixed Wing_N550ND_before_0_189617,open_2017_05_08_close_2017_05_08_flight_Fixed Wing_N550ND_before_0_189617,1019,5095,5124,0.00020870000000172695,0.0005098000000032243,1.0,0.0,0.0,1.710000000000008,12.090000000000003,0.45999999999999996,0.7800000000000011,0.0,0.0,6.799999999999983,6.799999999999983,0.0,0.0,0.10000000000000009,0.1,0.10999999999999943,0.129999999999999,0.04999999999999982,0.05000000000001137,0.20000000000000284,2.0,0.3199999999999932,0.30000000000001137,0.8800000000001091,0.6700000000000728,1.0,0.0,0.0,0.0,0.0,0.0,0.09999999999999964,98.39999999999998,0.0,0.0
open_2017_05_08_close_2017_05_08_flight_Fixed Wing_N550ND_before_0_189617,open_2017_05_08_close_2017_05_08_flight_Fixed Wing_N550ND_before_0_189617,1020,5100,5129,6.179999999744723e-05,0.0005656000000016093,7.0,0.0,0.0,0.9300000000000068,28.839999999999975,0.79,1.3100000000000023,0.01,0.06999999999999999,6.2000000000000455,6.0,0.0,0.0,0.0,1.3645500000000002e-18,0.10999999999999943,0.05000000000000071,0.0600000000000005,0.0700000000000216,0.1599999999999966,5.199999999999818,0.3100000000000023,0.2599999999999909,0.9500000000000455,0.2599999999999909,2.0,0.0,0.0,0.0,0.0,0.0,0.0,19.699999999999932,0.0,0.0
open_2017_05_08_close_2017_05_08_flight_Fixed Wing_N550ND_before_0_189617,open_2017_05_08_close_2017_05_08_flight_Fixed Wing_N550ND_before_0_189617,1021,5105,5134,7.389999999674046e-05,0.0004909000000026253,7.0,0.0,0.0,0.4000000000000057,20.99000000000001,0.040000000000000036,1.120000000000001,0.02,0.08,4.599999999999966,4.7999999999999545,0.0,0.0,0.0,1.3645500000000002e-18,0.0,0.16000000000000014,0.0,0.060000000000002274,0.14000000000000057,3.700000000000273,0.28000000000002956,0.2300000000000182,0.4800000000000182,0.0,0.0,0.0,0.0,0.0,0.0,0.0,0.0,27.5,0.0,0.0
open_2017_05_08_close_2017_05_08_flight_Fixed Wing_N550ND_before_0_189617,open_2017_05_08_close_2017_05_08_flight_Fixed Wing_N550ND_before_0_189617,1022,5110,5139,0.00025049999999993133,0.00031270000000915843,11.0,0.0,0.0,0.6299999999999955,139.78,0.5900000000000003,0.3699999999999992,0.049999999999999996,0.11000000000000001,3.8000000000000114,4.199999999999989,0.0,0.0,0.0,1.3645500000000002e-18,0.05999999999999872,0.0,0.08000000000000007,0.030000000000001137,0.23000000000000398,4.5,0.2599999999999909,0.2400000000000091,0.049999999999954525,0.9300000000000637,1.0,0.0,0.0,0.0,0.0,0.0,0.0,78.70000000000002,0.0,0.0
open_2017_05_08_close_2017_05_08_flight_Fixed Wing_N550ND_before_0_189617,open_2017_05_08_close_2017_05_08_flight_Fixed Wing_N550ND_before_0_189617,1023,5115,5144,0.0002741999999997802,0.0002173000000027514,1.0,0.0,0.0,0.6499999999999915,30.9,0.4300000000000006,1.040000000000001,0.009999999999999998,0.12000000000000001,2.6999999999999886,3.3999999999999773,0.0,0.0,0.0,1.3645500000000002e-18,0.04999999999999716,0.05000000000000071,0.0699999999999994,0.01999999999998181,0.0,7.599999999999909,0.22999999999996135,0.2300000000000182,1.5499999999999545,0.4600000000000364,0.0,0.0,0.0,0.0,0.0,0.0,0.0,63.0,0.0,0.0
open_2017_05_08_close_2017_05_08_flight_Fixed Wing_N550ND_before_0_189617,open_2017_05_08_close_2017_05_08_flight_Fixed Wing_N550ND_before_0_189617,1024,5120,5149,0.00033519999999498395,0.00011080000000163182,1.0,0.0,0.0,0.09999999999999432,74.81,1.06,2.11,0.01,0.0,0.8999999999999773,1.1999999999999886,0.0,0.0,0.09999999999999987,1.3645500000000002e-18,0.05999999999999872,0.04999999999999716,0.040000000000000036,0.0,0.060000000000002274,13.199999999999818,0.19999999999998863,0.21000000000003638,0.05999999999994543,0.2799999999999727,2.0,0.0,0.0,0.0,0.0,0.0,0.0,3.9000000000000057,0.0,0.5
open_2017_05_08_close_2017_05_08_flight_Fixed Wing_N550ND_before_0_189617,open_2017_05_08_close_2017_05_08_flight_Fixed Wing_N550ND_before_0_189617,1025,5125,5154,0.0003510000000019886,7.460000000492073e-05,1.0,0.0,0.0,0.5600000000000023,52.25000000000003,0.27,1.6899999999999997,0.01,0.04999999999999999,0.30000000000001137,0.6999999999999886,0.0,0.0,0.09999999999999987,1.3645500000000002e-18,0.0799999999999983,0.05000000000000071,0.1200000000000001,0.0,0.010000000000005116,2.900000000000091,0.19999999999998863,0.20000000000004547,0.6199999999998909,0.09999999999990905,1.0,0.0,0.0,0.0,0.0,0.0,0.0,63.0,0.0,0.0
open_2017_05_08_close_2017_05_08_flight_Fixed Wing_N550ND_before_0_189617,open_2017_05_08_close_2017_05_08_flight_Fixed Wing_N550ND_before_0_189617,1026,5130,5159,0.0003455000000016639,9.420000000659456e-05,3.0,0.0,0.0,0.1600000000000108,50.11,0.5500000000000003,2.289999999999999,0.02,0.1,3.1000000000000227,3.5,0.0,0.0,0.09999999999999987,1.3645500000000002e-18,0.0,0.0,0.010000000000000675,0.020000000000010232,0.0799999999999983,0.1999999999998181,0.20999999999997954,0.17999999999994998,0.05999999999994543,0.35999999999989996,0.0,0.0,0.0,0.0,0.0,0.0,0.0,90.6,0.0,0.0
open_2017_05_08_close_2017_05_08_flight_Fixed Wing_N550ND_before_0_189617,open_2017_05_08_close_2017_05_08_flight_Fixed Wing_N550ND_before_0_189617,1027,5135,5164,0.00028290000000197324,0.00024070000000619984,8.0,0.0,0.0,0.730000000000004,110.15000000000003,0.7799999999999994,2.289999999999999,0.01,0.03,4.799999999999999,6.700000000000001,0.0,0.0,0.09999999999999987,1.3645500000000002e-18,0.08000000000000185,0.05000000000000071,0.09999999999999964,0.01999999999998181,0.20000000000000284,1.8999999999996362,0.18000000000000682,0.20000000000004547,0.8300000000001546,0.16000000000008185,2.0,0.0,0.0,0.0,0.0,0.0,0.0,35.39999999999998,0.0,0.5
open_2017_05_08_close_2017_05_08_flight_Fixed Wing_N550ND_before_0_189617,open_2017_05_08_close_2017_05_08_flight_Fixed Wing_N550ND_before_0_189617,1028,5140,5169,0.0002386999999970385,0.00036660000000665605,6.0,0.0,0.0,1.3800000000000097,262.10999999999996,0.4700000000000002,1.9899999999999984,0.009999999999999998,0.17,5.299999999999997,6.199999999999996,0.0,0.0,0.0,1.3645500000000002e-18,0.05000000000000071,0.0,0.009999999999999787,0.009999999999990905,0.18999999999999773,6.299999999999727,0.160000000000025,0.22000000000002728,0.6100000000001273,0.32999999999992724,2.0,0.0,0.0,0.0,0.0,0.0,0.0,78.7,0.0,1.0
open_2017_05_08_close_2017_05_08_flight_Fixed Wing_N550ND_before_0_189617,open_2017_05_08_close_2017_05_08_flight_Fixed Wing_N550ND_before_0_189617,1029,5145,5174,4.990000000049122e-05,0.0005385000000046603,3.0,0.0,0.0,2.3700000000000045,55.379999999999995,0.04999999999999982,1.1799999999999997,0.02,0.14,5.5,6.799999999999997,0.0,0.0,0.0,1.3645500000000002e-18,0.0,0.04999999999999716,0.009999999999999787,0.0,0.3400000000000034,2.0,0.11000000000001364,0.160000000000025,0.05999999999994543,0.060000000000172804,3.0,0.0,0.0,0.0,0.0,0.0,0.0,98.4,0.0,1.0
open_2017_05_08_close_2017_05_08_flight_Fixed Wing_N550ND_before_0_189617,open_2017_05_08_close_2017_05_08_flight_Fixed Wing_N550ND_before_0_189617,1030,5150,5179,0.00017270000000024766,0.0005376999999953114,0.0,0.0,0.0,2.3299999999999983,29.629999999999995,1.37,2.2399999999999984,0.030000000000000006,0.28,3.700000000000003,7.0,0.0,0.0,0.09999999999999987,1.3645500000000002e-18,0.0,0.14000000000000057,0.03000000000000025,0.020000000000010232,0.04000000000000625,6.199999999999818,0.1400000000000432,0.13999999999998636,1.1800000000000637,0.31999999999993634,1.0,0.0,0.0,0.0,0.0,0.0,0.0,145.7,0.0,0.0
open_2017_05_08_close_2017_05_08_flight_Fixed Wing_N550ND_before_0_189617,open_2017_05_08_close_2017_05_08_flight_Fixed Wing_N550ND_before_0_189617,1031,5155,5184,0.0004290999999980727,0.0004485999999985779,9.0,0.0,0.0,2.0600000000000023,151.08999999999997,0.08999999999999997,0.22000000000000242,0.03,0.06000000000000001,6.299999999999983,5.0,0.0,0.0,0.0,1.3645500000000002e-18,0.05000000000000071,0.0,0.11000000000000032,0.009999999999990905,0.0,1.199999999999818,0.12000000000000455,0.12999999999999545,0.2300000000000182,0.07999999999992724,2.0,0.0,0.0,0.0,0.0,0.0,0.0,55.10000000000002,0.0,0.0
open_2017_05_08_close_2017_05_08_flight_Fixed Wing_N550ND_before_0_189617,open_2017_05_08_close_2017_05_08_flight_Fixed Wing_N550ND_before_0_189617,1032,5160,5189,0.00047599999999903275,0.00015320000001395329,7.0,0.0,0.0,0.04000000000000625,215.79,0.7300000000000002,4.629999999999999,0.0,0.29000000000000004,3.9000000000000057,4.699999999999989,0.0,0.0,0.09999999999999987,1.3645500000000002e-18,0.05000000000000071,0.13000000000000256,0.05999999999999961,0.020000000000010232,0.28999999999999204,3.0,0.0999999999999659,0.11000000000001364,0.2899999999999636,0.12000000000011823,1.0,0.0,0.0,0.0,0.0,0.0,0.0,228.4,0.0,0.0
open_2017_05_08_close_2017_05_08_flight_Fixed Wing_N550ND_before_0_189617,open_2017_05_08_close_2017_05_08_flight_Fixed Wing_N550ND_before_0_189617,1033,5165,5194,0.0005249999999961119,4.9999999873762135e-06,6.0,0.0,0.0,0.20000000000000284,172.52,0.55,3.67,0.02,0.05,0.5999999999999943,0.9000000000000057,0.0,0.0,0.0,1.3645500000000002e-18,0.1599999999999966,0.05999999999999872,0.0600000000000005,0.030000000000001137,0.13000000000000966,1.900000000000091,0.1099999999999568,0.01999999999998181,1.1200000000001182,0.43000000000006366,2.0,0.0,0.0,0.0,0.0,0.0,0.0,19.60000000000001,0.0,0.5
open_2017_05_08_close_2017_05_08_flight_Fixed Wing_N550ND_before_0_189617,open_2017_05_08_close_2017_05_08_flight_Fixed Wing_N550ND_before_0_189617,1034,5170,5199,0.00045500000000231466,5.6899999989923344e-05,13.0,0.0,0.0,0.9900000000000091,200.33999999999997,0.2400000000000002,4.029999999999999,0.03,0.08,1.9000000000000057,0.5999999999999943,0.0,0.0,0.09999999999999987,1.3645500000000002e-18,0.16000000000000014,0.14999999999999858,0.05999999999999961,0.04999999999998295,0.35999999999999943,9.299999999999727,0.10000000000002274,0.12999999999999545,0.5500000000001819,0.17000000000007276,1.0,0.0,0.0,0.0,0.0,0.0,0.0,3.8999999999999773,0.0,0.5
open_2017_05_08_close_2017_05_08_flight_Fixed Wing_N550ND_before_0_189617,open_2017_05_08_close_2017_05_08_flight_Fixed Wing_N550ND_before_0_189617,1035,5175,5204,0.00048579999999986967,4.9999999873762135e-06,8.0,0.0,0.0,0.8199999999999932,50.78000000000003,0.0,3.5999999999999996,0.0,0.11,0.09999999999999432,0.19999999999998863,0.10000000000000142,0.09999999999999787,0.0,1.3645500000000002e-18,0.16000000000000014,0.0,0.040000000000000036,0.020000000000010232,0.1599999999999966,2.5,0.17000000000001592,0.21000000000003638,0.6000000000001364,0.03000000000020009,1.0,0.0,0.0,0.0,0.0,0.0,0.0,35.5,0.0,0.0
open_2017_05_08_close_2017_05_08_flight_Fixed Wing_N550ND_before_0_189617,open_2017_05_08_close_2017_05_08_flight_Fixed Wing_N550ND_before_0_189617,1036,5180,5209,0.0004479000000046085,5.7999999967250915e-06,5.0,0.0,0.1999999999999993,0.01999999999999602,183.11999999999998,0.25,0.5800000000000001,0.02,0.04,0.4000000000000057,0.4000000000000057,0.0,0.0,0.0,1.3645500000000002e-18,0.08000000000000185,0.17999999999999972,0.08999999999999986,0.060000000000002274,0.009999999999990905,15.600000000000364,0.05999999999994543,0.0999999999999659,0.5700000000001637,0.009999999999990905,1.0,0.0,0.0,0.0,0.0,0.0,0.0,90.5,0.0,0.0
open_2017_05_08_close_2017_05_08_flight_Fixed Wing_N550ND_before_0_189617,open_2017_05_08_close_2017_05_08_flight_Fixed Wing_N550ND_before_0_189617,1037,5185,5214,0.0004062000000004673,3.7100000000123146e-05,1.0,0.0,0.0,0.14000000000000057,23.42,0.21999999999999975,2.91,0.0,0.07,0.4000000000000057,0.4000000000000057,0.0,0.0,0.09999999999999987,1.3645500000000002e-18,0.0799999999999983,0.05000000000000071,0.08999999999999986,0.03999999999999204,0.44000000000001194,9.699999999999818,0.1400000000000432,0.160000000000025,0.9099999999998545,0.10000000000013642,1.0,0.0,0.0,0.0,0.0,0.0,0.0,102.4,0.0,0.0
open_2017_05_08_close_2017_05_08_flight_Fixed Wing_N550ND_before_0_189617,open_2017_05_08_close_2017_05_08_flight_Fixed Wing_N550ND_before_0_189617,1038,5190,5219,0.0004950000000008004,6.600000006073969e-06,5.0,0.0,0.0,0.39000000000000057,4.150000000000006,0.21999999999999975,0.7399999999999998,0.03,0.01,0.9000000000000057,0.19999999999998863,0.0,0.0,0.09999999999999987,1.3645500000000002e-18,0.05000000000000071,0.060000000000002274,0.14000000000000057,0.020000000000010232,0.18999999999999773,0.3000000000001819,0.11000000000001364,0.14999999999997726,0.42000000000007276,0.16000000000008185,1.0,0.0,0.0,0.0,0.0,0.0,0.0,98.4,0.0,0.0
open_2017_05_08_close_2017_05_08_flight_Fixed Wing_N550ND_before_0_189617,open_2017_05_08_close_2017_05_08_flight_Fixed Wing_N550ND_before_0_189617,1039,5195,5224,0.00045709999999843376,1.549999998928797e-05,4.0,0.0,0.0,0.23999999999999488,73.24000000000001,0.04999999999999982,2.55,0.01,0.05,0.30000000000001137,0.5,0.0,0.0,0.0,1.3645500000000002e-18,0.019999999999999574,0.019999999999999574,0.1200000000000001,0.030000000000001137,0.20999999999999375,0.1999999999998181,0.1099999999999568,0.13999999999998636,1.050000000000182,0.3500000000001364,1.0,0.0,0.0,0.0,0.0,0.0,0.0,39.400000000000006,0.0,0.5
open_2017_05_08_close_2017_05_08_flight_Fixed Wing_N550ND_before_0_189617,open_2017_05_08_close_2017_05_08_flight_Fixed Wing_N550ND_before_0_189617,1040,5200,5229,0.0004307000000025596,6.809999999290994e-05,1.0,0.0,0.0,0.23000000000000398,107.88999999999999,0.29000000000000004,0.93,0.05,0.07,2.0,0.09999999999999432,0.0,0.0,0.09999999999999987,1.3645500000000002e-18,0.04999999999999716,0.10999999999999943,0.13999999999999968,0.01999999999998181,0.060000000000002274,4.0,0.11000000000001364,0.12000000000000455,0.22000000000002728,0.18000000000006366,1.0,0.0,0.0,0.0,0.0,0.0,0.0,11.899999999999991,0.0,0.5
open_2017_05_08_close_2017_05_08_flight_Fixed Wing_N550ND_before_0_189617,open_2017_05_08_close_2017_05_08_flight_Fixed Wing_N550ND_before_0_189617,1041,5205,5234,0.0004507999999958656,1.2999999995599865e-05,3.0,0.0,0.0,0.0800000000000125,72.55000000000001,0.3599999999999999,1.3200000000000003,0.02,0.04,0.0,0.6999999999999886,0.0,0.0,0.09999999999999987,1.3645500000000002e-18,0.13000000000000256,0.0,0.0699999999999994,0.01999999999998181,0.12999999999999545,2.0,0.05000000000001137,0.12999999999999545,0.32999999999992724,0.6100000000001273,0.0,0.0,0.0,0.0,0.0,0.0,0.0,35.400000000000006,0.0,0.0
open_2017_05_08_close_2017_05_08_flight_Fixed Wing_N550ND_before_0_189617,open_2017_05_08_close_2017_05_08_flight_Fixed Wing_N550ND_before_0_189617,1042,5210,5239,0.0004747999999992203,1.749999999844931e-05,3.0,0.0,0.0,0.20000000000000284,49.410000000000004,0.52,1.07,0.01,0.04,0.09999999999999432,0.0,0.0,0.0,0.09999999999999987,1.3645500000000002e-18,0.0,0.019999999999999574,0.05999999999999961,0.030000000000001137,0.23000000000000398,3.0,0.12999999999999545,0.18999999999999773,0.6800000000000637,0.40000000000009095,0.0,0.0,0.0,0.0,0.0,0.0,0.0,43.3,0.0,0.0
open_2017_05_08_close_2017_05_08_flight_Fixed Wing_N550ND_before_0_189617,open_2017_05_08_close_2017_05_08_flight_Fixed Wing_N550ND_before_0_189617,1043,5215,5244,0.0004216999999968607,6.2000000013995304e-06,0.0,0.0,0.0,0.39000000000000057,85.04999999999998,0.5800000000000001,0.20999999999999996,0.0,0.02,0.5999999999999943,0.6000000000000227,0.0,0.0,0.0,1.3645500000000002e-18,0.030000000000001137,0.0,0.07999999999999918,0.020000000000010232,0.1700000000000017,0.8999999999996362,0.05000000000001137,0.12999999999999545,0.6400000000001,0.009999999999990905,1.0,0.0,0.0,0.0,0.0,0.0,0.0,70.9,0.0,0.0
open_2017_05_08_close_2017_05_08_flight_Fixed Wing_N550ND_before_0_189617,open_2017_05_08_close_2017_05_08_flight_Fixed Wing_N550ND_before_0_189617,1044,5220,5249,0.0005067000000025246,6.160000000932087e-05,3.0,0.0,0.0,0.30999999999998806,76.46000000000001,0.2599999999999998,1.04,0.04,0.0,0.5999999999999943,0.5999999999999943,0.0,0.0,0.0,1.3645500000000002e-18,0.0,0.16000000000000014,0.08999999999999986,0.0,0.09000000000000341,1.5,0.09000000000003183,0.08999999999997499,0.9400000000000546,0.10999999999989996,1.0,0.0,0.0,0.0,0.0,0.0,0.0,35.400000000000006,0.0,0.0
open_2017_05_08_close_2017_05_08_flight_Fixed Wing_N550ND_before_0_189617,open_2017_05_08_close_2017_05_08_flight_Fixed Wing_N550ND_before_0_189617,1045,5225,5254,0.0005068999999977564,9.810000000243235e-05,1.0,0.0,0.0,0.25,7.289999999999992,0.96,8.76,0.01,0.08,0.6999999999999886,0.6999999999999886,0.0,0.0,0.0,1.3645500000000002e-18,0.029999999999997584,0.08000000000000185,0.10000000000000053,0.020000000000010232,0.1700000000000017,2.300000000000182,0.060000000000002274,0.05000000000001137,0.01999999999998181,0.38000000000010914,1.0,0.0,0.0,0.0,0.0,0.0,0.0,35.39999999999998,0.0,0.5
open_2017_05_08_close_2017_05_08_flight_Fixed Wing_N550ND_before_0_189617,open_2017_05_08_close_2017_05_08_flight_Fixed Wing_N550ND_before_0_189617,1046,5230,5259,0.0003774999999990314,0.00029840000000547207,13.0,0.0,0.0,1.0300000000000011,212.98999999999995,1.3399999999999999,1.8900000000000006,0.01,0.09,7.400000000000006,5.899999999999977,0.0,0.0,0.0,1.3645500000000002e-18,0.21000000000000085,0.19000000000000128,0.04999999999999982,0.010000000000019327,0.269999999999996,1.599999999999909,0.029999999999972715,0.12000000000000455,0.020000000000209184,0.2999999999999545,0.0,0.0,0.0,0.0,0.0,0.0,0.0,145.60000000000002,0.0,0.0
open_2017_05_08_close_2017_05_08_flight_Fixed Wing_N550ND_before_0_189617,open_2017_05_08_close_2017_05_08_flight_Fixed Wing_N550ND_before_0_189617,1047,5235,5264,0.00024529999999600705,0.0005651999999969348,3.0,0.0,0.0,0.39000000000000057,126.5,0.7100000000000002,2.75,0.019999999999999997,0.16,6.800000000000011,5.8999999999999915,0.0,0.0,0.0,1.3645500000000002e-18,0.0,0.029999999999997584,0.04999999999999982,0.0,0.13000000000000966,2.099999999999909,0.009999999999990905,0.009999999999990905,0.5900000000001455,0.7600000000002183,1.0,0.0,0.0,0.0,0.0,0.0,0.0,106.30000000000001,0.0,0.0
open_2017_05_08_close_2017_05_08_flight_Fixed Wing_N550ND_before_0_189617,open_2017_05_08_close_2017_05_08_flight_Fixed Wing_N550ND_before_0_189617,1048,5240,5269,4.339999999558586e-05,0.0006101000000029444,2.0,0.0,0.0,0.539999999999992,96.07,0.10000000000000009,7.18,0.0,0.07,2.299999999999997,3.0,0.0,0.0,0.09999999999999987,1.3645500000000002e-18,0.240000000000002,0.060000000000002274,0.04999999999999982,0.0,0.8700000000000045,3.900000000000091,0.010000000000047748,0.0999999999999659,0.14999999999986358,0.11000000000012733,1.0,0.0,0.0,0.0,0.0,0.0,0.0,4.0,0.0,0.0
open_2017_05_08_close_2017_05_08_flight_Fixed Wing_N550ND_before_0_189617,open_2017_05_08_close_2017_05_08_flight_Fixed Wing_N550ND_before_0_189617,1049,5245,5274,4.480000000484097e-05,0.0006534000000044671,13.0,0.0,0.0,0.29000000000000625,112.19999999999999,1.4199999999999995,3.9099999999999984,0.02,0.03999999999999998,2.0,2.799999999999997,0.0,0.0,0.0,1.3645500000000002e-18,0.17999999999999972,0.08000000000000185,0.11000000000000032,0.020000000000010232,0.23999999999999488,7.800000000000182,0.0,0.060000000000002274,0.39000000000010004,0.6900000000000546,0.0,0.0,0.0,0.0,0.0,0.0,0.0,161.4,0.0,0.0
open_2017_05_08_close_2017_05_08_flight_Fixed Wing_N550ND_before_0_189617,open_2017_05_08_close_2017_05_08_flight_Fixed Wing_N550ND_before_0_189617,1050,5250,5279,0.00022059999999868296,0.0004484999999903039,1.0,0.0,0.0,2.160000000000011,223.91000000000003,0.7399999999999993,1.6499999999999986,0.019999999999999997,0.030000000000000002,6.700000000000003,6.600000000000001,0.0,0.0,0.0,1.3645500000000002e-18,0.4800000000000004,0.0,0.019999999999999574,0.020000000000010232,0.3400000000000034,5.5,0.03000000000002956,0.0999999999999659,0.2699999999999818,0.4499999999998181,2.0,0.0,0.0,0.0,0.0,0.0,0.0,118.10000000000002,0.0,0.0
open_2017_05_08_close_2017_05_08_flight_Fixed Wing_N550ND_before_0_189617,open_2017_05_08_close_2017_05_08_flight_Fixed Wing_N550ND_before_0_189617,1051,5255,5284,0.00030620000000425307,0.0003032999999987851,0.0,0.0,0.0,0.3100000000000023,45.51999999999998,0.010000000000000009,3.709999999999999,0.02,0.12,4.199999999999999,4.700000000000003,0.0,0.0,0.09999999999999987,1.3645500000000002e-18,0.18999999999999773,0.0799999999999983,0.0,0.009999999999990905,0.20999999999999375,0.1999999999998181,0.029999999999972715,0.029999999999972715,0.44000000000005457,0.6200000000001182,1.0,0.0,0.0,0.0,0.0,0.0,0.0,192.9,0.0,0.0
open_2017_05_08_close_2017_05_08_flight_Fixed Wing_N550ND_before_0_189617,open_2017_05_08_close_2017_05_08_flight_Fixed Wing_N550ND_before_0_189617,1052,5260,5289,0.00035789999999735755,0.00017979999999795382,8.0,0.0,0.0,0.7000000000000028,205.80999999999997,2.25,1.8600000000000003,0.04,0.35,0.5999999999999996,1.0,0.0,0.0,0.09999999999999987,1.3645500000000002e-18,0.3099999999999987,0.129999999999999,0.10999999999999943,0.030000000000001137,0.01999999999999602,9.100000000000364,0.03000000000002956,0.10000000000002274,0.37000000000011823,0.9200000000000728,1.0,0.0,0.0,0.0,0.0,0.0,0.0,271.6,0.0,0.0
open_2017_05_08_close_2017_05_08_flight_Fixed Wing_N550ND_before_0_189617,open_2017_05_08_close_2017_05_08_flight_Fixed Wing_N550ND_before_0_189617,1053,5265,5294,0.00041269999999826723,0.00011219999998957064,5.0,0.0,0.0,0.6099999999999994,28.75999999999999,0.020000000000000004,1.78,0.03,0.03,1.2000000000000002,0.3000000000000007,0.0,0.0,0.0,1.3645500000000002e-18,0.0,0.05000000000000071,0.040000000000000036,0.05000000000001137,0.009999999999990905,0.5,0.060000000000002274,0.07999999999998408,1.1900000000000546,0.5399999999999636,0.0,0.0,0.0,0.0,0.0,0.0,0.0,35.400000000000034,0.0,0.0
open_2017_05_08_close_2017_05_08_flight_Fixed Wing_N550ND_before_0_189617,open_2017_05_08_close_2017_05_08_flight_Fixed Wing_N550ND_before_0_189617,1054,5270,5299,0.00032850000000195223,0.00010730000001046847,8.0,0.0,0.0,0.2599999999999909,29.75,0.33000000000000007,0.17999999999999994,0.03,0.009999999999999995,1.3000000000000003,0.7999999999999998,0.10000000000000142,0.0,0.0,1.3645500000000002e-18,0.21000000000000085,0.0,0.2799999999999998,0.009999999999990905,1.5300000000000011,113.29999999999995,0.0999999999999659,0.040000000000020464,1.6399999999998727,9.809999999999945,1.0,0.0,0.0,0.0,0.0,0.0,0.0,141.69999999999993,0.0,0.0
open_2017_05_08_close_2017_05_08_flight_Fixed Wing_N550ND_before_0_189617,open_2017_05_08_close_2017_05_08_flight_Fixed Wing_N550ND_before_0_189617,1055,5275,5304,0.0007143000000056077,0.00014140000000395503,38.0,0.0,0.0,0.01999999999999602,214.67999999999995,1.65,1.2200000000000002,0.04,0.15,1.8000000000000003,1.5999999999999996,0.10000000000000142,0.0,0.09999999999999987,1.3645500000000002e-18,0.08000000000000185,0.240000000000002,0.020000000000000018,0.09999999999999432,0.010000000000005116,3.2000000000000455,0.75,0.3299999999999841,6.8599999999999,22.179999999999836,0.0,0.0,0.0,0.0,0.0,0.0,0.0,315.0,0.0,0.0
open_2017_05_08_close_2017_05_08_flight_Fixed Wing_N550ND_before_0_189617,open_2017_05_08_close_2017_05_08_flight_Fixed Wing_N550ND_before_0_189617,1056,5280,5309,0.00038049999999856254,4.660000000455966e-05,6.0,0.0,0.1999999999999993,1.0899999999999892,73.31,0.31999999999999984,0.6099999999999999,0.0,0.009999999999999998,0.20000000000004547,0.30000000000000027,0.0,0.0,0.09999999999999987,1.3645500000000002e-18,0.0,0.17999999999999972,0.03000000000000025,0.03999999999999204,0.10999999999999943,4.100000000000136,0.5600000000000023,0.19999999999998863,2.3599999999999,7.2999999999999545,0.0,0.0,0.0,0.0,0.0,0.0,0.0,23.600000000000023,0.0,0.0
open_2017_05_08_close_2017_05_08_flight_Fixed Wing_N550ND_before_0_189617,open_2017_05_08_close_2017_05_08_flight_Fixed Wing_N550ND_before_0_189617,1057,5285,5314,0.0003399000000001706,6.019999999296033e-05,12.0,0.0,0.0,0.6800000000000068,209.71999999999997,0.3600000000000001,0.09000000000000008,0.02,0.25,2.8000000000000114,0.09999999999999987,0.0,0.0,0.0,1.3645500000000002e-18,0.17999999999999972,0.10999999999999943,0.029999999999999805,0.009999999999990905,0.19000000000000483,14.099999999999909,0.6300000000000523,0.3100000000000023,0.12000000000011823,4.3400000000001455,2.0,0.0,0.0,0.0,0.0,0.0,0.0,173.2,0.0,0.0
open_2017_05_08_close_2017_05_08_flight_Fixed Wing_N550ND_before_0_189617,open_2017_05_08_close_2017_05_08_flight_Fixed Wing_N550ND_before_0_189617,1058,5290,5319,0.00030010000000402215,2.5399999998398926e-05,9.0,0.0,0.0,0.4000000000000057,17.47999999999996,0.7400000000000002,1.43,0.04,0.07999999999999999,0.8000000000000114,0.5,0.0,0.0,0.09999999999999987,1.3645500000000002e-18,0.20000000000000284,0.04999999999999716,0.009999999999999787,0.010000000000019327,0.13999999999999346,5.2000000000000455,0.6899999999999977,0.36000000000001364,2.5399999999999636,2.9500000000000455,0.0,0.0,0.0,0.0,0.0,0.0,0.0,7.899999999999977,0.0,0.0
open_2017_05_08_close_2017_05_08_flight_Fixed Wing_N550ND_before_0_189617,open_2017_05_08_close_2017_05_08_flight_Fixed Wing_N550ND_before_0_189617,1059,5295,5324,0.0003336000000047079,2.4999999936881068e-06,4.0,0.0,0.0,0.5600000000000023,2.230000000000018,0.81,1.15,0.03,0.09999999999999999,0.5999999999999659,0.30000000000001137,0.10000000000000142,0.0,0.09999999999999987,1.3645500000000002e-18,0.18999999999999773,0.05000000000000071,0.3700000000000001,0.009999999999990905,1.6300000000000026,65.59999999999991,0.7199999999999704,0.4200000000000159,2.769999999999982,0.9600000000000364,0.0,0.0,0.0,0.0,0.0,0.0,0.0,19.700000000000017,0.0,0.0
open_2017_05_08_close_2017_05_08_flight_Fixed Wing_N550ND_before_0_189617,open_2017_05_08_close_2017_05_08_flight_Fixed Wing_N550ND_before_0_189617,1060,5300,5329,0.00032900000000068985,1.0900000006586197e-05,14.0,0.0,0.1999999999999993,0.21000000000000085,146.81,0.26999999999999996,1.45,0.04,0.06,0.8999999999999773,0.10000000000002274,0.0,0.0,0.0,1.3645500000000002e-18,0.05000000000000071,0.21000000000000085,0.06999999999999984,0.03999999999999204,0.03999999999999204,1.5,0.6499999999999773,0.44999999999998863,2.2100000000000364,17.76000000000022,2.0,0.0,0.0,0.0,0.0,0.0,0.0,11.800000000000011,0.0,0.0
open_2017_05_08_close_2017_05_08_flight_Fixed Wing_N550ND_before_0_189617,open_2017_05_08_close_2017_05_08_flight_Fixed Wing_N550ND_before_0_189617,1061,5305,5334,0.000278600000001461,1.1099999994712562e-05,6.0,0.0,0.0,0.13000000000000256,20.970000000000027,0.15999999999999998,0.75,0.01,0.06999999999999999,1.099999999999966,0.19999999999999998,0.0,0.0,0.0,1.3645500000000002e-18,0.05999999999999872,0.05000000000000071,0.020000000000000018,0.03999999999999204,0.0799999999999983,2.099999999999909,0.5099999999999909,0.4500000000000455,0.16000000000008185,6.259999999999991,0.0,0.0,0.0,0.0,0.0,0.0,0.0,19.69999999999999,0.0,0.0
open_2017_05_08_close_2017_05_08_flight_Fixed Wing_N550ND_before_0_189617,open_2017_05_08_close_2017_05_08_flight_Fixed Wing_N550ND_before_0_189617,1062,5310,5339,0.0003242999999955032,3.31999999900745e-05,6.0,0.0,0.0,0.03999999999999915,54.68000000000001,0.04999999999999999,0.42,0.010000000000000002,0.01,0.10000000000002274,359.4,0.0,0.0,0.0,1.3645500000000002e-18,0.019999999999999574,0.0,0.029999999999999805,0.030000000000001137,0.1599999999999966,8.299999999999955,0.5099999999999909,0.5100000000000477,0.37000000000011823,2.380000000000109,0.0,0.0,0.0,0.0,0.0,0.0,0.0,59.099999999999966,0.0,0.0
open_2017_05_08_close_2017_05_08_flight_Fixed Wing_N550ND_before_0_189617,open_2017_05_08_close_2017_05_08_flight_Fixed Wing_N550ND_before_0_189617,1063,5315,5344,0.00027009999999449974,1.3400000000274304e-05,2.0,0.0,0.0,0.07000000000000028,79.38,0.25,0.41000000000000003,0.03,0.04,0.8999999999999773,0.6999999999999886,0.0,0.0,0.0,1.3645500000000002e-18,0.0,0.129999999999999,0.019999999999999574,0.010000000000019327,0.10999999999999943,14.5,0.39999999999997726,0.3199999999999932,2.7999999999999545,1.3599999999999,1.0,0.0,0.0,0.0,0.0,0.0,0.0,23.599999999999994,0.0,0.0
open_2017_05_08_close_2017_05_08_flight_Fixed Wing_N550ND_before_0_189617,open_2017_05_08_close_2017_05_08_flight_Fixed Wing_N550ND_before_0_189617,1064,5320,5349,0.00030439999999742895,3.629999999077427e-05,13.0,0.0,0.0,0.0,195.54,0.18999999999999995,0.19999999999999996,0.03,0.1,0.5,0.7000000000000455,0.0,0.0,0.0,1.3645500000000002e-18,0.05000000000000071,0.0,0.03000000000000025,0.030000000000001137,0.14999999999999147,0.599999999999909,0.4200000000000159,0.40999999999996817,1.7000000000000455,0.6199999999998909,1.0,0.0,0.0,0.0,0.0,0.0,0.0,23.599999999999994,0.0,0.0
open_2017_05_08_close_2017_05_08_flight_Fixed Wing_N550ND_before_0_189617,open_2017_05_08_close_2017_05_08_flight_Fixed Wing_N550ND_before_0_189617,1065,5325,5354,0.00031209999999504134,2.8599999993161873e-05,2.0,0.0,0.0,1.2100000000000009,106.16999999999999,0.17000000000000004,1.79,0.03,0.09999999999999999,0.5,0.30000000000001137,0.0,0.0,0.09999999999999987,1.3645500000000002e-18,0.08000000000000185,0.0,0.009999999999999787,0.0,0.29000000000000625,7.2999999999999545,0.3199999999999932,0.4000000000000341,0.900000000000091,0.17000000000007276,1.0,0.0,0.0,0.0,0.0,0.0,0.0,27.6,0.0,0.5
open_2017_05_08_close_2017_05_08_flight_Fixed Wing_N550ND_before_0_189617,open_2017_05_08_close_2017_05_08_flight_Fixed Wing_N550ND_before_0_189617,1066,5330,5359,0.00021670000000284517,3.999999999848569e-05,2.0,0.0,0.0,0.740000000000002,16.810000000000002,0.06,0.07000000000000006,0.03,0.060000000000000005,0.0,0.6999999999999886,0.0,0.0,0.0,1.3645500000000002e-18,0.14000000000000057,0.13000000000000256,0.08000000000000007,0.009999999999990905,0.12999999999999545,4.0,0.2699999999999818,0.29000000000002046,1.0,1.1000000000001364,0.0,0.0,0.0,0.0,0.0,0.0,0.0,39.400000000000006,0.0,0.5
open_2017_05_08_close_2017_05_08_flight_Fixed Wing_N550ND_before_0_189617,open_2017_05_08_close_2017_05_08_flight_Fixed Wing_N550ND_before_0_189617,1067,5335,5364,0.00026410000000254286,5.52999999996473e-05,3.0,0.0,0.0,0.07000000000000028,15.870000000000005,0.78,4.4399999999999995,0.05,0.010000000000000009,0.19999999999998863,0.8999999999999773,0.0,0.0,0.0,1.3645500000000002e-18,0.16000000000000014,0.0,0.019999999999999574,0.010000000000019327,0.14000000000000057,3.2999999999999545,0.18000000000000682,0.25,0.41000000000008185,0.7300000000000182,3.0,0.0,0.0,0.0,0.0,0.0,0.0,47.30000000000001,0.0,0.0
open_2017_05_08_close_2017_05_08_flight_Fixed Wing_N550ND_before_0_189617,open_2017_05_08_close_2017_05_08_flight_Fixed Wing_N550ND_before_0_189617,1068,5340,5369,0.0001886000000013155,1.629999999863685e-05,4.0,0.0,0.0,0.6099999999999994,16.360000000000014,0.56,4.0200000000000005,1.81093e-19,0.010000000000000002,0.19999999999998863,0.10000000000002274,0.0,0.0,0.0,1.3645500000000002e-18,0.14999999999999858,0.05000000000000071,0.040000000000000036,0.020000000000010232,0.04999999999999716,5.599999999999909,0.020000000000038654,0.05000000000001137,3.3599999999999,0.5800000000001546,1.0,0.0,0.0,0.0,0.0,0.0,0.0,23.60000000000001,0.0,0.0
open_2017_05_08_close_2017_05_08_flight_Fixed Wing_N550ND_before_0_189617,open_2017_05_08_close_2017_05_08_flight_Fixed Wing_N550ND_before_0_189617,1069,5345,5374,0.0002558999999990874,1.5500000003498826e-05,2.0,0.0,0.0,0.020000000000003126,1.6299999999999955,0.4999999999999998,0.15,0.04,0.01,1.8999999999999773,359.40000000000003,0.10000000000000142,0.0,0.0,1.3645500000000002e-18,0.0,0.0,0.020000000000000462,0.030000000000001137,0.07000000000000739,1.2000000000000455,0.08999999999997499,0.01999999999998181,1.1699999999998454,0.5800000000001546,0.0,0.0,0.0,0.0,0.0,0.0,0.0,19.600000000000023,0.0,0.0
open_2017_05_08_close_2017_05_08_flight_Fixed Wing_N550ND_before_0_189617,open_2017_05_08_close_2017_05_08_flight_Fixed Wing_N550ND_before_0_189617,1070,5350,5379,0.00021179999999532129,2.0000000233721948e-07,1.0,0.0,0.0,0.0899999999999963,49.51000000000002,0.2200000000000002,1.13,0.009999999999999998,1.0849799999999998e-20,0.8000000000000114,1.5,0.0,0.0,0.0,1.3645500000000002e-18,0.0,0.129999999999999,0.0,0.030000000000001137,0.35999999999999943,1.099999999999909,0.009999999999990905,0.03999999999996362,0.4199999999998454,0.06999999999993634,0.0,0.0,0.0,0.0,0.0,0.0,0.0,11.800000000000011,0.0,0.0
open_2017_05_08_close_2017_05_08_flight_Fixed Wing_N550ND_before_0_189617,open_2017_05_08_close_2017_05_08_flight_Fixed Wing_N550ND_before_0_189617,1071,5355,5384,0.0002020000000015898,2.9499999996573933e-05,3.0,0.0,0.0,0.6499999999999986,27.619999999999976,0.27,2.34,0.04,0.07,1.5,0.6000000000000227,0.10000000000000142,0.0,0.0,1.3645500000000002e-18,0.04999999999999716,0.0,0.010000000000000675,0.05000000000001137,0.060000000000002274,6.2999999999999545,0.12000000000000455,0.07999999999998408,0.5599999999999454,0.37999999999988177,2.0,0.0,0.0,0.0,0.0,0.0,0.0,7.8,0.0,0.0
open_2017_05_08_close_2017_05_08_flight_Fixed Wing_N550ND_before_0_189617,open_2017_05_08_close_2017_05_08_flight_Fixed Wing_N550ND_before_0_189617,1072,5360,5389,0.0002494000000012875,4.389999999432348e-05,2.0,0.0,0.0,0.39000000000000057,69.0,0.71,3.01,0.01,0.19,1.1000000000000227,0.30000000000001137,0.10000000000000142,0.0,0.09999999999999987,1.3645500000000002e-18,0.129999999999999,0.019999999999999574,0.9400000000000004,0.030000000000001137,1.1099999999999994,53.09999999999991,0.27000000000003865,0.17000000000001592,0.4900000000000091,0.05999999999994543,1.0,0.0,0.0,0.0,0.0,0.0,0.0,43.300000000000004,0.0,0.5
open_2017_05_08_close_2017_05_08_flight_Fixed Wing_N550ND_before_0_189617,open_2017_05_08_close_2017_05_08_flight_Fixed Wing_N550ND_before_0_189617,1073,5365,5394,0.00021200000000476393,3.629999999077427e-05,10.0,0.0,0.0,0.10000000000000142,174.91000000000003,0.6900000000000002,0.77,0.04,0.020000000000000004,0.6000000000000227,0.4000000000000341,0.0,0.0,0.0,1.3645500000000002e-18,0.0,0.060000000000002274,0.0600000000000005,0.009999999999990905,0.0799999999999983,1.400000000000091,0.16999999999995907,0.13999999999998636,2.869999999999891,0.09999999999990905,2.0,0.0,0.0,0.0,0.0,0.0,0.0,23.599999999999994,0.0,0.5
open_2017_05_08_close_2017_05_08_flight_Fixed Wing_N550ND_before_0_189617,open_2017_05_08_close_2017_05_08_flight_Fixed Wing_N550ND_before_0_189617,1074,5370,5399,0.0002593999999973562,3.629999999077427e-05,2.0,0.0,0.0,0.03999999999999915,102.83000000000004,0.18999999999999995,0.5700000000000001,0.05,0.13,0.7000000000000455,1.0,0.0,0.0,0.0,1.3645500000000002e-18,0.10000000000000142,0.129999999999999,0.0,0.030000000000001137,0.10999999999999943,9.0,0.18999999999999773,0.14999999999997726,0.06999999999993634,0.8100000000001728,4.0,0.0,0.0,0.0,0.0,0.0,0.0,102.29999999999998,0.0,0.0
open_2017_05_08_close_2017_05_08_flight_Fixed Wing_N550ND_before_0_189617,open_2017_05_08_close_2017_05_08_flight_Fixed Wing_N550ND_before_0_189617,1075,5375,5404,0.00046239999999642123,2.559999998652529e-05,6.999999999999886,0.0,0.0,0.060000000000002274,10.819999999999993,0.53,4.66,0.03,0.02,0.19999999999998863,0.8000000000000114,0.10000000000000142,0.0,0.09999999999999987,1.3645500000000002e-18,0.17999999999999972,0.05000000000000071,0.08000000000000007,0.05000000000001137,0.10999999999999943,12.5,0.29000000000002046,0.3100000000000023,0.15000000000009095,0.7400000000000091,3.0,0.0,0.0,0.0,0.0,0.0,0.0,255.9,0.0,0.5
open_2017_05_08_close_2017_05_08_flight_Fixed Wing_N550ND_before_0_189617,open_2017_05_08_close_2017_05_08_flight_Fixed Wing_N550ND_before_0_189617,1076,5380,5409,0.000251799999993807,2.099999998961266e-05,2.0,0.0,0.0,0.4299999999999997,119.37,1.05,1.19,0.02,0.04,0.30000000000001137,0.10000000000002274,0.10000000000000142,0.0,0.0,1.3645500000000002e-18,0.0,0.029999999999997584,0.009999999999999787,0.020000000000010232,0.04000000000000625,5.899999999999864,0.13999999999998636,0.1500000000000341,0.7400000000000091,0.5900000000001455,1.0,0.0,0.0,0.0,0.0,0.0,0.0,39.39999999999998,0.0,0.0
open_2017_05_08_close_2017_05_08_flight_Fixed Wing_N550ND_before_0_189617,open_2017_05_08_close_2017_05_08_flight_Fixed Wing_N550ND_before_0_189617,1077,5385,5414,0.0002572000000000685,1.3400000000274304e-05,10.0,0.0,0.0,0.18999999999999773,148.39000000000004,0.02999999999999997,0.3899999999999999,0.06,0.19,2.099999999999966,0.6999999999999886,0.10000000000000142,0.0,0.0,1.3645500000000002e-18,0.08000000000000185,0.10000000000000142,0.75,0.040000000000020464,1.25,78.09999999999991,0.12999999999999545,0.12999999999999545,0.2799999999999727,0.39000000000010004,0.0,0.0,0.0,0.0,0.0,0.0,0.0,82.69999999999999,0.0,0.0
open_2017_05_08_close_2017_05_08_flight_Fixed Wing_N550ND_before_0_189617,open_2017_05_08_close_2017_05_08_flight_Fixed Wing_N550ND_before_0_189617,1078,5390,5419,0.0004410999999961973,2.8599999993161873e-05,5.0,0.0,0.0,0.03999999999999915,164.26,0.1299999999999999,2.61,0.09,0.24,1.400000000000034,0.30000000000001137,0.10000000000000142,0.0,0.09999999999999987,1.3645500000000002e-18,0.16000000000000014,0.10000000000000142,0.009999999999999787,0.020000000000010232,0.07000000000000739,22.100000000000136,0.2799999999999727,0.23999999999995225,6.680000000000064,1.1600000000000819,1.0,0.0,0.0,0.0,0.0,0.0,0.0,208.70000000000002,0.0,0.5
open_2017_05_08_close_2017_05_08_flight_Fixed Wing_N550ND_before_0_189617,open_2017_05_08_close_2017_05_08_flight_Fixed Wing_N550ND_before_0_189617,1079,5395,5424,0.00027330000000347354,1.3400000000274304e-05,2.0,0.0,0.0,0.1700000000000017,29.98999999999998,0.040000000000000036,0.24,1.81093e-19,0.03,0.6999999999999886,0.5,0.10000000000000142,0.0,0.0,1.3645500000000002e-18,0.10000000000000142,0.05000000000000071,0.020000000000000462,0.030000000000001137,0.21999999999999886,3.7000000000000455,0.19999999999998863,0.12000000000000455,0.9699999999997999,0.3999999999998636,1.0,0.0,0.0,0.0,0.0,0.0,0.0,4.0,0.0,0.5
open_2017_05_08_close_2017_05_08_flight_Fixed Wing_N550ND_before_0_189617,open_2017_05_08_close_2017_05_08_flight_Fixed Wing_N550ND_before_0_189617,1080,5400,5429,0.000301600000000235,1.3400000000274304e-05,1.0,0.0,0.3000000000000007,0.28000000000000114,6.519999999999982,0.6699999999999999,0.76,0.04,0.02,1.3999999999999773,0.9000000000000341,0.10000000000000142,0.0,0.09999999999999987,1.3645500000000002e-18,0.129999999999999,0.129999999999999,0.019999999999999574,0.040000000000020464,0.05000000000001137,8.599999999999909,0.19999999999998863,0.19999999999998863,1.3900000000001,0.08999999999991815,1.0,0.0,0.0,0.0,0.0,0.0,0.0,23.599999999999994,0.0,0.5
open_2017_05_08_close_2017_05_08_flight_Fixed Wing_N550ND_before_0_189617,open_2017_05_08_close_2017_05_08_flight_Fixed Wing_N550ND_before_0_189617,1081,5405,5434,0.00027569999999599304,4.389999999432348e-05,7.0,0.0,0.0,0.7800000000000011,85.46000000000001,0.5,1.4600000000000002,0.07,0.0,0.7999999999999545,0.5,0.0,0.0,0.0,1.3645500000000002e-18,0.05000000000000071,0.029999999999997584,0.04999999999999982,0.020000000000010232,0.35999999999999943,6.5,0.26000000000004775,0.160000000000025,2.4099999999998545,0.4499999999998181,4.0,0.0,0.0,0.0,0.0,0.0,0.0,31.5,0.0,0.0
open_2017_05_08_close_2017_05_08_flight_Fixed Wing_N550ND_before_0_189617,open_2017_05_08_close_2017_05_08_flight_Fixed Wing_N550ND_before_0_189617,1082,5410,5439,0.0002803999999940743,3.629999999077427e-05,7.0,0.0,0.0,0.9299999999999997,12.79000000000002,0.87,2.33,0.1,0.11,2.1999999999999886,0.2999999999999545,0.0,0.0,0.0,1.3645500000000002e-18,0.19000000000000128,0.0,0.41000000000000014,0.04999999999998295,2.1099999999999994,131.10000000000014,0.160000000000025,0.19999999999998863,4.509999999999991,8.920000000000073,3.0,0.0,0.0,0.0,0.0,0.0,0.0,82.69999999999999,0.0,0.0
open_2017_05_08_close_2017_05_08_flight_Fixed Wing_N550ND_before_0_189617,open_2017_05_08_close_2017_05_08_flight_Fixed Wing_N550ND_before_0_189617,1083,5415,5444,0.00016289999999941074,1.3400000000274304e-05,8.0,0.0,0.3000000000000007,1.4600000000000009,79.03999999999999,2.3600000000000003,0.15999999999999998,0.01,0.049999999999999996,1.400000000000034,0.0,0.10000000000000142,0.0,0.0,1.3645500000000002e-18,0.0,0.14999999999999858,0.010000000000000009,0.020000000000010232,0.17999999999999972,22.40000000000009,0.0,0.13999999999998636,49.70999999999992,20.99000000000001,3.0,0.0,0.0,0.0,0.0,0.0,0.0,43.29999999999998,0.0,0.5
open_2017_05_08_close_2017_05_08_flight_Fixed Wing_N550ND_before_0_189617,open_2017_05_08_close_2017_05_08_flight_Fixed Wing_N550ND_before_0_189617,1084,5420,5449,0.00015090000000128612,1.3400000000274304e-05,6.0,0.0,0.1999999999999993,1.7100000000000009,73.04999999999998,1.0499999999999998,1.18,0.010000000000000002,0.31,2.6999999999999886,0.20000000000004547,0.1999999999999993,0.1999999999999993,0.09999999999999998,0.30000000000000004,0.129999999999999,0.16000000000000014,0.0,0.07999999999998408,0.1699999999999946,9.5,0.17999999999994998,0.09000000000003183,28.629999999999995,16.49000000000001,2.0,0.0,0.0,0.0,0.0,0.0,0.0,31.499999999999996,0.0,0.0
open_2017_05_08_close_2017_05_08_flight_Fixed Wing_N550ND_before_0_189617,open_2017_05_08_close_2017_05_08_flight_Fixed Wing_N550ND_before_0_189617,1085,5425,5454,0.00016730000000109158,1.3400000000274304e-05,2.0,0.0,0.0,1.3200000000000003,5.440000000000005,0.14999999999999947,0.07000000000000006,0.06999999999999999,0.009999999999999998,0.30000000000001137,0.5,0.10000000000000142,0.10000000000000142,0.6000000000000001,1.3645500000000002e-18,0.030000000000001137,0.0,0.030000000000000027,0.03999999999999204,0.14999999999999858,7.2999999999999545,0.36000000000001364,0.040000000000020464,16.529999999999973,12.949999999999818,1.0,0.0,0.0,0.0,0.0,0.0,0.0,7.8,0.0,0.0
open_2017_05_08_close_2017_05_08_flight_Fixed Wing_N550ND_before_0_189617,open_2017_05_08_close_2017_05_08_flight_Fixed Wing_N550ND_before_0_189617,1086,5430,5459,0.00015009999999904267,1.3400000000274304e-05,0.0,0.0,0.0,0.23000000000000043,22.950000000000003,0.18000000000000016,0.04999999999999993,0.01,0.02,0.7999999999999545,0.10000000000002274,1.1000000000000014,0.8999999999999986,0.3000000000000007,0.30000000000000004,0.21000000000000085,0.029999999999997584,3.38,0.04999999999998295,11.469999999999999,613.7,0.44999999999998863,0.0999999999999659,25.410000000000082,4.029999999999973,1.0,0.0,0.0,0.0,0.0,0.0,0.0,1.81956e-16,0.0,0.5
open_2017_05_08_close_2017_05_08_flight_Fixed Wing_N550ND_before_0_189617,open_2017_05_08_close_2017_05_08_flight_Fixed Wing_N550ND_before_0_189617,1087,5435,5464,0.00015499999999946112,3.629999999077427e-05,3.0,0.0,0.0,2.6899999999999977,40.92999999999999,0.040000000000000036,0.03999999999999998,0.01,0.05,0.5,0.0,0.0,0.0,0.8000000000000003,0.0,0.10999999999999943,0.060000000000002274,0.10999999999999943,0.020000000000010232,0.6899999999999977,13.399999999999636,0.19999999999998863,0.17000000000001592,55.27999999999997,20.940000000000055,3.0,0.0,0.0,0.0,0.0,0.0,0.0,1.81956e-16,0.0,0.0
open_2017_05_08_close_2017_05_08_flight_Fixed Wing_N550ND_before_0_189617,open_2017_05_08_close_2017_05_08_flight_Fixed Wing_N550ND_before_0_189617,1088,5440,5469,0.0002307000000030257,3.31999999900745e-05,13.0,0.0,0.0,1.0700000000000003,270.9,0.09999999999999964,1.1100000000000003,0.04,0.09,0.6000000000000227,0.6999999999999886,0.0,0.0,0.10000000000000009,0.0,0.13999999999999702,0.09999999999999787,0.05000000000000071,0.12000000000000455,0.3500000000000085,2.100000000000364,0.3299999999999841,0.30999999999994543,14.980000000000018,9.730000000000018,4.0,0.0,0.0,0.0,0.0,0.0,0.0,118.09999999999997,0.0,0.5
open_2017_05_08_close_2017_05_08_flight_Fixed Wing_N550ND_before_0_189617,open_2017_05_08_close_2017_05_08_flight_Fixed Wing_N550ND_before_0_189617,1089,5445,5474,0.0002803000000000111,1.7100000007985727e-05,5.0,0.0,0.0,0.46000000000000085,58.92999999999995,0.8699999999999992,1.2199999999999998,1.81093e-19,0.02,0.10000000000002274,359.0,0.10000000000000142,0.0,0.30000000000000004,0.1,0.05000000000000071,0.05000000000000071,0.05000000000000071,0.12999999999999545,0.20999999999999375,1.7999999999997272,0.8999999999999773,0.75,6.490000000000009,3.9700000000000273,1.0,0.0,0.0,0.0,0.0,0.0,0.0,7.899999999999977,0.0,0.0
open_2017_05_08_close_2017_05_08_flight_Fixed Wing_N550ND_before_0_189617,open_2017_05_08_close_2017_05_08_flight_Fixed Wing_N550ND_before_0_189617,1090,5450,5479,0.00026590000000226155,6.969999999739684e-05,9.0,0.0,0.0,0.759999999999998,35.63000000000005,0.17999999999999972,0.52,0.010000000000000002,0.1,0.5999999999999659,0.8,0.10000000000000142,0.0,0.09999999999999987,0.0,0.10999999999999943,0.10000000000000142,0.03999999999999915,0.03999999999999204,0.09000000000000341,8.799999999999727,1.0499999999999545,0.9799999999999613,3.7100000000000364,2.8199999999999363,1.0,0.0,0.0,0.0,0.0,0.0,0.0,82.69999999999999,0.0,0.0
open_2017_05_08_close_2017_05_08_flight_Fixed Wing_N550ND_before_0_189617,open_2017_05_08_close_2017_05_08_flight_Fixed Wing_N550ND_before_0_189617,1091,5455,5484,0.0005519999999989977,7.649999999159718e-05,18.0,0.0,0.1999999999999993,1.0899999999999963,40.620000000000005,0.46999999999999886,1.1700000000000004,0.03,0.06999999999999999,1.1999999999999886,0.6000000000000227,0.0,0.0,0.09999999999999987,0.1,0.0,0.21999999999999886,0.09999999999999964,0.030000000000001137,0.5799999999999983,5.800000000000182,1.2099999999999795,0.7300000000000182,2.9600000000000364,3.2799999999999727,3.0,0.0,0.0,0.0,0.0,0.0,0.0,141.69999999999993,0.0,0.0
open_2017_05_08_close_2017_05_08_flight_Fixed Wing_N550ND_before_0_189617,open_2017_05_08_close_2017_05_08_flight_Fixed Wing_N550ND_before_0_189617,1092,5460,5489,0.000274900000000855,6.2000000013995304e-06,16.0,0.0,0.0,0.6599999999999966,58.99000000000001,0.370000000000001,1.32,0.02,0.04,1.0,0.19999999999999996,0.10000000000000142,0.0,0.0,0.1,0.10999999999999943,0.0,0.05000000000000071,0.030000000000001137,0.1700000000000017,5.800000000000182,0.6700000000000159,0.4700000000000273,2.019999999999982,1.4200000000000728,1.0,0.0,0.0,0.0,0.0,0.0,0.0,11.800000000000068,0.0,0.0
open_2017_05_08_close_2017_05_08_flight_Fixed Wing_N550ND_before_0_189617,open_2017_05_08_close_2017_05_08_flight_Fixed Wing_N550ND_before_0_189617,1093,5465,5494,0.0002709999999979118,1.2999999995599865e-05,8.0,0.0,0.0,0.6400000000000006,145.82999999999993,0.019999999999999574,1.79,0.039999999999999994,0.16999999999999998,1.3999999999999773,0.0,0.0,0.0,0.0,0.1,0.0799999999999983,0.16000000000000014,0.0600000000000005,0.03999999999999204,0.19999999999998863,3.0,0.7200000000000273,0.5399999999999636,0.6800000000000637,1.0499999999999545,1.0,0.0,0.0,0.0,0.0,0.0,0.0,157.5,0.0,0.5
open_2017_05_08_close_2017_05_08_flight_Fixed Wing_N550ND_before_0_189617,open_2017_05_08_close_2017_05_08_flight_Fixed Wing_N550ND_before_0_189617,1094,5470,5499,0.0003321000000013896,2.5899999997136547e-05,13.0,0.0,0.0,0.28999999999999915,89.62000000000006,0.009999999999999787,2.0300000000000002,0.010000000000000002,0.0,0.30000000000001137,0.5,0.0,0.0,0.09999999999999987,0.1,0.13000000000000256,0.0,0.08000000000000007,0.05000000000001137,0.539999999999992,14.599999999999909,0.7400000000000091,0.5500000000000114,0.049999999999954525,0.7899999999999636,3.0,0.0,0.0,0.0,0.0,0.0,0.0,82.69999999999993,0.0,0.5
open_2017_05_08_close_2017_05_08_flight_Fixed Wing_N550ND_before_0_189617,open_2017_05_08_close_2017_05_08_flight_Fixed Wing_N550ND_before_0_189617,1095,5475,5504,0.0002855000000039354,1.830000000779819e-05,14.0,0.0,0.0,0.11999999999999744,91.63999999999999,0.20999999999999908,1.3099999999999998,0.010000000000000002,0.019999999999999997,0.6000000000000227,0.20000000000004547,0.0,0.0,0.09999999999999987,0.1,0.07000000000000028,0.05000000000000071,0.08000000000000007,0.060000000000002274,0.14999999999999147,2.799999999999727,0.7700000000000387,0.5800000000000409,0.2400000000000091,0.13000000000010914,0.0,0.0,0.0,0.0,0.0,0.0,0.0,66.89999999999998,0.0,0.0
open_2017_05_08_close_2017_05_08_flight_Fixed Wing_N550ND_before_0_189617,open_2017_05_08_close_2017_05_08_flight_Fixed Wing_N550ND_before_0_189617,1096,5480,5509,0.00031219999999620995,2.5899999997136547e-05,11.0,0.0,0.0,0.36999999999999744,33.360000000000014,0.3100000000000005,0.24,0.009999999999999998,0.02,0.39999999999997726,0.19999999999998863,0.10000000000000142,0.0,0.0,1.3645500000000002e-18,0.030000000000001137,0.0799999999999983,0.0,0.03999999999999204,0.09000000000000341,6.399999999999636,0.7699999999999818,0.6599999999999682,0.25,0.6900000000000546,1.0,0.0,0.0,0.0,0.0,0.0,0.0,3.8999999999999773,0.0,0.0
open_2017_05_08_close_2017_05_08_flight_Fixed Wing_N550ND_before_0_189617,open_2017_05_08_close_2017_05_08_flight_Fixed Wing_N550ND_before_0_189617,1097,5485,5514,0.00023509999999760112,4.8800000001847366e-05,9.0,0.0,0.0,0.4399999999999977,16.049999999999955,0.28000000000000114,0.51,0.010000000000000002,0.01,0.10000000000002274,0.5,0.10000000000000142,0.0,0.0,0.1,0.029999999999997584,0.08000000000000185,0.08000000000000007,0.01999999999998181,0.23000000000000398,0.6999999999998181,0.7199999999999704,0.5199999999999818,0.25,0.049999999999954525,0.0,0.0,0.0,0.0,0.0,0.0,0.0,3.8999999999999773,0.0,0.0
open_2017_05_08_close_2017_05_08_flight_Fixed Wing_N550ND_before_0_189617,open_2017_05_08_close_2017_05_08_flight_Fixed Wing_N550ND_before_0_189617,1098,5490,5519,0.0002807999999987487,5.400000006261507e-06,12.0,0.0,0.3000000000000007,0.21999999999999886,30.659999999999968,0.2699999999999996,0.6299999999999999,0.0,0.01,0.10000000000002274,0.19999999999998863,0.10000000000000142,0.0,0.0,1.3645500000000002e-18,0.0,0.030000000000001137,0.10999999999999943,0.0,0.1799999999999926,0.6999999999998181,0.7200000000000273,0.5199999999999818,1.1699999999998454,0.25,1.0,0.0,0.0,0.0,0.0,0.0,0.0,31.5,0.0,0.0
open_2017_05_08_close_2017_05_08_flight_Fixed Wing_N550ND_before_0_189617,open_2017_05_08_close_2017_05_08_flight_Fixed Wing_N550ND_before_0_189617,1099,5495,5524,0.0002495000000024561,7.08999999972093e-05,11.0,0.0,0.0,0.03999999999999915,18.84999999999991,0.11000000000000121,1.33,0.0,0.08,0.5999999999999659,0.5,0.0,0.0,0.0,1.3645500000000002e-18,0.0,0.030000000000001137,0.08000000000000007,0.0,0.20000000000000284,6.0,0.7099999999999795,0.5,0.2400000000000091,0.32999999999992724,1.0,0.0,0.0,0.0,0.0,0.0,0.0,63.0,0.0,0.0
open_2017_05_08_close_2017_05_08_flight_Fixed Wing_N550ND_before_0_189617,open_2017_05_08_close_2017_05_08_flight_Fixed Wing_N550ND_before_0_189617,1100,5500,5529,0.00032199999999704687,6.239999999024803e-05,11.0,0.0,0.0,0.29000000000000625,9.269999999999982,0.7000000000000011,0.48,0.019999999999999997,0.04,1.0,0.0,0.0,0.0,0.0,1.3645500000000002e-18,0.0,0.019999999999999574,0.16000000000000014,0.009999999999990905,0.6300000000000097,2.5,0.7199999999999704,0.6100000000000136,0.009999999999990905,0.22000000000002728,2.0,0.0,0.0,0.0,0.0,0.0,0.0,4.0,0.0,0.0
open_2017_05_08_close_2017_05_08_flight_Fixed Wing_N550ND_before_0_189617,open_2017_05_08_close_2017_05_08_flight_Fixed Wing_N550ND_before_0_189617,1101,5505,5534,0.0003300999999993337,1.5000000004761205e-05,12.0,0.0,0.0,0.3100000000000023,58.539999999999964,0.7200000000000006,0.48,0.05,0.06,0.39999999999997726,0.10000000000002274,0.10000000000000142,0.0,0.0,1.3645500000000002e-18,0.04999999999999716,0.10999999999999943,0.16999999999999993,0.03999999999999204,0.3200000000000074,1.800000000000182,0.6399999999999864,0.5300000000000296,0.18000000000006366,0.2800000000002001,0.0,0.0,0.0,0.0,0.0,0.0,0.0,55.10000000000002,0.0,0.0
open_2017_05_08_close_2017_05_08_flight_Fixed Wing_N550ND_before_0_189617,open_2017_05_08_close_2017_05_08_flight_Fixed Wing_N550ND_before_0_189617,1102,5510,5539,0.0003069999999993911,5.9199999995485086e-05,3.0,0.0,0.0,1.4000000000000057,146.62,0.8599999999999999,0.47,0.03,0.0,0.9000000000000341,0.10000000000002274,0.0,0.0,0.0,1.3645500000000002e-18,0.13000000000000256,0.060000000000002274,1.33,0.040000000000020464,0.4299999999999926,50.29999999999973,0.6200000000000045,0.5999999999999659,6.529999999999973,6.170000000000073,1.0,0.0,0.0,0.0,0.0,0.0,0.0,295.3,0.0,0.5
open_2017_05_08_close_2017_05_08_flight_Fixed Wing_N550ND_before_0_189617,open_2017_05_08_close_2017_05_08_flight_Fixed Wing_N550ND_before_0_189617,1103,5515,5544,0.00033499999999975216,8.800000000519503e-05,0.0,0.0,0.0,0.7800000000000011,9.149999999999977,0.3900000000000001,0.020000000000000018,0.0,0.08,1.400000000000034,0.6999999999999886,0.10000000000000142,0.0,0.09999999999999987,1.3645500000000002e-18,0.0799999999999983,0.0799999999999983,1.5999999999999996,0.040000000000020464,1.6699999999999875,107.79999999999973,0.6100000000000136,0.5300000000000296,2.2000000000000455,0.38000000000010914,1.0,0.0,0.0,0.0,0.0,0.0,0.0,94.5,0.0,0.0
open_2017_05_08_close_2017_05_08_flight_Fixed Wing_N550ND_before_0_189617,open_2017_05_08_close_2017_05_08_flight_Fixed Wing_N550ND_before_0_189617,1104,5520,5549,0.000327900000002046,2.4999999936881068e-06,5.0,0.0,0.0,0.21999999999999886,107.52000000000001,0.16000000000000014,2.37,0.0,0.09999999999999999,0.0,0.0999999999999659,0.10000000000000142,0.0,0.09999999999999987,1.3645500000000002e-18,0.38000000000000256,0.10999999999999943,0.17999999999999972,0.0,0.27000000000001023,18.800000000000182,0.44999999999998863,0.5999999999999659,3.0399999999999636,1.0900000000001455,1.0,0.0,0.0,0.0,0.0,0.0,0.0,27.6,0.0,0.0
open_2017_05_08_close_2017_05_08_flight_Fixed Wing_N550ND_before_0_189617,open_2017_05_08_close_2017_05_08_flight_Fixed Wing_N550ND_before_0_189617,1105,5525,5554,0.0003712000000035687,1.770000000078653e-05,4.0,0.0,0.0,0.29000000000000625,67.76,0.5699999999999998,0.16000000000000003,0.03,0.22000000000000003,0.8000000000000114,0.30000000000001137,0.0,0.0,0.09999999999999987,1.3645500000000002e-18,0.019999999999999574,0.0,0.03000000000000025,0.040000000000020464,0.05999999999998806,5.0,0.21999999999997044,0.3299999999999841,0.9400000000000546,0.30999999999994543,0.0,0.0,0.0,0.0,0.0,0.0,0.0,70.89999999999999,0.0,0.0
open_2017_05_08_close_2017_05_08_flight_Fixed Wing_N550ND_before_0_189617,open_2017_05_08_close_2017_05_08_flight_Fixed Wing_N550ND_before_0_189617,1106,5530,5559,0.0002916999999982295,5.200000003924288e-06,4.0,0.0,0.0,0.7299999999999898,147.46,0.4900000000000002,0.3699999999999999,0.01,0.05,0.5,0.30000000000001137,0.0,0.0,0.09999999999999987,1.3645500000000002e-18,0.10000000000000142,0.10999999999999943,0.1299999999999999,0.020000000000010232,0.4399999999999977,9.5,0.12999999999999545,0.2400000000000091,1.150000000000091,0.029999999999972715,1.0,0.0,0.0,0.0,0.0,0.0,0.0,23.599999999999994,0.0,0.0
open_2017_05_08_close_2017_05_08_flight_Fixed Wing_N550ND_before_0_189617,open_2017_05_08_close_2017_05_08_flight_Fixed Wing_N550ND_before_0_189617,1107,5535,5564,0.0003625000000013756,2.800000000036107e-05,4.0,0.0,0.0,0.4300000000000068,183.57999999999998,0.20000000000000018,0.7799999999999999,0.02,0.05,0.4000000000000341,0.39999999999997726,0.0,0.0,0.0,1.3645500000000002e-18,0.0,0.05999999999999872,0.04999999999999982,0.020000000000010232,0.010000000000005116,1.5,0.0,0.14999999999997726,1.4200000000000728,0.5700000000001637,1.0,0.0,0.0,0.0,0.0,0.0,0.0,43.3,0.0,0.5
open_2017_05_08_close_2017_05_08_flight_Fixed Wing_N550ND_before_0_189617,open_2017_05_08_close_2017_05_08_flight_Fixed Wing_N550ND_before_0_189617,1108,5540,5569,0.0003722999999951071,1.28000000074735e-05,2.0,0.0,0.0,0.1700000000000017,46.620000000000005,0.040000000000000036,1.06,0.01,0.1,0.6000000000000227,0.10000000000002274,0.0,0.0,0.0,1.3645500000000002e-18,0.10999999999999943,0.0,0.16000000000000014,0.020000000000010232,0.46999999999999886,1.900000000000091,0.040000000000020464,0.060000000000002274,1.2300000000000182,1.0299999999999727,0.0,0.0,0.0,0.0,0.0,0.0,0.0,47.3,0.0,0.5
open_2017_05_08_close_2017_05_08_flight_Fixed Wing_N550ND_before_0_189617,open_2017_05_08_close_2017_05_08_flight_Fixed Wing_N550ND_before_0_189617,1109,5545,5574,0.0003591999999983386,2.4999999936881068e-06,2.0,0.0,0.0,0.21999999999999886,55.10999999999999,0.010000000000000231,0.5,0.03,0.08,0.6000000000000227,0.0,0.0,0.0,0.09999999999999987,1.3645500000000002e-18,0.05000000000000071,0.10999999999999943,0.03000000000000025,0.009999999999990905,0.36000000000001364,0.09999999999990905,0.10000000000002274,0.010000000000047748,0.40000000000009095,0.25,1.0,0.0,0.0,0.0,0.0,0.0,0.0,63.0,0.0,0.0
open_2017_05_08_close_2017_05_08_flight_Fixed Wing_N550ND_before_0_189617,open_2017_05_08_close_2017_05_08_flight_Fixed Wing_N550ND_before_0_189617,1110,5550,5579,0.0005780000000044083,5.860000000268428e-05,12.0,0.0,0.0,1.4200000000000017,141.16,1.0999999999999999,1.4999999999999998,1.81093e-19,0.1,0.8000000000000114,358.9,0.10000000000000142,0.0,0.0,1.3645500000000002e-18,0.10000000000000142,0.05000000000000071,0.0,0.01999999999998181,0.020000000000010232,2.099999999999909,0.29000000000002046,0.12999999999999545,1.7799999999999727,1.4300000000000637,1.0,0.0,0.0,0.0,0.0,0.0,0.0,149.6,0.0,0.0
open_2017_05_08_close_2017_05_08_flight_Fixed Wing_N550ND_before_0_189617,open_2017_05_08_close_2017_05_08_flight_Fixed Wing_N550ND_before_0_189617,1111,5555,5584,0.0006349000000014371,8.800000000519503e-05,5.0,0.0,0.0,1.730000000000004,106.69999999999999,0.6199999999999992,13.250000000000002,0.009999999999999998,0.06,8.199999999999989,6.699999999999989,0.0,0.0,0.0,1.3645500000000002e-18,0.21999999999999886,0.08000000000000185,0.009999999999999787,0.060000000000002274,0.04999999999999716,7.0,0.36000000000001364,0.2400000000000091,1.009999999999991,0.9400000000000546,1.0,0.0,0.0,0.0,0.0,0.0,0.0,299.2,0.0,0.0
open_2017_05_08_close_2017_05_08_flight_Fixed Wing_N550ND_before_0_189617,open_2017_05_08_close_2017_05_08_flight_Fixed Wing_N550ND_before_0_189617,1112,5560,5589,0.0001700999999982855,0.00035619999999880747,2.0,0.0,0.0,0.3299999999999983,116.26999999999998,0.75,0.5200000000000031,0.05,0.12000000000000001,8.300000000000011,9.5,0.0,0.0,0.0,1.3645500000000002e-18,0.0,0.030000000000001137,0.0,0.03999999999999204,0.3400000000000034,0.09999999999990905,0.21000000000003638,0.17000000000001592,0.10999999999989996,0.9099999999998545,0.0,0.0,0.0,0.0,0.0,0.0,0.0,11.799999999999999,0.0,0.0
open_2017_05_08_close_2017_05_08_flight_Fixed Wing_N550ND_before_0_189617,open_2017_05_08_close_2017_05_08_flight_Fixed Wing_N550ND_before_0_189617,1113,5565,5594,4.690000000096006e-05,0.0005068000000107986,0.0,0.0,0.0,1.0899999999999892,20.34,0.33999999999999986,5.159999999999998,0.04000000000000001,0.06999999999999999,4.699999999999989,6.5,0.0,0.0,0.0,1.3645500000000002e-18,0.08000000000000185,0.08000000000000185,0.09999999999999964,0.030000000000001137,0.01999999999999602,3.0,0.26000000000004775,0.18999999999999773,0.5299999999999727,0.6300000000001091,0.0,0.0,0.0,0.0,0.0,0.0,0.0,39.4,0.0,0.0
open_2017_05_08_close_2017_05_08_flight_Fixed Wing_N550ND_before_0_189617,open_2017_05_08_close_2017_05_08_flight_Fixed Wing_N550ND_before_0_189617,1114,5570,5599,1.9999999949504854e-06,0.0005626999999890359,8.0,0.0,0.0,0.7400000000000091,118.20999999999998,0.20000000000000018,3.41,0.04,0.02,0.39999999999997726,0.19999999999998863,0.0,0.0,0.0,1.3645500000000002e-18,0.08000000000000185,0.10999999999999943,0.08000000000000007,0.040000000000020464,0.04000000000000625,8.0,0.2300000000000182,0.19999999999998863,0.4900000000000091,0.6799999999998363,1.0,0.0,0.0,0.0,0.0,0.0,0.0,0.0,0.0,0.0
open_2017_05_08_close_2017_05_08_flight_Fixed Wing_N550ND_before_0_189617,open_2017_05_08_close_2017_05_08_flight_Fixed Wing_N550ND_before_0_189617,1115,5575,5604,8.109999999561524e-05,0.0005024000000020123,3.0,0.0,0.0,0.14000000000000057,40.43000000000001,0.33000000000000007,1.69,0.009999999999999998,0.12,1.5,0.8999999999999773,0.0,0.0,0.0,1.3645500000000002e-18,0.0,0.05999999999999872,0.07000000000000028,0.020000000000010232,0.4000000000000057,16.800000000000182,0.22000000000002728,0.20000000000004547,1.5599999999999454,0.7599999999999909,1.0,0.0,0.0,0.0,0.0,0.0,0.0,110.2,0.0,1.0
open_2017_05_08_close_2017_05_08_flight_Fixed Wing_N550ND_before_0_189617,open_2017_05_08_close_2017_05_08_flight_Fixed Wing_N550ND_before_0_189617,1116,5580,5609,0.00013590000000363034,0.0005651000000028716,6.0,0.0,0.0,0.01999999999999602,198.76,0.2400000000000002,3.6199999999999997,0.05,0.12,0.8999999999999773,1.5999999999999943,0.0,0.0,0.0,1.3645500000000002e-18,0.19000000000000128,0.08000000000000185,0.040000000000000036,0.01999999999998181,0.10000000000000853,1.099999999999909,0.2599999999999909,0.2400000000000091,1.0499999999999545,0.6300000000001091,0.0,0.0,0.0,0.0,0.0,0.0,0.0,51.19999999999999,0.0,0.5
open_2017_05_08_close_2017_05_08_flight_Fixed Wing_N550ND_before_0_189617,open_2017_05_08_close_2017_05_08_flight_Fixed Wing_N550ND_before_0_189617,1117,5585,5614,0.00023399999999895726,0.0004674999999991769,4.0,0.0,0.0,0.8100000000000023,57.28,0.28000000000000025,3.870000000000001,0.03,0.08,4.700000000000017,5.0,0.0,0.0,0.0,1.3645500000000002e-18,0.029999999999997584,0.060000000000002274,0.0,0.030000000000001137,0.18999999999999773,1.0,0.20999999999997954,0.21999999999997044,0.32999999999992724,0.4199999999998454,0.0,0.0,0.0,0.0,0.0,0.0,0.0,35.400000000000006,0.0,0.0
open_2017_05_08_close_2017_05_08_flight_Fixed Wing_N550ND_before_0_189617,open_2017_05_08_close_2017_05_08_flight_Fixed Wing_N550ND_before_0_189617,1118,5590,5619,0.0003949999999974807,0.00026730000000441123,3.0,0.0,0.0,1.6700000000000017,123.63,0.8700000000000001,2.8800000000000026,1.81093e-19,0.009999999999999995,8.299999999999983,5.900000000000006,0.0,0.0,0.09999999999999987,1.3645500000000002e-18,0.05000000000000071,0.019999999999999574,0.54,0.030000000000001137,0.269999999999996,16.899999999999864,0.2400000000000091,0.2300000000000182,0.7400000000000091,0.4700000000000273,0.0,0.0,0.0,0.0,0.0,0.0,0.0,118.1,0.0,0.5
open_2017_05_08_close_2017_05_08_flight_Fixed Wing_N550ND_before_0_189617,open_2017_05_08_close_2017_05_08_flight_Fixed Wing_N550ND_before_0_189617,1119,5595,5624,0.00046259999999875845,6.150000000104683e-05,2.0,0.0,0.0,1.220000000000013,6.2900000000000205,0.040000000000000036,6.5,0.0,0.03,5.799999999999983,4.099999999999994,0.10000000000000142,0.0,0.09999999999999987,1.3645500000000002e-18,0.19000000000000128,0.020000000000003126,0.009999999999999787,0.01999999999998181,0.29999999999999716,6.0,0.18999999999999773,0.2400000000000091,0.8800000000001091,0.16000000000008185,1.0,0.0,0.0,0.0,0.0,0.0,0.0,39.39999999999998,0.0,1.0
open_2017_05_08_close_2017_05_08_flight_Fixed Wing_N550ND_before_0_189617,open_2017_05_08_close_2017_05_08_flight_Fixed Wing_N550ND_before_0_189617,1120,5600,5629,0.0005243999999962057,3.679999998951189e-05,2.0,0.0,0.1999999999999993,0.45000000000000284,160.23000000000002,0.25,0.1200000000000001,0.01,0.16,0.5,0.0,0.0,0.0,0.0,1.3645500000000002e-18,0.13000000000000256,0.060000000000002274,0.0699999999999994,0.020000000000010232,0.29000000000000625,14.199999999999818,0.16999999999995907,0.2599999999999909,1.0199999999999818,0.2799999999999727,4.0,0.0,0.0,0.0,0.0,0.0,0.0,7.799999999999997,0.0,0.0
open_2017_05_08_close_2017_05_08_flight_Fixed Wing_N550ND_before_0_189617,open_2017_05_08_close_2017_05_08_flight_Fixed Wing_N550ND_before_0_189617,1121,5605,5634,0.00043610000000171567,2.759999999568663e-05,1.0,0.0,0.0,0.27000000000001023,131.45,0.1299999999999999,7.359999999999999,0.010000000000000002,0.18,1.0,0.20000000000001705,0.10000000000000142,0.0,0.0,1.3645500000000002e-18,0.21000000000000085,0.030000000000001137,0.02999999999999936,0.009999999999990905,0.3199999999999932,7.599999999999909,0.18000000000000682,0.18999999999999773,1.099999999999909,0.06999999999993634,2.0,0.0,0.0,0.0,0.0,0.0,0.0,39.39999999999999,0.0,0.0
open_2017_05_08_close_2017_05_08_flight_Fixed Wing_N550ND_before_0_189617,open_2017_05_08_close_2017_05_08_flight_Fixed Wing_N550ND_before_0_189617,1122,5610,5639,0.0004783999999986577,2.669999999227457e-05,2.0,0.0,0.0,0.0799999999999983,20.150000000000002,0.08999999999999986,0.4099999999999999,0.019999999999999997,0.04,0.09999999999999432,0.09999999999999432,0.10000000000000142,0.0,0.09999999999999987,1.3645500000000002e-18,0.16000000000000014,0.030000000000001137,0.0,0.0,0.3499999999999943,4.199999999999818,0.12000000000000455,0.0999999999999659,0.20000000000004547,0.5099999999999909,0.0,0.0,0.0,0.0,0.0,0.0,0.0,19.6,0.0,0.5
open_2017_05_08_close_2017_05_08_flight_Fixed Wing_N550ND_before_0_189617,open_2017_05_08_close_2017_05_08_flight_Fixed Wing_N550ND_before_0_189617,1123,5615,5644,0.0005167999999997619,2.7500000001623448e-05,3.0,0.0,0.0,0.46999999999999886,38.58,0.08000000000000007,0.6299999999999999,0.010000000000000002,0.11,0.39999999999997726,0.0,0.0,0.0,0.09999999999999987,1.3645500000000002e-18,0.0,0.019999999999999574,0.1200000000000001,0.020000000000010232,0.0,3.800000000000182,0.13999999999998636,0.21999999999997044,0.5200000000002092,0.5099999999999909,0.0,0.0,0.0,0.0,0.0,0.0,0.0,66.9,0.0,0.0
open_2017_05_08_close_2017_05_08_flight_Fixed Wing_N550ND_before_0_189617,open_2017_05_08_close_2017_05_08_flight_Fixed Wing_N550ND_before_0_189617,1124,5620,5649,0.0004903000000027191,1.0699999990038123e-05,6.0,0.0,0.0,0.1600000000000108,93.22,0.1299999999999999,1.3900000000000001,0.020000000000000004,0.04,0.29999999999998295,0.09999999999999432,0.0,0.0,0.0,1.3645500000000002e-18,0.0,0.0,0.04999999999999982,0.01999999999998181,0.25,1.8999999999996362,0.7000000000000455,0.8500000000000227,0.15999999999985448,0.25,1.0,0.0,0.0,0.0,0.0,0.0,0.0,27.599999999999998,0.0,0.5
open_2017_05_08_close_2017_05_08_flight_Fixed Wing_N550ND_before_0_189617,open_2017_05_08_close_2017_05_08_flight_Fixed Wing_N550ND_before_0_189617,1125,5625,5654,0.00047150000000328873,1.0699999990038123e-05,11.0,0.0,0.0,0.060000000000002274,198.21999999999997,0.28000000000000025,3.1199999999999997,0.0,0.030000000000000006,1.0999999999999943,0.29999999999998295,0.10000000000000142,0.0,0.0,1.3645500000000002e-18,0.0,0.019999999999999574,0.040000000000000036,0.010000000000019327,0.20000000000000284,0.7000000000002728,0.0999999999999659,0.22999999999996135,0.7599999999999909,0.5500000000001819,1.0,0.0,0.0,0.0,0.0,0.0,0.0,27.600000000000023,0.0,0.0
open_2017_05_08_close_2017_05_08_flight_Fixed Wing_N550ND_before_0_189617,open_2017_05_08_close_2017_05_08_flight_Fixed Wing_N550ND_before_0_189617,1126,5630,5659,0.00045649999999852753,1.9800000004011054e-05,1.0,0.0,0.0,0.0,88.6,0.18000000000000016,0.71,0.019999999999999997,0.04,0.20000000000001705,0.20000000000001705,0.0,0.0,0.09999999999999987,1.3645500000000002e-18,0.05000000000000071,0.060000000000002274,0.019999999999999574,0.01999999999998181,0.10999999999999943,2.399999999999636,0.11000000000001364,0.12000000000000455,0.09999999999990905,0.03999999999996362,0.0,0.0,0.0,0.0,0.0,0.0,0.0,0.0,0.0,0.0
open_2017_05_08_close_2017_05_08_flight_Fixed Wing_N550ND_before_0_189617,open_2017_05_08_close_2017_05_08_flight_Fixed Wing_N550ND_before_0_189617,1127,5635,5664,0.00043769999999909714,4.270000000872187e-05,15.0,0.0,0.0,0.5600000000000023,307.09,0.56,0.56,0.06,0.03,1.200000000000017,0.6999999999999886,0.0,0.0,0.09999999999999987,1.3645500000000002e-18,0.10999999999999943,0.0,0.08000000000000007,0.0,0.030000000000001137,3.599999999999909,0.13999999999998636,0.20999999999997954,0.2599999999999909,0.7100000000000364,2.0,0.0,0.0,0.0,0.0,0.0,0.0,3.9000000000000057,0.0,0.0
open_2017_05_08_close_2017_05_08_flight_Fixed Wing_N550ND_before_0_189617,open_2017_05_08_close_2017_05_08_flight_Fixed Wing_N550ND_before_0_189617,1128,5640,5669,0.0004837000000037506,6.4899999998147e-05,2.0,0.0,0.0,0.020000000000010232,6.800000000000004,0.17999999999999972,0.039999999999999925,0.03,0.010000000000000009,0.29999999999998295,0.5,0.0,0.0,0.0,1.3645500000000002e-18,0.0,0.0,0.04999999999999982,0.01999999999998181,0.0799999999999983,4.300000000000182,0.5,0.6599999999999682,0.01999999999998181,0.599999999999909,1.0,0.0,0.0,0.0,0.0,0.0,0.0,130.0,0.0,0.5
open_2017_05_08_close_2017_05_08_flight_Fixed Wing_N550ND_before_0_189617,open_2017_05_08_close_2017_05_08_flight_Fixed Wing_N550ND_before_0_189617,1129,5645,5674,0.0005145000000013056,2.069999999321226e-05,1.0,0.0,0.0,0.0799999999999983,70.89000000000001,0.1200000000000001,0.16999999999999993,0.010000000000000002,0.12,0.29999999999998295,0.20000000000001705,0.0,0.0,0.09999999999999987,1.3645500000000002e-18,0.05000000000000071,0.060000000000002274,0.009999999999999787,0.0,0.0899999999999892,4.300000000000182,0.11000000000001364,0.12999999999999545,0.5399999999999636,0.12999999999988177,1.0,0.0,0.0,0.0,0.0,0.0,0.0,11.799999999999997,0.0,0.5
open_2017_05_08_close_2017_05_08_flight_Fixed Wing_N550ND_before_0_189617,open_2017_05_08_close_2017_05_08_flight_Fixed Wing_N550ND_before_0_189617,1130,5650,5679,0.00044530000000264636,4.040000000316013e-05,3.0,0.0,0.0,0.03999999999999204,62.609999999999985,1.1799999999999997,4.11,0.04,0.33,1.4000000000000057,0.09999999999999432,0.0,0.0,0.09999999999999987,1.3645500000000002e-18,0.0,0.0,0.08000000000000007,0.0,0.0799999999999983,3.600000000000364,0.160000000000025,0.19000000000005457,1.0,0.3400000000001455,1.0,0.0,0.0,0.0,0.0,0.0,0.0,145.7,0.0,0.0
open_2017_05_08_close_2017_05_08_flight_Fixed Wing_N550ND_before_0_189617,open_2017_05_08_close_2017_05_08_flight_Fixed Wing_N550ND_before_0_189617,1131,5655,5684,0.0004875000000055252,2.1500000002561137e-05,3.0,0.0,0.0,0.1700000000000017,37.31999999999999,0.5799999999999996,2.51,0.009999999999999998,0.04999999999999999,1.0999999999999943,0.20000000000001705,0.10000000000000142,0.0,0.09999999999999987,1.3645500000000002e-18,0.0799999999999983,0.0,0.03000000000000025,0.009999999999990905,0.4300000000000068,1.199999999999818,0.009999999999990905,0.19999999999998863,0.06999999999993634,0.07999999999992724,0.0,0.0,0.0,0.0,0.0,0.0,0.0,145.7,0.0,0.0
open_2017_05_08_close_2017_05_08_flight_Fixed Wing_N550ND_before_0_189617,open_2017_05_08_close_2017_05_08_flight_Fixed Wing_N550ND_before_0_189617,1132,5660,5689,0.0005030999999959818,3.189999999619886e-05,5.0,0.0,0.0,0.14000000000000057,140.13,0.1499999999999999,4.46,0.07,0.22,3.1000000000000227,0.4000000000000057,0.0,0.0,0.09999999999999987,1.3645500000000002e-18,0.060000000000002274,0.05999999999999872,0.05999999999999961,0.010000000000019327,0.44000000000001194,3.0,0.040000000000020464,0.11000000000001364,1.4600000000000364,0.0,1.0,0.0,0.0,0.0,0.0,0.0,0.0,63.0,0.0,0.0
open_2017_05_08_close_2017_05_08_flight_Fixed Wing_N550ND_before_0_189617,open_2017_05_08_close_2017_05_08_flight_Fixed Wing_N550ND_before_0_189617,1133,5665,5694,0.0005224000000012552,9.000000005698894e-06,3.0,0.0,0.0,0.10000000000000853,50.400000000000006,0.69,1.94,0.019999999999999997,0.31,0.30000000000001137,0.30000000000001137,0.0,0.0,0.0,1.3645500000000002e-18,0.10999999999999943,0.05000000000000071,0.0600000000000005,0.01999999999998181,0.3199999999999932,0.7999999999997272,0.03000000000002956,0.05000000000001137,0.7200000000000273,0.31999999999993634,0.0,0.0,0.0,0.0,0.0,0.0,0.0,141.7,0.0,0.0
open_2017_05_08_close_2017_05_08_flight_Fixed Wing_N550ND_before_0_189617,open_2017_05_08_close_2017_05_08_flight_Fixed Wing_N550ND_before_0_189617,1134,5670,5699,0.00042649999999611055,1.3899999999011925e-05,2.0,0.0,0.0,0.14000000000000057,70.01999999999998,0.6699999999999999,1.8599999999999999,0.02,0.14,0.19999999999998863,0.0,0.10000000000000142,0.0,0.09999999999999987,1.3645500000000002e-18,0.16000000000000014,0.0799999999999983,0.03000000000000025,0.010000000000019327,0.04999999999999716,5.5,0.40999999999996817,0.5600000000000023,1.3600000000001273,0.5799999999999272,1.0,0.0,0.0,0.0,0.0,0.0,0.0,145.7,0.0,0.5
open_2017_05_08_close_2017_05_08_flight_Fixed Wing_N550ND_before_0_189617,open_2017_05_08_close_2017_05_08_flight_Fixed Wing_N550ND_before_0_189617,1135,5675,5704,0.0004921000000024378,6.2000000013995304e-06,4.0,0.0,0.0,0.45999999999999375,36.34,0.45999999999999996,0.8,0.04,0.06,0.5999999999999943,0.09999999999999432,0.0,0.0,0.0,1.3645500000000002e-18,0.0,0.129999999999999,0.11000000000000032,0.0,0.13000000000000966,3.099999999999909,0.040000000000020464,0.27000000000003865,0.19000000000005457,0.10000000000013642,0.0,0.0,0.0,0.0,0.0,0.0,0.0,7.799999999999983,0.0,0.5
open_2017_05_08_close_2017_05_08_flight_Fixed Wing_N550ND_before_0_189617,open_2017_05_08_close_2017_05_08_flight_Fixed Wing_N550ND_before_0_189617,1136,5680,5709,0.0005191000000053236,9.000000005698894e-06,1.0,0.0,0.0,0.22999999999998977,61.230000000000004,0.05999999999999961,0.4700000000000002,0.01,0.05,0.30000000000001137,0.09999999999999432,0.10000000000000142,0.0,0.09999999999999987,1.3645500000000002e-18,0.05999999999999872,0.0,0.05999999999999961,0.010000000000019327,0.03999999999999204,3.599999999999909,0.06999999999999318,0.37999999999999545,0.5399999999999636,0.7200000000000273,0.0,0.0,0.0,0.0,0.0,0.0,0.0,43.300000000000004,0.0,0.0
open_2017_05_08_close_2017_05_08_flight_Fixed Wing_N550ND_before_0_189617,open_2017_05_08_close_2017_05_08_flight_Fixed Wing_N550ND_before_0_189617,1137,5685,5714,0.0004613000000048828,2.1500000002561137e-05,2.0,0.0,0.0,0.04999999999999716,4.679999999999993,0.08999999999999986,0.17999999999999972,0.01,0.06,1.0999999999999943,0.19999999999998863,0.0,0.0,0.09999999999999987,1.3645500000000002e-18,0.08999999999999986,0.0,0.009999999999999787,0.0,0.1799999999999926,0.09999999999990905,0.2300000000000182,0.19999999999998863,0.01999999999998181,0.4700000000000273,0.0,0.0,0.0,0.0,0.0,0.0,0.0,4.0,0.0,0.5
open_2017_05_08_close_2017_05_08_flight_Fixed Wing_N550ND_before_0_189617,open_2017_05_08_close_2017_05_08_flight_Fixed Wing_N550ND_before_0_189617,1138,5690,5719,0.0004422000000019466,2.069999999321226e-05,3.0,0.0,0.0,0.0,65.44,0.73,1.4299999999999997,0.07,0.38,1.5,0.19999999999998863,0.0,0.0,0.0,1.3645500000000002e-18,0.0,0.0,0.04999999999999982,0.009999999999990905,0.14000000000000057,0.5,0.07999999999998408,0.060000000000002274,0.2899999999999636,0.7100000000000364,0.0,0.0,0.0,0.0,0.0,0.0,0.0,161.4,0.0,0.0
open_2017_05_08_close_2017_05_08_flight_Fixed Wing_N550ND_before_0_189617,open_2017_05_08_close_2017_05_08_flight_Fixed Wing_N550ND_before_0_189617,1139,5695,5724,0.00049259999999407,6.480000000408381e-05,3.0,0.0,0.0,0.10000000000000853,32.269999999999996,0.2799999999999998,2.07,0.05,0.06,1.0,0.30000000000001137,0.10000000000000142,0.0,0.0,1.3645500000000002e-18,0.0,0.030000000000001137,0.09999999999999964,0.0,0.03999999999999204,0.20000000000027285,0.060000000000002274,0.11000000000001364,0.2400000000000091,0.2899999999999636,1.0,0.0,0.0,0.0,0.0,0.0,0.0,11.8,0.0,0.0
open_2017_05_08_close_2017_05_08_flight_Fixed Wing_N550ND_before_0_189617,open_2017_05_08_close_2017_05_08_flight_Fixed Wing_N550ND_before_0_189617,1140,5700,5729,0.0004966999999993504,1.3000000080864993e-06,8.0,0.0,0.0,0.39000000000000057,133.56,0.10999999999999988,2.8600000000000003,0.0,0.27,0.10000000000002274,0.19999999999998863,0.0,0.0,0.0,1.3645500000000002e-18,0.05000000000000071,0.05999999999999872,0.07000000000000028,0.0,0.2400000000000091,0.3000000000001819,0.06999999999999318,0.11000000000001364,0.44000000000005457,0.03999999999996362,0.0,0.0,0.0,0.0,0.0,0.0,0.0,66.9,0.0,0.0
open_2017_05_08_close_2017_05_08_flight_Fixed Wing_N550ND_before_0_189617,open_2017_05_08_close_2017_05_08_flight_Fixed Wing_N550ND_before_0_189617,1141,5705,5734,0.0008966999999984182,5.310000000235959e-05,8.0,0.0,0.0,1.1300000000000097,176.15,1.71,4.710000000000001,0.05,0.12000000000000001,0.09999999999999432,0.6999999999999886,0.0,0.10000000000000142,0.0,1.3645500000000002e-18,0.05999999999999872,0.0799999999999983,0.22999999999999998,0.020000000000010232,1.210000000000008,151.70000000000005,0.12999999999999545,0.17000000000001592,12.549999999999955,1.1399999999998727,1.0,0.0,0.0,0.0,0.0,0.0,0.0,165.39999999999998,0.0,0.0
open_2017_05_08_close_2017_05_08_flight_Fixed Wing_N550ND_before_0_189617,open_2017_05_08_close_2017_05_08_flight_Fixed Wing_N550ND_before_0_189617,1142,5710,5739,0.0003855000000001496,0.00010629999999878237,8.0,0.0,0.0,0.1799999999999926,241.03000000000003,1.0,2.2300000000000004,0.03,0.07,6.700000000000017,4.699999999999989,0.0,0.0,0.09999999999999987,1.3645500000000002e-18,0.21000000000000085,0.16000000000000014,0.06000000000000005,0.03999999999999204,0.14000000000000057,10.700000000000045,0.22999999999996135,0.12999999999999545,4.110000000000127,0.20000000000004547,0.0,0.0,0.0,0.0,0.0,0.0,0.0,15.800000000000011,0.0,0.5
open_2017_05_08_close_2017_05_08_flight_Fixed Wing_N550ND_before_0_189617,open_2017_05_08_close_2017_05_08_flight_Fixed Wing_N550ND_before_0_189617,1143,5715,5744,0.00033479999999741494,0.00040090000000247983,6.0,0.0,0.0,0.9300000000000068,215.9,0.77,0.25,0.01,0.08,5.299999999999983,4.900000000000006,0.0,0.0,0.2999999999999998,0.1,0.04999999999999716,0.05999999999999872,0.010000000000000231,0.030000000000001137,0.03999999999999204,0.5,0.34000000000003183,0.17000000000001592,3.160000000000082,2.019999999999982,2.0,0.0,0.0,0.0,0.0,0.0,0.0,98.4,0.0,0.0
open_2017_05_08_close_2017_05_08_flight_Fixed Wing_N550ND_before_0_189617,open_2017_05_08_close_2017_05_08_flight_Fixed Wing_N550ND_before_0_189617,1144,5720,5749,0.00014029999999820575,0.0005871999999982336,0.0,0.0,0.0,1.6700000000000017,54.960000000000036,1.19,1.1400000000000006,0.03,0.42,5.3999999999999915,6.400000000000006,0.0,0.0,0.09999999999999987,1.3645500000000002e-18,0.0799999999999983,0.11000000000000298,0.010000000000000231,0.04999999999998295,0.12999999999999545,12.5,0.34000000000003183,0.19999999999998863,1.7199999999998,0.8700000000001182,0.0,0.0,0.0,0.0,0.0,0.0,0.0,161.39999999999998,0.0,1.0
open_2017_05_08_close_2017_05_08_flight_Fixed Wing_N550ND_before_0_189617,open_2017_05_08_close_2017_05_08_flight_Fixed Wing_N550ND_before_0_189617,1145,5725,5754,5.000000001587068e-06,0.0005787999999995463,8.0,0.0,0.0,0.37000000000000455,109.72999999999999,0.42999999999999994,6.52,0.04,0.1,2.700000000000003,1.9000000000000057,0.0,0.0,0.09999999999999987,1.3645500000000002e-18,0.14000000000000057,0.14000000000000057,0.050000000000000266,0.04999999999998295,0.09999999999999432,2.900000000000091,0.4000000000000341,0.25,1.9800000000000182,1.509999999999991,1.0,0.0,0.0,0.0,0.0,0.0,0.0,51.19999999999999,0.0,0.5
open_2017_05_08_close_2017_05_08_flight_Fixed Wing_N550ND_before_0_189617,open_2017_05_08_close_2017_05_08_flight_Fixed Wing_N550ND_before_0_189617,1146,5730,5759,2.0000000020559128e-06,0.0005626999999890359,10.0,0.0,0.0,0.25,16.779999999999973,0.8900000000000001,0.6200000000000001,0.06,0.25,1.4000000000000057,0.5,0.0,0.0,0.09999999999999987,1.3645500000000002e-18,0.23999999999999844,0.14000000000000057,0.020000000000000018,0.01999999999998181,0.45000000000000284,7.7999999999999545,0.4500000000000455,0.29000000000002046,0.42000000000007276,0.21000000000003638,0.0,0.0,0.0,0.0,0.0,0.0,0.0,39.39999999999998,0.0,0.0
open_2017_05_08_close_2017_05_08_flight_Fixed Wing_N550ND_before_0_189617,open_2017_05_08_close_2017_05_08_flight_Fixed Wing_N550ND_before_0_189617,1147,5735,5764,2.9499999996573933e-05,0.0005541999999962854,7.0,0.0,0.0,1.1800000000000068,23.689999999999998,0.040000000000000036,7.83,0.01,0.09,0.5999999999999943,0.6000000000000085,0.0,0.0,0.09999999999999987,1.3645500000000002e-18,0.0,0.030000000000001137,0.52,0.030000000000001137,1.3999999999999915,82.09999999999991,0.4200000000000159,0.3199999999999932,1.3700000000001182,1.5599999999999454,1.0,0.0,0.0,0.0,0.0,0.0,0.0,63.0,0.0,0.5
open_2017_05_08_close_2017_05_08_flight_Fixed Wing_N550ND_before_0_189617,open_2017_05_08_close_2017_05_08_flight_Fixed Wing_N550ND_before_0_189617,1148,5740,5769,0.00016139999999609245,0.0003947999999951435,16.0,0.0,0.0,2.430000000000007,164.18,1.9500000000000002,0.7800000000000011,0.009999999999999998,0.07999999999999999,10.200000000000003,9.0,0.0,0.0,0.0,1.3645500000000002e-18,0.17999999999999972,0.0,0.10999999999999988,0.030000000000001137,0.6799999999999997,44.200000000000045,0.5200000000000387,0.3199999999999932,6.369999999999891,1.349999999999909,0.0,0.0,0.0,0.0,0.0,0.0,0.0,106.29999999999995,0.0,0.0
open_2017_05_08_close_2017_05_08_flight_Fixed Wing_N550ND_before_0_189617,open_2017_05_08_close_2017_05_08_flight_Fixed Wing_N550ND_before_0_189617,1149,5745,5774,0.0003011999999955606,8.499999999855845e-05,14.0,0.0,0.0,0.19000000000001194,28.789999999999964,0.47000000000000064,6.669999999999998,0.060000000000000005,0.02999999999999997,351.4,10.6,0.0,0.0,0.0,1.3645500000000002e-18,0.13000000000000256,0.029999999999997584,0.009999999999999787,0.03999999999999204,0.1700000000000017,5.0,0.5600000000000023,0.36000000000001364,1.9200000000000728,0.2799999999999727,3.0,0.0,0.0,0.0,0.0,0.0,0.0,90.59999999999991,0.0,0.0
open_2017_05_08_close_2017_05_08_flight_Fixed Wing_N550ND_before_0_189617,open_2017_05_08_close_2017_05_08_flight_Fixed Wing_N550ND_before_0_189617,1150,5750,5779,0.0005901999999977647,0.00011340000000359396,12.0,0.0,0.0,0.15000000000000568,314.96000000000004,0.8999999999999999,1.0299999999999998,0.019999999999999997,0.07,1.5,1.099999999999966,0.10000000000000142,0.0,0.0,1.3645500000000002e-18,0.129999999999999,0.19000000000000128,0.029999999999999805,0.03999999999999204,0.04000000000000625,3.599999999999909,1.4500000000000455,1.1999999999999886,1.150000000000091,2.599999999999909,0.0,0.0,0.0,0.0,0.0,0.0,0.0,173.20000000000005,0.0,0.5
open_2017_05_08_close_2017_05_08_flight_Fixed Wing_N550ND_before_0_189617,open_2017_05_08_close_2017_05_08_flight_Fixed Wing_N550ND_before_0_189617,1151,5755,5784,0.0002780000000015548,2.0200000008685493e-05,12.0,0.0,0.0,0.3499999999999943,56.52000000000004,0.2599999999999998,2.6499999999999995,0.02,0.16999999999999998,0.9000000000000341,1.6999999999999886,0.0,0.0,0.09999999999999987,1.3645500000000002e-18,0.04999999999999716,0.0,0.020000000000000018,0.020000000000010232,0.14000000000000057,9.5,0.08000000000004093,0.17000000000001592,0.9300000000000637,0.07999999999992724,1.0,0.0,0.0,0.0,0.0,0.0,0.0,27.600000000000023,0.0,1.0
open_2017_05_08_close_2017_05_08_flight_Fixed Wing_N550ND_before_0_189617,open_2017_05_08_close_2017_05_08_flight_Fixed Wing_N550ND_before_0_189617,1152,5760,5789,0.0002518000000009124,4.389999999432348e-05,11.0,0.0,0.0,0.05999999999998806,30.399999999999977,0.23999999999999932,0.6600000000000001,0.02,0.02,0.5,1.1000000000000227,0.0,0.0,0.0,1.3645500000000002e-18,0.16000000000000014,0.05000000000000071,0.019999999999999574,0.020000000000010232,0.020000000000003126,2.5,0.8899999999999864,0.7099999999999795,0.6900000000000546,0.22000000000002728,1.0,0.0,0.0,0.0,0.0,0.0,0.0,66.89999999999998,0.0,1.0
open_2017_05_08_close_2017_05_08_flight_Fixed Wing_N550ND_before_0_189617,open_2017_05_08_close_2017_05_08_flight_Fixed Wing_N550ND_before_0_189617,1153,5765,5794,0.000320500000000834,2.559999998652529e-05,10.0,0.0,0.0,0.03999999999999915,51.72999999999996,0.2400000000000002,2.31,0.02,0.1,0.5,0.30000000000001137,0.0,0.0,0.0,1.3645500000000002e-18,0.0,0.10000000000000142,0.050000000000000266,0.030000000000001137,0.259999999999998,19.09999999999991,0.2400000000000091,0.03000000000002956,3.1400000000001,9.830000000000155,1.0,0.0,0.0,0.0,0.0,0.0,0.0,35.39999999999998,0.0,0.5
open_2017_05_08_close_2017_05_08_flight_Fixed Wing_N550ND_before_0_189617,open_2017_05_08_close_2017_05_08_flight_Fixed Wing_N550ND_before_0_189617,1154,5770,5799,0.00030060000000275977,2.559999998652529e-05,5.0,0.0,0.0,0.030000000000001137,10.449999999999989,0.11000000000000032,3.1900000000000004,0.06999999999999999,0.08,0.19999999999998863,0.2999999999999545,0.10000000000000142,0.0,0.0,1.3645500000000002e-18,0.2099999999999973,0.029999999999997584,0.010000000000000231,0.030000000000001137,0.02999999999999403,2.0,0.5900000000000318,0.36000000000001364,2.1099999999999,5.529999999999973,0.0,0.0,0.0,0.0,0.0,0.0,0.0,31.5,0.0,0.0
open_2017_05_08_close_2017_05_08_flight_Fixed Wing_N550ND_before_0_189617,open_2017_05_08_close_2017_05_08_flight_Fixed Wing_N550ND_before_0_189617,1155,5775,5804,0.0002577999999999747,3.629999999077427e-05,12.0,0.0,0.0,0.060000000000002274,105.74000000000001,0.0,2.19,0.04,0.06,2.6000000000000227,0.30000000000001137,0.10000000000000142,0.0,0.0,1.3645500000000002e-18,0.0,0.129999999999999,0.009999999999999787,0.03999999999999204,0.0,1.7000000000000455,0.7600000000000477,0.5699999999999932,0.849999999999909,3.160000000000082,1.0,0.0,0.0,0.0,0.0,0.0,0.0,35.5,0.0,0.5
open_2017_05_08_close_2017_05_08_flight_Fixed Wing_N550ND_before_0_189617,open_2017_05_08_close_2017_05_08_flight_Fixed Wing_N550ND_before_0_189617,1156,5780,5809,0.0002996999999993477,4.389999999432348e-05,11.999999999999886,0.0,0.0,0.1700000000000017,30.06000000000006,1.2199999999999998,1.2,0.03,0.11,2.6999999999999886,0.8000000000000114,0.0,0.10000000000000142,0.09999999999999987,1.3645500000000002e-18,0.05000000000000071,0.029999999999997584,0.0,0.040000000000020464,0.10000000000000142,4.300000000000182,0.6299999999999955,0.40999999999996817,0.2999999999999545,1.3799999999998818,3.0,0.0,0.0,0.0,0.0,0.0,0.0,86.69999999999999,0.0,0.0
open_2017_05_08_close_2017_05_08_flight_Fixed Wing_N550ND_before_0_189617,open_2017_05_08_close_2017_05_08_flight_Fixed Wing_N550ND_before_0_189617,1157,5785,5814,0.00030489999999616657,4.389999999432348e-05,7.0,0.0,0.0,0.6400000000000006,44.55000000000007,0.17999999999999994,2.17,0.02,0.06,0.5,0.10000000000002274,0.0,0.0,0.09999999999999987,1.3645500000000002e-18,0.0,0.029999999999997584,0.03000000000000025,0.03999999999999204,0.0,2.900000000000091,0.5900000000000318,0.37000000000000455,0.4900000000000091,1.0899999999999181,0.0,0.0,0.0,0.0,0.0,0.0,0.0,66.89999999999998,0.0,0.0
open_2017_05_08_close_2017_05_08_flight_Fixed Wing_N550ND_before_0_189617,open_2017_05_08_close_2017_05_08_flight_Fixed Wing_N550ND_before_0_189617,1158,5790,5819,0.0002552999999991812,5.609999999478532e-05,8.0,0.0,0.0,0.37000000000000455,39.629999999999995,0.8800000000000001,2.1999999999999997,0.04,0.18,2.0,0.7000000000000455,0.0,0.0,0.09999999999999987,1.3645500000000002e-18,0.029999999999997584,0.0799999999999983,0.040000000000000036,0.060000000000002274,0.03999999999999915,3.699999999999818,0.6700000000000159,0.4399999999999977,0.8899999999998727,1.240000000000009,1.0,0.0,0.0,0.0,0.0,0.0,0.0,19.69999999999999,0.0,0.0
open_2017_05_08_close_2017_05_08_flight_Fixed Wing_N550ND_before_0_189617,open_2017_05_08_close_2017_05_08_flight_Fixed Wing_N550ND_before_0_189617,1159,5795,5824,0.00027899999999903,4.389999999432348e-05,0.0,0.0,0.0,0.4299999999999997,122.67000000000002,0.67,1.1,0.019999999999999997,0.03,0.8000000000000114,0.5,0.0,0.0,0.09999999999999987,1.3645500000000002e-18,0.08000000000000185,0.029999999999997584,0.1499999999999999,0.040000000000020464,0.37999999999999545,38.700000000000045,0.5699999999999932,0.35000000000002274,5.789999999999964,16.589999999999918,1.0,0.0,0.0,0.0,0.0,0.0,0.0,125.99999999999997,0.0,1.0
open_2017_05_08_close_2017_05_08_flight_Fixed Wing_N550ND_before_0_189617,open_2017_05_08_close_2017_05_08_flight_Fixed Wing_N550ND_before_0_189617,1160,5800,5829,0.0002531000000018935,4.389999999432348e-05,5.0,0.0,0.0,0.45000000000000284,38.47999999999999,0.33,0.8,0.02,0.04000000000000001,0.6000000000000227,0.10000000000002274,0.0,0.0,0.0,1.3645500000000002e-18,0.28999999999999915,0.10999999999999943,0.06000000000000005,0.020000000000010232,0.12000000000000455,8.200000000000045,0.37999999999999545,0.35000000000002274,4.039999999999964,7.190000000000055,0.0,0.0,0.0,0.0,0.0,0.0,0.0,23.600000000000023,0.0,0.5
open_2017_05_08_close_2017_05_08_flight_Fixed Wing_N550ND_before_0_189617,open_2017_05_08_close_2017_05_08_flight_Fixed Wing_N550ND_before_0_189617,1161,5805,5834,0.00028910000000337277,4.0799999993623715e-05,3.0,0.0,0.0,0.14000000000000057,34.64999999999998,0.47,3.7600000000000002,0.04,0.15000000000000002,1.0,0.19999999999998863,0.0,0.0,0.0,1.3645500000000002e-18,0.0,0.05999999999999872,0.22999999999999998,0.03999999999999204,0.8599999999999994,73.80000000000018,0.34000000000003183,0.37999999999999545,1.990000000000009,1.0700000000001637,1.0,0.0,0.0,0.0,0.0,0.0,0.0,4.0,0.0,0.5
open_2017_05_08_close_2017_05_08_flight_Fixed Wing_N550ND_before_0_189617,open_2017_05_08_close_2017_05_08_flight_Fixed Wing_N550ND_before_0_189617,1162,5810,5839,0.0001944999999992092,4.389999999432348e-05,2.0,0.0,0.0,1.1999999999999957,78.0,0.8799999999999999,0.93,0.03,0.04,2.5,0.39999999999997726,0.0,0.0,0.09999999999999987,1.3645500000000002e-18,0.05000000000000071,0.04999999999999716,0.029999999999999805,0.05000000000001137,0.29999999999999716,16.5,0.2899999999999636,0.2599999999999909,4.279999999999973,19.470000000000027,1.0,0.0,0.0,0.0,0.0,0.0,0.0,70.89999999999999,0.0,0.0
open_2017_05_08_close_2017_05_08_flight_Fixed Wing_N550ND_before_0_189617,open_2017_05_08_close_2017_05_08_flight_Fixed Wing_N550ND_before_0_189617,1163,5815,5844,0.00024739999999923157,4.0799999993623715e-05,3.0,0.0,0.0,1.7100000000000009,26.94999999999999,3.790000000000001,0.9300000000000002,0.01,0.05,0.8000000000000114,0.7000000000000455,0.10000000000000142,0.10000000000000142,0.9000000000000004,0.2,0.0,0.0,0.010000000000000009,0.020000000000010232,0.22000000000000597,14.200000000000045,0.40999999999996817,0.29000000000002046,57.860000000000014,29.710000000000036,1.0,0.0,0.0,0.0,0.0,0.0,0.0,82.69999999999999,0.0,0.0
open_2017_05_08_close_2017_05_08_flight_Fixed Wing_N550ND_before_0_189617,open_2017_05_08_close_2017_05_08_flight_Fixed Wing_N550ND_before_0_189617,1164,5820,5849,0.00013319999999339416,4.389999999432348e-05,1.0,0.0,0.0,3.789999999999999,3.8900000000000006,0.020000000000000018,0.16999999999999998,0.03,0.03,0.30000000000001137,0.10000000000002274,0.09999999999999787,0.09999999999999787,0.5999999999999996,1.3645500000000002e-18,0.08000000000000185,0.16000000000000014,0.0,0.030000000000001137,0.28000000000000114,12.300000000000068,0.4600000000000364,0.3199999999999932,30.06000000000006,15.300000000000068,4.0,0.0,0.0,0.0,0.0,0.0,0.0,1.81956e-16,0.0,0.0
open_2017_05_08_close_2017_05_08_flight_Fixed Wing_N550ND_before_0_189617,open_2017_05_08_close_2017_05_08_flight_Fixed Wing_N550ND_before_0_189617,1165,5825,5854,0.00013290000000409918,3.629999999077427e-05,1.0,0.0,0.0,0.8000000000000007,22.11,0.029999999999999805,0.16999999999999998,0.07,0.02,2.3000000000000114,0.6000000000000227,0.0,0.0,0.1999999999999993,1.3645500000000002e-18,0.10999999999999943,0.08000000000000185,0.010000000000000009,0.03999999999999204,0.0,0.8000000000000682,0.5300000000000296,0.3599999999999568,17.91999999999996,6.3700000000000045,1.0,0.0,0.0,0.0,0.0,0.0,0.0,1.81956e-16,0.0,1.0
open_2017_05_08_close_2017_05_08_flight_Fixed Wing_N550ND_before_0_189617,open_2017_05_08_close_2017_05_08_flight_Fixed Wing_N550ND_before_0_189617,1166,5830,5859,3.350000000068576e-05,0.00010110000000906894,3.0,0.0,0.0,0.5300000000000011,67.41999999999999,0.2100000000000002,0.11999999999999988,0.0,0.02,5.699999999999999,6.599999999999998,0.0,0.0,0.09999999999999964,1.3645500000000002e-18,0.3999999999999986,0.129999999999999,0.010000000000000009,0.030000000000001137,0.07000000000000028,10.800000000000068,0.5099999999999909,0.339999999999975,10.910000000000082,6.730000000000018,2.0,0.0,0.0,0.0,0.0,0.0,0.0,0.0,0.0,0.5
open_2017_05_08_close_2017_05_08_flight_Fixed Wing_N550ND_before_0_189617,open_2017_05_08_close_2017_05_08_flight_Fixed Wing_N550ND_before_0_189617,1167,5835,5864,2.800000000036107e-05,4.4400000007271956e-05,1.0,0.0,0.0,1.0500000000000007,15.209999999999999,0.3999999999999999,0.009999999999999953,0.010000000000000009,0.09000000000000001,11.0,10.600000000000009,0.0,0.0,0.1999999999999993,1.3645500000000002e-18,0.5199999999999996,0.23000000000000043,0.020000000000000018,0.009999999999990905,0.030000000000001137,6.899999999999977,0.4800000000000182,0.29000000000002046,7.459999999999923,9.419999999999959,3.35493e-15,0.0,0.0,0.0,0.0,0.0,0.0,7.9,0.0,0.5
open_2017_05_08_close_2017_05_08_flight_Fixed Wing_N550ND_before_0_189617,open_2017_05_08_close_2017_05_08_flight_Fixed Wing_N550ND_before_0_189617,1168,5840,5869,2.800000000036107e-05,0.00010299999999574538,1.0,0.0,0.0,0.26000000000000156,19.7,0.10999999999999988,0.28,0.02,1.0849799999999998e-20,1.1000000000000085,0.20000000000000284,0.0,0.0,0.09999999999999964,1.3645500000000002e-18,0.0,0.16000000000000014,0.010000000000000009,0.04999999999998295,0.25,6.399999999999977,0.4900000000000091,0.3299999999999841,4.979999999999961,1.9500000000000455,3.35493e-15,0.0,0.0,0.0,0.0,0.0,0.0,0.0,0.0,0.0
open_2017_05_08_close_2017_05_08_flight_Fixed Wing_N550ND_before_0_189617,open_2017_05_08_close_2017_05_08_flight_Fixed Wing_N550ND_before_0_189617,1169,5845,5874,2.800000000036107e-05,4.999999987376214e-07,1.0,0.0,0.0,1.0899999999999999,13.480000000000004,0.7200000000000002,0.04,0.04,0.060000000000000005,0.8999999999999915,0.20000000000000284,0.20000000000000284,0.10000000000000142,6.8999999999999995,1.3645500000000002e-18,0.7400000000000002,0.129999999999999,0.21999999999999997,0.03999999999999204,2.769999999999996,66.79999999999995,0.37999999999999545,0.2599999999999909,3.5500000000000114,6.519999999999982,3.35493e-15,0.0,0.0,0.0,0.0,0.0,0.0,0.0,0.0,0.0
open_2017_05_08_close_2017_05_08_flight_Fixed Wing_N550ND_before_0_189617,open_2017_05_08_close_2017_05_08_flight_Fixed Wing_N550ND_before_0_189617,1170,5850,5879,2.800000000036107e-05,2.2600000008310417e-05,0.0,0.0,0.0,1.21,22.34,0.1499999999999999,0.08,0.01,0.04,0.10000000000000853,0.0,0.0,0.0,0.5,1.3645500000000002e-18,0.1700000000000017,0.23000000000000043,0.010000000000000231,0.12000000000000455,0.4399999999999977,29.699999999999818,0.4399999999999977,0.3100000000000023,59.879999999999995,29.17999999999995,3.35493e-15,0.0,0.0,0.0,0.0,0.0,0.0,3.9,0.0,0.0
open_2017_05_08_close_2017_05_08_flight_Fixed Wing_N550ND_before_0_189617,open_2017_05_08_close_2017_05_08_flight_Fixed Wing_N550ND_before_0_189617,1171,5855,5884,2.800000000036107e-05,2.2600000008310417e-05,1.0,0.0,0.0,4.34678e-15,2.1299999999999955,0.020000000000000018,0.030000000000000002,0.0,0.009999999999999998,0.10000000000000853,0.0,0.0,0.0,0.3999999999999986,1.3645500000000002e-18,0.05000000000000071,0.28999999999999915,0.009999999999999787,0.0700000000000216,0.030000000000001137,0.10000000000013642,0.29000000000002046,0.2400000000000091,25.039999999999964,8.629999999999882,3.35493e-15,0.0,0.0,0.0,0.0,0.0,0.0,1.81956e-16,0.0,0.5
open_2017_05_08_close_2017_05_08_flight_Fixed Wing_N550ND_before_0_189617,open_2017_05_08_close_2017_05_08_flight_Fixed Wing_N550ND_before_0_189617,1172,5860,5889,2.800000000036107e-05,2.2600000008310417e-05,1.0,0.0,0.0,4.34678e-15,13.219999999999999,0.1200000000000001,0.01,0.01,0.01,0.0,0.0,0.09999999999999787,0.0,0.5999999999999996,1.3645500000000002e-18,0.05999999999999872,0.05999999999999872,0.029999999999999805,0.040000000000020464,0.04999999999999716,0.10000000000013642,0.22000000000002728,0.11000000000001364,8.970000000000027,6.029999999999973,3.35493e-15,0.0,0.0,0.0,0.0,0.0,0.0,1.81956e-16,0.0,0.0
open_2017_05_08_close_2017_05_08_flight_Fixed Wing_N550ND_before_0_189617,open_2017_05_08_close_2017_05_08_flight_Fixed Wing_N550ND_before_0_189617,1173,5865,5894,2.800000000036107e-05,3.929999999741085e-05,1.0,0.0,0.0,0.45999999999999996,27.769999999999996,0.22999999999999998,0.11,0.01,0.03,0.4000000000000057,1.2000000000000028,0.0,0.09999999999999787,0.7000000000000002,1.3645500000000002e-18,0.029999999999997584,0.05000000000000071,0.020000000000000018,0.020000000000010232,0.0799999999999983,0.6999999999998181,0.15999999999996817,0.029999999999972715,5.769999999999982,4.129999999999882,3.35493e-15,0.0,0.0,0.0,0.0,0.0,0.0,1.81956e-16,0.0,0.5
open_2017_05_08_close_2017_05_08_flight_Fixed Wing_N550ND_before_0_189617,open_2017_05_08_close_2017_05_08_flight_Fixed Wing_N550ND_before_0_189617,1174,5870,5899,2.800000000036107e-05,9.599999998499698e-06,1.0,0.0,0.0,0.5099999999999998,15.77,0.2100000000000004,0.07,0.01,0.0,1.1000000000000085,1.4000000000000057,0.0,0.0,0.0,1.3645500000000002e-18,0.030000000000001137,0.030000000000001137,0.020000000000000018,0.009999999999990905,0.07000000000000028,9.900000000000091,0.15999999999996817,0.060000000000002274,2.240000000000009,2.1700000000000728,3.35493e-15,0.0,0.0,0.0,0.0,0.0,0.0,0.0,0.0,0.0
open_2017_05_08_close_2017_05_08_flight_Fixed Wing_N550ND_before_0_189617,open_2017_05_08_close_2017_05_08_flight_Fixed Wing_N550ND_before_0_189617,1175,5875,5904,2.800000000036107e-05,6.510000000048421e-05,1.0,0.0,0.0,0.7599999999999998,8.100000000000001,0.1200000000000001,0.06,0.04,0.07,0.4000000000000057,0.29999999999999716,0.0,0.0,0.20000000000000018,1.3645500000000002e-18,0.0,0.05000000000000071,0.020000000000000018,0.0,0.00999999999999801,0.7999999999999545,0.160000000000025,0.07999999999998408,3.9500000000000455,1.9700000000000273,3.35493e-15,0.0,0.0,0.0,0.0,0.0,0.0,7.9,0.0,0.5
open_2017_05_08_close_2017_05_08_flight_Fixed Wing_N550ND_before_0_189617,open_2017_05_08_close_2017_05_08_flight_Fixed Wing_N550ND_before_0_189617,1176,5880,5909,2.800000000036107e-05,0.00013129999999250686,0.0,0.0,0.0,0.6199999999999992,31.55,0.0,0.09,0.01,0.03,0.0,0.29999999999999716,0.0,0.0,0.10000000000000009,1.3645500000000002e-18,0.05999999999999872,0.0799999999999983,0.029999999999999805,0.020000000000010232,0.0799999999999983,0.2999999999999545,0.17000000000001592,0.040000000000020464,0.13000000000010914,1.490000000000009,3.35493e-15,0.0,0.0,0.0,0.0,0.0,0.0,4.0,0.0,0.5
open_2017_05_08_close_2017_05_08_flight_Fixed Wing_N550ND_before_0_189617,open_2017_05_08_close_2017_05_08_flight_Fixed Wing_N550ND_before_0_189617,1177,5885,5914,3.1800000002135675e-05,7.379999999557185e-05,1.0,0.0,0.0,0.08000000000000007,22.8,0.1200000000000001,0.04,0.02,0.08,0.5,0.4000000000000057,0.0,0.0,0.09999999999999964,1.3645500000000002e-18,0.05999999999999872,0.0,0.029999999999999805,0.029999999999972715,0.01999999999999602,2.0,0.11000000000001364,0.03000000000002956,1.800000000000182,0.6199999999998909,3.35493e-15,0.0,0.0,0.0,0.0,0.0,0.0,0.0,0.0,0.0
open_2017_05_08_close_2017_05_08_flight_Fixed Wing_N550ND_before_0_189617,open_2017_05_08_close_2017_05_08_flight_Fixed Wing_N550ND_before_0_189617,1178,5890,5919,3.5699999997973464e-05,3.999999999848569e-05,1.0,0.0,0.0,1.0899999999999999,3.210000000000001,0.6799999999999999,0.13,0.01,0.039999999999999994,1.1999999999999886,0.5,0.0,0.0,0.10000000000000009,1.3645500000000002e-18,0.030000000000001137,0.0,0.05999999999999983,0.01999999999998181,1.490000000000002,111.10000000000014,0.12000000000000455,0.040000000000020464,40.710000000000036,9.420000000000073,3.35493e-15,0.0,0.0,0.0,0.0,0.0,0.0,4.0,0.0,1.0
open_2017_05_08_close_2017_05_08_flight_Fixed Wing_N550ND_before_0_189617,open_2017_05_08_close_2017_05_08_flight_Fixed Wing_N550ND_before_0_189617,1179,5895,5924,7.099999997706163e-06,5.3600000001097214e-05,0.0,0.0,0.0,0.0600000000000005,20.879999999999995,0.33000000000000007,0.25,0.03,0.0,13.0,12.799999999999997,0.0,0.0,0.09999999999999964,1.3645500000000002e-18,0.10999999999999943,0.21999999999999886,0.020000000000000018,0.05000000000001137,0.09000000000000341,4.399999999999977,0.11000000000001364,0.040000000000020464,17.110000000000014,11.980000000000018,3.35493e-15,0.0,0.0,0.0,0.0,0.0,0.0,7.9,0.0,0.5
open_2017_05_08_close_2017_05_08_flight_Fixed Wing_N550ND_before_0_189617,open_2017_05_08_close_2017_05_08_flight_Fixed Wing_N550ND_before_0_189617,1180,5900,5929,3.7800000001197986e-05,1.4699999994149948e-05,1.0,0.0,0.0,0.009999999999999787,21.339999999999996,0.040000000000000036,0.21999999999999997,0.03,0.060000000000000005,0.30000000000001137,357.9,0.0,0.0,0.10000000000000009,1.3645500000000002e-18,0.490000000000002,0.0,0.0,0.04999999999998295,0.00999999999999801,0.10000000000002274,0.09000000000003183,0.06999999999999318,0.12000000000000455,6.4500000000000455,3.35493e-15,0.0,0.0,0.0,0.0,0.0,0.0,1.81956e-16,0.0,0.0
open_2017_05_08_close_2017_05_08_flight_Fixed Wing_N550ND_before_0_189617,open_2017_05_08_close_2017_05_08_flight_Fixed Wing_N550ND_before_0_189617,1181,5905,5934,8.280000000127075e-05,1.4699999994149948e-05,1.0,0.0,0.0,0.08999999999999986,12.940000000000001,0.010000000000000231,0.22999999999999993,0.019999999999999997,0.04,0.5,0.10000000000002274,0.0,0.0,0.0,1.3645500000000002e-18,0.2799999999999976,0.029999999999997584,0.020000000000000018,0.05000000000001137,0.6699999999999946,41.0,0.18000000000000682,0.03000000000002956,5.720000000000027,0.7599999999999909,3.35493e-15,0.0,0.0,0.0,0.0,0.0,0.0,1.81956e-16,0.0,0.5
open_2017_05_08_close_2017_05_08_flight_Fixed Wing_N550ND_before_0_189617,open_2017_05_08_close_2017_05_08_flight_Fixed Wing_N550ND_before_0_189617,1182,5910,5939,4.679999999979145e-05,1.4699999994149948e-05,0.0,0.0,0.0,0.15000000000000036,22.880000000000003,0.009999999999999787,0.10999999999999999,0.04,0.0,0.8000000000000114,0.10000000000002274,0.0,0.09999999999999787,0.2999999999999998,1.3645500000000002e-18,0.0,0.0,0.010000000000000009,0.04999999999998295,0.0799999999999983,0.7000000000000455,0.08999999999997499,0.040000000000020464,19.92999999999995,5.019999999999982,3.35493e-15,0.0,0.0,0.0,0.0,0.0,0.0,3.9,0.0,0.0
open_2017_05_08_close_2017_05_08_flight_Fixed Wing_N550ND_before_0_189617,open_2017_05_08_close_2017_05_08_flight_Fixed Wing_N550ND_before_0_189617,1183,5915,5944,2.9899999994142945e-05,1.4699999994149948e-05,0.0,0.0,0.0,0.08999999999999986,10.85,0.040000000000000036,0.04000000000000001,0.02,0.02,0.10000000000002274,0.6000000000000227,0.0,0.0,0.0,1.3645500000000002e-18,0.10000000000000142,0.18999999999999773,0.040000000000000036,0.06999999999999318,0.14999999999999858,4.2999999999999545,0.13999999999998636,0.06999999999999318,9.110000000000127,2.6299999999998818,3.35493e-15,0.0,0.0,0.0,0.0,0.0,0.0,3.9,0.0,0.0
open_2017_05_08_close_2017_05_08_flight_Fixed Wing_N550ND_before_0_189617,open_2017_05_08_close_2017_05_08_flight_Fixed Wing_N550ND_before_0_189617,1184,5920,5949,7.029999999730308e-05,1.4699999994149948e-05,0.0,0.0,0.0,0.1899999999999995,27.28,0.20999999999999996,0.03999999999999998,0.04,0.03,1.5,0.10000000000002274,0.0,0.0,0.10000000000000009,1.3645500000000002e-18,0.05999999999999872,0.05000000000000071,0.020000000000000018,0.05000000000001137,0.1599999999999966,4.7999999999999545,0.07999999999998408,0.040000000000020464,1.3599999999999,1.3700000000001182,3.35493e-15,0.0,0.0,0.0,0.0,0.0,0.0,7.8,0.0,0.0
open_2017_05_08_close_2017_05_08_flight_Fixed Wing_N550ND_before_0_189617,open_2017_05_08_close_2017_05_08_flight_Fixed Wing_N550ND_before_0_189617,1185,5925,5954,8.77000000016892e-05,1.4699999994149948e-05,3.0,0.0,0.0,0.15000000000000036,46.82,0.6600000000000001,0.019999999999999962,0.02,0.06,0.6000000000000227,0.6000000000000227,0.0,0.0,0.10000000000000009,1.3645500000000002e-18,0.029999999999997584,0.030000000000001137,0.030000000000000027,0.03999999999999204,0.030000000000001137,3.400000000000091,0.06999999999999318,0.0,1.6399999999998727,1.1299999999998818,3.35493e-15,0.0,0.0,0.0,0.0,0.0,0.0,3.9,0.0,1.0
open_2017_05_08_close_2017_05_08_flight_Fixed Wing_N550ND_before_0_189617,open_2017_05_08_close_2017_05_08_flight_Fixed Wing_N550ND_before_0_189617,1186,5930,5959,5.100000002755678e-06,2.229999999769916e-05,1.0,0.0,0.0,0.0,22.79,0.36999999999999966,0.06,0.01,0.01,359.5,0.8,0.0,0.0,0.10000000000000009,1.3645500000000002e-18,0.0,0.05000000000000071,0.030000000000000027,0.030000000000001137,0.010000000000005116,5.599999999999909,0.09999999999999432,0.03000000000002956,2.2999999999999545,0.36999999999989086,3.35493e-15,0.0,0.0,0.0,0.0,0.0,0.0,4.0,0.0,0.0
open_2017_05_08_close_2017_05_08_flight_Fixed Wing_N550ND_before_0_189617,open_2017_05_08_close_2017_05_08_flight_Fixed Wing_N550ND_before_0_189617,1187,5935,5964,3.400000000652881e-05,3.759999999886077e-05,0.0,0.0,0.3000000000000007,0.10999999999999943,13.599999999999998,0.3400000000000003,0.06000000000000005,0.01,0.02,0.10000000000002274,0.5,0.0,0.0,0.10000000000000009,1.3645500000000002e-18,0.030000000000001137,0.030000000000001137,0.010000000000000009,0.030000000000001137,0.07000000000000028,2.0,0.10999999999998522,0.03999999999996362,1.2699999999999818,0.6800000000000637,3.35493e-15,0.0,0.0,0.0,0.0,0.0,0.0,1.81956e-16,0.0,0.0
open_2017_05_08_close_2017_05_08_flight_Fixed Wing_N550ND_before_0_189617,open_2017_05_08_close_2017_05_08_flight_Fixed Wing_N550ND_before_0_189617,1188,5940,5969,7.050000000674572e-05,3.759999999886077e-05,2.0,0.0,0.0,0.09999999999999964,35.92,0.0900000000000003,0.09000000000000008,0.01,0.08,0.19999999999998863,0.30000000000001137,0.0,0.0,0.0,1.3645500000000002e-18,0.0,0.10999999999999943,0.030000000000000027,0.020000000000010232,0.0,0.8000000000001819,0.1799999999999784,0.01999999999998181,1.0699999999999363,0.41000000000008185,3.35493e-15,0.0,0.0,0.0,0.0,0.0,0.0,3.9,0.0,0.5
open_2017_05_08_close_2017_05_08_flight_Fixed Wing_N550ND_before_0_189617,open_2017_05_08_close_2017_05_08_flight_Fixed Wing_N550ND_before_0_189617,1189,5945,5974,2.229999999769916e-05,3.759999999886077e-05,1.0,0.0,0.0,0.09999999999999964,1.56,0.1499999999999999,0.010000000000000009,0.0,0.049999999999999996,0.0,0.30000000000001137,0.0,0.0,0.09999999999999964,1.3645500000000002e-18,0.0799999999999983,0.05999999999999872,0.020000000000000018,0.020000000000010232,0.030000000000001137,4.5,0.020000000000010232,0.009999999999990905,2.0399999999999636,0.30999999999994543,3.35493e-15,0.0,0.0,0.0,0.0,0.0,0.0,3.9,0.0,0.0
open_2017_05_08_close_2017_05_08_flight_Fixed Wing_N550ND_before_0_189617,open_2017_05_08_close_2017_05_08_flight_Fixed Wing_N550ND_before_0_189617,1190,5950,5979,8.55000000044015e-05,3.759999999886077e-05,1.0,0.0,0.0,0.0,1.7899999999999991,0.3500000000000001,0.030000000000000027,0.01,0.02,0.0,0.10000000000002274,0.0,0.0,0.10000000000000009,1.3645500000000002e-18,0.0,0.0,0.040000000000000036,0.01999999999998181,0.07000000000000028,0.20000000000004547,0.05999999999997385,0.08999999999997499,1.3600000000001273,0.5900000000001455,3.35493e-15,0.0,0.0,0.0,0.0,0.0,0.0,0.0,0.0,0.0
open_2017_05_08_close_2017_05_08_flight_Fixed Wing_N550ND_before_0_189617,open_2017_05_08_close_2017_05_08_flight_Fixed Wing_N550ND_before_0_189617,1191,5955,5984,4.8700000000678756e-05,3.759999999886077e-05,0.0,0.0,0.0,0.08000000000000007,14.85,0.1200000000000001,0.010000000000000009,0.01,0.01,0.0,0.0,0.0,0.0,0.0,1.3645500000000002e-18,0.0799999999999983,0.0,0.040000000000000036,0.010000000000019327,0.04999999999999716,3.7000000000000455,0.06999999999999318,0.009999999999990905,1.6400000000001,0.8199999999999363,3.35493e-15,0.0,0.0,0.0,0.0,0.0,0.0,1.81956e-16,0.0,0.5
open_2017_05_08_close_2017_05_08_flight_Fixed Wing_N550ND_before_0_189617,open_2017_05_08_close_2017_05_08_flight_Fixed Wing_N550ND_before_0_189617,1192,5960,5989,2.340000000344844e-05,3.759999999886077e-05,0.0,0.0,0.0,0.0600000000000005,16.13,0.26000000000000023,0.020000000000000018,0.009999999999999998,0.02,1.1999999999999886,0.4000000000000341,0.0,0.0,0.0,1.3645500000000002e-18,0.0,0.0,0.030000000000000027,0.020000000000010232,0.13000000000000256,2.0,0.0800000000000125,0.06999999999999318,1.3399999999999181,0.13999999999987267,3.35493e-15,0.0,0.0,0.0,0.0,0.0,0.0,3.9,0.0,0.0
open_2017_05_08_close_2017_05_08_flight_Fixed Wing_N550ND_before_0_189617,open_2017_05_08_close_2017_05_08_flight_Fixed Wing_N550ND_before_0_189617,1193,5965,5994,0.00010190000000420696,3.759999999886077e-05,0.0,0.0,0.0,0.11999999999999922,1.4900000000000002,0.5800000000000001,0.04999999999999999,0.01,0.06999999999999999,0.6000000000000227,0.10000000000002274,0.0,0.0,0.10000000000000009,1.3645500000000002e-18,0.05000000000000071,0.08000000000000185,0.050000000000000044,0.009999999999990905,1.0600000000000023,56.000000000000114,0.040000000000020464,0.10000000000002274,22.269999999999982,3.5599999999999454,0.0,0.0,0.0,0.0,0.0,0.0,0.0,7.9,0.0,0.0
open_2017_05_08_close_2017_05_08_flight_Fixed Wing_N550ND_before_0_189617,open_2017_05_08_close_2017_05_08_flight_Fixed Wing_N550ND_before_0_189617,1194,5970,5999,6.510000000048421e-05,5.280000000595919e-05,1.0,0.0,0.0,0.39000000000000057,25.2,0.1499999999999999,0.27,0.01,0.04,0.30000000000001137,0.4000000000000341,0.0,0.0,0.09999999999999964,1.3645500000000002e-18,0.030000000000001137,0.019999999999999574,0.050000000000000044,0.0700000000000216,0.00999999999999801,7.400000000000091,0.030000000000001137,0.0,27.92999999999995,6.2000000000000455,3.35493e-15,0.0,0.0,0.0,0.0,0.0,0.0,15.700000000000001,0.0,0.0
open_2017_05_08_close_2017_05_08_flight_Fixed Wing_N550ND_before_0_189617,open_2017_05_08_close_2017_05_08_flight_Fixed Wing_N550ND_before_0_189617,1195,5975,6004,2.0700000000317686e-05,4.7199999997360464e-05,1.0,0.0,0.0,0.1899999999999995,31.580000000000002,0.20999999999999996,0.33999999999999997,0.0,0.06,0.6000000000000227,0.2999999999999545,0.0,0.0,0.10000000000000009,1.3645500000000002e-18,0.0,0.0,0.010000000000000009,0.06999999999999318,0.10000000000000142,6.199999999999932,0.01999999999998181,0.060000000000002274,8.25,3.92999999999995,3.35493e-15,0.0,0.0,0.0,0.0,0.0,0.0,1.81956e-16,0.0,0.0
open_2017_05_08_close_2017_05_08_flight_Fixed Wing_N550ND_before_0_189617,open_2017_05_08_close_2017_05_08_flight_Fixed Wing_N550ND_before_0_189617,1196,5980,6009,8.009999999813999e-05,4.7199999997360464e-05,2.0,0.0,0.0,0.0600000000000005,26.2,0.1200000000000001,0.09999999999999998,0.009999999999999998,0.06,0.6999999999999886,0.0999999999999659,0.0,0.0,0.20000000000000018,1.3645500000000002e-18,0.04999999999999716,0.05999999999999872,0.030000000000000027,0.03999999999999204,0.01999999999999602,3.8999999999999773,0.09000000000000341,0.05000000000001137,10.269999999999982,2.080000000000041,3.35493e-15,0.0,0.0,0.0,0.0,0.0,0.0,3.9,0.0,0.0
open_2017_05_08_close_2017_05_08_flight_Fixed Wing_N550ND_before_0_189617,open_2017_05_08_close_2017_05_08_flight_Fixed Wing_N550ND_before_0_189617,1197,5985,6014,8.220000000136451e-05,4.7199999997360464e-05,0.0,0.0,0.0,0.4299999999999997,1.0,0.03000000000000025,0.050000000000000044,0.04,0.07,0.10000000000002274,0.4000000000000341,0.0,0.0,0.10000000000000009,1.3645500000000002e-18,0.10999999999999943,0.0,0.040000000000000036,0.030000000000001137,0.05999999999999517,4.600000000000023,0.05000000000001137,0.05000000000001137,6.699999999999932,0.6100000000000136,3.35493e-15,0.0,0.0,0.0,0.0,0.0,0.0,1.81956e-16,0.0,0.0
open_2017_05_08_close_2017_05_08_flight_Fixed Wing_N550ND_before_0_189617,open_2017_05_08_close_2017_05_08_flight_Fixed Wing_N550ND_before_0_189617,1198,5990,6019,5.009999999572301e-05,4.7199999997360464e-05,0.0,0.0,0.0,0.10000000000000053,5.47,0.10999999999999988,0.17999999999999994,0.010000000000000002,0.009999999999999998,0.19999999999998863,0.19999999999998863,0.0,0.0,0.19999999999999996,1.3645500000000002e-18,0.05000000000000071,0.05000000000000071,0.030000000000000027,0.009999999999990905,0.0,1.1000000000000227,0.05000000000001137,0.05000000000001137,12.219999999999914,0.1999999999999318,3.35493e-15,0.0,0.0,0.0,0.0,0.0,0.0,3.9,0.0,0.5
open_2017_05_08_close_2017_05_08_flight_Fixed Wing_N550ND_before_0_189617,open_2017_05_08_close_2017_05_08_flight_Fixed Wing_N550ND_before_0_189617,1199,5995,6024,1.7899999996018323e-05,4.7199999997360464e-05,1.0,0.0,0.0,0.03999999999999915,24.52,0.27,0.16999999999999993,0.03,0.07,1.6000000000000227,1.1000000000000227,0.0,0.0,0.09999999999999987,1.3645500000000002e-18,0.05000000000000071,0.10999999999999943,0.020000000000000018,0.01999999999998181,0.18999999999999773,2.8999999999999773,0.11000000000001364,0.0,3.580000000000041,0.5900000000000318,3.35493e-15,0.0,0.0,0.0,0.0,0.0,0.0,3.9,0.0,0.5
open_2017_05_08_close_2017_05_08_flight_Fixed Wing_N550ND_before_0_189617,open_2017_05_08_close_2017_05_08_flight_Fixed Wing_N550ND_before_0_189617,1200,6000,6029,1.7999999997186933e-05,4.7199999997360464e-05,1.0,0.0,0.0,0.0600000000000005,24.62,0.04999999999999982,0.010000000000000009,0.02,0.04,0.39999999999997726,0.4000000000000341,0.0,0.0,0.10000000000000009,1.3645500000000002e-18,0.129999999999999,0.05000000000000071,0.010000000000000009,0.009999999999990905,0.010000000000005116,3.8999999999999773,0.12999999999999545,0.05000000000001137,1.8700000000000045,0.22000000000002728,3.35493e-15,0.0,0.0,0.0,0.0,0.0,0.0,1.81956e-16,0.0,0.0
open_2017_05_08_close_2017_05_08_flight_Fixed Wing_N550ND_before_0_189617,open_2017_05_08_close_2017_05_08_flight_Fixed Wing_N550ND_before_0_189617,1201,6005,6034,1.1999999998124622e-05,4.7199999997360464e-05,1.0,0.0,0.0,0.09999999999999964,0.6099999999999994,0.06000000000000005,0.09999999999999999,0.01,0.02,0.39999999999997726,0.39999999999997726,0.0,0.0,0.09999999999999987,1.3645500000000002e-18,0.10999999999999943,0.0,0.040000000000000036,0.0,0.11999999999999744,3.6000000000000227,0.07999999999998408,0.040000000000020464,2.17999999999995,0.2699999999999818,3.35493e-15,0.0,0.0,0.0,0.0,0.0,0.0,3.9,0.0,0.5
open_2017_05_08_close_2017_05_08_flight_Fixed Wing_N550ND_before_0_189617,open_2017_05_08_close_2017_05_08_flight_Fixed Wing_N550ND_before_0_189617,1202,6010,6039,5.199999999661031e-05,4.520000000240998e-05,1.0,0.0,0.0,0.0,25.630000000000003,0.03000000000000025,0.010000000000000009,0.01,0.07,0.0999999999999659,0.10000000000002274,0.0,0.0,0.10000000000000009,1.3645500000000002e-18,0.05000000000000071,0.05999999999999872,0.010000000000000009,0.009999999999990905,0.00999999999999801,1.0,0.15000000000000568,0.060000000000002274,4.07000000000005,0.2400000000000091,3.35493e-15,0.0,0.0,0.0,0.0,0.0,0.0,1.81956e-16,0.0,0.0
open_2017_05_08_close_2017_05_08_flight_Fixed Wing_N550ND_before_0_189617,open_2017_05_08_close_2017_05_08_flight_Fixed Wing_N550ND_before_0_189617,1203,6015,6044,1.9799999996905626e-05,5.280000000595919e-05,1.0,0.0,0.0,0.0,26.83,0.16999999999999993,0.2,0.06999999999999999,0.04,1.0,0.0999999999999659,0.0,0.0,0.0,1.3645500000000002e-18,0.0,0.08000000000000185,0.010000000000000009,0.0,0.010000000000005116,1.1999999999999318,0.12000000000000455,0.03999999999996362,3.8799999999999955,0.35000000000002274,3.35493e-15,0.0,0.0,0.0,0.0,0.0,0.0,3.9,0.0,0.0
open_2017_05_08_close_2017_05_08_flight_Fixed Wing_N550ND_before_0_189617,open_2017_05_08_close_2017_05_08_flight_Fixed Wing_N550ND_before_0_189617,1204,6020,6049,7.24000000005276e-05,2.43000000068605e-05,0.0,0.0,0.0,0.040000000000000036,10.54,0.2200000000000002,0.10000000000000003,0.009999999999999995,0.03,7.0,6.3,0.0,0.0,0.10000000000000009,1.3645500000000002e-18,0.129999999999999,0.16999999999999815,0.030000000000000027,0.009999999999990905,0.010000000000005116,0.3000000000000682,0.12999999999999545,0.0,1.9600000000000364,0.03999999999996362,3.35493e-15,0.0,0.0,0.0,0.0,0.0,0.0,3.9,0.0,0.0
open_2017_05_08_close_2017_05_08_flight_Fixed Wing_N550ND_before_0_189617,open_2017_05_08_close_2017_05_08_flight_Fixed Wing_N550ND_before_0_189617,1205,6025,6054,2.1000000032245225e-06,1.2999999995599865e-05,1.0,0.0,0.0,0.1899999999999995,18.479999999999997,0.29000000000000004,0.1,0.009999999999999995,0.03,7.399999999999999,7.100000000000001,0.0,0.0,0.0,1.3645500000000002e-18,0.2400000000000002,0.129999999999999,0.040000000000000036,0.009999999999990905,0.05999999999999517,0.2999999999999545,0.12999999999999545,0.060000000000002274,3.3799999999999955,0.13999999999998636,3.35493e-15,0.0,0.0,0.0,0.0,0.0,0.0,1.81956e-16,0.0,0.5
open_2017_05_08_close_2017_05_08_flight_Fixed Wing_N550ND_before_0_189617,open_2017_05_08_close_2017_05_08_flight_Fixed Wing_N550ND_before_0_189617,1206,6030,6059,4.7899999998435305e-05,7.240000000763303e-05,0.0,0.0,0.0,0.2599999999999998,26.009999999999998,0.31000000000000005,0.039999999999999994,0.03,0.030000000000000006,2.6000000000000085,6.5,0.0,0.0,0.10000000000000009,1.3645500000000002e-18,0.16999999999999993,0.23000000000000043,0.010000000000000009,0.020000000000010232,0.010000000000005116,0.1999999999999318,0.13999999999998636,0.060000000000002274,2.490000000000009,0.7100000000000364,3.35493e-15,0.0,0.0,0.0,0.0,0.0,0.0,3.9,0.0,0.5
open_2017_05_08_close_2017_05_08_flight_Fixed Wing_N550ND_before_0_189617,open_2017_05_08_close_2017_05_08_flight_Fixed Wing_N550ND_before_0_189617,1207,6035,6064,4.7899999998435305e-05,3.1800000002135675e-05,0.0,0.0,0.0,0.3899999999999997,23.21,0.1499999999999999,0.04999999999999999,0.03,0.05,0.7000000000000028,0.7999999999999972,0.0,0.0,0.10000000000000009,1.3645500000000002e-18,0.15000000000000036,0.0,0.0,0.0,0.1700000000000017,2.2999999999999545,0.12000000000000455,0.05000000000001137,7.789999999999964,0.17999999999994998,3.35493e-15,0.0,0.0,0.0,0.0,0.0,0.0,3.9,0.0,0.0
open_2017_05_08_close_2017_05_08_flight_Fixed Wing_N550ND_before_0_189617,open_2017_05_08_close_2017_05_08_flight_Fixed Wing_N550ND_before_0_189617,1208,6040,6069,4.7899999998435305e-05,7.599999999285956e-05,1.0,0.0,0.0,0.11999999999999922,39.92,0.21999999999999975,0.09999999999999998,0.0,0.02,0.09999999999999432,1.5,0.0,0.0,0.0,1.3645500000000002e-18,0.3199999999999985,0.0799999999999983,0.010000000000000009,0.0,0.030000000000001137,3.400000000000091,0.13000000000002387,0.020000000000038654,0.39999999999997726,0.03999999999996362,3.35493e-15,0.0,0.0,0.0,0.0,0.0,0.0,3.9,0.0,0.0
open_2017_05_08_close_2017_05_08_flight_Fixed Wing_N550ND_before_0_189617,open_2017_05_08_close_2017_05_08_flight_Fixed Wing_N550ND_before_0_189617,1209,6045,6074,4.7899999998435305e-05,1.2499999996862243e-05,0.0,0.0,0.0,0.040000000000000036,2.4599999999999973,0.56,0.41,0.03,0.020000000000000004,0.8999999999999915,0.10000000000000853,0.0,0.0,0.10000000000000009,1.3645500000000002e-18,0.05000000000000071,0.10000000000000142,0.020000000000000018,0.009999999999990905,0.06999999999999318,11.100000000000023,0.22999999999998977,0.060000000000002274,2.3500000000000227,0.38999999999998636,3.35493e-15,0.0,0.0,0.0,0.0,0.0,0.0,3.9,0.0,0.0
open_2017_05_08_close_2017_05_08_flight_Fixed Wing_N550ND_before_0_189617,open_2017_05_08_close_2017_05_08_flight_Fixed Wing_N550ND_before_0_189617,1210,6050,6079,5.170000000020991e-05,6.429999999113534e-05,2.0,0.0,0.0,0.27000000000000046,45.29,0.10999999999999988,0.07999999999999996,0.03,0.05,0.8000000000000114,0.09999999999999432,0.0,0.0,0.0,1.3645500000000002e-18,0.0,0.19000000000000128,0.020000000000000018,0.009999999999990905,0.14000000000000057,5.099999999999909,0.21000000000000796,0.37999999999999545,1.3299999999999272,0.6800000000000637,3.35493e-15,0.0,0.0,0.0,0.0,0.0,0.0,3.9,0.0,0.0
open_2017_05_08_close_2017_05_08_flight_Fixed Wing_N550ND_before_0_189617,open_2017_05_08_close_2017_05_08_flight_Fixed Wing_N550ND_before_0_189617,1211,6055,6084,4.8300000003109744e-05,6.260000000679611e-05,1.0,0.0,0.0,0.34999999999999964,16.180000000000003,0.16999999999999993,0.050000000000000044,0.02,0.019999999999999997,0.19999999999998863,0.09999999999999432,0.0,0.0,0.10000000000000009,1.3645500000000002e-18,0.05000000000000071,0.05000000000000071,0.010000000000000009,0.009999999999990905,0.04999999999999716,8.5,0.18000000000000682,0.009999999999990905,7.759999999999991,0.900000000000091,3.35493e-15,0.0,0.0,0.0,0.0,0.0,0.0,1.81956e-16,0.0,0.5
open_2017_05_08_close_2017_05_08_flight_Fixed Wing_N550ND_before_0_189617,open_2017_05_08_close_2017_05_08_flight_Fixed Wing_N550ND_before_0_189617,1212,6060,6089,4.4100000003766127e-05,5.3399999998759995e-05,1.0,0.0,0.0,0.3099999999999996,17.759999999999998,0.28000000000000025,0.07,0.04,0.060000000000000005,0.6000000000000085,0.10000000000000853,0.0,0.0,0.0,1.3645500000000002e-18,0.10000000000000142,0.10999999999999943,0.0,0.020000000000010232,0.060000000000002274,3.6000000000000227,0.6099999999999852,0.4900000000000091,1.6000000000000227,0.7699999999999818,3.35493e-15,0.0,0.0,0.0,0.0,0.0,0.0,11.8,0.0,0.0
open_2017_05_08_close_2017_05_08_flight_Fixed Wing_N550ND_before_0_189617,open_2017_05_08_close_2017_05_08_flight_Fixed Wing_N550ND_before_0_189617,1213,6065,6094,5.170000000020991e-05,4.3300000001522676e-05,1.0,0.0,0.0,0.09999999999999964,23.69,0.23999999999999977,0.29000000000000004,0.02,0.03,0.5999999999999943,0.10000000000000853,0.0,0.0,0.0,1.3645500000000002e-18,0.05000000000000071,0.05999999999999872,0.010000000000000009,0.020000000000010232,0.0799999999999983,3.7999999999999545,0.3300000000000125,0.4800000000000182,7.189999999999941,0.34000000000003183,3.35493e-15,0.0,0.0,0.0,0.0,0.0,0.0,1.81956e-16,0.0,0.0
open_2017_05_08_close_2017_05_08_flight_Fixed Wing_N550ND_before_0_189617,open_2017_05_08_close_2017_05_08_flight_Fixed Wing_N550ND_before_0_189617,1214,6070,6099,4.8300000003109744e-05,6.449999999347256e-05,2.0,0.0,0.0,0.16999999999999993,19.310000000000002,0.10999999999999988,0.10999999999999999,1.81093e-19,0.009999999999999998,0.20000000000000284,0.09999999999999432,0.0,0.0,0.0,1.3645500000000002e-18,0.0,0.030000000000001137,0.0,0.020000000000010232,0.030000000000001137,4.600000000000023,0.18999999999999773,0.03000000000002956,7.220000000000027,0.5,3.35493e-15,0.0,0.0,0.0,0.0,0.0,0.0,1.81956e-16,0.0,0.5
open_2017_05_08_close_2017_05_08_flight_Fixed Wing_N550ND_before_0_189617,open_2017_05_08_close_2017_05_08_flight_Fixed Wing_N550ND_before_0_189617,1215,6075,6104,4.8300000003109744e-05,3.2400000009147334e-05,1.0,0.0,0.0,0.020000000000000462,10.330000000000002,0.1200000000000001,0.050000000000000044,0.01,0.01,0.10000000000000853,0.0,0.0,0.0,0.09999999999999987,1.3645500000000002e-18,0.08999999999999986,0.10999999999999943,0.06000000000000005,0.020000000000010232,0.00999999999999801,1.2999999999999545,0.11000000000001364,0.05000000000001137,2.6800000000000637,0.75,3.35493e-15,0.0,0.0,0.0,0.0,0.0,0.0,1.81956e-16,0.0,0.0
open_2017_05_08_close_2017_05_08_flight_Fixed Wing_N550ND_before_0_189617,open_2017_05_08_close_2017_05_08_flight_Fixed Wing_N550ND_before_0_189617,1216,6080,6109,5.210000000488435e-05,7.799999991675577e-06,1.0,0.0,0.0,0.1200000000000001,9.060000000000002,0.0900000000000003,0.06000000000000005,0.01,0.009999999999999998,0.4000000000000057,0.29999999999999716,0.0,0.0,0.0,1.3645500000000002e-18,0.0,0.05000000000000071,0.040000000000000036,0.01999999999998181,0.0799999999999983,4.7000000000000455,0.12000000000000455,0.01999999999998181,2.57000000000005,0.11000000000001364,3.35493e-15,0.0,0.0,0.0,0.0,0.0,0.0,1.81956e-16,0.0,0.0
open_2017_05_08_close_2017_05_08_flight_Fixed Wing_N550ND_before_0_189617,open_2017_05_08_close_2017_05_08_flight_Fixed Wing_N550ND_before_0_189617,1217,6085,6114,4.4100000003766127e-05,1.3800000004948743e-05,1.0,0.0,0.0,0.20999999999999996,2.1099999999999994,0.6400000000000001,0.05999999999999997,0.02,0.11,1.7999999999999972,1.2999999999999972,0.0,0.0,0.0,1.3645500000000002e-18,0.10999999999999943,0.0,0.010000000000000009,0.020000000000010232,0.020000000000003126,2.0,0.12000000000000455,0.05000000000001137,0.7000000000000455,0.6999999999999318,3.35493e-15,0.0,0.0,0.0,0.0,0.0,0.0,1.81956e-16,0.0,0.0
open_2017_05_08_close_2017_05_08_flight_Fixed Wing_N550ND_before_0_189617,open_2017_05_08_close_2017_05_08_flight_Fixed Wing_N550ND_before_0_189617,1218,6090,6119,2.1000000032245225e-06,1.830000000779819e-05,2.0,0.0,0.3000000000000007,0.9100000000000001,18.72,0.8300000000000001,0.04999999999999999,0.02,0.019999999999999997,2.299999999999997,3.0,0.0,0.0,0.09999999999999987,1.3645500000000002e-18,0.05999999999999872,0.05000000000000071,0.010000000000000009,0.030000000000001137,0.13000000000000256,6.699999999999932,0.10000000000002274,0.040000000000020464,2.82000000000005,0.30999999999994543,3.35493e-15,0.0,0.0,0.0,0.0,0.0,0.0,1.81956e-16,0.0,0.0
open_2017_05_08_close_2017_05_08_flight_Fixed Wing_N550ND_before_0_189617,open_2017_05_08_close_2017_05_08_flight_Fixed Wing_N550ND_before_0_189617,1219,6095,6124,2.4599999996155475e-05,5.7999999995672624e-05,0.0,0.0,0.0,0.10000000000000009,12.329999999999998,0.1499999999999999,0.010000000000000009,0.0,0.02,2.6999999999999886,2.5999999999999943,0.10000000000000142,0.0,0.0,1.3645500000000002e-18,0.21999999999999886,0.05000000000000071,0.030000000000000027,0.020000000000010232,0.1600000000000037,4.699999999999932,0.10000000000002274,0.009999999999990905,2.7899999999999636,0.9699999999999136,3.35493e-15,0.0,0.0,0.0,0.0,0.0,0.0,0.0,0.0,1.0
open_2017_05_08_close_2017_05_08_flight_Fixed Wing_N550ND_before_0_189617,open_2017_05_08_close_2017_05_08_flight_Fixed Wing_N550ND_before_0_189617,1220,6100,6129,2.5799999995967937e-05,1.8999999994662176e-05,1.0,0.0,0.0,0.10000000000000009,30.44,0.31000000000000005,0.08000000000000002,0.0,0.06,3.700000000000017,3.5,0.10000000000000142,0.0,0.0,1.3645500000000002e-18,0.0,0.05000000000000071,0.020000000000000018,0.01999999999998181,0.1600000000000037,0.2999999999999545,0.1599999999999966,0.040000000000020464,9.330000000000041,0.13999999999998636,3.35493e-15,0.0,0.0,0.0,0.0,0.0,0.0,3.9,0.0,0.5
open_2017_05_08_close_2017_05_08_flight_Fixed Wing_N550ND_before_0_189617,open_2017_05_08_close_2017_05_08_flight_Fixed Wing_N550ND_before_0_189617,1221,6105,6134,3.900000000101045e-05,4.27999999885742e-05,1.0,0.0,0.0,0.06000000000000005,5.36,0.21999999999999975,0.36000000000000004,1.81093e-19,0.02,5.599999999999994,4.400000000000006,0.0,0.0,0.09999999999999987,1.3645500000000002e-18,0.08000000000000185,0.0,0.020000000000000018,0.01999999999998181,0.12000000000000455,4.0,0.160000000000025,0.0,5.509999999999991,0.15999999999996817,3.35493e-15,0.0,0.0,0.0,0.0,0.0,0.0,3.9,0.0,0.0
open_2017_05_08_close_2017_05_08_flight_Fixed Wing_N550ND_before_0_189617,open_2017_05_08_close_2017_05_08_flight_Fixed Wing_N550ND_before_0_189617,1222,6110,6139,1.5300000001161607e-05,3.519999999923584e-05,0.0,0.0,0.1999999999999993,0.040000000000000036,5.02,0.0,0.5299999999999999,0.02,0.020000000000000004,3.700000000000017,3.299999999999983,0.0,0.0,0.09999999999999987,1.3645500000000002e-18,0.10999999999999943,0.14000000000000057,0.010000000000000009,0.020000000000010232,0.21999999999999886,7.7000000000000455,0.25,0.06999999999999318,4.419999999999959,0.22000000000002728,3.35493e-15,0.0,0.0,0.0,0.0,0.0,0.0,0.0,0.0,0.5
open_2017_05_08_close_2017_05_08_flight_Fixed Wing_N550ND_before_0_189617,open_2017_05_08_close_2017_05_08_flight_Fixed Wing_N550ND_before_0_189617,1223,6115,6144,7.999999951380232e-07,2.8999999983625457e-06,1.0,0.0,0.0,0.020000000000000018,45.34,0.16000000000000014,0.04,0.0,0.03,6.300000000000011,5.099999999999994,0.0,0.0,0.09999999999999987,1.3645500000000002e-18,0.4299999999999997,0.0799999999999983,0.040000000000000036,0.010000000000019327,0.0,7.800000000000068,0.15000000000000568,0.0,2.0499999999999545,1.1599999999999682,3.35493e-15,0.0,0.0,0.0,0.0,0.0,0.0,4.0,0.0,0.5
open_2017_05_08_close_2017_05_08_flight_Fixed Wing_N550ND_before_0_189617,open_2017_05_08_close_2017_05_08_flight_Fixed Wing_N550ND_before_0_189617,1224,6120,6149,3.7400000003628975e-05,2.0800000001486296e-05,2.0,0.0,0.0,0.2999999999999998,50.849999999999994,0.020000000000000018,0.31000000000000005,0.01,0.02,3.700000000000003,4.299999999999997,0.0,0.0,0.19999999999999996,1.3645500000000002e-18,0.15000000000000213,0.0,0.030000000000000027,0.020000000000010232,0.19999999999999574,9.100000000000023,0.18999999999999773,0.07000000000005002,1.759999999999991,1.0300000000000864,3.35493e-15,0.0,0.0,0.0,0.0,0.0,0.0,3.9,0.0,0.0
open_2017_05_08_close_2017_05_08_flight_Fixed Wing_N550ND_before_0_189617,open_2017_05_08_close_2017_05_08_flight_Fixed Wing_N550ND_before_0_189617,1225,6125,6154,3.5900000000310683e-05,6.299999995462713e-06,1.0,0.0,0.0,0.06000000000000005,11.72,0.020000000000000018,0.06999999999999995,0.0,0.03,3.3999999999999915,2.700000000000003,0.0,0.0,0.0,1.3645500000000002e-18,0.16000000000000014,0.10999999999999943,0.020000000000000018,0.030000000000001137,0.17999999999999972,3.0,0.1599999999999966,0.040000000000020464,1.3799999999999955,0.2400000000000091,3.35493e-15,0.0,0.0,0.0,0.0,0.0,0.0,1.81956e-16,0.0,0.0
open_2017_05_08_close_2017_05_08_flight_Fixed Wing_N550ND_before_0_189617,open_2017_05_08_close_2017_05_08_flight_Fixed Wing_N550ND_before_0_189617,1226,6130,6159,3.970000000208529e-05,8.099999988075979e-06,0.0,0.0,0.0,0.2200000000000002,14.899999999999999,0.3700000000000001,0.06,0.01,0.09,0.29999999999999716,0.5,0.0,0.0,0.0,1.3645500000000002e-18,0.0,0.0799999999999983,0.030000000000000027,0.030000000000001137,0.10000000000000142,5.400000000000091,0.18999999999999773,0.06999999999999318,3.67999999999995,0.049999999999954525,3.35493e-15,0.0,0.0,0.0,0.0,0.0,0.0,3.9,0.0,1.0
open_2017_05_08_close_2017_05_08_flight_Fixed Wing_N550ND_before_0_189617,open_2017_05_08_close_2017_05_08_flight_Fixed Wing_N550ND_before_0_189617,1227,6135,6164,3.970000000208529e-05,3.020000001185963e-05,1.0,0.0,0.0,0.020000000000000018,19.080000000000002,0.33000000000000007,0.10999999999999999,0.01,0.04,0.5999999999999943,0.09999999999999432,0.0,0.0,0.10000000000000009,1.3645500000000002e-18,0.10999999999999943,0.0799999999999983,0.050000000000000044,0.01999999999998181,0.1600000000000037,1.7999999999999545,0.14000000000001478,0.020000000000038654,8.269999999999982,1.240000000000009,3.35493e-15,0.0,0.0,0.0,0.0,0.0,0.0,3.9,0.0,0.0
open_2017_05_08_close_2017_05_08_flight_Fixed Wing_N550ND_before_0_189617,open_2017_05_08_close_2017_05_08_flight_Fixed Wing_N550ND_before_0_189617,1228,6140,6169,3.5900000000310683e-05,4.459999999539832e-05,1.0,0.0,0.0,0.19999999999999973,9.95,1.69,0.18000000000000005,0.02,0.13,0.4000000000000057,0.09999999999999432,0.0,0.0,0.0,1.3645500000000002e-18,0.16000000000000014,0.030000000000001137,0.050000000000000044,0.009999999999990905,0.28000000000000114,14.899999999999977,0.06999999999999318,0.029999999999972715,3.8600000000000136,0.2699999999999818,3.35493e-15,0.0,0.0,0.0,0.0,0.0,0.0,3.9,0.0,0.5
open_2017_05_08_close_2017_05_08_flight_Fixed Wing_N550ND_before_0_189617,open_2017_05_08_close_2017_05_08_flight_Fixed Wing_N550ND_before_0_189617,1229,6145,6174,3.209999999853608e-05,2.8000000042993634e-06,1.0,0.0,0.0,0.3700000000000001,54.900000000000006,0.3500000000000001,0.0,0.05,0.03,0.4000000000000057,1.0999999999999943,0.0,0.0,0.0,1.3645500000000002e-18,0.0799999999999983,0.10999999999999943,0.050000000000000044,0.009999999999990905,0.060000000000002274,2.8999999999999773,0.05000000000001137,0.07000000000005002,5.350000000000023,1.169999999999959,3.35493e-15,0.0,0.0,0.0,0.0,0.0,0.0,1.81956e-16,0.0,0.5
open_2017_05_08_close_2017_05_08_flight_Fixed Wing_N550ND_before_0_189617,open_2017_05_08_close_2017_05_08_flight_Fixed Wing_N550ND_before_0_189617,1230,6150,6179,3.970000000208529e-05,8.800000000519503e-05,2.0,0.0,0.0,0.29000000000000004,18.249999999999996,0.08999999999999986,0.09000000000000002,0.03,0.010000000000000002,0.4000000000000057,0.5,0.0,0.0,0.0,1.3645500000000002e-18,0.0799999999999983,0.029999999999997584,0.030000000000000027,0.009999999999990905,0.10999999999999943,6.7999999999999545,0.12999999999999545,0.009999999999990905,2.8700000000000045,0.8999999999999773,3.35493e-15,0.0,0.0,0.0,0.0,0.0,0.0,7.8,0.0,0.0
open_2017_05_08_close_2017_05_08_flight_Fixed Wing_N550ND_before_0_189617,open_2017_05_08_close_2017_05_08_flight_Fixed Wing_N550ND_before_0_189617,1231,6155,6184,3.970000000208529e-05,4.7399999999697684e-05,0.0,0.0,0.0,0.2400000000000002,0.9400000000000013,0.13999999999999968,0.07,0.03,0.04,0.20000000000000284,0.5,0.0,0.0,0.0,1.3645500000000002e-18,0.10000000000000142,0.05000000000000071,0.050000000000000044,0.020000000000010232,0.10999999999999943,0.7999999999999545,0.009999999999990905,0.07999999999998408,2.4400000000000546,0.5699999999999363,3.35493e-15,0.0,0.0,0.0,0.0,0.0,0.0,1.81956e-16,0.0,0.5
open_2017_05_08_close_2017_05_08_flight_Fixed Wing_N550ND_before_0_189617,open_2017_05_08_close_2017_05_08_flight_Fixed Wing_N550ND_before_0_189617,1232,6160,6189,3.970000000208529e-05,1.5200000007098424e-05,1.0,0.0,0.0,0.1299999999999999,20.92,0.1299999999999999,0.07,0.0,0.03,0.29999999999999716,0.0,0.0,0.0,0.09999999999999987,1.3645500000000002e-18,0.0,0.05999999999999872,0.040000000000000036,0.020000000000010232,0.1700000000000017,3.900000000000091,0.12000000000000455,0.0,4.579999999999927,0.4799999999999045,3.35493e-15,0.0,0.0,0.0,0.0,0.0,0.0,3.9,0.0,0.0
open_2017_05_08_close_2017_05_08_flight_Fixed Wing_N550ND_before_0_189617,open_2017_05_08_close_2017_05_08_flight_Fixed Wing_N550ND_before_0_189617,1233,6165,6194,4.3500000003859896e-05,1.699999999971169e-05,0.0,0.0,0.0,0.10999999999999943,21.71,0.18999999999999995,0.13999999999999999,0.02,0.02,0.29999999999999716,0.3999999999999915,0.0,0.0,0.0,1.3645500000000002e-18,0.0,0.0,0.030000000000000027,0.020000000000010232,0.0899999999999963,6.800000000000068,0.0800000000000125,0.0,1.6099999999999,0.2300000000000182,3.35493e-15,0.0,0.0,0.0,0.0,0.0,0.0,3.9,0.0,0.0
open_2017_05_08_close_2017_05_08_flight_Fixed Wing_N550ND_before_0_189617,open_2017_05_08_close_2017_05_08_flight_Fixed Wing_N550ND_before_0_189617,1234,6170,6199,4.3500000003859896e-05,7.379999999557185e-05,0.0,0.0,0.0,0.1900000000000004,23.369999999999997,0.009999999999999787,0.03,0.01,0.04,0.0,0.8999999999999915,0.0,0.0,0.0,1.3645500000000002e-18,0.029999999999997584,0.030000000000001137,0.020000000000000018,0.01999999999998181,0.0,0.0,0.12999999999999545,0.009999999999990905,3.830000000000041,0.6100000000000136,3.35493e-15,0.0,0.0,0.0,0.0,0.0,0.0,19.7,0.0,1.0
open_2017_05_08_close_2017_05_08_flight_Fixed Wing_N550ND_before_0_189617,open_2017_05_08_close_2017_05_08_flight_Fixed Wing_N550ND_before_0_189617,1235,6175,6204,3.209999999853608e-05,6.450000000768341e-05,0.0,0.0,0.0,0.1299999999999999,24.7,0.1200000000000001,0.10999999999999999,0.02,0.05,0.10000000000000853,1.2000000000000028,0.0,0.0,0.0,1.3645500000000002e-18,0.0,0.0,0.0,0.01999999999998181,0.0,1.0,0.009999999999990905,0.049999999999954525,1.8600000000000136,0.2300000000000182,3.35493e-15,0.0,0.0,0.0,0.0,0.0,0.0,23.599999999999998,0.0,0.0
open_2017_05_08_close_2017_05_08_flight_Fixed Wing_N550ND_before_0_189617,open_2017_05_08_close_2017_05_08_flight_Fixed Wing_N550ND_before_0_189617,1236,6180,6209,2.83000000038669e-05,6.289999998898566e-05,1.0,0.0,0.0,0.41000000000000014,24.66,0.13999999999999968,0.08999999999999997,0.02,0.03,0.8000000000000114,0.09999999999999432,0.0,0.0,0.0,1.3645500000000002e-18,0.030000000000001137,0.030000000000001137,0.0,0.01999999999998181,0.21999999999999886,11.899999999999977,0.12999999999999545,0.05000000000001137,14.990000000000009,0.8600000000000136,3.35493e-15,0.0,0.0,0.0,0.0,0.0,0.0,7.9,0.0,0.5
open_2017_05_08_close_2017_05_08_flight_Fixed Wing_N550ND_before_0_189617,open_2017_05_08_close_2017_05_08_flight_Fixed Wing_N550ND_before_0_189617,1237,6185,6214,3.209999999853608e-05,7.800000005886432e-06,0.0,0.0,0.0,0.4300000000000006,7.640000000000001,0.3700000000000001,0.23,0.01,1.0849799999999998e-20,0.30000000000001137,0.3999999999999915,0.0,0.0,0.0,1.3645500000000002e-18,0.060000000000002274,0.0,0.010000000000000009,0.009999999999990905,0.11999999999999744,5.7000000000000455,0.09000000000000341,0.05000000000001137,3.439999999999941,0.5099999999999909,3.35493e-15,0.0,0.0,0.0,0.0,0.0,0.0,1.81956e-16,0.0,0.0
open_2017_05_08_close_2017_05_08_flight_Fixed Wing_N550ND_before_0_189617,open_2017_05_08_close_2017_05_08_flight_Fixed Wing_N550ND_before_0_189617,1238,6190,6219,2.83000000038669e-05,6.039999999529755e-05,1.0,0.0,0.0,0.020000000000000018,6.240000000000002,0.0,0.14,0.0,0.01,0.0,0.3999999999999915,0.0,0.09999999999999787,0.0,1.3645500000000002e-18,0.0799999999999983,0.030000000000001137,0.010000000000000009,0.009999999999990905,0.00999999999999801,4.100000000000023,0.09999999999999432,0.009999999999990905,1.830000000000041,0.5599999999999454,3.35493e-15,0.0,0.0,0.0,0.0,0.0,0.0,0.0,0.0,0.0
open_2017_05_08_close_2017_05_08_flight_Fixed Wing_N550ND_before_0_189617,open_2017_05_08_close_2017_05_08_flight_Fixed Wing_N550ND_before_0_189617,1239,6195,6224,3.970000000208529e-05,3.5900000000310683e-05,4.0,0.0,0.0,0.5499999999999998,154.31,0.28000000000000025,0.19000000000000006,0.01,0.01,1.4000000000000057,0.0,0.0,0.09999999999999787,0.0,1.3645500000000002e-18,0.23999999999999844,0.0,0.0,0.04999999999998295,0.12999999999999545,10.0,0.13999999999998636,0.009999999999990905,7.839999999999918,0.5,3.35493e-15,0.0,0.0,0.0,0.0,0.0,0.0,7.8,0.0,0.0
open_2017_05_08_close_2017_05_08_flight_Fixed Wing_N550ND_before_0_189617,open_2017_05_08_close_2017_05_08_flight_Fixed Wing_N550ND_before_0_189617,1240,6200,6229,3.5900000000310683e-05,1.1400000005323818e-05,1.0,0.0,0.0,0.16999999999999993,1.259999999999998,0.18999999999999995,0.04999999999999999,0.05,0.03,0.09999999999999432,0.29999999999999716,0.0,0.09999999999999787,0.0,1.3645500000000002e-18,0.0,0.05000000000000071,0.040000000000000036,0.030000000000001137,0.020000000000003126,3.7999999999999545,0.0800000000000125,0.009999999999990905,11.860000000000014,0.049999999999954525,3.35493e-15,0.0,0.0,0.0,0.0,0.0,0.0,3.9,0.0,0.0
open_2017_05_08_close_2017_05_08_flight_Fixed Wing_N550ND_before_0_189617,open_2017_05_08_close_2017_05_08_flight_Fixed Wing_N550ND_before_0_189617,1241,6205,6234,3.209999999853608e-05,5.629999999712254e-05,1.0,0.0,0.0,0.1900000000000004,9.0,0.08000000000000007,0.07,0.01,0.01,0.8999999999999915,1.2000000000000028,0.0,0.0,0.09999999999999987,1.3645500000000002e-18,0.030000000000001137,0.0,0.020000000000000018,0.030000000000001137,0.020000000000003126,5.100000000000023,0.09000000000000341,0.08000000000004093,4.610000000000014,1.1200000000000045,3.35493e-15,0.0,0.0,0.0,0.0,0.0,0.0,7.9,0.0,0.5
open_2017_05_08_close_2017_05_08_flight_Fixed Wing_N550ND_before_0_189617,open_2017_05_08_close_2017_05_08_flight_Fixed Wing_N550ND_before_0_189617,1242,6210,6239,2.83000000038669e-05,1.3000000080864993e-06,2.0,0.0,0.0,1.71,39.17999999999999,0.24,0.06999999999999998,0.02,0.03,0.0,0.4000000000000057,0.0,0.0,0.09999999999999987,1.3645500000000002e-18,0.0,0.030000000000001137,0.040000000000000036,0.030000000000001137,0.00999999999999801,1.3000000000000682,0.060000000000002274,0.0,6.459999999999923,0.5699999999999363,3.35493e-15,0.0,0.0,0.0,0.0,0.0,0.0,3.9,0.0,0.5
open_2017_05_08_close_2017_05_08_flight_Fixed Wing_N550ND_before_0_189617,open_2017_05_08_close_2017_05_08_flight_Fixed Wing_N550ND_before_0_189617,1243,6215,6244,3.209999999853608e-05,6.299999995462713e-06,1.0,0.0,0.0,4.34678e-15,1.0499999999999998,0.03999999999999959,0.030000000000000027,0.01,0.01,0.20000000000000284,0.0,0.0,0.0,0.0,1.3645500000000002e-18,0.05000000000000071,0.0,0.010000000000000009,0.030000000000001137,0.10000000000000142,4.899999999999977,0.0800000000000125,0.010000000000047748,6.1299999999999955,0.2399999999998954,3.35493e-15,0.0,0.0,0.0,0.0,0.0,0.0,1.81956e-16,0.0,0.5
open_2017_05_08_close_2017_05_08_flight_Fixed Wing_N550ND_before_0_189617,open_2017_05_08_close_2017_05_08_flight_Fixed Wing_N550ND_before_0_189617,1244,6220,6249,4.7399999999697684e-05,6.299999995462713e-06,1.0,0.0,0.0,4.34678e-15,25.82,0.020000000000000018,0.019999999999999962,0.02,1.0849799999999998e-20,0.10000000000000853,0.0,0.0,0.0,0.09999999999999987,1.3645500000000002e-18,0.0,0.0,0.010000000000000009,0.040000000000020464,0.05000000000000426,1.2000000000000455,0.060000000000002274,0.0,7.349999999999909,0.06000000000005912,3.35493e-15,0.0,0.0,0.0,0.0,0.0,0.0,1.81956e-16,0.0,0.5
open_2017_05_08_close_2017_05_08_flight_Fixed Wing_N550ND_before_0_189617,open_2017_05_08_close_2017_05_08_flight_Fixed Wing_N550ND_before_0_189617,1245,6225,6254,3.209999999853608e-05,6.299999995462713e-06,1.0,0.0,0.0,4.34678e-15,31.81,0.029999999999999805,0.04999999999999999,0.0,0.02,0.10000000000000853,0.0,0.0,0.09999999999999787,0.09999999999999987,1.3645500000000002e-18,0.05000000000000071,0.05000000000000071,0.06000000000000005,0.03999999999999204,0.19999999999999574,5.400000000000091,0.0800000000000125,0.03000000000002956,1.8100000000000591,0.07000000000005002,3.35493e-15,0.0,0.0,0.0,0.0,0.0,0.0,1.81956e-16,0.0,0.0
open_2017_05_08_close_2017_05_08_flight_Fixed Wing_N550ND_before_0_189617,open_2017_05_08_close_2017_05_08_flight_Fixed Wing_N550ND_before_0_189617,1246,6230,6259,3.209999999853608e-05,6.299999995462713e-06,2.0,0.0,0.0,4.34678e-15,12.990000000000002,0.009999999999999787,0.03999999999999998,0.0,0.04,0.09999999999999432,0.0,0.0,0.09999999999999787,0.09999999999999987,1.3645500000000002e-18,0.05000000000000071,0.05000000000000071,0.0,0.040000000000020464,0.04999999999999716,3.8999999999999773,0.06999999999999318,0.01999999999998181,12.700000000000045,0.020000000000095497,3.35493e-15,0.0,0.0,0.0,0.0,0.0,0.0,1.81956e-16,0.0,0.0
open_2017_05_08_close_2017_05_08_flight_Fixed Wing_N550ND_before_0_189617,open_2017_05_08_close_2017_05_08_flight_Fixed Wing_N550ND_before_0_189617,1247,6235,6264,2.83000000038669e-05,6.299999995462713e-06,3.0,0.0,0.0,4.34678e-15,74.2,0.019999999999999574,0.0,0.02,1.0849799999999998e-20,0.0,0.0,0.0,0.0,0.0,1.3645500000000002e-18,0.0,0.04999999999999716,0.06000000000000005,0.030000000000001137,0.0799999999999983,2.1000000000000227,0.06999999999999318,0.01999999999998181,3.6900000000000546,1.3299999999999272,3.35493e-15,0.0,0.0,0.0,0.0,0.0,0.0,1.81956e-16,0.0,0.5
open_2017_05_08_close_2017_05_08_flight_Fixed Wing_N550ND_before_0_189617,open_2017_05_08_close_2017_05_08_flight_Fixed Wing_N550ND_before_0_189617,1248,6240,6269,2.83000000038669e-05,1.3000000080864993e-06,1.0,0.0,0.0,4.34678e-15,32.910000000000004,0.009999999999999787,0.019999999999999962,0.02,1.0849799999999998e-20,0.0,0.0,0.0,0.0,0.09999999999999987,1.3645500000000002e-18,0.030000000000001137,0.030000000000001137,0.08000000000000007,0.029999999999972715,0.0899999999999963,6.7999999999999545,0.030000000000001137,0.01999999999998181,6.009999999999991,0.22000000000002728,3.35493e-15,0.0,0.0,0.0,0.0,0.0,0.0,1.81956e-16,0.0,0.5
open_2017_05_08_close_2017_05_08_flight_Fixed Wing_N550ND_before_0_189617,open_2017_05_08_close_2017_05_08_flight_Fixed Wing_N550ND_before_0_189617,1249,6245,6274,4.3500000003859896e-05,8.900000011635711e-06,2.0,0.0,0.0,4.34678e-15,66.66,0.0,0.009999999999999953,0.02,0.01,0.0,0.0,0.0,0.0,0.09999999999999987,1.3645500000000002e-18,0.0,0.0,0.010000000000000009,0.030000000000001137,0.03999999999999915,1.6000000000000227,0.11000000000001364,0.009999999999990905,2.6299999999999955,0.22000000000002728,3.35493e-15,0.0,0.0,0.0,0.0,0.0,0.0,0.0,0.0,2.5
open_2017_05_08_close_2017_05_08_flight_Fixed Wing_N550ND_before_0_189617,open_2017_05_08_close_2017_05_08_flight_Fixed Wing_N550ND_before_0_189617,1250,6250,6279,1.679999999737447e-05,3.1800000002135675e-05,2.0,0.0,0.0,0.44000000000000017,36.660000000000004,0.10999999999999988,0.06,0.02,0.04,0.4000000000000057,0.0,0.10000000000000142,0.0,0.09999999999999987,1.3645500000000002e-18,0.08000000000000185,0.029999999999997584,0.020000000000000018,0.009999999999990905,0.17999999999999972,27.799999999999955,0.12000000000000455,0.07999999999998408,29.389999999999986,10.090000000000032,3.35493e-15,0.0,0.0,0.0,0.0,0.0,0.0,1.81956e-16,0.0,0.0
open_2017_05_08_close_2017_05_08_flight_Fixed Wing_N550ND_before_0_189617,open_2017_05_08_close_2017_05_08_flight_Fixed Wing_N550ND_before_0_189617,1251,6255,6284,2.0700000000317686e-05,3.100000000699765e-05,2.0,0.0,0.0,0.5,49.32,0.31000000000000005,0.0,0.0,0.05,0.7000000000000028,0.3999999999999915,0.0,0.0,0.0,1.3645500000000002e-18,0.05000000000000071,0.05000000000000071,0.010000000000000009,0.020000000000010232,0.00999999999999801,1.7999999999999545,0.07999999999998408,0.03000000000002956,14.430000000000064,6.969999999999914,3.35493e-15,0.0,0.0,0.0,0.0,0.0,0.0,0.0,0.0,0.0
open_2017_05_08_close_2017_05_08_flight_Fixed Wing_N550ND_before_0_189617,open_2017_05_08_close_2017_05_08_flight_Fixed Wing_N550ND_before_0_189617,1252,6260,6289,2.83000000038669e-05,1.4100000001349144e-05,1.0,0.0,0.0,0.09999999999999964,12.02,0.16999999999999993,0.019999999999999962,0.0,0.04,0.20000000000000284,1.0,0.0,0.0,0.0,1.3645500000000002e-18,0.05999999999999872,0.0,0.030000000000000027,0.030000000000001137,0.0,1.2000000000000455,0.0,0.0,9.149999999999977,4.2000000000000455,3.35493e-15,0.0,0.0,0.0,0.0,0.0,0.0,0.0,0.0,0.0
open_2017_05_08_close_2017_05_08_flight_Fixed Wing_N550ND_before_0_189617,open_2017_05_08_close_2017_05_08_flight_Fixed Wing_N550ND_before_0_189617,1253,6265,6294,5.120000000147229e-05,1.8099999991250115e-05,0.0,0.0,0.0,0.019999999999999574,14.68,0.31000000000000005,0.09,0.02,0.03,1.0,0.20000000000000284,0.0,0.0,0.0,1.3645500000000002e-18,0.019999999999999574,0.0,0.010000000000000009,0.030000000000001137,0.04999999999999716,4.2000000000000455,0.06999999999999318,0.1500000000000341,6.839999999999918,2.269999999999982,3.35493e-15,0.0,0.0,0.0,0.0,0.0,0.0,1.81956e-16,0.0,1.0
open_2017_05_08_close_2017_05_08_flight_Fixed Wing_N550ND_before_0_189617,open_2017_05_08_close_2017_05_08_flight_Fixed Wing_N550ND_before_0_189617,1254,6270,6299,1.3000000002705292e-05,4.2199999995773396e-05,0.0,0.0,0.0,0.2400000000000002,12.949999999999989,0.10000000000000009,0.15000000000000002,0.020000000000000004,0.03,11.0,9.799999999999997,0.0,0.0,0.0,1.3645500000000002e-18,0.19000000000000128,0.10999999999999943,0.0,0.030000000000001137,0.05000000000000426,2.7000000000000455,0.030000000000001137,0.0999999999999659,2.2800000000002,0.6199999999998909,3.35493e-15,0.0,0.0,0.0,0.0,0.0,0.0,0.0,0.0,1.0
open_2017_05_08_close_2017_05_08_flight_Fixed Wing_N550ND_before_0_189617,open_2017_05_08_close_2017_05_08_flight_Fixed Wing_N550ND_before_0_189617,1255,6275,6304,1.2900000001536682e-05,1.970000000994787e-05,0.0,0.0,0.0,0.4900000000000002,13.410000000000002,0.44999999999999973,0.10999999999999999,0.010000000000000002,0.05,1.9000000000000057,4.400000000000006,0.0,0.0,0.0,1.3645500000000002e-18,0.0,0.129999999999999,0.0,0.030000000000001137,0.14000000000000057,7.2000000000000455,0.009999999999990905,0.0999999999999659,1.6299999999998818,0.06999999999993634,3.35493e-15,0.0,0.0,0.0,0.0,0.0,0.0,1.81956e-16,0.0,0.5
open_2017_05_08_close_2017_05_08_flight_Fixed Wing_N550ND_before_0_189617,open_2017_05_08_close_2017_05_08_flight_Fixed Wing_N550ND_before_0_189617,1256,6280,6309,3.5999999994373866e-06,1.970000000994787e-05,0.0,0.0,0.0,0.4400000000000004,11.209999999999999,1.0300000000000002,0.12999999999999995,0.03,0.22,0.4000000000000057,0.5,0.10000000000000142,0.0,0.0,1.3645500000000002e-18,0.0,0.04999999999999716,0.010000000000000009,0.030000000000001137,0.05999999999999517,2.7000000000000455,0.03999999999999204,0.029999999999972715,1.1900000000000546,1.5800000000001546,3.35493e-15,0.0,0.0,0.0,0.0,0.0,0.0,3.9,0.0,0.5
open_2017_05_08_close_2017_05_08_flight_Fixed Wing_N550ND_before_0_189617,open_2017_05_08_close_2017_05_08_flight_Fixed Wing_N550ND_before_0_189617,1257,6285,6314,5.240000000128475e-05,1.2100000006398659e-05,0.0,0.0,0.0,0.1200000000000001,17.49,0.27,0.21999999999999997,0.01,0.01,0.29999999999998295,0.5,0.0,0.0,0.0,1.3645500000000002e-18,0.34999999999999787,0.0,0.010000000000000009,0.01999999999998181,0.07000000000000028,5.7000000000000455,0.12999999999999545,0.05999999999994543,0.2699999999999818,0.6800000000000637,3.35493e-15,0.0,0.0,0.0,0.0,0.0,0.0,3.9,0.0,0.5
open_2017_05_08_close_2017_05_08_flight_Fixed Wing_N550ND_before_0_189617,open_2017_05_08_close_2017_05_08_flight_Fixed Wing_N550ND_before_0_189617,1258,6290,6319,1.0299999999574538e-05,1.2100000006398659e-05,0.0,0.0,0.1999999999999993,0.54,13.810000000000002,0.4500000000000002,0.07999999999999996,0.019999999999999997,0.009999999999999998,0.10000000000002274,0.700000000000017,0.0,0.0,0.09999999999999987,1.3645500000000002e-18,0.04999999999999716,0.0799999999999983,0.010000000000000009,0.030000000000001137,0.13999999999999346,3.5,0.05000000000001137,0.01999999999998181,0.3200000000001637,0.5799999999999272,3.35493e-15,0.0,0.0,0.0,0.0,0.0,0.0,4.0,0.0,0.0
open_2017_05_08_close_2017_05_08_flight_Fixed Wing_N550ND_before_0_189617,open_2017_05_08_close_2017_05_08_flight_Fixed Wing_N550ND_before_0_189617,1259,6295,6324,7.300000000043383e-06,1.2100000006398659e-05,0.0,0.0,0.0,0.0600000000000005,6.399999999999999,0.10999999999999988,0.07999999999999996,0.01,0.03,0.09999999999999432,0.5,0.10000000000000142,0.0,0.0,1.3645500000000002e-18,0.13999999999999702,0.0,0.040000000000000036,0.03999999999999204,0.10000000000000142,3.199999999999818,0.15000000000000568,0.049999999999954525,2.099999999999909,0.2599999999999909,3.35493e-15,0.0,0.0,0.0,0.0,0.0,0.0,3.9,0.0,0.0
open_2017_05_08_close_2017_05_08_flight_Fixed Wing_N550ND_before_0_189617,open_2017_05_08_close_2017_05_08_flight_Fixed Wing_N550ND_before_0_189617,1260,6300,6329,1.1899999996956012e-05,1.970000000994787e-05,1.0,0.0,0.1999999999999993,0.0600000000000005,7.1499999999999995,0.69,0.06999999999999995,1.81093e-19,0.08,0.6999999999999886,0.20000000000001705,0.0,0.0,0.0,1.3645500000000002e-18,0.08000000000000185,0.019999999999999574,0.0,0.040000000000020464,0.030000000000001137,4.2999999999999545,0.13000000000002387,0.1099999999999568,0.7400000000000091,0.7199999999997999,3.35493e-15,0.0,0.0,0.0,0.0,0.0,0.0,3.9,0.0,0.0
open_2017_05_08_close_2017_05_08_flight_Fixed Wing_N550ND_before_0_189617,open_2017_05_08_close_2017_05_08_flight_Fixed Wing_N550ND_before_0_189617,1261,6305,6334,1.300000000981072e-06,1.2100000006398659e-05,1.0,0.0,0.0,0.39000000000000057,12.5,0.009999999999999787,0.030000000000000027,0.009999999999999998,0.04,0.799999999999983,0.20000000000001705,0.10000000000000142,0.0,0.09999999999999987,1.3645500000000002e-18,0.060000000000002274,0.060000000000002274,0.0,0.009999999999990905,0.07000000000000028,4.2999999999999545,0.21000000000000796,0.07999999999998408,1.2899999999999636,0.14000000000010004,3.35493e-15,0.0,0.0,0.0,0.0,0.0,0.0,1.81956e-16,0.0,0.0
open_2017_05_08_close_2017_05_08_flight_Fixed Wing_N550ND_before_0_189617,open_2017_05_08_close_2017_05_08_flight_Fixed Wing_N550ND_before_0_189617,1262,6310,6339,5.899999997893701e-06,1.2100000006398659e-05,0.0,0.0,0.0,0.27,9.06,0.5500000000000003,0.2899999999999999,0.060000000000000005,0.08,0.19999999999998863,0.0,0.0,0.0,0.09999999999999987,1.3645500000000002e-18,0.13000000000000078,0.09999999999999787,0.07000000000000006,0.009999999999990905,0.0,4.0,0.17000000000001592,0.09000000000003183,1.3199999999999363,0.7999999999999545,3.35493e-15,0.0,0.0,0.0,0.0,0.0,0.0,1.81956e-16,0.0,0.5
open_2017_05_08_close_2017_05_08_flight_Fixed Wing_N550ND_before_0_189617,open_2017_05_08_close_2017_05_08_flight_Fixed Wing_N550ND_before_0_189617,1263,6315,6344,1.0600000003080368e-05,1.2100000006398659e-05,1.0,0.0,0.0,0.2699999999999996,33.22,0.040000000000000036,0.09000000000000008,0.01,0.01,0.10000000000002274,3.1999999999999886,0.0,0.0,0.09999999999999987,1.3645500000000002e-18,0.0,0.0,0.010000000000000009,0.009999999999990905,0.05999999999999517,1.900000000000091,0.20000000000001705,0.12000000000000455,2.0799999999999272,0.8199999999999363,3.35493e-15,0.0,0.0,0.0,0.0,0.0,0.0,55.1,0.0,0.5
open_2017_05_08_close_2017_05_08_flight_Fixed Wing_N550ND_before_0_189617,open_2017_05_08_close_2017_05_08_flight_Fixed Wing_N550ND_before_0_189617,1264,6320,6349,3.8199999998767e-05,4.4000000087862645e-06,1.0,0.0,0.0,0.05999999999999961,17.94,0.06999999999999984,0.06000000000000005,0.01,0.019999999999999997,0.30000000000001137,0.09999999999999432,0.0,0.0,0.0,1.3645500000000002e-18,0.0,0.11000000000000298,0.030000000000000027,0.009999999999990905,0.060000000000002274,4.800000000000182,0.21999999999999886,0.160000000000025,1.7899999999999636,0.18000000000006366,3.35493e-15,0.0,0.0,0.0,0.0,0.0,0.0,0.0,0.0,0.5
open_2017_05_08_close_2017_05_08_flight_Fixed Wing_N550ND_before_0_189617,open_2017_05_08_close_2017_05_08_flight_Fixed Wing_N550ND_before_0_189617,1265,6325,6354,2.9699999998911153e-05,1.2100000006398659e-05,1.0,0.0,0.0,0.34999999999999964,13.349999999999994,0.14000000000000012,0.08000000000000007,0.01,0.04,1.1999999999999886,0.0,0.0,0.0,0.0,1.3645500000000002e-18,0.05999999999999872,0.0,0.010000000000000009,0.020000000000010232,0.12999999999999545,5.0,0.20000000000001705,0.11000000000001364,0.9900000000000091,0.7899999999999636,3.35493e-15,0.0,0.0,0.0,0.0,0.0,0.0,3.9,0.0,0.0
open_2017_05_08_close_2017_05_08_flight_Fixed Wing_N550ND_before_0_189617,open_2017_05_08_close_2017_05_08_flight_Fixed Wing_N550ND_before_0_189617,1266,6330,6359,1.5999999973814738e-06,1.2100000006398659e-05,0.0,0.0,0.3000000000000007,0.48,5.9,0.04999999999999982,0.010000000000000009,0.01,0.07,0.5,0.5,0.0,0.0,0.0,1.3645500000000002e-18,0.0,0.0,0.029999999999999805,0.0800000000000125,0.10000000000000142,5.5,0.25,0.18000000000000682,2.2799999999999727,7.339999999999918,3.35493e-15,0.0,0.0,0.0,0.0,0.0,0.0,3.9,0.0,0.0
open_2017_05_08_close_2017_05_08_flight_Fixed Wing_N550ND_before_0_189617,open_2017_05_08_close_2017_05_08_flight_Fixed Wing_N550ND_before_0_189617,1267,6335,6364,8.999999998593466e-06,1.2100000006398659e-05,0.0,0.0,0.0,0.5800000000000001,20.43,0.41000000000000014,0.09999999999999998,0.03,0.05,1.0,0.4000000000000057,0.0,0.0,0.09999999999999987,1.3645500000000002e-18,0.0,0.05000000000000071,0.020000000000000018,0.07999999999998408,0.04999999999999716,4.800000000000182,0.23999999999998067,0.12000000000000455,0.13999999999987267,2.650000000000091,3.35493e-15,0.0,0.0,0.0,0.0,0.0,0.0,3.9,0.0,0.5
open_2017_05_08_close_2017_05_08_flight_Fixed Wing_N550ND_before_0_189617,open_2017_05_08_close_2017_05_08_flight_Fixed Wing_N550ND_before_0_189617,1268,6340,6369,0.00011120000000630625,2.729999999928623e-05,1.0,0.0,0.0,0.13999999999999968,13.12,0.16000000000000014,0.39,0.009999999999999995,0.01,11.300000000000011,10.399999999999977,0.0,0.0,0.09999999999999987,1.3645500000000002e-18,0.060000000000002274,0.14000000000000057,0.04999999999999982,0.06999999999999318,1.0100000000000051,55.899999999999864,0.5,0.22999999999996135,6.540000000000191,2.009999999999991,3.35493e-15,0.0,0.0,0.0,0.0,0.0,0.0,1.81956e-16,0.0,0.5
open_2017_05_08_close_2017_05_08_flight_Fixed Wing_N550ND_before_0_189617,open_2017_05_08_close_2017_05_08_flight_Fixed Wing_N550ND_before_0_189617,1269,6345,6374,1.4199999995412327e-05,8.750000000645741e-05,0.0,0.0,0.0,0.3099999999999996,28.41,0.10999999999999988,0.32,0.009999999999999995,0.03,11.100000000000023,11.800000000000011,0.0,0.0,0.09999999999999987,1.3645500000000002e-18,0.5,0.15000000000000213,0.010000000000000009,0.040000000000020464,0.1600000000000037,5.599999999999909,0.2599999999999909,0.13999999999998636,12.180000000000064,7.9500000000000455,3.35493e-15,0.0,0.0,0.0,0.0,0.0,0.0,0.0,0.0,0.0
open_2017_05_08_close_2017_05_08_flight_Fixed Wing_N550ND_before_0_189617,open_2017_05_08_close_2017_05_08_flight_Fixed Wing_N550ND_before_0_189617,1270,6350,6379,2.179999999896154e-05,6.220000000212167e-05,3.0,0.0,0.0,0.019999999999999574,40.13,0.06999999999999984,0.14999999999999997,0.05,0.010000000000000002,1.900000000000034,3.6999999999999886,0.10000000000000142,0.0,0.09999999999999987,1.3645500000000002e-18,0.2599999999999998,0.0799999999999983,0.030000000000000027,0.060000000000002274,0.17999999999999972,3.900000000000091,0.21999999999999886,0.12000000000000455,2.910000000000082,4.529999999999973,3.35493e-15,0.0,0.0,0.0,0.0,0.0,0.0,3.9,0.0,0.0
open_2017_05_08_close_2017_05_08_flight_Fixed Wing_N550ND_before_0_189617,open_2017_05_08_close_2017_05_08_flight_Fixed Wing_N550ND_before_0_189617,1271,6355,6384,2.5699999994799327e-05,3.6899999997785926e-05,1.0,0.0,0.0,0.019999999999999574,10.249999999999996,0.029999999999999805,0.0,0.01,0.03,0.39999999999997726,0.0,0.0,0.0,0.09999999999999987,1.3645500000000002e-18,0.5199999999999996,0.05000000000000071,0.040000000000000036,0.060000000000002274,0.07000000000000028,0.10000000000013642,0.1699999999999875,0.10000000000002274,8.819999999999936,3.009999999999991,3.35493e-15,0.0,0.0,0.0,0.0,0.0,0.0,0.0,0.0,0.5
open_2017_05_08_close_2017_05_08_flight_Fixed Wing_N550ND_before_0_189617,open_2017_05_08_close_2017_05_08_flight_Fixed Wing_N550ND_before_0_189617,1272,6360,6389,2.5699999994799327e-05,1.9100000002936213e-05,0.0,0.0,0.0,0.09999999999999964,0.9699999999999989,0.13999999999999968,0.07999999999999996,0.02,0.019999999999999997,0.6000000000000227,0.5,0.0,0.0,0.0,1.3645500000000002e-18,0.19000000000000128,0.17999999999999972,0.0,0.03999999999999204,0.0800000000000054,2.800000000000182,0.15000000000000568,0.11000000000001364,2.9999999999998863,1.8299999999999272,3.35493e-15,0.0,0.0,0.0,0.0,0.0,0.0,0.0,0.0,0.0
open_2017_05_08_close_2017_05_08_flight_Fixed Wing_N550ND_before_0_189617,open_2017_05_08_close_2017_05_08_flight_Fixed Wing_N550ND_before_0_189617,1273,6365,6394,2.9499999996573933e-05,7.08999999972093e-05,1.0,0.0,0.0,0.1900000000000004,9.719999999999999,0.10000000000000009,0.029999999999999916,0.01,0.04,0.5,0.8999999999999773,0.10000000000000142,0.0,0.09999999999999987,1.3645500000000002e-18,0.05000000000000071,0.23999999999999844,0.010000000000000009,0.030000000000001137,0.259999999999998,13.999999999999886,0.11999999999997613,0.07999999999998408,2.6900000000000546,1.5899999999999181,3.35493e-15,0.0,0.0,0.0,0.0,0.0,0.0,1.81956e-16,0.0,0.5
open_2017_05_08_close_2017_05_08_flight_Fixed Wing_N550ND_before_0_189617,open_2017_05_08_close_2017_05_08_flight_Fixed Wing_N550ND_before_0_189617,1274,6370,6399,2.5699999994799327e-05,4.559999999287356e-05,2.0,0.0,0.0,0.020000000000000462,48.36,0.06999999999999984,0.12,0.03,0.08,0.9000000000000341,0.6999999999999886,0.0,0.0,0.0,1.3645500000000002e-18,0.05000000000000071,0.10999999999999943,0.010000000000000009,0.020000000000010232,0.03999999999999915,0.10000000000013642,0.12000000000000455,0.08999999999997499,6.110000000000127,0.9900000000000091,3.35493e-15,0.0,0.0,0.0,0.0,0.0,0.0,3.9,0.0,0.0
open_2017_05_08_close_2017_05_08_flight_Fixed Wing_N550ND_before_0_189617,open_2017_05_08_close_2017_05_08_flight_Fixed Wing_N550ND_before_0_189617,1275,6375,6404,2.5699999994799327e-05,9.730000000729433e-05,1.0,0.0,0.0,0.2599999999999998,1.4100000000000001,0.040000000000000036,0.14,0.02,0.019999999999999997,0.19999999999998863,0.30000000000001137,0.0,0.0,0.0,1.3645500000000002e-18,0.019999999999999574,0.05000000000000071,0.010000000000000009,0.0,0.020000000000003126,4.5,0.06999999999999318,0.06999999999999318,25.129999999999995,4.809999999999945,3.35493e-15,0.0,0.0,0.0,0.0,0.0,0.0,0.0,0.0,0.0
open_2017_05_08_close_2017_05_08_flight_Fixed Wing_N550ND_before_0_189617,open_2017_05_08_close_2017_05_08_flight_Fixed Wing_N550ND_before_0_189617,1276,6380,6409,1.6300000005742277e-05,4.300000000512227e-06,1.0,0.0,0.0,0.1800000000000006,17.130000000000003,0.06999999999999984,0.07999999999999996,0.020000000000000004,0.08,10.300000000000011,11.100000000000023,0.0,0.0,0.09999999999999987,1.3645500000000002e-18,0.04999999999999716,0.14000000000000057,0.010000000000000009,0.030000000000001137,0.13000000000000256,1.8000000000000682,0.12999999999999545,0.060000000000002274,2.25,3.3700000000000045,3.35493e-15,0.0,0.0,0.0,0.0,0.0,0.0,19.599999999999998,0.0,0.0
open_2017_05_08_close_2017_05_08_flight_Fixed Wing_N550ND_before_0_189617,open_2017_05_08_close_2017_05_08_flight_Fixed Wing_N550ND_before_0_189617,1277,6385,6414,2.6900000001717217e-05,2.0399999996811857e-05,0.0,0.0,0.0,0.3100000000000005,13.450000000000003,0.09999999999999987,0.07999999999999996,0.04000000000000001,0.0,5.5,8.199999999999989,0.0,0.0,0.09999999999999987,1.3645500000000002e-18,0.370000000000001,0.0799999999999983,0.0,0.009999999999990905,0.03999999999999915,2.0,0.12999999999999545,0.11000000000001364,8.730000000000018,0.8400000000000318,3.35493e-15,0.0,0.0,0.0,0.0,0.0,0.0,1.81956e-16,0.0,2.0
open_2017_05_08_close_2017_05_08_flight_Fixed Wing_N550ND_before_0_189617,open_2017_05_08_close_2017_05_08_flight_Fixed Wing_N550ND_before_0_189617,1278,6390,6419,3.490000000283544e-05,2.0399999996811857e-05,1.0,0.0,0.0,4.34678e-15,4.93,0.03000000000000025,0.02999999999999997,1.81093e-19,1.0849799999999998e-20,0.0,0.0,0.0,0.0,0.09999999999999987,1.3645500000000002e-18,0.41999999999999993,0.0,0.020000000000000018,0.0,0.0899999999999963,1.5,0.12999999999999545,0.11000000000001364,8.0,0.14999999999997726,3.35493e-15,0.0,0.0,0.0,0.0,0.0,0.0,1.81956e-16,0.0,3.0
open_2017_05_08_close_2017_05_08_flight_Fixed Wing_N550ND_before_0_189617,open_2017_05_08_close_2017_05_08_flight_Fixed Wing_N550ND_before_0_189617,1279,6395,6424,3.490000000283544e-05,2.0399999996811857e-05,2.0,0.0,0.0,4.34678e-15,46.1,0.029999999999999805,0.07999999999999996,0.01,0.01,0.0,0.0,0.0,0.0,0.09999999999999987,1.3645500000000002e-18,0.13999999999999702,0.10000000000000142,0.010000000000000009,0.0,0.10999999999999943,3.5,0.11000000000001364,0.0999999999999659,8.690000000000055,0.4700000000000273,3.35493e-15,0.0,0.0,0.0,0.0,0.0,0.0,1.81956e-16,0.0,0.5
open_2017_05_08_close_2017_05_08_flight_Fixed Wing_N550ND_before_0_189617,open_2017_05_08_close_2017_05_08_flight_Fixed Wing_N550ND_before_0_189617,1280,6400,6429,3.490000000283544e-05,2.0399999996811857e-05,1.0,0.0,0.0,4.34678e-15,17.33,0.0,0.029999999999999916,0.0,0.03,0.10000000000002274,0.0,0.0,0.0,0.0,1.3645500000000002e-18,0.129999999999999,0.0799999999999983,0.040000000000000036,0.010000000000019327,0.13000000000000256,5.399999999999977,0.09999999999999432,0.05000000000001137,4.539999999999964,0.10000000000002274,3.35493e-15,0.0,0.0,0.0,0.0,0.0,0.0,1.81956e-16,0.0,0.5
open_2017_05_08_close_2017_05_08_flight_Fixed Wing_N550ND_before_0_189617,open_2017_05_08_close_2017_05_08_flight_Fixed Wing_N550ND_before_0_189617,1281,6405,6434,3.490000000283544e-05,1.2699999999199463e-05,1.0,0.0,0.0,4.34678e-15,14.800000000000004,0.020000000000000018,0.02999999999999997,0.02,0.01,0.0,0.0,0.0,0.0,0.09999999999999987,1.3645500000000002e-18,0.0,0.10999999999999943,0.020000000000000018,0.0,0.0800000000000054,6.399999999999977,0.020000000000010232,0.060000000000002274,1.6399999999999864,0.5699999999999363,3.35493e-15,0.0,0.0,0.0,0.0,0.0,0.0,1.81956e-16,0.0,0.0
