flight_id,subseq_id,window_idx,top1_feature,top1_contrib,top2_feature,top2_contrib,top3_feature,top3_contrib,top4_feature,top4_contrib,top5_feature,top5_contrib
open_2017_05_08_close_2017_05_08_flight_Fixed Wing_N550ND_before_0_189617,open_2017_05_08_close_2017_05_08_flight_Fixed Wing_N550ND_before_0_189617,0,E1_RPM,0.2721083179739415,E1_EGT2,0.20565109416107064,VSpdG,0.20408123848045437,VSpd,0.19518538962361406,E1_CHT4,0.050758667006677055
open_2017_05_08_close_2017_05_08_flight_Fixed Wing_N550ND_before_0_189617,open_2017_05_08_close_2017_05_08_flight_Fixed Wing_N550ND_before_0_189617,1,VSpd,0.305300615297468,E1_EGT2,0.29981617310649306,AltB,0.09140736984954133,E1_CHT4,0.08683700135706451,E1_RPM,0.08226663286458512
open_2017_05_08_close_2017_05_08_flight_Fixed Wing_N550ND_before_0_189617,open_2017_05_08_close_2017_05_08_flight_Fixed Wing_N550ND_before_0_189617,2,E1_EGT2,0.44373534969393746,VSpd,0.2738844981364453,E1_CHT4,0.10297207875672543,E1_RPM,0.08492542577874995,E1_CHT2,0.06369406933405794
open_2017_05_08_close_2017_05_08_flight_Fixed Wing_N550ND_before_0_189617,open_2017_05_08_close_2017_05_08_flight_Fixed Wing_N550ND_before_0_189617,3,VSpd,0.62063258332315,E1_RPM,0.20956424891430916,E1_EGT2,0.05158504588659533,E1_CHT4,0.04997301320264285,E1_CHT2,0.03224065367912513
open_2017_05_08_close_2017_05_08_flight_Fixed Wing_N550ND_before_0_189617,open_2017_05_08_close_2017_05_08_flight_Fixed Wing_N550ND_before_0_189617,4,VSpd,0.48992469839102143,E1_EGT2,0.4052233225077304,E1_CHT4,0.03395517711620928,E1_CHT2,0.020522359795511074,E1_EGT4,0.019402958352118985
open_2017_05_08_close_2017_05_08_flight_Fixed Wing_N550ND_before_0_189617,open_2017_05_08_close_2017_05_08_flight_Fixed Wing_N550ND_before_0_189617,5,E1_EGT2,0.2524966214249043,VSpd,0.23796444177455253,E1_RPM,0.23614791931826024,AltB,0.09082612281471468,E1_CHT4,0.07992698807694851
open_2017_05_08_close_2017_05_08_flight_Fixed Wing_N550ND_before_0_189617,open_2017_05_08_close_2017_05_08_flight_Fixed Wing_N550ND_before_0_189617,6,E1_EGT2,0.5220260054637778,VSpd,0.1428562214440487,E1_CHT4,0.12282964834441404,E1_CHT2,0.08144139727184077,E1_EGT4,0.06542013879213567
open_2017_05_08_close_2017_05_08_flight_Fixed Wing_N550ND_before_0_189617,open_2017_05_08_close_2017_05_08_flight_Fixed Wing_N550ND_before_0_189617,7,VSpd,0.841928690727247,AltB,0.0415972673284213,E1_CHT4,0.0357736499024417,E1_EGT2,0.03161392316959981,E1_CHT2,0.019550715644357963
open_2017_05_08_close_2017_05_08_flight_Fixed Wing_N550ND_before_0_189617,open_2017_05_08_close_2017_05_08_flight_Fixed Wing_N550ND_before_0_189617,8,E1_EGT2,0.2987825852101518,VSpd,0.27760191929027694,VSpdG,0.17575446188832466,E1_RPM,0.10365006726747661,AltB,0.04506524663803197
open_2017_05_08_close_2017_05_08_flight_Fixed Wing_N550ND_before_0_189617,open_2017_05_08_close_2017_05_08_flight_Fixed Wing_N550ND_before_0_189617,9,VSpd,0.882447898435754,AltB,0.04110143914465551,E1_CHT4,0.033703180098617246,E1_CHT2,0.018906662006541865,amp1,0.008220287828931092
open_2017_05_08_close_2017_05_08_flight_Fixed Wing_N550ND_before_0_189617,open_2017_05_08_close_2017_05_08_flight_Fixed Wing_N550ND_before_0_189617,10,E1_EGT2,0.3495125139624392,VSpd,0.2742702366510812,E1_RPM,0.1456302141510083,E1_CHT4,0.09344605408023342,E1_CHT2,0.05582491542455387
open_2017_05_08_close_2017_05_08_flight_Fixed Wing_N550ND_before_0_189617,open_2017_05_08_close_2017_05_08_flight_Fixed Wing_N550ND_before_0_189617,11,E1_RPM,0.5066648332155231,VSpd,0.16355496370465877,AltB,0.08888856723079282,E1_EGT2,0.07644416781848304,E1_CHT4,0.06844419676771138
open_2017_05_08_close_2017_05_08_flight_Fixed Wing_N550ND_before_0_189617,open_2017_05_08_close_2017_05_08_flight_Fixed Wing_N550ND_before_0_189617,12,VSpd,0.5976734593486778,VSpdG,0.12956789835796795,E1_EGT2,0.10398654406677925,E1_RPM,0.07641183749315907,AltB,0.0332225380405046
open_2017_05_08_close_2017_05_08_flight_Fixed Wing_N550ND_before_0_189617,open_2017_05_08_close_2017_05_08_flight_Fixed Wing_N550ND_before_0_189617,13,E1_RPM,0.29979924423288645,VSpd,0.29513570043370807,E1_EGT2,0.1665551356849369,AltB,0.06662205427397476,E1_CHT4,0.05063276124822211
open_2017_05_08_close_2017_05_08_flight_Fixed Wing_N550ND_before_0_189617,open_2017_05_08_close_2017_05_08_flight_Fixed Wing_N550ND_before_0_189617,14,VSpd,0.5728051629615354,E1_RPM,0.2017537327429564,E1_CHT4,0.06140330996524782,E1_EGT2,0.04912264797219427,E1_EGT4,0.04385950711803487
open_2017_05_08_close_2017_05_08_flight_Fixed Wing_N550ND_before_0_189617,open_2017_05_08_close_2017_05_08_flight_Fixed Wing_N550ND_before_0_189617,15,E1_EGT2,0.3477340209734847,VSpd,0.30870976210672035,E1_RPM,0.15330958840513853,AltB,0.06968617654779241,E1_CHT4,0.04947718534893316
open_2017_05_08_close_2017_05_08_flight_Fixed Wing_N550ND_before_0_189617,open_2017_05_08_close_2017_05_08_flight_Fixed Wing_N550ND_before_0_189617,16,VSpd,0.2950298125606898,COM1,0.22256634982648435,E1_RPM,0.18633461845939006,E1_EGT2,0.17598269521163243,E1_CHT4,0.059005962512140187
open_2017_05_08_close_2017_05_08_flight_Fixed Wing_N550ND_before_0_189617,open_2017_05_08_close_2017_05_08_flight_Fixed Wing_N550ND_before_0_189617,17,VSpd,0.5546733295759672,E1_RPM,0.19017371299747265,E1_EGT2,0.09112490414462138,E1_CHT4,0.05309016154512955,E1_EGT4,0.050712990132667786
open_2017_05_08_close_2017_05_08_flight_Fixed Wing_N550ND_before_0_189617,open_2017_05_08_close_2017_05_08_flight_Fixed Wing_N550ND_before_0_189617,18,VSpd,0.5093327804016661,E1_EGT2,0.38266625124418424,E1_RPM,0.03199996526083887,AltB,0.026666637717364716,E1_CHT4,0.01706664813911381
open_2017_05_08_close_2017_05_08_flight_Fixed Wing_N550ND_before_0_189617,open_2017_05_08_close_2017_05_08_flight_Fixed Wing_N550ND_before_0_189617,19,VSpd,0.34830722406142883,E1_EGT2,0.27829572173752243,E1_RPM,0.2742117174352984,E1_CHT4,0.03850632627814771,E1_CHT2,0.02042002151114037
open_2017_05_08_close_2017_05_08_flight_Fixed Wing_N550ND_before_0_189617,open_2017_05_08_close_2017_05_08_flight_Fixed Wing_N550ND_before_0_189617,20,E1_RPM,0.5666434401452295,E1_EGT2,0.2318086800594147,VSpd,0.12298738303152204,E1_CHT4,0.033483476008580745,E1_CHT2,0.014809999003795187
open_2017_05_08_close_2017_05_08_flight_Fixed Wing_N550ND_before_0_189617,open_2017_05_08_close_2017_05_08_flight_Fixed Wing_N550ND_before_0_189617,21,E1_EGT2,0.3517560846907839,VSpd,0.31748021772944374,VSpdG,0.16709485143654934,E1_RPM,0.05998276718235007,E1_EGT4,0.03598966030940712
open_2017_05_08_close_2017_05_08_flight_Fixed Wing_N550ND_before_0_189617,open_2017_05_08_close_2017_05_08_flight_Fixed Wing_N550ND_before_0_189617,22,VSpd,0.690833086526779,E1_RPM,0.13262580586051645,E1_EGT2,0.10462702462329831,AltB,0.029472401302336988,E1_CHT4,0.01326258058605131
open_2017_05_08_close_2017_05_08_flight_Fixed Wing_N550ND_before_0_189617,open_2017_05_08_close_2017_05_08_flight_Fixed Wing_N550ND_before_0_189617,23,VSpd,0.572287173820794,HPLfd,0.10931942193329397,VSpdG,0.10658643638496162,E1_RPM,0.07925658090163751,E1_EGT2,0.061765473392310845
open_2017_05_08_close_2017_05_08_flight_Fixed Wing_N550ND_before_0_189617,open_2017_05_08_close_2017_05_08_flight_Fixed Wing_N550ND_before_0_189617,24,VSpd,0.44696719040745014,HPLfd,0.27693134473819714,VSpdG,0.10800322444789687,E1_RPM,0.05538626894763942,E1_EGT2,0.03240096733436793
open_2017_05_08_close_2017_05_08_flight_Fixed Wing_N550ND_before_0_189617,open_2017_05_08_close_2017_05_08_flight_Fixed Wing_N550ND_before_0_189617,25,VSpd,0.5488145258532645,E1_EGT2,0.21484967045493228,E1_RPM,0.1327012670456958,AltB,0.03159553977278437,E1_EGT4,0.023380699431860722
open_2017_05_08_close_2017_05_08_flight_Fixed Wing_N550ND_before_0_189617,open_2017_05_08_close_2017_05_08_flight_Fixed Wing_N550ND_before_0_189617,26,VSpd,0.5093757531119706,E1_RPM,0.18753739128825656,E1_EGT2,0.11615219073337536,AltB,0.06049593267363071,E1_EGT4,0.041137234218072735
open_2017_05_08_close_2017_05_08_flight_Fixed Wing_N550ND_before_0_189617,open_2017_05_08_close_2017_05_08_flight_Fixed Wing_N550ND_before_0_189617,27,VSpd,0.8733704375935452,E1_EGT2,0.05444644269497891,E1_RPM,0.037122574564758225,AltB,0.02474838304317215,E1_CHT4,0.004124730507195358
open_2017_05_08_close_2017_05_08_flight_Fixed Wing_N550ND_before_0_189617,open_2017_05_08_close_2017_05_08_flight_Fixed Wing_N550ND_before_0_189617,28,VSpd,0.32337507327611115,E1_EGT2,0.285712916147574,AltB,0.12986950733980368,E1_CHT4,0.06363605859650129,E1_RPM,0.05194780293591852
open_2017_05_08_close_2017_05_08_flight_Fixed Wing_N550ND_before_0_189617,open_2017_05_08_close_2017_05_08_flight_Fixed Wing_N550ND_before_0_189617,29,VSpd,0.5597323756922948,E1_RPM,0.27129885556513966,E1_EGT2,0.09852432123155427,E1_CHT4,0.022370256511511727,E1_CHT2,0.011899072612506266
open_2017_05_08_close_2017_05_08_flight_Fixed Wing_N550ND_before_0_189617,open_2017_05_08_close_2017_05_08_flight_Fixed Wing_N550ND_before_0_189617,30,VSpd,0.3245066516292793,E1_RPM,0.2709353448138183,VSpdG,0.24014723744861294,E1_EGT2,0.07820179270762412,E1_CHT4,0.03448268024903174
open_2017_05_08_close_2017_05_08_flight_Fixed Wing_N550ND_before_0_189617,open_2017_05_08_close_2017_05_08_flight_Fixed Wing_N550ND_before_0_189617,31,VSpd,0.6202636743983472,E1_EGT2,0.20401608716413752,AltB,0.045641182810768746,E1_RPM,0.03651294624861292,HPLfd,0.022820591405384373
open_2017_05_08_close_2017_05_08_flight_Fixed Wing_N550ND_before_0_189617,open_2017_05_08_close_2017_05_08_flight_Fixed Wing_N550ND_before_0_189617,32,VSpd,0.5701593906620088,E1_RPM,0.19760196950513498,E1_EGT2,0.18317036499071546,AltB,0.022202468483723085,E1_CHT4,0.00910301207832639
open_2017_05_08_close_2017_05_08_flight_Fixed Wing_N550ND_before_0_189617,open_2017_05_08_close_2017_05_08_flight_Fixed Wing_N550ND_before_0_189617,33,VSpd,0.6642213617749674,E1_EGT2,0.23427214793573997,AltB,0.03859508203224679,E1_RPM,0.02701655742257451,E1_CHT4,0.011964475429996594
open_2017_05_08_close_2017_05_08_flight_Fixed Wing_N550ND_before_0_189617,open_2017_05_08_close_2017_05_08_flight_Fixed Wing_N550ND_before_0_189617,34,VSpd,0.41354826774183295,E1_RPM,0.38422577443007166,E1_EGT2,0.06420614914818096,AltB,0.05055602295132431,E1_EGT4,0.020727969410035612
open_2017_05_08_close_2017_05_08_flight_Fixed Wing_N550ND_before_0_189617,open_2017_05_08_close_2017_05_08_flight_Fixed Wing_N550ND_before_0_189617,35,VSpd,0.76149351863308,E1_EGT2,0.10841159870762486,E1_RPM,0.07053284735195028,AltB,0.02612327679701818,E1_CHT4,0.009926845182866791
open_2017_05_08_close_2017_05_08_flight_Fixed Wing_N550ND_before_0_189617,open_2017_05_08_close_2017_05_08_flight_Fixed Wing_N550ND_before_0_189617,36,VSpd,0.5800451618638671,E1_EGT2,0.20823621310913015,E1_RPM,0.08700677427958006,AltB,0.05800451618638671,E1_CHT4,0.027842167769465027
open_2017_05_08_close_2017_05_08_flight_Fixed Wing_N550ND_before_0_189617,open_2017_05_08_close_2017_05_08_flight_Fixed Wing_N550ND_before_0_189617,37,E1_RPM,0.2879058298264512,E1_EGT2,0.24184089705421727,VSpd,0.1401141705155396,HPLfd,0.0959686099421504,E1_CHT4,0.07293614355603344
open_2017_05_08_close_2017_05_08_flight_Fixed Wing_N550ND_before_0_189617,open_2017_05_08_close_2017_05_08_flight_Fixed Wing_N550ND_before_0_189617,38,VSpd,0.44569186038078673,AltB,0.3589835306660612,E1_EGT2,0.11082465921075291,E1_RPM,0.04786447075547733,E1_EGT4,0.010125176505964992
open_2017_05_08_close_2017_05_08_flight_Fixed Wing_N550ND_before_0_189617,open_2017_05_08_close_2017_05_08_flight_Fixed Wing_N550ND_before_0_189617,39,VSpd,0.8489915902570091,E1_EGT2,0.053389113567332544,AltB,0.052342268203268136,E1_RPM,0.013085567050817034,E1_EGT4,0.009421608276591597
open_2017_05_08_close_2017_05_08_flight_Fixed Wing_N550ND_before_0_189617,open_2017_05_08_close_2017_05_08_flight_Fixed Wing_N550ND_before_0_189617,40,VSpd,0.6534299337815216,E1_EGT2,0.26541237182383787,E1_RPM,0.027864815939508937,E1_EGT4,0.012539167172776249,E1_CHT4,0.01114592637580397
open_2017_05_08_close_2017_05_08_flight_Fixed Wing_N550ND_before_0_189617,open_2017_05_08_close_2017_05_08_flight_Fixed Wing_N550ND_before_0_189617,41,E1_EGT2,0.38917582939849693,VSpd,0.36557196992314483,E1_RPM,0.08635558344641216,AltB,0.057570388964274764,HPLfd,0.028785194482137382
open_2017_05_08_close_2017_05_08_flight_Fixed Wing_N550ND_before_0_189617,open_2017_05_08_close_2017_05_08_flight_Fixed Wing_N550ND_before_0_189617,42,VSpd,0.765024731375516,E1_RPM,0.12986997019007832,AltB,0.060404637297711485,HPLfd,0.015101159324427871,E1_CHT4,0.009060695594656207
open_2017_05_08_close_2017_05_08_flight_Fixed Wing_N550ND_before_0_189617,open_2017_05_08_close_2017_05_08_flight_Fixed Wing_N550ND_before_0_189617,43,VSpd,0.8635153544951042,AltB,0.058702607375601915,E1_EGT4,0.029057790650923215,HPLfd,0.014675651843900479,E1_CHT4,0.009392417180096107
open_2017_05_08_close_2017_05_08_flight_Fixed Wing_N550ND_before_0_189617,open_2017_05_08_close_2017_05_08_flight_Fixed Wing_N550ND_before_0_189617,44,VSpd,0.9056885148743686,AltB,0.0309214242019245,E1_RPM,0.024737139361538193,E1_CHT4,0.009585641502595787,amp1,0.006184284840384906
open_2017_05_08_close_2017_05_08_flight_Fixed Wing_N550ND_before_0_189617,open_2017_05_08_close_2017_05_08_flight_Fixed Wing_N550ND_before_0_189617,45,VSpd,0.4890119209540272,E1_EGT2,0.29729702012546216,E1_RPM,0.11619084898700831,AltB,0.05051776042913504,HPLfd,0.01262944010728376
open_2017_05_08_close_2017_05_08_flight_Fixed Wing_N550ND_before_0_189617,open_2017_05_08_close_2017_05_08_flight_Fixed Wing_N550ND_before_0_189617,46,VSpd,0.7724718839468522,E1_EGT2,0.0644759838928329,AltB,0.06199613835849535,E1_RPM,0.024798455343403778,E1_CHT4,0.01797888012396316
open_2017_05_08_close_2017_05_08_flight_Fixed Wing_N550ND_before_0_189617,open_2017_05_08_close_2017_05_08_flight_Fixed Wing_N550ND_before_0_189617,47,E1_RPM,0.5745337956169347,VSpd,0.23429936770204154,E1_EGT2,0.09903375335859504,E1_EGT4,0.04675635393759508,AltB,0.01725326713564371
open_2017_05_08_close_2017_05_08_flight_Fixed Wing_N550ND_before_0_189617,open_2017_05_08_close_2017_05_08_flight_Fixed Wing_N550ND_before_0_189617,48,VSpd,0.4069543918777536,E1_EGT4,0.16761739638756806,E1_RPM,0.12224931665219568,E1_EGT2,0.10757939865393319,VSpdG,0.10594940776523626
open_2017_05_08_close_2017_05_08_flight_Fixed Wing_N550ND_before_0_189617,open_2017_05_08_close_2017_05_08_flight_Fixed Wing_N550ND_before_0_189617,49,HDG,0.9398063112597362,VSpd,0.019340486327511702,E1_RPM,0.011253598269052697,VSpdG,0.01020675191844325,E1_EGT4,0.00850562659870271
open_2017_05_08_close_2017_05_08_flight_Fixed Wing_N550ND_before_0_189617,open_2017_05_08_close_2017_05_08_flight_Fixed Wing_N550ND_before_0_189617,50,VSpd,0.3790534314331747,E1_RPM,0.1554051501419402,E1_EGT4,0.13716193686442432,E1_EGT2,0.11081062879687066,HDG,0.08108094790014432
open_2017_05_08_close_2017_05_08_flight_Fixed Wing_N550ND_before_0_189617,open_2017_05_08_close_2017_05_08_flight_Fixed Wing_N550ND_before_0_189617,51,E1_EGT2,0.288076055356181,VSpd,0.19980372321882922,E1_EGT4,0.16687674218346615,HDG,0.1092895540748155,TRK,0.09667922091233672
open_2017_05_08_close_2017_05_08_flight_Fixed Wing_N550ND_before_0_189617,open_2017_05_08_close_2017_05_08_flight_Fixed Wing_N550ND_before_0_189617,52,TRK,0.3208135590982519,E1_EGT2,0.23035978487445252,HDG,0.11111103754134591,E1_RPM,0.09076676306194373,E1_EGT4,0.08857584119493327
open_2017_05_08_close_2017_05_08_flight_Fixed Wing_N550ND_before_0_189617,open_2017_05_08_close_2017_05_08_flight_Fixed Wing_N550ND_before_0_189617,53,VSpd,0.5018983595143417,E1_EGT2,0.17447425313087106,VSpdG,0.09875901120615199,E1_EGT4,0.08862988185167486,TRK,0.05064564677238564
open_2017_05_08_close_2017_05_08_flight_Fixed Wing_N550ND_before_0_189617,open_2017_05_08_close_2017_05_08_flight_Fixed Wing_N550ND_before_0_189617,54,E1_EGT2,0.3616746876615777,VSpd,0.20981361997677597,E1_RPM,0.1438238524034342,E1_EGT4,0.11717413857573905,HDG,0.05076135967180077
open_2017_05_08_close_2017_05_08_flight_Fixed Wing_N550ND_before_0_189617,open_2017_05_08_close_2017_05_08_flight_Fixed Wing_N550ND_before_0_189617,55,E1_EGT2,0.5676167820172086,E1_RPM,0.21904674473817884,VSpd,0.05904738336420583,E1_CHT4,0.02285705162485476,Pitch,0.022857051624853873
open_2017_05_08_close_2017_05_08_flight_Fixed Wing_N550ND_before_0_189617,open_2017_05_08_close_2017_05_08_flight_Fixed Wing_N550ND_before_0_189617,56,VSpd,0.5460981756222175,E1_RPM,0.18237044825973986,E1_EGT2,0.1139815301623367,HDG,0.04052676627994251,HPLfd,0.02532922892496371
open_2017_05_08_close_2017_05_08_flight_Fixed Wing_N550ND_before_0_189617,open_2017_05_08_close_2017_05_08_flight_Fixed Wing_N550ND_before_0_189617,57,E1_RPM,0.6787232954189099,E1_EGT2,0.14794323868796722,VSpd,0.09950353014344099,amp1,0.01702127386630494,E1_EGT4,0.01695035189186191
open_2017_05_08_close_2017_05_08_flight_Fixed Wing_N550ND_before_0_189617,open_2017_05_08_close_2017_05_08_flight_Fixed Wing_N550ND_before_0_189617,58,E1_EGT2,0.5544848144848585,VSpd,0.18008712427414758,VSpdG,0.08947003626358924,E1_EGT4,0.0779995187938978,E1_RPM,0.03211744891513408
open_2017_05_08_close_2017_05_08_flight_Fixed Wing_N550ND_before_0_189617,open_2017_05_08_close_2017_05_08_flight_Fixed Wing_N550ND_before_0_189617,59,E1_EGT2,0.3961483035520943,E1_RPM,0.20632724143338277,VSpdG,0.1341127069316988,E1_EGT4,0.0928472586450199,VSpd,0.08253089657335311
open_2017_05_08_close_2017_05_08_flight_Fixed Wing_N550ND_before_0_189617,open_2017_05_08_close_2017_05_08_flight_Fixed Wing_N550ND_before_0_189617,60,VSpd,0.2851518758681684,E1_EGT2,0.1517910857017904,HDG,0.14495738061562666,TRK,0.09939934670785822,E1_RPM,0.08697442836937458
open_2017_05_08_close_2017_05_08_flight_Fixed Wing_N550ND_before_0_189617,open_2017_05_08_close_2017_05_08_flight_Fixed Wing_N550ND_before_0_189617,61,E1_RPM,0.45724098577019906,E1_EGT2,0.2569349974432545,HDG,0.06887311919551124,TRK,0.06504683479576057,VSpdG,0.038262843997506235
open_2017_05_08_close_2017_05_08_flight_Fixed Wing_N550ND_before_0_189617,open_2017_05_08_close_2017_05_08_flight_Fixed Wing_N550ND_before_0_189617,62,E1_EGT2,0.4087223644152888,TRK,0.1619936200426449,HDG,0.15576309619485088,VSpd,0.09657311964080753,E1_EGT4,0.08317749336805264
open_2017_05_08_close_2017_05_08_flight_Fixed Wing_N550ND_before_0_189617,open_2017_05_08_close_2017_05_08_flight_Fixed Wing_N550ND_before_0_189617,63,E1_RPM,0.32857110835541437,VSpd,0.24314262018300667,E1_EGT2,0.24228547816121043,TRK,0.05142852130780269,HDG,0.034285680871869
open_2017_05_08_close_2017_05_08_flight_Fixed Wing_N550ND_before_0_189617,open_2017_05_08_close_2017_05_08_flight_Fixed Wing_N550ND_before_0_189617,64,VSpd,0.26631838557773724,E1_EGT2,0.26167667079642537,E1_RPM,0.14795465865429913,E1_EGT4,0.12184501300942359,VSpdG,0.11314179779446353
open_2017_05_08_close_2017_05_08_flight_Fixed Wing_N550ND_before_0_189617,open_2017_05_08_close_2017_05_08_flight_Fixed Wing_N550ND_before_0_189617,65,VSpd,0.3013639184027202,E1_EGT2,0.22571289361849972,VSpdG,0.16122349544178444,E1_RPM,0.14468775231955014,E1_EGT4,0.10582875598229728
open_2017_05_08_close_2017_05_08_flight_Fixed Wing_N550ND_before_0_189617,open_2017_05_08_close_2017_05_08_flight_Fixed Wing_N550ND_before_0_189617,66,VSpd,0.5258058080673681,E1_EGT2,0.19532051909847112,VSpdG,0.1448193962897412,E1_RPM,0.04455981424299476,E1_EGT4,0.03453385603832527
open_2017_05_08_close_2017_05_08_flight_Fixed Wing_N550ND_before_0_189617,open_2017_05_08_close_2017_05_08_flight_Fixed Wing_N550ND_before_0_189617,67,E1_RPM,0.5236192272389067,VSpd,0.2604815938402251,E1_EGT2,0.08233722631220577,VSpdG,0.07398967341419357,E1_EGT4,0.01783340846393487
open_2017_05_08_close_2017_05_08_flight_Fixed Wing_N550ND_before_0_189617,open_2017_05_08_close_2017_05_08_flight_Fixed Wing_N550ND_before_0_189617,68,E1_EGT2,0.38970977758643555,VSpd,0.301601480045155,E1_RPM,0.15403548521203012,E1_EGT4,0.07301281999049891,HDG,0.030807097042406025
open_2017_05_08_close_2017_05_08_flight_Fixed Wing_N550ND_before_0_189617,open_2017_05_08_close_2017_05_08_flight_Fixed Wing_N550ND_before_0_189617,69,E1_EGT2,0.4758223350627016,VSpd,0.2571823224860272,E1_EGT4,0.1177292375412921,HDG,0.03503846355395465,TRK,0.021023078132369605
open_2017_05_08_close_2017_05_08_flight_Fixed Wing_N550ND_before_0_189617,open_2017_05_08_close_2017_05_08_flight_Fixed Wing_N550ND_before_0_189617,70,VSpd,0.39192798362583425,E1_EGT2,0.25829578783578966,E1_EGT4,0.0762331318265373,E1_RPM,0.07174882995438206,Pitch,0.06726452808223701
open_2017_05_08_close_2017_05_08_flight_Fixed Wing_N550ND_before_0_189617,open_2017_05_08_close_2017_05_08_flight_Fixed Wing_N550ND_before_0_189617,71,VSpd,0.5114286221804359,E1_EGT2,0.19018561396936381,E1_RPM,0.14629662613028174,TRK,0.05790908117657007,HDG,0.04266984928799754
open_2017_05_08_close_2017_05_08_flight_Fixed Wing_N550ND_before_0_189617,open_2017_05_08_close_2017_05_08_flight_Fixed Wing_N550ND_before_0_189617,72,VSpd,0.7765015950669273,E1_RPM,0.07950528277135908,TRK,0.032391041129072345,AltB,0.029446401026428797,HPLfd,0.014723200513214399
open_2017_05_08_close_2017_05_08_flight_Fixed Wing_N550ND_before_0_189617,open_2017_05_08_close_2017_05_08_flight_Fixed Wing_N550ND_before_0_189617,73,VSpd,0.7500663724211735,E1_RPM,0.08926141467688149,E1_EGT2,0.06843375125227365,AltB,0.027048913538448377,Pitch,0.01514739158153108
open_2017_05_08_close_2017_05_08_flight_Fixed Wing_N550ND_before_0_189617,open_2017_05_08_close_2017_05_08_flight_Fixed Wing_N550ND_before_0_189617,74,VSpd,0.5849299826963393,E1_EGT2,0.15003288821702976,VSpdG,0.12888287754326125,E1_RPM,0.036351580845535976,AltB,0.033046891677759295
open_2017_05_08_close_2017_05_08_flight_Fixed Wing_N550ND_before_0_189617,open_2017_05_08_close_2017_05_08_flight_Fixed Wing_N550ND_before_0_189617,75,VSpd,0.613011349133391,E1_EGT2,0.16448205430463025,E1_RPM,0.10070329855385671,VSpdG,0.062340137200005856,AltB,0.015984650564104065
open_2017_05_08_close_2017_05_08_flight_Fixed Wing_N550ND_before_0_189617,open_2017_05_08_close_2017_05_08_flight_Fixed Wing_N550ND_before_0_189617,76,VSpd,0.8123022197335767,VSpdG,0.11497554419441994,E1_EGT4,0.016384015047706278,E1_EGT2,0.0077608492331228225,E1_CHT4,0.0060362160702080924
open_2017_05_08_close_2017_05_08_flight_Fixed Wing_N550ND_before_0_189617,open_2017_05_08_close_2017_05_08_flight_Fixed Wing_N550ND_before_0_189617,77,E1_EGT2,0.3297654294687611,VSpd,0.27826048409534043,E1_RPM,0.18060175650419036,AltB,0.0668895394459953,HPLfd,0.03344476972299765
open_2017_05_08_close_2017_05_08_flight_Fixed Wing_N550ND_before_0_189617,open_2017_05_08_close_2017_05_08_flight_Fixed Wing_N550ND_before_0_189617,78,HDG,0.9399999433278979,VSpdG,0.020526314551952977,E1_EGT2,0.017921051551128032,E1_RPM,0.008157894245007012,VSpd,0.006078947001924537
open_2017_05_08_close_2017_05_08_flight_Fixed Wing_N550ND_before_0_189617,open_2017_05_08_close_2017_05_08_flight_Fixed Wing_N550ND_before_0_189617,79,VSpd,0.31591227851672177,E1_EGT2,0.20339290524255504,HDG,0.19110742774468345,TRK,0.18720727615805718,E1_RPM,0.07020272855927194
open_2017_05_08_close_2017_05_08_flight_Fixed Wing_N550ND_before_0_189617,open_2017_05_08_close_2017_05_08_flight_Fixed Wing_N550ND_before_0_189617,80,VSpd,0.2387411374516514,TRK,0.2282538006643698,E1_EGT2,0.20419461627001376,E1_RPM,0.141887497710281,AltB,0.06169021639577557
open_2017_05_08_close_2017_05_08_flight_Fixed Wing_N550ND_before_0_189617,open_2017_05_08_close_2017_05_08_flight_Fixed Wing_N550ND_before_0_189617,81,E1_RPM,0.7372784420757394,E1_EGT2,0.12997561267579327,VSpd,0.08151599676471201,E1_OilP,0.017307005682529086,E1_EGT4,0.00969192318221731
open_2017_05_08_close_2017_05_08_flight_Fixed Wing_N550ND_before_0_189617,open_2017_05_08_close_2017_05_08_flight_Fixed Wing_N550ND_before_0_189617,82,E1_EGT2,0.3344314546042436,VSpd,0.30679097860794347,E1_RPM,0.17023604421562416,E1_EGT4,0.1182499834013897,AltB,0.018304950990927417
open_2017_05_08_close_2017_05_08_flight_Fixed Wing_N550ND_before_0_189617,open_2017_05_08_close_2017_05_08_flight_Fixed Wing_N550ND_before_0_189617,83,VSpd,0.384970931281232,E1_EGT2,0.31054084373472285,E1_RPM,0.14957242473461535,E1_EGT4,0.10612519659741301,TRK,0.014244992831867672
open_2017_05_08_close_2017_05_08_flight_Fixed Wing_N550ND_before_0_189617,open_2017_05_08_close_2017_05_08_flight_Fixed Wing_N550ND_before_0_189617,84,E1_EGT2,0.5831549083502656,VSpdG,0.16504384198592456,E1_EGT4,0.08971613974619508,E1_RPM,0.055014613995306265,HPLfd,0.02115946692127238
open_2017_05_08_close_2017_05_08_flight_Fixed Wing_N550ND_before_0_189617,open_2017_05_08_close_2017_05_08_flight_Fixed Wing_N550ND_before_0_189617,85,E1_EGT2,0.5649880137531655,VSpd,0.20117492281615396,E1_RPM,0.07184818672005647,E1_EGT4,0.06792919471714051,HDG,0.0457215733673079
open_2017_05_08_close_2017_05_08_flight_Fixed Wing_N550ND_before_0_189617,open_2017_05_08_close_2017_05_08_flight_Fixed Wing_N550ND_before_0_189617,86,VSpd,0.40082468117479353,E1_RPM,0.1856306413674032,HDG,0.17875543242786684,TRK,0.06875208939533337,E1_EGT2,0.048470223023708923
open_2017_05_08_close_2017_05_08_flight_Fixed Wing_N550ND_before_0_189617,open_2017_05_08_close_2017_05_08_flight_Fixed Wing_N550ND_before_0_189617,87,HDG,0.30049066129040786,TRK,0.2947119947271311,VSpd,0.1886734632909966,E1_RPM,0.1473559973635629,E1_EGT2,0.022536799596783102
open_2017_05_08_close_2017_05_08_flight_Fixed Wing_N550ND_before_0_189617,open_2017_05_08_close_2017_05_08_flight_Fixed Wing_N550ND_before_0_189617,88,VSpd,0.43051784901914497,E1_EGT2,0.37994629372067473,GndSpd,0.05277031857231603,E1_RPM,0.03078268583385301,HDG,0.030782685833851138
open_2017_05_08_close_2017_05_08_flight_Fixed Wing_N550ND_before_0_189617,open_2017_05_08_close_2017_05_08_flight_Fixed Wing_N550ND_before_0_189617,89,VSpd,0.71924177167647,E1_EGT2,0.10610823585338477,E1_RPM,0.07169475395499103,AltB,0.05735580316399282,E1_EGT4,0.02667044847125849
open_2017_05_08_close_2017_05_08_flight_Fixed Wing_N550ND_before_0_189617,open_2017_05_08_close_2017_05_08_flight_Fixed Wing_N550ND_before_0_189617,90,VSpd,0.7526524948154184,E1_RPM,0.12324534825269606,E1_EGT2,0.06367676326389303,AltB,0.03423481895908202,E1_EGT4,0.00872987883456576
open_2017_05_08_close_2017_05_08_flight_Fixed Wing_N550ND_before_0_189617,open_2017_05_08_close_2017_05_08_flight_Fixed Wing_N550ND_before_0_189617,91,VSpd,0.8008679603145205,E1_EGT2,0.07584356570354389,E1_RPM,0.05679914612159682,AltB,0.05011689363670341,E1_EGT4,0.005011689363669581
open_2017_05_08_close_2017_05_08_flight_Fixed Wing_N550ND_before_0_189617,open_2017_05_08_close_2017_05_08_flight_Fixed Wing_N550ND_before_0_189617,92,VSpd,0.7158496727723231,E1_EGT2,0.15721630977178286,E1_RPM,0.060137386251499315,E1_EGT4,0.026417494674766593,AltB,0.02147763794696439
open_2017_05_08_close_2017_05_08_flight_Fixed Wing_N550ND_before_0_189617,open_2017_05_08_close_2017_05_08_flight_Fixed Wing_N550ND_before_0_189617,93,E1_RPM,0.7571001144836181,VSpd,0.1758371374511784,E1_EGT2,0.02772359881703713,E1_EGT4,0.01899108909790941,E1_OilP,0.015938949778602496
open_2017_05_08_close_2017_05_08_flight_Fixed Wing_N550ND_before_0_189617,open_2017_05_08_close_2017_05_08_flight_Fixed Wing_N550ND_before_0_189617,94,E1_RPM,0.40621175470405996,VSpd,0.3400499349410451,E1_EGT4,0.15369307306733432,E1_EGT2,0.0639799556777171,AltB,0.01925174192910238
open_2017_05_08_close_2017_05_08_flight_Fixed Wing_N550ND_before_0_189617,open_2017_05_08_close_2017_05_08_flight_Fixed Wing_N550ND_before_0_189617,95,E1_RPM,0.4494934993270869,VSpd,0.21338592495527678,E1_EGT4,0.17436396182688177,E1_EGT2,0.12587464477492954,AltB,0.016464963345314564
open_2017_05_08_close_2017_05_08_flight_Fixed Wing_N550ND_before_0_189617,open_2017_05_08_close_2017_05_08_flight_Fixed Wing_N550ND_before_0_189617,96,VSpd,0.35747846456375904,E1_EGT4,0.2857654595144898,E1_EGT2,0.23687022879909353,E1_RPM,0.039840558360699344,AltB,0.03621868941882058
open_2017_05_08_close_2017_05_08_flight_Fixed Wing_N550ND_before_0_189617,open_2017_05_08_close_2017_05_08_flight_Fixed Wing_N550ND_before_0_189617,97,VSpd,0.48160414947161545,E1_RPM,0.39920328199950705,E1_EGT4,0.05727286991156801,E1_EGT2,0.02711927283892265,AltB,0.018964526460784226
open_2017_05_08_close_2017_05_08_flight_Fixed Wing_N550ND_before_0_189617,open_2017_05_08_close_2017_05_08_flight_Fixed Wing_N550ND_before_0_189617,98,VSpd,0.607787814044894,E1_RPM,0.3178106689468568,E1_EGT4,0.02749898630255894,AltB,0.020072252775590955,E1_EGT2,0.008697976202757298
open_2017_05_08_close_2017_05_08_flight_Fixed Wing_N550ND_before_0_189617,open_2017_05_08_close_2017_05_08_flight_Fixed Wing_N550ND_before_0_189617,99,E1_RPM,0.7508705787539722,E1_EGT2,0.10628978466643849,E1_EGT4,0.06789319358140884,amp1,0.024096807048323777,VSpd,0.02242586057416994
open_2017_05_08_close_2017_05_08_flight_Fixed Wing_N550ND_before_0_189617,open_2017_05_08_close_2017_05_08_flight_Fixed Wing_N550ND_before_0_189617,100,E1_RPM,0.45468087831002924,VSpd,0.3360857783219425,E1_EGT2,0.10904381676756963,E1_EGT4,0.059098564926949586,E1_OilP,0.010745193623081626
open_2017_05_08_close_2017_05_08_flight_Fixed Wing_N550ND_before_0_189617,open_2017_05_08_close_2017_05_08_flight_Fixed Wing_N550ND_before_0_189617,101,E1_RPM,0.4382255540453591,VSpd,0.22808848114168215,E1_EGT2,0.14607518468178637,E1_EGT4,0.13586752117390372,AltB,0.017599419841179176
open_2017_05_08_close_2017_05_08_flight_Fixed Wing_N550ND_before_0_189617,open_2017_05_08_close_2017_05_08_flight_Fixed Wing_N550ND_before_0_189617,102,VSpd,0.7493498873493984,E1_EGT4,0.10964738386320887,E1_RPM,0.046382142074114785,AltB,0.03710571365929183,E1_EGT2,0.02578847099320968
open_2017_05_08_close_2017_05_08_flight_Fixed Wing_N550ND_before_0_189617,open_2017_05_08_close_2017_05_08_flight_Fixed Wing_N550ND_before_0_189617,103,E1_RPM,0.5700241367168946,E1_EGT2,0.17218103589119074,TRK,0.07042769256733834,E1_EGT4,0.0619176797154503,VSpd,0.04731860594368037
open_2017_05_08_close_2017_05_08_flight_Fixed Wing_N550ND_before_0_189617,open_2017_05_08_close_2017_05_08_flight_Fixed Wing_N550ND_before_0_189617,104,E1_EGT2,0.3470545820594278,E1_EGT4,0.2821149209992305,VSpd,0.14762239891280407,TRK,0.06032646109417483,E1_RPM,0.049680615018731326
open_2017_05_08_close_2017_05_08_flight_Fixed Wing_N550ND_before_0_189617,open_2017_05_08_close_2017_05_08_flight_Fixed Wing_N550ND_before_0_189617,105,E1_EGT2,0.3389504072052462,E1_EGT4,0.1997497795684739,VSpd,0.15667873334901958,E1_RPM,0.10611707039575309,TRK,0.06242180611514721
open_2017_05_08_close_2017_05_08_flight_Fixed Wing_N550ND_before_0_189617,open_2017_05_08_close_2017_05_08_flight_Fixed Wing_N550ND_before_0_189617,106,VSpd,0.33539668652490945,E1_EGT4,0.18472617503986943,TRK,0.1444785726568832,E1_RPM,0.10319898046920291,E1_EGT2,0.08255918437535763
open_2017_05_08_close_2017_05_08_flight_Fixed Wing_N550ND_before_0_189617,open_2017_05_08_close_2017_05_08_flight_Fixed Wing_N550ND_before_0_189617,107,E1_EGT2,0.3000908266057678,VSpd,0.24794089637245045,Pitch,0.12717263688476244,TRK,0.09149110567249094,E1_RPM,0.08234199510523978
open_2017_05_08_close_2017_05_08_flight_Fixed Wing_N550ND_before_0_189617,open_2017_05_08_close_2017_05_08_flight_Fixed Wing_N550ND_before_0_189617,108,VSpd,0.677892852124052,E1_RPM,0.10019171084852438,VSpdG,0.08313780261898751,E1_EGT2,0.04263477057383975,E1_EGT4,0.030483860960294356
open_2017_05_08_close_2017_05_08_flight_Fixed Wing_N550ND_before_0_189617,open_2017_05_08_close_2017_05_08_flight_Fixed Wing_N550ND_before_0_189617,109,E1_EGT2,0.2793552061734268,VSpd,0.2674595861303286,E1_RPM,0.24942429122627488,E1_EGT4,0.041442805311439804,AltB,0.038372967880965364
open_2017_05_08_close_2017_05_08_flight_Fixed Wing_N550ND_before_0_189617,open_2017_05_08_close_2017_05_08_flight_Fixed Wing_N550ND_before_0_189617,110,VSpd,0.5121117354202179,E1_RPM,0.21317801663660807,E1_EGT4,0.0663758824527571,AltB,0.04844954923559299,GndSpd,0.04505808078910149
open_2017_05_08_close_2017_05_08_flight_Fixed Wing_N550ND_before_0_189617,open_2017_05_08_close_2017_05_08_flight_Fixed Wing_N550ND_before_0_189617,111,VSpd,0.5468343057229835,E1_RPM,0.2663991117456146,E1_EGT2,0.10741899667161801,AltB,0.028645065779098134,E1_EGT4,0.024061855254443345
open_2017_05_08_close_2017_05_08_flight_Fixed Wing_N550ND_before_0_189617,open_2017_05_08_close_2017_05_08_flight_Fixed Wing_N550ND_before_0_189617,112,VSpd,0.6632618077509443,E1_EGT2,0.18441771337377588,E1_RPM,0.1021300627861111,E1_EGT4,0.03209801973277512,E1_CHT4,0.003501602152666799
open_2017_05_08_close_2017_05_08_flight_Fixed Wing_N550ND_before_0_189617,open_2017_05_08_close_2017_05_08_flight_Fixed Wing_N550ND_before_0_189617,113,VSpd,0.6945068321297032,E1_RPM,0.158550275577919,E1_EGT2,0.08069076524947696,AltB,0.028312549210342566,E1_EGT4,0.021234411907756927
open_2017_05_08_close_2017_05_08_flight_Fixed Wing_N550ND_before_0_189617,open_2017_05_08_close_2017_05_08_flight_Fixed Wing_N550ND_before_0_189617,114,VSpd,0.7578585399477854,E1_EGT2,0.11639755602337101,E1_RPM,0.07009341877319909,AltB,0.021240429931272013,HPLfd,0.010620214965636006
open_2017_05_08_close_2017_05_08_flight_Fixed Wing_N550ND_before_0_189617,open_2017_05_08_close_2017_05_08_flight_Fixed Wing_N550ND_before_0_189617,115,E1_RPM,0.4608627504821996,VSpd,0.3405263656340722,E1_EGT2,0.09436713462254781,AltB,0.036576408768428804,HPLfd,0.018288204384214402
open_2017_05_08_close_2017_05_08_flight_Fixed Wing_N550ND_before_0_189617,open_2017_05_08_close_2017_05_08_flight_Fixed Wing_N550ND_before_0_189617,116,VSpd,0.5622330747897776,E1_EGT2,0.1883575452578556,E1_RPM,0.15617585410826937,AltB,0.047326016396445916,E1_EGT4,0.027449089509935187
open_2017_05_08_close_2017_05_08_flight_Fixed Wing_N550ND_before_0_189617,open_2017_05_08_close_2017_05_08_flight_Fixed Wing_N550ND_before_0_189617,117,VSpd,0.4723396548254594,VSpdG,0.1843968622441733,E1_EGT2,0.1650115510851709,AltB,0.04728124672927521,E1_RPM,0.04728124672927521
open_2017_05_08_close_2017_05_08_flight_Fixed Wing_N550ND_before_0_189617,open_2017_05_08_close_2017_05_08_flight_Fixed Wing_N550ND_before_0_189617,118,VSpd,0.41200328987207413,E1_EGT2,0.3290807417345551,E1_EGT4,0.1409103440378808,E1_RPM,0.09712955813310752,HDG,0.0072484744875452875
open_2017_05_08_close_2017_05_08_flight_Fixed Wing_N550ND_before_0_189617,open_2017_05_08_close_2017_05_08_flight_Fixed Wing_N550ND_before_0_189617,119,E1_EGT4,0.3105445363266046,E1_EGT2,0.27428666265567464,VSpd,0.2695814424082996,HDG,0.05258775570593129,E1_RPM,0.044284425857623703
open_2017_05_08_close_2017_05_08_flight_Fixed Wing_N550ND_before_0_189617,open_2017_05_08_close_2017_05_08_flight_Fixed Wing_N550ND_before_0_189617,120,VSpd,0.2832115041546686,E1_EGT4,0.23925919370826174,E1_RPM,0.21480452473808004,E1_EGT2,0.10641085687024977,TRK,0.03965621995164564
open_2017_05_08_close_2017_05_08_flight_Fixed Wing_N550ND_before_0_189617,open_2017_05_08_close_2017_05_08_flight_Fixed Wing_N550ND_before_0_189617,121,HDG,0.3295922161609771,TRK,0.24076594513886984,E1_EGT4,0.1594197811502017,E1_EGT2,0.14586208715209228,Pitch,0.026414127961837182
open_2017_05_08_close_2017_05_08_flight_Fixed Wing_N550ND_before_0_189617,open_2017_05_08_close_2017_05_08_flight_Fixed Wing_N550ND_before_0_189617,122,TRK,0.27971946544077775,HDG,0.2666076154982414,VSpd,0.23382799064189994,VSpdG,0.0852270246264869,E1_EGT4,0.04458028980462312
open_2017_05_08_close_2017_05_08_flight_Fixed Wing_N550ND_before_0_189617,open_2017_05_08_close_2017_05_08_flight_Fixed Wing_N550ND_before_0_189617,123,E1_RPM,0.3419347639055486,VSpd,0.32657968926862646,E1_EGT2,0.13442799138157768,E1_EGT4,0.1300916045628178,GndSpd,0.024312201508461105
open_2017_05_08_close_2017_05_08_flight_Fixed Wing_N550ND_before_0_189617,open_2017_05_08_close_2017_05_08_flight_Fixed Wing_N550ND_before_0_189617,124,E1_RPM,0.22680299613933347,VSpdG,0.18098420904047657,E1_EGT2,0.16884223045927751,E1_EGT4,0.1663221971688428,GndSpd,0.08499385006837572
open_2017_05_08_close_2017_05_08_flight_Fixed Wing_N550ND_before_0_189617,open_2017_05_08_close_2017_05_08_flight_Fixed Wing_N550ND_before_0_189617,125,VSpd,0.2560266515211249,VSpdG,0.2171901141588264,E1_EGT2,0.0929500064832257,Pitch,0.08061802542505589,E1_EGT4,0.07656871821192254
open_2017_05_08_close_2017_05_08_flight_Fixed Wing_N550ND_before_0_189617,open_2017_05_08_close_2017_05_08_flight_Fixed Wing_N550ND_before_0_189617,126,VSpdG,0.37412651598376795,VSpd,0.26521765306815415,AltB,0.07926409236944228,E1_RPM,0.06499655574294123,E1_EGT2,0.05849690016864927
open_2017_05_08_close_2017_05_08_flight_Fixed Wing_N550ND_before_0_189617,open_2017_05_08_close_2017_05_08_flight_Fixed Wing_N550ND_before_0_189617,127,VSpd,0.5375256161017921,VSpdG,0.19254282849185794,AltB,0.09811099540986398,E1_RPM,0.03433884839344905,TAS,0.024527748852465996
open_2017_05_08_close_2017_05_08_flight_Fixed Wing_N550ND_before_0_189617,open_2017_05_08_close_2017_05_08_flight_Fixed Wing_N550ND_before_0_189617,128,VSpd,0.6301560570588274,VSpdG,0.2939234484921953,E1_RPM,0.021967372832002636,E1_EGT4,0.010324665231041839,E1_EGT2,0.00856727540448023
open_2017_05_08_close_2017_05_08_flight_Fixed Wing_N550ND_before_0_189617,open_2017_05_08_close_2017_05_08_flight_Fixed Wing_N550ND_before_0_189617,129,VSpd,0.6305889597221975,VSpdG,0.19786385328468187,AltB,0.056532529509909106,E1_RPM,0.03580393535627748,E1_EGT2,0.013190923552312982
open_2017_05_08_close_2017_05_08_flight_Fixed Wing_N550ND_before_0_189617,open_2017_05_08_close_2017_05_08_flight_Fixed Wing_N550ND_before_0_189617,130,VSpd,0.47194885628273203,VSpdG,0.39530680872506657,AltB,0.050212181246832924,E1_RPM,0.041082693747408756,TAS,0.009129487499424167
open_2017_05_08_close_2017_05_08_flight_Fixed Wing_N550ND_before_0_189617,open_2017_05_08_close_2017_05_08_flight_Fixed Wing_N550ND_before_0_189617,131,VSpdG,0.27390661452164594,AltB,0.2553366745540777,VSpd,0.24396258632394133,HDG,0.037139879935138446,TRK,0.03481863743919242
open_2017_05_08_close_2017_05_08_flight_Fixed Wing_N550ND_before_0_189617,open_2017_05_08_close_2017_05_08_flight_Fixed Wing_N550ND_before_0_189617,132,VSpdG,0.545754836011566,VSpd,0.3392769478070491,AltB,0.057772212704117774,E1_RPM,0.021568292742870285,E1_EGT4,0.005430587994186511
open_2017_05_08_close_2017_05_08_flight_Fixed Wing_N550ND_before_0_189617,open_2017_05_08_close_2017_05_08_flight_Fixed Wing_N550ND_before_0_189617,133,VSpd,0.6167305959507299,AltB,0.14696558882230157,VSpdG,0.0829305822640128,E1_RPM,0.037791151411448023,Roll,0.026663756829189002
open_2017_05_08_close_2017_05_08_flight_Fixed Wing_N550ND_before_0_189617,open_2017_05_08_close_2017_05_08_flight_Fixed Wing_N550ND_before_0_189617,134,VSpd,0.4221427594164098,VSpdG,0.41048586791861086,AltB,0.06803633169921727,E1_RPM,0.0412753745641914,Roll,0.03043491904678319
open_2017_05_08_close_2017_05_08_flight_Fixed Wing_N550ND_before_0_189617,open_2017_05_08_close_2017_05_08_flight_Fixed Wing_N550ND_before_0_189617,135,VSpd,0.6465664984194388,VSpdG,0.2068960249919985,AltB,0.06568127777523762,HDG,0.021674821665828303,E1_RPM,0.019047570554819506
open_2017_05_08_close_2017_05_08_flight_Fixed Wing_N550ND_before_0_189617,open_2017_05_08_close_2017_05_08_flight_Fixed Wing_N550ND_before_0_189617,136,VSpd,0.600240134113226,AltB,0.12101615607121495,VSpdG,0.11899922013669424,Roll,0.058491142101087225,E1_RPM,0.03428791088684515
open_2017_05_08_close_2017_05_08_flight_Fixed Wing_N550ND_before_0_189617,open_2017_05_08_close_2017_05_08_flight_Fixed Wing_N550ND_before_0_189617,137,VSpd,0.5077289653688242,VSpdG,0.3061834111138015,AltB,0.08205197194869154,TRK,0.02677485400430982,E1_RPM,0.026774854004309085
open_2017_05_08_close_2017_05_08_flight_Fixed Wing_N550ND_before_0_189617,open_2017_05_08_close_2017_05_08_flight_Fixed Wing_N550ND_before_0_189617,138,VSpd,0.5218054722065993,VSpdG,0.277746545139597,AltB,0.054247372097577615,HDG,0.03200594953757083,TRK,0.02712368604878873
open_2017_05_08_close_2017_05_08_flight_Fixed Wing_N550ND_before_0_189617,open_2017_05_08_close_2017_05_08_flight_Fixed Wing_N550ND_before_0_189617,139,VSpdG,0.690831005893462,AltB,0.07900227513394098,E1_RPM,0.076368865962812,HDG,0.05530159259375866,TRK,0.028967500882445
open_2017_05_08_close_2017_05_08_flight_Fixed Wing_N550ND_before_0_189617,open_2017_05_08_close_2017_05_08_flight_Fixed Wing_N550ND_before_0_189617,140,VSpd,0.8068870624024327,VSpdG,0.05917138360790941,E1_RPM,0.03510166824198017,Roll,0.029435256082917662,HDG,0.01955664373481748
open_2017_05_08_close_2017_05_08_flight_Fixed Wing_N550ND_before_0_189617,open_2017_05_08_close_2017_05_08_flight_Fixed Wing_N550ND_before_0_189617,141,VSpdG,0.43562079808933124,VSpd,0.3017111489515122,HDG,0.07183598784559801,TRK,0.059863323204665024,AltB,0.046048710157434634
open_2017_05_08_close_2017_05_08_flight_Fixed Wing_N550ND_before_0_189617,open_2017_05_08_close_2017_05_08_flight_Fixed Wing_N550ND_before_0_189617,142,VSpdG,0.44253116632618267,VSpd,0.3253475639597578,AltB,0.050607121943273756,TRK,0.03711188942506743,Roll,0.03638089766366457
open_2017_05_08_close_2017_05_08_flight_Fixed Wing_N550ND_before_0_189617,open_2017_05_08_close_2017_05_08_flight_Fixed Wing_N550ND_before_0_189617,143,VSpd,0.47993637041240655,VSpdG,0.46467282027142187,E1_RPM,0.018095961507353035,AltB,0.007867809351023058,TAS,0.004720685610613835
open_2017_05_08_close_2017_05_08_flight_Fixed Wing_N550ND_before_0_189617,open_2017_05_08_close_2017_05_08_flight_Fixed Wing_N550ND_before_0_189617,144,VSpd,0.5560831343693924,VSpdG,0.33414945526561507,E1_EGT4,0.026345493017416597,E1_EGT2,0.021208357527436782,AltB,0.014138905018291186
open_2017_05_08_close_2017_05_08_flight_Fixed Wing_N550ND_before_0_189617,open_2017_05_08_close_2017_05_08_flight_Fixed Wing_N550ND_before_0_189617,145,VSpdG,0.5040075431747217,VSpd,0.23987524782112418,E1_RPM,0.15699700208517217,HDG,0.024930854408375194,E1_EGT4,0.0220334848419964
open_2017_05_08_close_2017_05_08_flight_Fixed Wing_N550ND_before_0_189617,open_2017_05_08_close_2017_05_08_flight_Fixed Wing_N550ND_before_0_189617,146,VSpd,0.6705511656833815,VSpdG,0.1849241823827071,E1_EGT2,0.03370176222409463,AltB,0.03350075767802665,E1_RPM,0.02881065160310414
open_2017_05_08_close_2017_05_08_flight_Fixed Wing_N550ND_before_0_189617,open_2017_05_08_close_2017_05_08_flight_Fixed Wing_N550ND_before_0_189617,147,VSpdG,0.43797570708817063,VSpd,0.431408854046696,AltB,0.038955907873153665,E1_RPM,0.038955907873153665,Roll,0.02443091936616352
open_2017_05_08_close_2017_05_08_flight_Fixed Wing_N550ND_before_0_189617,open_2017_05_08_close_2017_05_08_flight_Fixed Wing_N550ND_before_0_189617,148,VSpd,0.7170868034220756,VSpdG,0.20127676893089536,E1_RPM,0.031162139352244753,TAS,0.010217094869588595,E1_EGT2,0.0059770004987097
open_2017_05_08_close_2017_05_08_flight_Fixed Wing_N550ND_before_0_189617,open_2017_05_08_close_2017_05_08_flight_Fixed Wing_N550ND_before_0_189617,149,VSpd,0.7773400414948437,VSpdG,0.13097501554437585,E1_RPM,0.03324238973207508,AltB,0.026593911785660066,Roll,0.0077787191973055685
open_2017_05_08_close_2017_05_08_flight_Fixed Wing_N550ND_before_0_189617,open_2017_05_08_close_2017_05_08_flight_Fixed Wing_N550ND_before_0_189617,150,VSpdG,0.6277785852628537,VSpd,0.11057825841939602,E1_RPM,0.07010725317655654,Roll,0.046207053230006984,TAS,0.031866933262073786
open_2017_05_08_close_2017_05_08_flight_Fixed Wing_N550ND_before_0_189617,open_2017_05_08_close_2017_05_08_flight_Fixed Wing_N550ND_before_0_189617,151,VSpd,0.6560487926257288,VSpdG,0.25926100731648655,AltB,0.03948137167256142,E1_RPM,0.01974068583628071,TAS,0.006580228612093569
open_2017_05_08_close_2017_05_08_flight_Fixed Wing_N550ND_before_0_189617,open_2017_05_08_close_2017_05_08_flight_Fixed Wing_N550ND_before_0_189617,152,VSpdG,0.5977927466899943,VSpd,0.2650626344226381,E1_RPM,0.05037045401362604,AltB,0.038015436991414575,Roll,0.012450055614688274
open_2017_05_08_close_2017_05_08_flight_Fixed Wing_N550ND_before_0_189617,open_2017_05_08_close_2017_05_08_flight_Fixed Wing_N550ND_before_0_189617,153,VSpd,0.5020932089378334,VSpdG,0.3856397845703866,E1_RPM,0.058743436859806,AltB,0.010878414233297223,TAS,0.010878414233297223
open_2017_05_08_close_2017_05_08_flight_Fixed Wing_N550ND_before_0_189617,open_2017_05_08_close_2017_05_08_flight_Fixed Wing_N550ND_before_0_189617,154,VSpd,0.6211975912296186,VSpdG,0.3244037964272374,AltB,0.02195626371757952,E1_RPM,0.012075945044670232,E1_EGT2,0.004665706039985148
open_2017_05_08_close_2017_05_08_flight_Fixed Wing_N550ND_before_0_189617,open_2017_05_08_close_2017_05_08_flight_Fixed Wing_N550ND_before_0_189617,155,VSpd,0.3558998320586893,E1_RPM,0.34287787545410287,VSpdG,0.23823114408391036,AltB,0.026918773342814725,E1_EGT2,0.011844260270838416
open_2017_05_08_close_2017_05_08_flight_Fixed Wing_N550ND_before_0_189617,open_2017_05_08_close_2017_05_08_flight_Fixed Wing_N550ND_before_0_189617,156,VSpd,0.536989283575339,VSpdG,0.3599061191975648,AltB,0.04889451117273475,E1_EGT4,0.027019532043715672,E1_EGT2,0.011522097850270691
open_2017_05_08_close_2017_05_08_flight_Fixed Wing_N550ND_before_0_189617,open_2017_05_08_close_2017_05_08_flight_Fixed Wing_N550ND_before_0_189617,157,VSpd,0.3817878773366213,VSpdG,0.28236270464256596,AltB,0.1316097352147552,E1_EGT4,0.06843706231167303,E1_EGT2,0.044627664759185386
open_2017_05_08_close_2017_05_08_flight_Fixed Wing_N550ND_before_0_189617,open_2017_05_08_close_2017_05_08_flight_Fixed Wing_N550ND_before_0_189617,158,VSpdG,0.5596567843917715,E1_RPM,0.17424170613889212,AltB,0.06628760559631815,E1_EGT4,0.04479148206722442,VSpd,0.04223467442279679
open_2017_05_08_close_2017_05_08_flight_Fixed Wing_N550ND_before_0_189617,open_2017_05_08_close_2017_05_08_flight_Fixed Wing_N550ND_before_0_189617,159,VSpdG,0.4359056610877403,VSpd,0.2806296614742824,E1_RPM,0.05910585235087947,HDG,0.041250959453218286,AltB,0.036941157719300025
open_2017_05_08_close_2017_05_08_flight_Fixed Wing_N550ND_before_0_189617,open_2017_05_08_close_2017_05_08_flight_Fixed Wing_N550ND_before_0_189617,160,VSpdG,0.6230651432575077,VSpd,0.24552076228247635,TRK,0.025901091405623838,AltB,0.025181616644356548,HDG,0.024102404502455512
open_2017_05_08_close_2017_05_08_flight_Fixed Wing_N550ND_before_0_189617,open_2017_05_08_close_2017_05_08_flight_Fixed Wing_N550ND_before_0_189617,161,VSpd,0.701625067576667,VSpdG,0.1529322176505901,AltB,0.06210445386825997,E1_EGT4,0.028529233495731568,TRK,0.009315668080239127
open_2017_05_08_close_2017_05_08_flight_Fixed Wing_N550ND_before_0_189617,open_2017_05_08_close_2017_05_08_flight_Fixed Wing_N550ND_before_0_189617,162,VSpdG,0.7771909645828688,VSpd,0.07640283770379759,AltB,0.07179593206308256,E1_EGT4,0.015256635563406132,E1_RPM,0.014359186412617056
open_2017_05_08_close_2017_05_08_flight_Fixed Wing_N550ND_before_0_189617,open_2017_05_08_close_2017_05_08_flight_Fixed Wing_N550ND_before_0_189617,163,VSpd,0.701604897286718,VSpdG,0.18025035060144684,E1_RPM,0.04963415451344273,Roll,0.015608635432516579,AltB,0.013061619608800484
open_2017_05_08_close_2017_05_08_flight_Fixed Wing_N550ND_before_0_189617,open_2017_05_08_close_2017_05_08_flight_Fixed Wing_N550ND_before_0_189617,164,VSpd,0.6246848519757364,VSpdG,0.2313647599910138,AltB,0.08014945496224483,E1_RPM,0.02030452859043633,HDG,0.008549275195972905
open_2017_05_08_close_2017_05_08_flight_Fixed Wing_N550ND_before_0_189617,open_2017_05_08_close_2017_05_08_flight_Fixed Wing_N550ND_before_0_189617,165,VSpdG,0.6982870254696633,VSpd,0.15186608551561112,AltB,0.04949465035815689,Roll,0.029573053588998734,HDG,0.017323127625354866
open_2017_05_08_close_2017_05_08_flight_Fixed Wing_N550ND_before_0_189617,open_2017_05_08_close_2017_05_08_flight_Fixed Wing_N550ND_before_0_189617,166,VSpdG,0.42867438876008856,VSpd,0.40028968325539854,AltB,0.03992733510889902,TRK,0.035571625824291894,HDG,0.024319376839056637
open_2017_05_08_close_2017_05_08_flight_Fixed Wing_N550ND_before_0_189617,open_2017_05_08_close_2017_05_08_flight_Fixed Wing_N550ND_before_0_189617,167,VSpdG,0.4998704431842351,VSpd,0.17730773480886067,TAS,0.06359674849672192,AltB,0.06359674849672192,Roll,0.055329171192148065
open_2017_05_08_close_2017_05_08_flight_Fixed Wing_N550ND_before_0_189617,open_2017_05_08_close_2017_05_08_flight_Fixed Wing_N550ND_before_0_189617,168,VSpd,0.5420225262408808,VSpdG,0.27355408484848415,AltB,0.08565294241831202,E1_RPM,0.03372584607721012,TAS,0.016059926703433505
open_2017_05_08_close_2017_05_08_flight_Fixed Wing_N550ND_before_0_189617,open_2017_05_08_close_2017_05_08_flight_Fixed Wing_N550ND_before_0_189617,169,VSpdG,0.4739464777038317,VSpd,0.23496923683202603,AltB,0.09018009089502092,Roll,0.06533046584839293,E1_RPM,0.0490980494872878
open_2017_05_08_close_2017_05_08_flight_Fixed Wing_N550ND_before_0_189617,open_2017_05_08_close_2017_05_08_flight_Fixed Wing_N550ND_before_0_189617,170,VSpdG,0.3479320197936564,VSpd,0.28717637775862115,AltB,0.14129219077914948,E1_EGT4,0.0754147068283707,E1_RPM,0.06358148585061967
open_2017_05_08_close_2017_05_08_flight_Fixed Wing_N550ND_before_0_189617,open_2017_05_08_close_2017_05_08_flight_Fixed Wing_N550ND_before_0_189617,171,VSpd,0.5941541368839863,AltB,0.12110148012922016,VSpdG,0.11958771162760543,E1_EGT4,0.041325880094096656,E1_EGT2,0.03239464593456791
open_2017_05_08_close_2017_05_08_flight_Fixed Wing_N550ND_before_0_189617,open_2017_05_08_close_2017_05_08_flight_Fixed Wing_N550ND_before_0_189617,172,VSpdG,0.6825313377552724,AltB,0.094577090682024,VSpd,0.06888364771340755,E1_RPM,0.02679684235990393,Roll,0.025220557515206396
open_2017_05_08_close_2017_05_08_flight_Fixed Wing_N550ND_before_0_189617,open_2017_05_08_close_2017_05_08_flight_Fixed Wing_N550ND_before_0_189617,173,VSpdG,0.3989931946110048,E1_EGT2,0.22240357760217044,E1_RPM,0.1793998884860295,VSpd,0.0758119747336225,E1_EGT4,0.06957055784822505
open_2017_05_08_close_2017_05_08_flight_Fixed Wing_N550ND_before_0_189617,open_2017_05_08_close_2017_05_08_flight_Fixed Wing_N550ND_before_0_189617,174,VSpd,0.5520611540811635,E1_EGT4,0.13580429244218042,E1_EGT2,0.13560775945745918,E1_RPM,0.0829369195522428,VSpdG,0.03065914561646903
open_2017_05_08_close_2017_05_08_flight_Fixed Wing_N550ND_before_0_189617,open_2017_05_08_close_2017_05_08_flight_Fixed Wing_N550ND_before_0_189617,175,VSpd,0.4791929000974016,E1_RPM,0.1442487689812511,E1_EGT4,0.11774022557160767,E1_EGT2,0.11049002566469636,AltB,0.030209166278796006
open_2017_05_08_close_2017_05_08_flight_Fixed Wing_N550ND_before_0_189617,open_2017_05_08_close_2017_05_08_flight_Fixed Wing_N550ND_before_0_189617,176,VSpd,0.3565116469747138,E1_RPM,0.23823878715745786,E1_EGT4,0.14161300495501597,E1_EGT2,0.1309708662393543,VSpdG,0.04716402385350691
open_2017_05_08_close_2017_05_08_flight_Fixed Wing_N550ND_before_0_189617,open_2017_05_08_close_2017_05_08_flight_Fixed Wing_N550ND_before_0_189617,177,E1_RPM,0.44758782069902914,E1_EGT2,0.2494444203167672,E1_EGT4,0.1892311442723695,VSpd,0.05971952224329566,VSpdG,0.019503275143531864
open_2017_05_08_close_2017_05_08_flight_Fixed Wing_N550ND_before_0_189617,open_2017_05_08_close_2017_05_08_flight_Fixed Wing_N550ND_before_0_189617,178,E1_EGT2,0.3272819741278626,VSpd,0.2960862006742025,E1_EGT4,0.19866782041540945,E1_RPM,0.07844551219341496,GndSpd,0.027820792115105332
open_2017_05_08_close_2017_05_08_flight_Fixed Wing_N550ND_before_0_189617,open_2017_05_08_close_2017_05_08_flight_Fixed Wing_N550ND_before_0_189617,179,VSpdG,0.41385371961603906,E1_EGT2,0.16479175284711134,E1_EGT4,0.10931136289858367,E1_RPM,0.10196395990540365,VSpd,0.05413086694977901
open_2017_05_08_close_2017_05_08_flight_Fixed Wing_N550ND_before_0_189617,open_2017_05_08_close_2017_05_08_flight_Fixed Wing_N550ND_before_0_189617,180,VSpdG,0.4396345935138998,VSpd,0.3431210616565519,AltB,0.06869290523654685,E1_EGT2,0.05504019032078387,E1_EGT4,0.0408722786157453
open_2017_05_08_close_2017_05_08_flight_Fixed Wing_N550ND_before_0_189617,open_2017_05_08_close_2017_05_08_flight_Fixed Wing_N550ND_before_0_189617,181,VSpdG,0.6038290133208233,AltB,0.07662804737573893,E1_RPM,0.07049780358568539,E1_EGT2,0.05976987695307776,VSpd,0.042298682151408626
open_2017_05_08_close_2017_05_08_flight_Fixed Wing_N550ND_before_0_189617,open_2017_05_08_close_2017_05_08_flight_Fixed Wing_N550ND_before_0_189617,182,VSpdG,0.5344449782281399,VSpd,0.35746745519127854,AltB,0.04390511396945136,E1_RPM,0.015566358589169481,Roll,0.010816623532473927
open_2017_05_08_close_2017_05_08_flight_Fixed Wing_N550ND_before_0_189617,open_2017_05_08_close_2017_05_08_flight_Fixed Wing_N550ND_before_0_189617,183,VSpdG,0.42561582253037866,VSpd,0.282257604211416,AltB,0.0945812938956397,E1_RPM,0.04188600158235964,E1_EGT2,0.0360760078144807
open_2017_05_08_close_2017_05_08_flight_Fixed Wing_N550ND_before_0_189617,open_2017_05_08_close_2017_05_08_flight_Fixed Wing_N550ND_before_0_189617,184,VSpd,0.7871100091196974,AltB,0.0684528520789897,VSpdG,0.05769597532372023,E1_RPM,0.024936396114490885,HDG,0.010756876755269894
open_2017_05_08_close_2017_05_08_flight_Fixed Wing_N550ND_before_0_189617,open_2017_05_08_close_2017_05_08_flight_Fixed Wing_N550ND_before_0_189617,185,VSpdG,0.4100302855356526,VSpd,0.3920961115222052,AltB,0.07441565980683348,E1_RPM,0.0625091542377408,E1_EGT4,0.01354365008484322
open_2017_05_08_close_2017_05_08_flight_Fixed Wing_N550ND_before_0_189617,open_2017_05_08_close_2017_05_08_flight_Fixed Wing_N550ND_before_0_189617,186,VSpd,0.5770124720544338,VSpdG,0.3750252098871461,E1_RPM,0.017469413890689397,AltB,0.006806265152216809,TAS,0.004537510101477873
open_2017_05_08_close_2017_05_08_flight_Fixed Wing_N550ND_before_0_189617,open_2017_05_08_close_2017_05_08_flight_Fixed Wing_N550ND_before_0_189617,187,VSpdG,0.5828606622442646,AltB,0.17458959928975631,VSpd,0.1516243519985648,E1_RPM,0.03760391369317462,E1_CHT2,0.012355571642044505
open_2017_05_08_close_2017_05_08_flight_Fixed Wing_N550ND_before_0_189617,open_2017_05_08_close_2017_05_08_flight_Fixed Wing_N550ND_before_0_189617,188,VSpd,0.6297970055383989,VSpdG,0.2078189224092035,AltB,0.07925297888486565,HDG,0.021134127702630644,E1_RPM,0.014970007122695245
open_2017_05_08_close_2017_05_08_flight_Fixed Wing_N550ND_before_0_189617,open_2017_05_08_close_2017_05_08_flight_Fixed Wing_N550ND_before_0_189617,189,VSpdG,0.4683879848234488,VSpd,0.3422942986250884,AltB,0.1050197275388899,E1_RPM,0.0469088116340394,HDG,0.010501972753888991
open_2017_05_08_close_2017_05_08_flight_Fixed Wing_N550ND_before_0_189617,open_2017_05_08_close_2017_05_08_flight_Fixed Wing_N550ND_before_0_189617,190,VSpdG,0.43458974680269236,VSpd,0.40120053454833843,AltB,0.06624843701260548,HDG,0.02517440606479016,TRK,0.016341281129775967
open_2017_05_08_close_2017_05_08_flight_Fixed Wing_N550ND_before_0_189617,open_2017_05_08_close_2017_05_08_flight_Fixed Wing_N550ND_before_0_189617,191,VSpdG,0.5751518768706276,VSpd,0.29520972233053006,AltB,0.033070543950395444,HDG,0.024527320096543306,E1_RPM,0.01681085984145202
open_2017_05_08_close_2017_05_08_flight_Fixed Wing_N550ND_before_0_189617,open_2017_05_08_close_2017_05_08_flight_Fixed Wing_N550ND_before_0_189617,192,VSpd,0.5344921712855335,VSpdG,0.29901659932057834,AltB,0.04434568210262815,HDG,0.04117813338101185,TRK,0.0361100554264258
open_2017_05_08_close_2017_05_08_flight_Fixed Wing_N550ND_before_0_189617,open_2017_05_08_close_2017_05_08_flight_Fixed Wing_N550ND_before_0_189617,193,VSpd,0.620839255058452,VSpdG,0.2719104785382728,E1_RPM,0.025534740370347277,Roll,0.021393971661640733,AltB,0.013802562362348862
open_2017_05_08_close_2017_05_08_flight_Fixed Wing_N550ND_before_0_189617,open_2017_05_08_close_2017_05_08_flight_Fixed Wing_N550ND_before_0_189617,194,VSpd,0.4055128860178646,VSpdG,0.3973308957803567,AltB,0.061645131926430535,E1_RPM,0.03586625857537828,HDG,0.033624617414416656
open_2017_05_08_close_2017_05_08_flight_Fixed Wing_N550ND_before_0_189617,open_2017_05_08_close_2017_05_08_flight_Fixed Wing_N550ND_before_0_189617,195,VSpdG,0.814786558409115,E1_RPM,0.04138350512283922,VSpd,0.03880679631330449,AltB,0.035136938311844924,TRK,0.02186298383848129
open_2017_05_08_close_2017_05_08_flight_Fixed Wing_N550ND_before_0_189617,open_2017_05_08_close_2017_05_08_flight_Fixed Wing_N550ND_before_0_189617,196,HDG,0.6319980383836237,VSpd,0.17679922589261315,E1_RPM,0.09613491288088924,VSpdG,0.04201451748127751,E1_EGT4,0.013441085041679804
open_2017_05_08_close_2017_05_08_flight_Fixed Wing_N550ND_before_0_189617,open_2017_05_08_close_2017_05_08_flight_Fixed Wing_N550ND_before_0_189617,197,VSpd,0.7211295616392912,VSpdG,0.12919259247609452,E1_RPM,0.05825411442558486,AltB,0.042281212083085475,E1_EGT2,0.014093737361028492
open_2017_05_08_close_2017_05_08_flight_Fixed Wing_N550ND_before_0_189617,open_2017_05_08_close_2017_05_08_flight_Fixed Wing_N550ND_before_0_189617,198,VSpd,0.7875547517651537,VSpdG,0.05440070017506375,AltB,0.04184669244235674,E1_RPM,0.03347735395388666,E1_EGT2,0.026014693801665233
open_2017_05_08_close_2017_05_08_flight_Fixed Wing_N550ND_before_0_189617,open_2017_05_08_close_2017_05_08_flight_Fixed Wing_N550ND_before_0_189617,199,TRK,0.9031719132216217,VSpd,0.03289765851511158,VSpdG,0.01993032992863355,E1_RPM,0.010848154264952899,E1_EGT2,0.010040849761513591
open_2017_05_08_close_2017_05_08_flight_Fixed Wing_N550ND_before_0_189617,open_2017_05_08_close_2017_05_08_flight_Fixed Wing_N550ND_before_0_189617,200,VSpd,0.504275915030044,VSpdG,0.44093592731827347,AltB,0.01018327776716567,E1_EGT2,0.008961284435105743,Roll,0.007892040269553395
open_2017_05_08_close_2017_05_08_flight_Fixed Wing_N550ND_before_0_189617,open_2017_05_08_close_2017_05_08_flight_Fixed Wing_N550ND_before_0_189617,201,VSpdG,0.4912323318697985,E1_RPM,0.16270115450464093,VSpd,0.11670678967352527,Roll,0.045681477995535395,AltB,0.03128868355858589
open_2017_05_08_close_2017_05_08_flight_Fixed Wing_N550ND_before_0_189617,open_2017_05_08_close_2017_05_08_flight_Fixed Wing_N550ND_before_0_189617,202,VSpd,0.5977744007336985,VSpdG,0.31052426428272834,AltB,0.04861436622821579,TAS,0.012153591557053948,Roll,0.012092823599268677
open_2017_05_08_close_2017_05_08_flight_Fixed Wing_N550ND_before_0_189617,open_2017_05_08_close_2017_05_08_flight_Fixed Wing_N550ND_before_0_189617,203,VSpd,0.6248868620642566,VSpdG,0.3239494583038069,Roll,0.013218233710916433,TAS,0.006848825756951519,HDG,0.006163943181256601
open_2017_05_08_close_2017_05_08_flight_Fixed Wing_N550ND_before_0_189617,open_2017_05_08_close_2017_05_08_flight_Fixed Wing_N550ND_before_0_189617,204,VSpd,0.6872565237461515,VSpdG,0.13536870922272679,Roll,0.04165191053006981,AltB,0.03470992544172483,E1_RPM,0.02950343662546295
open_2017_05_08_close_2017_05_08_flight_Fixed Wing_N550ND_before_0_189617,open_2017_05_08_close_2017_05_08_flight_Fixed Wing_N550ND_before_0_189617,205,VSpdG,0.49601981265359507,VSpd,0.40828796611071994,E1_RPM,0.027188251763097523,AltB,0.026525123671315244,E1_EGT2,0.013726751499905217
open_2017_05_08_close_2017_05_08_flight_Fixed Wing_N550ND_before_0_189617,open_2017_05_08_close_2017_05_08_flight_Fixed Wing_N550ND_before_0_189617,206,VSpd,0.6579426036635708,VSpdG,0.26584065032978943,E1_RPM,0.02289038867810131,Roll,0.010872934622099022,TAS,0.010404722126410545
open_2017_05_08_close_2017_05_08_flight_Fixed Wing_N550ND_before_0_189617,open_2017_05_08_close_2017_05_08_flight_Fixed Wing_N550ND_before_0_189617,207,VSpdG,0.5003160984800833,VSpd,0.41732715833537093,E1_RPM,0.03891347432622941,HDG,0.007941525372699732,TAS,0.007941525372699732
open_2017_05_08_close_2017_05_08_flight_Fixed Wing_N550ND_before_0_189617,open_2017_05_08_close_2017_05_08_flight_Fixed Wing_N550ND_before_0_189617,208,E1_RPM,0.6249975632185131,VSpdG,0.16909180648720015,VSpd,0.10905351317117529,AltB,0.03210603920643041,E1_FFlow,0.011879234506379257
open_2017_05_08_close_2017_05_08_flight_Fixed Wing_N550ND_before_0_189617,open_2017_05_08_close_2017_05_08_flight_Fixed Wing_N550ND_before_0_189617,209,VSpdG,0.4600017256489865,VSpd,0.37539540363816604,E1_RPM,0.07946450133612948,E1_EGT4,0.03839367751721551,AltB,0.029746070018872108
open_2017_05_08_close_2017_05_08_flight_Fixed Wing_N550ND_before_0_189617,open_2017_05_08_close_2017_05_08_flight_Fixed Wing_N550ND_before_0_189617,210,VSpdG,0.7915122329365586,VSpd,0.13198170118121635,AltB,0.03264322210938705,E1_EGT4,0.01723218514511322,E1_RPM,0.009964773064970704
open_2017_05_08_close_2017_05_08_flight_Fixed Wing_N550ND_before_0_189617,open_2017_05_08_close_2017_05_08_flight_Fixed Wing_N550ND_before_0_189617,211,VSpd,0.6308522037957325,E1_RPM,0.2173091481523536,E1_EGT4,0.05573230308217508,AltB,0.03746709450902641,TAS,0.018733547254513205
open_2017_05_08_close_2017_05_08_flight_Fixed Wing_N550ND_before_0_189617,open_2017_05_08_close_2017_05_08_flight_Fixed Wing_N550ND_before_0_189617,212,VSpdG,0.5746663709663246,VSpd,0.2652781187068178,AltB,0.04489581023174409,E1_RPM,0.04208982209226009,E1_EGT4,0.022560144641451303
open_2017_05_08_close_2017_05_08_flight_Fixed Wing_N550ND_before_0_189617,open_2017_05_08_close_2017_05_08_flight_Fixed Wing_N550ND_before_0_189617,213,VSpd,0.43364822663932623,VSpdG,0.3531834361638723,E1_RPM,0.06507191644696503,Roll,0.026298029681325174,TRK,0.023784907390959426
open_2017_05_08_close_2017_05_08_flight_Fixed Wing_N550ND_before_0_189617,open_2017_05_08_close_2017_05_08_flight_Fixed Wing_N550ND_before_0_189617,214,VSpd,0.6344671921029467,VSpdG,0.24237806555247798,AltB,0.037871572742574695,TRK,0.021302759667698266,HDG,0.017042207734158585
open_2017_05_08_close_2017_05_08_flight_Fixed Wing_N550ND_before_0_189617,open_2017_05_08_close_2017_05_08_flight_Fixed Wing_N550ND_before_0_189617,215,VSpdG,0.4913418241787444,VSpd,0.3801789860735428,E1_RPM,0.042634951939319855,AltB,0.02599692191421928,TAS,0.010398768765687712
open_2017_05_08_close_2017_05_08_flight_Fixed Wing_N550ND_before_0_189617,open_2017_05_08_close_2017_05_08_flight_Fixed Wing_N550ND_before_0_189617,216,VSpdG,0.5486120380095525,VSpd,0.33514910163690353,AltB,0.05736048194274636,HDG,0.012701249573036786,E1_RPM,0.012701249573036321
open_2017_05_08_close_2017_05_08_flight_Fixed Wing_N550ND_before_0_189617,open_2017_05_08_close_2017_05_08_flight_Fixed Wing_N550ND_before_0_189617,217,VSpd,0.4953970407604824,VSpdG,0.3935688974515813,E1_RPM,0.044146352518379,AltB,0.012494250712748612,E1_EGT4,0.011161530636722358
open_2017_05_08_close_2017_05_08_flight_Fixed Wing_N550ND_before_0_189617,open_2017_05_08_close_2017_05_08_flight_Fixed Wing_N550ND_before_0_189617,218,VSpd,0.25989791125427847,AltB,0.18757668013540676,VSpdG,0.1646506414521911,E1_RPM,0.1458929734386497,E1_EGT2,0.04397631056507661
open_2017_05_08_close_2017_05_08_flight_Fixed Wing_N550ND_before_0_189617,open_2017_05_08_close_2017_05_08_flight_Fixed Wing_N550ND_before_0_189617,219,VSpdG,0.42976607518943866,E1_EGT4,0.11982460909942699,HDG,0.08741004919107254,VSpd,0.07429854181241154,AltB,0.07284170765922694
open_2017_05_08_close_2017_05_08_flight_Fixed Wing_N550ND_before_0_189617,open_2017_05_08_close_2017_05_08_flight_Fixed Wing_N550ND_before_0_189617,220,VSpdG,0.4984867569348043,VSpd,0.3071775234200511,TRK,0.03866963558732616,E1_EGT4,0.0358572984537018,HDG,0.02601411848601934
open_2017_05_08_close_2017_05_08_flight_Fixed Wing_N550ND_before_0_189617,open_2017_05_08_close_2017_05_08_flight_Fixed Wing_N550ND_before_0_189617,221,VSpdG,0.5524773846645838,VSpd,0.2639374380643695,E1_EGT4,0.04003302924034344,AltB,0.03956543770384389,E1_EGT2,0.03161638158334421
open_2017_05_08_close_2017_05_08_flight_Fixed Wing_N550ND_before_0_189617,open_2017_05_08_close_2017_05_08_flight_Fixed Wing_N550ND_before_0_189617,222,VSpd,0.7922799824528566,Roll,0.0372970605148991,E1_EGT2,0.031888179444556956,VSpdG,0.0314845316034863,E1_EGT4,0.031484531603485154
open_2017_05_08_close_2017_05_08_flight_Fixed Wing_N550ND_before_0_189617,open_2017_05_08_close_2017_05_08_flight_Fixed Wing_N550ND_before_0_189617,223,VSpd,0.6009746566553347,VSpdG,0.19960672379421168,AltB,0.06336721390292435,E1_RPM,0.04372337759301838,E1_EGT2,0.02693106590874285
open_2017_05_08_close_2017_05_08_flight_Fixed Wing_N550ND_before_0_189617,open_2017_05_08_close_2017_05_08_flight_Fixed Wing_N550ND_before_0_189617,224,VSpd,0.7164950453474687,VSpdG,0.17317897544132416,AltB,0.052744865616646985,HDG,0.017142081325410296,TAS,0.008790810936107831
open_2017_05_08_close_2017_05_08_flight_Fixed Wing_N550ND_before_0_189617,open_2017_05_08_close_2017_05_08_flight_Fixed Wing_N550ND_before_0_189617,225,VSpd,0.63910560189645,VSpdG,0.23597745300791997,AltB,0.034199630870713045,HDG,0.0179548062071243,E1_RPM,0.017954806207123572
open_2017_05_08_close_2017_05_08_flight_Fixed Wing_N550ND_before_0_189617,open_2017_05_08_close_2017_05_08_flight_Fixed Wing_N550ND_before_0_189617,226,VSpd,0.5400877137026483,VSpdG,0.22661827390718117,AltB,0.09202772544454063,E1_RPM,0.07937391319591472,HDG,0.013804158816680963
open_2017_05_08_close_2017_05_08_flight_Fixed Wing_N550ND_before_0_189617,open_2017_05_08_close_2017_05_08_flight_Fixed Wing_N550ND_before_0_189617,227,VSpdG,0.34018470965117936,E1_RPM,0.3049062953169823,VSpd,0.20868262030136378,E1_EGT4,0.07584859081852198,E1_EGT2,0.03434245640288083
open_2017_05_08_close_2017_05_08_flight_Fixed Wing_N550ND_before_0_189617,open_2017_05_08_close_2017_05_08_flight_Fixed Wing_N550ND_before_0_189617,228,VSpd,0.4858214000159416,E1_EGT2,0.18512239048377171,E1_EGT4,0.13067688875784697,VSpdG,0.07530923315653633,E1_RPM,0.05225538627188245
open_2017_05_08_close_2017_05_08_flight_Fixed Wing_N550ND_before_0_189617,open_2017_05_08_close_2017_05_08_flight_Fixed Wing_N550ND_before_0_189617,229,E1_EGT2,0.3950414941150219,E1_EGT4,0.1948004919335359,E1_RPM,0.11938897488556485,VSpdG,0.11787772203891247,VSpd,0.048813466946883044
open_2017_05_08_close_2017_05_08_flight_Fixed Wing_N550ND_before_0_189617,open_2017_05_08_close_2017_05_08_flight_Fixed Wing_N550ND_before_0_189617,230,E1_RPM,0.74048005619323,E1_EGT2,0.11200739355641016,E1_EGT4,0.07318559379971068,VSpd,0.04817565103095534,E1_OilP,0.006448186835870089
open_2017_05_08_close_2017_05_08_flight_Fixed Wing_N550ND_before_0_189617,open_2017_05_08_close_2017_05_08_flight_Fixed Wing_N550ND_before_0_189617,231,E1_EGT2,0.4540996961601101,E1_EGT4,0.2718486471763345,VSpd,0.1949633957941787,GndSpd,0.031536398818117914,AltB,0.012223410394619353
open_2017_05_08_close_2017_05_08_flight_Fixed Wing_N550ND_before_0_189617,open_2017_05_08_close_2017_05_08_flight_Fixed Wing_N550ND_before_0_189617,232,VSpd,0.539362002384236,VSpdG,0.22420637487555153,E1_EGT2,0.07524213936501478,E1_EGT4,0.058711669353004425,AltB,0.04433459390194518
open_2017_05_08_close_2017_05_08_flight_Fixed Wing_N550ND_before_0_189617,open_2017_05_08_close_2017_05_08_flight_Fixed Wing_N550ND_before_0_189617,233,VSpdG,0.4925745707855305,AltB,0.1387534002212762,VSpd,0.11530407558387976,E1_EGT2,0.06438157770267039,E1_EGT4,0.04856369007744667
open_2017_05_08_close_2017_05_08_flight_Fixed Wing_N550ND_before_0_189617,open_2017_05_08_close_2017_05_08_flight_Fixed Wing_N550ND_before_0_189617,234,VSpdG,0.786801756253127,E1_RPM,0.05751241263982103,AltB,0.05591484562204964,TAS,0.023963505266592702,E1_EGT2,0.01677445368661598
open_2017_05_08_close_2017_05_08_flight_Fixed Wing_N550ND_before_0_189617,open_2017_05_08_close_2017_05_08_flight_Fixed Wing_N550ND_before_0_189617,235,VSpdG,0.47713398987022737,VSpd,0.41526084083740206,AltB,0.038567412576115366,E1_EGT4,0.01327820918692017,E1_EGT2,0.01267214984643891
open_2017_05_08_close_2017_05_08_flight_Fixed Wing_N550ND_before_0_189617,open_2017_05_08_close_2017_05_08_flight_Fixed Wing_N550ND_before_0_189617,236,VSpdG,0.36449921823970727,VSpd,0.2131528037097415,AltB,0.11885844073033923,E1_RPM,0.11093454468165115,E1_EGT2,0.03446894781180006
open_2017_05_08_close_2017_05_08_flight_Fixed Wing_N550ND_before_0_189617,open_2017_05_08_close_2017_05_08_flight_Fixed Wing_N550ND_before_0_189617,237,VSpdG,0.4090635698234448,AltB,0.23449504002617955,E1_RPM,0.08598151467627058,VSpd,0.05341275911707304,Roll,0.044554057604974114
open_2017_05_08_close_2017_05_08_flight_Fixed Wing_N550ND_before_0_189617,open_2017_05_08_close_2017_05_08_flight_Fixed Wing_N550ND_before_0_189617,238,VSpdG,0.6494161039339189,VSpd,0.19195976013340832,AltB,0.07813830127547146,E1_RPM,0.03299172720519669,HDG,0.014759456907588954
open_2017_05_08_close_2017_05_08_flight_Fixed Wing_N550ND_before_0_189617,open_2017_05_08_close_2017_05_08_flight_Fixed Wing_N550ND_before_0_189617,239,AltB,0.3328251928735396,E1_RPM,0.19364374858097128,VSpd,0.19273604350949536,VSpdG,0.11800165929152699,HDG,0.03630820285893125
open_2017_05_08_close_2017_05_08_flight_Fixed Wing_N550ND_before_0_189617,open_2017_05_08_close_2017_05_08_flight_Fixed Wing_N550ND_before_0_189617,240,VSpdG,0.8784985757452914,AltB,0.05220683054131931,VSpd,0.030564726244190838,HDG,0.006644505705258714,E1_EGT2,0.00512576154405646
open_2017_05_08_close_2017_05_08_flight_Fixed Wing_N550ND_before_0_189617,open_2017_05_08_close_2017_05_08_flight_Fixed Wing_N550ND_before_0_189617,241,VSpd,0.6516812970147983,VSpdG,0.13394599032876842,AltB,0.10783787356977159,E1_RPM,0.04597298820606001,TAS,0.017027032668911306
open_2017_05_08_close_2017_05_08_flight_Fixed Wing_N550ND_before_0_189617,open_2017_05_08_close_2017_05_08_flight_Fixed Wing_N550ND_before_0_189617,242,VSpdG,0.6797499829508382,VSpd,0.15103535717437086,AltB,0.07270053293591856,E1_RPM,0.039985293114756036,HDG,0.009996323278688752
open_2017_05_08_close_2017_05_08_flight_Fixed Wing_N550ND_before_0_189617,open_2017_05_08_close_2017_05_08_flight_Fixed Wing_N550ND_before_0_189617,243,VSpdG,0.6297306847720773,VSpd,0.25471833032652086,AltB,0.047989637281530016,Roll,0.02666090960085001,E1_RPM,0.015463327568493489
open_2017_05_08_close_2017_05_08_flight_Fixed Wing_N550ND_before_0_189617,open_2017_05_08_close_2017_05_08_flight_Fixed Wing_N550ND_before_0_189617,244,VSpd,0.564521525021906,VSpdG,0.30653456568168547,AltB,0.09336078142589402,Roll,0.012499971290911367,E1_CHT2,0.00409750096258101
open_2017_05_08_close_2017_05_08_flight_Fixed Wing_N550ND_before_0_189617,open_2017_05_08_close_2017_05_08_flight_Fixed Wing_N550ND_before_0_189617,245,VSpd,0.559700569530561,VSpdG,0.257735286652122,AltB,0.08372756487286441,Roll,0.036658112098684546,HDG,0.025482302352610908
open_2017_05_08_close_2017_05_08_flight_Fixed Wing_N550ND_before_0_189617,open_2017_05_08_close_2017_05_08_flight_Fixed Wing_N550ND_before_0_189617,246,VSpd,0.5463121788320353,VSpdG,0.38251571158471653,HDG,0.01819130094181391,TRK,0.01370577468218854,E1_RPM,0.009967836132500758
open_2017_05_08_close_2017_05_08_flight_Fixed Wing_N550ND_before_0_189617,open_2017_05_08_close_2017_05_08_flight_Fixed Wing_N550ND_before_0_189617,247,VSpdG,0.4773187752515778,E1_RPM,0.1717337392439539,VSpd,0.15713637140821782,HDG,0.03687224401414303,E1_EGT2,0.029952384521077017
open_2017_05_08_close_2017_05_08_flight_Fixed Wing_N550ND_before_0_189617,open_2017_05_08_close_2017_05_08_flight_Fixed Wing_N550ND_before_0_189617,248,VSpd,0.49735315229077487,VSpdG,0.1783006895649748,E1_RPM,0.11861528924449789,HDG,0.049108240770014196,E1_EGT4,0.03792667210238006
open_2017_05_08_close_2017_05_08_flight_Fixed Wing_N550ND_before_0_189617,open_2017_05_08_close_2017_05_08_flight_Fixed Wing_N550ND_before_0_189617,249,VSpdG,0.46478417634390623,VSpd,0.403196488090909,E1_RPM,0.05177726003570524,HDG,0.01998420562781617,E1_EGT2,0.016290155496613425
open_2017_05_08_close_2017_05_08_flight_Fixed Wing_N550ND_before_0_189617,open_2017_05_08_close_2017_05_08_flight_Fixed Wing_N550ND_before_0_189617,250,VSpd,0.22434569873058868,E1_RPM,0.18675774709922782,HDG,0.1418413269108043,TRK,0.12765719421972402,VSpdG,0.09219686249202226
open_2017_05_08_close_2017_05_08_flight_Fixed Wing_N550ND_before_0_189617,open_2017_05_08_close_2017_05_08_flight_Fixed Wing_N550ND_before_0_189617,251,VSpd,0.8376887961083904,AltB,0.02740769520051009,TRK,0.02521507958446929,VSpdG,0.02192615616040807,HDG,0.020281694448377404
open_2017_05_08_close_2017_05_08_flight_Fixed Wing_N550ND_before_0_189617,open_2017_05_08_close_2017_05_08_flight_Fixed Wing_N550ND_before_0_189617,252,TRK,0.5505400545378987,VSpd,0.2867383323648727,VSpdG,0.13295250619905755,AltB,0.010746738376367235,E1_RPM,0.00644804302582076
open_2017_05_08_close_2017_05_08_flight_Fixed Wing_N550ND_before_0_189617,open_2017_05_08_close_2017_05_08_flight_Fixed Wing_N550ND_before_0_189617,253,VSpd,0.9131755452769231,VSpdG,0.02063374638806492,Roll,0.014761064723769495,AltB,0.01058140840413584,TRK,0.0068779154626880555
open_2017_05_08_close_2017_05_08_flight_Fixed Wing_N550ND_before_0_189617,open_2017_05_08_close_2017_05_08_flight_Fixed Wing_N550ND_before_0_189617,254,VSpd,0.5533053912341825,VSpdG,0.30065757846949714,E1_RPM,0.08590216527699918,Roll,0.02033017911555647,AltB,0.019089370061555373
open_2017_05_08_close_2017_05_08_flight_Fixed Wing_N550ND_before_0_189617,open_2017_05_08_close_2017_05_08_flight_Fixed Wing_N550ND_before_0_189617,255,VSpd,0.6598128672823917,VSpdG,0.11699341588548884,E1_RPM,0.09299476647307818,AltB,0.044997467648264955,TAS,0.02999831176550997
open_2017_05_08_close_2017_05_08_flight_Fixed Wing_N550ND_before_0_189617,open_2017_05_08_close_2017_05_08_flight_Fixed Wing_N550ND_before_0_189617,256,E1_RPM,0.4326427731484235,AltB,0.1227355384818191,VSpdG,0.1196671500197738,E1_EGT2,0.09512004232341399,TAS,0.06136776924090955
open_2017_05_08_close_2017_05_08_flight_Fixed Wing_N550ND_before_0_189617,open_2017_05_08_close_2017_05_08_flight_Fixed Wing_N550ND_before_0_189617,257,VSpdG,0.5159750033809052,VSpd,0.39409664386825816,E1_RPM,0.044525761713072244,TAS,0.008730541512367263,AltB,0.008730541512367263
open_2017_05_08_close_2017_05_08_flight_Fixed Wing_N550ND_before_0_189617,open_2017_05_08_close_2017_05_08_flight_Fixed Wing_N550ND_before_0_189617,258,VSpd,0.6648328682888143,VSpdG,0.15807027696570616,AltB,0.09377050328474108,E1_RPM,0.025451993748716654,TAS,0.013395786183534441
open_2017_05_08_close_2017_05_08_flight_Fixed Wing_N550ND_before_0_189617,open_2017_05_08_close_2017_05_08_flight_Fixed Wing_N550ND_before_0_189617,259,VSpdG,0.5063187436237887,VSpd,0.350423988005914,E1_RPM,0.059986987961070104,AltB,0.04284784854362104,TAS,0.007141308090603506
open_2017_05_08_close_2017_05_08_flight_Fixed Wing_N550ND_before_0_189617,open_2017_05_08_close_2017_05_08_flight_Fixed Wing_N550ND_before_0_189617,260,VSpd,0.7055655164511637,VSpdG,0.1478702103717786,E1_RPM,0.04773025777823148,AltB,0.03743549629665281,TAS,0.018717748148326406
open_2017_05_08_close_2017_05_08_flight_Fixed Wing_N550ND_before_0_189617,open_2017_05_08_close_2017_05_08_flight_Fixed Wing_N550ND_before_0_189617,261,VSpdG,0.4818528507242521,VSpd,0.39030760531867137,E1_RPM,0.07407892909583062,AltB,0.020388696081421104,Roll,0.014340049577266175
open_2017_05_08_close_2017_05_08_flight_Fixed Wing_N550ND_before_0_189617,open_2017_05_08_close_2017_05_08_flight_Fixed Wing_N550ND_before_0_189617,262,VSpdG,0.8993529090295287,E1_RPM,0.052819139101731624,Roll,0.011705863260384341,E1_EGT4,0.006281194920207011,E1_EGT2,0.005139159480167307
open_2017_05_08_close_2017_05_08_flight_Fixed Wing_N550ND_before_0_189617,open_2017_05_08_close_2017_05_08_flight_Fixed Wing_N550ND_before_0_189617,263,VSpdG,0.6109026501867458,E1_RPM,0.16465735493314854,VSpd,0.152009761003499,AltB,0.023863384772919764,TAS,0.011931692386459882
open_2017_05_08_close_2017_05_08_flight_Fixed Wing_N550ND_before_0_189617,open_2017_05_08_close_2017_05_08_flight_Fixed Wing_N550ND_before_0_189617,264,VSpdG,0.7076766763939362,AltB,0.0770609810955284,E1_RPM,0.07063923267090104,VSpd,0.06100661003395999,Roll,0.01489845634513549
open_2017_05_08_close_2017_05_08_flight_Fixed Wing_N550ND_before_0_189617,open_2017_05_08_close_2017_05_08_flight_Fixed Wing_N550ND_before_0_189617,265,VSpd,0.824653748905227,AltB,0.09708661983814776,E1_RPM,0.02135905636439957,TAS,0.019417323967629553,E1_CHT2,0.0067960633886707845
open_2017_05_08_close_2017_05_08_flight_Fixed Wing_N550ND_before_0_189617,open_2017_05_08_close_2017_05_08_flight_Fixed Wing_N550ND_before_0_189617,266,VSpdG,0.519058461756733,VSpd,0.4192015005425807,E1_RPM,0.04229365243943651,TAS,0.005492682134991884,Pitch,0.003789950673144402
open_2017_05_08_close_2017_05_08_flight_Fixed Wing_N550ND_before_0_189617,open_2017_05_08_close_2017_05_08_flight_Fixed Wing_N550ND_before_0_189617,267,E1_RPM,0.4741212268702109,VSpd,0.387408289529238,VSpdG,0.06685889884998673,AltB,0.020363116401011197,E1_EGT2,0.012591193641292048
open_2017_05_08_close_2017_05_08_flight_Fixed Wing_N550ND_before_0_189617,open_2017_05_08_close_2017_05_08_flight_Fixed Wing_N550ND_before_0_189617,268,VSpdG,0.3897915556713701,VSpd,0.24964827813443943,E1_RPM,0.11974528722955242,E1_EGT4,0.10892691990053814,AltB,0.08258295671003615
open_2017_05_08_close_2017_05_08_flight_Fixed Wing_N550ND_before_0_189617,open_2017_05_08_close_2017_05_08_flight_Fixed Wing_N550ND_before_0_189617,269,VSpd,0.8179112198353585,VSpdG,0.054220849514973045,E1_EGT4,0.0481124246961975,E1_EGT2,0.017364398642136736,E1_RPM,0.014413137212841862
open_2017_05_08_close_2017_05_08_flight_Fixed Wing_N550ND_before_0_189617,open_2017_05_08_close_2017_05_08_flight_Fixed Wing_N550ND_before_0_189617,270,VSpd,0.457889883189564,VSpdG,0.3420684102110591,E1_EGT4,0.047985934728199446,E1_RPM,0.04528793036597164,AltB,0.028907189595300767
open_2017_05_08_close_2017_05_08_flight_Fixed Wing_N550ND_before_0_189617,open_2017_05_08_close_2017_05_08_flight_Fixed Wing_N550ND_before_0_189617,271,VSpd,0.6374884772806438,VSpdG,0.17531568326968694,AltB,0.06352017509771261,E1_RPM,0.04573452607035192,E1_EGT4,0.019818294630487086
open_2017_05_08_close_2017_05_08_flight_Fixed Wing_N550ND_before_0_189617,open_2017_05_08_close_2017_05_08_flight_Fixed Wing_N550ND_before_0_189617,272,VSpdG,0.24410299675597613,VSpd,0.22403690295485099,E1_RPM,0.16859656131874876,AltB,0.1034334732016852,TRK,0.05378540606487618
open_2017_05_08_close_2017_05_08_flight_Fixed Wing_N550ND_before_0_189617,open_2017_05_08_close_2017_05_08_flight_Fixed Wing_N550ND_before_0_189617,273,E1_RPM,0.49069922297469987,VSpd,0.1884480806436503,VSpdG,0.15663217092459253,AltB,0.039769887148822285,HDG,0.027532998795338503
open_2017_05_08_close_2017_05_08_flight_Fixed Wing_N550ND_before_0_189617,open_2017_05_08_close_2017_05_08_flight_Fixed Wing_N550ND_before_0_189617,274,VSpdG,0.6132817586839274,VSpd,0.15054223695382785,E1_EGT4,0.0788282565353265,AltB,0.05192902275054425,TRK,0.023368060237744914
open_2017_05_08_close_2017_05_08_flight_Fixed Wing_N550ND_before_0_189617,open_2017_05_08_close_2017_05_08_flight_Fixed Wing_N550ND_before_0_189617,275,VSpd,0.47596184617745646,VSpdG,0.45049381988109344,E1_EGT4,0.028574880226577563,E1_RPM,0.011037507383656742,AltB,0.008175931395301152
open_2017_05_08_close_2017_05_08_flight_Fixed Wing_N550ND_before_0_189617,open_2017_05_08_close_2017_05_08_flight_Fixed Wing_N550ND_before_0_189617,276,VSpd,0.5681533677862675,VSpdG,0.2642573803657062,AltB,0.06709660048348003,E1_EGT4,0.026270899727762143,E1_EGT2,0.024051550634846704
open_2017_05_08_close_2017_05_08_flight_Fixed Wing_N550ND_before_0_189617,open_2017_05_08_close_2017_05_08_flight_Fixed Wing_N550ND_before_0_189617,277,VSpd,0.7585962593335235,VSpdG,0.1977114082140203,E1_RPM,0.009032500882874177,E1_EGT2,0.0064565654459057,E1_EGT4,0.005854398720381313
open_2017_05_08_close_2017_05_08_flight_Fixed Wing_N550ND_before_0_189617,open_2017_05_08_close_2017_05_08_flight_Fixed Wing_N550ND_before_0_189617,278,VSpd,0.32515466081085703,VSpdG,0.3178931423312112,Roll,0.09343153777145728,AltB,0.08068353866274378,E1_RPM,0.03227341546509751
open_2017_05_08_close_2017_05_08_flight_Fixed Wing_N550ND_before_0_189617,open_2017_05_08_close_2017_05_08_flight_Fixed Wing_N550ND_before_0_189617,279,VSpd,0.65938345423952,VSpdG,0.2415681128559439,TRK,0.029970333881978017,E1_RPM,0.029970333881977913,HDG,0.018776594721239236
open_2017_05_08_close_2017_05_08_flight_Fixed Wing_N550ND_before_0_189617,open_2017_05_08_close_2017_05_08_flight_Fixed Wing_N550ND_before_0_189617,280,VSpd,0.47848291653477176,VSpdG,0.234513954735418,AltB,0.08933864942301638,TRK,0.05434767839900172,E1_RPM,0.05136972341823509
open_2017_05_08_close_2017_05_08_flight_Fixed Wing_N550ND_before_0_189617,open_2017_05_08_close_2017_05_08_flight_Fixed Wing_N550ND_before_0_189617,281,VSpd,0.7478800777596449,AltB,0.07878641851563287,VSpdG,0.07681675805274216,Roll,0.02442378973984619,E1_RPM,0.011817962777345377
open_2017_05_08_close_2017_05_08_flight_Fixed Wing_N550ND_before_0_189617,open_2017_05_08_close_2017_05_08_flight_Fixed Wing_N550ND_before_0_189617,282,VSpdG,0.5456513418235673,E1_RPM,0.2775069624511079,VSpd,0.07737238656194177,E1_EGT4,0.028162649900571154,E1_EGT2,0.02085983509922605
open_2017_05_08_close_2017_05_08_flight_Fixed Wing_N550ND_before_0_189617,open_2017_05_08_close_2017_05_08_flight_Fixed Wing_N550ND_before_0_189617,283,VSpd,0.34881198188816515,E1_RPM,0.15089057643476933,AltB,0.11757707254657282,Roll,0.08132414184471287,E1_EGT4,0.08014837111924998
open_2017_05_08_close_2017_05_08_flight_Fixed Wing_N550ND_before_0_189617,open_2017_05_08_close_2017_05_08_flight_Fixed Wing_N550ND_before_0_189617,284,AltB,0.20682289488812364,VSpd,0.17166300275714225,VSpdG,0.13788192992541576,E1_EGT4,0.11857845973585943,E1_EGT2,0.10789261016664159
open_2017_05_08_close_2017_05_08_flight_Fixed Wing_N550ND_before_0_189617,open_2017_05_08_close_2017_05_08_flight_Fixed Wing_N550ND_before_0_189617,285,VSpdG,0.5238916100017784,E1_RPM,0.2767825791122683,VSpd,0.1357820637641327,AltB,0.015348387011770846,E1_EGT2,0.015092580561574897
open_2017_05_08_close_2017_05_08_flight_Fixed Wing_N550ND_before_0_189617,open_2017_05_08_close_2017_05_08_flight_Fixed Wing_N550ND_before_0_189617,286,VSpd,0.45157903473806177,VSpdG,0.4484718395449099,E1_EGT4,0.030139793373572532,AltB,0.02416707372451401,E1_RPM,0.01864317115891112
open_2017_05_08_close_2017_05_08_flight_Fixed Wing_N550ND_before_0_189617,open_2017_05_08_close_2017_05_08_flight_Fixed Wing_N550ND_before_0_189617,287,VSpd,0.6250763823892814,VSpdG,0.24420435762159348,E1_RPM,0.04524598504156254,AltB,0.03099040071340016,E1_EGT4,0.01264408349106704
open_2017_05_08_close_2017_05_08_flight_Fixed Wing_N550ND_before_0_189617,open_2017_05_08_close_2017_05_08_flight_Fixed Wing_N550ND_before_0_189617,288,VSpdG,0.6718709322182934,VSpd,0.14592450997574077,AltB,0.06507224525116646,E1_RPM,0.04717737780709716,HDG,0.02033507664098952
open_2017_05_08_close_2017_05_08_flight_Fixed Wing_N550ND_before_0_189617,open_2017_05_08_close_2017_05_08_flight_Fixed Wing_N550ND_before_0_189617,289,VSpd,0.5408331390596669,VSpdG,0.33398400950730517,E1_RPM,0.03229361923988978,AltB,0.016996641705206365,TAS,0.016996641705206365
open_2017_05_08_close_2017_05_08_flight_Fixed Wing_N550ND_before_0_189617,open_2017_05_08_close_2017_05_08_flight_Fixed Wing_N550ND_before_0_189617,290,VSpd,0.6613493319476432,VSpdG,0.2329250870636996,AltB,0.04342671114746942,E1_RPM,0.014607166476875358,Roll,0.011251466070026167
open_2017_05_08_close_2017_05_08_flight_Fixed Wing_N550ND_before_0_189617,open_2017_05_08_close_2017_05_08_flight_Fixed Wing_N550ND_before_0_189617,291,VSpdG,0.6905012677711865,VSpd,0.23616687161422045,AltB,0.02456051257316211,E1_RPM,0.018595816662537665,Roll,0.006596251948220682
open_2017_05_08_close_2017_05_08_flight_Fixed Wing_N550ND_before_0_189617,open_2017_05_08_close_2017_05_08_flight_Fixed Wing_N550ND_before_0_189617,292,VSpdG,0.717817502191254,VSpd,0.12108287975293813,AltB,0.0433988816318775,E1_RPM,0.03558708293813876,HDG,0.0182275302853885
open_2017_05_08_close_2017_05_08_flight_Fixed Wing_N550ND_before_0_189617,open_2017_05_08_close_2017_05_08_flight_Fixed Wing_N550ND_before_0_189617,293,VSpd,0.585032648784121,VSpdG,0.12147772675852442,E1_RPM,0.10820705072607972,HDG,0.03777038563080162,AltB,0.030624636997947357
open_2017_05_08_close_2017_05_08_flight_Fixed Wing_N550ND_before_0_189617,open_2017_05_08_close_2017_05_08_flight_Fixed Wing_N550ND_before_0_189617,294,VSpdG,0.5860215557071934,VSpd,0.20902480088593456,E1_RPM,0.07129406626918992,AltB,0.023503538330502408,E1_EGT4,0.014807229148215518
open_2017_05_08_close_2017_05_08_flight_Fixed Wing_N550ND_before_0_189617,open_2017_05_08_close_2017_05_08_flight_Fixed Wing_N550ND_before_0_189617,295,VSpd,0.35065773014128854,AltB,0.2906003288463713,E1_RPM,0.15821573459412375,E1_EGT2,0.03584070722438257,TAS,0.03228892542737459
open_2017_05_08_close_2017_05_08_flight_Fixed Wing_N550ND_before_0_189617,open_2017_05_08_close_2017_05_08_flight_Fixed Wing_N550ND_before_0_189617,296,VSpd,0.7109199671600142,VSpdG,0.1192461910727796,AltB,0.09114358553333513,HDG,0.02810260553944491,TRK,0.007595298794444594
open_2017_05_08_close_2017_05_08_flight_Fixed Wing_N550ND_before_0_189617,open_2017_05_08_close_2017_05_08_flight_Fixed Wing_N550ND_before_0_189617,297,VSpd,0.7519027280630537,AltB,0.07576694343131034,E1_RPM,0.04840665830333716,HDG,0.034516052007597005,VSpdG,0.0328323421535681
open_2017_05_08_close_2017_05_08_flight_Fixed Wing_N550ND_before_0_189617,open_2017_05_08_close_2017_05_08_flight_Fixed Wing_N550ND_before_0_189617,298,VSpdG,0.6008958381121319,VSpd,0.2703875518306537,AltB,0.031150639611826438,E1_RPM,0.027412562858406417,HDG,0.02273996691663329
open_2017_05_08_close_2017_05_08_flight_Fixed Wing_N550ND_before_0_189617,open_2017_05_08_close_2017_05_08_flight_Fixed Wing_N550ND_before_0_189617,299,VSpd,0.49322046106912515,AltB,0.18556074532322211,Roll,0.11931555924283185,HDG,0.057523831050199016,TRK,0.044534578877573415
open_2017_05_08_close_2017_05_08_flight_Fixed Wing_N550ND_before_0_189617,open_2017_05_08_close_2017_05_08_flight_Fixed Wing_N550ND_before_0_189617,300,VSpd,0.576046321420463,VSpdG,0.3777278051179216,Roll,0.013610989833753404,HDG,0.010505126381756035,AltB,0.004567446252937384
open_2017_05_08_close_2017_05_08_flight_Fixed Wing_N550ND_before_0_189617,open_2017_05_08_close_2017_05_08_flight_Fixed Wing_N550ND_before_0_189617,301,VSpdG,0.6146076510270473,AltB,0.1338528459587038,VSpd,0.05978760452821991,Roll,0.05476812280476964,HDG,0.04350217493657864
open_2017_05_08_close_2017_05_08_flight_Fixed Wing_N550ND_before_0_189617,open_2017_05_08_close_2017_05_08_flight_Fixed Wing_N550ND_before_0_189617,302,VSpdG,0.43102947003587416,VSpd,0.41381457351919765,AltB,0.039423427137427525,HDG,0.03591912250298953,TRK,0.031976779789246755
open_2017_05_08_close_2017_05_08_flight_Fixed Wing_N550ND_before_0_189617,open_2017_05_08_close_2017_05_08_flight_Fixed Wing_N550ND_before_0_189617,303,HDG,0.5562918383842732,VSpdG,0.2236848850710883,VSpd,0.14324041264185286,E1_RPM,0.02320513627766378,TRK,0.013102219803034809
open_2017_05_08_close_2017_05_08_flight_Fixed Wing_N550ND_before_0_189617,open_2017_05_08_close_2017_05_08_flight_Fixed Wing_N550ND_before_0_189617,304,VSpd,0.6379134258549568,VSpdG,0.16563710914486718,E1_RPM,0.11370004949774815,AltB,0.03860186865664278,HDG,0.012633338833083171
open_2017_05_08_close_2017_05_08_flight_Fixed Wing_N550ND_before_0_189617,open_2017_05_08_close_2017_05_08_flight_Fixed Wing_N550ND_before_0_189617,305,VSpd,0.8794672441239335,VSpdG,0.03894540992487051,AltB,0.029958007634515733,E1_EGT2,0.024765286311199855,E1_RPM,0.007489501908628933
open_2017_05_08_close_2017_05_08_flight_Fixed Wing_N550ND_before_0_189617,open_2017_05_08_close_2017_05_08_flight_Fixed Wing_N550ND_before_0_189617,306,VSpd,0.6120654006060302,E1_RPM,0.14015858193579017,VSpdG,0.09383498282141713,TAS,0.05938922963380848,E1_EGT2,0.02862560868349666
open_2017_05_08_close_2017_05_08_flight_Fixed Wing_N550ND_before_0_189617,open_2017_05_08_close_2017_05_08_flight_Fixed Wing_N550ND_before_0_189617,307,VSpd,0.6271148219679885,E1_RPM,0.1338082834924584,AltB,0.10704662679396673,E1_EGT2,0.029437822368338414,E1_EGT4,0.02212296953741995
open_2017_05_08_close_2017_05_08_flight_Fixed Wing_N550ND_before_0_189617,open_2017_05_08_close_2017_05_08_flight_Fixed Wing_N550ND_before_0_189617,308,VSpdG,0.5431458806291551,VSpd,0.24979196337564177,E1_RPM,0.1020121704734974,AltB,0.04135628532709303,E1_EGT2,0.014612554148905452
open_2017_05_08_close_2017_05_08_flight_Fixed Wing_N550ND_before_0_189617,open_2017_05_08_close_2017_05_08_flight_Fixed Wing_N550ND_before_0_189617,309,VSpdG,0.5106968643196823,VSpd,0.301554338931622,E1_RPM,0.10213937286393204,E1_EGT4,0.023670394346246182,E1_EGT2,0.01702322881065534
open_2017_05_08_close_2017_05_08_flight_Fixed Wing_N550ND_before_0_189617,open_2017_05_08_close_2017_05_08_flight_Fixed Wing_N550ND_before_0_189617,310,VSpd,0.5664125630555583,VSpdG,0.24341901160982782,E1_RPM,0.07290214053289365,AltB,0.03706888501672501,E1_EGT2,0.016680998257527942
open_2017_05_08_close_2017_05_08_flight_Fixed Wing_N550ND_before_0_189617,open_2017_05_08_close_2017_05_08_flight_Fixed Wing_N550ND_before_0_189617,311,VSpd,0.5289729876295532,E1_RPM,0.18022099946864562,AltB,0.09741675646953098,TAS,0.04870837823476549,HDG,0.029225026940857633
open_2017_05_08_close_2017_05_08_flight_Fixed Wing_N550ND_before_0_189617,open_2017_05_08_close_2017_05_08_flight_Fixed Wing_N550ND_before_0_189617,312,VSpd,0.8065614614272545,VSpdG,0.12179965759971337,E1_RPM,0.03819141806092519,AltB,0.01032200488133164,E1_EGT4,0.004851342294226153
open_2017_05_08_close_2017_05_08_flight_Fixed Wing_N550ND_before_0_189617,open_2017_05_08_close_2017_05_08_flight_Fixed Wing_N550ND_before_0_189617,313,VSpd,0.3821001270346944,E1_RPM,0.3740327539111145,AltB,0.036669877834423645,TAS,0.036669877834423645,Roll,0.0300692998242274
open_2017_05_08_close_2017_05_08_flight_Fixed Wing_N550ND_before_0_189617,open_2017_05_08_close_2017_05_08_flight_Fixed Wing_N550ND_before_0_189617,314,VSpdG,0.5091474441107061,VSpd,0.3867583016257436,E1_RPM,0.0344454930476617,TAS,0.021528433154786728,AltB,0.021528433154786728
open_2017_05_08_close_2017_05_08_flight_Fixed Wing_N550ND_before_0_189617,open_2017_05_08_close_2017_05_08_flight_Fixed Wing_N550ND_before_0_189617,315,E1_RPM,0.6528050773288842,VSpd,0.16981396257906975,VSpdG,0.10421604557033251,E1_EGT2,0.017933624085453688,Roll,0.01407181122929363
open_2017_05_08_close_2017_05_08_flight_Fixed Wing_N550ND_before_0_189617,open_2017_05_08_close_2017_05_08_flight_Fixed Wing_N550ND_before_0_189617,316,VSpdG,0.5903812281097467,VSpd,0.30002794946487665,AltB,0.028288511169609336,E1_EGT4,0.028203645636100585,E1_EGT2,0.02579912218668405
open_2017_05_08_close_2017_05_08_flight_Fixed Wing_N550ND_before_0_189617,open_2017_05_08_close_2017_05_08_flight_Fixed Wing_N550ND_before_0_189617,317,VSpd,0.8143906640227622,AltB,0.04987519377217268,E1_EGT4,0.03384388148826003,E1_EGT2,0.032632626782363894,E1_RPM,0.02422509411791309
open_2017_05_08_close_2017_05_08_flight_Fixed Wing_N550ND_before_0_189617,open_2017_05_08_close_2017_05_08_flight_Fixed Wing_N550ND_before_0_189617,318,VSpdG,0.5794720375444611,AltB,0.08846901336556669,E1_RPM,0.07077521069245268,VSpd,0.0676787952246573,E1_EGT4,0.06414003469003786
open_2017_05_08_close_2017_05_08_flight_Fixed Wing_N550ND_before_0_189617,open_2017_05_08_close_2017_05_08_flight_Fixed Wing_N550ND_before_0_189617,319,VSpdG,0.3009913314051941,VSpd,0.23009794167321032,AltB,0.16806622565772267,Roll,0.1008397353946336,E1_EGT2,0.03789129451192321
open_2017_05_08_close_2017_05_08_flight_Fixed Wing_N550ND_before_0_189617,open_2017_05_08_close_2017_05_08_flight_Fixed Wing_N550ND_before_0_189617,320,VSpdG,0.7185983809859797,VSpd,0.07557238665185316,TRK,0.039013222085053124,HDG,0.03838397656755248,E1_RPM,0.03460850346254719
open_2017_05_08_close_2017_05_08_flight_Fixed Wing_N550ND_before_0_189617,open_2017_05_08_close_2017_05_08_flight_Fixed Wing_N550ND_before_0_189617,321,VSpd,0.5062929401165488,VSpdG,0.3611135496337226,AltB,0.051377944053578435,TRK,0.028257869229468095,HDG,0.02605595734145751
open_2017_05_08_close_2017_05_08_flight_Fixed Wing_N550ND_before_0_189617,open_2017_05_08_close_2017_05_08_flight_Fixed Wing_N550ND_before_0_189617,322,VSpdG,0.8054599745129678,VSpd,0.10454238006380781,E1_RPM,0.03125110293722403,AltB,0.018601846986442676,TRK,0.005580554095932802
open_2017_05_08_close_2017_05_08_flight_Fixed Wing_N550ND_before_0_189617,open_2017_05_08_close_2017_05_08_flight_Fixed Wing_N550ND_before_0_189617,323,VSpdG,0.5829275357393288,VSpd,0.2504030523037304,AltB,0.08750644300936804,E1_RPM,0.024905679933435825,TAS,0.01346252969374893
open_2017_05_08_close_2017_05_08_flight_Fixed Wing_N550ND_before_0_189617,open_2017_05_08_close_2017_05_08_flight_Fixed Wing_N550ND_before_0_189617,324,VSpdG,0.40204015682763294,E1_RPM,0.19552343564468788,VSpd,0.1828811572756956,E1_EGT4,0.08496239251708923,AltB,0.05496642769127802
open_2017_05_08_close_2017_05_08_flight_Fixed Wing_N550ND_before_0_189617,open_2017_05_08_close_2017_05_08_flight_Fixed Wing_N550ND_before_0_189617,325,VSpdG,0.49862443826525177,VSpd,0.2649470532138237,AltB,0.1056407708189093,E1_EGT4,0.04933423997242901,E1_EGT2,0.021022513392963047
open_2017_05_08_close_2017_05_08_flight_Fixed Wing_N550ND_before_0_189617,open_2017_05_08_close_2017_05_08_flight_Fixed Wing_N550ND_before_0_189617,326,VSpdG,0.5448122956823096,VSpd,0.13055409850451638,Roll,0.07268348368664918,E1_RPM,0.07029836073320299,AltB,0.06276639351178685
open_2017_05_08_close_2017_05_08_flight_Fixed Wing_N550ND_before_0_189617,open_2017_05_08_close_2017_05_08_flight_Fixed Wing_N550ND_before_0_189617,327,VSpd,0.4553725775782401,VSpdG,0.33538488180435405,E1_RPM,0.06407352965814503,HDG,0.04054653048679502,TRK,0.032537339279526886
open_2017_05_08_close_2017_05_08_flight_Fixed Wing_N550ND_before_0_189617,open_2017_05_08_close_2017_05_08_flight_Fixed Wing_N550ND_before_0_189617,328,VSpd,0.7001427045495229,AltB,0.050614467952562824,E1_RPM,0.04266076584573218,HDG,0.04049157436205042,TRK,0.03253787225521896
open_2017_05_08_close_2017_05_08_flight_Fixed Wing_N550ND_before_0_189617,open_2017_05_08_close_2017_05_08_flight_Fixed Wing_N550ND_before_0_189617,329,VSpdG,0.5091541342176465,VSpd,0.25995449713598817,HDG,0.05445498761686059,E1_RPM,0.05445498761686059,TRK,0.040160553367434716
open_2017_05_08_close_2017_05_08_flight_Fixed Wing_N550ND_before_0_189617,open_2017_05_08_close_2017_05_08_flight_Fixed Wing_N550ND_before_0_189617,330,VSpd,0.745390304959564,VSpdG,0.1235107158524976,AltB,0.06269579484898341,Roll,0.022131615581691143,E1_RPM,0.019435696403184287
open_2017_05_08_close_2017_05_08_flight_Fixed Wing_N550ND_before_0_189617,open_2017_05_08_close_2017_05_08_flight_Fixed Wing_N550ND_before_0_189617,331,VSpdG,0.532593621326122,VSpd,0.30504207410826395,AltB,0.0738005018003864,HDG,0.0184501254500966,TRK,0.014760100360077142
open_2017_05_08_close_2017_05_08_flight_Fixed Wing_N550ND_before_0_189617,open_2017_05_08_close_2017_05_08_flight_Fixed Wing_N550ND_before_0_189617,332,VSpd,0.7862968354696104,AltB,0.06071068991569124,VSpdG,0.05510662623116595,E1_RPM,0.03409138741419564,E1_EGT2,0.018960415465978226
open_2017_05_08_close_2017_05_08_flight_Fixed Wing_N550ND_before_0_189617,open_2017_05_08_close_2017_05_08_flight_Fixed Wing_N550ND_before_0_189617,333,VSpdG,0.6070334877697333,VSpd,0.31846767452930136,E1_RPM,0.02013449112574294,E1_EGT4,0.01126674716185226,E1_EGT2,0.009553173449022699
open_2017_05_08_close_2017_05_08_flight_Fixed Wing_N550ND_before_0_189617,open_2017_05_08_close_2017_05_08_flight_Fixed Wing_N550ND_before_0_189617,334,E1_RPM,0.42016741640718025,VSpdG,0.3525428381451961,VSpd,0.1488237961309692,AltB,0.019889581841760012,E1_EGT2,0.01317684797016646
open_2017_05_08_close_2017_05_08_flight_Fixed Wing_N550ND_before_0_189617,open_2017_05_08_close_2017_05_08_flight_Fixed Wing_N550ND_before_0_189617,335,VSpdG,0.4638100063051395,VSpd,0.15522515240652526,E1_RPM,0.137061551397539,E1_EGT2,0.1286179314690374,E1_EGT4,0.0754231259194769
open_2017_05_08_close_2017_05_08_flight_Fixed Wing_N550ND_before_0_189617,open_2017_05_08_close_2017_05_08_flight_Fixed Wing_N550ND_before_0_189617,336,VSpd,0.542760519359151,E1_EGT2,0.16363708242126337,E1_EGT4,0.11232384603365532,VSpdG,0.07650691465199023,E1_RPM,0.05798931747507528
open_2017_05_08_close_2017_05_08_flight_Fixed Wing_N550ND_before_0_189617,open_2017_05_08_close_2017_05_08_flight_Fixed Wing_N550ND_before_0_189617,337,E1_EGT2,0.22100712479962661,VSpd,0.21007510485798253,E1_RPM,0.16567081767233652,E1_EGT4,0.160711963265817,VSpdG,0.0879069644791987
open_2017_05_08_close_2017_05_08_flight_Fixed Wing_N550ND_before_0_189617,open_2017_05_08_close_2017_05_08_flight_Fixed Wing_N550ND_before_0_189617,338,VSpd,0.2530338389043153,E1_EGT2,0.22434686298202464,E1_RPM,0.1765352364448716,E1_EGT4,0.1414120800271947,VSpdG,0.07171743980572892
open_2017_05_08_close_2017_05_08_flight_Fixed Wing_N550ND_before_0_189617,open_2017_05_08_close_2017_05_08_flight_Fixed Wing_N550ND_before_0_189617,339,E1_RPM,0.7418406869873173,E1_EGT2,0.10106553680797777,VSpd,0.06920302280230652,E1_EGT4,0.05664061702640351,E1_OilP,0.01065550885499778
open_2017_05_08_close_2017_05_08_flight_Fixed Wing_N550ND_before_0_189617,open_2017_05_08_close_2017_05_08_flight_Fixed Wing_N550ND_before_0_189617,340,E1_EGT2,0.4563975767014441,E1_EGT4,0.2532559102088403,VSpd,0.20413599672506816,GndSpd,0.03311119674108511,AltB,0.01988660464930036
open_2017_05_08_close_2017_05_08_flight_Fixed Wing_N550ND_before_0_189617,open_2017_05_08_close_2017_05_08_flight_Fixed Wing_N550ND_before_0_189617,341,E1_EGT2,0.33589771338692687,E1_EGT4,0.21871849675409594,VSpd,0.10635156827867032,VSpdG,0.09383961906941495,TAS,0.07218432236108842
open_2017_05_08_close_2017_05_08_flight_Fixed Wing_N550ND_before_0_189617,open_2017_05_08_close_2017_05_08_flight_Fixed Wing_N550ND_before_0_189617,342,VSpdG,0.45696766076519774,VSpd,0.4553582481031494,AltB,0.018468669892357875,E1_EGT2,0.015962207549823474,E1_RPM,0.014511097772566903
open_2017_05_08_close_2017_05_08_flight_Fixed Wing_N550ND_before_0_189617,open_2017_05_08_close_2017_05_08_flight_Fixed Wing_N550ND_before_0_189617,343,VSpd,0.6179759891620115,VSpdG,0.14341793096590652,AltB,0.08221410055370444,E1_EGT2,0.03416452623009504,Roll,0.03334238522455791
open_2017_05_08_close_2017_05_08_flight_Fixed Wing_N550ND_before_0_189617,open_2017_05_08_close_2017_05_08_flight_Fixed Wing_N550ND_before_0_189617,344,VSpdG,0.5508916587746782,VSpd,0.34872160390383355,E1_RPM,0.030626097708132075,AltB,0.01512399886821354,TAS,0.01512399886821354
open_2017_05_08_close_2017_05_08_flight_Fixed Wing_N550ND_before_0_189617,open_2017_05_08_close_2017_05_08_flight_Fixed Wing_N550ND_before_0_189617,345,VSpd,0.48944587259621714,VSpdG,0.3556189460493816,AltB,0.07950830094599998,E1_RPM,0.02276828617999156,E1_EGT2,0.011709404321138211
open_2017_05_08_close_2017_05_08_flight_Fixed Wing_N550ND_before_0_189617,open_2017_05_08_close_2017_05_08_flight_Fixed Wing_N550ND_before_0_189617,346,VSpdG,0.8030027509776059,AltB,0.0966179780588029,VSpd,0.017820649286402302,E1_RPM,0.015029463253587658,E1_EGT2,0.013204457001369926
open_2017_05_08_close_2017_05_08_flight_Fixed Wing_N550ND_before_0_189617,open_2017_05_08_close_2017_05_08_flight_Fixed Wing_N550ND_before_0_189617,347,VSpdG,0.6447000794379961,VSpd,0.22783626885953737,AltB,0.06336118716835341,E1_RPM,0.019008356150505543,TAS,0.005280098930696118
open_2017_05_08_close_2017_05_08_flight_Fixed Wing_N550ND_before_0_189617,open_2017_05_08_close_2017_05_08_flight_Fixed Wing_N550ND_before_0_189617,348,VSpd,0.7070650159217217,AltB,0.11587430611630972,E1_RPM,0.05098469469117206,VSpdG,0.045190979385361846,HDG,0.013904916733957363
open_2017_05_08_close_2017_05_08_flight_Fixed Wing_N550ND_before_0_189617,open_2017_05_08_close_2017_05_08_flight_Fixed Wing_N550ND_before_0_189617,349,VSpd,0.7965848807198782,E1_RPM,0.07787019010163188,VSpdG,0.07153191881428854,TAS,0.013582009901447204,Roll,0.008783033069602526
open_2017_05_08_close_2017_05_08_flight_Fixed Wing_N550ND_before_0_189617,open_2017_05_08_close_2017_05_08_flight_Fixed Wing_N550ND_before_0_189617,350,VSpdG,0.6402442760757769,VSpd,0.11623686188648506,AltB,0.11127240092226076,E1_RPM,0.0796025637366919,TAS,0.00855941545555852
open_2017_05_08_close_2017_05_08_flight_Fixed Wing_N550ND_before_0_189617,open_2017_05_08_close_2017_05_08_flight_Fixed Wing_N550ND_before_0_189617,351,VSpd,0.5848051638983738,VSpdG,0.28669059919865514,AltB,0.04365846688304395,E1_RPM,0.024739797900392234,Roll,0.017536150864689317
open_2017_05_08_close_2017_05_08_flight_Fixed Wing_N550ND_before_0_189617,open_2017_05_08_close_2017_05_08_flight_Fixed Wing_N550ND_before_0_189617,352,VSpd,0.6622594429565263,VSpdG,0.1400811680249826,AltB,0.07518480769702436,E1_RPM,0.03323959919236723,TRK,0.020181185223938098
open_2017_05_08_close_2017_05_08_flight_Fixed Wing_N550ND_before_0_189617,open_2017_05_08_close_2017_05_08_flight_Fixed Wing_N550ND_before_0_189617,353,VSpd,0.5985349249782328,VSpdG,0.28064561789819215,HDG,0.02821961461738726,E1_RPM,0.02294781848007345,TRK,0.019226550618439694
open_2017_05_08_close_2017_05_08_flight_Fixed Wing_N550ND_before_0_189617,open_2017_05_08_close_2017_05_08_flight_Fixed Wing_N550ND_before_0_189617,354,VSpdG,0.3719423855047931,Roll,0.1185172347032224,AltB,0.11032189400565913,HDG,0.0866814881473036,TRK,0.08510546109007977
open_2017_05_08_close_2017_05_08_flight_Fixed Wing_N550ND_before_0_189617,open_2017_05_08_close_2017_05_08_flight_Fixed Wing_N550ND_before_0_189617,355,VSpdG,0.6382748054762505,VSpd,0.15160151938251124,AltB,0.09002465521526809,E1_RPM,0.0504138069205534,HDG,0.02430665690812241
open_2017_05_08_close_2017_05_08_flight_Fixed Wing_N550ND_before_0_189617,open_2017_05_08_close_2017_05_08_flight_Fixed Wing_N550ND_before_0_189617,356,VSpdG,0.6344759187911694,VSpd,0.23086905341728106,AltB,0.05229197132894252,E1_RPM,0.02004525567609622,Roll,0.01838934325067812
open_2017_05_08_close_2017_05_08_flight_Fixed Wing_N550ND_before_0_189617,open_2017_05_08_close_2017_05_08_flight_Fixed Wing_N550ND_before_0_189617,357,VSpdG,0.8388541249628146,VSpd,0.0568851201841264,AltB,0.03638152958326953,HDG,0.01793089672318285,TRK,0.01715129251782707
open_2017_05_08_close_2017_05_08_flight_Fixed Wing_N550ND_before_0_189617,open_2017_05_08_close_2017_05_08_flight_Fixed Wing_N550ND_before_0_189617,358,VSpd,0.31529593565482117,VSpdG,0.29316881770145553,E1_RPM,0.13325855350066157,E1_EGT4,0.06030724304936928,E1_EGT2,0.04735327203465291
open_2017_05_08_close_2017_05_08_flight_Fixed Wing_N550ND_before_0_189617,open_2017_05_08_close_2017_05_08_flight_Fixed Wing_N550ND_before_0_189617,359,VSpd,0.47296075187829667,VSpdG,0.2937111273796414,E1_RPM,0.17876445999345422,AltB,0.02239220793237418,E1_EGT2,0.008247796588424625
open_2017_05_08_close_2017_05_08_flight_Fixed Wing_N550ND_before_0_189617,open_2017_05_08_close_2017_05_08_flight_Fixed Wing_N550ND_before_0_189617,360,VSpd,0.6648278149186225,VSpdG,0.2727724867198214,E1_EGT2,0.024599920569073796,E1_RPM,0.013544130402946395,E1_EGT4,0.004756194629872147
open_2017_05_08_close_2017_05_08_flight_Fixed Wing_N550ND_before_0_189617,open_2017_05_08_close_2017_05_08_flight_Fixed Wing_N550ND_before_0_189617,361,VSpd,0.4339590799741023,VSpdG,0.37928100601108367,AltB,0.03850568588945008,E1_EGT2,0.027146508552063884,E1_RPM,0.025028695828146055
open_2017_05_08_close_2017_05_08_flight_Fixed Wing_N550ND_before_0_189617,open_2017_05_08_close_2017_05_08_flight_Fixed Wing_N550ND_before_0_189617,362,VSpd,0.7984614295475067,AltB,0.059031600587572584,VSpdG,0.04604464845830668,E1_RPM,0.03896085638780005,E1_EGT2,0.016764974566871472
open_2017_05_08_close_2017_05_08_flight_Fixed Wing_N550ND_before_0_189617,open_2017_05_08_close_2017_05_08_flight_Fixed Wing_N550ND_before_0_189617,363,VSpd,0.442517231870616,VSpdG,0.39918741958328485,E1_RPM,0.09587873357196763,AltB,0.018438217994609,E1_EGT2,0.01309113477617306
open_2017_05_08_close_2017_05_08_flight_Fixed Wing_N550ND_before_0_189617,open_2017_05_08_close_2017_05_08_flight_Fixed Wing_N550ND_before_0_189617,364,VSpdG,0.5671763614889386,VSpd,0.3007666187658771,E1_RPM,0.06046042432115764,AltB,0.047984463746949126,TAS,0.009596892749389825
open_2017_05_08_close_2017_05_08_flight_Fixed Wing_N550ND_before_0_189617,open_2017_05_08_close_2017_05_08_flight_Fixed Wing_N550ND_before_0_189617,365,VSpd,0.7400780815575463,VSpdG,0.14657784635364549,E1_RPM,0.04668084278778518,AltB,0.03734467423022814,TAS,0.009336168557557036
open_2017_05_08_close_2017_05_08_flight_Fixed Wing_N550ND_before_0_189617,open_2017_05_08_close_2017_05_08_flight_Fixed Wing_N550ND_before_0_189617,366,VSpd,0.7763868522378511,VSpdG,0.09393381376403818,E1_RPM,0.07880887764949038,AltB,0.023881478075602924,TAS,0.007960492691867643
open_2017_05_08_close_2017_05_08_flight_Fixed Wing_N550ND_before_0_189617,open_2017_05_08_close_2017_05_08_flight_Fixed Wing_N550ND_before_0_189617,367,VSpd,0.8459400604833156,VSpdG,0.05433273559201782,E1_RPM,0.03782658807039216,AltB,0.027510245869376115,Roll,0.010385117815689484
open_2017_05_08_close_2017_05_08_flight_Fixed Wing_N550ND_before_0_189617,open_2017_05_08_close_2017_05_08_flight_Fixed Wing_N550ND_before_0_189617,368,VSpd,0.520505850580245,VSpdG,0.31262210612508956,E1_RPM,0.05774548457086921,TAS,0.01991223605892292,E1_EGT2,0.0165271559289091
open_2017_05_08_close_2017_05_08_flight_Fixed Wing_N550ND_before_0_189617,open_2017_05_08_close_2017_05_08_flight_Fixed Wing_N550ND_before_0_189617,369,VSpd,0.5994036082988178,E1_RPM,0.13884657264685102,VSpdG,0.1152131134729122,AltB,0.0886254719022402,Roll,0.011225893107617095
open_2017_05_08_close_2017_05_08_flight_Fixed Wing_N550ND_before_0_189617,open_2017_05_08_close_2017_05_08_flight_Fixed Wing_N550ND_before_0_189617,370,VSpd,0.8148515975267163,VSpdG,0.07001661540636347,AltB,0.044314313548331326,Roll,0.016662181894172578,E1_RPM,0.008862862709666264
open_2017_05_08_close_2017_05_08_flight_Fixed Wing_N550ND_before_0_189617,open_2017_05_08_close_2017_05_08_flight_Fixed Wing_N550ND_before_0_189617,371,VSpd,0.6216609444519922,VSpdG,0.2837207172513443,AltB,0.024044128580622402,E1_RPM,0.02163971572256235,Roll,0.01995662672191659
open_2017_05_08_close_2017_05_08_flight_Fixed Wing_N550ND_before_0_189617,open_2017_05_08_close_2017_05_08_flight_Fixed Wing_N550ND_before_0_189617,372,VSpdG,0.31183636983949753,VSpd,0.27853858797527953,E1_RPM,0.1902730392241072,AltB,0.052853622006694446,TAS,0.052853622006694446
open_2017_05_08_close_2017_05_08_flight_Fixed Wing_N550ND_before_0_189617,open_2017_05_08_close_2017_05_08_flight_Fixed Wing_N550ND_before_0_189617,373,VSpd,0.644600133424579,VSpdG,0.28893567057230096,E1_RPM,0.01868406183839481,AltB,0.013345758455995425,Roll,0.009208573334636842
open_2017_05_08_close_2017_05_08_flight_Fixed Wing_N550ND_before_0_189617,open_2017_05_08_close_2017_05_08_flight_Fixed Wing_N550ND_before_0_189617,374,VSpd,0.5693852230666971,VSpdG,0.17741604521222687,AltB,0.1052468064818294,E1_RPM,0.04510577420649831,Roll,0.029619458395600557
open_2017_05_08_close_2017_05_08_flight_Fixed Wing_N550ND_before_0_189617,open_2017_05_08_close_2017_05_08_flight_Fixed Wing_N550ND_before_0_189617,375,VSpd,0.8818661881246354,VSpdG,0.06008442184808995,E1_RPM,0.01782165054816227,AltB,0.015275700469853376,HDG,0.008147040250588293
open_2017_05_08_close_2017_05_08_flight_Fixed Wing_N550ND_before_0_189617,open_2017_05_08_close_2017_05_08_flight_Fixed Wing_N550ND_before_0_189617,376,VSpdG,0.711174833485749,VSpd,0.18929076110677265,E1_RPM,0.029563849890861797,AltB,0.016424361050479192,TAS,0.016424361050479192
open_2017_05_08_close_2017_05_08_flight_Fixed Wing_N550ND_before_0_189617,open_2017_05_08_close_2017_05_08_flight_Fixed Wing_N550ND_before_0_189617,377,VSpdG,0.6429276157368226,VSpd,0.28601338552548616,Roll,0.02806491768814909,E1_RPM,0.011661323139120121,AltB,0.007774215426080081
open_2017_05_08_close_2017_05_08_flight_Fixed Wing_N550ND_before_0_189617,open_2017_05_08_close_2017_05_08_flight_Fixed Wing_N550ND_before_0_189617,378,VSpd,0.8283568353334216,AltB,0.06715888171570479,VSpdG,0.038376503837545595,E1_RPM,0.030701203070039092,E1_EGT2,0.014487130198673374
open_2017_05_08_close_2017_05_08_flight_Fixed Wing_N550ND_before_0_189617,open_2017_05_08_close_2017_05_08_flight_Fixed Wing_N550ND_before_0_189617,379,E1_RPM,0.33856022094061305,VSpd,0.32181541347634224,VSpdG,0.259782680353782,AltB,0.025648501586410057,E1_EGT2,0.020298956969815825
open_2017_05_08_close_2017_05_08_flight_Fixed Wing_N550ND_before_0_189617,open_2017_05_08_close_2017_05_08_flight_Fixed Wing_N550ND_before_0_189617,380,VSpd,0.6540259681027027,VSpdG,0.16821068926791413,AltB,0.05702057263319117,E1_EGT2,0.030042714206112018,Roll,0.028652837748178568
open_2017_05_08_close_2017_05_08_flight_Fixed Wing_N550ND_before_0_189617,open_2017_05_08_close_2017_05_08_flight_Fixed Wing_N550ND_before_0_189617,381,VSpd,0.3980544811064718,VSpdG,0.3496565754467301,E1_RPM,0.06376397937892563,AltB,0.06271866824156595,TRK,0.03972182321965826
open_2017_05_08_close_2017_05_08_flight_Fixed Wing_N550ND_before_0_189617,open_2017_05_08_close_2017_05_08_flight_Fixed Wing_N550ND_before_0_189617,382,VSpd,0.628659358388104,VSpdG,0.09702105501517022,E1_RPM,0.07909996842001088,AltB,0.05561716529532035,TRK,0.034606236183755024
open_2017_05_08_close_2017_05_08_flight_Fixed Wing_N550ND_before_0_189617,open_2017_05_08_close_2017_05_08_flight_Fixed Wing_N550ND_before_0_189617,383,VSpd,0.6668498458862897,VSpdG,0.21748819755805568,AltB,0.06574612985430942,E1_RPM,0.027087405499975358,TAS,0.010519380776689506
open_2017_05_08_close_2017_05_08_flight_Fixed Wing_N550ND_before_0_189617,open_2017_05_08_close_2017_05_08_flight_Fixed Wing_N550ND_before_0_189617,384,VSpd,0.5770232013918175,VSpdG,0.24187417226838495,E1_RPM,0.09879367599694597,TAS,0.020440070895919853,AltB,0.013626713930613236
open_2017_05_08_close_2017_05_08_flight_Fixed Wing_N550ND_before_0_189617,open_2017_05_08_close_2017_05_08_flight_Fixed Wing_N550ND_before_0_189617,385,VSpd,0.4404890879853101,VSpdG,0.37407598780640017,E1_RPM,0.07306171636843754,Roll,0.020676465732267828,E1_EGT4,0.016950318197477048
open_2017_05_08_close_2017_05_08_flight_Fixed Wing_N550ND_before_0_189617,open_2017_05_08_close_2017_05_08_flight_Fixed Wing_N550ND_before_0_189617,386,VSpd,0.7628605131442033,VSpdG,0.14512859314451465,E1_RPM,0.027495065498081995,TRK,0.01927489127700588,HDG,0.011905079906386012
open_2017_05_08_close_2017_05_08_flight_Fixed Wing_N550ND_before_0_189617,open_2017_05_08_close_2017_05_08_flight_Fixed Wing_N550ND_before_0_189617,387,VSpdG,0.6622084545222928,VSpd,0.16431178668400767,TRK,0.032374635554423284,Roll,0.029515576830136468,AltB,0.025226988743706397
open_2017_05_08_close_2017_05_08_flight_Fixed Wing_N550ND_before_0_189617,open_2017_05_08_close_2017_05_08_flight_Fixed Wing_N550ND_before_0_189617,388,VSpdG,0.46196819086902624,VSpd,0.4163706818675753,AltB,0.03745688034073186,E1_RPM,0.03196320455742441,Roll,0.02025168663755569
open_2017_05_08_close_2017_05_08_flight_Fixed Wing_N550ND_before_0_189617,open_2017_05_08_close_2017_05_08_flight_Fixed Wing_N550ND_before_0_189617,389,E1_RPM,0.45451766404064736,VSpdG,0.2535484141306439,VSpd,0.1108251939183939,AltB,0.04673703486279153,E1_EGT4,0.03809068341317499
open_2017_05_08_close_2017_05_08_flight_Fixed Wing_N550ND_before_0_189617,open_2017_05_08_close_2017_05_08_flight_Fixed Wing_N550ND_before_0_189617,390,AltB,0.31145441617090874,VSpdG,0.17352460329521957,E1_EGT4,0.15795188248667819,Roll,0.11368086190238169,VSpd,0.07808607148284906
open_2017_05_08_close_2017_05_08_flight_Fixed Wing_N550ND_before_0_189617,open_2017_05_08_close_2017_05_08_flight_Fixed Wing_N550ND_before_0_189617,391,VSpdG,0.43055786633947263,VSpd,0.3215182115713868,AltB,0.08751176145111234,E1_RPM,0.06957185035363371,E1_EGT4,0.03605484571785832
open_2017_05_08_close_2017_05_08_flight_Fixed Wing_N550ND_before_0_189617,open_2017_05_08_close_2017_05_08_flight_Fixed Wing_N550ND_before_0_189617,392,VSpdG,0.5685875328749622,E1_RPM,0.23742435281997784,VSpd,0.10069822501457482,E1_EGT4,0.029139519274316208,AltB,0.02840570522272917
open_2017_05_08_close_2017_05_08_flight_Fixed Wing_N550ND_before_0_189617,open_2017_05_08_close_2017_05_08_flight_Fixed Wing_N550ND_before_0_189617,393,VSpd,0.7300656288088438,VSpdG,0.151028221629202,E1_EGT4,0.047274230643298935,E1_RPM,0.026370006951130506,HDG,0.010548002780452148
open_2017_05_08_close_2017_05_08_flight_Fixed Wing_N550ND_before_0_189617,open_2017_05_08_close_2017_05_08_flight_Fixed Wing_N550ND_before_0_189617,394,VSpd,0.34686595757878413,VSpdG,0.3031139447661225,AltB,0.11200515280041476,E1_RPM,0.07000322050025923,E1_EGT4,0.06349292099373467
open_2017_05_08_close_2017_05_08_flight_Fixed Wing_N550ND_before_0_189617,open_2017_05_08_close_2017_05_08_flight_Fixed Wing_N550ND_before_0_189617,395,E1_RPM,0.38544337381352783,E1_EGT2,0.325074417696197,E1_EGT4,0.126451653620477,VSpd,0.09301221632972843,AltB,0.02810036747121711
open_2017_05_08_close_2017_05_08_flight_Fixed Wing_N550ND_before_0_189617,open_2017_05_08_close_2017_05_08_flight_Fixed Wing_N550ND_before_0_189617,396,VSpdG,0.4684992382919087,E1_EGT2,0.16859567315485205,VSpd,0.13565432046245213,E1_RPM,0.09287631384107208,E1_EGT4,0.06913108877529975
open_2017_05_08_close_2017_05_08_flight_Fixed Wing_N550ND_before_0_189617,open_2017_05_08_close_2017_05_08_flight_Fixed Wing_N550ND_before_0_189617,397,E1_EGT2,0.30395898754581946,VSpd,0.2739261234126284,E1_EGT4,0.1793721061141711,E1_RPM,0.06435613742826961,VSpdG,0.06435613742826811
open_2017_05_08_close_2017_05_08_flight_Fixed Wing_N550ND_before_0_189617,open_2017_05_08_close_2017_05_08_flight_Fixed Wing_N550ND_before_0_189617,398,E1_RPM,0.22215442462109014,VSpd,0.21127339157842392,VSpdG,0.17832804153257523,E1_EGT4,0.1311768983476919,E1_EGT2,0.12739876187454238
open_2017_05_08_close_2017_05_08_flight_Fixed Wing_N550ND_before_0_189617,open_2017_05_08_close_2017_05_08_flight_Fixed Wing_N550ND_before_0_189617,399,E1_RPM,0.7262888370132586,E1_EGT2,0.13533707758511723,E1_EGT4,0.07364601237504047,VSpd,0.040611441972225056,E1_OilP,0.009227863039786876
open_2017_05_08_close_2017_05_08_flight_Fixed Wing_N550ND_before_0_189617,open_2017_05_08_close_2017_05_08_flight_Fixed Wing_N550ND_before_0_189617,400,E1_EGT2,0.5403306597804602,E1_EGT4,0.20225854997192938,VSpd,0.07641173865562365,VSpdG,0.05315599210825993,GndSpd,0.03508295479145156
open_2017_05_08_close_2017_05_08_flight_Fixed Wing_N550ND_before_0_189617,open_2017_05_08_close_2017_05_08_flight_Fixed Wing_N550ND_before_0_189617,401,VSpdG,0.5075173892717788,VSpd,0.3304708147140621,E1_EGT2,0.05059049432375628,E1_EGT4,0.03128145306393168,AltB,0.028217805598907474
open_2017_05_08_close_2017_05_08_flight_Fixed Wing_N550ND_before_0_189617,open_2017_05_08_close_2017_05_08_flight_Fixed Wing_N550ND_before_0_189617,402,VSpdG,0.2740976776402746,VSpd,0.17630520112624365,AltB,0.13937170049505473,E1_EGT2,0.1254345304455461,E1_EGT4,0.09686333184405944
open_2017_05_08_close_2017_05_08_flight_Fixed Wing_N550ND_before_0_189617,open_2017_05_08_close_2017_05_08_flight_Fixed Wing_N550ND_before_0_189617,403,VSpd,0.7128360963231904,VSpdG,0.19657988211145108,E1_RPM,0.03307534524414863,E1_EGT2,0.010203431976260975,E1_EGT4,0.008736883649397684
open_2017_05_08_close_2017_05_08_flight_Fixed Wing_N550ND_before_0_189617,open_2017_05_08_close_2017_05_08_flight_Fixed Wing_N550ND_before_0_189617,404,VSpdG,0.4987326325749902,VSpd,0.33426056812682536,AltB,0.07594913186421175,TAS,0.01687758485871372,E1_EGT4,0.016033705615778802
open_2017_05_08_close_2017_05_08_flight_Fixed Wing_N550ND_before_0_189617,open_2017_05_08_close_2017_05_08_flight_Fixed Wing_N550ND_before_0_189617,405,VSpdG,0.56970248282173,VSpd,0.29044765652909127,AltB,0.06916917561853232,E1_RPM,0.018235509935795455,E1_EGT4,0.0130163812300325
open_2017_05_08_close_2017_05_08_flight_Fixed Wing_N550ND_before_0_189617,open_2017_05_08_close_2017_05_08_flight_Fixed Wing_N550ND_before_0_189617,406,VSpd,0.47089254850594625,AltB,0.20543058344903137,E1_RPM,0.14151884637600562,TAS,0.04565124076645141,HDG,0.03195586853651612
open_2017_05_08_close_2017_05_08_flight_Fixed Wing_N550ND_before_0_189617,open_2017_05_08_close_2017_05_08_flight_Fixed Wing_N550ND_before_0_189617,407,VSpdG,0.4437093653565281,VSpd,0.3382176650630521,AltB,0.09663361858944347,E1_RPM,0.0668382528576962,HDG,0.008858081704032272
open_2017_05_08_close_2017_05_08_flight_Fixed Wing_N550ND_before_0_189617,open_2017_05_08_close_2017_05_08_flight_Fixed Wing_N550ND_before_0_189617,408,VSpd,0.5477493401669616,VSpdG,0.22490154401380666,AltB,0.12222910000750403,E1_RPM,0.05948482867032011,Roll,0.00994130013394366
open_2017_05_08_close_2017_05_08_flight_Fixed Wing_N550ND_before_0_189617,open_2017_05_08_close_2017_05_08_flight_Fixed Wing_N550ND_before_0_189617,409,VSpd,0.5766807281906929,VSpdG,0.24680127607919972,AltB,0.06256933759754359,E1_RPM,0.05075068494022791,Roll,0.016754678178897784
open_2017_05_08_close_2017_05_08_flight_Fixed Wing_N550ND_before_0_189617,open_2017_05_08_close_2017_05_08_flight_Fixed Wing_N550ND_before_0_189617,410,VSpd,0.41936611595434786,VSpdG,0.3913166600485252,AltB,0.09935774571544599,E1_RPM,0.027514452659661272,HDG,0.011464355274859154
open_2017_05_08_close_2017_05_08_flight_Fixed Wing_N550ND_before_0_189617,open_2017_05_08_close_2017_05_08_flight_Fixed Wing_N550ND_before_0_189617,411,VSpd,0.613122682444101,VSpdG,0.20373448152488818,AltB,0.09596189347186754,Roll,0.017273140824936157,E1_RPM,0.01623970504908729
open_2017_05_08_close_2017_05_08_flight_Fixed Wing_N550ND_before_0_189617,open_2017_05_08_close_2017_05_08_flight_Fixed Wing_N550ND_before_0_189617,412,VSpdG,0.35668732094050826,VSpd,0.313776206695383,AltB,0.1448476430215267,E1_RPM,0.06337084382191793,E1_EGT4,0.02426198020610424
open_2017_05_08_close_2017_05_08_flight_Fixed Wing_N550ND_before_0_189617,open_2017_05_08_close_2017_05_08_flight_Fixed Wing_N550ND_before_0_189617,413,VSpd,0.4769932751313488,VSpdG,0.394274369332992,AltB,0.05724491750751254,Roll,0.012164544970346415,HDG,0.010733422032658601
open_2017_05_08_close_2017_05_08_flight_Fixed Wing_N550ND_before_0_189617,open_2017_05_08_close_2017_05_08_flight_Fixed Wing_N550ND_before_0_189617,414,VSpd,0.8331468955944147,VSpdG,0.05455786202914339,AltB,0.04143635090821029,Roll,0.025690537563090376,HDG,0.014502722817873561
open_2017_05_08_close_2017_05_08_flight_Fixed Wing_N550ND_before_0_189617,open_2017_05_08_close_2017_05_08_flight_Fixed Wing_N550ND_before_0_189617,415,VSpd,0.4244770858959531,VSpdG,0.37935723053239995,AltB,0.09637250660176452,E1_RPM,0.02978786567690983,TRK,0.009637250660176651
open_2017_05_08_close_2017_05_08_flight_Fixed Wing_N550ND_before_0_189617,open_2017_05_08_close_2017_05_08_flight_Fixed Wing_N550ND_before_0_189617,416,VSpd,0.5600586785248465,VSpdG,0.2950777700011386,E1_EGT4,0.029614883268716658,E1_EGT2,0.02672301401643709,E1_RPM,0.023563379092650383
open_2017_05_08_close_2017_05_08_flight_Fixed Wing_N550ND_before_0_189617,open_2017_05_08_close_2017_05_08_flight_Fixed Wing_N550ND_before_0_189617,417,VSpd,0.5347464287842126,E1_RPM,0.30058821179551026,VSpdG,0.07153999440733143,E1_EGT4,0.029337409471242457,E1_EGT2,0.01965846905142626
open_2017_05_08_close_2017_05_08_flight_Fixed Wing_N550ND_before_0_189617,open_2017_05_08_close_2017_05_08_flight_Fixed Wing_N550ND_before_0_189617,418,VSpd,0.7425721602742885,VSpdG,0.130049976062617,E1_RPM,0.0455504992300528,AltB,0.03630836895149208,E1_EGT2,0.02211509745227185
open_2017_05_08_close_2017_05_08_flight_Fixed Wing_N550ND_before_0_189617,open_2017_05_08_close_2017_05_08_flight_Fixed Wing_N550ND_before_0_189617,419,VSpd,0.7436455509456686,VSpdG,0.19654476671700513,AltB,0.01919382487470753,E1_EGT2,0.011554682574573899,Roll,0.007332041102138278
open_2017_05_08_close_2017_05_08_flight_Fixed Wing_N550ND_before_0_189617,open_2017_05_08_close_2017_05_08_flight_Fixed Wing_N550ND_before_0_189617,420,VSpdG,0.528973616416258,VSpd,0.40028015617085155,E1_EGT2,0.017142071245412394,E1_RPM,0.013432220005732692,AltB,0.012792590481650736
open_2017_05_08_close_2017_05_08_flight_Fixed Wing_N550ND_before_0_189617,open_2017_05_08_close_2017_05_08_flight_Fixed Wing_N550ND_before_0_189617,421,VSpdG,0.5518464062384848,VSpd,0.37448150324188345,Roll,0.016949091557989737,AltB,0.013345741384243886,E1_EGT2,0.010142763452025232
open_2017_05_08_close_2017_05_08_flight_Fixed Wing_N550ND_before_0_189617,open_2017_05_08_close_2017_05_08_flight_Fixed Wing_N550ND_before_0_189617,422,VSpd,0.895877079344926,VSpdG,0.031034106844892224,Roll,0.02389626227056701,TAS,0.015517053422446112,E1_EGT2,0.0103188405259261
open_2017_05_08_close_2017_05_08_flight_Fixed Wing_N550ND_before_0_189617,open_2017_05_08_close_2017_05_08_flight_Fixed Wing_N550ND_before_0_189617,423,VSpd,0.636358156257854,VSpdG,0.26720617077198394,E1_RPM,0.04701574852292973,AltB,0.01567191617430991,TAS,0.007835958087154956
open_2017_05_08_close_2017_05_08_flight_Fixed Wing_N550ND_before_0_189617,open_2017_05_08_close_2017_05_08_flight_Fixed Wing_N550ND_before_0_189617,424,VSpd,0.4657199107026182,VSpdG,0.4514871181780671,Roll,0.026588733287622894,E1_RPM,0.009384258807397263,HDG,0.00834156338435225
open_2017_05_08_close_2017_05_08_flight_Fixed Wing_N550ND_before_0_189617,open_2017_05_08_close_2017_05_08_flight_Fixed Wing_N550ND_before_0_189617,425,VSpdG,0.6766657006472856,VSpd,0.20398944447534798,HDG,0.04323576070340615,TRK,0.02865020287575112,E1_RPM,0.014064645048097426
open_2017_05_08_close_2017_05_08_flight_Fixed Wing_N550ND_before_0_189617,open_2017_05_08_close_2017_05_08_flight_Fixed Wing_N550ND_before_0_189617,426,VSpd,0.5529431568711025,VSpdG,0.3081394941122103,HDG,0.04910306026268483,TRK,0.041986674717368194,E1_RPM,0.014232771090633272
open_2017_05_08_close_2017_05_08_flight_Fixed Wing_N550ND_before_0_189617,open_2017_05_08_close_2017_05_08_flight_Fixed Wing_N550ND_before_0_189617,427,VSpdG,0.8072705532281274,Roll,0.07098855341085436,TRK,0.03075316393249998,HDG,0.024346254779895975,VSpd,0.019989556556125086
open_2017_05_08_close_2017_05_08_flight_Fixed Wing_N550ND_before_0_189617,open_2017_05_08_close_2017_05_08_flight_Fixed Wing_N550ND_before_0_189617,428,VSpdG,0.6356742569144945,VSpd,0.2457713838230907,Roll,0.029914082678329155,AltB,0.02549495682812144,E1_RPM,0.01657172193827932
open_2017_05_08_close_2017_05_08_flight_Fixed Wing_N550ND_before_0_189617,open_2017_05_08_close_2017_05_08_flight_Fixed Wing_N550ND_before_0_189617,429,VSpdG,0.825938923931685,VSpd,0.06127780122703319,HDG,0.029565943004482967,TRK,0.024797242519888876,E1_RPM,0.017644191792997026
open_2017_05_08_close_2017_05_08_flight_Fixed Wing_N550ND_before_0_189617,open_2017_05_08_close_2017_05_08_flight_Fixed Wing_N550ND_before_0_189617,430,VSpd,0.7806322247841502,VSpdG,0.0629499094680037,TRK,0.03467579758830709,AltB,0.0320084285430527,HDG,0.0320084285430527
open_2017_05_08_close_2017_05_08_flight_Fixed Wing_N550ND_before_0_189617,open_2017_05_08_close_2017_05_08_flight_Fixed Wing_N550ND_before_0_189617,431,VSpdG,0.5255154972587197,VSpd,0.40094715653373253,AltB,0.02300855942463747,E1_RPM,0.014725478031767143,Roll,0.012884793277796982
open_2017_05_08_close_2017_05_08_flight_Fixed Wing_N550ND_before_0_189617,open_2017_05_08_close_2017_05_08_flight_Fixed Wing_N550ND_before_0_189617,432,VSpd,0.8442614493978942,VSpdG,0.03411501967462952,Roll,0.029680067116927677,E1_RPM,0.02558626475597214,HDG,0.01705750983731476
open_2017_05_08_close_2017_05_08_flight_Fixed Wing_N550ND_before_0_189617,open_2017_05_08_close_2017_05_08_flight_Fixed Wing_N550ND_before_0_189617,433,VSpdG,0.8072055083382178,VSpd,0.11002020630889327,Roll,0.018532032087982677,HDG,0.0161148105112892,E1_EGT4,0.008643398365146536
open_2017_05_08_close_2017_05_08_flight_Fixed Wing_N550ND_before_0_189617,open_2017_05_08_close_2017_05_08_flight_Fixed Wing_N550ND_before_0_189617,434,VSpd,0.6475642937800252,VSpdG,0.26621487035614566,AltB,0.013513445195743433,TAS,0.013513445195743433,TRK,0.012162100676169551
open_2017_05_08_close_2017_05_08_flight_Fixed Wing_N550ND_before_0_189617,open_2017_05_08_close_2017_05_08_flight_Fixed Wing_N550ND_before_0_189617,435,VSpd,0.7926581285136822,E1_RPM,0.057540919153275846,VSpdG,0.05050814014565328,AltB,0.04475404823032566,Roll,0.018285225419818772
open_2017_05_08_close_2017_05_08_flight_Fixed Wing_N550ND_before_0_189617,open_2017_05_08_close_2017_05_08_flight_Fixed Wing_N550ND_before_0_189617,436,VSpdG,0.5291444772913381,E1_RPM,0.15993914991574748,VSpd,0.13632196703098884,AltB,0.05979033641710034,TAS,0.02989516820855017
open_2017_05_08_close_2017_05_08_flight_Fixed Wing_N550ND_before_0_189617,open_2017_05_08_close_2017_05_08_flight_Fixed Wing_N550ND_before_0_189617,437,VSpdG,0.7049795589911003,VSpd,0.16525502364341035,E1_RPM,0.04477352857333777,AltB,0.024421924676366058,Roll,0.0192119140787413
open_2017_05_08_close_2017_05_08_flight_Fixed Wing_N550ND_before_0_189617,open_2017_05_08_close_2017_05_08_flight_Fixed Wing_N550ND_before_0_189617,438,VSpdG,0.5774189670603298,VSpd,0.2975061006064747,E1_RPM,0.04059977112142841,Roll,0.030675382625080017,Pitch,0.01161604562640898
open_2017_05_08_close_2017_05_08_flight_Fixed Wing_N550ND_before_0_189617,open_2017_05_08_close_2017_05_08_flight_Fixed Wing_N550ND_before_0_189617,439,VSpdG,0.4575803359185891,VSpd,0.4272202437893875,Roll,0.02992430133308868,TAS,0.0145263598704314,HPLfd,0.0145263598704314
open_2017_05_08_close_2017_05_08_flight_Fixed Wing_N550ND_before_0_189617,open_2017_05_08_close_2017_05_08_flight_Fixed Wing_N550ND_before_0_189617,440,TRK,0.9107708403424999,VSpd,0.048729785784732214,E1_RPM,0.01165057248491495,VSpdG,0.010130932595578419,AltB,0.005065466297789209
open_2017_05_08_close_2017_05_08_flight_Fixed Wing_N550ND_before_0_189617,open_2017_05_08_close_2017_05_08_flight_Fixed Wing_N550ND_before_0_189617,441,VSpdG,0.48212672332123446,VSpd,0.4773388597870975,AltB,0.011134566358458069,E1_EGT4,0.009909764059028795,E1_RPM,0.006680739815073829
open_2017_05_08_close_2017_05_08_flight_Fixed Wing_N550ND_before_0_189617,open_2017_05_08_close_2017_05_08_flight_Fixed Wing_N550ND_before_0_189617,442,VSpdG,0.4514200368430346,VSpd,0.3168118157119413,E1_RPM,0.11449058905439283,AltB,0.032711596872683664,TAS,0.032711596872683664
open_2017_05_08_close_2017_05_08_flight_Fixed Wing_N550ND_before_0_189617,open_2017_05_08_close_2017_05_08_flight_Fixed Wing_N550ND_before_0_189617,443,VSpd,0.7086143194953286,VSpdG,0.23236884305749375,AltB,0.022130366005475594,TAS,0.007376788668491865,E1_RPM,0.007376788668491865
open_2017_05_08_close_2017_05_08_flight_Fixed Wing_N550ND_before_0_189617,open_2017_05_08_close_2017_05_08_flight_Fixed Wing_N550ND_before_0_189617,444,VSpdG,0.4826096655997964,VSpd,0.2629813686276854,AltB,0.08179824840674517,TAS,0.040899124203372585,E1_RPM,0.040899124203372585
open_2017_05_08_close_2017_05_08_flight_Fixed Wing_N550ND_before_0_189617,open_2017_05_08_close_2017_05_08_flight_Fixed Wing_N550ND_before_0_189617,445,VSpd,0.45717397533980386,VSpdG,0.2572417667510292,E1_RPM,0.13350522071888563,Roll,0.03451598389317608,E1_EGT2,0.033539116424500394
open_2017_05_08_close_2017_05_08_flight_Fixed Wing_N550ND_before_0_189617,open_2017_05_08_close_2017_05_08_flight_Fixed Wing_N550ND_before_0_189617,446,VSpdG,0.5331500184229531,VSpd,0.2676575473199495,E1_RPM,0.11096015611848013,AltB,0.027063452711825024,Roll,0.017861878789804515
open_2017_05_08_close_2017_05_08_flight_Fixed Wing_N550ND_before_0_189617,open_2017_05_08_close_2017_05_08_flight_Fixed Wing_N550ND_before_0_189617,447,VSpd,0.7731521750732021,VSpdG,0.13897388357402252,E1_RPM,0.03958116937234823,TAS,0.01759163083215477,Roll,0.01275393235331221
open_2017_05_08_close_2017_05_08_flight_Fixed Wing_N550ND_before_0_189617,open_2017_05_08_close_2017_05_08_flight_Fixed Wing_N550ND_before_0_189617,448,VSpdG,0.7590533912164238,VSpd,0.07976259773399473,E1_RPM,0.053726102100619275,Roll,0.03264893896883711,HDG,0.017908700700205383
open_2017_05_08_close_2017_05_08_flight_Fixed Wing_N550ND_before_0_189617,open_2017_05_08_close_2017_05_08_flight_Fixed Wing_N550ND_before_0_189617,449,VSpd,0.46328515597232983,VSpdG,0.2685218438871171,E1_RPM,0.12236438455615149,Roll,0.05540387411848112,TAS,0.033990106821154054
open_2017_05_08_close_2017_05_08_flight_Fixed Wing_N550ND_before_0_189617,open_2017_05_08_close_2017_05_08_flight_Fixed Wing_N550ND_before_0_189617,450,VSpd,0.4458278401560113,VSpdG,0.29730254387346344,E1_RPM,0.17132688968979126,TAS,0.025195130836734178,Roll,0.023431471678162785
open_2017_05_08_close_2017_05_08_flight_Fixed Wing_N550ND_before_0_189617,open_2017_05_08_close_2017_05_08_flight_Fixed Wing_N550ND_before_0_189617,451,VSpd,0.7779980065074416,VSpdG,0.10622509940215674,E1_RPM,0.0376494023197542,AltB,0.013446215114197056,TAS,0.013446215114197056
open_2017_05_08_close_2017_05_08_flight_Fixed Wing_N550ND_before_0_189617,open_2017_05_08_close_2017_05_08_flight_Fixed Wing_N550ND_before_0_189617,452,VSpdG,0.47331748470916446,VSpd,0.18571694527147725,E1_RPM,0.11632378861496782,AltB,0.08022330249307874,TAS,0.04011165124653937
open_2017_05_08_close_2017_05_08_flight_Fixed Wing_N550ND_before_0_189617,open_2017_05_08_close_2017_05_08_flight_Fixed Wing_N550ND_before_0_189617,453,VSpd,0.8462530591845058,VSpdG,0.09655098959030388,AltB,0.03682029264037009,HDG,0.004500257989378659,TAS,0.0040911436267077874
open_2017_05_08_close_2017_05_08_flight_Fixed Wing_N550ND_before_0_189617,open_2017_05_08_close_2017_05_08_flight_Fixed Wing_N550ND_before_0_189617,454,VSpd,0.6008531875608423,VSpdG,0.31443240257533794,AltB,0.03990258915930684,E1_RPM,0.014763957988942804,TAS,0.011970776747792051
open_2017_05_08_close_2017_05_08_flight_Fixed Wing_N550ND_before_0_189617,open_2017_05_08_close_2017_05_08_flight_Fixed Wing_N550ND_before_0_189617,455,VSpd,0.4817998970580594,VSpdG,0.4265372222983842,AltB,0.03940297665573988,E1_RPM,0.0182238767032788,Roll,0.010983579742787491
open_2017_05_08_close_2017_05_08_flight_Fixed Wing_N550ND_before_0_189617,open_2017_05_08_close_2017_05_08_flight_Fixed Wing_N550ND_before_0_189617,456,VSpdG,0.8329531635951587,VSpd,0.0594102710150449,E1_RPM,0.04232792845855547,HDG,0.0158729731719583,AltB,0.015117117306627199
open_2017_05_08_close_2017_05_08_flight_Fixed Wing_N550ND_before_0_189617,open_2017_05_08_close_2017_05_08_flight_Fixed Wing_N550ND_before_0_189617,457,VSpdG,0.5226126674621948,E1_RPM,0.18702636069078438,VSpd,0.1610283701266762,AltB,0.03979284270016714,Roll,0.025732704946108086
open_2017_05_08_close_2017_05_08_flight_Fixed Wing_N550ND_before_0_189617,open_2017_05_08_close_2017_05_08_flight_Fixed Wing_N550ND_before_0_189617,458,VSpd,0.7570897065922811,VSpdG,0.1093420234383733,E1_RPM,0.03598598239743806,AltB,0.02768152492110717,HDG,0.016608914952664144
open_2017_05_08_close_2017_05_08_flight_Fixed Wing_N550ND_before_0_189617,open_2017_05_08_close_2017_05_08_flight_Fixed Wing_N550ND_before_0_189617,459,VSpd,0.7907644183237987,VSpdG,0.11740085727504812,AltB,0.029847675578402066,E1_RPM,0.016913682827763885,TAS,0.00994922519280069
open_2017_05_08_close_2017_05_08_flight_Fixed Wing_N550ND_before_0_189617,open_2017_05_08_close_2017_05_08_flight_Fixed Wing_N550ND_before_0_189617,460,VSpd,0.500061187407579,E1_RPM,0.3933591352033809,VSpdG,0.048523324755833416,E1_EGT2,0.017291052781012686,AltB,0.012315564658840976
open_2017_05_08_close_2017_05_08_flight_Fixed Wing_N550ND_before_0_189617,open_2017_05_08_close_2017_05_08_flight_Fixed Wing_N550ND_before_0_189617,461,VSpd,0.6062848886055532,VSpdG,0.23324731629973677,AltB,0.07116019819314004,E1_EGT4,0.030480284892728457,E1_EGT2,0.026882741539630498
open_2017_05_08_close_2017_05_08_flight_Fixed Wing_N550ND_before_0_189617,open_2017_05_08_close_2017_05_08_flight_Fixed Wing_N550ND_before_0_189617,462,VSpd,0.6694418281460718,VSpdG,0.2801419822530801,E1_RPM,0.01502172435411637,E1_EGT2,0.011806548264287908,E1_EGT4,0.009355635343352982
open_2017_05_08_close_2017_05_08_flight_Fixed Wing_N550ND_before_0_189617,open_2017_05_08_close_2017_05_08_flight_Fixed Wing_N550ND_before_0_189617,463,VSpdG,0.5486389907528044,VSpd,0.20949844583373828,E1_RPM,0.0975800745803531,AltB,0.03982860186953206,E1_EGT2,0.027680878299324512
open_2017_05_08_close_2017_05_08_flight_Fixed Wing_N550ND_before_0_189617,open_2017_05_08_close_2017_05_08_flight_Fixed Wing_N550ND_before_0_189617,464,VSpd,0.4613765299815753,VSpdG,0.3844804416513125,AltB,0.06268702853010538,E1_EGT2,0.026258899728721793,E1_EGT4,0.023960375349285103
open_2017_05_08_close_2017_05_08_flight_Fixed Wing_N550ND_before_0_189617,open_2017_05_08_close_2017_05_08_flight_Fixed Wing_N550ND_before_0_189617,465,VSpd,0.5584395325804768,VSpdG,0.3015144927416973,HDG,0.04030396772689374,TRK,0.026019017140146598,Roll,0.01086676598206119
open_2017_05_08_close_2017_05_08_flight_Fixed Wing_N550ND_before_0_189617,open_2017_05_08_close_2017_05_08_flight_Fixed Wing_N550ND_before_0_189617,466,VSpdG,0.517730046886942,VSpd,0.2855407484202677,TRK,0.04682720952534323,E1_RPM,0.03683038951431499,AltB,0.03156890529798428
open_2017_05_08_close_2017_05_08_flight_Fixed Wing_N550ND_before_0_189617,open_2017_05_08_close_2017_05_08_flight_Fixed Wing_N550ND_before_0_189617,467,VSpd,0.3373386769071661,VSpdG,0.2819504427268225,AltB,0.15743425736015434,E1_RPM,0.05581760033678329,TRK,0.03291807199348698
open_2017_05_08_close_2017_05_08_flight_Fixed Wing_N550ND_before_0_189617,open_2017_05_08_close_2017_05_08_flight_Fixed Wing_N550ND_before_0_189617,468,VSpdG,0.5643118576966661,E1_RPM,0.14600449651516878,VSpd,0.11886378335928174,AltB,0.053743986447301544,Roll,0.034127431394036484
open_2017_05_08_close_2017_05_08_flight_Fixed Wing_N550ND_before_0_189617,open_2017_05_08_close_2017_05_08_flight_Fixed Wing_N550ND_before_0_189617,469,VSpd,0.909308256273092,E1_RPM,0.021719146248561118,VSpdG,0.019305907776498772,Roll,0.011535279896458014,E1_EGT2,0.00888071757718904
open_2017_05_08_close_2017_05_08_flight_Fixed Wing_N550ND_before_0_189617,open_2017_05_08_close_2017_05_08_flight_Fixed Wing_N550ND_before_0_189617,470,VSpd,0.5008330694597024,VSpdG,0.4377075243362423,E1_RPM,0.012235788482080718,AltB,0.011123444074618604,Roll,0.008676286378202511
open_2017_05_08_close_2017_05_08_flight_Fixed Wing_N550ND_before_0_189617,open_2017_05_08_close_2017_05_08_flight_Fixed Wing_N550ND_before_0_189617,471,VSpd,0.5327238448720685,AltB,0.09854610973431203,VSpdG,0.09690367457207359,E1_RPM,0.08951271634200085,TAS,0.04106087905596335
open_2017_05_08_close_2017_05_08_flight_Fixed Wing_N550ND_before_0_189617,open_2017_05_08_close_2017_05_08_flight_Fixed Wing_N550ND_before_0_189617,472,VSpd,0.3684361135844849,VSpdG,0.2630890251314326,E1_RPM,0.1709335474017782,E1_EGT4,0.04864174207585354,HDG,0.04050381884085616
open_2017_05_08_close_2017_05_08_flight_Fixed Wing_N550ND_before_0_189617,open_2017_05_08_close_2017_05_08_flight_Fixed Wing_N550ND_before_0_189617,473,VSpdG,0.6151750346744985,VSpd,0.20380925852667817,E1_EGT4,0.0436139322383437,E1_EGT2,0.030758751733725352,AltB,0.0260226326004441
open_2017_05_08_close_2017_05_08_flight_Fixed Wing_N550ND_before_0_189617,open_2017_05_08_close_2017_05_08_flight_Fixed Wing_N550ND_before_0_189617,474,E1_RPM,0.46975805237592083,VSpdG,0.19796946492985254,VSpd,0.15166474262422575,AltB,0.08388536649570015,Roll,0.03263140756682736
open_2017_05_08_close_2017_05_08_flight_Fixed Wing_N550ND_before_0_189617,open_2017_05_08_close_2017_05_08_flight_Fixed Wing_N550ND_before_0_189617,475,VSpd,0.4686578249541833,VSpdG,0.3495742000132054,AltB,0.06978795281570348,E1_RPM,0.04567938729755166,TAS,0.0190330780406464
open_2017_05_08_close_2017_05_08_flight_Fixed Wing_N550ND_before_0_189617,open_2017_05_08_close_2017_05_08_flight_Fixed Wing_N550ND_before_0_189617,476,VSpd,0.6061960438672515,VSpdG,0.32888693389284235,E1_RPM,0.02819030861938637,AltB,0.015661282566325825,TAS,0.005220427522108609
open_2017_05_08_close_2017_05_08_flight_Fixed Wing_N550ND_before_0_189617,open_2017_05_08_close_2017_05_08_flight_Fixed Wing_N550ND_before_0_189617,477,VSpd,0.4258914776026774,VSpdG,0.2600576279166791,E1_RPM,0.08574363818991863,E1_EGT4,0.0843302815164597,AltB,0.06595664476147653
open_2017_05_08_close_2017_05_08_flight_Fixed Wing_N550ND_before_0_189617,open_2017_05_08_close_2017_05_08_flight_Fixed Wing_N550ND_before_0_189617,478,VSpd,0.366108130775646,E1_RPM,0.2986688351605112,E1_EGT2,0.16453320123163634,E1_EGT4,0.07083567185007981,VSpdG,0.05030882298012875
open_2017_05_08_close_2017_05_08_flight_Fixed Wing_N550ND_before_0_189617,open_2017_05_08_close_2017_05_08_flight_Fixed Wing_N550ND_before_0_189617,479,VSpd,0.37008774392945865,VSpdG,0.22810271444791477,E1_EGT2,0.15223183110713356,E1_EGT4,0.13663887211167014,E1_RPM,0.06950004580834862
open_2017_05_08_close_2017_05_08_flight_Fixed Wing_N550ND_before_0_189617,open_2017_05_08_close_2017_05_08_flight_Fixed Wing_N550ND_before_0_189617,480,VSpd,0.34683736332390513,E1_EGT4,0.15392190680054965,VSpdG,0.14974131180102856,E1_EGT2,0.14730896561948895,E1_RPM,0.13833968907506225
open_2017_05_08_close_2017_05_08_flight_Fixed Wing_N550ND_before_0_189617,open_2017_05_08_close_2017_05_08_flight_Fixed Wing_N550ND_before_0_189617,481,VSpd,0.44429556568323525,E1_EGT2,0.17700119218641797,E1_EGT4,0.1419461923835568,VSpdG,0.051785795163317924,E1_RPM,0.046474431556823785
open_2017_05_08_close_2017_05_08_flight_Fixed Wing_N550ND_before_0_189617,open_2017_05_08_close_2017_05_08_flight_Fixed Wing_N550ND_before_0_189617,482,E1_RPM,0.6220079111475814,E1_EGT2,0.17499648457898664,E1_EGT4,0.11222617372375686,VSpd,0.05073343417823382,VSpdG,0.012006091826159701
open_2017_05_08_close_2017_05_08_flight_Fixed Wing_N550ND_before_0_189617,open_2017_05_08_close_2017_05_08_flight_Fixed Wing_N550ND_before_0_189617,483,E1_EGT2,0.4400656224137789,E1_EGT4,0.270116470138743,VSpd,0.06821017147413577,E1_RPM,0.06181874219622227,Pitch,0.04212056671674741
open_2017_05_08_close_2017_05_08_flight_Fixed Wing_N550ND_before_0_189617,open_2017_05_08_close_2017_05_08_flight_Fixed Wing_N550ND_before_0_189617,484,VSpd,0.506917001090282,VSpdG,0.19714633757577088,E1_EGT2,0.09692430850997887,E1_EGT4,0.07326674800088669,AltB,0.057351661840224256
open_2017_05_08_close_2017_05_08_flight_Fixed Wing_N550ND_before_0_189617,open_2017_05_08_close_2017_05_08_flight_Fixed Wing_N550ND_before_0_189617,485,VSpd,0.8166892192757279,E1_EGT2,0.05517446516161467,E1_EGT4,0.04628226980547149,AltB,0.032140465142689006,Roll,0.018641469782759625
open_2017_05_08_close_2017_05_08_flight_Fixed Wing_N550ND_before_0_189617,open_2017_05_08_close_2017_05_08_flight_Fixed Wing_N550ND_before_0_189617,486,VSpdG,0.7588006341176231,VSpd,0.0927137438638214,AltB,0.04497548212382187,E1_EGT2,0.02621428100931431,E1_EGT4,0.02261624243940745
open_2017_05_08_close_2017_05_08_flight_Fixed Wing_N550ND_before_0_189617,open_2017_05_08_close_2017_05_08_flight_Fixed Wing_N550ND_before_0_189617,487,VSpd,0.7154572067519573,VSpdG,0.07690285151824615,AltB,0.0716890988729416,E1_RPM,0.04627205472708286,Roll,0.021246042029617235
open_2017_05_08_close_2017_05_08_flight_Fixed Wing_N550ND_before_0_189617,open_2017_05_08_close_2017_05_08_flight_Fixed Wing_N550ND_before_0_189617,488,VSpd,0.5660650394868605,VSpdG,0.2634133929046868,AltB,0.06691795200811895,Roll,0.023360448701016067,E1_EGT4,0.015086956452739655
open_2017_05_08_close_2017_05_08_flight_Fixed Wing_N550ND_before_0_189617,open_2017_05_08_close_2017_05_08_flight_Fixed Wing_N550ND_before_0_189617,489,VSpd,0.452906388199148,VSpdG,0.30573772201086646,AltB,0.10363990576639531,E1_EGT4,0.0307033220832932,TAS,0.025909976441598828
open_2017_05_08_close_2017_05_08_flight_Fixed Wing_N550ND_before_0_189617,open_2017_05_08_close_2017_05_08_flight_Fixed Wing_N550ND_before_0_189617,490,VSpdG,0.6509339911085015,AltB,0.12853421545160823,VSpd,0.1256881006808935,E1_RPM,0.031215452323962837,HDG,0.011935320006220869
open_2017_05_08_close_2017_05_08_flight_Fixed Wing_N550ND_before_0_189617,open_2017_05_08_close_2017_05_08_flight_Fixed Wing_N550ND_before_0_189617,491,VSpd,0.6150873013479897,VSpdG,0.1779271212247933,AltB,0.07882847142870611,Roll,0.02421160193881688,TAS,0.022522420408201748
open_2017_05_08_close_2017_05_08_flight_Fixed Wing_N550ND_before_0_189617,open_2017_05_08_close_2017_05_08_flight_Fixed Wing_N550ND_before_0_189617,492,VSpd,0.5048187323490336,VSpdG,0.3321545800402981,AltB,0.06827845055241925,E1_RPM,0.04418017388685952,Roll,0.016788466077006615
open_2017_05_08_close_2017_05_08_flight_Fixed Wing_N550ND_before_0_189617,open_2017_05_08_close_2017_05_08_flight_Fixed Wing_N550ND_before_0_189617,493,VSpd,0.7631127397341514,VSpdG,0.1191970732992778,E1_RPM,0.05180294746761944,HDG,0.026152944352584053,AltB,0.005029412375496944
open_2017_05_08_close_2017_05_08_flight_Fixed Wing_N550ND_before_0_189617,open_2017_05_08_close_2017_05_08_flight_Fixed Wing_N550ND_before_0_189617,494,VSpd,0.7761484946418172,VSpdG,0.17597498529661992,E1_RPM,0.01058673039886083,HDG,0.008939905670149106,AltB,0.007057820265907221
open_2017_05_08_close_2017_05_08_flight_Fixed Wing_N550ND_before_0_189617,open_2017_05_08_close_2017_05_08_flight_Fixed Wing_N550ND_before_0_189617,495,VSpd,0.38920636676298387,VSpdG,0.30904723911701026,AltB,0.11468549889107793,HDG,0.06096439677894139,TRK,0.03983812066742721
open_2017_05_08_close_2017_05_08_flight_Fixed Wing_N550ND_before_0_189617,open_2017_05_08_close_2017_05_08_flight_Fixed Wing_N550ND_before_0_189617,496,VSpd,0.47289825197363505,VSpdG,0.3900958275805783,AltB,0.05204582197707843,E1_RPM,0.026022910988539216,HDG,0.020074817048301666
open_2017_05_08_close_2017_05_08_flight_Fixed Wing_N550ND_before_0_189617,open_2017_05_08_close_2017_05_08_flight_Fixed Wing_N550ND_before_0_189617,497,VSpdG,0.5765678260295052,VSpd,0.3199106302471201,AltB,0.030049137512938383,E1_RPM,0.026668609542732473,HDG,0.013146497661910542
open_2017_05_08_close_2017_05_08_flight_Fixed Wing_N550ND_before_0_189617,open_2017_05_08_close_2017_05_08_flight_Fixed Wing_N550ND_before_0_189617,498,VSpdG,0.808707875483088,AltB,0.06535013135216873,VSpd,0.04740218456294797,E1_RPM,0.017737892795589502,TRK,0.011903059639145005
open_2017_05_08_close_2017_05_08_flight_Fixed Wing_N550ND_before_0_189617,open_2017_05_08_close_2017_05_08_flight_Fixed Wing_N550ND_before_0_189617,499,VSpdG,0.6258840695415534,VSpd,0.23202519825129364,E1_RPM,0.07169480334702241,E1_EGT4,0.015003872152058643,TRK,0.011274586010217375
open_2017_05_08_close_2017_05_08_flight_Fixed Wing_N550ND_before_0_189617,open_2017_05_08_close_2017_05_08_flight_Fixed Wing_N550ND_before_0_189617,500,VSpdG,0.7138251504711935,E1_RPM,0.10127323468834193,VSpd,0.05581364463980728,AltB,0.030230816324878493,HDG,0.0279635051005126
open_2017_05_08_close_2017_05_08_flight_Fixed Wing_N550ND_before_0_189617,open_2017_05_08_close_2017_05_08_flight_Fixed Wing_N550ND_before_0_189617,501,VSpd,0.5562666932632522,VSpdG,0.3333422796549121,HDG,0.025120629034112767,E1_RPM,0.019475543857907906,TRK,0.019475543857907646
open_2017_05_08_close_2017_05_08_flight_Fixed Wing_N550ND_before_0_189617,open_2017_05_08_close_2017_05_08_flight_Fixed Wing_N550ND_before_0_189617,502,VSpd,0.6761071704385058,VSpdG,0.24582880437959354,AltB,0.031183357849419897,Roll,0.018138319815745905,TRK,0.007795839462354974
open_2017_05_08_close_2017_05_08_flight_Fixed Wing_N550ND_before_0_189617,open_2017_05_08_close_2017_05_08_flight_Fixed Wing_N550ND_before_0_189617,503,VSpd,0.7804585926268696,E1_RPM,0.08772567522081114,VSpdG,0.0584837834805417,AltB,0.022493762877131413,HDG,0.01949459449351406
open_2017_05_08_close_2017_05_08_flight_Fixed Wing_N550ND_before_0_189617,open_2017_05_08_close_2017_05_08_flight_Fixed Wing_N550ND_before_0_189617,504,VSpd,0.8569279445832044,VSpdG,0.04206918682843156,E1_RPM,0.033156223517323835,AltB,0.024956297271103475,Roll,0.014973778362662084
open_2017_05_08_close_2017_05_08_flight_Fixed Wing_N550ND_before_0_189617,open_2017_05_08_close_2017_05_08_flight_Fixed Wing_N550ND_before_0_189617,505,VSpd,0.6527516619517012,VSpdG,0.22258739141997674,E1_RPM,0.06939791649352627,AltB,0.02570293203463936,Roll,0.009818520037232235
open_2017_05_08_close_2017_05_08_flight_Fixed Wing_N550ND_before_0_189617,open_2017_05_08_close_2017_05_08_flight_Fixed Wing_N550ND_before_0_189617,506,VSpdG,0.6169389529607374,VSpd,0.22954466902152454,E1_RPM,0.055428109055065164,E1_EGT2,0.027955046306035392,AltB,0.02409917785002881
open_2017_05_08_close_2017_05_08_flight_Fixed Wing_N550ND_before_0_189617,open_2017_05_08_close_2017_05_08_flight_Fixed Wing_N550ND_before_0_189617,507,VSpd,0.7319517798997289,VSpdG,0.14983139912944407,E1_RPM,0.04063224383171422,AltB,0.03809272859223154,Roll,0.014030821698138617
open_2017_05_08_close_2017_05_08_flight_Fixed Wing_N550ND_before_0_189617,open_2017_05_08_close_2017_05_08_flight_Fixed Wing_N550ND_before_0_189617,508,VSpdG,0.683475663515303,VSpd,0.2549124319339375,E1_RPM,0.014292246884562902,TRK,0.012760934718358905,HDG,0.006635686053546688
open_2017_05_08_close_2017_05_08_flight_Fixed Wing_N550ND_before_0_189617,open_2017_05_08_close_2017_05_08_flight_Fixed Wing_N550ND_before_0_189617,509,VSpd,0.8287660704887214,VSpdG,0.07153512108015185,AltB,0.045275393088703715,Roll,0.02268297193744056,E1_RPM,0.010413340410402677
open_2017_05_08_close_2017_05_08_flight_Fixed Wing_N550ND_before_0_189617,open_2017_05_08_close_2017_05_08_flight_Fixed Wing_N550ND_before_0_189617,510,VSpdG,0.5258619347594892,VSpd,0.330691761150931,E1_RPM,0.04676449147589011,Roll,0.023859434426474105,HDG,0.022905057049414923
open_2017_05_08_close_2017_05_08_flight_Fixed Wing_N550ND_before_0_189617,open_2017_05_08_close_2017_05_08_flight_Fixed Wing_N550ND_before_0_189617,511,VSpdG,0.4716265927188936,VSpd,0.4194897467269223,AltB,0.06448019822328625,HDG,0.010132602577944667,Roll,0.009948373440164165
open_2017_05_08_close_2017_05_08_flight_Fixed Wing_N550ND_before_0_189617,open_2017_05_08_close_2017_05_08_flight_Fixed Wing_N550ND_before_0_189617,512,VSpd,0.7871075330414142,E1_RPM,0.08432766628035906,AltB,0.049314424725356444,VSpdG,0.03895839553303176,HDG,0.006410875214296393
open_2017_05_08_close_2017_05_08_flight_Fixed Wing_N550ND_before_0_189617,open_2017_05_08_close_2017_05_08_flight_Fixed Wing_N550ND_before_0_189617,513,VSpd,0.8233091988858446,VSpdG,0.08700463014916124,E1_RPM,0.029001543383057788,AltB,0.011154439762712973,TAS,0.011154439762712973
open_2017_05_08_close_2017_05_08_flight_Fixed Wing_N550ND_before_0_189617,open_2017_05_08_close_2017_05_08_flight_Fixed Wing_N550ND_before_0_189617,514,VSpdG,0.6146224324223533,VSpd,0.2731521612585448,AltB,0.024055672501853358,E1_RPM,0.0156361871262014,HDG,0.01323061987601962
open_2017_05_08_close_2017_05_08_flight_Fixed Wing_N550ND_before_0_189617,open_2017_05_08_close_2017_05_08_flight_Fixed Wing_N550ND_before_0_189617,515,VSpd,0.6871528798670429,VSpdG,0.21042570888662038,AltB,0.03566537438756277,Roll,0.020507590272848597,E1_RPM,0.012482881035646431
open_2017_05_08_close_2017_05_08_flight_Fixed Wing_N550ND_before_0_189617,open_2017_05_08_close_2017_05_08_flight_Fixed Wing_N550ND_before_0_189617,516,VSpd,0.8708810820404214,Roll,0.03572412707336353,TAS,0.028129233916034276,AltB,0.014064616958017138,E1_EGT4,0.009845231870612635
open_2017_05_08_close_2017_05_08_flight_Fixed Wing_N550ND_before_0_189617,open_2017_05_08_close_2017_05_08_flight_Fixed Wing_N550ND_before_0_189617,517,VSpdG,0.4343216242766502,VSpd,0.43237646726952894,E1_RPM,0.07229016339898785,AltB,0.026128974722525754,E1_EGT4,0.01840641108231268
open_2017_05_08_close_2017_05_08_flight_Fixed Wing_N550ND_before_0_189617,open_2017_05_08_close_2017_05_08_flight_Fixed Wing_N550ND_before_0_189617,518,VSpd,0.5846286822529112,AltB,0.17854528532033664,E1_RPM,0.10926971461604733,E1_EGT2,0.028781499993638073,VSpdG,0.027853064509973168
open_2017_05_08_close_2017_05_08_flight_Fixed Wing_N550ND_before_0_189617,open_2017_05_08_close_2017_05_08_flight_Fixed Wing_N550ND_before_0_189617,519,VSpd,0.5808842439454625,VSpdG,0.31993080785934364,E1_RPM,0.03429441663936505,Roll,0.01638009636853903,AltB,0.013537269726065313
open_2017_05_08_close_2017_05_08_flight_Fixed Wing_N550ND_before_0_189617,open_2017_05_08_close_2017_05_08_flight_Fixed Wing_N550ND_before_0_189617,520,VSpd,0.4542060154877212,VSpdG,0.36065742933047046,E1_RPM,0.11869324283495976,E1_EGT4,0.02609289470586728,AltB,0.013079145215973543
open_2017_05_08_close_2017_05_08_flight_Fixed Wing_N550ND_before_0_189617,open_2017_05_08_close_2017_05_08_flight_Fixed Wing_N550ND_before_0_189617,521,VSpd,0.49300872618272035,E1_EGT4,0.10410655774179453,E1_RPM,0.10410655774179453,Roll,0.09512201919695532,VSpdG,0.05561857194424682
open_2017_05_08_close_2017_05_08_flight_Fixed Wing_N550ND_before_0_189617,open_2017_05_08_close_2017_05_08_flight_Fixed Wing_N550ND_before_0_189617,522,VSpdG,0.1991543255528554,AltB,0.11814239651440563,TRK,0.11476689947113708,E1_EGT4,0.11139140242786662,E1_RPM,0.10126491129806196
open_2017_05_08_close_2017_05_08_flight_Fixed Wing_N550ND_before_0_189617,open_2017_05_08_close_2017_05_08_flight_Fixed Wing_N550ND_before_0_189617,523,VSpdG,0.3811585641002608,VSpd,0.24793679778721614,E1_RPM,0.2448634772002551,AltB,0.030065092698530655,TRK,0.024052074158824488
open_2017_05_08_close_2017_05_08_flight_Fixed Wing_N550ND_before_0_189617,open_2017_05_08_close_2017_05_08_flight_Fixed Wing_N550ND_before_0_189617,524,AltB,0.2503097714208188,E1_RPM,0.22527879427873687,E1_EGT4,0.15343988988095894,VSpd,0.13341510816729743,VSpdG,0.0976208108541216
open_2017_05_08_close_2017_05_08_flight_Fixed Wing_N550ND_before_0_189617,open_2017_05_08_close_2017_05_08_flight_Fixed Wing_N550ND_before_0_189617,525,VSpdG,0.7962282176792758,VSpd,0.056602403083634255,AltB,0.04427003593133383,E1_RPM,0.03162145423666702,E1_EGT4,0.025170677572387064
open_2017_05_08_close_2017_05_08_flight_Fixed Wing_N550ND_before_0_189617,open_2017_05_08_close_2017_05_08_flight_Fixed Wing_N550ND_before_0_189617,526,VSpd,0.2768559955896775,VSpdG,0.20118270428316637,E1_RPM,0.1685032802371699,AltB,0.153184800215609,Roll,0.07199685610133624
open_2017_05_08_close_2017_05_08_flight_Fixed Wing_N550ND_before_0_189617,open_2017_05_08_close_2017_05_08_flight_Fixed Wing_N550ND_before_0_189617,527,VSpd,0.45456756494687295,VSpdG,0.30633336758270113,AltB,0.086534849599633,E1_RPM,0.08047741012766027,Roll,0.02924877916467596
open_2017_05_08_close_2017_05_08_flight_Fixed Wing_N550ND_before_0_189617,open_2017_05_08_close_2017_05_08_flight_Fixed Wing_N550ND_before_0_189617,528,VSpdG,0.8213953554145204,E1_RPM,0.03734412181500373,Roll,0.031470750543629966,AltB,0.024545432178875743,E1_EGT2,0.016708426333192195
open_2017_05_08_close_2017_05_08_flight_Fixed Wing_N550ND_before_0_189617,open_2017_05_08_close_2017_05_08_flight_Fixed Wing_N550ND_before_0_189617,529,VSpd,0.5644910347487584,VSpdG,0.306433711089403,HDG,0.04553071758122121,TRK,0.02635988912597018,AltB,0.011981767784531885
open_2017_05_08_close_2017_05_08_flight_Fixed Wing_N550ND_before_0_189617,open_2017_05_08_close_2017_05_08_flight_Fixed Wing_N550ND_before_0_189617,530,VSpd,0.5626709883772573,VSpdG,0.21102674287276585,E1_RPM,0.07302195229565533,AltB,0.05024446258875377,HDG,0.027801935965777125
open_2017_05_08_close_2017_05_08_flight_Fixed Wing_N550ND_before_0_189617,open_2017_05_08_close_2017_05_08_flight_Fixed Wing_N550ND_before_0_189617,531,VSpd,0.5629811086330063,VSpdG,0.21416448088803836,E1_RPM,0.08988875395018993,AltB,0.05429522050682594,E1_EGT4,0.03167221196231553
open_2017_05_08_close_2017_05_08_flight_Fixed Wing_N550ND_before_0_189617,open_2017_05_08_close_2017_05_08_flight_Fixed Wing_N550ND_before_0_189617,532,VSpdG,0.5395652860310836,AltB,0.1541615102945953,Roll,0.08924238540387128,VSpd,0.05053071726322729,E1_EGT4,0.04539200025340628
open_2017_05_08_close_2017_05_08_flight_Fixed Wing_N550ND_before_0_189617,open_2017_05_08_close_2017_05_08_flight_Fixed Wing_N550ND_before_0_189617,533,VSpdG,0.6944644913261095,VSpd,0.0980750661537918,AltB,0.07217298408700906,Roll,0.03600629983896341,E1_RPM,0.026463427498571446
open_2017_05_08_close_2017_05_08_flight_Fixed Wing_N550ND_before_0_189617,open_2017_05_08_close_2017_05_08_flight_Fixed Wing_N550ND_before_0_189617,534,E1_RPM,0.6698423152457312,VSpdG,0.1795819372272918,VSpd,0.06433189247051062,E1_EGT2,0.02218166355403914,AltB,0.016893879325239114
open_2017_05_08_close_2017_05_08_flight_Fixed Wing_N550ND_before_0_189617,open_2017_05_08_close_2017_05_08_flight_Fixed Wing_N550ND_before_0_189617,535,VSpd,0.45304719394174386,VSpdG,0.4271300817384244,AltB,0.04018156930747174,E1_EGT2,0.02808691694592187,E1_RPM,0.020492600346810223
open_2017_05_08_close_2017_05_08_flight_Fixed Wing_N550ND_before_0_189617,open_2017_05_08_close_2017_05_08_flight_Fixed Wing_N550ND_before_0_189617,536,VSpd,0.4743038407179783,VSpdG,0.3806661967475387,E1_RPM,0.05866003687585079,AltB,0.028081932546949576,E1_EGT2,0.015445062900822409
open_2017_05_08_close_2017_05_08_flight_Fixed Wing_N550ND_before_0_189617,open_2017_05_08_close_2017_05_08_flight_Fixed Wing_N550ND_before_0_189617,537,VSpdG,0.4977468449719525,VSpd,0.38018378063571995,AltB,0.02370223071295012,E1_EGT2,0.0218850596916238,E1_RPM,0.019751858927458434
open_2017_05_08_close_2017_05_08_flight_Fixed Wing_N550ND_before_0_189617,open_2017_05_08_close_2017_05_08_flight_Fixed Wing_N550ND_before_0_189617,538,VSpd,0.5839939323859208,VSpdG,0.2658766613743474,AltB,0.05712193896714503,E1_RPM,0.015059420273156888,Roll,0.014643987989759
open_2017_05_08_close_2017_05_08_flight_Fixed Wing_N550ND_before_0_189617,open_2017_05_08_close_2017_05_08_flight_Fixed Wing_N550ND_before_0_189617,539,VSpdG,0.6640411391014861,AltB,0.1030247183373251,VSpd,0.08916321077921209,E1_RPM,0.05151235916866255,Roll,0.02510056774036648
open_2017_05_08_close_2017_05_08_flight_Fixed Wing_N550ND_before_0_189617,open_2017_05_08_close_2017_05_08_flight_Fixed Wing_N550ND_before_0_189617,540,VSpd,0.7309685546937023,AltB,0.15222168985708093,VSpdG,0.04059245062855491,Roll,0.017657716023421387,E1_RPM,0.015222168985708091
open_2017_05_08_close_2017_05_08_flight_Fixed Wing_N550ND_before_0_189617,open_2017_05_08_close_2017_05_08_flight_Fixed Wing_N550ND_before_0_189617,541,VSpdG,0.7007773953813419,VSpd,0.1539040641666072,AltB,0.08008884518643906,HDG,0.01824245918135554,E1_RPM,0.012013326777965051
open_2017_05_08_close_2017_05_08_flight_Fixed Wing_N550ND_before_0_189617,open_2017_05_08_close_2017_05_08_flight_Fixed Wing_N550ND_before_0_189617,542,VSpdG,0.837511626270657,E1_RPM,0.0481328520845205,AltB,0.04053292807117516,TAS,0.015199848026690685,VSpd,0.01069055977877223
open_2017_05_08_close_2017_05_08_flight_Fixed Wing_N550ND_before_0_189617,open_2017_05_08_close_2017_05_08_flight_Fixed Wing_N550ND_before_0_189617,543,VSpd,0.7867048560824318,VSpdG,0.08396222230834952,AltB,0.03527824466737364,E1_RPM,0.023989206373814718,TAS,0.014111297866949457
open_2017_05_08_close_2017_05_08_flight_Fixed Wing_N550ND_before_0_189617,open_2017_05_08_close_2017_05_08_flight_Fixed Wing_N550ND_before_0_189617,544,VSpdG,0.5093505964631733,VSpd,0.34072378814216575,AltB,0.09998799237729714,Roll,0.00894010284785245,E1_RPM,0.008234305254601474
open_2017_05_08_close_2017_05_08_flight_Fixed Wing_N550ND_before_0_189617,open_2017_05_08_close_2017_05_08_flight_Fixed Wing_N550ND_before_0_189617,545,VSpdG,0.5957831991351,VSpd,0.2640853374800244,AltB,0.04695314178823033,E1_RPM,0.032345497676337875,HDG,0.02138976459241601
open_2017_05_08_close_2017_05_08_flight_Fixed Wing_N550ND_before_0_189617,open_2017_05_08_close_2017_05_08_flight_Fixed Wing_N550ND_before_0_189617,546,VSpd,0.5822182553350934,VSpdG,0.27009653298294173,E1_RPM,0.061343958338499045,AltB,0.05493488806432713,TAS,0.009155814677387854
open_2017_05_08_close_2017_05_08_flight_Fixed Wing_N550ND_before_0_189617,open_2017_05_08_close_2017_05_08_flight_Fixed Wing_N550ND_before_0_189617,547,VSpd,0.6205099805872932,VSpdG,0.22633377271864005,AltB,0.09931505038462277,E1_RPM,0.016204034536440353,E1_EGT2,0.0072134089226731715
open_2017_05_08_close_2017_05_08_flight_Fixed Wing_N550ND_before_0_189617,open_2017_05_08_close_2017_05_08_flight_Fixed Wing_N550ND_before_0_189617,548,VSpdG,0.5522451584065962,AltB,0.17513059991752497,VSpd,0.13975421873418523,Roll,0.039346008114803946,E1_RPM,0.03035597065237524
open_2017_05_08_close_2017_05_08_flight_Fixed Wing_N550ND_before_0_189617,open_2017_05_08_close_2017_05_08_flight_Fixed Wing_N550ND_before_0_189617,549,VSpd,0.6559300409275741,VSpdG,0.265028148365688,E1_EGT4,0.02629804695151807,E1_EGT2,0.022758487795640672,E1_RPM,0.011115970902754325
open_2017_05_08_close_2017_05_08_flight_Fixed Wing_N550ND_before_0_189617,open_2017_05_08_close_2017_05_08_flight_Fixed Wing_N550ND_before_0_189617,550,VSpd,0.647182124416337,VSpdG,0.16353657193881435,E1_RPM,0.12057357422607393,AltB,0.031182820920536605,E1_EGT4,0.008211476175740928
open_2017_05_08_close_2017_05_08_flight_Fixed Wing_N550ND_before_0_189617,open_2017_05_08_close_2017_05_08_flight_Fixed Wing_N550ND_before_0_189617,551,VSpdG,0.44024619730550907,VSpd,0.41846421056289007,AltB,0.03948396388390217,E1_EGT2,0.02711232186694544,Roll,0.024480057608019346
open_2017_05_08_close_2017_05_08_flight_Fixed Wing_N550ND_before_0_189617,open_2017_05_08_close_2017_05_08_flight_Fixed Wing_N550ND_before_0_189617,552,VSpd,0.6484734775677853,VSpdG,0.3149208529931588,AltB,0.01881997129441188,TAS,0.0031366618824019803,HDG,0.0028229956941617554
open_2017_05_08_close_2017_05_08_flight_Fixed Wing_N550ND_before_0_189617,open_2017_05_08_close_2017_05_08_flight_Fixed Wing_N550ND_before_0_189617,553,VSpd,0.4834304854164686,VSpdG,0.3933581387335768,AltB,0.04000252258307561,E1_RPM,0.029335183227589382,E1_EGT2,0.011867415032978914
open_2017_05_08_close_2017_05_08_flight_Fixed Wing_N550ND_before_0_189617,open_2017_05_08_close_2017_05_08_flight_Fixed Wing_N550ND_before_0_189617,554,VSpd,0.7590714620922575,VSpdG,0.14740904295911897,E1_RPM,0.06808731776402722,AltB,0.006808731776402722,E1_EGT2,0.004493762972425579
open_2017_05_08_close_2017_05_08_flight_Fixed Wing_N550ND_before_0_189617,open_2017_05_08_close_2017_05_08_flight_Fixed Wing_N550ND_before_0_189617,555,VSpdG,0.6317860736381096,VSpd,0.2448362253892965,E1_RPM,0.034419338152197256,AltB,0.02294622543479817,Roll,0.013920710097110892
open_2017_05_08_close_2017_05_08_flight_Fixed Wing_N550ND_before_0_189617,open_2017_05_08_close_2017_05_08_flight_Fixed Wing_N550ND_before_0_189617,556,VSpd,0.5788282618198008,VSpdG,0.16055691472953243,E1_EGT2,0.05310728717976684,HDG,0.049402127609087534,Roll,0.038698333293784686
open_2017_05_08_close_2017_05_08_flight_Fixed Wing_N550ND_before_0_189617,open_2017_05_08_close_2017_05_08_flight_Fixed Wing_N550ND_before_0_189617,557,VSpd,0.5370699167570179,VSpdG,0.3960459370089894,E1_RPM,0.029110454535143174,AltB,0.01796941637971821,E1_EGT2,0.0057861520742689045
open_2017_05_08_close_2017_05_08_flight_Fixed Wing_N550ND_before_0_189617,open_2017_05_08_close_2017_05_08_flight_Fixed Wing_N550ND_before_0_189617,558,VSpd,0.7195321034777687,E1_RPM,0.11467290538029389,VSpdG,0.06379689806368549,AltB,0.05652889701845546,Roll,0.009771423627475871
open_2017_05_08_close_2017_05_08_flight_Fixed Wing_N550ND_before_0_189617,open_2017_05_08_close_2017_05_08_flight_Fixed Wing_N550ND_before_0_189617,559,VSpdG,0.3838625111452207,E1_RPM,0.2201850952254258,VSpd,0.1983614397694593,TAS,0.05845621997135339,AltB,0.05845621997135339
open_2017_05_08_close_2017_05_08_flight_Fixed Wing_N550ND_before_0_189617,open_2017_05_08_close_2017_05_08_flight_Fixed Wing_N550ND_before_0_189617,560,VSpd,0.6925875144613661,VSpdG,0.16982423062485522,E1_RPM,0.05845399242522191,Roll,0.018705277576071013,AltB,0.018459155502701656
open_2017_05_08_close_2017_05_08_flight_Fixed Wing_N550ND_before_0_189617,open_2017_05_08_close_2017_05_08_flight_Fixed Wing_N550ND_before_0_189617,561,VSpd,0.41669201896073743,VSpdG,0.16135218546398353,E1_RPM,0.1331155530077754,HDG,0.08874370200519048,TAS,0.04033804636599588
open_2017_05_08_close_2017_05_08_flight_Fixed Wing_N550ND_before_0_189617,open_2017_05_08_close_2017_05_08_flight_Fixed Wing_N550ND_before_0_189617,562,VSpdG,0.48176024913812593,VSpd,0.4488782003874285,Roll,0.01957628948878734,E1_EGT2,0.01131754236070532,HDG,0.010705783314180619
open_2017_05_08_close_2017_05_08_flight_Fixed Wing_N550ND_before_0_189617,open_2017_05_08_close_2017_05_08_flight_Fixed Wing_N550ND_before_0_189617,563,VSpdG,0.7317944625635121,VSpd,0.16716117165156372,E1_RPM,0.04179029291289093,Roll,0.027767327957676415,AltB,0.009286731758420206
open_2017_05_08_close_2017_05_08_flight_Fixed Wing_N550ND_before_0_189617,open_2017_05_08_close_2017_05_08_flight_Fixed Wing_N550ND_before_0_189617,564,E1_RPM,0.33662018722708664,VSpd,0.2488349227149179,Roll,0.1603896186199605,E1_EGT2,0.06798407702821191,HPLfd,0.03300197913990957
open_2017_05_08_close_2017_05_08_flight_Fixed Wing_N550ND_before_0_189617,open_2017_05_08_close_2017_05_08_flight_Fixed Wing_N550ND_before_0_189617,565,VSpdG,0.5732380963459897,VSpd,0.346149425418426,Roll,0.033802737868068186,E1_RPM,0.010328614348575536,HDG,0.005633789644677978
open_2017_05_08_close_2017_05_08_flight_Fixed Wing_N550ND_before_0_189617,open_2017_05_08_close_2017_05_08_flight_Fixed Wing_N550ND_before_0_189617,566,VSpdG,0.7755610351091716,VSpd,0.05846537033899899,E1_RPM,0.04176097881357078,HDG,0.03519853928572397,TRK,0.028636099757877172
open_2017_05_08_close_2017_05_08_flight_Fixed Wing_N550ND_before_0_189617,open_2017_05_08_close_2017_05_08_flight_Fixed Wing_N550ND_before_0_189617,567,VSpdG,0.5085905593708918,VSpd,0.17607261900474003,TRK,0.08739161724401233,HDG,0.0845263183179793,AltB,0.057305978520663874
open_2017_05_08_close_2017_05_08_flight_Fixed Wing_N550ND_before_0_189617,open_2017_05_08_close_2017_05_08_flight_Fixed Wing_N550ND_before_0_189617,568,VSpdG,0.48137871710229135,VSpd,0.3938508711804434,TRK,0.024924177230676987,HDG,0.02101450237096303,E1_RPM,0.021014502370961637
open_2017_05_08_close_2017_05_08_flight_Fixed Wing_N550ND_before_0_189617,open_2017_05_08_close_2017_05_08_flight_Fixed Wing_N550ND_before_0_189617,569,VSpdG,0.6292633362765703,VSpd,0.2968810002446908,TRK,0.018139368650388385,HDG,0.013388581622905847,Roll,0.010840432217255952
open_2017_05_08_close_2017_05_08_flight_Fixed Wing_N550ND_before_0_189617,open_2017_05_08_close_2017_05_08_flight_Fixed Wing_N550ND_before_0_189617,570,VSpd,0.6401176189177715,VSpdG,0.17280170463742672,AltB,0.050087450619543936,E1_RPM,0.048209171221309896,TRK,0.032556842902703484
open_2017_05_08_close_2017_05_08_flight_Fixed Wing_N550ND_before_0_189617,open_2017_05_08_close_2017_05_08_flight_Fixed Wing_N550ND_before_0_189617,571,VSpdG,0.4695187129402212,VSpd,0.4436182134476991,AltB,0.03078811232394893,E1_RPM,0.015778907566023476,TRK,0.012315244929579527
open_2017_05_08_close_2017_05_08_flight_Fixed Wing_N550ND_before_0_189617,open_2017_05_08_close_2017_05_08_flight_Fixed Wing_N550ND_before_0_189617,572,VSpdG,0.683067963354254,VSpd,0.19659905273053183,AltB,0.029932864301238118,E1_RPM,0.027538235157138526,TRK,0.016163746722668515
open_2017_05_08_close_2017_05_08_flight_Fixed Wing_N550ND_before_0_189617,open_2017_05_08_close_2017_05_08_flight_Fixed Wing_N550ND_before_0_189617,573,VSpdG,0.6292011397645617,VSpd,0.2428250324572864,AltB,0.05326570495361369,E1_RPM,0.014648068862242554,TRK,0.009987319678802568
open_2017_05_08_close_2017_05_08_flight_Fixed Wing_N550ND_before_0_189617,open_2017_05_08_close_2017_05_08_flight_Fixed Wing_N550ND_before_0_189617,574,VSpd,0.4890906956127206,VSpdG,0.4450047084118821,AltB,0.022608198564532538,E1_RPM,0.019216968779852316,Roll,0.00761142685005929
open_2017_05_08_close_2017_05_08_flight_Fixed Wing_N550ND_before_0_189617,open_2017_05_08_close_2017_05_08_flight_Fixed Wing_N550ND_before_0_189617,575,VSpdG,0.6377007276524903,VSpd,0.1601615568873171,E1_RPM,0.1391748701227694,AltB,0.022091249225836843,Roll,0.010235612141304402
open_2017_05_08_close_2017_05_08_flight_Fixed Wing_N550ND_before_0_189617,open_2017_05_08_close_2017_05_08_flight_Fixed Wing_N550ND_before_0_189617,576,VSpd,0.8791859071344039,E1_RPM,0.03362546837831294,VSpdG,0.024018191698795353,HDG,0.019214553359036213,AltB,0.018013643774096512
open_2017_05_08_close_2017_05_08_flight_Fixed Wing_N550ND_before_0_189617,open_2017_05_08_close_2017_05_08_flight_Fixed Wing_N550ND_before_0_189617,577,VSpdG,0.4667921630850645,VSpd,0.420587329056116,E1_RPM,0.042220022880661755,AltB,0.014231468386739771,Roll,0.012855759776021596
open_2017_05_08_close_2017_05_08_flight_Fixed Wing_N550ND_before_0_189617,open_2017_05_08_close_2017_05_08_flight_Fixed Wing_N550ND_before_0_189617,578,VSpd,0.507480154799331,VSpdG,0.40046382444565526,E1_RPM,0.04600249494841263,AltB,0.019369471557226372,TAS,0.004842367889306593
open_2017_05_08_close_2017_05_08_flight_Fixed Wing_N550ND_before_0_189617,open_2017_05_08_close_2017_05_08_flight_Fixed Wing_N550ND_before_0_189617,579,VSpd,0.8368856025565851,VSpdG,0.06301484409635462,AltB,0.04039413083099649,Roll,0.013976369267524784,TAS,0.008078826166199298
open_2017_05_08_close_2017_05_08_flight_Fixed Wing_N550ND_before_0_189617,open_2017_05_08_close_2017_05_08_flight_Fixed Wing_N550ND_before_0_189617,580,VSpd,0.5661295659970347,VSpdG,0.2374738179491985,AltB,0.08015993854825271,E1_RPM,0.053105959288219234,E1_EGT4,0.010821591704013386
open_2017_05_08_close_2017_05_08_flight_Fixed Wing_N550ND_before_0_189617,open_2017_05_08_close_2017_05_08_flight_Fixed Wing_N550ND_before_0_189617,581,VSpdG,0.49306206184432194,VSpd,0.35500468452791195,AltB,0.058498888693394126,E1_RPM,0.055156095053770844,Roll,0.0137890237634429
open_2017_05_08_close_2017_05_08_flight_Fixed Wing_N550ND_before_0_189617,open_2017_05_08_close_2017_05_08_flight_Fixed Wing_N550ND_before_0_189617,582,VSpdG,0.511213388281569,VSpd,0.20991625966850574,E1_RPM,0.16528839343976828,TAS,0.03541894145137892,Roll,0.02644614295036293
open_2017_05_08_close_2017_05_08_flight_Fixed Wing_N550ND_before_0_189617,open_2017_05_08_close_2017_05_08_flight_Fixed Wing_N550ND_before_0_189617,583,VSpdG,0.6385133377403185,VSpd,0.2972721080410947,E1_RPM,0.02282550031432772,HDG,0.011412750157164543,AltB,0.006006710609034041
open_2017_05_08_close_2017_05_08_flight_Fixed Wing_N550ND_before_0_189617,open_2017_05_08_close_2017_05_08_flight_Fixed Wing_N550ND_before_0_189617,584,VSpd,0.621484112788563,VSpdG,0.31006941903024765,E1_RPM,0.03346781030802613,AltB,0.013124631493343815,TRK,0.003937389448003107
open_2017_05_08_close_2017_05_08_flight_Fixed Wing_N550ND_before_0_189617,open_2017_05_08_close_2017_05_08_flight_Fixed Wing_N550ND_before_0_189617,585,VSpd,0.5546149660899479,VSpdG,0.37352471891883543,AltB,0.028455412817585228,E1_RPM,0.02523046603159258,TAS,0.009485137605861742
open_2017_05_08_close_2017_05_08_flight_Fixed Wing_N550ND_before_0_189617,open_2017_05_08_close_2017_05_08_flight_Fixed Wing_N550ND_before_0_189617,586,VSpd,0.4613189289691619,E1_RPM,0.2503644038993968,VSpdG,0.22694902799513664,AltB,0.016210644856795475,E1_EGT2,0.014805722302539917
open_2017_05_08_close_2017_05_08_flight_Fixed Wing_N550ND_before_0_189617,open_2017_05_08_close_2017_05_08_flight_Fixed Wing_N550ND_before_0_189617,587,VSpd,0.5814574264772053,VSpdG,0.2877803506270989,AltB,0.04283945674834225,E1_RPM,0.031247603745849867,E1_EGT2,0.021898522302535087
open_2017_05_08_close_2017_05_08_flight_Fixed Wing_N550ND_before_0_189617,open_2017_05_08_close_2017_05_08_flight_Fixed Wing_N550ND_before_0_189617,588,VSpdG,0.5487086217550279,VSpd,0.3904193885968727,AltB,0.038145519159440436,E1_EGT2,0.005912555469713227,E1_EGT4,0.0052523445611843845
open_2017_05_08_close_2017_05_08_flight_Fixed Wing_N550ND_before_0_189617,open_2017_05_08_close_2017_05_08_flight_Fixed Wing_N550ND_before_0_189617,589,VSpdG,0.5031035673598838,VSpd,0.3583813978017321,E1_RPM,0.04976251256100526,AltB,0.02739220874917698,E1_EGT2,0.018991931399429746
open_2017_05_08_close_2017_05_08_flight_Fixed Wing_N550ND_before_0_189617,open_2017_05_08_close_2017_05_08_flight_Fixed Wing_N550ND_before_0_189617,590,VSpd,0.3445353647496959,VSpdG,0.17248882189009146,E1_RPM,0.1614318461279099,AltB,0.08845580609748267,E1_EGT2,0.06390931990543344
open_2017_05_08_close_2017_05_08_flight_Fixed Wing_N550ND_before_0_189617,open_2017_05_08_close_2017_05_08_flight_Fixed Wing_N550ND_before_0_189617,591,VSpd,0.5609663642956696,VSpdG,0.2808401823796733,AltB,0.0793333848530151,E1_EGT4,0.02078534683148909,E1_EGT2,0.02038867990722618
open_2017_05_08_close_2017_05_08_flight_Fixed Wing_N550ND_before_0_189617,open_2017_05_08_close_2017_05_08_flight_Fixed Wing_N550ND_before_0_189617,592,VSpd,0.6802677956384269,AltB,0.1356343257571632,E1_RPM,0.08507971342949439,Roll,0.030825983126628,E1_EGT4,0.014549864035766396
open_2017_05_08_close_2017_05_08_flight_Fixed Wing_N550ND_before_0_189617,open_2017_05_08_close_2017_05_08_flight_Fixed Wing_N550ND_before_0_189617,593,VSpdG,0.7327162957875315,AltB,0.06768741762471421,VSpd,0.06464148383160195,E1_RPM,0.04907337777791742,TAS,0.016921854406178553
open_2017_05_08_close_2017_05_08_flight_Fixed Wing_N550ND_before_0_189617,open_2017_05_08_close_2017_05_08_flight_Fixed Wing_N550ND_before_0_189617,594,VSpd,0.44567122795309694,VSpdG,0.43480119800302147,AltB,0.044187113618193254,E1_RPM,0.02872162385182561,E1_EGT4,0.00883742272363865
open_2017_05_08_close_2017_05_08_flight_Fixed Wing_N550ND_before_0_189617,open_2017_05_08_close_2017_05_08_flight_Fixed Wing_N550ND_before_0_189617,595,VSpdG,0.5016204151847276,VSpd,0.19960553703540065,E1_RPM,0.09615356688298417,AltB,0.06950860256601303,Roll,0.04008329414640085
open_2017_05_08_close_2017_05_08_flight_Fixed Wing_N550ND_before_0_189617,open_2017_05_08_close_2017_05_08_flight_Fixed Wing_N550ND_before_0_189617,596,VSpd,0.6369796991978888,VSpdG,0.30862711523039976,HDG,0.016078413881126383,E1_RPM,0.01490194457275102,E1_EGT2,0.0056862683238131356
open_2017_05_08_close_2017_05_08_flight_Fixed Wing_N550ND_before_0_189617,open_2017_05_08_close_2017_05_08_flight_Fixed Wing_N550ND_before_0_189617,597,VSpd,0.7884968706400479,VSpdG,0.0703220284269181,E1_RPM,0.03738639485988076,AltB,0.026704567757057394,Roll,0.02074054762464791
open_2017_05_08_close_2017_05_08_flight_Fixed Wing_N550ND_before_0_189617,open_2017_05_08_close_2017_05_08_flight_Fixed Wing_N550ND_before_0_189617,598,E1_RPM,0.30637405024102726,VSpd,0.298857419815859,VSpdG,0.14938113629764396,E1_EGT4,0.08648882349971766,AltB,0.08563249851457272
open_2017_05_08_close_2017_05_08_flight_Fixed Wing_N550ND_before_0_189617,open_2017_05_08_close_2017_05_08_flight_Fixed Wing_N550ND_before_0_189617,599,VSpd,0.6801806648810811,E1_RPM,0.11525480505023535,VSpdG,0.06974393331244984,E1_EGT4,0.047756862810558624,E1_EGT2,0.04527445162486216
open_2017_05_08_close_2017_05_08_flight_Fixed Wing_N550ND_before_0_189617,open_2017_05_08_close_2017_05_08_flight_Fixed Wing_N550ND_before_0_189617,600,VSpd,0.443918380064898,VSpdG,0.15141252589656523,E1_RPM,0.1504481149035949,AltB,0.10608520922689291,E1_EGT2,0.037322705428005816
open_2017_05_08_close_2017_05_08_flight_Fixed Wing_N550ND_before_0_189617,open_2017_05_08_close_2017_05_08_flight_Fixed Wing_N550ND_before_0_189617,601,VSpdG,0.5745890299522721,VSpd,0.22646558834482522,E1_RPM,0.12300586271705581,Roll,0.021568151270935722,E1_EGT2,0.015502108725985
open_2017_05_08_close_2017_05_08_flight_Fixed Wing_N550ND_before_0_189617,open_2017_05_08_close_2017_05_08_flight_Fixed Wing_N550ND_before_0_189617,602,VSpd,0.6977200985362239,VSpdG,0.1386432799268285,E1_RPM,0.07152933550364957,E1_EGT2,0.02446126658581608,Roll,0.019339412932468433
open_2017_05_08_close_2017_05_08_flight_Fixed Wing_N550ND_before_0_189617,open_2017_05_08_close_2017_05_08_flight_Fixed Wing_N550ND_before_0_189617,603,VSpdG,0.276317355927083,VSpd,0.2081124389577397,Roll,0.12661630739949872,E1_RPM,0.09443757734216914,AltB,0.06995376099419819
open_2017_05_08_close_2017_05_08_flight_Fixed Wing_N550ND_before_0_189617,open_2017_05_08_close_2017_05_08_flight_Fixed Wing_N550ND_before_0_189617,604,VSpdG,0.4023079634773888,E1_RPM,0.36669381589086597,VSpd,0.15409714043687192,AltB,0.026380850064091067,E1_EGT2,0.013058520781725199
open_2017_05_08_close_2017_05_08_flight_Fixed Wing_N550ND_before_0_189617,open_2017_05_08_close_2017_05_08_flight_Fixed Wing_N550ND_before_0_189617,605,E1_RPM,0.5608570425303926,VSpdG,0.20454464544745657,VSpd,0.07298524848920615,E1_EGT4,0.057535017917306475,E1_EGT2,0.0529136215161539
open_2017_05_08_close_2017_05_08_flight_Fixed Wing_N550ND_before_0_189617,open_2017_05_08_close_2017_05_08_flight_Fixed Wing_N550ND_before_0_189617,606,E1_EGT2,0.3357561896224044,E1_EGT4,0.1939795396086137,VSpd,0.18627270632581228,E1_RPM,0.14977430719405602,AltB,0.03635298718302347
open_2017_05_08_close_2017_05_08_flight_Fixed Wing_N550ND_before_0_189617,open_2017_05_08_close_2017_05_08_flight_Fixed Wing_N550ND_before_0_189617,607,VSpd,0.5195121221651143,E1_EGT2,0.20335396121378543,E1_EGT4,0.13900960711045435,E1_RPM,0.038703370889221246,Pitch,0.017174620832092088
open_2017_05_08_close_2017_05_08_flight_Fixed Wing_N550ND_before_0_189617,open_2017_05_08_close_2017_05_08_flight_Fixed Wing_N550ND_before_0_189617,608,E1_EGT2,0.26455976979598,VSpd,0.24814612163652286,E1_EGT4,0.24020403381743094,VSpdG,0.06883142776546508,TRK,0.0317683512763687
open_2017_05_08_close_2017_05_08_flight_Fixed Wing_N550ND_before_0_189617,open_2017_05_08_close_2017_05_08_flight_Fixed Wing_N550ND_before_0_189617,609,E1_RPM,0.6229088440703917,E1_EGT2,0.14224457645646973,VSpd,0.1236248170350492,E1_EGT4,0.08334382354568133,E1_OilP,0.008226818007312908
open_2017_05_08_close_2017_05_08_flight_Fixed Wing_N550ND_before_0_189617,open_2017_05_08_close_2017_05_08_flight_Fixed Wing_N550ND_before_0_189617,610,VSpd,0.389967069409847,E1_EGT2,0.2908286243065193,E1_EGT4,0.17201449120568707,TAS,0.042222506432421716,VSpdG,0.03293355501728894
open_2017_05_08_close_2017_05_08_flight_Fixed Wing_N550ND_before_0_189617,open_2017_05_08_close_2017_05_08_flight_Fixed Wing_N550ND_before_0_189617,611,TRK,0.4515152051398139,VSpd,0.3343224842068672,VSpdG,0.11885288826103736,E1_EGT2,0.02706575825796348,AltB,0.025154050425616373
open_2017_05_08_close_2017_05_08_flight_Fixed Wing_N550ND_before_0_189617,open_2017_05_08_close_2017_05_08_flight_Fixed Wing_N550ND_before_0_189617,612,VSpdG,0.52125940294188,VSpd,0.3880192396217705,AltB,0.040930299538161484,E1_EGT2,0.012784699443978543,E1_EGT4,0.010545571292773632
open_2017_05_08_close_2017_05_08_flight_Fixed Wing_N550ND_before_0_189617,open_2017_05_08_close_2017_05_08_flight_Fixed Wing_N550ND_before_0_189617,613,TRK,0.6335301326246239,VSpd,0.3100730952904409,E1_RPM,0.02189457537498716,VSpdG,0.007062766249995806,E1_EGT2,0.005455986928122017
open_2017_05_08_close_2017_05_08_flight_Fixed Wing_N550ND_before_0_189617,open_2017_05_08_close_2017_05_08_flight_Fixed Wing_N550ND_before_0_189617,614,VSpd,0.5553067562652739,VSpdG,0.25394469928679364,AltB,0.06456221168308317,E1_RPM,0.03299846374913074,E1_EGT2,0.021162058273899807
open_2017_05_08_close_2017_05_08_flight_Fixed Wing_N550ND_before_0_189617,open_2017_05_08_close_2017_05_08_flight_Fixed Wing_N550ND_before_0_189617,615,VSpd,0.4262420973147509,VSpdG,0.35811610407803224,AltB,0.07693900673551467,E1_RPM,0.07064399709352057,HDG,0.015387801347102855
open_2017_05_08_close_2017_05_08_flight_Fixed Wing_N550ND_before_0_189617,open_2017_05_08_close_2017_05_08_flight_Fixed Wing_N550ND_before_0_189617,616,VSpd,0.6140185257179005,VSpdG,0.21867634092080135,AltB,0.06775886620081169,E1_RPM,0.033263443407671754,Roll,0.019711670167508855
open_2017_05_08_close_2017_05_08_flight_Fixed Wing_N550ND_before_0_189617,open_2017_05_08_close_2017_05_08_flight_Fixed Wing_N550ND_before_0_189617,617,VSpd,0.7431979912139081,VSpdG,0.15167305943140993,AltB,0.03846780492825611,E1_RPM,0.030774243942604387,Roll,0.009122365168700734
open_2017_05_08_close_2017_05_08_flight_Fixed Wing_N550ND_before_0_189617,open_2017_05_08_close_2017_05_08_flight_Fixed Wing_N550ND_before_0_189617,618,VSpd,0.4254868666210722,VSpdG,0.19735632964342156,AltB,0.18397623949810557,Roll,0.04984083579130496,E1_RPM,0.023415157754305867
open_2017_05_08_close_2017_05_08_flight_Fixed Wing_N550ND_before_0_189617,open_2017_05_08_close_2017_05_08_flight_Fixed Wing_N550ND_before_0_189617,619,VSpd,0.7703325483313305,VSpdG,0.12939516489328062,E1_RPM,0.053811957463554425,Roll,0.011830415075957085,TAS,0.008215566024970198
open_2017_05_08_close_2017_05_08_flight_Fixed Wing_N550ND_before_0_189617,open_2017_05_08_close_2017_05_08_flight_Fixed Wing_N550ND_before_0_189617,620,VSpd,0.6174769089076378,VSpdG,0.30460584467093604,E1_RPM,0.02414558524830645,AltB,0.012382351409387633,Roll,0.011113160389925401
open_2017_05_08_close_2017_05_08_flight_Fixed Wing_N550ND_before_0_189617,open_2017_05_08_close_2017_05_08_flight_Fixed Wing_N550ND_before_0_189617,621,VSpd,0.7852727970006962,AltB,0.09657820636611783,E1_RPM,0.04369014097514854,VSpdG,0.01793595261085035,HDG,0.011957301740566813
open_2017_05_08_close_2017_05_08_flight_Fixed Wing_N550ND_before_0_189617,open_2017_05_08_close_2017_05_08_flight_Fixed Wing_N550ND_before_0_189617,622,VSpd,0.6850735267379634,VSpdG,0.12250122668168625,AltB,0.07777855662329286,E1_RPM,0.042778206142811075,TAS,0.015555711324658572
open_2017_05_08_close_2017_05_08_flight_Fixed Wing_N550ND_before_0_189617,open_2017_05_08_close_2017_05_08_flight_Fixed Wing_N550ND_before_0_189617,623,VSpd,0.5509605069406023,VSpdG,0.19437539374516266,AltB,0.13813479758539446,E1_RPM,0.030586990893907876,Pitch,0.014800156884149398
open_2017_05_08_close_2017_05_08_flight_Fixed Wing_N550ND_before_0_189617,open_2017_05_08_close_2017_05_08_flight_Fixed Wing_N550ND_before_0_189617,624,VSpdG,0.5446603640115008,VSpd,0.23793543328515965,E1_RPM,0.13432086855136843,AltB,0.021515928600905787,E1_EGT4,0.017028320635574596
open_2017_05_08_close_2017_05_08_flight_Fixed Wing_N550ND_before_0_189617,open_2017_05_08_close_2017_05_08_flight_Fixed Wing_N550ND_before_0_189617,625,VSpd,0.4406414590820509,E1_RPM,0.3297317040750051,VSpdG,0.11141877479035295,Roll,0.029353474170656455,AltB,0.022623101480274722
open_2017_05_08_close_2017_05_08_flight_Fixed Wing_N550ND_before_0_189617,open_2017_05_08_close_2017_05_08_flight_Fixed Wing_N550ND_before_0_189617,626,VSpd,0.3521342052722224,VSpdG,0.3218242155196449,E1_RPM,0.1228783368347735,AltB,0.04681079498467562,TAS,0.03510809623850671
open_2017_05_08_close_2017_05_08_flight_Fixed Wing_N550ND_before_0_189617,open_2017_05_08_close_2017_05_08_flight_Fixed Wing_N550ND_before_0_189617,627,VSpd,0.5803702697501426,VSpdG,0.2757602620452231,Roll,0.040504278674540845,AltB,0.03184298637935601,Pitch,0.015348319434849596
open_2017_05_08_close_2017_05_08_flight_Fixed Wing_N550ND_before_0_189617,open_2017_05_08_close_2017_05_08_flight_Fixed Wing_N550ND_before_0_189617,628,VSpd,0.6881569137409344,VSpdG,0.10537570181862224,AltB,0.07144115377533705,TRK,0.037060098520956146,HDG,0.02723693987684735
open_2017_05_08_close_2017_05_08_flight_Fixed Wing_N550ND_before_0_189617,open_2017_05_08_close_2017_05_08_flight_Fixed Wing_N550ND_before_0_189617,629,VSpd,0.7763855098205033,VSpdG,0.12742063451935928,TRK,0.03336103885597765,HDG,0.026874170189537385,E1_RPM,0.01297373733288106
open_2017_05_08_close_2017_05_08_flight_Fixed Wing_N550ND_before_0_189617,open_2017_05_08_close_2017_05_08_flight_Fixed Wing_N550ND_before_0_189617,630,VSpdG,0.517496133389401,VSpd,0.2967740256675127,E1_RPM,0.06061280678373303,AltB,0.04002732523453931,Roll,0.03968423387538612
open_2017_05_08_close_2017_05_08_flight_Fixed Wing_N550ND_before_0_189617,open_2017_05_08_close_2017_05_08_flight_Fixed Wing_N550ND_before_0_189617,631,VSpd,0.8068585682823022,E1_RPM,0.06606195560081872,VSpdG,0.048418079260227675,AltB,0.03282581644761197,TAS,0.020516135279757482
open_2017_05_08_close_2017_05_08_flight_Fixed Wing_N550ND_before_0_189617,open_2017_05_08_close_2017_05_08_flight_Fixed Wing_N550ND_before_0_189617,632,VSpd,0.7904897962262758,VSpdG,0.12402312984270794,AltB,0.03503478244144288,TRK,0.01821808686955026,HDG,0.016115999923063607
open_2017_05_08_close_2017_05_08_flight_Fixed Wing_N550ND_before_0_189617,open_2017_05_08_close_2017_05_08_flight_Fixed Wing_N550ND_before_0_189617,633,VSpdG,0.8410214267393978,VSpd,0.07800195044022618,TRK,0.019198574542651906,HDG,0.016102030261579012,HPLfd,0.012386177124291574
open_2017_05_08_close_2017_05_08_flight_Fixed Wing_N550ND_before_0_189617,open_2017_05_08_close_2017_05_08_flight_Fixed Wing_N550ND_before_0_189617,634,VSpdG,0.5955813854786239,VSpd,0.3062187312130662,E1_RPM,0.030254497085271177,HDG,0.01599166274507198,TRK,0.015559455643853724
open_2017_05_08_close_2017_05_08_flight_Fixed Wing_N550ND_before_0_189617,open_2017_05_08_close_2017_05_08_flight_Fixed Wing_N550ND_before_0_189617,635,VSpdG,0.48338136700048473,VSpd,0.4356162480089888,E1_RPM,0.03274386906015137,AltB,0.024557901795113527,TAS,0.008185967265037843
open_2017_05_08_close_2017_05_08_flight_Fixed Wing_N550ND_before_0_189617,open_2017_05_08_close_2017_05_08_flight_Fixed Wing_N550ND_before_0_189617,636,VSpdG,0.5033947680712865,VSpd,0.4504667519244084,E1_RPM,0.019794712598084463,TAS,0.006090680799410605,Roll,0.005268438891490173
open_2017_05_08_close_2017_05_08_flight_Fixed Wing_N550ND_before_0_189617,open_2017_05_08_close_2017_05_08_flight_Fixed Wing_N550ND_before_0_189617,637,VSpd,0.845348941851833,AltB,0.054538641409795675,E1_RPM,0.026663335800345103,VSpdG,0.02363341127757799,Roll,0.02005810034071374
open_2017_05_08_close_2017_05_08_flight_Fixed Wing_N550ND_before_0_189617,open_2017_05_08_close_2017_05_08_flight_Fixed Wing_N550ND_before_0_189617,638,VSpdG,0.47707568448794235,VSpd,0.4455812350041679,Roll,0.015188151674127846,HDG,0.013976826693982682,E1_EGT4,0.01015649406429332
open_2017_05_08_close_2017_05_08_flight_Fixed Wing_N550ND_before_0_189617,open_2017_05_08_close_2017_05_08_flight_Fixed Wing_N550ND_before_0_189617,639,VSpdG,0.5124541737250004,VSpd,0.2706324806861062,E1_RPM,0.09564236882885843,AltB,0.04723079942165902,TAS,0.02361539971082951
open_2017_05_08_close_2017_05_08_flight_Fixed Wing_N550ND_before_0_189617,open_2017_05_08_close_2017_05_08_flight_Fixed Wing_N550ND_before_0_189617,640,VSpdG,0.6083017436075135,VSpd,0.16118452292544264,HDG,0.04786130470008347,AltB,0.04631739164524215,E1_RPM,0.04477347859039513
open_2017_05_08_close_2017_05_08_flight_Fixed Wing_N550ND_before_0_189617,open_2017_05_08_close_2017_05_08_flight_Fixed Wing_N550ND_before_0_189617,641,VSpdG,0.43955954859067264,VSpd,0.43699855545799393,E1_RPM,0.07450161840519876,TAS,0.01862540460129969,AltB,0.009312702300649844
open_2017_05_08_close_2017_05_08_flight_Fixed Wing_N550ND_before_0_189617,open_2017_05_08_close_2017_05_08_flight_Fixed Wing_N550ND_before_0_189617,642,E1_RPM,0.27865709006694434,Roll,0.197448452390292,VSpdG,0.15923262289539677,AltB,0.07961631144769839,VSpd,0.06847002784502057
open_2017_05_08_close_2017_05_08_flight_Fixed Wing_N550ND_before_0_189617,open_2017_05_08_close_2017_05_08_flight_Fixed Wing_N550ND_before_0_189617,643,VSpd,0.6602163292852097,VSpdG,0.23321438528528723,E1_RPM,0.06728008424523135,TAS,0.013944058910928975,HDG,0.006274826509918079
open_2017_05_08_close_2017_05_08_flight_Fixed Wing_N550ND_before_0_189617,open_2017_05_08_close_2017_05_08_flight_Fixed Wing_N550ND_before_0_189617,644,VSpdG,0.470594350451596,VSpd,0.44424372180148547,Roll,0.0303994657978605,E1_RPM,0.019248570046677814,HDG,0.009292413125983596
open_2017_05_08_close_2017_05_08_flight_Fixed Wing_N550ND_before_0_189617,open_2017_05_08_close_2017_05_08_flight_Fixed Wing_N550ND_before_0_189617,645,VSpd,0.8143448874360826,VSpdG,0.11589487679238077,AltB,0.022005356352983674,E1_RPM,0.019804820717683972,HDG,0.013936725690223035
open_2017_05_08_close_2017_05_08_flight_Fixed Wing_N550ND_before_0_189617,open_2017_05_08_close_2017_05_08_flight_Fixed Wing_N550ND_before_0_189617,646,VSpdG,0.4951683667798416,VSpd,0.46340030549913847,E1_RPM,0.011682738236184601,AltB,0.008986721720142315,Roll,0.008851920894340181
open_2017_05_08_close_2017_05_08_flight_Fixed Wing_N550ND_before_0_189617,open_2017_05_08_close_2017_05_08_flight_Fixed Wing_N550ND_before_0_189617,647,VSpdG,0.9197138543492195,Roll,0.02974780687089989,TAS,0.01299030867724886,HDG,0.009093216074074054,HPLfd,0.00649515433862443
open_2017_05_08_close_2017_05_08_flight_Fixed Wing_N550ND_before_0_189617,open_2017_05_08_close_2017_05_08_flight_Fixed Wing_N550ND_before_0_189617,648,E1_RPM,0.3359038389682992,VSpd,0.31876666347342303,VSpdG,0.2842263252808683,AltB,0.02279890309739585,E1_FFlow,0.005775722118006947
open_2017_05_08_close_2017_05_08_flight_Fixed Wing_N550ND_before_0_189617,open_2017_05_08_close_2017_05_08_flight_Fixed Wing_N550ND_before_0_189617,649,VSpdG,0.6408155591251041,VSpd,0.13898577460135603,E1_RPM,0.10822662776335147,E1_EGT2,0.03747245269550623,AltB,0.03254936173333862
open_2017_05_08_close_2017_05_08_flight_Fixed Wing_N550ND_before_0_189617,open_2017_05_08_close_2017_05_08_flight_Fixed Wing_N550ND_before_0_189617,650,VSpdG,0.7295735026581818,VSpd,0.18392038997243507,AltB,0.02349252781368027,E1_RPM,0.0211432750323126,E1_EGT2,0.010232301003291448
open_2017_05_08_close_2017_05_08_flight_Fixed Wing_N550ND_before_0_189617,open_2017_05_08_close_2017_05_08_flight_Fixed Wing_N550ND_before_0_189617,651,VSpdG,0.6337999532605929,VSpd,0.15160897294662112,AltB,0.07042221702895478,TAS,0.030180950155266333,E1_EGT2,0.029275521650609166
open_2017_05_08_close_2017_05_08_flight_Fixed Wing_N550ND_before_0_189617,open_2017_05_08_close_2017_05_08_flight_Fixed Wing_N550ND_before_0_189617,652,VSpdG,0.3906555933940768,E1_RPM,0.255181605849345,VSpd,0.1326126834974512,E1_EGT4,0.0843208784545664,HDG,0.0437954701114436
open_2017_05_08_close_2017_05_08_flight_Fixed Wing_N550ND_before_0_189617,open_2017_05_08_close_2017_05_08_flight_Fixed Wing_N550ND_before_0_189617,653,VSpd,0.6645680886461146,E1_RPM,0.16201333414481747,VSpdG,0.07594375038038313,AltB,0.028930952525860244,HDG,0.02218039693649286
open_2017_05_08_close_2017_05_08_flight_Fixed Wing_N550ND_before_0_189617,open_2017_05_08_close_2017_05_08_flight_Fixed Wing_N550ND_before_0_189617,654,VSpd,0.40022372131077905,E1_RPM,0.1065180237697248,Roll,0.09473002913920858,HDG,0.07385249648034257,E1_EGT4,0.05865592508919345
open_2017_05_08_close_2017_05_08_flight_Fixed Wing_N550ND_before_0_189617,open_2017_05_08_close_2017_05_08_flight_Fixed Wing_N550ND_before_0_189617,655,VSpdG,0.7330245478372962,AltB,0.11850281373813099,VSpd,0.044184620550931926,E1_RPM,0.03301149811276583,E1_EGT4,0.012696730043371178
open_2017_05_08_close_2017_05_08_flight_Fixed Wing_N550ND_before_0_189617,open_2017_05_08_close_2017_05_08_flight_Fixed Wing_N550ND_before_0_189617,656,VSpdG,0.37194219761644326,VSpd,0.22505454877998152,AltB,0.12988457694542438,E1_RPM,0.12516150142013785,Roll,0.06659536490656305
open_2017_05_08_close_2017_05_08_flight_Fixed Wing_N550ND_before_0_189617,open_2017_05_08_close_2017_05_08_flight_Fixed Wing_N550ND_before_0_189617,657,VSpdG,0.5513071991681324,VSpd,0.272351499172382,E1_RPM,0.05778675720447188,HDG,0.03230315620125775,TRK,0.024047905172047447
open_2017_05_08_close_2017_05_08_flight_Fixed Wing_N550ND_before_0_189617,open_2017_05_08_close_2017_05_08_flight_Fixed Wing_N550ND_before_0_189617,658,VSpdG,0.6248210152503921,VSpd,0.2481140438054188,AltB,0.03401929302633713,TRK,0.028916399072386575,HDG,0.02211254046711915
open_2017_05_08_close_2017_05_08_flight_Fixed Wing_N550ND_before_0_189617,open_2017_05_08_close_2017_05_08_flight_Fixed Wing_N550ND_before_0_189617,659,VSpdG,0.5594190726724706,VSpd,0.23228670124166556,E1_RPM,0.058923582527683795,AltB,0.042595360863386104,TRK,0.03123659796648315
open_2017_05_08_close_2017_05_08_flight_Fixed Wing_N550ND_before_0_189617,open_2017_05_08_close_2017_05_08_flight_Fixed Wing_N550ND_before_0_189617,660,VSpdG,0.663935376541811,VSpd,0.22770381636695206,AltB,0.0289086520990629,E1_RPM,0.024572354284204123,HDG,0.01445432604953145
open_2017_05_08_close_2017_05_08_flight_Fixed Wing_N550ND_before_0_189617,open_2017_05_08_close_2017_05_08_flight_Fixed Wing_N550ND_before_0_189617,661,VSpdG,0.583461609067204,VSpd,0.2115842038201384,AltB,0.11288253621614583,Roll,0.030760491118899738,HDG,0.026104086499983643
open_2017_05_08_close_2017_05_08_flight_Fixed Wing_N550ND_before_0_189617,open_2017_05_08_close_2017_05_08_flight_Fixed Wing_N550ND_before_0_189617,662,VSpd,0.6307515319541664,VSpdG,0.29981399210134674,AltB,0.01903580902230773,E1_RPM,0.012849171090056852,Roll,0.012135328251721176
open_2017_05_08_close_2017_05_08_flight_Fixed Wing_N550ND_before_0_189617,open_2017_05_08_close_2017_05_08_flight_Fixed Wing_N550ND_before_0_189617,663,VSpd,0.8996492734423958,Roll,0.019279542238729998,AltB,0.0188093095012,TAS,0.0094046547506,E1_EGT2,0.007993956538009144
open_2017_05_08_close_2017_05_08_flight_Fixed Wing_N550ND_before_0_189617,open_2017_05_08_close_2017_05_08_flight_Fixed Wing_N550ND_before_0_189617,664,VSpdG,0.6968205013906711,AltB,0.09448413578178591,E1_RPM,0.053147326377254576,Roll,0.04665154204225679,TAS,0.023621033945446478
open_2017_05_08_close_2017_05_08_flight_Fixed Wing_N550ND_before_0_189617,open_2017_05_08_close_2017_05_08_flight_Fixed Wing_N550ND_before_0_189617,665,E1_RPM,0.5762084779861643,VSpd,0.13622762446580264,VSpdG,0.07146070606107871,E1_EGT4,0.05517851986994579,AltB,0.05427395397043929
open_2017_05_08_close_2017_05_08_flight_Fixed Wing_N550ND_before_0_189617,open_2017_05_08_close_2017_05_08_flight_Fixed Wing_N550ND_before_0_189617,666,VSpd,0.549021074793117,VSpdG,0.2577794008111419,E1_RPM,0.06594356764936138,E1_EGT4,0.0413646015255096,E1_EGT2,0.03586022108535507
open_2017_05_08_close_2017_05_08_flight_Fixed Wing_N550ND_before_0_189617,open_2017_05_08_close_2017_05_08_flight_Fixed Wing_N550ND_before_0_189617,667,VSpd,0.4785475406256428,VSpdG,0.2745459441551237,E1_RPM,0.18566751138626203,E1_EGT4,0.015588625642705752,E1_EGT2,0.015495559220959394
open_2017_05_08_close_2017_05_08_flight_Fixed Wing_N550ND_before_0_189617,open_2017_05_08_close_2017_05_08_flight_Fixed Wing_N550ND_before_0_189617,668,VSpdG,0.42143700392166555,VSpd,0.22155981619215132,E1_RPM,0.14658678397275188,AltB,0.07634728331914233,E1_EGT2,0.0482514830576992
open_2017_05_08_close_2017_05_08_flight_Fixed Wing_N550ND_before_0_189617,open_2017_05_08_close_2017_05_08_flight_Fixed Wing_N550ND_before_0_189617,669,E1_RPM,0.3335297532496913,VSpd,0.3293553606363255,VSpdG,0.18257696985728955,E1_EGT4,0.039930806109666,E1_EGT2,0.03529259209481511
open_2017_05_08_close_2017_05_08_flight_Fixed Wing_N550ND_before_0_189617,open_2017_05_08_close_2017_05_08_flight_Fixed Wing_N550ND_before_0_189617,670,VSpdG,0.4231470989580092,VSpd,0.18390905651192876,E1_EGT2,0.1424489426036366,E1_EGT4,0.10369911882715906,E1_RPM,0.08350623649373276
open_2017_05_08_close_2017_05_08_flight_Fixed Wing_N550ND_before_0_189617,open_2017_05_08_close_2017_05_08_flight_Fixed Wing_N550ND_before_0_189617,671,E1_EGT2,0.2965999076616595,E1_EGT4,0.22513005039378897,E1_RPM,0.19219596751764934,VSpd,0.17954387116347265,TAS,0.02897426645994717
open_2017_05_08_close_2017_05_08_flight_Fixed Wing_N550ND_before_0_189617,open_2017_05_08_close_2017_05_08_flight_Fixed Wing_N550ND_before_0_189617,672,VSpd,0.3338809317841837,E1_EGT2,0.26101215403346206,E1_EGT4,0.1854605590496391,E1_RPM,0.10298556475458209,GndSpd,0.040848055936271284
open_2017_05_08_close_2017_05_08_flight_Fixed Wing_N550ND_before_0_189617,open_2017_05_08_close_2017_05_08_flight_Fixed Wing_N550ND_before_0_189617,673,E1_RPM,0.7163353408983147,E1_EGT2,0.14793782493045948,E1_EGT4,0.0950483734876157,TAS,0.009158346570189413,E1_OilP,0.008105136714617607
open_2017_05_08_close_2017_05_08_flight_Fixed Wing_N550ND_before_0_189617,open_2017_05_08_close_2017_05_08_flight_Fixed Wing_N550ND_before_0_189617,674,E1_EGT2,0.4050542688664443,E1_EGT4,0.2381518643738681,VSpd,0.21331260313084896,E1_RPM,0.03704100360801358,TAS,0.032683238477658166
open_2017_05_08_close_2017_05_08_flight_Fixed Wing_N550ND_before_0_189617,open_2017_05_08_close_2017_05_08_flight_Fixed Wing_N550ND_before_0_189617,675,VSpd,0.46824831677293866,E1_EGT2,0.1891002817736878,E1_EGT4,0.13243229914036012,E1_RPM,0.10712577538903581,GndSpd,0.03943470572291989
open_2017_05_08_close_2017_05_08_flight_Fixed Wing_N550ND_before_0_189617,open_2017_05_08_close_2017_05_08_flight_Fixed Wing_N550ND_before_0_189617,676,VSpd,0.7851865243069213,VSpdG,0.13333112718200982,AltB,0.04514234052111575,E1_EGT2,0.00943152471601868,E1_EGT4,0.007077674103132238
open_2017_05_08_close_2017_05_08_flight_Fixed Wing_N550ND_before_0_189617,open_2017_05_08_close_2017_05_08_flight_Fixed Wing_N550ND_before_0_189617,677,TRK,0.8219362010600034,VSpd,0.08971774392761254,AltB,0.027443612723205456,VSpdG,0.026986219177818856,HDG,0.0070895999534947955
open_2017_05_08_close_2017_05_08_flight_Fixed Wing_N550ND_before_0_189617,open_2017_05_08_close_2017_05_08_flight_Fixed Wing_N550ND_before_0_189617,678,VSpd,0.5679989035988997,VSpdG,0.33731899874157417,E1_RPM,0.03043157421937924,Roll,0.018430390020187662,E1_EGT2,0.013287025363391691
open_2017_05_08_close_2017_05_08_flight_Fixed Wing_N550ND_before_0_189617,open_2017_05_08_close_2017_05_08_flight_Fixed Wing_N550ND_before_0_189617,679,VSpd,0.5601631858930108,VSpdG,0.3122373831516783,AltB,0.055923113400300595,E1_RPM,0.03029168642516282,TAS,0.013980778350075149
open_2017_05_08_close_2017_05_08_flight_Fixed Wing_N550ND_before_0_189617,open_2017_05_08_close_2017_05_08_flight_Fixed Wing_N550ND_before_0_189617,680,VSpd,0.5043914637949861,VSpdG,0.2543227952761666,AltB,0.11097721975687269,E1_RPM,0.06473671152484241,E1_EGT4,0.018866127358668022
open_2017_05_08_close_2017_05_08_flight_Fixed Wing_N550ND_before_0_189617,open_2017_05_08_close_2017_05_08_flight_Fixed Wing_N550ND_before_0_189617,681,VSpdG,0.4484038235864083,VSpd,0.32356689701988417,AltB,0.1220700064209825,E1_RPM,0.03743480196910055,Roll,0.015380820809043792
open_2017_05_08_close_2017_05_08_flight_Fixed Wing_N550ND_before_0_189617,open_2017_05_08_close_2017_05_08_flight_Fixed Wing_N550ND_before_0_189617,682,VSpdG,0.6505664763063366,VSpd,0.1825375841286714,AltB,0.10203059001070254,E1_RPM,0.012632358763229396,E1_CHT2,0.009134167105720015
open_2017_05_08_close_2017_05_08_flight_Fixed Wing_N550ND_before_0_189617,open_2017_05_08_close_2017_05_08_flight_Fixed Wing_N550ND_before_0_189617,683,VSpd,0.7389373471511448,VSpdG,0.1570432273075711,AltB,0.07253728743998672,E1_EGT4,0.0060205948575183695,E1_RPM,0.003989550809198939
open_2017_05_08_close_2017_05_08_flight_Fixed Wing_N550ND_before_0_189617,open_2017_05_08_close_2017_05_08_flight_Fixed Wing_N550ND_before_0_189617,684,VSpd,0.5988153220034046,VSpdG,0.2222010255806156,AltB,0.08925622592033172,E1_RPM,0.052614196331984164,Roll,0.009019576514054575
open_2017_05_08_close_2017_05_08_flight_Fixed Wing_N550ND_before_0_189617,open_2017_05_08_close_2017_05_08_flight_Fixed Wing_N550ND_before_0_189617,685,VSpdG,0.5423869667949313,VSpd,0.2541060891183569,AltB,0.07716887738952267,E1_RPM,0.05732545177507198,Roll,0.028387122754002986
open_2017_05_08_close_2017_05_08_flight_Fixed Wing_N550ND_before_0_189617,open_2017_05_08_close_2017_05_08_flight_Fixed Wing_N550ND_before_0_189617,686,VSpdG,0.7271098121660178,AltB,0.11822923775057201,VSpd,0.09598736239874572,Roll,0.011083991039116127,E1_RPM,0.00960612556723196
open_2017_05_08_close_2017_05_08_flight_Fixed Wing_N550ND_before_0_189617,open_2017_05_08_close_2017_05_08_flight_Fixed Wing_N550ND_before_0_189617,687,VSpdG,0.4539926789799719,VSpd,0.42437390527111885,E1_RPM,0.049162308820023176,AltB,0.036416525051869424,TAS,0.006069420841978238
open_2017_05_08_close_2017_05_08_flight_Fixed Wing_N550ND_before_0_189617,open_2017_05_08_close_2017_05_08_flight_Fixed Wing_N550ND_before_0_189617,688,VSpd,0.7561874233798996,AltB,0.11349905041349335,E1_RPM,0.03475908418913298,VSpdG,0.02837476260337334,Roll,0.02475698037144324
open_2017_05_08_close_2017_05_08_flight_Fixed Wing_N550ND_before_0_189617,open_2017_05_08_close_2017_05_08_flight_Fixed Wing_N550ND_before_0_189617,689,VSpdG,0.6493541364120966,VSpd,0.2504928854904429,AltB,0.045273694769767676,Roll,0.009992551202755865,TAS,0.009701506022093073
open_2017_05_08_close_2017_05_08_flight_Fixed Wing_N550ND_before_0_189617,open_2017_05_08_close_2017_05_08_flight_Fixed Wing_N550ND_before_0_189617,690,VSpd,0.5291913643000675,VSpdG,0.24224067935475715,E1_RPM,0.18002048455602215,AltB,0.01229648118552067,E1_EGT4,0.009763406061303478
open_2017_05_08_close_2017_05_08_flight_Fixed Wing_N550ND_before_0_189617,open_2017_05_08_close_2017_05_08_flight_Fixed Wing_N550ND_before_0_189617,691,VSpd,0.5007801046427727,VSpdG,0.3199393730685045,E1_RPM,0.09748152773180943,E1_EGT2,0.020683580563608063,AltB,0.018746447640732692
open_2017_05_08_close_2017_05_08_flight_Fixed Wing_N550ND_before_0_189617,open_2017_05_08_close_2017_05_08_flight_Fixed Wing_N550ND_before_0_189617,692,VSpd,0.5517518494806075,VSpdG,0.28923660018009484,AltB,0.044046182768542386,Roll,0.022023091384271193,E1_RPM,0.019086679199697695
open_2017_05_08_close_2017_05_08_flight_Fixed Wing_N550ND_before_0_189617,open_2017_05_08_close_2017_05_08_flight_Fixed Wing_N550ND_before_0_189617,693,VSpd,0.6386844126176516,VSpdG,0.16758897195659975,E1_RPM,0.0695920307277354,AltB,0.028404910501118596,Roll,0.018889265483243867
open_2017_05_08_close_2017_05_08_flight_Fixed Wing_N550ND_before_0_189617,open_2017_05_08_close_2017_05_08_flight_Fixed Wing_N550ND_before_0_189617,694,VSpd,0.8534408811795656,E1_RPM,0.04503292879114949,AltB,0.040128352388151566,VSpdG,0.017388952701532307,Roll,0.011458873959727726
open_2017_05_08_close_2017_05_08_flight_Fixed Wing_N550ND_before_0_189617,open_2017_05_08_close_2017_05_08_flight_Fixed Wing_N550ND_before_0_189617,695,VSpdG,0.6773923698409535,VSpd,0.26860237552784333,AltB,0.018112095450292874,E1_RPM,0.01207473030019525,Roll,0.00902586089939595
open_2017_05_08_close_2017_05_08_flight_Fixed Wing_N550ND_before_0_189617,open_2017_05_08_close_2017_05_08_flight_Fixed Wing_N550ND_before_0_189617,696,VSpdG,0.4992322585006003,VSpd,0.3883328892129136,AltB,0.052884773146250015,Roll,0.010629839402396252,TAS,0.010576954629250004
open_2017_05_08_close_2017_05_08_flight_Fixed Wing_N550ND_before_0_189617,open_2017_05_08_close_2017_05_08_flight_Fixed Wing_N550ND_before_0_189617,697,VSpd,0.7723204204115581,VSpdG,0.18047900738830447,AltB,0.022893743009087242,E1_RPM,0.014117808188936438,E1_EGT2,0.0028998741144843493
open_2017_05_08_close_2017_05_08_flight_Fixed Wing_N550ND_before_0_189617,open_2017_05_08_close_2017_05_08_flight_Fixed Wing_N550ND_before_0_189617,698,VSpd,0.692331089643361,VSpdG,0.13283750988279133,AltB,0.07880191264233377,E1_RPM,0.028143540229404917,HDG,0.016886124137642948
open_2017_05_08_close_2017_05_08_flight_Fixed Wing_N550ND_before_0_189617,open_2017_05_08_close_2017_05_08_flight_Fixed Wing_N550ND_before_0_189617,699,VSpdG,0.6063608278116014,VSpd,0.2722732326974662,AltB,0.05438213702346203,Roll,0.025015783030792528,E1_RPM,0.014501903206255716
open_2017_05_08_close_2017_05_08_flight_Fixed Wing_N550ND_before_0_189617,open_2017_05_08_close_2017_05_08_flight_Fixed Wing_N550ND_before_0_189617,700,VSpd,0.7852295631193498,VSpdG,0.126649929535379,E1_RPM,0.05259191989180846,TAS,0.010733044875879576,HDG,0.006976479169321786
open_2017_05_08_close_2017_05_08_flight_Fixed Wing_N550ND_before_0_189617,open_2017_05_08_close_2017_05_08_flight_Fixed Wing_N550ND_before_0_189617,701,VSpd,0.7888616609804772,VSpdG,0.10512216374443409,E1_RPM,0.03207116860000005,AltB,0.017817315888887117,TAS,0.017817315888887117
open_2017_05_08_close_2017_05_08_flight_Fixed Wing_N550ND_before_0_189617,open_2017_05_08_close_2017_05_08_flight_Fixed Wing_N550ND_before_0_189617,702,VSpdG,0.5884334590958314,VSpd,0.36195105390519833,AltB,0.013574012897251013,E1_RPM,0.01289531225238908,TAS,0.0067870064486255065
open_2017_05_08_close_2017_05_08_flight_Fixed Wing_N550ND_before_0_189617,open_2017_05_08_close_2017_05_08_flight_Fixed Wing_N550ND_before_0_189617,703,VSpdG,0.564535476626785,VSpd,0.3689689142849427,E1_RPM,0.031942538515834853,AltB,0.013037770822789495,HDG,0.009126439575952869
open_2017_05_08_close_2017_05_08_flight_Fixed Wing_N550ND_before_0_189617,open_2017_05_08_close_2017_05_08_flight_Fixed Wing_N550ND_before_0_189617,704,VSpdG,0.5542001620276388,VSpd,0.3296488744807608,E1_RPM,0.06067489554945702,AltB,0.032504408330066785,Roll,0.0046589651939762415
open_2017_05_08_close_2017_05_08_flight_Fixed Wing_N550ND_before_0_189617,open_2017_05_08_close_2017_05_08_flight_Fixed Wing_N550ND_before_0_189617,705,VSpd,0.5801418247016408,VSpdG,0.20004890506953144,E1_RPM,0.08356473249739224,AltB,0.050645292422666154,TAS,0.025322646211333077
open_2017_05_08_close_2017_05_08_flight_Fixed Wing_N550ND_before_0_189617,open_2017_05_08_close_2017_05_08_flight_Fixed Wing_N550ND_before_0_189617,706,VSpdG,0.4798306939510322,VSpd,0.44366954020399774,AltB,0.017385170070689567,TAS,0.017385170070689567,E1_EGT4,0.011474212246656536
open_2017_05_08_close_2017_05_08_flight_Fixed Wing_N550ND_before_0_189617,open_2017_05_08_close_2017_05_08_flight_Fixed Wing_N550ND_before_0_189617,707,VSpd,0.8326412886033947,E1_RPM,0.04332442477285709,E1_EGT2,0.02599465486371672,E1_EGT4,0.015163548670499367,Roll,0.014892771015670473
open_2017_05_08_close_2017_05_08_flight_Fixed Wing_N550ND_before_0_189617,open_2017_05_08_close_2017_05_08_flight_Fixed Wing_N550ND_before_0_189617,708,VSpd,0.8785078125638626,E1_RPM,0.04127869766054928,VSpdG,0.03156606291688842,AltB,0.024281586859144902,E1_EGT4,0.0063132125833774535
open_2017_05_08_close_2017_05_08_flight_Fixed Wing_N550ND_before_0_189617,open_2017_05_08_close_2017_05_08_flight_Fixed Wing_N550ND_before_0_189617,709,VSpd,0.7485044436830732,VSpdG,0.08411601563352272,E1_RPM,0.03586672747825375,HDG,0.03373180322359533,TRK,0.028607985012416327
open_2017_05_08_close_2017_05_08_flight_Fixed Wing_N550ND_before_0_189617,open_2017_05_08_close_2017_05_08_flight_Fixed Wing_N550ND_before_0_189617,710,VSpdG,0.5027487136460932,VSpd,0.3791016235221245,HDG,0.03264141260087545,TRK,0.029093432970345504,Roll,0.023594064543024137
open_2017_05_08_close_2017_05_08_flight_Fixed Wing_N550ND_before_0_189617,open_2017_05_08_close_2017_05_08_flight_Fixed Wing_N550ND_before_0_189617,711,VSpd,0.5720340233693934,VSpdG,0.2691388148229204,Roll,0.03436461703388702,TRK,0.034212561206303435,HDG,0.02889060724087854
open_2017_05_08_close_2017_05_08_flight_Fixed Wing_N550ND_before_0_189617,open_2017_05_08_close_2017_05_08_flight_Fixed Wing_N550ND_before_0_189617,712,VSpdG,0.5437226581883834,VSpd,0.3519974338735259,AltB,0.032509575975389136,E1_RPM,0.024382181981541854,TAS,0.008127393993847284
open_2017_05_08_close_2017_05_08_flight_Fixed Wing_N550ND_before_0_189617,open_2017_05_08_close_2017_05_08_flight_Fixed Wing_N550ND_before_0_189617,713,VSpdG,0.5697664124383119,VSpd,0.36837142747032103,Roll,0.015012892772184101,HDG,0.011627885968128818,AltB,0.010335898638336727
open_2017_05_08_close_2017_05_08_flight_Fixed Wing_N550ND_before_0_189617,open_2017_05_08_close_2017_05_08_flight_Fixed Wing_N550ND_before_0_189617,714,VSpdG,0.7804323828461948,VSpd,0.06545978959378075,AltB,0.034475201892708765,TRK,0.029303921608802498,HDG,0.028442041561484707
open_2017_05_08_close_2017_05_08_flight_Fixed Wing_N550ND_before_0_189617,open_2017_05_08_close_2017_05_08_flight_Fixed Wing_N550ND_before_0_189617,715,VSpd,0.47284310172654576,VSpdG,0.26482284106438,Roll,0.0565147294880145,E1_RPM,0.04221813408272817,HDG,0.040299127988057765
open_2017_05_08_close_2017_05_08_flight_Fixed Wing_N550ND_before_0_189617,open_2017_05_08_close_2017_05_08_flight_Fixed Wing_N550ND_before_0_189617,716,VSpdG,0.6545948787081443,VSpd,0.24422608550860786,AltB,0.04310596567222022,E1_RPM,0.0307899754801573,TAS,0.00615799509603146
open_2017_05_08_close_2017_05_08_flight_Fixed Wing_N550ND_before_0_189617,open_2017_05_08_close_2017_05_08_flight_Fixed Wing_N550ND_before_0_189617,717,VSpd,0.3956122214469382,AltB,0.23653944481132336,E1_RPM,0.14783715300707712,E1_EGT2,0.039029008393873195,HDG,0.03548091672169985
open_2017_05_08_close_2017_05_08_flight_Fixed Wing_N550ND_before_0_189617,open_2017_05_08_close_2017_05_08_flight_Fixed Wing_N550ND_before_0_189617,718,VSpd,0.5025870111358224,VSpdG,0.41235063827552754,E1_RPM,0.0382148573588697,AltB,0.012327373341570328,Roll,0.010293356740211224
open_2017_05_08_close_2017_05_08_flight_Fixed Wing_N550ND_before_0_189617,open_2017_05_08_close_2017_05_08_flight_Fixed Wing_N550ND_before_0_189617,719,VSpdG,0.44072080607857256,VSpd,0.4237906775523835,E1_RPM,0.05240277877153881,AltB,0.035830959843786384,Roll,0.014377172637319286
open_2017_05_08_close_2017_05_08_flight_Fixed Wing_N550ND_before_0_189617,open_2017_05_08_close_2017_05_08_flight_Fixed Wing_N550ND_before_0_189617,720,VSpdG,0.4235552931429265,VSpd,0.40311706947380754,E1_RPM,0.057818659063957493,AltB,0.053784799129260506,HDG,0.014790819760546563
open_2017_05_08_close_2017_05_08_flight_Fixed Wing_N550ND_before_0_189617,open_2017_05_08_close_2017_05_08_flight_Fixed Wing_N550ND_before_0_189617,721,VSpd,0.6477925151030322,E1_RPM,0.12375616480201809,VSpdG,0.07912279388981604,Roll,0.04098154965575086,E1_EGT2,0.023939717125637937
open_2017_05_08_close_2017_05_08_flight_Fixed Wing_N550ND_before_0_189617,open_2017_05_08_close_2017_05_08_flight_Fixed Wing_N550ND_before_0_189617,722,VSpdG,0.3283383018281742,VSpd,0.24853962594081985,E1_RPM,0.22027759489739007,AltB,0.0831236207159934,Roll,0.031171357768497526
open_2017_05_08_close_2017_05_08_flight_Fixed Wing_N550ND_before_0_189617,open_2017_05_08_close_2017_05_08_flight_Fixed Wing_N550ND_before_0_189617,723,VSpd,0.6665292884647587,VSpdG,0.2865226085203698,AltB,0.02428157699325168,E1_RPM,0.0048563153986496,HDG,0.00323754359910027
open_2017_05_08_close_2017_05_08_flight_Fixed Wing_N550ND_before_0_189617,open_2017_05_08_close_2017_05_08_flight_Fixed Wing_N550ND_before_0_189617,724,VSpdG,0.46497202262898624,VSpd,0.445254854580795,AltB,0.029428609027151022,HDG,0.02060002631900538,Roll,0.017657165416290612
open_2017_05_08_close_2017_05_08_flight_Fixed Wing_N550ND_before_0_189617,open_2017_05_08_close_2017_05_08_flight_Fixed Wing_N550ND_before_0_189617,725,VSpdG,0.7909509994829759,VSpd,0.13477322621431648,E1_RPM,0.03618073186961424,TAS,0.01005020329711532,E1_EGT2,0.004824097582615537
open_2017_05_08_close_2017_05_08_flight_Fixed Wing_N550ND_before_0_189617,open_2017_05_08_close_2017_05_08_flight_Fixed Wing_N550ND_before_0_189617,726,VSpdG,0.6868564765552887,VSpd,0.22089104835861564,AltB,0.024931269566435165,E1_RPM,0.021191579131467624,TAS,0.012465634783217583
open_2017_05_08_close_2017_05_08_flight_Fixed Wing_N550ND_before_0_189617,open_2017_05_08_close_2017_05_08_flight_Fixed Wing_N550ND_before_0_189617,727,VSpdG,0.47886692638608397,VSpd,0.3917587521577582,E1_RPM,0.0486467988709645,TAS,0.022803186970765905,AltB,0.01520212464717727
open_2017_05_08_close_2017_05_08_flight_Fixed Wing_N550ND_before_0_189617,open_2017_05_08_close_2017_05_08_flight_Fixed Wing_N550ND_before_0_189617,728,VSpd,0.49758341781261284,VSpdG,0.3695988989144643,E1_RPM,0.06171161288589845,Roll,0.021196597469504672,AltB,0.013415568018673841
open_2017_05_08_close_2017_05_08_flight_Fixed Wing_N550ND_before_0_189617,open_2017_05_08_close_2017_05_08_flight_Fixed Wing_N550ND_before_0_189617,729,VSpdG,0.5417163584163,VSpd,0.24595299917079053,E1_RPM,0.10329337342683687,AltB,0.04590816596748305,Roll,0.025708572941790513
open_2017_05_08_close_2017_05_08_flight_Fixed Wing_N550ND_before_0_189617,open_2017_05_08_close_2017_05_08_flight_Fixed Wing_N550ND_before_0_189617,730,VSpd,0.45072521192097803,VSpdG,0.35488755694817226,AltB,0.054043790398198815,E1_RPM,0.0522423307182523,HDG,0.021617516159279322
open_2017_05_08_close_2017_05_08_flight_Fixed Wing_N550ND_before_0_189617,open_2017_05_08_close_2017_05_08_flight_Fixed Wing_N550ND_before_0_189617,731,VSpd,0.8084905463909748,VSpdG,0.10029167490757174,E1_RPM,0.04443302052867099,AltB,0.012695148722477425,TAS,0.012695148722477425
open_2017_05_08_close_2017_05_08_flight_Fixed Wing_N550ND_before_0_189617,open_2017_05_08_close_2017_05_08_flight_Fixed Wing_N550ND_before_0_189617,732,VSpd,0.5519105843398344,VSpdG,0.3284519313702868,E1_RPM,0.032288494948266494,AltB,0.0278349094381599,Roll,0.018037021315927614
open_2017_05_08_close_2017_05_08_flight_Fixed Wing_N550ND_before_0_189617,open_2017_05_08_close_2017_05_08_flight_Fixed Wing_N550ND_before_0_189617,733,VSpdG,0.4693169868479949,VSpd,0.4098622173578487,E1_RPM,0.04055089594112119,AltB,0.02385346820066048,Roll,0.01878460620802013
open_2017_05_08_close_2017_05_08_flight_Fixed Wing_N550ND_before_0_189617,open_2017_05_08_close_2017_05_08_flight_Fixed Wing_N550ND_before_0_189617,734,VSpdG,0.4961602755752481,VSpd,0.4122828340692246,E1_RPM,0.047362489739285,AltB,0.026736889368951012,Roll,0.004163315630308086
open_2017_05_08_close_2017_05_08_flight_Fixed Wing_N550ND_before_0_189617,open_2017_05_08_close_2017_05_08_flight_Fixed Wing_N550ND_before_0_189617,735,VSpd,0.7204334507252573,VSpdG,0.1297483931403852,E1_RPM,0.06322485258959447,AltB,0.03848469288062272,Roll,0.013414664375531349
open_2017_05_08_close_2017_05_08_flight_Fixed Wing_N550ND_before_0_189617,open_2017_05_08_close_2017_05_08_flight_Fixed Wing_N550ND_before_0_189617,736,VSpd,0.5708370500034714,VSpdG,0.3652173986102217,E1_RPM,0.02707170833898623,AltB,0.020053117288138456,Roll,0.007394587000001056
open_2017_05_08_close_2017_05_08_flight_Fixed Wing_N550ND_before_0_189617,open_2017_05_08_close_2017_05_08_flight_Fixed Wing_N550ND_before_0_189617,737,VSpdG,0.43862203046946135,VSpd,0.22557704424143682,AltB,0.110576982471293,E1_RPM,0.08846158597703774,E1_EGT4,0.03354168468296189
open_2017_05_08_close_2017_05_08_flight_Fixed Wing_N550ND_before_0_189617,open_2017_05_08_close_2017_05_08_flight_Fixed Wing_N550ND_before_0_189617,738,VSpdG,0.46439297177645444,VSpd,0.338196024525456,E1_RPM,0.08698154074543249,HDG,0.02506247784190372,Roll,0.02314593541869947
open_2017_05_08_close_2017_05_08_flight_Fixed Wing_N550ND_before_0_189617,open_2017_05_08_close_2017_05_08_flight_Fixed Wing_N550ND_before_0_189617,739,VSpdG,0.49159708752819586,VSpd,0.41331621181210115,E1_RPM,0.039168821061715896,AltB,0.017029922200745815,HDG,0.013056273687238362
open_2017_05_08_close_2017_05_08_flight_Fixed Wing_N550ND_before_0_189617,open_2017_05_08_close_2017_05_08_flight_Fixed Wing_N550ND_before_0_189617,740,VSpd,0.4408831632661805,VSpdG,0.4221031502264444,E1_RPM,0.07869719749983908,Roll,0.01573943949996912,GndSpd,0.006617718880668661
open_2017_05_08_close_2017_05_08_flight_Fixed Wing_N550ND_before_0_189617,open_2017_05_08_close_2017_05_08_flight_Fixed Wing_N550ND_before_0_189617,741,VSpd,0.7091295231228306,VSpdG,0.2148877342796457,AltB,0.04466488703272081,TAS,0.004962765225857868,Roll,0.004714626964564975
open_2017_05_08_close_2017_05_08_flight_Fixed Wing_N550ND_before_0_189617,open_2017_05_08_close_2017_05_08_flight_Fixed Wing_N550ND_before_0_189617,742,VSpd,0.8252110426630205,VSpdG,0.08270179726873776,E1_RPM,0.06602244319773196,TAS,0.006949730862919153,GndSpd,0.003544362740088705
open_2017_05_08_close_2017_05_08_flight_Fixed Wing_N550ND_before_0_189617,open_2017_05_08_close_2017_05_08_flight_Fixed Wing_N550ND_before_0_189617,743,E1_RPM,0.34420308419531637,VSpdG,0.3228952742213204,AltB,0.09834373834151895,Roll,0.07064358537532445,VSpd,0.06080921154117222
open_2017_05_08_close_2017_05_08_flight_Fixed Wing_N550ND_before_0_189617,open_2017_05_08_close_2017_05_08_flight_Fixed Wing_N550ND_before_0_189617,744,VSpdG,0.4907216350844949,VSpd,0.3376918690593272,E1_RPM,0.11742526570707264,AltB,0.017396335660307058,E1_EGT4,0.011467084589419188
open_2017_05_08_close_2017_05_08_flight_Fixed Wing_N550ND_before_0_189617,open_2017_05_08_close_2017_05_08_flight_Fixed Wing_N550ND_before_0_189617,745,VSpd,0.6576505075011766,VSpdG,0.18314416162638258,AltB,0.07372328540045055,E1_RPM,0.025997158535948525,E1_EGT4,0.02188417524518676
open_2017_05_08_close_2017_05_08_flight_Fixed Wing_N550ND_before_0_189617,open_2017_05_08_close_2017_05_08_flight_Fixed Wing_N550ND_before_0_189617,746,VSpdG,0.45136866804974735,VSpd,0.3396453713752816,AltB,0.0654948490519585,E1_RPM,0.05457904087663209,TAS,0.021831616350652835
open_2017_05_08_close_2017_05_08_flight_Fixed Wing_N550ND_before_0_189617,open_2017_05_08_close_2017_05_08_flight_Fixed Wing_N550ND_before_0_189617,747,VSpdG,0.7055989172895435,VSpd,0.2353579023657133,AltB,0.021442120343072735,Roll,0.010874218173986885,E1_EGT2,0.005069529881112113
open_2017_05_08_close_2017_05_08_flight_Fixed Wing_N550ND_before_0_189617,open_2017_05_08_close_2017_05_08_flight_Fixed Wing_N550ND_before_0_189617,748,VSpd,0.5933200119060196,VSpdG,0.26657561313977635,E1_RPM,0.02988515842374174,HDG,0.028689752086792142,TRK,0.02191578284407728
open_2017_05_08_close_2017_05_08_flight_Fixed Wing_N550ND_before_0_189617,open_2017_05_08_close_2017_05_08_flight_Fixed Wing_N550ND_before_0_189617,749,VSpdG,0.5027227323979818,VSpd,0.3143332122004124,E1_RPM,0.07552112796113149,E1_EGT4,0.031035050594972545,HDG,0.027052344344286036
open_2017_05_08_close_2017_05_08_flight_Fixed Wing_N550ND_before_0_189617,open_2017_05_08_close_2017_05_08_flight_Fixed Wing_N550ND_before_0_189617,750,VSpd,0.45319119140982383,VSpdG,0.33400588743605863,AltB,0.07828262986782616,E1_RPM,0.031965407196028126,E1_EGT4,0.029029808575985833
open_2017_05_08_close_2017_05_08_flight_Fixed Wing_N550ND_before_0_189617,open_2017_05_08_close_2017_05_08_flight_Fixed Wing_N550ND_before_0_189617,751,VSpdG,0.4764475387098156,VSpd,0.4257154715407145,AltB,0.0500645399695078,E1_EGT4,0.014226673441335474,E1_RPM,0.006258067496188475
open_2017_05_08_close_2017_05_08_flight_Fixed Wing_N550ND_before_0_189617,open_2017_05_08_close_2017_05_08_flight_Fixed Wing_N550ND_before_0_189617,752,VSpd,0.5383765905108187,VSpdG,0.39293262751268154,E1_RPM,0.027155210727354197,AltB,0.009815136407477474,Roll,0.007050539652704653
open_2017_05_08_close_2017_05_08_flight_Fixed Wing_N550ND_before_0_189617,open_2017_05_08_close_2017_05_08_flight_Fixed Wing_N550ND_before_0_189617,753,VSpd,0.7852040663274578,E1_RPM,0.03998210238725411,AltB,0.03887148843205236,TRK,0.033873725633645636,HDG,0.028875962835238873
open_2017_05_08_close_2017_05_08_flight_Fixed Wing_N550ND_before_0_189617,open_2017_05_08_close_2017_05_08_flight_Fixed Wing_N550ND_before_0_189617,754,VSpd,0.6946648442539137,VSpdG,0.1999035523032844,AltB,0.042760118139740004,TRK,0.015233292087282385,E1_RPM,0.012828035441922488
open_2017_05_08_close_2017_05_08_flight_Fixed Wing_N550ND_before_0_189617,open_2017_05_08_close_2017_05_08_flight_Fixed Wing_N550ND_before_0_189617,755,VSpdG,0.37311376597766904,VSpd,0.17733675066559837,AltB,0.1551050297366755,E1_RPM,0.1249457183989886,E1_EGT2,0.035932665222330455
open_2017_05_08_close_2017_05_08_flight_Fixed Wing_N550ND_before_0_189617,open_2017_05_08_close_2017_05_08_flight_Fixed Wing_N550ND_before_0_189617,756,VSpd,0.5278285965510331,VSpdG,0.28929929253607634,AltB,0.06519420676869325,E1_RPM,0.03015232063051915,E1_EGT2,0.025181262364408957
open_2017_05_08_close_2017_05_08_flight_Fixed Wing_N550ND_before_0_189617,open_2017_05_08_close_2017_05_08_flight_Fixed Wing_N550ND_before_0_189617,757,VSpd,0.7391560632683597,VSpdG,0.18220984824683545,E1_RPM,0.04516751167808855,AltB,0.0051326717816009984,TAS,0.0051326717816009984
open_2017_05_08_close_2017_05_08_flight_Fixed Wing_N550ND_before_0_189617,open_2017_05_08_close_2017_05_08_flight_Fixed Wing_N550ND_before_0_189617,758,VSpd,0.5017521318228573,VSpdG,0.3903024787196949,AltB,0.06860785758744631,Roll,0.007928019098993795,E1_RPM,0.0076230952874940345
open_2017_05_08_close_2017_05_08_flight_Fixed Wing_N550ND_before_0_189617,open_2017_05_08_close_2017_05_08_flight_Fixed Wing_N550ND_before_0_189617,759,VSpdG,0.7125394526030542,VSpd,0.1201732147854645,E1_RPM,0.0623924139969667,AltB,0.054254273040841676,Roll,0.017270943584667936
open_2017_05_08_close_2017_05_08_flight_Fixed Wing_N550ND_before_0_189617,open_2017_05_08_close_2017_05_08_flight_Fixed Wing_N550ND_before_0_189617,760,VSpd,0.7334807204706281,VSpdG,0.08432039714374208,Roll,0.07151223555228765,E1_RPM,0.04269387197151502,E1_EGT2,0.02348162958433375
open_2017_05_08_close_2017_05_08_flight_Fixed Wing_N550ND_before_0_189617,open_2017_05_08_close_2017_05_08_flight_Fixed Wing_N550ND_before_0_189617,761,VSpd,0.5433438374689042,VSpdG,0.3738029336988058,E1_RPM,0.018234289448722924,Roll,0.01720861066723161,TAS,0.015195241207268529
open_2017_05_08_close_2017_05_08_flight_Fixed Wing_N550ND_before_0_189617,open_2017_05_08_close_2017_05_08_flight_Fixed Wing_N550ND_before_0_189617,762,VSpdG,0.3969416615114366,VSpd,0.32292989351321966,E1_RPM,0.23102424744051867,AltB,0.021002204312774424,E1_EGT4,0.007182753874969006
open_2017_05_08_close_2017_05_08_flight_Fixed Wing_N550ND_before_0_189617,open_2017_05_08_close_2017_05_08_flight_Fixed Wing_N550ND_before_0_189617,763,VSpd,0.48053011401937895,VSpdG,0.40657594471789954,AltB,0.0481562032660795,E1_EGT2,0.017336233175788494,HDG,0.007567403370384077
open_2017_05_08_close_2017_05_08_flight_Fixed Wing_N550ND_before_0_189617,open_2017_05_08_close_2017_05_08_flight_Fixed Wing_N550ND_before_0_189617,764,VSpdG,0.5394282109648889,AltB,0.1707051300521799,E1_RPM,0.06828205202087197,VSpd,0.05769833395763673,HDG,0.03755512861148036
open_2017_05_08_close_2017_05_08_flight_Fixed Wing_N550ND_before_0_189617,open_2017_05_08_close_2017_05_08_flight_Fixed Wing_N550ND_before_0_189617,765,VSpdG,0.7879519269075184,VSpd,0.13286579412663438,AltB,0.030809459507625366,HDG,0.009242837852287522,E1_EGT2,0.008164506769520302
open_2017_05_08_close_2017_05_08_flight_Fixed Wing_N550ND_before_0_189617,open_2017_05_08_close_2017_05_08_flight_Fixed Wing_N550ND_before_0_189617,766,VSpdG,0.4878675582125481,E1_RPM,0.2484993845975675,VSpd,0.17231899582854995,AltB,0.045656054912939024,HDG,0.009783440338486934
open_2017_05_08_close_2017_05_08_flight_Fixed Wing_N550ND_before_0_189617,open_2017_05_08_close_2017_05_08_flight_Fixed Wing_N550ND_before_0_189617,767,VSpd,0.5688605853095395,VSpdG,0.31782494239966214,E1_EGT2,0.026139949972725604,AltB,0.023030792927511732,Roll,0.016582170907808447
open_2017_05_08_close_2017_05_08_flight_Fixed Wing_N550ND_before_0_189617,open_2017_05_08_close_2017_05_08_flight_Fixed Wing_N550ND_before_0_189617,768,VSpdG,0.5778627038815338,VSpd,0.12438739558127966,E1_RPM,0.10896139967257572,AltB,0.06121426947897606,E1_EGT2,0.04542098795340068
open_2017_05_08_close_2017_05_08_flight_Fixed Wing_N550ND_before_0_189617,open_2017_05_08_close_2017_05_08_flight_Fixed Wing_N550ND_before_0_189617,769,VSpd,0.6724089052101372,VSpdG,0.20539542017809004,AltB,0.034812783081032216,E1_EGT2,0.01731935958281361,Roll,0.017232327625110948
open_2017_05_08_close_2017_05_08_flight_Fixed Wing_N550ND_before_0_189617,open_2017_05_08_close_2017_05_08_flight_Fixed Wing_N550ND_before_0_189617,770,VSpdG,0.5714117391277104,VSpd,0.32832435997973425,AltB,0.04468517999043678,E1_RPM,0.014522683496891446,HDG,0.009495600747967752
open_2017_05_08_close_2017_05_08_flight_Fixed Wing_N550ND_before_0_189617,open_2017_05_08_close_2017_05_08_flight_Fixed Wing_N550ND_before_0_189617,771,E1_RPM,0.4879739070208795,VSpd,0.3117102639371936,E1_EGT4,0.06644205860786871,E1_EGT2,0.029249148665392594,VSpdG,0.028919683911965238
open_2017_05_08_close_2017_05_08_flight_Fixed Wing_N550ND_before_0_189617,open_2017_05_08_close_2017_05_08_flight_Fixed Wing_N550ND_before_0_189617,772,VSpd,0.49692542001081913,E1_EGT2,0.16054417538849705,VSpdG,0.13513924561279025,E1_RPM,0.08801216457923075,E1_EGT4,0.06494798386148241
open_2017_05_08_close_2017_05_08_flight_Fixed Wing_N550ND_before_0_189617,open_2017_05_08_close_2017_05_08_flight_Fixed Wing_N550ND_before_0_189617,773,VSpd,0.6306368760657286,VSpdG,0.18824230148735582,E1_EGT2,0.06772192958589252,E1_EGT4,0.04368832023824226,E1_RPM,0.018622901484043452
open_2017_05_08_close_2017_05_08_flight_Fixed Wing_N550ND_before_0_189617,open_2017_05_08_close_2017_05_08_flight_Fixed Wing_N550ND_before_0_189617,774,VSpd,0.4263864696640031,E1_EGT2,0.17147201776959195,E1_RPM,0.13979884251278743,E1_EGT4,0.13870666405565726,GndSpd,0.03440362139963143
open_2017_05_08_close_2017_05_08_flight_Fixed Wing_N550ND_before_0_189617,open_2017_05_08_close_2017_05_08_flight_Fixed Wing_N550ND_before_0_189617,775,E1_RPM,0.8401620999890562,TAS,0.041387295565963364,amp1,0.03310983645277069,E1_OilP,0.01858289570911756,VSpd,0.015313299359406441
open_2017_05_08_close_2017_05_08_flight_Fixed Wing_N550ND_before_0_189617,open_2017_05_08_close_2017_05_08_flight_Fixed Wing_N550ND_before_0_189617,776,E1_EGT2,0.5296101215500599,E1_EGT4,0.2508221149383804,E1_RPM,0.06193138640453908,TAS,0.04838389562854547,VSpdG,0.03773943859026546
open_2017_05_08_close_2017_05_08_flight_Fixed Wing_N550ND_before_0_189617,open_2017_05_08_close_2017_05_08_flight_Fixed Wing_N550ND_before_0_189617,777,E1_EGT2,0.3773526067851519,E1_EGT4,0.1976986594665255,VSpdG,0.07733448063384628,VSpd,0.07574813231315186,E1_RPM,0.07535154523297302
open_2017_05_08_close_2017_05_08_flight_Fixed Wing_N550ND_before_0_189617,open_2017_05_08_close_2017_05_08_flight_Fixed Wing_N550ND_before_0_189617,778,VSpd,0.604569029619615,VSpdG,0.3180067295178601,AltB,0.028499482854475875,E1_EGT2,0.014510986686737063,E1_EGT4,0.012658520301196735
open_2017_05_08_close_2017_05_08_flight_Fixed Wing_N550ND_before_0_189617,open_2017_05_08_close_2017_05_08_flight_Fixed Wing_N550ND_before_0_189617,779,VSpdG,0.6633310892119456,VSpd,0.18633079038765052,AltB,0.07068282098160077,E1_EGT4,0.022618502714111453,E1_EGT2,0.014789021005381231
open_2017_05_08_close_2017_05_08_flight_Fixed Wing_N550ND_before_0_189617,open_2017_05_08_close_2017_05_08_flight_Fixed Wing_N550ND_before_0_189617,780,VSpd,0.5298008116224584,VSpdG,0.4060358679237692,E1_RPM,0.02117031931688151,E1_EGT2,0.010295651018209343,E1_EGT4,0.005464475584357289
open_2017_05_08_close_2017_05_08_flight_Fixed Wing_N550ND_before_0_189617,open_2017_05_08_close_2017_05_08_flight_Fixed Wing_N550ND_before_0_189617,781,VSpd,0.6342795813156022,E1_RPM,0.09075954761261684,AltB,0.06915013151437474,Roll,0.05194903630017402,VSpdG,0.03457506575718737
open_2017_05_08_close_2017_05_08_flight_Fixed Wing_N550ND_before_0_189617,open_2017_05_08_close_2017_05_08_flight_Fixed Wing_N550ND_before_0_189617,782,VSpd,0.6774684939630887,VSpdG,0.1754089886555754,AltB,0.07795955051358842,TAS,0.016705617967197654,HDG,0.011693932577038168
open_2017_05_08_close_2017_05_08_flight_Fixed Wing_N550ND_before_0_189617,open_2017_05_08_close_2017_05_08_flight_Fixed Wing_N550ND_before_0_189617,783,VSpd,0.5936750649873723,VSpdG,0.22733791000585538,AltB,0.10962995660180849,E1_RPM,0.025387989949893018,TAS,0.011539995431769314
open_2017_05_08_close_2017_05_08_flight_Fixed Wing_N550ND_before_0_189617,open_2017_05_08_close_2017_05_08_flight_Fixed Wing_N550ND_before_0_189617,784,VSpdG,0.6332239825245781,VSpd,0.26764542010550246,AltB,0.07425427808105803,Roll,0.0047027709451336755,E1_CHT2,0.003382694890359282
open_2017_05_08_close_2017_05_08_flight_Fixed Wing_N550ND_before_0_189617,open_2017_05_08_close_2017_05_08_flight_Fixed Wing_N550ND_before_0_189617,785,VSpdG,0.6257762559548286,VSpd,0.1529521633339316,AltB,0.06223189285738626,HDG,0.044945255952556745,Roll,0.03367436869060789
open_2017_05_08_close_2017_05_08_flight_Fixed Wing_N550ND_before_0_189617,open_2017_05_08_close_2017_05_08_flight_Fixed Wing_N550ND_before_0_189617,786,VSpdG,0.5448508063082692,VSpd,0.29303941093291014,HDG,0.03787732878078868,TRK,0.03678471352749686,AltB,0.036420508443066116
open_2017_05_08_close_2017_05_08_flight_Fixed Wing_N550ND_before_0_189617,open_2017_05_08_close_2017_05_08_flight_Fixed Wing_N550ND_before_0_189617,787,VSpd,0.4116961001730711,VSpdG,0.2867776848903328,AltB,0.09721277453909591,Roll,0.05046963211488063,TRK,0.048606387269547954
open_2017_05_08_close_2017_05_08_flight_Fixed Wing_N550ND_before_0_189617,open_2017_05_08_close_2017_05_08_flight_Fixed Wing_N550ND_before_0_189617,788,VSpd,0.48093531295399133,VSpdG,0.3834899240499044,E1_RPM,0.04643823299041676,AltB,0.037450187895498484,HPLfd,0.007490037579099697
open_2017_05_08_close_2017_05_08_flight_Fixed Wing_N550ND_before_0_189617,open_2017_05_08_close_2017_05_08_flight_Fixed Wing_N550ND_before_0_189617,789,VSpd,0.3006558717222139,VSpdG,0.20871541182824993,AltB,0.13209836191661425,E1_RPM,0.10039475505663165,TAS,0.07925901714996855
open_2017_05_08_close_2017_05_08_flight_Fixed Wing_N550ND_before_0_189617,open_2017_05_08_close_2017_05_08_flight_Fixed Wing_N550ND_before_0_189617,790,VSpd,0.5880272238171325,VSpdG,0.3269634132431469,AltB,0.05491633555763449,Roll,0.0116450793605548,E1_RPM,0.0056324446725778965
open_2017_05_08_close_2017_05_08_flight_Fixed Wing_N550ND_before_0_189617,open_2017_05_08_close_2017_05_08_flight_Fixed Wing_N550ND_before_0_189617,791,VSpdG,0.48466183272242513,AltB,0.1640141565896528,VSpd,0.12145248295463931,HDG,0.05740495480637848,TRK,0.05166445932574073
open_2017_05_08_close_2017_05_08_flight_Fixed Wing_N550ND_before_0_189617,open_2017_05_08_close_2017_05_08_flight_Fixed Wing_N550ND_before_0_189617,792,VSpdG,0.577799249875544,VSpd,0.267946465326901,AltB,0.04762081729743494,HDG,0.03174721153162329,TRK,0.024604088937008006
open_2017_05_08_close_2017_05_08_flight_Fixed Wing_N550ND_before_0_189617,open_2017_05_08_close_2017_05_08_flight_Fixed Wing_N550ND_before_0_189617,793,VSpd,0.46619285470947724,VSpdG,0.39368063169129086,E1_RPM,0.0759866108153351,E1_EGT2,0.01162295198326691,E1_EGT4,0.010423163391445788
open_2017_05_08_close_2017_05_08_flight_Fixed Wing_N550ND_before_0_189617,open_2017_05_08_close_2017_05_08_flight_Fixed Wing_N550ND_before_0_189617,794,VSpd,0.5135748568148173,E1_RPM,0.3446232130867712,VSpdG,0.05357778543377996,AltB,0.03178343203698808,E1_EGT2,0.01539226208648468
open_2017_05_08_close_2017_05_08_flight_Fixed Wing_N550ND_before_0_189617,open_2017_05_08_close_2017_05_08_flight_Fixed Wing_N550ND_before_0_189617,795,VSpdG,0.5335317036049866,VSpd,0.17242389659361165,AltB,0.15243762960142473,E1_EGT4,0.036923781392342335,E1_EGT2,0.02811627390426417
open_2017_05_08_close_2017_05_08_flight_Fixed Wing_N550ND_before_0_189617,open_2017_05_08_close_2017_05_08_flight_Fixed Wing_N550ND_before_0_189617,796,AltB,0.3213880981890963,VSpdG,0.18365034182234075,VSpd,0.11156758265707231,E1_RPM,0.10100768800229994,E1_EGT2,0.08861128992928233
open_2017_05_08_close_2017_05_08_flight_Fixed Wing_N550ND_before_0_189617,open_2017_05_08_close_2017_05_08_flight_Fixed Wing_N550ND_before_0_189617,797,VSpd,0.7343617792832312,VSpdG,0.12700379591883534,E1_RPM,0.06673080802515365,E1_EGT2,0.011731706572162711,Roll,0.011516445901114721
open_2017_05_08_close_2017_05_08_flight_Fixed Wing_N550ND_before_0_189617,open_2017_05_08_close_2017_05_08_flight_Fixed Wing_N550ND_before_0_189617,798,VSpd,0.6722429963174811,VSpdG,0.1938097600585819,E1_RPM,0.06029636979600437,AltB,0.03076345397755268,TAS,0.012305381591021071
open_2017_05_08_close_2017_05_08_flight_Fixed Wing_N550ND_before_0_189617,open_2017_05_08_close_2017_05_08_flight_Fixed Wing_N550ND_before_0_189617,799,VSpd,0.6371516174005508,VSpdG,0.1253361000364629,AltB,0.09519197471123766,E1_RPM,0.05394211900303612,TAS,0.04759598735561883
open_2017_05_08_close_2017_05_08_flight_Fixed Wing_N550ND_before_0_189617,open_2017_05_08_close_2017_05_08_flight_Fixed Wing_N550ND_before_0_189617,800,E1_RPM,0.5168155319864535,VSpd,0.23013205166958633,VSpdG,0.20362166719607627,E1_EGT2,0.01387914502861131,AltB,0.009131016466191761
open_2017_05_08_close_2017_05_08_flight_Fixed Wing_N550ND_before_0_189617,open_2017_05_08_close_2017_05_08_flight_Fixed Wing_N550ND_before_0_189617,801,VSpd,0.5352387830695335,VSpdG,0.3380393154880034,AltB,0.05328115305415113,E1_EGT2,0.02593016115302019,E1_EGT4,0.023118100297384304
open_2017_05_08_close_2017_05_08_flight_Fixed Wing_N550ND_before_0_189617,open_2017_05_08_close_2017_05_08_flight_Fixed Wing_N550ND_before_0_189617,802,VSpdG,0.54981025368117,VSpd,0.39362933583386517,E1_RPM,0.019021775431001278,AltB,0.008094372523830252,E1_EGT4,0.007770597622876877
open_2017_05_08_close_2017_05_08_flight_Fixed Wing_N550ND_before_0_189617,open_2017_05_08_close_2017_05_08_flight_Fixed Wing_N550ND_before_0_189617,803,VSpdG,0.31283726116786265,VSpd,0.24073296864002752,E1_RPM,0.16689470514959992,Roll,0.058955012728170005,AltB,0.036124395054025746
open_2017_05_08_close_2017_05_08_flight_Fixed Wing_N550ND_before_0_189617,open_2017_05_08_close_2017_05_08_flight_Fixed Wing_N550ND_before_0_189617,804,VSpd,0.48596214144830097,VSpdG,0.42191189723889205,HDG,0.019555281586310543,E1_RPM,0.016608595319880317,TRK,0.014197670192800842
open_2017_05_08_close_2017_05_08_flight_Fixed Wing_N550ND_before_0_189617,open_2017_05_08_close_2017_05_08_flight_Fixed Wing_N550ND_before_0_189617,805,VSpd,0.4028946724393686,VSpdG,0.37437762665872404,E1_RPM,0.08445432788883285,AltB,0.036560315103390986,HDG,0.024861014270305914
open_2017_05_08_close_2017_05_08_flight_Fixed Wing_N550ND_before_0_189617,open_2017_05_08_close_2017_05_08_flight_Fixed Wing_N550ND_before_0_189617,806,VSpdG,0.5699902483473501,VSpd,0.3034157614059796,AltB,0.05790377126068318,E1_EGT4,0.016357815381142934,E1_RPM,0.01556163852630844
open_2017_05_08_close_2017_05_08_flight_Fixed Wing_N550ND_before_0_189617,open_2017_05_08_close_2017_05_08_flight_Fixed Wing_N550ND_before_0_189617,807,VSpd,0.6142474812927468,VSpdG,0.3188242434124783,E1_RPM,0.019661470875497092,AltB,0.015420761470978386,E1_EGT4,0.01021625447452353
open_2017_05_08_close_2017_05_08_flight_Fixed Wing_N550ND_before_0_189617,open_2017_05_08_close_2017_05_08_flight_Fixed Wing_N550ND_before_0_189617,808,VSpd,0.7358213681927821,AltB,0.06577384213190494,VSpdG,0.05543795265403395,E1_RPM,0.053558700021693384,Roll,0.036269575804164726
open_2017_05_08_close_2017_05_08_flight_Fixed Wing_N550ND_before_0_189617,open_2017_05_08_close_2017_05_08_flight_Fixed Wing_N550ND_before_0_189617,809,VSpdG,0.6094778959310573,VSpd,0.17687026417309587,HDG,0.056412654614308416,TRK,0.04369215406402318,AltB,0.038714566892172446
open_2017_05_08_close_2017_05_08_flight_Fixed Wing_N550ND_before_0_189617,open_2017_05_08_close_2017_05_08_flight_Fixed Wing_N550ND_before_0_189617,810,VSpdG,0.6154671978828866,E1_RPM,0.10839571544803037,AltB,0.07348862064273273,TRK,0.057872288756152024,VSpd,0.05327924996598134
open_2017_05_08_close_2017_05_08_flight_Fixed Wing_N550ND_before_0_189617,open_2017_05_08_close_2017_05_08_flight_Fixed Wing_N550ND_before_0_189617,811,VSpd,0.5239845927771706,VSpdG,0.36848383081408576,AltB,0.052682358654912984,E1_RPM,0.020780263691659855,Roll,0.00714138639544376
open_2017_05_08_close_2017_05_08_flight_Fixed Wing_N550ND_before_0_189617,open_2017_05_08_close_2017_05_08_flight_Fixed Wing_N550ND_before_0_189617,812,E1_RPM,0.32740062575131174,VSpd,0.16636933971602144,AltB,0.16014161042183844,VSpdG,0.14056874692583557,E1_EGT4,0.08772201548663042
open_2017_05_08_close_2017_05_08_flight_Fixed Wing_N550ND_before_0_189617,open_2017_05_08_close_2017_05_08_flight_Fixed Wing_N550ND_before_0_189617,813,VSpd,0.6945664618114025,VSpdG,0.23718698652551998,E1_EGT4,0.017663572480321472,E1_RPM,0.01103973280020035,TAS,0.010036120727455002
open_2017_05_08_close_2017_05_08_flight_Fixed Wing_N550ND_before_0_189617,open_2017_05_08_close_2017_05_08_flight_Fixed Wing_N550ND_before_0_189617,814,E1_RPM,0.37301573952232486,VSpd,0.2886191281863855,VSpdG,0.2722006747865614,AltB,0.03456516505226144,E1_OilP,0.008266835308332597
open_2017_05_08_close_2017_05_08_flight_Fixed Wing_N550ND_before_0_189617,open_2017_05_08_close_2017_05_08_flight_Fixed Wing_N550ND_before_0_189617,815,VSpdG,0.5480161534261564,VSpd,0.3088723424739041,E1_RPM,0.06784961899561937,E1_EGT2,0.023173254487734107,E1_EGT4,0.019485018788486037
open_2017_05_08_close_2017_05_08_flight_Fixed Wing_N550ND_before_0_189617,open_2017_05_08_close_2017_05_08_flight_Fixed Wing_N550ND_before_0_189617,816,VSpdG,0.4119171322748367,VSpd,0.392262203120606,AltB,0.05227374775061375,E1_EGT2,0.03627798093892385,E1_EGT4,0.028855108758338695
open_2017_05_08_close_2017_05_08_flight_Fixed Wing_N550ND_before_0_189617,open_2017_05_08_close_2017_05_08_flight_Fixed Wing_N550ND_before_0_189617,817,E1_RPM,0.40966015936184164,VSpdG,0.288897148214458,VSpd,0.19368785710544356,AltB,0.04670392696307634,E1_EGT2,0.013410699027969002
open_2017_05_08_close_2017_05_08_flight_Fixed Wing_N550ND_before_0_189617,open_2017_05_08_close_2017_05_08_flight_Fixed Wing_N550ND_before_0_189617,818,VSpd,0.5218810871398633,VSpdG,0.17216094012441688,Roll,0.10767353712866062,E1_EGT2,0.06725948592996134,AltB,0.029179820360070628
open_2017_05_08_close_2017_05_08_flight_Fixed Wing_N550ND_before_0_189617,open_2017_05_08_close_2017_05_08_flight_Fixed Wing_N550ND_before_0_189617,819,VSpdG,0.7468209537515027,VSpd,0.10257441386885285,E1_RPM,0.04456169226804622,TAS,0.024756495704469705,E1_EGT2,0.020300326477665456
open_2017_05_08_close_2017_05_08_flight_Fixed Wing_N550ND_before_0_189617,open_2017_05_08_close_2017_05_08_flight_Fixed Wing_N550ND_before_0_189617,820,E1_RPM,0.36566465998704806,VSpd,0.36503299358783875,VSpdG,0.1656369669039222,AltB,0.028074062187105463,E1_EGT2,0.017897214644279416
open_2017_05_08_close_2017_05_08_flight_Fixed Wing_N550ND_before_0_189617,open_2017_05_08_close_2017_05_08_flight_Fixed Wing_N550ND_before_0_189617,821,VSpdG,0.40849021045856865,E1_RPM,0.25188657319269747,VSpd,0.2504400335713657,E1_EGT4,0.038679211613859704,TAS,0.015723256753601565
open_2017_05_08_close_2017_05_08_flight_Fixed Wing_N550ND_before_0_189617,open_2017_05_08_close_2017_05_08_flight_Fixed Wing_N550ND_before_0_189617,822,VSpd,0.3320946158103136,E1_EGT2,0.2130749112628334,E1_EGT4,0.13459120570363942,VSpdG,0.13150195346354343,E1_RPM,0.12607488871742867
open_2017_05_08_close_2017_05_08_flight_Fixed Wing_N550ND_before_0_189617,open_2017_05_08_close_2017_05_08_flight_Fixed Wing_N550ND_before_0_189617,823,VSpdG,0.37442679077346147,VSpd,0.22230892144728803,E1_EGT2,0.15189433094362184,E1_EGT4,0.11998422683442131,E1_RPM,0.0407957548156157
open_2017_05_08_close_2017_05_08_flight_Fixed Wing_N550ND_before_0_189617,open_2017_05_08_close_2017_05_08_flight_Fixed Wing_N550ND_before_0_189617,824,VSpd,0.4689871554184398,E1_EGT4,0.1550215427476532,E1_EGT2,0.13156809901092337,E1_RPM,0.10868669048728492,VSpdG,0.031870533300782634
open_2017_05_08_close_2017_05_08_flight_Fixed Wing_N550ND_before_0_189617,open_2017_05_08_close_2017_05_08_flight_Fixed Wing_N550ND_before_0_189617,825,E1_RPM,0.7974763666323197,E1_EGT2,0.08318005706667769,VSpd,0.05012830794814046,E1_EGT4,0.045252346253526164,E1_OilP,0.009933702662931409
open_2017_05_08_close_2017_05_08_flight_Fixed Wing_N550ND_before_0_189617,open_2017_05_08_close_2017_05_08_flight_Fixed Wing_N550ND_before_0_189617,826,E1_EGT2,0.3533239942146573,VSpd,0.29234185555573783,E1_EGT4,0.20373930803857937,E1_RPM,0.06362004287571647,AltB,0.023275625442335808
open_2017_05_08_close_2017_05_08_flight_Fixed Wing_N550ND_before_0_189617,open_2017_05_08_close_2017_05_08_flight_Fixed Wing_N550ND_before_0_189617,827,VSpdG,0.5516370958574857,VSpd,0.22840676489402878,E1_EGT2,0.061315238397214596,E1_EGT4,0.053113199981926,E1_RPM,0.031007706204137
open_2017_05_08_close_2017_05_08_flight_Fixed Wing_N550ND_before_0_189617,open_2017_05_08_close_2017_05_08_flight_Fixed Wing_N550ND_before_0_189617,828,TRK,0.5900304396886981,VSpd,0.20019125628475878,VSpdG,0.1169831045132235,AltB,0.03299946530697417,E1_EGT2,0.017225720890240607
open_2017_05_08_close_2017_05_08_flight_Fixed Wing_N550ND_before_0_189617,open_2017_05_08_close_2017_05_08_flight_Fixed Wing_N550ND_before_0_189617,829,VSpdG,0.4818176774089834,VSpd,0.411607960700911,E1_RPM,0.038461498196653246,AltB,0.01748249918029693,E1_EGT4,0.011888099442601436
open_2017_05_08_close_2017_05_08_flight_Fixed Wing_N550ND_before_0_189617,open_2017_05_08_close_2017_05_08_flight_Fixed Wing_N550ND_before_0_189617,830,VSpdG,0.5217583352512952,VSpd,0.18670993342176398,E1_RPM,0.14662267119169223,AltB,0.05459354778414152,E1_EGT4,0.016768018247987033
open_2017_05_08_close_2017_05_08_flight_Fixed Wing_N550ND_before_0_189617,open_2017_05_08_close_2017_05_08_flight_Fixed Wing_N550ND_before_0_189617,831,VSpd,0.47797793528613886,VSpdG,0.25975628483136437,AltB,0.13185598214790037,Roll,0.03335956348341879,E1_EGT2,0.02070138919721952
open_2017_05_08_close_2017_05_08_flight_Fixed Wing_N550ND_before_0_189617,open_2017_05_08_close_2017_05_08_flight_Fixed Wing_N550ND_before_0_189617,832,VSpd,0.449648943523418,VSpdG,0.2416280465742311,AltB,0.1349192138231752,E1_RPM,0.08953729644629121,E1_EGT4,0.015331728843542636
open_2017_05_08_close_2017_05_08_flight_Fixed Wing_N550ND_before_0_189617,open_2017_05_08_close_2017_05_08_flight_Fixed Wing_N550ND_before_0_189617,833,VSpdG,0.5080341794506197,AltB,0.17221497608495592,VSpd,0.14006818054909737,E1_RPM,0.0846723632417713,Roll,0.026693321293168166
open_2017_05_08_close_2017_05_08_flight_Fixed Wing_N550ND_before_0_189617,open_2017_05_08_close_2017_05_08_flight_Fixed Wing_N550ND_before_0_189617,834,VSpd,0.40678642128989195,VSpdG,0.38440191215135455,AltB,0.11893097834517048,E1_RPM,0.033130772539012546,Roll,0.020005889571634034
open_2017_05_08_close_2017_05_08_flight_Fixed Wing_N550ND_before_0_189617,open_2017_05_08_close_2017_05_08_flight_Fixed Wing_N550ND_before_0_189617,835,VSpdG,0.30604108805777375,AltB,0.2534098181370094,E1_RPM,0.1910320167494414,VSpd,0.14678276389012876,E1_OilP,0.01988292419228863
open_2017_05_08_close_2017_05_08_flight_Fixed Wing_N550ND_before_0_189617,open_2017_05_08_close_2017_05_08_flight_Fixed Wing_N550ND_before_0_189617,836,VSpdG,0.6507456930742214,VSpd,0.24856521350229754,AltB,0.056856255947708,E1_RPM,0.013955626459893374,HDG,0.007236250756981194
open_2017_05_08_close_2017_05_08_flight_Fixed Wing_N550ND_before_0_189617,open_2017_05_08_close_2017_05_08_flight_Fixed Wing_N550ND_before_0_189617,837,VSpdG,0.8446366176563254,AltB,0.08431037018348081,VSpd,0.03111819117681159,E1_CHT2,0.005748434330691873,Roll,0.004905330628857066
open_2017_05_08_close_2017_05_08_flight_Fixed Wing_N550ND_before_0_189617,open_2017_05_08_close_2017_05_08_flight_Fixed Wing_N550ND_before_0_189617,838,VSpdG,0.7291213263945282,AltB,0.13368938283679646,E1_RPM,0.03805005511509103,VSpd,0.024989630791800672,TAS,0.010283798679753575
open_2017_05_08_close_2017_05_08_flight_Fixed Wing_N550ND_before_0_189617,open_2017_05_08_close_2017_05_08_flight_Fixed Wing_N550ND_before_0_189617,839,VSpdG,0.6449617754978291,VSpd,0.24706472246583497,AltB,0.07507491566641397,Pitch,0.005323494019982077,E1_CHT2,0.004913994479983646
open_2017_05_08_close_2017_05_08_flight_Fixed Wing_N550ND_before_0_189617,open_2017_05_08_close_2017_05_08_flight_Fixed Wing_N550ND_before_0_189617,840,VSpd,0.7237215532123109,AltB,0.11256483767276149,VSpdG,0.11045424696639754,E1_RPM,0.016181195415460745,Roll,0.011397189814367102
open_2017_05_08_close_2017_05_08_flight_Fixed Wing_N550ND_before_0_189617,open_2017_05_08_close_2017_05_08_flight_Fixed Wing_N550ND_before_0_189617,841,VSpdG,0.7552139023576634,VSpd,0.14355057905925456,AltB,0.03296568621402499,E1_RPM,0.021877228123852132,E1_EGT2,0.01402540104378537
open_2017_05_08_close_2017_05_08_flight_Fixed Wing_N550ND_before_0_189617,open_2017_05_08_close_2017_05_08_flight_Fixed Wing_N550ND_before_0_189617,842,VSpd,0.5713431184468204,E1_RPM,0.2649924894495632,VSpdG,0.06329780112357981,E1_EGT4,0.02574825808416901,E1_EGT2,0.02006218442391431
open_2017_05_08_close_2017_05_08_flight_Fixed Wing_N550ND_before_0_189617,open_2017_05_08_close_2017_05_08_flight_Fixed Wing_N550ND_before_0_189617,843,VSpd,0.3897801875458789,E1_RPM,0.2870251749233277,VSpdG,0.18139991055154323,AltB,0.04592402798773243,E1_EGT2,0.04385744672828374
open_2017_05_08_close_2017_05_08_flight_Fixed Wing_N550ND_before_0_189617,open_2017_05_08_close_2017_05_08_flight_Fixed Wing_N550ND_before_0_189617,844,VSpd,0.6419488056617632,VSpdG,0.30486970378892436,AltB,0.012918207787666284,E1_EGT2,0.012444540168785618,E1_RPM,0.012056993935155982
open_2017_05_08_close_2017_05_08_flight_Fixed Wing_N550ND_before_0_189617,open_2017_05_08_close_2017_05_08_flight_Fixed Wing_N550ND_before_0_189617,845,VSpdG,0.4437367320212762,VSpd,0.39997793650786173,E1_RPM,0.06353736116702156,AltB,0.030743884435654244,E1_EGT2,0.021828157949315634
open_2017_05_08_close_2017_05_08_flight_Fixed Wing_N550ND_before_0_189617,open_2017_05_08_close_2017_05_08_flight_Fixed Wing_N550ND_before_0_189617,846,VSpd,0.6279211598439243,VSpdG,0.2431110685236433,E1_RPM,0.07254742997213552,TAS,0.015435623398326557,E1_EGT2,0.01227132060166898
open_2017_05_08_close_2017_05_08_flight_Fixed Wing_N550ND_before_0_189617,open_2017_05_08_close_2017_05_08_flight_Fixed Wing_N550ND_before_0_189617,847,VSpd,0.6586014636260538,VSpdG,0.1665599706657384,E1_RPM,0.08805399723092891,AltB,0.04243566131611171,E1_EGT4,0.010608915329027928
open_2017_05_08_close_2017_05_08_flight_Fixed Wing_N550ND_before_0_189617,open_2017_05_08_close_2017_05_08_flight_Fixed Wing_N550ND_before_0_189617,848,VSpd,0.5692586878984367,VSpdG,0.20334353856027565,E1_RPM,0.1352182921390656,TAS,0.030966021100549593,E1_EGT4,0.013418609143571021
open_2017_05_08_close_2017_05_08_flight_Fixed Wing_N550ND_before_0_189617,open_2017_05_08_close_2017_05_08_flight_Fixed Wing_N550ND_before_0_189617,849,VSpdG,0.6273034772318836,VSpd,0.2888418405686721,E1_RPM,0.056448208401127825,TAS,0.009104549742117324,Pitch,0.004688843117190423
open_2017_05_08_close_2017_05_08_flight_Fixed Wing_N550ND_before_0_189617,open_2017_05_08_close_2017_05_08_flight_Fixed Wing_N550ND_before_0_189617,850,VSpd,0.7660088213241099,VSpdG,0.0856482988823711,E1_RPM,0.0647796778348902,AltB,0.03478103507913547,TAS,0.017390517539567735
open_2017_05_08_close_2017_05_08_flight_Fixed Wing_N550ND_before_0_189617,open_2017_05_08_close_2017_05_08_flight_Fixed Wing_N550ND_before_0_189617,851,VSpd,0.859610490019278,VSpdG,0.04966666328642065,E1_RPM,0.022004217911705357,AltB,0.012573838806688775,TRK,0.012573838806688775
open_2017_05_08_close_2017_05_08_flight_Fixed Wing_N550ND_before_0_189617,open_2017_05_08_close_2017_05_08_flight_Fixed Wing_N550ND_before_0_189617,852,VSpdG,0.8740479248925049,HDG,0.01567798968417034,VSpd,0.015286039942066251,E1_RPM,0.014371490543821763,Roll,0.013848890887683934
open_2017_05_08_close_2017_05_08_flight_Fixed Wing_N550ND_before_0_189617,open_2017_05_08_close_2017_05_08_flight_Fixed Wing_N550ND_before_0_189617,853,VSpdG,0.6105441431383808,VSpd,0.3478506580391456,E1_RPM,0.020381009132340318,Roll,0.005892770031741991,AltB,0.004430654159204505
open_2017_05_08_close_2017_05_08_flight_Fixed Wing_N550ND_before_0_189617,open_2017_05_08_close_2017_05_08_flight_Fixed Wing_N550ND_before_0_189617,854,VSpd,0.47779819305101096,VSpdG,0.29893920737352025,AltB,0.08829428065884569,E1_RPM,0.05928330272808554,TAS,0.012613468665549384
open_2017_05_08_close_2017_05_08_flight_Fixed Wing_N550ND_before_0_189617,open_2017_05_08_close_2017_05_08_flight_Fixed Wing_N550ND_before_0_189617,855,VSpd,0.49149826270068003,VSpdG,0.4684332740785386,E1_RPM,0.014267003271428113,TAS,0.005944584696428155,Pitch,0.004517884369285399
open_2017_05_08_close_2017_05_08_flight_Fixed Wing_N550ND_before_0_189617,open_2017_05_08_close_2017_05_08_flight_Fixed Wing_N550ND_before_0_189617,856,VSpdG,0.6564451520946909,VSpd,0.138953110874866,E1_RPM,0.12662393796749977,AltB,0.022214725959211194,HDG,0.011107362979605597
open_2017_05_08_close_2017_05_08_flight_Fixed Wing_N550ND_before_0_189617,open_2017_05_08_close_2017_05_08_flight_Fixed Wing_N550ND_before_0_189617,857,VSpdG,0.5962307717057872,VSpd,0.31443434320488617,Roll,0.0313256686488763,HDG,0.012785987203623016,TRK,0.010430673771376525
open_2017_05_08_close_2017_05_08_flight_Fixed Wing_N550ND_before_0_189617,open_2017_05_08_close_2017_05_08_flight_Fixed Wing_N550ND_before_0_189617,858,VSpdG,0.6390055029755847,VSpd,0.2644246802935113,HDG,0.024553125806290804,TRK,0.021015811071486222,Roll,0.018747768094464403
open_2017_05_08_close_2017_05_08_flight_Fixed Wing_N550ND_before_0_189617,open_2017_05_08_close_2017_05_08_flight_Fixed Wing_N550ND_before_0_189617,859,VSpd,0.4725325010937183,VSpdG,0.23887324279051214,TRK,0.07154071738396016,Roll,0.05262486668582852,E1_RPM,0.04607707221339494
open_2017_05_08_close_2017_05_08_flight_Fixed Wing_N550ND_before_0_189617,open_2017_05_08_close_2017_05_08_flight_Fixed Wing_N550ND_before_0_189617,860,VSpdG,0.4525189983653068,VSpd,0.40410664838146276,E1_RPM,0.03950562684141567,AltB,0.035914206219468794,Roll,0.014581167725104328
open_2017_05_08_close_2017_05_08_flight_Fixed Wing_N550ND_before_0_189617,open_2017_05_08_close_2017_05_08_flight_Fixed Wing_N550ND_before_0_189617,861,VSpd,0.7413186278392323,VSpdG,0.19825038742357728,AltB,0.021203249991826455,Roll,0.011661787495504545,TRK,0.009806503121219704
open_2017_05_08_close_2017_05_08_flight_Fixed Wing_N550ND_before_0_189617,open_2017_05_08_close_2017_05_08_flight_Fixed Wing_N550ND_before_0_189617,862,VSpd,0.4681240857570003,VSpdG,0.38574470753719303,HDG,0.040862786815380615,TRK,0.03841101960645769,E1_RPM,0.02288316061661463
open_2017_05_08_close_2017_05_08_flight_Fixed Wing_N550ND_before_0_189617,open_2017_05_08_close_2017_05_08_flight_Fixed Wing_N550ND_before_0_189617,863,VSpd,0.487416870787786,VSpdG,0.20330572906666225,HDG,0.09303821499660826,TRK,0.0775318458305068,AltB,0.034458598146891915
open_2017_05_08_close_2017_05_08_flight_Fixed Wing_N550ND_before_0_189617,open_2017_05_08_close_2017_05_08_flight_Fixed Wing_N550ND_before_0_189617,864,VSpd,0.5922168415573386,VSpdG,0.283860627218481,E1_RPM,0.03386154690169566,AltB,0.02881833778867827,Roll,0.018443736184754096
open_2017_05_08_close_2017_05_08_flight_Fixed Wing_N550ND_before_0_189617,open_2017_05_08_close_2017_05_08_flight_Fixed Wing_N550ND_before_0_189617,865,VSpd,0.9017025469301643,AltB,0.052447436203586696,VSpdG,0.0174824787345289,HDG,0.006118867557085015,E1_RPM,0.00480768165199505
open_2017_05_08_close_2017_05_08_flight_Fixed Wing_N550ND_before_0_189617,open_2017_05_08_close_2017_05_08_flight_Fixed Wing_N550ND_before_0_189617,866,VSpdG,0.4700311479758667,VSpd,0.4460570724918067,E1_RPM,0.03581189698863882,AltB,0.02984324749053122,TAS,0.0049738745817552036
open_2017_05_08_close_2017_05_08_flight_Fixed Wing_N550ND_before_0_189617,open_2017_05_08_close_2017_05_08_flight_Fixed Wing_N550ND_before_0_189617,867,VSpdG,0.7729986754129471,VSpd,0.1774888667572537,E1_RPM,0.016349379767617325,E1_EGT2,0.009221050188936706,E1_EGT4,0.005362596563778067
open_2017_05_08_close_2017_05_08_flight_Fixed Wing_N550ND_before_0_189617,open_2017_05_08_close_2017_05_08_flight_Fixed Wing_N550ND_before_0_189617,868,VSpd,0.5321635092965795,VSpdG,0.19306397081457297,E1_RPM,0.13861003032842042,E1_EGT4,0.03564257922730714,HPLfd,0.024751791130073465
open_2017_05_08_close_2017_05_08_flight_Fixed Wing_N550ND_before_0_189617,open_2017_05_08_close_2017_05_08_flight_Fixed Wing_N550ND_before_0_189617,869,VSpd,0.7018210756506427,VSpdG,0.20939056415401927,E1_RPM,0.028531277794658968,AltB,0.024179048978524176,Roll,0.009865051983237864
open_2017_05_08_close_2017_05_08_flight_Fixed Wing_N550ND_before_0_189617,open_2017_05_08_close_2017_05_08_flight_Fixed Wing_N550ND_before_0_189617,870,VSpdG,0.46339090589477494,VSpd,0.40042792630458784,E1_RPM,0.07272951437810365,AltB,0.020779861250886756,TAS,0.013853240833924505
open_2017_05_08_close_2017_05_08_flight_Fixed Wing_N550ND_before_0_189617,open_2017_05_08_close_2017_05_08_flight_Fixed Wing_N550ND_before_0_189617,871,VSpd,0.7873288739837647,VSpdG,0.1038958185557248,E1_RPM,0.03763573019110387,AltB,0.03710564948418739,Roll,0.006519992695078641
open_2017_05_08_close_2017_05_08_flight_Fixed Wing_N550ND_before_0_189617,open_2017_05_08_close_2017_05_08_flight_Fixed Wing_N550ND_before_0_189617,872,VSpd,0.5302941275294268,VSpdG,0.4292694047674031,AltB,0.018690975534139467,Roll,0.008130574357350666,TAS,0.003115162589023244
open_2017_05_08_close_2017_05_08_flight_Fixed Wing_N550ND_before_0_189617,open_2017_05_08_close_2017_05_08_flight_Fixed Wing_N550ND_before_0_189617,873,VSpd,0.7481198801269244,E1_RPM,0.13840722392019164,VSpdG,0.05622793471757581,AltB,0.01441741915835275,Roll,0.008650451495011651
open_2017_05_08_close_2017_05_08_flight_Fixed Wing_N550ND_before_0_189617,open_2017_05_08_close_2017_05_08_flight_Fixed Wing_N550ND_before_0_189617,874,VSpd,0.5072164529603328,VSpdG,0.324574519790235,AltB,0.11002526094584227,E1_RPM,0.0220050521891672,E1_EGT2,0.010589931366037067
open_2017_05_08_close_2017_05_08_flight_Fixed Wing_N550ND_before_0_189617,open_2017_05_08_close_2017_05_08_flight_Fixed Wing_N550ND_before_0_189617,875,VSpdG,0.4797421132654604,VSpd,0.38249914840196964,E1_RPM,0.07995701887757674,AltB,0.03045981671526733,TAS,0.007614954178816832
open_2017_05_08_close_2017_05_08_flight_Fixed Wing_N550ND_before_0_189617,open_2017_05_08_close_2017_05_08_flight_Fixed Wing_N550ND_before_0_189617,876,VSpdG,0.6370061485064988,VSpd,0.2829405087742698,E1_RPM,0.05084493520959006,AltB,0.00866675031981631,TAS,0.005777833546544206
open_2017_05_08_close_2017_05_08_flight_Fixed Wing_N550ND_before_0_189617,open_2017_05_08_close_2017_05_08_flight_Fixed Wing_N550ND_before_0_189617,877,VSpdG,0.5559031303371378,VSpd,0.346135026038431,E1_RPM,0.054138766398393434,AltB,0.02353859408625848,TAS,0.0039230990143764135
open_2017_05_08_close_2017_05_08_flight_Fixed Wing_N550ND_before_0_189617,open_2017_05_08_close_2017_05_08_flight_Fixed Wing_N550ND_before_0_189617,878,VSpd,0.6499885856774771,VSpdG,0.26546411771208034,E1_RPM,0.02820173075001259,AltB,0.024523244130446216,TAS,0.012261622065223108
open_2017_05_08_close_2017_05_08_flight_Fixed Wing_N550ND_before_0_189617,open_2017_05_08_close_2017_05_08_flight_Fixed Wing_N550ND_before_0_189617,879,VSpd,0.4798369642059468,VSpdG,0.44345885152210107,AltB,0.016096510037099856,TAS,0.016096510037099856,Roll,0.010704179174671404
open_2017_05_08_close_2017_05_08_flight_Fixed Wing_N550ND_before_0_189617,open_2017_05_08_close_2017_05_08_flight_Fixed Wing_N550ND_before_0_189617,880,VSpdG,0.46646106892575984,VSpd,0.39161646803597683,AltB,0.05270746541534009,E1_RPM,0.04480134560304027,Roll,0.022005366810904488
open_2017_05_08_close_2017_05_08_flight_Fixed Wing_N550ND_before_0_189617,open_2017_05_08_close_2017_05_08_flight_Fixed Wing_N550ND_before_0_189617,881,VSpd,0.606350624505276,VSpdG,0.28645665991917346,AltB,0.05208302907621336,E1_RPM,0.02812483570115332,Roll,0.008541616768498989
open_2017_05_08_close_2017_05_08_flight_Fixed Wing_N550ND_before_0_189617,open_2017_05_08_close_2017_05_08_flight_Fixed Wing_N550ND_before_0_189617,882,VSpdG,0.8657349730820881,VSpd,0.04722190762265949,AltB,0.046295987865352294,E1_RPM,0.010416597269700055,HDG,0.006944398179802779
open_2017_05_08_close_2017_05_08_flight_Fixed Wing_N550ND_before_0_189617,open_2017_05_08_close_2017_05_08_flight_Fixed Wing_N550ND_before_0_189617,883,VSpd,0.4202783217027595,E1_RPM,0.3482130741646096,VSpdG,0.19090345717187832,AltB,0.006460353880605019,E1_FFlow,0.006298845033589894
open_2017_05_08_close_2017_05_08_flight_Fixed Wing_N550ND_before_0_189617,open_2017_05_08_close_2017_05_08_flight_Fixed Wing_N550ND_before_0_189617,884,VSpdG,0.7059606799751325,VSpd,0.18347507195967466,E1_RPM,0.07993417222998832,AltB,0.012450805643300396,Roll,0.00565266576205838
open_2017_05_08_close_2017_05_08_flight_Fixed Wing_N550ND_before_0_189617,open_2017_05_08_close_2017_05_08_flight_Fixed Wing_N550ND_before_0_189617,885,VSpdG,0.4637093843867241,VSpd,0.37332285676340726,AltB,0.05888373135069512,TAS,0.02944186567534756,E1_EGT4,0.012512792912021375
open_2017_05_08_close_2017_05_08_flight_Fixed Wing_N550ND_before_0_189617,open_2017_05_08_close_2017_05_08_flight_Fixed Wing_N550ND_before_0_189617,886,VSpd,0.6576342142161418,VSpdG,0.19870779759802573,AltB,0.037969642853125964,Pitch,0.02050360714068802,E1_EGT2,0.016326946426843705
open_2017_05_08_close_2017_05_08_flight_Fixed Wing_N550ND_before_0_189617,open_2017_05_08_close_2017_05_08_flight_Fixed Wing_N550ND_before_0_189617,887,VSpd,0.49218322890582833,VSpdG,0.3937965890407313,E1_RPM,0.04125488075665031,AltB,0.03750443705149822,HDG,0.01375162691888261
open_2017_05_08_close_2017_05_08_flight_Fixed Wing_N550ND_before_0_189617,open_2017_05_08_close_2017_05_08_flight_Fixed Wing_N550ND_before_0_189617,888,VSpd,0.472269950467323,VSpdG,0.4119773868657067,AltB,0.0392359416062578,E1_RPM,0.0196179708031289,Roll,0.016348309002607416
open_2017_05_08_close_2017_05_08_flight_Fixed Wing_N550ND_before_0_189617,open_2017_05_08_close_2017_05_08_flight_Fixed Wing_N550ND_before_0_189617,889,VSpdG,0.47361205801951917,VSpd,0.3588152266975293,E1_RPM,0.08654839638935706,AltB,0.036061831828897405,TAS,0.012020610609632469
open_2017_05_08_close_2017_05_08_flight_Fixed Wing_N550ND_before_0_189617,open_2017_05_08_close_2017_05_08_flight_Fixed Wing_N550ND_before_0_189617,890,VSpdG,0.558217441653093,VSpd,0.3361297602766574,E1_RPM,0.05342315359570219,AltB,0.01090268440728697,TAS,0.01090268440728697
open_2017_05_08_close_2017_05_08_flight_Fixed Wing_N550ND_before_0_189617,open_2017_05_08_close_2017_05_08_flight_Fixed Wing_N550ND_before_0_189617,891,VSpdG,0.5113621905202478,VSpd,0.374674265308169,E1_RPM,0.08008635364761653,AltB,0.01082248022265075,TAS,0.005411240111325375
open_2017_05_08_close_2017_05_08_flight_Fixed Wing_N550ND_before_0_189617,open_2017_05_08_close_2017_05_08_flight_Fixed Wing_N550ND_before_0_189617,892,VSpdG,0.588827220278572,E1_RPM,0.29717729394512093,VSpd,0.052542506237999616,E1_EGT2,0.028482200163668057,E1_EGT4,0.00634021578985777
open_2017_05_08_close_2017_05_08_flight_Fixed Wing_N550ND_before_0_189617,open_2017_05_08_close_2017_05_08_flight_Fixed Wing_N550ND_before_0_189617,893,VSpd,0.44976367389994243,VSpdG,0.35357449804825053,AltB,0.06870655417977976,E1_EGT2,0.04011405740188637,E1_EGT4,0.036097366542145445
open_2017_05_08_close_2017_05_08_flight_Fixed Wing_N550ND_before_0_189617,open_2017_05_08_close_2017_05_08_flight_Fixed Wing_N550ND_before_0_189617,894,VSpd,0.7490584933366666,VSpdG,0.16138933165422306,E1_RPM,0.030431462960224583,E1_EGT4,0.01282224562930798,E1_EGT2,0.011180998188756496
open_2017_05_08_close_2017_05_08_flight_Fixed Wing_N550ND_before_0_189617,open_2017_05_08_close_2017_05_08_flight_Fixed Wing_N550ND_before_0_189617,895,VSpdG,0.4463439986890745,VSpd,0.426391320663496,E1_RPM,0.0498816950639462,HDG,0.017814891094266396,E1_EGT4,0.012664768032469648
open_2017_05_08_close_2017_05_08_flight_Fixed Wing_N550ND_before_0_189617,open_2017_05_08_close_2017_05_08_flight_Fixed Wing_N550ND_before_0_189617,896,VSpdG,0.45338272935063556,VSpd,0.35183501748392415,E1_RPM,0.060618022377266836,HDG,0.02855559731821691,TRK,0.026551695752026226
open_2017_05_08_close_2017_05_08_flight_Fixed Wing_N550ND_before_0_189617,open_2017_05_08_close_2017_05_08_flight_Fixed Wing_N550ND_before_0_189617,897,VSpd,0.5251337458171578,E1_RPM,0.15029734644655912,E1_EGT4,0.06569030573138455,AltB,0.0647833389855857,HDG,0.0531223379681803
open_2017_05_08_close_2017_05_08_flight_Fixed Wing_N550ND_before_0_189617,open_2017_05_08_close_2017_05_08_flight_Fixed Wing_N550ND_before_0_189617,898,VSpd,0.542088373236364,VSpdG,0.2898780726973909,AltB,0.0573205228497666,Roll,0.024565938364185688,E1_EGT4,0.02337858467658353
open_2017_05_08_close_2017_05_08_flight_Fixed Wing_N550ND_before_0_189617,open_2017_05_08_close_2017_05_08_flight_Fixed Wing_N550ND_before_0_189617,899,VSpd,0.7644886595016941,VSpdG,0.12821527406188582,E1_RPM,0.03948216375873959,E1_EGT4,0.010501441494592248,Roll,0.009768782785667483
open_2017_05_08_close_2017_05_08_flight_Fixed Wing_N550ND_before_0_189617,open_2017_05_08_close_2017_05_08_flight_Fixed Wing_N550ND_before_0_189617,900,VSpdG,0.5974365493534572,VSpd,0.12498751937267573,E1_RPM,0.08914132641146909,HDG,0.052157159070539916,AltB,0.03793247932402903
open_2017_05_08_close_2017_05_08_flight_Fixed Wing_N550ND_before_0_189617,open_2017_05_08_close_2017_05_08_flight_Fixed Wing_N550ND_before_0_189617,901,VSpd,0.4711416710966995,VSpdG,0.36534993416554734,TRK,0.04173955524317256,HDG,0.036586523731669776,E1_RPM,0.02215803549946174
open_2017_05_08_close_2017_05_08_flight_Fixed Wing_N550ND_before_0_189617,open_2017_05_08_close_2017_05_08_flight_Fixed Wing_N550ND_before_0_189617,902,VSpd,0.5496423569072492,VSpdG,0.30921534637568565,AltB,0.04227553563730078,E1_RPM,0.04167159941391132,TRK,0.015098405584750278
open_2017_05_08_close_2017_05_08_flight_Fixed Wing_N550ND_before_0_189617,open_2017_05_08_close_2017_05_08_flight_Fixed Wing_N550ND_before_0_189617,903,VSpdG,0.41922444224664973,VSpd,0.3861506800209623,E1_RPM,0.09380569987987247,AltB,0.058024144255591624,E1_EGT2,0.016488527659297682
open_2017_05_08_close_2017_05_08_flight_Fixed Wing_N550ND_before_0_189617,open_2017_05_08_close_2017_05_08_flight_Fixed Wing_N550ND_before_0_189617,904,VSpd,0.7256936933898203,VSpdG,0.16906687733793505,E1_RPM,0.023289824939409818,E1_EGT2,0.020443290780149292,Roll,0.020270773558374866
open_2017_05_08_close_2017_05_08_flight_Fixed Wing_N550ND_before_0_189617,open_2017_05_08_close_2017_05_08_flight_Fixed Wing_N550ND_before_0_189617,905,VSpdG,0.5647454811226049,VSpd,0.32583167016331543,E1_RPM,0.051841870337424635,E1_EGT2,0.014008335176283167,AltB,0.01103018517817588
open_2017_05_08_close_2017_05_08_flight_Fixed Wing_N550ND_before_0_189617,open_2017_05_08_close_2017_05_08_flight_Fixed Wing_N550ND_before_0_189617,906,VSpdG,0.5620237287149886,VSpd,0.22399200242604653,AltB,0.06131167949618058,E1_RPM,0.05926795684630975,HDG,0.02861211709821714
open_2017_05_08_close_2017_05_08_flight_Fixed Wing_N550ND_before_0_189617,open_2017_05_08_close_2017_05_08_flight_Fixed Wing_N550ND_before_0_189617,907,VSpd,0.589468203136608,VSpdG,0.3065634521682755,E1_RPM,0.04442948582148921,TAS,0.022214742910744604,AltB,0.011107371455372302
open_2017_05_08_close_2017_05_08_flight_Fixed Wing_N550ND_before_0_189617,open_2017_05_08_close_2017_05_08_flight_Fixed Wing_N550ND_before_0_189617,908,VSpdG,0.48420467509588355,VSpd,0.3865183033424124,Roll,0.05910371351567213,AltB,0.02305736548075636,E1_RPM,0.01152868274037818
open_2017_05_08_close_2017_05_08_flight_Fixed Wing_N550ND_before_0_189617,open_2017_05_08_close_2017_05_08_flight_Fixed Wing_N550ND_before_0_189617,909,VSpd,0.5970080137296779,VSpdG,0.2756679539037448,AltB,0.05840422752197985,E1_RPM,0.01985743735747368,Roll,0.014367439970407044
open_2017_05_08_close_2017_05_08_flight_Fixed Wing_N550ND_before_0_189617,open_2017_05_08_close_2017_05_08_flight_Fixed Wing_N550ND_before_0_189617,910,VSpd,0.5023147531767875,VSpdG,0.4011923083359464,AltB,0.05495785045697893,E1_RPM,0.015702242987708264,Pitch,0.005809829905452059
open_2017_05_08_close_2017_05_08_flight_Fixed Wing_N550ND_before_0_189617,open_2017_05_08_close_2017_05_08_flight_Fixed Wing_N550ND_before_0_189617,911,VSpd,0.6033733799533657,VSpdG,0.28869289019998673,AltB,0.05239435393829158,E1_RPM,0.02672112050852942,HDG,0.0068112660119779645
open_2017_05_08_close_2017_05_08_flight_Fixed Wing_N550ND_before_0_189617,open_2017_05_08_close_2017_05_08_flight_Fixed Wing_N550ND_before_0_189617,912,VSpdG,0.7900519188142803,VSpd,0.08191274335929745,AltB,0.06015623747316856,E1_RPM,0.01704426728406488,Roll,0.01183072670305648
open_2017_05_08_close_2017_05_08_flight_Fixed Wing_N550ND_before_0_189617,open_2017_05_08_close_2017_05_08_flight_Fixed Wing_N550ND_before_0_189617,913,VSpdG,0.5365561587015985,VSpd,0.3931988604519511,E1_RPM,0.02334967871049545,E1_EGT2,0.01634477509734759,AltB,0.009729032796039863
open_2017_05_08_close_2017_05_08_flight_Fixed Wing_N550ND_before_0_189617,open_2017_05_08_close_2017_05_08_flight_Fixed Wing_N550ND_before_0_189617,914,VSpd,0.6340072015401753,VSpdG,0.26154042494127183,AltB,0.041514353165281244,E1_RPM,0.03155090840561526,HDG,0.009133157696362063
open_2017_05_08_close_2017_05_08_flight_Fixed Wing_N550ND_before_0_189617,open_2017_05_08_close_2017_05_08_flight_Fixed Wing_N550ND_before_0_189617,915,VSpd,0.5517920081687093,VSpdG,0.251538191836861,AltB,0.06368055489540787,Roll,0.049246295785782095,E1_RPM,0.028656249702934025
open_2017_05_08_close_2017_05_08_flight_Fixed Wing_N550ND_before_0_189617,open_2017_05_08_close_2017_05_08_flight_Fixed Wing_N550ND_before_0_189617,916,VSpdG,0.7752778096338863,AltB,0.05617955142274539,E1_RPM,0.03792119721035058,Roll,0.03497177076065901,VSpd,0.0285111223470433
open_2017_05_08_close_2017_05_08_flight_Fixed Wing_N550ND_before_0_189617,open_2017_05_08_close_2017_05_08_flight_Fixed Wing_N550ND_before_0_189617,917,VSpdG,0.4256611836536562,VSpd,0.30336070588650055,E1_RPM,0.1850700798494157,Roll,0.01958658345072983,TAS,0.015422506654117976
open_2017_05_08_close_2017_05_08_flight_Fixed Wing_N550ND_before_0_189617,open_2017_05_08_close_2017_05_08_flight_Fixed Wing_N550ND_before_0_189617,918,VSpd,0.3521729530367204,VSpdG,0.1633144490895615,AltB,0.1256264992996625,E1_RPM,0.11725139934635928,HDG,0.06700079962648761
open_2017_05_08_close_2017_05_08_flight_Fixed Wing_N550ND_before_0_189617,open_2017_05_08_close_2017_05_08_flight_Fixed Wing_N550ND_before_0_189617,919,E1_RPM,0.6004870114014315,VSpdG,0.2105901081916073,VSpd,0.09888578993345025,AltB,0.022890229151261668,E1_EGT2,0.02266132685974926
open_2017_05_08_close_2017_05_08_flight_Fixed Wing_N550ND_before_0_189617,open_2017_05_08_close_2017_05_08_flight_Fixed Wing_N550ND_before_0_189617,920,VSpdG,0.4774461889512028,VSpd,0.3738161636074162,AltB,0.0660063855692907,E1_EGT2,0.026842596798178818,Roll,0.012761234543396201
open_2017_05_08_close_2017_05_08_flight_Fixed Wing_N550ND_before_0_189617,open_2017_05_08_close_2017_05_08_flight_Fixed Wing_N550ND_before_0_189617,921,VSpdG,0.5818814580544759,VSpd,0.13376454611916386,E1_RPM,0.08523654170719863,AltB,0.06818923336575891,Roll,0.03625394240612849
open_2017_05_08_close_2017_05_08_flight_Fixed Wing_N550ND_before_0_189617,open_2017_05_08_close_2017_05_08_flight_Fixed Wing_N550ND_before_0_189617,922,VSpd,0.5669716670102156,VSpdG,0.22253637930150946,AltB,0.08504575005153234,E1_RPM,0.04110544585823869,Roll,0.03132518460231441
open_2017_05_08_close_2017_05_08_flight_Fixed Wing_N550ND_before_0_189617,open_2017_05_08_close_2017_05_08_flight_Fixed Wing_N550ND_before_0_189617,923,VSpdG,0.8483584677224314,E1_RPM,0.05784262279925565,VSpd,0.03107623264116938,TAS,0.02268338148990458,AltB,0.01134169074495229
open_2017_05_08_close_2017_05_08_flight_Fixed Wing_N550ND_before_0_189617,open_2017_05_08_close_2017_05_08_flight_Fixed Wing_N550ND_before_0_189617,924,VSpd,0.6492101481161713,E1_RPM,0.15225595116078214,VSpdG,0.0728983038891018,AltB,0.05997961712394448,Roll,0.02320749801026467
open_2017_05_08_close_2017_05_08_flight_Fixed Wing_N550ND_before_0_189617,open_2017_05_08_close_2017_05_08_flight_Fixed Wing_N550ND_before_0_189617,925,VSpdG,0.4214042081404869,VSpd,0.36356703798617857,E1_EGT4,0.06055734546611508,E1_RPM,0.052173854341202315,AltB,0.040133734108617786
open_2017_05_08_close_2017_05_08_flight_Fixed Wing_N550ND_before_0_189617,open_2017_05_08_close_2017_05_08_flight_Fixed Wing_N550ND_before_0_189617,926,VSpd,0.6378836425913095,E1_EGT2,0.15040680780344454,VSpdG,0.06527150559491358,E1_EGT4,0.06013947118554257,E1_RPM,0.04666995692664308
open_2017_05_08_close_2017_05_08_flight_Fixed Wing_N550ND_before_0_189617,open_2017_05_08_close_2017_05_08_flight_Fixed Wing_N550ND_before_0_189617,927,E1_EGT2,0.2538523433535488,E1_EGT4,0.23780963020481355,E1_RPM,0.13368927623947746,VSpd,0.11670287408199095,VSpdG,0.06133978556870143
open_2017_05_08_close_2017_05_08_flight_Fixed Wing_N550ND_before_0_189617,open_2017_05_08_close_2017_05_08_flight_Fixed Wing_N550ND_before_0_189617,928,VSpd,0.4439791604313187,E1_RPM,0.2824265339916512,E1_EGT4,0.09286370397503248,E1_EGT2,0.07171077015343504,TAS,0.023244982221535013
open_2017_05_08_close_2017_05_08_flight_Fixed Wing_N550ND_before_0_189617,open_2017_05_08_close_2017_05_08_flight_Fixed Wing_N550ND_before_0_189617,929,E1_EGT2,0.40320546858768463,VSpd,0.24609966681353432,E1_EGT4,0.18443656087872434,E1_RPM,0.06325995927575363,TAS,0.030708718095025494
open_2017_05_08_close_2017_05_08_flight_Fixed Wing_N550ND_before_0_189617,open_2017_05_08_close_2017_05_08_flight_Fixed Wing_N550ND_before_0_189617,930,VSpd,0.41354141876425443,E1_EGT2,0.21272143770374563,E1_EGT4,0.12694887086114023,E1_RPM,0.08891892894368685,TAS,0.041039505666317005
open_2017_05_08_close_2017_05_08_flight_Fixed Wing_N550ND_before_0_189617,open_2017_05_08_close_2017_05_08_flight_Fixed Wing_N550ND_before_0_189617,931,TRK,0.5981233782586244,VSpd,0.18791724446154992,VSpdG,0.1642627418940794,AltB,0.021701378502266583,E1_EGT2,0.008279910567018696
open_2017_05_08_close_2017_05_08_flight_Fixed Wing_N550ND_before_0_189617,open_2017_05_08_close_2017_05_08_flight_Fixed Wing_N550ND_before_0_189617,932,VSpd,0.785691415118722,AltB,0.09518067385396409,Roll,0.03191057328682901,E1_EGT2,0.015779953823156518,TAS,0.015028527450625908
open_2017_05_08_close_2017_05_08_flight_Fixed Wing_N550ND_before_0_189617,open_2017_05_08_close_2017_05_08_flight_Fixed Wing_N550ND_before_0_189617,933,VSpd,0.723325015291017,VSpdG,0.10467569823869119,E1_RPM,0.06801263641904905,TAS,0.021253948880952528,HDG,0.01912855399285709
open_2017_05_08_close_2017_05_08_flight_Fixed Wing_N550ND_before_0_189617,open_2017_05_08_close_2017_05_08_flight_Fixed Wing_N550ND_before_0_189617,934,VSpdG,0.48306037815904307,VSpd,0.41574150441922475,E1_RPM,0.03271025535297107,AltB,0.03212614365023866,E1_EGT2,0.009112142562612828
open_2017_05_08_close_2017_05_08_flight_Fixed Wing_N550ND_before_0_189617,open_2017_05_08_close_2017_05_08_flight_Fixed Wing_N550ND_before_0_189617,935,VSpdG,0.6150007168467656,VSpd,0.15894413145411895,AltB,0.12869970158228178,Roll,0.02086773732798443,TRK,0.010112119410036716
open_2017_05_08_close_2017_05_08_flight_Fixed Wing_N550ND_before_0_189617,open_2017_05_08_close_2017_05_08_flight_Fixed Wing_N550ND_before_0_189617,936,VSpdG,0.49704890893207443,AltB,0.19657301483189396,VSpd,0.12454304582563573,E1_RPM,0.08143739185893005,E1_EGT2,0.01656829696440019
open_2017_05_08_close_2017_05_08_flight_Fixed Wing_N550ND_before_0_189617,open_2017_05_08_close_2017_05_08_flight_Fixed Wing_N550ND_before_0_189617,937,VSpd,0.5749790684880994,VSpdG,0.18840797819719757,AltB,0.10520242437407007,E1_RPM,0.06407784030057256,Roll,0.0264918832287431
open_2017_05_08_close_2017_05_08_flight_Fixed Wing_N550ND_before_0_189617,open_2017_05_08_close_2017_05_08_flight_Fixed Wing_N550ND_before_0_189617,938,VSpd,0.6353675343282759,VSpdG,0.25532362027636324,AltB,0.06471335997787996,HDG,0.007059639270314109,Pitch,0.005941863052514431
open_2017_05_08_close_2017_05_08_flight_Fixed Wing_N550ND_before_0_189617,open_2017_05_08_close_2017_05_08_flight_Fixed Wing_N550ND_before_0_189617,939,VSpd,0.46897996641185946,VSpdG,0.37895427966831946,AltB,0.09618128925591869,E1_EGT2,0.013657743074338967,TAS,0.00961812892559187
open_2017_05_08_close_2017_05_08_flight_Fixed Wing_N550ND_before_0_189617,open_2017_05_08_close_2017_05_08_flight_Fixed Wing_N550ND_before_0_189617,940,VSpdG,0.4926227768416214,VSpd,0.3502052714097371,Roll,0.04305887975356394,AltB,0.0417035154998198,E1_RPM,0.025543403243640104
open_2017_05_08_close_2017_05_08_flight_Fixed Wing_N550ND_before_0_189617,open_2017_05_08_close_2017_05_08_flight_Fixed Wing_N550ND_before_0_189617,941,VSpd,0.46689994049617384,VSpdG,0.37181943519784894,AltB,0.07422892535710231,TRK,0.03239080379219017,HDG,0.02496791125647998
open_2017_05_08_close_2017_05_08_flight_Fixed Wing_N550ND_before_0_189617,open_2017_05_08_close_2017_05_08_flight_Fixed Wing_N550ND_before_0_189617,942,VSpd,0.5783330153816046,VSpdG,0.3128270291877433,TRK,0.023184135158076442,HDG,0.018737862662006884,AltB,0.015879544628819457
open_2017_05_08_close_2017_05_08_flight_Fixed Wing_N550ND_before_0_189617,open_2017_05_08_close_2017_05_08_flight_Fixed Wing_N550ND_before_0_189617,943,VSpd,0.4848511905003184,VSpdG,0.4203603582019524,E1_RPM,0.032430144822221306,Roll,0.013505718539886946,GndSpd,0.00853856977597715
open_2017_05_08_close_2017_05_08_flight_Fixed Wing_N550ND_before_0_189617,open_2017_05_08_close_2017_05_08_flight_Fixed Wing_N550ND_before_0_189617,944,VSpd,0.8817750047695828,AltB,0.04521712298944297,VSpdG,0.01603152542352969,E1_RPM,0.014387266405731855,HDG,0.01150981312458553
open_2017_05_08_close_2017_05_08_flight_Fixed Wing_N550ND_before_0_189617,open_2017_05_08_close_2017_05_08_flight_Fixed Wing_N550ND_before_0_189617,945,VSpdG,0.44922331919005526,VSpd,0.4105132006220318,AltB,0.054937941199160116,E1_RPM,0.04859894798387241,TAS,0.008451990953716942
open_2017_05_08_close_2017_05_08_flight_Fixed Wing_N550ND_before_0_189617,open_2017_05_08_close_2017_05_08_flight_Fixed Wing_N550ND_before_0_189617,946,VSpd,0.6767025957265119,E1_RPM,0.07916975717939352,AltB,0.06868609070358314,VSpdG,0.0571179070061378,HDG,0.030727987946339824
open_2017_05_08_close_2017_05_08_flight_Fixed Wing_N550ND_before_0_189617,open_2017_05_08_close_2017_05_08_flight_Fixed Wing_N550ND_before_0_189617,947,VSpdG,0.4255162385792868,VSpd,0.37800343884554577,HDG,0.048339662379709665,TRK,0.04325127686605612,AltB,0.03180240946033533
open_2017_05_08_close_2017_05_08_flight_Fixed Wing_N550ND_before_0_189617,open_2017_05_08_close_2017_05_08_flight_Fixed Wing_N550ND_before_0_189617,948,VSpdG,0.5187948217691128,VSpd,0.34947721489876366,E1_RPM,0.031918040792436576,Roll,0.024571825054494113,HDG,0.01671897374841859
open_2017_05_08_close_2017_05_08_flight_Fixed Wing_N550ND_before_0_189617,open_2017_05_08_close_2017_05_08_flight_Fixed Wing_N550ND_before_0_189617,949,VSpd,0.7132405368000749,E1_RPM,0.09384743905264203,VSpdG,0.0769027625570256,AltB,0.02606873307017818,HDG,0.01759639482237038
open_2017_05_08_close_2017_05_08_flight_Fixed Wing_N550ND_before_0_189617,open_2017_05_08_close_2017_05_08_flight_Fixed Wing_N550ND_before_0_189617,950,VSpdG,0.48179515214478086,VSpd,0.34842201796374944,AltB,0.04588525258521722,E1_EGT2,0.03181377512575297,E1_RPM,0.018354101034091064
open_2017_05_08_close_2017_05_08_flight_Fixed Wing_N550ND_before_0_189617,open_2017_05_08_close_2017_05_08_flight_Fixed Wing_N550ND_before_0_189617,951,VSpd,0.49819795231065744,VSpdG,0.34347199601194345,AltB,0.07632711022487638,E1_EGT2,0.022134861965213855,Roll,0.014393112213833832
open_2017_05_08_close_2017_05_08_flight_Fixed Wing_N550ND_before_0_189617,open_2017_05_08_close_2017_05_08_flight_Fixed Wing_N550ND_before_0_189617,952,VSpdG,0.6390025222983409,VSpd,0.23041179219995794,E1_RPM,0.05872332732124949,AltB,0.023180260784704025,E1_EGT2,0.02024409441864067
open_2017_05_08_close_2017_05_08_flight_Fixed Wing_N550ND_before_0_189617,open_2017_05_08_close_2017_05_08_flight_Fixed Wing_N550ND_before_0_189617,953,VSpdG,0.7420460355763331,VSpd,0.22591179305323922,E1_EGT2,0.009893947141017703,TRK,0.003926169500403879,E1_RPM,0.003140935600323817
open_2017_05_08_close_2017_05_08_flight_Fixed Wing_N550ND_before_0_189617,open_2017_05_08_close_2017_05_08_flight_Fixed Wing_N550ND_before_0_189617,954,VSpdG,0.4135963750875673,VSpd,0.3682059254487212,Roll,0.045916207742772365,AltB,0.0350505402616583,TAS,0.0350505402616583
open_2017_05_08_close_2017_05_08_flight_Fixed Wing_N550ND_before_0_189617,open_2017_05_08_close_2017_05_08_flight_Fixed Wing_N550ND_before_0_189617,955,VSpd,0.6209198047861078,VSpdG,0.3155260960479077,E1_RPM,0.023997759417730614,AltB,0.008888059043603033,E1_EGT2,0.006843805463574174
open_2017_05_08_close_2017_05_08_flight_Fixed Wing_N550ND_before_0_189617,open_2017_05_08_close_2017_05_08_flight_Fixed Wing_N550ND_before_0_189617,956,VSpd,0.8537606722160199,E1_RPM,0.045340726701741045,AltB,0.03126946669085655,VSpdG,0.020325153349056747,TAS,0.015634733345428274
open_2017_05_08_close_2017_05_08_flight_Fixed Wing_N550ND_before_0_189617,open_2017_05_08_close_2017_05_08_flight_Fixed Wing_N550ND_before_0_189617,957,E1_RPM,0.4004542566360313,VSpdG,0.28365509845052245,VSpd,0.2557446502607384,AltB,0.01896090230284241,E1_EGT2,0.008380718817856483
open_2017_05_08_close_2017_05_08_flight_Fixed Wing_N550ND_before_0_189617,open_2017_05_08_close_2017_05_08_flight_Fixed Wing_N550ND_before_0_189617,958,VSpdG,0.506238299712499,VSpd,0.37209883240489544,AltB,0.041046348625337764,E1_RPM,0.02599602079604725,E1_EGT4,0.024217345688949652
open_2017_05_08_close_2017_05_08_flight_Fixed Wing_N550ND_before_0_189617,open_2017_05_08_close_2017_05_08_flight_Fixed Wing_N550ND_before_0_189617,959,VSpd,0.58223216165831,VSpdG,0.38094555522676826,E1_RPM,0.008488091694001077,E1_EGT4,0.0073167350402288354,E1_EGT2,0.005703997618368553
open_2017_05_08_close_2017_05_08_flight_Fixed Wing_N550ND_before_0_189617,open_2017_05_08_close_2017_05_08_flight_Fixed Wing_N550ND_before_0_189617,960,VSpdG,0.7665087004780756,VSpd,0.11789690587446613,Roll,0.02884838343945479,AltB,0.027815245740521147,E1_EGT4,0.013788414674229877
open_2017_05_08_close_2017_05_08_flight_Fixed Wing_N550ND_before_0_189617,open_2017_05_08_close_2017_05_08_flight_Fixed Wing_N550ND_before_0_189617,961,VSpd,0.5083950933666102,VSpdG,0.34934411443627406,E1_RPM,0.029112009536355524,AltB,0.02485171545786502,TRK,0.01952634785975109
open_2017_05_08_close_2017_05_08_flight_Fixed Wing_N550ND_before_0_189617,open_2017_05_08_close_2017_05_08_flight_Fixed Wing_N550ND_before_0_189617,962,VSpdG,0.4993806604794098,VSpd,0.39573143005990563,HDG,0.02346296436538181,TRK,0.017755756817045665,AltB,0.015853354300933643
open_2017_05_08_close_2017_05_08_flight_Fixed Wing_N550ND_before_0_189617,open_2017_05_08_close_2017_05_08_flight_Fixed Wing_N550ND_before_0_189617,963,VSpd,0.6984869449785281,E1_RPM,0.07810489083928886,VSpdG,0.06706833017721539,AltB,0.0636724653581156,E1_EGT4,0.03060523168213342
open_2017_05_08_close_2017_05_08_flight_Fixed Wing_N550ND_before_0_189617,open_2017_05_08_close_2017_05_08_flight_Fixed Wing_N550ND_before_0_189617,964,VSpd,0.5490151955642856,AltB,0.14475472558022862,E1_RPM,0.069745458688655,E1_EGT4,0.06606079294661318,VSpdG,0.05263808202917404
open_2017_05_08_close_2017_05_08_flight_Fixed Wing_N550ND_before_0_189617,open_2017_05_08_close_2017_05_08_flight_Fixed Wing_N550ND_before_0_189617,965,VSpd,0.7440062217911797,AltB,0.09533957671519201,VSpdG,0.046478043648655834,E1_RPM,0.03336885185031666,E1_EGT4,0.019544613226615555
open_2017_05_08_close_2017_05_08_flight_Fixed Wing_N550ND_before_0_189617,open_2017_05_08_close_2017_05_08_flight_Fixed Wing_N550ND_before_0_189617,966,VSpd,0.6372715889463094,VSpdG,0.2005367718123196,TRK,0.03380873982055275,HDG,0.03149307270955599,HPLfd,0.02547233822096441
open_2017_05_08_close_2017_05_08_flight_Fixed Wing_N550ND_before_0_189617,open_2017_05_08_close_2017_05_08_flight_Fixed Wing_N550ND_before_0_189617,967,VSpd,0.5948820372632789,VSpdG,0.2538270799023812,AltB,0.060435019024376466,TRK,0.026591408370725652,HDG,0.01732470545365459
open_2017_05_08_close_2017_05_08_flight_Fixed Wing_N550ND_before_0_189617,open_2017_05_08_close_2017_05_08_flight_Fixed Wing_N550ND_before_0_189617,968,VSpdG,0.5148004204829465,VSpd,0.19450657919401845,AltB,0.10700239686712497,E1_RPM,0.07252384676549473,TRK,0.03447855010162915
open_2017_05_08_close_2017_05_08_flight_Fixed Wing_N550ND_before_0_189617,open_2017_05_08_close_2017_05_08_flight_Fixed Wing_N550ND_before_0_189617,969,VSpd,0.4601206870868069,VSpdG,0.3759289718043157,AltB,0.09551734310817456,E1_RPM,0.021832535567583064,Roll,0.009688187658114848
open_2017_05_08_close_2017_05_08_flight_Fixed Wing_N550ND_before_0_189617,open_2017_05_08_close_2017_05_08_flight_Fixed Wing_N550ND_before_0_189617,970,VSpd,0.3650073699565704,VSpdG,0.3506871156862603,E1_RPM,0.2087574844738533,AltB,0.041369623447562454,TAS,0.006364557453471147
open_2017_05_08_close_2017_05_08_flight_Fixed Wing_N550ND_before_0_189617,open_2017_05_08_close_2017_05_08_flight_Fixed Wing_N550ND_before_0_189617,971,VSpdG,0.28154836016029944,VSpd,0.27397370884634253,AltB,0.14291794931994903,E1_RPM,0.10004256452396432,E1_EGT2,0.04573374378238434
open_2017_05_08_close_2017_05_08_flight_Fixed Wing_N550ND_before_0_189617,open_2017_05_08_close_2017_05_08_flight_Fixed Wing_N550ND_before_0_189617,972,VSpd,0.5078471274062879,VSpdG,0.34952441547939367,AltB,0.029620713176219775,E1_EGT2,0.02058639565747086,HDG,0.016291392246921214
open_2017_05_08_close_2017_05_08_flight_Fixed Wing_N550ND_before_0_189617,open_2017_05_08_close_2017_05_08_flight_Fixed Wing_N550ND_before_0_189617,973,VSpd,0.39853575698024396,VSpdG,0.2992580773510772,E1_RPM,0.17670476948349234,TAS,0.03800102569537488,AltB,0.02850076927153116
open_2017_05_08_close_2017_05_08_flight_Fixed Wing_N550ND_before_0_189617,open_2017_05_08_close_2017_05_08_flight_Fixed Wing_N550ND_before_0_189617,974,VSpdG,0.23393356899783477,AltB,0.20728290923858836,VSpd,0.2055061985879718,E1_RPM,0.11548619229006661,Roll,0.11311724475591535
open_2017_05_08_close_2017_05_08_flight_Fixed Wing_N550ND_before_0_189617,open_2017_05_08_close_2017_05_08_flight_Fixed Wing_N550ND_before_0_189617,975,VSpdG,0.7962857774857602,VSpd,0.08165244168784735,AltB,0.034894205849507455,E1_RPM,0.030009017030576093,Roll,0.017167949277957666
open_2017_05_08_close_2017_05_08_flight_Fixed Wing_N550ND_before_0_189617,open_2017_05_08_close_2017_05_08_flight_Fixed Wing_N550ND_before_0_189617,976,VSpdG,0.7587139062080406,E1_RPM,0.07522919021651714,AltB,0.06422004042873379,VSpd,0.05192648983237641,Roll,0.022477014150056828
open_2017_05_08_close_2017_05_08_flight_Fixed Wing_N550ND_before_0_189617,open_2017_05_08_close_2017_05_08_flight_Fixed Wing_N550ND_before_0_189617,977,VSpd,0.7410235849792002,AltB,0.07976572497085038,E1_RPM,0.03855343373591223,E1_EGT2,0.028183889489702043,TAS,0.026588574990283463
open_2017_05_08_close_2017_05_08_flight_Fixed Wing_N550ND_before_0_189617,open_2017_05_08_close_2017_05_08_flight_Fixed Wing_N550ND_before_0_189617,978,VSpd,0.44373478796135807,VSpdG,0.27777656184183913,AltB,0.08846387319803785,E1_RPM,0.060155433774667345,TAS,0.05307832391882271
open_2017_05_08_close_2017_05_08_flight_Fixed Wing_N550ND_before_0_189617,open_2017_05_08_close_2017_05_08_flight_Fixed Wing_N550ND_before_0_189617,979,VSpd,0.5511152874013378,VSpdG,0.3837759705969236,E1_RPM,0.026451306316837744,Roll,0.019397624632347524,E1_EGT2,0.007424928088937485
open_2017_05_08_close_2017_05_08_flight_Fixed Wing_N550ND_before_0_189617,open_2017_05_08_close_2017_05_08_flight_Fixed Wing_N550ND_before_0_189617,980,VSpdG,0.7665790425248137,AltB,0.07486123462156385,E1_RPM,0.052402864235094694,Roll,0.048659802504016504,E1_EGT2,0.013624744701125846
open_2017_05_08_close_2017_05_08_flight_Fixed Wing_N550ND_before_0_189617,open_2017_05_08_close_2017_05_08_flight_Fixed Wing_N550ND_before_0_189617,981,VSpdG,0.5867624481531698,VSpd,0.3198897813789363,Roll,0.026091568760516583,AltB,0.023827916676270853,E1_RPM,0.02144512500864458
open_2017_05_08_close_2017_05_08_flight_Fixed Wing_N550ND_before_0_189617,open_2017_05_08_close_2017_05_08_flight_Fixed Wing_N550ND_before_0_189617,982,E1_RPM,0.48686702858499736,VSpd,0.2660573215072174,VSpdG,0.10620714266223982,E1_EGT4,0.044539566811688636,E1_EGT2,0.037593956847109825
open_2017_05_08_close_2017_05_08_flight_Fixed Wing_N550ND_before_0_189617,open_2017_05_08_close_2017_05_08_flight_Fixed Wing_N550ND_before_0_189617,983,VSpdG,0.3393336516045641,E1_EGT2,0.2791738211675513,E1_EGT4,0.14850160821067626,VSpd,0.10887433940465067,E1_RPM,0.06671644675615171
open_2017_05_08_close_2017_05_08_flight_Fixed Wing_N550ND_before_0_189617,open_2017_05_08_close_2017_05_08_flight_Fixed Wing_N550ND_before_0_189617,984,E1_EGT2,0.2612055909315839,VSpd,0.2571854971888892,E1_EGT4,0.18110522310839305,E1_RPM,0.1738690543715436,TAS,0.04020093742694634
open_2017_05_08_close_2017_05_08_flight_Fixed Wing_N550ND_before_0_189617,open_2017_05_08_close_2017_05_08_flight_Fixed Wing_N550ND_before_0_189617,985,E1_EGT2,0.32476721714268564,E1_EGT4,0.25998652223391,VSpd,0.13539165235935138,E1_RPM,0.10796782484796756,GndSpd,0.05916636801668627
open_2017_05_08_close_2017_05_08_flight_Fixed Wing_N550ND_before_0_189617,open_2017_05_08_close_2017_05_08_flight_Fixed Wing_N550ND_before_0_189617,986,E1_RPM,0.7882872589285466,VSpd,0.08775168689736576,E1_EGT2,0.04629594260311539,TAS,0.04249029049767184,E1_OilP,0.014539068965942504
open_2017_05_08_close_2017_05_08_flight_Fixed Wing_N550ND_before_0_189617,open_2017_05_08_close_2017_05_08_flight_Fixed Wing_N550ND_before_0_189617,987,E1_EGT2,0.4115079478900266,VSpd,0.2358904779499154,E1_EGT4,0.14083207696789232,E1_RPM,0.10143030474141838,TAS,0.03250971305814711
open_2017_05_08_close_2017_05_08_flight_Fixed Wing_N550ND_before_0_189617,open_2017_05_08_close_2017_05_08_flight_Fixed Wing_N550ND_before_0_189617,988,VSpd,0.3731889230082484,E1_EGT2,0.3232236470745493,E1_EGT4,0.16436852841637475,GndSpd,0.05427262730729373,TAS,0.034458810988757936
open_2017_05_08_close_2017_05_08_flight_Fixed Wing_N550ND_before_0_189617,open_2017_05_08_close_2017_05_08_flight_Fixed Wing_N550ND_before_0_189617,989,VSpd,0.5581161002917552,VSpdG,0.3168328697821434,AltB,0.029268625384031736,E1_RPM,0.029268625384031736,E1_EGT2,0.02736616473406974
open_2017_05_08_close_2017_05_08_flight_Fixed Wing_N550ND_before_0_189617,open_2017_05_08_close_2017_05_08_flight_Fixed Wing_N550ND_before_0_189617,990,VSpd,0.48867444232106577,VSpdG,0.3744759358390246,AltB,0.06661579544785703,E1_EGT2,0.01893791899160516,E1_EGT4,0.017320106816442225
open_2017_05_08_close_2017_05_08_flight_Fixed Wing_N550ND_before_0_189617,open_2017_05_08_close_2017_05_08_flight_Fixed Wing_N550ND_before_0_189617,991,VSpdG,0.7231391075685085,VSpd,0.11346396949705873,AltB,0.06313119193058407,HDG,0.016643677872608398,E1_EGT2,0.012052318459475925
open_2017_05_08_close_2017_05_08_flight_Fixed Wing_N550ND_before_0_189617,open_2017_05_08_close_2017_05_08_flight_Fixed Wing_N550ND_before_0_189617,992,VSpd,0.4902626121594138,VSpdG,0.34626581387397704,AltB,0.05856504251568328,E1_EGT2,0.017203481238981296,Roll,0.017057068632692754
open_2017_05_08_close_2017_05_08_flight_Fixed Wing_N550ND_before_0_189617,open_2017_05_08_close_2017_05_08_flight_Fixed Wing_N550ND_before_0_189617,993,VSpd,0.3553370311634327,VSpdG,0.33867220821930727,AltB,0.13976948275717443,E1_RPM,0.0387053952250676,Roll,0.02902904641879777
open_2017_05_08_close_2017_05_08_flight_Fixed Wing_N550ND_before_0_189617,open_2017_05_08_close_2017_05_08_flight_Fixed Wing_N550ND_before_0_189617,994,VSpd,0.7982068244286327,VSpdG,0.08805946641976362,AltB,0.06716399981168372,Roll,0.009701466639465426,TAS,0.007462666645742636
open_2017_05_08_close_2017_05_08_flight_Fixed Wing_N550ND_before_0_189617,open_2017_05_08_close_2017_05_08_flight_Fixed Wing_N550ND_before_0_189617,995,VSpd,0.7602711500899659,VSpdG,0.1785846435963291,AltB,0.03279096563209435,Roll,0.008147293768589595,E1_CHT2,0.004086258794153307
open_2017_05_08_close_2017_05_08_flight_Fixed Wing_N550ND_before_0_189617,open_2017_05_08_close_2017_05_08_flight_Fixed Wing_N550ND_before_0_189617,996,VSpdG,0.6644737510278481,VSpd,0.20094112631350203,AltB,0.07106671133987674,E1_RPM,0.025761682860702087,HDG,0.01066000670098141
open_2017_05_08_close_2017_05_08_flight_Fixed Wing_N550ND_before_0_189617,open_2017_05_08_close_2017_05_08_flight_Fixed Wing_N550ND_before_0_189617,997,VSpdG,0.5074071063058855,AltB,0.1771897831544362,VSpd,0.16849137561776448,E1_RPM,0.0660434646302884,Roll,0.016913570210196186
open_2017_05_08_close_2017_05_08_flight_Fixed Wing_N550ND_before_0_189617,open_2017_05_08_close_2017_05_08_flight_Fixed Wing_N550ND_before_0_189617,998,VSpdG,0.5407637185001353,VSpd,0.26036241502163754,AltB,0.0687047604235217,TRK,0.042654205429602986,HDG,0.039505237243525004
open_2017_05_08_close_2017_05_08_flight_Fixed Wing_N550ND_before_0_189617,open_2017_05_08_close_2017_05_08_flight_Fixed Wing_N550ND_before_0_189617,999,VSpd,0.48825167431301036,VSpdG,0.3966100271598042,TRK,0.03480642270686487,HDG,0.030684609491578585,AltB,0.018319169845718433
open_2017_05_08_close_2017_05_08_flight_Fixed Wing_N550ND_before_0_189617,open_2017_05_08_close_2017_05_08_flight_Fixed Wing_N550ND_before_0_189617,1000,VSpdG,0.4077391486797085,VSpd,0.26587598865520173,AltB,0.09394911259901098,E1_RPM,0.09394911259901098,Roll,0.03682805213881231
open_2017_05_08_close_2017_05_08_flight_Fixed Wing_N550ND_before_0_189617,open_2017_05_08_close_2017_05_08_flight_Fixed Wing_N550ND_before_0_189617,1001,VSpd,0.4950574466526476,VSpdG,0.47291310294339356,TAS,0.0075065571895776735,E1_RPM,0.006755901470619451,E1_EGT4,0.0031777758769211697
open_2017_05_08_close_2017_05_08_flight_Fixed Wing_N550ND_before_0_189617,open_2017_05_08_close_2017_05_08_flight_Fixed Wing_N550ND_before_0_189617,1002,VSpd,0.4341189090180304,VSpdG,0.24038827438615307,AltB,0.1825733729515083,E1_RPM,0.06390068053302514,HDG,0.014200151229562103
open_2017_05_08_close_2017_05_08_flight_Fixed Wing_N550ND_before_0_189617,open_2017_05_08_close_2017_05_08_flight_Fixed Wing_N550ND_before_0_189617,1003,VSpd,0.6596344250276327,VSpdG,0.1624867633778098,E1_RPM,0.06733066727706251,E1_EGT2,0.02624521928554854,E1_EGT4,0.02559252404153679
open_2017_05_08_close_2017_05_08_flight_Fixed Wing_N550ND_before_0_189617,open_2017_05_08_close_2017_05_08_flight_Fixed Wing_N550ND_before_0_189617,1004,VSpd,0.5204663707512193,VSpdG,0.2301601031903109,E1_RPM,0.05797926263572769,AltB,0.052708420577933776,HDG,0.04158108734481456
open_2017_05_08_close_2017_05_08_flight_Fixed Wing_N550ND_before_0_189617,open_2017_05_08_close_2017_05_08_flight_Fixed Wing_N550ND_before_0_189617,1005,VSpd,0.628607508188779,VSpdG,0.19468683980649842,E1_RPM,0.06352070620805284,HDG,0.0255732713305147,TRK,0.02268596650287588
open_2017_05_08_close_2017_05_08_flight_Fixed Wing_N550ND_before_0_189617,open_2017_05_08_close_2017_05_08_flight_Fixed Wing_N550ND_before_0_189617,1006,VSpd,0.6166073131819183,VSpdG,0.29507568021665437,E1_RPM,0.021206140033098262,AltB,0.018102802467279404,E1_EGT2,0.010318597406349285
open_2017_05_08_close_2017_05_08_flight_Fixed Wing_N550ND_before_0_189617,open_2017_05_08_close_2017_05_08_flight_Fixed Wing_N550ND_before_0_189617,1007,VSpd,0.4713671574120192,VSpdG,0.2981832121148679,AltB,0.09723365612441377,E1_RPM,0.060500941588528055,E1_EGT2,0.01771813289378069
open_2017_05_08_close_2017_05_08_flight_Fixed Wing_N550ND_before_0_189617,open_2017_05_08_close_2017_05_08_flight_Fixed Wing_N550ND_before_0_189617,1008,VSpdG,0.5517308428514162,VSpd,0.343016034400927,AltB,0.04459718129283966,E1_RPM,0.029943821725191187,TAS,0.006371025898977095
open_2017_05_08_close_2017_05_08_flight_Fixed Wing_N550ND_before_0_189617,open_2017_05_08_close_2017_05_08_flight_Fixed Wing_N550ND_before_0_189617,1009,VSpd,0.8094434946633994,VSpdG,0.11384985084961095,AltB,0.019296584889764573,E1_RPM,0.0188141702675209,E1_EGT2,0.007766875418130855
open_2017_05_08_close_2017_05_08_flight_Fixed Wing_N550ND_before_0_189617,open_2017_05_08_close_2017_05_08_flight_Fixed Wing_N550ND_before_0_189617,1010,VSpd,0.6345265916437451,VSpdG,0.31185314950465504,AltB,0.013195478822481876,TAS,0.008796985881654585,Roll,0.008093227011122217
open_2017_05_08_close_2017_05_08_flight_Fixed Wing_N550ND_before_0_189617,open_2017_05_08_close_2017_05_08_flight_Fixed Wing_N550ND_before_0_189617,1011,VSpd,0.8895344987048871,AltB,0.031955496301217357,E1_RPM,0.02130366420081157,E1_EGT2,0.01129094202642955,TAS,0.010651832100405784
open_2017_05_08_close_2017_05_08_flight_Fixed Wing_N550ND_before_0_189617,open_2017_05_08_close_2017_05_08_flight_Fixed Wing_N550ND_before_0_189617,1012,VSpd,0.8890087267463207,E1_RPM,0.041430995597557134,AltB,0.012554847150774196,Roll,0.010546071606650324,E1_EGT2,0.008411747591016771
open_2017_05_08_close_2017_05_08_flight_Fixed Wing_N550ND_before_0_189617,open_2017_05_08_close_2017_05_08_flight_Fixed Wing_N550ND_before_0_189617,1013,VSpdG,0.3916613375646839,E1_RPM,0.2776333532104042,VSpd,0.1145237581992936,TAS,0.04957738450185871,HDG,0.04957738450185871
open_2017_05_08_close_2017_05_08_flight_Fixed Wing_N550ND_before_0_189617,open_2017_05_08_close_2017_05_08_flight_Fixed Wing_N550ND_before_0_189617,1014,VSpdG,0.5761814358597614,VSpd,0.2105348675157414,E1_RPM,0.08688450223282117,AltB,0.03658294830855628,HDG,0.02743721123141721
open_2017_05_08_close_2017_05_08_flight_Fixed Wing_N550ND_before_0_189617,open_2017_05_08_close_2017_05_08_flight_Fixed Wing_N550ND_before_0_189617,1015,VSpdG,0.46458848375565687,VSpd,0.33974874530884075,E1_RPM,0.10607940009643081,AltB,0.01964433335119056,TAS,0.01964433335119056
open_2017_05_08_close_2017_05_08_flight_Fixed Wing_N550ND_before_0_189617,open_2017_05_08_close_2017_05_08_flight_Fixed Wing_N550ND_before_0_189617,1016,VSpdG,0.8632377162476641,VSpd,0.07784742668261803,E1_RPM,0.017711765550757364,AltB,0.01265126110768438,HDG,0.00632563055384219
open_2017_05_08_close_2017_05_08_flight_Fixed Wing_N550ND_before_0_189617,open_2017_05_08_close_2017_05_08_flight_Fixed Wing_N550ND_before_0_189617,1017,VSpd,0.5875015007094512,VSpdG,0.3329968020215513,Roll,0.028018496053871446,E1_RPM,0.014916321640189821,HDG,0.008466020390378401
open_2017_05_08_close_2017_05_08_flight_Fixed Wing_N550ND_before_0_189617,open_2017_05_08_close_2017_05_08_flight_Fixed Wing_N550ND_before_0_189617,1018,VSpd,0.35270208392955305,VSpdG,0.34947368956864167,E1_RPM,0.09604473223711014,HDG,0.05568980272571895,TRK,0.049233014003896375
open_2017_05_08_close_2017_05_08_flight_Fixed Wing_N550ND_before_0_189617,open_2017_05_08_close_2017_05_08_flight_Fixed Wing_N550ND_before_0_189617,1019,VSpdG,0.7340505227703001,VSpd,0.09018974410866802,HDG,0.05072706864672795,TRK,0.05072706864672795,E1_RPM,0.01491972607256708
open_2017_05_08_close_2017_05_08_flight_Fixed Wing_N550ND_before_0_189617,open_2017_05_08_close_2017_05_08_flight_Fixed Wing_N550ND_before_0_189617,1020,VSpd,0.3592398431655461,VSpdG,0.245389213258018,AltB,0.0871941366906666,HDG,0.07722909249744812,TRK,0.0747378314491428
open_2017_05_08_close_2017_05_08_flight_Fixed Wing_N550ND_before_0_189617,open_2017_05_08_close_2017_05_08_flight_Fixed Wing_N550ND_before_0_189617,1021,VSpdG,0.38407518254882733,VSpd,0.29315411206181413,AltB,0.09776459192151969,TRK,0.06703857731761287,HDG,0.06424530326271247
open_2017_05_08_close_2017_05_08_flight_Fixed Wing_N550ND_before_0_189617,open_2017_05_08_close_2017_05_08_flight_Fixed Wing_N550ND_before_0_189617,1022,VSpd,0.5668045933659825,VSpdG,0.3191266382737361,AltB,0.044604739784130834,E1_RPM,0.018247393548053523,TRK,0.017030900644849908
open_2017_05_08_close_2017_05_08_flight_Fixed Wing_N550ND_before_0_189617,open_2017_05_08_close_2017_05_08_flight_Fixed Wing_N550ND_before_0_189617,1023,VSpdG,0.5550147758319763,VSpd,0.27222153290806456,E1_RPM,0.06695416343369794,TRK,0.029953178378233445,HDG,0.02378634753565603
open_2017_05_08_close_2017_05_08_flight_Fixed Wing_N550ND_before_0_189617,open_2017_05_08_close_2017_05_08_flight_Fixed Wing_N550ND_before_0_189617,1024,VSpd,0.7345083200976373,E1_RPM,0.12960178886898382,VSpdG,0.03829143762038217,Roll,0.020716649584360577,TAS,0.01963663467711903
open_2017_05_08_close_2017_05_08_flight_Fixed Wing_N550ND_before_0_189617,open_2017_05_08_close_2017_05_08_flight_Fixed Wing_N550ND_before_0_189617,1025,VSpdG,0.5031529898015816,VSpd,0.41729751931956593,E1_RPM,0.02316101064166083,Roll,0.013497278615312266,TAS,0.007986555393675899
open_2017_05_08_close_2017_05_08_flight_Fixed Wing_N550ND_before_0_189617,open_2017_05_08_close_2017_05_08_flight_Fixed Wing_N550ND_before_0_189617,1026,VSpdG,0.5858373255833803,VSpd,0.32402106385191154,TRK,0.02263168476315487,HDG,0.020045206504508747,AltB,0.01939858693984703
open_2017_05_08_close_2017_05_08_flight_Fixed Wing_N550ND_before_0_189617,open_2017_05_08_close_2017_05_08_flight_Fixed Wing_N550ND_before_0_189617,1027,VSpd,0.6286722836647772,VSpdG,0.2020426585722478,AltB,0.04565935786943456,TRK,0.03823971221565145,HDG,0.02739561472166073
open_2017_05_08_close_2017_05_08_flight_Fixed Wing_N550ND_before_0_189617,open_2017_05_08_close_2017_05_08_flight_Fixed Wing_N550ND_before_0_189617,1028,VSpd,0.7023112319712449,VSpdG,0.21087289289281974,E1_RPM,0.016880549240466412,TRK,0.016612604014427972,AltB,0.016076713562349663
open_2017_05_08_close_2017_05_08_flight_Fixed Wing_N550ND_before_0_189617,open_2017_05_08_close_2017_05_08_flight_Fixed Wing_N550ND_before_0_189617,1029,VSpdG,0.5477908905770862,VSpd,0.3082993853674698,TRK,0.03785546804801,HDG,0.03061839327412575,AltB,0.016700941785886773
open_2017_05_08_close_2017_05_08_flight_Fixed Wing_N550ND_before_0_189617,open_2017_05_08_close_2017_05_08_flight_Fixed Wing_N550ND_before_0_189617,1030,VSpdG,0.7227515578653002,VSpd,0.14698097913211286,TRK,0.03472382227218327,E1_RPM,0.030755385441075707,HDG,0.018354020343868314
open_2017_05_08_close_2017_05_08_flight_Fixed Wing_N550ND_before_0_189617,open_2017_05_08_close_2017_05_08_flight_Fixed Wing_N550ND_before_0_189617,1031,VSpd,0.6487866306831266,VSpdG,0.23660165034509428,AltB,0.038646367569979086,HDG,0.027052457298985286,TRK,0.021470204205543936
open_2017_05_08_close_2017_05_08_flight_Fixed Wing_N550ND_before_0_189617,open_2017_05_08_close_2017_05_08_flight_Fixed Wing_N550ND_before_0_189617,1032,VSpdG,0.48518256976797713,VSpd,0.45839556361747713,AltB,0.014869868600594745,TRK,0.009984054631827876,Roll,0.00983535594582195
open_2017_05_08_close_2017_05_08_flight_Fixed Wing_N550ND_before_0_189617,open_2017_05_08_close_2017_05_08_flight_Fixed Wing_N550ND_before_0_189617,1033,VSpd,0.8190645486758693,VSpdG,0.09305393666848508,AltB,0.02848589898014848,Roll,0.01742387487619082,TAS,0.009495299660049493
open_2017_05_08_close_2017_05_08_flight_Fixed Wing_N550ND_before_0_189617,open_2017_05_08_close_2017_05_08_flight_Fixed Wing_N550ND_before_0_189617,1034,VSpd,0.842683471952149,AltB,0.05468146718267914,E1_RPM,0.03911828036914624,Roll,0.01695125482663053,VSpdG,0.016404440154803645
open_2017_05_08_close_2017_05_08_flight_Fixed Wing_N550ND_before_0_189617,open_2017_05_08_close_2017_05_08_flight_Fixed Wing_N550ND_before_0_189617,1035,VSpd,0.48732975828868696,VSpdG,0.3406893741482548,AltB,0.07677507023059263,Roll,0.034548781603766676,E1_RPM,0.023992209447060195
open_2017_05_08_close_2017_05_08_flight_Fixed Wing_N550ND_before_0_189617,open_2017_05_08_close_2017_05_08_flight_Fixed Wing_N550ND_before_0_189617,1036,VSpd,0.6138982918240831,VSpdG,0.3033955625277388,E1_RPM,0.05229801961804238,AltB,0.01676218577501319,TAS,0.0033524371550026385
open_2017_05_08_close_2017_05_08_flight_Fixed Wing_N550ND_before_0_189617,open_2017_05_08_close_2017_05_08_flight_Fixed Wing_N550ND_before_0_189617,1037,VSpdG,0.7122465344229596,VSpd,0.16289857261900112,E1_RPM,0.06746866585842361,Roll,0.020240599757527466,AltB,0.006955532562724214
open_2017_05_08_close_2017_05_08_flight_Fixed Wing_N550ND_before_0_189617,open_2017_05_08_close_2017_05_08_flight_Fixed Wing_N550ND_before_0_189617,1038,VSpdG,0.8728008000212027,AltB,0.04434963414741884,VSpd,0.03681019634235769,TAS,0.008869926829483768,HDG,0.00798293414653544
open_2017_05_08_close_2017_05_08_flight_Fixed Wing_N550ND_before_0_189617,open_2017_05_08_close_2017_05_08_flight_Fixed Wing_N550ND_before_0_189617,1039,VSpd,0.5902145302499059,VSpdG,0.317510274328868,AltB,0.03223454561714396,Roll,0.02054952283092927,E1_EGT2,0.008461568224501755
open_2017_05_08_close_2017_05_08_flight_Fixed Wing_N550ND_before_0_189617,open_2017_05_08_close_2017_05_08_flight_Fixed Wing_N550ND_before_0_189617,1040,VSpd,0.8231448035945713,VSpdG,0.09079083476481038,E1_RPM,0.030517927652037126,HDG,0.015258963826018563,AltB,0.0076294819130092815
open_2017_05_08_close_2017_05_08_flight_Fixed Wing_N550ND_before_0_189617,open_2017_05_08_close_2017_05_08_flight_Fixed Wing_N550ND_before_0_189617,1041,VSpd,0.619871091059375,VSpdG,0.3024594986009907,AltB,0.025632160898389038,E1_RPM,0.017088107265592692,Roll,0.011278150795291179
open_2017_05_08_close_2017_05_08_flight_Fixed Wing_N550ND_before_0_189617,open_2017_05_08_close_2017_05_08_flight_Fixed Wing_N550ND_before_0_189617,1042,VSpd,0.48209349849302074,VSpdG,0.4224782126036793,E1_RPM,0.029271007801640603,AltB,0.029271007801640603,Roll,0.010439992782585148
open_2017_05_08_close_2017_05_08_flight_Fixed Wing_N550ND_before_0_189617,open_2017_05_08_close_2017_05_08_flight_Fixed Wing_N550ND_before_0_189617,1043,VSpd,0.5270155811424141,VSpdG,0.4393345644091378,TAS,0.006196538285037204,E1_RPM,0.005576884456531229,E1_EGT2,0.00396578450242443
open_2017_05_08_close_2017_05_08_flight_Fixed Wing_N550ND_before_0_189617,open_2017_05_08_close_2017_05_08_flight_Fixed Wing_N550ND_before_0_189617,1044,VSpd,0.627850576336336,VSpdG,0.2906867695828707,AltB,0.02463447199854836,E1_RPM,0.01231723599927418,Roll,0.008539950292830098
open_2017_05_08_close_2017_05_08_flight_Fixed Wing_N550ND_before_0_189617,open_2017_05_08_close_2017_05_08_flight_Fixed Wing_N550ND_before_0_189617,1045,VSpdG,0.5913739093363004,Roll,0.14633998434423715,VSpd,0.12178293217688214,E1_RPM,0.038422598629197724,AltB,0.016705477664867255
open_2017_05_08_close_2017_05_08_flight_Fixed Wing_N550ND_before_0_189617,open_2017_05_08_close_2017_05_08_flight_Fixed Wing_N550ND_before_0_189617,1046,VSpd,0.5432716051454899,VSpdG,0.371380561102321,AltB,0.033158978669850084,HDG,0.018875110935145448,TRK,0.015049074934778058
open_2017_05_08_close_2017_05_08_flight_Fixed Wing_N550ND_before_0_189617,open_2017_05_08_close_2017_05_08_flight_Fixed Wing_N550ND_before_0_189617,1047,VSpd,0.4918144760291159,VSpdG,0.41327967432328083,HDG,0.026437457999984138,TRK,0.022938382676456755,AltB,0.01166358441175769
open_2017_05_08_close_2017_05_08_flight_Fixed Wing_N550ND_before_0_189617,open_2017_05_08_close_2017_05_08_flight_Fixed Wing_N550ND_before_0_189617,1048,VSpd,0.7884241670654288,Roll,0.05892459164702591,VSpdG,0.03282707055544619,E1_RPM,0.03200639379156078,TRK,0.024620302916584645
open_2017_05_08_close_2017_05_08_flight_Fixed Wing_N550ND_before_0_189617,open_2017_05_08_close_2017_05_08_flight_Fixed Wing_N550ND_before_0_189617,1049,VSpdG,0.5263317544754788,VSpd,0.365888617423474,AltB,0.04239351182268416,E1_RPM,0.025436107093611087,Roll,0.012750663940515
open_2017_05_08_close_2017_05_08_flight_Fixed Wing_N550ND_before_0_189617,open_2017_05_08_close_2017_05_08_flight_Fixed Wing_N550ND_before_0_189617,1050,VSpd,0.6049648633198973,VSpdG,0.3190851250863288,HDG,0.018102204386777336,TRK,0.017832022231750806,E1_RPM,0.014860018526459
open_2017_05_08_close_2017_05_08_flight_Fixed Wing_N550ND_before_0_189617,open_2017_05_08_close_2017_05_08_flight_Fixed Wing_N550ND_before_0_189617,1051,VSpdG,0.7582529003037531,VSpd,0.17893038891563934,TRK,0.01847479850403132,HDG,0.016509394407857765,Roll,0.01458329839360769
open_2017_05_08_close_2017_05_08_flight_Fixed Wing_N550ND_before_0_189617,open_2017_05_08_close_2017_05_08_flight_Fixed Wing_N550ND_before_0_189617,1052,VSpdG,0.5384289405494798,VSpd,0.4080046401122548,E1_RPM,0.01804014491531834,AltB,0.015859468057422083,Pitch,0.004460475391149961
open_2017_05_08_close_2017_05_08_flight_Fixed Wing_N550ND_before_0_189617,open_2017_05_08_close_2017_05_08_flight_Fixed Wing_N550ND_before_0_189617,1053,VSpdG,0.4679412342758327,VSpd,0.3801692061517777,AltB,0.06609339467172771,Roll,0.023529248503135067,HDG,0.015862414721214656
open_2017_05_08_close_2017_05_08_flight_Fixed Wing_N550ND_before_0_189617,open_2017_05_08_close_2017_05_08_flight_Fixed Wing_N550ND_before_0_189617,1054,VSpdG,0.45653650698120035,E1_RPM,0.36503589443168666,VSpd,0.09585011349817019,E1_EGT4,0.03160637356023679,AltB,0.02577482043648274
open_2017_05_08_close_2017_05_08_flight_Fixed Wing_N550ND_before_0_189617,open_2017_05_08_close_2017_05_08_flight_Fixed Wing_N550ND_before_0_189617,1055,VSpdG,0.5179806238120147,VSpd,0.35301612799988347,AltB,0.062486551443989076,E1_EGT4,0.03647241344809651,E1_EGT2,0.011280466918572601
open_2017_05_08_close_2017_05_08_flight_Fixed Wing_N550ND_before_0_189617,open_2017_05_08_close_2017_05_08_flight_Fixed Wing_N550ND_before_0_189617,1056,VSpd,0.6077743360429724,VSpdG,0.19565508567199782,E1_EGT4,0.06052042904260906,AltB,0.049742818391185835,E1_RPM,0.033990925900644786
open_2017_05_08_close_2017_05_08_flight_Fixed Wing_N550ND_before_0_189617,open_2017_05_08_close_2017_05_08_flight_Fixed Wing_N550ND_before_0_189617,1057,VSpd,0.49786297787494965,VSpdG,0.4111666401294168,E1_RPM,0.033472572897371475,AltB,0.028487296082869523,E1_EGT4,0.010302905416638156
open_2017_05_08_close_2017_05_08_flight_Fixed Wing_N550ND_before_0_189617,open_2017_05_08_close_2017_05_08_flight_Fixed Wing_N550ND_before_0_189617,1058,VSpd,0.3453158355638545,AltB,0.17779419451228246,VSpdG,0.15606379296078082,E1_RPM,0.10272553460709742,E1_EGT4,0.058276985979026814
open_2017_05_08_close_2017_05_08_flight_Fixed Wing_N550ND_before_0_189617,open_2017_05_08_close_2017_05_08_flight_Fixed Wing_N550ND_before_0_189617,1059,E1_RPM,0.6406228972679489,VSpdG,0.19238218103930824,AltB,0.03906237178463108,E1_EGT2,0.027050692460856847,VSpd,0.021777272269932008
open_2017_05_08_close_2017_05_08_flight_Fixed Wing_N550ND_before_0_189617,open_2017_05_08_close_2017_05_08_flight_Fixed Wing_N550ND_before_0_189617,1060,VSpd,0.7310514466104103,E1_EGT4,0.08843725694299466,AltB,0.06971405389650394,VSpdG,0.05875898828419624,E1_EGT2,0.011004861365091162
open_2017_05_08_close_2017_05_08_flight_Fixed Wing_N550ND_before_0_189617,open_2017_05_08_close_2017_05_08_flight_Fixed Wing_N550ND_before_0_189617,1061,VSpd,0.3565096347431783,VSpdG,0.33491844560994755,E1_EGT4,0.10642586139686648,AltB,0.10200561795226834,E1_RPM,0.03570196628329238
open_2017_05_08_close_2017_05_08_flight_Fixed Wing_N550ND_before_0_189617,open_2017_05_08_close_2017_05_08_flight_Fixed Wing_N550ND_before_0_189617,1062,TRK,0.7303091500186452,VSpdG,0.12009257308319952,VSpd,0.11111103039237485,E1_RPM,0.016865792835711525,AltB,0.012192139399309602
open_2017_05_08_close_2017_05_08_flight_Fixed Wing_N550ND_before_0_189617,open_2017_05_08_close_2017_05_08_flight_Fixed Wing_N550ND_before_0_189617,1063,VSpd,0.6200095619861689,VSpdG,0.18433138905106553,E1_RPM,0.11325445513730724,E1_EGT2,0.021869825819617595,AltB,0.015621304156869964
open_2017_05_08_close_2017_05_08_flight_Fixed Wing_N550ND_before_0_189617,open_2017_05_08_close_2017_05_08_flight_Fixed Wing_N550ND_before_0_189617,1064,VSpd,0.8186030941254236,VSpdG,0.09879836872946708,AltB,0.054422830232333574,E1_EGT2,0.007116831645766888,TAS,0.004186371556333352
open_2017_05_08_close_2017_05_08_flight_Fixed Wing_N550ND_before_0_189617,open_2017_05_08_close_2017_05_08_flight_Fixed Wing_N550ND_before_0_189617,1065,VSpd,0.7033904885903439,VSpdG,0.18285370147022223,E1_RPM,0.04836347901205123,AltB,0.013250268222479872,Roll,0.011858990059119485
open_2017_05_08_close_2017_05_08_flight_Fixed Wing_N550ND_before_0_189617,open_2017_05_08_close_2017_05_08_flight_Fixed Wing_N550ND_before_0_189617,1066,VSpdG,0.5835285871205027,VSpd,0.24896232359126014,E1_RPM,0.05924148092593935,AltB,0.029620740462969676,E1_EGT4,0.01629140725463534
open_2017_05_08_close_2017_05_08_flight_Fixed Wing_N550ND_before_0_189617,open_2017_05_08_close_2017_05_08_flight_Fixed Wing_N550ND_before_0_189617,1067,VSpdG,0.5852488624803366,VSpd,0.19636151051930112,Roll,0.05493667969160029,E1_RPM,0.040831315986999656,AltB,0.0371193781700002
open_2017_05_08_close_2017_05_08_flight_Fixed Wing_N550ND_before_0_189617,open_2017_05_08_close_2017_05_08_flight_Fixed Wing_N550ND_before_0_189617,1068,VSpdG,0.39085657352731873,VSpd,0.27094972639436177,E1_RPM,0.09274562761665037,Roll,0.06657811125338224,AltB,0.06624687686903705
open_2017_05_08_close_2017_05_08_flight_Fixed Wing_N550ND_before_0_189617,open_2017_05_08_close_2017_05_08_flight_Fixed Wing_N550ND_before_0_189617,1069,TRK,0.9250244484058231,VSpdG,0.050446519723856845,AltB,0.0051476040534547745,HDG,0.004890223850781977,VSpd,0.00419529730356563
open_2017_05_08_close_2017_05_08_flight_Fixed Wing_N550ND_before_0_189617,open_2017_05_08_close_2017_05_08_flight_Fixed Wing_N550ND_before_0_189617,1070,VSpd,0.7257379967207208,VSpdG,0.17296926603321572,TRK,0.02198761856354435,Roll,0.016564005984536743,E1_RPM,0.016124253613264524
open_2017_05_08_close_2017_05_08_flight_Fixed Wing_N550ND_before_0_189617,open_2017_05_08_close_2017_05_08_flight_Fixed Wing_N550ND_before_0_189617,1071,VSpd,0.5152962817865279,VSpdG,0.1455217595197292,E1_RPM,0.11753680576593428,AltB,0.05596990750758816,Roll,0.04365652785591876
open_2017_05_08_close_2017_05_08_flight_Fixed Wing_N550ND_before_0_189617,open_2017_05_08_close_2017_05_08_flight_Fixed Wing_N550ND_before_0_189617,1072,VSpd,0.38757448924634375,E1_RPM,0.29826384607218576,VSpdG,0.2432170345560389,Roll,0.016907234965673833,AltB,0.011234043166560688
open_2017_05_08_close_2017_05_08_flight_Fixed Wing_N550ND_before_0_189617,open_2017_05_08_close_2017_05_08_flight_Fixed Wing_N550ND_before_0_189617,1073,VSpd,0.8004292570264108,VSpdG,0.10799914507931671,AltB,0.045762349609879974,E1_EGT2,0.013133794338035054,TAS,0.009152469921975995
open_2017_05_08_close_2017_05_08_flight_Fixed Wing_N550ND_before_0_189617,open_2017_05_08_close_2017_05_08_flight_Fixed Wing_N550ND_before_0_189617,1074,VSpd,0.45824360290902033,VSpdG,0.4558817521889794,E1_RPM,0.040106899019558315,TAS,0.01782528845313703,AltB,0.008912644226568515
open_2017_05_08_close_2017_05_08_flight_Fixed Wing_N550ND_before_0_189617,open_2017_05_08_close_2017_05_08_flight_Fixed Wing_N550ND_before_0_189617,1075,VSpdG,0.8582050479152007,E1_RPM,0.04192091871410711,VSpd,0.03628674723893109,AltB,0.023475714479899597,Roll,0.01562811849661913
open_2017_05_08_close_2017_05_08_flight_Fixed Wing_N550ND_before_0_189617,open_2017_05_08_close_2017_05_08_flight_Fixed Wing_N550ND_before_0_189617,1076,VSpd,0.6915178504635338,VSpdG,0.22824665584538167,E1_RPM,0.03417906775349547,AltB,0.011586124662202123,Roll,0.006893744174010262
open_2017_05_08_close_2017_05_08_flight_Fixed Wing_N550ND_before_0_189617,open_2017_05_08_close_2017_05_08_flight_Fixed Wing_N550ND_before_0_189617,1077,VSpd,0.4550440872754357,VSpdG,0.25360297875651,E1_RPM,0.23949688803970265,AltB,0.030665414601754537,HDG,0.006439737066368348
open_2017_05_08_close_2017_05_08_flight_Fixed Wing_N550ND_before_0_189617,open_2017_05_08_close_2017_05_08_flight_Fixed Wing_N550ND_before_0_189617,1078,VSpdG,0.5025398250668657,VSpd,0.39553038651405537,E1_RPM,0.05321576489687494,E1_EGT2,0.016085127127200262,AltB,0.012039765813772536
open_2017_05_08_close_2017_05_08_flight_Fixed Wing_N550ND_before_0_189617,open_2017_05_08_close_2017_05_08_flight_Fixed Wing_N550ND_before_0_189617,1079,VSpd,0.665257525821095,VSpdG,0.0887305803029137,E1_RPM,0.08207578678019618,AltB,0.04436529015145685,TAS,0.022182645075728424
open_2017_05_08_close_2017_05_08_flight_Fixed Wing_N550ND_before_0_189617,open_2017_05_08_close_2017_05_08_flight_Fixed Wing_N550ND_before_0_189617,1080,VSpdG,0.4912540643225901,E1_RPM,0.1790163115751793,VSpd,0.13571934319420675,HDG,0.029142190256424373,E1_EGT2,0.028934031754595323
open_2017_05_08_close_2017_05_08_flight_Fixed Wing_N550ND_before_0_189617,open_2017_05_08_close_2017_05_08_flight_Fixed Wing_N550ND_before_0_189617,1081,VSpd,0.6003077278424226,VSpdG,0.22126952290002702,AltB,0.049171005088894895,E1_RPM,0.04565879043968812,TAS,0.028097717193654226
open_2017_05_08_close_2017_05_08_flight_Fixed Wing_N550ND_before_0_189617,open_2017_05_08_close_2017_05_08_flight_Fixed Wing_N550ND_before_0_189617,1082,E1_RPM,0.5042689448918476,VSpdG,0.31810100490126425,VSpd,0.04919603207602391,E1_EGT4,0.03431028976685974,AltB,0.026925115287894198
open_2017_05_08_close_2017_05_08_flight_Fixed Wing_N550ND_before_0_189617,open_2017_05_08_close_2017_05_08_flight_Fixed Wing_N550ND_before_0_189617,1083,VSpd,0.3388200457074662,E1_EGT2,0.21309140273428798,VSpdG,0.1856137143108968,E1_RPM,0.09602187530171148,E1_EGT4,0.08997764118673734
open_2017_05_08_close_2017_05_08_flight_Fixed Wing_N550ND_before_0_189617,open_2017_05_08_close_2017_05_08_flight_Fixed Wing_N550ND_before_0_189617,1084,VSpd,0.4147265348943059,VSpdG,0.17883485077577874,E1_EGT2,0.16254100881620778,E1_EGT4,0.09361862505690773,E1_RPM,0.05393432007523487
open_2017_05_08_close_2017_05_08_flight_Fixed Wing_N550ND_before_0_189617,open_2017_05_08_close_2017_05_08_flight_Fixed Wing_N550ND_before_0_189617,1085,E1_EGT2,0.2905598082780292,E1_EGT4,0.227631549739893,VSpdG,0.13710626161939693,E1_RPM,0.12831739869507583,VSpd,0.09562282861660512
open_2017_05_08_close_2017_05_08_flight_Fixed Wing_N550ND_before_0_189617,open_2017_05_08_close_2017_05_08_flight_Fixed Wing_N550ND_before_0_189617,1086,E1_RPM,0.8929530664705925,E1_EGT2,0.03697236014179212,VSpd,0.03339298171011911,E1_OilP,0.016689215695645583,E1_EGT4,0.0058637784876592195
open_2017_05_08_close_2017_05_08_flight_Fixed Wing_N550ND_before_0_189617,open_2017_05_08_close_2017_05_08_flight_Fixed Wing_N550ND_before_0_189617,1087,E1_EGT2,0.3891856205639188,VSpd,0.2881578771650001,E1_EGT4,0.14742306249291762,E1_RPM,0.09433949557808201,AltB,0.021120782592108485
open_2017_05_08_close_2017_05_08_flight_Fixed Wing_N550ND_before_0_189617,open_2017_05_08_close_2017_05_08_flight_Fixed Wing_N550ND_before_0_189617,1088,VSpd,0.6177593655183929,VSpdG,0.26931480645154,E1_EGT2,0.03416033700799386,AltB,0.029645152276630154,E1_EGT4,0.022188256280893225
open_2017_05_08_close_2017_05_08_flight_Fixed Wing_N550ND_before_0_189617,open_2017_05_08_close_2017_05_08_flight_Fixed Wing_N550ND_before_0_189617,1089,TRK,0.7988423729779486,VSpd,0.1311303093024804,VSpdG,0.01757898258085174,E1_EGT2,0.014441467968320036,AltB,0.011125938342311261
open_2017_05_08_close_2017_05_08_flight_Fixed Wing_N550ND_before_0_189617,open_2017_05_08_close_2017_05_08_flight_Fixed Wing_N550ND_before_0_189617,1090,VSpdG,0.5541397348242012,VSpd,0.23874242747020946,AltB,0.060305412495983216,E1_RPM,0.05896529221829287,E1_EGT2,0.024859231151122214
open_2017_05_08_close_2017_05_08_flight_Fixed Wing_N550ND_before_0_189617,open_2017_05_08_close_2017_05_08_flight_Fixed Wing_N550ND_before_0_189617,1091,VSpdG,0.6346842295736573,VSpd,0.18193982643106546,AltB,0.08062326134316046,E1_RPM,0.025978606432796963,E1_EGT4,0.014691349844753562
open_2017_05_08_close_2017_05_08_flight_Fixed Wing_N550ND_before_0_189617,open_2017_05_08_close_2017_05_08_flight_Fixed Wing_N550ND_before_0_189617,1092,VSpd,0.5764103768348522,AltB,0.15634117696825958,VSpdG,0.11530161801409211,E1_RPM,0.056673676650995874,E1_EGT2,0.019738073592242594
open_2017_05_08_close_2017_05_08_flight_Fixed Wing_N550ND_before_0_189617,open_2017_05_08_close_2017_05_08_flight_Fixed Wing_N550ND_before_0_189617,1093,VSpdG,0.4868319168362616,VSpd,0.45075999004591744,AltB,0.024727970378984717,E1_RPM,0.009272988892119268,Roll,0.00553288337229783
open_2017_05_08_close_2017_05_08_flight_Fixed Wing_N550ND_before_0_189617,open_2017_05_08_close_2017_05_08_flight_Fixed Wing_N550ND_before_0_189617,1094,VSpd,0.42739208827010633,VSpdG,0.39439104775650236,E1_RPM,0.06962647275991418,AltB,0.061996174375266444,TAS,0.014306809471215333
open_2017_05_08_close_2017_05_08_flight_Fixed Wing_N550ND_before_0_189617,open_2017_05_08_close_2017_05_08_flight_Fixed Wing_N550ND_before_0_189617,1095,VSpd,0.5087145855857763,VSpdG,0.3713771909175953,AltB,0.07771719989306929,E1_RPM,0.015543439978612343,Roll,0.0072721094185657685
open_2017_05_08_close_2017_05_08_flight_Fixed Wing_N550ND_before_0_189617,open_2017_05_08_close_2017_05_08_flight_Fixed Wing_N550ND_before_0_189617,1096,VSpd,0.5567391815907136,AltB,0.18357706827031914,E1_RPM,0.10680847608454325,VSpdG,0.06508641511402187,TAS,0.016688824388210833
open_2017_05_08_close_2017_05_08_flight_Fixed Wing_N550ND_before_0_189617,open_2017_05_08_close_2017_05_08_flight_Fixed Wing_N550ND_before_0_189617,1097,VSpd,0.47653992593675004,AltB,0.26721865005799145,VSpdG,0.11579474835846228,E1_CHT2,0.021377492004638437,E1_RPM,0.02078367278228282
open_2017_05_08_close_2017_05_08_flight_Fixed Wing_N550ND_before_0_189617,open_2017_05_08_close_2017_05_08_flight_Fixed Wing_N550ND_before_0_189617,1098,VSpdG,0.3904783468599539,VSpd,0.3800655909436881,AltB,0.1487536559466491,E1_EGT2,0.014503481454796373,TAS,0.012396137995554094
open_2017_05_08_close_2017_05_08_flight_Fixed Wing_N550ND_before_0_189617,open_2017_05_08_close_2017_05_08_flight_Fixed Wing_N550ND_before_0_189617,1099,VSpdG,0.6022926101283453,VSpd,0.18020977303046434,AltB,0.10516220176844125,E1_RPM,0.057361200964604314,Roll,0.012715066213820623
open_2017_05_08_close_2017_05_08_flight_Fixed Wing_N550ND_before_0_189617,open_2017_05_08_close_2017_05_08_flight_Fixed Wing_N550ND_before_0_189617,1100,AltB,0.32659959773897385,VSpd,0.27523438827638924,VSpdG,0.11876349008689958,E1_RPM,0.07422718130431225,TAS,0.05938174504344979
open_2017_05_08_close_2017_05_08_flight_Fixed Wing_N550ND_before_0_189617,open_2017_05_08_close_2017_05_08_flight_Fixed Wing_N550ND_before_0_189617,1101,VSpd,0.4435508935153122,VSpdG,0.4174864064348091,AltB,0.0909226293505936,E1_RPM,0.013638394402590417,Pitch,0.005455357761035621
open_2017_05_08_close_2017_05_08_flight_Fixed Wing_N550ND_before_0_189617,open_2017_05_08_close_2017_05_08_flight_Fixed Wing_N550ND_before_0_189617,1102,VSpdG,0.5718542004711039,VSpd,0.2839324851780334,E1_RPM,0.09740692950794572,E1_EGT2,0.012645472160773089,E1_EGT4,0.011948325150378438
open_2017_05_08_close_2017_05_08_flight_Fixed Wing_N550ND_before_0_189617,open_2017_05_08_close_2017_05_08_flight_Fixed Wing_N550ND_before_0_189617,1103,E1_RPM,0.4829523574495902,VSpdG,0.4233673263356808,VSpd,0.04099270937535947,E1_EGT2,0.009856170560195948,E1_OilP,0.007481729470693986
open_2017_05_08_close_2017_05_08_flight_Fixed Wing_N550ND_before_0_189617,open_2017_05_08_close_2017_05_08_flight_Fixed Wing_N550ND_before_0_189617,1104,VSpd,0.6354973108654965,VSpdG,0.16312989006591988,E1_RPM,0.11111746134925084,AltB,0.02955251631628983,E1_EGT2,0.017967929920304
open_2017_05_08_close_2017_05_08_flight_Fixed Wing_N550ND_before_0_189617,open_2017_05_08_close_2017_05_08_flight_Fixed Wing_N550ND_before_0_189617,1105,VSpdG,0.466200806745425,VSpd,0.4455538316653033,E1_RPM,0.032877348853697114,AltB,0.02630187908295769,E1_EGT2,0.006180941584495416
open_2017_05_08_close_2017_05_08_flight_Fixed Wing_N550ND_before_0_189617,open_2017_05_08_close_2017_05_08_flight_Fixed Wing_N550ND_before_0_189617,1106,VSpd,0.7742296026645417,VSpdG,0.12391033923018567,E1_RPM,0.04987916197825271,AltB,0.02100175241189588,E1_EGT2,0.006038003818420543
open_2017_05_08_close_2017_05_08_flight_Fixed Wing_N550ND_before_0_189617,open_2017_05_08_close_2017_05_08_flight_Fixed Wing_N550ND_before_0_189617,1107,VSpd,0.769919893216668,VSpdG,0.181596750061454,AltB,0.016775681298979585,E1_RPM,0.006290880487117344,E1_EGT2,0.005955366861138058
open_2017_05_08_close_2017_05_08_flight_Fixed Wing_N550ND_before_0_189617,open_2017_05_08_close_2017_05_08_flight_Fixed Wing_N550ND_before_0_189617,1108,VSpdG,0.4569148380750254,VSpd,0.450346083531875,AltB,0.01931986630338374,E1_RPM,0.01835387298821543,E1_EGT2,0.011881717776581176
open_2017_05_08_close_2017_05_08_flight_Fixed Wing_N550ND_before_0_189617,open_2017_05_08_close_2017_05_08_flight_Fixed Wing_N550ND_before_0_189617,1109,VSpdG,0.5077763869767311,VSpd,0.4441834394648833,AltB,0.016119885300848607,TAS,0.008059942650424303,HDG,0.004835965590254765
open_2017_05_08_close_2017_05_08_flight_Fixed Wing_N550ND_before_0_189617,open_2017_05_08_close_2017_05_08_flight_Fixed Wing_N550ND_before_0_189617,1110,TRK,0.5328082850488682,VSpdG,0.2220900513884388,VSpd,0.20956037201866323,AltB,0.017814710004420226,E1_RPM,0.0031175742507734043
open_2017_05_08_close_2017_05_08_flight_Fixed Wing_N550ND_before_0_189617,open_2017_05_08_close_2017_05_08_flight_Fixed Wing_N550ND_before_0_189617,1111,VSpdG,0.6613020995891149,VSpd,0.23583199875052993,Roll,0.029285604343435075,HDG,0.01812392117857866,E1_RPM,0.015471640030494
open_2017_05_08_close_2017_05_08_flight_Fixed Wing_N550ND_before_0_189617,open_2017_05_08_close_2017_05_08_flight_Fixed Wing_N550ND_before_0_189617,1112,VSpd,0.7672028783467719,VSpdG,0.07786182131669313,TRK,0.06268536461937159,HDG,0.05476721329902999,AltB,0.013196918867236123
open_2017_05_08_close_2017_05_08_flight_Fixed Wing_N550ND_before_0_189617,open_2017_05_08_close_2017_05_08_flight_Fixed Wing_N550ND_before_0_189617,1113,VSpdG,0.4772254815343819,VSpd,0.24636462676165805,TRK,0.07873009213130666,Roll,0.06249958083039111,HDG,0.056927912771867754
open_2017_05_08_close_2017_05_08_flight_Fixed Wing_N550ND_before_0_189617,open_2017_05_08_close_2017_05_08_flight_Fixed Wing_N550ND_before_0_189617,1114,VSpd,0.8314660650122989,E1_RPM,0.05627043837322048,AltB,0.05627043837322048,Roll,0.02398527435658523,TAS,0.00703380479665256
open_2017_05_08_close_2017_05_08_flight_Fixed Wing_N550ND_before_0_189617,open_2017_05_08_close_2017_05_08_flight_Fixed Wing_N550ND_before_0_189617,1115,VSpdG,0.6108289095683325,VSpd,0.2240999347899064,E1_RPM,0.09312092269281394,AltB,0.016628736195145166,Roll,0.009367521389931776
open_2017_05_08_close_2017_05_08_flight_Fixed Wing_N550ND_before_0_189617,open_2017_05_08_close_2017_05_08_flight_Fixed Wing_N550ND_before_0_189617,1116,VSpd,0.7451990012299347,VSpdG,0.19196110315442064,AltB,0.022495441775908672,Roll,0.013572249871464898,TRK,0.005998784473575625
open_2017_05_08_close_2017_05_08_flight_Fixed Wing_N550ND_before_0_189617,open_2017_05_08_close_2017_05_08_flight_Fixed Wing_N550ND_before_0_189617,1117,VSpd,0.5027176350583813,VSpdG,0.3106879239013041,TRK,0.04388247512730283,HDG,0.041249526619664814,AltB,0.035105980101842266
open_2017_05_08_close_2017_05_08_flight_Fixed Wing_N550ND_before_0_189617,open_2017_05_08_close_2017_05_08_flight_Fixed Wing_N550ND_before_0_189617,1118,VSpd,0.43462721793653486,VSpdG,0.4151862366602343,E1_RPM,0.059412763755782416,HDG,0.029179049655206925,TRK,0.020741734092255586
open_2017_05_08_close_2017_05_08_flight_Fixed Wing_N550ND_before_0_189617,open_2017_05_08_close_2017_05_08_flight_Fixed Wing_N550ND_before_0_189617,1119,VSpdG,0.5212293533335562,Roll,0.08598961412863243,VSpd,0.08321148813370766,E1_RPM,0.07937502842642993,HDG,0.07672919414554871
open_2017_05_08_close_2017_05_08_flight_Fixed Wing_N550ND_before_0_189617,open_2017_05_08_close_2017_05_08_flight_Fixed Wing_N550ND_before_0_189617,1120,VSpd,0.8335736769853136,E1_RPM,0.07387347071828808,VSpdG,0.04057838532413058,TAS,0.020809428371349022,AltB,0.010404714185674511
open_2017_05_08_close_2017_05_08_flight_Fixed Wing_N550ND_before_0_189617,open_2017_05_08_close_2017_05_08_flight_Fixed Wing_N550ND_before_0_189617,1121,VSpd,0.6816515448629034,VSpdG,0.20431396628070284,E1_RPM,0.03941081583079501,Roll,0.03816626375192825,TAS,0.010371267323893547
open_2017_05_08_close_2017_05_08_flight_Fixed Wing_N550ND_before_0_189617,open_2017_05_08_close_2017_05_08_flight_Fixed Wing_N550ND_before_0_189617,1122,VSpd,0.41155621157765626,VSpdG,0.40032266734104527,E1_RPM,0.08578342871593456,AltB,0.040849251769494416,E1_EGT4,0.01041655920122089
open_2017_05_08_close_2017_05_08_flight_Fixed Wing_N550ND_before_0_189617,open_2017_05_08_close_2017_05_08_flight_Fixed Wing_N550ND_before_0_189617,1123,VSpdG,0.5785668518574477,VSpd,0.3336488661384205,E1_RPM,0.03286328904422132,AltB,0.02594470187701559,Roll,0.005448387394173273
open_2017_05_08_close_2017_05_08_flight_Fixed Wing_N550ND_before_0_189617,open_2017_05_08_close_2017_05_08_flight_Fixed Wing_N550ND_before_0_189617,1124,VSpd,0.69236224836297,VSpdG,0.20499032455286387,AltB,0.04456311403323128,E1_RPM,0.014111652777187202,Roll,0.010323788084365248
open_2017_05_08_close_2017_05_08_flight_Fixed Wing_N550ND_before_0_189617,open_2017_05_08_close_2017_05_08_flight_Fixed Wing_N550ND_before_0_189617,1125,VSpd,0.8076750490221427,VSpdG,0.11246005122092201,AltB,0.04482103490688917,Roll,0.012712875355408564,HDG,0.0044821034906888935
open_2017_05_08_close_2017_05_08_flight_Fixed Wing_N550ND_before_0_189617,open_2017_05_08_close_2017_05_08_flight_Fixed Wing_N550ND_before_0_189617,1126,VSpd,0.9417469327861274,E1_RPM,0.025510074928739995,AltB,0.010629197886976608,Roll,0.007546730499753392,HDG,0.002125839577395503
open_2017_05_08_close_2017_05_08_flight_Fixed Wing_N550ND_before_0_189617,open_2017_05_08_close_2017_05_08_flight_Fixed Wing_N550ND_before_0_189617,1127,VSpd,0.9115154707594324,AltB,0.04452353401736132,VSpdG,0.011576118844513959,E1_RPM,0.010685648164166447,TAS,0.005936471202314842
open_2017_05_08_close_2017_05_08_flight_Fixed Wing_N550ND_before_0_189617,open_2017_05_08_close_2017_05_08_flight_Fixed Wing_N550ND_before_0_189617,1128,VSpdG,0.8806958664144754,VSpd,0.046067168397064893,E1_RPM,0.029130709427556956,AltB,0.013549167175607313,TAS,0.006774583587803656
open_2017_05_08_close_2017_05_08_flight_Fixed Wing_N550ND_before_0_189617,open_2017_05_08_close_2017_05_08_flight_Fixed Wing_N550ND_before_0_189617,1129,VSpd,0.7729755347918876,VSpdG,0.12866569770834066,E1_RPM,0.046886652554736306,AltB,0.010903872687147516,TAS,0.010903872687147516
open_2017_05_08_close_2017_05_08_flight_Fixed Wing_N550ND_before_0_189617,open_2017_05_08_close_2017_05_08_flight_Fixed Wing_N550ND_before_0_189617,1130,VSpdG,0.6473815229730743,VSpd,0.2781918816289923,Roll,0.01826175744282317,E1_RPM,0.01599569994991972,AltB,0.013329749958265085
open_2017_05_08_close_2017_05_08_flight_Fixed Wing_N550ND_before_0_189617,open_2017_05_08_close_2017_05_08_flight_Fixed Wing_N550ND_before_0_189617,1131,VSpdG,0.755115914166617,VSpd,0.19341747369044712,AltB,0.015548028431707972,Roll,0.013008517121195667,E1_RPM,0.006219211372682246
open_2017_05_08_close_2017_05_08_flight_Fixed Wing_N550ND_before_0_189617,open_2017_05_08_close_2017_05_08_flight_Fixed Wing_N550ND_before_0_189617,1132,VSpd,0.6283559653077213,VSpdG,0.2824978649424566,AltB,0.02242046547162354,Roll,0.019999055200688197,HDG,0.013900688592406696
open_2017_05_08_close_2017_05_08_flight_Fixed Wing_N550ND_before_0_189617,open_2017_05_08_close_2017_05_08_flight_Fixed Wing_N550ND_before_0_189617,1133,VSpdG,0.7041325075379862,VSpd,0.2504465658427277,AltB,0.014907533681114742,Roll,0.009640205113787532,E1_RPM,0.003975342314962575
open_2017_05_08_close_2017_05_08_flight_Fixed Wing_N550ND_before_0_189617,open_2017_05_08_close_2017_05_08_flight_Fixed Wing_N550ND_before_0_189617,1134,VSpdG,0.6302163694208605,VSpd,0.3028671941444656,E1_RPM,0.02378991099392404,AltB,0.008650876725063287,Roll,0.008045315354308857
open_2017_05_08_close_2017_05_08_flight_Fixed Wing_N550ND_before_0_189617,open_2017_05_08_close_2017_05_08_flight_Fixed Wing_N550ND_before_0_189617,1135,VSpd,0.6579698013229804,VSpdG,0.14122631949144843,AltB,0.07242375358535832,E1_RPM,0.05612840902865106,Roll,0.014484750717071667
open_2017_05_08_close_2017_05_08_flight_Fixed Wing_N550ND_before_0_189617,open_2017_05_08_close_2017_05_08_flight_Fixed Wing_N550ND_before_0_189617,1136,VSpd,0.5446029742037121,VSpdG,0.38512671538495397,E1_RPM,0.03201977310359813,AltB,0.008894381417666374,E1_EGT4,0.006403954620720031
open_2017_05_08_close_2017_05_08_flight_Fixed Wing_N550ND_before_0_189617,open_2017_05_08_close_2017_05_08_flight_Fixed Wing_N550ND_before_0_189617,1137,VSpd,0.3279496610108054,VSpdG,0.2802988555647914,AltB,0.1401494277823957,HDG,0.07708218528031724,HPLfd,0.035037356945598924
open_2017_05_08_close_2017_05_08_flight_Fixed Wing_N550ND_before_0_189617,open_2017_05_08_close_2017_05_08_flight_Fixed Wing_N550ND_before_0_189617,1138,VSpdG,0.6839259434884594,VSpd,0.2772993416473654,AltB,0.01271237813175575,HDG,0.006356189065877875,Roll,0.00605956690947024
open_2017_05_08_close_2017_05_08_flight_Fixed Wing_N550ND_before_0_189617,open_2017_05_08_close_2017_05_08_flight_Fixed Wing_N550ND_before_0_189617,1139,VSpd,0.6077149011984323,VSpdG,0.22221988949927185,AltB,0.05649658207608606,Roll,0.03898264163249938,TAS,0.018832194025362018
open_2017_05_08_close_2017_05_08_flight_Fixed Wing_N550ND_before_0_189617,open_2017_05_08_close_2017_05_08_flight_Fixed Wing_N550ND_before_0_189617,1140,VSpd,0.6247821904487121,VSpdG,0.3129524449013091,AltB,0.03742331179686805,Roll,0.01337883396738033,E1_EGT2,0.002058282148827998
open_2017_05_08_close_2017_05_08_flight_Fixed Wing_N550ND_before_0_189617,open_2017_05_08_close_2017_05_08_flight_Fixed Wing_N550ND_before_0_189617,1141,VSpd,0.33459271777626176,VSpdG,0.3141733495327487,E1_RPM,0.28815052674799274,E1_EGT2,0.023838425251729037,AltB,0.01519580892540502
open_2017_05_08_close_2017_05_08_flight_Fixed Wing_N550ND_before_0_189617,open_2017_05_08_close_2017_05_08_flight_Fixed Wing_N550ND_before_0_189617,1142,VSpd,0.8134098270684154,VSpdG,0.05332064584359196,E1_RPM,0.036109551299141514,AltB,0.02699779536384401,HDG,0.022610653617219416
open_2017_05_08_close_2017_05_08_flight_Fixed Wing_N550ND_before_0_189617,open_2017_05_08_close_2017_05_08_flight_Fixed Wing_N550ND_before_0_189617,1143,VSpd,0.6325428765729527,VSpdG,0.2882918900175014,AltB,0.01757877378155496,HDG,0.015527916840373497,TRK,0.014355998588269902
open_2017_05_08_close_2017_05_08_flight_Fixed Wing_N550ND_before_0_189617,open_2017_05_08_close_2017_05_08_flight_Fixed Wing_N550ND_before_0_189617,1144,VSpdG,0.6463219998169226,VSpd,0.22008585569974037,E1_RPM,0.05005591696227716,TRK,0.02562862948468593,HDG,0.0216241561277037
open_2017_05_08_close_2017_05_08_flight_Fixed Wing_N550ND_before_0_189617,open_2017_05_08_close_2017_05_08_flight_Fixed Wing_N550ND_before_0_189617,1145,VSpd,0.577190379414468,VSpdG,0.2693169363530553,AltB,0.0420807713051649,Roll,0.03429582861370939,E1_RPM,0.015254279598122755
open_2017_05_08_close_2017_05_08_flight_Fixed Wing_N550ND_before_0_189617,open_2017_05_08_close_2017_05_08_flight_Fixed Wing_N550ND_before_0_189617,1146,VSpdG,0.4907176844789681,VSpd,0.2089909326283522,AltB,0.1245476356545605,E1_RPM,0.09714715581055662,HDG,0.01743666899163854
open_2017_05_08_close_2017_05_08_flight_Fixed Wing_N550ND_before_0_189617,open_2017_05_08_close_2017_05_08_flight_Fixed Wing_N550ND_before_0_189617,1147,E1_RPM,0.4245294596303275,VSpdG,0.32576560239598856,VSpd,0.12249820826604711,Roll,0.04048801058350144,AltB,0.03619617804399873
open_2017_05_08_close_2017_05_08_flight_Fixed Wing_N550ND_before_0_189617,open_2017_05_08_close_2017_05_08_flight_Fixed Wing_N550ND_before_0_189617,1148,VSpd,0.4501898862044023,VSpdG,0.29147999088517446,E1_RPM,0.1211986415533841,AltB,0.04387281142203945,HDG,0.027968917281550154
open_2017_05_08_close_2017_05_08_flight_Fixed Wing_N550ND_before_0_189617,open_2017_05_08_close_2017_05_08_flight_Fixed Wing_N550ND_before_0_189617,1149,HDG,0.6832450003382171,VSpdG,0.17615821579579513,VSpd,0.055977870118774184,AltB,0.027220916348136143,TRK,0.020610122377874508
open_2017_05_08_close_2017_05_08_flight_Fixed Wing_N550ND_before_0_189617,open_2017_05_08_close_2017_05_08_flight_Fixed Wing_N550ND_before_0_189617,1150,VSpd,0.6104340849920022,VSpdG,0.3356844790469101,AltB,0.023257585153365592,E1_RPM,0.006977275546009501,E1_EGT4,0.005039143449895702
open_2017_05_08_close_2017_05_08_flight_Fixed Wing_N550ND_before_0_189617,open_2017_05_08_close_2017_05_08_flight_Fixed Wing_N550ND_before_0_189617,1151,VSpd,0.49036833044647016,VSpdG,0.23945799575942284,AltB,0.1041121720693142,E1_RPM,0.0824221362215404,Roll,0.022991437998640212
open_2017_05_08_close_2017_05_08_flight_Fixed Wing_N550ND_before_0_189617,open_2017_05_08_close_2017_05_08_flight_Fixed Wing_N550ND_before_0_189617,1152,VSpdG,0.5660842156307038,VSpd,0.2572340830369714,AltB,0.09307812215153577,E1_RPM,0.021154118670803586,TRK,0.00930781221515377
open_2017_05_08_close_2017_05_08_flight_Fixed Wing_N550ND_before_0_189617,open_2017_05_08_close_2017_05_08_flight_Fixed Wing_N550ND_before_0_189617,1153,VSpd,0.38341140896440223,VSpdG,0.26237703223158404,E1_RPM,0.14156500891591056,AltB,0.07411780571513678,E1_EGT4,0.0728578030179806
open_2017_05_08_close_2017_05_08_flight_Fixed Wing_N550ND_before_0_189617,open_2017_05_08_close_2017_05_08_flight_Fixed Wing_N550ND_before_0_189617,1154,VSpdG,0.5086361065366667,VSpd,0.16873800994629085,E1_EGT4,0.08929389425865883,AltB,0.08073588992645504,Roll,0.05150949777307832
open_2017_05_08_close_2017_05_08_flight_Fixed Wing_N550ND_before_0_189617,open_2017_05_08_close_2017_05_08_flight_Fixed Wing_N550ND_before_0_189617,1155,VSpd,0.6319993671786867,VSpdG,0.21218060842484748,AltB,0.07172302256614563,E1_EGT4,0.018887062609085504,HDG,0.015539988222665021
open_2017_05_08_close_2017_05_08_flight_Fixed Wing_N550ND_before_0_189617,open_2017_05_08_close_2017_05_08_flight_Fixed Wing_N550ND_before_0_189617,1156,VSpdG,0.5961616939619085,VSpd,0.20669689181655143,AltB,0.08251372926808347,E1_RPM,0.029567419654398103,TAS,0.02062843231702106
open_2017_05_08_close_2017_05_08_flight_Fixed Wing_N550ND_before_0_189617,open_2017_05_08_close_2017_05_08_flight_Fixed Wing_N550ND_before_0_189617,1157,VSpdG,0.5236366417525276,VSpd,0.3486997367724237,AltB,0.05479008209667704,E1_RPM,0.022698748297195485,Roll,0.016984925449969882
open_2017_05_08_close_2017_05_08_flight_Fixed Wing_N550ND_before_0_189617,open_2017_05_08_close_2017_05_08_flight_Fixed Wing_N550ND_before_0_189617,1158,VSpd,0.48334979241421233,VSpdG,0.2402722914600045,AltB,0.09757250414619478,E1_RPM,0.045127283167612865,Roll,0.02683243864020356
open_2017_05_08_close_2017_05_08_flight_Fixed Wing_N550ND_before_0_189617,open_2017_05_08_close_2017_05_08_flight_Fixed Wing_N550ND_before_0_189617,1159,VSpdG,0.3974759358077147,VSpd,0.38697121464708234,E1_RPM,0.12208189456951253,E1_EGT4,0.05233433154801552,E1_EGT2,0.018264965621640112
open_2017_05_08_close_2017_05_08_flight_Fixed Wing_N550ND_before_0_189617,open_2017_05_08_close_2017_05_08_flight_Fixed Wing_N550ND_before_0_189617,1160,VSpd,0.4243479704941466,VSpdG,0.2602549922989052,E1_RPM,0.09042758206995899,E1_EGT4,0.07928955061987884,AltB,0.05513876955485274
open_2017_05_08_close_2017_05_08_flight_Fixed Wing_N550ND_before_0_189617,open_2017_05_08_close_2017_05_08_flight_Fixed Wing_N550ND_before_0_189617,1161,E1_RPM,0.5780060252978712,VSpd,0.2713808777313167,VSpdG,0.03132823985354308,Roll,0.029448545462330493,AltB,0.023496179890157304
open_2017_05_08_close_2017_05_08_flight_Fixed Wing_N550ND_before_0_189617,open_2017_05_08_close_2017_05_08_flight_Fixed Wing_N550ND_before_0_189617,1162,VSpd,0.39144789056964985,VSpdG,0.35581609540241244,E1_EGT4,0.09771141576142428,E1_RPM,0.08280628454357977,E1_EGT2,0.021479448354334497
open_2017_05_08_close_2017_05_08_flight_Fixed Wing_N550ND_before_0_189617,open_2017_05_08_close_2017_05_08_flight_Fixed Wing_N550ND_before_0_189617,1163,VSpdG,0.3664800778905286,E1_EGT2,0.2564031113270374,E1_EGT4,0.13165807876816954,VSpd,0.11942730470555916,E1_RPM,0.06292644626415385
open_2017_05_08_close_2017_05_08_flight_Fixed Wing_N550ND_before_0_189617,open_2017_05_08_close_2017_05_08_flight_Fixed Wing_N550ND_before_0_189617,1164,E1_EGT2,0.4111040370536646,E1_EGT4,0.20924456975785377,E1_RPM,0.16821622274651007,TAS,0.05470446268179159,VSpd,0.05320008995804233
open_2017_05_08_close_2017_05_08_flight_Fixed Wing_N550ND_before_0_189617,open_2017_05_08_close_2017_05_08_flight_Fixed Wing_N550ND_before_0_189617,1165,VSpd,0.39823365660812227,E1_EGT2,0.32276558690264745,E1_EGT4,0.1147330797193008,HDG,0.04142638671183563,HPLfd,0.018011472483406708
open_2017_05_08_close_2017_05_08_flight_Fixed Wing_N550ND_before_0_189617,open_2017_05_08_close_2017_05_08_flight_Fixed Wing_N550ND_before_0_189617,1166,VSpd,0.5805556002015894,E1_EGT2,0.0939463304390298,E1_RPM,0.09299911720820536,E1_EGT4,0.05795222766770554,TRK,0.056832793849458454
open_2017_05_08_close_2017_05_08_flight_Fixed Wing_N550ND_before_0_189617,open_2017_05_08_close_2017_05_08_flight_Fixed Wing_N550ND_before_0_189617,1167,VSpd,0.20741831420755333,HDG,0.15000667036706683,TRK,0.14455188235371907,E1_EGT4,0.12846025771434214,VSpdG,0.10773206326362074
open_2017_05_08_close_2017_05_08_flight_Fixed Wing_N550ND_before_0_189617,open_2017_05_08_close_2017_05_08_flight_Fixed Wing_N550ND_before_0_189617,1168,VSpd,0.526876998498113,E1_RPM,0.17116816194862491,E1_EGT2,0.1331902260162732,E1_EGT4,0.05215279934372306,HDG,0.02941952783492024
open_2017_05_08_close_2017_05_08_flight_Fixed Wing_N550ND_before_0_189617,open_2017_05_08_close_2017_05_08_flight_Fixed Wing_N550ND_before_0_189617,1169,E1_RPM,0.6293572833712441,VSpd,0.12700203862042483,amp1,0.06500846190511357,E1_EGT4,0.061428285742223095,E1_EGT2,0.03344638257437014
open_2017_05_08_close_2017_05_08_flight_Fixed Wing_N550ND_before_0_189617,open_2017_05_08_close_2017_05_08_flight_Fixed Wing_N550ND_before_0_189617,1170,E1_EGT2,0.4023921754917819,E1_RPM,0.19958329345534154,E1_EGT4,0.19608890582582125,VSpd,0.1501242685451972,VSpdG,0.026207907221408644
open_2017_05_08_close_2017_05_08_flight_Fixed Wing_N550ND_before_0_189617,open_2017_05_08_close_2017_05_08_flight_Fixed Wing_N550ND_before_0_189617,1171,E1_EGT2,0.6430397394904652,E1_EGT4,0.2216227217173581,VSpd,0.0546994666579349,AltB,0.02568050077837325,HPLfd,0.012840250389186625
open_2017_05_08_close_2017_05_08_flight_Fixed Wing_N550ND_before_0_189617,open_2017_05_08_close_2017_05_08_flight_Fixed Wing_N550ND_before_0_189617,1172,VSpd,0.430057847585304,E1_EGT2,0.2918017316823138,E1_EGT4,0.19616103032824295,AltB,0.03253085080070379,amp1,0.01951851048042226
open_2017_05_08_close_2017_05_08_flight_Fixed Wing_N550ND_before_0_189617,open_2017_05_08_close_2017_05_08_flight_Fixed Wing_N550ND_before_0_189617,1173,VSpd,0.6383898167811876,E1_EGT2,0.13264347291420386,E1_EGT4,0.09494238182593553,TRK,0.027586164210926432,AltB,0.022988470175771974
open_2017_05_08_close_2017_05_08_flight_Fixed Wing_N550ND_before_0_189617,open_2017_05_08_close_2017_05_08_flight_Fixed Wing_N550ND_before_0_189617,1174,VSpd,0.45368190267616715,E1_RPM,0.28480981842067826,E1_EGT2,0.06444181750124404,E1_EGT4,0.06242801070433201,TRK,0.04027613593827753
open_2017_05_08_close_2017_05_08_flight_Fixed Wing_N550ND_before_0_189617,open_2017_05_08_close_2017_05_08_flight_Fixed Wing_N550ND_before_0_189617,1175,VSpd,0.3057746896685025,VSpdG,0.2982246973310086,E1_EGT2,0.14911234866550602,E1_EGT4,0.07436742452431583,AltB,0.03774996168746944
open_2017_05_08_close_2017_05_08_flight_Fixed Wing_N550ND_before_0_189617,open_2017_05_08_close_2017_05_08_flight_Fixed Wing_N550ND_before_0_189617,1176,VSpd,0.7967139665529774,VSpdG,0.10100969465013977,E1_EGT4,0.0376261112571773,GndSpd,0.015656502670771646,HPLfd,0.012626211831267472
open_2017_05_08_close_2017_05_08_flight_Fixed Wing_N550ND_before_0_189617,open_2017_05_08_close_2017_05_08_flight_Fixed Wing_N550ND_before_0_189617,1177,VSpd,0.7640723628122551,E1_RPM,0.06702389147475922,E1_EGT2,0.06032150232728939,AltB,0.03351194573737961,E1_EGT4,0.0207774063571717
open_2017_05_08_close_2017_05_08_flight_Fixed Wing_N550ND_before_0_189617,open_2017_05_08_close_2017_05_08_flight_Fixed Wing_N550ND_before_0_189617,1178,E1_RPM,0.6314291116482065,E1_EGT2,0.2313724494617325,E1_EGT4,0.053537913876922985,VSpdG,0.022733721391474553,VSpd,0.018243811416658335
open_2017_05_08_close_2017_05_08_flight_Fixed Wing_N550ND_before_0_189617,open_2017_05_08_close_2017_05_08_flight_Fixed Wing_N550ND_before_0_189617,1179,VSpd,0.23205141044853142,E1_EGT2,0.19015323911754678,HDG,0.14447645286546498,TRK,0.14225373820599627,E1_EGT4,0.13314060810217487
open_2017_05_08_close_2017_05_08_flight_Fixed Wing_N550ND_before_0_189617,open_2017_05_08_close_2017_05_08_flight_Fixed Wing_N550ND_before_0_189617,1180,TRK,0.9215200360754489,VSpd,0.05494617929547381,E1_EGT4,0.016607444070094127,AltB,0.0025747975302471333,FQtyL,0.0012616507898211005
open_2017_05_08_close_2017_05_08_flight_Fixed Wing_N550ND_before_0_189617,open_2017_05_08_close_2017_05_08_flight_Fixed Wing_N550ND_before_0_189617,1181,E1_RPM,0.6389268770179238,VSpd,0.2016515558198033,E1_EGT2,0.08913809113518395,AltB,0.015583582366290826,E1_EGT4,0.011843522598380885
open_2017_05_08_close_2017_05_08_flight_Fixed Wing_N550ND_before_0_189617,open_2017_05_08_close_2017_05_08_flight_Fixed Wing_N550ND_before_0_189617,1182,VSpd,0.4212847373738872,E1_EGT2,0.36696699370024255,E1_EGT4,0.0924322282175221,VSpdG,0.07180989841600349,HDG,0.014730235572513746
open_2017_05_08_close_2017_05_08_flight_Fixed Wing_N550ND_before_0_189617,open_2017_05_08_close_2017_05_08_flight_Fixed Wing_N550ND_before_0_189617,1183,VSpd,0.334257088379276,E1_EGT2,0.28065272581891676,E1_RPM,0.13247055115491904,VSpdG,0.12014770918702085,E1_EGT4,0.08102268593893606
open_2017_05_08_close_2017_05_08_flight_Fixed Wing_N550ND_before_0_189617,open_2017_05_08_close_2017_05_08_flight_Fixed Wing_N550ND_before_0_189617,1184,VSpd,0.6024723671339238,VSpdG,0.17226116069078465,E1_RPM,0.10600686811740494,HDG,0.033127146286689356,E1_EGT4,0.030256126941845558
open_2017_05_08_close_2017_05_08_flight_Fixed Wing_N550ND_before_0_189617,open_2017_05_08_close_2017_05_08_flight_Fixed Wing_N550ND_before_0_189617,1185,VSpd,0.7393008730174907,VSpdG,0.061582088952759795,E1_RPM,0.05368694934343306,AltB,0.04737083765596908,E1_EGT2,0.02589605791859442
open_2017_05_08_close_2017_05_08_flight_Fixed Wing_N550ND_before_0_189617,open_2017_05_08_close_2017_05_08_flight_Fixed Wing_N550ND_before_0_189617,1186,HDG,0.9051766924894427,VSpd,0.057382411187300135,E1_RPM,0.01410010981346536,VSpdG,0.010071507009618277,E1_EGT2,0.0057911165305303955
open_2017_05_08_close_2017_05_08_flight_Fixed Wing_N550ND_before_0_189617,open_2017_05_08_close_2017_05_08_flight_Fixed Wing_N550ND_before_0_189617,1187,VSpd,0.7006671728605732,E1_RPM,0.10303929012655491,E1_EGT2,0.06542994923036143,E1_EGT4,0.03503335864303195,TRK,0.025759822531638728
open_2017_05_08_close_2017_05_08_flight_Fixed Wing_N550ND_before_0_189617,open_2017_05_08_close_2017_05_08_flight_Fixed Wing_N550ND_before_0_189617,1188,VSpd,0.7837642432303628,VSpdG,0.08509689723269528,AltB,0.04363943447830527,E1_EGT2,0.02334709744589193,E1_RPM,0.01745577379132608
open_2017_05_08_close_2017_05_08_flight_Fixed Wing_N550ND_before_0_189617,open_2017_05_08_close_2017_05_08_flight_Fixed Wing_N550ND_before_0_189617,1189,E1_RPM,0.3155666966619372,VSpdG,0.2734911371070122,E1_EGT2,0.14305690248674233,VSpd,0.1093964548428049,AltB,0.0701259325915416
open_2017_05_08_close_2017_05_08_flight_Fixed Wing_N550ND_before_0_189617,open_2017_05_08_close_2017_05_08_flight_Fixed Wing_N550ND_before_0_189617,1190,VSpd,0.30702610669226743,E1_EGT2,0.23327123190029217,AltB,0.1715229646325517,E1_EGT4,0.10119854913323047,Pitch,0.060033037621393115
open_2017_05_08_close_2017_05_08_flight_Fixed Wing_N550ND_before_0_189617,open_2017_05_08_close_2017_05_08_flight_Fixed Wing_N550ND_before_0_189617,1191,VSpd,0.6749973518626591,E1_RPM,0.16818115837655687,E1_EGT2,0.07454516209123424,E1_EGT4,0.03727258104561195,HPLfd,0.022727183564399296
open_2017_05_08_close_2017_05_08_flight_Fixed Wing_N550ND_before_0_189617,open_2017_05_08_close_2017_05_08_flight_Fixed Wing_N550ND_before_0_189617,1192,VSpd,0.6249500918944204,VSpdG,0.15110386598811157,E1_RPM,0.07748916204518543,E1_EGT2,0.051917738570271064,HDG,0.04649349722711082
open_2017_05_08_close_2017_05_08_flight_Fixed Wing_N550ND_before_0_189617,open_2017_05_08_close_2017_05_08_flight_Fixed Wing_N550ND_before_0_189617,1193,E1_RPM,0.5942266245696481,E1_EGT2,0.23631119516367904,VSpdG,0.08382839882321805,E1_EGT4,0.037775835419069835,VSpd,0.015810672689442393
open_2017_05_08_close_2017_05_08_flight_Fixed Wing_N550ND_before_0_189617,open_2017_05_08_close_2017_05_08_flight_Fixed Wing_N550ND_before_0_189617,1194,E1_EGT2,0.3274321382470865,VSpd,0.29542749315526656,VSpdG,0.18405601756101925,E1_RPM,0.0867525178313095,E1_EGT4,0.07268454196677246
open_2017_05_08_close_2017_05_08_flight_Fixed Wing_N550ND_before_0_189617,open_2017_05_08_close_2017_05_08_flight_Fixed Wing_N550ND_before_0_189617,1195,VSpd,0.5956235298228251,E1_EGT2,0.1556014604508647,E1_RPM,0.11693685512670915,E1_EGT4,0.07412287752386551,AltB,0.018860783084953297
open_2017_05_08_close_2017_05_08_flight_Fixed Wing_N550ND_before_0_189617,open_2017_05_08_close_2017_05_08_flight_Fixed Wing_N550ND_before_0_189617,1196,VSpd,0.5235798030186911,E1_EGT2,0.20523528919854767,VSpdG,0.07793745159438532,E1_RPM,0.07793745159438487,E1_EGT4,0.04156664085033966
open_2017_05_08_close_2017_05_08_flight_Fixed Wing_N550ND_before_0_189617,open_2017_05_08_close_2017_05_08_flight_Fixed Wing_N550ND_before_0_189617,1197,E1_EGT2,0.46302281134885237,E1_RPM,0.31789625853802284,VSpd,0.0691078822908742,E1_EGT4,0.0421558081974342,GndSpd,0.029716389385075884
open_2017_05_08_close_2017_05_08_flight_Fixed Wing_N550ND_before_0_189617,open_2017_05_08_close_2017_05_08_flight_Fixed Wing_N550ND_before_0_189617,1198,E1_EGT2,0.495939599842432,VSpd,0.22199587652521457,VSpdG,0.15827859569439431,E1_RPM,0.04464268083688137,HPLfd,0.020292127653127476
open_2017_05_08_close_2017_05_08_flight_Fixed Wing_N550ND_before_0_189617,open_2017_05_08_close_2017_05_08_flight_Fixed Wing_N550ND_before_0_189617,1199,VSpd,0.599950108569816,VSpdG,0.09542436473989732,E1_EGT2,0.0875946732740606,E1_RPM,0.07095657890915387,HDG,0.0391484573291892
open_2017_05_08_close_2017_05_08_flight_Fixed Wing_N550ND_before_0_189617,open_2017_05_08_close_2017_05_08_flight_Fixed Wing_N550ND_before_0_189617,1200,VSpd,0.7442548811106163,E1_RPM,0.11789577726772488,E1_EGT2,0.0565295137155506,AltB,0.03022968647890399,TRK,0.012091874591562628
open_2017_05_08_close_2017_05_08_flight_Fixed Wing_N550ND_before_0_189617,open_2017_05_08_close_2017_05_08_flight_Fixed Wing_N550ND_before_0_189617,1201,VSpdG,0.2859225125020572,E1_RPM,0.2639284730788237,E1_EGT2,0.15982335314217191,AltB,0.07331346474411723,VSpd,0.04472121349391147
open_2017_05_08_close_2017_05_08_flight_Fixed Wing_N550ND_before_0_189617,open_2017_05_08_close_2017_05_08_flight_Fixed Wing_N550ND_before_0_189617,1202,VSpd,0.7835501018371924,E1_EGT2,0.12442641102135825,AltB,0.030571599759547107,E1_RPM,0.030571599759547107,E1_EGT4,0.007337183942291583
open_2017_05_08_close_2017_05_08_flight_Fixed Wing_N550ND_before_0_189617,open_2017_05_08_close_2017_05_08_flight_Fixed Wing_N550ND_before_0_189617,1203,VSpd,0.6879474371317092,VSpdG,0.0999998138208597,E1_EGT2,0.0994869942628039,E1_RPM,0.030769173483339702,AltB,0.02564097790278454
open_2017_05_08_close_2017_05_08_flight_Fixed Wing_N550ND_before_0_189617,open_2017_05_08_close_2017_05_08_flight_Fixed Wing_N550ND_before_0_189617,1204,VSpd,0.33977972726958583,HDG,0.22566016042572115,TRK,0.20309414438314902,VSpdG,0.12572494652290178,E1_EGT2,0.06318484491920309
open_2017_05_08_close_2017_05_08_flight_Fixed Wing_N550ND_before_0_189617,open_2017_05_08_close_2017_05_08_flight_Fixed Wing_N550ND_before_0_189617,1205,VSpd,0.4667843633970271,HDG,0.1869158165117966,TRK,0.1793381482748319,E1_EGT2,0.08537506213646914,AltB,0.025258894123215758
open_2017_05_08_close_2017_05_08_flight_Fixed Wing_N550ND_before_0_189617,open_2017_05_08_close_2017_05_08_flight_Fixed Wing_N550ND_before_0_189617,1206,VSpd,0.5868666379529509,TRK,0.1466602516991227,VSpdG,0.08799615101947361,HDG,0.05866410067964927,E1_EGT2,0.056182157958587206
open_2017_05_08_close_2017_05_08_flight_Fixed Wing_N550ND_before_0_189617,open_2017_05_08_close_2017_05_08_flight_Fixed Wing_N550ND_before_0_189617,1207,VSpd,0.5782250600319015,E1_EGT2,0.19407036698183935,VSpdG,0.09715974726947073,E1_RPM,0.05729933813327648,TRK,0.01993020456809649
open_2017_05_08_close_2017_05_08_flight_Fixed Wing_N550ND_before_0_189617,open_2017_05_08_close_2017_05_08_flight_Fixed Wing_N550ND_before_0_189617,1208,VSpd,0.7780141024414833,VSpdG,0.07600839177158779,E1_RPM,0.06626372615984753,TRK,0.029233996835226074,AltB,0.01948933122348405
open_2017_05_08_close_2017_05_08_flight_Fixed Wing_N550ND_before_0_189617,open_2017_05_08_close_2017_05_08_flight_Fixed Wing_N550ND_before_0_189617,1209,E1_RPM,0.4847148785316248,VSpdG,0.17030522759219216,VSpd,0.1074232974043057,E1_EGT2,0.1026198166260655,HDG,0.039301206367428586
open_2017_05_08_close_2017_05_08_flight_Fixed Wing_N550ND_before_0_189617,open_2017_05_08_close_2017_05_08_flight_Fixed Wing_N550ND_before_0_189617,1210,VSpd,0.7462500152831736,E1_RPM,0.0840334528139571,VSpdG,0.06426087568126246,AltB,0.03295429522116024,E1_EGT2,0.02191460632207036
open_2017_05_08_close_2017_05_08_flight_Fixed Wing_N550ND_before_0_189617,open_2017_05_08_close_2017_05_08_flight_Fixed Wing_N550ND_before_0_189617,1211,VSpd,0.44683652144052416,E1_RPM,0.23474106503364986,E1_EGT2,0.2143047840777789,AltB,0.027616595886311747,E1_EGT4,0.024854936297683084
open_2017_05_08_close_2017_05_08_flight_Fixed Wing_N550ND_before_0_189617,open_2017_05_08_close_2017_05_08_flight_Fixed Wing_N550ND_before_0_189617,1212,VSpd,0.45098923372371225,VSpdG,0.29964374763174584,E1_RPM,0.09141673656561794,E1_EGT2,0.040629660695830516,AltB,0.025393537934893712
open_2017_05_08_close_2017_05_08_flight_Fixed Wing_N550ND_before_0_189617,open_2017_05_08_close_2017_05_08_flight_Fixed Wing_N550ND_before_0_189617,1213,VSpd,0.6164439612713832,E1_EGT2,0.18709295405408224,E1_RPM,0.0988808380258011,AltB,0.026021273164684812,HDG,0.01561276389881074
open_2017_05_08_close_2017_05_08_flight_Fixed Wing_N550ND_before_0_189617,open_2017_05_08_close_2017_05_08_flight_Fixed Wing_N550ND_before_0_189617,1214,VSpd,0.5496708793517806,E1_EGT2,0.2055216855991647,E1_RPM,0.13094179414905247,AltB,0.05693121484741383,HPLfd,0.014232803711853457
open_2017_05_08_close_2017_05_08_flight_Fixed Wing_N550ND_before_0_189617,open_2017_05_08_close_2017_05_08_flight_Fixed Wing_N550ND_before_0_189617,1215,VSpd,0.6105171823379532,E1_EGT2,0.1583916794448938,E1_RPM,0.07683178480535442,AltB,0.059101372927197776,E1_EGT4,0.04432602969539833
open_2017_05_08_close_2017_05_08_flight_Fixed Wing_N550ND_before_0_189617,open_2017_05_08_close_2017_05_08_flight_Fixed Wing_N550ND_before_0_189617,1216,VSpd,0.48294088843344013,E1_RPM,0.2505322489665773,E1_EGT2,0.1369931659242787,AltB,0.0533047338226755,HDG,0.021321893529070504
open_2017_05_08_close_2017_05_08_flight_Fixed Wing_N550ND_before_0_189617,open_2017_05_08_close_2017_05_08_flight_Fixed Wing_N550ND_before_0_189617,1217,VSpd,0.19216656390111853,E1_RPM,0.18214840180200811,HDG,0.16393356162180706,TRK,0.11839646117130502,AltB,0.09107420090100406
open_2017_05_08_close_2017_05_08_flight_Fixed Wing_N550ND_before_0_189617,open_2017_05_08_close_2017_05_08_flight_Fixed Wing_N550ND_before_0_189617,1218,VSpd,0.4862335084668597,E1_RPM,0.17402588176965422,TRK,0.0779220366132788,E1_EGT2,0.07324671441648338,HDG,0.05974022807018035
open_2017_05_08_close_2017_05_08_flight_Fixed Wing_N550ND_before_0_189617,open_2017_05_08_close_2017_05_08_flight_Fixed Wing_N550ND_before_0_189617,1219,VSpd,0.4394142444757428,E1_RPM,0.16749772498264082,E1_EGT2,0.09942950057480184,HDG,0.09622209733045423,TRK,0.092658315947845
open_2017_05_08_close_2017_05_08_flight_Fixed Wing_N550ND_before_0_189617,open_2017_05_08_close_2017_05_08_flight_Fixed Wing_N550ND_before_0_189617,1220,VSpd,0.5646443090018274,E1_EGT2,0.17306607762769619,VSpdG,0.07234273341350612,HDG,0.06863284964871126,TRK,0.06492296588391576
open_2017_05_08_close_2017_05_08_flight_Fixed Wing_N550ND_before_0_189617,open_2017_05_08_close_2017_05_08_flight_Fixed Wing_N550ND_before_0_189617,1221,HDG,0.18012175182500753,E1_EGT2,0.17722693795639122,VSpd,0.17240224817536454,TRK,0.14152423357679195,E1_RPM,0.12865839416071978
open_2017_05_08_close_2017_05_08_flight_Fixed Wing_N550ND_before_0_189617,open_2017_05_08_close_2017_05_08_flight_Fixed Wing_N550ND_before_0_189617,1222,E1_RPM,0.28958199974476223,VSpd,0.1887924206128179,E1_EGT2,0.16622758946387398,HDG,0.1391497920851453,TRK,0.12410657131918244
open_2017_05_08_close_2017_05_08_flight_Fixed Wing_N550ND_before_0_189617,open_2017_05_08_close_2017_05_08_flight_Fixed Wing_N550ND_before_0_189617,1223,VSpd,0.6101466523530603,E1_RPM,0.10496567905500467,HDG,0.08477997154442626,TRK,0.06863140553596392,VSpdG,0.05382855336154039
open_2017_05_08_close_2017_05_08_flight_Fixed Wing_N550ND_before_0_189617,open_2017_05_08_close_2017_05_08_flight_Fixed Wing_N550ND_before_0_189617,1224,VSpd,0.6505880518074385,E1_RPM,0.11642775361745734,TRK,0.055015312148908244,VSpdG,0.04989760869319588,HDG,0.04733875696533972
open_2017_05_08_close_2017_05_08_flight_Fixed Wing_N550ND_before_0_189617,open_2017_05_08_close_2017_05_08_flight_Fixed Wing_N550ND_before_0_189617,1225,VSpd,0.4819070583348298,HDG,0.139802388936725,E1_RPM,0.12335504906181648,TRK,0.11101954415563495,E1_EGT2,0.056743322568435395
open_2017_05_08_close_2017_05_08_flight_Fixed Wing_N550ND_before_0_189617,open_2017_05_08_close_2017_05_08_flight_Fixed Wing_N550ND_before_0_189617,1226,VSpd,0.48095471289719777,E1_RPM,0.17430573487549744,VSpdG,0.12588747518785715,E1_EGT2,0.11878613043366873,HPLfd,0.032278839791758246
open_2017_05_08_close_2017_05_08_flight_Fixed Wing_N550ND_before_0_189617,open_2017_05_08_close_2017_05_08_flight_Fixed Wing_N550ND_before_0_189617,1227,VSpd,0.5131781636286872,E1_EGT2,0.2224309964994357,VSpdG,0.10489490765995177,E1_RPM,0.0484130343045919,E1_EGT4,0.03335120140983106
open_2017_05_08_close_2017_05_08_flight_Fixed Wing_N550ND_before_0_189617,open_2017_05_08_close_2017_05_08_flight_Fixed Wing_N550ND_before_0_189617,1228,E1_RPM,0.39491036855993195,VSpd,0.2637153132329751,VSpdG,0.10336580116669375,E1_EGT2,0.10230563910344598,Pitch,0.04479184717223396
open_2017_05_08_close_2017_05_08_flight_Fixed Wing_N550ND_before_0_189617,open_2017_05_08_close_2017_05_08_flight_Fixed Wing_N550ND_before_0_189617,1229,VSpd,0.8008748656667898,E1_EGT2,0.07804518271980589,E1_RPM,0.042304865399520435,E1_EGT4,0.017067825006012952,TRK,0.01604667308257676
open_2017_05_08_close_2017_05_08_flight_Fixed Wing_N550ND_before_0_189617,open_2017_05_08_close_2017_05_08_flight_Fixed Wing_N550ND_before_0_189617,1230,VSpd,0.4513960512542748,VSpdG,0.1929254356045668,E1_RPM,0.16819140539885197,E1_EGT2,0.07098666669039841,AltB,0.04946806041142738
open_2017_05_08_close_2017_05_08_flight_Fixed Wing_N550ND_before_0_189617,open_2017_05_08_close_2017_05_08_flight_Fixed Wing_N550ND_before_0_189617,1231,E1_EGT2,0.35413195233174277,VSpd,0.13642788327534067,E1_RPM,0.11610883683007041,E1_EGT4,0.08272754624142063,HPLfd,0.07256802301879813
open_2017_05_08_close_2017_05_08_flight_Fixed Wing_N550ND_before_0_189617,open_2017_05_08_close_2017_05_08_flight_Fixed Wing_N550ND_before_0_189617,1232,VSpd,0.5819184435843754,E1_EGT2,0.1273989709185658,E1_RPM,0.10848383986515854,VSpdG,0.108483839865156,AltB,0.02781636919619385
open_2017_05_08_close_2017_05_08_flight_Fixed Wing_N550ND_before_0_189617,open_2017_05_08_close_2017_05_08_flight_Fixed Wing_N550ND_before_0_189617,1233,VSpd,0.6089751234478339,E1_RPM,0.19074301425358414,VSpdG,0.10939672876308393,E1_EGT2,0.04516121366886005,TRK,0.01122017730903401
open_2017_05_08_close_2017_05_08_flight_Fixed Wing_N550ND_before_0_189617,open_2017_05_08_close_2017_05_08_flight_Fixed Wing_N550ND_before_0_189617,1234,VSpd,0.46805417770006824,VSpdG,0.3945514463282561,E1_EGT2,0.07670721012371762,HPLfd,0.020027992199403863,TRK,0.018025192979463308
open_2017_05_08_close_2017_05_08_flight_Fixed Wing_N550ND_before_0_189617,open_2017_05_08_close_2017_05_08_flight_Fixed Wing_N550ND_before_0_189617,1235,VSpd,0.464284871154861,VSpdG,0.44360821697387526,E1_EGT2,0.034962342524212466,TRK,0.02255635001562083,E1_RPM,0.01879695834635065
open_2017_05_08_close_2017_05_08_flight_Fixed Wing_N550ND_before_0_189617,open_2017_05_08_close_2017_05_08_flight_Fixed Wing_N550ND_before_0_189617,1236,VSpd,0.38603576690165475,E1_EGT2,0.2346584000752558,E1_RPM,0.18628652174086305,VSpdG,0.12366920350864041,AltB,0.01565432955805575
open_2017_05_08_close_2017_05_08_flight_Fixed Wing_N550ND_before_0_189617,open_2017_05_08_close_2017_05_08_flight_Fixed Wing_N550ND_before_0_189617,1237,VSpd,0.39442355490737874,E1_RPM,0.29426888258796813,E1_EGT2,0.1775938519478219,E1_EGT4,0.026329321073659626,GndSpd,0.02219923149347815
open_2017_05_08_close_2017_05_08_flight_Fixed Wing_N550ND_before_0_189617,open_2017_05_08_close_2017_05_08_flight_Fixed Wing_N550ND_before_0_189617,1238,VSpd,0.42593598738693317,E1_RPM,0.2798617865843646,E1_EGT2,0.12491391937790142,AltB,0.06825897233764952,E1_EGT4,0.038225024509080004
open_2017_05_08_close_2017_05_08_flight_Fixed Wing_N550ND_before_0_189617,open_2017_05_08_close_2017_05_08_flight_Fixed Wing_N550ND_before_0_189617,1239,VSpd,0.8227230635205228,E1_RPM,0.05331625063317496,E1_EGT2,0.04179994049640873,VSpdG,0.041586675493876464,AltB,0.021326500253269983
open_2017_05_08_close_2017_05_08_flight_Fixed Wing_N550ND_before_0_189617,open_2017_05_08_close_2017_05_08_flight_Fixed Wing_N550ND_before_0_189617,1240,E1_EGT2,0.5136412169611986,VSpdG,0.16890394149651536,E1_RPM,0.16457307120173095,VSpd,0.054568965714258726,AltB,0.043308702947824455
open_2017_05_08_close_2017_05_08_flight_Fixed Wing_N550ND_before_0_189617,open_2017_05_08_close_2017_05_08_flight_Fixed Wing_N550ND_before_0_189617,1241,VSpd,0.2807228690359053,VSpdG,0.24641229615373914,E1_RPM,0.1590762924536804,E1_EGT2,0.1437924918061697,TRK,0.03742971587145413
open_2017_05_08_close_2017_05_08_flight_Fixed Wing_N550ND_before_0_189617,open_2017_05_08_close_2017_05_08_flight_Fixed Wing_N550ND_before_0_189617,1242,VSpd,0.6916148194401629,E1_EGT2,0.11403347967287901,VSpdG,0.06884374159817855,AltB,0.0353044828708608,GndSpd,0.03018533285458598
open_2017_05_08_close_2017_05_08_flight_Fixed Wing_N550ND_before_0_189617,open_2017_05_08_close_2017_05_08_flight_Fixed Wing_N550ND_before_0_189617,1243,E1_EGT2,0.42598913396507204,E1_RPM,0.3405133371009535,VSpd,0.07296714366449036,AltB,0.06949251777570511,HPLfd,0.03474625888785256
open_2017_05_08_close_2017_05_08_flight_Fixed Wing_N550ND_before_0_189617,open_2017_05_08_close_2017_05_08_flight_Fixed Wing_N550ND_before_0_189617,1244,VSpd,0.710315319091174,E1_EGT2,0.20220052654221782,E1_RPM,0.03301233086403722,AltB,0.027510275720029974,HPLfd,0.013755137860014987
open_2017_05_08_close_2017_05_08_flight_Fixed Wing_N550ND_before_0_189617,open_2017_05_08_close_2017_05_08_flight_Fixed Wing_N550ND_before_0_189617,1245,VSpd,0.7758529316948464,E1_RPM,0.13170719368601827,E1_EGT2,0.044146300105869785,AltB,0.024390221052965937,E1_OilP,0.0048780442105930836
open_2017_05_08_close_2017_05_08_flight_Fixed Wing_N550ND_before_0_189617,open_2017_05_08_close_2017_05_08_flight_Fixed Wing_N550ND_before_0_189617,1246,VSpd,0.40241587804231976,E1_EGT2,0.3934319977780969,E1_RPM,0.12081770010508373,AltB,0.06195779492568433,amp1,0.0030978897462842123
open_2017_05_08_close_2017_05_08_flight_Fixed Wing_N550ND_before_0_189617,open_2017_05_08_close_2017_05_08_flight_Fixed Wing_N550ND_before_0_189617,1247,VSpd,0.8711984248893101,E1_EGT2,0.043325096871180614,AltB,0.03522365599282925,E1_RPM,0.02465655919498074,E1_EGT4,0.01561582082348678
open_2017_05_08_close_2017_05_08_flight_Fixed Wing_N550ND_before_0_189617,open_2017_05_08_close_2017_05_08_flight_Fixed Wing_N550ND_before_0_189617,1248,VSpd,0.6870559427196987,E1_RPM,0.14196233395605956,E1_EGT2,0.1254696510405768,AltB,0.02087681381706772,HPLfd,0.01043840690853386
open_2017_05_08_close_2017_05_08_flight_Fixed Wing_N550ND_before_0_189617,open_2017_05_08_close_2017_05_08_flight_Fixed Wing_N550ND_before_0_189617,1249,VSpd,0.8776820803249785,E1_EGT2,0.03462802087090743,HPLfd,0.03291636964915161,AltB,0.02633309571932129,E1_RPM,0.021066476575457332
open_2017_05_08_close_2017_05_08_flight_Fixed Wing_N550ND_before_0_189617,open_2017_05_08_close_2017_05_08_flight_Fixed Wing_N550ND_before_0_189617,1250,VSpd,0.3402950288523036,E1_EGT2,0.2728115356783742,E1_RPM,0.2580524223157126,E1_EGT4,0.09366003385487601,AltB,0.018564922468756333
open_2017_05_08_close_2017_05_08_flight_Fixed Wing_N550ND_before_0_189617,open_2017_05_08_close_2017_05_08_flight_Fixed Wing_N550ND_before_0_189617,1251,VSpd,0.6427729279579294,E1_EGT2,0.18806190897066022,E1_EGT4,0.09083794217085792,AltB,0.02606540664874004,E1_RPM,0.023458865983865443
open_2017_05_08_close_2017_05_08_flight_Fixed Wing_N550ND_before_0_189617,open_2017_05_08_close_2017_05_08_flight_Fixed Wing_N550ND_before_0_189617,1252,VSpd,0.41136148371524445,E1_EGT2,0.31314122928406635,E1_EGT4,0.1437369577041635,E1_RPM,0.04106770220119069,AltB,0.03422308516765761
open_2017_05_08_close_2017_05_08_flight_Fixed Wing_N550ND_before_0_189617,open_2017_05_08_close_2017_05_08_flight_Fixed Wing_N550ND_before_0_189617,1253,VSpd,0.4737001344899546,E1_EGT2,0.22071586647896804,E1_RPM,0.13552728643445716,E1_EGT4,0.0732492714776695,HPLfd,0.032268401532013255
open_2017_05_08_close_2017_05_08_flight_Fixed Wing_N550ND_before_0_189617,open_2017_05_08_close_2017_05_08_flight_Fixed Wing_N550ND_before_0_189617,1254,VSpd,0.3128015152229059,HDG,0.2657001287607697,TRK,0.23671466016868567,E1_RPM,0.06521730433219003,E1_EGT2,0.05507239032496437
open_2017_05_08_close_2017_05_08_flight_Fixed Wing_N550ND_before_0_189617,open_2017_05_08_close_2017_05_08_flight_Fixed Wing_N550ND_before_0_189617,1255,VSpd,0.43780560637150645,E1_RPM,0.23506341281691767,TRK,0.14364986338811564,HDG,0.0620306228266864,E1_EGT2,0.053215744846048
open_2017_05_08_close_2017_05_08_flight_Fixed Wing_N550ND_before_0_189617,open_2017_05_08_close_2017_05_08_flight_Fixed Wing_N550ND_before_0_189617,1256,VSpd,0.4641817465806782,VSpdG,0.16149052735634656,E1_RPM,0.11180113432362643,E1_EGT4,0.0654243674930904,E1_EGT2,0.0492753147574516
open_2017_05_08_close_2017_05_08_flight_Fixed Wing_N550ND_before_0_189617,open_2017_05_08_close_2017_05_08_flight_Fixed Wing_N550ND_before_0_189617,1257,VSpd,0.5713806971653453,E1_RPM,0.1862132632271295,VSpdG,0.1274090748396139,E1_EGT4,0.022214915613062967,HPLfd,0.016334496774309475
open_2017_05_08_close_2017_05_08_flight_Fixed Wing_N550ND_before_0_189617,open_2017_05_08_close_2017_05_08_flight_Fixed Wing_N550ND_before_0_189617,1258,VSpd,0.5570789639314381,VSpdG,0.16135523937188645,E1_RPM,0.14118583445040064,TRK,0.02823716689008082,E1_EGT4,0.023396509708920602
open_2017_05_08_close_2017_05_08_flight_Fixed Wing_N550ND_before_0_189617,open_2017_05_08_close_2017_05_08_flight_Fixed Wing_N550ND_before_0_189617,1259,VSpd,0.3684509411840731,VSpdG,0.2245247922840446,E1_RPM,0.18422547059202612,E1_EGT2,0.12089796507601878,TRK,0.02878522978000572
open_2017_05_08_close_2017_05_08_flight_Fixed Wing_N550ND_before_0_189617,open_2017_05_08_close_2017_05_08_flight_Fixed Wing_N550ND_before_0_189617,1260,VSpd,0.3536097340453207,E1_RPM,0.21266039949578502,VSpdG,0.1928780367519931,AltB,0.049455906859485414,E1_EGT2,0.03659737107601966
open_2017_05_08_close_2017_05_08_flight_Fixed Wing_N550ND_before_0_189617,open_2017_05_08_close_2017_05_08_flight_Fixed Wing_N550ND_before_0_189617,1261,VSpd,0.584111783507522,E1_RPM,0.20093445352658545,E1_EGT2,0.06028033605797457,AltB,0.04672894268060176,HDG,0.03738315414448061
open_2017_05_08_close_2017_05_08_flight_Fixed Wing_N550ND_before_0_189617,open_2017_05_08_close_2017_05_08_flight_Fixed Wing_N550ND_before_0_189617,1262,VSpd,0.5089882490517794,E1_RPM,0.224718873753545,E1_EGT2,0.07415722833866627,E1_EGT4,0.04494377475070644,Pitch,0.03089884514111245
open_2017_05_08_close_2017_05_08_flight_Fixed Wing_N550ND_before_0_189617,open_2017_05_08_close_2017_05_08_flight_Fixed Wing_N550ND_before_0_189617,1263,VSpdG,0.5574664846209646,VSpd,0.33609866822338375,TRK,0.032375549016099466,E1_EGT2,0.021044106860463988,E1_RPM,0.019222982228310044
open_2017_05_08_close_2017_05_08_flight_Fixed Wing_N550ND_before_0_189617,open_2017_05_08_close_2017_05_08_flight_Fixed Wing_N550ND_before_0_189617,1264,VSpd,0.6542659417114538,E1_RPM,0.17505443256494407,E1_EGT2,0.06528071547733993,AltB,0.03646967345102864,HPLfd,0.01823483672551432
open_2017_05_08_close_2017_05_08_flight_Fixed Wing_N550ND_before_0_189617,open_2017_05_08_close_2017_05_08_flight_Fixed Wing_N550ND_before_0_189617,1265,VSpd,0.48758143222134087,E1_RPM,0.18261476862222512,VSpdG,0.1424395195253356,HDG,0.04382754446933361,AltB,0.03652295372444502
open_2017_05_08_close_2017_05_08_flight_Fixed Wing_N550ND_before_0_189617,open_2017_05_08_close_2017_05_08_flight_Fixed Wing_N550ND_before_0_189617,1266,E1_EGT4,0.267103214629362,VSpd,0.2147014940481272,E1_RPM,0.20014546055333887,VSpdG,0.14192132657418574,E1_EGT2,0.08296939092029222
open_2017_05_08_close_2017_05_08_flight_Fixed Wing_N550ND_before_0_189617,open_2017_05_08_close_2017_05_08_flight_Fixed Wing_N550ND_before_0_189617,1267,VSpd,0.5730711894100172,E1_RPM,0.13464227651337185,VSpdG,0.1093968496671105,E1_EGT4,0.07433375682509046,HDG,0.028050474273618075
open_2017_05_08_close_2017_05_08_flight_Fixed Wing_N550ND_before_0_189617,open_2017_05_08_close_2017_05_08_flight_Fixed Wing_N550ND_before_0_189617,1268,E1_RPM,0.539366318915197,VSpd,0.12659188021766374,HDG,0.10903111634600622,TRK,0.10034722212375762,E1_EGT2,0.06310296468167263
open_2017_05_08_close_2017_05_08_flight_Fixed Wing_N550ND_before_0_189617,open_2017_05_08_close_2017_05_08_flight_Fixed Wing_N550ND_before_0_189617,1269,VSpd,0.35880226706518564,E1_EGT2,0.1538265263236179,TRK,0.1490273407732909,HDG,0.14018673581216365,E1_EGT4,0.10040401348709055
open_2017_05_08_close_2017_05_08_flight_Fixed Wing_N550ND_before_0_189617,open_2017_05_08_close_2017_05_08_flight_Fixed Wing_N550ND_before_0_189617,1270,VSpd,0.6134201844477254,E1_EGT4,0.06924479032016395,E1_RPM,0.059614720143189255,VSpdG,0.05961472014318786,TRK,0.05655755500763959
open_2017_05_08_close_2017_05_08_flight_Fixed Wing_N550ND_before_0_189617,open_2017_05_08_close_2017_05_08_flight_Fixed Wing_N550ND_before_0_189617,1271,VSpd,0.4054578565776732,E1_EGT2,0.34889154097707836,E1_EGT4,0.11906616080963835,AltB,0.03955686405635837,FQtyL,0.020569569309306337
open_2017_05_08_close_2017_05_08_flight_Fixed Wing_N550ND_before_0_189617,open_2017_05_08_close_2017_05_08_flight_Fixed Wing_N550ND_before_0_189617,1272,E1_EGT2,0.2775196636765723,E1_RPM,0.2590183527648275,E1_EGT4,0.16928699484270882,VSpd,0.08973135792209501,HDG,0.05550393273531867
open_2017_05_08_close_2017_05_08_flight_Fixed Wing_N550ND_before_0_189617,open_2017_05_08_close_2017_05_08_flight_Fixed Wing_N550ND_before_0_189617,1273,E1_RPM,0.4339726108124651,VSpd,0.301300984078371,E1_EGT2,0.0833847373632546,E1_EGT4,0.049286889370842114,AltB,0.030998043629462044
open_2017_05_08_close_2017_05_08_flight_Fixed Wing_N550ND_before_0_189617,open_2017_05_08_close_2017_05_08_flight_Fixed Wing_N550ND_before_0_189617,1274,VSpd,0.7577553425958369,E1_EGT2,0.09573790618818569,VSpdG,0.0611093018222449,AltB,0.03133810349858713,E1_EGT4,0.015512361231800772
open_2017_05_08_close_2017_05_08_flight_Fixed Wing_N550ND_before_0_189617,open_2017_05_08_close_2017_05_08_flight_Fixed Wing_N550ND_before_0_189617,1275,E1_EGT2,0.6600976832514847,E1_EGT4,0.1263457961177718,E1_RPM,0.11820292776091051,VSpd,0.0370369173650853,AltB,0.026267317280202335
open_2017_05_08_close_2017_05_08_flight_Fixed Wing_N550ND_before_0_189617,open_2017_05_08_close_2017_05_08_flight_Fixed Wing_N550ND_before_0_189617,1276,VSpdG,0.289812125195506,VSpd,0.25328988288770504,TRK,0.1641282953913328,HDG,0.1522992290568222,E1_EGT4,0.049829941934125335
open_2017_05_08_close_2017_05_08_flight_Fixed Wing_N550ND_before_0_189617,open_2017_05_08_close_2017_05_08_flight_Fixed Wing_N550ND_before_0_189617,1277,VSpd,0.31955297890112994,E1_EGT2,0.20741245396333602,TRK,0.19482040349362537,HDG,0.1306722218554806,HPLfd,0.047517171583811135
open_2017_05_08_close_2017_05_08_flight_Fixed Wing_N550ND_before_0_189617,open_2017_05_08_close_2017_05_08_flight_Fixed Wing_N550ND_before_0_189617,1278,E1_EGT2,0.4100449677300276,VSpd,0.2526902113636295,HPLfd,0.15376686289876035,E1_RPM,0.07688343144938017,AltB,0.05125562096625345
open_2017_05_08_close_2017_05_08_flight_Fixed Wing_N550ND_before_0_189617,open_2017_05_08_close_2017_05_08_flight_Fixed Wing_N550ND_before_0_189617,1279,VSpd,0.7428288577849794,E1_EGT2,0.14002565670610653,E1_RPM,0.056396984864369365,AltB,0.032226848493925354,HPLfd,0.008056712123481339
open_2017_05_08_close_2017_05_08_flight_Fixed Wing_N550ND_before_0_189617,open_2017_05_08_close_2017_05_08_flight_Fixed Wing_N550ND_before_0_189617,1280,VSpd,0.5860658635338883,E1_RPM,0.18261717617328238,E1_EGT2,0.1535336999679072,AltB,0.03381799558764503,HPLfd,0.016908997793822517
open_2017_05_08_close_2017_05_08_flight_Fixed Wing_N550ND_before_0_189617,open_2017_05_08_close_2017_05_08_flight_Fixed Wing_N550ND_before_0_189617,1281,VSpd,0.5948541671621039,E1_RPM,0.2572342344484764,E1_EGT2,0.06591627257742176,AltB,0.04019284913257457,E1_EGT4,0.02290992400556495
