flight_id,subseq_id,window_idx,top1_feature,top1_contrib,top2_feature,top2_contrib,top3_feature,top3_contrib,top4_feature,top4_contrib,top5_feature,top5_contrib
open_2017_05_08_close_2017_05_08_flight_Fixed Wing_N550ND_after_0_189675,open_2017_05_08_close_2017_05_08_flight_Fixed Wing_N550ND_after_0_189675,0,VSpd,0.6659434797952521,E1_RPM,0.10845985012952143,HPLfd,0.10168110949642489,VSpdG,0.05287417693814094,AltB,0.013557481266189986
open_2017_05_08_close_2017_05_08_flight_Fixed Wing_N550ND_after_0_189675,open_2017_05_08_close_2017_05_08_flight_Fixed Wing_N550ND_after_0_189675,1,VSpd,0.8285517330186405,E1_RPM,0.10185024376381564,AltB,0.016975040627302606,E1_CHT4,0.015956538189664412,E1_CHT2,0.012731280470476955
open_2017_05_08_close_2017_05_08_flight_Fixed Wing_N550ND_after_0_189675,open_2017_05_08_close_2017_05_08_flight_Fixed Wing_N550ND_after_0_189675,2,VSpd,0.4917163709400229,E1_RPM,0.18825282195253554,AltB,0.07530112878101422,E1_CHT4,0.06852402719072268,E1_CHT2,0.0527107901467091
open_2017_05_08_close_2017_05_08_flight_Fixed Wing_N550ND_after_0_189675,open_2017_05_08_close_2017_05_08_flight_Fixed Wing_N550ND_after_0_189675,3,E1_EGT2,0.2848828509609452,E1_EGT4,0.17005762021648999,E1_CHT4,0.14680187728089322,AltB,0.1453483933474183,VSpd,0.12790658614572847
open_2017_05_08_close_2017_05_08_flight_Fixed Wing_N550ND_after_0_189675,open_2017_05_08_close_2017_05_08_flight_Fixed Wing_N550ND_after_0_189675,4,E1_RPM,0.7260722859198258,VSpd,0.09867982431364912,AltB,0.03300328572362845,E1_CHT4,0.03069305572297468,E1_EGT2,0.02574256286442929
open_2017_05_08_close_2017_05_08_flight_Fixed Wing_N550ND_after_0_189675,open_2017_05_08_close_2017_05_08_flight_Fixed Wing_N550ND_after_0_189675,5,VSpd,0.6654993556599406,VSpdG,0.10503632080428037,E1_RPM,0.07271745286450303,E1_EGT2,0.04497709121619381,AltB,0.02693238994981548
open_2017_05_08_close_2017_05_08_flight_Fixed Wing_N550ND_after_0_189675,open_2017_05_08_close_2017_05_08_flight_Fixed Wing_N550ND_after_0_189675,6,VSpd,0.6463900164078231,E1_EGT2,0.12620162029379792,E1_RPM,0.04544656686479938,COM2,0.044572594425093454,AltB,0.03495889758830844
open_2017_05_08_close_2017_05_08_flight_Fixed Wing_N550ND_after_0_189675,open_2017_05_08_close_2017_05_08_flight_Fixed Wing_N550ND_after_0_189675,7,VSpd,0.47716131922650395,E1_RPM,0.18464490968032604,AltB,0.09718153141069326,E1_CHT4,0.09232245484015887,E1_CHT2,0.06899888730159161
open_2017_05_08_close_2017_05_08_flight_Fixed Wing_N550ND_after_0_189675,open_2017_05_08_close_2017_05_08_flight_Fixed Wing_N550ND_after_0_189675,8,VSpd,0.48190280665026863,E1_RPM,0.1340480686092542,E1_EGT2,0.1193027810622344,AltB,0.0670240343046271,E1_EGT4,0.06434307293244444
open_2017_05_08_close_2017_05_08_flight_Fixed Wing_N550ND_after_0_189675,open_2017_05_08_close_2017_05_08_flight_Fixed Wing_N550ND_after_0_189675,9,VSpd,0.9359633822499678,AltB,0.030349007206548893,E1_CHT4,0.009509355591385297,E1_RPM,0.008093068588414878,E1_CHT2,0.006879108300151151
open_2017_05_08_close_2017_05_08_flight_Fixed Wing_N550ND_after_0_189675,open_2017_05_08_close_2017_05_08_flight_Fixed Wing_N550ND_after_0_189675,10,VSpd,0.8253827203073745,E1_RPM,0.10242901032061841,AltB,0.029265431520176372,E1_EGT2,0.02097355925612729,E1_CHT4,0.008877180894453744
open_2017_05_08_close_2017_05_08_flight_Fixed Wing_N550ND_after_0_189675,open_2017_05_08_close_2017_05_08_flight_Fixed Wing_N550ND_after_0_189675,11,VSpdG,0.297709446192714,VSpd,0.26946521668212314,E1_EGT2,0.2206103332043521,E1_EGT4,0.07938918565138763,E1_CHT4,0.04122130793437517
open_2017_05_08_close_2017_05_08_flight_Fixed Wing_N550ND_after_0_189675,open_2017_05_08_close_2017_05_08_flight_Fixed Wing_N550ND_after_0_189675,12,VSpd,0.4544534701526198,E1_RPM,0.20130829242640966,VSpdG,0.1962755851157494,E1_CHT4,0.03824857556101738,E1_EGT4,0.03724203409888625
open_2017_05_08_close_2017_05_08_flight_Fixed Wing_N550ND_after_0_189675,open_2017_05_08_close_2017_05_08_flight_Fixed Wing_N550ND_after_0_189675,13,VSpd,0.5943850885592438,E1_RPM,0.16140327080120825,E1_EGT2,0.11999982307394672,E1_CHT4,0.0617542949152458,E1_CHT2,0.04421046113250542
open_2017_05_08_close_2017_05_08_flight_Fixed Wing_N550ND_after_0_189675,open_2017_05_08_close_2017_05_08_flight_Fixed Wing_N550ND_after_0_189675,14,VSpd,0.738371448788033,E1_RPM,0.08305640593791147,E1_EGT2,0.05191025371119466,AltB,0.041528202968955735,E1_CHT4,0.039036510790819476
open_2017_05_08_close_2017_05_08_flight_Fixed Wing_N550ND_after_0_189675,open_2017_05_08_close_2017_05_08_flight_Fixed Wing_N550ND_after_0_189675,15,VSpd,0.7211321506372848,VSpdG,0.07886750946397675,E1_EGT2,0.05763394922367348,E1_RPM,0.04651160814542127,AltB,0.040444876648193205
open_2017_05_08_close_2017_05_08_flight_Fixed Wing_N550ND_after_0_189675,open_2017_05_08_close_2017_05_08_flight_Fixed Wing_N550ND_after_0_189675,16,VSpd,0.7861398842921135,E1_RPM,0.12543464188547318,AltB,0.03725781442142717,E1_EGT2,0.02185791779390383,E1_CHT4,0.010804766182213937
open_2017_05_08_close_2017_05_08_flight_Fixed Wing_N550ND_after_0_189675,open_2017_05_08_close_2017_05_08_flight_Fixed Wing_N550ND_after_0_189675,17,VSpd,0.8487898089552431,AltB,0.057603651778435225,E1_CHT4,0.025057588523619456,E1_CHT2,0.01785713205131505,E1_RPM,0.017281095533534498
open_2017_05_08_close_2017_05_08_flight_Fixed Wing_N550ND_after_0_189675,open_2017_05_08_close_2017_05_08_flight_Fixed Wing_N550ND_after_0_189675,18,VSpd,0.7004184598228249,AltB,0.20202009745153415,E1_CHT4,0.02365113336018,E1_EGT2,0.023404767387673452,E1_RPM,0.022172937525165207
open_2017_05_08_close_2017_05_08_flight_Fixed Wing_N550ND_after_0_189675,open_2017_05_08_close_2017_05_08_flight_Fixed Wing_N550ND_after_0_189675,19,VSpd,0.9147499442387499,AltB,0.02643403971214419,E1_RPM,0.019825529784108144,E1_CHT4,0.010573615884857827,E1_CHT2,0.007930211913643183
open_2017_05_08_close_2017_05_08_flight_Fixed Wing_N550ND_after_0_189675,open_2017_05_08_close_2017_05_08_flight_Fixed Wing_N550ND_after_0_189675,20,VSpd,0.916470296119778,E1_RPM,0.03107636639123742,AltB,0.028251242173852588,E1_CHT4,0.0078161770014324,E1_CHT2,0.005461906820278017
open_2017_05_08_close_2017_05_08_flight_Fixed Wing_N550ND_after_0_189675,open_2017_05_08_close_2017_05_08_flight_Fixed Wing_N550ND_after_0_189675,21,VSpd,0.9239955329044752,AltB,0.0319345936581349,E1_RPM,0.01788337244855525,E1_EGT2,0.013412529336417529,E1_CHT4,0.005301142547250291
open_2017_05_08_close_2017_05_08_flight_Fixed Wing_N550ND_after_0_189675,open_2017_05_08_close_2017_05_08_flight_Fixed Wing_N550ND_after_0_189675,22,VSpd,0.7852119965219772,E1_RPM,0.07704782888922887,AltB,0.054068651852090005,VSpdG,0.05271693555578775,E1_CHT4,0.010678558740787669
open_2017_05_08_close_2017_05_08_flight_Fixed Wing_N550ND_after_0_189675,open_2017_05_08_close_2017_05_08_flight_Fixed Wing_N550ND_after_0_189675,23,VSpd,0.7726323094473444,E1_RPM,0.11835539273985216,AltB,0.041528207978895164,E1_EGT4,0.013911949672926669,E1_CHT4,0.013496667593141047
open_2017_05_08_close_2017_05_08_flight_Fixed Wing_N550ND_after_0_189675,open_2017_05_08_close_2017_05_08_flight_Fixed Wing_N550ND_after_0_189675,24,VSpd,0.8458908553340923,E1_RPM,0.1077623772201895,AltB,0.026283506639070708,E1_CHT4,0.005169089639017269,E1_EGT2,0.004380584439845118
open_2017_05_08_close_2017_05_08_flight_Fixed Wing_N550ND_after_0_189675,open_2017_05_08_close_2017_05_08_flight_Fixed Wing_N550ND_after_0_189675,25,VSpd,0.829590384586419,E1_RPM,0.06044898707950746,AltB,0.028785231942623845,E1_CHT4,0.021588923956967883,HPLfd,0.014392615971311922
open_2017_05_08_close_2017_05_08_flight_Fixed Wing_N550ND_after_0_189675,open_2017_05_08_close_2017_05_08_flight_Fixed Wing_N550ND_after_0_189675,26,VSpd,0.9280762109865098,AltB,0.029408055212102525,E1_RPM,0.029408055212102525,E1_EGT2,0.005671553505190819,E1_CHT4,0.002772759491426795
open_2017_05_08_close_2017_05_08_flight_Fixed Wing_N550ND_after_0_189675,open_2017_05_08_close_2017_05_08_flight_Fixed Wing_N550ND_after_0_189675,27,VSpd,0.8308683643287113,E1_RPM,0.08449956351031031,AltB,0.03960917039545739,E1_EGT4,0.016635851566091986,E1_CHT4,0.009638231462894498
open_2017_05_08_close_2017_05_08_flight_Fixed Wing_N550ND_after_0_189675,open_2017_05_08_close_2017_05_08_flight_Fixed Wing_N550ND_after_0_189675,28,VSpd,0.7358486146318055,VSpdG,0.11149221433815236,AltB,0.05717549453238582,E1_RPM,0.02858774726619291,E1_EGT2,0.021726687922312853
open_2017_05_08_close_2017_05_08_flight_Fixed Wing_N550ND_after_0_189675,open_2017_05_08_close_2017_05_08_flight_Fixed Wing_N550ND_after_0_189675,29,VSpd,0.6812513344477876,VSpdG,0.1080032603392834,E1_RPM,0.09692600286858767,AltB,0.027693143676739335,E1_EGT2,0.018554406263411073
open_2017_05_08_close_2017_05_08_flight_Fixed Wing_N550ND_after_0_189675,open_2017_05_08_close_2017_05_08_flight_Fixed Wing_N550ND_after_0_189675,30,VSpd,0.835877995181371,VSpdG,0.06544718291924004,AltB,0.03356265790730259,E1_RPM,0.023493860535113337,E1_EGT4,0.011243490398943772
open_2017_05_08_close_2017_05_08_flight_Fixed Wing_N550ND_after_0_189675,open_2017_05_08_close_2017_05_08_flight_Fixed Wing_N550ND_after_0_189675,31,E1_RPM,0.4315724550063948,VSpd,0.19875047270031576,E1_EGT2,0.19477546324631306,AltB,0.056785849342947364,E1_CHT4,0.03520722659262762
open_2017_05_08_close_2017_05_08_flight_Fixed Wing_N550ND_after_0_189675,open_2017_05_08_close_2017_05_08_flight_Fixed Wing_N550ND_after_0_189675,32,VSpd,0.8690814307378074,VSpdG,0.048719528243171606,E1_RPM,0.0324796854954466,AltB,0.02498437345803672,E1_CHT4,0.00699562456825031
open_2017_05_08_close_2017_05_08_flight_Fixed Wing_N550ND_after_0_189675,open_2017_05_08_close_2017_05_08_flight_Fixed Wing_N550ND_after_0_189675,33,VSpd,0.7761981135166831,E1_RPM,0.09154415988092367,E1_EGT2,0.05059019361840908,AltB,0.024090568389717043,E1_EGT4,0.016622492188906074
open_2017_05_08_close_2017_05_08_flight_Fixed Wing_N550ND_after_0_189675,open_2017_05_08_close_2017_05_08_flight_Fixed Wing_N550ND_after_0_189675,34,VSpd,0.8554210498796574,E1_RPM,0.042523001651012145,AltB,0.035435834709182164,E1_CHT4,0.023742009255151603,E1_CHT2,0.013819975536581566
open_2017_05_08_close_2017_05_08_flight_Fixed Wing_N550ND_after_0_189675,open_2017_05_08_close_2017_05_08_flight_Fixed Wing_N550ND_after_0_189675,35,VSpd,0.5620585174992462,E1_RPM,0.11382091482627713,AltB,0.10840087126311403,E1_EGT4,0.05907847483839271,E1_EGT2,0.05907847483839271
open_2017_05_08_close_2017_05_08_flight_Fixed Wing_N550ND_after_0_189675,open_2017_05_08_close_2017_05_08_flight_Fixed Wing_N550ND_after_0_189675,36,VSpd,0.7052331393286295,E1_RPM,0.1033056356438422,AltB,0.06887042376256146,E1_CHT4,0.03443521188128073,E1_EGT4,0.03236909916840577
open_2017_05_08_close_2017_05_08_flight_Fixed Wing_N550ND_after_0_189675,open_2017_05_08_close_2017_05_08_flight_Fixed Wing_N550ND_after_0_189675,37,VSpd,0.712741427096647,E1_RPM,0.11706428998428411,VSpdG,0.08779821748821616,AltB,0.04502472691703393,E1_CHT4,0.009230069017991878
open_2017_05_08_close_2017_05_08_flight_Fixed Wing_N550ND_after_0_189675,open_2017_05_08_close_2017_05_08_flight_Fixed Wing_N550ND_after_0_189675,38,VSpd,0.8690415943096765,E1_RPM,0.07703415794434731,E1_EGT2,0.018135124682733688,AltB,0.01604878290507251,E1_CHT4,0.005938049674876902
open_2017_05_08_close_2017_05_08_flight_Fixed Wing_N550ND_after_0_189675,open_2017_05_08_close_2017_05_08_flight_Fixed Wing_N550ND_after_0_189675,39,E1_RPM,0.34621111207705263,VSpd,0.28298995248036973,E1_EGT2,0.18314066073640262,E1_EGT4,0.07626679570393992,AltB,0.050175523489427255
open_2017_05_08_close_2017_05_08_flight_Fixed Wing_N550ND_after_0_189675,open_2017_05_08_close_2017_05_08_flight_Fixed Wing_N550ND_after_0_189675,40,E1_RPM,0.327532560751354,E1_EGT2,0.22620217476892046,VSpd,0.15250734859985773,AltB,0.10235392523480395,E1_EGT4,0.06653005140263188
open_2017_05_08_close_2017_05_08_flight_Fixed Wing_N550ND_after_0_189675,open_2017_05_08_close_2017_05_08_flight_Fixed Wing_N550ND_after_0_189675,41,VSpd,0.8504328805059564,AltB,0.03612714020840937,E1_RPM,0.03612714020840937,E1_EGT4,0.020953741320883016,E1_CHT4,0.01697975589795236
open_2017_05_08_close_2017_05_08_flight_Fixed Wing_N550ND_after_0_189675,open_2017_05_08_close_2017_05_08_flight_Fixed Wing_N550ND_after_0_189675,42,VSpd,0.8600749735607481,E1_RPM,0.04329002140020192,AltB,0.04189356909696776,E1_EGT4,0.01773494425104943,E1_EGT2,0.014523103953614981
open_2017_05_08_close_2017_05_08_flight_Fixed Wing_N550ND_after_0_189675,open_2017_05_08_close_2017_05_08_flight_Fixed Wing_N550ND_after_0_189675,43,VSpd,0.733072630173812,E1_RPM,0.1897320687077624,AltB,0.03720236641328658,E1_EGT4,0.011160709923984283,E1_CHT4,0.007626485114723686
open_2017_05_08_close_2017_05_08_flight_Fixed Wing_N550ND_after_0_189675,open_2017_05_08_close_2017_05_08_flight_Fixed Wing_N550ND_after_0_189675,44,VSpd,0.8026695999907377,E1_RPM,0.11542199722666469,AltB,0.041718794178312764,E1_EGT2,0.016270329729539828,E1_EGT4,0.00653594442126938
open_2017_05_08_close_2017_05_08_flight_Fixed Wing_N550ND_after_0_189675,open_2017_05_08_close_2017_05_08_flight_Fixed Wing_N550ND_after_0_189675,45,VSpd,0.4308458464315725,E1_RPM,0.17602651313353324,E1_EGT2,0.10393946489788983,AltB,0.08382214911120087,E1_EGT4,0.05364617543117694
open_2017_05_08_close_2017_05_08_flight_Fixed Wing_N550ND_after_0_189675,open_2017_05_08_close_2017_05_08_flight_Fixed Wing_N550ND_after_0_189675,46,VSpd,0.8420326970221802,E1_RPM,0.07326004976810634,AltB,0.03052502073671126,E1_EGT2,0.028388269285139947,E1_EGT4,0.006562879458390423
open_2017_05_08_close_2017_05_08_flight_Fixed Wing_N550ND_after_0_189675,open_2017_05_08_close_2017_05_08_flight_Fixed Wing_N550ND_after_0_189675,47,VSpd,0.6425549427318045,E1_RPM,0.1265821181741774,AltB,0.06027719913056327,E1_EGT2,0.05786611116534294,HPLfd,0.030138599565281636
open_2017_05_08_close_2017_05_08_flight_Fixed Wing_N550ND_after_0_189675,open_2017_05_08_close_2017_05_08_flight_Fixed Wing_N550ND_after_0_189675,48,VSpd,0.9386739858478846,AltB,0.03006161684060479,E1_RPM,0.010521565894208941,E1_CHT4,0.004058318273481373,E1_EGT4,0.004058318273481373
open_2017_05_08_close_2017_05_08_flight_Fixed Wing_N550ND_after_0_189675,open_2017_05_08_close_2017_05_08_flight_Fixed Wing_N550ND_after_0_189675,49,VSpd,0.7770798064922012,E1_RPM,0.12558865559469917,E1_EGT2,0.03547879520550237,E1_EGT4,0.01899528415869882,AltB,0.015698581949337397
open_2017_05_08_close_2017_05_08_flight_Fixed Wing_N550ND_after_0_189675,open_2017_05_08_close_2017_05_08_flight_Fixed Wing_N550ND_after_0_189675,50,E1_RPM,0.5581384440475737,E1_EGT2,0.21116237799799706,VSpd,0.09488353548808783,E1_EGT4,0.04186038330355111,E1_CHT4,0.030697614422615076
open_2017_05_08_close_2017_05_08_flight_Fixed Wing_N550ND_after_0_189675,open_2017_05_08_close_2017_05_08_flight_Fixed Wing_N550ND_after_0_189675,51,VSpd,0.5115038784201936,E1_RPM,0.38348041634731944,AltB,0.029498493565178415,E1_EGT2,0.01533921665389224,E1_CHT4,0.015044231718240724
open_2017_05_08_close_2017_05_08_flight_Fixed Wing_N550ND_after_0_189675,open_2017_05_08_close_2017_05_08_flight_Fixed Wing_N550ND_after_0_189675,52,VSpd,0.8255498775308117,VSpdG,0.06977989862093986,E1_EGT2,0.040973325087679424,AltB,0.035784563395353776,E1_CHT4,0.006083375777210712
open_2017_05_08_close_2017_05_08_flight_Fixed Wing_N550ND_after_0_189675,open_2017_05_08_close_2017_05_08_flight_Fixed Wing_N550ND_after_0_189675,53,VSpd,0.5540654931272135,E1_RPM,0.27692285654117277,VSpdG,0.08571421750083827,AltB,0.02197800448739443,E1_EGT2,0.01802196367966703
open_2017_05_08_close_2017_05_08_flight_Fixed Wing_N550ND_after_0_189675,open_2017_05_08_close_2017_05_08_flight_Fixed Wing_N550ND_after_0_189675,54,E1_RPM,0.4761894174878708,E1_EGT2,0.21904713204441384,E1_EGT4,0.11216906278602601,VSpd,0.08359769773676021,E1_CHT4,0.03280415987138689
open_2017_05_08_close_2017_05_08_flight_Fixed Wing_N550ND_after_0_189675,open_2017_05_08_close_2017_05_08_flight_Fixed Wing_N550ND_after_0_189675,55,VSpd,0.7033601567555466,VSpdG,0.17091535934339888,E1_RPM,0.037659316465496646,AltB,0.028968704973457438,E1_EGT4,0.019553875857085744
open_2017_05_08_close_2017_05_08_flight_Fixed Wing_N550ND_after_0_189675,open_2017_05_08_close_2017_05_08_flight_Fixed Wing_N550ND_after_0_189675,56,VSpd,0.7371400570527183,E1_RPM,0.153640428746833,AltB,0.033400093205832274,E1_EGT2,0.03306609227377426,E1_EGT4,0.013694038214393967
open_2017_05_08_close_2017_05_08_flight_Fixed Wing_N550ND_after_0_189675,open_2017_05_08_close_2017_05_08_flight_Fixed Wing_N550ND_after_0_189675,57,VSpd,0.6274575158213149,E1_RPM,0.22388902484477327,VSpdG,0.04432320796419359,E1_EGT2,0.04341401395467353,AltB,0.03409477535707199
open_2017_05_08_close_2017_05_08_flight_Fixed Wing_N550ND_after_0_189675,open_2017_05_08_close_2017_05_08_flight_Fixed Wing_N550ND_after_0_189675,58,VSpd,0.8708561630749483,E1_RPM,0.06822600046474578,E1_EGT4,0.015107185817201147,E1_CHT4,0.012183214368703812,E1_CHT2,0.012183214368703812
open_2017_05_08_close_2017_05_08_flight_Fixed Wing_N550ND_after_0_189675,open_2017_05_08_close_2017_05_08_flight_Fixed Wing_N550ND_after_0_189675,59,VSpd,0.7281085399969313,E1_RPM,0.1877753603149972,AltB,0.03832150210510164,E1_EGT2,0.01839432101044513,E1_EGT4,0.007855907931543048
open_2017_05_08_close_2017_05_08_flight_Fixed Wing_N550ND_after_0_189675,open_2017_05_08_close_2017_05_08_flight_Fixed Wing_N550ND_after_0_189675,60,VSpd,0.5265764453736578,E1_RPM,0.326009643165386,AltB,0.07087166155769284,E1_EGT2,0.030711053341665823,E1_EGT4,0.022442692826603806
open_2017_05_08_close_2017_05_08_flight_Fixed Wing_N550ND_after_0_189675,open_2017_05_08_close_2017_05_08_flight_Fixed Wing_N550ND_after_0_189675,61,VSpd,0.8326535382655244,E1_RPM,0.07505557155520444,VSpdG,0.036137867785839585,AltB,0.027798359835261216,E1_EGT2,0.018532239890174145
open_2017_05_08_close_2017_05_08_flight_Fixed Wing_N550ND_after_0_189675,open_2017_05_08_close_2017_05_08_flight_Fixed Wing_N550ND_after_0_189675,62,VSpd,0.6983058420084438,VSpdG,0.15360365391048678,E1_EGT2,0.05671519529001908,AltB,0.0393855522847402,E1_RPM,0.0196927761423701
open_2017_05_08_close_2017_05_08_flight_Fixed Wing_N550ND_after_0_189675,open_2017_05_08_close_2017_05_08_flight_Fixed Wing_N550ND_after_0_189675,63,VSpd,0.927310441543712,AltB,0.03835823956747516,E1_RPM,0.017261207805361205,E1_CHT4,0.004602988748096104,E1_CHT2,0.003835823956747298
open_2017_05_08_close_2017_05_08_flight_Fixed Wing_N550ND_after_0_189675,open_2017_05_08_close_2017_05_08_flight_Fixed Wing_N550ND_after_0_189675,64,VSpd,0.630416661738049,E1_RPM,0.1880620391695829,AltB,0.08176610398677679,E1_EGT2,0.06459522214955069,E1_CHT4,0.01062959351828061
open_2017_05_08_close_2017_05_08_flight_Fixed Wing_N550ND_after_0_189675,open_2017_05_08_close_2017_05_08_flight_Fixed Wing_N550ND_after_0_189675,65,VSpd,0.5002527593022554,E1_RPM,0.3551490177602217,AltB,0.050735573965745955,E1_EGT2,0.027904565681169502,E1_EGT4,0.022831008284587985
open_2017_05_08_close_2017_05_08_flight_Fixed Wing_N550ND_after_0_189675,open_2017_05_08_close_2017_05_08_flight_Fixed Wing_N550ND_after_0_189675,66,VSpd,0.8933709424213726,AltB,0.04499098249562058,E1_RPM,0.04349128307910126,E1_CHT4,0.004199158366258364,E1_CHT2,0.0035992785996493567
open_2017_05_08_close_2017_05_08_flight_Fixed Wing_N550ND_after_0_189675,open_2017_05_08_close_2017_05_08_flight_Fixed Wing_N550ND_after_0_189675,67,VSpd,0.921628974436381,AltB,0.03879726265781439,HPLfd,0.009699315664453598,E1_RPM,0.0077594525315602325,E1_CHT4,0.004073712579070114
open_2017_05_08_close_2017_05_08_flight_Fixed Wing_N550ND_after_0_189675,open_2017_05_08_close_2017_05_08_flight_Fixed Wing_N550ND_after_0_189675,68,VSpd,0.6802137100694325,E1_RPM,0.2450682083729887,E1_EGT2,0.015540910774872255,E1_EGT4,0.014943183437377692,E1_CHT4,0.012552274087399435
open_2017_05_08_close_2017_05_08_flight_Fixed Wing_N550ND_after_0_189675,open_2017_05_08_close_2017_05_08_flight_Fixed Wing_N550ND_after_0_189675,69,VSpd,0.838766354657023,AltB,0.05873713968186436,E1_RPM,0.055800282697770466,E1_EGT4,0.01688692765853734,E1_EGT2,0.009397942349096427
open_2017_05_08_close_2017_05_08_flight_Fixed Wing_N550ND_after_0_189675,open_2017_05_08_close_2017_05_08_flight_Fixed Wing_N550ND_after_0_189675,70,VSpd,0.5874736467973938,E1_RPM,0.2117022150621252,VSpdG,0.11467203315865042,AltB,0.029403085425294982,E1_EGT2,0.024110530048740014
open_2017_05_08_close_2017_05_08_flight_Fixed Wing_N550ND_after_0_189675,open_2017_05_08_close_2017_05_08_flight_Fixed Wing_N550ND_after_0_189675,71,VSpd,0.7392930309505084,E1_RPM,0.17605187867593766,AltB,0.03745784652679488,E1_EGT2,0.02185041047396368,E1_EGT4,0.011736791911729745
open_2017_05_08_close_2017_05_08_flight_Fixed Wing_N550ND_after_0_189675,open_2017_05_08_close_2017_05_08_flight_Fixed Wing_N550ND_after_0_189675,72,VSpd,0.9209919990326548,E1_RPM,0.037076261822459426,AltB,0.026483044158899304,E1_EGT2,0.0053848856456419755,E1_EGT4,0.004237287065422042
open_2017_05_08_close_2017_05_08_flight_Fixed Wing_N550ND_after_0_189675,open_2017_05_08_close_2017_05_08_flight_Fixed Wing_N550ND_after_0_189675,73,VSpd,0.8090396895655828,E1_RPM,0.14452628433896908,HPLfd,0.015375136631805071,E1_CHT4,0.00676506011799507,E1_CHT2,0.005227546454813339
open_2017_05_08_close_2017_05_08_flight_Fixed Wing_N550ND_after_0_189675,open_2017_05_08_close_2017_05_08_flight_Fixed Wing_N550ND_after_0_189675,74,VSpd,0.8107637632733857,E1_RPM,0.1442410306407786,E1_EGT2,0.02884820612815376,E1_CHT4,0.0045209875275475445,E1_CHT2,0.003229276805390054
open_2017_05_08_close_2017_05_08_flight_Fixed Wing_N550ND_after_0_189675,open_2017_05_08_close_2017_05_08_flight_Fixed Wing_N550ND_after_0_189675,75,VSpd,0.8313834102325164,E1_RPM,0.10937256630137322,E1_EGT2,0.020963075207764727,AltB,0.015190634208523963,E1_EGT4,0.010785350288052565
open_2017_05_08_close_2017_05_08_flight_Fixed Wing_N550ND_after_0_189675,open_2017_05_08_close_2017_05_08_flight_Fixed Wing_N550ND_after_0_189675,76,VSpd,0.9011648774066099,AltB,0.05615609144144633,E1_RPM,0.03088585029279612,E1_EGT2,0.003369365486486907,E1_OilT,0.0016846827432434536
open_2017_05_08_close_2017_05_08_flight_Fixed Wing_N550ND_after_0_189675,open_2017_05_08_close_2017_05_08_flight_Fixed Wing_N550ND_after_0_189675,77,VSpd,0.9020132001690403,E1_RPM,0.03236244290022795,E1_EGT2,0.024811206223507555,AltB,0.01797913494456927,E1_EGT4,0.011866229063417189
open_2017_05_08_close_2017_05_08_flight_Fixed Wing_N550ND_after_0_189675,open_2017_05_08_close_2017_05_08_flight_Fixed Wing_N550ND_after_0_189675,78,VSpd,0.5706075702495446,E1_RPM,0.31146041195391,E1_EGT2,0.041729647426838025,AltB,0.030238874946981686,E1_EGT4,0.015724214972429925
open_2017_05_08_close_2017_05_08_flight_Fixed Wing_N550ND_after_0_189675,open_2017_05_08_close_2017_05_08_flight_Fixed Wing_N550ND_after_0_189675,79,E1_RPM,0.5681074077757927,VSpd,0.2349898823072549,AltB,0.06455765997452056,E1_EGT2,0.05487401097835129,E1_EGT4,0.031633253387515665
open_2017_05_08_close_2017_05_08_flight_Fixed Wing_N550ND_after_0_189675,open_2017_05_08_close_2017_05_08_flight_Fixed Wing_N550ND_after_0_189675,80,VSpd,0.8257628755753662,E1_RPM,0.11392975656393024,AltB,0.030381268417048062,E1_EGT4,0.011392975656393023,E1_EGT2,0.0050129092888118254
open_2017_05_08_close_2017_05_08_flight_Fixed Wing_N550ND_after_0_189675,open_2017_05_08_close_2017_05_08_flight_Fixed Wing_N550ND_after_0_189675,81,VSpd,0.570551560498741,E1_RPM,0.3604290771967888,E1_EGT4,0.013036796409251006,E1_CHT4,0.012269926032228548,E1_OilT,0.009202444524172501
open_2017_05_08_close_2017_05_08_flight_Fixed Wing_N550ND_after_0_189675,open_2017_05_08_close_2017_05_08_flight_Fixed Wing_N550ND_after_0_189675,82,VSpd,0.8589356955525812,E1_EGT4,0.0497583670651932,E1_RPM,0.048309094238052935,E1_EGT2,0.02173909240712602,E1_CHT4,0.0053140003661864815
open_2017_05_08_close_2017_05_08_flight_Fixed Wing_N550ND_after_0_189675,open_2017_05_08_close_2017_05_08_flight_Fixed Wing_N550ND_after_0_189675,83,VSpdG,0.340610954795382,VSpd,0.20174648860957245,E1_RPM,0.1572050560594031,E1_EGT2,0.12663740627008188,E1_EGT4,0.11353698493179003
open_2017_05_08_close_2017_05_08_flight_Fixed Wing_N550ND_after_0_189675,open_2017_05_08_close_2017_05_08_flight_Fixed Wing_N550ND_after_0_189675,84,VSpd,0.8083509604427991,E1_RPM,0.14380516573050264,E1_EGT4,0.019081839298850215,E1_EGT2,0.014103968177420595,E1_CHT2,0.0047013227258052934
open_2017_05_08_close_2017_05_08_flight_Fixed Wing_N550ND_after_0_189675,open_2017_05_08_close_2017_05_08_flight_Fixed Wing_N550ND_after_0_189675,85,VSpd,0.8408137803834704,E1_RPM,0.11448296555901936,AltB,0.018171899295082568,E1_EGT2,0.009267668640491946,OAT,0.003634379859016501
open_2017_05_08_close_2017_05_08_flight_Fixed Wing_N550ND_after_0_189675,open_2017_05_08_close_2017_05_08_flight_Fixed Wing_N550ND_after_0_189675,86,VSpd,0.7578344683031276,E1_RPM,0.1509970933085166,AltB,0.028490017605380735,E1_EGT4,0.028490017605380735,HPLfd,0.014245008802690367
open_2017_05_08_close_2017_05_08_flight_Fixed Wing_N550ND_after_0_189675,open_2017_05_08_close_2017_05_08_flight_Fixed Wing_N550ND_after_0_189675,87,VSpd,0.9017034460814529,E1_RPM,0.04868000331835342,AltB,0.01872307819936572,HPLfd,0.00936153909968286,E1_EGT4,0.006553077369780556
open_2017_05_08_close_2017_05_08_flight_Fixed Wing_N550ND_after_0_189675,open_2017_05_08_close_2017_05_08_flight_Fixed Wing_N550ND_after_0_189675,88,VSpd,0.8097953467741665,AltB,0.06009612963073593,E1_RPM,0.06009612963073593,E1_EGT2,0.03786056166736336,E1_EGT4,0.009314900092769262
open_2017_05_08_close_2017_05_08_flight_Fixed Wing_N550ND_after_0_189675,open_2017_05_08_close_2017_05_08_flight_Fixed Wing_N550ND_after_0_189675,89,VSpd,0.8369863338497604,E1_RPM,0.09581308196806042,AltB,0.02625015944330439,E1_EGT2,0.01863761320474707,E1_EGT4,0.0066937906580425
open_2017_05_08_close_2017_05_08_flight_Fixed Wing_N550ND_after_0_189675,open_2017_05_08_close_2017_05_08_flight_Fixed Wing_N550ND_after_0_189675,90,VSpd,0.8753561968474977,E1_RPM,0.05989729597197343,AltB,0.028522521891414063,E1_EGT2,0.015116936602448675,E1_EGT4,0.00570450437828411
open_2017_05_08_close_2017_05_08_flight_Fixed Wing_N550ND_after_0_189675,open_2017_05_08_close_2017_05_08_flight_Fixed Wing_N550ND_after_0_189675,91,VSpd,0.8263523924035685,AltB,0.06232858594083334,E1_EGT2,0.04313138147105713,E1_RPM,0.0398902950021339,E1_EGT4,0.014460231938274355
open_2017_05_08_close_2017_05_08_flight_Fixed Wing_N550ND_after_0_189675,open_2017_05_08_close_2017_05_08_flight_Fixed Wing_N550ND_after_0_189675,92,VSpd,0.9101466009829688,E1_EGT2,0.044039351660466526,AltB,0.016131630644859427,E1_RPM,0.014518467580371284,E1_EGT4,0.00580738703214778
open_2017_05_08_close_2017_05_08_flight_Fixed Wing_N550ND_after_0_189675,open_2017_05_08_close_2017_05_08_flight_Fixed Wing_N550ND_after_0_189675,93,VSpd,0.771364985825208,E1_RPM,0.109402228205423,E1_EGT2,0.049468833623320954,AltB,0.04756618617627181,E1_EGT4,0.011257330728381301
open_2017_05_08_close_2017_05_08_flight_Fixed Wing_N550ND_after_0_189675,open_2017_05_08_close_2017_05_08_flight_Fixed Wing_N550ND_after_0_189675,94,VSpd,0.8710843451685233,E1_RPM,0.057532478766023784,AltB,0.04261665093779468,E1_EGT2,0.017472826884499307,E1_CHT4,0.002770082310956557
open_2017_05_08_close_2017_05_08_flight_Fixed Wing_N550ND_after_0_189675,open_2017_05_08_close_2017_05_08_flight_Fixed Wing_N550ND_after_0_189675,95,VSpd,0.47368396649627686,E1_RPM,0.28812893339189594,VSpdG,0.14982704536378588,E1_EGT2,0.04072222258605253,E1_EGT4,0.033038784362266885
open_2017_05_08_close_2017_05_08_flight_Fixed Wing_N550ND_after_0_189675,open_2017_05_08_close_2017_05_08_flight_Fixed Wing_N550ND_after_0_189675,96,VSpd,0.5735790339147743,E1_RPM,0.3205437446094487,E1_EGT4,0.03254004680125403,HPLfd,0.024283617015866822,E1_EGT2,0.016512859570785462
open_2017_05_08_close_2017_05_08_flight_Fixed Wing_N550ND_after_0_189675,open_2017_05_08_close_2017_05_08_flight_Fixed Wing_N550ND_after_0_189675,97,VSpd,0.7383141701125491,E1_RPM,0.13495711535717272,AltB,0.0658327391986223,E1_EGT2,0.03982880721516769,E1_OilP,0.0042791280479103
open_2017_05_08_close_2017_05_08_flight_Fixed Wing_N550ND_after_0_189675,open_2017_05_08_close_2017_05_08_flight_Fixed Wing_N550ND_after_0_189675,98,VSpd,0.7526142360194383,E1_RPM,0.11263067134443576,E1_EGT2,0.04304100654947895,AltB,0.040225239765870564,E1_EGT4,0.032180191812694624
open_2017_05_08_close_2017_05_08_flight_Fixed Wing_N550ND_after_0_189675,open_2017_05_08_close_2017_05_08_flight_Fixed Wing_N550ND_after_0_189675,99,VSpd,0.7806186752119486,E1_RPM,0.1319322618889468,AltB,0.04670168562440614,E1_EGT2,0.02194979224347216,E1_EGT4,0.013076471974835099
open_2017_05_08_close_2017_05_08_flight_Fixed Wing_N550ND_after_0_189675,open_2017_05_08_close_2017_05_08_flight_Fixed Wing_N550ND_after_0_189675,100,VSpd,0.5988519933829266,E1_RPM,0.3213772077570039,AltB,0.02869439354973296,E1_EGT2,0.02525106632376161,E1_OilP,0.006886654451935968
open_2017_05_08_close_2017_05_08_flight_Fixed Wing_N550ND_after_0_189675,open_2017_05_08_close_2017_05_08_flight_Fixed Wing_N550ND_after_0_189675,101,VSpd,0.5428275493220336,E1_EGT2,0.23207122750831163,AltB,0.09960138519670338,E1_RPM,0.03984055407866777,E1_OilP,0.030876429410978276
open_2017_05_08_close_2017_05_08_flight_Fixed Wing_N550ND_after_0_189675,open_2017_05_08_close_2017_05_08_flight_Fixed Wing_N550ND_after_0_189675,102,VSpd,0.9295445684686211,AltB,0.041937494629759584,E1_EGT2,0.006709999140760198,E1_EGT4,0.0046131244092741264,OAT,0.004193749462975943
open_2017_05_08_close_2017_05_08_flight_Fixed Wing_N550ND_after_0_189675,open_2017_05_08_close_2017_05_08_flight_Fixed Wing_N550ND_after_0_189675,103,VSpd,0.8647877201531043,E1_RPM,0.08471123942349404,AltB,0.024435934449084606,E1_EGT2,0.01156634230590064,E1_EGT4,0.009692920664802153
open_2017_05_08_close_2017_05_08_flight_Fixed Wing_N550ND_after_0_189675,open_2017_05_08_close_2017_05_08_flight_Fixed Wing_N550ND_after_0_189675,104,VSpd,0.5600253696127075,E1_RPM,0.18023804999030105,VSpdG,0.12552292767181375,E1_EGT2,0.058577366246851684,AltB,0.03218536606969583
open_2017_05_08_close_2017_05_08_flight_Fixed Wing_N550ND_after_0_189675,open_2017_05_08_close_2017_05_08_flight_Fixed Wing_N550ND_after_0_189675,105,VSpd,0.5342934299575635,E1_RPM,0.3669409307153975,AltB,0.05144031739000933,E1_EGT4,0.014060353419934791,E1_EGT2,0.00977366030410458
open_2017_05_08_close_2017_05_08_flight_Fixed Wing_N550ND_after_0_189675,open_2017_05_08_close_2017_05_08_flight_Fixed Wing_N550ND_after_0_189675,106,VSpd,0.949289806834543,AltB,0.03336192714048499,E1_EGT2,0.007244304179076655,E1_EGT4,0.0032885328181337806,HPLfd,0.002382994795748928
open_2017_05_08_close_2017_05_08_flight_Fixed Wing_N550ND_after_0_189675,open_2017_05_08_close_2017_05_08_flight_Fixed Wing_N550ND_after_0_189675,107,VSpd,0.7738393705432924,E1_RPM,0.19127981532877245,E1_EGT2,0.017440218456443363,E1_CHT4,0.00421940769107511,E1_OilT,0.003094232306788867
open_2017_05_08_close_2017_05_08_flight_Fixed Wing_N550ND_after_0_189675,open_2017_05_08_close_2017_05_08_flight_Fixed Wing_N550ND_after_0_189675,108,VSpd,0.5604077532670522,E1_RPM,0.1830543291119629,VSpdG,0.1019874119338079,AltB,0.07845185533369839,E1_EGT2,0.06093094097583718
open_2017_05_08_close_2017_05_08_flight_Fixed Wing_N550ND_after_0_189675,open_2017_05_08_close_2017_05_08_flight_Fixed Wing_N550ND_after_0_189675,109,VSpd,0.8055028637136622,E1_RPM,0.13857041838638584,E1_EGT2,0.020037880644362047,AltB,0.009969094847941362,HDG,0.006978366393559123
open_2017_05_08_close_2017_05_08_flight_Fixed Wing_N550ND_after_0_189675,open_2017_05_08_close_2017_05_08_flight_Fixed Wing_N550ND_after_0_189675,110,VSpd,0.5629339833538171,E1_RPM,0.16342123049802135,HDG,0.13908189829618703,AltB,0.03477047457404676,E1_EGT4,0.027468674913495677
open_2017_05_08_close_2017_05_08_flight_Fixed Wing_N550ND_after_0_189675,open_2017_05_08_close_2017_05_08_flight_Fixed Wing_N550ND_after_0_189675,111,TRK,0.21133154069933013,HDG,0.2076878934458936,VSpd,0.2009471460270356,E1_RPM,0.1748950681649613,VSpdG,0.1421022428840324
open_2017_05_08_close_2017_05_08_flight_Fixed Wing_N550ND_after_0_189675,open_2017_05_08_close_2017_05_08_flight_Fixed Wing_N550ND_after_0_189675,112,E1_RPM,0.6874356084021526,VSpd,0.23309327961682214,E1_EGT4,0.014812635597891501,E1_OilP,0.01351946899807568,AltB,0.011756059998326674
open_2017_05_08_close_2017_05_08_flight_Fixed Wing_N550ND_after_0_189675,open_2017_05_08_close_2017_05_08_flight_Fixed Wing_N550ND_after_0_189675,113,E1_EGT4,0.21358061001784476,E1_EGT2,0.19860443975364725,HDG,0.16848191547224478,VSpd,0.1569094202680905,TRK,0.12763781475170052
open_2017_05_08_close_2017_05_08_flight_Fixed Wing_N550ND_after_0_189675,open_2017_05_08_close_2017_05_08_flight_Fixed Wing_N550ND_after_0_189675,114,VSpd,0.19475462387052608,HDG,0.17070126395026192,TRK,0.16759760460571185,E1_EGT4,0.1575107117359249,E1_RPM,0.1148353957483559
open_2017_05_08_close_2017_05_08_flight_Fixed Wing_N550ND_after_0_189675,open_2017_05_08_close_2017_05_08_flight_Fixed Wing_N550ND_after_0_189675,115,E1_EGT2,0.3334315174078314,VSpd,0.25377638584587214,E1_RPM,0.2004273430606186,E1_EGT4,0.11988797322045107,amp1,0.04200131821490914
open_2017_05_08_close_2017_05_08_flight_Fixed Wing_N550ND_after_0_189675,open_2017_05_08_close_2017_05_08_flight_Fixed Wing_N550ND_after_0_189675,116,E1_RPM,0.3893604327512387,E1_EGT2,0.26519520172562655,VSpd,0.18800223220924647,E1_EGT4,0.0896434484706349,amp1,0.02490095790850947
open_2017_05_08_close_2017_05_08_flight_Fixed Wing_N550ND_after_0_189675,open_2017_05_08_close_2017_05_08_flight_Fixed Wing_N550ND_after_0_189675,117,VSpd,0.47912672847740617,E1_EGT2,0.2464504136307931,E1_EGT4,0.09451150858068087,VSpdG,0.08264459270508112,E1_RPM,0.03390547393029017
open_2017_05_08_close_2017_05_08_flight_Fixed Wing_N550ND_after_0_189675,open_2017_05_08_close_2017_05_08_flight_Fixed Wing_N550ND_after_0_189675,118,VSpd,0.39804370190289556,VSpdG,0.24037439521259812,E1_EGT2,0.16805836953423173,E1_RPM,0.05703799208434439,E1_EGT4,0.05500092093847677
open_2017_05_08_close_2017_05_08_flight_Fixed Wing_N550ND_after_0_189675,open_2017_05_08_close_2017_05_08_flight_Fixed Wing_N550ND_after_0_189675,119,VSpd,0.5452721964235325,E1_RPM,0.12792309593513915,E1_EGT2,0.094343283252166,VSpdG,0.07795313658547569,E1_EGT4,0.041774886016319665
open_2017_05_08_close_2017_05_08_flight_Fixed Wing_N550ND_after_0_189675,open_2017_05_08_close_2017_05_08_flight_Fixed Wing_N550ND_after_0_189675,120,VSpd,0.7060248849683527,TAS,0.1647160217878033,VSpdG,0.03381013078802279,E1_RPM,0.024273940052940025,AltB,0.017338528609242454
open_2017_05_08_close_2017_05_08_flight_Fixed Wing_N550ND_after_0_189675,open_2017_05_08_close_2017_05_08_flight_Fixed Wing_N550ND_after_0_189675,121,VSpd,0.7994007316044768,VSpdG,0.09817785837773549,AltB,0.0332806299585544,E1_EGT2,0.019968377975132453,E1_RPM,0.01747233072824125
open_2017_05_08_close_2017_05_08_flight_Fixed Wing_N550ND_after_0_189675,open_2017_05_08_close_2017_05_08_flight_Fixed Wing_N550ND_after_0_189675,122,VSpd,0.8300413577912479,E1_RPM,0.08316006089329991,AltB,0.025987519029156164,E1_EGT2,0.01992376458901933,E1_EGT4,0.012300759007133562
open_2017_05_08_close_2017_05_08_flight_Fixed Wing_N550ND_after_0_189675,open_2017_05_08_close_2017_05_08_flight_Fixed Wing_N550ND_after_0_189675,123,VSpd,0.4625104431992094,E1_RPM,0.26375472941302774,E1_EGT2,0.1508651130401791,E1_EGT4,0.048149819153287136,VSpdG,0.02527379471033931
open_2017_05_08_close_2017_05_08_flight_Fixed Wing_N550ND_after_0_189675,open_2017_05_08_close_2017_05_08_flight_Fixed Wing_N550ND_after_0_189675,124,E1_EGT2,0.5118998127910802,VSpdG,0.1473364774823034,E1_RPM,0.1378918314898472,E1_EGT4,0.10748007139414073,VSpd,0.053834482156995475
open_2017_05_08_close_2017_05_08_flight_Fixed Wing_N550ND_after_0_189675,open_2017_05_08_close_2017_05_08_flight_Fixed Wing_N550ND_after_0_189675,125,VSpd,0.5039881829604451,E1_RPM,0.2005515106750882,E1_EGT2,0.18974111325951704,VSpdG,0.029076241324641067,HDG,0.018638616233744274
open_2017_05_08_close_2017_05_08_flight_Fixed Wing_N550ND_after_0_189675,open_2017_05_08_close_2017_05_08_flight_Fixed Wing_N550ND_after_0_189675,126,E1_RPM,0.5173850371297136,VSpd,0.22220583916916897,TRK,0.06669608061577355,E1_EGT2,0.06561717342934185,HDG,0.06277278175602212
open_2017_05_08_close_2017_05_08_flight_Fixed Wing_N550ND_after_0_189675,open_2017_05_08_close_2017_05_08_flight_Fixed Wing_N550ND_after_0_189675,127,VSpd,0.44938673679523317,E1_EGT2,0.21026079832016337,E1_EGT4,0.17205402890279525,E1_RPM,0.13098051611387682,AltB,0.019770643941717254
open_2017_05_08_close_2017_05_08_flight_Fixed Wing_N550ND_after_0_189675,open_2017_05_08_close_2017_05_08_flight_Fixed Wing_N550ND_after_0_189675,128,E1_RPM,0.8756382515666546,E1_EGT2,0.054936921298154,E1_EGT4,0.0221902856823635,E1_OilP,0.01464718497379043,VSpd,0.01207295219229321
open_2017_05_08_close_2017_05_08_flight_Fixed Wing_N550ND_after_0_189675,open_2017_05_08_close_2017_05_08_flight_Fixed Wing_N550ND_after_0_189675,129,E1_EGT2,0.5058888041422773,E1_EGT4,0.23980121255175735,VSpd,0.12324839983270165,VSpdG,0.04959694158257612,E1_RPM,0.026038394330852744
open_2017_05_08_close_2017_05_08_flight_Fixed Wing_N550ND_after_0_189675,open_2017_05_08_close_2017_05_08_flight_Fixed Wing_N550ND_after_0_189675,130,E1_EGT2,0.4705315742680456,E1_EGT4,0.28770397978454265,VSpdG,0.07531517795406889,E1_RPM,0.05836926291440382,VSpd,0.055921519630896165
open_2017_05_08_close_2017_05_08_flight_Fixed Wing_N550ND_after_0_189675,open_2017_05_08_close_2017_05_08_flight_Fixed Wing_N550ND_after_0_189675,131,VSpd,0.4841037054857144,E1_EGT2,0.16369512369372724,E1_EGT4,0.12766474231711872,HDG,0.06981665595467434,VSpdG,0.04862231396843385
open_2017_05_08_close_2017_05_08_flight_Fixed Wing_N550ND_after_0_189675,open_2017_05_08_close_2017_05_08_flight_Fixed Wing_N550ND_after_0_189675,132,E1_EGT2,0.30493361601584706,VSpd,0.2148774754745432,E1_RPM,0.1971615134008446,E1_EGT4,0.1046289480535399,TRK,0.0709590954027193
open_2017_05_08_close_2017_05_08_flight_Fixed Wing_N550ND_after_0_189675,open_2017_05_08_close_2017_05_08_flight_Fixed Wing_N550ND_after_0_189675,133,VSpd,0.49711904284229413,E1_EGT2,0.2626335870380396,E1_EGT4,0.12526741443807407,E1_RPM,0.0740740295625935,AltB,0.01646089545835411
open_2017_05_08_close_2017_05_08_flight_Fixed Wing_N550ND_after_0_189675,open_2017_05_08_close_2017_05_08_flight_Fixed Wing_N550ND_after_0_189675,134,VSpd,0.6762749125700732,E1_EGT2,0.09894753034051283,E1_RPM,0.07206583134626914,VSpdG,0.0446121813095955,E1_EGT4,0.041066084846526754
open_2017_05_08_close_2017_05_08_flight_Fixed Wing_N550ND_after_0_189675,open_2017_05_08_close_2017_05_08_flight_Fixed Wing_N550ND_after_0_189675,135,VSpd,0.244088335676432,E1_EGT2,0.21879990450274858,E1_EGT4,0.14788234751567914,E1_RPM,0.14293461098168941,HDG,0.07696479052860498
open_2017_05_08_close_2017_05_08_flight_Fixed Wing_N550ND_after_0_189675,open_2017_05_08_close_2017_05_08_flight_Fixed Wing_N550ND_after_0_189675,136,E1_EGT2,0.5409647591097221,E1_EGT4,0.151925910281564,E1_RPM,0.12343980210377305,VSpd,0.08749304654608067,VSpdG,0.052902772330188315
open_2017_05_08_close_2017_05_08_flight_Fixed Wing_N550ND_after_0_189675,open_2017_05_08_close_2017_05_08_flight_Fixed Wing_N550ND_after_0_189675,137,VSpd,0.6608163044913631,E1_EGT2,0.1711959338060526,AltB,0.05349872931439144,E1_EGT4,0.05328473439713407,E1_RPM,0.044938932624089295
open_2017_05_08_close_2017_05_08_flight_Fixed Wing_N550ND_after_0_189675,open_2017_05_08_close_2017_05_08_flight_Fixed Wing_N550ND_after_0_189675,138,E1_EGT2,0.43816699218956645,VSpd,0.29465585189054416,E1_EGT4,0.12175546211539102,E1_RPM,0.04580142775500427,amp1,0.022900713877503434
open_2017_05_08_close_2017_05_08_flight_Fixed Wing_N550ND_after_0_189675,open_2017_05_08_close_2017_05_08_flight_Fixed Wing_N550ND_after_0_189675,139,VSpd,0.8426084197637895,VSpdG,0.05446544853035186,E1_RPM,0.020948249434750713,AltB,0.020948249434750713,E1_EGT2,0.02031980195170797
open_2017_05_08_close_2017_05_08_flight_Fixed Wing_N550ND_after_0_189675,open_2017_05_08_close_2017_05_08_flight_Fixed Wing_N550ND_after_0_189675,140,VSpd,0.8790767023971491,E1_EGT2,0.04006208930195322,AltB,0.024527809776706166,E1_RPM,0.021257435139812198,E1_EGT4,0.014389648402334209
open_2017_05_08_close_2017_05_08_flight_Fixed Wing_N550ND_after_0_189675,open_2017_05_08_close_2017_05_08_flight_Fixed Wing_N550ND_after_0_189675,141,VSpd,0.8827723293539883,AltB,0.04465776296213423,E1_RPM,0.029027545925387505,amp1,0.011164440740533556,E1_EGT4,0.008261686147994935
open_2017_05_08_close_2017_05_08_flight_Fixed Wing_N550ND_after_0_189675,open_2017_05_08_close_2017_05_08_flight_Fixed Wing_N550ND_after_0_189675,142,VSpd,0.8278818444290665,E1_RPM,0.05163504227208267,E1_EGT2,0.04905329015847963,AltB,0.03227190142005197,HDG,0.010757300473350658
open_2017_05_08_close_2017_05_08_flight_Fixed Wing_N550ND_after_0_189675,open_2017_05_08_close_2017_05_08_flight_Fixed Wing_N550ND_after_0_189675,143,VSpd,0.665666001692328,E1_RPM,0.15689874563285272,AltB,0.06922003483802372,E1_EGT4,0.03045681532872897,amp1,0.027688013935209487
open_2017_05_08_close_2017_05_08_flight_Fixed Wing_N550ND_after_0_189675,open_2017_05_08_close_2017_05_08_flight_Fixed Wing_N550ND_after_0_189675,144,E1_RPM,0.4870173605624966,VSpd,0.2705235107592913,amp1,0.07804284360323523,VSpdG,0.02926606635121321,E1_EGT2,0.027239954065359957
open_2017_05_08_close_2017_05_08_flight_Fixed Wing_N550ND_after_0_189675,open_2017_05_08_close_2017_05_08_flight_Fixed Wing_N550ND_after_0_189675,145,E1_EGT2,0.35040743809587843,E1_EGT4,0.1899362439355403,VSpd,0.1597912314732171,E1_RPM,0.13825907971441537,VSpdG,0.08839514932560949
open_2017_05_08_close_2017_05_08_flight_Fixed Wing_N550ND_after_0_189675,open_2017_05_08_close_2017_05_08_flight_Fixed Wing_N550ND_after_0_189675,146,E1_EGT2,0.413314063866113,E1_EGT4,0.32037425274810954,E1_RPM,0.14298432479692763,AltB,0.04468260149903925,VSpd,0.028596864959384984
open_2017_05_08_close_2017_05_08_flight_Fixed Wing_N550ND_after_0_189675,open_2017_05_08_close_2017_05_08_flight_Fixed Wing_N550ND_after_0_189675,147,E1_RPM,0.8549077083570917,amp1,0.04674141294983532,E1_EGT2,0.035915811090469284,E1_OilP,0.016565350496211075,VSpd,0.010099051399005871
open_2017_05_08_close_2017_05_08_flight_Fixed Wing_N550ND_after_0_189675,open_2017_05_08_close_2017_05_08_flight_Fixed Wing_N550ND_after_0_189675,148,E1_RPM,0.39942308500473944,E1_EGT2,0.32501791826739396,E1_EGT4,0.20658488800846786,VSpd,0.020764232577863643,VSpdG,0.018745487743904707
open_2017_05_08_close_2017_05_08_flight_Fixed Wing_N550ND_after_0_189675,open_2017_05_08_close_2017_05_08_flight_Fixed Wing_N550ND_after_0_189675,149,E1_RPM,0.2968571412095928,E1_EGT2,0.29076329960118436,E1_EGT4,0.19848512667386142,VSpd,0.19047607770281128,AltB,0.017410976024022966
open_2017_05_08_close_2017_05_08_flight_Fixed Wing_N550ND_after_0_189675,open_2017_05_08_close_2017_05_08_flight_Fixed Wing_N550ND_after_0_189675,150,VSpd,0.6875863647858724,E1_EGT2,0.14289012700332787,E1_EGT4,0.10224633885246216,E1_RPM,0.04284387924734932,AltB,0.011579426823608494
open_2017_05_08_close_2017_05_08_flight_Fixed Wing_N550ND_after_0_189675,open_2017_05_08_close_2017_05_08_flight_Fixed Wing_N550ND_after_0_189675,151,VSpd,0.4773442098219631,E1_RPM,0.37332401436610896,E1_EGT4,0.07083583862331358,E1_EGT2,0.037013321082447044,E1_OilP,0.012444133812203148
open_2017_05_08_close_2017_05_08_flight_Fixed Wing_N550ND_after_0_189675,open_2017_05_08_close_2017_05_08_flight_Fixed Wing_N550ND_after_0_189675,152,E1_EGT2,0.3705301835865863,E1_EGT4,0.3144917203583638,E1_RPM,0.1545888640778354,AltB,0.048309020024326306,VSpd,0.046376659223353295
open_2017_05_08_close_2017_05_08_flight_Fixed Wing_N550ND_after_0_189675,open_2017_05_08_close_2017_05_08_flight_Fixed Wing_N550ND_after_0_189675,153,VSpd,0.6551643622503585,VSpdG,0.07962421354865684,E1_EGT4,0.07104929824341726,E1_RPM,0.06124939503742834,E1_EGT2,0.057982760635430494
open_2017_05_08_close_2017_05_08_flight_Fixed Wing_N550ND_after_0_189675,open_2017_05_08_close_2017_05_08_flight_Fixed Wing_N550ND_after_0_189675,154,E1_RPM,0.8285849648106562,VSpd,0.1130294237415696,E1_EGT2,0.01705910221669007,E1_EGT4,0.014965329107598912,E1_OilP,0.008169147540386733
open_2017_05_08_close_2017_05_08_flight_Fixed Wing_N550ND_after_0_189675,open_2017_05_08_close_2017_05_08_flight_Fixed Wing_N550ND_after_0_189675,155,E1_RPM,0.46330570817446026,VSpd,0.2894713866060047,E1_EGT4,0.10642144740901167,E1_EGT2,0.08441337425957898,amp1,0.030297920970536903
open_2017_05_08_close_2017_05_08_flight_Fixed Wing_N550ND_after_0_189675,open_2017_05_08_close_2017_05_08_flight_Fixed Wing_N550ND_after_0_189675,156,VSpd,0.5255043599002693,E1_RPM,0.23698174369617878,E1_EGT2,0.1364504748456909,E1_EGT4,0.06609984061839615,AltB,0.021253968044500273
open_2017_05_08_close_2017_05_08_flight_Fixed Wing_N550ND_after_0_189675,open_2017_05_08_close_2017_05_08_flight_Fixed Wing_N550ND_after_0_189675,157,VSpd,0.6246495227769243,E1_EGT2,0.14701747440218202,E1_RPM,0.0722272853639892,AltB,0.0698973729328897,E1_EGT4,0.0643055830982636
open_2017_05_08_close_2017_05_08_flight_Fixed Wing_N550ND_after_0_189675,open_2017_05_08_close_2017_05_08_flight_Fixed Wing_N550ND_after_0_189675,158,VSpd,0.8066669399995733,VSpdG,0.09029853805965371,E1_EGT2,0.030794116825469967,AltB,0.023153471297347107,E1_RPM,0.018522777037876633
open_2017_05_08_close_2017_05_08_flight_Fixed Wing_N550ND_after_0_189675,open_2017_05_08_close_2017_05_08_flight_Fixed Wing_N550ND_after_0_189675,159,E1_RPM,0.5198248834782887,VSpd,0.34774492205099317,E1_EGT4,0.05004658878177193,AltB,0.02150999517841195,HDG,0.02150999517841195
open_2017_05_08_close_2017_05_08_flight_Fixed Wing_N550ND_after_0_189675,open_2017_05_08_close_2017_05_08_flight_Fixed Wing_N550ND_after_0_189675,160,E1_RPM,0.6163621111569298,VSpd,0.13416720259226153,HDG,0.06153533351975898,TRK,0.05649145372305742,E1_EGT2,0.0524563498856944
open_2017_05_08_close_2017_05_08_flight_Fixed Wing_N550ND_after_0_189675,open_2017_05_08_close_2017_05_08_flight_Fixed Wing_N550ND_after_0_189675,161,VSpd,0.3074472599542426,E1_RPM,0.2535647504777234,E1_EGT4,0.2049648399694888,E1_EGT2,0.05388250947651578,AltB,0.05282598968285955
open_2017_05_08_close_2017_05_08_flight_Fixed Wing_N550ND_after_0_189675,open_2017_05_08_close_2017_05_08_flight_Fixed Wing_N550ND_after_0_189675,162,VSpd,0.7083190258204858,E1_RPM,0.15125856487640754,VSpdG,0.04402301515059593,E1_EGT2,0.032170664917742155,AltB,0.02257590520543381
open_2017_05_08_close_2017_05_08_flight_Fixed Wing_N550ND_after_0_189675,open_2017_05_08_close_2017_05_08_flight_Fixed Wing_N550ND_after_0_189675,163,TRK,0.2951698353580295,HDG,0.28622529489263515,VSpd,0.14162189070208478,E1_RPM,0.12522356651552893,E1_EGT2,0.061717329211229195
open_2017_05_08_close_2017_05_08_flight_Fixed Wing_N550ND_after_0_189675,open_2017_05_08_close_2017_05_08_flight_Fixed Wing_N550ND_after_0_189675,164,VSpd,0.6025751741315949,TRK,0.1434005999633227,HDG,0.13462097139413956,VSpdG,0.057067585699689664,AltB,0.029265428563943416
open_2017_05_08_close_2017_05_08_flight_Fixed Wing_N550ND_after_0_189675,open_2017_05_08_close_2017_05_08_flight_Fixed Wing_N550ND_after_0_189675,165,VSpd,0.7471612170250447,E1_RPM,0.08604895172795256,VSpdG,0.07140232164659824,AltB,0.03661657520338371,HDG,0.012815801321184091
open_2017_05_08_close_2017_05_08_flight_Fixed Wing_N550ND_after_0_189675,open_2017_05_08_close_2017_05_08_flight_Fixed Wing_N550ND_after_0_189675,166,VSpd,0.8759196727773751,VSpdG,0.04347825790800259,AltB,0.022296542516924405,GndSpd,0.015161648911508594,E1_RPM,0.00891861700677179
open_2017_05_08_close_2017_05_08_flight_Fixed Wing_N550ND_after_0_189675,open_2017_05_08_close_2017_05_08_flight_Fixed Wing_N550ND_after_0_189675,167,VSpd,0.8698313426227937,E1_RPM,0.07737565686785342,AltB,0.03223985702827256,E1_EGT2,0.007334567473930835,HPLfd,0.00402998212853407
open_2017_05_08_close_2017_05_08_flight_Fixed Wing_N550ND_after_0_189675,open_2017_05_08_close_2017_05_08_flight_Fixed Wing_N550ND_after_0_189675,168,VSpd,0.7145895562413902,AltB,0.12798618917756244,E1_RPM,0.07252550720061096,E1_EGT4,0.039249098014445885,HPLfd,0.02133103152959374
open_2017_05_08_close_2017_05_08_flight_Fixed Wing_N550ND_after_0_189675,open_2017_05_08_close_2017_05_08_flight_Fixed Wing_N550ND_after_0_189675,169,VSpd,0.7760311077637294,E1_RPM,0.13163059296245627,E1_EGT2,0.04420430360679471,AltB,0.019646357158575427,E1_EGT4,0.007269152148675231
open_2017_05_08_close_2017_05_08_flight_Fixed Wing_N550ND_after_0_189675,open_2017_05_08_close_2017_05_08_flight_Fixed Wing_N550ND_after_0_189675,170,VSpd,0.8899739038113013,E1_EGT4,0.03793048459542133,AltB,0.027457434557182376,VSpdG,0.01529771353900161,TRK,0.0121597210181808
open_2017_05_08_close_2017_05_08_flight_Fixed Wing_N550ND_after_0_189675,open_2017_05_08_close_2017_05_08_flight_Fixed Wing_N550ND_after_0_189675,171,VSpd,0.7071731087597606,E1_RPM,0.08784759115028082,AltB,0.05856506076685388,E1_EGT4,0.04128836784063438,TRK,0.04099554253679788
open_2017_05_08_close_2017_05_08_flight_Fixed Wing_N550ND_after_0_189675,open_2017_05_08_close_2017_05_08_flight_Fixed Wing_N550ND_after_0_189675,172,VSpd,0.7271201709071584,E1_RPM,0.13030284371330825,AltB,0.030302986910071203,E1_EGT4,0.028787837564569024,E1_EGT2,0.024696934331709684
open_2017_05_08_close_2017_05_08_flight_Fixed Wing_N550ND_after_0_189675,open_2017_05_08_close_2017_05_08_flight_Fixed Wing_N550ND_after_0_189675,173,VSpd,0.6117706055600485,VSpdG,0.11169968921742457,HDG,0.10167535813380947,TRK,0.08019464866892013,E1_EGT2,0.029786583791315435
open_2017_05_08_close_2017_05_08_flight_Fixed Wing_N550ND_after_0_189675,open_2017_05_08_close_2017_05_08_flight_Fixed Wing_N550ND_after_0_189675,174,VSpd,0.5414324201757291,TRK,0.15500157371249676,HDG,0.13353981735230494,AltB,0.047692791911537476,VSpdG,0.047692791911537476
open_2017_05_08_close_2017_05_08_flight_Fixed Wing_N550ND_after_0_189675,open_2017_05_08_close_2017_05_08_flight_Fixed Wing_N550ND_after_0_189675,175,E1_RPM,0.69589181986529,VSpd,0.23348146105760662,E1_EGT4,0.0328899471605224,E1_EGT2,0.013456386102868824,AltB,0.009290945525571295
open_2017_05_08_close_2017_05_08_flight_Fixed Wing_N550ND_after_0_189675,open_2017_05_08_close_2017_05_08_flight_Fixed Wing_N550ND_after_0_189675,176,VSpd,0.4962858312767438,TAS,0.2031948200907182,E1_EGT4,0.11792306283195925,E1_EGT2,0.07181885882516763,E1_RPM,0.03713560505106037
open_2017_05_08_close_2017_05_08_flight_Fixed Wing_N550ND_after_0_189675,open_2017_05_08_close_2017_05_08_flight_Fixed Wing_N550ND_after_0_189675,177,VSpd,0.8237231722245328,E1_EGT4,0.036194705817772586,AltB,0.03203071311307321,E1_EGT2,0.028881026323621453,TAS,0.026692260927561013
open_2017_05_08_close_2017_05_08_flight_Fixed Wing_N550ND_after_0_189675,open_2017_05_08_close_2017_05_08_flight_Fixed Wing_N550ND_after_0_189675,178,VSpd,0.7814873967577426,AltB,0.04936526442543156,E1_RPM,0.03949221154034461,TAS,0.03173481284492029,VSpdG,0.02785611349720783
open_2017_05_08_close_2017_05_08_flight_Fixed Wing_N550ND_after_0_189675,open_2017_05_08_close_2017_05_08_flight_Fixed Wing_N550ND_after_0_189675,179,VSpd,0.6790257294317422,VSpdG,0.1954566368263997,AltB,0.055135863702792595,E1_RPM,0.014335324562725573,HDG,0.011302852059072388
open_2017_05_08_close_2017_05_08_flight_Fixed Wing_N550ND_after_0_189675,open_2017_05_08_close_2017_05_08_flight_Fixed Wing_N550ND_after_0_189675,180,VSpdG,0.4832018489343535,VSpd,0.19872634771252515,E1_RPM,0.08053364148905892,AltB,0.07669870618005611,TAS,0.05368909432603928
open_2017_05_08_close_2017_05_08_flight_Fixed Wing_N550ND_after_0_189675,open_2017_05_08_close_2017_05_08_flight_Fixed Wing_N550ND_after_0_189675,181,VSpdG,0.7061526581847155,E1_RPM,0.09169444964488385,AltB,0.08431673530563767,E1_EGT2,0.028351502246521245,E1_EGT4,0.022976310370784542
open_2017_05_08_close_2017_05_08_flight_Fixed Wing_N550ND_after_0_189675,open_2017_05_08_close_2017_05_08_flight_Fixed Wing_N550ND_after_0_189675,182,VSpdG,0.5288078945266547,VSpd,0.2451978493991631,E1_RPM,0.09859130236937698,AltB,0.07042235883526884,Roll,0.022087012543788868
open_2017_05_08_close_2017_05_08_flight_Fixed Wing_N550ND_after_0_189675,open_2017_05_08_close_2017_05_08_flight_Fixed Wing_N550ND_after_0_189675,183,VSpdG,0.4464587025249773,VSpd,0.3756531426714067,AltB,0.11335865493798242,Roll,0.01569581376064372,TAS,0.008719896533690956
open_2017_05_08_close_2017_05_08_flight_Fixed Wing_N550ND_after_0_189675,open_2017_05_08_close_2017_05_08_flight_Fixed Wing_N550ND_after_0_189675,184,VSpdG,0.638913581383337,VSpd,0.23573708002764499,AltB,0.07537093065320677,Roll,0.011711483070729053,HDG,0.011595527792801041
open_2017_05_08_close_2017_05_08_flight_Fixed Wing_N550ND_after_0_189675,open_2017_05_08_close_2017_05_08_flight_Fixed Wing_N550ND_after_0_189675,185,TRK,0.41331570978581916,VSpdG,0.30975536256904757,VSpd,0.26043980951453577,AltB,0.00694259310950424,Roll,0.0018282161855027834
open_2017_05_08_close_2017_05_08_flight_Fixed Wing_N550ND_after_0_189675,open_2017_05_08_close_2017_05_08_flight_Fixed Wing_N550ND_after_0_189675,186,VSpdG,0.7693171168235576,AltB,0.10341828306814069,VSpd,0.04487204393123184,E1_RPM,0.01953456457953821,Roll,0.012525103171585927
open_2017_05_08_close_2017_05_08_flight_Fixed Wing_N550ND_after_0_189675,open_2017_05_08_close_2017_05_08_flight_Fixed Wing_N550ND_after_0_189675,187,VSpdG,0.49277088415658105,VSpd,0.3842204420690516,AltB,0.07238000283363832,E1_RPM,0.01545410871312836,TRK,0.007433621912643937
open_2017_05_08_close_2017_05_08_flight_Fixed Wing_N550ND_after_0_189675,open_2017_05_08_close_2017_05_08_flight_Fixed Wing_N550ND_after_0_189675,188,VSpd,0.5090204065820932,VSpdG,0.32761589964806004,AltB,0.08318372452001517,E1_RPM,0.0191962441200035,TAS,0.012797496080002333
open_2017_05_08_close_2017_05_08_flight_Fixed Wing_N550ND_after_0_189675,open_2017_05_08_close_2017_05_08_flight_Fixed Wing_N550ND_after_0_189675,189,VSpd,0.5973504403755464,VSpdG,0.2596734806183388,AltB,0.0710044673565771,E1_RPM,0.02789461217579815,Roll,0.01602672263191312
open_2017_05_08_close_2017_05_08_flight_Fixed Wing_N550ND_after_0_189675,open_2017_05_08_close_2017_05_08_flight_Fixed Wing_N550ND_after_0_189675,190,VSpd,0.6809957001555711,VSpdG,0.2681574639654359,E1_RPM,0.032667912276806065,Pitch,0.004910207673507604,TRK,0.0032066662357600716
open_2017_05_08_close_2017_05_08_flight_Fixed Wing_N550ND_after_0_189675,open_2017_05_08_close_2017_05_08_flight_Fixed Wing_N550ND_after_0_189675,191,VSpdG,0.643534562827544,AltB,0.18853551645338185,VSpd,0.0638506949055444,E1_RPM,0.018853551645338185,E1_EGT2,0.013951628217548999
open_2017_05_08_close_2017_05_08_flight_Fixed Wing_N550ND_after_0_189675,open_2017_05_08_close_2017_05_08_flight_Fixed Wing_N550ND_after_0_189675,192,VSpdG,0.5689731898417124,VSpd,0.3319698437102589,AltB,0.04128978155600236,E1_RPM,0.029315744904761302,Roll,0.007432160680080426
open_2017_05_08_close_2017_05_08_flight_Fixed Wing_N550ND_after_0_189675,open_2017_05_08_close_2017_05_08_flight_Fixed Wing_N550ND_after_0_189675,193,VSpdG,0.4419247270233395,VSpd,0.2946453121269118,AltB,0.12972350108317202,E1_RPM,0.06313210386047861,TAS,0.0172964668110896
open_2017_05_08_close_2017_05_08_flight_Fixed Wing_N550ND_after_0_189675,open_2017_05_08_close_2017_05_08_flight_Fixed Wing_N550ND_after_0_189675,194,VSpd,0.8003928298600285,AltB,0.10928899116758092,VSpdG,0.03874791505032392,TAS,0.009935362833416447,E1_CHT2,0.006457985841720465
open_2017_05_08_close_2017_05_08_flight_Fixed Wing_N550ND_after_0_189675,open_2017_05_08_close_2017_05_08_flight_Fixed Wing_N550ND_after_0_189675,195,VSpd,0.882248403113244,VSpdG,0.05148154069187783,AltB,0.033000987622998565,HDG,0.007260217277059693,E1_EGT2,0.005610167895910656
open_2017_05_08_close_2017_05_08_flight_Fixed Wing_N550ND_after_0_189675,open_2017_05_08_close_2017_05_08_flight_Fixed Wing_N550ND_after_0_189675,196,VSpdG,0.6652164789408681,VSpd,0.25894203142516814,AltB,0.03861924406042777,TAS,0.009654811015106943,E1_RPM,0.008206589362840024
open_2017_05_08_close_2017_05_08_flight_Fixed Wing_N550ND_after_0_189675,open_2017_05_08_close_2017_05_08_flight_Fixed Wing_N550ND_after_0_189675,197,VSpdG,0.4761640309597031,VSpd,0.39845195651467763,AltB,0.07892221507619389,E1_RPM,0.019467479718793534,HDG,0.005261481005079592
open_2017_05_08_close_2017_05_08_flight_Fixed Wing_N550ND_after_0_189675,open_2017_05_08_close_2017_05_08_flight_Fixed Wing_N550ND_after_0_189675,198,VSpd,0.7477338023544594,AltB,0.11461278392925495,VSpdG,0.0899710353844654,Roll,0.008882490754517258,GndSpd,0.006991379819684545
open_2017_05_08_close_2017_05_08_flight_Fixed Wing_N550ND_after_0_189675,open_2017_05_08_close_2017_05_08_flight_Fixed Wing_N550ND_after_0_189675,199,VSpdG,0.6472946561592553,VSpd,0.2106350850260516,AltB,0.06265405020295274,E1_RPM,0.03837560574930927,Roll,0.016290053052767713
open_2017_05_08_close_2017_05_08_flight_Fixed Wing_N550ND_after_0_189675,open_2017_05_08_close_2017_05_08_flight_Fixed Wing_N550ND_after_0_189675,200,VSpd,0.4589245963838866,VSpdG,0.3795951427278675,AltB,0.08896761157684396,E1_RPM,0.020017712604788542,HDG,0.015569332025947704
open_2017_05_08_close_2017_05_08_flight_Fixed Wing_N550ND_after_0_189675,open_2017_05_08_close_2017_05_08_flight_Fixed Wing_N550ND_after_0_189675,201,VSpd,0.4853874863801469,VSpdG,0.4421364977226723,AltB,0.04354895519300557,E1_RPM,0.011001841311917613,HDG,0.0036672804373057357
open_2017_05_08_close_2017_05_08_flight_Fixed Wing_N550ND_after_0_189675,open_2017_05_08_close_2017_05_08_flight_Fixed Wing_N550ND_after_0_189675,202,VSpdG,0.5915238919198228,VSpd,0.3293167858581187,AltB,0.03515268941716937,E1_RPM,0.01885462432375477,E1_EGT2,0.004889419528025106
open_2017_05_08_close_2017_05_08_flight_Fixed Wing_N550ND_after_0_189675,open_2017_05_08_close_2017_05_08_flight_Fixed Wing_N550ND_after_0_189675,203,VSpdG,0.5102911363937976,VSpd,0.40587590617557473,AltB,0.03535504409194902,E1_RPM,0.018856023515705072,TAS,0.00785667646487756
open_2017_05_08_close_2017_05_08_flight_Fixed Wing_N550ND_after_0_189675,open_2017_05_08_close_2017_05_08_flight_Fixed Wing_N550ND_after_0_189675,204,VSpd,0.7940168118754551,VSpdG,0.11569353665544028,AltB,0.06182097378534984,Roll,0.008949321919403024,HDG,0.005887711789080937
open_2017_05_08_close_2017_05_08_flight_Fixed Wing_N550ND_after_0_189675,open_2017_05_08_close_2017_05_08_flight_Fixed Wing_N550ND_after_0_189675,205,VSpdG,0.5003449019828554,VSpd,0.38178742636289886,AltB,0.08666482135961696,E1_RPM,0.006933185708770933,HDG,0.004622123805846242
open_2017_05_08_close_2017_05_08_flight_Fixed Wing_N550ND_after_0_189675,open_2017_05_08_close_2017_05_08_flight_Fixed Wing_N550ND_after_0_189675,206,VSpd,0.47756884357826995,AltB,0.23958303189545319,VSpdG,0.1570599875759091,E1_RPM,0.04791660637908943,E1_EGT2,0.02236108297690981
open_2017_05_08_close_2017_05_08_flight_Fixed Wing_N550ND_after_0_189675,open_2017_05_08_close_2017_05_08_flight_Fixed Wing_N550ND_after_0_189675,207,VSpdG,0.6631957203014601,AltB,0.18265983821862233,VSpd,0.054657443897726025,Roll,0.019811567068327502,E1_RPM,0.018265983821864788
open_2017_05_08_close_2017_05_08_flight_Fixed Wing_N550ND_after_0_189675,open_2017_05_08_close_2017_05_08_flight_Fixed Wing_N550ND_after_0_189675,208,VSpdG,0.5993450011900703,VSpd,0.17198595686323775,AltB,0.1411500908599802,E1_RPM,0.028230018171995053,TAS,0.010857699296921553
open_2017_05_08_close_2017_05_08_flight_Fixed Wing_N550ND_after_0_189675,open_2017_05_08_close_2017_05_08_flight_Fixed Wing_N550ND_after_0_189675,209,VSpdG,0.5116703244231774,AltB,0.23061197720481233,VSpd,0.0874884188520764,E1_RPM,0.08215551687921177,E1_EGT4,0.015422175975570907
open_2017_05_08_close_2017_05_08_flight_Fixed Wing_N550ND_after_0_189675,open_2017_05_08_close_2017_05_08_flight_Fixed Wing_N550ND_after_0_189675,210,VSpdG,0.5371386228723785,VSpd,0.36164638983044356,AltB,0.050530444296554886,E1_RPM,0.021728091047519518,TAS,0.005053044429655488
open_2017_05_08_close_2017_05_08_flight_Fixed Wing_N550ND_after_0_189675,open_2017_05_08_close_2017_05_08_flight_Fixed Wing_N550ND_after_0_189675,211,VSpd,0.5605300715493633,VSpdG,0.27245317222089066,AltB,0.06157133835500358,E1_RPM,0.05618384624894217,HDG,0.01693211804762595
open_2017_05_08_close_2017_05_08_flight_Fixed Wing_N550ND_after_0_189675,open_2017_05_08_close_2017_05_08_flight_Fixed Wing_N550ND_after_0_189675,212,VSpd,0.8107471773734616,VSpdG,0.06593257541700107,E1_RPM,0.04693505368667919,HDG,0.021232524286830815,TRK,0.015645017895559544
open_2017_05_08_close_2017_05_08_flight_Fixed Wing_N550ND_after_0_189675,open_2017_05_08_close_2017_05_08_flight_Fixed Wing_N550ND_after_0_189675,213,VSpdG,0.6709909000627029,VSpd,0.25509254261162834,AltB,0.032625165319094145,E1_RPM,0.015587578985788435,TRK,0.009062545921970595
open_2017_05_08_close_2017_05_08_flight_Fixed Wing_N550ND_after_0_189675,open_2017_05_08_close_2017_05_08_flight_Fixed Wing_N550ND_after_0_189675,214,AltB,0.3590587303032614,VSpdG,0.353074418131539,HDG,0.06582743388893135,TRK,0.05685096563134947,VSpd,0.03411057937880942
open_2017_05_08_close_2017_05_08_flight_Fixed Wing_N550ND_after_0_189675,open_2017_05_08_close_2017_05_08_flight_Fixed Wing_N550ND_after_0_189675,215,VSpd,0.36176543739847117,AltB,0.22828107972670042,VSpdG,0.18863226061627406,E1_RPM,0.09011095252369754,Roll,0.036645120692970316
open_2017_05_08_close_2017_05_08_flight_Fixed Wing_N550ND_after_0_189675,open_2017_05_08_close_2017_05_08_flight_Fixed Wing_N550ND_after_0_189675,216,VSpdG,0.41403833788273997,VSpd,0.3843140930287705,AltB,0.0865154735874382,E1_RPM,0.04511163979916252,HDG,0.02162886839685955
open_2017_05_08_close_2017_05_08_flight_Fixed Wing_N550ND_after_0_189675,open_2017_05_08_close_2017_05_08_flight_Fixed Wing_N550ND_after_0_189675,217,VSpdG,0.4517627811469665,VSpd,0.32579169252530893,AltB,0.11469294866918758,Roll,0.030457349702150933,E1_RPM,0.01401802705956911
open_2017_05_08_close_2017_05_08_flight_Fixed Wing_N550ND_after_0_189675,open_2017_05_08_close_2017_05_08_flight_Fixed Wing_N550ND_after_0_189675,218,VSpd,0.7271179289023684,AltB,0.08152027290461437,VSpdG,0.06736148866328681,E1_RPM,0.06478716425577208,TAS,0.01716216271676092
open_2017_05_08_close_2017_05_08_flight_Fixed Wing_N550ND_after_0_189675,open_2017_05_08_close_2017_05_08_flight_Fixed Wing_N550ND_after_0_189675,219,VSpdG,0.4028852497678693,VSpd,0.31896877662103224,AltB,0.06463399728896294,E1_EGT2,0.0584399058821035,E1_RPM,0.054938897695617515
open_2017_05_08_close_2017_05_08_flight_Fixed Wing_N550ND_after_0_189675,open_2017_05_08_close_2017_05_08_flight_Fixed Wing_N550ND_after_0_189675,220,VSpd,0.6479869066443212,VSpdG,0.10029965921636477,E1_EGT4,0.07314847758136164,E1_EGT2,0.06918759931931337,AltB,0.031942566629415435
open_2017_05_08_close_2017_05_08_flight_Fixed Wing_N550ND_after_0_189675,open_2017_05_08_close_2017_05_08_flight_Fixed Wing_N550ND_after_0_189675,221,VSpd,0.7021159970755878,VSpdG,0.15986946868512122,AltB,0.058709126918264895,E1_EGT2,0.017793381542920532,E1_RPM,0.015354694732469691
open_2017_05_08_close_2017_05_08_flight_Fixed Wing_N550ND_after_0_189675,open_2017_05_08_close_2017_05_08_flight_Fixed Wing_N550ND_after_0_189675,222,VSpdG,0.4706712782352014,VSpd,0.406760330556056,AltB,0.04778388611524886,E1_RPM,0.04420009465660483,HDG,0.007565781968247758
open_2017_05_08_close_2017_05_08_flight_Fixed Wing_N550ND_after_0_189675,open_2017_05_08_close_2017_05_08_flight_Fixed Wing_N550ND_after_0_189675,223,VSpd,0.6500871319059204,VSpdG,0.14651949491910665,AltB,0.12416906349076882,HDG,0.021108740793430735,Roll,0.01968079656328686
open_2017_05_08_close_2017_05_08_flight_Fixed Wing_N550ND_after_0_189675,open_2017_05_08_close_2017_05_08_flight_Fixed Wing_N550ND_after_0_189675,224,VSpd,0.44162743949747574,VSpdG,0.4166011285107154,AltB,0.06804737126309324,E1_RPM,0.03402368563154662,E1_EGT4,0.012248526827355957
open_2017_05_08_close_2017_05_08_flight_Fixed Wing_N550ND_after_0_189675,open_2017_05_08_close_2017_05_08_flight_Fixed Wing_N550ND_after_0_189675,225,VSpd,0.7225033011907516,AltB,0.11454669856373381,VSpdG,0.11263758692100449,E1_RPM,0.02004567224865255,HPLfd,0.0047727791068222425
open_2017_05_08_close_2017_05_08_flight_Fixed Wing_N550ND_after_0_189675,open_2017_05_08_close_2017_05_08_flight_Fixed Wing_N550ND_after_0_189675,226,VSpdG,0.36460662841365515,VSpd,0.21709826148691225,AltB,0.20358745748985774,E1_RPM,0.15361599065144146,E1_EGT2,0.014066042517480911
open_2017_05_08_close_2017_05_08_flight_Fixed Wing_N550ND_after_0_189675,open_2017_05_08_close_2017_05_08_flight_Fixed Wing_N550ND_after_0_189675,227,VSpd,0.6870478583539469,AltB,0.15522997251557774,VSpdG,0.08071958570809995,E1_RPM,0.024836795602493376,Roll,0.012521884449589933
open_2017_05_08_close_2017_05_08_flight_Fixed Wing_N550ND_after_0_189675,open_2017_05_08_close_2017_05_08_flight_Fixed Wing_N550ND_after_0_189675,228,VSpdG,0.488229588519123,AltB,0.21227373413874895,VSpd,0.17141104031704074,E1_RPM,0.03891685125877547,Roll,0.024765268982854045
open_2017_05_08_close_2017_05_08_flight_Fixed Wing_N550ND_after_0_189675,open_2017_05_08_close_2017_05_08_flight_Fixed Wing_N550ND_after_0_189675,229,VSpdG,0.6387435438197886,E1_RPM,0.15124847123716986,AltB,0.13749861021561,Roll,0.018624811747387175,TAS,0.012499873655964546
open_2017_05_08_close_2017_05_08_flight_Fixed Wing_N550ND_after_0_189675,open_2017_05_08_close_2017_05_08_flight_Fixed Wing_N550ND_after_0_189675,230,VSpdG,0.4207937049521413,VSpd,0.37638199059576016,AltB,0.14577149132291245,E1_RPM,0.01166171930583123,TAS,0.009718099421527498
open_2017_05_08_close_2017_05_08_flight_Fixed Wing_N550ND_after_0_189675,open_2017_05_08_close_2017_05_08_flight_Fixed Wing_N550ND_after_0_189675,231,VSpd,0.5697222112052986,VSpdG,0.23084939581779912,AltB,0.11748060855867586,E1_RPM,0.031132361268047498,Roll,0.024201005363087225
open_2017_05_08_close_2017_05_08_flight_Fixed Wing_N550ND_after_0_189675,open_2017_05_08_close_2017_05_08_flight_Fixed Wing_N550ND_after_0_189675,232,VSpd,0.5910580448437397,VSpdG,0.21471221617963662,AltB,0.11989006994802018,HDG,0.016348645902002752,TRK,0.016348645902002752
open_2017_05_08_close_2017_05_08_flight_Fixed Wing_N550ND_after_0_189675,open_2017_05_08_close_2017_05_08_flight_Fixed Wing_N550ND_after_0_189675,233,VSpdG,0.6384308421607321,VSpd,0.2339947524035567,AltB,0.08110736651769733,HDG,0.012166104977654565,TRK,0.007531398319500532
open_2017_05_08_close_2017_05_08_flight_Fixed Wing_N550ND_after_0_189675,open_2017_05_08_close_2017_05_08_flight_Fixed Wing_N550ND_after_0_189675,234,VSpd,0.6085611196061205,VSpdG,0.2452305906049994,AltB,0.07785098114444426,HDG,0.020241255097555685,E1_RPM,0.01868423547466379
open_2017_05_08_close_2017_05_08_flight_Fixed Wing_N550ND_after_0_189675,open_2017_05_08_close_2017_05_08_flight_Fixed Wing_N550ND_after_0_189675,235,VSpd,0.6466168193038461,VSpdG,0.2389922035045722,AltB,0.06689349207507107,E1_RPM,0.01337869841501311,HDG,0.007297471862734958
open_2017_05_08_close_2017_05_08_flight_Fixed Wing_N550ND_after_0_189675,open_2017_05_08_close_2017_05_08_flight_Fixed Wing_N550ND_after_0_189675,236,VSpd,0.7640437794568856,AltB,0.12685435488243169,Roll,0.03209415178525521,E1_RPM,0.01649106613471843,TAS,0.01268543548824317
open_2017_05_08_close_2017_05_08_flight_Fixed Wing_N550ND_after_0_189675,open_2017_05_08_close_2017_05_08_flight_Fixed Wing_N550ND_after_0_189675,237,VSpdG,0.5039984070693546,VSpd,0.4071453798484077,AltB,0.04799984829231948,E1_RPM,0.018666607669235353,HDG,0.004799984829231978
open_2017_05_08_close_2017_05_08_flight_Fixed Wing_N550ND_after_0_189675,open_2017_05_08_close_2017_05_08_flight_Fixed Wing_N550ND_after_0_189675,238,VSpdG,0.42281503876760884,VSpd,0.41341914901721766,AltB,0.10738159714732923,E1_RPM,0.024160859358145412,E1_EGT2,0.010067024732562114
open_2017_05_08_close_2017_05_08_flight_Fixed Wing_N550ND_after_0_189675,open_2017_05_08_close_2017_05_08_flight_Fixed Wing_N550ND_after_0_189675,239,VSpdG,0.5202964717331106,VSpd,0.3687183217468878,AltB,0.06221781425807004,E1_RPM,0.03110890712903502,Pitch,0.0032664352485486767
open_2017_05_08_close_2017_05_08_flight_Fixed Wing_N550ND_after_0_189675,open_2017_05_08_close_2017_05_08_flight_Fixed Wing_N550ND_after_0_189675,240,VSpd,0.6419407218722052,AltB,0.159743514152344,VSpdG,0.13464096192840502,E1_RPM,0.018256401617409705,HDG,0.010269225909793608
open_2017_05_08_close_2017_05_08_flight_Fixed Wing_N550ND_after_0_189675,open_2017_05_08_close_2017_05_08_flight_Fixed Wing_N550ND_after_0_189675,241,VSpd,0.41679420594325006,VSpdG,0.358070623662586,AltB,0.14322824946503443,E1_RPM,0.018229049931914657,HDG,0.013020749951366765
open_2017_05_08_close_2017_05_08_flight_Fixed Wing_N550ND_after_0_189675,open_2017_05_08_close_2017_05_08_flight_Fixed Wing_N550ND_after_0_189675,242,VSpdG,0.6809916591086757,VSpd,0.10680123118064735,AltB,0.0988137836675224,Roll,0.03590234139919981,E1_RPM,0.028820686903027366
open_2017_05_08_close_2017_05_08_flight_Fixed Wing_N550ND_after_0_189675,open_2017_05_08_close_2017_05_08_flight_Fixed Wing_N550ND_after_0_189675,243,VSpd,0.6828462768405965,VSpdG,0.22351188706200345,AltB,0.05675106507433676,Roll,0.012878126305330265,HDG,0.0052385598530157755
open_2017_05_08_close_2017_05_08_flight_Fixed Wing_N550ND_after_0_189675,open_2017_05_08_close_2017_05_08_flight_Fixed Wing_N550ND_after_0_189675,244,VSpdG,0.6603045484245256,VSpd,0.1659146190723852,AltB,0.12577229493800487,E1_RPM,0.010481024578167072,E1_EGT4,0.009223301628788167
open_2017_05_08_close_2017_05_08_flight_Fixed Wing_N550ND_after_0_189675,open_2017_05_08_close_2017_05_08_flight_Fixed Wing_N550ND_after_0_189675,245,VSpd,0.5429185840592073,VSpdG,0.2276661797470504,AltB,0.11600824445709541,E1_EGT4,0.03335237028141757,E1_EGT2,0.02798698897527519
open_2017_05_08_close_2017_05_08_flight_Fixed Wing_N550ND_after_0_189675,open_2017_05_08_close_2017_05_08_flight_Fixed Wing_N550ND_after_0_189675,246,VSpd,0.38453303103337866,AltB,0.19949832997840708,VSpdG,0.19451087172894718,E1_RPM,0.07231814461717484,E1_EGT4,0.053116430356753605
open_2017_05_08_close_2017_05_08_flight_Fixed Wing_N550ND_after_0_189675,open_2017_05_08_close_2017_05_08_flight_Fixed Wing_N550ND_after_0_189675,247,VSpd,0.5839998824237591,VSpdG,0.2353772917027684,AltB,0.14410854594047112,E1_OilP,0.00948714594108092,E1_EGT2,0.00564425138266878
open_2017_05_08_close_2017_05_08_flight_Fixed Wing_N550ND_after_0_189675,open_2017_05_08_close_2017_05_08_flight_Fixed Wing_N550ND_after_0_189675,248,VSpd,0.3901115314373353,VSpdG,0.3567079481565711,AltB,0.19649166635743304,E1_RPM,0.016626217922550653,E1_EGT4,0.010278025624851306
open_2017_05_08_close_2017_05_08_flight_Fixed Wing_N550ND_after_0_189675,open_2017_05_08_close_2017_05_08_flight_Fixed Wing_N550ND_after_0_189675,249,VSpd,0.3160728482109559,VSpdG,0.3069678690443846,AltB,0.26014226190201933,E1_EGT4,0.05176831011850209,E1_RPM,0.015608535714118795
open_2017_05_08_close_2017_05_08_flight_Fixed Wing_N550ND_after_0_189675,open_2017_05_08_close_2017_05_08_flight_Fixed Wing_N550ND_after_0_189675,250,VSpd,0.66950001949429,VSpdG,0.17695049026446566,AltB,0.06719638870802512,E1_RPM,0.021278856424208976,E1_EGT4,0.017359067082905983
open_2017_05_08_close_2017_05_08_flight_Fixed Wing_N550ND_after_0_189675,open_2017_05_08_close_2017_05_08_flight_Fixed Wing_N550ND_after_0_189675,251,VSpdG,0.3773541030435833,VSpd,0.36002661872015174,AltB,0.17327484323429826,E1_RPM,0.03658024468279805,E1_EGT2,0.01617231870186626
open_2017_05_08_close_2017_05_08_flight_Fixed Wing_N550ND_after_0_189675,open_2017_05_08_close_2017_05_08_flight_Fixed Wing_N550ND_after_0_189675,252,VSpdG,0.3719448781452709,VSpd,0.22411455714995135,AltB,0.21321680912786245,E1_RPM,0.06870319405230262,HDG,0.033167059197667624
open_2017_05_08_close_2017_05_08_flight_Fixed Wing_N550ND_after_0_189675,open_2017_05_08_close_2017_05_08_flight_Fixed Wing_N550ND_after_0_189675,253,VSpd,0.6865668475719601,AltB,0.10823439530824383,VSpdG,0.10643048871977269,E1_RPM,0.03698008506364915,Roll,0.029493872721496443
open_2017_05_08_close_2017_05_08_flight_Fixed Wing_N550ND_after_0_189675,open_2017_05_08_close_2017_05_08_flight_Fixed Wing_N550ND_after_0_189675,254,VSpd,0.39560253440104554,VSpdG,0.3011188223013787,E1_RPM,0.12905092384344227,AltB,0.10754243653620654,TAS,0.015363205219458078
open_2017_05_08_close_2017_05_08_flight_Fixed Wing_N550ND_after_0_189675,open_2017_05_08_close_2017_05_08_flight_Fixed Wing_N550ND_after_0_189675,255,VSpdG,0.5237730170994436,E1_RPM,0.1795793201483761,VSpd,0.1358484301492845,AltB,0.08313857414276882,Roll,0.025939235132543863
open_2017_05_08_close_2017_05_08_flight_Fixed Wing_N550ND_after_0_189675,open_2017_05_08_close_2017_05_08_flight_Fixed Wing_N550ND_after_0_189675,256,VSpd,0.5927086529290067,VSpdG,0.19277734577073602,AltB,0.16337063200909738,E1_EGT2,0.01241616803269125,E1_RPM,0.009802237920544356
open_2017_05_08_close_2017_05_08_flight_Fixed Wing_N550ND_after_0_189675,open_2017_05_08_close_2017_05_08_flight_Fixed Wing_N550ND_after_0_189675,257,VSpdG,0.554865039127576,AltB,0.17614763146907172,E1_RPM,0.11625743676958575,VSpd,0.0989949688856184,E1_EGT2,0.021666158670696142
open_2017_05_08_close_2017_05_08_flight_Fixed Wing_N550ND_after_0_189675,open_2017_05_08_close_2017_05_08_flight_Fixed Wing_N550ND_after_0_189675,258,VSpdG,0.50350988539111,VSpd,0.15552387791890301,E1_EGT4,0.09889232209901451,AltB,0.09580526360507365,E1_EGT2,0.05812185992041173
open_2017_05_08_close_2017_05_08_flight_Fixed Wing_N550ND_after_0_189675,open_2017_05_08_close_2017_05_08_flight_Fixed Wing_N550ND_after_0_189675,259,VSpd,0.605626046099194,VSpdG,0.20386972645856527,AltB,0.10341218008767795,E1_RPM,0.030284995597105013,E1_EGT4,0.022307484561770397
open_2017_05_08_close_2017_05_08_flight_Fixed Wing_N550ND_after_0_189675,open_2017_05_08_close_2017_05_08_flight_Fixed Wing_N550ND_after_0_189675,260,VSpdG,0.8544151528732626,AltB,0.07995863730097376,E1_RPM,0.01998965932524344,E1_EGT4,0.011936682282789057,Roll,0.0070249374200141235
open_2017_05_08_close_2017_05_08_flight_Fixed Wing_N550ND_after_0_189675,open_2017_05_08_close_2017_05_08_flight_Fixed Wing_N550ND_after_0_189675,261,VSpd,0.6988270144118864,VSpdG,0.230575320953593,AltB,0.025062534886260115,E1_RPM,0.022556281397636383,GndSpd,0.006015008372702537
open_2017_05_08_close_2017_05_08_flight_Fixed Wing_N550ND_after_0_189675,open_2017_05_08_close_2017_05_08_flight_Fixed Wing_N550ND_after_0_189675,262,VSpd,0.4983633504723946,VSpdG,0.4025871242881157,AltB,0.06811964877971498,E1_RPM,0.00817435785356456,E1_EGT4,0.005313332604817583
open_2017_05_08_close_2017_05_08_flight_Fixed Wing_N550ND_after_0_189675,open_2017_05_08_close_2017_05_08_flight_Fixed Wing_N550ND_after_0_189675,263,VSpd,0.453035591275199,VSpdG,0.4528856291463427,AltB,0.06998232679965559,TAS,0.004998737628546828,HDG,0.003998990102837377
open_2017_05_08_close_2017_05_08_flight_Fixed Wing_N550ND_after_0_189675,open_2017_05_08_close_2017_05_08_flight_Fixed Wing_N550ND_after_0_189675,264,VSpd,0.8285360400227004,AltB,0.10415790078614359,VSpdG,0.031247370235842894,E1_RPM,0.013620648564340396,Roll,0.004406680417875306
open_2017_05_08_close_2017_05_08_flight_Fixed Wing_N550ND_after_0_189675,open_2017_05_08_close_2017_05_08_flight_Fixed Wing_N550ND_after_0_189675,265,VSpd,0.697990109840532,VSpdG,0.12390978330251606,AltB,0.09450746184090245,E1_RPM,0.05355422837651043,E1_EGT2,0.009870779347828162
open_2017_05_08_close_2017_05_08_flight_Fixed Wing_N550ND_after_0_189675,open_2017_05_08_close_2017_05_08_flight_Fixed Wing_N550ND_after_0_189675,266,VSpd,0.8113309011547809,VSpdG,0.07027630237653858,AltB,0.03603912942386588,E1_RPM,0.03603912942386588,E1_EGT4,0.00928007582664522
open_2017_05_08_close_2017_05_08_flight_Fixed Wing_N550ND_after_0_189675,open_2017_05_08_close_2017_05_08_flight_Fixed Wing_N550ND_after_0_189675,267,VSpdG,0.5316157345991981,VSpd,0.31393213430646383,AltB,0.07196152075792872,E1_RPM,0.038679317407384235,HDG,0.010794228113689207
open_2017_05_08_close_2017_05_08_flight_Fixed Wing_N550ND_after_0_189675,open_2017_05_08_close_2017_05_08_flight_Fixed Wing_N550ND_after_0_189675,268,VSpd,0.4864782712206263,AltB,0.3670275022926526,TAS,0.03336613657205932,E1_EGT4,0.02135432740611372,HPLfd,0.01668306828602966
open_2017_05_08_close_2017_05_08_flight_Fixed Wing_N550ND_after_0_189675,open_2017_05_08_close_2017_05_08_flight_Fixed Wing_N550ND_after_0_189675,269,VSpd,0.7967698990246636,VSpdG,0.0890938740593754,AltB,0.07894393903995253,E1_RPM,0.009022164461705784,Roll,0.006315515123196204
open_2017_05_08_close_2017_05_08_flight_Fixed Wing_N550ND_after_0_189675,open_2017_05_08_close_2017_05_08_flight_Fixed Wing_N550ND_after_0_189675,270,VSpd,0.5978448073432634,VSpdG,0.15157169377444818,AltB,0.13430403245837125,E1_RPM,0.05564024201846983,Roll,0.0130466774388132
open_2017_05_08_close_2017_05_08_flight_Fixed Wing_N550ND_after_0_189675,open_2017_05_08_close_2017_05_08_flight_Fixed Wing_N550ND_after_0_189675,271,VSpd,0.5993622627158105,VSpdG,0.28571294303190126,AltB,0.09977277375717186,HDG,0.0036281008638972103,E1_OilP,0.002811778169520319
open_2017_05_08_close_2017_05_08_flight_Fixed Wing_N550ND_after_0_189675,open_2017_05_08_close_2017_05_08_flight_Fixed Wing_N550ND_after_0_189675,272,VSpdG,0.4463043110056623,VSpd,0.3716559503577605,AltB,0.12460272642290071,E1_RPM,0.029451553518139138,TRK,0.00453100823356009
open_2017_05_08_close_2017_05_08_flight_Fixed Wing_N550ND_after_0_189675,open_2017_05_08_close_2017_05_08_flight_Fixed Wing_N550ND_after_0_189675,273,VSpdG,0.5866824725133611,VSpd,0.20757509901930185,AltB,0.1490822426416612,E1_RPM,0.018416041738086763,TAS,0.0087695436848036
open_2017_05_08_close_2017_05_08_flight_Fixed Wing_N550ND_after_0_189675,open_2017_05_08_close_2017_05_08_flight_Fixed Wing_N550ND_after_0_189675,274,VSpd,0.7347323096630939,AltB,0.08501878149306806,VSpdG,0.06631464956459367,Roll,0.03468766284917177,E1_RPM,0.023805258818060605
open_2017_05_08_close_2017_05_08_flight_Fixed Wing_N550ND_after_0_189675,open_2017_05_08_close_2017_05_08_flight_Fixed Wing_N550ND_after_0_189675,275,VSpd,0.549847750918424,VSpdG,0.3241056166528884,AltB,0.05144533597664895,E1_RPM,0.029838294866457327,HDG,0.007202347036730736
open_2017_05_08_close_2017_05_08_flight_Fixed Wing_N550ND_after_0_189675,open_2017_05_08_close_2017_05_08_flight_Fixed Wing_N550ND_after_0_189675,276,VSpd,0.528976832938603,VSpdG,0.29245803992383557,AltB,0.10634837815412201,E1_RPM,0.04572980260626956,Roll,0.0048920253950896124
open_2017_05_08_close_2017_05_08_flight_Fixed Wing_N550ND_after_0_189675,open_2017_05_08_close_2017_05_08_flight_Fixed Wing_N550ND_after_0_189675,277,VSpd,0.394170823071517,VSpdG,0.21345643470600795,E1_RPM,0.1772773779761792,AltB,0.14471622691932728,TAS,0.01808952836491591
open_2017_05_08_close_2017_05_08_flight_Fixed Wing_N550ND_after_0_189675,open_2017_05_08_close_2017_05_08_flight_Fixed Wing_N550ND_after_0_189675,278,VSpdG,0.38292116100775825,VSpd,0.2470695134400377,AltB,0.2438988286673621,Roll,0.060243010680838434,E1_RPM,0.019511906293393406
open_2017_05_08_close_2017_05_08_flight_Fixed Wing_N550ND_after_0_189675,open_2017_05_08_close_2017_05_08_flight_Fixed Wing_N550ND_after_0_189675,279,VSpdG,0.562772019210349,VSpd,0.22770821654885298,AltB,0.09097931026495247,E1_RPM,0.0805816748060984,TAS,0.01299704432356464
open_2017_05_08_close_2017_05_08_flight_Fixed Wing_N550ND_after_0_189675,open_2017_05_08_close_2017_05_08_flight_Fixed Wing_N550ND_after_0_189675,280,VSpdG,0.5685642359237393,VSpd,0.34164770355656326,AltB,0.05940223360397276,E1_RPM,0.006788826697598431,E1_EGT4,0.006025083694117546
open_2017_05_08_close_2017_05_08_flight_Fixed Wing_N550ND_after_0_189675,open_2017_05_08_close_2017_05_08_flight_Fixed Wing_N550ND_after_0_189675,281,VSpdG,0.5720650572396113,VSpd,0.21812457494286344,AltB,0.13211664139482954,E1_RPM,0.044919658074243245,E1_EGT2,0.007662765200899152
open_2017_05_08_close_2017_05_08_flight_Fixed Wing_N550ND_after_0_189675,open_2017_05_08_close_2017_05_08_flight_Fixed Wing_N550ND_after_0_189675,282,VSpdG,0.5144797524362232,AltB,0.29305808683076096,E1_RPM,0.05861161736615811,TAS,0.03256200964786233,VSpd,0.02767770820068372
open_2017_05_08_close_2017_05_08_flight_Fixed Wing_N550ND_after_0_189675,open_2017_05_08_close_2017_05_08_flight_Fixed Wing_N550ND_after_0_189675,283,VSpd,0.5968061683698888,VSpdG,0.17101293799817185,AltB,0.15941884050676944,HDG,0.014492621864251768,Roll,0.012028876147328968
open_2017_05_08_close_2017_05_08_flight_Fixed Wing_N550ND_after_0_189675,open_2017_05_08_close_2017_05_08_flight_Fixed Wing_N550ND_after_0_189675,284,VSpdG,0.5703575873694743,AltB,0.18598616979439364,VSpd,0.07150134972095654,E1_RPM,0.07026144192232836,HDG,0.024798155972585584
open_2017_05_08_close_2017_05_08_flight_Fixed Wing_N550ND_after_0_189675,open_2017_05_08_close_2017_05_08_flight_Fixed Wing_N550ND_after_0_189675,285,VSpdG,0.42292814521260746,VSpd,0.28799392745429925,AltB,0.1074103225936781,E1_RPM,0.07250196775072783,HDG,0.0335657258105244
open_2017_05_08_close_2017_05_08_flight_Fixed Wing_N550ND_after_0_189675,open_2017_05_08_close_2017_05_08_flight_Fixed Wing_N550ND_after_0_189675,286,VSpd,0.7481404021332989,VSpdG,0.10198100555349951,AltB,0.09036291631322735,E1_RPM,0.023236178480543587,HDG,0.009681741033560074
open_2017_05_08_close_2017_05_08_flight_Fixed Wing_N550ND_after_0_189675,open_2017_05_08_close_2017_05_08_flight_Fixed Wing_N550ND_after_0_189675,287,VSpd,0.6677002634428245,AltB,0.1250960680923325,VSpdG,0.12353236724117887,Roll,0.02845935549100564,TAS,0.015637008511541563
open_2017_05_08_close_2017_05_08_flight_Fixed Wing_N550ND_after_0_189675,open_2017_05_08_close_2017_05_08_flight_Fixed Wing_N550ND_after_0_189675,288,VSpd,0.4510661585476696,AltB,0.20575749756355918,VSpdG,0.180609358972457,Roll,0.05806933820127115,E1_RPM,0.04801008276483879
open_2017_05_08_close_2017_05_08_flight_Fixed Wing_N550ND_after_0_189675,open_2017_05_08_close_2017_05_08_flight_Fixed Wing_N550ND_after_0_189675,289,VSpdG,0.5773794988162104,VSpd,0.3115379220885326,AltB,0.06947079531211081,E1_RPM,0.016209852239491822,HPLfd,0.003859488628450601
open_2017_05_08_close_2017_05_08_flight_Fixed Wing_N550ND_after_0_189675,open_2017_05_08_close_2017_05_08_flight_Fixed Wing_N550ND_after_0_189675,290,VSpd,0.567862485408374,VSpdG,0.1854678806097668,AltB,0.1535721304412077,E1_RPM,0.05315958361426421,E1_EGT4,0.011813240803169825
open_2017_05_08_close_2017_05_08_flight_Fixed Wing_N550ND_after_0_189675,open_2017_05_08_close_2017_05_08_flight_Fixed Wing_N550ND_after_0_189675,291,VSpd,0.3032121516294131,AltB,0.29814370858349487,VSpdG,0.23255209269512467,HDG,0.06261017880253376,E1_RPM,0.03279580794418173
open_2017_05_08_close_2017_05_08_flight_Fixed Wing_N550ND_after_0_189675,open_2017_05_08_close_2017_05_08_flight_Fixed Wing_N550ND_after_0_189675,292,VSpd,0.6114856517219744,AltB,0.14990455200538685,VSpdG,0.1474061428052965,E1_RPM,0.03247931960116601,E1_EGT2,0.014865534740532036
open_2017_05_08_close_2017_05_08_flight_Fixed Wing_N550ND_after_0_189675,open_2017_05_08_close_2017_05_08_flight_Fixed Wing_N550ND_after_0_189675,293,VSpd,0.8454868037505026,AltB,0.03616282308599242,VSpdG,0.03616282308599242,E1_RPM,0.03254654077739235,Roll,0.01148169632980259
open_2017_05_08_close_2017_05_08_flight_Fixed Wing_N550ND_after_0_189675,open_2017_05_08_close_2017_05_08_flight_Fixed Wing_N550ND_after_0_189675,294,VSpd,0.6264592439722029,VSpdG,0.28396662103841414,AltB,0.06256891649998955,E1_RPM,0.00673819100769162,TAS,0.004812993576922273
open_2017_05_08_close_2017_05_08_flight_Fixed Wing_N550ND_after_0_189675,open_2017_05_08_close_2017_05_08_flight_Fixed Wing_N550ND_after_0_189675,295,VSpdG,0.7539124594428702,E1_RPM,0.10809271197093592,AltB,0.061571797958129115,VSpd,0.04392121587679849,Pitch,0.010877684305936143
open_2017_05_08_close_2017_05_08_flight_Fixed Wing_N550ND_after_0_189675,open_2017_05_08_close_2017_05_08_flight_Fixed Wing_N550ND_after_0_189675,296,VSpd,0.5405101102354894,VSpdG,0.3560922722728583,E1_EGT4,0.02720400354165736,E1_EGT2,0.022459119202996383,E1_RPM,0.017171962368486855
open_2017_05_08_close_2017_05_08_flight_Fixed Wing_N550ND_after_0_189675,open_2017_05_08_close_2017_05_08_flight_Fixed Wing_N550ND_after_0_189675,297,VSpdG,0.5481650903490524,VSpd,0.34655182830541786,AltB,0.03484100150523638,E1_RPM,0.034260318146813656,E1_EGT2,0.00853604536878307
open_2017_05_08_close_2017_05_08_flight_Fixed Wing_N550ND_after_0_189675,open_2017_05_08_close_2017_05_08_flight_Fixed Wing_N550ND_after_0_189675,298,VSpd,0.4667080899665151,VSpdG,0.36481538523645934,E1_RPM,0.044149632608236046,AltB,0.03485497311176363,E1_EGT4,0.02567649685899699
open_2017_05_08_close_2017_05_08_flight_Fixed Wing_N550ND_after_0_189675,open_2017_05_08_close_2017_05_08_flight_Fixed Wing_N550ND_after_0_189675,299,VSpd,0.5452808689415207,VSpdG,0.13778417408503366,E1_RPM,0.12056115232440447,AltB,0.06889208704251683,Roll,0.0458132378832737
open_2017_05_08_close_2017_05_08_flight_Fixed Wing_N550ND_after_0_189675,open_2017_05_08_close_2017_05_08_flight_Fixed Wing_N550ND_after_0_189675,300,VSpdG,0.5223795871897189,VSpd,0.3233778396888736,E1_RPM,0.07628400320865586,AltB,0.016583478958403775,TAS,0.016583478958403775
open_2017_05_08_close_2017_05_08_flight_Fixed Wing_N550ND_after_0_189675,open_2017_05_08_close_2017_05_08_flight_Fixed Wing_N550ND_after_0_189675,301,VSpd,0.7539234511012324,VSpdG,0.17664025449209114,AltB,0.02855616123428725,E1_RPM,0.019581367703511997,TAS,0.008158903209796358
open_2017_05_08_close_2017_05_08_flight_Fixed Wing_N550ND_after_0_189675,open_2017_05_08_close_2017_05_08_flight_Fixed Wing_N550ND_after_0_189675,302,VSpd,0.6763434576210255,VSpdG,0.2533010389159279,AltB,0.0296837154979603,E1_RPM,0.01187348619918457,E1_EGT4,0.006629363127877395
open_2017_05_08_close_2017_05_08_flight_Fixed Wing_N550ND_after_0_189675,open_2017_05_08_close_2017_05_08_flight_Fixed Wing_N550ND_after_0_189675,303,VSpdG,0.7181905013161632,VSpd,0.21746394857803564,E1_RPM,0.024324826462867506,AltB,0.024324826462867506,E1_EGT4,0.002736542977071488
open_2017_05_08_close_2017_05_08_flight_Fixed Wing_N550ND_after_0_189675,open_2017_05_08_close_2017_05_08_flight_Fixed Wing_N550ND_after_0_189675,304,VSpd,0.652349622052807,VSpdG,0.287832032151743,AltB,0.020895247343139238,E1_RPM,0.013581910773042405,TAS,0.0052238118357848095
open_2017_05_08_close_2017_05_08_flight_Fixed Wing_N550ND_after_0_189675,open_2017_05_08_close_2017_05_08_flight_Fixed Wing_N550ND_after_0_189675,305,VSpdG,0.5198751378742401,VSpd,0.2935403274257765,E1_RPM,0.10819736372002113,AltB,0.026389600907321835,E1_EGT2,0.012315147090082324
open_2017_05_08_close_2017_05_08_flight_Fixed Wing_N550ND_after_0_189675,open_2017_05_08_close_2017_05_08_flight_Fixed Wing_N550ND_after_0_189675,306,VSpd,0.7663421994428721,VSpdG,0.16774379254471758,AltB,0.02554473998142907,E1_EGT2,0.009707001192941963,HDG,0.009366404659857277
open_2017_05_08_close_2017_05_08_flight_Fixed Wing_N550ND_after_0_189675,open_2017_05_08_close_2017_05_08_flight_Fixed Wing_N550ND_after_0_189675,307,VSpd,0.5896278794047528,VSpdG,0.3028857685599383,E1_RPM,0.03382480664121557,E1_EGT2,0.015528661230741307,AltB,0.015374912109641536
open_2017_05_08_close_2017_05_08_flight_Fixed Wing_N550ND_after_0_189675,open_2017_05_08_close_2017_05_08_flight_Fixed Wing_N550ND_after_0_189675,308,VSpd,0.5684818511545995,VSpdG,0.3484365776563834,E1_RPM,0.03408618694464391,AltB,0.012624513683202297,E1_EGT4,0.008079688757250734
open_2017_05_08_close_2017_05_08_flight_Fixed Wing_N550ND_after_0_189675,open_2017_05_08_close_2017_05_08_flight_Fixed Wing_N550ND_after_0_189675,309,VSpd,0.5245803455508089,VSpdG,0.39870684504739384,AltB,0.018416020556461608,E1_EGT2,0.01141793274500628,TAS,0.009208010278230804
open_2017_05_08_close_2017_05_08_flight_Fixed Wing_N550ND_after_0_189675,open_2017_05_08_close_2017_05_08_flight_Fixed Wing_N550ND_after_0_189675,310,VSpdG,0.51428166674206,VSpd,0.38946632254386787,AltB,0.02448960317819333,E1_RPM,0.01877536243661266,E1_EGT4,0.015183553970480905
open_2017_05_08_close_2017_05_08_flight_Fixed Wing_N550ND_after_0_189675,open_2017_05_08_close_2017_05_08_flight_Fixed Wing_N550ND_after_0_189675,311,VSpdG,0.6691465724366866,VSpd,0.16864531635269792,E1_RPM,0.06963200373071965,TAS,0.01698341554407834,AltB,0.01698341554407834
open_2017_05_08_close_2017_05_08_flight_Fixed Wing_N550ND_after_0_189675,open_2017_05_08_close_2017_05_08_flight_Fixed Wing_N550ND_after_0_189675,312,VSpd,0.8384402685820989,VSpdG,0.08165283680718179,AltB,0.020671604254982715,E1_EGT2,0.018501085808209153,E1_RPM,0.017570863616733427
open_2017_05_08_close_2017_05_08_flight_Fixed Wing_N550ND_after_0_189675,open_2017_05_08_close_2017_05_08_flight_Fixed Wing_N550ND_after_0_189675,313,VSpd,0.875525145868897,AltB,0.03323306683882698,E1_RPM,0.02160149344524056,TAS,0.01661653341941349,HDG,0.013293226735530982
open_2017_05_08_close_2017_05_08_flight_Fixed Wing_N550ND_after_0_189675,open_2017_05_08_close_2017_05_08_flight_Fixed Wing_N550ND_after_0_189675,314,VSpd,0.5960048027000874,VSpdG,0.33880521174986933,E1_RPM,0.022357704328670795,AltB,0.008599117049489067,HPLfd,0.004299558524744534
open_2017_05_08_close_2017_05_08_flight_Fixed Wing_N550ND_after_0_189675,open_2017_05_08_close_2017_05_08_flight_Fixed Wing_N550ND_after_0_189675,315,VSpd,0.5055936576090072,VSpdG,0.43258176134190846,E1_RPM,0.01207715577350406,AltB,0.010979232521368235,E1_EGT2,0.008563801366666924
open_2017_05_08_close_2017_05_08_flight_Fixed Wing_N550ND_after_0_189675,open_2017_05_08_close_2017_05_08_flight_Fixed Wing_N550ND_after_0_189675,316,VSpdG,0.5395663947140443,VSpd,0.394241773950242,AltB,0.010538406146758675,TAS,0.010538406146758675,E1_EGT4,0.007693036487134024
open_2017_05_08_close_2017_05_08_flight_Fixed Wing_N550ND_after_0_189675,open_2017_05_08_close_2017_05_08_flight_Fixed Wing_N550ND_after_0_189675,317,VSpdG,0.8356098853371339,VSpd,0.07498382886411495,AltB,0.0265272979472106,Roll,0.016977470686214784,E1_RPM,0.01591637876832797
open_2017_05_08_close_2017_05_08_flight_Fixed Wing_N550ND_after_0_189675,open_2017_05_08_close_2017_05_08_flight_Fixed Wing_N550ND_after_0_189675,318,VSpdG,0.4881500323453968,VSpd,0.45389227842915353,E1_RPM,0.02433861873406107,AltB,0.00459219221397363,TAS,0.00459219221397363
open_2017_05_08_close_2017_05_08_flight_Fixed Wing_N550ND_after_0_189675,open_2017_05_08_close_2017_05_08_flight_Fixed Wing_N550ND_after_0_189675,319,VSpd,0.5223377809627088,VSpdG,0.3986097119647136,E1_RPM,0.0510914503848359,HDG,0.004819948149512862,TAS,0.004819948149512862
open_2017_05_08_close_2017_05_08_flight_Fixed Wing_N550ND_after_0_189675,open_2017_05_08_close_2017_05_08_flight_Fixed Wing_N550ND_after_0_189675,320,VSpd,0.9180525592681772,AltB,0.03592457676651055,E1_RPM,0.02083625452457514,VSpdG,0.01436983070660422,E1_EGT4,0.0021913991827567842
open_2017_05_08_close_2017_05_08_flight_Fixed Wing_N550ND_after_0_189675,open_2017_05_08_close_2017_05_08_flight_Fixed Wing_N550ND_after_0_189675,321,VSpdG,0.43066438613966435,VSpd,0.35705593238620137,E1_RPM,0.09448249287757345,AltB,0.04394534552445555,HDG,0.021972672762227776
open_2017_05_08_close_2017_05_08_flight_Fixed Wing_N550ND_after_0_189675,open_2017_05_08_close_2017_05_08_flight_Fixed Wing_N550ND_after_0_189675,322,VSpdG,0.524074614097348,VSpd,0.38839865687351305,AltB,0.02047166461317766,E1_EGT4,0.015353748459883243,E1_RPM,0.014330165229222964
open_2017_05_08_close_2017_05_08_flight_Fixed Wing_N550ND_after_0_189675,open_2017_05_08_close_2017_05_08_flight_Fixed Wing_N550ND_after_0_189675,323,VSpd,0.620142057864901,VSpdG,0.2919599132382961,AltB,0.03927711837286495,E1_RPM,0.022257033744623074,Roll,0.005455155329564576
open_2017_05_08_close_2017_05_08_flight_Fixed Wing_N550ND_after_0_189675,open_2017_05_08_close_2017_05_08_flight_Fixed Wing_N550ND_after_0_189675,324,VSpd,0.49839990726420025,VSpdG,0.35935740195197896,AltB,0.045488278728098595,E1_RPM,0.02577669127925311,HDG,0.018195311491239267
open_2017_05_08_close_2017_05_08_flight_Fixed Wing_N550ND_after_0_189675,open_2017_05_08_close_2017_05_08_flight_Fixed Wing_N550ND_after_0_189675,325,VSpdG,0.5990306343624232,VSpd,0.3603490779307288,AltB,0.008460884666135919,Roll,0.0076994050461836865,HDG,0.005922619266295288
open_2017_05_08_close_2017_05_08_flight_Fixed Wing_N550ND_after_0_189675,open_2017_05_08_close_2017_05_08_flight_Fixed Wing_N550ND_after_0_189675,326,VSpd,0.6630114318755428,VSpdG,0.2098522421991398,E1_RPM,0.05398372897151712,AltB,0.04562005265198688,TAS,0.00760334210866448
open_2017_05_08_close_2017_05_08_flight_Fixed Wing_N550ND_after_0_189675,open_2017_05_08_close_2017_05_08_flight_Fixed Wing_N550ND_after_0_189675,327,VSpdG,0.5769657811854292,VSpd,0.3470307296998918,AltB,0.042563049431712,E1_RPM,0.011350146515123628,E1_EGT2,0.005958826920439636
open_2017_05_08_close_2017_05_08_flight_Fixed Wing_N550ND_after_0_189675,open_2017_05_08_close_2017_05_08_flight_Fixed Wing_N550ND_after_0_189675,328,VSpd,0.8209792125050921,AltB,0.049357467685676885,E1_RPM,0.03290497845711792,TAS,0.01645248922855896,Roll,0.01645248922855896
open_2017_05_08_close_2017_05_08_flight_Fixed Wing_N550ND_after_0_189675,open_2017_05_08_close_2017_05_08_flight_Fixed Wing_N550ND_after_0_189675,329,VSpdG,0.5824324946907441,VSpd,0.2493500637946631,E1_RPM,0.08250100876168877,AltB,0.024627166794534628,Roll,0.024011487624671264
open_2017_05_08_close_2017_05_08_flight_Fixed Wing_N550ND_after_0_189675,open_2017_05_08_close_2017_05_08_flight_Fixed Wing_N550ND_after_0_189675,330,VSpd,0.6706754364084329,VSpdG,0.27885729914092666,HPLfd,0.011815987251734184,AltB,0.011815987251734184,E1_EGT4,0.007207752223556669
open_2017_05_08_close_2017_05_08_flight_Fixed Wing_N550ND_after_0_189675,open_2017_05_08_close_2017_05_08_flight_Fixed Wing_N550ND_after_0_189675,331,VSpd,0.7474671143462716,VSpdG,0.10048678889867123,E1_RPM,0.0515316866147033,TAS,0.02576584330735165,TRK,0.012882921653675826
open_2017_05_08_close_2017_05_08_flight_Fixed Wing_N550ND_after_0_189675,open_2017_05_08_close_2017_05_08_flight_Fixed Wing_N550ND_after_0_189675,332,VSpd,0.7531946963876562,VSpdG,0.18728163585912722,AltB,0.029320021269530684,E1_RPM,0.018691513559325478,TAS,0.0036650026586913355
open_2017_05_08_close_2017_05_08_flight_Fixed Wing_N550ND_after_0_189675,open_2017_05_08_close_2017_05_08_flight_Fixed Wing_N550ND_after_0_189675,333,VSpdG,0.6509456122312675,VSpd,0.24756598204858973,AltB,0.04132988014166777,E1_RPM,0.020664940070833884,Pitch,0.006406131421958503
open_2017_05_08_close_2017_05_08_flight_Fixed Wing_N550ND_after_0_189675,open_2017_05_08_close_2017_05_08_flight_Fixed Wing_N550ND_after_0_189675,334,VSpd,0.7271689050340213,VSpdG,0.1728912568890076,AltB,0.05860720572508733,E1_EGT2,0.009230634901699524,HDG,0.007325900715635917
open_2017_05_08_close_2017_05_08_flight_Fixed Wing_N550ND_after_0_189675,open_2017_05_08_close_2017_05_08_flight_Fixed Wing_N550ND_after_0_189675,335,VSpdG,0.5249812084867245,VSpd,0.23579664448979992,AltB,0.13643579429598218,E1_RPM,0.06673489938390564,Roll,0.008897986584520753
open_2017_05_08_close_2017_05_08_flight_Fixed Wing_N550ND_after_0_189675,open_2017_05_08_close_2017_05_08_flight_Fixed Wing_N550ND_after_0_189675,336,VSpd,0.6498049710594093,VSpdG,0.22383559940322348,AltB,0.0454488526707053,E1_RPM,0.03522286081979557,TAS,0.011362213167676325
open_2017_05_08_close_2017_05_08_flight_Fixed Wing_N550ND_after_0_189675,open_2017_05_08_close_2017_05_08_flight_Fixed Wing_N550ND_after_0_189675,337,VSpd,0.8389767187699156,VSpdG,0.08045540274681152,E1_RPM,0.03258953022655934,AltB,0.010184228195798926,TAS,0.010184228195798926
open_2017_05_08_close_2017_05_08_flight_Fixed Wing_N550ND_after_0_189675,open_2017_05_08_close_2017_05_08_flight_Fixed Wing_N550ND_after_0_189675,338,VSpd,0.5062775041499353,VSpdG,0.38982380923825444,TAS,0.024672392989762933,AltB,0.024672392989762933,E1_EGT4,0.010609128985599632
open_2017_05_08_close_2017_05_08_flight_Fixed Wing_N550ND_after_0_189675,open_2017_05_08_close_2017_05_08_flight_Fixed Wing_N550ND_after_0_189675,339,VSpdG,0.5462512545349005,VSpd,0.4205073185134136,AltB,0.008165190650745897,E1_EGT4,0.004082595325372949,Roll,0.0035926838863281946
open_2017_05_08_close_2017_05_08_flight_Fixed Wing_N550ND_after_0_189675,open_2017_05_08_close_2017_05_08_flight_Fixed Wing_N550ND_after_0_189675,340,VSpd,0.529217566068757,VSpdG,0.3561174422438822,AltB,0.06010420966141475,TAS,0.015026052415353687,E1_EGT2,0.013373186649666285
open_2017_05_08_close_2017_05_08_flight_Fixed Wing_N550ND_after_0_189675,open_2017_05_08_close_2017_05_08_flight_Fixed Wing_N550ND_after_0_189675,341,VSpdG,0.7079861360738882,E1_RPM,0.08999823763651119,AltB,0.07999843345467661,VSpd,0.047199075738259474,E1_EGT4,0.02339954178548982
open_2017_05_08_close_2017_05_08_flight_Fixed Wing_N550ND_after_0_189675,open_2017_05_08_close_2017_05_08_flight_Fixed Wing_N550ND_after_0_189675,342,VSpd,0.774392360448996,VSpdG,0.14510037067727952,AltB,0.036968247306313214,E1_RPM,0.010166268009235292,HPLfd,0.009242061826578303
open_2017_05_08_close_2017_05_08_flight_Fixed Wing_N550ND_after_0_189675,open_2017_05_08_close_2017_05_08_flight_Fixed Wing_N550ND_after_0_189675,343,VSpd,0.7719096036189833,AltB,0.064282945004912,E1_RPM,0.05656899160431788,VSpdG,0.05142635600392959,TAS,0.012856589000982398
open_2017_05_08_close_2017_05_08_flight_Fixed Wing_N550ND_after_0_189675,open_2017_05_08_close_2017_05_08_flight_Fixed Wing_N550ND_after_0_189675,344,VSpd,0.566678881851937,VSpdG,0.3219952112051676,AltB,0.032689869157885035,E1_RPM,0.024517401868413776,E1_EGT2,0.015364238504206857
open_2017_05_08_close_2017_05_08_flight_Fixed Wing_N550ND_after_0_189675,open_2017_05_08_close_2017_05_08_flight_Fixed Wing_N550ND_after_0_189675,345,VSpd,0.6473068949926511,VSpdG,0.1685472798431753,AltB,0.06400529614297802,E1_RPM,0.05120423691438436,Roll,0.02944243622576989
open_2017_05_08_close_2017_05_08_flight_Fixed Wing_N550ND_after_0_189675,open_2017_05_08_close_2017_05_08_flight_Fixed Wing_N550ND_after_0_189675,346,VSpdG,0.48167668919095225,VSpd,0.17315972117750728,E1_RPM,0.06706890608990168,AltB,0.06097173280898136,TAS,0.06097173280898136
open_2017_05_08_close_2017_05_08_flight_Fixed Wing_N550ND_after_0_189675,open_2017_05_08_close_2017_05_08_flight_Fixed Wing_N550ND_after_0_189675,347,VSpd,0.4915050691115007,E1_RPM,0.181590542775185,VSpdG,0.15737847040516056,TAS,0.04035345395004111,Roll,0.03752871217353823
open_2017_05_08_close_2017_05_08_flight_Fixed Wing_N550ND_after_0_189675,open_2017_05_08_close_2017_05_08_flight_Fixed Wing_N550ND_after_0_189675,348,E1_RPM,0.39030709598353547,VSpdG,0.24781402919590625,VSpd,0.13939539142269727,AltB,0.061953507298976564,Roll,0.05823629686103798
open_2017_05_08_close_2017_05_08_flight_Fixed Wing_N550ND_after_0_189675,open_2017_05_08_close_2017_05_08_flight_Fixed Wing_N550ND_after_0_189675,349,VSpdG,0.5009464371501305,VSpd,0.3529510937890259,E1_RPM,0.06611475820255298,Roll,0.013731526703607638,HPLfd,0.012714376577414479
open_2017_05_08_close_2017_05_08_flight_Fixed Wing_N550ND_after_0_189675,open_2017_05_08_close_2017_05_08_flight_Fixed Wing_N550ND_after_0_189675,350,VSpd,0.8145230776292258,VSpdG,0.10832447599605582,E1_RPM,0.027493521826410107,AltB,0.021994817461128087,E1_EGT4,0.005608678452587562
open_2017_05_08_close_2017_05_08_flight_Fixed Wing_N550ND_after_0_189675,open_2017_05_08_close_2017_05_08_flight_Fixed Wing_N550ND_after_0_189675,351,VSpd,0.7040857884183171,VSpdG,0.2107257094184006,E1_RPM,0.03690676266649846,AltB,0.029763518279435117,TAS,0.005952703655887024
open_2017_05_08_close_2017_05_08_flight_Fixed Wing_N550ND_after_0_189675,open_2017_05_08_close_2017_05_08_flight_Fixed Wing_N550ND_after_0_189675,352,VSpdG,0.5418030061665378,VSpd,0.2958322935844104,AltB,0.05889163110505844,E1_RPM,0.03140886992269605,Roll,0.023360347005006513
open_2017_05_08_close_2017_05_08_flight_Fixed Wing_N550ND_after_0_189675,open_2017_05_08_close_2017_05_08_flight_Fixed Wing_N550ND_after_0_189675,353,VSpdG,0.5983197090722305,VSpd,0.24967856214026815,AltB,0.050491114689639696,E1_RPM,0.035343780282750085,E1_EGT4,0.014137512113103478
open_2017_05_08_close_2017_05_08_flight_Fixed Wing_N550ND_after_0_189675,open_2017_05_08_close_2017_05_08_flight_Fixed Wing_N550ND_after_0_189675,354,VSpd,0.7494073710393261,VSpdG,0.1631400604789973,AltB,0.041476286562456936,E1_RPM,0.017973057510397378,HDG,0.006912714427076156
open_2017_05_08_close_2017_05_08_flight_Fixed Wing_N550ND_after_0_189675,open_2017_05_08_close_2017_05_08_flight_Fixed Wing_N550ND_after_0_189675,355,VSpd,0.6934886356302624,VSpdG,0.16494235199395055,E1_RPM,0.07098784769359619,Roll,0.022757868819418516,AltB,0.01043938936670574
open_2017_05_08_close_2017_05_08_flight_Fixed Wing_N550ND_after_0_189675,open_2017_05_08_close_2017_05_08_flight_Fixed Wing_N550ND_after_0_189675,356,VSpdG,0.4486500953386641,E1_RPM,0.2167208087652803,VSpd,0.08744874739651876,AltB,0.07604238904045166,TAS,0.03802119452022583
open_2017_05_08_close_2017_05_08_flight_Fixed Wing_N550ND_after_0_189675,open_2017_05_08_close_2017_05_08_flight_Fixed Wing_N550ND_after_0_189675,357,VSpd,0.8794123105952237,VSpdG,0.07160747530099229,AltB,0.033235537059532264,Roll,0.0031422689583557773,TAS,0.0030214124599574786
open_2017_05_08_close_2017_05_08_flight_Fixed Wing_N550ND_after_0_189675,open_2017_05_08_close_2017_05_08_flight_Fixed Wing_N550ND_after_0_189675,358,VSpdG,0.561420131147287,VSpd,0.21622811572810416,E1_RPM,0.10780893822756245,AltB,0.04068261819907877,E1_EGT4,0.02888465892134741
open_2017_05_08_close_2017_05_08_flight_Fixed Wing_N550ND_after_0_189675,open_2017_05_08_close_2017_05_08_flight_Fixed Wing_N550ND_after_0_189675,359,VSpd,0.563289236039058,VSpdG,0.29891527855846245,E1_RPM,0.10722992532414857,AltB,0.00948937392249087,Roll,0.007211924181093062
open_2017_05_08_close_2017_05_08_flight_Fixed Wing_N550ND_after_0_189675,open_2017_05_08_close_2017_05_08_flight_Fixed Wing_N550ND_after_0_189675,360,VSpd,0.8555269407252892,VSpdG,0.05545213675965808,AltB,0.028436993210081075,E1_RPM,0.019905895247058047,TAS,0.014218496605040537
open_2017_05_08_close_2017_05_08_flight_Fixed Wing_N550ND_after_0_189675,open_2017_05_08_close_2017_05_08_flight_Fixed Wing_N550ND_after_0_189675,361,VSpd,0.753711463855391,E1_RPM,0.1184685796962494,VSpdG,0.07000416072960298,AltB,0.017949784802462277,TAS,0.017949784802462277
open_2017_05_08_close_2017_05_08_flight_Fixed Wing_N550ND_after_0_189675,open_2017_05_08_close_2017_05_08_flight_Fixed Wing_N550ND_after_0_189675,362,VSpd,0.8515026722271802,E1_RPM,0.04952996639227136,VSpdG,0.04127497199356182,AltB,0.03095622899517136,Roll,0.007842244678776745
open_2017_05_08_close_2017_05_08_flight_Fixed Wing_N550ND_after_0_189675,open_2017_05_08_close_2017_05_08_flight_Fixed Wing_N550ND_after_0_189675,363,VSpd,0.43893483764730257,VSpdG,0.33742222047154224,E1_RPM,0.06004971720255998,Roll,0.040605046870304216,AltB,0.028595103429791702
open_2017_05_08_close_2017_05_08_flight_Fixed Wing_N550ND_after_0_189675,open_2017_05_08_close_2017_05_08_flight_Fixed Wing_N550ND_after_0_189675,364,VSpd,0.5813447411944355,VSpdG,0.31830159537327357,E1_RPM,0.04362509175166399,Roll,0.03005284098448166,Pitch,0.006786125383592633
open_2017_05_08_close_2017_05_08_flight_Fixed Wing_N550ND_after_0_189675,open_2017_05_08_close_2017_05_08_flight_Fixed Wing_N550ND_after_0_189675,365,VSpd,0.7375949678776293,VSpdG,0.15361688198741205,AltB,0.046786867610379264,E1_RPM,0.04054861859566416,HPLfd,0.0038989056341982723
open_2017_05_08_close_2017_05_08_flight_Fixed Wing_N550ND_after_0_189675,open_2017_05_08_close_2017_05_08_flight_Fixed Wing_N550ND_after_0_189675,366,VSpdG,0.48933867073650095,VSpd,0.43533554470596103,E1_RPM,0.03827807783774179,AltB,0.010345426442632154,E1_EGT4,0.007034889980990524
open_2017_05_08_close_2017_05_08_flight_Fixed Wing_N550ND_after_0_189675,open_2017_05_08_close_2017_05_08_flight_Fixed Wing_N550ND_after_0_189675,367,VSpd,0.5711315655147383,VSpdG,0.3559684272598784,AltB,0.03390175497713128,E1_EGT2,0.010283532343064079,E1_RPM,0.009040467993903728
open_2017_05_08_close_2017_05_08_flight_Fixed Wing_N550ND_after_0_189675,open_2017_05_08_close_2017_05_08_flight_Fixed Wing_N550ND_after_0_189675,368,VSpd,0.549672925336132,VSpdG,0.24841595246902978,AltB,0.08420879744712866,E1_RPM,0.06947225789388498,Roll,0.015789149521336622
open_2017_05_08_close_2017_05_08_flight_Fixed Wing_N550ND_after_0_189675,open_2017_05_08_close_2017_05_08_flight_Fixed Wing_N550ND_after_0_189675,369,VSpd,0.6312458547318006,VSpdG,0.3084212137454482,E1_RPM,0.030268071738132923,AltB,0.010437266116597232,TAS,0.005218633058298616
open_2017_05_08_close_2017_05_08_flight_Fixed Wing_N550ND_after_0_189675,open_2017_05_08_close_2017_05_08_flight_Fixed Wing_N550ND_after_0_189675,370,VSpd,0.4675613402687794,VSpdG,0.2836442442897931,E1_RPM,0.13007888910104817,AltB,0.07226604950058416,E1_OilP,0.010659242301336224
open_2017_05_08_close_2017_05_08_flight_Fixed Wing_N550ND_after_0_189675,open_2017_05_08_close_2017_05_08_flight_Fixed Wing_N550ND_after_0_189675,371,VSpdG,0.8564151957503241,E1_RPM,0.06523064144535447,VSpd,0.03107223027988486,AltB,0.021042142401727866,E1_EGT2,0.008346716486019102
open_2017_05_08_close_2017_05_08_flight_Fixed Wing_N550ND_after_0_189675,open_2017_05_08_close_2017_05_08_flight_Fixed Wing_N550ND_after_0_189675,372,VSpd,0.7192481498915833,VSpdG,0.1919684128554964,E1_RPM,0.0487229474252529,AltB,0.01948917897010116,E1_EGT2,0.005164632427076541
open_2017_05_08_close_2017_05_08_flight_Fixed Wing_N550ND_after_0_189675,open_2017_05_08_close_2017_05_08_flight_Fixed Wing_N550ND_after_0_189675,373,VSpd,0.532969144705396,E1_RPM,0.21070069881418454,VSpdG,0.13471028284841527,AltB,0.06908219633252055,E1_EGT2,0.012434795339850244
open_2017_05_08_close_2017_05_08_flight_Fixed Wing_N550ND_after_0_189675,open_2017_05_08_close_2017_05_08_flight_Fixed Wing_N550ND_after_0_189675,374,VSpd,0.518530027600807,VSpdG,0.4145085398938342,E1_RPM,0.04031161275923044,AltB,0.008763394078093747,HPLfd,0.004381697039046874
open_2017_05_08_close_2017_05_08_flight_Fixed Wing_N550ND_after_0_189675,open_2017_05_08_close_2017_05_08_flight_Fixed Wing_N550ND_after_0_189675,375,VSpdG,0.707602127279789,VSpd,0.22934211079601294,AltB,0.017959444854816983,E1_RPM,0.014367555883856855,TRK,0.005387833456444789
open_2017_05_08_close_2017_05_08_flight_Fixed Wing_N550ND_after_0_189675,open_2017_05_08_close_2017_05_08_flight_Fixed Wing_N550ND_after_0_189675,376,VSpd,0.5838288476930755,VSpdG,0.2106049267933919,AltB,0.07997655447850348,E1_RPM,0.06131535843352418,E1_EGT2,0.018128019015129154
open_2017_05_08_close_2017_05_08_flight_Fixed Wing_N550ND_after_0_189675,open_2017_05_08_close_2017_05_08_flight_Fixed Wing_N550ND_after_0_189675,377,VSpd,0.6509945737415318,VSpdG,0.3052749756318748,E1_RPM,0.01810953245274147,AltB,0.00862358688225635,E1_EGT2,0.0038806140970157493
open_2017_05_08_close_2017_05_08_flight_Fixed Wing_N550ND_after_0_189675,open_2017_05_08_close_2017_05_08_flight_Fixed Wing_N550ND_after_0_189675,378,VSpd,0.6173593516474634,VSpdG,0.2959942096939892,E1_RPM,0.031008917206038676,AltB,0.01879328315517392,TAS,0.00939664157758696
open_2017_05_08_close_2017_05_08_flight_Fixed Wing_N550ND_after_0_189675,open_2017_05_08_close_2017_05_08_flight_Fixed Wing_N550ND_after_0_189675,379,VSpd,0.5334329405042638,VSpdG,0.24435204572788516,AltB,0.0828312019416559,E1_RPM,0.07868964184457687,E1_EGT2,0.024849360582497714
open_2017_05_08_close_2017_05_08_flight_Fixed Wing_N550ND_after_0_189675,open_2017_05_08_close_2017_05_08_flight_Fixed Wing_N550ND_after_0_189675,380,VSpdG,0.4719902684102493,VSpd,0.42179130342254884,Roll,0.029999381466753135,AltB,0.01999958764450209,E1_RPM,0.015999670115596214
open_2017_05_08_close_2017_05_08_flight_Fixed Wing_N550ND_after_0_189675,open_2017_05_08_close_2017_05_08_flight_Fixed Wing_N550ND_after_0_189675,381,VSpdG,0.5940636232788591,VSpd,0.35018487266964327,E1_RPM,0.01940679713070879,AltB,0.010781553961503794,HPLfd,0.005390776980751897
open_2017_05_08_close_2017_05_08_flight_Fixed Wing_N550ND_after_0_189675,open_2017_05_08_close_2017_05_08_flight_Fixed Wing_N550ND_after_0_189675,382,VSpdG,0.4169539039584922,VSpd,0.4098868886371617,E1_RPM,0.08833769151662972,AltB,0.03533507660665189,TAS,0.017667538303325944
open_2017_05_08_close_2017_05_08_flight_Fixed Wing_N550ND_after_0_189675,open_2017_05_08_close_2017_05_08_flight_Fixed Wing_N550ND_after_0_189675,383,VSpd,0.6472261396201889,VSpdG,0.14285127020479563,E1_RPM,0.06226850239697215,TAS,0.036628530821742444,AltB,0.036628530821742444
open_2017_05_08_close_2017_05_08_flight_Fixed Wing_N550ND_after_0_189675,open_2017_05_08_close_2017_05_08_flight_Fixed Wing_N550ND_after_0_189675,384,E1_RPM,0.42382839494073876,VSpdG,0.30609828523497273,VSpd,0.08555054638618498,TAS,0.07848673980383919,E1_EGT2,0.03610390030976888
open_2017_05_08_close_2017_05_08_flight_Fixed Wing_N550ND_after_0_189675,open_2017_05_08_close_2017_05_08_flight_Fixed Wing_N550ND_after_0_189675,385,VSpdG,0.8572310378080458,E1_EGT4,0.04438455119615183,Roll,0.04133855258465195,E1_RPM,0.01740570635143636,E1_OilP,0.015665135716289753
open_2017_05_08_close_2017_05_08_flight_Fixed Wing_N550ND_after_0_189675,open_2017_05_08_close_2017_05_08_flight_Fixed Wing_N550ND_after_0_189675,386,VSpd,0.7889796107186314,E1_RPM,0.13396187235407053,Roll,0.022047891491606606,HPLfd,0.013954361703548484,TRK,0.011163489362838947
open_2017_05_08_close_2017_05_08_flight_Fixed Wing_N550ND_after_0_189675,open_2017_05_08_close_2017_05_08_flight_Fixed Wing_N550ND_after_0_189675,387,VSpd,0.44709059522575295,VSpdG,0.39253489759403926,E1_RPM,0.03991880314515047,AltB,0.03326566928763043,E1_EGT4,0.03326566928763043
open_2017_05_08_close_2017_05_08_flight_Fixed Wing_N550ND_after_0_189675,open_2017_05_08_close_2017_05_08_flight_Fixed Wing_N550ND_after_0_189675,388,VSpdG,0.5422360617477847,E1_RPM,0.2587319279405698,VSpd,0.1772588953124738,Roll,0.003853454245923343,HDG,0.0027524673185165167
open_2017_05_08_close_2017_05_08_flight_Fixed Wing_N550ND_after_0_189675,open_2017_05_08_close_2017_05_08_flight_Fixed Wing_N550ND_after_0_189675,389,E1_RPM,0.49119616360710183,VSpd,0.3184852544678401,E1_EGT4,0.07922518767856714,E1_OilP,0.03169007507142731,E1_EGT2,0.02218305255001465
open_2017_05_08_close_2017_05_08_flight_Fixed Wing_N550ND_after_0_189675,open_2017_05_08_close_2017_05_08_flight_Fixed Wing_N550ND_after_0_189675,390,VSpdG,0.7360722126663428,E1_RPM,0.06861690118075511,VSpd,0.03805119065478549,E1_EGT4,0.033684660579643935,E1_EGT2,0.033060870568910314
open_2017_05_08_close_2017_05_08_flight_Fixed Wing_N550ND_after_0_189675,open_2017_05_08_close_2017_05_08_flight_Fixed Wing_N550ND_after_0_189675,391,VSpd,0.6803183248369677,VSpdG,0.19206973026326912,E1_RPM,0.04648821496818201,AltB,0.036701222343299825,TAS,0.012233740781099943
open_2017_05_08_close_2017_05_08_flight_Fixed Wing_N550ND_after_0_189675,open_2017_05_08_close_2017_05_08_flight_Fixed Wing_N550ND_after_0_189675,392,VSpd,0.682827869107741,E1_RPM,0.12127880368291016,VSpdG,0.11140727315058152,AltB,0.05640874589902858,HPLfd,0.007051093237378572
open_2017_05_08_close_2017_05_08_flight_Fixed Wing_N550ND_after_0_189675,open_2017_05_08_close_2017_05_08_flight_Fixed Wing_N550ND_after_0_189675,393,VSpdG,0.4463144226561345,VSpd,0.22400464377614857,E1_RPM,0.16383693996238352,AltB,0.08474324480812676,E1_EGT4,0.015253784065461786
open_2017_05_08_close_2017_05_08_flight_Fixed Wing_N550ND_after_0_189675,open_2017_05_08_close_2017_05_08_flight_Fixed Wing_N550ND_after_0_189675,394,VSpd,0.5099504817362249,VSpdG,0.4090913006913142,E1_RPM,0.06058474833933427,E1_EGT4,0.007385569321366306,AltB,0.005769976032317549
open_2017_05_08_close_2017_05_08_flight_Fixed Wing_N550ND_after_0_189675,open_2017_05_08_close_2017_05_08_flight_Fixed Wing_N550ND_after_0_189675,395,VSpdG,0.5953293569476473,VSpd,0.23843394042217964,E1_RPM,0.06950545791773739,AltB,0.030219764312063323,Roll,0.022060427947806223
open_2017_05_08_close_2017_05_08_flight_Fixed Wing_N550ND_after_0_189675,open_2017_05_08_close_2017_05_08_flight_Fixed Wing_N550ND_after_0_189675,396,VSpd,0.8179365622359722,VSpdG,0.06773801757647802,AltB,0.03386900878823901,TAS,0.016934504394119504,E1_RPM,0.013547603515298684
open_2017_05_08_close_2017_05_08_flight_Fixed Wing_N550ND_after_0_189675,open_2017_05_08_close_2017_05_08_flight_Fixed Wing_N550ND_after_0_189675,397,VSpd,0.4131709539874772,VSpdG,0.24449816752816944,AltB,0.1547456756507406,E1_RPM,0.0835626648513943,E1_EGT4,0.026616256211931325
open_2017_05_08_close_2017_05_08_flight_Fixed Wing_N550ND_after_0_189675,open_2017_05_08_close_2017_05_08_flight_Fixed Wing_N550ND_after_0_189675,398,VSpdG,0.7129524113003505,VSpd,0.24940755842031312,AltB,0.015094264177142212,HDG,0.006540847810095016,Pitch,0.004025137113904589
open_2017_05_08_close_2017_05_08_flight_Fixed Wing_N550ND_after_0_189675,open_2017_05_08_close_2017_05_08_flight_Fixed Wing_N550ND_after_0_189675,399,VSpd,0.8097521916899735,VSpdG,0.09564640502444129,E1_RPM,0.06727670861888815,Roll,0.008429852646221944,AltB,0.008105627544444178
open_2017_05_08_close_2017_05_08_flight_Fixed Wing_N550ND_after_0_189675,open_2017_05_08_close_2017_05_08_flight_Fixed Wing_N550ND_after_0_189675,400,E1_RPM,0.425700227200482,VSpdG,0.3960002113492688,Roll,0.06534003487262936,HDG,0.019800010567462317,E1_EGT4,0.018810010039095673
open_2017_05_08_close_2017_05_08_flight_Fixed Wing_N550ND_after_0_189675,open_2017_05_08_close_2017_05_08_flight_Fixed Wing_N550ND_after_0_189675,401,VSpd,0.32861021726817846,E1_RPM,0.3060123799775302,VSpdG,0.18360742798651808,Roll,0.056023804949732456,E1_EGT2,0.03342596765907508
open_2017_05_08_close_2017_05_08_flight_Fixed Wing_N550ND_after_0_189675,open_2017_05_08_close_2017_05_08_flight_Fixed Wing_N550ND_after_0_189675,402,VSpdG,0.5762557649524084,VSpd,0.28552333664591095,E1_RPM,0.07488069262093294,AltB,0.016278411439333573,E1_EGT2,0.013836649723435757
open_2017_05_08_close_2017_05_08_flight_Fixed Wing_N550ND_after_0_189675,open_2017_05_08_close_2017_05_08_flight_Fixed Wing_N550ND_after_0_189675,403,VSpd,0.6424085394554957,VSpdG,0.20739793468322096,AltB,0.078758709373375,E1_RPM,0.023627612812002947,HPLfd,0.013126451562229165
open_2017_05_08_close_2017_05_08_flight_Fixed Wing_N550ND_after_0_189675,open_2017_05_08_close_2017_05_08_flight_Fixed Wing_N550ND_after_0_189675,404,VSpd,0.5644849670411292,VSpdG,0.21774836911034098,E1_RPM,0.07565833164003198,AltB,0.07381300647808162,Roll,0.02509642220254775
open_2017_05_08_close_2017_05_08_flight_Fixed Wing_N550ND_after_0_189675,open_2017_05_08_close_2017_05_08_flight_Fixed Wing_N550ND_after_0_189675,405,VSpd,0.7630564880438381,VSpdG,0.1083809107433715,AltB,0.041157307877229675,E1_RPM,0.03704157708950421,TAS,0.013719102625743225
open_2017_05_08_close_2017_05_08_flight_Fixed Wing_N550ND_after_0_189675,open_2017_05_08_close_2017_05_08_flight_Fixed Wing_N550ND_after_0_189675,406,VSpd,0.5705653778528097,VSpdG,0.21353223782629727,E1_RPM,0.1447676188652863,TAS,0.018095952358160788,AltB,0.018095952358160788
open_2017_05_08_close_2017_05_08_flight_Fixed Wing_N550ND_after_0_189675,open_2017_05_08_close_2017_05_08_flight_Fixed Wing_N550ND_after_0_189675,407,VSpdG,0.43021475055254077,VSpd,0.376492502514,E1_RPM,0.135397535706887,Roll,0.02402214343186776,HPLfd,0.010919156105394434
open_2017_05_08_close_2017_05_08_flight_Fixed Wing_N550ND_after_0_189675,open_2017_05_08_close_2017_05_08_flight_Fixed Wing_N550ND_after_0_189675,408,VSpd,0.632058200906537,E1_RPM,0.15722840818570571,VSpdG,0.10219846532070873,Roll,0.030659539596212614,AltB,0.02620473469761762
open_2017_05_08_close_2017_05_08_flight_Fixed Wing_N550ND_after_0_189675,open_2017_05_08_close_2017_05_08_flight_Fixed Wing_N550ND_after_0_189675,409,VSpd,0.6421578929070068,VSpdG,0.19271269420912207,E1_RPM,0.0898237134025569,AltB,0.048994752765031034,HPLfd,0.008165792127505173
open_2017_05_08_close_2017_05_08_flight_Fixed Wing_N550ND_after_0_189675,open_2017_05_08_close_2017_05_08_flight_Fixed Wing_N550ND_after_0_189675,410,VSpd,0.5371589338527325,VSpdG,0.3165831000285162,E1_RPM,0.10323361957451617,AltB,0.02294080434989248,Roll,0.007455761413715056
open_2017_05_08_close_2017_05_08_flight_Fixed Wing_N550ND_after_0_189675,open_2017_05_08_close_2017_05_08_flight_Fixed Wing_N550ND_after_0_189675,411,VSpd,0.5779865471962233,E1_RPM,0.20418742835476578,AltB,0.08167497134190631,Roll,0.06751797630930921,HDG,0.027224990447302103
open_2017_05_08_close_2017_05_08_flight_Fixed Wing_N550ND_after_0_189675,open_2017_05_08_close_2017_05_08_flight_Fixed Wing_N550ND_after_0_189675,412,VSpd,0.5819622097693108,VSpdG,0.32054222080316996,E1_RPM,0.060038066753610536,AltB,0.01017594351756095,E1_EGT2,0.009667146341683367
open_2017_05_08_close_2017_05_08_flight_Fixed Wing_N550ND_after_0_189675,open_2017_05_08_close_2017_05_08_flight_Fixed Wing_N550ND_after_0_189675,413,VSpd,0.6698380095488012,VSpdG,0.2837317716670391,AltB,0.021658913867712907,E1_RPM,0.011551420729446227,E1_EGT2,0.004187390014425612
open_2017_05_08_close_2017_05_08_flight_Fixed Wing_N550ND_after_0_189675,open_2017_05_08_close_2017_05_08_flight_Fixed Wing_N550ND_after_0_189675,414,VSpd,0.5847342954008572,VSpdG,0.2876339311125014,AltB,0.054614037553006554,E1_EGT2,0.018386725976178707,E1_EGT4,0.014927836931153966
open_2017_05_08_close_2017_05_08_flight_Fixed Wing_N550ND_after_0_189675,open_2017_05_08_close_2017_05_08_flight_Fixed Wing_N550ND_after_0_189675,415,VSpd,0.5185546326042536,VSpdG,0.25180842241688045,E1_RPM,0.12590421120844206,AltB,0.042679393629979696,TAS,0.021339696814989848
open_2017_05_08_close_2017_05_08_flight_Fixed Wing_N550ND_after_0_189675,open_2017_05_08_close_2017_05_08_flight_Fixed Wing_N550ND_after_0_189675,416,VSpdG,0.5387687210727299,VSpd,0.3097540731575891,E1_RPM,0.06374165150719345,AltB,0.060706334768758294,Roll,0.00956124772607943
open_2017_05_08_close_2017_05_08_flight_Fixed Wing_N550ND_after_0_189675,open_2017_05_08_close_2017_05_08_flight_Fixed Wing_N550ND_after_0_189675,417,VSpd,0.6751922218459991,VSpdG,0.2714557113994764,AltB,0.017235283263458818,E1_RPM,0.015511754937110584,Roll,0.005170584979037644
open_2017_05_08_close_2017_05_08_flight_Fixed Wing_N550ND_after_0_189675,open_2017_05_08_close_2017_05_08_flight_Fixed Wing_N550ND_after_0_189675,418,VSpd,0.6666862750267774,VSpdG,0.24245494638274462,AltB,0.04213789175101179,E1_RPM,0.028848248968000676,TAS,0.0032413762885393684
open_2017_05_08_close_2017_05_08_flight_Fixed Wing_N550ND_after_0_189675,open_2017_05_08_close_2017_05_08_flight_Fixed Wing_N550ND_after_0_189675,419,VSpdG,0.8614255818111579,VSpd,0.06547615760161044,AltB,0.03906691981002985,E1_RPM,0.012110745141108898,Pitch,0.005430301853594149
open_2017_05_08_close_2017_05_08_flight_Fixed Wing_N550ND_after_0_189675,open_2017_05_08_close_2017_05_08_flight_Fixed Wing_N550ND_after_0_189675,420,VSpdG,0.4358592176005667,VSpd,0.39199655982933507,E1_RPM,0.10515968424648467,AltB,0.013836800558748148,TAS,0.013836800558748148
open_2017_05_08_close_2017_05_08_flight_Fixed Wing_N550ND_after_0_189675,open_2017_05_08_close_2017_05_08_flight_Fixed Wing_N550ND_after_0_189675,421,VSpd,0.614930291687652,VSpdG,0.2605497079287989,E1_RPM,0.07585624408053483,AltB,0.016490487843594855,HPLfd,0.008245243921797428
open_2017_05_08_close_2017_05_08_flight_Fixed Wing_N550ND_after_0_189675,open_2017_05_08_close_2017_05_08_flight_Fixed Wing_N550ND_after_0_189675,422,VSpd,0.585299242501204,VSpdG,0.24552190051596892,E1_RPM,0.08530845695893648,TAS,0.020806940721692285,AltB,0.020806940721692285
open_2017_05_08_close_2017_05_08_flight_Fixed Wing_N550ND_after_0_189675,open_2017_05_08_close_2017_05_08_flight_Fixed Wing_N550ND_after_0_189675,423,VSpd,0.3613433757372463,VSpdG,0.23764572771926842,E1_RPM,0.2315522475213492,AltB,0.060934801979299506,E1_EGT4,0.043873057425083455
open_2017_05_08_close_2017_05_08_flight_Fixed Wing_N550ND_after_0_189675,open_2017_05_08_close_2017_05_08_flight_Fixed Wing_N550ND_after_0_189675,424,VSpdG,0.41202160704061547,VSpd,0.2804916324853419,E1_RPM,0.10564656590785015,AltB,0.05282328295392508,E1_EGT2,0.034335133920056105
open_2017_05_08_close_2017_05_08_flight_Fixed Wing_N550ND_after_0_189675,open_2017_05_08_close_2017_05_08_flight_Fixed Wing_N550ND_after_0_189675,425,VSpd,0.36649962602600533,E1_RPM,0.21296599890701204,VSpdG,0.19315520831100275,TAS,0.04952697649000071,E1_EGT2,0.04358373931120602
open_2017_05_08_close_2017_05_08_flight_Fixed Wing_N550ND_after_0_189675,open_2017_05_08_close_2017_05_08_flight_Fixed Wing_N550ND_after_0_189675,426,VSpd,0.8262518997711553,E1_RPM,0.05765714106412112,HPLfd,0.025068322201794765,AltB,0.025068322201794765,TAS,0.025068322201794765
open_2017_05_08_close_2017_05_08_flight_Fixed Wing_N550ND_after_0_189675,open_2017_05_08_close_2017_05_08_flight_Fixed Wing_N550ND_after_0_189675,427,VSpdG,0.4547810114842226,E1_RPM,0.21875542324555972,VSpd,0.20033391391963215,HDG,0.04029705165050008,HPLfd,0.02878360832178624
open_2017_05_08_close_2017_05_08_flight_Fixed Wing_N550ND_after_0_189675,open_2017_05_08_close_2017_05_08_flight_Fixed Wing_N550ND_after_0_189675,428,VSpdG,0.6914659730554925,VSpd,0.2719877642502439,AltB,0.008361136312641989,E1_RPM,0.006688909050115112,E1_EGT4,0.005016681787584433
open_2017_05_08_close_2017_05_08_flight_Fixed Wing_N550ND_after_0_189675,open_2017_05_08_close_2017_05_08_flight_Fixed Wing_N550ND_after_0_189675,429,VSpd,0.8256607110706133,AltB,0.0581348854828807,E1_RPM,0.055228141208736,VSpdG,0.02906744274144035,TAS,0.007266860685360087
open_2017_05_08_close_2017_05_08_flight_Fixed Wing_N550ND_after_0_189675,open_2017_05_08_close_2017_05_08_flight_Fixed Wing_N550ND_after_0_189675,430,VSpdG,0.6268311103668478,VSpd,0.11877995316009445,E1_RPM,0.09992959730486184,AltB,0.09084508845896343,E1_EGT2,0.01839613041294402
open_2017_05_08_close_2017_05_08_flight_Fixed Wing_N550ND_after_0_189675,open_2017_05_08_close_2017_05_08_flight_Fixed Wing_N550ND_after_0_189675,431,VSpd,0.5735953714339808,VSpdG,0.22920306850333302,AltB,0.08815502634743565,TAS,0.02938500878247855,E1_OilP,0.0179248553573119
open_2017_05_08_close_2017_05_08_flight_Fixed Wing_N550ND_after_0_189675,open_2017_05_08_close_2017_05_08_flight_Fixed Wing_N550ND_after_0_189675,432,VSpdG,0.4995121124512316,VSpd,0.21624448412445757,AltB,0.09484407198441117,E1_RPM,0.07587525758753182,HPLfd,0.03161469066147039
open_2017_05_08_close_2017_05_08_flight_Fixed Wing_N550ND_after_0_189675,open_2017_05_08_close_2017_05_08_flight_Fixed Wing_N550ND_after_0_189675,433,VSpd,0.8696525560412942,E1_RPM,0.042230120809863964,VSpdG,0.037431243445105976,AltB,0.028793264188543014,HPLfd,0.004798877364757169
open_2017_05_08_close_2017_05_08_flight_Fixed Wing_N550ND_after_0_189675,open_2017_05_08_close_2017_05_08_flight_Fixed Wing_N550ND_after_0_189675,434,VSpd,0.8013555999817644,VSpdG,0.07631958095064409,E1_RPM,0.052836632965835975,AltB,0.019569123320678013,E1_OilP,0.01037163535995937
open_2017_05_08_close_2017_05_08_flight_Fixed Wing_N550ND_after_0_189675,open_2017_05_08_close_2017_05_08_flight_Fixed Wing_N550ND_after_0_189675,435,VSpdG,0.46013373872852137,VSpd,0.44431664145972827,AltB,0.05392192250724858,E1_RPM,0.01977137158598951,HDG,0.004493493542270715
open_2017_05_08_close_2017_05_08_flight_Fixed Wing_N550ND_after_0_189675,open_2017_05_08_close_2017_05_08_flight_Fixed Wing_N550ND_after_0_189675,436,VSpdG,0.49234962979582025,VSpd,0.3642764033109583,E1_RPM,0.06855501174371614,E1_EGT4,0.03739364276929714,Roll,0.012464547589767599
open_2017_05_08_close_2017_05_08_flight_Fixed Wing_N550ND_after_0_189675,open_2017_05_08_close_2017_05_08_flight_Fixed Wing_N550ND_after_0_189675,437,VSpd,0.6973206865894944,VSpdG,0.20882613434636108,E1_RPM,0.037007163048718615,AltB,0.026433687891944446,E1_EGT4,0.009251790762181156
open_2017_05_08_close_2017_05_08_flight_Fixed Wing_N550ND_after_0_189675,open_2017_05_08_close_2017_05_08_flight_Fixed Wing_N550ND_after_0_189675,438,E1_RPM,0.3209263919055427,VSpd,0.315827561379946,VSpdG,0.23694565383680674,AltB,0.05998624147767255,E1_EGT2,0.021894978139351026
open_2017_05_08_close_2017_05_08_flight_Fixed Wing_N550ND_after_0_189675,open_2017_05_08_close_2017_05_08_flight_Fixed Wing_N550ND_after_0_189675,439,VSpd,0.7855990104938994,E1_RPM,0.0805949228513875,E1_EGT2,0.031029045297783456,AltB,0.020148730712846875,TAS,0.020148730712846875
open_2017_05_08_close_2017_05_08_flight_Fixed Wing_N550ND_after_0_189675,open_2017_05_08_close_2017_05_08_flight_Fixed Wing_N550ND_after_0_189675,440,VSpd,0.7446406592224168,VSpdG,0.1949424715838088,E1_RPM,0.026718003719608762,AltB,0.019791113866376525,TAS,0.004947778466594131
open_2017_05_08_close_2017_05_08_flight_Fixed Wing_N550ND_after_0_189675,open_2017_05_08_close_2017_05_08_flight_Fixed Wing_N550ND_after_0_189675,441,VSpd,0.6397881596415474,VSpdG,0.23269341118898368,E1_RPM,0.08666642355508282,AltB,0.011872112815764474,Roll,0.010328738149715093
open_2017_05_08_close_2017_05_08_flight_Fixed Wing_N550ND_after_0_189675,open_2017_05_08_close_2017_05_08_flight_Fixed Wing_N550ND_after_0_189675,442,VSpd,0.5301304734602807,VSpdG,0.18967971068762343,E1_RPM,0.1361803051090718,AltB,0.04863582325323677,E1_EGT2,0.035017792742331806
open_2017_05_08_close_2017_05_08_flight_Fixed Wing_N550ND_after_0_189675,open_2017_05_08_close_2017_05_08_flight_Fixed Wing_N550ND_after_0_189675,443,VSpd,0.6436792042322202,VSpdG,0.1620479832197114,E1_RPM,0.09845953410818273,AltB,0.06153720881761187,E1_OilP,0.011486945645954262
open_2017_05_08_close_2017_05_08_flight_Fixed Wing_N550ND_after_0_189675,open_2017_05_08_close_2017_05_08_flight_Fixed Wing_N550ND_after_0_189675,444,VSpd,0.7869361072342276,VSpdG,0.13294842229180429,E1_RPM,0.02625096236334912,AltB,0.01693610475054832,Roll,0.009907621279070761
open_2017_05_08_close_2017_05_08_flight_Fixed Wing_N550ND_after_0_189675,open_2017_05_08_close_2017_05_08_flight_Fixed Wing_N550ND_after_0_189675,445,VSpdG,0.3966983154885633,VSpd,0.34929622863781096,E1_RPM,0.15296418097228334,AltB,0.06723700262518016,HPLfd,0.00840462532814752
open_2017_05_08_close_2017_05_08_flight_Fixed Wing_N550ND_after_0_189675,open_2017_05_08_close_2017_05_08_flight_Fixed Wing_N550ND_after_0_189675,446,VSpdG,0.5861802588272027,VSpd,0.23579680468077271,E1_RPM,0.07120268680668959,AltB,0.06623505749459917,E1_EGT2,0.014571712648813625
open_2017_05_08_close_2017_05_08_flight_Fixed Wing_N550ND_after_0_189675,open_2017_05_08_close_2017_05_08_flight_Fixed Wing_N550ND_after_0_189675,447,VSpd,0.6335641924071194,VSpdG,0.29042965888121586,E1_RPM,0.03759368680949681,AltB,0.022113933417351458,HPLfd,0.0036856555695585764
open_2017_05_08_close_2017_05_08_flight_Fixed Wing_N550ND_after_0_189675,open_2017_05_08_close_2017_05_08_flight_Fixed Wing_N550ND_after_0_189675,448,VSpdG,0.5078501201718185,VSpd,0.31605291742672537,E1_RPM,0.08249342053551911,AltB,0.05155838783470238,E1_EGT4,0.010053885627763682
open_2017_05_08_close_2017_05_08_flight_Fixed Wing_N550ND_after_0_189675,open_2017_05_08_close_2017_05_08_flight_Fixed Wing_N550ND_after_0_189675,449,VSpd,0.4934652230686343,VSpdG,0.253559205529338,AltB,0.06501518090495838,E1_RPM,0.0455106266334886,E1_EGT4,0.04421032301536105
open_2017_05_08_close_2017_05_08_flight_Fixed Wing_N550ND_after_0_189675,open_2017_05_08_close_2017_05_08_flight_Fixed Wing_N550ND_after_0_189675,450,VSpdG,0.5601834812833899,VSpd,0.3234804975556447,E1_RPM,0.0631479560719439,E1_OilP,0.017111059064656337,E1_EGT4,0.014666622055420214
open_2017_05_08_close_2017_05_08_flight_Fixed Wing_N550ND_after_0_189675,open_2017_05_08_close_2017_05_08_flight_Fixed Wing_N550ND_after_0_189675,451,VSpd,0.8143129642453979,AltB,0.06548556206235608,E1_RPM,0.026194224824933495,HPLfd,0.01637139051558902,HDG,0.01637139051558902
open_2017_05_08_close_2017_05_08_flight_Fixed Wing_N550ND_after_0_189675,open_2017_05_08_close_2017_05_08_flight_Fixed Wing_N550ND_after_0_189675,452,VSpdG,0.5224692253647553,E1_RPM,0.155418060709763,VSpd,0.12301174166815756,AltB,0.09920301747432064,TAS,0.033067672491440214
open_2017_05_08_close_2017_05_08_flight_Fixed Wing_N550ND_after_0_189675,open_2017_05_08_close_2017_05_08_flight_Fixed Wing_N550ND_after_0_189675,453,VSpdG,0.40843249154388966,VSpd,0.245059494926334,E1_RPM,0.1972936611695155,AltB,0.03461292301219404,E1_EGT2,0.027344209179639905
open_2017_05_08_close_2017_05_08_flight_Fixed Wing_N550ND_after_0_189675,open_2017_05_08_close_2017_05_08_flight_Fixed Wing_N550ND_after_0_189675,454,VSpd,0.5926421929181109,E1_RPM,0.24567050985857947,AltB,0.06065938515026722,E1_EGT2,0.02790331716911823,E1_EGT4,0.017894518619326345
open_2017_05_08_close_2017_05_08_flight_Fixed Wing_N550ND_after_0_189675,open_2017_05_08_close_2017_05_08_flight_Fixed Wing_N550ND_after_0_189675,455,VSpd,0.6854171509404158,VSpdG,0.24209334690133916,TAS,0.015419958401359185,AltB,0.015419958401359185,Roll,0.011719168385032981
open_2017_05_08_close_2017_05_08_flight_Fixed Wing_N550ND_after_0_189675,open_2017_05_08_close_2017_05_08_flight_Fixed Wing_N550ND_after_0_189675,456,VSpdG,0.4840584594131583,VSpd,0.2353610774595612,E1_RPM,0.17534770723639695,AltB,0.02469686017414073,E1_EGT2,0.02148626835149974
open_2017_05_08_close_2017_05_08_flight_Fixed Wing_N550ND_after_0_189675,open_2017_05_08_close_2017_05_08_flight_Fixed Wing_N550ND_after_0_189675,457,VSpdG,0.529968046894796,E1_RPM,0.1886326946574718,VSpd,0.1852642536814435,HPLfd,0.022456273173508304,AltB,0.022456273173508304
open_2017_05_08_close_2017_05_08_flight_Fixed Wing_N550ND_after_0_189675,open_2017_05_08_close_2017_05_08_flight_Fixed Wing_N550ND_after_0_189675,458,VSpd,0.6429249019026742,VSpdG,0.24667832564502792,AltB,0.04683765676804329,TAS,0.015612552256014428,E1_RPM,0.01092878657921436
open_2017_05_08_close_2017_05_08_flight_Fixed Wing_N550ND_after_0_189675,open_2017_05_08_close_2017_05_08_flight_Fixed Wing_N550ND_after_0_189675,459,VSpdG,0.42256299943685516,VSpd,0.3995627349105453,E1_RPM,0.09895462645039793,AltB,0.026744493635244,E1_OilP,0.011500132263154722
open_2017_05_08_close_2017_05_08_flight_Fixed Wing_N550ND_after_0_189675,open_2017_05_08_close_2017_05_08_flight_Fixed Wing_N550ND_after_0_189675,460,VSpd,0.7392204803622546,VSpdG,0.16119008903769025,AltB,0.04098053111127716,E1_RPM,0.02595433637047678,Roll,0.012772265529681382
open_2017_05_08_close_2017_05_08_flight_Fixed Wing_N550ND_after_0_189675,open_2017_05_08_close_2017_05_08_flight_Fixed Wing_N550ND_after_0_189675,461,VSpd,0.6355155172345371,VSpdG,0.25403398046638015,E1_RPM,0.05920283443072417,AltB,0.021528303429354242,TAS,0.010764151714677121
open_2017_05_08_close_2017_05_08_flight_Fixed Wing_N550ND_after_0_189675,open_2017_05_08_close_2017_05_08_flight_Fixed Wing_N550ND_after_0_189675,462,VSpd,0.4502709979032638,E1_RPM,0.24567215571874923,VSpdG,0.1535450973242161,HDG,0.03838627433105402,AltB,0.03838627433105402
open_2017_05_08_close_2017_05_08_flight_Fixed Wing_N550ND_after_0_189675,open_2017_05_08_close_2017_05_08_flight_Fixed Wing_N550ND_after_0_189675,463,VSpd,0.8748449567805042,VSpdG,0.04665217740463961,AltB,0.034989133053479705,Roll,0.018894131848879045,E1_RPM,0.00933043548092474
open_2017_05_08_close_2017_05_08_flight_Fixed Wing_N550ND_after_0_189675,open_2017_05_08_close_2017_05_08_flight_Fixed Wing_N550ND_after_0_189675,464,VSpd,0.5311372962400612,VSpdG,0.3836237685937389,E1_RPM,0.030122882522372916,AltB,0.008859671330109445,TAS,0.008859671330109445
open_2017_05_08_close_2017_05_08_flight_Fixed Wing_N550ND_after_0_189675,open_2017_05_08_close_2017_05_08_flight_Fixed Wing_N550ND_after_0_189675,465,VSpd,0.719331690361887,VSpdG,0.19164854247618582,E1_RPM,0.035731084190472356,Roll,0.01770312807619004,AltB,0.016241401904761504
open_2017_05_08_close_2017_05_08_flight_Fixed Wing_N550ND_after_0_189675,open_2017_05_08_close_2017_05_08_flight_Fixed Wing_N550ND_after_0_189675,466,VSpdG,0.6775244688252423,VSpd,0.25016761013157085,E1_RPM,0.04857026591396984,TAS,0.006148134925818896,E1_EGT2,0.0041192504002977096
open_2017_05_08_close_2017_05_08_flight_Fixed Wing_N550ND_after_0_189675,open_2017_05_08_close_2017_05_08_flight_Fixed Wing_N550ND_after_0_189675,467,VSpd,0.40110484298843,VSpdG,0.37459732071733054,E1_RPM,0.11904575870254151,AltB,0.06349107130802215,Roll,0.012222031226794263
open_2017_05_08_close_2017_05_08_flight_Fixed Wing_N550ND_after_0_189675,open_2017_05_08_close_2017_05_08_flight_Fixed Wing_N550ND_after_0_189675,468,VSpdG,0.509406800037062,VSpd,0.4304919160991171,E1_RPM,0.023311836611867903,TAS,0.008634013559950202,AltB,0.008634013559950202
open_2017_05_08_close_2017_05_08_flight_Fixed Wing_N550ND_after_0_189675,open_2017_05_08_close_2017_05_08_flight_Fixed Wing_N550ND_after_0_189675,469,VSpdG,0.48640811279983015,VSpd,0.3108567583832415,AltB,0.09876306858879791,Roll,0.04098667346435113,E1_EGT2,0.02543149016161479
open_2017_05_08_close_2017_05_08_flight_Fixed Wing_N550ND_after_0_189675,open_2017_05_08_close_2017_05_08_flight_Fixed Wing_N550ND_after_0_189675,470,VSpdG,0.8016162636764843,VSpd,0.07327273660167863,E1_RPM,0.032878792064861495,AltB,0.03131313529986267,E1_EGT2,0.012525254119944354
open_2017_05_08_close_2017_05_08_flight_Fixed Wing_N550ND_after_0_189675,open_2017_05_08_close_2017_05_08_flight_Fixed Wing_N550ND_after_0_189675,471,VSpdG,0.4991949326927134,VSpd,0.3036242596947453,Roll,0.06034571654703055,E1_RPM,0.056870308787768865,AltB,0.031594615993209715
open_2017_05_08_close_2017_05_08_flight_Fixed Wing_N550ND_after_0_189675,open_2017_05_08_close_2017_05_08_flight_Fixed Wing_N550ND_after_0_189675,472,VSpd,0.8131766681224011,VSpdG,0.10441542234008096,AltB,0.03990398305990355,E1_RPM,0.018621858761289533,Roll,0.009709969211243197
open_2017_05_08_close_2017_05_08_flight_Fixed Wing_N550ND_after_0_189675,open_2017_05_08_close_2017_05_08_flight_Fixed Wing_N550ND_after_0_189675,473,VSpd,0.7298370899718012,VSpdG,0.10072061751203197,AltB,0.05165159872411898,E1_RPM,0.03357353917068204,TAS,0.02582579936205949
open_2017_05_08_close_2017_05_08_flight_Fixed Wing_N550ND_after_0_189675,open_2017_05_08_close_2017_05_08_flight_Fixed Wing_N550ND_after_0_189675,474,VSpd,0.4376723950079265,VSpdG,0.40785932741987463,E1_RPM,0.04968844598008814,AltB,0.020703519158369273,TAS,0.020703519158369273
open_2017_05_08_close_2017_05_08_flight_Fixed Wing_N550ND_after_0_189675,open_2017_05_08_close_2017_05_08_flight_Fixed Wing_N550ND_after_0_189675,475,VSpd,0.5257361735689097,E1_RPM,0.1651527246813436,VSpdG,0.15335610148980902,AltB,0.03932207730507925,E1_EGT4,0.025952571021355526
open_2017_05_08_close_2017_05_08_flight_Fixed Wing_N550ND_after_0_189675,open_2017_05_08_close_2017_05_08_flight_Fixed Wing_N550ND_after_0_189675,476,VSpdG,0.5441924336094177,VSpd,0.3770146732844906,AltB,0.02305900142412787,Roll,0.017601704420417606,E1_RPM,0.015372667616085247
open_2017_05_08_close_2017_05_08_flight_Fixed Wing_N550ND_after_0_189675,open_2017_05_08_close_2017_05_08_flight_Fixed Wing_N550ND_after_0_189675,477,VSpd,0.6478593696707998,E1_RPM,0.12549774426526045,AltB,0.09094039439511507,VSpdG,0.07275231551609206,HDG,0.018188078879023014
open_2017_05_08_close_2017_05_08_flight_Fixed Wing_N550ND_after_0_189675,open_2017_05_08_close_2017_05_08_flight_Fixed Wing_N550ND_after_0_189675,478,VSpd,0.6280949242779322,VSpdG,0.3265308383907373,AltB,0.019354071708172407,E1_RPM,0.0188010982307953,Roll,0.0018248124753419694
open_2017_05_08_close_2017_05_08_flight_Fixed Wing_N550ND_after_0_189675,open_2017_05_08_close_2017_05_08_flight_Fixed Wing_N550ND_after_0_189675,479,VSpd,0.4082196504844497,VSpdG,0.2870151595434778,E1_RPM,0.20474966795458793,E1_EGT4,0.021754652220175433,AltB,0.01828122035308776
open_2017_05_08_close_2017_05_08_flight_Fixed Wing_N550ND_after_0_189675,open_2017_05_08_close_2017_05_08_flight_Fixed Wing_N550ND_after_0_189675,480,VSpd,0.8912063604266364,VSpdG,0.03743170953995654,AltB,0.028429146486042948,E1_RPM,0.018478945215928345,Roll,0.005212010189107874
open_2017_05_08_close_2017_05_08_flight_Fixed Wing_N550ND_after_0_189675,open_2017_05_08_close_2017_05_08_flight_Fixed Wing_N550ND_after_0_189675,481,VSpd,0.45618582482820574,VSpdG,0.35494432201012727,E1_RPM,0.1243053954719038,AltB,0.014976553671313383,TAS,0.014976553671313383
open_2017_05_08_close_2017_05_08_flight_Fixed Wing_N550ND_after_0_189675,open_2017_05_08_close_2017_05_08_flight_Fixed Wing_N550ND_after_0_189675,482,VSpd,0.5585325668863593,E1_RPM,0.1776537321180686,VSpdG,0.10497720534249667,AltB,0.026917232139101674,TAS,0.026917232139101674
open_2017_05_08_close_2017_05_08_flight_Fixed Wing_N550ND_after_0_189675,open_2017_05_08_close_2017_05_08_flight_Fixed Wing_N550ND_after_0_189675,483,VSpd,0.6580629589768521,VSpdG,0.27838705482529347,E1_RPM,0.02280571918060028,AltB,0.015728082193519406,E1_EGT2,0.00739219863095455
open_2017_05_08_close_2017_05_08_flight_Fixed Wing_N550ND_after_0_189675,open_2017_05_08_close_2017_05_08_flight_Fixed Wing_N550ND_after_0_189675,484,E1_RPM,0.33344137778126803,VSpdG,0.28324590155612533,VSpd,0.18859157496015436,E1_EGT2,0.04840278064567188,TAS,0.035853911589382954
open_2017_05_08_close_2017_05_08_flight_Fixed Wing_N550ND_after_0_189675,open_2017_05_08_close_2017_05_08_flight_Fixed Wing_N550ND_after_0_189675,485,VSpd,0.6166570088380616,E1_RPM,0.14708840832421938,VSpdG,0.08914448989346752,Roll,0.0492523306661408,AltB,0.02228612247336688
open_2017_05_08_close_2017_05_08_flight_Fixed Wing_N550ND_after_0_189675,open_2017_05_08_close_2017_05_08_flight_Fixed Wing_N550ND_after_0_189675,486,VSpdG,0.49988870692823434,VSpd,0.3015218535221787,E1_RPM,0.13132669419301168,Roll,0.03505575465958592,AltB,0.010590862434920219
open_2017_05_08_close_2017_05_08_flight_Fixed Wing_N550ND_after_0_189675,open_2017_05_08_close_2017_05_08_flight_Fixed Wing_N550ND_after_0_189675,487,VSpd,0.7889504116092185,VSpdG,0.11916217977997091,E1_RPM,0.04476142793765459,AltB,0.024195366452785968,TAS,0.006048841613196492
open_2017_05_08_close_2017_05_08_flight_Fixed Wing_N550ND_after_0_189675,open_2017_05_08_close_2017_05_08_flight_Fixed Wing_N550ND_after_0_189675,488,VSpdG,0.4639547052881528,VSpd,0.29509403336348017,E1_RPM,0.11775500134217083,Roll,0.027083650308699296,AltB,0.023551000268434166
open_2017_05_08_close_2017_05_08_flight_Fixed Wing_N550ND_after_0_189675,open_2017_05_08_close_2017_05_08_flight_Fixed Wing_N550ND_after_0_189675,489,VSpd,0.8001194294701633,VSpdG,0.10120773412163252,AltB,0.04176827122480072,E1_RPM,0.032772028191767597,Roll,0.008964113593630309
open_2017_05_08_close_2017_05_08_flight_Fixed Wing_N550ND_after_0_189675,open_2017_05_08_close_2017_05_08_flight_Fixed Wing_N550ND_after_0_189675,490,VSpd,0.7042708963071409,VSpdG,0.24853835126232288,E1_RPM,0.017358234056418353,AltB,0.00789010638928009,E1_EGT4,0.00536527234470917
open_2017_05_08_close_2017_05_08_flight_Fixed Wing_N550ND_after_0_189675,open_2017_05_08_close_2017_05_08_flight_Fixed Wing_N550ND_after_0_189675,491,VSpd,0.4977741139899184,VSpdG,0.3681588304926609,E1_RPM,0.08999438078709808,AltB,0.02337516384080387,E1_EGT4,0.006895673333038842
open_2017_05_08_close_2017_05_08_flight_Fixed Wing_N550ND_after_0_189675,open_2017_05_08_close_2017_05_08_flight_Fixed Wing_N550ND_after_0_189675,492,VSpdG,0.5708487857138711,VSpd,0.3289176336732306,E1_RPM,0.028995493877528315,AltB,0.018122183673456225,E1_EGT2,0.010510866530603293
open_2017_05_08_close_2017_05_08_flight_Fixed Wing_N550ND_after_0_189675,open_2017_05_08_close_2017_05_08_flight_Fixed Wing_N550ND_after_0_189675,493,VSpd,0.838361164775871,AltB,0.05850902310221554,VSpdG,0.05777766031343789,TAS,0.014627255775553885,E1_RPM,0.008776353465331002
open_2017_05_08_close_2017_05_08_flight_Fixed Wing_N550ND_after_0_189675,open_2017_05_08_close_2017_05_08_flight_Fixed Wing_N550ND_after_0_189675,494,VSpd,0.6151546784951119,VSpdG,0.30055353383722944,E1_RPM,0.04736985044173873,AltB,0.010889620791203964,Roll,0.0064793243707663584
open_2017_05_08_close_2017_05_08_flight_Fixed Wing_N550ND_after_0_189675,open_2017_05_08_close_2017_05_08_flight_Fixed Wing_N550ND_after_0_189675,495,VSpd,0.8464017666916789,AltB,0.05778275305104307,E1_RPM,0.04853751256287933,Roll,0.011094288585800268,HDG,0.010400895549187819
open_2017_05_08_close_2017_05_08_flight_Fixed Wing_N550ND_after_0_189675,open_2017_05_08_close_2017_05_08_flight_Fixed Wing_N550ND_after_0_189675,496,VSpdG,0.7625182151516209,VSpd,0.16799607660800794,E1_RPM,0.024206927465130826,AltB,0.012103463732565413,E1_EGT2,0.007020008964887059
open_2017_05_08_close_2017_05_08_flight_Fixed Wing_N550ND_after_0_189675,open_2017_05_08_close_2017_05_08_flight_Fixed Wing_N550ND_after_0_189675,497,VSpd,0.6481633285909992,VSpdG,0.1759854412649286,AltB,0.07457010223090187,Roll,0.025353834758506635,E1_RPM,0.017896824535413736
open_2017_05_08_close_2017_05_08_flight_Fixed Wing_N550ND_after_0_189675,open_2017_05_08_close_2017_05_08_flight_Fixed Wing_N550ND_after_0_189675,498,VSpd,0.8539080891523014,VSpdG,0.041055772042499994,E1_RPM,0.035858838872563796,AltB,0.031181599019620282,Roll,0.012628547602946212
open_2017_05_08_close_2017_05_08_flight_Fixed Wing_N550ND_after_0_189675,open_2017_05_08_close_2017_05_08_flight_Fixed Wing_N550ND_after_0_189675,499,VSpd,0.552222546411454,VSpdG,0.3021884490084901,E1_RPM,0.05675620615895917,AltB,0.030679030356191885,TAS,0.015339515178095942
open_2017_05_08_close_2017_05_08_flight_Fixed Wing_N550ND_after_0_189675,open_2017_05_08_close_2017_05_08_flight_Fixed Wing_N550ND_after_0_189675,500,VSpdG,0.8487576620108794,VSpd,0.046180536468155294,E1_RPM,0.036792185647707434,AltB,0.02537392113634916,TAS,0.01268696056817458
open_2017_05_08_close_2017_05_08_flight_Fixed Wing_N550ND_after_0_189675,open_2017_05_08_close_2017_05_08_flight_Fixed Wing_N550ND_after_0_189675,501,VSpd,0.7412716937985084,VSpdG,0.14802805383663947,AltB,0.05657123076559464,E1_RPM,0.015085661537491047,Roll,0.011597102306946902
open_2017_05_08_close_2017_05_08_flight_Fixed Wing_N550ND_after_0_189675,open_2017_05_08_close_2017_05_08_flight_Fixed Wing_N550ND_after_0_189675,502,VSpd,0.7952679302492335,VSpdG,0.09081739646705644,E1_RPM,0.05695328253018522,Roll,0.014854031795035524,E1_EGT4,0.008542992379529183
open_2017_05_08_close_2017_05_08_flight_Fixed Wing_N550ND_after_0_189675,open_2017_05_08_close_2017_05_08_flight_Fixed Wing_N550ND_after_0_189675,503,VSpd,0.5237384428147213,VSpdG,0.3906153949091188,AltB,0.041291267960794804,E1_RPM,0.025600586135695783,Roll,0.007762758376629424
open_2017_05_08_close_2017_05_08_flight_Fixed Wing_N550ND_after_0_189675,open_2017_05_08_close_2017_05_08_flight_Fixed Wing_N550ND_after_0_189675,504,VSpdG,0.4714792374790715,VSpd,0.4279235364929097,E1_RPM,0.0194578732927898,AltB,0.014967594840605445,TAS,0.014967594840605445
open_2017_05_08_close_2017_05_08_flight_Fixed Wing_N550ND_after_0_189675,open_2017_05_08_close_2017_05_08_flight_Fixed Wing_N550ND_after_0_189675,505,VSpd,0.4880543781873067,VSpdG,0.4178774915167208,E1_RPM,0.03581807070143683,Roll,0.015653823491737478,TAS,0.01326595211164193
open_2017_05_08_close_2017_05_08_flight_Fixed Wing_N550ND_after_0_189675,open_2017_05_08_close_2017_05_08_flight_Fixed Wing_N550ND_after_0_189675,506,VSpd,0.7366708200710242,VSpdG,0.19303251337662838,AltB,0.04196358986448444,TAS,0.006993931644080739,TRK,0.006294538479672705
open_2017_05_08_close_2017_05_08_flight_Fixed Wing_N550ND_after_0_189675,open_2017_05_08_close_2017_05_08_flight_Fixed Wing_N550ND_after_0_189675,507,VSpd,0.5721319264126038,VSpdG,0.39775078937561237,E1_RPM,0.015730257206946142,AltB,0.0056179490024804,E1_EGT2,0.004157282261835547
open_2017_05_08_close_2017_05_08_flight_Fixed Wing_N550ND_after_0_189675,open_2017_05_08_close_2017_05_08_flight_Fixed Wing_N550ND_after_0_189675,508,VSpd,0.40145445843777655,VSpdG,0.35893137798821695,E1_RPM,0.1417436014985274,AltB,0.022861871209440575,Roll,0.016917784694986025
open_2017_05_08_close_2017_05_08_flight_Fixed Wing_N550ND_after_0_189675,open_2017_05_08_close_2017_05_08_flight_Fixed Wing_N550ND_after_0_189675,509,VSpd,0.7846852779676367,E1_RPM,0.08392355914092009,VSpdG,0.0789281091920592,AltB,0.019981799795458027,HDG,0.010989989887501859
open_2017_05_08_close_2017_05_08_flight_Fixed Wing_N550ND_after_0_189675,open_2017_05_08_close_2017_05_08_flight_Fixed Wing_N550ND_after_0_189675,510,VSpd,0.8488699745427712,VSpdG,0.06259984685103166,AltB,0.04012810695578951,HDG,0.00963074566938939,TAS,0.008025621391157901
open_2017_05_08_close_2017_05_08_flight_Fixed Wing_N550ND_after_0_189675,open_2017_05_08_close_2017_05_08_flight_Fixed Wing_N550ND_after_0_189675,511,VSpdG,0.45245078542358763,VSpd,0.43081183481637264,E1_RPM,0.05573669095797969,HDG,0.019671773279286237,E1_EGT4,0.012786652631535727
open_2017_05_08_close_2017_05_08_flight_Fixed Wing_N550ND_after_0_189675,open_2017_05_08_close_2017_05_08_flight_Fixed Wing_N550ND_after_0_189675,512,VSpdG,0.7022311652180999,VSpd,0.18116820960864838,E1_RPM,0.0787687867863682,TAS,0.0074310176213555545,AltB,0.0074310176213555545
open_2017_05_08_close_2017_05_08_flight_Fixed Wing_N550ND_after_0_189675,open_2017_05_08_close_2017_05_08_flight_Fixed Wing_N550ND_after_0_189675,513,VSpdG,0.55117123721747,VSpd,0.32524997875373146,E1_RPM,0.03536927725459499,AltB,0.022105798284123124,HDG,0.018421498570102605
open_2017_05_08_close_2017_05_08_flight_Fixed Wing_N550ND_after_0_189675,open_2017_05_08_close_2017_05_08_flight_Fixed Wing_N550ND_after_0_189675,514,VSpd,0.7791982741221539,VSpdG,0.18745904424882273,AltB,0.015135101611784997,E1_RPM,0.006918903593958463,TAS,0.0021621573731121424
open_2017_05_08_close_2017_05_08_flight_Fixed Wing_N550ND_after_0_189675,open_2017_05_08_close_2017_05_08_flight_Fixed Wing_N550ND_after_0_189675,515,VSpd,0.6642615787452382,VSpdG,0.1603785038606391,E1_RPM,0.12355690858651189,AltB,0.016365153455167234,TAS,0.008182576727583617
open_2017_05_08_close_2017_05_08_flight_Fixed Wing_N550ND_after_0_189675,open_2017_05_08_close_2017_05_08_flight_Fixed Wing_N550ND_after_0_189675,516,VSpd,0.53962365801527,VSpdG,0.36086029949129245,E1_RPM,0.04083638493088227,Roll,0.01633455397235412,AltB,0.00833395610834394
open_2017_05_08_close_2017_05_08_flight_Fixed Wing_N550ND_after_0_189675,open_2017_05_08_close_2017_05_08_flight_Fixed Wing_N550ND_after_0_189675,517,VSpd,0.5958062495118004,VSpdG,0.33264691810821967,E1_RPM,0.028978315915051973,AltB,0.018111447446908513,HDG,0.01147058338304192
open_2017_05_08_close_2017_05_08_flight_Fixed Wing_N550ND_after_0_189675,open_2017_05_08_close_2017_05_08_flight_Fixed Wing_N550ND_after_0_189675,518,VSpd,0.7844632266920665,VSpdG,0.0882586026059901,E1_RPM,0.05414183185073487,AltB,0.05191682506234721,Roll,0.005933351435696823
open_2017_05_08_close_2017_05_08_flight_Fixed Wing_N550ND_after_0_189675,open_2017_05_08_close_2017_05_08_flight_Fixed Wing_N550ND_after_0_189675,519,VSpdG,0.5924891292358719,VSpd,0.22636846572551483,AltB,0.0752367148236028,E1_RPM,0.0479634057000502,Roll,0.019749637641195732
open_2017_05_08_close_2017_05_08_flight_Fixed Wing_N550ND_after_0_189675,open_2017_05_08_close_2017_05_08_flight_Fixed Wing_N550ND_after_0_189675,520,VSpd,0.3825356556233284,VSpdG,0.37380716348112875,E1_RPM,0.08918241971376843,TAS,0.05692494875347142,AltB,0.03794996583564761
open_2017_05_08_close_2017_05_08_flight_Fixed Wing_N550ND_after_0_189675,open_2017_05_08_close_2017_05_08_flight_Fixed Wing_N550ND_after_0_189675,521,VSpd,0.7015975652321015,VSpdG,0.24883833092091368,E1_RPM,0.016167462178475523,Roll,0.012582503173684617,AltB,0.007029331381946713
open_2017_05_08_close_2017_05_08_flight_Fixed Wing_N550ND_after_0_189675,open_2017_05_08_close_2017_05_08_flight_Fixed Wing_N550ND_after_0_189675,522,VSpdG,0.4389242035137204,VSpd,0.41411544418468405,E1_RPM,0.07156372883375876,E1_EGT2,0.01971978305641367,AltB,0.01590305085194639
open_2017_05_08_close_2017_05_08_flight_Fixed Wing_N550ND_after_0_189675,open_2017_05_08_close_2017_05_08_flight_Fixed Wing_N550ND_after_0_189675,523,VSpdG,0.7089464577375798,VSpd,0.13535602060615856,E1_RPM,0.11579887694443228,AltB,0.012866541882714697,TAS,0.012866541882714697
open_2017_05_08_close_2017_05_08_flight_Fixed Wing_N550ND_after_0_189675,open_2017_05_08_close_2017_05_08_flight_Fixed Wing_N550ND_after_0_189675,524,VSpd,0.553366758420481,VSpdG,0.3309484125734793,AltB,0.04202519524742594,E1_RPM,0.03151889643556945,Roll,0.012712621562346347
open_2017_05_08_close_2017_05_08_flight_Fixed Wing_N550ND_after_0_189675,open_2017_05_08_close_2017_05_08_flight_Fixed Wing_N550ND_after_0_189675,525,VSpd,0.5009927674495391,VSpdG,0.4615177703416375,Roll,0.013177855117622898,E1_RPM,0.010542284094099384,HDG,0.0064425069463933836
open_2017_05_08_close_2017_05_08_flight_Fixed Wing_N550ND_after_0_189675,open_2017_05_08_close_2017_05_08_flight_Fixed Wing_N550ND_after_0_189675,526,VSpd,0.7379719449972003,VSpdG,0.17086998810661788,E1_RPM,0.04349417879077546,AltB,0.01864036233890377,Roll,0.014166675377566867
open_2017_05_08_close_2017_05_08_flight_Fixed Wing_N550ND_after_0_189675,open_2017_05_08_close_2017_05_08_flight_Fixed Wing_N550ND_after_0_189675,527,VSpd,0.5993698242745007,VSpdG,0.2798798546275865,TAS,0.023718631748100544,AltB,0.023718631748100544,HDG,0.014231179048860865
open_2017_05_08_close_2017_05_08_flight_Fixed Wing_N550ND_after_0_189675,open_2017_05_08_close_2017_05_08_flight_Fixed Wing_N550ND_after_0_189675,528,VSpd,0.5694259574236796,VSpdG,0.32319510810964025,AltB,0.0410841239122424,TAS,0.013694707970747467,E1_EGT2,0.013146919651918066
open_2017_05_08_close_2017_05_08_flight_Fixed Wing_N550ND_after_0_189675,open_2017_05_08_close_2017_05_08_flight_Fixed Wing_N550ND_after_0_189675,529,E1_RPM,0.3469824185983137,VSpdG,0.25235084988968265,Roll,0.07885964059052583,VSpd,0.06624209809604152,AltB,0.06308771247242066
open_2017_05_08_close_2017_05_08_flight_Fixed Wing_N550ND_after_0_189675,open_2017_05_08_close_2017_05_08_flight_Fixed Wing_N550ND_after_0_189675,530,VSpd,0.7828124254666876,E1_RPM,0.09717545040340576,AltB,0.04583747660538047,VSpdG,0.03575323175219669,TAS,0.009167495321076094
open_2017_05_08_close_2017_05_08_flight_Fixed Wing_N550ND_after_0_189675,open_2017_05_08_close_2017_05_08_flight_Fixed Wing_N550ND_after_0_189675,531,VSpd,0.9489563222398918,AltB,0.02418750184128866,TAS,0.008062500613762888,E1_RPM,0.007256250552387332,Roll,0.0039506253007438145
open_2017_05_08_close_2017_05_08_flight_Fixed Wing_N550ND_after_0_189675,open_2017_05_08_close_2017_05_08_flight_Fixed Wing_N550ND_after_0_189675,532,VSpdG,0.8356127396854265,VSpd,0.09530231993721683,AltB,0.01249047443475974,TAS,0.01249047443475974,E1_EGT4,0.008368617871289934
open_2017_05_08_close_2017_05_08_flight_Fixed Wing_N550ND_after_0_189675,open_2017_05_08_close_2017_05_08_flight_Fixed Wing_N550ND_after_0_189675,533,VSpd,0.6203784338355883,VSpdG,0.296685268163807,AltB,0.04518049768991984,E1_RPM,0.012550138247199954,GndSpd,0.0052710580638240375
open_2017_05_08_close_2017_05_08_flight_Fixed Wing_N550ND_after_0_189675,open_2017_05_08_close_2017_05_08_flight_Fixed Wing_N550ND_after_0_189675,534,VSpd,0.917561031308295,VSpdG,0.050453029680512074,AltB,0.017102721925597298,HDG,0.0025654082888395702,E1_RPM,0.002565408288839206
open_2017_05_08_close_2017_05_08_flight_Fixed Wing_N550ND_after_0_189675,open_2017_05_08_close_2017_05_08_flight_Fixed Wing_N550ND_after_0_189675,535,VSpdG,0.6420972493061142,VSpd,0.12945509058591018,AltB,0.11835893996426074,Pitch,0.025743069442226714,TAS,0.014794867495532592
open_2017_05_08_close_2017_05_08_flight_Fixed Wing_N550ND_after_0_189675,open_2017_05_08_close_2017_05_08_flight_Fixed Wing_N550ND_after_0_189675,536,VSpd,0.5694233569531687,VSpdG,0.32722673398972724,E1_RPM,0.04932820915367486,AltB,0.034187867730270015,TAS,0.004883981104324288
open_2017_05_08_close_2017_05_08_flight_Fixed Wing_N550ND_after_0_189675,open_2017_05_08_close_2017_05_08_flight_Fixed Wing_N550ND_after_0_189675,537,VSpd,0.5506450150238635,VSpdG,0.3847390308299822,E1_RPM,0.03053484371666526,AltB,0.008142624991110736,TAS,0.004071312495555368
open_2017_05_08_close_2017_05_08_flight_Fixed Wing_N550ND_after_0_189675,open_2017_05_08_close_2017_05_08_flight_Fixed Wing_N550ND_after_0_189675,538,VSpd,0.49508866850220373,VSpdG,0.3512453391400771,AltB,0.06690387412191943,E1_RPM,0.01672596853047986,Roll,0.016391449159870265
open_2017_05_08_close_2017_05_08_flight_Fixed Wing_N550ND_after_0_189675,open_2017_05_08_close_2017_05_08_flight_Fixed Wing_N550ND_after_0_189675,539,VSpd,0.591610088906818,VSpdG,0.19786846705989716,E1_RPM,0.1030911340984383,Roll,0.022114711024341437,AltB,0.01662760227394093
open_2017_05_08_close_2017_05_08_flight_Fixed Wing_N550ND_after_0_189675,open_2017_05_08_close_2017_05_08_flight_Fixed Wing_N550ND_after_0_189675,540,VSpd,0.6720061254556432,VSpdG,0.20649696882664426,E1_RPM,0.04716935836141623,AltB,0.04192831854348109,E1_EGT2,0.008700126097771564
open_2017_05_08_close_2017_05_08_flight_Fixed Wing_N550ND_after_0_189675,open_2017_05_08_close_2017_05_08_flight_Fixed Wing_N550ND_after_0_189675,541,VSpd,0.5633230671965688,VSpdG,0.3536296630895228,E1_RPM,0.035944420164556345,AltB,0.0264297207092319,HDG,0.005814538556030988
open_2017_05_08_close_2017_05_08_flight_Fixed Wing_N550ND_after_0_189675,open_2017_05_08_close_2017_05_08_flight_Fixed Wing_N550ND_after_0_189675,542,VSpd,0.4725517754232811,VSpdG,0.4675201682315514,E1_RPM,0.020965029965540425,AltB,0.017470858304617018,E1_EGT2,0.004088180843280637
open_2017_05_08_close_2017_05_08_flight_Fixed Wing_N550ND_after_0_189675,open_2017_05_08_close_2017_05_08_flight_Fixed Wing_N550ND_after_0_189675,543,VSpd,0.7569361409375083,VSpdG,0.14907757560766463,AltB,0.04619305159674115,E1_RPM,0.028135767790741572,Roll,0.004367343060055527
open_2017_05_08_close_2017_05_08_flight_Fixed Wing_N550ND_after_0_189675,open_2017_05_08_close_2017_05_08_flight_Fixed Wing_N550ND_after_0_189675,544,VSpdG,0.6438711593020706,VSpd,0.2699683134941678,E1_RPM,0.03791322562387946,AltB,0.019610289115799106,E1_EGT4,0.007844115646319939
open_2017_05_08_close_2017_05_08_flight_Fixed Wing_N550ND_after_0_189675,open_2017_05_08_close_2017_05_08_flight_Fixed Wing_N550ND_after_0_189675,545,VSpd,0.8148069913950624,VSpdG,0.12697976663011165,AltB,0.03627993332288904,E1_RPM,0.009674648886104111,TAS,0.004031103702543227
open_2017_05_08_close_2017_05_08_flight_Fixed Wing_N550ND_after_0_189675,open_2017_05_08_close_2017_05_08_flight_Fixed Wing_N550ND_after_0_189675,546,VSpd,0.5165578863670868,VSpdG,0.3967708710208055,AltB,0.025191801334654318,Roll,0.021916867161149257,E1_RPM,0.010076720533864018
open_2017_05_08_close_2017_05_08_flight_Fixed Wing_N550ND_after_0_189675,open_2017_05_08_close_2017_05_08_flight_Fixed Wing_N550ND_after_0_189675,547,VSpd,0.44523084359274717,VSpdG,0.38848961263754367,E1_RPM,0.09786379554991197,AltB,0.01977046374745769,TAS,0.009885231873728846
open_2017_05_08_close_2017_05_08_flight_Fixed Wing_N550ND_after_0_189675,open_2017_05_08_close_2017_05_08_flight_Fixed Wing_N550ND_after_0_189675,548,VSpd,0.5082220001083858,VSpdG,0.3770988098732654,Roll,0.02584179661568064,AltB,0.01914207156717084,E1_RPM,0.01914207156717084
open_2017_05_08_close_2017_05_08_flight_Fixed Wing_N550ND_after_0_189675,open_2017_05_08_close_2017_05_08_flight_Fixed Wing_N550ND_after_0_189675,549,VSpd,0.5867642402519575,VSpdG,0.36722342511196077,E1_RPM,0.01679802198733196,AltB,0.00933223443740688,TAS,0.00466611721870344
open_2017_05_08_close_2017_05_08_flight_Fixed Wing_N550ND_after_0_189675,open_2017_05_08_close_2017_05_08_flight_Fixed Wing_N550ND_after_0_189675,550,VSpd,0.780200759390134,VSpdG,0.17621993707753897,E1_EGT2,0.008550756440471981,TAS,0.0074354403830185255,AltB,0.0074354403830185255
open_2017_05_08_close_2017_05_08_flight_Fixed Wing_N550ND_after_0_189675,open_2017_05_08_close_2017_05_08_flight_Fixed Wing_N550ND_after_0_189675,551,VSpd,0.6776925083156532,VSpdG,0.24172819582219884,E1_RPM,0.039263760620837376,AltB,0.020485440323915152,TAS,0.006828480107971718
open_2017_05_08_close_2017_05_08_flight_Fixed Wing_N550ND_after_0_189675,open_2017_05_08_close_2017_05_08_flight_Fixed Wing_N550ND_after_0_189675,552,VSpd,0.5889817893065661,VSpdG,0.312043332082949,E1_RPM,0.05685535287951975,AltB,0.02644435017652109,Roll,0.0029749893948586227
open_2017_05_08_close_2017_05_08_flight_Fixed Wing_N550ND_after_0_189675,open_2017_05_08_close_2017_05_08_flight_Fixed Wing_N550ND_after_0_189675,553,VSpdG,0.8012621265612294,VSpd,0.102333782255231,AltB,0.02440392263638262,E1_RPM,0.02440392263638262,Roll,0.022532955234259956
open_2017_05_08_close_2017_05_08_flight_Fixed Wing_N550ND_after_0_189675,open_2017_05_08_close_2017_05_08_flight_Fixed Wing_N550ND_after_0_189675,554,VSpd,0.9223982380325264,AltB,0.045179611242638903,TAS,0.011294902810659726,E1_EGT4,0.004235588553997397,E1_EGT2,0.003783792441571419
open_2017_05_08_close_2017_05_08_flight_Fixed Wing_N550ND_after_0_189675,open_2017_05_08_close_2017_05_08_flight_Fixed Wing_N550ND_after_0_189675,555,VSpdG,0.6185060493051646,VSpd,0.13688763324723438,E1_RPM,0.06279249231524513,AltB,0.031396246157622563,TAS,0.031396246157622563
open_2017_05_08_close_2017_05_08_flight_Fixed Wing_N550ND_after_0_189675,open_2017_05_08_close_2017_05_08_flight_Fixed Wing_N550ND_after_0_189675,556,VSpdG,0.5483891327664202,E1_RPM,0.20542831005218598,VSpd,0.15476759969185638,E1_EGT4,0.018801913123422814,TAS,0.017409178817981596
open_2017_05_08_close_2017_05_08_flight_Fixed Wing_N550ND_after_0_189675,open_2017_05_08_close_2017_05_08_flight_Fixed Wing_N550ND_after_0_189675,557,VSpd,0.6385799628986665,VSpdG,0.267241514963571,AltB,0.04241928808945571,TAS,0.016967715235782287,E1_RPM,0.013574172188625057
open_2017_05_08_close_2017_05_08_flight_Fixed Wing_N550ND_after_0_189675,open_2017_05_08_close_2017_05_08_flight_Fixed Wing_N550ND_after_0_189675,558,VSpdG,0.5920323779872049,VSpd,0.3436906683498628,E1_RPM,0.023948628648589734,AltB,0.011138897045855219,Roll,0.0075187555059522725
open_2017_05_08_close_2017_05_08_flight_Fixed Wing_N550ND_after_0_189675,open_2017_05_08_close_2017_05_08_flight_Fixed Wing_N550ND_after_0_189675,559,VSpd,0.768846987035652,VSpdG,0.13800604075231088,E1_RPM,0.047754471244450834,AltB,0.013143432452601037,TAS,0.013143432452601037
open_2017_05_08_close_2017_05_08_flight_Fixed Wing_N550ND_after_0_189675,open_2017_05_08_close_2017_05_08_flight_Fixed Wing_N550ND_after_0_189675,560,VSpd,0.4146194648687992,VSpdG,0.271994026016467,E1_RPM,0.10742621195608981,Roll,0.0530274067527902,AltB,0.04571328168343982
open_2017_05_08_close_2017_05_08_flight_Fixed Wing_N550ND_after_0_189675,open_2017_05_08_close_2017_05_08_flight_Fixed Wing_N550ND_after_0_189675,561,VSpd,0.7826358382841304,VSpdG,0.13183348451643756,AltB,0.026768220206383257,E1_RPM,0.022083781670267404,Roll,0.012848745699063966
open_2017_05_08_close_2017_05_08_flight_Fixed Wing_N550ND_after_0_189675,open_2017_05_08_close_2017_05_08_flight_Fixed Wing_N550ND_after_0_189675,562,VSpd,0.6028337949934496,VSpdG,0.34573366761876667,AltB,0.012572133367955152,TAS,0.012572133367955152,E1_EGT4,0.007040394686054199
open_2017_05_08_close_2017_05_08_flight_Fixed Wing_N550ND_after_0_189675,open_2017_05_08_close_2017_05_08_flight_Fixed Wing_N550ND_after_0_189675,563,VSpd,0.6895213113996215,VSpdG,0.16297024396607734,E1_RPM,0.06618080973241719,AltB,0.033090404866208595,Roll,0.013567065995145523
open_2017_05_08_close_2017_05_08_flight_Fixed Wing_N550ND_after_0_189675,open_2017_05_08_close_2017_05_08_flight_Fixed Wing_N550ND_after_0_189675,564,VSpd,0.8494693710968572,VSpdG,0.06210494782492511,E1_RPM,0.03157878702962294,AltB,0.03157878702962294,HDG,0.007368383640245383
open_2017_05_08_close_2017_05_08_flight_Fixed Wing_N550ND_after_0_189675,open_2017_05_08_close_2017_05_08_flight_Fixed Wing_N550ND_after_0_189675,565,VSpd,0.8132080189575379,VSpdG,0.09782704275358288,E1_RPM,0.0638362906103911,HDG,0.008290427351998551,Roll,0.008041714531438595
open_2017_05_08_close_2017_05_08_flight_Fixed Wing_N550ND_after_0_189675,open_2017_05_08_close_2017_05_08_flight_Fixed Wing_N550ND_after_0_189675,566,VSpdG,0.5670250903092673,VSpd,0.28847761256977816,E1_RPM,0.09282517341357358,AltB,0.014391499754042313,HDG,0.01007404982782966
open_2017_05_08_close_2017_05_08_flight_Fixed Wing_N550ND_after_0_189675,open_2017_05_08_close_2017_05_08_flight_Fixed Wing_N550ND_after_0_189675,567,VSpd,0.4349018467194903,VSpdG,0.42438195597971157,E1_RPM,0.0968308124911498,E1_EGT4,0.008846271758450434,Roll,0.007889918054834076
open_2017_05_08_close_2017_05_08_flight_Fixed Wing_N550ND_after_0_189675,open_2017_05_08_close_2017_05_08_flight_Fixed Wing_N550ND_after_0_189675,568,VSpd,0.5804255005412714,VSpdG,0.3239359311642247,E1_RPM,0.040129376547210806,AltB,0.029009187865452958,HDG,0.0072522969663632395
open_2017_05_08_close_2017_05_08_flight_Fixed Wing_N550ND_after_0_189675,open_2017_05_08_close_2017_05_08_flight_Fixed Wing_N550ND_after_0_189675,569,VSpdG,0.4700680475415455,VSpd,0.42873791200558353,AltB,0.049795344019231524,E1_RPM,0.02190995136846006,E1_EGT2,0.008266027107191709
open_2017_05_08_close_2017_05_08_flight_Fixed Wing_N550ND_after_0_189675,open_2017_05_08_close_2017_05_08_flight_Fixed Wing_N550ND_after_0_189675,570,VSpd,0.4912060882373726,VSpdG,0.4369310583348416,AltB,0.02560142919930712,E1_RPM,0.016214238492895286,Roll,0.010496585971715919
open_2017_05_08_close_2017_05_08_flight_Fixed Wing_N550ND_after_0_189675,open_2017_05_08_close_2017_05_08_flight_Fixed Wing_N550ND_after_0_189675,571,VSpd,0.8212908114010022,VSpdG,0.06819319064219517,E1_RPM,0.04633639876969436,AltB,0.03497086699599754,Pitch,0.006294756059279557
open_2017_05_08_close_2017_05_08_flight_Fixed Wing_N550ND_after_0_189675,open_2017_05_08_close_2017_05_08_flight_Fixed Wing_N550ND_after_0_189675,572,VSpd,0.7080285413842856,VSpdG,0.21976510622537232,AltB,0.04345637693722051,E1_RPM,0.00993288615707841,Roll,0.007884228387181436
open_2017_05_08_close_2017_05_08_flight_Fixed Wing_N550ND_after_0_189675,open_2017_05_08_close_2017_05_08_flight_Fixed Wing_N550ND_after_0_189675,573,VSpd,0.5445121162126668,VSpdG,0.4227597086068297,E1_RPM,0.00955389171993053,TAS,0.0059711823249552235,AltB,0.0059711823249552235
open_2017_05_08_close_2017_05_08_flight_Fixed Wing_N550ND_after_0_189675,open_2017_05_08_close_2017_05_08_flight_Fixed Wing_N550ND_after_0_189675,574,VSpdG,0.7753732228555373,VSpd,0.14893192696104118,E1_RPM,0.03129308971166162,E1_EGT4,0.011010531565213687,HDG,0.010431029903886217
open_2017_05_08_close_2017_05_08_flight_Fixed Wing_N550ND_after_0_189675,open_2017_05_08_close_2017_05_08_flight_Fixed Wing_N550ND_after_0_189675,575,VSpd,0.6074784328763154,VSpdG,0.3671092687885647,AltB,0.011654262501224276,E1_RPM,0.003496278750366753,E1_OilP,0.0019229533127020785
open_2017_05_08_close_2017_05_08_flight_Fixed Wing_N550ND_after_0_189675,open_2017_05_08_close_2017_05_08_flight_Fixed Wing_N550ND_after_0_189675,576,VSpd,0.6201476912255255,VSpdG,0.27017463753759113,AltB,0.04559909494305335,Roll,0.01789764476514844,HDG,0.011399773735763338
open_2017_05_08_close_2017_05_08_flight_Fixed Wing_N550ND_after_0_189675,open_2017_05_08_close_2017_05_08_flight_Fixed Wing_N550ND_after_0_189675,577,VSpd,0.7588004113225435,VSpdG,0.11204911592549131,E1_RPM,0.04842800773050811,AltB,0.047478438951479386,Roll,0.013199006028511267
open_2017_05_08_close_2017_05_08_flight_Fixed Wing_N550ND_after_0_189675,open_2017_05_08_close_2017_05_08_flight_Fixed Wing_N550ND_after_0_189675,578,VSpd,0.8307854100199155,E1_RPM,0.08339277464558469,AltB,0.04834363747570063,Roll,0.01377793668057468,TAS,0.012085909368925158
open_2017_05_08_close_2017_05_08_flight_Fixed Wing_N550ND_after_0_189675,open_2017_05_08_close_2017_05_08_flight_Fixed Wing_N550ND_after_0_189675,579,VSpd,0.7771656727884947,VSpdG,0.0940995381519755,E1_RPM,0.05066898208183074,AltB,0.03619213005845209,E1_EGT4,0.012425964653401558
open_2017_05_08_close_2017_05_08_flight_Fixed Wing_N550ND_after_0_189675,open_2017_05_08_close_2017_05_08_flight_Fixed Wing_N550ND_after_0_189675,580,VSpd,0.471932093755207,VSpdG,0.3705640337878723,E1_RPM,0.10875248817687436,AltB,0.013426233108256245,E1_EGT2,0.01168082280418452
open_2017_05_08_close_2017_05_08_flight_Fixed Wing_N550ND_after_0_189675,open_2017_05_08_close_2017_05_08_flight_Fixed Wing_N550ND_after_0_189675,581,VSpd,0.6109308638084386,VSpdG,0.23737188649784619,E1_RPM,0.05431390623255431,AltB,0.040232523135228127,Roll,0.012069756940568438
open_2017_05_08_close_2017_05_08_flight_Fixed Wing_N550ND_after_0_189675,open_2017_05_08_close_2017_05_08_flight_Fixed Wing_N550ND_after_0_189675,582,VSpdG,0.8644536318775834,E1_RPM,0.07142731280344605,AltB,0.018314695590626765,E1_EGT2,0.013552874737063974,E1_EGT4,0.006593290412627968
open_2017_05_08_close_2017_05_08_flight_Fixed Wing_N550ND_after_0_189675,open_2017_05_08_close_2017_05_08_flight_Fixed Wing_N550ND_after_0_189675,583,VSpd,0.6088844965334366,VSpdG,0.31063238640153135,AltB,0.03376438982625342,Roll,0.013955947794851412,E1_RPM,0.007878357626128868
open_2017_05_08_close_2017_05_08_flight_Fixed Wing_N550ND_after_0_189675,open_2017_05_08_close_2017_05_08_flight_Fixed Wing_N550ND_after_0_189675,584,VSpd,0.673189663578059,VSpdG,0.20099782316592546,E1_RPM,0.08876553611896014,AltB,0.010202935186087586,E1_EGT4,0.009182641667479756
open_2017_05_08_close_2017_05_08_flight_Fixed Wing_N550ND_after_0_189675,open_2017_05_08_close_2017_05_08_flight_Fixed Wing_N550ND_after_0_189675,585,VSpd,0.5344514239754711,VSpdG,0.387834498367555,AltB,0.042232431764162075,TAS,0.007038738627360346,Roll,0.005279053970520259
open_2017_05_08_close_2017_05_08_flight_Fixed Wing_N550ND_after_0_189675,open_2017_05_08_close_2017_05_08_flight_Fixed Wing_N550ND_after_0_189675,586,VSpd,0.468670827443973,VSpdG,0.44852289425748604,AltB,0.049835877139720666,E1_RPM,0.015662704243910915,Pitch,0.004058064281377253
open_2017_05_08_close_2017_05_08_flight_Fixed Wing_N550ND_after_0_189675,open_2017_05_08_close_2017_05_08_flight_Fixed Wing_N550ND_after_0_189675,587,VSpd,0.7354452029447783,VSpdG,0.13319617384832078,E1_RPM,0.05901096309735727,AltB,0.016860275170673504,E1_EGT2,0.012476603626298547
open_2017_05_08_close_2017_05_08_flight_Fixed Wing_N550ND_after_0_189675,open_2017_05_08_close_2017_05_08_flight_Fixed Wing_N550ND_after_0_189675,588,VSpdG,0.43892843596968756,VSpd,0.36713759856108613,E1_RPM,0.11655161859081649,AltB,0.024798216721451275,TAS,0.012399108360725638
open_2017_05_08_close_2017_05_08_flight_Fixed Wing_N550ND_after_0_189675,open_2017_05_08_close_2017_05_08_flight_Fixed Wing_N550ND_after_0_189675,589,VSpd,0.687351366845087,VSpdG,0.076155407122041,AltB,0.058581082401569916,HDG,0.05272297416141326,E1_RPM,0.04100675768109716
open_2017_05_08_close_2017_05_08_flight_Fixed Wing_N550ND_after_0_189675,open_2017_05_08_close_2017_05_08_flight_Fixed Wing_N550ND_after_0_189675,590,VSpd,0.590464137015208,VSpdG,0.28868581275361355,E1_RPM,0.031714779429267266,Roll,0.02325750491479816,HDG,0.019516787341089185
open_2017_05_08_close_2017_05_08_flight_Fixed Wing_N550ND_after_0_189675,open_2017_05_08_close_2017_05_08_flight_Fixed Wing_N550ND_after_0_189675,591,VSpd,0.826446794351559,VSpdG,0.0756502379439018,AltB,0.044877259797229944,E1_RPM,0.030772978146670214,TAS,0.006411037113889992
open_2017_05_08_close_2017_05_08_flight_Fixed Wing_N550ND_after_0_189675,open_2017_05_08_close_2017_05_08_flight_Fixed Wing_N550ND_after_0_189675,592,VSpd,0.771695290071327,VSpdG,0.07444006013549774,AltB,0.05726158471961367,E1_RPM,0.038174389813075776,TRK,0.009543597453268944
open_2017_05_08_close_2017_05_08_flight_Fixed Wing_N550ND_after_0_189675,open_2017_05_08_close_2017_05_08_flight_Fixed Wing_N550ND_after_0_189675,593,VSpd,0.6906823669405843,VSpdG,0.1707890178101194,AltB,0.05789458230851503,E1_RPM,0.033289384827392195,Roll,0.0209867860868367
open_2017_05_08_close_2017_05_08_flight_Fixed Wing_N550ND_after_0_189675,open_2017_05_08_close_2017_05_08_flight_Fixed Wing_N550ND_after_0_189675,594,VSpdG,0.3233564838141709,E1_RPM,0.30677410002881383,AltB,0.08291191892671051,E1_EGT2,0.06301305838429924,VSpd,0.05057627054529396
open_2017_05_08_close_2017_05_08_flight_Fixed Wing_N550ND_after_0_189675,open_2017_05_08_close_2017_05_08_flight_Fixed Wing_N550ND_after_0_189675,595,VSpd,0.728361069419826,VSpdG,0.13478689267783153,E1_RPM,0.07507118073195833,AltB,0.01706163198453563,HDG,0.01535546878608168
open_2017_05_08_close_2017_05_08_flight_Fixed Wing_N550ND_after_0_189675,open_2017_05_08_close_2017_05_08_flight_Fixed Wing_N550ND_after_0_189675,596,VSpd,0.8392903331208892,E1_RPM,0.05315328265490114,AltB,0.0354355217699341,VSpdG,0.0354355217699341,TAS,0.008858880442483525
open_2017_05_08_close_2017_05_08_flight_Fixed Wing_N550ND_after_0_189675,open_2017_05_08_close_2017_05_08_flight_Fixed Wing_N550ND_after_0_189675,597,VSpd,0.45666264737761547,VSpdG,0.38552970230452677,E1_RPM,0.07384794297664372,Roll,0.024217781299692803,AltB,0.021719983228424042
open_2017_05_08_close_2017_05_08_flight_Fixed Wing_N550ND_after_0_189675,open_2017_05_08_close_2017_05_08_flight_Fixed Wing_N550ND_after_0_189675,598,VSpdG,0.6975683606583968,VSpd,0.15739500194010572,AltB,0.039299625952585744,Roll,0.02692024377752123,E1_EGT4,0.014737359732219653
open_2017_05_08_close_2017_05_08_flight_Fixed Wing_N550ND_after_0_189675,open_2017_05_08_close_2017_05_08_flight_Fixed Wing_N550ND_after_0_189675,599,VSpd,0.6833011118387842,VSpdG,0.19007433096882748,AltB,0.048323982449701854,Roll,0.018846353155383726,TAS,0.01610799414990062
open_2017_05_08_close_2017_05_08_flight_Fixed Wing_N550ND_after_0_189675,open_2017_05_08_close_2017_05_08_flight_Fixed Wing_N550ND_after_0_189675,600,VSpd,0.6627984985092922,VSpdG,0.15198255504099584,E1_RPM,0.11849487342179105,AltB,0.045079571410464876,HDG,0.006439938772923553
open_2017_05_08_close_2017_05_08_flight_Fixed Wing_N550ND_after_0_189675,open_2017_05_08_close_2017_05_08_flight_Fixed Wing_N550ND_after_0_189675,601,VSpdG,0.6085635973115617,VSpd,0.19957793472631424,E1_RPM,0.12922312320409143,AltB,0.022089422769929645,Roll,0.007841745083325023
open_2017_05_08_close_2017_05_08_flight_Fixed Wing_N550ND_after_0_189675,open_2017_05_08_close_2017_05_08_flight_Fixed Wing_N550ND_after_0_189675,602,VSpd,0.5273822600962654,E1_RPM,0.1647079731231667,VSpdG,0.12669844086396775,E1_EGT4,0.03420857903326899,AltB,0.03167461021599194
open_2017_05_08_close_2017_05_08_flight_Fixed Wing_N550ND_after_0_189675,open_2017_05_08_close_2017_05_08_flight_Fixed Wing_N550ND_after_0_189675,603,VSpdG,0.6373027031979137,VSpd,0.18903046281294056,E1_RPM,0.08101305549126024,AltB,0.02700435183042008,HDG,0.016202611098251895
open_2017_05_08_close_2017_05_08_flight_Fixed Wing_N550ND_after_0_189675,open_2017_05_08_close_2017_05_08_flight_Fixed Wing_N550ND_after_0_189675,604,VSpd,0.5859791561452757,VSpdG,0.32438018501813004,E1_RPM,0.034278923661407674,AltB,0.031739744130932494,TAS,0.0063479488261864985
open_2017_05_08_close_2017_05_08_flight_Fixed Wing_N550ND_after_0_189675,open_2017_05_08_close_2017_05_08_flight_Fixed Wing_N550ND_after_0_189675,605,VSpdG,0.6979952506634478,VSpd,0.08222147444255874,Roll,0.06358855037823787,E1_RPM,0.04436410491504966,TAS,0.02957606994336644
open_2017_05_08_close_2017_05_08_flight_Fixed Wing_N550ND_after_0_189675,open_2017_05_08_close_2017_05_08_flight_Fixed Wing_N550ND_after_0_189675,606,VSpdG,0.5006269931131712,VSpd,0.3714175501287242,Roll,0.026541177095206214,E1_RPM,0.02542867266606439,HDG,0.022250088582807696
open_2017_05_08_close_2017_05_08_flight_Fixed Wing_N550ND_after_0_189675,open_2017_05_08_close_2017_05_08_flight_Fixed Wing_N550ND_after_0_189675,607,VSpd,0.5884922022139213,VSpdG,0.2055913527862077,E1_RPM,0.10331748185702917,AltB,0.0626166556709262,E1_EGT2,0.012523331134185713
open_2017_05_08_close_2017_05_08_flight_Fixed Wing_N550ND_after_0_189675,open_2017_05_08_close_2017_05_08_flight_Fixed Wing_N550ND_after_0_189675,608,VSpd,0.9374567071523201,VSpdG,0.023361540945009886,AltB,0.01797041611154607,TAS,0.005990138703848691,Roll,0.003354477674155267
open_2017_05_08_close_2017_05_08_flight_Fixed Wing_N550ND_after_0_189675,open_2017_05_08_close_2017_05_08_flight_Fixed Wing_N550ND_after_0_189675,609,VSpd,0.7364033036838495,VSpdG,0.13762367728016192,E1_RPM,0.05598251279193239,AltB,0.03498907049495642,E1_EGT2,0.0156284514877489
open_2017_05_08_close_2017_05_08_flight_Fixed Wing_N550ND_after_0_189675,open_2017_05_08_close_2017_05_08_flight_Fixed Wing_N550ND_after_0_189675,610,VSpd,0.7476975387341733,VSpdG,0.0810455920251049,E1_RPM,0.045718026270568236,Roll,0.04031498680223169,E1_EGT2,0.02909328944490663
open_2017_05_08_close_2017_05_08_flight_Fixed Wing_N550ND_after_0_189675,open_2017_05_08_close_2017_05_08_flight_Fixed Wing_N550ND_after_0_189675,611,VSpd,0.8471704440048371,VSpdG,0.04337619445475738,E1_RPM,0.03892735399785913,AltB,0.033366303426736396,Roll,0.011789427210780194
open_2017_05_08_close_2017_05_08_flight_Fixed Wing_N550ND_after_0_189675,open_2017_05_08_close_2017_05_08_flight_Fixed Wing_N550ND_after_0_189675,612,VSpdG,0.7430903986097476,VSpd,0.17633653109866235,E1_RPM,0.040103291353537636,AltB,0.011795085692218215,Roll,0.009200166839930208
open_2017_05_08_close_2017_05_08_flight_Fixed Wing_N550ND_after_0_189675,open_2017_05_08_close_2017_05_08_flight_Fixed Wing_N550ND_after_0_189675,613,VSpd,0.5888469607664308,VSpdG,0.2501170343061296,E1_RPM,0.07146200980175131,AltB,0.05558156317913991,E1_EGT4,0.008893050108661519
open_2017_05_08_close_2017_05_08_flight_Fixed Wing_N550ND_after_0_189675,open_2017_05_08_close_2017_05_08_flight_Fixed Wing_N550ND_after_0_189675,614,VSpdG,0.4746357760731817,VSpd,0.38199747358580183,AltB,0.07227955980809872,E1_RPM,0.03975375789445649,E1_EGT2,0.009516808708065894
open_2017_05_08_close_2017_05_08_flight_Fixed Wing_N550ND_after_0_189675,open_2017_05_08_close_2017_05_08_flight_Fixed Wing_N550ND_after_0_189675,615,VSpdG,0.6727363773252788,VSpd,0.13297945763654323,E1_RPM,0.12257484841096053,AltB,0.02850577870022368,HDG,0.008551733610067024
open_2017_05_08_close_2017_05_08_flight_Fixed Wing_N550ND_after_0_189675,open_2017_05_08_close_2017_05_08_flight_Fixed Wing_N550ND_after_0_189675,616,VSpd,0.5509439797978571,VSpdG,0.3695642113209647,E1_RPM,0.036369811272855775,AltB,0.029330492961981324,E1_OilP,0.003167693239893936
open_2017_05_08_close_2017_05_08_flight_Fixed Wing_N550ND_after_0_189675,open_2017_05_08_close_2017_05_08_flight_Fixed Wing_N550ND_after_0_189675,617,VSpd,0.4955835385425677,VSpdG,0.24284212094626412,AltB,0.12374120812548499,E1_RPM,0.05259001345333253,TAS,0.030935302031371247
open_2017_05_08_close_2017_05_08_flight_Fixed Wing_N550ND_after_0_189675,open_2017_05_08_close_2017_05_08_flight_Fixed Wing_N550ND_after_0_189675,618,VSpdG,0.9061707955430951,AltB,0.031033246422708737,E1_RPM,0.028188532167292828,Pitch,0.00713764667722301,Roll,0.006542842787454426
open_2017_05_08_close_2017_05_08_flight_Fixed Wing_N550ND_after_0_189675,open_2017_05_08_close_2017_05_08_flight_Fixed Wing_N550ND_after_0_189675,619,VSpd,0.45180541240936856,VSpdG,0.2393939769389564,AltB,0.14201337615022822,E1_RPM,0.06086287549295495,Roll,0.029822808991547926
open_2017_05_08_close_2017_05_08_flight_Fixed Wing_N550ND_after_0_189675,open_2017_05_08_close_2017_05_08_flight_Fixed Wing_N550ND_after_0_189675,620,VSpd,0.49330757186207014,VSpdG,0.4487341162019074,E1_RPM,0.023396564882185555,AltB,0.011998238401120518,E1_EGT4,0.0058791368165491634
open_2017_05_08_close_2017_05_08_flight_Fixed Wing_N550ND_after_0_189675,open_2017_05_08_close_2017_05_08_flight_Fixed Wing_N550ND_after_0_189675,621,VSpd,0.7434302875890026,VSpdG,0.12693499339531503,AltB,0.06454321698066874,E1_RPM,0.03334732877334943,TAS,0.010757202830111457
open_2017_05_08_close_2017_05_08_flight_Fixed Wing_N550ND_after_0_189675,open_2017_05_08_close_2017_05_08_flight_Fixed Wing_N550ND_after_0_189675,622,VSpd,0.5456076073003133,VSpdG,0.3442871532697164,E1_RPM,0.055436067051906145,Roll,0.015463745019741501,TAS,0.00972562579857956
open_2017_05_08_close_2017_05_08_flight_Fixed Wing_N550ND_after_0_189675,open_2017_05_08_close_2017_05_08_flight_Fixed Wing_N550ND_after_0_189675,623,VSpd,0.4199098600436667,E1_RPM,0.13706256559287672,Roll,0.10840402915073873,AltB,0.06230116617858548,TAS,0.06230116617858548
open_2017_05_08_close_2017_05_08_flight_Fixed Wing_N550ND_after_0_189675,open_2017_05_08_close_2017_05_08_flight_Fixed Wing_N550ND_after_0_189675,624,VSpd,0.4951120314823842,VSpdG,0.32130764365094455,AltB,0.08134370725340373,E1_RPM,0.02440311217601742,Roll,0.01803118844117116
open_2017_05_08_close_2017_05_08_flight_Fixed Wing_N550ND_after_0_189675,open_2017_05_08_close_2017_05_08_flight_Fixed Wing_N550ND_after_0_189675,625,VSpd,0.762296042523007,VSpdG,0.17545968454369937,AltB,0.031786174736177425,E1_RPM,0.006992958441958455,Roll,0.005530794404094872
open_2017_05_08_close_2017_05_08_flight_Fixed Wing_N550ND_after_0_189675,open_2017_05_08_close_2017_05_08_flight_Fixed Wing_N550ND_after_0_189675,626,VSpdG,0.42231693606860127,E1_RPM,0.41515902189796067,VSpd,0.043663276440991,TAS,0.03578957085327135,E1_EGT2,0.018610576843708586
open_2017_05_08_close_2017_05_08_flight_Fixed Wing_N550ND_after_0_189675,open_2017_05_08_close_2017_05_08_flight_Fixed Wing_N550ND_after_0_189675,627,VSpd,0.8241062526740836,VSpdG,0.0841840455155792,E1_RPM,0.04145102748736562,AltB,0.02991311261974895,TAS,0.008546603605642557
open_2017_05_08_close_2017_05_08_flight_Fixed Wing_N550ND_after_0_189675,open_2017_05_08_close_2017_05_08_flight_Fixed Wing_N550ND_after_0_189675,628,VSpd,0.7400878539129261,E1_RPM,0.09124817221295287,AltB,0.06517726586639597,VSpdG,0.06517726586639597,E1_EGT2,0.009124817221294546
open_2017_05_08_close_2017_05_08_flight_Fixed Wing_N550ND_after_0_189675,open_2017_05_08_close_2017_05_08_flight_Fixed Wing_N550ND_after_0_189675,629,VSpd,0.7914482964218931,VSpdG,0.10976086898635187,AltB,0.05014455943538921,E1_RPM,0.022286470860172984,Roll,0.006797373612352759
open_2017_05_08_close_2017_05_08_flight_Fixed Wing_N550ND_after_0_189675,open_2017_05_08_close_2017_05_08_flight_Fixed Wing_N550ND_after_0_189675,630,VSpd,0.5053579514846863,VSpdG,0.40401245443897676,E1_RPM,0.037662177956177885,AltB,0.011412781198841154,HDG,0.007988946839188679
open_2017_05_08_close_2017_05_08_flight_Fixed Wing_N550ND_after_0_189675,open_2017_05_08_close_2017_05_08_flight_Fixed Wing_N550ND_after_0_189675,631,VSpd,0.6972396791696782,VSpdG,0.17430991979241955,E1_RPM,0.0812461490557888,AltB,0.022158040651578764,E1_EGT2,0.005834950704917152
open_2017_05_08_close_2017_05_08_flight_Fixed Wing_N550ND_after_0_189675,open_2017_05_08_close_2017_05_08_flight_Fixed Wing_N550ND_after_0_189675,632,VSpd,0.6800848161218332,E1_RPM,0.13541511825434732,AltB,0.09027674550289821,Roll,0.02738394613587913,HDG,0.018055349100579474
open_2017_05_08_close_2017_05_08_flight_Fixed Wing_N550ND_after_0_189675,open_2017_05_08_close_2017_05_08_flight_Fixed Wing_N550ND_after_0_189675,633,VSpdG,0.3499295372838926,VSpd,0.33035720723242074,E1_RPM,0.1601372458756824,AltB,0.08896513659759983,HPLfd,0.014827522766266638
open_2017_05_08_close_2017_05_08_flight_Fixed Wing_N550ND_after_0_189675,open_2017_05_08_close_2017_05_08_flight_Fixed Wing_N550ND_after_0_189675,634,VSpd,0.5032106078073846,VSpdG,0.35520748786403616,AltB,0.05147934606725163,TAS,0.025739673033625815,Roll,0.020849135157236912
open_2017_05_08_close_2017_05_08_flight_Fixed Wing_N550ND_after_0_189675,open_2017_05_08_close_2017_05_08_flight_Fixed Wing_N550ND_after_0_189675,635,VSpd,0.662342624298854,VSpdG,0.10542660155970619,E1_RPM,0.10542660155970619,AltB,0.052713300779853096,Roll,0.018976788280747114
open_2017_05_08_close_2017_05_08_flight_Fixed Wing_N550ND_after_0_189675,open_2017_05_08_close_2017_05_08_flight_Fixed Wing_N550ND_after_0_189675,636,VSpd,0.5601800871265942,VSpdG,0.2174784215600278,E1_RPM,0.18423331253174588,AltB,0.013852128761785215,E1_EGT2,0.008449798544690744
open_2017_05_08_close_2017_05_08_flight_Fixed Wing_N550ND_after_0_189675,open_2017_05_08_close_2017_05_08_flight_Fixed Wing_N550ND_after_0_189675,637,VSpd,0.7327272945596863,VSpdG,0.180355599124653,AltB,0.03267311578345163,E1_RPM,0.02940580420510647,Roll,0.012873207618679943
open_2017_05_08_close_2017_05_08_flight_Fixed Wing_N550ND_after_0_189675,open_2017_05_08_close_2017_05_08_flight_Fixed Wing_N550ND_after_0_189675,638,VSpdG,0.6768356619878294,AltB,0.10307142060728365,VSpd,0.0951692783607251,E1_RPM,0.04809999628340216,Roll,0.027485712161942306
open_2017_05_08_close_2017_05_08_flight_Fixed Wing_N550ND_after_0_189675,open_2017_05_08_close_2017_05_08_flight_Fixed Wing_N550ND_after_0_189675,639,VSpd,0.8922872875414323,E1_RPM,0.05173134309357841,AltB,0.015676164573812934,HDG,0.010973315201669323,E1_EGT4,0.010346268618714256
open_2017_05_08_close_2017_05_08_flight_Fixed Wing_N550ND_after_0_189675,open_2017_05_08_close_2017_05_08_flight_Fixed Wing_N550ND_after_0_189675,640,VSpd,0.6067069315975276,VSpdG,0.19814950990453437,E1_RPM,0.13265941764794487,AltB,0.03358466269568379,E1_EGT4,0.009403705554794363
open_2017_05_08_close_2017_05_08_flight_Fixed Wing_N550ND_after_0_189675,open_2017_05_08_close_2017_05_08_flight_Fixed Wing_N550ND_after_0_189675,641,VSpdG,0.8960298080513239,VSpd,0.0305999671751326,AltB,0.02353843628856368,HDG,0.013338447230186217,TAS,0.007846145429521226
open_2017_05_08_close_2017_05_08_flight_Fixed Wing_N550ND_after_0_189675,open_2017_05_08_close_2017_05_08_flight_Fixed Wing_N550ND_after_0_189675,642,VSpd,0.6211565546775296,VSpdG,0.34158897635073865,AltB,0.018851488761078287,E1_RPM,0.0064095061787659315,Pitch,0.0028654262916838996
open_2017_05_08_close_2017_05_08_flight_Fixed Wing_N550ND_after_0_189675,open_2017_05_08_close_2017_05_08_flight_Fixed Wing_N550ND_after_0_189675,643,VSpd,0.2937272192079846,E1_RPM,0.2830546662193801,AltB,0.20881081934216872,VSpdG,0.09048468838160856,TAS,0.02320120214912986
open_2017_05_08_close_2017_05_08_flight_Fixed Wing_N550ND_after_0_189675,open_2017_05_08_close_2017_05_08_flight_Fixed Wing_N550ND_after_0_189675,644,VSpdG,0.6510216809419012,VSpd,0.2098698671573285,AltB,0.055104616282869515,E1_RPM,0.042509275418210764,Roll,0.012123015582231294
open_2017_05_08_close_2017_05_08_flight_Fixed Wing_N550ND_after_0_189675,open_2017_05_08_close_2017_05_08_flight_Fixed Wing_N550ND_after_0_189675,645,VSpd,0.7065941396456514,VSpdG,0.2220745448777051,AltB,0.031865000920642005,E1_RPM,0.028433385436880333,E1_EGT2,0.0019364115944081556
open_2017_05_08_close_2017_05_08_flight_Fixed Wing_N550ND_after_0_189675,open_2017_05_08_close_2017_05_08_flight_Fixed Wing_N550ND_after_0_189675,646,VSpdG,0.5264868145149189,VSpd,0.4000464096957011,E1_RPM,0.030920654185799108,AltB,0.025070800691186616,E1_OilP,0.002507080069118638
open_2017_05_08_close_2017_05_08_flight_Fixed Wing_N550ND_after_0_189675,open_2017_05_08_close_2017_05_08_flight_Fixed Wing_N550ND_after_0_189675,647,VSpd,0.6702163681811388,VSpdG,0.1641788417454419,E1_RPM,0.116675319006913,AltB,0.016667902715273287,TAS,0.008333951357636643
open_2017_05_08_close_2017_05_08_flight_Fixed Wing_N550ND_after_0_189675,open_2017_05_08_close_2017_05_08_flight_Fixed Wing_N550ND_after_0_189675,648,VSpd,0.6184329545213766,VSpdG,0.31416803874084304,E1_RPM,0.021627509913319933,Roll,0.014456282942060526,AltB,0.011382899954378366
open_2017_05_08_close_2017_05_08_flight_Fixed Wing_N550ND_after_0_189675,open_2017_05_08_close_2017_05_08_flight_Fixed Wing_N550ND_after_0_189675,649,VSpdG,0.4454435752928956,VSpd,0.3672636824863874,E1_RPM,0.08408883819304248,AltB,0.045453426050295474,Roll,0.017272301899112278
open_2017_05_08_close_2017_05_08_flight_Fixed Wing_N550ND_after_0_189675,open_2017_05_08_close_2017_05_08_flight_Fixed Wing_N550ND_after_0_189675,650,VSpd,0.8075513765146656,E1_RPM,0.055280556498144943,AltB,0.0520287590570776,VSpdG,0.05137839956886416,TAS,0.0130071897642694
open_2017_05_08_close_2017_05_08_flight_Fixed Wing_N550ND_after_0_189675,open_2017_05_08_close_2017_05_08_flight_Fixed Wing_N550ND_after_0_189675,651,VSpdG,0.47284005511278643,E1_RPM,0.22239511066745288,VSpd,0.16008440848945601,AltB,0.040071191111253096,TAS,0.020035595555626548
open_2017_05_08_close_2017_05_08_flight_Fixed Wing_N550ND_after_0_189675,open_2017_05_08_close_2017_05_08_flight_Fixed Wing_N550ND_after_0_189675,652,VSpd,0.6072686150842079,E1_RPM,0.17121420625142836,VSpdG,0.08669073734249935,AltB,0.043345368671249676,TAS,0.021672684335624838
open_2017_05_08_close_2017_05_08_flight_Fixed Wing_N550ND_after_0_189675,open_2017_05_08_close_2017_05_08_flight_Fixed Wing_N550ND_after_0_189675,653,VSpd,0.39308778432277747,VSpdG,0.31877470112952516,E1_RPM,0.182737089819473,AltB,0.020304121091052556,TAS,0.020304121091052556
open_2017_05_08_close_2017_05_08_flight_Fixed Wing_N550ND_after_0_189675,open_2017_05_08_close_2017_05_08_flight_Fixed Wing_N550ND_after_0_189675,654,VSpdG,0.7842814264001016,VSpd,0.16037324234907913,Roll,0.01735032154068984,E1_RPM,0.01524014729925139,HDG,0.0070339141381174355
open_2017_05_08_close_2017_05_08_flight_Fixed Wing_N550ND_after_0_189675,open_2017_05_08_close_2017_05_08_flight_Fixed Wing_N550ND_after_0_189675,655,VSpdG,0.40545844369361833,VSpd,0.3024778752047682,E1_RPM,0.16747196587345237,AltB,0.04407156996669764,HDG,0.019097680318902476
open_2017_05_08_close_2017_05_08_flight_Fixed Wing_N550ND_after_0_189675,open_2017_05_08_close_2017_05_08_flight_Fixed Wing_N550ND_after_0_189675,656,VSpd,0.5043978578369079,VSpdG,0.24778912250106247,E1_RPM,0.08819612834784145,Roll,0.04304811026501506,AltB,0.041998156356112246
open_2017_05_08_close_2017_05_08_flight_Fixed Wing_N550ND_after_0_189675,open_2017_05_08_close_2017_05_08_flight_Fixed Wing_N550ND_after_0_189675,657,VSpd,0.5916222315409341,VSpdG,0.35257641603977663,AltB,0.029837214333408458,E1_RPM,0.005470155961124432,HDG,0.004972869055568077
open_2017_05_08_close_2017_05_08_flight_Fixed Wing_N550ND_after_0_189675,open_2017_05_08_close_2017_05_08_flight_Fixed Wing_N550ND_after_0_189675,658,VSpd,0.47435131681642606,VSpdG,0.3645291786671332,E1_RPM,0.08340921884755877,AltB,0.0308923032768757,E1_EGT2,0.01127569069605991
open_2017_05_08_close_2017_05_08_flight_Fixed Wing_N550ND_after_0_189675,open_2017_05_08_close_2017_05_08_flight_Fixed Wing_N550ND_after_0_189675,659,VSpdG,0.5087124370542959,VSpd,0.44841750394113916,AltB,0.012509322222646621,E1_RPM,0.010841412592960026,HDG,0.0037527966667940103
open_2017_05_08_close_2017_05_08_flight_Fixed Wing_N550ND_after_0_189675,open_2017_05_08_close_2017_05_08_flight_Fixed Wing_N550ND_after_0_189675,660,VSpd,0.5054027259991973,VSpdG,0.4123000185567982,AltB,0.04609044922891038,E1_EGT4,0.008296280861203945,E1_RPM,0.007961077594084901
open_2017_05_08_close_2017_05_08_flight_Fixed Wing_N550ND_after_0_189675,open_2017_05_08_close_2017_05_08_flight_Fixed Wing_N550ND_after_0_189675,661,VSpdG,0.7115016254090536,VSpd,0.1793671187816471,AltB,0.03616272556081594,E1_RPM,0.025313907892572804,Roll,0.014736310666032497
open_2017_05_08_close_2017_05_08_flight_Fixed Wing_N550ND_after_0_189675,open_2017_05_08_close_2017_05_08_flight_Fixed Wing_N550ND_after_0_189675,662,VSpd,0.8066177910833222,VSpdG,0.12114923865313067,AltB,0.03593409621067432,E1_RPM,0.01540032694743185,HDG,0.0071868192421348925
open_2017_05_08_close_2017_05_08_flight_Fixed Wing_N550ND_after_0_189675,open_2017_05_08_close_2017_05_08_flight_Fixed Wing_N550ND_after_0_189675,663,VSpd,0.6593965363262821,VSpdG,0.25440497213693325,AltB,0.05287863162199535,E1_RPM,0.010575726324397468,E1_EGT4,0.008578089129790571
open_2017_05_08_close_2017_05_08_flight_Fixed Wing_N550ND_after_0_189675,open_2017_05_08_close_2017_05_08_flight_Fixed Wing_N550ND_after_0_189675,664,VSpd,0.6602083205869428,VSpdG,0.26447423703778916,E1_RPM,0.03420452026355,Roll,0.009467322572946262,E1_EGT4,0.006352268048945755
open_2017_05_08_close_2017_05_08_flight_Fixed Wing_N550ND_after_0_189675,open_2017_05_08_close_2017_05_08_flight_Fixed Wing_N550ND_after_0_189675,665,VSpdG,0.4831374176780067,VSpd,0.3585316373559672,E1_RPM,0.04094384895576327,AltB,0.04094384895576327,TAS,0.027295899303842183
open_2017_05_08_close_2017_05_08_flight_Fixed Wing_N550ND_after_0_189675,open_2017_05_08_close_2017_05_08_flight_Fixed Wing_N550ND_after_0_189675,666,VSpd,0.8440691894735908,E1_RPM,0.05951823661994655,VSpdG,0.03269311588983026,AltB,0.016765700456323186,HDG,0.010897705296610166
open_2017_05_08_close_2017_05_08_flight_Fixed Wing_N550ND_after_0_189675,open_2017_05_08_close_2017_05_08_flight_Fixed Wing_N550ND_after_0_189675,667,VSpd,0.44027051682142937,VSpdG,0.3736863954502873,E1_RPM,0.12365622540354838,Roll,0.019839350449360707,HDG,0.016306315437830565
open_2017_05_08_close_2017_05_08_flight_Fixed Wing_N550ND_after_0_189675,open_2017_05_08_close_2017_05_08_flight_Fixed Wing_N550ND_after_0_189675,668,VSpd,0.6061770287340826,VSpdG,0.3217389721032825,E1_RPM,0.027492706623146252,HDG,0.008916553499398254,Roll,0.008024898149458315
open_2017_05_08_close_2017_05_08_flight_Fixed Wing_N550ND_after_0_189675,open_2017_05_08_close_2017_05_08_flight_Fixed Wing_N550ND_after_0_189675,669,VSpd,0.5009832694847386,VSpdG,0.2602832424339315,E1_RPM,0.098329224919486,AltB,0.05784072054087367,TAS,0.024788880231803003
open_2017_05_08_close_2017_05_08_flight_Fixed Wing_N550ND_after_0_189675,open_2017_05_08_close_2017_05_08_flight_Fixed Wing_N550ND_after_0_189675,670,VSpd,0.619880242604737,VSpdG,0.34139931957243846,AltB,0.007884510844629062,E1_EGT4,0.006544144001043341,E1_RPM,0.00551915759123891
open_2017_05_08_close_2017_05_08_flight_Fixed Wing_N550ND_after_0_189675,open_2017_05_08_close_2017_05_08_flight_Fixed Wing_N550ND_after_0_189675,671,VSpd,0.6817561620165905,VSpdG,0.24071421962139328,AltB,0.030566885031288037,E1_RPM,0.020250561333229018,HDG,0.0057312909433665064
open_2017_05_08_close_2017_05_08_flight_Fixed Wing_N550ND_after_0_189675,open_2017_05_08_close_2017_05_08_flight_Fixed Wing_N550ND_after_0_189675,672,VSpdG,0.6357398889876765,E1_RPM,0.09697727120151968,Roll,0.07865934219678024,E1_EGT2,0.045256059894033536,VSpd,0.04417853465846601
open_2017_05_08_close_2017_05_08_flight_Fixed Wing_N550ND_after_0_189675,open_2017_05_08_close_2017_05_08_flight_Fixed Wing_N550ND_after_0_189675,673,VSpd,0.6814048633826693,VSpdG,0.1697219501406967,AltB,0.05034125639766422,E1_RPM,0.04890293478630042,TAS,0.01438321611361835
open_2017_05_08_close_2017_05_08_flight_Fixed Wing_N550ND_after_0_189675,open_2017_05_08_close_2017_05_08_flight_Fixed Wing_N550ND_after_0_189675,674,VSpd,0.4686887129892588,VSpdG,0.41320956123913183,E1_RPM,0.047193985420713014,AltB,0.02097510463142801,Roll,0.010802178885185424
open_2017_05_08_close_2017_05_08_flight_Fixed Wing_N550ND_after_0_189675,open_2017_05_08_close_2017_05_08_flight_Fixed Wing_N550ND_after_0_189675,675,VSpdG,0.6336335294386193,VSpd,0.2013665877453239,E1_RPM,0.10873795738247369,TAS,0.013424439183021592,AltB,0.013424439183021592
open_2017_05_08_close_2017_05_08_flight_Fixed Wing_N550ND_after_0_189675,open_2017_05_08_close_2017_05_08_flight_Fixed Wing_N550ND_after_0_189675,676,VSpdG,0.6328509043716972,VSpd,0.3061208902004476,AltB,0.02010646241053843,HDG,0.011561215886059656,E1_RPM,0.005529277162897612
open_2017_05_08_close_2017_05_08_flight_Fixed Wing_N550ND_after_0_189675,open_2017_05_08_close_2017_05_08_flight_Fixed Wing_N550ND_after_0_189675,677,VSpd,0.8916833660863792,VSpdG,0.04709300638562418,AltB,0.033467111136991794,E1_RPM,0.009562031753426228,TAS,0.007171523815069671
open_2017_05_08_close_2017_05_08_flight_Fixed Wing_N550ND_after_0_189675,open_2017_05_08_close_2017_05_08_flight_Fixed Wing_N550ND_after_0_189675,678,VSpdG,0.5741043659286614,VSpd,0.3660073750114733,E1_RPM,0.05005987296729003,HDG,0.0031683463903347756,E1_EGT4,0.0015841731951673878
open_2017_05_08_close_2017_05_08_flight_Fixed Wing_N550ND_after_0_189675,open_2017_05_08_close_2017_05_08_flight_Fixed Wing_N550ND_after_0_189675,679,VSpd,0.8096682430154747,VSpdG,0.093130521325421,E1_RPM,0.037346757282783465,AltB,0.02836462578439218,TAS,0.00945487526146406
open_2017_05_08_close_2017_05_08_flight_Fixed Wing_N550ND_after_0_189675,open_2017_05_08_close_2017_05_08_flight_Fixed Wing_N550ND_after_0_189675,680,VSpd,0.6678753107551476,VSpdG,0.2249339494150235,E1_RPM,0.06283869063023009,AltB,0.014281520597779271,TAS,0.007140760298889636
open_2017_05_08_close_2017_05_08_flight_Fixed Wing_N550ND_after_0_189675,open_2017_05_08_close_2017_05_08_flight_Fixed Wing_N550ND_after_0_189675,681,VSpd,0.5961480846707139,VSpdG,0.35488312123338145,Roll,0.015348174127705932,TAS,0.013889750341815324,AltB,0.006944875170907662
open_2017_05_08_close_2017_05_08_flight_Fixed Wing_N550ND_after_0_189675,open_2017_05_08_close_2017_05_08_flight_Fixed Wing_N550ND_after_0_189675,682,VSpd,0.7944293937146846,VSpdG,0.11165198727387654,AltB,0.04534090853761486,E1_RPM,0.018703124771764584,Roll,0.012582102119188124
open_2017_05_08_close_2017_05_08_flight_Fixed Wing_N550ND_after_0_189675,open_2017_05_08_close_2017_05_08_flight_Fixed Wing_N550ND_after_0_189675,683,VSpd,0.8525936377327056,VSpdG,0.08961080364519393,AltB,0.03417361155960786,E1_RPM,0.007973842697241489,HDG,0.004936188336387846
open_2017_05_08_close_2017_05_08_flight_Fixed Wing_N550ND_after_0_189675,open_2017_05_08_close_2017_05_08_flight_Fixed Wing_N550ND_after_0_189675,684,VSpd,0.7300153883295235,VSpdG,0.18145823926086863,E1_RPM,0.046434867034089174,AltB,0.02305277086798694,HDG,0.0062571806641678555
open_2017_05_08_close_2017_05_08_flight_Fixed Wing_N550ND_after_0_189675,open_2017_05_08_close_2017_05_08_flight_Fixed Wing_N550ND_after_0_189675,685,VSpdG,0.5359914243670523,VSpd,0.3189830320014936,AltB,0.05677875258125554,E1_RPM,0.054507602478002216,TAS,0.011355750516251107
open_2017_05_08_close_2017_05_08_flight_Fixed Wing_N550ND_after_0_189675,open_2017_05_08_close_2017_05_08_flight_Fixed Wing_N550ND_after_0_189675,686,VSpd,0.7109168117630782,VSpdG,0.1009570881346094,E1_RPM,0.07667626946932354,Roll,0.05763499588444152,TAS,0.012779378244887257
open_2017_05_08_close_2017_05_08_flight_Fixed Wing_N550ND_after_0_189675,open_2017_05_08_close_2017_05_08_flight_Fixed Wing_N550ND_after_0_189675,687,VSpd,0.8117205400314621,AltB,0.07591494412265253,E1_RPM,0.05029365048125471,VSpdG,0.03700853525979289,Roll,0.012336178419931038
open_2017_05_08_close_2017_05_08_flight_Fixed Wing_N550ND_after_0_189675,open_2017_05_08_close_2017_05_08_flight_Fixed Wing_N550ND_after_0_189675,688,VSpdG,0.48930116442391264,VSpd,0.4403056333873471,AltB,0.019624378252295963,HDG,0.0189702323105528,E1_RPM,0.010466335067890584
open_2017_05_08_close_2017_05_08_flight_Fixed Wing_N550ND_after_0_189675,open_2017_05_08_close_2017_05_08_flight_Fixed Wing_N550ND_after_0_189675,689,VSpd,0.481308365003855,VSpdG,0.4734371333841191,AltB,0.019387269999349675,E1_RPM,0.010081380399661478,TAS,0.0038774539998699346
open_2017_05_08_close_2017_05_08_flight_Fixed Wing_N550ND_after_0_189675,open_2017_05_08_close_2017_05_08_flight_Fixed Wing_N550ND_after_0_189675,690,VSpd,0.44784263657457585,E1_RPM,0.25597051972377527,AltB,0.14808211884846614,VSpdG,0.0825028947870021,Roll,0.01163502362380806
open_2017_05_08_close_2017_05_08_flight_Fixed Wing_N550ND_after_0_189675,open_2017_05_08_close_2017_05_08_flight_Fixed Wing_N550ND_after_0_189675,691,VSpd,0.6764949468788408,VSpdG,0.2573311294129149,AltB,0.027230807345282004,E1_RPM,0.022056953949678174,E1_EGT2,0.0031587736520529352
open_2017_05_08_close_2017_05_08_flight_Fixed Wing_N550ND_after_0_189675,open_2017_05_08_close_2017_05_08_flight_Fixed Wing_N550ND_after_0_189675,692,VSpdG,0.6067976324865394,VSpd,0.2866082687944304,E1_RPM,0.05047791163416924,Roll,0.016259201010585037,AltB,0.010626928765088261
open_2017_05_08_close_2017_05_08_flight_Fixed Wing_N550ND_after_0_189675,open_2017_05_08_close_2017_05_08_flight_Fixed Wing_N550ND_after_0_189675,693,VSpd,0.5957649629173438,VSpdG,0.35145632683493977,E1_RPM,0.03607541132591378,Roll,0.004053834880953274,AltB,0.0037191145696819023
open_2017_05_08_close_2017_05_08_flight_Fixed Wing_N550ND_after_0_189675,open_2017_05_08_close_2017_05_08_flight_Fixed Wing_N550ND_after_0_189675,694,VSpd,0.684175435199422,VSpdG,0.2474332518146253,AltB,0.017995145586518203,HDG,0.00989733007258496,E1_RPM,0.009897330072584193
open_2017_05_08_close_2017_05_08_flight_Fixed Wing_N550ND_after_0_189675,open_2017_05_08_close_2017_05_08_flight_Fixed Wing_N550ND_after_0_189675,695,VSpd,0.782042878436792,VSpdG,0.16164137266691458,E1_RPM,0.010958737129962792,Roll,0.009588894988715265,E1_EGT2,0.009451910774591506
open_2017_05_08_close_2017_05_08_flight_Fixed Wing_N550ND_after_0_189675,open_2017_05_08_close_2017_05_08_flight_Fixed Wing_N550ND_after_0_189675,696,VSpd,0.9000469835962757,E1_RPM,0.025675614158605326,AltB,0.02334146741691586,E1_EGT4,0.01587219784350427,Roll,0.010036830989273823
open_2017_05_08_close_2017_05_08_flight_Fixed Wing_N550ND_after_0_189675,open_2017_05_08_close_2017_05_08_flight_Fixed Wing_N550ND_after_0_189675,697,VSpd,0.7187536882356365,VSpdG,0.16530288608621635,E1_RPM,0.03347906553645647,AltB,0.020924415960280537,TAS,0.020924415960280537
open_2017_05_08_close_2017_05_08_flight_Fixed Wing_N550ND_after_0_189675,open_2017_05_08_close_2017_05_08_flight_Fixed Wing_N550ND_after_0_189675,698,VSpd,0.6554128530765155,VSpdG,0.1300819403052626,E1_RPM,0.08005042480324158,TAS,0.03335434366801606,AltB,0.03335434366801606
open_2017_05_08_close_2017_05_08_flight_Fixed Wing_N550ND_after_0_189675,open_2017_05_08_close_2017_05_08_flight_Fixed Wing_N550ND_after_0_189675,699,VSpd,0.5651858791821318,VSpdG,0.1957497321499605,E1_RPM,0.10285155418048472,TAS,0.03317792070338314,AltB,0.03317792070338314
open_2017_05_08_close_2017_05_08_flight_Fixed Wing_N550ND_after_0_189675,open_2017_05_08_close_2017_05_08_flight_Fixed Wing_N550ND_after_0_189675,700,VSpdG,0.6278514019662974,VSpd,0.24436375200339064,AltB,0.039863581077225235,E1_RPM,0.029897685807918926,TAS,0.019931790538612618
open_2017_05_08_close_2017_05_08_flight_Fixed Wing_N550ND_after_0_189675,open_2017_05_08_close_2017_05_08_flight_Fixed Wing_N550ND_after_0_189675,701,VSpdG,0.443436318680073,VSpd,0.38222282686228015,E1_RPM,0.13977883958394038,HDG,0.011246573299857194,Roll,0.00996125063701613
open_2017_05_08_close_2017_05_08_flight_Fixed Wing_N550ND_after_0_189675,open_2017_05_08_close_2017_05_08_flight_Fixed Wing_N550ND_after_0_189675,702,VSpd,0.5777791598986568,VSpdG,0.3264690735826898,E1_RPM,0.052436502744224595,AltB,0.029625142793347534,HDG,0.002962514279334753
open_2017_05_08_close_2017_05_08_flight_Fixed Wing_N550ND_after_0_189675,open_2017_05_08_close_2017_05_08_flight_Fixed Wing_N550ND_after_0_189675,703,VSpd,0.6815175490982881,VSpdG,0.22377999478786198,AltB,0.05689321901386321,TAS,0.012642937558636269,HDG,0.006953615657249912
open_2017_05_08_close_2017_05_08_flight_Fixed Wing_N550ND_after_0_189675,open_2017_05_08_close_2017_05_08_flight_Fixed Wing_N550ND_after_0_189675,704,VSpd,0.7542856402709129,VSpdG,0.14270073094532784,E1_RPM,0.04056467478648847,AltB,0.03621845963079386,TAS,0.007243691926158772
open_2017_05_08_close_2017_05_08_flight_Fixed Wing_N550ND_after_0_189675,open_2017_05_08_close_2017_05_08_flight_Fixed Wing_N550ND_after_0_189675,705,VSpd,0.6077005022705357,VSpdG,0.35704389345794085,AltB,0.018147084800911855,TAS,0.004536771200227964,Roll,0.004128461792207447
open_2017_05_08_close_2017_05_08_flight_Fixed Wing_N550ND_after_0_189675,open_2017_05_08_close_2017_05_08_flight_Fixed Wing_N550ND_after_0_189675,706,VSpdG,0.6533959435487058,VSpd,0.17060126644453522,AltB,0.06906933864151227,E1_RPM,0.04558576350340061,E1_EGT4,0.01422828376015115
open_2017_05_08_close_2017_05_08_flight_Fixed Wing_N550ND_after_0_189675,open_2017_05_08_close_2017_05_08_flight_Fixed Wing_N550ND_after_0_189675,707,VSpdG,0.6890458230781733,VSpd,0.2348007186955762,E1_RPM,0.026256942449862555,AltB,0.015913298454461277,TAS,0.007956649227230638
open_2017_05_08_close_2017_05_08_flight_Fixed Wing_N550ND_after_0_189675,open_2017_05_08_close_2017_05_08_flight_Fixed Wing_N550ND_after_0_189675,708,VSpd,0.5401994943167179,VSpdG,0.33870198032302196,AltB,0.051710226003514784,E1_RPM,0.0206840904014067,E1_EGT4,0.01034204520070335
open_2017_05_08_close_2017_05_08_flight_Fixed Wing_N550ND_after_0_189675,open_2017_05_08_close_2017_05_08_flight_Fixed Wing_N550ND_after_0_189675,709,VSpdG,0.5277923583251966,VSpd,0.28739838341371987,AltB,0.08057898600384679,E1_RPM,0.029545628201408044,E1_EGT4,0.017727376920845438
open_2017_05_08_close_2017_05_08_flight_Fixed Wing_N550ND_after_0_189675,open_2017_05_08_close_2017_05_08_flight_Fixed Wing_N550ND_after_0_189675,710,VSpd,0.5854637754638912,VSpdG,0.3721203418225673,AltB,0.016687010844061313,E1_RPM,0.011402790743441645,TAS,0.0027811684740102188
open_2017_05_08_close_2017_05_08_flight_Fixed Wing_N550ND_after_0_189675,open_2017_05_08_close_2017_05_08_flight_Fixed Wing_N550ND_after_0_189675,711,VSpd,0.4460772903892321,AltB,0.21624245378979315,E1_RPM,0.12356711645131037,E1_EGT2,0.033054203650730585,HDG,0.030891779112827592
open_2017_05_08_close_2017_05_08_flight_Fixed Wing_N550ND_after_0_189675,open_2017_05_08_close_2017_05_08_flight_Fixed Wing_N550ND_after_0_189675,712,VSpdG,0.6017726910214237,VSpd,0.29294527731200287,AltB,0.036426918342701196,E1_RPM,0.018213459171350598,Roll,0.017193505457754967
open_2017_05_08_close_2017_05_08_flight_Fixed Wing_N550ND_after_0_189675,open_2017_05_08_close_2017_05_08_flight_Fixed Wing_N550ND_after_0_189675,713,VSpd,0.7189204713670938,VSpdG,0.20118360600992244,AltB,0.04389460494761944,E1_RPM,0.008778920989522557,TAS,0.007315767491269907
open_2017_05_08_close_2017_05_08_flight_Fixed Wing_N550ND_after_0_189675,open_2017_05_08_close_2017_05_08_flight_Fixed Wing_N550ND_after_0_189675,714,VSpd,0.49588956292808883,VSpdG,0.43699505209945644,E1_RPM,0.04103760641542918,E1_EGT2,0.009205733331028353,E1_EGT4,0.003771023292227905
open_2017_05_08_close_2017_05_08_flight_Fixed Wing_N550ND_after_0_189675,open_2017_05_08_close_2017_05_08_flight_Fixed Wing_N550ND_after_0_189675,715,VSpd,0.6592630828648797,E1_RPM,0.14479655064587169,VSpdG,0.0877554852399174,AltB,0.06581661392993805,HPLfd,0.010969435654989675
open_2017_05_08_close_2017_05_08_flight_Fixed Wing_N550ND_after_0_189675,open_2017_05_08_close_2017_05_08_flight_Fixed Wing_N550ND_after_0_189675,716,VSpdG,0.45778392364349124,VSpd,0.41837973781088683,E1_RPM,0.04056313247473797,AltB,0.03863155473784736,E1_EGT4,0.012555255289802149
open_2017_05_08_close_2017_05_08_flight_Fixed Wing_N550ND_after_0_189675,open_2017_05_08_close_2017_05_08_flight_Fixed Wing_N550ND_after_0_189675,717,VSpd,0.5726076476673685,VSpdG,0.3324364202939703,E1_RPM,0.04085023808696581,AltB,0.028172577991014434,Roll,0.006338830047978248
open_2017_05_08_close_2017_05_08_flight_Fixed Wing_N550ND_after_0_189675,open_2017_05_08_close_2017_05_08_flight_Fixed Wing_N550ND_after_0_189675,718,VSpdG,0.5065956967268529,VSpd,0.2981493145067593,E1_RPM,0.05808103529353039,AltB,0.032267241829735845,TAS,0.032267241829735845
open_2017_05_08_close_2017_05_08_flight_Fixed Wing_N550ND_after_0_189675,open_2017_05_08_close_2017_05_08_flight_Fixed Wing_N550ND_after_0_189675,719,VSpd,0.4839437071895429,VSpdG,0.41587997107791747,E1_RPM,0.05037419367985723,AltB,0.023429857525516476,HDG,0.008200450133930634
open_2017_05_08_close_2017_05_08_flight_Fixed Wing_N550ND_after_0_189675,open_2017_05_08_close_2017_05_08_flight_Fixed Wing_N550ND_after_0_189675,720,VSpd,0.47110312950039057,VSpdG,0.45080144767661695,AltB,0.04164447553594613,E1_RPM,0.016657790214377504,Roll,0.005622004197352725
open_2017_05_08_close_2017_05_08_flight_Fixed Wing_N550ND_after_0_189675,open_2017_05_08_close_2017_05_08_flight_Fixed Wing_N550ND_after_0_189675,721,VSpdG,0.5795259268329428,AltB,0.1845623970805552,E1_RPM,0.07382495883222207,Roll,0.031006482709533264,HDG,0.029529983532888198
open_2017_05_08_close_2017_05_08_flight_Fixed Wing_N550ND_after_0_189675,open_2017_05_08_close_2017_05_08_flight_Fixed Wing_N550ND_after_0_189675,722,VSpdG,0.6136158392103311,VSpd,0.2610929827638152,E1_RPM,0.044545614461730026,AltB,0.03897741265401378,Roll,0.01225004397697576
open_2017_05_08_close_2017_05_08_flight_Fixed Wing_N550ND_after_0_189675,open_2017_05_08_close_2017_05_08_flight_Fixed Wing_N550ND_after_0_189675,723,VSpd,0.4497586630259128,VSpdG,0.43591384930040095,AltB,0.05537925490204728,E1_RPM,0.040347742857208754,GndSpd,0.004113887507009308
open_2017_05_08_close_2017_05_08_flight_Fixed Wing_N550ND_after_0_189675,open_2017_05_08_close_2017_05_08_flight_Fixed Wing_N550ND_after_0_189675,724,VSpdG,0.5618951489490371,VSpd,0.2784079353832238,AltB,0.06349097728237707,E1_RPM,0.05872915398620312,E1_EGT2,0.008253827046708729
open_2017_05_08_close_2017_05_08_flight_Fixed Wing_N550ND_after_0_189675,open_2017_05_08_close_2017_05_08_flight_Fixed Wing_N550ND_after_0_189675,725,VSpdG,0.5152853048139856,VSpd,0.4031839752216591,E1_RPM,0.05236155522358774,AltB,0.01190035345990729,E1_EGT2,0.004165123710969175
open_2017_05_08_close_2017_05_08_flight_Fixed Wing_N550ND_after_0_189675,open_2017_05_08_close_2017_05_08_flight_Fixed Wing_N550ND_after_0_189675,726,VSpd,0.6020845296056131,VSpdG,0.2749435612709914,E1_RPM,0.04605653564438184,AltB,0.04186957785852664,E1_EGT4,0.006978262976421106
open_2017_05_08_close_2017_05_08_flight_Fixed Wing_N550ND_after_0_189675,open_2017_05_08_close_2017_05_08_flight_Fixed Wing_N550ND_after_0_189675,727,VSpdG,0.5582493736983545,VSpd,0.2649147027914009,E1_RPM,0.09946988840442669,AltB,0.04059995445078942,HDG,0.008119990890157422
open_2017_05_08_close_2017_05_08_flight_Fixed Wing_N550ND_after_0_189675,open_2017_05_08_close_2017_05_08_flight_Fixed Wing_N550ND_after_0_189675,728,VSpd,0.4743850542138827,VSpdG,0.46624428105264604,AltB,0.014801405747703047,E1_RPM,0.01036098402338944,Roll,0.009028857506098859
open_2017_05_08_close_2017_05_08_flight_Fixed Wing_N550ND_after_0_189675,open_2017_05_08_close_2017_05_08_flight_Fixed Wing_N550ND_after_0_189675,729,VSpdG,0.40080451590216154,VSpd,0.3356992138266835,E1_RPM,0.1749704993278453,AltB,0.04069081379717376,E1_EGT4,0.014241784829007113
open_2017_05_08_close_2017_05_08_flight_Fixed Wing_N550ND_after_0_189675,open_2017_05_08_close_2017_05_08_flight_Fixed Wing_N550ND_after_0_189675,730,VSpdG,0.5547580828453093,VSpd,0.3897410598972553,E1_EGT2,0.020215760646055528,HPLfd,0.011753349212824348,E1_RPM,0.004701339685125464
open_2017_05_08_close_2017_05_08_flight_Fixed Wing_N550ND_after_0_189675,open_2017_05_08_close_2017_05_08_flight_Fixed Wing_N550ND_after_0_189675,731,VSpd,0.4458296566755943,VSpdG,0.4250266638460008,E1_RPM,0.08608134963969967,AltB,0.017933614508270086,E1_EGT2,0.005200748207397672
open_2017_05_08_close_2017_05_08_flight_Fixed Wing_N550ND_after_0_189675,open_2017_05_08_close_2017_05_08_flight_Fixed Wing_N550ND_after_0_189675,732,VSpd,0.6515479830665085,VSpdG,0.24639122021904544,AltB,0.0537580844114281,E1_RPM,0.01164758495581105,HDG,0.011647584955809268
open_2017_05_08_close_2017_05_08_flight_Fixed Wing_N550ND_after_0_189675,open_2017_05_08_close_2017_05_08_flight_Fixed Wing_N550ND_after_0_189675,733,VSpdG,0.7912961024709068,VSpd,0.13986265213804466,AltB,0.030457894629365153,E1_RPM,0.009137368388809547,Roll,0.008771873653257165
open_2017_05_08_close_2017_05_08_flight_Fixed Wing_N550ND_after_0_189675,open_2017_05_08_close_2017_05_08_flight_Fixed Wing_N550ND_after_0_189675,734,VSpd,0.5722082116547327,VSpdG,0.33576860982082796,AltB,0.03656282502586151,E1_RPM,0.03290654252327591,E1_EGT4,0.004875043336781257
open_2017_05_08_close_2017_05_08_flight_Fixed Wing_N550ND_after_0_189675,open_2017_05_08_close_2017_05_08_flight_Fixed Wing_N550ND_after_0_189675,735,VSpdG,0.4590422415510289,E1_RPM,0.19527511227885172,VSpd,0.19323492453862348,AltB,0.08743661743829123,TAS,0.014572769573048537
open_2017_05_08_close_2017_05_08_flight_Fixed Wing_N550ND_after_0_189675,open_2017_05_08_close_2017_05_08_flight_Fixed Wing_N550ND_after_0_189675,736,VSpdG,0.48262767003203705,VSpd,0.4656318191254749,E1_RPM,0.029972642881312735,AltB,0.010217946436810949,E1_EGT4,0.0022820080375546927
open_2017_05_08_close_2017_05_08_flight_Fixed Wing_N550ND_after_0_189675,open_2017_05_08_close_2017_05_08_flight_Fixed Wing_N550ND_after_0_189675,737,E1_RPM,0.414859639104733,VSpd,0.2636663484087854,AltB,0.12292137454955052,VSpdG,0.11984834018581281,TAS,0.03073034363738763
open_2017_05_08_close_2017_05_08_flight_Fixed Wing_N550ND_after_0_189675,open_2017_05_08_close_2017_05_08_flight_Fixed Wing_N550ND_after_0_189675,738,VSpdG,0.5169935362811007,VSpd,0.4330757448847482,AltB,0.01873164986525727,E1_EGT2,0.00571315320890466,Roll,0.005619494959577182
open_2017_05_08_close_2017_05_08_flight_Fixed Wing_N550ND_after_0_189675,open_2017_05_08_close_2017_05_08_flight_Fixed Wing_N550ND_after_0_189675,739,VSpdG,0.4670786626240603,VSpd,0.42400626480170617,E1_RPM,0.07903192260982408,AltB,0.015806384521964815,E1_EGT4,0.0026080534461236198
open_2017_05_08_close_2017_05_08_flight_Fixed Wing_N550ND_after_0_189675,open_2017_05_08_close_2017_05_08_flight_Fixed Wing_N550ND_after_0_189675,740,VSpdG,0.48572436643392586,VSpd,0.4657550454438975,E1_RPM,0.027017316633569956,AltB,0.005873329702949526,E1_EGT2,0.005755863108890642
open_2017_05_08_close_2017_05_08_flight_Fixed Wing_N550ND_after_0_189675,open_2017_05_08_close_2017_05_08_flight_Fixed Wing_N550ND_after_0_189675,741,VSpd,0.4682128716517783,VSpdG,0.38862217248471176,E1_RPM,0.06367255933365533,AltB,0.04391210988527816,TAS,0.01097802747131954
open_2017_05_08_close_2017_05_08_flight_Fixed Wing_N550ND_after_0_189675,open_2017_05_08_close_2017_05_08_flight_Fixed Wing_N550ND_after_0_189675,742,VSpdG,0.49651642278950986,VSpd,0.19545074439468488,E1_RPM,0.14096017087667925,AltB,0.08415532589652722,TAS,0.021038831474131804
open_2017_05_08_close_2017_05_08_flight_Fixed Wing_N550ND_after_0_189675,open_2017_05_08_close_2017_05_08_flight_Fixed Wing_N550ND_after_0_189675,743,VSpdG,0.47850417694503544,VSpd,0.3965685302078719,E1_RPM,0.08708588738921558,AltB,0.018728147825637392,E1_EGT2,0.003090144391231618
open_2017_05_08_close_2017_05_08_flight_Fixed Wing_N550ND_after_0_189675,open_2017_05_08_close_2017_05_08_flight_Fixed Wing_N550ND_after_0_189675,744,E1_RPM,0.3811834504704212,VSpdG,0.26546704586333375,VSpd,0.16200296644993228,AltB,0.0680684732982906,Roll,0.03675697558107693
open_2017_05_08_close_2017_05_08_flight_Fixed Wing_N550ND_after_0_189675,open_2017_05_08_close_2017_05_08_flight_Fixed Wing_N550ND_after_0_189675,745,VSpd,0.7540789247152346,VSpdG,0.11396658811817145,E1_RPM,0.04967774353869146,AltB,0.04383330312237365,E1_EGT2,0.012273324874263426
open_2017_05_08_close_2017_05_08_flight_Fixed Wing_N550ND_after_0_189675,open_2017_05_08_close_2017_05_08_flight_Fixed Wing_N550ND_after_0_189675,746,VSpdG,0.6167372382951785,VSpd,0.3136293542110871,E1_RPM,0.045891518639023146,HPLfd,0.0055965266632956295,Roll,0.003693707597775115
open_2017_05_08_close_2017_05_08_flight_Fixed Wing_N550ND_after_0_189675,open_2017_05_08_close_2017_05_08_flight_Fixed Wing_N550ND_after_0_189675,747,VSpd,0.439020095622079,VSpdG,0.4110934913569052,E1_RPM,0.1040743016093431,TAS,0.017345716934890516,Roll,0.006417915265909493
open_2017_05_08_close_2017_05_08_flight_Fixed Wing_N550ND_after_0_189675,open_2017_05_08_close_2017_05_08_flight_Fixed Wing_N550ND_after_0_189675,748,VSpd,0.5480453128895695,VSpdG,0.24343698408534417,E1_RPM,0.11547651809177428,E1_EGT2,0.02465579710607858,E1_OilP,0.015604934877265643
open_2017_05_08_close_2017_05_08_flight_Fixed Wing_N550ND_after_0_189675,open_2017_05_08_close_2017_05_08_flight_Fixed Wing_N550ND_after_0_189675,749,VSpdG,0.5379920873937611,VSpd,0.33799566379436613,E1_RPM,0.08197974665047324,Roll,0.02015335438490915,E1_EGT4,0.00409898733252405
open_2017_05_08_close_2017_05_08_flight_Fixed Wing_N550ND_after_0_189675,open_2017_05_08_close_2017_05_08_flight_Fixed Wing_N550ND_after_0_189675,750,VSpd,0.4341751287867012,VSpdG,0.25054664115521863,E1_RPM,0.18077415880820424,AltB,0.06342952940638441,HPLfd,0.015857382351596103
open_2017_05_08_close_2017_05_08_flight_Fixed Wing_N550ND_after_0_189675,open_2017_05_08_close_2017_05_08_flight_Fixed Wing_N550ND_after_0_189675,751,VSpdG,0.6934841307444926,VSpd,0.1087242069387553,AltB,0.058769841588516336,E1_RPM,0.058769841588516336,E1_EGT4,0.017630952476552227
open_2017_05_08_close_2017_05_08_flight_Fixed Wing_N550ND_after_0_189675,open_2017_05_08_close_2017_05_08_flight_Fixed Wing_N550ND_after_0_189675,752,VSpd,0.5145168261212024,VSpdG,0.4347382257151281,AltB,0.01838216599218301,E1_RPM,0.015624841093353884,E1_EGT2,0.004411719838124089
open_2017_05_08_close_2017_05_08_flight_Fixed Wing_N550ND_after_0_189675,open_2017_05_08_close_2017_05_08_flight_Fixed Wing_N550ND_after_0_189675,753,VSpdG,0.5837094650978705,VSpd,0.2747886507303962,AltB,0.09893380764370689,E1_OilP,0.010635384321698658,E1_EGT4,0.009646046245263896
open_2017_05_08_close_2017_05_08_flight_Fixed Wing_N550ND_after_0_189675,open_2017_05_08_close_2017_05_08_flight_Fixed Wing_N550ND_after_0_189675,754,VSpd,0.47590750766724316,VSpdG,0.39884293966430884,E1_RPM,0.08450062281023495,AltB,0.016900124562046988,E1_EGT4,0.008112059789782862
open_2017_05_08_close_2017_05_08_flight_Fixed Wing_N550ND_after_0_189675,open_2017_05_08_close_2017_05_08_flight_Fixed Wing_N550ND_after_0_189675,755,VSpd,0.4622578415064876,VSpdG,0.3519124212759066,E1_RPM,0.13718619812451682,HPLfd,0.014911543274402824,E1_EGT2,0.009245156830134904
open_2017_05_08_close_2017_05_08_flight_Fixed Wing_N550ND_after_0_189675,open_2017_05_08_close_2017_05_08_flight_Fixed Wing_N550ND_after_0_189675,756,VSpd,0.4730265486496844,VSpdG,0.3801535843674982,E1_RPM,0.0625569189465591,E1_EGT2,0.026466388785076803,HPLfd,0.0240603534409809
open_2017_05_08_close_2017_05_08_flight_Fixed Wing_N550ND_after_0_189675,open_2017_05_08_close_2017_05_08_flight_Fixed Wing_N550ND_after_0_189675,757,VSpdG,0.40968886567673385,VSpd,0.40467226732150846,E1_RPM,0.12959545750999293,AltB,0.020902493146772134,E1_EGT4,0.012123446025126315
open_2017_05_08_close_2017_05_08_flight_Fixed Wing_N550ND_after_0_189675,open_2017_05_08_close_2017_05_08_flight_Fixed Wing_N550ND_after_0_189675,758,VSpdG,0.6119036282721384,E1_RPM,0.1820219653721023,AltB,0.07745615547748586,VSpd,0.05460658961162739,HPLfd,0.019364038869371464
open_2017_05_08_close_2017_05_08_flight_Fixed Wing_N550ND_after_0_189675,open_2017_05_08_close_2017_05_08_flight_Fixed Wing_N550ND_after_0_189675,759,VSpd,0.658943701182408,VSpdG,0.2667514854901882,AltB,0.016883005410771406,TAS,0.016883005410771406,E1_RPM,0.011818103787536914
open_2017_05_08_close_2017_05_08_flight_Fixed Wing_N550ND_after_0_189675,open_2017_05_08_close_2017_05_08_flight_Fixed Wing_N550ND_after_0_189675,760,VSpdG,0.47808578781494665,VSpd,0.4090675849922071,E1_RPM,0.036508369251321615,AltB,0.03476987547745067,TAS,0.017384937738725334
open_2017_05_08_close_2017_05_08_flight_Fixed Wing_N550ND_after_0_189675,open_2017_05_08_close_2017_05_08_flight_Fixed Wing_N550ND_after_0_189675,761,VSpdG,0.4738761180731351,AltB,0.17995295623030436,VSpd,0.1715551516062226,E1_RPM,0.041989023120420715,Roll,0.038389963995798256
open_2017_05_08_close_2017_05_08_flight_Fixed Wing_N550ND_after_0_189675,open_2017_05_08_close_2017_05_08_flight_Fixed Wing_N550ND_after_0_189675,762,VSpd,0.7870195160136638,E1_RPM,0.10245025709951511,VSpdG,0.06718049645869943,AltB,0.016795124114674858,E1_EGT4,0.007725757092751046
open_2017_05_08_close_2017_05_08_flight_Fixed Wing_N550ND_after_0_189675,open_2017_05_08_close_2017_05_08_flight_Fixed Wing_N550ND_after_0_189675,763,VSpd,0.6936335563390049,E1_RPM,0.14868633565620473,VSpdG,0.09204392207288599,AltB,0.023601005659714354,E1_EGT4,0.012980553112841822
open_2017_05_08_close_2017_05_08_flight_Fixed Wing_N550ND_after_0_189675,open_2017_05_08_close_2017_05_08_flight_Fixed Wing_N550ND_after_0_189675,764,VSpd,0.4403241125757842,VSpdG,0.30313575270001025,E1_RPM,0.09327253929231438,E1_EGT4,0.04547036290500437,AltB,0.03886355803846286
open_2017_05_08_close_2017_05_08_flight_Fixed Wing_N550ND_after_0_189675,open_2017_05_08_close_2017_05_08_flight_Fixed Wing_N550ND_after_0_189675,765,E1_RPM,0.410391466029068,VSpdG,0.2605660101771785,VSpd,0.19086460245478326,HPLfd,0.032570751272147314,HDG,0.032570751272147314
open_2017_05_08_close_2017_05_08_flight_Fixed Wing_N550ND_after_0_189675,open_2017_05_08_close_2017_05_08_flight_Fixed Wing_N550ND_after_0_189675,766,E1_RPM,0.29894119166510935,VSpdG,0.2952044267692954,VSpd,0.17413324414492606,Roll,0.07398794493711457,AltB,0.03736764895813867
open_2017_05_08_close_2017_05_08_flight_Fixed Wing_N550ND_after_0_189675,open_2017_05_08_close_2017_05_08_flight_Fixed Wing_N550ND_after_0_189675,767,VSpdG,0.4048981791503798,VSpd,0.26549019848088135,E1_RPM,0.11275645495328422,AltB,0.10250586813933658,HDG,0.025626467034834146
open_2017_05_08_close_2017_05_08_flight_Fixed Wing_N550ND_after_0_189675,open_2017_05_08_close_2017_05_08_flight_Fixed Wing_N550ND_after_0_189675,768,VSpdG,0.5015756481334493,AltB,0.12860914054703834,E1_RPM,0.09002639838290345,TAS,0.06430457027351917,VSpd,0.05851715894890223
open_2017_05_08_close_2017_05_08_flight_Fixed Wing_N550ND_after_0_189675,open_2017_05_08_close_2017_05_08_flight_Fixed Wing_N550ND_after_0_189675,769,VSpdG,0.4790703713821054,E1_RPM,0.19893600167562378,VSpd,0.11936160100537195,AltB,0.08119836803086534,E1_EGT2,0.025983477769871737
open_2017_05_08_close_2017_05_08_flight_Fixed Wing_N550ND_after_0_189675,open_2017_05_08_close_2017_05_08_flight_Fixed Wing_N550ND_after_0_189675,770,VSpdG,0.5415200131899729,VSpd,0.20375837784436257,E1_RPM,0.13996915595165388,AltB,0.04589152654152312,Roll,0.02845274645574434
open_2017_05_08_close_2017_05_08_flight_Fixed Wing_N550ND_after_0_189675,open_2017_05_08_close_2017_05_08_flight_Fixed Wing_N550ND_after_0_189675,771,VSpd,0.4894262932407497,VSpdG,0.3650775455071099,AltB,0.037063710203767496,E1_RPM,0.03521052469358081,HDG,0.020385040612072546
open_2017_05_08_close_2017_05_08_flight_Fixed Wing_N550ND_after_0_189675,open_2017_05_08_close_2017_05_08_flight_Fixed Wing_N550ND_after_0_189675,772,VSpdG,0.4453073535183584,VSpd,0.324116111738046,AltB,0.08455202914905548,E1_RPM,0.07046002429087957,E1_EGT4,0.016910405829808534
open_2017_05_08_close_2017_05_08_flight_Fixed Wing_N550ND_after_0_189675,open_2017_05_08_close_2017_05_08_flight_Fixed Wing_N550ND_after_0_189675,773,VSpd,0.431945224111915,AltB,0.23298016403015956,VSpdG,0.18172452794352473,E1_RPM,0.05591523936722982,E1_EGT4,0.035878945260643724
open_2017_05_08_close_2017_05_08_flight_Fixed Wing_N550ND_after_0_189675,open_2017_05_08_close_2017_05_08_flight_Fixed Wing_N550ND_after_0_189675,774,VSpdG,0.4786300379348984,VSpd,0.47525464979713455,E1_RPM,0.01350155255105496,TAS,0.00675077627552748,HDG,0.00405046576531645
open_2017_05_08_close_2017_05_08_flight_Fixed Wing_N550ND_after_0_189675,open_2017_05_08_close_2017_05_08_flight_Fixed Wing_N550ND_after_0_189675,775,VSpd,0.5609268022728917,VSpdG,0.17473432594562116,E1_RPM,0.15252233535931595,AltB,0.07403996862102585,HDG,0.01036559560694345
open_2017_05_08_close_2017_05_08_flight_Fixed Wing_N550ND_after_0_189675,open_2017_05_08_close_2017_05_08_flight_Fixed Wing_N550ND_after_0_189675,776,VSpdG,0.5516364999992242,VSpd,0.4176979687446012,E1_RPM,0.0144385227097549,Roll,0.007516525057726149,Pitch,0.002972637028479268
open_2017_05_08_close_2017_05_08_flight_Fixed Wing_N550ND_after_0_189675,open_2017_05_08_close_2017_05_08_flight_Fixed Wing_N550ND_after_0_189675,777,VSpd,0.74599974558124,E1_RPM,0.10107028120596667,AltB,0.07074919684417667,VSpdG,0.03941740967032735,TAS,0.010107028120596669
open_2017_05_08_close_2017_05_08_flight_Fixed Wing_N550ND_after_0_189675,open_2017_05_08_close_2017_05_08_flight_Fixed Wing_N550ND_after_0_189675,778,VSpdG,0.5891512706327056,VSpd,0.32770689037387324,E1_RPM,0.0380975417499203,AltB,0.02040939736602906,Roll,0.008776040867392497
open_2017_05_08_close_2017_05_08_flight_Fixed Wing_N550ND_after_0_189675,open_2017_05_08_close_2017_05_08_flight_Fixed Wing_N550ND_after_0_189675,779,VSpdG,0.45503845100543294,VSpd,0.2903030117806806,AltB,0.11519960784947661,E1_RPM,0.057599803924738305,HDG,0.02303992156989565
open_2017_05_08_close_2017_05_08_flight_Fixed Wing_N550ND_after_0_189675,open_2017_05_08_close_2017_05_08_flight_Fixed Wing_N550ND_after_0_189675,780,VSpd,0.48100965470973633,VSpdG,0.38947349764824524,AltB,0.059310684921052605,E1_RPM,0.027678319629826347,HPLfd,0.009885114153508767
open_2017_05_08_close_2017_05_08_flight_Fixed Wing_N550ND_after_0_189675,open_2017_05_08_close_2017_05_08_flight_Fixed Wing_N550ND_after_0_189675,781,VSpd,0.47554248285857764,VSpdG,0.41658510005428484,E1_RPM,0.06707726187314274,AltB,0.01765191101924936,Roll,0.005119054195582312
open_2017_05_08_close_2017_05_08_flight_Fixed Wing_N550ND_after_0_189675,open_2017_05_08_close_2017_05_08_flight_Fixed Wing_N550ND_after_0_189675,782,VSpd,0.549995961413452,E1_RPM,0.2125851585245305,VSpdG,0.10629257926226274,AltB,0.0272545075031443,TAS,0.0272545075031443
open_2017_05_08_close_2017_05_08_flight_Fixed Wing_N550ND_after_0_189675,open_2017_05_08_close_2017_05_08_flight_Fixed Wing_N550ND_after_0_189675,783,VSpd,0.47152515617204577,VSpdG,0.3867212979429352,E1_RPM,0.054965463667010814,TAS,0.019630522738220062,AltB,0.019630522738220062
open_2017_05_08_close_2017_05_08_flight_Fixed Wing_N550ND_after_0_189675,open_2017_05_08_close_2017_05_08_flight_Fixed Wing_N550ND_after_0_189675,784,VSpdG,0.49808993999477963,VSpd,0.3534668711231989,AltB,0.05056750659845481,E1_RPM,0.03792562994884111,HPLfd,0.012641876649613703
open_2017_05_08_close_2017_05_08_flight_Fixed Wing_N550ND_after_0_189675,open_2017_05_08_close_2017_05_08_flight_Fixed Wing_N550ND_after_0_189675,785,VSpdG,0.6586936020819062,VSpd,0.16109354398742268,AltB,0.07159713066107674,E1_RPM,0.03579856533053837,Roll,0.020763167891712255
open_2017_05_08_close_2017_05_08_flight_Fixed Wing_N550ND_after_0_189675,open_2017_05_08_close_2017_05_08_flight_Fixed Wing_N550ND_after_0_189675,786,VSpd,0.770596299734437,VSpdG,0.1506752541380184,AltB,0.030750051864901713,E1_RPM,0.01921878241556357,Roll,0.008917515040821496
open_2017_05_08_close_2017_05_08_flight_Fixed Wing_N550ND_after_0_189675,open_2017_05_08_close_2017_05_08_flight_Fixed Wing_N550ND_after_0_189675,787,E1_RPM,0.46570003452719866,VSpdG,0.25946144780801106,AltB,0.13305715272205676,HDG,0.039917145816618545,E1_EGT4,0.03459485970773355
open_2017_05_08_close_2017_05_08_flight_Fixed Wing_N550ND_after_0_189675,open_2017_05_08_close_2017_05_08_flight_Fixed Wing_N550ND_after_0_189675,788,VSpdG,0.6059173796355243,VSpd,0.1555316585943416,E1_RPM,0.09262431281052949,AltB,0.03859346367105249,E1_EGT2,0.02778729384315885
open_2017_05_08_close_2017_05_08_flight_Fixed Wing_N550ND_after_0_189675,open_2017_05_08_close_2017_05_08_flight_Fixed Wing_N550ND_after_0_189675,789,VSpdG,0.59689138773896,VSpd,0.31864583498125654,E1_RPM,0.06530872690273193,E1_EGT2,0.006986514970990923,E1_EGT4,0.004100780526450593
open_2017_05_08_close_2017_05_08_flight_Fixed Wing_N550ND_after_0_189675,open_2017_05_08_close_2017_05_08_flight_Fixed Wing_N550ND_after_0_189675,790,VSpdG,0.4515818027862275,VSpd,0.4236449624443675,E1_RPM,0.04847488278495879,AltB,0.03826964430391758,TAS,0.012756548101305859
open_2017_05_08_close_2017_05_08_flight_Fixed Wing_N550ND_after_0_189675,open_2017_05_08_close_2017_05_08_flight_Fixed Wing_N550ND_after_0_189675,791,VSpdG,0.5279922500258059,VSpd,0.38784743209903433,AltB,0.03093704589994957,E1_RPM,0.03093704589994957,Roll,0.004846803857658764
open_2017_05_08_close_2017_05_08_flight_Fixed Wing_N550ND_after_0_189675,open_2017_05_08_close_2017_05_08_flight_Fixed Wing_N550ND_after_0_189675,792,VSpd,0.7011421788781325,VSpdG,0.19196003969285297,E1_RPM,0.053683739914098506,Roll,0.021798851965120592,AltB,0.01626779997397059
open_2017_05_08_close_2017_05_08_flight_Fixed Wing_N550ND_after_0_189675,open_2017_05_08_close_2017_05_08_flight_Fixed Wing_N550ND_after_0_189675,793,VSpd,0.5226131063852238,VSpdG,0.2677460142959318,E1_RPM,0.15081895741985418,AltB,0.01694595027189442,HDG,0.00847297513594721
open_2017_05_08_close_2017_05_08_flight_Fixed Wing_N550ND_after_0_189675,open_2017_05_08_close_2017_05_08_flight_Fixed Wing_N550ND_after_0_189675,794,VSpdG,0.5837086970424962,E1_RPM,0.22507411623249685,VSpd,0.07049024519369111,AltB,0.024733419366207456,E1_EGT2,0.024733419366207456
open_2017_05_08_close_2017_05_08_flight_Fixed Wing_N550ND_after_0_189675,open_2017_05_08_close_2017_05_08_flight_Fixed Wing_N550ND_after_0_189675,795,VSpd,0.6069274488626328,VSpdG,0.21662867200783648,AltB,0.07343344813824959,E1_RPM,0.023865870644934454,E1_EGT2,0.01927628013628968
open_2017_05_08_close_2017_05_08_flight_Fixed Wing_N550ND_after_0_189675,open_2017_05_08_close_2017_05_08_flight_Fixed Wing_N550ND_after_0_189675,796,VSpdG,0.5286516465769763,E1_RPM,0.18067841085542014,VSpd,0.1606030318714861,AltB,0.06691792994645265,E1_EGT4,0.01583724342066127
open_2017_05_08_close_2017_05_08_flight_Fixed Wing_N550ND_after_0_189675,open_2017_05_08_close_2017_05_08_flight_Fixed Wing_N550ND_after_0_189675,797,VSpd,0.5122601763932533,VSpdG,0.39938355344832427,E1_RPM,0.057538308547641484,E1_EGT2,0.017599953202806894,Roll,0.0030461457466397614
open_2017_05_08_close_2017_05_08_flight_Fixed Wing_N550ND_after_0_189675,open_2017_05_08_close_2017_05_08_flight_Fixed Wing_N550ND_after_0_189675,798,VSpdG,0.4022165838234249,VSpd,0.3691228142683327,TAS,0.05091349162321831,AltB,0.05091349162321831,E1_EGT4,0.029529825141462913
open_2017_05_08_close_2017_05_08_flight_Fixed Wing_N550ND_after_0_189675,open_2017_05_08_close_2017_05_08_flight_Fixed Wing_N550ND_after_0_189675,799,VSpdG,0.40758443746054634,VSpd,0.3861689839668563,E1_RPM,0.08635263505520041,HDG,0.027632843217664526,Roll,0.02694202213722254
open_2017_05_08_close_2017_05_08_flight_Fixed Wing_N550ND_after_0_189675,open_2017_05_08_close_2017_05_08_flight_Fixed Wing_N550ND_after_0_189675,800,VSpd,0.48452135864576396,VSpdG,0.35423494622180957,AltB,0.0900597320902907,E1_EGT2,0.019512941952899047,Roll,0.014409557134446511
open_2017_05_08_close_2017_05_08_flight_Fixed Wing_N550ND_after_0_189675,open_2017_05_08_close_2017_05_08_flight_Fixed Wing_N550ND_after_0_189675,801,VSpd,0.3153828289684778,E1_RPM,0.2320542554283155,VSpdG,0.210958414025737,AltB,0.1054792070128685,E1_EGT2,0.03902730659476183
open_2017_05_08_close_2017_05_08_flight_Fixed Wing_N550ND_after_0_189675,open_2017_05_08_close_2017_05_08_flight_Fixed Wing_N550ND_after_0_189675,802,VSpd,0.5018322190469977,VSpdG,0.34279935412635415,AltB,0.043392323307133406,E1_RPM,0.030374626314995358,TAS,0.021696161653566703
open_2017_05_08_close_2017_05_08_flight_Fixed Wing_N550ND_after_0_189675,open_2017_05_08_close_2017_05_08_flight_Fixed Wing_N550ND_after_0_189675,803,VSpdG,0.5087763418518539,VSpd,0.3137762457384523,E1_RPM,0.10545545994747181,AltB,0.01850095788552196,Roll,0.017205890833535416
open_2017_05_08_close_2017_05_08_flight_Fixed Wing_N550ND_after_0_189675,open_2017_05_08_close_2017_05_08_flight_Fixed Wing_N550ND_after_0_189675,804,VSpd,0.4096094104824862,VSpdG,0.3699597190714526,E1_RPM,0.131124963721529,AltB,0.03122022945750656,TAS,0.01561011472875328
open_2017_05_08_close_2017_05_08_flight_Fixed Wing_N550ND_after_0_189675,open_2017_05_08_close_2017_05_08_flight_Fixed Wing_N550ND_after_0_189675,805,VSpdG,0.5700524073493399,VSpd,0.25807827169088277,AltB,0.06218753534720072,E1_RPM,0.03109376767360036,E1_EGT4,0.026326056630314596
open_2017_05_08_close_2017_05_08_flight_Fixed Wing_N550ND_after_0_189675,open_2017_05_08_close_2017_05_08_flight_Fixed Wing_N550ND_after_0_189675,806,VSpd,0.4095710045167382,VSpdG,0.38311041246908545,E1_RPM,0.11850449199255905,AltB,0.04870047616132442,Roll,0.025648917444964198
open_2017_05_08_close_2017_05_08_flight_Fixed Wing_N550ND_after_0_189675,open_2017_05_08_close_2017_05_08_flight_Fixed Wing_N550ND_after_0_189675,807,VSpd,0.45608971884747435,VSpdG,0.2512628158225278,E1_RPM,0.2003741442635261,AltB,0.0318054197243706,HDG,0.0159027098621853
open_2017_05_08_close_2017_05_08_flight_Fixed Wing_N550ND_after_0_189675,open_2017_05_08_close_2017_05_08_flight_Fixed Wing_N550ND_after_0_189675,808,VSpd,0.45576065054623605,VSpdG,0.40925831954898423,E1_RPM,0.06710702237408202,AltB,0.028355079876373045,Roll,0.009073625560439374
open_2017_05_08_close_2017_05_08_flight_Fixed Wing_N550ND_after_0_189675,open_2017_05_08_close_2017_05_08_flight_Fixed Wing_N550ND_after_0_189675,809,VSpd,0.769077167482031,AltB,0.07635793958320401,VSpdG,0.06108635166656322,E1_RPM,0.024434540666623896,TAS,0.015271587916640805
open_2017_05_08_close_2017_05_08_flight_Fixed Wing_N550ND_after_0_189675,open_2017_05_08_close_2017_05_08_flight_Fixed Wing_N550ND_after_0_189675,810,VSpd,0.48525402976887944,VSpdG,0.46997294501972003,E1_RPM,0.03064175848138842,AltB,0.003979449153426927,Pitch,0.0024274639835904256
open_2017_05_08_close_2017_05_08_flight_Fixed Wing_N550ND_after_0_189675,open_2017_05_08_close_2017_05_08_flight_Fixed Wing_N550ND_after_0_189675,811,VSpd,0.7543252895821817,VSpdG,0.130999555675956,AltB,0.07462000006858248,TAS,0.008291111118731386,HDG,0.006632888894984968
open_2017_05_08_close_2017_05_08_flight_Fixed Wing_N550ND_after_0_189675,open_2017_05_08_close_2017_05_08_flight_Fixed Wing_N550ND_after_0_189675,812,VSpd,0.5556176652361676,VSpdG,0.39137347479624973,E1_RPM,0.024543760283834423,AltB,0.006633448725360165,Roll,0.0040464037224697
open_2017_05_08_close_2017_05_08_flight_Fixed Wing_N550ND_after_0_189675,open_2017_05_08_close_2017_05_08_flight_Fixed Wing_N550ND_after_0_189675,813,VSpd,0.7813325138254024,E1_RPM,0.11058598453706994,HPLfd,0.021266535487898808,E1_EGT2,0.02041587406838363,E1_EGT4,0.018289220519595684
open_2017_05_08_close_2017_05_08_flight_Fixed Wing_N550ND_after_0_189675,open_2017_05_08_close_2017_05_08_flight_Fixed Wing_N550ND_after_0_189675,814,VSpdG,0.6537018999265697,E1_RPM,0.083097699143208,VSpd,0.06814011329743078,AltB,0.055398466095472,HPLfd,0.027699233047736
open_2017_05_08_close_2017_05_08_flight_Fixed Wing_N550ND_after_0_189675,open_2017_05_08_close_2017_05_08_flight_Fixed Wing_N550ND_after_0_189675,815,VSpdG,0.6292751075855547,VSpd,0.1482800980783416,E1_RPM,0.13271984087259386,Roll,0.024026867744175718,HDG,0.016017911829450223
open_2017_05_08_close_2017_05_08_flight_Fixed Wing_N550ND_after_0_189675,open_2017_05_08_close_2017_05_08_flight_Fixed Wing_N550ND_after_0_189675,816,VSpdG,0.3458006383362032,VSpd,0.32785402292888116,E1_RPM,0.20791810532872965,AltB,0.04377223270078519,TAS,0.021886116350392594
open_2017_05_08_close_2017_05_08_flight_Fixed Wing_N550ND_after_0_189675,open_2017_05_08_close_2017_05_08_flight_Fixed Wing_N550ND_after_0_189675,817,VSpdG,0.756818250468013,VSpd,0.19271862585231422,E1_RPM,0.02589309752334355,AltB,0.007398027863812443,Roll,0.004734737832839964
open_2017_05_08_close_2017_05_08_flight_Fixed Wing_N550ND_after_0_189675,open_2017_05_08_close_2017_05_08_flight_Fixed Wing_N550ND_after_0_189675,818,VSpd,0.486766895998588,E1_RPM,0.21638194085043286,VSpdG,0.1461040455314907,AltB,0.07397673191467904,TAS,0.01849418297866976
open_2017_05_08_close_2017_05_08_flight_Fixed Wing_N550ND_after_0_189675,open_2017_05_08_close_2017_05_08_flight_Fixed Wing_N550ND_after_0_189675,819,VSpdG,0.6791115608903618,VSpd,0.23276574127378177,E1_RPM,0.04060457763171072,AltB,0.030453433223783043,E1_EGT4,0.004263480651330365
open_2017_05_08_close_2017_05_08_flight_Fixed Wing_N550ND_after_0_189675,open_2017_05_08_close_2017_05_08_flight_Fixed Wing_N550ND_after_0_189675,820,VSpdG,0.4846111267101929,VSpd,0.46707281926734784,AltB,0.015384480213021997,E1_RPM,0.0146152562023681,E1_EGT2,0.007153783299055718
open_2017_05_08_close_2017_05_08_flight_Fixed Wing_N550ND_after_0_189675,open_2017_05_08_close_2017_05_08_flight_Fixed Wing_N550ND_after_0_189675,821,VSpd,0.5771395512541169,VSpdG,0.20643366792357026,AltB,0.1049662718255441,E1_RPM,0.05073369804901458,TAS,0.017494378637590683
open_2017_05_08_close_2017_05_08_flight_Fixed Wing_N550ND_after_0_189675,open_2017_05_08_close_2017_05_08_flight_Fixed Wing_N550ND_after_0_189675,822,VSpdG,0.5814623722965295,VSpd,0.34286229538864343,AltB,0.03165856836460234,E1_EGT2,0.00844228489722681,E1_RPM,0.0063317136729195075
open_2017_05_08_close_2017_05_08_flight_Fixed Wing_N550ND_after_0_189675,open_2017_05_08_close_2017_05_08_flight_Fixed Wing_N550ND_after_0_189675,823,VSpd,0.6063120617010698,VSpdG,0.3249922035718416,AltB,0.02914728283155531,E1_RPM,0.023317826265245135,TAS,0.004857880471925886
open_2017_05_08_close_2017_05_08_flight_Fixed Wing_N550ND_after_0_189675,open_2017_05_08_close_2017_05_08_flight_Fixed Wing_N550ND_after_0_189675,824,VSpd,0.5938601436596687,VSpdG,0.340603671578784,E1_RPM,0.02232286219649471,AltB,0.014401846578384107,E1_EGT4,0.012817643454761659
open_2017_05_08_close_2017_05_08_flight_Fixed Wing_N550ND_after_0_189675,open_2017_05_08_close_2017_05_08_flight_Fixed Wing_N550ND_after_0_189675,825,VSpdG,0.5301891841778267,VSpd,0.3910819202613392,E1_RPM,0.041336783851155856,AltB,0.017972514717892428,E1_EGT2,0.003953953237936824
open_2017_05_08_close_2017_05_08_flight_Fixed Wing_N550ND_after_0_189675,open_2017_05_08_close_2017_05_08_flight_Fixed Wing_N550ND_after_0_189675,826,VSpdG,0.7438493875227192,VSpd,0.1381642124090053,AltB,0.058113233400212426,E1_RPM,0.027603785865095615,HPLfd,0.007264154175026553
open_2017_05_08_close_2017_05_08_flight_Fixed Wing_N550ND_after_0_189675,open_2017_05_08_close_2017_05_08_flight_Fixed Wing_N550ND_after_0_189675,827,VSpdG,0.6066957370396331,E1_RPM,0.24295852379370142,VSpd,0.10138684418519132,AltB,0.016813738670844337,E1_EGT2,0.012722395594272112
open_2017_05_08_close_2017_05_08_flight_Fixed Wing_N550ND_after_0_189675,open_2017_05_08_close_2017_05_08_flight_Fixed Wing_N550ND_after_0_189675,828,VSpd,0.538181537379261,E1_RPM,0.2156230632712433,VSpdG,0.13433852248953262,E1_EGT2,0.046337055583345915,AltB,0.03893870217087899
open_2017_05_08_close_2017_05_08_flight_Fixed Wing_N550ND_after_0_189675,open_2017_05_08_close_2017_05_08_flight_Fixed Wing_N550ND_after_0_189675,829,VSpd,0.5932489464510751,AltB,0.1353162394490192,VSpdG,0.133060968791535,E1_EGT2,0.07295800576959648,E1_RPM,0.0372119658484772
open_2017_05_08_close_2017_05_08_flight_Fixed Wing_N550ND_after_0_189675,open_2017_05_08_close_2017_05_08_flight_Fixed Wing_N550ND_after_0_189675,830,VSpdG,0.4239644305842987,VSpd,0.3342758812967189,AltB,0.1077045897558263,E1_RPM,0.07833061073151003,E1_EGT2,0.02761154028285889
open_2017_05_08_close_2017_05_08_flight_Fixed Wing_N550ND_after_0_189675,open_2017_05_08_close_2017_05_08_flight_Fixed Wing_N550ND_after_0_189675,831,VSpd,0.4617578648941717,AltB,0.20120168404974786,E1_RPM,0.12323603148046142,VSpdG,0.09808582097425152,E1_EGT2,0.046024885226377994
open_2017_05_08_close_2017_05_08_flight_Fixed Wing_N550ND_after_0_189675,open_2017_05_08_close_2017_05_08_flight_Fixed Wing_N550ND_after_0_189675,832,AltB,0.3067360296876835,VSpdG,0.3029018293165887,VSpd,0.19247685862902067,E1_RPM,0.07668400742192087,E1_EGT2,0.04639382449026352
open_2017_05_08_close_2017_05_08_flight_Fixed Wing_N550ND_after_0_189675,open_2017_05_08_close_2017_05_08_flight_Fixed Wing_N550ND_after_0_189675,833,VSpdG,0.36290273775932186,AltB,0.27446425544822584,VSpd,0.15613966532165752,E1_RPM,0.05184324825133987,E1_EGT2,0.04818372484535992
open_2017_05_08_close_2017_05_08_flight_Fixed Wing_N550ND_after_0_189675,open_2017_05_08_close_2017_05_08_flight_Fixed Wing_N550ND_after_0_189675,834,VSpd,0.5040908558604059,VSpdG,0.4050385671185134,AltB,0.06000571364718717,E1_RPM,0.009000857047077685,Roll,0.005571959124381666
open_2017_05_08_close_2017_05_08_flight_Fixed Wing_N550ND_after_0_189675,open_2017_05_08_close_2017_05_08_flight_Fixed Wing_N550ND_after_0_189675,835,VSpd,0.6644207933529178,AltB,0.14166754655712532,VSpdG,0.1213413333554511,E1_RPM,0.013550808801118015,E1_EGT4,0.0089928094771047
open_2017_05_08_close_2017_05_08_flight_Fixed Wing_N550ND_after_0_189675,open_2017_05_08_close_2017_05_08_flight_Fixed Wing_N550ND_after_0_189675,836,VSpd,0.5507419552944042,VSpdG,0.2040263281043758,AltB,0.15495670488939867,E1_RPM,0.028408729229726613,TAS,0.012913058740783223
open_2017_05_08_close_2017_05_08_flight_Fixed Wing_N550ND_after_0_189675,open_2017_05_08_close_2017_05_08_flight_Fixed Wing_N550ND_after_0_189675,837,VSpdG,0.3580451256016416,AltB,0.23627343313813856,VSpd,0.21591756812931423,E1_RPM,0.12177169246349888,E1_EGT2,0.013994657193566337
open_2017_05_08_close_2017_05_08_flight_Fixed Wing_N550ND_after_0_189675,open_2017_05_08_close_2017_05_08_flight_Fixed Wing_N550ND_after_0_189675,838,VSpd,0.6438763180101659,VSpdG,0.21082762076406647,AltB,0.09737996340141648,E1_RPM,0.025318790484369615,HDG,0.007790397072113291
open_2017_05_08_close_2017_05_08_flight_Fixed Wing_N550ND_after_0_189675,open_2017_05_08_close_2017_05_08_flight_Fixed Wing_N550ND_after_0_189675,839,VSpdG,0.5303099114669002,VSpd,0.22786080342297285,AltB,0.14551186595128363,E1_RPM,0.038264231416818534,Roll,0.015521265701470251
open_2017_05_08_close_2017_05_08_flight_Fixed Wing_N550ND_after_0_189675,open_2017_05_08_close_2017_05_08_flight_Fixed Wing_N550ND_after_0_189675,840,VSpdG,0.353283896615134,AltB,0.23951450617975048,E1_RPM,0.21855698688901415,VSpd,0.05179501196136818,E1_EGT4,0.027544168210673483
open_2017_05_08_close_2017_05_08_flight_Fixed Wing_N550ND_after_0_189675,open_2017_05_08_close_2017_05_08_flight_Fixed Wing_N550ND_after_0_189675,841,VSpdG,0.3270426303679992,AltB,0.304870248648136,VSpd,0.20315444750825903,E1_RPM,0.06651714515959582,E1_CHT4,0.014134893346413326
open_2017_05_08_close_2017_05_08_flight_Fixed Wing_N550ND_after_0_189675,open_2017_05_08_close_2017_05_08_flight_Fixed Wing_N550ND_after_0_189675,842,VSpdG,0.6233389084501202,AltB,0.1760844374152883,VSpd,0.11533530650701303,TAS,0.01760844374152883,Roll,0.01426283943063835
open_2017_05_08_close_2017_05_08_flight_Fixed Wing_N550ND_after_0_189675,open_2017_05_08_close_2017_05_08_flight_Fixed Wing_N550ND_after_0_189675,843,VSpd,0.4404700965855132,VSpdG,0.352673692198537,AltB,0.11904597205013885,E1_RPM,0.040178015566919155,E1_EGT4,0.011309367344763056
open_2017_05_08_close_2017_05_08_flight_Fixed Wing_N550ND_after_0_189675,open_2017_05_08_close_2017_05_08_flight_Fixed Wing_N550ND_after_0_189675,844,VSpd,0.47036315365606274,VSpdG,0.1777535173700236,AltB,0.13673347490001794,E1_RPM,0.11850234491334474,TAS,0.022788912483336324
open_2017_05_08_close_2017_05_08_flight_Fixed Wing_N550ND_after_0_189675,open_2017_05_08_close_2017_05_08_flight_Fixed Wing_N550ND_after_0_189675,845,VSpdG,0.37676205635358445,AltB,0.19198066565787758,VSpd,0.18694117318435877,E1_RPM,0.15118477420558296,Roll,0.01727825990920898
open_2017_05_08_close_2017_05_08_flight_Fixed Wing_N550ND_after_0_189675,open_2017_05_08_close_2017_05_08_flight_Fixed Wing_N550ND_after_0_189675,846,VSpd,0.5959089251249787,AltB,0.1906908560399932,E1_RPM,0.10678687938239446,Roll,0.0225015210127192,E1_EGT4,0.015445959339238409
open_2017_05_08_close_2017_05_08_flight_Fixed Wing_N550ND_after_0_189675,open_2017_05_08_close_2017_05_08_flight_Fixed Wing_N550ND_after_0_189675,847,VSpd,0.7906789366348429,AltB,0.10338057162584473,E1_RPM,0.058379616918123524,VSpdG,0.0243248403825517,E1_EGT4,0.006506894802332193
open_2017_05_08_close_2017_05_08_flight_Fixed Wing_N550ND_after_0_189675,open_2017_05_08_close_2017_05_08_flight_Fixed Wing_N550ND_after_0_189675,848,VSpd,0.5334486178558154,VSpdG,0.3574837874509391,AltB,0.05554126641186911,E1_RPM,0.028275553809678357,HDG,0.005049206037442646
open_2017_05_08_close_2017_05_08_flight_Fixed Wing_N550ND_after_0_189675,open_2017_05_08_close_2017_05_08_flight_Fixed Wing_N550ND_after_0_189675,849,VSpdG,0.44428493624798954,VSpd,0.3714363109870094,E1_RPM,0.08956220143412046,AltB,0.049364992916443286,E1_EGT2,0.007968920285082153
open_2017_05_08_close_2017_05_08_flight_Fixed Wing_N550ND_after_0_189675,open_2017_05_08_close_2017_05_08_flight_Fixed Wing_N550ND_after_0_189675,850,VSpd,0.686216518186597,VSpdG,0.13271248257612234,E1_RPM,0.07776782418473234,AltB,0.06762419494324685,Roll,0.006931479981682802
open_2017_05_08_close_2017_05_08_flight_Fixed Wing_N550ND_after_0_189675,open_2017_05_08_close_2017_05_08_flight_Fixed Wing_N550ND_after_0_189675,851,VSpdG,0.5603676924921628,VSpd,0.17735495242074178,AltB,0.17067036319558268,E1_RPM,0.0540456150119371,HPLfd,0.007111265133149278
open_2017_05_08_close_2017_05_08_flight_Fixed Wing_N550ND_after_0_189675,open_2017_05_08_close_2017_05_08_flight_Fixed Wing_N550ND_after_0_189675,852,VSpd,0.7423749913931111,AltB,0.1586271349130581,E1_RPM,0.04600186912478829,E1_EGT4,0.013800560737434324,HPLfd,0.007931356745652905
open_2017_05_08_close_2017_05_08_flight_Fixed Wing_N550ND_after_0_189675,open_2017_05_08_close_2017_05_08_flight_Fixed Wing_N550ND_after_0_189675,853,VSpd,0.2975387428639973,VSpdG,0.2704897662399972,E1_RPM,0.20183754130599105,AltB,0.16476533984162228,TAS,0.013730444986801859
open_2017_05_08_close_2017_05_08_flight_Fixed Wing_N550ND_after_0_189675,open_2017_05_08_close_2017_05_08_flight_Fixed Wing_N550ND_after_0_189675,854,VSpd,0.5698364217371683,VSpdG,0.23008357262189355,AltB,0.11679369168624078,E1_RPM,0.04087779209018427,TAS,0.011679369168624078
open_2017_05_08_close_2017_05_08_flight_Fixed Wing_N550ND_after_0_189675,open_2017_05_08_close_2017_05_08_flight_Fixed Wing_N550ND_after_0_189675,855,VSpdG,0.4970914320977729,VSpd,0.40746338354037237,AltB,0.07579538990054982,E1_EGT4,0.0030949784209391754,Roll,0.0025896758216021193
open_2017_05_08_close_2017_05_08_flight_Fixed Wing_N550ND_after_0_189675,open_2017_05_08_close_2017_05_08_flight_Fixed Wing_N550ND_after_0_189675,856,VSpd,0.6225921512451514,VSpdG,0.30147231411624686,AltB,0.036050500940657274,E1_RPM,0.014420200376264137,E1_EGT2,0.006038458907560749
open_2017_05_08_close_2017_05_08_flight_Fixed Wing_N550ND_after_0_189675,open_2017_05_08_close_2017_05_08_flight_Fixed Wing_N550ND_after_0_189675,857,VSpdG,0.7131628973615388,AltB,0.1399973355097707,VSpd,0.0659634504372507,E1_RPM,0.026352439625367104,Roll,0.013093868438855022
open_2017_05_08_close_2017_05_08_flight_Fixed Wing_N550ND_after_0_189675,open_2017_05_08_close_2017_05_08_flight_Fixed Wing_N550ND_after_0_189675,858,VSpd,0.5341054976847833,VSpdG,0.36872019884028484,AltB,0.05622163133524035,E1_RPM,0.0178035165894915,TAS,0.0046851359446033625
open_2017_05_08_close_2017_05_08_flight_Fixed Wing_N550ND_after_0_189675,open_2017_05_08_close_2017_05_08_flight_Fixed Wing_N550ND_after_0_189675,859,VSpdG,0.5393961506384597,VSpd,0.40165050084914616,E1_RPM,0.03053185758330976,AltB,0.007828681431617706,Roll,0.003992627530125029
open_2017_05_08_close_2017_05_08_flight_Fixed Wing_N550ND_after_0_189675,open_2017_05_08_close_2017_05_08_flight_Fixed Wing_N550ND_after_0_189675,860,VSpdG,0.5134700663419947,VSpd,0.21414035721308178,E1_RPM,0.1894622169925016,AltB,0.041187438476630575,E1_EGT2,0.013866437620465502
open_2017_05_08_close_2017_05_08_flight_Fixed Wing_N550ND_after_0_189675,open_2017_05_08_close_2017_05_08_flight_Fixed Wing_N550ND_after_0_189675,861,VSpd,0.670410130875179,VSpdG,0.2559809678349753,AltB,0.03714355035090331,E1_EGT2,0.011762124277785906,E1_RPM,0.006190591725150551
open_2017_05_08_close_2017_05_08_flight_Fixed Wing_N550ND_after_0_189675,open_2017_05_08_close_2017_05_08_flight_Fixed Wing_N550ND_after_0_189675,862,VSpdG,0.4112161145205398,VSpd,0.4042547776362742,E1_RPM,0.10790072170611413,AltB,0.019889533955044246,E1_EGT2,0.019541467110830157
open_2017_05_08_close_2017_05_08_flight_Fixed Wing_N550ND_after_0_189675,open_2017_05_08_close_2017_05_08_flight_Fixed Wing_N550ND_after_0_189675,863,VSpd,0.6692474577290841,VSpdG,0.17207063072067777,E1_RPM,0.08146531015644096,E1_EGT2,0.030638904453959157,AltB,0.02781742298024813
open_2017_05_08_close_2017_05_08_flight_Fixed Wing_N550ND_after_0_189675,open_2017_05_08_close_2017_05_08_flight_Fixed Wing_N550ND_after_0_189675,864,VSpdG,0.6563659386108831,VSpd,0.17567441298114822,E1_RPM,0.07809701675984787,E1_EGT2,0.029045070278101433,E1_EGT4,0.01403991312536768
open_2017_05_08_close_2017_05_08_flight_Fixed Wing_N550ND_after_0_189675,open_2017_05_08_close_2017_05_08_flight_Fixed Wing_N550ND_after_0_189675,865,VSpd,0.59593017352614,VSpdG,0.2396860844929554,Roll,0.040150460854149896,E1_EGT2,0.027740318408321415,AltB,0.024333612638878725
open_2017_05_08_close_2017_05_08_flight_Fixed Wing_N550ND_after_0_189675,open_2017_05_08_close_2017_05_08_flight_Fixed Wing_N550ND_after_0_189675,866,VSpdG,0.6179498874681888,VSpd,0.28906639655122784,E1_RPM,0.04138694396438346,E1_EGT2,0.012487439989253238,Roll,0.01041809279103413
open_2017_05_08_close_2017_05_08_flight_Fixed Wing_N550ND_after_0_189675,open_2017_05_08_close_2017_05_08_flight_Fixed Wing_N550ND_after_0_189675,867,VSpd,0.8337154281500286,VSpdG,0.06892012643107027,AltB,0.04362033318422166,E1_RPM,0.026608403242376802,TAS,0.008724066636844333
open_2017_05_08_close_2017_05_08_flight_Fixed Wing_N550ND_after_0_189675,open_2017_05_08_close_2017_05_08_flight_Fixed Wing_N550ND_after_0_189675,868,VSpd,0.7968928709732579,VSpdG,0.11347248883721597,E1_RPM,0.02441813050927496,AltB,0.02154540927288909,HDG,0.012927245563733333
open_2017_05_08_close_2017_05_08_flight_Fixed Wing_N550ND_after_0_189675,open_2017_05_08_close_2017_05_08_flight_Fixed Wing_N550ND_after_0_189675,869,VSpdG,0.5053067013649098,VSpd,0.37039195021063986,E1_RPM,0.056303567570981726,AltB,0.0285081354789794,HDG,0.007839737256719295
open_2017_05_08_close_2017_05_08_flight_Fixed Wing_N550ND_after_0_189675,open_2017_05_08_close_2017_05_08_flight_Fixed Wing_N550ND_after_0_189675,870,VSpd,0.5567462519786585,VSpdG,0.31194709275157506,AltB,0.0528723886019619,E1_RPM,0.02555498782428239,Roll,0.00986951253903289
open_2017_05_08_close_2017_05_08_flight_Fixed Wing_N550ND_after_0_189675,open_2017_05_08_close_2017_05_08_flight_Fixed Wing_N550ND_after_0_189675,871,VSpd,0.6330107018260266,VSpdG,0.3068434034539814,AltB,0.016706537393138734,E1_RPM,0.014478999074053063,Roll,0.010023922435883242
open_2017_05_08_close_2017_05_08_flight_Fixed Wing_N550ND_after_0_189675,open_2017_05_08_close_2017_05_08_flight_Fixed Wing_N550ND_after_0_189675,872,VSpd,0.7086438492252766,VSpdG,0.20578832134664668,AltB,0.037348152694491224,E1_RPM,0.01792711329335477,Roll,0.011316490266430843
open_2017_05_08_close_2017_05_08_flight_Fixed Wing_N550ND_after_0_189675,open_2017_05_08_close_2017_05_08_flight_Fixed Wing_N550ND_after_0_189675,873,VSpdG,0.6359903979117426,VSpd,0.2321993164906371,E1_RPM,0.03829104935686933,AltB,0.035897858772064486,E1_EGT2,0.011427485042441019
open_2017_05_08_close_2017_05_08_flight_Fixed Wing_N550ND_after_0_189675,open_2017_05_08_close_2017_05_08_flight_Fixed Wing_N550ND_after_0_189675,874,VSpdG,0.4734852497140439,VSpd,0.4603897968997514,AltB,0.02449829608115937,E1_RPM,0.023607448950936204,TAS,0.004454235651119885
open_2017_05_08_close_2017_05_08_flight_Fixed Wing_N550ND_after_0_189675,open_2017_05_08_close_2017_05_08_flight_Fixed Wing_N550ND_after_0_189675,875,VSpd,0.6965984622266146,VSpdG,0.22397505755074237,E1_RPM,0.05253267649581392,AltB,0.009482432580471734,E1_EGT2,0.00644805415472052
open_2017_05_08_close_2017_05_08_flight_Fixed Wing_N550ND_after_0_189675,open_2017_05_08_close_2017_05_08_flight_Fixed Wing_N550ND_after_0_189675,876,VSpd,0.6829298959932646,VSpdG,0.1255853393469924,E1_RPM,0.08345861159135565,Roll,0.02384531759753018,TAS,0.015896878398353454
open_2017_05_08_close_2017_05_08_flight_Fixed Wing_N550ND_after_0_189675,open_2017_05_08_close_2017_05_08_flight_Fixed Wing_N550ND_after_0_189675,877,VSpd,0.5877666563968409,VSpdG,0.33393583547634065,E1_RPM,0.04354455432968397,AltB,0.008482705388899423,E1_EGT2,0.006050996510748538
open_2017_05_08_close_2017_05_08_flight_Fixed Wing_N550ND_after_0_189675,open_2017_05_08_close_2017_05_08_flight_Fixed Wing_N550ND_after_0_189675,878,VSpd,0.6613069148111637,VSpdG,0.2229601607251595,AltB,0.0637029030643313,TAS,0.01415620068096251,E1_RPM,0.010617150510721882
open_2017_05_08_close_2017_05_08_flight_Fixed Wing_N550ND_after_0_189675,open_2017_05_08_close_2017_05_08_flight_Fixed Wing_N550ND_after_0_189675,879,VSpd,0.684069707595737,VSpdG,0.23497289458919116,AltB,0.04673494036028111,E1_RPM,0.012462650762742103,Roll,0.006283253092882238
open_2017_05_08_close_2017_05_08_flight_Fixed Wing_N550ND_after_0_189675,open_2017_05_08_close_2017_05_08_flight_Fixed Wing_N550ND_after_0_189675,880,VSpd,0.4977883147035284,VSpdG,0.4630293146414983,AltB,0.009540439175305598,E1_RPM,0.007950365979421331,Roll,0.005215440082500394
open_2017_05_08_close_2017_05_08_flight_Fixed Wing_N550ND_after_0_189675,open_2017_05_08_close_2017_05_08_flight_Fixed Wing_N550ND_after_0_189675,881,VSpdG,0.5828592170763698,VSpd,0.3583444839258967,E1_RPM,0.023133924075267702,AltB,0.02197722787150432,HDG,0.00416410633354818
open_2017_05_08_close_2017_05_08_flight_Fixed Wing_N550ND_after_0_189675,open_2017_05_08_close_2017_05_08_flight_Fixed Wing_N550ND_after_0_189675,882,VSpdG,0.9343158222683805,VSpd,0.02707424554546619,AltB,0.011304486657814646,Roll,0.0070653041611341534,E1_EGT4,0.004860929262859732
open_2017_05_08_close_2017_05_08_flight_Fixed Wing_N550ND_after_0_189675,open_2017_05_08_close_2017_05_08_flight_Fixed Wing_N550ND_after_0_189675,883,VSpd,0.4104374972636853,VSpdG,0.390747487168105,E1_RPM,0.11752951762478227,AltB,0.02289536057625615,TAS,0.0152635737175041
open_2017_05_08_close_2017_05_08_flight_Fixed Wing_N550ND_after_0_189675,open_2017_05_08_close_2017_05_08_flight_Fixed Wing_N550ND_after_0_189675,884,VSpd,0.6693095352512665,E1_RPM,0.14601555469068275,VSpdG,0.0837442151902452,TAS,0.021472875689806433,Roll,0.018681401850131597
open_2017_05_08_close_2017_05_08_flight_Fixed Wing_N550ND_after_0_189675,open_2017_05_08_close_2017_05_08_flight_Fixed Wing_N550ND_after_0_189675,885,VSpd,0.9066183430665634,AltB,0.0389608226500457,VSpdG,0.025973881766697134,E1_RPM,0.01493498201584908,TRK,0.003896082265004533
open_2017_05_08_close_2017_05_08_flight_Fixed Wing_N550ND_after_0_189675,open_2017_05_08_close_2017_05_08_flight_Fixed Wing_N550ND_after_0_189675,886,VSpdG,0.4927302700581726,VSpd,0.22018883943224593,E1_RPM,0.2155694931504514,E1_EGT2,0.025021459026390705,E1_EGT4,0.011452129323618209
open_2017_05_08_close_2017_05_08_flight_Fixed Wing_N550ND_after_0_189675,open_2017_05_08_close_2017_05_08_flight_Fixed Wing_N550ND_after_0_189675,887,VSpdG,0.6430108019903941,VSpd,0.1947242672824426,E1_RPM,0.07284106741297376,AltB,0.025117609452749767,Roll,0.020722027798518557
open_2017_05_08_close_2017_05_08_flight_Fixed Wing_N550ND_after_0_189675,open_2017_05_08_close_2017_05_08_flight_Fixed Wing_N550ND_after_0_189675,888,VSpd,0.5614778240393138,VSpdG,0.4002303034143104,AltB,0.013864791111350245,E1_RPM,0.00808779481495431,HDG,0.0032351179259816716
open_2017_05_08_close_2017_05_08_flight_Fixed Wing_N550ND_after_0_189675,open_2017_05_08_close_2017_05_08_flight_Fixed Wing_N550ND_after_0_189675,889,VSpdG,0.8065148373206237,VSpd,0.07971268339232411,E1_RPM,0.0452331072782972,AltB,0.03413819417230153,Roll,0.009644039853675183
open_2017_05_08_close_2017_05_08_flight_Fixed Wing_N550ND_after_0_189675,open_2017_05_08_close_2017_05_08_flight_Fixed Wing_N550ND_after_0_189675,890,VSpd,0.5491475404954005,VSpdG,0.26001190271679425,AltB,0.09607830123484323,E1_RPM,0.06485285333352028,HDG,0.004203425679024323
open_2017_05_08_close_2017_05_08_flight_Fixed Wing_N550ND_after_0_189675,open_2017_05_08_close_2017_05_08_flight_Fixed Wing_N550ND_after_0_189675,891,VSpdG,0.537325511689537,VSpd,0.41458325020149234,AltB,0.013124707173657471,E1_RPM,0.009712283308507244,HDG,0.004724894582516719
open_2017_05_08_close_2017_05_08_flight_Fixed Wing_N550ND_after_0_189675,open_2017_05_08_close_2017_05_08_flight_Fixed Wing_N550ND_after_0_189675,892,VSpd,0.9343307899726245,VSpdG,0.024666747422460812,AltB,0.020728359178538536,TAS,0.006218507753561561,E1_RPM,0.004767522611063298
open_2017_05_08_close_2017_05_08_flight_Fixed Wing_N550ND_after_0_189675,open_2017_05_08_close_2017_05_08_flight_Fixed Wing_N550ND_after_0_189675,893,VSpd,0.5048716972429461,VSpdG,0.44993154895484505,AltB,0.012356513531200687,E1_RPM,0.011120862178080337,Roll,0.006579843455364365
open_2017_05_08_close_2017_05_08_flight_Fixed Wing_N550ND_after_0_189675,open_2017_05_08_close_2017_05_08_flight_Fixed Wing_N550ND_after_0_189675,894,VSpdG,0.7683456410092995,E1_RPM,0.07878741454696461,VSpd,0.04484822058827265,AltB,0.04040380233177735,TAS,0.013467934110592451
open_2017_05_08_close_2017_05_08_flight_Fixed Wing_N550ND_after_0_189675,open_2017_05_08_close_2017_05_08_flight_Fixed Wing_N550ND_after_0_189675,895,VSpdG,0.5975511280528858,VSpd,0.30669796262121996,AltB,0.0421404180573262,E1_EGT2,0.008596645283694391,TAS,0.008428083611465239
open_2017_05_08_close_2017_05_08_flight_Fixed Wing_N550ND_after_0_189675,open_2017_05_08_close_2017_05_08_flight_Fixed Wing_N550ND_after_0_189675,896,VSpdG,0.4523203276139315,VSpd,0.39028782554116376,E1_RPM,0.08184844023489928,AltB,0.028718750959614698,TRK,0.011487500383845634
open_2017_05_08_close_2017_05_08_flight_Fixed Wing_N550ND_after_0_189675,open_2017_05_08_close_2017_05_08_flight_Fixed Wing_N550ND_after_0_189675,897,VSpdG,0.5439810789543209,VSpd,0.263809574031949,E1_RPM,0.11155861970742911,AltB,0.03187389134497975,TAS,0.010624630448326582
open_2017_05_08_close_2017_05_08_flight_Fixed Wing_N550ND_after_0_189675,open_2017_05_08_close_2017_05_08_flight_Fixed Wing_N550ND_after_0_189675,898,VSpd,0.8287881236627214,AltB,0.1012363343236223,E1_EGT2,0.013948117173476953,E1_RPM,0.012373329750663926,Roll,0.00854884600955033
open_2017_05_08_close_2017_05_08_flight_Fixed Wing_N550ND_after_0_189675,open_2017_05_08_close_2017_05_08_flight_Fixed Wing_N550ND_after_0_189675,899,VSpd,0.6861016353522521,VSpdG,0.27141185517732774,E1_RPM,0.00983376286874376,AltB,0.00983376286874376,E1_EGT2,0.005211894320433925
open_2017_05_08_close_2017_05_08_flight_Fixed Wing_N550ND_after_0_189675,open_2017_05_08_close_2017_05_08_flight_Fixed Wing_N550ND_after_0_189675,900,VSpd,0.6284452136197244,VSpdG,0.2707193157034977,AltB,0.047050148451142686,E1_RPM,0.019181983599312676,Roll,0.00687656015824393
open_2017_05_08_close_2017_05_08_flight_Fixed Wing_N550ND_after_0_189675,open_2017_05_08_close_2017_05_08_flight_Fixed Wing_N550ND_after_0_189675,901,VSpd,0.7385682725652303,VSpdG,0.22573417617772526,AltB,0.018352372046969535,E1_RPM,0.00596452091526489,TAS,0.002294046505871192
open_2017_05_08_close_2017_05_08_flight_Fixed Wing_N550ND_after_0_189675,open_2017_05_08_close_2017_05_08_flight_Fixed Wing_N550ND_after_0_189675,902,VSpdG,0.5922505184196195,VSpd,0.15715839391781558,E1_RPM,0.12036500143400666,AltB,0.06838920536023319,TAS,0.013677841072046636
open_2017_05_08_close_2017_05_08_flight_Fixed Wing_N550ND_after_0_189675,open_2017_05_08_close_2017_05_08_flight_Fixed Wing_N550ND_after_0_189675,903,VSpd,0.7270331540128675,VSpdG,0.18996880463578036,E1_RPM,0.039442675538785624,AltB,0.016099051240320364,TAS,0.008049525620160182
open_2017_05_08_close_2017_05_08_flight_Fixed Wing_N550ND_after_0_189675,open_2017_05_08_close_2017_05_08_flight_Fixed Wing_N550ND_after_0_189675,904,VSpd,0.4555050529229034,VSpdG,0.4532452225564413,AltB,0.03411064704093632,E1_RPM,0.023024686752632403,TAS,0.00852766176023408
open_2017_05_08_close_2017_05_08_flight_Fixed Wing_N550ND_after_0_189675,open_2017_05_08_close_2017_05_08_flight_Fixed Wing_N550ND_after_0_189675,905,VSpdG,0.5768297831982315,VSpd,0.34976133851892754,Roll,0.02118150935993505,HDG,0.015986044799951023,E1_RPM,0.00799302239997428
open_2017_05_08_close_2017_05_08_flight_Fixed Wing_N550ND_after_0_189675,open_2017_05_08_close_2017_05_08_flight_Fixed Wing_N550ND_after_0_189675,906,VSpdG,0.9096404037198511,AltB,0.03396715473188391,VSpd,0.018410197864681326,E1_RPM,0.011548832608839293,TAS,0.006793430946376782
open_2017_05_08_close_2017_05_08_flight_Fixed Wing_N550ND_after_0_189675,open_2017_05_08_close_2017_05_08_flight_Fixed Wing_N550ND_after_0_189675,907,VSpdG,0.6197922011334231,VSpd,0.33111332565313084,E1_RPM,0.016724551459157053,AltB,0.016396619077603786,TAS,0.006558647631041514
open_2017_05_08_close_2017_05_08_flight_Fixed Wing_N550ND_after_0_189675,open_2017_05_08_close_2017_05_08_flight_Fixed Wing_N550ND_after_0_189675,908,VSpd,0.9132144644735118,E1_RPM,0.036177393152727416,Roll,0.01336798795765371,TAS,0.013235631641241297,AltB,0.008823754427494198
open_2017_05_08_close_2017_05_08_flight_Fixed Wing_N550ND_after_0_189675,open_2017_05_08_close_2017_05_08_flight_Fixed Wing_N550ND_after_0_189675,909,VSpd,0.6351335054500914,VSpdG,0.1933174607226244,E1_RPM,0.055058770458975365,AltB,0.036705846972650245,E1_EGT2,0.01884233477929613
open_2017_05_08_close_2017_05_08_flight_Fixed Wing_N550ND_after_0_189675,open_2017_05_08_close_2017_05_08_flight_Fixed Wing_N550ND_after_0_189675,910,VSpdG,0.45113728732363884,VSpd,0.4468197625035494,AltB,0.052867650858238927,E1_RPM,0.024671570400509095,HDG,0.00440563757151991
open_2017_05_08_close_2017_05_08_flight_Fixed Wing_N550ND_after_0_189675,open_2017_05_08_close_2017_05_08_flight_Fixed Wing_N550ND_after_0_189675,911,VSpdG,0.6739966734005255,VSpd,0.2731176548139947,E1_RPM,0.027581237340472475,AltB,0.00634051433114323,E1_EGT4,0.0037726060270296745
open_2017_05_08_close_2017_05_08_flight_Fixed Wing_N550ND_after_0_189675,open_2017_05_08_close_2017_05_08_flight_Fixed Wing_N550ND_after_0_189675,912,VSpd,0.6942993296474915,AltB,0.0953146755742781,E1_RPM,0.08442156979435812,VSpdG,0.05446552889958748,E1_EGT4,0.013752546047145715
open_2017_05_08_close_2017_05_08_flight_Fixed Wing_N550ND_after_0_189675,open_2017_05_08_close_2017_05_08_flight_Fixed Wing_N550ND_after_0_189675,913,VSpd,0.9153793110054714,VSpdG,0.040841772256278885,AltB,0.02094449859296354,Roll,0.006178627084924247,HDG,0.003141674788944501
open_2017_05_08_close_2017_05_08_flight_Fixed Wing_N550ND_after_0_189675,open_2017_05_08_close_2017_05_08_flight_Fixed Wing_N550ND_after_0_189675,914,VSpd,0.47398524530769925,VSpdG,0.4066303056430314,E1_RPM,0.07338915944092143,AltB,0.01630870209798254,Roll,0.006306031477886582
open_2017_05_08_close_2017_05_08_flight_Fixed Wing_N550ND_after_0_189675,open_2017_05_08_close_2017_05_08_flight_Fixed Wing_N550ND_after_0_189675,915,VSpd,0.6356000490602934,VSpdG,0.2637876837812747,E1_RPM,0.03513451179327608,AltB,0.03346143980312152,HDG,0.006134597297239073
open_2017_05_08_close_2017_05_08_flight_Fixed Wing_N550ND_after_0_189675,open_2017_05_08_close_2017_05_08_flight_Fixed Wing_N550ND_after_0_189675,916,VSpdG,0.7377868957032048,VSpd,0.15054365943277304,E1_RPM,0.07494977988096155,TAS,0.011710903106400076,AltB,0.005855451553200038
open_2017_05_08_close_2017_05_08_flight_Fixed Wing_N550ND_after_0_189675,open_2017_05_08_close_2017_05_08_flight_Fixed Wing_N550ND_after_0_189675,917,VSpdG,0.8512675044930993,VSpd,0.06945261862054818,E1_RPM,0.0243219286998012,AltB,0.018016243481335435,HDG,0.007206497392534277
open_2017_05_08_close_2017_05_08_flight_Fixed Wing_N550ND_after_0_189675,open_2017_05_08_close_2017_05_08_flight_Fixed Wing_N550ND_after_0_189675,918,VSpd,0.7921904507971845,AltB,0.10700456336747206,E1_RPM,0.036381551544943096,VSpdG,0.027821186475542575,Roll,0.011841838346000243
open_2017_05_08_close_2017_05_08_flight_Fixed Wing_N550ND_after_0_189675,open_2017_05_08_close_2017_05_08_flight_Fixed Wing_N550ND_after_0_189675,919,VSpd,0.7310412861969877,VSpdG,0.21323166919106312,AltB,0.027105720659880896,E1_RPM,0.013326979324441645,Roll,0.005104910724277568
open_2017_05_08_close_2017_05_08_flight_Fixed Wing_N550ND_after_0_189675,open_2017_05_08_close_2017_05_08_flight_Fixed Wing_N550ND_after_0_189675,920,VSpdG,0.6725056863796074,VSpd,0.20481850708955476,E1_RPM,0.03680161410807013,AltB,0.03066801175672478,Roll,0.017086463693032378
open_2017_05_08_close_2017_05_08_flight_Fixed Wing_N550ND_after_0_189675,open_2017_05_08_close_2017_05_08_flight_Fixed Wing_N550ND_after_0_189675,921,VSpd,0.5410864462132067,VSpdG,0.4125039032326146,AltB,0.020414247932989838,E1_RPM,0.019189393057010323,HDG,0.0019053298070790593
open_2017_05_08_close_2017_05_08_flight_Fixed Wing_N550ND_after_0_189675,open_2017_05_08_close_2017_05_08_flight_Fixed Wing_N550ND_after_0_189675,922,VSpd,0.5605085865489858,VSpdG,0.3875640626295361,AltB,0.023756115923001336,TAS,0.010181192538429145,E1_RPM,0.009163073284587157
open_2017_05_08_close_2017_05_08_flight_Fixed Wing_N550ND_after_0_189675,open_2017_05_08_close_2017_05_08_flight_Fixed Wing_N550ND_after_0_189675,923,VSpdG,0.4321123666707903,E1_RPM,0.2168418421838832,VSpd,0.15571758377118336,AltB,0.09427906181908152,TAS,0.01571317696984692
open_2017_05_08_close_2017_05_08_flight_Fixed Wing_N550ND_after_0_189675,open_2017_05_08_close_2017_05_08_flight_Fixed Wing_N550ND_after_0_189675,924,VSpdG,0.6837894491407628,VSpd,0.2558656916897065,E1_RPM,0.023021853869475622,AltB,0.01615568692594832,HDG,0.006462274770379306
open_2017_05_08_close_2017_05_08_flight_Fixed Wing_N550ND_after_0_189675,open_2017_05_08_close_2017_05_08_flight_Fixed Wing_N550ND_after_0_189675,925,VSpd,0.8630038342745193,VSpdG,0.0921982035379517,AltB,0.02734692477820601,E1_RPM,0.008594747787436057,E1_EGT2,0.002265888053051367
open_2017_05_08_close_2017_05_08_flight_Fixed Wing_N550ND_after_0_189675,open_2017_05_08_close_2017_05_08_flight_Fixed Wing_N550ND_after_0_189675,926,VSpd,0.6118205144182151,VSpdG,0.29390930599804477,E1_RPM,0.044355847308589935,AltB,0.02072703145261247,Roll,0.008622445084286789
open_2017_05_08_close_2017_05_08_flight_Fixed Wing_N550ND_after_0_189675,open_2017_05_08_close_2017_05_08_flight_Fixed Wing_N550ND_after_0_189675,927,VSpd,0.5847540925825836,VSpdG,0.2951667318668628,E1_RPM,0.06719242676644058,AltB,0.02399729527372868,TAS,0.01199864763686434
open_2017_05_08_close_2017_05_08_flight_Fixed Wing_N550ND_after_0_189675,open_2017_05_08_close_2017_05_08_flight_Fixed Wing_N550ND_after_0_189675,928,VSpd,0.45196388044470454,VSpdG,0.39502947375161457,E1_RPM,0.05643278196451638,AltB,0.03762185464301092,HDG,0.016302803678638206
open_2017_05_08_close_2017_05_08_flight_Fixed Wing_N550ND_after_0_189675,open_2017_05_08_close_2017_05_08_flight_Fixed Wing_N550ND_after_0_189675,929,VSpd,0.4685580552008376,VSpdG,0.3782236865157658,E1_RPM,0.07070243141764891,AltB,0.03432156864934353,Roll,0.014964203931113775
open_2017_05_08_close_2017_05_08_flight_Fixed Wing_N550ND_after_0_189675,open_2017_05_08_close_2017_05_08_flight_Fixed Wing_N550ND_after_0_189675,930,VSpd,0.5016456798491598,VSpdG,0.4084227331375051,E1_RPM,0.06898620156134352,TAS,0.006104973589499328,E1_EGT2,0.004517680456229559
open_2017_05_08_close_2017_05_08_flight_Fixed Wing_N550ND_after_0_189675,open_2017_05_08_close_2017_05_08_flight_Fixed Wing_N550ND_after_0_189675,931,VSpd,0.4368608458413978,VSpdG,0.4085831953179788,E1_RPM,0.051938541777709124,Roll,0.03635697924439638,AltB,0.01154189817282425
open_2017_05_08_close_2017_05_08_flight_Fixed Wing_N550ND_after_0_189675,open_2017_05_08_close_2017_05_08_flight_Fixed Wing_N550ND_after_0_189675,932,VSpd,0.4539912758776281,VSpdG,0.41415405552515117,E1_RPM,0.08273516351714783,AltB,0.019129517576219453,TAS,0.01434713818216459
open_2017_05_08_close_2017_05_08_flight_Fixed Wing_N550ND_after_0_189675,open_2017_05_08_close_2017_05_08_flight_Fixed Wing_N550ND_after_0_189675,933,VSpd,0.6701287183915482,VSpdG,0.18396213076990975,E1_RPM,0.0633202986345704,AltB,0.05332235674490139,HDG,0.005998765133801444
open_2017_05_08_close_2017_05_08_flight_Fixed Wing_N550ND_after_0_189675,open_2017_05_08_close_2017_05_08_flight_Fixed Wing_N550ND_after_0_189675,934,VSpd,0.77535062876587,VSpdG,0.09890959372364613,E1_RPM,0.04358727859007982,AltB,0.03352867583852411,HDG,0.022631856191003916
open_2017_05_08_close_2017_05_08_flight_Fixed Wing_N550ND_after_0_189675,open_2017_05_08_close_2017_05_08_flight_Fixed Wing_N550ND_after_0_189675,935,VSpdG,0.49029023496381546,VSpd,0.4304929976590317,AltB,0.03028560133613136,E1_RPM,0.02658402783949339,Roll,0.007739653674789126
open_2017_05_08_close_2017_05_08_flight_Fixed Wing_N550ND_after_0_189675,open_2017_05_08_close_2017_05_08_flight_Fixed Wing_N550ND_after_0_189675,936,VSpd,0.6421753436364246,E1_RPM,0.15262359625496724,VSpdG,0.1518527700112539,TAS,0.015416524874238974,AltB,0.015416524874238974
open_2017_05_08_close_2017_05_08_flight_Fixed Wing_N550ND_after_0_189675,open_2017_05_08_close_2017_05_08_flight_Fixed Wing_N550ND_after_0_189675,937,VSpd,0.7745548310761424,VSpdG,0.1714853168712775,AltB,0.03588631444241982,E1_RPM,0.010509563515281022,Roll,0.0022300781117789454
open_2017_05_08_close_2017_05_08_flight_Fixed Wing_N550ND_after_0_189675,open_2017_05_08_close_2017_05_08_flight_Fixed Wing_N550ND_after_0_189675,938,VSpd,0.8184444039257769,VSpdG,0.07624654364249835,E1_RPM,0.049793661154285344,AltB,0.019450648888392437,TAS,0.007780259555356974
open_2017_05_08_close_2017_05_08_flight_Fixed Wing_N550ND_after_0_189675,open_2017_05_08_close_2017_05_08_flight_Fixed Wing_N550ND_after_0_189675,939,VSpdG,0.46767721345996865,VSpd,0.450692364818756,AltB,0.04751006612926668,E1_RPM,0.014549957752088189,Roll,0.005760595518173584
open_2017_05_08_close_2017_05_08_flight_Fixed Wing_N550ND_after_0_189675,open_2017_05_08_close_2017_05_08_flight_Fixed Wing_N550ND_after_0_189675,940,VSpdG,0.6658922733967484,VSpd,0.2807020956811693,AltB,0.025057094013047915,TAS,0.009396410254892967,Roll,0.004134420512152905
open_2017_05_08_close_2017_05_08_flight_Fixed Wing_N550ND_after_0_189675,open_2017_05_08_close_2017_05_08_flight_Fixed Wing_N550ND_after_0_189675,941,VSpdG,0.5833512883566414,VSpd,0.2754741858734114,E1_RPM,0.09187412331442626,TAS,0.014818406986197494,AltB,0.00987893799079833
open_2017_05_08_close_2017_05_08_flight_Fixed Wing_N550ND_after_0_189675,open_2017_05_08_close_2017_05_08_flight_Fixed Wing_N550ND_after_0_189675,942,VSpdG,0.6478772584839134,VSpd,0.2383223620886681,E1_RPM,0.05042699473817163,Roll,0.017539824256755696,AltB,0.01096239016047231
open_2017_05_08_close_2017_05_08_flight_Fixed Wing_N550ND_after_0_189675,open_2017_05_08_close_2017_05_08_flight_Fixed Wing_N550ND_after_0_189675,943,VSpd,0.47246996316430595,VSpdG,0.4573018700845774,E1_RPM,0.048408807701260846,TAS,0.0064545076935014455,HDG,0.0038727046161009227
open_2017_05_08_close_2017_05_08_flight_Fixed Wing_N550ND_after_0_189675,open_2017_05_08_close_2017_05_08_flight_Fixed Wing_N550ND_after_0_189675,944,VSpd,0.7033293896690892,E1_RPM,0.11323603173672271,VSpdG,0.0829928679809525,AltB,0.05626635117352713,TAS,0.014066587793381782
open_2017_05_08_close_2017_05_08_flight_Fixed Wing_N550ND_after_0_189675,open_2017_05_08_close_2017_05_08_flight_Fixed Wing_N550ND_after_0_189675,945,VSpd,0.43454318124750935,E1_RPM,0.2949441278883895,AltB,0.08225533447086439,TAS,0.047003048269065366,VSpdG,0.0458279720623388
open_2017_05_08_close_2017_05_08_flight_Fixed Wing_N550ND_after_0_189675,open_2017_05_08_close_2017_05_08_flight_Fixed Wing_N550ND_after_0_189675,946,VSpd,0.5661713670906978,VSpdG,0.3356797162236665,AltB,0.04105208194645028,E1_RPM,0.03094695408270781,HDG,0.005052563931870786
open_2017_05_08_close_2017_05_08_flight_Fixed Wing_N550ND_after_0_189675,open_2017_05_08_close_2017_05_08_flight_Fixed Wing_N550ND_after_0_189675,947,VSpdG,0.6575510071367454,VSpd,0.29682098604240914,E1_RPM,0.01406526218474242,Roll,0.00997754536230222,AltB,0.004395394432732256
open_2017_05_08_close_2017_05_08_flight_Fixed Wing_N550ND_after_0_189675,open_2017_05_08_close_2017_05_08_flight_Fixed Wing_N550ND_after_0_189675,948,VSpd,0.5118933594037779,VSpdG,0.39667898072238017,E1_RPM,0.04268975729660484,AltB,0.02877961166063218,TAS,0.004796601943438697
open_2017_05_08_close_2017_05_08_flight_Fixed Wing_N550ND_after_0_189675,open_2017_05_08_close_2017_05_08_flight_Fixed Wing_N550ND_after_0_189675,949,VSpdG,0.5720272767949222,VSpd,0.284341894132368,E1_RPM,0.08867513058320135,TAS,0.02180535997947607,HDG,0.009448989324439713
open_2017_05_08_close_2017_05_08_flight_Fixed Wing_N550ND_after_0_189675,open_2017_05_08_close_2017_05_08_flight_Fixed Wing_N550ND_after_0_189675,950,VSpd,0.6614776558154866,VSpdG,0.2994113248383938,AltB,0.020124734305791966,E1_RPM,0.013640097696148702,GndSpd,0.0017441436398353063
open_2017_05_08_close_2017_05_08_flight_Fixed Wing_N550ND_after_0_189675,open_2017_05_08_close_2017_05_08_flight_Fixed Wing_N550ND_after_0_189675,951,VSpd,0.7941304694950929,VSpdG,0.10644938702762814,E1_RPM,0.047812012817491485,Roll,0.009021134493866783,AltB,0.009021134493866783
open_2017_05_08_close_2017_05_08_flight_Fixed Wing_N550ND_after_0_189675,open_2017_05_08_close_2017_05_08_flight_Fixed Wing_N550ND_after_0_189675,952,VSpd,0.578662873515891,VSpdG,0.2839621025847065,AltB,0.07207159964078849,E1_RPM,0.03171150384194759,Roll,0.012035957140011678
open_2017_05_08_close_2017_05_08_flight_Fixed Wing_N550ND_after_0_189675,open_2017_05_08_close_2017_05_08_flight_Fixed Wing_N550ND_after_0_189675,953,VSpdG,0.5087395724938326,VSpd,0.4324690127763048,E1_RPM,0.037549825588831236,AltB,0.004037615654712957,TAS,0.004037615654712957
open_2017_05_08_close_2017_05_08_flight_Fixed Wing_N550ND_after_0_189675,open_2017_05_08_close_2017_05_08_flight_Fixed Wing_N550ND_after_0_189675,954,VSpd,0.50929680480341,E1_RPM,0.15691128711959082,VSpdG,0.10372102029938901,Roll,0.05239241281789647,HDG,0.04521172679716924
open_2017_05_08_close_2017_05_08_flight_Fixed Wing_N550ND_after_0_189675,open_2017_05_08_close_2017_05_08_flight_Fixed Wing_N550ND_after_0_189675,955,VSpd,0.7780647450179949,E1_RPM,0.0750134215709664,VSpdG,0.06304319472453503,AltB,0.05586105861667656,TAS,0.007980151230953794
open_2017_05_08_close_2017_05_08_flight_Fixed Wing_N550ND_after_0_189675,open_2017_05_08_close_2017_05_08_flight_Fixed Wing_N550ND_after_0_189675,956,VSpd,0.5519874238340587,VSpdG,0.3656308035981816,E1_RPM,0.03674014128165627,TAS,0.017706092183931314,AltB,0.013279569137948486
open_2017_05_08_close_2017_05_08_flight_Fixed Wing_N550ND_after_0_189675,open_2017_05_08_close_2017_05_08_flight_Fixed Wing_N550ND_after_0_189675,957,VSpdG,0.675028149361717,VSpd,0.26151494701022615,E1_RPM,0.02416382520810126,AltB,0.01558956465038608,TAS,0.00779478232519304
open_2017_05_08_close_2017_05_08_flight_Fixed Wing_N550ND_after_0_189675,open_2017_05_08_close_2017_05_08_flight_Fixed Wing_N550ND_after_0_189675,958,VSpdG,0.5354303884802982,VSpd,0.4037873068899743,AltB,0.02631107560099746,E1_RPM,0.010962948167082275,TAS,0.00877035853366582
open_2017_05_08_close_2017_05_08_flight_Fixed Wing_N550ND_after_0_189675,open_2017_05_08_close_2017_05_08_flight_Fixed Wing_N550ND_after_0_189675,959,VSpd,0.6865801778151064,VSpdG,0.23824654760714095,AltB,0.033603180198468405,E1_RPM,0.026210480554805966,Roll,0.004469222966396297
open_2017_05_08_close_2017_05_08_flight_Fixed Wing_N550ND_after_0_189675,open_2017_05_08_close_2017_05_08_flight_Fixed Wing_N550ND_after_0_189675,960,VSpd,0.6630885973459093,VSpdG,0.18681882735494604,E1_RPM,0.08276783490408995,Roll,0.03381657254652818,AltB,0.007882650943246663
open_2017_05_08_close_2017_05_08_flight_Fixed Wing_N550ND_after_0_189675,open_2017_05_08_close_2017_05_08_flight_Fixed Wing_N550ND_after_0_189675,961,VSpd,0.33088157093488146,VSpdG,0.3138356739247552,E1_RPM,0.191168938431323,AltB,0.06372297947710766,TAS,0.03186148973855383
open_2017_05_08_close_2017_05_08_flight_Fixed Wing_N550ND_after_0_189675,open_2017_05_08_close_2017_05_08_flight_Fixed Wing_N550ND_after_0_189675,962,VSpdG,0.6523577157473274,VSpd,0.2866587592534204,TAS,0.015776486475146966,HDG,0.009465891885088088,AltB,0.007888243237573483
open_2017_05_08_close_2017_05_08_flight_Fixed Wing_N550ND_after_0_189675,open_2017_05_08_close_2017_05_08_flight_Fixed Wing_N550ND_after_0_189675,963,VSpd,0.7614980956922834,VSpdG,0.1872016151910197,AltB,0.021152724880341207,Roll,0.00893702626194416,E1_RPM,0.005288181220085302
open_2017_05_08_close_2017_05_08_flight_Fixed Wing_N550ND_after_0_189675,open_2017_05_08_close_2017_05_08_flight_Fixed Wing_N550ND_after_0_189675,964,VSpd,0.4827206805516908,VSpdG,0.44595275160845366,AltB,0.030897419280031424,E1_RPM,0.01441879566401326,TAS,0.005149569880005238
open_2017_05_08_close_2017_05_08_flight_Fixed Wing_N550ND_after_0_189675,open_2017_05_08_close_2017_05_08_flight_Fixed Wing_N550ND_after_0_189675,965,VSpd,0.591698289411531,VSpdG,0.3311894862235191,E1_RPM,0.03870608832896819,AltB,0.0134629872448585,TAS,0.010097240433643876
open_2017_05_08_close_2017_05_08_flight_Fixed Wing_N550ND_after_0_189675,open_2017_05_08_close_2017_05_08_flight_Fixed Wing_N550ND_after_0_189675,966,VSpd,0.5645713477235528,VSpdG,0.3425834300472168,AltB,0.040966628406244175,E1_RPM,0.014338319942186392,HDG,0.010241657101561044
open_2017_05_08_close_2017_05_08_flight_Fixed Wing_N550ND_after_0_189675,open_2017_05_08_close_2017_05_08_flight_Fixed Wing_N550ND_after_0_189675,967,VSpd,0.5195461620830164,VSpdG,0.4156369296664131,AltB,0.04226816233895726,Roll,0.005706201915759231,E1_RPM,0.004931285606210399
open_2017_05_08_close_2017_05_08_flight_Fixed Wing_N550ND_after_0_189675,open_2017_05_08_close_2017_05_08_flight_Fixed Wing_N550ND_after_0_189675,968,VSpdG,0.6575318732551485,VSpd,0.2941485676654112,Roll,0.015284856287463634,AltB,0.01132211576849158,E1_RPM,0.005094952095821725
open_2017_05_08_close_2017_05_08_flight_Fixed Wing_N550ND_after_0_189675,open_2017_05_08_close_2017_05_08_flight_Fixed Wing_N550ND_after_0_189675,969,VSpdG,0.5988792091550728,VSpd,0.3464278340919147,E1_RPM,0.020109785074005043,AltB,0.014714476883417019,HDG,0.004904825627805674
open_2017_05_08_close_2017_05_08_flight_Fixed Wing_N550ND_after_0_189675,open_2017_05_08_close_2017_05_08_flight_Fixed Wing_N550ND_after_0_189675,970,VSpd,0.7496284875141429,VSpdG,0.09433853182656216,E1_RPM,0.05321660769703609,HDG,0.0338651139890224,E1_EGT2,0.012699417745885549
open_2017_05_08_close_2017_05_08_flight_Fixed Wing_N550ND_after_0_189675,open_2017_05_08_close_2017_05_08_flight_Fixed Wing_N550ND_after_0_189675,971,VSpd,0.5381537288696806,VSpdG,0.4196705645895613,E1_RPM,0.015573712357816495,E1_EGT2,0.004877030975210945,Roll,0.004672113707344726
open_2017_05_08_close_2017_05_08_flight_Fixed Wing_N550ND_after_0_189675,open_2017_05_08_close_2017_05_08_flight_Fixed Wing_N550ND_after_0_189675,972,VSpdG,0.7752198908738918,VSpd,0.17169684990466202,Roll,0.010746434466082522,HDG,0.009023723597474059,AltB,0.008203385088612613
open_2017_05_08_close_2017_05_08_flight_Fixed Wing_N550ND_after_0_189675,open_2017_05_08_close_2017_05_08_flight_Fixed Wing_N550ND_after_0_189675,973,VSpdG,0.4549880592414434,VSpd,0.3786621637962303,AltB,0.06594029844078891,E1_RPM,0.05275223875263563,E1_EGT4,0.0121989552115461
open_2017_05_08_close_2017_05_08_flight_Fixed Wing_N550ND_after_0_189675,open_2017_05_08_close_2017_05_08_flight_Fixed Wing_N550ND_after_0_189675,974,VSpd,0.6151047615888817,VSpdG,0.32791312952620716,Roll,0.01816012252998826,AltB,0.015860369021823806,E1_RPM,0.008723202962002373
open_2017_05_08_close_2017_05_08_flight_Fixed Wing_N550ND_after_0_189675,open_2017_05_08_close_2017_05_08_flight_Fixed Wing_N550ND_after_0_189675,975,VSpd,0.42386179614329084,E1_RPM,0.29486037992577036,VSpdG,0.11057264247216307,AltB,0.0850558788247407,Roll,0.019562852129690358
open_2017_05_08_close_2017_05_08_flight_Fixed Wing_N550ND_after_0_189675,open_2017_05_08_close_2017_05_08_flight_Fixed Wing_N550ND_after_0_189675,976,VSpdG,0.7914360811511412,E1_RPM,0.07319175140726944,VSpd,0.06933108759677684,AltB,0.01608609921038905,E1_EGT4,0.014799211273557267
open_2017_05_08_close_2017_05_08_flight_Fixed Wing_N550ND_after_0_189675,open_2017_05_08_close_2017_05_08_flight_Fixed Wing_N550ND_after_0_189675,977,VSpdG,0.5864782572261193,VSpd,0.30943709952692394,E1_RPM,0.042822221956191994,AltB,0.009309178686128877,TAS,0.009309178686128877
open_2017_05_08_close_2017_05_08_flight_Fixed Wing_N550ND_after_0_189675,open_2017_05_08_close_2017_05_08_flight_Fixed Wing_N550ND_after_0_189675,978,VSpdG,0.4282837524962459,VSpd,0.3820146198269898,E1_RPM,0.12223743464480591,AltB,0.018109249577008282,E1_EGT4,0.011771012225054972
open_2017_05_08_close_2017_05_08_flight_Fixed Wing_N550ND_after_0_189675,open_2017_05_08_close_2017_05_08_flight_Fixed Wing_N550ND_after_0_189675,979,VSpd,0.7436206015294475,VSpdG,0.13487124343755733,AltB,0.06857859835808001,Roll,0.015430184630568004,TAS,0.011429766393013335
open_2017_05_08_close_2017_05_08_flight_Fixed Wing_N550ND_after_0_189675,open_2017_05_08_close_2017_05_08_flight_Fixed Wing_N550ND_after_0_189675,980,VSpd,0.4713424639038211,VSpdG,0.3664966008700975,AltB,0.0927839495873664,HPLfd,0.0115979936984208,E1_RPM,0.0115979936984208
open_2017_05_08_close_2017_05_08_flight_Fixed Wing_N550ND_after_0_189675,open_2017_05_08_close_2017_05_08_flight_Fixed Wing_N550ND_after_0_189675,981,VSpd,0.7383360217312613,VSpdG,0.1852467996889488,E1_RPM,0.02852532241587074,AltB,0.016779601421100434,Roll,0.008557596724761222
open_2017_05_08_close_2017_05_08_flight_Fixed Wing_N550ND_after_0_189675,open_2017_05_08_close_2017_05_08_flight_Fixed Wing_N550ND_after_0_189675,982,VSpd,0.6024744893595387,VSpdG,0.3423112483281356,AltB,0.026769208080401608,E1_RPM,0.016730755050251005,HDG,0.0023423057070351026
open_2017_05_08_close_2017_05_08_flight_Fixed Wing_N550ND_after_0_189675,open_2017_05_08_close_2017_05_08_flight_Fixed Wing_N550ND_after_0_189675,983,VSpdG,0.47713175278662734,VSpd,0.4074055785328029,E1_RPM,0.04567697287345879,AltB,0.03301949846274238,Roll,0.012712506908155816
open_2017_05_08_close_2017_05_08_flight_Fixed Wing_N550ND_after_0_189675,open_2017_05_08_close_2017_05_08_flight_Fixed Wing_N550ND_after_0_189675,984,VSpd,0.5739019386590327,VSpdG,0.3248612782012811,E1_RPM,0.030068829742767766,AltB,0.029479244845851276,TAS,0.01179169793834051
open_2017_05_08_close_2017_05_08_flight_Fixed Wing_N550ND_after_0_189675,open_2017_05_08_close_2017_05_08_flight_Fixed Wing_N550ND_after_0_189675,985,VSpdG,0.7584454452027386,VSpd,0.11814583205294395,E1_RPM,0.06043041076095803,AltB,0.017516061090132533,Roll,0.00989657451592488
open_2017_05_08_close_2017_05_08_flight_Fixed Wing_N550ND_after_0_189675,open_2017_05_08_close_2017_05_08_flight_Fixed Wing_N550ND_after_0_189675,986,VSpd,0.4742454526373354,VSpdG,0.36937929644360107,E1_RPM,0.07199765947629369,HDG,0.01721683161389657,TAS,0.015651665103542416
open_2017_05_08_close_2017_05_08_flight_Fixed Wing_N550ND_after_0_189675,open_2017_05_08_close_2017_05_08_flight_Fixed Wing_N550ND_after_0_189675,987,VSpd,0.5778206240060069,VSpdG,0.31950972004823186,AltB,0.03784379086865689,E1_RPM,0.02703127919189778,TAS,0.010812511676759111
open_2017_05_08_close_2017_05_08_flight_Fixed Wing_N550ND_after_0_189675,open_2017_05_08_close_2017_05_08_flight_Fixed Wing_N550ND_after_0_189675,988,VSpdG,0.5793499582323636,VSpd,0.29457641700308845,E1_RPM,0.04999466644644671,AltB,0.01960575154762651,Roll,0.01313585353690976
open_2017_05_08_close_2017_05_08_flight_Fixed Wing_N550ND_after_0_189675,open_2017_05_08_close_2017_05_08_flight_Fixed Wing_N550ND_after_0_189675,989,VSpd,0.7110675807328416,VSpdG,0.12556499946608987,E1_RPM,0.11217989800016084,TAS,0.012747715681836524,AltB,0.012747715681836524
open_2017_05_08_close_2017_05_08_flight_Fixed Wing_N550ND_after_0_189675,open_2017_05_08_close_2017_05_08_flight_Fixed Wing_N550ND_after_0_189675,990,VSpdG,0.4897815332674877,VSpd,0.41231669100462515,E1_RPM,0.04797134727287311,AltB,0.01776716565661987,TAS,0.011844777104413246
open_2017_05_08_close_2017_05_08_flight_Fixed Wing_N550ND_after_0_189675,open_2017_05_08_close_2017_05_08_flight_Fixed Wing_N550ND_after_0_189675,991,VSpd,0.5185004059212915,VSpdG,0.4430639069319799,E1_RPM,0.016432315229619025,AltB,0.012172085355274172,Roll,0.0034386141128649535
open_2017_05_08_close_2017_05_08_flight_Fixed Wing_N550ND_after_0_189675,open_2017_05_08_close_2017_05_08_flight_Fixed Wing_N550ND_after_0_189675,992,VSpd,0.6122421405169842,VSpdG,0.3043636406077745,AltB,0.05021227573478516,E1_RPM,0.017381172369733324,Roll,0.0032058606815285906
open_2017_05_08_close_2017_05_08_flight_Fixed Wing_N550ND_after_0_189675,open_2017_05_08_close_2017_05_08_flight_Fixed Wing_N550ND_after_0_189675,993,VSpd,0.7400778558379651,VSpdG,0.20956639011079356,AltB,0.017729813038138212,E1_RPM,0.013829254169748128,Pitch,0.006063596059043269
open_2017_05_08_close_2017_05_08_flight_Fixed Wing_N550ND_after_0_189675,open_2017_05_08_close_2017_05_08_flight_Fixed Wing_N550ND_after_0_189675,994,VSpdG,0.6453461492957655,VSpd,0.3174344579977228,AltB,0.012855500981987358,Roll,0.010670065815049508,E1_RPM,0.006106362966444288
open_2017_05_08_close_2017_05_08_flight_Fixed Wing_N550ND_after_0_189675,open_2017_05_08_close_2017_05_08_flight_Fixed Wing_N550ND_after_0_189675,995,VSpdG,0.6304533050195343,VSpd,0.30329169073200907,E1_RPM,0.01823396938268692,AltB,0.016576335802441743,TAS,0.011050890534961161
open_2017_05_08_close_2017_05_08_flight_Fixed Wing_N550ND_after_0_189675,open_2017_05_08_close_2017_05_08_flight_Fixed Wing_N550ND_after_0_189675,996,VSpd,0.6810497772269832,VSpdG,0.22071836308143772,E1_RPM,0.04410629440069441,AltB,0.03177148325473701,TAS,0.013082375457832886
open_2017_05_08_close_2017_05_08_flight_Fixed Wing_N550ND_after_0_189675,open_2017_05_08_close_2017_05_08_flight_Fixed Wing_N550ND_after_0_189675,997,VSpdG,0.4964866636659188,VSpd,0.4426137461278048,AltB,0.01645812144748902,Roll,0.01174012663254217,E1_RPM,0.00932626882024278
open_2017_05_08_close_2017_05_08_flight_Fixed Wing_N550ND_after_0_189675,open_2017_05_08_close_2017_05_08_flight_Fixed Wing_N550ND_after_0_189675,998,VSpd,0.8909788648747032,E1_RPM,0.050704295599197785,AltB,0.02982605623482143,TAS,0.0074565140587053574,Roll,0.004175647872875001
open_2017_05_08_close_2017_05_08_flight_Fixed Wing_N550ND_after_0_189675,open_2017_05_08_close_2017_05_08_flight_Fixed Wing_N550ND_after_0_189675,999,VSpd,0.6891899733305347,VSpdG,0.15051165087340915,E1_RPM,0.08340454538844798,AltB,0.01917345870998844,TAS,0.01917345870998844
open_2017_05_08_close_2017_05_08_flight_Fixed Wing_N550ND_after_0_189675,open_2017_05_08_close_2017_05_08_flight_Fixed Wing_N550ND_after_0_189675,1000,VSpd,0.47562063713552566,VSpdG,0.4513308323404747,AltB,0.016412030266926354,E1_EGT4,0.013457864818878566,HDG,0.008206015133463177
open_2017_05_08_close_2017_05_08_flight_Fixed Wing_N550ND_after_0_189675,open_2017_05_08_close_2017_05_08_flight_Fixed Wing_N550ND_after_0_189675,1001,VSpdG,0.5344697499519636,VSpd,0.2957943272634912,E1_RPM,0.09655814821014991,Roll,0.024343533140305712,TAS,0.013599739184528331
open_2017_05_08_close_2017_05_08_flight_Fixed Wing_N550ND_after_0_189675,open_2017_05_08_close_2017_05_08_flight_Fixed Wing_N550ND_after_0_189675,1002,VSpd,0.31566797090686133,E1_RPM,0.2981183616903715,VSpdG,0.22049509015589744,Roll,0.04308654057638199,HDG,0.0337492484932496
open_2017_05_08_close_2017_05_08_flight_Fixed Wing_N550ND_after_0_189675,open_2017_05_08_close_2017_05_08_flight_Fixed Wing_N550ND_after_0_189675,1003,VSpd,0.6963529685999886,VSpdG,0.13313425350756772,E1_RPM,0.12096970242565858,AltB,0.0202742518031829,TAS,0.0135161678687886
open_2017_05_08_close_2017_05_08_flight_Fixed Wing_N550ND_after_0_189675,open_2017_05_08_close_2017_05_08_flight_Fixed Wing_N550ND_after_0_189675,1004,VSpd,0.6398341683598533,VSpdG,0.21223662429178522,E1_RPM,0.07218199912462019,E1_EGT2,0.021331396756230366,Roll,0.013359056554406773
open_2017_05_08_close_2017_05_08_flight_Fixed Wing_N550ND_after_0_189675,open_2017_05_08_close_2017_05_08_flight_Fixed Wing_N550ND_after_0_189675,1005,VSpdG,0.6657834540720549,VSpd,0.1955033617253957,AltB,0.05642232661627584,E1_RPM,0.05548195450600543,E1_EGT2,0.006206455927788974
open_2017_05_08_close_2017_05_08_flight_Fixed Wing_N550ND_after_0_189675,open_2017_05_08_close_2017_05_08_flight_Fixed Wing_N550ND_after_0_189675,1006,VSpdG,0.6119179937353909,VSpd,0.20431838095910496,E1_RPM,0.05877178470905041,AltB,0.05185745709621956,E1_EGT2,0.01918725912560344
open_2017_05_08_close_2017_05_08_flight_Fixed Wing_N550ND_after_0_189675,open_2017_05_08_close_2017_05_08_flight_Fixed Wing_N550ND_after_0_189675,1007,VSpdG,0.8456053620497763,E1_RPM,0.047574893327662966,VSpd,0.0362183058881574,Roll,0.027700865308527157,AltB,0.007673369891558768
open_2017_05_08_close_2017_05_08_flight_Fixed Wing_N550ND_after_0_189675,open_2017_05_08_close_2017_05_08_flight_Fixed Wing_N550ND_after_0_189675,1008,VSpdG,0.8225639256379579,VSpd,0.08706892977307097,E1_RPM,0.03039497184805502,AltB,0.025329143206711556,TAS,0.012664571603355778
open_2017_05_08_close_2017_05_08_flight_Fixed Wing_N550ND_after_0_189675,open_2017_05_08_close_2017_05_08_flight_Fixed Wing_N550ND_after_0_189675,1009,VSpd,0.6354361023086862,VSpdG,0.29573598302275067,AltB,0.02085585211726028,E1_RPM,0.0179360328208427,Roll,0.008592611072311235
open_2017_05_08_close_2017_05_08_flight_Fixed Wing_N550ND_after_0_189675,open_2017_05_08_close_2017_05_08_flight_Fixed Wing_N550ND_after_0_189675,1010,VSpd,0.6884380093598446,VSpdG,0.1665699922065337,E1_RPM,0.057318542352826025,AltB,0.05385634851943352,TAS,0.011540646111307184
open_2017_05_08_close_2017_05_08_flight_Fixed Wing_N550ND_after_0_189675,open_2017_05_08_close_2017_05_08_flight_Fixed Wing_N550ND_after_0_189675,1011,VSpd,0.8293723696737769,VSpdG,0.07619539156207508,AltB,0.03857994509472157,E1_RPM,0.014467479410520588,HDG,0.008680487646312409
open_2017_05_08_close_2017_05_08_flight_Fixed Wing_N550ND_after_0_189675,open_2017_05_08_close_2017_05_08_flight_Fixed Wing_N550ND_after_0_189675,1012,VSpd,0.6795640441673083,VSpdG,0.14406855409942948,E1_RPM,0.09401083614962817,AltB,0.04883679799980655,TAS,0.006104599749975819
open_2017_05_08_close_2017_05_08_flight_Fixed Wing_N550ND_after_0_189675,open_2017_05_08_close_2017_05_08_flight_Fixed Wing_N550ND_after_0_189675,1013,VSpdG,0.5353168972517305,VSpd,0.37987673153122803,AltB,0.022658916285787534,Roll,0.017504012830770868,E1_RPM,0.011329458142893767
open_2017_05_08_close_2017_05_08_flight_Fixed Wing_N550ND_after_0_189675,open_2017_05_08_close_2017_05_08_flight_Fixed Wing_N550ND_after_0_189675,1014,VSpdG,0.6121154684336076,VSpd,0.14399287686009565,E1_RPM,0.07384250095389906,AltB,0.058296711279391206,HDG,0.0388644741862608
open_2017_05_08_close_2017_05_08_flight_Fixed Wing_N550ND_after_0_189675,open_2017_05_08_close_2017_05_08_flight_Fixed Wing_N550ND_after_0_189675,1015,VSpd,0.471778961856197,VSpdG,0.445259288497305,Roll,0.02071849481163433,E1_RPM,0.01958839509463541,AltB,0.015067996226643149
open_2017_05_08_close_2017_05_08_flight_Fixed Wing_N550ND_after_0_189675,open_2017_05_08_close_2017_05_08_flight_Fixed Wing_N550ND_after_0_189675,1016,VSpdG,0.477917867347518,VSpd,0.33126743546347,E1_RPM,0.10795606648205466,Roll,0.022561604905238158,E1_EGT2,0.015404966790135512
open_2017_05_08_close_2017_05_08_flight_Fixed Wing_N550ND_after_0_189675,open_2017_05_08_close_2017_05_08_flight_Fixed Wing_N550ND_after_0_189675,1017,VSpd,0.4666887320706643,VSpdG,0.30767465592770876,E1_RPM,0.13283731176561306,AltB,0.03906979757812175,E1_EGT4,0.01523722105546695
open_2017_05_08_close_2017_05_08_flight_Fixed Wing_N550ND_after_0_189675,open_2017_05_08_close_2017_05_08_flight_Fixed Wing_N550ND_after_0_189675,1018,VSpd,0.6202165081267196,VSpdG,0.28371682828506617,E1_RPM,0.035284580167432744,AltB,0.02880373891218946,TAS,0.007200934728047365
open_2017_05_08_close_2017_05_08_flight_Fixed Wing_N550ND_after_0_189675,open_2017_05_08_close_2017_05_08_flight_Fixed Wing_N550ND_after_0_189675,1019,VSpd,0.7278729682738599,VSpdG,0.20411115350343365,AltB,0.029635013212839737,E1_RPM,0.01704013259738251,TAS,0.007408753303209934
open_2017_05_08_close_2017_05_08_flight_Fixed Wing_N550ND_after_0_189675,open_2017_05_08_close_2017_05_08_flight_Fixed Wing_N550ND_after_0_189675,1020,VSpd,0.8835792463988201,E1_RPM,0.05629327512734584,Roll,0.015311770834638068,AltB,0.01501154003395889,TAS,0.01501154003395889
open_2017_05_08_close_2017_05_08_flight_Fixed Wing_N550ND_after_0_189675,open_2017_05_08_close_2017_05_08_flight_Fixed Wing_N550ND_after_0_189675,1021,VSpdG,0.7216648371865254,VSpd,0.1262374909227773,AltB,0.0646267018375993,Roll,0.034359863143656966,HDG,0.012925340367519739
open_2017_05_08_close_2017_05_08_flight_Fixed Wing_N550ND_after_0_189675,open_2017_05_08_close_2017_05_08_flight_Fixed Wing_N550ND_after_0_189675,1022,VSpdG,0.7056098982669113,VSpd,0.25154146937512245,AltB,0.019904369485667456,E1_RPM,0.007464138557125295,Roll,0.004428722210561009
open_2017_05_08_close_2017_05_08_flight_Fixed Wing_N550ND_after_0_189675,open_2017_05_08_close_2017_05_08_flight_Fixed Wing_N550ND_after_0_189675,1023,VSpdG,0.5838993598724715,VSpd,0.29798149381468086,AltB,0.04944109736430749,E1_RPM,0.048946686390664865,Roll,0.00786113448092489
open_2017_05_08_close_2017_05_08_flight_Fixed Wing_N550ND_after_0_189675,open_2017_05_08_close_2017_05_08_flight_Fixed Wing_N550ND_after_0_189675,1024,VSpdG,0.6287983731519861,VSpd,0.30836890709576503,AltB,0.03607859518085166,Roll,0.008091913490562442,HDG,0.003607859518085254
open_2017_05_08_close_2017_05_08_flight_Fixed Wing_N550ND_after_0_189675,open_2017_05_08_close_2017_05_08_flight_Fixed Wing_N550ND_after_0_189675,1025,VSpdG,0.496731486013511,VSpd,0.4553000705881688,E1_RPM,0.020789957561103262,Roll,0.005902862950384772,E1_EGT2,0.004566365678599608
open_2017_05_08_close_2017_05_08_flight_Fixed Wing_N550ND_after_0_189675,open_2017_05_08_close_2017_05_08_flight_Fixed Wing_N550ND_after_0_189675,1026,VSpd,0.7423053620862209,VSpdG,0.15754725212140988,AltB,0.04583192788986469,E1_RPM,0.02406176214217792,Pitch,0.004812352428435793
open_2017_05_08_close_2017_05_08_flight_Fixed Wing_N550ND_after_0_189675,open_2017_05_08_close_2017_05_08_flight_Fixed Wing_N550ND_after_0_189675,1027,VSpd,0.44757090265337235,VSpdG,0.44213531057962563,CRS,0.05465958509912954,E1_RPM,0.021863834039651264,AltB,0.012146574466473232
open_2017_05_08_close_2017_05_08_flight_Fixed Wing_N550ND_after_0_189675,open_2017_05_08_close_2017_05_08_flight_Fixed Wing_N550ND_after_0_189675,1028,VSpd,0.6816535527615144,E1_RPM,0.11748112677819106,VSpdG,0.10345352955094375,AltB,0.07013798613623298,TAS,0.008767248267029123
open_2017_05_08_close_2017_05_08_flight_Fixed Wing_N550ND_after_0_189675,open_2017_05_08_close_2017_05_08_flight_Fixed Wing_N550ND_after_0_189675,1029,VSpdG,0.9251103530760635,E1_RPM,0.021149855658807816,AltB,0.01958319968408263,VSpd,0.014765732561798231,HDG,0.00744161587995131
open_2017_05_08_close_2017_05_08_flight_Fixed Wing_N550ND_after_0_189675,open_2017_05_08_close_2017_05_08_flight_Fixed Wing_N550ND_after_0_189675,1030,VSpdG,0.648778891353929,VSpd,0.2500219548471409,E1_RPM,0.04841633517566634,Roll,0.011038924420051922,AltB,0.009683267035133268
open_2017_05_08_close_2017_05_08_flight_Fixed Wing_N550ND_after_0_189675,open_2017_05_08_close_2017_05_08_flight_Fixed Wing_N550ND_after_0_189675,1031,VSpdG,0.585170734935707,VSpd,0.19431618919594998,AltB,0.12345374154761751,HDG,0.02222167347857129,E1_RPM,0.012345374154761751
open_2017_05_08_close_2017_05_08_flight_Fixed Wing_N550ND_after_0_189675,open_2017_05_08_close_2017_05_08_flight_Fixed Wing_N550ND_after_0_189675,1032,VSpd,0.8249097728729149,VSpdG,0.060746754422287996,AltB,0.04672827263252916,E1_RPM,0.024921745404014137,E1_EGT4,0.013862720880985209
open_2017_05_08_close_2017_05_08_flight_Fixed Wing_N550ND_after_0_189675,open_2017_05_08_close_2017_05_08_flight_Fixed Wing_N550ND_after_0_189675,1033,VSpd,0.7254211615634159,E1_RPM,0.11402690440293473,HDG,0.039009204137846476,Roll,0.03180750491239795,AltB,0.030007080106035814
open_2017_05_08_close_2017_05_08_flight_Fixed Wing_N550ND_after_0_189675,open_2017_05_08_close_2017_05_08_flight_Fixed Wing_N550ND_after_0_189675,1034,VSpd,0.8541111291860711,VSpdG,0.06638604801820117,Roll,0.01705869335151244,AltB,0.016806594434987627,HDG,0.010924286382742052
open_2017_05_08_close_2017_05_08_flight_Fixed Wing_N550ND_after_0_189675,open_2017_05_08_close_2017_05_08_flight_Fixed Wing_N550ND_after_0_189675,1035,VSpd,0.5592991908031746,VSpdG,0.36887607692194535,E1_RPM,0.03501472694844035,AltB,0.020357399388628326,Roll,0.005252209042266108
open_2017_05_08_close_2017_05_08_flight_Fixed Wing_N550ND_after_0_189675,open_2017_05_08_close_2017_05_08_flight_Fixed Wing_N550ND_after_0_189675,1036,VSpdG,0.4894404888065181,VSpd,0.4241253047754752,E1_RPM,0.061532887289398715,Roll,0.005758123397723742,Pitch,0.0048548883549435476
open_2017_05_08_close_2017_05_08_flight_Fixed Wing_N550ND_after_0_189675,open_2017_05_08_close_2017_05_08_flight_Fixed Wing_N550ND_after_0_189675,1037,VSpdG,0.5869129741921608,VSpd,0.2818373977592813,E1_RPM,0.061074700360096636,AltB,0.02979253676102341,Roll,0.011619089336799128
open_2017_05_08_close_2017_05_08_flight_Fixed Wing_N550ND_after_0_189675,open_2017_05_08_close_2017_05_08_flight_Fixed Wing_N550ND_after_0_189675,1038,VSpdG,0.6525320441326833,VSpd,0.3090377950810396,Roll,0.01032312598918901,AltB,0.0069051009961130505,E1_RPM,0.004833570697279449
open_2017_05_08_close_2017_05_08_flight_Fixed Wing_N550ND_after_0_189675,open_2017_05_08_close_2017_05_08_flight_Fixed Wing_N550ND_after_0_189675,1039,VSpd,0.6869330172383713,VSpdG,0.14521494194222473,AltB,0.05897053479887294,Roll,0.027200159175980138,E1_RPM,0.021376818864592112
open_2017_05_08_close_2017_05_08_flight_Fixed Wing_N550ND_after_0_189675,open_2017_05_08_close_2017_05_08_flight_Fixed Wing_N550ND_after_0_189675,1040,VSpd,0.6048134966798822,VSpdG,0.14663651655686458,AltB,0.0621341171851122,E1_RPM,0.05467802312289986,HDG,0.045979246716983065
open_2017_05_08_close_2017_05_08_flight_Fixed Wing_N550ND_after_0_189675,open_2017_05_08_close_2017_05_08_flight_Fixed Wing_N550ND_after_0_189675,1041,VSpd,0.5119618739732236,VSpdG,0.3267162900090869,E1_RPM,0.09507954533467629,HDG,0.015314826094175898,AltB,0.01276235507847996
open_2017_05_08_close_2017_05_08_flight_Fixed Wing_N550ND_after_0_189675,open_2017_05_08_close_2017_05_08_flight_Fixed Wing_N550ND_after_0_189675,1042,VSpd,0.7074876405352025,VSpdG,0.23224201742789527,HDG,0.015968808373218537,TRK,0.013538772316424356,AltB,0.010414440243403374
open_2017_05_08_close_2017_05_08_flight_Fixed Wing_N550ND_after_0_189675,open_2017_05_08_close_2017_05_08_flight_Fixed Wing_N550ND_after_0_189675,1043,VSpdG,0.47734233525804215,VSpd,0.2966279774815855,E1_RPM,0.1100226435168248,HDG,0.023390640747671772,TRK,0.022524320719980152
open_2017_05_08_close_2017_05_08_flight_Fixed Wing_N550ND_after_0_189675,open_2017_05_08_close_2017_05_08_flight_Fixed Wing_N550ND_after_0_189675,1044,VSpdG,0.5014260842027398,VSpd,0.43527911433834165,E1_RPM,0.03161355346987522,AltB,0.013172313945781257,HDG,0.0068056955386536526
open_2017_05_08_close_2017_05_08_flight_Fixed Wing_N550ND_after_0_189675,open_2017_05_08_close_2017_05_08_flight_Fixed Wing_N550ND_after_0_189675,1045,VSpd,0.5829829189645216,VSpdG,0.38122826136285126,HDG,0.009117566788947103,TRK,0.00854771886463792,E1_RPM,0.006838175091710595
open_2017_05_08_close_2017_05_08_flight_Fixed Wing_N550ND_after_0_189675,open_2017_05_08_close_2017_05_08_flight_Fixed Wing_N550ND_after_0_189675,1046,VSpd,0.588259421167876,VSpdG,0.2694765149250353,TRK,0.02929092553532993,E1_RPM,0.02929092553532993,HDG,0.02343274042826393
open_2017_05_08_close_2017_05_08_flight_Fixed Wing_N550ND_after_0_189675,open_2017_05_08_close_2017_05_08_flight_Fixed Wing_N550ND_after_0_189675,1047,VSpd,0.8002871045612558,E1_RPM,0.059498976612712966,AltB,0.046564416479514495,VSpdG,0.040873210020907345,HDG,0.01966053140246168
open_2017_05_08_close_2017_05_08_flight_Fixed Wing_N550ND_after_0_189675,open_2017_05_08_close_2017_05_08_flight_Fixed Wing_N550ND_after_0_189675,1048,VSpd,0.8667526914479039,AltB,0.045028063108250777,E1_RPM,0.025515902428009454,VSpdG,0.014634120510181417,TRK,0.013133185073239809
open_2017_05_08_close_2017_05_08_flight_Fixed Wing_N550ND_after_0_189675,open_2017_05_08_close_2017_05_08_flight_Fixed Wing_N550ND_after_0_189675,1049,VSpd,0.5668993614897284,VSpdG,0.3472455016629667,E1_RPM,0.033728039896622646,AltB,0.015330927225738042,TRK,0.014564380864450966
open_2017_05_08_close_2017_05_08_flight_Fixed Wing_N550ND_after_0_189675,open_2017_05_08_close_2017_05_08_flight_Fixed Wing_N550ND_after_0_189675,1050,VSpdG,0.5425405731552443,AltB,0.13770065308508744,TRK,0.09088243103615803,E1_RPM,0.06609631348084448,HDG,0.055080261234034984
open_2017_05_08_close_2017_05_08_flight_Fixed Wing_N550ND_after_0_189675,open_2017_05_08_close_2017_05_08_flight_Fixed Wing_N550ND_after_0_189675,1051,VSpdG,0.7076942233467879,VSpd,0.0874140072831059,TRK,0.05029299049164976,Roll,0.04071337325514513,AltB,0.03592356463689278
open_2017_05_08_close_2017_05_08_flight_Fixed Wing_N550ND_after_0_189675,open_2017_05_08_close_2017_05_08_flight_Fixed Wing_N550ND_after_0_189675,1052,E1_RPM,0.2717029669893124,VSpdG,0.23982719991235293,VSpd,0.1508786308309358,Roll,0.06390332352094967,TRK,0.06223364048358555
open_2017_05_08_close_2017_05_08_flight_Fixed Wing_N550ND_after_0_189675,open_2017_05_08_close_2017_05_08_flight_Fixed Wing_N550ND_after_0_189675,1053,VSpdG,0.5003443630300937,VSpd,0.4625215340412369,AltB,0.013814035423249412,E1_RPM,0.0049730527523702914,E1_EGT2,0.004834912398137294
open_2017_05_08_close_2017_05_08_flight_Fixed Wing_N550ND_after_0_189675,open_2017_05_08_close_2017_05_08_flight_Fixed Wing_N550ND_after_0_189675,1054,VSpdG,0.5662150732444723,VSpd,0.3387846366979055,E1_RPM,0.04636181039454339,AltB,0.03004932155201899,TRK,0.0034342081773736477
open_2017_05_08_close_2017_05_08_flight_Fixed Wing_N550ND_after_0_189675,open_2017_05_08_close_2017_05_08_flight_Fixed Wing_N550ND_after_0_189675,1055,VSpdG,0.5334022794825506,VSpd,0.36235995474297666,E1_RPM,0.04024967835305668,AltB,0.030093217460228524,E1_EGT2,0.008952732194418396
open_2017_05_08_close_2017_05_08_flight_Fixed Wing_N550ND_after_0_189675,open_2017_05_08_close_2017_05_08_flight_Fixed Wing_N550ND_after_0_189675,1056,VSpd,0.7640547475345565,VSpdG,0.07202836633755802,E1_RPM,0.06833460396126954,AltB,0.055406435644275324,E1_EGT4,0.011635351485297735
open_2017_05_08_close_2017_05_08_flight_Fixed Wing_N550ND_after_0_189675,open_2017_05_08_close_2017_05_08_flight_Fixed Wing_N550ND_after_0_189675,1057,VSpdG,0.8104922811506959,VSpd,0.09054316539571543,E1_RPM,0.05565411509344117,AltB,0.014030449183220356,Roll,0.01201941813362544
open_2017_05_08_close_2017_05_08_flight_Fixed Wing_N550ND_after_0_189675,open_2017_05_08_close_2017_05_08_flight_Fixed Wing_N550ND_after_0_189675,1058,VSpd,0.827460957148958,VSpdG,0.10780975903001917,E1_RPM,0.028636967242348658,AltB,0.02316225291660569,Roll,0.004442941241276183
open_2017_05_08_close_2017_05_08_flight_Fixed Wing_N550ND_after_0_189675,open_2017_05_08_close_2017_05_08_flight_Fixed Wing_N550ND_after_0_189675,1059,VSpd,0.40779857489891735,VSpdG,0.3968133466580999,AltB,0.06725649943357626,E1_RPM,0.028023541430656777,Roll,0.02309139813886119
open_2017_05_08_close_2017_05_08_flight_Fixed Wing_N550ND_after_0_189675,open_2017_05_08_close_2017_05_08_flight_Fixed Wing_N550ND_after_0_189675,1060,VSpd,0.7125661469817581,VSpdG,0.1544417484394574,AltB,0.03369638147769979,E1_RPM,0.02134104160254422,HDG,0.021341041602543263
open_2017_05_08_close_2017_05_08_flight_Fixed Wing_N550ND_after_0_189675,open_2017_05_08_close_2017_05_08_flight_Fixed Wing_N550ND_after_0_189675,1061,VSpd,0.8948154190966178,AltB,0.042195608565451174,E1_RPM,0.02224859360723859,TRK,0.011891489686627019,TAS,0.007671928830082032
open_2017_05_08_close_2017_05_08_flight_Fixed Wing_N550ND_after_0_189675,open_2017_05_08_close_2017_05_08_flight_Fixed Wing_N550ND_after_0_189675,1062,VSpd,0.8123984725009934,E1_RPM,0.05531630486935082,VSpdG,0.053950470181219345,Roll,0.0295020292636541,AltB,0.020487520321982013
open_2017_05_08_close_2017_05_08_flight_Fixed Wing_N550ND_after_0_189675,open_2017_05_08_close_2017_05_08_flight_Fixed Wing_N550ND_after_0_189675,1063,VSpd,0.5384568692565851,VSpdG,0.19961683228638444,E1_RPM,0.08391535624778414,HDG,0.050857791665320916,TRK,0.048314902082055015
open_2017_05_08_close_2017_05_08_flight_Fixed Wing_N550ND_after_0_189675,open_2017_05_08_close_2017_05_08_flight_Fixed Wing_N550ND_after_0_189675,1064,VSpdG,0.48797818781889174,VSpd,0.21327371558988,Roll,0.08273335773173086,E1_RPM,0.052017979412163864,TRK,0.034678652941444926
open_2017_05_08_close_2017_05_08_flight_Fixed Wing_N550ND_after_0_189675,open_2017_05_08_close_2017_05_08_flight_Fixed Wing_N550ND_after_0_189675,1065,VSpd,0.8698643057332266,AltB,0.02574324669231212,E1_RPM,0.025099665525004904,VSpdG,0.02509966552500431,Roll,0.016990542816926003
open_2017_05_08_close_2017_05_08_flight_Fixed Wing_N550ND_after_0_189675,open_2017_05_08_close_2017_05_08_flight_Fixed Wing_N550ND_after_0_189675,1066,VSpdG,0.4884485660962769,VSpd,0.3420916139277923,HDG,0.053285298119593844,TRK,0.04973294491162113,TAS,0.017761766039864617
open_2017_05_08_close_2017_05_08_flight_Fixed Wing_N550ND_after_0_189675,open_2017_05_08_close_2017_05_08_flight_Fixed Wing_N550ND_after_0_189675,1067,VSpd,0.6937262699381437,VSpdG,0.21228250726908848,E1_RPM,0.037270974558695436,AltB,0.02700795257876445,TRK,0.011883499134656297
open_2017_05_08_close_2017_05_08_flight_Fixed Wing_N550ND_after_0_189675,open_2017_05_08_close_2017_05_08_flight_Fixed Wing_N550ND_after_0_189675,1068,VSpdG,0.7787408805097732,VSpd,0.1371454714595358,Roll,0.028398809746671527,HDG,0.0178111001895502,TAS,0.009895055660861159
open_2017_05_08_close_2017_05_08_flight_Fixed Wing_N550ND_after_0_189675,open_2017_05_08_close_2017_05_08_flight_Fixed Wing_N550ND_after_0_189675,1069,VSpdG,0.5994519128936137,VSpd,0.29147147155000974,E1_RPM,0.049687190640913044,AltB,0.016028126013198227,HDG,0.014425313411878493
open_2017_05_08_close_2017_05_08_flight_Fixed Wing_N550ND_after_0_189675,open_2017_05_08_close_2017_05_08_flight_Fixed Wing_N550ND_after_0_189675,1070,VSpd,0.5809787431038025,VSpdG,0.3029947930088101,E1_RPM,0.041868371397583065,AltB,0.03305397741914294,TAS,0.011017992473047647
open_2017_05_08_close_2017_05_08_flight_Fixed Wing_N550ND_after_0_189675,open_2017_05_08_close_2017_05_08_flight_Fixed Wing_N550ND_after_0_189675,1071,VSpd,0.5049318242027829,VSpdG,0.44307370198276735,E1_RPM,0.017219605757180213,AltB,0.006622925291222232,TAS,0.006622925291222232
open_2017_05_08_close_2017_05_08_flight_Fixed Wing_N550ND_after_0_189675,open_2017_05_08_close_2017_05_08_flight_Fixed Wing_N550ND_after_0_189675,1072,VSpd,0.839070555168024,AltB,0.057725385999940496,VSpdG,0.05067006104439207,E1_RPM,0.03591801795552087,Roll,0.003912498384440411
open_2017_05_08_close_2017_05_08_flight_Fixed Wing_N550ND_after_0_189675,open_2017_05_08_close_2017_05_08_flight_Fixed Wing_N550ND_after_0_189675,1073,VSpd,0.6240412083824949,VSpdG,0.3142754956397841,AltB,0.01879076207113806,E1_RPM,0.018320993019360035,E1_EGT4,0.004509782897073305
open_2017_05_08_close_2017_05_08_flight_Fixed Wing_N550ND_after_0_189675,open_2017_05_08_close_2017_05_08_flight_Fixed Wing_N550ND_after_0_189675,1074,VSpdG,0.6966635214966702,VSpd,0.16693059314389963,E1_RPM,0.042740093343354005,TRK,0.020148901147581243,HDG,0.01953832838553319
open_2017_05_08_close_2017_05_08_flight_Fixed Wing_N550ND_after_0_189675,open_2017_05_08_close_2017_05_08_flight_Fixed Wing_N550ND_after_0_189675,1075,VSpdG,0.5027732924590208,VSpd,0.3898435297488544,AltB,0.03329624453370998,TRK,0.017203059675750282,HDG,0.014983310040169428
open_2017_05_08_close_2017_05_08_flight_Fixed Wing_N550ND_after_0_189675,open_2017_05_08_close_2017_05_08_flight_Fixed Wing_N550ND_after_0_189675,1076,TRK,0.6109518261869205,VSpd,0.275553139426474,VSpdG,0.06744606879171942,E1_RPM,0.023794425284388483,AltB,0.008559145785751197
open_2017_05_08_close_2017_05_08_flight_Fixed Wing_N550ND_after_0_189675,open_2017_05_08_close_2017_05_08_flight_Fixed Wing_N550ND_after_0_189675,1077,VSpd,0.5077805180982108,VSpdG,0.34169217146302094,TRK,0.043252173602914036,HDG,0.03315999976223409,AltB,0.02883478240194269
open_2017_05_08_close_2017_05_08_flight_Fixed Wing_N550ND_after_0_189675,open_2017_05_08_close_2017_05_08_flight_Fixed Wing_N550ND_after_0_189675,1078,VSpd,0.5641525117933928,VSpdG,0.1467019369047994,E1_RPM,0.08542138098254813,TRK,0.0631375424653567,HDG,0.05385260974986308
open_2017_05_08_close_2017_05_08_flight_Fixed Wing_N550ND_after_0_189675,open_2017_05_08_close_2017_05_08_flight_Fixed Wing_N550ND_after_0_189675,1079,VSpd,0.761302799432425,VSpdG,0.08574504115727381,AltB,0.05223048192321251,E1_RPM,0.03830235341035663,TRK,0.016104398592990534
open_2017_05_08_close_2017_05_08_flight_Fixed Wing_N550ND_after_0_189675,open_2017_05_08_close_2017_05_08_flight_Fixed Wing_N550ND_after_0_189675,1080,VSpd,0.7232800273793637,VSpdG,0.10752049908974835,AltB,0.06003682690290521,E1_RPM,0.04802946152232516,TRK,0.01964841607731448
open_2017_05_08_close_2017_05_08_flight_Fixed Wing_N550ND_after_0_189675,open_2017_05_08_close_2017_05_08_flight_Fixed Wing_N550ND_after_0_189675,1081,VSpdG,0.5661763980944429,VSpd,0.295711558033433,E1_RPM,0.07998960149678493,TRK,0.018747562850809366,HDG,0.014998050280647438
open_2017_05_08_close_2017_05_08_flight_Fixed Wing_N550ND_after_0_189675,open_2017_05_08_close_2017_05_08_flight_Fixed Wing_N550ND_after_0_189675,1082,VSpdG,0.4657506544851636,VSpd,0.35859064427540877,E1_RPM,0.06537943679270344,AltB,0.031133065139382594,TRK,0.020547822991992582
open_2017_05_08_close_2017_05_08_flight_Fixed Wing_N550ND_after_0_189675,open_2017_05_08_close_2017_05_08_flight_Fixed Wing_N550ND_after_0_189675,1083,VSpd,0.4908806409366695,VSpdG,0.2749250342908296,AltB,0.09961051967059034,HDG,0.03386757668800077,E1_RPM,0.029883155901177103
open_2017_05_08_close_2017_05_08_flight_Fixed Wing_N550ND_after_0_189675,open_2017_05_08_close_2017_05_08_flight_Fixed Wing_N550ND_after_0_189675,1084,VSpdG,0.5092718829992303,VSpd,0.4508220385143245,E1_RPM,0.008557518940589225,HDG,0.007761470667045696,TRK,0.006368386188345178
open_2017_05_08_close_2017_05_08_flight_Fixed Wing_N550ND_after_0_189675,open_2017_05_08_close_2017_05_08_flight_Fixed Wing_N550ND_after_0_189675,1085,VSpdG,0.4907138160133959,VSpd,0.42176458865643346,AltB,0.04592241593708253,E1_RPM,0.013120690267737867,TAS,0.006560345133868934
open_2017_05_08_close_2017_05_08_flight_Fixed Wing_N550ND_after_0_189675,open_2017_05_08_close_2017_05_08_flight_Fixed Wing_N550ND_after_0_189675,1086,VSpdG,0.5517925050833865,VSpd,0.3909495627176436,AltB,0.01829146425690784,E1_RPM,0.016462317831215947,E1_OilP,0.004816752254319102
open_2017_05_08_close_2017_05_08_flight_Fixed Wing_N550ND_after_0_189675,open_2017_05_08_close_2017_05_08_flight_Fixed Wing_N550ND_after_0_189675,1087,VSpdG,0.47679775440681504,VSpd,0.4594790915785854,AltB,0.02850808696004873,E1_RPM,0.021381065220036546,HDG,0.002138106522003533
open_2017_05_08_close_2017_05_08_flight_Fixed Wing_N550ND_after_0_189675,open_2017_05_08_close_2017_05_08_flight_Fixed Wing_N550ND_after_0_189675,1088,VSpdG,0.6774193402378291,VSpd,0.22558593263779209,Roll,0.036781753239475884,HDG,0.01587701578682397,AltB,0.0132308464890201
open_2017_05_08_close_2017_05_08_flight_Fixed Wing_N550ND_after_0_189675,open_2017_05_08_close_2017_05_08_flight_Fixed Wing_N550ND_after_0_189675,1089,VSpdG,0.8512627430732294,VSpd,0.07949476649726968,E1_RPM,0.03067160503689676,AltB,0.010056263946523678,Roll,0.007994729837486324
open_2017_05_08_close_2017_05_08_flight_Fixed Wing_N550ND_after_0_189675,open_2017_05_08_close_2017_05_08_flight_Fixed Wing_N550ND_after_0_189675,1090,VSpd,0.6195210535093411,VSpdG,0.25074081397394005,E1_RPM,0.062685203493486,AltB,0.04249844304643053,E1_EGT4,0.005949782026499695
open_2017_05_08_close_2017_05_08_flight_Fixed Wing_N550ND_after_0_189675,open_2017_05_08_close_2017_05_08_flight_Fixed Wing_N550ND_after_0_189675,1091,VSpdG,0.46983038787628223,VSpd,0.46192530515963365,E1_RPM,0.029084738297103865,AltB,0.014915250408770866,TAS,0.007457625204385433
open_2017_05_08_close_2017_05_08_flight_Fixed Wing_N550ND_after_0_189675,open_2017_05_08_close_2017_05_08_flight_Fixed Wing_N550ND_after_0_189675,1092,VSpd,0.5077107778924558,VSpdG,0.40459140159587903,E1_RPM,0.03257303656916131,Roll,0.020572444148943,AltB,0.0171437034574525
open_2017_05_08_close_2017_05_08_flight_Fixed Wing_N550ND_after_0_189675,open_2017_05_08_close_2017_05_08_flight_Fixed Wing_N550ND_after_0_189675,1093,VSpdG,0.5741265259537081,VSpd,0.3745513128164153,E1_RPM,0.022081789459758003,Roll,0.010775913256361905,HDG,0.005299629470341871
open_2017_05_08_close_2017_05_08_flight_Fixed Wing_N550ND_after_0_189675,open_2017_05_08_close_2017_05_08_flight_Fixed Wing_N550ND_after_0_189675,1094,VSpdG,0.6696436944133487,VSpd,0.2849654068108599,E1_RPM,0.013006027929343234,AltB,0.010004636868725332,TRK,0.007670221599356125
open_2017_05_08_close_2017_05_08_flight_Fixed Wing_N550ND_after_0_189675,open_2017_05_08_close_2017_05_08_flight_Fixed Wing_N550ND_after_0_189675,1095,VSpdG,0.7566308401106289,VSpd,0.15304708729455335,HPLfd,0.025813789086412662,E1_RPM,0.0220851306628192,AltB,0.01147279514951674
open_2017_05_08_close_2017_05_08_flight_Fixed Wing_N550ND_after_0_189675,open_2017_05_08_close_2017_05_08_flight_Fixed Wing_N550ND_after_0_189675,1096,VSpd,0.2852602729442704,VSpdG,0.1523993239017324,E1_RPM,0.10941489921150793,HDG,0.08987652435230357,HPLfd,0.0781534994367863
open_2017_05_08_close_2017_05_08_flight_Fixed Wing_N550ND_after_0_189675,open_2017_05_08_close_2017_05_08_flight_Fixed Wing_N550ND_after_0_189675,1097,VSpdG,0.37458001747643677,VSpd,0.34020400321435895,AltB,0.07112278812843745,TRK,0.054527470898468974,HDG,0.0545274708984683
open_2017_05_08_close_2017_05_08_flight_Fixed Wing_N550ND_after_0_189675,open_2017_05_08_close_2017_05_08_flight_Fixed Wing_N550ND_after_0_189675,1098,VSpdG,0.5222233176823676,VSpd,0.4420544811403432,AltB,0.01233841270365901,TRK,0.007711507939786881,HDG,0.005552285716646502
open_2017_05_08_close_2017_05_08_flight_Fixed Wing_N550ND_after_0_189675,open_2017_05_08_close_2017_05_08_flight_Fixed Wing_N550ND_after_0_189675,1099,VSpd,0.677916964310343,VSpdG,0.09808688677750432,E1_RPM,0.09312046213054168,TRK,0.03104015404351389,TAS,0.024832123234811113
open_2017_05_08_close_2017_05_08_flight_Fixed Wing_N550ND_after_0_189675,open_2017_05_08_close_2017_05_08_flight_Fixed Wing_N550ND_after_0_189675,1100,VSpdG,0.5591203636269566,VSpd,0.2512323181665987,AltB,0.060847439814299964,E1_RPM,0.05138228250985268,TRK,0.020282479938099986
open_2017_05_08_close_2017_05_08_flight_Fixed Wing_N550ND_after_0_189675,open_2017_05_08_close_2017_05_08_flight_Fixed Wing_N550ND_after_0_189675,1101,VSpdG,0.6596697215623505,VSpd,0.2427412112677147,E1_RPM,0.03066003063180177,AltB,0.023953148931094792,TRK,0.012455637444169264
open_2017_05_08_close_2017_05_08_flight_Fixed Wing_N550ND_after_0_189675,open_2017_05_08_close_2017_05_08_flight_Fixed Wing_N550ND_after_0_189675,1102,VSpd,0.7685870394565366,VSpdG,0.1784401003987973,AltB,0.023734475264652603,HDG,0.008630718278055553,E1_RPM,0.005394198923784683
open_2017_05_08_close_2017_05_08_flight_Fixed Wing_N550ND_after_0_189675,open_2017_05_08_close_2017_05_08_flight_Fixed Wing_N550ND_after_0_189675,1103,VSpdG,0.681443472672567,VSpd,0.11014974341856551,E1_RPM,0.06407602802742232,HDG,0.04170027220832092,TRK,0.030512394298771655
open_2017_05_08_close_2017_05_08_flight_Fixed Wing_N550ND_after_0_189675,open_2017_05_08_close_2017_05_08_flight_Fixed Wing_N550ND_after_0_189675,1104,HAL,0.9081667583746224,VSpdG,0.06068459974941535,VSpd,0.02046178190165044,E1_RPM,0.0032234313954654166,TRK,0.002943133013251123
open_2017_05_08_close_2017_05_08_flight_Fixed Wing_N550ND_after_0_189675,open_2017_05_08_close_2017_05_08_flight_Fixed Wing_N550ND_after_0_189675,1105,VSpd,0.7068585563883752,VSpdG,0.13506851395956226,AltB,0.05383165411431825,E1_RPM,0.040129051248856754,TRK,0.026915827057159124
open_2017_05_08_close_2017_05_08_flight_Fixed Wing_N550ND_after_0_189675,open_2017_05_08_close_2017_05_08_flight_Fixed Wing_N550ND_after_0_189675,1106,VSpd,0.6973608929999372,VSpdG,0.25983538703255804,TRK,0.015147354401001052,HDG,0.012040204780283045,AltB,0.007767874051795457
open_2017_05_08_close_2017_05_08_flight_Fixed Wing_N550ND_after_0_189675,open_2017_05_08_close_2017_05_08_flight_Fixed Wing_N550ND_after_0_189675,1107,VSpdG,0.48417449383926825,VSpd,0.3817486655813537,Roll,0.034216488479172295,E1_RPM,0.02236371796024333,AltB,0.02236371796024333
open_2017_05_08_close_2017_05_08_flight_Fixed Wing_N550ND_after_0_189675,open_2017_05_08_close_2017_05_08_flight_Fixed Wing_N550ND_after_0_189675,1108,VSpdG,0.44768140774660625,VSpd,0.2751224540447388,E1_RPM,0.164391094299563,AltB,0.020678125069127303,TAS,0.020678125069127303
open_2017_05_08_close_2017_05_08_flight_Fixed Wing_N550ND_after_0_189675,open_2017_05_08_close_2017_05_08_flight_Fixed Wing_N550ND_after_0_189675,1109,VSpdG,0.4522757107205162,VSpd,0.4164386099134246,E1_RPM,0.026829915042744235,HDG,0.022997070036636202,E1_EGT4,0.02203885878510729
open_2017_05_08_close_2017_05_08_flight_Fixed Wing_N550ND_after_0_189675,open_2017_05_08_close_2017_05_08_flight_Fixed Wing_N550ND_after_0_189675,1110,VSpdG,0.5880852156628693,VSpd,0.2311311661558717,AltB,0.049732364960919165,E1_RPM,0.049732364960919165,HDG,0.022379564232413766
open_2017_05_08_close_2017_05_08_flight_Fixed Wing_N550ND_after_0_189675,open_2017_05_08_close_2017_05_08_flight_Fixed Wing_N550ND_after_0_189675,1111,VSpd,0.6829155700599869,VSpdG,0.2728227224170774,AltB,0.016514692640258923,E1_RPM,0.006605877056103569,HDG,0.00528470164488293
open_2017_05_08_close_2017_05_08_flight_Fixed Wing_N550ND_after_0_189675,open_2017_05_08_close_2017_05_08_flight_Fixed Wing_N550ND_after_0_189675,1112,VSpd,0.658768410210548,VSpdG,0.2028405389363524,AltB,0.051482370288414195,E1_RPM,0.026770832549974446,TAS,0.01029647405768284
open_2017_05_08_close_2017_05_08_flight_Fixed Wing_N550ND_after_0_189675,open_2017_05_08_close_2017_05_08_flight_Fixed Wing_N550ND_after_0_189675,1113,VSpd,0.5704853489940266,VSpdG,0.3785232538655809,E1_RPM,0.01235807479367593,Roll,0.010435707603549269,AltB,0.009154129476797602
open_2017_05_08_close_2017_05_08_flight_Fixed Wing_N550ND_after_0_189675,open_2017_05_08_close_2017_05_08_flight_Fixed Wing_N550ND_after_0_189675,1114,VSpdG,0.5510917016797148,VSpd,0.3445059889110087,AltB,0.05157275283098934,E1_RPM,0.021365854744267682,E1_EGT2,0.007514886841086884
open_2017_05_08_close_2017_05_08_flight_Fixed Wing_N550ND_after_0_189675,open_2017_05_08_close_2017_05_08_flight_Fixed Wing_N550ND_after_0_189675,1115,VSpdG,0.76455988706185,VSpd,0.14314260107769067,E1_RPM,0.03519402654729262,AltB,0.024271742446407937,Roll,0.011347039593695709
open_2017_05_08_close_2017_05_08_flight_Fixed Wing_N550ND_after_0_189675,open_2017_05_08_close_2017_05_08_flight_Fixed Wing_N550ND_after_0_189675,1116,VSpdG,0.6307780972819425,VSpd,0.28295607902510583,E1_RPM,0.05487707786714902,Roll,0.010790436659270763,HDG,0.0055493674247676815
open_2017_05_08_close_2017_05_08_flight_Fixed Wing_N550ND_after_0_189675,open_2017_05_08_close_2017_05_08_flight_Fixed Wing_N550ND_after_0_189675,1117,VSpdG,0.5802105284176947,VSpd,0.28936848893466627,AltB,0.036838763709059974,Roll,0.03204972442688218,E1_RPM,0.022103258225432635
open_2017_05_08_close_2017_05_08_flight_Fixed Wing_N550ND_after_0_189675,open_2017_05_08_close_2017_05_08_flight_Fixed Wing_N550ND_after_0_189675,1118,VSpd,0.6478561766433752,VSpdG,0.27175559976014135,AltB,0.03439944300761284,E1_RPM,0.013759777203048267,TAS,0.011466481002537615
open_2017_05_08_close_2017_05_08_flight_Fixed Wing_N550ND_after_0_189675,open_2017_05_08_close_2017_05_08_flight_Fixed Wing_N550ND_after_0_189675,1119,VSpd,0.9034165002571657,AltB,0.0427652781186824,VSpdG,0.028510185412454935,E1_EGT4,0.00506055791071101,HDG,0.004989282447179532
open_2017_05_08_close_2017_05_08_flight_Fixed Wing_N550ND_after_0_189675,open_2017_05_08_close_2017_05_08_flight_Fixed Wing_N550ND_after_0_189675,1120,VSpdG,0.6613681000444513,VSpd,0.30464172645234605,E1_RPM,0.012219272056251304,AltB,0.007637045035155329,TRK,0.0030548180140619577
open_2017_05_08_close_2017_05_08_flight_Fixed Wing_N550ND_after_0_189675,open_2017_05_08_close_2017_05_08_flight_Fixed Wing_N550ND_after_0_189675,1121,VSpdG,0.6561767357485483,E1_RPM,0.20518542371819967,VSpd,0.10342595215846172,AltB,0.010415503742040448,E1_EGT2,0.009686418480095911
open_2017_05_08_close_2017_05_08_flight_Fixed Wing_N550ND_after_0_189675,open_2017_05_08_close_2017_05_08_flight_Fixed Wing_N550ND_after_0_189675,1122,VSpd,0.38650805065886873,E1_RPM,0.3091624316400278,VSpdG,0.1738351039114754,Roll,0.047309553596161,TAS,0.03300666529964721
open_2017_05_08_close_2017_05_08_flight_Fixed Wing_N550ND_after_0_189675,open_2017_05_08_close_2017_05_08_flight_Fixed Wing_N550ND_after_0_189675,1123,VSpdG,0.552634739251588,VSpd,0.36134158319753445,E1_RPM,0.0430330329745089,AltB,0.018119171778740593,TAS,0.009059585889370296
open_2017_05_08_close_2017_05_08_flight_Fixed Wing_N550ND_after_0_189675,open_2017_05_08_close_2017_05_08_flight_Fixed Wing_N550ND_after_0_189675,1124,VSpdG,0.39254353175658085,E1_RPM,0.24450804732295206,VSpd,0.17764258132035105,Roll,0.03792369713580527,AltB,0.033266400996320424
open_2017_05_08_close_2017_05_08_flight_Fixed Wing_N550ND_after_0_189675,open_2017_05_08_close_2017_05_08_flight_Fixed Wing_N550ND_after_0_189675,1125,VSpd,0.8138732458888933,E1_RPM,0.05898853511309021,AltB,0.04494364580044968,VSpdG,0.044381850227943935,Roll,0.016629148946166385
open_2017_05_08_close_2017_05_08_flight_Fixed Wing_N550ND_after_0_189675,open_2017_05_08_close_2017_05_08_flight_Fixed Wing_N550ND_after_0_189675,1126,VSpd,0.7079648302003492,VSpdG,0.17799835761046987,AltB,0.03288653258392052,E1_RPM,0.021787327836846223,Roll,0.016607698954879867
open_2017_05_08_close_2017_05_08_flight_Fixed Wing_N550ND_after_0_189675,open_2017_05_08_close_2017_05_08_flight_Fixed Wing_N550ND_after_0_189675,1127,VSpdG,0.4577589600743283,VSpd,0.407478134618545,AltB,0.04359609143565032,E1_RPM,0.036814477212326495,HDG,0.01792283759021174
open_2017_05_08_close_2017_05_08_flight_Fixed Wing_N550ND_after_0_189675,open_2017_05_08_close_2017_05_08_flight_Fixed Wing_N550ND_after_0_189675,1128,VSpd,0.5942678604307389,VSpdG,0.37191681278638106,TRK,0.008716800299680725,HDG,0.005448000187300505,AltB,0.003632000124867003
open_2017_05_08_close_2017_05_08_flight_Fixed Wing_N550ND_after_0_189675,open_2017_05_08_close_2017_05_08_flight_Fixed Wing_N550ND_after_0_189675,1129,HDG,0.672200397880051,VSpd,0.19102962410835425,VSpdG,0.10348768349592294,E1_RPM,0.013522891491299932,AltB,0.0075127174951668185
open_2017_05_08_close_2017_05_08_flight_Fixed Wing_N550ND_after_0_189675,open_2017_05_08_close_2017_05_08_flight_Fixed Wing_N550ND_after_0_189675,1130,VSpd,0.6510252993280158,VSpdG,0.2571481975633833,AltB,0.038055758624602185,TRK,0.014134996060566533,HDG,0.01087307389274348
open_2017_05_08_close_2017_05_08_flight_Fixed Wing_N550ND_after_0_189675,open_2017_05_08_close_2017_05_08_flight_Fixed Wing_N550ND_after_0_189675,1131,VSpd,0.6600686939772881,VSpdG,0.16508683038477967,AltB,0.06269120141194168,E1_RPM,0.04667011660666643,HDG,0.019503929328159638
open_2017_05_08_close_2017_05_08_flight_Fixed Wing_N550ND_after_0_189675,open_2017_05_08_close_2017_05_08_flight_Fixed Wing_N550ND_after_0_189675,1132,VSpdG,0.8345639657474915,VSpd,0.062012183456788675,E1_RPM,0.035206917059337,AltB,0.02800550220629166,TRK,0.010402043676622622
open_2017_05_08_close_2017_05_08_flight_Fixed Wing_N550ND_after_0_189675,open_2017_05_08_close_2017_05_08_flight_Fixed Wing_N550ND_after_0_189675,1133,VSpdG,0.4785783952631285,VSpd,0.44669006786688814,AltB,0.030418118342995442,TRK,0.01216724733719817,E1_RPM,0.011153310059099713
open_2017_05_08_close_2017_05_08_flight_Fixed Wing_N550ND_after_0_189675,open_2017_05_08_close_2017_05_08_flight_Fixed Wing_N550ND_after_0_189675,1134,VSpd,0.6657730946240206,VSpdG,0.25245961704986686,AltB,0.02852651040111491,E1_RPM,0.016046162100627134,HDG,0.011054022780432007
open_2017_05_08_close_2017_05_08_flight_Fixed Wing_N550ND_after_0_189675,open_2017_05_08_close_2017_05_08_flight_Fixed Wing_N550ND_after_0_189675,1135,VSpdG,0.8267177795040772,VSpd,0.07806269505832428,E1_RPM,0.029754838923575996,TRK,0.015169133568882118,HDG,0.013418848926318809
open_2017_05_08_close_2017_05_08_flight_Fixed Wing_N550ND_after_0_189675,open_2017_05_08_close_2017_05_08_flight_Fixed Wing_N550ND_after_0_189675,1136,VSpdG,0.5863182245933406,VSpd,0.32079273699293237,E1_RPM,0.030887883892028734,HDG,0.01820178872208872,AltB,0.016547080656444235
open_2017_05_08_close_2017_05_08_flight_Fixed Wing_N550ND_after_0_189675,open_2017_05_08_close_2017_05_08_flight_Fixed Wing_N550ND_after_0_189675,1137,VSpdG,0.5211921824669083,VSpd,0.39550662927903335,AltB,0.031139189393093854,E1_RPM,0.0182942737684437,TRK,0.00817403721568717
open_2017_05_08_close_2017_05_08_flight_Fixed Wing_N550ND_after_0_189675,open_2017_05_08_close_2017_05_08_flight_Fixed Wing_N550ND_after_0_189675,1138,VSpd,0.8167794486740805,VSpdG,0.07107547580192361,E1_RPM,0.027162602217295655,HDG,0.02263550184774638,TRK,0.017655691441242138
open_2017_05_08_close_2017_05_08_flight_Fixed Wing_N550ND_after_0_189675,open_2017_05_08_close_2017_05_08_flight_Fixed Wing_N550ND_after_0_189675,1139,VSpdG,0.6515143146967806,VSpd,0.14505725836124245,AltB,0.06631188953656797,E1_RPM,0.0530495116292589,HDG,0.02652475581462733
open_2017_05_08_close_2017_05_08_flight_Fixed Wing_N550ND_after_0_189675,open_2017_05_08_close_2017_05_08_flight_Fixed Wing_N550ND_after_0_189675,1140,VSpd,0.7532775256457235,VSpdG,0.18654248938354615,AltB,0.02743271902699208,E1_RPM,0.015960854706612668,TAS,0.004987767095816741
open_2017_05_08_close_2017_05_08_flight_Fixed Wing_N550ND_after_0_189675,open_2017_05_08_close_2017_05_08_flight_Fixed Wing_N550ND_after_0_189675,1141,VSpdG,0.6739294441972214,VSpd,0.25558377496475776,E1_RPM,0.03215152862650856,AltB,0.029228662387735742,HDG,0.0020877615991239814
open_2017_05_08_close_2017_05_08_flight_Fixed Wing_N550ND_after_0_189675,open_2017_05_08_close_2017_05_08_flight_Fixed Wing_N550ND_after_0_189675,1142,VSpdG,0.5494243017898663,VSpd,0.3889139164812554,AltB,0.02180255165832803,Roll,0.014258868784546531,E1_RPM,0.009593122729665523
open_2017_05_08_close_2017_05_08_flight_Fixed Wing_N550ND_after_0_189675,open_2017_05_08_close_2017_05_08_flight_Fixed Wing_N550ND_after_0_189675,1143,VSpdG,0.5799969965008168,VSpd,0.3677875691059626,E1_RPM,0.013684139663358177,TRK,0.009473635151556052,HDG,0.0089473220875806
open_2017_05_08_close_2017_05_08_flight_Fixed Wing_N550ND_after_0_189675,open_2017_05_08_close_2017_05_08_flight_Fixed Wing_N550ND_after_0_189675,1144,VSpdG,0.6195935785542127,HDG,0.09411548028671646,TRK,0.06535797242133046,AltB,0.052286377937064366,Roll,0.02771178030664408
open_2017_05_08_close_2017_05_08_flight_Fixed Wing_N550ND_after_0_189675,open_2017_05_08_close_2017_05_08_flight_Fixed Wing_N550ND_after_0_189675,1145,VSpdG,0.6275882686124253,VSpd,0.24848413562134253,E1_EGT2,0.04349747959285266,AltB,0.03188964779534682,HDG,0.01403144502995253
open_2017_05_08_close_2017_05_08_flight_Fixed Wing_N550ND_after_0_189675,open_2017_05_08_close_2017_05_08_flight_Fixed Wing_N550ND_after_0_189675,1146,VSpdG,0.5128980371536023,AltB,0.16334332393426806,E1_RPM,0.13394152562609685,E1_EGT2,0.060600373179614045,HDG,0.0343020980261962
open_2017_05_08_close_2017_05_08_flight_Fixed Wing_N550ND_after_0_189675,open_2017_05_08_close_2017_05_08_flight_Fixed Wing_N550ND_after_0_189675,1147,VSpdG,0.5007640434362374,VSpd,0.4431973772952135,AltB,0.01648799766723265,TRK,0.00847954165743392,HDG,0.008008456009798728
open_2017_05_08_close_2017_05_08_flight_Fixed Wing_N550ND_after_0_189675,open_2017_05_08_close_2017_05_08_flight_Fixed Wing_N550ND_after_0_189675,1148,VSpdG,0.31776940474346194,VSpd,0.28719918352763557,AltB,0.08044795056796498,TRK,0.06838075798276978,E1_RPM,0.05229116786918456
open_2017_05_08_close_2017_05_08_flight_Fixed Wing_N550ND_after_0_189675,open_2017_05_08_close_2017_05_08_flight_Fixed Wing_N550ND_after_0_189675,1149,VSpd,0.8268571565613566,VSpdG,0.07531132268832916,AltB,0.030583278249067695,E1_RPM,0.01873225792755431,HDG,0.009557274452833655
open_2017_05_08_close_2017_05_08_flight_Fixed Wing_N550ND_after_0_189675,open_2017_05_08_close_2017_05_08_flight_Fixed Wing_N550ND_after_0_189675,1150,VSpd,0.4683377989340779,VSpdG,0.35577592451215323,AltB,0.0502508367955019,E1_EGT2,0.02783896358470787,TRK,0.02512541839775095
open_2017_05_08_close_2017_05_08_flight_Fixed Wing_N550ND_after_0_189675,open_2017_05_08_close_2017_05_08_flight_Fixed Wing_N550ND_after_0_189675,1151,VSpdG,0.4531494345575961,VSpd,0.3209559823879715,E1_RPM,0.15389176469924007,AltB,0.02770904350540332,E1_EGT2,0.016604111454391605
open_2017_05_08_close_2017_05_08_flight_Fixed Wing_N550ND_after_0_189675,open_2017_05_08_close_2017_05_08_flight_Fixed Wing_N550ND_after_0_189675,1152,VSpd,0.8420563885141007,VSpdG,0.05381640214595443,E1_RPM,0.042235657380369426,Roll,0.013420039522472114,E1_EGT2,0.012227904031897684
open_2017_05_08_close_2017_05_08_flight_Fixed Wing_N550ND_after_0_189675,open_2017_05_08_close_2017_05_08_flight_Fixed Wing_N550ND_after_0_189675,1153,VSpd,0.5842038609957729,AltB,0.12357253304705111,VSpdG,0.11592280481080536,E1_RPM,0.08179324806447721,Roll,0.030540068881628333
open_2017_05_08_close_2017_05_08_flight_Fixed Wing_N550ND_after_0_189675,open_2017_05_08_close_2017_05_08_flight_Fixed Wing_N550ND_after_0_189675,1154,VSpd,0.6018018049284901,VSpdG,0.1681607101503365,AltB,0.09609183437162086,E1_RPM,0.05605357005011217,TRK,0.01868452335003739
open_2017_05_08_close_2017_05_08_flight_Fixed Wing_N550ND_after_0_189675,open_2017_05_08_close_2017_05_08_flight_Fixed Wing_N550ND_after_0_189675,1155,E1_RPM,0.3613336987489494,E1_EGT2,0.30965203032182714,E1_EGT4,0.11085279897376836,AltB,0.09197585059064166,VSpdG,0.05211964866803068
open_2017_05_08_close_2017_05_08_flight_Fixed Wing_N550ND_after_0_189675,open_2017_05_08_close_2017_05_08_flight_Fixed Wing_N550ND_after_0_189675,1156,VSpd,0.6120110176410486,VSpdG,0.2424004796054457,AltB,0.05621656622544843,E1_EGT2,0.053793899919066086,E1_EGT4,0.01960887369530535
open_2017_05_08_close_2017_05_08_flight_Fixed Wing_N550ND_after_0_189675,open_2017_05_08_close_2017_05_08_flight_Fixed Wing_N550ND_after_0_189675,1157,VSpd,0.5821588686635211,VSpdG,0.34728735227562535,E1_EGT2,0.029282880119604858,AltB,0.015211885776418108,E1_EGT4,0.01242811067933336
open_2017_05_08_close_2017_05_08_flight_Fixed Wing_N550ND_after_0_189675,open_2017_05_08_close_2017_05_08_flight_Fixed Wing_N550ND_after_0_189675,1158,VSpd,0.5119969720832724,VSpdG,0.20824108146342402,E1_EGT4,0.08846574575004655,AltB,0.08811329257972796,E1_RPM,0.04758117799305323
open_2017_05_08_close_2017_05_08_flight_Fixed Wing_N550ND_after_0_189675,open_2017_05_08_close_2017_05_08_flight_Fixed Wing_N550ND_after_0_189675,1159,VSpd,0.6968461370725663,VSpdG,0.13929405284631044,AltB,0.07296355149092452,E1_EGT4,0.032391394828547,E1_RPM,0.022110167118461976
open_2017_05_08_close_2017_05_08_flight_Fixed Wing_N550ND_after_0_189675,open_2017_05_08_close_2017_05_08_flight_Fixed Wing_N550ND_after_0_189675,1160,VSpdG,0.4113600432958094,AltB,0.23750579866963614,VSpd,0.10478755837304538,E1_EGT4,0.06726164218324135,E1_RPM,0.06270153084878308
open_2017_05_08_close_2017_05_08_flight_Fixed Wing_N550ND_after_0_189675,open_2017_05_08_close_2017_05_08_flight_Fixed Wing_N550ND_after_0_189675,1161,VSpdG,0.30084567496352216,VSpd,0.26381199610181433,AltB,0.1525414689955887,E1_RPM,0.11355864914116125,E1_EGT4,0.05008444898688469
open_2017_05_08_close_2017_05_08_flight_Fixed Wing_N550ND_after_0_189675,open_2017_05_08_close_2017_05_08_flight_Fixed Wing_N550ND_after_0_189675,1162,VSpdG,0.4485355873519664,VSpd,0.3416989651107363,AltB,0.09901447844414267,E1_RPM,0.03168463310212498,E1_EGT2,0.022377272128376154
open_2017_05_08_close_2017_05_08_flight_Fixed Wing_N550ND_after_0_189675,open_2017_05_08_close_2017_05_08_flight_Fixed Wing_N550ND_after_0_189675,1163,VSpd,0.653922650676114,VSpdG,0.19601868068692094,AltB,0.058480711365158734,E1_RPM,0.05588156863781825,E1_EGT2,0.009140318591146845
open_2017_05_08_close_2017_05_08_flight_Fixed Wing_N550ND_after_0_189675,open_2017_05_08_close_2017_05_08_flight_Fixed Wing_N550ND_after_0_189675,1164,VSpd,0.607924363191692,VSpdG,0.2568095645319499,E1_RPM,0.04960449646036559,AltB,0.017007255929268203,E1_EGT4,0.013634150169963187
open_2017_05_08_close_2017_05_08_flight_Fixed Wing_N550ND_after_0_189675,open_2017_05_08_close_2017_05_08_flight_Fixed Wing_N550ND_after_0_189675,1165,VSpd,0.6860277375046543,VSpdG,0.22013424517572255,AltB,0.04729446673697165,Roll,0.015048239416309162,TAS,0.006449245464132498
open_2017_05_08_close_2017_05_08_flight_Fixed Wing_N550ND_after_0_189675,open_2017_05_08_close_2017_05_08_flight_Fixed Wing_N550ND_after_0_189675,1166,VSpd,0.5717430051357334,VSpdG,0.220196902577034,AltB,0.07689415645547219,E1_EGT4,0.05562010650279156,E1_RPM,0.025398372889837467
open_2017_05_08_close_2017_05_08_flight_Fixed Wing_N550ND_after_0_189675,open_2017_05_08_close_2017_05_08_flight_Fixed Wing_N550ND_after_0_189675,1167,VSpdG,0.585715707514595,AltB,0.1580502702817161,VSpd,0.06833349921003629,E1_EGT4,0.054294916379131,E1_EGT2,0.029471726870178447
open_2017_05_08_close_2017_05_08_flight_Fixed Wing_N550ND_after_0_189675,open_2017_05_08_close_2017_05_08_flight_Fixed Wing_N550ND_after_0_189675,1168,VSpd,0.49895668451476377,VSpdG,0.3280554281405773,E1_RPM,0.08331566428967044,AltB,0.03124337410862641,E1_EGT2,0.013018072545261005
open_2017_05_08_close_2017_05_08_flight_Fixed Wing_N550ND_after_0_189675,open_2017_05_08_close_2017_05_08_flight_Fixed Wing_N550ND_after_0_189675,1169,VSpd,0.4364494751971594,VSpdG,0.32997621703197083,E1_EGT4,0.08591965481616326,E1_RPM,0.04054792497426725,AltB,0.027964086189150045
open_2017_05_08_close_2017_05_08_flight_Fixed Wing_N550ND_after_0_189675,open_2017_05_08_close_2017_05_08_flight_Fixed Wing_N550ND_after_0_189675,1170,VSpd,0.4756094620390303,VSpdG,0.26412392526622724,E1_EGT2,0.11728071543931577,E1_EGT4,0.07685130161416061,AltB,0.03541534636597262
open_2017_05_08_close_2017_05_08_flight_Fixed Wing_N550ND_after_0_189675,open_2017_05_08_close_2017_05_08_flight_Fixed Wing_N550ND_after_0_189675,1171,E1_RPM,0.35364909219289614,E1_EGT2,0.18078922201789246,VSpdG,0.16651638870069077,E1_EGT4,0.15478094797321337,VSpd,0.056879883886331147
open_2017_05_08_close_2017_05_08_flight_Fixed Wing_N550ND_after_0_189675,open_2017_05_08_close_2017_05_08_flight_Fixed Wing_N550ND_after_0_189675,1172,VSpd,0.6099482771534828,VSpdG,0.15076748620834463,E1_EGT4,0.06572628661432929,E1_EGT2,0.06273872813185935,E1_RPM,0.06218290329791203
open_2017_05_08_close_2017_05_08_flight_Fixed Wing_N550ND_after_0_189675,open_2017_05_08_close_2017_05_08_flight_Fixed Wing_N550ND_after_0_189675,1173,VSpdG,0.411672984587716,VSpd,0.2166749958141813,E1_RPM,0.1131387648174101,E1_EGT2,0.07406310738887728,E1_EGT4,0.05504818893216768
open_2017_05_08_close_2017_05_08_flight_Fixed Wing_N550ND_after_0_189675,open_2017_05_08_close_2017_05_08_flight_Fixed Wing_N550ND_after_0_189675,1174,E1_RPM,0.31703660165479985,VSpd,0.1517879148704815,VSpdG,0.13992118173591714,AltB,0.07084616796755268,E1_EGT2,0.05827097315331144
open_2017_05_08_close_2017_05_08_flight_Fixed Wing_N550ND_after_0_189675,open_2017_05_08_close_2017_05_08_flight_Fixed Wing_N550ND_after_0_189675,1175,VSpd,0.5662689957836686,VSpdG,0.35706571873229437,AltB,0.021481226394322518,E1_EGT2,0.017256585203439135,E1_RPM,0.010501932903891226
open_2017_05_08_close_2017_05_08_flight_Fixed Wing_N550ND_after_0_189675,open_2017_05_08_close_2017_05_08_flight_Fixed Wing_N550ND_after_0_189675,1176,VSpdG,0.5050119385448939,VSpd,0.4551048763828103,AltB,0.013202926497905724,E1_RPM,0.008204675752270029,HDG,0.004055184567213911
open_2017_05_08_close_2017_05_08_flight_Fixed Wing_N550ND_after_0_189675,open_2017_05_08_close_2017_05_08_flight_Fixed Wing_N550ND_after_0_189675,1177,VSpdG,0.8242768575024421,VSpd,0.054239075377211836,AltB,0.039272057795246056,E1_RPM,0.030108577643022372,HDG,0.012217973536298821
open_2017_05_08_close_2017_05_08_flight_Fixed Wing_N550ND_after_0_189675,open_2017_05_08_close_2017_05_08_flight_Fixed Wing_N550ND_after_0_189675,1178,VSpd,0.5898862888114753,VSpdG,0.29314540188588495,AltB,0.05182681138313988,E1_RPM,0.02558948812042414,Roll,0.011077980933146152
open_2017_05_08_close_2017_05_08_flight_Fixed Wing_N550ND_after_0_189675,open_2017_05_08_close_2017_05_08_flight_Fixed Wing_N550ND_after_0_189675,1179,VSpd,0.47035636617778653,VSpdG,0.4649699430704679,AltB,0.0208506700928461,Roll,0.011085606266029842,TRK,0.007992756868924379
open_2017_05_08_close_2017_05_08_flight_Fixed Wing_N550ND_after_0_189675,open_2017_05_08_close_2017_05_08_flight_Fixed Wing_N550ND_after_0_189675,1180,VSpd,0.9167369355474917,VSpdG,0.03634477285225519,AltB,0.02398386025783335,E1_EGT2,0.006254252790311693,Roll,0.0032285965731698742
open_2017_05_08_close_2017_05_08_flight_Fixed Wing_N550ND_after_0_189675,open_2017_05_08_close_2017_05_08_flight_Fixed Wing_N550ND_after_0_189675,1181,VSpdG,0.5607549427375494,VSpd,0.37181628279339696,E1_RPM,0.020639502817193768,AltB,0.014534861138868573,Roll,0.009055218489515121
open_2017_05_08_close_2017_05_08_flight_Fixed Wing_N550ND_after_0_189675,open_2017_05_08_close_2017_05_08_flight_Fixed Wing_N550ND_after_0_189675,1182,VSpd,0.5988869238415606,E1_RPM,0.18466283625102495,VSpdG,0.1525925397592503,AltB,0.04655365619773747,GndSpd,0.002948398225856708
open_2017_05_08_close_2017_05_08_flight_Fixed Wing_N550ND_after_0_189675,open_2017_05_08_close_2017_05_08_flight_Fixed Wing_N550ND_after_0_189675,1183,VSpd,0.7835116760510268,VSpdG,0.1783747608033362,E1_RPM,0.015098226428335592,AltB,0.006470668469286683,E1_EGT4,0.005780463832562907
open_2017_05_08_close_2017_05_08_flight_Fixed Wing_N550ND_after_0_189675,open_2017_05_08_close_2017_05_08_flight_Fixed Wing_N550ND_after_0_189675,1184,VSpd,0.6052136999098425,VSpdG,0.22624811211582896,E1_RPM,0.052727314264282184,AltB,0.04793392205843835,HDG,0.016776872720453424
open_2017_05_08_close_2017_05_08_flight_Fixed Wing_N550ND_after_0_189675,open_2017_05_08_close_2017_05_08_flight_Fixed Wing_N550ND_after_0_189675,1185,AltB,0.31019153508773506,E1_RPM,0.16285055592106268,VSpdG,0.15509576754386753,HDG,0.08918006633772427,Roll,0.07948658086623213
open_2017_05_08_close_2017_05_08_flight_Fixed Wing_N550ND_after_0_189675,open_2017_05_08_close_2017_05_08_flight_Fixed Wing_N550ND_after_0_189675,1186,VSpd,0.5545929165211246,VSpdG,0.30011636629696775,AltB,0.07606636012135132,E1_RPM,0.02627746986010444,HDG,0.008298148376874611
open_2017_05_08_close_2017_05_08_flight_Fixed Wing_N550ND_after_0_189675,open_2017_05_08_close_2017_05_08_flight_Fixed Wing_N550ND_after_0_189675,1187,VSpd,0.5427835340134352,VSpdG,0.42192677769663584,E1_RPM,0.009883471203055346,Roll,0.007363882065375134,HDG,0.004036910773078965
open_2017_05_08_close_2017_05_08_flight_Fixed Wing_N550ND_after_0_189675,open_2017_05_08_close_2017_05_08_flight_Fixed Wing_N550ND_after_0_189675,1188,VSpd,0.792014261782511,VSpdG,0.08065485116110342,AltB,0.05731816833784003,E1_RPM,0.05322401345656574,HDG,0.0024564929287646657
open_2017_05_08_close_2017_05_08_flight_Fixed Wing_N550ND_after_0_189675,open_2017_05_08_close_2017_05_08_flight_Fixed Wing_N550ND_after_0_189675,1189,VSpd,0.37183545590090444,VSpdG,0.2799067054355296,AltB,0.18471000866303994,E1_RPM,0.06251723370133788,HDG,0.024154385748243523
open_2017_05_08_close_2017_05_08_flight_Fixed Wing_N550ND_after_0_189675,open_2017_05_08_close_2017_05_08_flight_Fixed Wing_N550ND_after_0_189675,1190,VSpd,0.6905131598065072,VSpdG,0.127241041598742,AltB,0.08759347066580077,E1_RPM,0.03595942479964537,Roll,0.030565511079697846
open_2017_05_08_close_2017_05_08_flight_Fixed Wing_N550ND_after_0_189675,open_2017_05_08_close_2017_05_08_flight_Fixed Wing_N550ND_after_0_189675,1191,VSpdG,0.5813538194761788,VSpd,0.29720578564040995,AltB,0.05677283393322059,E1_RPM,0.02100594855529188,Roll,0.011751976624176663
open_2017_05_08_close_2017_05_08_flight_Fixed Wing_N550ND_after_0_189675,open_2017_05_08_close_2017_05_08_flight_Fixed Wing_N550ND_after_0_189675,1192,VSpd,0.7630281917518034,VSpdG,0.07697945386520569,E1_RPM,0.0607990591037298,AltB,0.024515749638600547,Roll,0.017651339739792393
open_2017_05_08_close_2017_05_08_flight_Fixed Wing_N550ND_after_0_189675,open_2017_05_08_close_2017_05_08_flight_Fixed Wing_N550ND_after_0_189675,1193,VSpdG,0.533900397230727,VSpd,0.40126099553241407,E1_RPM,0.024913249486844608,AltB,0.017344667364258704,HDG,0.0050457214150570594
open_2017_05_08_close_2017_05_08_flight_Fixed Wing_N550ND_after_0_189675,open_2017_05_08_close_2017_05_08_flight_Fixed Wing_N550ND_after_0_189675,1194,VSpdG,0.4291227279483011,VSpd,0.427603124754643,AltB,0.05285576325768144,E1_RPM,0.0515343691762391,Roll,0.007829259932544063
open_2017_05_08_close_2017_05_08_flight_Fixed Wing_N550ND_after_0_189675,open_2017_05_08_close_2017_05_08_flight_Fixed Wing_N550ND_after_0_189675,1195,VSpdG,0.49335609058732177,VSpd,0.42609621299353195,AltB,0.040110251267261934,E1_RPM,0.012283764450599194,Roll,0.009877149374563252
open_2017_05_08_close_2017_05_08_flight_Fixed Wing_N550ND_after_0_189675,open_2017_05_08_close_2017_05_08_flight_Fixed Wing_N550ND_after_0_189675,1196,VSpd,0.47863270031112615,VSpdG,0.3755854273430616,AltB,0.03978659187956161,Roll,0.033022871260036134,E1_RPM,0.027054882478100808
open_2017_05_08_close_2017_05_08_flight_Fixed Wing_N550ND_after_0_189675,open_2017_05_08_close_2017_05_08_flight_Fixed Wing_N550ND_after_0_189675,1197,VSpdG,0.6794642928380882,E1_RPM,0.10585856736245466,VSpd,0.05256000960903306,AltB,0.03692740721946132,HDG,0.025849185053623203
open_2017_05_08_close_2017_05_08_flight_Fixed Wing_N550ND_after_0_189675,open_2017_05_08_close_2017_05_08_flight_Fixed Wing_N550ND_after_0_189675,1198,VSpd,0.8701856830564,AltB,0.05969784811555586,E1_RPM,0.039400579756267005,VSpdG,0.011641080382533326,GndSpd,0.0031341370260666744
open_2017_05_08_close_2017_05_08_flight_Fixed Wing_N550ND_after_0_189675,open_2017_05_08_close_2017_05_08_flight_Fixed Wing_N550ND_after_0_189675,1199,VSpd,0.5580893781178056,VSpdG,0.38120224078017534,Roll,0.020997115295005597,AltB,0.01549602604797461,E1_RPM,0.006585811070390266
open_2017_05_08_close_2017_05_08_flight_Fixed Wing_N550ND_after_0_189675,open_2017_05_08_close_2017_05_08_flight_Fixed Wing_N550ND_after_0_189675,1200,VSpdG,0.5338322215938087,VSpd,0.39018118008448416,AltB,0.04068154101900322,HDG,0.006328239714067064,E1_RPM,0.004972188346766649
open_2017_05_08_close_2017_05_08_flight_Fixed Wing_N550ND_after_0_189675,open_2017_05_08_close_2017_05_08_flight_Fixed Wing_N550ND_after_0_189675,1201,VSpd,0.7078818538284262,VSpdG,0.20049219022323259,E1_RPM,0.04502578848233769,Roll,0.018052792551880057,TAS,0.008495431789120027
open_2017_05_08_close_2017_05_08_flight_Fixed Wing_N550ND_after_0_189675,open_2017_05_08_close_2017_05_08_flight_Fixed Wing_N550ND_after_0_189675,1202,VSpdG,0.6133201861326193,VSpd,0.23416893425401972,E1_RPM,0.06487872208737157,AltB,0.03892723325242294,Roll,0.013711036601131191
open_2017_05_08_close_2017_05_08_flight_Fixed Wing_N550ND_after_0_189675,open_2017_05_08_close_2017_05_08_flight_Fixed Wing_N550ND_after_0_189675,1203,VSpd,0.4713151989107432,VSpdG,0.4664000598188065,E1_RPM,0.020449848776671727,AltB,0.01076307830351092,HDG,0.006816616258890167
open_2017_05_08_close_2017_05_08_flight_Fixed Wing_N550ND_after_0_189675,open_2017_05_08_close_2017_05_08_flight_Fixed Wing_N550ND_after_0_189675,1204,VSpdG,0.8113649566724599,VSpd,0.0949761843813206,AltB,0.03697626755668763,E1_RPM,0.024826922502346447,TAS,0.010564647873339323
open_2017_05_08_close_2017_05_08_flight_Fixed Wing_N550ND_after_0_189675,open_2017_05_08_close_2017_05_08_flight_Fixed Wing_N550ND_after_0_189675,1205,VSpd,0.5555725698798094,VSpdG,0.25915202060142156,E1_RPM,0.10674595134296669,AltB,0.047305527570100765,Roll,0.00754831679053347
open_2017_05_08_close_2017_05_08_flight_Fixed Wing_N550ND_after_0_189675,open_2017_05_08_close_2017_05_08_flight_Fixed Wing_N550ND_after_0_189675,1206,VSpd,0.5867531460478531,VSpdG,0.3363339229881582,E1_RPM,0.04639088592940058,AltB,0.01526015984519774,TAS,0.003052031969039548
open_2017_05_08_close_2017_05_08_flight_Fixed Wing_N550ND_after_0_189675,open_2017_05_08_close_2017_05_08_flight_Fixed Wing_N550ND_after_0_189675,1207,VSpd,0.4225352397785351,VSpdG,0.3160977913812372,E1_RPM,0.11875990467147933,AltB,0.0625052129849904,TAS,0.01785863228142583
open_2017_05_08_close_2017_05_08_flight_Fixed Wing_N550ND_after_0_189675,open_2017_05_08_close_2017_05_08_flight_Fixed Wing_N550ND_after_0_189675,1208,VSpdG,0.4504318413717353,VSpd,0.36624057851813663,AltB,0.0686808398533777,E1_RPM,0.06581913819282029,E1_EGT4,0.017284678029766617
open_2017_05_08_close_2017_05_08_flight_Fixed Wing_N550ND_after_0_189675,open_2017_05_08_close_2017_05_08_flight_Fixed Wing_N550ND_after_0_189675,1209,VSpd,0.7815288433738238,VSpdG,0.17408028164246941,E1_RPM,0.012637407015787262,HDG,0.006634638683288384,Roll,0.006002768332498949
open_2017_05_08_close_2017_05_08_flight_Fixed Wing_N550ND_after_0_189675,open_2017_05_08_close_2017_05_08_flight_Fixed Wing_N550ND_after_0_189675,1210,VSpd,0.9056362882187333,E1_RPM,0.034447313987671806,VSpdG,0.015993395779990215,AltB,0.012302612138454082,Roll,0.010416211610557788
open_2017_05_08_close_2017_05_08_flight_Fixed Wing_N550ND_after_0_189675,open_2017_05_08_close_2017_05_08_flight_Fixed Wing_N550ND_after_0_189675,1211,VSpdG,0.6787670475048947,VSpd,0.1799271379893929,AltB,0.04309632047650125,E1_RPM,0.033399648369288715,Roll,0.02284104985254566
open_2017_05_08_close_2017_05_08_flight_Fixed Wing_N550ND_after_0_189675,open_2017_05_08_close_2017_05_08_flight_Fixed Wing_N550ND_after_0_189675,1212,VSpd,0.9359562405748398,AltB,0.016972127186439312,E1_RPM,0.012823384985309617,Roll,0.00952324914350206,VSpdG,0.00735458844745702
open_2017_05_08_close_2017_05_08_flight_Fixed Wing_N550ND_after_0_189675,open_2017_05_08_close_2017_05_08_flight_Fixed Wing_N550ND_after_0_189675,1213,VSpd,0.5542918330239478,VSpdG,0.2600435795103166,E1_RPM,0.12960902216863435,Roll,0.021463914499264228,AltB,0.01100713564064832
open_2017_05_08_close_2017_05_08_flight_Fixed Wing_N550ND_after_0_189675,open_2017_05_08_close_2017_05_08_flight_Fixed Wing_N550ND_after_0_189675,1214,VSpd,0.6545470315557885,VSpdG,0.17182575518986065,E1_RPM,0.0602753839634277,E1_EGT4,0.0456292838781964,AltB,0.03818350115330238
open_2017_05_08_close_2017_05_08_flight_Fixed Wing_N550ND_after_0_189675,open_2017_05_08_close_2017_05_08_flight_Fixed Wing_N550ND_after_0_189675,1215,VSpd,0.6273476785550826,E1_EGT2,0.1487367473675818,E1_RPM,0.07869484936222286,VSpdG,0.04805260713268474,E1_EGT4,0.039364835046014755
open_2017_05_08_close_2017_05_08_flight_Fixed Wing_N550ND_after_0_189675,open_2017_05_08_close_2017_05_08_flight_Fixed Wing_N550ND_after_0_189675,1216,E1_RPM,0.2850474373360352,VSpdG,0.27165884558237297,VSpd,0.18178252481020793,E1_EGT2,0.1411848594926516,E1_EGT4,0.043491328696573586
open_2017_05_08_close_2017_05_08_flight_Fixed Wing_N550ND_after_0_189675,open_2017_05_08_close_2017_05_08_flight_Fixed Wing_N550ND_after_0_189675,1217,VSpd,0.3798680669207161,E1_RPM,0.24636357103050804,E1_EGT2,0.1577954835011602,E1_EGT4,0.10963562654737773,AltB,0.03837438801098254
open_2017_05_08_close_2017_05_08_flight_Fixed Wing_N550ND_after_0_189675,open_2017_05_08_close_2017_05_08_flight_Fixed Wing_N550ND_after_0_189675,1218,VSpd,0.41071517223456955,VSpdG,0.3240958365474487,E1_EGT2,0.07678503750787795,E1_EGT4,0.05886045461960438,E1_RPM,0.05716488596801019
open_2017_05_08_close_2017_05_08_flight_Fixed Wing_N550ND_after_0_189675,open_2017_05_08_close_2017_05_08_flight_Fixed Wing_N550ND_after_0_189675,1219,VSpd,0.5756210512427923,VSpdG,0.3448118186391212,E1_EGT2,0.02900450113584527,E1_EGT4,0.0238345145285494,Roll,0.011654376589327348
open_2017_05_08_close_2017_05_08_flight_Fixed Wing_N550ND_after_0_189675,open_2017_05_08_close_2017_05_08_flight_Fixed Wing_N550ND_after_0_189675,1220,E1_RPM,0.6280108567289271,VSpd,0.14128546949761053,VSpdG,0.053296056489968366,E1_EGT2,0.05319421689158018,AltB,0.04413049263500569
open_2017_05_08_close_2017_05_08_flight_Fixed Wing_N550ND_after_0_189675,open_2017_05_08_close_2017_05_08_flight_Fixed Wing_N550ND_after_0_189675,1221,VSpd,0.35922912450809874,VSpdG,0.2977418230759652,E1_EGT2,0.13385236704066258,E1_EGT4,0.10476831478655334,AltB,0.042722336644454156
open_2017_05_08_close_2017_05_08_flight_Fixed Wing_N550ND_after_0_189675,open_2017_05_08_close_2017_05_08_flight_Fixed Wing_N550ND_after_0_189675,1222,VSpd,0.4620913453279175,VSpdG,0.24061601339416383,E1_RPM,0.08586156754403855,E1_EGT2,0.07364411129271281,E1_EGT4,0.052229625474417174
open_2017_05_08_close_2017_05_08_flight_Fixed Wing_N550ND_after_0_189675,open_2017_05_08_close_2017_05_08_flight_Fixed Wing_N550ND_after_0_189675,1223,VSpd,0.5329386097014559,E1_RPM,0.1658952870666007,E1_EGT2,0.10607727490316282,E1_EGT4,0.030547064878128367,GndSpd,0.028074587042040206
open_2017_05_08_close_2017_05_08_flight_Fixed Wing_N550ND_after_0_189675,open_2017_05_08_close_2017_05_08_flight_Fixed Wing_N550ND_after_0_189675,1224,E1_RPM,0.37556825452745474,E1_EGT2,0.15332665148426597,E1_EGT4,0.13509518281788468,TAS,0.07292587466552511,GndSpd,0.07164967185887841
open_2017_05_08_close_2017_05_08_flight_Fixed Wing_N550ND_after_0_189675,open_2017_05_08_close_2017_05_08_flight_Fixed Wing_N550ND_after_0_189675,1225,VSpd,0.422093216811058,TRK,0.13313995908156423,HDG,0.11336669783182693,VSpdG,0.10282095849863374,E1_EGT2,0.09161611045711507
open_2017_05_08_close_2017_05_08_flight_Fixed Wing_N550ND_after_0_189675,open_2017_05_08_close_2017_05_08_flight_Fixed Wing_N550ND_after_0_189675,1226,VSpd,0.6932750413892823,E1_RPM,0.09130157156577103,E1_EGT2,0.060209685032562646,VSpdG,0.048118395825203795,TRK,0.034546540592453975
open_2017_05_08_close_2017_05_08_flight_Fixed Wing_N550ND_after_0_189675,open_2017_05_08_close_2017_05_08_flight_Fixed Wing_N550ND_after_0_189675,1227,VSpd,0.5022438905440922,E1_EGT2,0.33854913621750093,E1_EGT4,0.07478163471088782,AltB,0.024260059922429283,VSpdG,0.02365355842436855
open_2017_05_08_close_2017_05_08_flight_Fixed Wing_N550ND_after_0_189675,open_2017_05_08_close_2017_05_08_flight_Fixed Wing_N550ND_after_0_189675,1228,E1_EGT2,0.5016277253488194,VSpd,0.22858742411808256,E1_EGT4,0.0992525445877353,E1_RPM,0.0977196867562659,TRK,0.024908939761400392
open_2017_05_08_close_2017_05_08_flight_Fixed Wing_N550ND_after_0_189675,open_2017_05_08_close_2017_05_08_flight_Fixed Wing_N550ND_after_0_189675,1229,VSpd,0.6701751380627874,E1_EGT2,0.09629625311315207,VSpdG,0.03801167886045478,E1_EGT4,0.03742688380106237,TRK,0.0370370204281354
open_2017_05_08_close_2017_05_08_flight_Fixed Wing_N550ND_after_0_189675,open_2017_05_08_close_2017_05_08_flight_Fixed Wing_N550ND_after_0_189675,1230,VSpd,0.7418407863212529,E1_EGT2,0.11743907096427746,E1_RPM,0.06235702883059005,HPLfd,0.02078567627686335,AltB,0.02078567627686335
open_2017_05_08_close_2017_05_08_flight_Fixed Wing_N550ND_after_0_189675,open_2017_05_08_close_2017_05_08_flight_Fixed Wing_N550ND_after_0_189675,1231,VSpd,0.5110436569841429,E1_EGT2,0.28229078195314417,E1_EGT4,0.08386357447944941,E1_RPM,0.048670824474678555,AltB,0.03743909574975404
open_2017_05_08_close_2017_05_08_flight_Fixed Wing_N550ND_after_0_189675,open_2017_05_08_close_2017_05_08_flight_Fixed Wing_N550ND_after_0_189675,1232,VSpd,0.8547859803621864,E1_RPM,0.05354459912065814,E1_EGT4,0.02398798040605251,AltB,0.021417839648263257,E1_EGT2,0.01584920133971257
open_2017_05_08_close_2017_05_08_flight_Fixed Wing_N550ND_after_0_189675,open_2017_05_08_close_2017_05_08_flight_Fixed Wing_N550ND_after_0_189675,1233,VSpd,0.6011710152591774,E1_EGT4,0.1577208633478899,E1_RPM,0.11501588954471613,E1_EGT2,0.07316288529372222,HDG,0.020234276864347926
open_2017_05_08_close_2017_05_08_flight_Fixed Wing_N550ND_after_0_189675,open_2017_05_08_close_2017_05_08_flight_Fixed Wing_N550ND_after_0_189675,1234,E1_RPM,0.5096175676462424,E1_EGT2,0.22458146731077103,E1_EGT4,0.1264051417789216,TRK,0.05162792351971745,HDG,0.051627923519717386
open_2017_05_08_close_2017_05_08_flight_Fixed Wing_N550ND_after_0_189675,open_2017_05_08_close_2017_05_08_flight_Fixed Wing_N550ND_after_0_189675,1235,VSpd,0.7083191956064157,HDG,0.061901584328223236,E1_EGT2,0.05868270194315574,TRK,0.05529874866654611,VSpdG,0.032188823850676083
open_2017_05_08_close_2017_05_08_flight_Fixed Wing_N550ND_after_0_189675,open_2017_05_08_close_2017_05_08_flight_Fixed Wing_N550ND_after_0_189675,1236,VSpd,0.7780140335165232,HDG,0.04945534973270469,TRK,0.04945534973270469,E1_RPM,0.03192687134642902,E1_EGT2,0.026918734664636425
open_2017_05_08_close_2017_05_08_flight_Fixed Wing_N550ND_after_0_189675,open_2017_05_08_close_2017_05_08_flight_Fixed Wing_N550ND_after_0_189675,1237,VSpd,0.6535736852574183,E1_EGT4,0.1255634173647257,E1_EGT2,0.11513199499904003,HDG,0.03992272757237425,TRK,0.018029618903652993
open_2017_05_08_close_2017_05_08_flight_Fixed Wing_N550ND_after_0_189675,open_2017_05_08_close_2017_05_08_flight_Fixed Wing_N550ND_after_0_189675,1238,VSpd,0.5898103673293967,TRK,0.10459868920686437,HDG,0.09918841217892316,E1_EGT2,0.06402161149730516,E1_RPM,0.05139763176544139
open_2017_05_08_close_2017_05_08_flight_Fixed Wing_N550ND_after_0_189675,open_2017_05_08_close_2017_05_08_flight_Fixed Wing_N550ND_after_0_189675,1239,VSpd,0.7664732166704373,E1_EGT2,0.04271064108715047,AltB,0.035666506127056186,VSpdG,0.034774843473879775,E1_RPM,0.02942486755482196
open_2017_05_08_close_2017_05_08_flight_Fixed Wing_N550ND_after_0_189675,open_2017_05_08_close_2017_05_08_flight_Fixed Wing_N550ND_after_0_189675,1240,E1_RPM,0.4837144985326022,VSpd,0.1460817785568459,E1_EGT2,0.14479187322742587,HDG,0.09674289970652043,TRK,0.09351813638296978
open_2017_05_08_close_2017_05_08_flight_Fixed Wing_N550ND_after_0_189675,open_2017_05_08_close_2017_05_08_flight_Fixed Wing_N550ND_after_0_189675,1241,VSpd,0.6885928310423909,E1_EGT2,0.08006215504147463,HDG,0.05732605761464809,TRK,0.05538280142432087,E1_EGT4,0.04333461304429361
open_2017_05_08_close_2017_05_08_flight_Fixed Wing_N550ND_after_0_189675,open_2017_05_08_close_2017_05_08_flight_Fixed Wing_N550ND_after_0_189675,1242,E1_EGT2,0.43230194896897917,E1_RPM,0.3843155833172172,E1_EGT4,0.07990649973575334,VSpd,0.06093843779670784,TRK,0.01132421608301187
open_2017_05_08_close_2017_05_08_flight_Fixed Wing_N550ND_after_0_189675,open_2017_05_08_close_2017_05_08_flight_Fixed Wing_N550ND_after_0_189675,1243,E1_EGT2,0.39008644006132803,VSpd,0.3384925793068781,E1_EGT4,0.09729128027982076,E1_RPM,0.046065947102188094,HDG,0.04238067133401299
open_2017_05_08_close_2017_05_08_flight_Fixed Wing_N550ND_after_0_189675,open_2017_05_08_close_2017_05_08_flight_Fixed Wing_N550ND_after_0_189675,1244,VSpd,0.3557282360367231,HDG,0.20903233177393987,TRK,0.20156689135344244,E1_EGT4,0.09854381355057125,E1_RPM,0.06345624357423352
