file,window_idx,start_idx,end_idx,prototype_id,nearest_dist,top3_sensors,viol_count_AltMSL,viol_count_E1 RPM,viol_count_E1 FFlow,viol_count_E1 CHT1,viol_count_E1 EGT1,viol_count_NormAc,viol_count_IAS,viol_sev_AltMSL,viol_sev_E1 RPM,viol_sev_E1 FFlow,viol_sev_E1 CHT1,viol_sev_E1 EGT1,viol_sev_NormAc,viol_sev_IAS
open_2017_05_08_close_2017_05_08_flight_Fixed Wing_N550ND_before_0_189617.csv,0,0,29,0,1225.7314647103783,"E1 FFlow, E1 EGT1, E1 RPM",30,30,30,30,30,30,26,53.91599170454744,334.6066194929683,5799.998704106246,192.4945415505154,442.64548301981273,74.44938463268257,74.00590007816547
open_2017_05_08_close_2017_05_08_flight_Fixed Wing_N550ND_before_0_189617.csv,1,25,54,0,1155.6936690333646,"E1 FFlow, E1 EGT1, E1 RPM",30,30,30,30,30,30,27,53.91568123479145,334.6066194929683,5469.378967252906,192.4945415505154,442.64548301981273,56.958121225747654,74.00866789837706
open_2017_05_08_close_2017_05_08_flight_Fixed Wing_N550ND_before_0_189617.csv,2,50,79,0,1198.0526500840022,"E1 FFlow, E1 EGT1, E1 RPM",30,30,30,30,30,29,28,53.91734374278227,334.6066194929683,5672.662735179754,192.4945415505154,442.64548301981273,47.191835068484394,74.00971002229417
open_2017_05_08_close_2017_05_08_flight_Fixed Wing_N550ND_before_0_189617.csv,3,75,104,0,1216.94605575452,"E1 FFlow, E1 EGT1, E1 RPM",30,30,30,30,30,24,29,53.9194137470299,334.6066194929683,5762.84309948643,192.4945415505154,442.64548301981273,35.07163227333496,74.00774548977468
open_2017_05_08_close_2017_05_08_flight_Fixed Wing_N550ND_before_0_189617.csv,4,100,129,0,1237.2060919732219,"E1 FFlow, E1 EGT1, E1 RPM",30,30,30,30,30,23,29,53.91950452562722,334.6066194929683,5858.37665317682,192.4945415505154,442.64548301981273,34.57902980520435,74.00759270351298
open_2017_05_08_close_2017_05_08_flight_Fixed Wing_N550ND_before_0_189617.csv,5,125,154,0,1243.952467897973,"E1 FFlow, E1 EGT1, E1 RPM",30,30,30,30,30,23,27,53.91886195305124,334.6066194929683,5891.997572221499,192.4945415505154,442.64548301981273,34.57902980520435,74.01000174517874
open_2017_05_08_close_2017_05_08_flight_Fixed Wing_N550ND_before_0_189617.csv,6,150,179,0,1276.8079644026525,"E1 FFlow, E1 EGT1, E1 RPM",30,30,30,30,30,17,28,53.917924452998975,334.6066194929683,6046.388511965092,192.4945415505154,442.64548301981273,29.38775787643146,74.00521221248556
open_2017_05_08_close_2017_05_08_flight_Fixed Wing_N550ND_before_0_189617.csv,7,175,204,0,1291.254771486803,"E1 FFlow, E1 EGT1, E1 RPM",30,30,30,30,30,11,27,53.91745303961171,334.6066194929683,6116.605108009156,192.4945415505154,442.64548301981273,25.685336784861494,74.00385821661102
open_2017_05_08_close_2017_05_08_flight_Fixed Wing_N550ND_before_0_189617.csv,8,200,229,0,1317.7881987246471,"E1 FFlow, E1 EGT1, E1 RPM",30,30,30,30,30,4,26,53.91658677446297,334.6066194929683,6241.742283933494,192.4945415505154,442.64548301981273,20.08380505495397,74.00719388959078
open_2017_05_08_close_2017_05_08_flight_Fixed Wing_N550ND_before_0_189617.csv,9,225,254,0,1318.9416483064433,"E1 FFlow, E1 EGT1, E1 RPM",30,30,30,30,30,0,28,53.91620176048034,334.6066194929683,6248.247873994918,192.4945415505154,442.64548301981273,16.788037511895617,74.003801386618
open_2017_05_08_close_2017_05_08_flight_Fixed Wing_N550ND_before_0_189617.csv,10,250,279,0,1402.0341109764825,"E1 FFlow, E1 EGT1, E1 RPM",30,30,30,30,30,0,27,53.91892446930332,334.6066194929683,6632.714020118308,192.4945415505154,442.64548301981273,16.295435043764996,74.01631584752847
open_2017_05_08_close_2017_05_08_flight_Fixed Wing_N550ND_before_0_189617.csv,11,275,304,0,1328.7361180851665,"E1 FFlow, E1 EGT1, E1 RPM",30,30,30,30,30,0,30,53.91618065917346,334.6066194929683,6288.583898783661,192.4945415505154,442.64548301981273,16.295435043764996,74.01213796946283
open_2017_05_08_close_2017_05_08_flight_Fixed Wing_N550ND_before_0_189617.csv,12,300,329,0,1060.5944918262257,"E1 FFlow, E1 EGT1, E1 RPM",30,30,30,30,30,14,27,53.91269971162269,334.6066194929683,4969.879780315236,192.4945415505154,442.64548301981273,75.09576371013915,74.00421217135704
open_2017_05_08_close_2017_05_08_flight_Fixed Wing_N550ND_before_0_189617.csv,13,325,354,0,918.5198085963697,"E1 FFlow, E1 EGT1, E1 RPM",30,30,30,30,30,24,27,53.90296402081414,334.6066194929683,4276.537914056874,192.4945415505154,442.64548301981273,64.33111411334089,74.00203979723469
open_2017_05_08_close_2017_05_08_flight_Fixed Wing_N550ND_before_0_189617.csv,14,350,379,0,1150.2009901170954,"E1 FFlow, E1 EGT1, E1 RPM",30,30,30,30,30,17,26,53.89287972868237,334.6066194929683,5443.2933130865595,192.4945415505154,442.64548301981273,28.744109845727408,74.02354041571876
open_2017_05_08_close_2017_05_08_flight_Fixed Wing_N550ND_before_0_189617.csv,15,375,404,0,1038.0682329054157,"E1 FFlow, E1 EGT1, E1 RPM",30,30,30,30,30,1,28,53.89268520235279,334.6066194929683,4914.608679674313,192.4945415505154,442.64548301981273,17.488057275212316,74.02300654153699
open_2017_05_08_close_2017_05_08_flight_Fixed Wing_N550ND_before_0_189617.csv,16,400,429,0,1014.6872278717879,"E1 FFlow, E1 EGT1, E1 RPM",30,30,30,30,30,0,30,53.89514561265729,334.6066194929683,4802.431391784855,192.4945415505154,442.64548301981273,16.295435043764996,73.99761672172306
open_2017_05_08_close_2017_05_08_flight_Fixed Wing_N550ND_before_0_189617.csv,17,425,454,0,1161.1665678968625,"E1 FFlow, E1 EGT1, E1 RPM",30,30,30,30,30,0,29,53.904072853181106,334.6066194929683,5458.308491497223,192.4945415505154,442.64548301981273,16.295435043764996,74.01180497969732
open_2017_05_08_close_2017_05_08_flight_Fixed Wing_N550ND_before_0_189617.csv,18,450,479,0,1338.5293866717716,"E1 FFlow, E1 EGT1, E1 RPM",30,30,30,30,30,0,28,53.91270299090419,334.6066194929683,6340.1497874774395,192.4945415505154,442.64548301981273,16.295435043764996,74.00387005038571
open_2017_05_08_close_2017_05_08_flight_Fixed Wing_N550ND_before_0_189617.csv,19,475,504,0,1384.2353623615174,"E1 FFlow, E1 EGT1, E1 RPM",30,30,30,30,30,0,26,53.915313838312215,334.6066194929683,6551.299388711298,192.4945415505154,442.64548301981273,16.295435043764996,74.01146269189408
open_2017_05_08_close_2017_05_08_flight_Fixed Wing_N550ND_before_0_189617.csv,20,500,529,0,1580.122154939512,"E1 FFlow, E1 EGT1, E1 RPM",30,30,30,30,30,3,28,53.91680909149347,334.6066194929683,7473.679734290731,192.4945415505154,442.64548301981273,21.86116636098835,74.00054844876226
open_2017_05_08_close_2017_05_08_flight_Fixed Wing_N550ND_before_0_189617.csv,21,525,554,0,1460.214262656186,"E1 FFlow, E1 EGT1, E1 RPM",30,30,30,30,30,3,26,53.91268949918339,334.6066194929683,6915.277292523454,192.4945415505154,442.64548301981273,22.040496502554433,74.00906908251858
open_2017_05_08_close_2017_05_08_flight_Fixed Wing_N550ND_before_0_189617.csv,22,550,579,0,1296.934583498286,"E1 FFlow, E1 EGT1, E1 RPM",30,30,30,30,30,0,28,53.904333260733225,334.6066194929683,6145.3069960487755,192.4945415505154,442.64548301981273,16.295435043764996,74.00228394813325
open_2017_05_08_close_2017_05_08_flight_Fixed Wing_N550ND_before_0_189617.csv,23,575,604,0,1244.3017680037647,"E1 FFlow, E1 EGT1, E1 RPM",30,30,30,30,30,0,27,53.90089255898234,334.6066194929683,5894.628100261669,192.4945415505154,442.64548301981273,16.295435043764996,74.00767350244371
open_2017_05_08_close_2017_05_08_flight_Fixed Wing_N550ND_before_0_189617.csv,24,600,629,0,1282.5609187405412,"E1 FFlow, E1 EGT1, E1 RPM",30,30,30,30,30,0,28,53.90069076277285,334.6066194929683,6051.571570362314,192.4945415505154,442.64548301981273,16.295435043764996,74.01000959962268
open_2017_05_08_close_2017_05_08_flight_Fixed Wing_N550ND_before_0_189617.csv,25,625,654,0,1533.9222147228547,"E1 FFlow, E1 EGT1, E1 RPM",30,30,30,30,30,0,28,53.911192992083315,334.6066194929683,7249.522054840074,192.4945415505154,442.64548301981273,16.295435043764996,74.00728678111788
open_2017_05_08_close_2017_05_08_flight_Fixed Wing_N550ND_before_0_189617.csv,26,650,679,0,1733.397556121773,"E1 FFlow, E1 EGT1, E1 RPM",30,30,30,30,30,0,27,53.8678795224301,334.6066194929683,8210.741009941568,192.4945415505154,442.64548301981273,16.295435043764996,74.02171162288712
open_2017_05_08_close_2017_05_08_flight_Fixed Wing_N550ND_before_0_189617.csv,27,675,704,0,1785.7247538516424,"E1 FFlow, E1 EGT1, E1 RPM",30,30,30,30,30,0,30,53.84063558275761,334.6066194929683,8464.23758016189,192.4945415505154,442.64548301981273,16.295435043764996,74.0334828342817
open_2017_05_08_close_2017_05_08_flight_Fixed Wing_N550ND_before_0_189617.csv,28,700,729,0,1789.663781150286,"E1 FFlow, E1 EGT1, E1 RPM",30,30,30,30,30,0,28,54.11483200028412,334.6066194929683,8484.031994588311,192.4945415505154,442.64548301981273,16.295435043764996,74.00340823748684
open_2017_05_08_close_2017_05_08_flight_Fixed Wing_N550ND_before_0_189617.csv,29,725,754,0,1796.6434973939095,"E1 FFlow, E1 EGT1, E1 RPM",30,30,30,30,30,0,29,54.190603366210226,334.6066194929683,8514.679245239244,192.4945415505154,442.64548301981273,16.295435043764996,73.99076168861963
open_2017_05_08_close_2017_05_08_flight_Fixed Wing_N550ND_before_0_189617.csv,30,750,779,0,1793.6748021328872,"E1 FFlow, E1 EGT1, E1 RPM",30,30,30,30,30,0,27,53.92068346542933,334.6066194929683,8505.005675634375,192.4945415505154,442.64548301981273,16.295435043764996,74.01505421687555
open_2017_05_08_close_2017_05_08_flight_Fixed Wing_N550ND_before_0_189617.csv,31,775,804,0,1751.4114574519344,"E1 FFlow, E1 EGT1, E1 RPM",30,30,30,30,30,0,27,53.85323273074999,334.6066194929683,8302.67621641612,192.4945415505154,442.64548301981273,14.737996416794267,74.03997583339539
open_2017_05_08_close_2017_05_08_flight_Fixed Wing_N550ND_before_0_189617.csv,32,800,829,0,1673.0533111574475,"E1 FFlow, E1 EGT1, E1 RPM",30,30,30,30,30,0,28,54.05443550820571,334.6066194929683,7932.425076043522,192.4945415505154,442.64548301981273,15.791749814259639,73.97647984489302
open_2017_05_08_close_2017_05_08_flight_Fixed Wing_N550ND_before_0_189617.csv,33,825,854,0,1575.9373783189394,"E1 FFlow, E1 EGT1, E1 RPM",30,30,30,30,30,0,26,54.07775215256104,334.6066194929683,7470.519695367994,192.4945415505154,442.64548301981273,16.295435043764996,74.0020263554633
open_2017_05_08_close_2017_05_08_flight_Fixed Wing_N550ND_before_0_189617.csv,34,850,879,0,1545.124464041507,"E1 FFlow, E1 EGT1, E1 RPM",30,30,30,30,30,1,28,54.11896226016479,334.6066194929683,7323.2033830311975,192.4945415505154,442.64548301981273,16.522776266764232,73.97721327266649
open_2017_05_08_close_2017_05_08_flight_Fixed Wing_N550ND_before_0_189617.csv,35,875,904,0,1377.121789837989,"E1 FFlow, E1 EGT1, E1 RPM",30,30,30,30,30,5,28,53.878170344145644,334.6066194929683,6442.911423839145,192.4945415505154,442.64548301981273,39.7578682451952,74.00833560656275
open_2017_05_08_close_2017_05_08_flight_Fixed Wing_N550ND_before_0_189617.csv,36,900,929,0,1239.4767888156086,"E1 FFlow, E1 EGT1, E1 RPM",30,30,30,30,30,2,28,53.89937738080351,334.6066194929683,5566.772658212328,192.4945415505154,442.64548301981273,25.498798742937616,74.0124828040171
open_2017_05_08_close_2017_05_08_flight_Fixed Wing_N550ND_before_0_189617.csv,37,925,954,0,1729.967966270301,"E1 FFlow, E1 EGT1, E1 RPM",30,30,30,30,30,0,29,53.82090590726653,334.6066194929683,8194.777836592999,192.4945415505154,442.64548301981273,15.612644437879796,74.02031995643439
open_2017_05_08_close_2017_05_08_flight_Fixed Wing_N550ND_before_0_189617.csv,38,950,979,0,1782.0595225714035,"E1 FFlow, E1 EGT1, E1 RPM",30,30,30,30,30,0,27,53.87095457099407,334.6066194929683,8447.03459672354,192.4945415505154,442.64548301981273,15.859803795040856,74.01733214906822
open_2017_05_08_close_2017_05_08_flight_Fixed Wing_N550ND_before_0_189617.csv,39,975,1004,0,1780.9812262172934,"E1 FFlow, E1 EGT1, E1 RPM",30,30,30,30,30,0,27,54.29274395504384,334.6066194929683,8442.732953435934,192.4945415505154,442.64548301981273,14.544466370970841,73.97592296455213
open_2017_05_08_close_2017_05_08_flight_Fixed Wing_N550ND_before_0_189617.csv,40,1000,1029,0,1796.7628709886192,"E1 FFlow, E1 EGT1, E1 RPM",30,30,30,30,30,0,27,54.11185769588964,334.6066194929683,8517.043850566546,192.4945415505154,442.64548301981273,13.922826145558732,74.00100188928756
open_2017_05_08_close_2017_05_08_flight_Fixed Wing_N550ND_before_0_189617.csv,41,1025,1054,0,1752.7339837243428,"E1 FFlow, E1 EGT1, E1 RPM",30,30,30,30,30,0,28,53.87679644408772,334.6066194929683,8309.35594007718,192.4945415505154,442.64548301981273,12.679985816651513,74.0143958050414
open_2017_05_08_close_2017_05_08_flight_Fixed Wing_N550ND_before_0_189617.csv,42,1050,1079,0,1730.3267484249145,"E1 FFlow, E1 EGT1, E1 RPM",30,30,30,30,30,0,29,53.849467292915115,334.6066194929683,8203.10340707865,192.4945415505154,442.64548301981273,10.267289882523658,74.01721719026072
open_2017_05_08_close_2017_05_08_flight_Fixed Wing_N550ND_before_0_189617.csv,43,1075,1104,0,1671.508770471046,"E1 FFlow, E1 EGT1, E1 RPM",30,30,30,30,30,0,29,54.12007796511412,334.6066194929683,7924.86843172543,192.4945415505154,442.64548301981273,9.336155035673748,73.97530725614851
open_2017_05_08_close_2017_05_08_flight_Fixed Wing_N550ND_before_0_189617.csv,44,1100,1129,0,1604.6715391700695,"E1 FFlow, E1 EGT1, E1 RPM",30,30,30,30,30,0,27,54.086865397067136,334.6066194929683,7607.152473129638,192.4945415505154,442.64548301981273,9.532820721309653,73.98733098468254
open_2017_05_08_close_2017_05_08_flight_Fixed Wing_N550ND_before_0_189617.csv,45,1125,1154,0,1595.5134945387247,"E1 FFlow, E1 EGT1, E1 RPM",30,30,30,30,30,0,26,54.03757363548414,334.6066194929683,7557.944523370237,192.4945415505154,442.64548301981273,7.14782219952552,74.00402421119506
open_2017_05_08_close_2017_05_08_flight_Fixed Wing_N550ND_before_0_189617.csv,46,1150,1179,0,1404.9694097074778,"E1 FFlow, E1 EGT1, E1 RPM",30,30,30,30,30,7,28,53.88314997544036,334.6066194929683,6559.404943079072,192.4945415505154,442.64548301981273,31.788528118531683,73.98804998062946
open_2017_05_08_close_2017_05_08_flight_Fixed Wing_N550ND_before_0_189617.csv,47,1175,1204,0,1529.2101019247166,"E1 FFlow, E1 EGT1, E1 RPM",30,30,30,30,30,0,28,53.874319006936204,334.6066194929683,7079.183242479807,192.4945415505154,442.64548301981273,14.970326098379408,74.00822427660894
open_2017_05_08_close_2017_05_08_flight_Fixed Wing_N550ND_before_0_189617.csv,48,1200,1229,0,1769.1509685799654,"E1 FFlow, E1 EGT1, E1 RPM",30,30,30,30,30,0,27,53.817990701145064,334.6066194929683,8384.142247643525,192.4945415505154,442.64548301981273,10.849573424294594,74.00673347035892
open_2017_05_08_close_2017_05_08_flight_Fixed Wing_N550ND_before_0_189617.csv,49,1225,1254,0,1788.3076292384958,"E1 FFlow, E1 EGT1, E1 RPM",30,30,30,30,30,0,27,53.8580897077667,334.6066194929683,8477.341660636543,192.4945415505154,442.64548301981273,8.365007276529626,74.0147963336918
open_2017_05_08_close_2017_05_08_flight_Fixed Wing_N550ND_before_0_189617.csv,50,1250,1279,0,1804.530602068488,"E1 FFlow, E1 EGT1, E1 RPM",30,30,30,30,30,0,29,54.41450865061159,334.6066194929683,8552.254050944852,192.4945415505154,442.64548301981273,7.639066098430246,73.94088873293364
open_2017_05_08_close_2017_05_08_flight_Fixed Wing_N550ND_before_0_189617.csv,51,1275,1304,0,1787.8986587934564,"E1 FFlow, E1 EGT1, E1 RPM",30,30,30,30,30,0,27,54.1227602330717,334.6066194929683,8476.302057085664,192.4945415505154,442.64548301981273,4.387285133622948,73.98914522894196
open_2017_05_08_close_2017_05_08_flight_Fixed Wing_N550ND_before_0_189617.csv,52,1300,1329,0,1759.9055252611936,"E1 FFlow, E1 EGT1, E1 RPM",30,30,30,30,30,0,29,53.84167714786916,334.6066194929683,8343.824890383683,192.4945415505154,442.64548301981273,5.2111824426220075,74.01032455483418
open_2017_05_08_close_2017_05_08_flight_Fixed Wing_N550ND_before_0_189617.csv,53,1325,1354,0,1739.582280513101,"E1 FFlow, E1 EGT1, E1 RPM",30,30,30,30,30,0,27,53.871547347243876,334.6066194929683,8246.319854349158,192.4945415505154,442.64548301981273,3.298965975105271,73.99546884579973
open_2017_05_08_close_2017_05_08_flight_Fixed Wing_N550ND_before_0_189617.csv,54,1350,1379,0,1719.4650337171536,"E1 FFlow, E1 EGT1, E1 RPM",30,30,30,30,30,1,27,53.88000613108756,334.6066194929683,8151.740032664655,192.4945415505154,442.64548301981273,4.935400014170005,74.00899777419858
open_2017_05_08_close_2017_05_08_flight_Fixed Wing_N550ND_before_0_189617.csv,55,1375,1404,0,1652.1038023375802,"E1 FFlow, E1 EGT1, E1 RPM",30,30,30,30,30,0,27,54.139262594202386,334.6066194929683,7832.6486739541915,192.4945415505154,442.64548301981273,3.2832403901754517,73.97665819483434
open_2017_05_08_close_2017_05_08_flight_Fixed Wing_N550ND_before_0_189617.csv,56,1400,1429,0,1596.3259525982623,"E1 FFlow, E1 EGT1, E1 RPM",30,30,30,30,30,0,28,54.11075780842437,334.6066194929683,7567.613242271199,192.4945415505154,442.64548301981273,3.976407565868768,73.97608669379359
open_2017_05_08_close_2017_05_08_flight_Fixed Wing_N550ND_before_0_189617.csv,57,1425,1454,0,1595.5627520031355,"E1 FFlow, E1 EGT1, E1 RPM",30,30,30,30,30,0,26,54.00388497772929,334.6066194929683,7557.828662441001,192.4945415505154,442.64548301981273,2.446523893483865,73.99994831960619
open_2017_05_08_close_2017_05_08_flight_Fixed Wing_N550ND_before_0_189617.csv,58,1450,1479,0,1710.4709800908772,"E1 FFlow, E1 EGT1, E1 RPM",30,30,30,30,30,0,27,53.84470516951013,334.6066194929683,8101.15308187672,192.4945415505154,442.64548301981273,3.0005250316879573,74.0037499335319
open_2017_05_08_close_2017_05_08_flight_Fixed Wing_N550ND_before_0_189617.csv,59,1475,1504,0,1768.5109357615595,"E1 FFlow, E1 EGT1, E1 RPM",30,30,30,30,30,0,26,53.85241976450133,334.6066194929683,8381.644812658436,192.4945415505154,442.64548301981273,2.046503245147612,73.99749261230932
open_2017_05_08_close_2017_05_08_flight_Fixed Wing_N550ND_before_0_189617.csv,60,1500,1529,0,1790.285776954659,"E1 FFlow, E1 EGT1, E1 RPM",30,30,30,30,30,0,27,54.13945546879444,334.6066194929683,8486.976605742246,192.4945415505154,442.64548301981273,2.3575672588711503,73.97630529721872
open_2017_05_08_close_2017_05_08_flight_Fixed Wing_N550ND_before_0_189617.csv,61,1525,1554,0,1798.2147983794891,"E1 FFlow, E1 EGT1, E1 RPM",30,30,30,30,30,0,28,54.20709606686479,334.6066194929683,8522.135982413101,192.4945415505154,442.64548301981273,2.6432381804914664,73.97619671805576
open_2017_05_08_close_2017_05_08_flight_Fixed Wing_N550ND_before_0_189617.csv,62,1550,1579,0,1781.1518646445568,"E1 FFlow, E1 EGT1, E1 RPM",30,30,30,30,30,0,29,53.86831806970854,334.6066194929683,8445.218168531905,192.4945415505154,442.64548301981273,2.840207411670422,74.01129315770567
open_2017_05_08_close_2017_05_08_flight_Fixed Wing_N550ND_before_0_189617.csv,63,1575,1604,0,1747.2778454963757,"E1 FFlow, E1 EGT1, E1 RPM",30,30,30,30,30,0,28,53.84480344996317,334.6066194929683,8282.95142946266,192.4945415505154,442.64548301981273,2.552366864786956,73.99660378272705
open_2017_05_08_close_2017_05_08_flight_Fixed Wing_N550ND_before_0_189617.csv,64,1600,1629,0,1664.0748645705714,"E1 FFlow, E1 EGT1, E1 RPM",30,30,30,30,30,0,27,53.96979643574467,334.6066194929683,7889.616509260503,192.4945415505154,442.64548301981273,3.566116115193445,74.0013089151051
open_2017_05_08_close_2017_05_08_flight_Fixed Wing_N550ND_before_0_189617.csv,65,1625,1654,0,1578.8671999517342,"E1 FFlow, E1 EGT1, E1 RPM",30,30,30,30,30,0,26,54.13122284462755,334.6066194929683,7483.845601017804,192.4945415505154,442.64548301981273,2.468736663391483,73.98443117587152
open_2017_05_08_close_2017_05_08_flight_Fixed Wing_N550ND_before_0_189617.csv,66,1650,1679,0,1598.5934629842743,"E1 FFlow, E1 EGT1, E1 RPM",30,30,30,30,30,0,26,54.1252673089954,334.6066194929683,7574.259873777873,192.4945415505154,442.64548301981273,2.6432381804914664,73.99575728855625
open_2017_05_08_close_2017_05_08_flight_Fixed Wing_N550ND_before_0_189617.csv,67,1675,1704,0,1620.7650637075653,"E1 FFlow, E1 EGT1, E1 RPM",30,30,30,30,30,0,27,53.894315153583825,334.6066194929683,7681.954024714169,192.4945415505154,442.64548301981273,2.046503245147612,74.00184699052728
open_2017_05_08_close_2017_05_08_flight_Fixed Wing_N550ND_before_0_189617.csv,68,1700,1729,0,1157.807805366336,"E1 FFlow, E1 EGT1, E1 RPM",30,30,30,30,30,8,29,53.87535427915891,334.6066194929683,5347.905698178115,192.4945415505154,442.64548301981273,37.0087389603455,74.01582723408158
open_2017_05_08_close_2017_05_08_flight_Fixed Wing_N550ND_before_0_189617.csv,69,1725,1754,0,1619.2605603318154,"E1 FFlow, E1 EGT1, E1 RPM",30,30,30,30,30,0,27,53.85809978666701,334.6066194929683,7598.573784956439,192.4945415505154,442.64548301981273,13.733913046703838,74.01227569271629
open_2017_05_08_close_2017_05_08_flight_Fixed Wing_N550ND_before_0_189617.csv,70,1750,1779,0,1773.0765692157433,"E1 FFlow, E1 EGT1, E1 RPM",30,30,30,30,30,0,28,53.8459593195881,334.6066194929683,8403.537539838348,192.4945415505154,442.64548301981273,5.275086528587051,74.01627921269643
open_2017_05_08_close_2017_05_08_flight_Fixed Wing_N550ND_before_0_189617.csv,71,1775,1804,0,1783.7245044405354,"E1 FFlow, E1 EGT1, E1 RPM",30,30,30,30,30,0,27,54.17161948243889,334.6066194929683,8455.83568403009,192.4945415505154,442.64548301981273,2.9760389667689897,73.99000133960067
open_2017_05_08_close_2017_05_08_flight_Fixed Wing_N550ND_before_0_189617.csv,72,1800,1829,0,1797.4427530270393,"E1 FFlow, E1 EGT1, E1 RPM",30,30,30,30,30,0,29,54.14757508540977,334.6066194929683,8518.265387373423,192.4945415505154,442.64548301981273,2.5552255073765866,73.99035789567353
open_2017_05_08_close_2017_05_08_flight_Fixed Wing_N550ND_before_0_189617.csv,73,1825,1854,0,1778.2194329364838,"E1 FFlow, E1 EGT1, E1 RPM",30,30,30,30,30,0,26,53.87867926086375,334.6066194929683,8431.144886104852,192.4945415505154,442.64548301981273,2.4491176357574505,74.01285656690673
open_2017_05_08_close_2017_05_08_flight_Fixed Wing_N550ND_before_0_189617.csv,74,1850,1879,0,1750.2678599997605,"E1 FFlow, E1 EGT1, E1 RPM",30,30,30,30,30,0,27,53.84866262032241,334.6066194929683,8297.057147306476,192.4945415505154,442.64548301981273,2.4701753471296466,74.01390570465728
open_2017_05_08_close_2017_05_08_flight_Fixed Wing_N550ND_before_0_189617.csv,75,1875,1904,0,1746.0750204487174,"E1 FFlow, E1 EGT1, E1 RPM",30,30,30,30,30,0,27,53.85775826558915,334.6066194929683,8276.91583462638,192.4945415505154,442.64548301981273,2.046503245147612,74.00601719098377
open_2017_05_08_close_2017_05_08_flight_Fixed Wing_N550ND_before_0_189617.csv,76,1900,1929,0,1737.049542902755,"E1 FFlow, E1 EGT1, E1 RPM",30,30,30,30,30,0,28,53.88443099120375,334.6066194929683,8234.915449989596,192.4945415505154,442.64548301981273,2.046503245147612,74.02525616035203
open_2017_05_08_close_2017_05_08_flight_Fixed Wing_N550ND_before_0_189617.csv,77,1925,1954,0,1627.9728521906075,"E1 FFlow, E1 EGT1, E1 RPM",30,30,30,30,30,0,30,54.15925091096615,334.6066194929683,7718.094015523998,192.4945415505154,442.64548301981273,2.046503245147612,73.97722745538425
open_2017_05_08_close_2017_05_08_flight_Fixed Wing_N550ND_before_0_189617.csv,78,1950,1979,0,1567.699443887706,"E1 FFlow, E1 EGT1, E1 RPM",30,30,30,30,30,0,29,54.14675573850496,334.6066194929683,7430.589133699547,192.4945415505154,442.64548301981273,2.046503245147612,73.97126509171376
open_2017_05_08_close_2017_05_08_flight_Fixed Wing_N550ND_before_0_189617.csv,79,1975,2004,0,1573.5987184337748,"E1 FFlow, E1 EGT1, E1 RPM",30,30,30,30,30,0,27,53.83398970869726,334.6066194929683,7458.45799225023,192.4945415505154,442.64548301981273,2.046503245147612,73.98898146632679
open_2017_05_08_close_2017_05_08_flight_Fixed Wing_N550ND_before_0_189617.csv,80,2000,2029,0,1161.6880537330044,"E1 FFlow, E1 EGT1, E1 RPM",30,30,30,30,30,0,28,53.890551110626745,334.6066194929683,5374.147314493539,192.4945415505154,442.64548301981273,2.5576122528272114,73.98990596648945
open_2017_05_08_close_2017_05_08_flight_Fixed Wing_N550ND_before_0_189617.csv,81,2025,2054,0,1629.0023130893976,"E1 FFlow, E1 EGT1, E1 RPM",30,30,30,30,30,0,28,53.84352553670271,334.6066194929683,7655.150158685069,192.4945415505154,442.64548301981273,2.046503245147612,74.01970956848837
open_2017_05_08_close_2017_05_08_flight_Fixed Wing_N550ND_before_0_189617.csv,82,2050,2079,0,1770.7463306097275,"E1 FFlow, E1 EGT1, E1 RPM",30,30,30,30,30,0,28,53.827027499553594,334.6066194929683,8392.926069590187,192.4945415505154,442.64548301981273,2.046503245147612,74.01731890314588
open_2017_05_08_close_2017_05_08_flight_Fixed Wing_N550ND_before_0_189617.csv,83,2075,2104,0,1781.3357483276504,"E1 FFlow, E1 EGT1, E1 RPM",30,30,30,30,30,0,28,53.795192761171855,334.6066194929683,8444.080504412661,192.4945415505154,442.64548301981273,2.046503245147612,74.02741859653358
open_2017_05_08_close_2017_05_08_flight_Fixed Wing_N550ND_before_0_189617.csv,84,2100,2129,0,1799.223172852001,"E1 FFlow, E1 EGT1, E1 RPM",30,30,30,30,30,0,29,53.86221941246917,334.6066194929683,8528.202318431633,192.4945415505154,442.64548301981273,2.046503245147612,74.02231940238242
open_2017_05_08_close_2017_05_08_flight_Fixed Wing_N550ND_before_0_189617.csv,85,2125,2154,0,1757.776309731106,"E1 FFlow, E1 EGT1, E1 RPM",30,30,30,30,30,0,29,54.00558849003849,334.6066194929683,8333.658691349665,192.4945415505154,442.64548301981273,2.446523893483865,73.99784197928662
open_2017_05_08_close_2017_05_08_flight_Fixed Wing_N550ND_before_0_189617.csv,86,2150,2179,0,1737.0799175925263,"E1 FFlow, E1 EGT1, E1 RPM",30,30,30,30,30,0,27,54.41004934828531,334.6066194929683,8234.230504413716,192.4945415505154,442.64548301981273,2.046503245147612,73.97045998993846
open_2017_05_08_close_2017_05_08_flight_Fixed Wing_N550ND_before_0_189617.csv,87,2175,2204,0,1739.517833660183,"E1 FFlow, E1 EGT1, E1 RPM",30,30,30,30,30,0,26,54.097157798937914,334.6066194929683,8245.561182064283,192.4945415505154,442.64548301981273,2.046503245147612,74.00758541728646
open_2017_05_08_close_2017_05_08_flight_Fixed Wing_N550ND_before_0_189617.csv,88,2200,2229,0,1743.830900338568,"E1 FFlow, E1 EGT1, E1 RPM",30,30,30,30,30,0,28,53.83449787803158,334.6066194929683,8266.0112896633,192.4945415505154,442.64548301981273,2.046503245147612,74.00278257173092
open_2017_05_08_close_2017_05_08_flight_Fixed Wing_N550ND_before_0_189617.csv,89,2225,2254,0,1745.0829719477397,"E1 FFlow, E1 EGT1, E1 RPM",30,30,30,30,30,0,30,53.860493079220674,334.6066194929683,8272.115492066709,192.4945415505154,442.64548301981273,2.046503245147612,74.0117856266545
open_2017_05_08_close_2017_05_08_flight_Fixed Wing_N550ND_before_0_189617.csv,90,2250,2279,0,1744.7736277848069,"E1 FFlow, E1 EGT1, E1 RPM",30,30,30,30,30,0,29,53.85521307251712,334.6066194929683,8270.666469409973,192.4945415505154,442.64548301981273,2.046503245147612,74.00977095311198
open_2017_05_08_close_2017_05_08_flight_Fixed Wing_N550ND_before_0_189617.csv,91,2275,2304,0,1743.4046713157168,"E1 FFlow, E1 EGT1, E1 RPM",30,30,30,30,30,0,27,53.85739724796927,334.6066194929683,8264.339409433353,192.4945415505154,442.64548301981273,2.046503245147612,74.0072490845863
open_2017_05_08_close_2017_05_08_flight_Fixed Wing_N550ND_before_0_189617.csv,92,2300,2329,0,1738.3096611150104,"E1 FFlow, E1 EGT1, E1 RPM",30,30,30,30,30,0,29,53.850595396952,334.6066194929683,8239.890543742718,192.4945415505154,442.64548301981273,2.046503245147612,74.01357259302728
open_2017_05_08_close_2017_05_08_flight_Fixed Wing_N550ND_before_0_189617.csv,93,2325,2354,0,1652.9788215815288,"E1 FFlow, E1 EGT1, E1 RPM",30,30,30,30,30,0,29,53.93495776025502,334.6066194929683,7836.882456366957,192.4945415505154,442.64548301981273,2.046503245147612,73.98638940612415
open_2017_05_08_close_2017_05_08_flight_Fixed Wing_N550ND_before_0_189617.csv,94,2350,2379,0,1563.737673191348,"E1 FFlow, E1 EGT1, E1 RPM",30,30,30,30,30,0,26,54.12106276426034,334.6066194929683,7412.439435897714,192.4945415505154,442.64548301981273,2.046503245147612,73.99478177665988
open_2017_05_08_close_2017_05_08_flight_Fixed Wing_N550ND_before_0_189617.csv,95,2375,2404,0,1569.0685805470255,"E1 FFlow, E1 EGT1, E1 RPM",30,30,30,30,30,1,28,54.11508389221658,334.6066194929683,7431.589667340626,192.4945415505154,442.64548301981273,3.5406396255082693,73.99299080530076
open_2017_05_08_close_2017_05_08_flight_Fixed Wing_N550ND_before_0_189617.csv,96,2400,2429,0,1446.7319530627908,"E1 FFlow, E1 EGT1, E1 RPM",30,30,30,30,30,8,27,53.85412072082511,334.6066194929683,6782.846741720207,192.4945415505154,442.64548301981273,27.447323726816034,73.99455785926982
open_2017_05_08_close_2017_05_08_flight_Fixed Wing_N550ND_before_0_189617.csv,97,2425,2454,0,1245.8814913688598,"E1 FFlow, E1 EGT1, E1 RPM",30,30,30,30,30,4,29,53.870281463278396,334.6066194929683,5635.405322801092,192.4945415505154,442.64548301981273,24.511904583349796,74.00548793371948
open_2017_05_08_close_2017_05_08_flight_Fixed Wing_N550ND_before_0_189617.csv,98,2450,2479,0,1735.3207214988975,"E1 FFlow, E1 EGT1, E1 RPM",30,30,30,30,30,0,28,53.82123518799595,334.6066194929683,8220.121144651064,192.4945415505154,442.64548301981273,6.423933608876669,74.01643872623772
open_2017_05_08_close_2017_05_08_flight_Fixed Wing_N550ND_before_0_189617.csv,99,2475,2504,0,1780.352681589563,"E1 FFlow, E1 EGT1, E1 RPM",30,30,30,30,30,0,28,53.890993214311436,334.6066194929683,8439.079635298613,192.4945415505154,442.64548301981273,3.146923409996825,73.99922032502351
open_2017_05_08_close_2017_05_08_flight_Fixed Wing_N550ND_before_0_189617.csv,100,2500,2529,0,1787.2537884943645,"E1 FFlow, E1 EGT1, E1 RPM",30,30,30,30,30,0,26,54.32870837378907,334.6066194929683,8470.631822262414,192.4945415505154,442.64548301981273,3.9419463528640293,73.98227511311879
open_2017_05_08_close_2017_05_08_flight_Fixed Wing_N550ND_before_0_189617.csv,101,2525,2554,0,1790.8692831217522,"E1 FFlow, E1 EGT1, E1 RPM",30,30,30,30,30,0,27,54.15630363874673,334.6066194929683,8490.981864390793,192.4945415505154,442.64548301981273,2.929488044865378,74.00909744386686
open_2017_05_08_close_2017_05_08_flight_Fixed Wing_N550ND_before_0_189617.csv,102,2550,2579,0,1762.2951929183791,"E1 FFlow, E1 EGT1, E1 RPM",30,30,30,30,30,0,30,53.832773468515875,334.6066194929683,8354.690661686776,192.4945415505154,442.64548301981273,2.5501884746529706,74.01023655912776
open_2017_05_08_close_2017_05_08_flight_Fixed Wing_N550ND_before_0_189617.csv,103,2575,2604,0,1750.0209031661445,"E1 FFlow, E1 EGT1, E1 RPM",30,30,30,30,30,0,28,53.92445802153733,334.6066194929683,8295.79451940373,192.4945415505154,442.64548301981273,2.612049295788725,73.98827958023884
open_2017_05_08_close_2017_05_08_flight_Fixed Wing_N550ND_before_0_189617.csv,104,2600,2629,0,1708.5448812074596,"E1 FFlow, E1 EGT1, E1 RPM",30,30,30,30,30,1,28,53.887062389937824,334.6066194929683,8100.59391892513,192.4945415505154,442.64548301981273,3.1425329034180214,73.9934506286515
open_2017_05_08_close_2017_05_08_flight_Fixed Wing_N550ND_before_0_189617.csv,105,2625,2654,0,1619.6044715126584,"E1 FFlow, E1 EGT1, E1 RPM",30,30,30,30,30,0,28,54.12703923176539,334.6066194929683,7677.983799404737,192.4945415505154,442.64548301981273,3.5165857870703605,73.99590061743417
open_2017_05_08_close_2017_05_08_flight_Fixed Wing_N550ND_before_0_189617.csv,106,2650,2679,0,1601.5702546598882,"E1 FFlow, E1 EGT1, E1 RPM",30,30,30,30,30,1,27,54.119929490537665,334.6066194929683,7589.369473971341,192.4945415505154,442.64548301981273,3.031708181408841,73.97815263941544
open_2017_05_08_close_2017_05_08_flight_Fixed Wing_N550ND_before_0_189617.csv,107,2675,2704,0,1600.386442280006,"E1 FFlow, E1 EGT1, E1 RPM",30,30,30,30,30,0,26,53.98085798920625,334.6066194929683,7584.202783862926,192.4945415505154,442.64548301981273,2.046503245147612,73.97588444434926
open_2017_05_08_close_2017_05_08_flight_Fixed Wing_N550ND_before_0_189617.csv,108,2700,2729,0,1731.9131732801902,"E1 FFlow, E1 EGT1, E1 RPM",30,30,30,30,30,1,27,53.81084940125724,334.6066194929683,8200.697810480115,192.4945415505154,442.64548301981273,3.8753350365263524,73.99374377864399
open_2017_05_08_close_2017_05_08_flight_Fixed Wing_N550ND_before_0_189617.csv,109,2725,2754,0,1781.997010861548,"E1 FFlow, E1 EGT1, E1 RPM",30,30,30,30,30,0,27,53.852612472533345,334.6066194929683,8447.139291263775,192.4945415505154,442.64548301981273,2.046503245147612,74.04288970962823
open_2017_05_08_close_2017_05_08_flight_Fixed Wing_N550ND_before_0_189617.csv,110,2750,2779,0,1789.916321084493,"E1 FFlow, E1 EGT1, E1 RPM",30,30,30,30,30,0,30,53.872350025919474,334.6066194929683,8483.732520147152,192.4945415505154,442.64548301981273,2.046503245147612,74.04725807914095
open_2017_05_08_close_2017_05_08_flight_Fixed Wing_N550ND_before_0_189617.csv,111,2775,2804,0,1788.698535956161,"E1 FFlow, E1 EGT1, E1 RPM",30,30,30,30,30,0,29,53.923078546376,334.6066194929683,8481.204738612912,192.4945415505154,442.64548301981273,2.046503245147612,74.00287909507534
open_2017_05_08_close_2017_05_08_flight_Fixed Wing_N550ND_before_0_189617.csv,112,2800,2829,0,1737.202345915118,"E1 FFlow, E1 EGT1, E1 RPM",30,30,30,30,30,0,28,53.92573183001957,334.6066194929683,8235.852920923859,192.4945415505154,442.64548301981273,2.046503245147612,73.9944471235196
open_2017_05_08_close_2017_05_08_flight_Fixed Wing_N550ND_before_0_189617.csv,113,2825,2854,0,1722.3969932859668,"E1 FFlow, E1 EGT1, E1 RPM",30,30,30,30,30,0,28,53.86933724644036,334.6066194929683,8164.596075634217,192.4945415505154,442.64548301981273,2.046503245147612,74.00310021150284
open_2017_05_08_close_2017_05_08_flight_Fixed Wing_N550ND_before_0_189617.csv,114,2850,2879,0,1724.348916500985,"E1 FFlow, E1 EGT1, E1 RPM",30,30,30,30,30,0,27,53.44643923071399,334.6066194929683,8172.9717165029215,192.4945415505154,442.64548301981273,2.046503245147612,73.95342187464183
open_2017_05_08_close_2017_05_08_flight_Fixed Wing_N550ND_before_0_189617.csv,115,2875,2904,0,1741.4525627419637,"E1 FFlow, E1 EGT1, E1 RPM",30,30,30,30,30,0,27,53.64800981922678,334.6066194929683,8254.422151370367,192.4945415505154,442.64548301981273,2.046503245147612,73.99048611836155
open_2017_05_08_close_2017_05_08_flight_Fixed Wing_N550ND_before_0_189617.csv,116,2900,2929,0,1737.9811281136256,"E1 FFlow, E1 EGT1, E1 RPM",30,30,30,30,30,0,28,53.88025258111617,334.6066194929683,8239.052615093016,192.4945415505154,442.64548301981273,2.046503245147612,74.00590596908316
open_2017_05_08_close_2017_05_08_flight_Fixed Wing_N550ND_before_0_189617.csv,117,2925,2954,0,1732.279273288054,"E1 FFlow, E1 EGT1, E1 RPM",30,30,30,30,30,0,29,53.871054159855234,334.6066194929683,8210.96164486531,192.4945415505154,442.64548301981273,2.046503245147612,74.01137184062704
open_2017_05_08_close_2017_05_08_flight_Fixed Wing_N550ND_before_0_189617.csv,118,2950,2979,0,1673.6320574724384,"E1 FFlow, E1 EGT1, E1 RPM",30,30,30,30,30,0,29,53.897554108978966,334.6066194929683,7934.7236734455355,192.4945415505154,442.64548301981273,2.4968398021825986,74.03096664337505
open_2017_05_08_close_2017_05_08_flight_Fixed Wing_N550ND_before_0_189617.csv,119,2975,3004,0,1570.0723099680347,"E1 FFlow, E1 EGT1, E1 RPM",30,30,30,30,30,0,30,53.896151779588855,334.6066194929683,7442.684344903198,192.4945415505154,442.64548301981273,2.046503245147612,74.01274938214652
open_2017_05_08_close_2017_05_08_flight_Fixed Wing_N550ND_before_0_189617.csv,120,3000,3029,0,1550.215101817281,"E1 FFlow, E1 EGT1, E1 RPM",30,30,30,30,30,0,26,53.90420393648044,334.6066194929683,7344.797823212884,192.4945415505154,442.64548301981273,2.046503245147612,73.99841158133943
open_2017_05_08_close_2017_05_08_flight_Fixed Wing_N550ND_before_0_189617.csv,121,3025,3054,0,1631.826509687741,"E1 FFlow, E1 EGT1, E1 RPM",30,30,30,30,30,0,27,53.897352212587,334.6066194929683,7731.478746911851,192.4945415505154,442.64548301981273,2.046503245147612,74.0073678923009
open_2017_05_08_close_2017_05_08_flight_Fixed Wing_N550ND_before_0_189617.csv,122,3050,3079,0,1245.357939064639,"E1 FFlow, E1 EGT1, E1 RPM",30,30,30,30,30,7,27,53.912097072175534,334.6066194929683,5755.282060650575,192.4945415505154,442.64548301981273,33.30168224665286,74.00166620754955
open_2017_05_08_close_2017_05_08_flight_Fixed Wing_N550ND_before_0_189617.csv,123,3075,3104,0,1649.2023931017802,"E1 FFlow, E1 EGT1, E1 RPM",30,30,30,30,30,0,26,53.88406665059519,334.6066194929683,7763.96630856498,192.4945415505154,442.64548301981273,9.627457423768657,74.01123109458025
open_2017_05_08_close_2017_05_08_flight_Fixed Wing_N550ND_before_0_189617.csv,124,3100,3129,0,1775.556815857883,"E1 FFlow, E1 EGT1, E1 RPM",30,30,30,30,30,0,28,53.842689593290025,334.6066194929683,8416.048373595151,192.4945415505154,442.64548301981273,2.933464557871131,74.0126807829398
open_2017_05_08_close_2017_05_08_flight_Fixed Wing_N550ND_before_0_189617.csv,125,3125,3154,0,1788.1729077038144,"E1 FFlow, E1 EGT1, E1 RPM",30,30,30,30,30,0,27,53.862388490421004,334.6066194929683,8475.765907075902,192.4945415505154,442.64548301981273,2.046503245147612,74.03483742020913
open_2017_05_08_close_2017_05_08_flight_Fixed Wing_N550ND_before_0_189617.csv,126,3150,3179,0,1773.8429053278664,"E1 FFlow, E1 EGT1, E1 RPM",30,30,30,30,30,0,27,54.17471138653388,334.6066194929683,8410.555490740046,192.4945415505154,442.64548301981273,2.046503245147612,73.97016712894063
open_2017_05_08_close_2017_05_08_flight_Fixed Wing_N550ND_before_0_189617.csv,127,3175,3204,0,1738.2755249651957,"E1 FFlow, E1 EGT1, E1 RPM",30,30,30,30,30,0,26,54.252725312993086,334.6066194929683,8240.386143904876,192.4945415505154,442.64548301981273,2.046503245147612,73.97287683910793
open_2017_05_08_close_2017_05_08_flight_Fixed Wing_N550ND_before_0_189617.csv,128,3200,3229,0,1737.875608851085,"E1 FFlow, E1 EGT1, E1 RPM",30,30,30,30,30,0,28,53.9260130705932,334.6066194929683,8237.630884661563,192.4945415505154,442.64548301981273,2.046503245147612,73.9797055773692
open_2017_05_08_close_2017_05_08_flight_Fixed Wing_N550ND_before_0_189617.csv,129,3225,3254,0,1738.1947558782251,"E1 FFlow, E1 EGT1, E1 RPM",30,30,30,30,30,0,27,53.87374845074131,334.6066194929683,8239.57918075765,192.4945415505154,442.64548301981273,2.046503245147612,73.98507019656878
open_2017_05_08_close_2017_05_08_flight_Fixed Wing_N550ND_before_0_189617.csv,130,3250,3279,0,1722.4620152195469,"E1 FFlow, E1 EGT1, E1 RPM",30,30,30,30,30,0,29,53.905771758401755,334.6066194929683,8166.072238225341,192.4945415505154,442.64548301981273,2.503326987160397,74.0206422748324
open_2017_05_08_close_2017_05_08_flight_Fixed Wing_N550ND_before_0_189617.csv,131,3275,3304,0,1612.6977326810554,"E1 FFlow, E1 EGT1, E1 RPM",30,30,30,30,30,0,28,54.18903766821814,334.6066194929683,7645.68179376064,192.4945415505154,442.64548301981273,2.445257211046871,73.9855974429229
open_2017_05_08_close_2017_05_08_flight_Fixed Wing_N550ND_before_0_189617.csv,132,3300,3329,0,1539.2658322168243,"E1 FFlow, E1 EGT1, E1 RPM",30,30,30,30,30,0,29,54.18419282503019,334.6066194929683,7296.248218369914,192.4945415505154,442.64548301981273,2.046503245147612,73.99285060510748
open_2017_05_08_close_2017_05_08_flight_Fixed Wing_N550ND_before_0_189617.csv,133,3325,3354,0,1519.5667007715294,"E1 FFlow, E1 EGT1, E1 RPM",30,30,30,30,30,0,28,53.932098198910055,334.6066194929683,7201.34139847947,192.4945415505154,442.64548301981273,2.046503245147612,74.02189542213762
open_2017_05_08_close_2017_05_08_flight_Fixed Wing_N550ND_before_0_189617.csv,134,3350,3379,0,1571.8655310999386,"E1 FFlow, E1 EGT1, E1 RPM",30,30,30,30,30,2,28,53.89601604546563,334.6066194929683,7442.884640931174,192.4945415505154,442.64548301981273,8.349588788096526,73.99172994929168
open_2017_05_08_close_2017_05_08_flight_Fixed Wing_N550ND_before_0_189617.csv,135,3375,3404,0,1260.751000103324,"E1 FFlow, E1 EGT1, E1 RPM",30,30,30,30,30,5,28,53.88838736124096,334.6066194929683,5818.421328014099,192.4945415505154,442.64548301981273,19.57392473103998,74.01444679726279
open_2017_05_08_close_2017_05_08_flight_Fixed Wing_N550ND_before_0_189617.csv,136,3400,3429,0,1702.9764786967462,"E1 FFlow, E1 EGT1, E1 RPM",30,30,30,30,30,0,29,53.850898816245795,334.6066194929683,8060.334406272176,192.4945415505154,442.64548301981273,2.445257211046871,74.01918557113325
open_2017_05_08_close_2017_05_08_flight_Fixed Wing_N550ND_before_0_189617.csv,137,3425,3454,0,1773.6407788523316,"E1 FFlow, E1 EGT1, E1 RPM",30,30,30,30,30,0,28,53.87294903297688,334.6066194929683,8406.875271341969,192.4945415505154,442.64548301981273,2.046503245147612,74.00850500079977
open_2017_05_08_close_2017_05_08_flight_Fixed Wing_N550ND_before_0_189617.csv,138,3450,3479,0,1783.4736840607839,"E1 FFlow, E1 EGT1, E1 RPM",30,30,30,30,30,0,27,53.887217267366175,334.6066194929683,8453.870907771292,192.4945415505154,442.64548301981273,2.046503245147612,74.03643767200727
open_2017_05_08_close_2017_05_08_flight_Fixed Wing_N550ND_before_0_189617.csv,139,3475,3504,0,1782.6514831089507,"E1 FFlow, E1 EGT1, E1 RPM",30,30,30,30,30,0,29,53.874185312389805,334.6066194929683,8451.920819786828,192.4945415505154,442.64548301981273,2.046503245147612,74.00190908308113
open_2017_05_08_close_2017_05_08_flight_Fixed Wing_N550ND_before_0_189617.csv,140,3500,3529,0,1747.9764323456482,"E1 FFlow, E1 EGT1, E1 RPM",30,30,30,30,30,0,27,53.87082700142044,334.6066194929683,8286.541166011219,192.4945415505154,442.64548301981273,2.046503245147612,74.01131057760021
open_2017_05_08_close_2017_05_08_flight_Fixed Wing_N550ND_before_0_189617.csv,141,3525,3554,0,1740.1655499294416,"E1 FFlow, E1 EGT1, E1 RPM",30,30,30,30,30,0,27,53.86106387683813,334.6066194929683,8248.82571526006,192.4945415505154,442.64548301981273,2.046503245147612,74.01708980222877
open_2017_05_08_close_2017_05_08_flight_Fixed Wing_N550ND_before_0_189617.csv,142,3550,3579,0,1739.7669028736032,"E1 FFlow, E1 EGT1, E1 RPM",30,30,30,30,30,0,29,54.055405996735985,334.6066194929683,8246.970844914056,192.4945415505154,442.64548301981273,2.046503245147612,73.97715451844772
open_2017_05_08_close_2017_05_08_flight_Fixed Wing_N550ND_before_0_189617.csv,143,3575,3604,0,1735.7685008928763,"E1 FFlow, E1 EGT1, E1 RPM",30,30,30,30,30,0,26,54.410676036650116,334.6066194929683,8227.891900197756,192.4945415505154,442.64548301981273,2.046503245147612,73.94729828298676
open_2017_05_08_close_2017_05_08_flight_Fixed Wing_N550ND_before_0_189617.csv,144,3600,3629,0,1735.9980968689813,"E1 FFlow, E1 EGT1, E1 RPM",30,30,30,30,30,0,26,54.052296717106216,334.6066194929683,8228.583979611636,192.4945415505154,442.64548301981273,2.046503245147612,74.00605178283203
open_2017_05_08_close_2017_05_08_flight_Fixed Wing_N550ND_before_0_189617.csv,145,3625,3654,0,1739.0711334793693,"E1 FFlow, E1 EGT1, E1 RPM",30,30,30,30,30,0,30,53.88321040887451,334.6066194929683,8243.751505775232,192.4945415505154,442.64548301981273,2.046503245147612,74.01451259424309
open_2017_05_08_close_2017_05_08_flight_Fixed Wing_N550ND_before_0_189617.csv,146,3650,3679,0,1738.2318023339262,"E1 FFlow, E1 EGT1, E1 RPM",30,30,30,30,30,0,28,53.86522820983074,334.6066194929683,8239.741353717687,192.4945415505154,442.64548301981273,2.046503245147612,74.01027412003496
open_2017_05_08_close_2017_05_08_flight_Fixed Wing_N550ND_before_0_189617.csv,147,3675,3704,0,1736.0152254194236,"E1 FFlow, E1 EGT1, E1 RPM",30,30,30,30,30,0,30,53.859021437001694,334.6066194929683,8228.836487091368,192.4945415505154,442.64548301981273,2.046503245147612,73.99279218682108
open_2017_05_08_close_2017_05_08_flight_Fixed Wing_N550ND_before_0_189617.csv,148,3700,3729,0,1737.5708236744097,"E1 FFlow, E1 EGT1, E1 RPM",30,30,30,30,30,0,28,53.875912108743925,334.6066194929683,8236.6426784116,192.4945415505154,442.64548301981273,2.046503245147612,74.01755161064352
open_2017_05_08_close_2017_05_08_flight_Fixed Wing_N550ND_before_0_189617.csv,149,3725,3754,0,1727.0175536578356,"E1 FFlow, E1 EGT1, E1 RPM",30,30,30,30,30,1,28,53.87660750998237,334.6066194929683,8187.281349491756,192.4945415505154,442.64548301981273,4.251040756557921,74.04071666550732
open_2017_05_08_close_2017_05_08_flight_Fixed Wing_N550ND_before_0_189617.csv,150,3750,3779,0,1627.7765682665026,"E1 FFlow, E1 EGT1, E1 RPM",30,30,30,30,30,1,30,54.19955162349672,334.6066194929683,7717.336104219244,192.4945415505154,442.64548301981273,4.045464883396995,73.98450474467082
open_2017_05_08_close_2017_05_08_flight_Fixed Wing_N550ND_before_0_189617.csv,151,3775,3804,0,1583.6538333985081,"E1 FFlow, E1 EGT1, E1 RPM",30,30,30,30,30,0,27,54.221190700077784,334.6066194929683,7505.672547112199,192.4945415505154,442.64548301981273,2.3575672588711503,73.98758018144753
open_2017_05_08_close_2017_05_08_flight_Fixed Wing_N550ND_before_0_189617.csv,152,3800,3829,0,1615.7160243881303,"E1 FFlow, E1 EGT1, E1 RPM",30,30,30,30,30,0,28,53.924989239373694,334.6066194929683,7654.878905568534,192.4945415505154,442.64548301981273,2.046503245147612,74.00052939102375
open_2017_05_08_close_2017_05_08_flight_Fixed Wing_N550ND_before_0_189617.csv,153,3825,3854,0,1643.6155352198557,"E1 FFlow, E1 EGT1, E1 RPM",30,30,30,30,30,0,28,53.878377426311836,334.6066194929683,7790.490278054293,192.4945415505154,442.64548301981273,2.046503245147612,74.02377915984292
open_2017_05_08_close_2017_05_08_flight_Fixed Wing_N550ND_before_0_189617.csv,154,3850,3879,0,1649.0110102392673,"E1 FFlow, E1 EGT1, E1 RPM",30,30,30,30,30,0,28,53.88815728219185,334.6066194929683,7813.139006779638,192.4945415505154,442.64548301981273,2.046503245147612,74.01025462880655
open_2017_05_08_close_2017_05_08_flight_Fixed Wing_N550ND_before_0_189617.csv,155,3875,3904,0,1352.0364473802326,"E1 FFlow, E1 EGT1, E1 RPM",30,30,30,30,30,6,27,53.912608582869815,334.6066194929683,6240.602048362586,192.4945415505154,442.64548301981273,31.489921242226583,74.01724351264635
open_2017_05_08_close_2017_05_08_flight_Fixed Wing_N550ND_before_0_189617.csv,156,3900,3929,0,1467.2173604910627,"E1 FFlow, E1 EGT1, E1 RPM",30,30,30,30,30,3,26,53.88141212735805,334.6066194929683,6719.913147948902,192.4945415505154,442.64548301981273,21.31743983485241,74.02355475000736
open_2017_05_08_close_2017_05_08_flight_Fixed Wing_N550ND_before_0_189617.csv,157,3925,3954,0,1764.2462418398875,"E1 FFlow, E1 EGT1, E1 RPM",30,30,30,30,30,0,30,53.88396432870472,334.6066194929683,8360.571544037784,192.4945415505154,442.64548301981273,3.698244079939605,74.02295520289016
open_2017_05_08_close_2017_05_08_flight_Fixed Wing_N550ND_before_0_189617.csv,158,3950,3979,0,1785.1875955946336,"E1 FFlow, E1 EGT1, E1 RPM",30,30,30,30,30,0,29,54.11067515708841,334.6066194929683,8462.163818196379,192.4945415505154,442.64548301981273,2.046503245147612,73.98022872300668
open_2017_05_08_close_2017_05_08_flight_Fixed Wing_N550ND_before_0_189617.csv,159,3975,4004,0,1790.428757247425,"E1 FFlow, E1 EGT1, E1 RPM",30,30,30,30,30,0,28,54.16185723493289,334.6066194929683,8486.946667731154,192.4945415505154,442.64548301981273,2.046503245147612,74.00400820075222
open_2017_05_08_close_2017_05_08_flight_Fixed Wing_N550ND_before_0_189617.csv,160,4000,4029,0,1768.8613418340153,"E1 FFlow, E1 EGT1, E1 RPM",30,30,30,30,30,0,29,53.87013240633011,334.6066194929683,8386.367533711582,192.4945415505154,442.64548301981273,2.046503245147612,74.00349915385151
open_2017_05_08_close_2017_05_08_flight_Fixed Wing_N550ND_before_0_189617.csv,161,4025,4054,0,1661.7457509066633,"E1 FFlow, E1 EGT1, E1 RPM",30,30,30,30,30,1,28,54.135359806372335,334.6066194929683,7878.3645439494485,192.4945415505154,442.64548301981273,3.8237942071649402,73.98225519205776
open_2017_05_08_close_2017_05_08_flight_Fixed Wing_N550ND_before_0_189617.csv,162,4050,4079,0,1597.9406937790723,"E1 FFlow, E1 EGT1, E1 RPM",30,30,30,30,30,0,27,54.25502770207572,334.6066194929683,7572.24843691333,192.4945415505154,442.64548301981273,2.046503245147612,73.95996712148649
open_2017_05_08_close_2017_05_08_flight_Fixed Wing_N550ND_before_0_189617.csv,163,4075,4104,0,1595.1476694566454,"E1 FFlow, E1 EGT1, E1 RPM",30,30,30,30,30,0,26,54.03279233223303,334.6066194929683,7560.627120507343,192.4945415505154,442.64548301981273,2.046503245147612,74.00613688634243
open_2017_05_08_close_2017_05_08_flight_Fixed Wing_N550ND_before_0_189617.csv,164,4100,4129,0,1659.6164889473375,"E1 FFlow, E1 EGT1, E1 RPM",30,30,30,30,30,0,28,53.890272926282954,334.6066194929683,7861.009205908568,192.4945415505154,442.64548301981273,2.046503245147612,74.01110392362806
open_2017_05_08_close_2017_05_08_flight_Fixed Wing_N550ND_before_0_189617.csv,165,4125,4154,0,1348.6210209100268,"E1 FFlow, E1 EGT1, E1 RPM",30,30,30,30,30,4,28,53.89191840116741,334.6066194929683,6233.171473763121,192.4945415505154,442.64548301981273,33.61204540727999,74.03115822766947
open_2017_05_08_close_2017_05_08_flight_Fixed Wing_N550ND_before_0_189617.csv,166,4150,4179,0,1504.7109640939789,"E1 FFlow, E1 EGT1, E1 RPM",30,30,30,30,30,0,27,53.860485533063915,334.6066194929683,6923.24235765893,192.4945415505154,442.64548301981273,6.628281352224975,74.00989830699538
open_2017_05_08_close_2017_05_08_flight_Fixed Wing_N550ND_before_0_189617.csv,167,4175,4204,0,1773.6026603417436,"E1 FFlow, E1 EGT1, E1 RPM",30,30,30,30,30,0,28,53.845159694313814,334.6066194929683,8405.536120719447,192.4945415505154,442.64548301981273,2.6794541683105026,74.01502578074556
open_2017_05_08_close_2017_05_08_flight_Fixed Wing_N550ND_before_0_189617.csv,168,4200,4229,0,1786.956042773589,"E1 FFlow, E1 EGT1, E1 RPM",30,30,30,30,30,0,28,53.852590803193124,334.6066194929683,8471.044712316518,192.4945415505154,442.64548301981273,2.046503245147612,74.01504661878998
open_2017_05_08_close_2017_05_08_flight_Fixed Wing_N550ND_before_0_189617.csv,169,4225,4254,0,1801.7637632470273,"E1 FFlow, E1 EGT1, E1 RPM",30,30,30,30,30,0,27,53.86242683526119,334.6066194929683,8540.280966957567,192.4945415505154,442.64548301981273,2.046503245147612,74.01562097284966
open_2017_05_08_close_2017_05_08_flight_Fixed Wing_N550ND_before_0_189617.csv,170,4250,4279,0,1766.1052263989,"E1 FFlow, E1 EGT1, E1 RPM",30,30,30,30,30,0,27,53.87140063079552,334.6066194929683,8372.938126632624,192.4945415505154,442.64548301981273,2.046503245147612,74.0092143271094
open_2017_05_08_close_2017_05_08_flight_Fixed Wing_N550ND_before_0_189617.csv,171,4275,4304,0,1752.3699707684884,"E1 FFlow, E1 EGT1, E1 RPM",30,30,30,30,30,0,26,53.871408580308646,334.6066194929683,8306.963108801132,192.4945415505154,442.64548301981273,2.046503245147612,74.0146188195019
open_2017_05_08_close_2017_05_08_flight_Fixed Wing_N550ND_before_0_189617.csv,172,4300,4329,0,1746.4120559955763,"E1 FFlow, E1 EGT1, E1 RPM",30,30,30,30,30,0,29,54.13941011623269,334.6066194929683,8278.681112842218,192.4945415505154,442.64548301981273,2.046503245147612,73.96820808426388
open_2017_05_08_close_2017_05_08_flight_Fixed Wing_N550ND_before_0_189617.csv,173,4325,4354,0,1748.687190626846,"E1 FFlow, E1 EGT1, E1 RPM",30,30,30,30,30,0,29,54.214089295884534,334.6066194929683,8288.993147052708,192.4945415505154,442.64548301981273,2.046503245147612,73.97552075957638
open_2017_05_08_close_2017_05_08_flight_Fixed Wing_N550ND_before_0_189617.csv,174,4350,4379,0,1753.8443085163406,"E1 FFlow, E1 EGT1, E1 RPM",30,30,30,30,30,0,28,53.8838974149265,334.6066194929683,8313.297635160949,192.4945415505154,442.64548301981273,2.046503245147612,73.98720212203047
open_2017_05_08_close_2017_05_08_flight_Fixed Wing_N550ND_before_0_189617.csv,175,4375,4404,0,1751.8808333577679,"E1 FFlow, E1 EGT1, E1 RPM",30,30,30,30,30,0,27,53.85055224721637,334.6066194929683,8304.751803331163,192.4945415505154,442.64548301981273,2.046503245147612,74.00837624913137
open_2017_05_08_close_2017_05_08_flight_Fixed Wing_N550ND_before_0_189617.csv,176,4400,4429,0,1755.1298839421504,"E1 FFlow, E1 EGT1, E1 RPM",30,30,30,30,30,0,26,53.846317989801015,334.6066194929683,8319.466190706213,192.4945415505154,442.64548301981273,2.046503245147612,74.00907951880052
open_2017_05_08_close_2017_05_08_flight_Fixed Wing_N550ND_before_0_189617.csv,177,4425,4454,0,1751.1648552553909,"E1 FFlow, E1 EGT1, E1 RPM",30,30,30,30,30,0,28,53.859196051712324,334.6066194929683,8301.558420340663,192.4945415505154,442.64548301981273,2.046503245147612,74.00332199559185
open_2017_05_08_close_2017_05_08_flight_Fixed Wing_N550ND_before_0_189617.csv,178,4450,4479,0,1737.804143610879,"E1 FFlow, E1 EGT1, E1 RPM",30,30,30,30,30,0,28,53.87575043382211,334.6066194929683,8237.821386706193,192.4945415505154,442.64548301981273,2.046503245147612,74.00556744621505
open_2017_05_08_close_2017_05_08_flight_Fixed Wing_N550ND_before_0_189617.csv,179,4475,4504,0,1696.186014737833,"E1 FFlow, E1 EGT1, E1 RPM",30,30,30,30,30,0,27,53.89555920312054,334.6066194929683,8041.678438393994,192.4945415505154,442.64548301981273,2.426395999826414,73.99487074726581
open_2017_05_08_close_2017_05_08_flight_Fixed Wing_N550ND_before_0_189617.csv,180,4500,4529,0,1613.1688185230355,"E1 FFlow, E1 EGT1, E1 RPM",30,30,30,30,30,0,27,54.23176073043666,334.6066194929683,7644.776287414727,192.4945415505154,442.64548301981273,2.046503245147612,73.97375124311868
open_2017_05_08_close_2017_05_08_flight_Fixed Wing_N550ND_before_0_189617.csv,181,4525,4554,0,1646.8585818656945,"E1 FFlow, E1 EGT1, E1 RPM",30,30,30,30,30,0,27,54.111371872946165,334.6066194929683,7804.247538895685,192.4945415505154,442.64548301981273,2.046503245147612,73.99529415434004
open_2017_05_08_close_2017_05_08_flight_Fixed Wing_N550ND_before_0_189617.csv,182,4550,4579,0,1679.1725160962183,"E1 FFlow, E1 EGT1, E1 RPM",30,30,30,30,30,0,28,53.89996994424794,334.6066194929683,7959.041448457536,192.4945415505154,442.64548301981273,2.046503245147612,74.02558691978803
open_2017_05_08_close_2017_05_08_flight_Fixed Wing_N550ND_before_0_189617.csv,183,4575,4604,0,1685.182760067258,"E1 FFlow, E1 EGT1, E1 RPM",30,30,30,30,30,0,28,53.876004082765874,334.6066194929683,7986.619409059532,192.4945415505154,442.64548301981273,2.046503245147612,74.01026080384658
open_2017_05_08_close_2017_05_08_flight_Fixed Wing_N550ND_before_0_189617.csv,184,4600,4629,0,1707.7592178842688,"E1 FFlow, E1 EGT1, E1 RPM",30,30,30,30,30,0,28,53.86934176947717,334.6066194929683,8094.953833489679,192.4945415505154,442.64548301981273,2.046503245147612,74.00524992957301
open_2017_05_08_close_2017_05_08_flight_Fixed Wing_N550ND_before_0_189617.csv,185,4625,4654,0,1672.4315207071943,"E1 FFlow, E1 EGT1, E1 RPM",30,30,30,30,30,0,29,53.87339794975572,334.6066194929683,7928.5017232301925,192.4945415505154,442.64548301981273,2.046503245147612,74.01244845043796
open_2017_05_08_close_2017_05_08_flight_Fixed Wing_N550ND_before_0_189617.csv,186,4650,4679,0,1344.0765712430843,"E1 FFlow, E1 EGT1, E1 RPM",30,30,30,30,30,0,28,53.89050986027716,334.6066194929683,6255.746226544149,192.4945415505154,442.64548301981273,2.046503245147612,74.01345841494103
open_2017_05_08_close_2017_05_08_flight_Fixed Wing_N550ND_before_0_189617.csv,187,4675,4704,0,1703.648561887321,"E1 FFlow, E1 EGT1, E1 RPM",30,30,30,30,30,0,27,53.85868903087938,334.6066194929683,8057.039067488812,192.4945415505154,442.64548301981273,2.426395999826414,74.01327338303939
open_2017_05_08_close_2017_05_08_flight_Fixed Wing_N550ND_before_0_189617.csv,188,4700,4729,0,1782.1029466043217,"E1 FFlow, E1 EGT1, E1 RPM",30,30,30,30,30,0,29,53.856289539843125,334.6066194929683,8447.363809598395,192.4945415505154,442.64548301981273,2.046503245147612,74.01452967261096
open_2017_05_08_close_2017_05_08_flight_Fixed Wing_N550ND_before_0_189617.csv,189,4725,4754,0,1786.8389089473221,"E1 FFlow, E1 EGT1, E1 RPM",30,30,30,30,30,0,28,54.119139239390606,334.6066194929683,8470.241611863086,192.4945415505154,442.64548301981273,2.046503245147612,74.00810072110967
open_2017_05_08_close_2017_05_08_flight_Fixed Wing_N550ND_before_0_189617.csv,190,4750,4779,0,1816.7947285262076,"E1 FFlow, E1 EGT1, E1 RPM",30,30,30,30,30,0,27,54.14951490416922,334.6066194929683,8610.784997653549,192.4945415505154,442.64548301981273,2.046503245147612,73.97417545661703
open_2017_05_08_close_2017_05_08_flight_Fixed Wing_N550ND_before_0_189617.csv,191,4775,4804,0,1774.9975880784334,"E1 FFlow, E1 EGT1, E1 RPM",30,30,30,30,30,0,28,53.85266390203283,334.6066194929683,8416.030793881482,192.4945415505154,442.64548301981273,2.046503245147612,74.00651867533881
open_2017_05_08_close_2017_05_08_flight_Fixed Wing_N550ND_before_0_189617.csv,192,4800,4829,0,1705.1279500962296,"E1 FFlow, E1 EGT1, E1 RPM",30,30,30,30,30,0,27,53.90591507403736,334.6066194929683,8084.275143176043,192.4945415505154,442.64548301981273,2.046503245147612,74.00259401938615
open_2017_05_08_close_2017_05_08_flight_Fixed Wing_N550ND_before_0_189617.csv,193,4825,4854,0,1603.471849243008,"E1 FFlow, E1 EGT1, E1 RPM",30,30,30,30,30,0,26,54.21893775801395,334.6066194929683,7600.888178728878,192.4945415505154,442.64548301981273,2.046503245147612,73.98187008652444
open_2017_05_08_close_2017_05_08_flight_Fixed Wing_N550ND_before_0_189617.csv,194,4850,4879,0,1594.45739450272,"E1 FFlow, E1 EGT1, E1 RPM",30,30,30,30,30,0,29,54.13777625400395,334.6066194929683,7557.415809188991,192.4945415505154,442.64548301981273,2.046503245147612,73.98467583192209
open_2017_05_08_close_2017_05_08_flight_Fixed Wing_N550ND_before_0_189617.csv,195,4875,4904,0,1621.3448777225888,"E1 FFlow, E1 EGT1, E1 RPM",30,30,30,30,30,0,29,53.89262304770908,334.6066194929683,7681.997692271467,192.4945415505154,442.64548301981273,2.046503245147612,74.01098542763032
open_2017_05_08_close_2017_05_08_flight_Fixed Wing_N550ND_before_0_189617.csv,196,4900,4929,0,1652.8419667945948,"E1 FFlow, E1 EGT1, E1 RPM",30,30,30,30,30,0,27,53.886502721668336,334.6066194929683,7832.612548704585,192.4945415505154,442.64548301981273,2.046503245147612,73.99656115255343
open_2017_05_08_close_2017_05_08_flight_Fixed Wing_N550ND_before_0_189617.csv,197,4925,4954,0,1460.3536350096263,"E1 FFlow, E1 EGT1, E1 RPM",30,30,30,30,30,4,27,53.88958716612551,334.6066194929683,6810.141173264128,192.4945415505154,442.64548301981273,27.051752446017694,73.99437075693619
open_2017_05_08_close_2017_05_08_flight_Fixed Wing_N550ND_before_0_189617.csv,198,4950,4979,0,1344.4686260897781,"E1 FFlow, E1 EGT1, E1 RPM",30,30,30,30,30,4,27,53.86454885752928,334.6066194929683,6114.361022301984,192.4945415505154,442.64548301981273,33.42608355348594,74.00901451988621
open_2017_05_08_close_2017_05_08_flight_Fixed Wing_N550ND_before_0_189617.csv,199,4975,5004,0,1753.4225128478608,"E1 FFlow, E1 EGT1, E1 RPM",30,30,30,30,30,0,27,53.84919077529158,334.6066194929683,8307.98890325942,192.4945415505154,442.64548301981273,4.396824182651669,74.01799540709784
open_2017_05_08_close_2017_05_08_flight_Fixed Wing_N550ND_before_0_189617.csv,200,5000,5029,0,1782.7207517038107,"E1 FFlow, E1 EGT1, E1 RPM",30,30,30,30,30,0,27,54.10614322281927,334.6066194929683,8450.833833779925,192.4945415505154,442.64548301981273,2.046503245147612,73.96463708484372
open_2017_05_08_close_2017_05_08_flight_Fixed Wing_N550ND_before_0_189617.csv,201,5025,5054,0,1797.8561187641956,"E1 FFlow, E1 EGT1, E1 RPM",30,30,30,30,30,0,26,54.18687312631838,334.6066194929683,8520.344485323763,192.4945415505154,442.64548301981273,2.046503245147612,73.98538583958654
open_2017_05_08_close_2017_05_08_flight_Fixed Wing_N550ND_before_0_189617.csv,202,5050,5079,0,1778.3378415009142,"E1 FFlow, E1 EGT1, E1 RPM",30,30,30,30,30,0,27,54.09734458805021,334.6066194929683,8432.082387805076,192.4945415505154,442.64548301981273,2.046503245147612,73.9722672710772
open_2017_05_08_close_2017_05_08_flight_Fixed Wing_N550ND_before_0_189617.csv,203,5075,5104,0,1734.2084794155946,"E1 FFlow, E1 EGT1, E1 RPM",30,30,30,30,30,0,29,53.87292830771106,334.6066194929683,8221.410686639343,192.4945415505154,442.64548301981273,2.046503245147612,73.98901086015418
open_2017_05_08_close_2017_05_08_flight_Fixed Wing_N550ND_before_0_189617.csv,204,5100,5129,0,1721.1045379911775,"E1 FFlow, E1 EGT1, E1 RPM",30,30,30,30,30,0,27,53.575959035427665,334.6066194929683,8158.783302691943,192.4945415505154,442.6378960284797,2.993508085533191,73.9735559072182
open_2017_05_08_close_2017_05_08_flight_Fixed Wing_N550ND_before_0_189617.csv,205,5125,5154,0,1718.0781350277057,"E1 FFlow, E1 EGT1, E1 RPM",30,30,30,30,30,0,26,53.54843378012846,334.6066194929683,8143.27720090364,192.4945415505154,442.6131831817715,2.046503245147612,73.99502484366771
open_2017_05_08_close_2017_05_08_flight_Fixed Wing_N550ND_before_0_189617.csv,206,5150,5179,0,1724.2849104951217,"E1 FFlow, E1 EGT1, E1 RPM",30,30,30,30,30,0,28,53.46215560780536,334.6066194929683,8173.53056438932,192.4945415505154,442.6131831817715,2.046503245147612,73.92933499665524
open_2017_05_08_close_2017_05_08_flight_Fixed Wing_N550ND_before_0_189617.csv,207,5175,5204,0,1729.9810170674991,"E1 FFlow, E1 EGT1, E1 RPM",30,30,30,30,30,0,26,53.52257553249603,334.6066194929683,8199.726918237924,192.4945415505154,442.6354273187641,2.426395999826414,73.96986750809782
open_2017_05_08_close_2017_05_08_flight_Fixed Wing_N550ND_before_0_189617.csv,208,5200,5229,0,1729.744466120071,"E1 FFlow, E1 EGT1, E1 RPM",30,30,30,30,30,0,29,53.87219304860068,334.6066194929683,8199.714341632716,192.4945415505154,442.64548301981273,2.046503245147612,73.99834477990423
open_2017_05_08_close_2017_05_08_flight_Fixed Wing_N550ND_before_0_189617.csv,209,5225,5254,0,1726.9774005591858,"E1 FFlow, E1 EGT1, E1 RPM",30,30,30,30,30,0,29,53.90823403794077,334.6066194929683,8186.105513192674,192.4945415505154,442.64548301981273,2.046503245147612,74.01127193572579
open_2017_05_08_close_2017_05_08_flight_Fixed Wing_N550ND_before_0_189617.csv,210,5250,5279,0,1727.722848327493,"E1 FFlow, E1 EGT1, E1 RPM",30,30,30,30,30,0,29,54.32784195025388,334.6066194929683,8189.778875105918,192.4945415505154,442.64548301981273,2.046503245147612,73.95586837617243
open_2017_05_08_close_2017_05_08_flight_Fixed Wing_N550ND_before_0_189617.csv,211,5275,5304,0,1727.6210884027917,"E1 FFlow, E1 EGT1, E1 RPM",30,30,30,30,30,0,26,54.175220550707365,334.6066194929683,8189.559819529975,192.4945415505154,442.64548301981273,2.046503245147612,74.02353155483718
open_2017_05_08_close_2017_05_08_flight_Fixed Wing_N550ND_before_0_189617.csv,212,5300,5329,0,1673.371472879206,"E1 FFlow, E1 EGT1, E1 RPM",30,30,30,30,30,0,30,53.91472361397173,334.6066194929683,7933.74719847927,192.4945415505154,442.64548301981273,2.046503245147612,74.00638899291619
open_2017_05_08_close_2017_05_08_flight_Fixed Wing_N550ND_before_0_189617.csv,213,5325,5354,0,1636.7497695482025,"E1 FFlow, E1 EGT1, E1 RPM",30,30,30,30,30,0,29,53.880137244680114,334.6066194929683,7756.5427206008535,192.4945415505154,442.64548301981273,2.4491176357574505,74.00446667982109
open_2017_05_08_close_2017_05_08_flight_Fixed Wing_N550ND_before_0_189617.csv,214,5350,5379,0,1664.563305664601,"E1 FFlow, E1 EGT1, E1 RPM",30,30,30,30,30,0,27,53.89105816332755,334.6066194929683,7888.589735908807,192.4945415505154,442.64548301981273,2.4701753471296466,74.01115543883371
open_2017_05_08_close_2017_05_08_flight_Fixed Wing_N550ND_before_0_189617.csv,215,5375,5404,0,1683.1943676446458,"E1 FFlow, E1 EGT1, E1 RPM",30,30,30,30,30,0,28,53.891069046361274,334.6066194929683,7978.764277622156,192.4945415505154,442.64548301981273,2.046503245147612,74.00469011783485
open_2017_05_08_close_2017_05_08_flight_Fixed Wing_N550ND_before_0_189617.csv,216,5400,5429,0,1679.0287719297928,"E1 FFlow, E1 EGT1, E1 RPM",30,30,30,30,30,0,27,53.88858188721624,334.6066194929683,7957.286089741156,192.4945415505154,442.64548301981273,2.046503245147612,73.99966406927891
open_2017_05_08_close_2017_05_08_flight_Fixed Wing_N550ND_before_0_189617.csv,217,5425,5454,0,1499.245838256908,"E1 FFlow, E1 EGT1, E1 RPM",30,30,30,30,30,6,27,53.89112394932098,334.6066194929683,7007.454128506652,192.4945415505154,442.64548301981273,35.72964623107117,74.00777506731725
open_2017_05_08_close_2017_05_08_flight_Fixed Wing_N550ND_before_0_189617.csv,218,5450,5479,0,1371.4735696430012,"E1 FFlow, E1 EGT1, E1 RPM",30,30,30,30,30,5,27,53.86636165689191,334.6066194929683,6259.024323504429,192.4945415505154,442.64548301981273,37.71914496294197,74.01147399705432
open_2017_05_08_close_2017_05_08_flight_Fixed Wing_N550ND_before_0_189617.csv,219,5475,5504,0,1757.5067347905217,"E1 FFlow, E1 EGT1, E1 RPM",30,30,30,30,30,0,28,53.8580794242162,334.6066194929683,8328.198595332682,192.4945415505154,442.64548301981273,9.246635622326826,74.02803275027404
open_2017_05_08_close_2017_05_08_flight_Fixed Wing_N550ND_before_0_189617.csv,220,5500,5529,0,1783.8444903488091,"E1 FFlow, E1 EGT1, E1 RPM",30,30,30,30,30,0,28,53.85367963898473,334.6066194929683,8455.782921809307,192.4945415505154,442.64548301981273,3.8444607896278424,74.02704975810549
open_2017_05_08_close_2017_05_08_flight_Fixed Wing_N550ND_before_0_189617.csv,221,5525,5554,0,1791.5577099185782,"E1 FFlow, E1 EGT1, E1 RPM",30,30,30,30,30,0,28,53.85390067417132,334.6066194929683,8492.576008468573,192.4945415505154,442.64548301981273,2.046503245147612,74.0184647531782
open_2017_05_08_close_2017_05_08_flight_Fixed Wing_N550ND_before_0_189617.csv,222,5550,5579,0,1759.6975431403027,"E1 FFlow, E1 EGT1, E1 RPM",30,30,30,30,30,0,26,53.86762319292556,334.6066194929683,8342.71330175902,192.4945415505154,442.64548301981273,2.046503245147612,74.00948861666944
open_2017_05_08_close_2017_05_08_flight_Fixed Wing_N550ND_before_0_189617.csv,223,5575,5604,0,1734.358837581973,"E1 FFlow, E1 EGT1, E1 RPM",30,30,30,30,30,0,27,54.15327743578398,334.6066194929683,8221.893115984183,192.4945415505154,442.64548301981273,2.046503245147612,73.97601652016883
open_2017_05_08_close_2017_05_08_flight_Fixed Wing_N550ND_before_0_189617.csv,224,5600,5629,0,1727.8500456883269,"E1 FFlow, E1 EGT1, E1 RPM",30,30,30,30,30,0,29,54.2096077235851,334.6066194929683,8190.218067730429,192.4945415505154,442.64548301981273,2.046503245147612,73.94570478704586
open_2017_05_08_close_2017_05_08_flight_Fixed Wing_N550ND_before_0_189617.csv,225,5625,5654,0,1742.253419041967,"E1 FFlow, E1 EGT1, E1 RPM",30,30,30,30,30,0,26,53.87172047460446,334.6066194929683,8258.164759814194,192.4945415505154,442.64548301981273,2.046503245147612,74.01210515475506
open_2017_05_08_close_2017_05_08_flight_Fixed Wing_N550ND_before_0_189617.csv,226,5650,5679,0,1742.3079975183268,"E1 FFlow, E1 EGT1, E1 RPM",30,30,30,30,30,0,29,53.864221524581644,334.6066194929683,8259.079274760114,192.4945415505154,442.64548301981273,2.046503245147612,73.98503325746132
open_2017_05_08_close_2017_05_08_flight_Fixed Wing_N550ND_before_0_189617.csv,227,5675,5704,0,1744.5406161738156,"E1 FFlow, E1 EGT1, E1 RPM",30,30,30,30,30,0,27,53.87179271863487,334.6066194929683,8269.401363494919,192.4945415505154,442.64548301981273,2.046503245147612,74.00969955204661
open_2017_05_08_close_2017_05_08_flight_Fixed Wing_N550ND_before_0_189617.csv,228,5700,5729,0,1743.7001192436103,"E1 FFlow, E1 EGT1, E1 RPM",30,30,30,30,30,0,29,53.86511863886991,334.6066194929683,8265.769260506966,192.4945415505154,442.64548301981273,2.046503245147612,74.03124577855999
open_2017_05_08_close_2017_05_08_flight_Fixed Wing_N550ND_before_0_189617.csv,229,5725,5754,0,1681.4906504750634,"E1 FFlow, E1 EGT1, E1 RPM",30,30,30,30,30,0,29,54.2734598301616,334.6066194929683,7972.404553319601,192.4945415505154,442.64548301981273,2.3976046804737683,73.95829101688378
open_2017_05_08_close_2017_05_08_flight_Fixed Wing_N550ND_before_0_189617.csv,230,5750,5779,0,1598.9527990847976,"E1 FFlow, E1 EGT1, E1 RPM",30,30,30,30,30,0,27,54.2806473682074,334.6066194929683,7579.7705388559225,192.4945415505154,442.64548301981273,2.046503245147612,73.95279424648952
open_2017_05_08_close_2017_05_08_flight_Fixed Wing_N550ND_before_0_189617.csv,231,5775,5804,0,1564.509730702502,"E1 FFlow, E1 EGT1, E1 RPM",30,30,30,30,30,0,28,53.93177434688367,334.6066194929683,7414.624700170306,192.4945415505154,442.64548301981273,2.046503245147612,74.01929384652605
open_2017_05_08_close_2017_05_08_flight_Fixed Wing_N550ND_before_0_189617.csv,232,5800,5829,0,1568.9441145030057,"E1 FFlow, E1 EGT1, E1 RPM",30,30,30,30,30,0,30,53.89871195422248,334.6066194929683,7435.913945285554,192.4945415505154,442.64548301981273,2.046503245147612,74.02787889182858
open_2017_05_08_close_2017_05_08_flight_Fixed Wing_N550ND_before_0_189617.csv,233,5825,5854,0,1414.453468619612,"E1 FFlow, E1 EGT1, E1 RPM",30,30,30,30,30,2,30,53.90178663713649,334.6066194929683,6609.006489270601,192.4945415505154,442.64548301981273,15.141735084741304,74.01169760932834
open_2017_05_08_close_2017_05_08_flight_Fixed Wing_N550ND_before_0_189617.csv,234,5850,5879,0,775.5429952878196,"E1 FFlow, E1 EGT1, E1 RPM",30,30,30,30,30,0,28,53.89452406643231,334.6066194929683,3638.0650666708325,192.4945415505154,442.64548301981273,2.4491176357574505,74.00707379661095
open_2017_05_08_close_2017_05_08_flight_Fixed Wing_N550ND_before_0_189617.csv,235,5875,5904,0,1293.9418817552253,"E1 FFlow, E1 EGT1, E1 RPM",30,30,30,30,30,0,28,53.9026186794307,334.6066194929683,5985.86642065636,192.4945415505154,442.64548301981273,2.9205119041646332,74.00840886061695
open_2017_05_08_close_2017_05_08_flight_Fixed Wing_N550ND_before_0_189617.csv,236,5900,5929,0,1429.1949066462678,"E1 FFlow, E1 EGT1, E1 RPM",30,30,30,30,30,0,28,53.903594576567926,334.6066194929683,6760.12360326564,192.4945415505154,442.64548301981273,2.046503245147612,74.00665663034762
open_2017_05_08_close_2017_05_08_flight_Fixed Wing_N550ND_before_0_189617.csv,237,5925,5954,0,1309.2289010361121,"E1 FFlow, E1 EGT1, E1 RPM",30,30,30,30,30,0,28,53.914705920216804,334.6066194929683,6168.118283666221,192.4945415505154,442.64548301981273,2.046503245147612,74.02253553635326
open_2017_05_08_close_2017_05_08_flight_Fixed Wing_N550ND_before_0_189617.csv,238,5950,5979,0,1456.8483374380723,"E1 FFlow, E1 EGT1, E1 RPM",30,30,30,30,30,0,30,53.916593555836506,334.6066194929683,6902.311846250426,192.4945415505154,442.64548301981273,2.046503245147612,74.00148617442103
open_2017_05_08_close_2017_05_08_flight_Fixed Wing_N550ND_before_0_189617.csv,239,5975,6004,0,1426.1611612789823,"E1 FFlow, E1 EGT1, E1 RPM",30,30,30,30,30,0,27,53.91184953630116,334.6066194929683,6753.503933238704,192.4945415505154,442.64548301981273,2.046503245147612,74.00261597631626
open_2017_05_08_close_2017_05_08_flight_Fixed Wing_N550ND_before_0_189617.csv,240,6000,6029,0,1172.8266089611045,"E1 FFlow, E1 EGT1, E1 RPM",30,30,30,30,30,0,28,53.91293885033999,334.6066194929683,5554.730856349506,192.4945415505154,442.64548301981273,2.046503245147612,73.98695423465902
open_2017_05_08_close_2017_05_08_flight_Fixed Wing_N550ND_before_0_189617.csv,241,6025,6054,0,1110.7159673721198,"E1 FFlow, E1 EGT1, E1 RPM",30,30,30,30,30,0,28,53.909391291823525,334.6066194929683,5259.962284233137,192.4945415505154,442.64548301981273,2.046503245147612,74.0128365253004
open_2017_05_08_close_2017_05_08_flight_Fixed Wing_N550ND_before_0_189617.csv,242,6050,6079,0,1086.7361153357367,"E1 FFlow, E1 EGT1, E1 RPM",30,30,30,30,30,0,28,53.911522064541785,334.6066194929683,5145.308977598436,192.4945415505154,442.64548301981273,2.046503245147612,74.00101014984169
open_2017_05_08_close_2017_05_08_flight_Fixed Wing_N550ND_before_0_189617.csv,243,6075,6104,0,1088.3150352638856,"E1 FFlow, E1 EGT1, E1 RPM",30,30,30,30,30,0,28,53.916312942516,334.6066194929683,5153.401846398724,192.4945415505154,442.64548301981273,2.046503245147612,74.00793931556836
open_2017_05_08_close_2017_05_08_flight_Fixed Wing_N550ND_before_0_189617.csv,244,6100,6129,0,1079.7330587762758,"E1 FFlow, E1 EGT1, E1 RPM",30,30,30,30,30,0,27,53.91283917298337,334.6066194929683,5111.919048940137,192.4945415505154,442.64548301981273,2.046503245147612,74.00973627702047
open_2017_05_08_close_2017_05_08_flight_Fixed Wing_N550ND_before_0_189617.csv,245,6125,6154,0,1066.7948199462153,"E1 FFlow, E1 EGT1, E1 RPM",30,30,30,30,30,0,28,53.89870834289272,334.6066194929683,5049.428510480262,192.4945415505154,442.64548301981273,2.046503245147612,74.00549828594959
open_2017_05_08_close_2017_05_08_flight_Fixed Wing_N550ND_before_0_189617.csv,246,6150,6179,0,1103.100241852482,"E1 FFlow, E1 EGT1, E1 RPM",30,30,30,30,30,0,27,53.90129096703818,334.6066194929683,5222.766609717145,192.4945415505154,442.64548301981273,2.046503245147612,74.00603948854098
open_2017_05_08_close_2017_05_08_flight_Fixed Wing_N550ND_before_0_189617.csv,247,6175,6204,0,1086.2527408604992,"E1 FFlow, E1 EGT1, E1 RPM",30,30,30,30,30,0,28,53.90898856576339,334.6066194929683,5143.283428956202,192.4945415505154,442.64548301981273,2.046503245147612,74.00217809546061
open_2017_05_08_close_2017_05_08_flight_Fixed Wing_N550ND_before_0_189617.csv,248,6200,6229,0,1067.8794120154794,"E1 FFlow, E1 EGT1, E1 RPM",30,30,30,30,30,0,28,53.912256723964205,334.6066194929683,5055.523883720264,192.4945415505154,442.64548301981273,2.046503245147612,74.00546234883096
open_2017_05_08_close_2017_05_08_flight_Fixed Wing_N550ND_before_0_189617.csv,249,6225,6254,0,1064.5106548290291,"E1 FFlow, E1 EGT1, E1 RPM",30,30,30,30,30,0,27,53.9106782252103,334.6066194929683,5038.577228041808,192.4945415505154,442.64548301981273,2.046503245147612,74.00526109357948
open_2017_05_08_close_2017_05_08_flight_Fixed Wing_N550ND_before_0_189617.csv,250,6250,6279,0,1069.2327677055355,"E1 FFlow, E1 EGT1, E1 RPM",30,30,30,30,30,0,27,53.91183705071324,334.6066194929683,5060.4611751885195,192.4945415505154,442.64548301981273,2.046503245147612,74.00661147005563
open_2017_05_08_close_2017_05_08_flight_Fixed Wing_N550ND_before_0_189617.csv,251,6275,6304,0,1319.2182268627237,"E1 FFlow, E1 EGT1, E1 RPM",30,30,30,30,30,0,28,53.908299613864415,334.6066194929683,6205.475559686636,192.4945415505154,442.64548301981273,2.046503245147612,74.00247818086504
open_2017_05_08_close_2017_05_08_flight_Fixed Wing_N550ND_before_0_189617.csv,252,6300,6329,0,1464.4832700618338,"E1 FFlow, E1 EGT1, E1 RPM",30,30,30,30,30,0,27,53.91531298743962,334.6066194929683,6937.6663200084295,192.4945415505154,442.64548301981273,2.046503245147612,73.99431521067247
open_2017_05_08_close_2017_05_08_flight_Fixed Wing_N550ND_before_0_189617.csv,253,6325,6354,0,1490.050142715952,"E1 FFlow, E1 EGT1, E1 RPM",30,30,30,30,30,0,27,53.929860967926764,334.6066194929683,7060.564006901462,192.4945415505154,442.64548301981273,2.046503245147612,74.00689136112626
open_2017_05_08_close_2017_05_08_flight_Fixed Wing_N550ND_before_0_189617.csv,254,6350,6379,0,1483.5032565352064,"E1 FFlow, E1 EGT1, E1 RPM",30,30,30,30,30,0,28,53.922494598789726,334.6066194929683,7031.503181931635,192.4945415505154,442.64548301981273,2.046503245147612,74.01305765821762
open_2017_05_08_close_2017_05_08_flight_Fixed Wing_N550ND_before_0_189617.csv,255,6375,6404,0,1382.1078235029752,"E1 FFlow, E1 EGT1, E1 RPM",30,30,30,30,30,0,28,53.91651688424109,334.6066194929683,6549.796807592816,192.4945415505154,442.64548301981273,2.046503245147612,74.00543407511653
open_2017_05_08_close_2017_05_08_flight_Fixed Wing_N550ND_before_0_189617.csv,256,6400,6429,0,1270.5446615898438,"E1 FFlow, E1 EGT1, E1 RPM",30,30,30,30,30,0,27,53.916295468724805,334.6066194929683,6019.142853400022,192.4945415505154,442.64548301981273,2.046503245147612,74.00122806229363
open_2017_05_08_close_2017_05_08_flight_Fixed Wing_N550ND_before_1_189642.csv,0,0,29,0,1370.196192120937,"E1 FFlow, E1 EGT1, E1 RPM",30,30,30,30,30,30,28,53.91015470421476,334.6066194929683,6486.952112464006,192.4945415505154,442.64548301981273,83.8828058887511,74.00711109653722
open_2017_05_08_close_2017_05_08_flight_Fixed Wing_N550ND_before_1_189642.csv,1,25,54,0,1301.0377580817697,"E1 FFlow, E1 EGT1, E1 RPM",30,30,30,30,30,30,29,53.91029220349917,334.6066194929683,6163.193252754716,192.4945415505154,442.64548301981273,63.9417628036548,74.00791831345013
open_2017_05_08_close_2017_05_08_flight_Fixed Wing_N550ND_before_1_189642.csv,2,50,79,0,1248.946145305946,"E1 FFlow, E1 EGT1, E1 RPM",30,30,30,30,30,30,28,53.91143564932854,334.6066194929683,5914.853540924219,192.4945415505154,442.64548301981273,52.862624566643696,74.01006283859759
open_2017_05_08_close_2017_05_08_flight_Fixed Wing_N550ND_before_1_189642.csv,3,75,104,0,1272.8511772562863,"E1 FFlow, E1 EGT1, E1 RPM",30,30,30,30,30,29,28,53.91183701008449,334.6066194929683,6027.028642765341,192.4945415505154,442.64548301981273,49.87874175064138,74.00649013051401
open_2017_05_08_close_2017_05_08_flight_Fixed Wing_N550ND_before_1_189642.csv,4,100,129,0,1299.7069090398707,"E1 FFlow, E1 EGT1, E1 RPM",30,30,30,30,30,24,27,53.91217593373166,334.6066194929683,6156.046183830148,192.4945415505154,442.64548301981273,36.82376064678678,74.00654083386749
open_2017_05_08_close_2017_05_08_flight_Fixed Wing_N550ND_before_1_189642.csv,5,125,154,0,1318.4825054386165,"E1 FFlow, E1 EGT1, E1 RPM",30,30,30,30,30,23,28,53.91371392708529,334.6066194929683,6244.466192550655,192.4945415505154,442.64548301981273,34.57902980520435,74.0073079689972
open_2017_05_08_close_2017_05_08_flight_Fixed Wing_N550ND_before_1_189642.csv,6,150,179,0,1333.9141460116919,"E1 FFlow, E1 EGT1, E1 RPM",30,30,30,30,30,23,29,53.91427442799265,334.6066194929683,6319.780360381639,192.4945415505154,442.64548301981273,34.57902980520435,74.00957761359598
open_2017_05_08_close_2017_05_08_flight_Fixed Wing_N550ND_before_1_189642.csv,7,175,204,0,1336.949310056467,"E1 FFlow, E1 EGT1, E1 RPM",30,30,30,30,30,18,28,53.913680922866185,334.6066194929683,6333.287995908702,192.4945415505154,442.64548301981273,31.204632760152855,74.00897573467037
open_2017_05_08_close_2017_05_08_flight_Fixed Wing_N550ND_before_1_189642.csv,8,200,229,0,1359.9760465674162,"E1 FFlow, E1 EGT1, E1 RPM",30,30,30,30,30,7,27,53.912471147472075,334.6066194929683,6441.798984039221,192.4945415505154,442.64548301981273,21.473170483983836,74.00519272620267
open_2017_05_08_close_2017_05_08_flight_Fixed Wing_N550ND_before_1_189642.csv,9,225,254,0,1363.151474858401,"E1 FFlow, E1 EGT1, E1 RPM",30,30,30,30,30,0,29,53.911713840052506,334.6066194929683,6458.852682857476,192.4945415505154,442.64548301981273,16.295435043764996,74.00858921134373
open_2017_05_08_close_2017_05_08_flight_Fixed Wing_N550ND_before_1_189642.csv,10,250,279,0,1401.7274773932752,"E1 FFlow, E1 EGT1, E1 RPM",30,30,30,30,30,0,27,53.90965585459104,334.6066194929683,6636.842396826731,192.4945415505154,442.64548301981273,16.295435043764996,73.9992211799373
open_2017_05_08_close_2017_05_08_flight_Fixed Wing_N550ND_before_1_189642.csv,11,275,304,0,1191.244629987796,"E1 FFlow, E1 EGT1, E1 RPM",30,30,30,30,30,9,26,53.91320122664319,334.6066194929683,5594.568453543965,192.4945415505154,442.64548301981273,77.03097793526639,74.0099048331872
open_2017_05_08_close_2017_05_08_flight_Fixed Wing_N550ND_before_1_189642.csv,12,300,329,0,927.841312362769,"E1 FFlow, E1 EGT1, E1 RPM",30,30,30,30,30,16,28,53.90864807365801,334.6066194929683,4377.030027189318,192.4945415505154,442.64548301981273,58.72157394046112,74.00990449879443
open_2017_05_08_close_2017_05_08_flight_Fixed Wing_N550ND_before_1_189642.csv,13,325,354,0,1203.6064345764369,"E1 FFlow, E1 EGT1, E1 RPM",30,30,30,30,30,24,28,53.92085627786209,334.6066194929683,5667.744497360689,192.4945415505154,442.64548301981273,35.11497864233168,74.01816051330616
open_2017_05_08_close_2017_05_08_flight_Fixed Wing_N550ND_before_1_189642.csv,14,350,379,0,952.4773366826005,"E1 FFlow, E1 EGT1, E1 RPM",30,30,30,30,30,23,29,53.91836812635192,334.6066194929683,4466.7115328363825,192.4945415505154,442.64548301981273,67.12883639988345,74.0193654746765
open_2017_05_08_close_2017_05_08_flight_Fixed Wing_N550ND_before_1_189642.csv,15,375,404,0,729.7542194282356,"E1 FFlow, E1 EGT1, E1 RPM",30,30,30,30,30,26,30,53.91237571717127,334.6066194929683,3445.849786309484,192.4945415505154,442.64548301981273,64.06355330801588,74.01176502254546
open_2017_05_08_close_2017_05_08_flight_Fixed Wing_N550ND_before_1_189642.csv,16,400,429,0,768.7996549187649,"E1 FFlow, E1 EGT1, E1 RPM",30,30,30,30,30,5,29,53.913810224285555,334.6066194929683,3625.9048867776737,192.4945415505154,442.64548301981273,17.7997935271093,74.00042923242395
open_2017_05_08_close_2017_05_08_flight_Fixed Wing_N550ND_before_1_189642.csv,17,425,454,0,846.3799586803985,"E1 FFlow, E1 EGT1, E1 RPM",30,30,30,30,30,8,27,53.91531267313741,334.6066194929683,3887.544321228604,192.4945415505154,442.64548301981273,16.825775494831902,74.00562224705651
open_2017_05_08_close_2017_05_08_flight_Fixed Wing_N550ND_before_1_189642.csv,18,450,479,0,1021.3997405512351,"E1 FFlow, E1 EGT1, E1 RPM",30,30,30,30,30,15,28,53.90606345946927,334.6066194929683,4759.323119459961,192.4945415505154,442.64548301981273,28.633455398965058,74.00005684482343
open_2017_05_08_close_2017_05_08_flight_Fixed Wing_N550ND_before_1_189642.csv,19,475,504,0,716.4173700255828,"E1 FFlow, E1 EGT1, E1 RPM",30,30,30,30,30,8,27,53.89699850564222,334.6066194929683,3274.038963920832,192.4945415505154,442.64548301981273,16.883082740756162,74.00161764696253
open_2017_05_08_close_2017_05_08_flight_Fixed Wing_N550ND_before_1_189642.csv,20,500,529,0,1193.584623465055,"E1 FFlow, E1 EGT1, E1 RPM",30,30,30,30,30,23,27,53.89827408108115,334.6066194929683,5630.0022370769775,192.4945415505154,442.64548301981273,34.62799198115285,74.0010982272106
open_2017_05_08_close_2017_05_08_flight_Fixed Wing_N550ND_before_1_189642.csv,21,525,554,0,887.7876853541445,"E1 FFlow, E1 EGT1, E1 RPM",30,30,30,30,30,18,26,53.90199553812673,334.6066194929683,4169.471344580048,192.4945415505154,442.64548301981273,40.96319970095443,74.00546021843114
open_2017_05_08_close_2017_05_08_flight_Fixed Wing_N550ND_before_1_189642.csv,22,550,579,0,711.4238116911874,"E1 FFlow, E1 EGT1, E1 RPM",30,30,30,30,30,7,28,53.90542145334911,334.6066194929683,3359.2925241579305,192.4945415505154,442.64548301981273,19.177613171140905,74.00767829184525
open_2017_05_08_close_2017_05_08_flight_Fixed Wing_N550ND_before_1_189642.csv,23,575,604,0,687.5759194662835,"E1 FFlow, E1 EGT1, E1 RPM",30,30,30,30,30,0,27,53.88564926518843,334.6066194929683,3245.524469164412,192.4945415505154,442.64548301981273,2.046503245147612,74.01236897485477
open_2017_05_08_close_2017_05_08_flight_Fixed Wing_N550ND_before_1_189642.csv,24,600,629,0,1077.3570627699876,"E1 FFlow, E1 EGT1, E1 RPM",30,30,30,30,30,19,28,53.89065380148696,334.6066194929683,4980.140689054606,192.4945415505154,442.64548301981273,31.470381331863425,74.00469438176232
open_2017_05_08_close_2017_05_08_flight_Fixed Wing_N550ND_before_1_189642.csv,25,625,654,0,1486.031312605628,"E1 FFlow, E1 EGT1, E1 RPM",30,30,30,30,30,22,27,53.88269473066343,334.6066194929683,6975.321092229219,192.4945415505154,442.64548301981273,34.001161273288375,74.01588896403476
open_2017_05_08_close_2017_05_08_flight_Fixed Wing_N550ND_before_1_189642.csv,26,650,679,0,1569.2912263337548,"E1 FFlow, E1 EGT1, E1 RPM",30,30,30,30,30,17,29,53.88181034851682,334.6066194929683,7418.825719468776,192.4945415505154,442.64548301981273,30.2536028135961,74.01115725513637
open_2017_05_08_close_2017_05_08_flight_Fixed Wing_N550ND_before_1_189642.csv,27,675,704,0,1461.3525274950496,"E1 FFlow, E1 EGT1, E1 RPM",30,30,30,30,30,3,29,53.88288337729387,334.6066194929683,6921.168086865694,192.4945415505154,442.64548301981273,18.74675052667809,74.00630594860311
open_2017_05_08_close_2017_05_08_flight_Fixed Wing_N550ND_before_1_189642.csv,28,700,729,0,1458.689245967923,"E1 FFlow, E1 EGT1, E1 RPM",30,30,30,30,30,0,28,53.89282511180501,334.6066194929683,6909.625904888213,192.4945415505154,442.64548301981273,16.295435043764996,74.0067170723089
open_2017_05_08_close_2017_05_08_flight_Fixed Wing_N550ND_before_1_189642.csv,29,725,754,0,1337.987564952301,"E1 FFlow, E1 EGT1, E1 RPM",30,30,30,30,30,0,27,53.905001762028974,334.6066194929683,6334.864039450915,192.4945415505154,442.64548301981273,16.295435043764996,74.00899153218171
open_2017_05_08_close_2017_05_08_flight_Fixed Wing_N550ND_before_1_189642.csv,30,750,779,0,1338.2032860478346,"E1 FFlow, E1 EGT1, E1 RPM",30,30,30,30,30,1,28,53.903060394077144,334.6066194929683,6315.365613087453,192.4945415505154,442.64548301981273,17.03750577427507,74.01707271634417
open_2017_05_08_close_2017_05_08_flight_Fixed Wing_N550ND_before_1_189642.csv,31,775,804,0,1455.0870154599404,"E1 FFlow, E1 EGT1, E1 RPM",30,30,30,30,30,0,28,53.909560720810234,334.6066194929683,6842.0799339335645,192.4945415505154,442.64548301981273,16.295435043764996,74.01382793544329
open_2017_05_08_close_2017_05_08_flight_Fixed Wing_N550ND_before_1_189642.csv,32,800,829,0,1727.8682403501784,"E1 FFlow, E1 EGT1, E1 RPM",30,30,30,30,30,0,29,53.87052615794135,334.6066194929683,8184.074312510595,192.4945415505154,442.64548301981273,15.777128823230457,74.01450784962701
open_2017_05_08_close_2017_05_08_flight_Fixed Wing_N550ND_before_1_189642.csv,33,825,854,0,1777.6264119207228,"E1 FFlow, E1 EGT1, E1 RPM",30,30,30,30,30,0,28,53.85205669856975,334.6066194929683,8426.135208261136,192.4945415505154,442.64548301981273,16.295435043764996,74.02900412340733
open_2017_05_08_close_2017_05_08_flight_Fixed Wing_N550ND_before_1_189642.csv,34,850,879,0,1782.9049770479094,"E1 FFlow, E1 EGT1, E1 RPM",30,30,30,30,30,0,29,53.86699887874991,334.6066194929683,8451.485392416134,192.4945415505154,442.64548301981273,16.295435043764996,74.02091050479223
open_2017_05_08_close_2017_05_08_flight_Fixed Wing_N550ND_before_1_189642.csv,35,875,904,0,1782.9944731507385,"E1 FFlow, E1 EGT1, E1 RPM",30,30,30,30,30,0,27,53.866088507629044,334.6066194929683,8452.296696689571,192.4945415505154,442.64548301981273,14.840420971405457,74.02044339266422
open_2017_05_08_close_2017_05_08_flight_Fixed Wing_N550ND_before_1_189642.csv,36,900,929,0,1776.0479262690121,"E1 FFlow, E1 EGT1, E1 RPM",30,30,30,30,30,0,29,53.85836685115525,334.6066194929683,8419.316065839377,192.4945415505154,442.64548301981273,14.20448307922407,74.01200111298856
open_2017_05_08_close_2017_05_08_flight_Fixed Wing_N550ND_before_1_189642.csv,37,925,954,0,1769.0129381866684,"E1 FFlow, E1 EGT1, E1 RPM",30,30,30,30,30,0,28,53.83600546877641,334.6066194929683,8385.979282972748,192.4945415505154,442.64548301981273,12.734467081121213,74.00730624378022
open_2017_05_08_close_2017_05_08_flight_Fixed Wing_N550ND_before_1_189642.csv,38,950,979,0,1763.0289971877794,"E1 FFlow, E1 EGT1, E1 RPM",30,30,30,30,30,0,29,53.73432310427979,334.6066194929683,8357.51218407314,192.4945415505154,442.64548301981273,12.471295923191452,74.01734757360042
open_2017_05_08_close_2017_05_08_flight_Fixed Wing_N550ND_before_1_189642.csv,39,975,1004,0,1757.0951879187135,"E1 FFlow, E1 EGT1, E1 RPM",30,30,30,30,30,0,26,53.86267541440251,334.6066194929683,8329.4649700858,192.4945415505154,442.64548301981273,11.754360556611118,74.01949283653617
open_2017_05_08_close_2017_05_08_flight_Fixed Wing_N550ND_before_1_189642.csv,40,1000,1029,0,1760.6841943261854,"E1 FFlow, E1 EGT1, E1 RPM",30,30,30,30,30,0,27,53.84966316375436,334.6066194929683,8344.158579522107,192.4945415505154,442.64548301981273,10.948036742889533,74.01408688772537
open_2017_05_08_close_2017_05_08_flight_Fixed Wing_N550ND_before_1_189642.csv,41,1025,1054,0,1818.2242719969768,"E1 FFlow, E1 EGT1, E1 RPM",30,30,30,30,30,0,29,53.49093266331893,334.6066194929683,8618.542320887067,192.4945415505154,442.64548301981273,9.174997212319953,73.9622469841212
open_2017_05_08_close_2017_05_08_flight_Fixed Wing_N550ND_before_1_189642.csv,42,1050,1079,0,1797.406932277012,"E1 FFlow, E1 EGT1, E1 RPM",30,30,30,30,30,0,26,53.600311100506666,334.6066194929683,8521.39658936739,192.4945415505154,442.64548301981273,9.628407990522232,73.97678528322555
open_2017_05_08_close_2017_05_08_flight_Fixed Wing_N550ND_before_1_189642.csv,43,1075,1104,0,1784.1639072100256,"E1 FFlow, E1 EGT1, E1 RPM",30,30,30,30,30,0,27,53.89430826153029,334.6066194929683,8457.619439844646,192.4945415505154,442.64548301981273,9.07479744366406,73.98337949636473
open_2017_05_08_close_2017_05_08_flight_Fixed Wing_N550ND_before_1_189642.csv,44,1100,1129,0,1848.9630302179903,"E1 FFlow, E1 EGT1, E1 RPM",30,30,30,30,30,0,27,53.91272685344226,334.6066194929683,8760.7267873106,192.4945415505154,442.64548301981273,8.383334891972828,74.0058146761289
open_2017_05_08_close_2017_05_08_flight_Fixed Wing_N550ND_before_1_189642.csv,45,1125,1154,0,1882.7675188932305,"E1 FFlow, E1 EGT1, E1 RPM",30,30,30,30,30,0,28,53.91989152311563,334.6066194929683,8925.050709132003,192.4945415505154,442.64548301981273,7.2448260202565695,74.01268643640894
open_2017_05_08_close_2017_05_08_flight_Fixed Wing_N550ND_before_1_189642.csv,46,1150,1179,0,1896.556972755878,"E1 FFlow, E1 EGT1, E1 RPM",30,30,30,30,30,0,28,53.90974612623879,334.6066194929683,8990.417855288653,192.4945415505154,442.64548301981273,8.408829365297446,74.00559491975554
open_2017_05_08_close_2017_05_08_flight_Fixed Wing_N550ND_before_1_189642.csv,47,1175,1204,0,1917.649948569529,"E1 FFlow, E1 EGT1, E1 RPM",30,30,30,30,30,0,28,53.91993994882944,334.6066194929683,9090.438199914188,192.4945415505154,442.64548301981273,6.302115309411209,74.00138702835174
open_2017_05_08_close_2017_05_08_flight_Fixed Wing_N550ND_before_1_189642.csv,48,1200,1229,0,1932.3920682862345,"E1 FFlow, E1 EGT1, E1 RPM",30,30,30,30,30,0,26,53.92690831346647,334.6066194929683,9160.556402394845,192.4945415505154,442.64548301981273,7.286536251157149,74.01113185285413
open_2017_05_08_close_2017_05_08_flight_Fixed Wing_N550ND_before_1_189642.csv,49,1225,1254,0,1939.7521786291054,"E1 FFlow, E1 EGT1, E1 RPM",30,30,30,30,30,0,29,53.91995076131774,334.6066194929683,9196.253730227496,192.4945415505154,442.64548301981273,5.671496399822322,74.01798184811304
open_2017_05_08_close_2017_05_08_flight_Fixed Wing_N550ND_before_1_189642.csv,50,1250,1279,0,1919.5835065504643,"E1 FFlow, E1 EGT1, E1 RPM",30,30,30,30,30,0,27,53.92157402791461,334.6066194929683,9101.553597160024,192.4945415505154,442.64548301981273,5.354186209199809,74.01383897488888
open_2017_05_08_close_2017_05_08_flight_Fixed Wing_N550ND_before_1_189642.csv,51,1275,1304,0,1909.0991037759911,"E1 FFlow, E1 EGT1, E1 RPM",30,30,30,30,30,0,27,53.92754919221092,334.6066194929683,9050.757451802954,192.4945415505154,442.64548301981273,6.276657850794297,74.00644618900363
open_2017_05_08_close_2017_05_08_flight_Fixed Wing_N550ND_before_1_189642.csv,52,1300,1329,0,1909.2247880734697,"E1 FFlow, E1 EGT1, E1 RPM",30,30,30,30,30,0,28,53.97364080344153,334.6066194929683,9051.212644542384,192.4945415505154,442.64548301981273,5.5777526998933835,74.00929528579283
open_2017_05_08_close_2017_05_08_flight_Fixed Wing_N550ND_before_1_189642.csv,53,1325,1354,0,1910.5196332604498,"E1 FFlow, E1 EGT1, E1 RPM",30,30,30,30,30,0,28,53.96599076269085,334.6066194929683,9057.494200233474,192.4945415505154,442.64548301981273,8.106259352896574,74.01157123547918
open_2017_05_08_close_2017_05_08_flight_Fixed Wing_N550ND_before_1_189642.csv,54,1350,1379,0,1913.3583179670957,"E1 FFlow, E1 EGT1, E1 RPM",30,30,30,30,30,0,29,53.892669184522894,334.6066194929683,9070.642951463078,192.4945415505154,442.64548301981273,5.538262924457527,74.01644958956044
open_2017_05_08_close_2017_05_08_flight_Fixed Wing_N550ND_before_1_189642.csv,55,1375,1404,0,1921.5393320976918,"E1 FFlow, E1 EGT1, E1 RPM",30,30,30,30,30,0,29,53.992855026884214,334.6066194929683,9109.419492319059,192.4945415505154,442.6544949544719,4.709402407097895,74.00909286944155
open_2017_05_08_close_2017_05_08_flight_Fixed Wing_N550ND_before_1_189642.csv,56,1400,1429,0,1926.7267788140045,"E1 FFlow, E1 EGT1, E1 RPM",30,30,30,30,30,0,27,53.91184098652549,334.6066194929683,9134.384875558444,192.4945415505154,442.6777828578539,6.544419881991654,74.00317223667881
open_2017_05_08_close_2017_05_08_flight_Fixed Wing_N550ND_before_1_189642.csv,57,1425,1454,0,1928.2513025514206,"E1 FFlow, E1 EGT1, E1 RPM",30,30,30,30,30,0,27,53.89387984157621,334.6066194929683,9141.761157736733,192.4945415505154,442.6777828578539,4.45559867635875,74.01426507340722
open_2017_05_08_close_2017_05_08_flight_Fixed Wing_N550ND_before_1_189642.csv,58,1450,1479,0,1922.3821257303978,"E1 FFlow, E1 EGT1, E1 RPM",30,30,30,30,30,0,29,53.903044127979015,334.6066194929683,9113.873020495192,192.4945415505154,442.6777828578539,4.609536647362993,74.00953858742065
open_2017_05_08_close_2017_05_08_flight_Fixed Wing_N550ND_before_1_189642.csv,59,1475,1504,0,1919.3089947523154,"E1 FFlow, E1 EGT1, E1 RPM",30,30,30,30,30,0,28,53.918663563775056,334.6066194929683,9099.283558526526,192.4945415505154,442.6777828578539,4.77209062644491,73.99586379099131
open_2017_05_08_close_2017_05_08_flight_Fixed Wing_N550ND_before_1_189642.csv,60,1500,1529,0,1917.4722787918547,"E1 FFlow, E1 EGT1, E1 RPM",30,30,30,30,30,0,29,53.90626656609918,334.6066194929683,9090.621135799924,192.4945415505154,442.6777828578539,4.067847418595783,74.0219137778044
open_2017_05_08_close_2017_05_08_flight_Fixed Wing_N550ND_before_1_189642.csv,61,1525,1554,0,1915.1328608393012,"E1 FFlow, E1 EGT1, E1 RPM",30,30,30,30,30,0,29,53.911049205831254,334.6066194929683,9079.289953588308,192.4945415505154,442.6777828578539,4.46328785518447,74.01609286702748
open_2017_05_08_close_2017_05_08_flight_Fixed Wing_N550ND_before_1_189642.csv,62,1550,1579,0,1918.1769467094357,"E1 FFlow, E1 EGT1, E1 RPM",30,30,30,30,30,0,27,53.91742821052496,334.6066194929683,9093.698514944504,192.4945415505154,442.6777828578539,4.408057759997611,74.01248779672731
open_2017_05_08_close_2017_05_08_flight_Fixed Wing_N550ND_before_1_189642.csv,63,1575,1604,0,1922.2149439762763,"E1 FFlow, E1 EGT1, E1 RPM",30,30,30,30,30,0,29,53.916942718667904,334.6066194929683,9112.874863226616,192.4945415505154,442.6777828578539,3.792129968670043,74.01447197576259
open_2017_05_08_close_2017_05_08_flight_Fixed Wing_N550ND_before_1_189642.csv,64,1600,1629,0,1918.147537218354,"E1 FFlow, E1 EGT1, E1 RPM",30,30,30,30,30,0,28,53.911611020734945,334.6066194929683,9093.879981295719,192.4945415505154,442.6777828578539,3.434303362368848,74.01073678852524
open_2017_05_08_close_2017_05_08_flight_Fixed Wing_N550ND_before_1_189642.csv,65,1625,1654,0,1923.8077482741223,"E1 FFlow, E1 EGT1, E1 RPM",30,30,30,30,30,0,28,53.938082969028216,334.6066194929683,9120.04807309117,192.4945415505154,442.6777828578539,3.819275638068634,74.00722269513346
open_2017_05_08_close_2017_05_08_flight_Fixed Wing_N550ND_before_1_189642.csv,66,1650,1679,0,1927.5797109641887,"E1 FFlow, E1 EGT1, E1 RPM",30,30,30,30,30,0,27,53.921322439113254,334.6066194929683,9138.230469766278,192.4945415505154,442.6777828578539,3.981645200428359,74.00400512297756
open_2017_05_08_close_2017_05_08_flight_Fixed Wing_N550ND_before_1_189642.csv,67,1675,1704,0,1922.7442994056037,"E1 FFlow, E1 EGT1, E1 RPM",30,30,30,30,30,0,28,53.92118150186638,334.6066194929683,9115.800250365148,192.4945415505154,442.7029760690447,3.6445490319041633,74.01320370764408
open_2017_05_08_close_2017_05_08_flight_Fixed Wing_N550ND_before_1_189642.csv,68,1700,1729,0,1923.8507239713683,"E1 FFlow, E1 EGT1, E1 RPM",30,30,30,30,30,0,30,53.89465502974782,334.6066194929683,9120.618413706328,192.4945415505154,442.7100826958951,4.288440918940925,74.00578151021786
open_2017_05_08_close_2017_05_08_flight_Fixed Wing_N550ND_before_1_189642.csv,69,1725,1754,0,1920.1902951231245,"E1 FFlow, E1 EGT1, E1 RPM",30,30,30,30,30,0,30,53.926370124297,334.6066194929683,9103.666659957471,192.4945415505154,442.7100826958951,2.9033476354966496,74.02240632460666
open_2017_05_08_close_2017_05_08_flight_Fixed Wing_N550ND_before_1_189642.csv,70,1750,1779,0,1920.0118785925415,"E1 FFlow, E1 EGT1, E1 RPM",30,30,30,30,30,0,29,53.88871557190065,334.6066194929683,9102.43557469931,192.4945415505154,442.7100826958951,3.900755981225259,74.01463567443203
open_2017_05_08_close_2017_05_08_flight_Fixed Wing_N550ND_before_1_189642.csv,71,1775,1804,0,1920.5626687180425,"E1 FFlow, E1 EGT1, E1 RPM",30,30,30,30,30,0,27,53.9248156740482,334.6066194929683,9105.140644361667,192.4945415505154,442.7100826958951,2.046503245147612,74.00238796929283
open_2017_05_08_close_2017_05_08_flight_Fixed Wing_N550ND_before_1_189642.csv,72,1800,1829,0,1919.2743301962234,"E1 FFlow, E1 EGT1, E1 RPM",30,30,30,30,30,0,29,53.92181839434359,334.6066194929683,9099.167512835425,192.4945415505154,442.7100826958951,3.2349516499532243,74.00441938606251
open_2017_05_08_close_2017_05_08_flight_Fixed Wing_N550ND_before_1_189642.csv,73,1825,1854,0,1919.0458678435564,"E1 FFlow, E1 EGT1, E1 RPM",30,30,30,30,30,0,28,53.88950902084384,334.6066194929683,9097.822855245673,192.4945415505154,442.7100826958951,4.278898631756139,74.00871854217041
open_2017_05_08_close_2017_05_08_flight_Fixed Wing_N550ND_before_1_189642.csv,74,1850,1879,0,1916.3319942115486,"E1 FFlow, E1 EGT1, E1 RPM",30,30,30,30,30,0,26,53.89843889337864,334.6066194929683,9085.172345943707,192.4945415505154,442.7100826958951,3.4734141787160384,74.00135758457645
open_2017_05_08_close_2017_05_08_flight_Fixed Wing_N550ND_before_1_189642.csv,75,1875,1904,0,1915.8219483218083,"E1 FFlow, E1 EGT1, E1 RPM",30,30,30,30,30,0,27,53.87780100214483,334.6066194929683,9082.627038776543,192.4945415505154,442.7100826958951,4.408210164367264,74.0032094283087
open_2017_05_08_close_2017_05_08_flight_Fixed Wing_N550ND_before_1_189642.csv,76,1900,1929,0,1916.064703176315,"E1 FFlow, E1 EGT1, E1 RPM",30,30,30,30,30,0,26,53.88002831466129,334.6066194929683,9083.803335115339,192.4945415505154,442.7100826958951,3.397070751719901,74.00908656904099
open_2017_05_08_close_2017_05_08_flight_Fixed Wing_N550ND_before_1_189642.csv,77,1925,1954,0,1915.6683738230238,"E1 FFlow, E1 EGT1, E1 RPM",30,30,30,30,30,0,28,53.92209601739591,334.6066194929683,9082.02801861685,192.4945415505154,442.7232035324966,4.038031340488423,73.99630994949968
open_2017_05_08_close_2017_05_08_flight_Fixed Wing_N550ND_before_1_189642.csv,78,1950,1979,0,1915.1719025636824,"E1 FFlow, E1 EGT1, E1 RPM",30,30,30,30,30,0,29,53.894571619383356,334.6066194929683,9079.406921121992,192.4945415505154,442.74238253393617,4.0054433693877725,74.01268305931637
open_2017_05_08_close_2017_05_08_flight_Fixed Wing_N550ND_before_1_189642.csv,79,1975,2004,0,1917.5749299988297,"E1 FFlow, E1 EGT1, E1 RPM",30,30,30,30,30,0,27,53.94782261555605,334.6066194929683,9091.090375995722,192.4945415505154,442.74238253393617,3.391746589675908,74.00604217163882
open_2017_05_08_close_2017_05_08_flight_Fixed Wing_N550ND_before_1_189642.csv,80,2000,2029,0,1914.7245218002672,"E1 FFlow, E1 EGT1, E1 RPM",30,30,30,30,30,0,28,53.88345119409132,334.6066194929683,9077.600866667797,192.4945415505154,442.74238253393617,4.402841022784026,74.0137743327719
open_2017_05_08_close_2017_05_08_flight_Fixed Wing_N550ND_before_1_189642.csv,81,2025,2054,0,1910.1267199446509,"E1 FFlow, E1 EGT1, E1 RPM",30,30,30,30,30,0,29,54.05860836477556,334.6066194929683,9055.818561618355,192.4945415505154,442.74238253393617,3.6440180381809735,74.01609516750554
open_2017_05_08_close_2017_05_08_flight_Fixed Wing_N550ND_before_1_189642.csv,82,2050,2079,0,1904.9393962544846,"E1 FFlow, E1 EGT1, E1 RPM",30,30,30,30,30,0,28,54.34245926598825,334.6066194929683,9030.967598184487,192.4945415505154,442.74238253393617,2.4821344938717558,73.9882577799414
open_2017_05_08_close_2017_05_08_flight_Fixed Wing_N550ND_before_1_189642.csv,83,2075,2104,0,1907.2978722708037,"E1 FFlow, E1 EGT1, E1 RPM",30,30,30,30,30,0,28,54.0370330415132,334.6066194929683,9042.075660429611,192.4945415505154,442.74238253393617,3.4359448489711153,74.01715414534412
open_2017_05_08_close_2017_05_08_flight_Fixed Wing_N550ND_before_1_189642.csv,84,2100,2129,0,1909.286516769353,"E1 FFlow, E1 EGT1, E1 RPM",30,30,30,30,30,0,27,53.940799047260825,334.6066194929683,9051.515167084675,192.4945415505154,442.74238253393617,3.073531727911129,73.99588660682667
open_2017_05_08_close_2017_05_08_flight_Fixed Wing_N550ND_before_1_189642.csv,85,2125,2154,0,1909.305291898304,"E1 FFlow, E1 EGT1, E1 RPM",30,30,30,30,30,0,27,53.92593534135858,334.6066194929683,9051.793591700807,192.4945415505154,442.74238253393617,2.985047149006859,73.99913705114398
open_2017_05_08_close_2017_05_08_flight_Fixed Wing_N550ND_before_1_189642.csv,86,2150,2179,0,1908.5704944184713,"E1 FFlow, E1 EGT1, E1 RPM",30,30,30,30,30,0,28,53.93789693262306,334.6066194929683,9048.059067341685,192.4945415505154,442.74238253393617,4.139907006444923,74.01706816905346
open_2017_05_08_close_2017_05_08_flight_Fixed Wing_N550ND_before_1_189642.csv,87,2175,2204,0,1914.0394672966875,"E1 FFlow, E1 EGT1, E1 RPM",30,30,30,30,30,0,28,53.708764772694884,334.6066194929683,9074.16770952667,192.4945415505154,442.74238253393617,3.6450208672878674,73.99764772089443
open_2017_05_08_close_2017_05_08_flight_Fixed Wing_N550ND_before_1_189642.csv,88,2200,2229,0,1907.111122579184,"E1 FFlow, E1 EGT1, E1 RPM",30,30,30,30,30,0,29,53.30227325208174,334.6066194929683,9041.385588464711,192.4945415505154,442.74238253393617,3.163103875814487,73.94507978704466
open_2017_05_08_close_2017_05_08_flight_Fixed Wing_N550ND_before_1_189642.csv,89,2225,2254,0,1903.0435291986255,"E1 FFlow, E1 EGT1, E1 RPM",30,30,30,30,30,0,26,53.56531007298536,334.6066194929683,9022.399484203663,192.4945415505154,442.74238253393617,3.8704796736444216,73.98899172419092
open_2017_05_08_close_2017_05_08_flight_Fixed Wing_N550ND_before_1_189642.csv,90,2250,2279,0,1895.3695952703067,"E1 FFlow, E1 EGT1, E1 RPM",30,30,30,30,30,0,28,53.899480781356814,334.6066194929683,8985.68662436588,192.4945415505154,442.74238253393617,3.280908920080509,73.99653027858345
open_2017_05_08_close_2017_05_08_flight_Fixed Wing_N550ND_before_1_189642.csv,91,2275,2304,0,1888.5238756204092,"E1 FFlow, E1 EGT1, E1 RPM",30,30,30,30,30,0,27,53.86454873596933,334.6066194929683,8953.505739191405,192.4945415505154,442.74238253393617,4.548197159258762,74.00895082586283
open_2017_05_08_close_2017_05_08_flight_Fixed Wing_N550ND_before_1_189642.csv,92,2300,2329,0,1880.7543829744077,"E1 FFlow, E1 EGT1, E1 RPM",30,30,30,30,30,0,28,53.91636468865714,334.6066194929683,8916.23536240215,192.4945415505154,442.74238253393617,3.360147548679171,73.99419839648867
open_2017_05_08_close_2017_05_08_flight_Fixed Wing_N550ND_before_1_189642.csv,93,2325,2354,0,1888.8055246209026,"E1 FFlow, E1 EGT1, E1 RPM",30,30,30,30,30,0,27,53.89516199201139,334.6066194929683,8953.924087973168,192.4945415505154,442.74238253393617,3.097172666702297,73.99593569392859
open_2017_05_08_close_2017_05_08_flight_Fixed Wing_N550ND_before_1_189642.csv,94,2350,2379,0,1891.8603086010767,"E1 FFlow, E1 EGT1, E1 RPM",30,30,30,30,30,0,27,53.86072925781423,334.6066194929683,8968.886829571484,192.4945415505154,442.74238253393617,3.8233008976517375,74.01567360801921
open_2017_05_08_close_2017_05_08_flight_Fixed Wing_N550ND_before_1_189642.csv,95,2375,2404,0,1892.8348212830813,"E1 FFlow, E1 EGT1, E1 RPM",30,30,30,30,30,0,27,53.890457962063515,334.6066194929683,8973.669880395028,192.4945415505154,442.74238253393617,2.046503245147612,73.98750976914877
open_2017_05_08_close_2017_05_08_flight_Fixed Wing_N550ND_before_1_189642.csv,96,2400,2429,0,1880.6076077987632,"E1 FFlow, E1 EGT1, E1 RPM",30,30,30,30,30,0,26,53.91070255832901,334.6066194929683,8915.948422007275,192.4945415505154,442.74238253393617,2.046503245147612,74.02511649398471
open_2017_05_08_close_2017_05_08_flight_Fixed Wing_N550ND_before_1_189642.csv,97,2425,2454,0,1876.2662747011977,"E1 FFlow, E1 EGT1, E1 RPM",30,30,30,30,30,0,27,53.8904366432934,334.6066194929683,8894.82347268419,192.4945415505154,442.74238253393617,2.046503245147612,74.01353970970293
open_2017_05_08_close_2017_05_08_flight_Fixed Wing_N550ND_before_1_189642.csv,98,2450,2479,0,1876.983557050165,"E1 FFlow, E1 EGT1, E1 RPM",30,30,30,30,30,0,29,53.88135373990047,334.6066194929683,8898.32336482727,192.4945415505154,442.74238253393617,2.046503245147612,74.00279391177546
open_2017_05_08_close_2017_05_08_flight_Fixed Wing_N550ND_before_1_189642.csv,99,2475,2504,0,1875.318279150256,"E1 FFlow, E1 EGT1, E1 RPM",30,30,30,30,30,0,28,54.349302438634595,334.6066194929683,8890.303742956481,192.4945415505154,442.74238253393617,2.046503245147612,73.94337001652589
open_2017_05_08_close_2017_05_08_flight_Fixed Wing_N550ND_before_1_189642.csv,100,2500,2529,0,1887.2700201633743,"E1 FFlow, E1 EGT1, E1 RPM",30,30,30,30,30,0,26,54.28144089521547,334.6066194929683,8946.425429529085,192.4945415505154,442.76251832128526,2.046503245147612,73.97391130891323
open_2017_05_08_close_2017_05_08_flight_Fixed Wing_N550ND_before_1_189642.csv,101,2525,2554,0,1886.9241853608191,"E1 FFlow, E1 EGT1, E1 RPM",30,30,30,30,30,0,27,53.95892229280307,334.6066194929683,8945.803103805569,192.4945415505154,442.77468237197735,2.046503245147612,74.00210594400887
open_2017_05_08_close_2017_05_08_flight_Fixed Wing_N550ND_before_1_189642.csv,102,2550,2579,0,1890.2954226790102,"E1 FFlow, E1 EGT1, E1 RPM",30,30,30,30,30,0,26,53.87042536710038,334.6066194929683,8960.950398623087,192.4945415505154,442.77468237197735,2.046503245147612,74.014482751107
open_2017_05_08_close_2017_05_08_flight_Fixed Wing_N550ND_before_1_189642.csv,103,2575,2604,0,1896.0331589982372,"E1 FFlow, E1 EGT1, E1 RPM",30,30,30,30,30,0,29,53.88339282676452,334.6066194929683,8988.720445389616,192.4945415505154,442.77468237197735,2.046503245147612,74.0018690858381
open_2017_05_08_close_2017_05_08_flight_Fixed Wing_N550ND_before_1_189642.csv,104,2600,2629,0,1840.8584520807929,"E1 FFlow, E1 EGT1, E1 RPM",30,30,30,30,30,0,28,53.866490948158095,334.6066194929683,8727.657378776765,192.4945415505154,442.77468237197735,2.046503245147612,73.98621872901955
open_2017_05_08_close_2017_05_08_flight_Fixed Wing_N550ND_before_1_189642.csv,105,2625,2654,0,1727.8505324477173,"E1 FFlow, E1 EGT1, E1 RPM",30,30,30,30,30,0,27,53.87242884301555,334.6066194929683,8177.336845425809,192.4945415505154,442.77468237197735,2.046503245147612,74.02236085522156
open_2017_05_08_close_2017_05_08_flight_Fixed Wing_N550ND_before_1_189642.csv,106,2650,2679,0,1833.9660143706783,"E1 FFlow, E1 EGT1, E1 RPM",30,30,30,30,30,0,27,53.85647367820521,334.6066194929683,8692.26310605345,192.4945415505154,442.77468237197735,2.046503245147612,74.02607777793713
open_2017_05_08_close_2017_05_08_flight_Fixed Wing_N550ND_before_1_189642.csv,107,2675,2704,0,1898.5215690589637,"E1 FFlow, E1 EGT1, E1 RPM",30,30,30,30,30,0,28,53.85418067102816,334.6066194929683,8998.205888505372,192.4945415505154,442.77468237197735,2.046503245147612,74.00522684047668
open_2017_05_08_close_2017_05_08_flight_Fixed Wing_N550ND_before_1_189642.csv,108,2700,2729,0,1843.647310592313,"E1 FFlow, E1 EGT1, E1 RPM",30,30,30,30,30,0,27,53.90100715213488,334.6066194929683,8742.491750805722,192.4945415505154,442.77468237197735,2.046503245147612,74.01101965330209
open_2017_05_08_close_2017_05_08_flight_Fixed Wing_N550ND_before_1_189642.csv,109,2725,2754,0,1816.2724294061152,"E1 FFlow, E1 EGT1, E1 RPM",30,30,30,30,30,0,28,54.231364914507935,334.6066194929683,8606.94777247756,192.4945415505154,442.77468237197735,2.046503245147612,73.96192386683558
open_2017_05_08_close_2017_05_08_flight_Fixed Wing_N550ND_before_1_189642.csv,110,2750,2779,0,1874.6837339427132,"E1 FFlow, E1 EGT1, E1 RPM",30,30,30,30,30,0,27,53.54185621287195,334.6066194929683,8886.223205824797,192.4945415505154,442.74856822803133,2.046503245147612,73.98835321719872
open_2017_05_08_close_2017_05_08_flight_Fixed Wing_N550ND_before_1_189642.csv,111,2775,2804,0,1844.9971832799183,"E1 FFlow, E1 EGT1, E1 RPM",30,30,30,30,30,0,28,53.856905700731474,334.6066194929683,8747.58284585577,192.4945415505154,442.74238253393617,2.046503245147612,74.01228222723202
open_2017_05_08_close_2017_05_08_flight_Fixed Wing_N550ND_before_1_189642.csv,112,2800,2829,0,1579.669478801352,"E1 FFlow, E1 EGT1, E1 RPM",30,30,30,30,30,0,28,53.87802847094682,334.6066194929683,7479.547998309498,192.4945415505154,442.74238253393617,2.046503245147612,74.01284695459967
open_2017_05_08_close_2017_05_08_flight_Fixed Wing_N550ND_before_1_189642.csv,113,2825,2854,0,1647.1488366141357,"E1 FFlow, E1 EGT1, E1 RPM",30,30,30,30,30,0,27,53.87287719405932,334.6066194929683,7803.333071956064,192.4945415505154,442.74238253393617,2.046503245147612,74.02341388700816
open_2017_05_08_close_2017_05_08_flight_Fixed Wing_N550ND_before_1_189642.csv,114,2850,2879,0,1690.2321841407695,"E1 FFlow, E1 EGT1, E1 RPM",30,30,30,30,30,0,28,53.84103783386992,334.6066194929683,8010.6951155655925,192.4945415505154,442.75798126127785,2.046503245147612,74.0202734677214
open_2017_05_08_close_2017_05_08_flight_Fixed Wing_N550ND_before_1_189642.csv,115,2875,2904,0,1711.2286722741549,"E1 FFlow, E1 EGT1, E1 RPM",30,30,30,30,30,0,30,53.65030141047495,334.6066194929683,8109.750240334024,192.4945415505154,442.77468237197735,2.046503245147612,74.00315482282258
open_2017_05_08_close_2017_05_08_flight_Fixed Wing_N550ND_before_1_189642.csv,116,2900,2929,0,1758.098416969983,"E1 FFlow, E1 EGT1, E1 RPM",30,30,30,30,30,0,27,53.815819195042884,334.6066194929683,8332.689439694983,192.4945415505154,442.77468237197735,2.046503245147612,74.00030909516661
open_2017_05_08_close_2017_05_08_flight_Fixed Wing_N550ND_before_1_189642.csv,117,2925,2954,0,1783.1727170710853,"E1 FFlow, E1 EGT1, E1 RPM",30,30,30,30,30,0,29,53.87857821687433,334.6066194929683,8451.721045820086,192.4945415505154,442.77468237197735,2.046503245147612,74.0083429409811
open_2017_05_08_close_2017_05_08_flight_Fixed Wing_N550ND_before_1_189642.csv,118,2950,2979,0,1744.814338121534,"E1 FFlow, E1 EGT1, E1 RPM",30,30,30,30,30,0,28,53.96503108752055,334.6066194929683,8273.082939951142,192.4945415505154,442.77468237197735,2.046503245147612,74.02291482606891
open_2017_05_08_close_2017_05_08_flight_Fixed Wing_N550ND_before_1_189642.csv,119,2975,3004,0,1719.3615873376789,"E1 FFlow, E1 EGT1, E1 RPM",30,30,30,30,30,0,30,54.13142809413319,334.6066194929683,8146.705115857162,192.4945415505154,442.77468237197735,2.046503245147612,74.00549466011194
open_2017_05_08_close_2017_05_08_flight_Fixed Wing_N550ND_before_1_189642.csv,120,3000,3029,0,1767.1191426161267,"E1 FFlow, E1 EGT1, E1 RPM",30,30,30,30,30,0,27,53.89137082031822,334.6066194929683,8369.660569876229,192.4945415505154,442.77468237197735,2.046503245147612,74.00353789401461
open_2017_05_08_close_2017_05_08_flight_Fixed Wing_N550ND_before_1_189642.csv,121,3025,3054,0,1870.557270026688,"E1 FFlow, E1 EGT1, E1 RPM",30,30,30,30,30,0,26,53.85142037635223,334.6066194929683,8867.584139701697,192.4945415505154,442.77468237197735,2.046503245147612,74.03030746660194
open_2017_05_08_close_2017_05_08_flight_Fixed Wing_N550ND_before_1_189642.csv,122,3050,3079,0,1761.5153047387196,"E1 FFlow, E1 EGT1, E1 RPM",30,30,30,30,30,0,28,53.87632393492135,334.6066194929683,8352.253362646423,192.4945415505154,442.77468237197735,2.046503245147612,74.01914477879528
open_2017_05_08_close_2017_05_08_flight_Fixed Wing_N550ND_before_1_189642.csv,123,3075,3104,0,1421.47369161941,"E1 FFlow, E1 EGT1, E1 RPM",30,30,30,30,30,0,29,53.89320821584882,334.6066194929683,6626.874741160912,192.4945415505154,442.77468237197735,2.046503245147612,74.00976325764687
open_2017_05_08_close_2017_05_08_flight_Fixed Wing_N550ND_before_1_189642.csv,124,3100,3129,0,816.2157998634782,"E1 FFlow, E1 EGT1, E1 RPM",30,30,30,30,30,0,27,53.90568519706274,334.6066194929683,3847.4304093116807,192.4945415505154,442.77468237197735,2.046503245147612,74.00801953995344
open_2017_05_08_close_2017_05_08_flight_Fixed Wing_N550ND_before_1_189642.csv,125,3125,3154,0,1284.3079216526198,"E1 FFlow, E1 EGT1, E1 RPM",30,30,30,30,30,0,27,53.8785090842308,334.6066194929683,5724.887789840775,192.4945415505154,442.77468237197735,2.046503245147612,74.00995909366509
open_2017_05_08_close_2017_05_08_flight_Fixed Wing_N550ND_before_1_189642.csv,126,3150,3179,0,1662.0927597313646,"E1 FFlow, E1 EGT1, E1 RPM",30,30,30,30,30,0,29,53.9026599461776,334.6066194929683,7876.784523452282,192.4945415505154,442.77468237197735,2.046503245147612,74.00649723988373
open_2017_05_08_close_2017_05_08_flight_Fixed Wing_N550ND_before_1_189642.csv,127,3175,3204,0,1807.559132889029,"E1 FFlow, E1 EGT1, E1 RPM",30,30,30,30,30,0,26,53.882005741696744,334.6066194929683,8551.554137382196,192.4945415505154,442.77468237197735,2.046503245147612,74.01939038501747
open_2017_05_08_close_2017_05_08_flight_Fixed Wing_N550ND_before_1_189642.csv,128,3200,3229,0,1904.554126772284,"E1 FFlow, E1 EGT1, E1 RPM",30,30,30,30,30,0,28,53.88115885212516,334.6066194929683,9026.589225045605,192.4945415505154,442.77468237197735,2.046503245147612,74.01044712495052
open_2017_05_08_close_2017_05_08_flight_Fixed Wing_N550ND_before_1_189642.csv,129,3225,3254,0,1863.4237182519018,"E1 FFlow, E1 EGT1, E1 RPM",30,30,30,30,30,0,29,53.888477330095355,334.6066194929683,8836.16993652391,192.4945415505154,442.77468237197735,2.046503245147612,74.00376237734382
open_2017_05_08_close_2017_05_08_flight_Fixed Wing_N550ND_before_1_189642.csv,130,3250,3279,0,1835.452670647389,"E1 FFlow, E1 EGT1, E1 RPM",30,30,30,30,30,1,27,53.88858004549803,334.6066194929683,8698.446631579092,192.4945415505154,442.77468237197735,3.5288323652486535,74.01007101193761
open_2017_05_08_close_2017_05_08_flight_Fixed Wing_N550ND_before_1_189642.csv,131,3275,3304,0,1941.0178922401208,"E1 FFlow, E1 EGT1, E1 RPM",30,30,30,30,30,1,28,53.88915126939272,334.6066194929683,9197.375748893537,192.4945415505154,442.77468237197735,3.63495840735901,74.01246693535742
open_2017_05_08_close_2017_05_08_flight_Fixed Wing_N550ND_before_1_189642.csv,132,3300,3329,0,1961.8546616060435,"E1 FFlow, E1 EGT1, E1 RPM",30,30,30,30,30,0,26,53.916186308334645,334.6066194929683,9302.027543150512,192.4945415505154,442.77468237197735,2.046503245147612,74.00504438321371
open_2017_05_08_close_2017_05_08_flight_Fixed Wing_N550ND_before_1_189642.csv,133,3325,3354,0,1942.9092751999056,"E1 FFlow, E1 EGT1, E1 RPM",30,30,30,30,30,0,27,53.92131241067807,334.6066194929683,9211.429174000345,192.4945415505154,442.77468237197735,2.046503245147612,73.99240729317512
open_2017_05_08_close_2017_05_08_flight_Fixed Wing_N550ND_before_1_189642.csv,134,3350,3379,0,1944.0564706507232,"E1 FFlow, E1 EGT1, E1 RPM",30,30,30,30,30,0,26,53.87719767618634,334.6066194929683,9216.31761616898,192.4945415505154,442.77468237197735,2.046503245147612,73.99919396490468
open_2017_05_08_close_2017_05_08_flight_Fixed Wing_N550ND_before_1_189642.csv,135,3375,3404,0,1939.1583234929385,"E1 FFlow, E1 EGT1, E1 RPM",30,30,30,30,30,0,28,53.91145528844728,334.6066194929683,9194.401256205736,192.4945415505154,442.77468237197735,2.046503245147612,74.00263393241929
open_2017_05_08_close_2017_05_08_flight_Fixed Wing_N550ND_before_1_189642.csv,136,3400,3429,0,1847.5340361845588,"E1 FFlow, E1 EGT1, E1 RPM",30,30,30,30,30,0,28,53.99317555294245,334.6066194929683,8761.053112964957,192.4945415505154,442.77468237197735,2.046503245147612,74.00615501034774
open_2017_05_08_close_2017_05_08_flight_Fixed Wing_N550ND_before_1_189642.csv,137,3425,3454,0,1766.4908776718796,"E1 FFlow, E1 EGT1, E1 RPM",30,30,30,30,30,0,27,53.9748668473332,334.6066194929683,8375.563653495125,192.4945415505154,442.77468237197735,2.046503245147612,74.0018379321532
open_2017_05_08_close_2017_05_08_flight_Fixed Wing_N550ND_before_1_189642.csv,138,3450,3479,0,1699.3154265188816,"E1 FFlow, E1 EGT1, E1 RPM",30,30,30,30,30,0,28,53.927240952651836,334.6066194929683,8055.713064432428,192.4945415505154,442.77468237197735,2.046503245147612,74.00792831376435
open_2017_05_08_close_2017_05_08_flight_Fixed Wing_N550ND_before_1_189642.csv,139,3475,3504,0,1685.6321734194553,"E1 FFlow, E1 EGT1, E1 RPM",30,30,30,30,30,0,26,53.87486348592678,334.6066194929683,7990.051572371649,192.4945415505154,442.77468237197735,4.938900099507472,73.9916306499932
open_2017_05_08_close_2017_05_08_flight_Fixed Wing_N550ND_before_1_189642.csv,140,3500,3529,0,1685.5489737935482,"E1 FFlow, E1 EGT1, E1 RPM",30,30,30,30,30,0,28,53.90776481963045,334.6066194929683,7989.694842499975,192.4945415505154,442.77468237197735,2.445257211046871,74.00697989822119
open_2017_05_08_close_2017_05_08_flight_Fixed Wing_N550ND_before_1_189642.csv,141,3525,3554,0,1689.3144688472796,"E1 FFlow, E1 EGT1, E1 RPM",30,30,30,30,30,0,27,53.91186480155068,334.6066194929683,8006.778808537582,192.4945415505154,442.77468237197735,2.6184240311418403,74.01131316129666
open_2017_05_08_close_2017_05_08_flight_Fixed Wing_N550ND_before_1_189642.csv,142,3550,3579,0,1690.1098348154806,"E1 FFlow, E1 EGT1, E1 RPM",30,30,30,30,30,0,28,53.79885973307122,334.6066194929683,8011.64373528441,192.4945415505154,442.77468237197735,3.3350935508274784,74.00220211173192
open_2017_05_08_close_2017_05_08_flight_Fixed Wing_N550ND_before_1_189642.csv,143,3575,3604,0,1671.4864843525297,"E1 FFlow, E1 EGT1, E1 RPM",30,30,30,30,30,0,30,53.62896988090462,334.6066194929683,7923.733787644415,192.4945415505154,442.77468237197735,2.9901506233035056,73.98673279025635
open_2017_05_08_close_2017_05_08_flight_Fixed Wing_N550ND_before_1_189642.csv,144,3600,3629,0,1666.277936904098,"E1 FFlow, E1 EGT1, E1 RPM",30,30,30,30,30,0,27,53.749573592585605,334.6066194929683,7896.284029529666,192.4945415505154,442.77468237197735,2.853861086033421,74.00441788321122
open_2017_05_08_close_2017_05_08_flight_Fixed Wing_N550ND_before_1_189642.csv,145,3625,3654,0,1661.0978822047061,"E1 FFlow, E1 EGT1, E1 RPM",30,30,30,30,30,0,29,53.7703376479683,334.6066194929683,7875.089994092598,192.4945415505154,442.77468237197735,3.4477011928491215,73.99798688112816
open_2017_05_08_close_2017_05_08_flight_Fixed Wing_N550ND_before_1_189642.csv,146,3650,3679,0,1601.6677660289888,"E1 FFlow, E1 EGT1, E1 RPM",30,30,30,30,30,0,30,53.88843600754074,334.6066194929683,7592.6344826259665,192.4945415505154,442.77468237197735,2.4182298373092777,74.02090740535509
open_2017_05_08_close_2017_05_08_flight_Fixed Wing_N550ND_before_1_189642.csv,147,3675,3704,0,1597.0946075378886,"E1 FFlow, E1 EGT1, E1 RPM",30,30,30,30,30,0,29,54.218997828530185,334.6066194929683,7569.502520519309,192.4945415505154,442.77468237197735,3.065977267641527,73.97104820028188
open_2017_05_08_close_2017_05_08_flight_Fixed Wing_N550ND_before_1_189642.csv,148,3700,3729,0,1568.737426561731,"E1 FFlow, E1 EGT1, E1 RPM",30,30,30,30,30,0,26,54.16207254402726,334.6066194929683,7436.484405765078,192.4945415505154,442.77468237197735,3.030555603636659,73.98604525494868
open_2017_05_08_close_2017_05_08_flight_Fixed Wing_N550ND_before_1_189642.csv,149,3725,3754,0,1569.982836998307,"E1 FFlow, E1 EGT1, E1 RPM",30,30,30,30,30,0,27,54.13854235011313,334.6066194929683,7435.052203313184,192.4945415505154,442.77468237197735,3.2280017845038333,73.99278379706465
open_2017_05_08_close_2017_05_08_flight_Fixed Wing_N550ND_before_1_189642.csv,150,3750,3779,0,1634.3415510773839,"E1 FFlow, E1 EGT1, E1 RPM",30,30,30,30,30,0,27,53.88353959281346,334.6066194929683,7743.567978958592,192.4945415505154,442.77468237197735,2.8972231811767344,74.00977388689284
open_2017_05_08_close_2017_05_08_flight_Fixed Wing_N550ND_before_1_189642.csv,151,3775,3804,0,1051.0626946379168,"E1 FFlow, E1 EGT1, E1 RPM",30,30,30,30,30,4,29,53.89015599455466,334.6066194929683,4815.566157617505,192.4945415505154,442.77468237197735,20.678571043299453,74.00500025655631
open_2017_05_08_close_2017_05_08_flight_Fixed Wing_N550ND_before_1_189642.csv,152,3800,3829,0,1322.7374388106164,"E1 FFlow, E1 EGT1, E1 RPM",30,30,30,30,30,1,27,53.90157578763349,334.6066194929683,5909.946459668687,192.4945415505154,442.77468237197735,11.75587862265045,74.02135050279809
open_2017_05_08_close_2017_05_08_flight_Fixed Wing_N550ND_before_1_189642.csv,153,3825,3854,0,1734.1912045144588,"E1 FFlow, E1 EGT1, E1 RPM",30,30,30,30,30,0,30,53.84373696606407,334.6066194929683,8216.425979743428,192.4945415505154,442.77468237197735,9.849570980972251,74.02778342257952
open_2017_05_08_close_2017_05_08_flight_Fixed Wing_N550ND_before_1_189642.csv,154,3850,3879,0,1776.7418621262714,"E1 FFlow, E1 EGT1, E1 RPM",30,30,30,30,30,0,30,53.845817029983166,334.6066194929683,8421.851714271834,192.4945415505154,442.77468237197735,6.629806514017206,74.02333353483588
open_2017_05_08_close_2017_05_08_flight_Fixed Wing_N550ND_before_1_189642.csv,155,3875,3904,0,1782.4835835333508,"E1 FFlow, E1 EGT1, E1 RPM",30,30,30,30,30,0,30,54.21051561050108,334.6066194929683,8449.266627157254,192.4945415505154,442.77468237197735,5.866206992932359,73.9937989258813
open_2017_05_08_close_2017_05_08_flight_Fixed Wing_N550ND_before_1_189642.csv,156,3900,3929,0,1822.4706858269694,"E1 FFlow, E1 EGT1, E1 RPM",30,30,30,30,30,0,26,54.19623655419028,334.6066194929683,8638.035661206834,192.4945415505154,442.77468237197735,3.9518019137262326,73.99437705944975
open_2017_05_08_close_2017_05_08_flight_Fixed Wing_N550ND_before_1_189642.csv,157,3925,3954,0,1771.2790709145434,"E1 FFlow, E1 EGT1, E1 RPM",30,30,30,30,30,0,28,54.005572479755365,334.6066194929683,8398.72143765651,192.4945415505154,442.77468237197735,5.095413995049966,74.00919528979865
open_2017_05_08_close_2017_05_08_flight_Fixed Wing_N550ND_before_1_189642.csv,158,3950,3979,0,1708.3411049071972,"E1 FFlow, E1 EGT1, E1 RPM",30,30,30,30,30,0,26,53.87215534283356,334.6066194929683,8096.025389822301,192.4945415505154,442.77468237197735,3.3506275284022995,74.00496282396982
open_2017_05_08_close_2017_05_08_flight_Fixed Wing_N550ND_before_1_189642.csv,159,3975,4004,0,1677.8566374091793,"E1 FFlow, E1 EGT1, E1 RPM",30,30,30,30,30,0,27,53.8967118517086,334.6066194929683,7952.226205147318,192.4945415505154,442.77468237197735,5.163476751384636,74.00653358025066
open_2017_05_08_close_2017_05_08_flight_Fixed Wing_N550ND_before_1_189642.csv,160,4000,4029,0,1600.3846719658773,"E1 FFlow, E1 EGT1, E1 RPM",30,30,30,30,30,0,26,54.14443244001061,334.6066194929683,7585.445787280685,192.4945415505154,442.77468237197735,3.4397295058779203,73.973388682065
open_2017_05_08_close_2017_05_08_flight_Fixed Wing_N550ND_before_1_189642.csv,161,4025,4054,0,1580.797173020326,"E1 FFlow, E1 EGT1, E1 RPM",30,30,30,30,30,0,27,54.144732257852404,334.6066194929683,7492.211832580734,192.4945415505154,442.77468237197735,4.071804690991398,73.99297575731688
open_2017_05_08_close_2017_05_08_flight_Fixed Wing_N550ND_before_1_189642.csv,162,4050,4079,0,1624.901916714319,"E1 FFlow, E1 EGT1, E1 RPM",30,30,30,30,30,0,26,54.02890920153768,334.6066194929683,7698.602847277608,192.4945415505154,442.77468237197735,4.236591462559679,74.00607579313224
open_2017_05_08_close_2017_05_08_flight_Fixed Wing_N550ND_before_1_189642.csv,163,4075,4104,0,1455.093270956766,"E1 FFlow, E1 EGT1, E1 RPM",30,30,30,30,30,6,28,53.87931498758325,334.6066194929683,6784.7417004550425,192.4945415505154,442.77468237197735,48.45961893774712,74.00585837389586
open_2017_05_08_close_2017_05_08_flight_Fixed Wing_N550ND_before_1_189642.csv,164,4100,4129,0,873.7527881959928,"E1 FFlow, E1 EGT1, E1 RPM",30,30,30,30,30,1,27,53.898577610232714,334.6066194929683,4059.2232776540422,192.4945415505154,442.77468237197735,9.644522042551603,74.01070034265511
open_2017_05_08_close_2017_05_08_flight_Fixed Wing_N550ND_before_1_189642.csv,165,4125,4154,0,1577.1620155584224,"E1 FFlow, E1 EGT1, E1 RPM",30,30,30,30,30,0,28,53.889672763125006,334.6066194929683,7376.650418095267,192.4945415505154,442.77468237197735,14.903134797351862,74.01552465431102
open_2017_05_08_close_2017_05_08_flight_Fixed Wing_N550ND_before_1_189642.csv,166,4150,4179,0,1752.4826224107076,"E1 FFlow, E1 EGT1, E1 RPM",30,30,30,30,30,0,30,53.83766014099514,334.6066194929683,8305.083275238523,192.4945415505154,442.77468237197735,11.643149856419244,74.02617327593293
open_2017_05_08_close_2017_05_08_flight_Fixed Wing_N550ND_before_1_189642.csv,167,4175,4204,0,1782.1927453176268,"E1 FFlow, E1 EGT1, E1 RPM",30,30,30,30,30,0,29,53.89337837514895,334.6066194929683,8448.044289258545,192.4945415505154,442.77468237197735,9.111656025384505,74.02770413132812
open_2017_05_08_close_2017_05_08_flight_Fixed Wing_N550ND_before_1_189642.csv,168,4200,4229,0,1786.2021206643556,"E1 FFlow, E1 EGT1, E1 RPM",30,30,30,30,30,0,28,54.353339099817106,334.6066194929683,8466.510531371818,192.4945415505154,442.77468237197735,7.915475938526607,73.96865788944487
open_2017_05_08_close_2017_05_08_flight_Fixed Wing_N550ND_before_1_189642.csv,169,4225,4254,0,1829.9710283329027,"E1 FFlow, E1 EGT1, E1 RPM",30,30,30,30,30,0,26,54.15943466900771,334.6066194929683,8674.150331721316,192.4945415505154,442.77468237197735,6.60113074183454,73.99922535360399
open_2017_05_08_close_2017_05_08_flight_Fixed Wing_N550ND_before_1_189642.csv,170,4250,4279,0,1761.9794743565396,"E1 FFlow, E1 EGT1, E1 RPM",30,30,30,30,30,0,30,53.895961493124695,334.6066194929683,8354.766075888396,192.4945415505154,442.77468237197735,7.414940539990153,74.01749572463429
open_2017_05_08_close_2017_05_08_flight_Fixed Wing_N550ND_before_1_189642.csv,171,4275,4304,0,1692.1801965358134,"E1 FFlow, E1 EGT1, E1 RPM",30,30,30,30,30,0,28,53.86461347765881,334.6066194929683,8022.550993927498,192.4945415505154,442.77468237197735,5.392136710689615,74.00929103760987
open_2017_05_08_close_2017_05_08_flight_Fixed Wing_N550ND_before_1_189642.csv,172,4300,4329,0,1636.6495273730384,"E1 FFlow, E1 EGT1, E1 RPM",30,30,30,30,30,0,27,54.10507561949659,334.6066194929683,7757.266690426402,192.4945415505154,442.77468237197735,4.558221921729662,73.96925371870671
open_2017_05_08_close_2017_05_08_flight_Fixed Wing_N550ND_before_1_189642.csv,173,4325,4354,0,1612.1253111966892,"E1 FFlow, E1 EGT1, E1 RPM",30,30,30,30,30,1,26,54.27135446813809,334.6066194929683,7642.523447350519,192.4945415505154,442.77468237197735,6.926644640630709,73.95738970517642
open_2017_05_08_close_2017_05_08_flight_Fixed Wing_N550ND_before_1_189642.csv,174,4350,4379,0,1566.024428776441,"E1 FFlow, E1 EGT1, E1 RPM",30,30,30,30,30,0,27,54.01204831117302,334.6066194929683,7420.403293970471,192.4945415505154,442.77468237197735,3.8968304368153466,73.99899910719805
open_2017_05_08_close_2017_05_08_flight_Fixed Wing_N550ND_before_1_189642.csv,175,4375,4404,0,1252.512213145456,"E1 FFlow, E1 EGT1, E1 RPM",30,30,30,30,30,4,27,53.88138807732173,334.6066194929683,5757.563938119845,192.4945415505154,442.77468237197735,28.032237892199863,73.99501401177343
open_2017_05_08_close_2017_05_08_flight_Fixed Wing_N550ND_before_1_189642.csv,176,4400,4429,0,1194.1481938690547,"E1 FFlow, E1 EGT1, E1 RPM",30,30,30,30,30,0,28,53.89822019490898,334.6066194929683,5286.339559807603,192.4945415505154,442.77468237197735,7.752147320324249,74.02205927343135
open_2017_05_08_close_2017_05_08_flight_Fixed Wing_N550ND_before_1_189642.csv,177,4425,4454,0,1725.468624209533,"E1 FFlow, E1 EGT1, E1 RPM",30,30,30,30,30,0,30,53.85285330254946,334.6066194929683,8172.9513816251565,192.4945415505154,442.77468237197735,11.242955182709865,74.01623070658805
open_2017_05_08_close_2017_05_08_flight_Fixed Wing_N550ND_before_1_189642.csv,178,4450,4479,0,1771.7431312531114,"E1 FFlow, E1 EGT1, E1 RPM",30,30,30,30,30,0,27,53.86465274171094,334.6066194929683,8398.06458322043,192.4945415505154,442.77468237197735,8.009137281646977,74.03113065184536
open_2017_05_08_close_2017_05_08_flight_Fixed Wing_N550ND_before_1_189642.csv,179,4475,4504,0,1780.4243429592605,"E1 FFlow, E1 EGT1, E1 RPM",30,30,30,30,30,0,30,54.01267163096759,334.6066194929683,8439.641182120118,192.4945415505154,442.77468237197735,9.1699618930938,74.00563998833283
open_2017_05_08_close_2017_05_08_flight_Fixed Wing_N550ND_before_1_189642.csv,180,4500,4529,0,1784.464500536884,"E1 FFlow, E1 EGT1, E1 RPM",30,30,30,30,30,0,26,54.0292490089353,334.6066194929683,8458.662223746716,192.4945415505154,442.77468237197735,7.412579824295782,74.00447017821654
open_2017_05_08_close_2017_05_08_flight_Fixed Wing_N550ND_before_1_189642.csv,181,4525,4554,0,1789.8028532338137,"E1 FFlow, E1 EGT1, E1 RPM",30,30,30,30,30,0,29,53.790887044751955,334.6066194929683,8484.569818316786,192.4945415505154,442.77468237197735,5.4469956261373715,74.02097525557475
open_2017_05_08_close_2017_05_08_flight_Fixed Wing_N550ND_before_1_189642.csv,182,4550,4579,0,1785.2456739256172,"E1 FFlow, E1 EGT1, E1 RPM",30,30,30,30,30,0,29,53.86071606140614,334.6066194929683,8461.50422255866,192.4945415505154,442.77468237197735,6.203296410811962,74.00404578922866
open_2017_05_08_close_2017_05_08_flight_Fixed Wing_N550ND_before_1_189642.csv,183,4575,4604,0,1813.7288293746624,"E1 FFlow, E1 EGT1, E1 RPM",30,30,30,30,30,0,27,53.867987260942435,334.6066194929683,8598.566004272618,192.4945415505154,442.75908364463567,6.941574112287505,73.9997444799924
open_2017_05_08_close_2017_05_08_flight_Fixed Wing_N550ND_before_1_189642.csv,184,4600,4629,0,1810.3420628210265,"E1 FFlow, E1 EGT1, E1 RPM",30,30,30,30,30,0,29,53.89907773586175,334.6066194929683,8581.242394802699,192.4945415505154,442.74238253393617,4.64696867678281,74.00939310422717
open_2017_05_08_close_2017_05_08_flight_Fixed Wing_N550ND_before_1_189642.csv,185,4625,4654,0,1837.1727256025076,"E1 FFlow, E1 EGT1, E1 RPM",30,30,30,30,30,0,29,53.88235920717261,334.6066194929683,8708.491063906145,192.4945415505154,442.74238253393617,6.0381860300523575,74.00379878786975
open_2017_05_08_close_2017_05_08_flight_Fixed Wing_N550ND_before_1_189642.csv,186,4650,4679,0,1836.7172170693955,"E1 FFlow, E1 EGT1, E1 RPM",30,30,30,30,30,0,28,53.89543505591081,334.6066194929683,8708.039487455002,192.4945415505154,442.74238253393617,7.16326496239921,74.01020355285796
open_2017_05_08_close_2017_05_08_flight_Fixed Wing_N550ND_before_1_189642.csv,187,4675,4704,0,1813.1909294775521,"E1 FFlow, E1 EGT1, E1 RPM",30,30,30,30,30,0,28,53.902444903942204,334.6066194929683,8595.939865193292,192.4945415505154,442.74238253393617,4.029731904585459,74.00353324474311
open_2017_05_08_close_2017_05_08_flight_Fixed Wing_N550ND_before_1_189642.csv,188,4700,4729,0,1801.435023627678,"E1 FFlow, E1 EGT1, E1 RPM",30,30,30,30,30,0,29,53.87056629513097,334.6066194929683,8539.770595769553,192.4945415505154,442.74238253393617,5.856753195804688,74.01001373717665
open_2017_05_08_close_2017_05_08_flight_Fixed Wing_N550ND_before_1_189642.csv,189,4725,4754,0,1816.1531325142614,"E1 FFlow, E1 EGT1, E1 RPM",30,30,30,30,30,0,27,53.89328144716113,334.6066194929683,8608.655799803098,192.4945415505154,442.74238253393617,4.574672928047626,74.00539408801687
open_2017_05_08_close_2017_05_08_flight_Fixed Wing_N550ND_before_1_189642.csv,190,4750,4779,0,1824.482108875075,"E1 FFlow, E1 EGT1, E1 RPM",30,30,30,30,30,0,28,53.89619695928533,334.6066194929683,8648.921324789495,192.4945415505154,442.72445645838695,4.724154763081413,73.99343044483928
open_2017_05_08_close_2017_05_08_flight_Fixed Wing_N550ND_before_1_189642.csv,191,4775,4804,0,1821.3754684041985,"E1 FFlow, E1 EGT1, E1 RPM",30,30,30,30,30,0,27,53.907144923648055,334.6066194929683,8634.561633813262,192.4945415505154,442.7100826958951,5.970587600248911,74.00614760995643
open_2017_05_08_close_2017_05_08_flight_Fixed Wing_N550ND_before_1_189642.csv,192,4800,4829,0,1822.2072029152282,"E1 FFlow, E1 EGT1, E1 RPM",30,30,30,30,30,0,26,53.908052846733995,334.6066194929683,8638.109261101214,192.4945415505154,442.7100826958951,4.576884204274594,74.01240193230954
open_2017_05_08_close_2017_05_08_flight_Fixed Wing_N550ND_before_1_189642.csv,193,4825,4854,0,1821.729108610217,"E1 FFlow, E1 EGT1, E1 RPM",30,30,30,30,30,0,29,53.88857832191605,334.6066194929683,8636.015453641749,192.4945415505154,442.7100826958951,4.302837726463335,74.00818385654847
open_2017_05_08_close_2017_05_08_flight_Fixed Wing_N550ND_before_1_189642.csv,194,4850,4879,0,1821.6308497982384,"E1 FFlow, E1 EGT1, E1 RPM",30,30,30,30,30,0,28,53.88142767916716,334.6066194929683,8635.516537576377,192.4945415505154,442.7100826958951,3.899154247704627,74.00355671343559
open_2017_05_08_close_2017_05_08_flight_Fixed Wing_N550ND_before_1_189642.csv,195,4875,4904,0,1821.891194272681,"E1 FFlow, E1 EGT1, E1 RPM",30,30,30,30,30,0,27,53.89162225973138,334.6066194929683,8636.645430297558,192.4945415505154,442.7100826958951,4.918753799885467,74.01024810506439
open_2017_05_08_close_2017_05_08_flight_Fixed Wing_N550ND_before_1_189642.csv,196,4900,4929,0,1823.4045961584773,"E1 FFlow, E1 EGT1, E1 RPM",30,30,30,30,30,0,28,53.8889012720857,334.6066194929683,8643.92978539491,192.4945415505154,442.7039655047632,4.78160156700101,74.01212613599074
open_2017_05_08_close_2017_05_08_flight_Fixed Wing_N550ND_before_1_189642.csv,197,4925,4954,0,1822.9062253093546,"E1 FFlow, E1 EGT1, E1 RPM",30,30,30,30,30,0,30,53.892907562103694,334.6066194929683,8641.530527436678,192.4945415505154,442.6782438419817,5.436327773152929,74.0146532281388
open_2017_05_08_close_2017_05_08_flight_Fixed Wing_N550ND_before_1_189642.csv,198,4950,4979,0,1823.808750672166,"E1 FFlow, E1 EGT1, E1 RPM",30,30,30,30,30,0,29,53.89368354198278,334.6066194929683,8645.810762842497,192.4945415505154,442.6777828578539,5.640700144480904,73.99903349176712
open_2017_05_08_close_2017_05_08_flight_Fixed Wing_N550ND_before_1_189642.csv,199,4975,5004,0,1824.4351447795593,"E1 FFlow, E1 EGT1, E1 RPM",30,30,30,30,30,0,27,53.868175845837705,334.6066194929683,8648.825345020632,192.4945415505154,442.6777828578539,4.153974277816994,74.00805691337187
open_2017_05_08_close_2017_05_08_flight_Fixed Wing_N550ND_before_1_189642.csv,200,5000,5029,0,1823.8840104407957,"E1 FFlow, E1 EGT1, E1 RPM",30,30,30,30,30,0,28,53.86588490412539,334.6066194929683,8646.340662413591,192.4945415505154,442.6777828578539,5.5291366710055145,74.00165658985834
open_2017_05_08_close_2017_05_08_flight_Fixed Wing_N550ND_before_1_189642.csv,201,5025,5054,0,1824.4871718828467,"E1 FFlow, E1 EGT1, E1 RPM",30,30,30,30,30,0,28,53.732651163154195,334.6066194929683,8648.922248090967,192.4945415505154,442.6777828578539,4.359572861855998,73.99269856301086
open_2017_05_08_close_2017_05_08_flight_Fixed Wing_N550ND_before_1_189642.csv,202,5050,5079,0,1825.01402724316,"E1 FFlow, E1 EGT1, E1 RPM",30,30,30,30,30,0,28,53.84251344763384,334.6066194929683,8651.588677209802,192.4945415505154,442.6777828578539,4.546753602717398,74.00242766040027
open_2017_05_08_close_2017_05_08_flight_Fixed Wing_N550ND_before_1_189642.csv,203,5075,5104,0,1820.031108194461,"E1 FFlow, E1 EGT1, E1 RPM",30,30,30,30,30,0,28,53.75685364493575,334.6066194929683,8628.300503424109,192.4945415505154,442.65354737951753,4.620448709798638,74.01132603722306
open_2017_05_08_close_2017_05_08_flight_Fixed Wing_N550ND_before_1_189642.csv,204,5100,5129,0,1790.8263276653045,"E1 FFlow, E1 EGT1, E1 RPM",30,30,30,30,30,0,28,53.810308471493364,334.6066194929683,8490.794136618992,192.4945415505154,442.64548301981273,4.611178302584732,74.01089238566632
open_2017_05_08_close_2017_05_08_flight_Fixed Wing_N550ND_before_1_189642.csv,205,5125,5154,0,1766.9874035634127,"E1 FFlow, E1 EGT1, E1 RPM",30,30,30,30,30,0,27,53.87653058058347,334.6066194929683,8376.432014773762,192.4945415505154,442.64548301981273,5.056221905154065,74.00516352315266
open_2017_05_08_close_2017_05_08_flight_Fixed Wing_N550ND_before_1_189642.csv,206,5150,5179,0,1756.8416448924593,"E1 FFlow, E1 EGT1, E1 RPM",30,30,30,30,30,0,28,53.884893232837655,334.6066194929683,8328.157038304016,192.4945415505154,442.64548301981273,6.525872624823477,74.01946273100032
open_2017_05_08_close_2017_05_08_flight_Fixed Wing_N550ND_before_1_189642.csv,207,5175,5204,0,1766.6062364686968,"E1 FFlow, E1 EGT1, E1 RPM",30,30,30,30,30,0,28,53.89904072783349,334.6066194929683,8373.241006790442,192.4945415505154,442.64548301981273,4.6556576671183665,74.00395703260035
open_2017_05_08_close_2017_05_08_flight_Fixed Wing_N550ND_before_1_189642.csv,208,5200,5229,0,1793.0044740618055,"E1 FFlow, E1 EGT1, E1 RPM",30,30,30,30,30,0,28,53.920491533345235,334.6066194929683,8498.932737934236,192.4945415505154,442.64548301981273,5.569607135494904,74.02161431249034
open_2017_05_08_close_2017_05_08_flight_Fixed Wing_N550ND_before_1_189642.csv,209,5225,5254,0,1761.0678073218771,"E1 FFlow, E1 EGT1, E1 RPM",30,30,30,30,30,0,29,54.02159027275148,334.6066194929683,8349.782509723524,192.4945415505154,442.64548301981273,6.084640523207885,74.0122075540134
open_2017_05_08_close_2017_05_08_flight_Fixed Wing_N550ND_before_1_189642.csv,210,5250,5279,0,1340.7924899708223,"E1 FFlow, E1 EGT1, E1 RPM",30,30,30,30,30,0,28,54.02433178641341,334.6066194929683,6170.607929263223,192.4945415505154,442.64548301981273,4.460179699731071,74.00731798721014
open_2017_05_08_close_2017_05_08_flight_Fixed Wing_N550ND_before_1_189642.csv,211,5275,5304,0,1001.4338085841832,"E1 FFlow, E1 EGT1, E1 RPM",30,30,30,30,30,0,27,54.05853651439474,334.6066194929683,4571.572670059556,192.4945415505154,442.64548301981273,5.46310488521177,74.00504588555796
open_2017_05_08_close_2017_05_08_flight_Fixed Wing_N550ND_before_1_189642.csv,212,5300,5329,0,1471.486598742544,"E1 FFlow, E1 EGT1, E1 RPM",30,30,30,30,30,0,29,53.57942081893779,334.6066194929683,6966.732575179076,192.4945415505154,442.64548301981273,5.9612117005820595,73.95461110038809
open_2017_05_08_close_2017_05_08_flight_Fixed Wing_N550ND_before_1_189642.csv,213,5325,5354,0,1585.0746890357516,"E1 FFlow, E1 EGT1, E1 RPM",30,30,30,30,30,0,26,53.868729321099174,334.6066194929683,7505.346798823274,192.4945415505154,442.64548301981273,7.078946399803908,73.99501834139039
open_2017_05_08_close_2017_05_08_flight_Fixed Wing_N550ND_before_1_189642.csv,214,5350,5379,0,1457.8999565805268,"E1 FFlow, E1 EGT1, E1 RPM",30,30,30,30,30,2,27,53.88346506422935,334.6066194929683,6848.183614343206,192.4945415505154,442.64548301981273,7.398011270993181,73.99917611732175
open_2017_05_08_close_2017_05_08_flight_Fixed Wing_N550ND_before_1_189642.csv,215,5375,5404,0,795.8588813322331,"E1 FFlow, E1 EGT1, E1 RPM",30,30,30,30,30,0,27,53.91138682459746,334.6066194929683,3726.8182590610513,192.4945415505154,442.64548301981273,2.046503245147612,74.00172083752263
open_2017_05_08_close_2017_05_08_flight_Fixed Wing_N550ND_before_1_189642.csv,216,5400,5429,0,1026.5200975435905,"E1 FFlow, E1 EGT1, E1 RPM",30,30,30,30,30,5,28,53.9066357043944,334.6066194929683,4718.5937353858435,192.4945415505154,442.64548301981273,34.80130233249514,74.00359314267257
open_2017_05_08_close_2017_05_08_flight_Fixed Wing_N550ND_before_1_189642.csv,217,5425,5454,0,1067.1568884180917,"E1 FFlow, E1 EGT1, E1 RPM",30,30,30,30,30,10,27,53.89849635415616,334.6066194929683,4922.858748302738,192.4945415505154,442.64548301981273,92.23248743914256,74.00604756322326
open_2017_05_08_close_2017_05_08_flight_Fixed Wing_N550ND_before_1_189642.csv,218,5450,5479,0,1007.9388246400363,"E1 FFlow, E1 EGT1, E1 RPM",30,30,30,30,30,2,26,53.90107246978124,334.6066194929683,4566.351926165423,192.4945415505154,442.64548301981273,19.561931774216852,74.01003858749296
open_2017_05_08_close_2017_05_08_flight_Fixed Wing_N550ND_before_1_189642.csv,219,5475,5504,0,1181.3186536700766,"E1 FFlow, E1 EGT1, E1 RPM",30,30,30,30,30,2,29,53.902666024372344,334.6066194929683,5550.344298312662,192.4945415505154,442.64548301981273,19.30771549215614,74.02690108261538
open_2017_05_08_close_2017_05_08_flight_Fixed Wing_N550ND_before_1_189642.csv,220,5500,5529,0,729.1955563813877,"E1 FFlow, E1 EGT1, E1 RPM",30,30,30,30,30,14,28,53.89918573520108,334.6066194929683,3415.324799556921,192.4945415505154,442.64548301981273,71.71465943539116,74.02530249651726
open_2017_05_08_close_2017_05_08_flight_Fixed Wing_N550ND_before_1_189642.csv,221,5525,5554,0,1015.7401381033903,"E1 FFlow, E1 EGT1, E1 RPM",30,30,30,30,30,5,30,53.89453677383763,334.6066194929683,4641.336597686793,192.4945415505154,442.64548301981273,19.568084061177515,74.01930548991433
open_2017_05_08_close_2017_05_08_flight_Fixed Wing_N550ND_before_1_189642.csv,222,5550,5579,0,833.6954493260342,"E1 FFlow, E1 EGT1, E1 RPM",30,30,30,30,30,3,28,53.900547580832416,334.6066194929683,3883.2716321437038,192.4945415505154,442.64548301981273,22.78787377808523,74.01873518423415
open_2017_05_08_close_2017_05_08_flight_Fixed Wing_N550ND_before_1_189642.csv,223,5575,5604,0,895.2838198251154,"E1 FFlow, E1 EGT1, E1 RPM",30,30,30,30,30,11,29,53.90896246992018,334.6066194929683,4127.67210297248,192.4945415505154,442.64548301981273,32.46361901183798,74.00674395772707
open_2017_05_08_close_2017_05_08_flight_Fixed Wing_N550ND_before_1_189642.csv,224,5600,5629,0,833.2048921646383,"E1 FFlow, E1 EGT1, E1 RPM",30,30,30,30,30,10,28,53.91017746606502,334.6066194929683,3918.7950931518158,192.4945415505154,442.64548301981273,36.065225792177884,74.01050805061236
open_2017_05_08_close_2017_05_08_flight_Fixed Wing_N550ND_before_1_189642.csv,225,5625,5654,0,739.0074943533044,"E1 FFlow, E1 EGT1, E1 RPM",30,30,30,30,30,9,27,53.91132917316009,334.6066194929683,3476.7048290969283,192.4945415505154,442.64548301981273,30.625139914628832,74.00646977955462
open_2017_05_08_close_2017_05_08_flight_Fixed Wing_N550ND_before_2_189656.csv,0,0,29,0,1352.7777975256151,"E1 FFlow, E1 EGT1, E1 RPM",30,30,30,30,30,30,27,53.916941197348464,324.9771810816923,6406.083627594363,187.5299627455766,442.64548301981273,79.94791206397926,74.00996957894078
open_2017_05_08_close_2017_05_08_flight_Fixed Wing_N550ND_before_2_189656.csv,1,25,54,0,1388.0913194928942,"E1 FFlow, E1 EGT1, E1 RPM",30,30,30,30,30,30,29,53.91716665180456,324.9771810816923,6562.288752608328,187.5299627455766,442.64548301981273,60.56914200984749,74.00855821440751
open_2017_05_08_close_2017_05_08_flight_Fixed Wing_N550ND_before_2_189656.csv,2,50,79,0,1442.571819574288,"E1 FFlow, E1 EGT1, E1 RPM",30,30,30,30,30,29,28,53.917586017159124,324.9771810816923,6835.813622050448,187.5299627455766,442.64548301981273,52.368514859943346,74.00428811709375
open_2017_05_08_close_2017_05_08_flight_Fixed Wing_N550ND_before_2_189656.csv,3,75,104,0,1348.4026241013269,"E1 FFlow, E1 EGT1, E1 RPM",30,30,30,30,30,26,27,53.91848407173656,324.9771810816923,6389.657670351732,187.5299627455766,442.64548301981273,40.069279750299685,74.0051481077187
open_2017_05_08_close_2017_05_08_flight_Fixed Wing_N550ND_before_2_189656.csv,4,100,129,0,1346.7006453766885,"E1 FFlow, E1 EGT1, E1 RPM",30,30,30,30,30,23,26,53.918059224871634,324.9771810816923,6378.658391380593,187.5299627455766,442.64548301981273,35.10851485927482,74.00626350329927
open_2017_05_08_close_2017_05_08_flight_Fixed Wing_N550ND_before_2_189656.csv,5,125,154,0,1379.453173733436,"E1 FFlow, E1 EGT1, E1 RPM",30,30,30,30,30,23,28,53.918137082682186,324.9771810816923,6533.425840679178,187.5299627455766,442.64548301981273,34.57902980520435,74.00771591591824
open_2017_05_08_close_2017_05_08_flight_Fixed Wing_N550ND_before_2_189656.csv,6,150,179,0,1386.464471598477,"E1 FFlow, E1 EGT1, E1 RPM",30,30,30,30,30,21,26,53.91885859297284,324.9771810816923,6570.262444771976,187.5299627455766,442.64548301981273,33.27562569399879,74.00683771920589
open_2017_05_08_close_2017_05_08_flight_Fixed Wing_N550ND_before_2_189656.csv,7,175,204,0,1378.4485417643302,"E1 FFlow, E1 EGT1, E1 RPM",30,30,30,30,30,16,29,53.917762455575,324.9771810816923,6531.355612023098,187.5299627455766,442.64548301981273,28.64133387507526,74.01013817136018
open_2017_05_08_close_2017_05_08_flight_Fixed Wing_N550ND_before_2_189656.csv,8,200,229,0,1401.6284292780697,"E1 FFlow, E1 EGT1, E1 RPM",30,30,30,30,30,6,29,53.91713111885168,324.9771810816923,6638.090599450394,187.5299627455766,442.64548301981273,20.358137532465854,74.00939615184262
open_2017_05_08_close_2017_05_08_flight_Fixed Wing_N550ND_before_2_189656.csv,9,225,254,0,1418.37517933976,"E1 FFlow, E1 EGT1, E1 RPM",30,30,30,30,30,0,27,53.91611573044412,324.9771810816923,6720.859537331084,187.5299627455766,442.64548301981273,16.295435043764996,74.00886346469898
open_2017_05_08_close_2017_05_08_flight_Fixed Wing_N550ND_before_2_189656.csv,10,250,279,0,1416.5881569029086,"E1 FFlow, E1 EGT1, E1 RPM",30,30,30,30,30,0,27,53.91624356460014,324.9771810816923,6711.770699431306,187.5299627455766,442.64548301981273,16.295435043764996,74.0085038115006
open_2017_05_08_close_2017_05_08_flight_Fixed Wing_N550ND_before_2_189656.csv,11,275,304,0,1409.0552160781892,"E1 FFlow, E1 EGT1, E1 RPM",30,30,30,30,30,0,29,53.916074394751554,324.9771810816923,6677.388268720739,187.5299627455766,442.64548301981273,16.295435043764996,74.0057131266407
open_2017_05_08_close_2017_05_08_flight_Fixed Wing_N550ND_before_2_189656.csv,12,300,329,0,1405.6704509910592,"E1 FFlow, E1 EGT1, E1 RPM",30,30,30,30,30,0,26,53.91771561841868,324.9771810816923,6661.1488675044375,187.5299627455766,442.64548301981273,16.295435043764996,74.0073503080787
open_2017_05_08_close_2017_05_08_flight_Fixed Wing_N550ND_before_2_189656.csv,13,325,354,0,1438.210654838164,"E1 FFlow, E1 EGT1, E1 RPM",30,30,30,30,30,0,26,53.91666339782927,324.9771810816923,6809.100631028703,187.5299627455766,442.64548301981273,16.295435043764996,74.01655152237744
open_2017_05_08_close_2017_05_08_flight_Fixed Wing_N550ND_before_2_189656.csv,14,350,379,0,1409.6162734219342,"E1 FFlow, E1 EGT1, E1 RPM",30,30,30,30,30,0,28,53.91321192224308,324.9771810816923,6671.728474841144,187.5299627455766,442.64548301981273,16.295435043764996,74.00780844210328
open_2017_05_08_close_2017_05_08_flight_Fixed Wing_N550ND_before_2_189656.csv,15,375,404,0,1013.465449034452,"E1 FFlow, E1 EGT1, E1 RPM",30,30,30,30,30,24,28,53.9112398773266,324.9771810816923,4773.726569315448,187.5299627455766,442.64548301981273,80.01584296491093,74.00606461961155
open_2017_05_08_close_2017_05_08_flight_Fixed Wing_N550ND_before_2_189656.csv,16,400,429,0,1132.4879856767834,"E1 FFlow, E1 EGT1, E1 RPM",30,30,30,30,30,16,27,53.91268194600215,324.9771810816923,5241.159576027992,187.5299627455766,442.64548301981273,33.50578988328803,74.00110395606329
open_2017_05_08_close_2017_05_08_flight_Fixed Wing_N550ND_before_2_189656.csv,17,425,454,0,1153.7052487606013,"E1 FFlow, E1 EGT1, E1 RPM",30,30,30,30,30,4,26,53.921103795450605,324.9771810816923,5439.536995882169,187.5299627455766,442.64548301981273,20.108207062332784,74.01438487619305
open_2017_05_08_close_2017_05_08_flight_Fixed Wing_N550ND_before_2_189656.csv,18,450,479,0,954.6463898735757,"E1 FFlow, E1 EGT1, E1 RPM",30,30,30,30,30,1,28,53.91269807973019,324.9771810816923,4518.611216255229,187.5299627455766,442.64548301981273,16.11775879702394,74.00121197180825
open_2017_05_08_close_2017_05_08_flight_Fixed Wing_N550ND_before_2_189656.csv,19,475,504,0,961.8565152978437,"E1 FFlow, E1 EGT1, E1 RPM",30,30,30,30,30,0,27,53.91337471644054,324.9771810816923,4542.683527087441,187.5299627455766,442.64548301981273,15.723514257770772,73.99919167981231
open_2017_05_08_close_2017_05_08_flight_Fixed Wing_N550ND_before_2_189656.csv,20,500,529,0,1120.4576258107234,"E1 FFlow, E1 EGT1, E1 RPM",30,30,30,30,30,0,27,53.913393942276244,324.9771810816923,5285.261192757104,187.5299627455766,442.64548301981273,15.40052825627169,74.00276522668398
open_2017_05_08_close_2017_05_08_flight_Fixed Wing_N550ND_before_2_189656.csv,21,525,554,0,1113.294415741046,"E1 FFlow, E1 EGT1, E1 RPM",30,30,30,30,30,6,26,53.907210825071765,324.9771810816923,5266.253654065519,187.5299627455766,442.64548301981273,29.814999599590802,74.01224255800926
open_2017_05_08_close_2017_05_08_flight_Fixed Wing_N550ND_before_2_189656.csv,22,550,579,0,883.2545296563765,"E1 FFlow, E1 EGT1, E1 RPM",30,30,30,30,30,29,28,53.90622430427859,324.9771810816923,4162.132860482976,187.5299627455766,442.64548301981273,74.18696468087514,74.00514553681892
open_2017_05_08_close_2017_05_08_flight_Fixed Wing_N550ND_before_2_189656.csv,23,575,604,0,1293.4124209278175,"E1 FFlow, E1 EGT1, E1 RPM",30,30,30,30,30,8,28,53.90587886908077,324.9771810816923,6049.477643765676,187.5299627455766,442.64548301981273,24.848459590040246,74.00987545128324
open_2017_05_08_close_2017_05_08_flight_Fixed Wing_N550ND_before_2_189656.csv,24,600,629,0,1290.40673387426,"E1 FFlow, E1 EGT1, E1 RPM",30,30,30,30,30,0,28,53.90989143545111,324.9771810816923,6092.049798264638,187.5299627455766,442.64548301981273,14.36281442074637,74.01122883497328
open_2017_05_08_close_2017_05_08_flight_Fixed Wing_N550ND_before_2_189656.csv,25,625,654,0,982.1692552238712,"E1 FFlow, E1 EGT1, E1 RPM",30,30,30,30,30,3,27,53.90390489197155,324.9771810816923,4648.575801665441,187.5299627455766,442.64548301981273,15.528231020714884,74.00084423284211
open_2017_05_08_close_2017_05_08_flight_Fixed Wing_N550ND_before_2_189656.csv,26,650,679,0,1135.1378759587126,"E1 FFlow, E1 EGT1, E1 RPM",30,30,30,30,30,1,27,53.88843964921903,324.9771810816923,5287.046617461947,187.5299627455766,442.64548301981273,15.793215208773317,74.0105195364012
open_2017_05_08_close_2017_05_08_flight_Fixed Wing_N550ND_before_2_189656.csv,27,675,704,0,1309.4369610265223,"E1 FFlow, E1 EGT1, E1 RPM",30,30,30,30,30,0,29,53.89925293106692,324.9771810816923,6169.135657504411,187.5299627455766,442.64548301981273,13.913277227100831,74.00956283336843
open_2017_05_08_close_2017_05_08_flight_Fixed Wing_N550ND_before_2_189656.csv,28,700,729,0,1497.514701660589,"E1 FFlow, E1 EGT1, E1 RPM",30,30,30,30,30,0,26,53.897658348769305,324.9771810816923,6981.775710833814,187.5299627455766,442.64548301981273,16.295435043764996,74.00386801497095
open_2017_05_08_close_2017_05_08_flight_Fixed Wing_N550ND_before_2_189656.csv,29,725,754,0,1626.6530015505791,"E1 FFlow, E1 EGT1, E1 RPM",30,30,30,30,30,3,27,53.89824559273862,324.9771810816923,7684.196748218022,187.5299627455766,442.64548301981273,27.56802226926858,74.00807028849572
open_2017_05_08_close_2017_05_08_flight_Fixed Wing_N550ND_before_2_189656.csv,30,750,779,0,1416.9498384285105,"E1 FFlow, E1 EGT1, E1 RPM",30,30,30,30,30,6,27,53.902412224489936,324.9771810816923,6683.379150957923,187.5299627455766,442.64548301981273,28.552210304432887,74.00449827745484
open_2017_05_08_close_2017_05_08_flight_Fixed Wing_N550ND_before_2_189656.csv,31,775,804,0,1363.4208621780733,"E1 FFlow, E1 EGT1, E1 RPM",30,30,30,30,30,0,28,53.90792210079236,324.9771810816923,6454.979339333362,187.5299627455766,442.64548301981273,15.176062830263623,74.00701106229339
open_2017_05_08_close_2017_05_08_flight_Fixed Wing_N550ND_before_2_189656.csv,32,800,829,0,1265.9587718090193,"E1 FFlow, E1 EGT1, E1 RPM",30,30,30,30,30,0,29,53.90257978660671,324.9771810816923,5996.926583285234,187.5299627455766,442.64548301981273,14.465707410225297,74.00554149781296
open_2017_05_08_close_2017_05_08_flight_Fixed Wing_N550ND_before_2_189656.csv,33,825,854,0,1237.408619336276,"E1 FFlow, E1 EGT1, E1 RPM",30,30,30,30,30,0,28,53.90246829374891,324.9771810816923,5860.204291552849,187.5299627455766,442.64548301981273,10.541228725378962,74.00825380273886
open_2017_05_08_close_2017_05_08_flight_Fixed Wing_N550ND_before_2_189656.csv,34,850,879,0,1267.6268210599667,"E1 FFlow, E1 EGT1, E1 RPM",30,30,30,30,30,0,29,53.90530887580711,324.9771810816923,6005.073824834592,187.5299627455766,442.64548301981273,10.029825264325806,74.00842459891619
open_2017_05_08_close_2017_05_08_flight_Fixed Wing_N550ND_before_2_189656.csv,35,875,904,0,1256.9444818413056,"E1 FFlow, E1 EGT1, E1 RPM",30,30,30,30,30,0,28,53.908681715081144,324.9771810816923,5952.936684472795,187.5299627455766,442.64548301981273,8.923650673613903,74.00745755328029
open_2017_05_08_close_2017_05_08_flight_Fixed Wing_N550ND_before_2_189656.csv,36,900,929,0,1269.6712568888581,"E1 FFlow, E1 EGT1, E1 RPM",30,30,30,30,30,0,27,53.90810985606706,324.9771810816923,6014.950989198236,187.5299627455766,442.64548301981273,7.850952381749425,74.00537679272621
open_2017_05_08_close_2017_05_08_flight_Fixed Wing_N550ND_before_2_189656.csv,37,925,954,0,1278.0688294772986,"E1 FFlow, E1 EGT1, E1 RPM",30,30,30,30,30,0,28,53.90771801575774,324.9771810816923,6054.107770330472,187.5299627455766,442.64548301981273,6.587788007395235,74.0092200335746
open_2017_05_08_close_2017_05_08_flight_Fixed Wing_N550ND_before_2_189656.csv,38,950,979,0,1295.1092680370841,"E1 FFlow, E1 EGT1, E1 RPM",30,30,30,30,30,0,28,53.908155308405604,324.9771810816923,6133.7891144850655,187.5299627455766,442.64548301981273,3.974263949999915,74.00705467154263
open_2017_05_08_close_2017_05_08_flight_Fixed Wing_N550ND_before_2_189656.csv,39,975,1004,0,1303.0527309020304,"E1 FFlow, E1 EGT1, E1 RPM",30,30,30,30,30,0,28,53.90944363439352,324.9771810816923,6173.467707284912,187.5299627455766,442.64548301981273,4.298894710065656,74.01090897126168
open_2017_05_08_close_2017_05_08_flight_Fixed Wing_N550ND_before_2_189656.csv,40,1000,1029,0,1295.1101422438123,"E1 FFlow, E1 EGT1, E1 RPM",30,30,30,30,30,0,29,53.90995396172896,324.9771810816923,6134.0509546692165,187.5299627455766,442.64548301981273,4.927520413535206,74.00792113621802
open_2017_05_08_close_2017_05_08_flight_Fixed Wing_N550ND_before_2_189656.csv,41,1025,1054,0,1362.312822679675,"E1 FFlow, E1 EGT1, E1 RPM",30,30,30,30,30,0,27,53.9070256202632,324.9771810816923,6446.6230506817255,187.5299627455766,442.64548301981273,5.313773778759269,74.00979114668282
open_2017_05_08_close_2017_05_08_flight_Fixed Wing_N550ND_before_2_189656.csv,42,1050,1079,0,1084.9344146476953,"E1 FFlow, E1 EGT1, E1 RPM",30,30,30,30,30,0,27,53.897364436822805,324.9771810816923,5120.570667682117,187.5299627455766,442.64548301981273,6.05945121801349,74.00675599356869
open_2017_05_08_close_2017_05_08_flight_Fixed Wing_N550ND_before_2_189656.csv,43,1075,1104,0,961.8000655938075,"E1 FFlow, E1 EGT1, E1 RPM",30,30,30,30,30,4,27,53.89738096619073,324.9771810816923,4552.6657652014455,187.5299627455766,442.64548301981273,11.449714108571246,74.00684468360254
open_2017_05_08_close_2017_05_08_flight_Fixed Wing_N550ND_before_2_189656.csv,44,1100,1129,0,949.9493727255962,"E1 FFlow, E1 EGT1, E1 RPM",30,30,30,30,30,5,28,53.89749695659151,324.9771810816923,4494.0126523490135,187.5299627455766,442.64548301981273,19.292115378231934,74.00900699124698
open_2017_05_08_close_2017_05_08_flight_Fixed Wing_N550ND_before_2_189656.csv,45,1125,1154,0,1060.7294182395035,"E1 FFlow, E1 EGT1, E1 RPM",30,30,30,30,30,2,28,53.897964838927464,324.9771810816923,4943.6400237937705,187.5299627455766,442.64548301981273,17.85434568177591,74.01104571880059
open_2017_05_08_close_2017_05_08_flight_Fixed Wing_N550ND_before_2_189656.csv,46,1150,1179,0,1479.8920900539724,"E1 FFlow, E1 EGT1, E1 RPM",30,30,30,30,30,0,28,53.906908721315986,324.9771810816923,6984.1296413432165,187.5299627455766,442.64548301981273,2.343812309452338,74.0161188846031
open_2017_05_08_close_2017_05_08_flight_Fixed Wing_N550ND_before_2_189656.csv,47,1175,1204,0,1709.366792203174,"E1 FFlow, E1 EGT1, E1 RPM",30,30,30,30,30,0,30,53.908011981567064,324.9771810816923,8096.386335832909,187.5299627455766,442.64548301981273,2.9330955413656428,74.00633642279179
open_2017_05_08_close_2017_05_08_flight_Fixed Wing_N550ND_before_2_189656.csv,48,1200,1229,0,1772.2545707712277,"E1 FFlow, E1 EGT1, E1 RPM",30,30,30,30,30,0,28,53.87769659634478,324.9771810816923,8400.179561476996,187.5299627455766,442.64548301981273,2.046503245147612,74.02914452853605
open_2017_05_08_close_2017_05_08_flight_Fixed Wing_N550ND_before_2_189656.csv,49,1225,1254,0,1781.0684736234828,"E1 FFlow, E1 EGT1, E1 RPM",30,30,30,30,30,0,29,53.89171017643289,324.9771810816923,8443.211680259012,187.5299627455766,442.64548301981273,2.046503245147612,74.0466103013052
open_2017_05_08_close_2017_05_08_flight_Fixed Wing_N550ND_before_2_189656.csv,50,1250,1279,0,1779.1092667711011,"E1 FFlow, E1 EGT1, E1 RPM",30,30,30,30,30,0,27,53.863853640028566,324.9771810816923,8433.746844839427,187.5299627455766,442.64548301981273,2.534710591971872,74.02724570609115
open_2017_05_08_close_2017_05_08_flight_Fixed Wing_N550ND_before_2_189656.csv,51,1275,1304,0,1788.739465952738,"E1 FFlow, E1 EGT1, E1 RPM",30,30,30,30,30,0,28,53.85915906761936,324.9771810816923,8478.944822502934,187.5299627455766,442.64548301981273,2.564809465682155,73.99835050117674
open_2017_05_08_close_2017_05_08_flight_Fixed Wing_N550ND_before_2_189656.csv,52,1300,1329,0,1787.6658034582454,"E1 FFlow, E1 EGT1, E1 RPM",30,30,30,30,30,0,29,53.86990907282983,324.9771810816923,8474.716320742735,187.5299627455766,442.64548301981273,6.859036739417696,74.03139281378373
open_2017_05_08_close_2017_05_08_flight_Fixed Wing_N550ND_before_2_189656.csv,53,1325,1354,0,1780.186951007078,"E1 FFlow, E1 EGT1, E1 RPM",30,30,30,30,30,0,28,53.832523408329614,324.9771810816923,8439.293741862897,187.5299627455766,442.64548301981273,6.548316975392551,74.02840785164102
open_2017_05_08_close_2017_05_08_flight_Fixed Wing_N550ND_before_2_189656.csv,54,1350,1379,0,1773.3269979059978,"E1 FFlow, E1 EGT1, E1 RPM",30,30,30,30,30,0,28,53.76900319904373,324.9771810816923,8406.065148710528,187.5299627455766,442.64548301981273,6.1602032982323065,73.99552903959966
open_2017_05_08_close_2017_05_08_flight_Fixed Wing_N550ND_before_2_189656.csv,55,1375,1404,0,1781.1250232094847,"E1 FFlow, E1 EGT1, E1 RPM",30,30,30,30,30,0,27,53.869225725109125,324.9771810816923,8443.618972534125,187.5299627455766,442.64548301981273,7.0484196349468515,74.01700653199826
open_2017_05_08_close_2017_05_08_flight_Fixed Wing_N550ND_before_2_189656.csv,56,1400,1429,0,1771.0041972257213,"E1 FFlow, E1 EGT1, E1 RPM",30,30,30,30,30,0,28,53.873191308155,324.9771810816923,8395.995274655736,187.5299627455766,442.64548301981273,4.0355384269046,74.03374950384598
open_2017_05_08_close_2017_05_08_flight_Fixed Wing_N550ND_before_2_189656.csv,57,1425,1454,0,1752.4267384240957,"E1 FFlow, E1 EGT1, E1 RPM",30,30,30,30,30,0,30,53.871845252227885,324.9771810816923,8307.349022004819,187.5299627455766,442.64548301981273,4.913556841905002,74.01931447480943
open_2017_05_08_close_2017_05_08_flight_Fixed Wing_N550ND_before_2_189656.csv,58,1450,1479,0,1768.8188004371402,"E1 FFlow, E1 EGT1, E1 RPM",30,30,30,30,30,0,29,53.65839293438559,324.9771810816923,8381.1775702896,187.5299627455766,442.64548301981273,5.45988396414455,74.00396057735902
open_2017_05_08_close_2017_05_08_flight_Fixed Wing_N550ND_before_2_189656.csv,59,1475,1504,0,1826.0634410158536,"E1 FFlow, E1 EGT1, E1 RPM",30,30,30,30,30,0,27,53.86226742133569,324.9771810816923,8656.414742496698,187.5299627455766,442.64548301981273,5.70956467749408,74.02837748471121
open_2017_05_08_close_2017_05_08_flight_Fixed Wing_N550ND_before_2_189656.csv,60,1500,1529,0,1846.3355580210923,"E1 FFlow, E1 EGT1, E1 RPM",30,30,30,30,30,0,29,53.89023602895986,324.9771810816923,8748.712151684502,187.5299627455766,442.66873597894914,6.16277951131283,73.99660809558438
open_2017_05_08_close_2017_05_08_flight_Fixed Wing_N550ND_before_2_189656.csv,61,1525,1554,0,1956.9050354405588,"E1 FFlow, E1 EGT1, E1 RPM",30,30,30,30,30,0,27,53.91105509244683,324.9771810816923,9274.401252599702,187.5299627455766,442.6777828578539,6.14062888336878,73.98509116240736
open_2017_05_08_close_2017_05_08_flight_Fixed Wing_N550ND_before_2_189656.csv,62,1550,1579,0,1968.6113150643102,"E1 FFlow, E1 EGT1, E1 RPM",30,30,30,30,30,0,26,53.912739560258565,324.9771810816923,9333.87552960523,187.5299627455766,442.6777828578539,3.151960442720441,74.01451540153366
open_2017_05_08_close_2017_05_08_flight_Fixed Wing_N550ND_before_2_189656.csv,63,1575,1604,0,1962.7578377191603,"E1 FFlow, E1 EGT1, E1 RPM",30,30,30,30,30,0,29,53.89191927196298,324.9771810816923,9305.022543564066,187.5299627455766,442.6777828578539,2.046503245147612,74.01730807500438
open_2017_05_08_close_2017_05_08_flight_Fixed Wing_N550ND_before_2_189656.csv,64,1600,1629,0,1968.9952755505626,"E1 FFlow, E1 EGT1, E1 RPM",30,30,30,30,30,0,27,53.887460093083945,324.9771810816923,9335.358506742985,187.5299627455766,442.6777828578539,2.046503245147612,74.06467576898524
open_2017_05_08_close_2017_05_08_flight_Fixed Wing_N550ND_before_2_189656.csv,65,1625,1654,0,1968.7547105089836,"E1 FFlow, E1 EGT1, E1 RPM",30,30,30,30,30,0,30,53.904653333468744,324.9771810816923,9333.695695599361,187.5299627455766,442.6777828578539,2.046503245147612,74.01179105255383
open_2017_05_08_close_2017_05_08_flight_Fixed Wing_N550ND_before_2_189656.csv,66,1650,1679,0,1970.8801752388126,"E1 FFlow, E1 EGT1, E1 RPM",30,30,30,30,30,0,30,53.88243976075842,324.9771810816923,9344.48796349523,187.5299627455766,442.6989861629925,2.046503245147612,74.00523144038243
open_2017_05_08_close_2017_05_08_flight_Fixed Wing_N550ND_before_2_189656.csv,67,1675,1704,0,1962.2435913024842,"E1 FFlow, E1 EGT1, E1 RPM",30,30,30,30,30,0,27,53.86641417460143,324.9771810816923,9303.328005255074,187.5299627455766,442.7100826958951,2.046503245147612,74.03148947801978
open_2017_05_08_close_2017_05_08_flight_Fixed Wing_N550ND_before_2_189656.csv,68,1700,1729,0,1947.5123361334176,"E1 FFlow, E1 EGT1, E1 RPM",30,30,30,30,30,0,29,53.882516732339404,324.9771810816923,9233.906222896556,187.5299627455766,442.7100826958951,2.046503245147612,74.00550160288664
open_2017_05_08_close_2017_05_08_flight_Fixed Wing_N550ND_before_2_189656.csv,69,1725,1754,0,1914.730143165002,"E1 FFlow, E1 EGT1, E1 RPM",30,30,30,30,30,0,26,53.84608348934533,324.9771810816923,9078.438754103518,187.5299627455766,442.7100826958951,2.046503245147612,74.0101678106534
open_2017_05_08_close_2017_05_08_flight_Fixed Wing_N550ND_before_2_189656.csv,70,1750,1779,0,1897.848947432569,"E1 FFlow, E1 EGT1, E1 RPM",30,30,30,30,30,0,28,53.85973511923786,324.9771810816923,8997.795197386577,187.5299627455766,442.7100826958951,2.046503245147612,74.01453112078299
open_2017_05_08_close_2017_05_08_flight_Fixed Wing_N550ND_before_2_189656.csv,71,1775,1804,0,1893.1046341282085,"E1 FFlow, E1 EGT1, E1 RPM",30,30,30,30,30,0,29,53.867012825475044,324.9771810816923,8974.965792559351,187.5299627455766,442.7100826958951,2.5280783295892695,74.03622897559859
open_2017_05_08_close_2017_05_08_flight_Fixed Wing_N550ND_before_2_189656.csv,72,1800,1829,0,1922.8477314281224,"E1 FFlow, E1 EGT1, E1 RPM",30,30,30,30,30,0,28,53.86077752358339,324.9771810816923,9114.459322719948,187.5299627455766,442.7100826958951,2.046503245147612,74.01323300084444
open_2017_05_08_close_2017_05_08_flight_Fixed Wing_N550ND_before_2_189656.csv,73,1825,1854,0,1920.5064930396998,"E1 FFlow, E1 EGT1, E1 RPM",30,30,30,30,30,0,28,53.854385805162174,324.9771810816923,9105.770443168027,187.5299627455766,442.72447508553347,2.046503245147612,74.02832351056801
open_2017_05_08_close_2017_05_08_flight_Fixed Wing_N550ND_before_2_189656.csv,74,1850,1879,0,1916.9698236523143,"E1 FFlow, E1 EGT1, E1 RPM",30,30,30,30,30,0,29,53.87776121908889,324.9771810816923,9087.542357830938,187.5299627455766,442.74238253393617,2.046503245147612,74.00174134525892
open_2017_05_08_close_2017_05_08_flight_Fixed Wing_N550ND_before_2_189656.csv,75,1875,1904,0,1881.7458003722227,"E1 FFlow, E1 EGT1, E1 RPM",30,30,30,30,30,0,28,53.874634518977444,324.9771810816923,8923.187644730646,187.5299627455766,442.74238253393617,2.046503245147612,74.00834869273568
open_2017_05_08_close_2017_05_08_flight_Fixed Wing_N550ND_before_2_189656.csv,76,1900,1929,0,1869.809115215006,"E1 FFlow, E1 EGT1, E1 RPM",30,30,30,30,30,0,28,53.87711917839565,324.9771810816923,8862.453938156668,187.5299627455766,442.74238253393617,2.046503245147612,73.99654323127622
open_2017_05_08_close_2017_05_08_flight_Fixed Wing_N550ND_before_2_189656.csv,77,1925,1954,0,1908.5183231780793,"E1 FFlow, E1 EGT1, E1 RPM",30,30,30,30,30,0,27,53.86193422318254,324.9771810816923,9047.733049800625,187.5299627455766,442.74238253393617,2.046503245147612,74.02800629289399
open_2017_05_08_close_2017_05_08_flight_Fixed Wing_N550ND_before_2_189656.csv,78,1950,1979,0,1916.3259410974947,"E1 FFlow, E1 EGT1, E1 RPM",30,30,30,30,30,0,29,53.87224452511203,324.9771810816923,9083.083941088507,187.5299627455766,442.74238253393617,2.046503245147612,74.00143863578782
open_2017_05_08_close_2017_05_08_flight_Fixed Wing_N550ND_before_2_189656.csv,79,1975,2004,0,1934.750230291114,"E1 FFlow, E1 EGT1, E1 RPM",30,30,30,30,30,0,27,53.88461771771581,324.9771810816923,9173.263523932264,187.5299627455766,442.74238253393617,2.046503245147612,73.99381786072911
open_2017_05_08_close_2017_05_08_flight_Fixed Wing_N550ND_before_2_189656.csv,80,2000,2029,0,1918.04871510058,"E1 FFlow, E1 EGT1, E1 RPM",30,30,30,30,30,0,27,53.88568031842596,324.9771810816923,9094.237519639148,187.5299627455766,442.76251832128526,2.046503245147612,74.03015160935874
open_2017_05_08_close_2017_05_08_flight_Fixed Wing_N550ND_before_2_189656.csv,81,2025,2054,0,1858.0815777172365,"E1 FFlow, E1 EGT1, E1 RPM",30,30,30,30,30,0,28,53.89177600808037,324.9771810816923,8810.439756295826,187.5299627455766,442.77468237197735,2.046503245147612,74.00274823318513
open_2017_05_08_close_2017_05_08_flight_Fixed Wing_N550ND_before_2_189656.csv,82,2050,2079,0,1833.1048412925209,"E1 FFlow, E1 EGT1, E1 RPM",30,30,30,30,30,0,28,53.89171641179815,324.9771810816923,8689.909696076682,187.5299627455766,442.77468237197735,2.046503245147612,73.98895733537356
open_2017_05_08_close_2017_05_08_flight_Fixed Wing_N550ND_before_2_189656.csv,83,2075,2104,0,1858.7302351835085,"E1 FFlow, E1 EGT1, E1 RPM",30,30,30,30,30,0,27,53.87305610688311,324.9771810816923,8811.031062880336,187.5299627455766,442.77468237197735,2.046503245147612,74.01185070740878
open_2017_05_08_close_2017_05_08_flight_Fixed Wing_N550ND_before_2_189656.csv,84,2100,2129,0,1866.1077740630162,"E1 FFlow, E1 EGT1, E1 RPM",30,30,30,30,30,0,29,53.90848944309257,324.9771810816923,8846.646589655173,187.5299627455766,442.77468237197735,2.046503245147612,74.02806166847526
open_2017_05_08_close_2017_05_08_flight_Fixed Wing_N550ND_before_2_189656.csv,85,2125,2154,0,1869.4038831143064,"E1 FFlow, E1 EGT1, E1 RPM",30,30,30,30,30,0,28,53.89846972103223,324.9771810816923,8862.327455705456,187.5299627455766,442.77468237197735,2.046503245147612,74.00958942411872
open_2017_05_08_close_2017_05_08_flight_Fixed Wing_N550ND_before_2_189656.csv,86,2150,2179,0,1864.826043177113,"E1 FFlow, E1 EGT1, E1 RPM",30,30,30,30,30,0,29,53.89500465684705,324.9771810816923,8840.96455101938,187.5299627455766,442.79692650896993,2.046503245147612,74.02416524661335
open_2017_05_08_close_2017_05_08_flight_Fixed Wing_N550ND_before_2_189656.csv,87,2175,2204,0,1867.044046971126,"E1 FFlow, E1 EGT1, E1 RPM",30,30,30,30,30,0,29,53.870204627510205,324.9771810816923,8850.498018719145,187.5299627455766,442.80698221001865,2.046503245147612,73.99900234158738
open_2017_05_08_close_2017_05_08_flight_Fixed Wing_N550ND_before_2_189656.csv,88,2200,2229,0,1875.1774544768398,"E1 FFlow, E1 EGT1, E1 RPM",30,30,30,30,30,0,28,53.870432461314316,324.9771810816923,8890.048651300622,187.5299627455766,442.80698221001865,2.046503245147612,73.99577217048554
open_2017_05_08_close_2017_05_08_flight_Fixed Wing_N550ND_before_2_189656.csv,89,2225,2254,0,1870.9769182113316,"E1 FFlow, E1 EGT1, E1 RPM",30,30,30,30,30,0,26,53.95688853569249,324.9771810816923,8870.01299313177,187.5299627455766,442.80698221001865,2.046503245147612,74.00564202038049
open_2017_05_08_close_2017_05_08_flight_Fixed Wing_N550ND_before_2_189656.csv,90,2250,2279,0,1865.6484266587454,"E1 FFlow, E1 EGT1, E1 RPM",30,30,30,30,30,0,28,53.87231793735647,324.9771810816923,8844.7226510538,187.5299627455766,442.80698221001865,2.046503245147612,73.99247855549342
open_2017_05_08_close_2017_05_08_flight_Fixed Wing_N550ND_before_2_189656.csv,91,2275,2304,0,1858.830190529276,"E1 FFlow, E1 EGT1, E1 RPM",30,30,30,30,30,0,28,53.84823064394516,324.9771810816923,8812.527912275591,187.5299627455766,442.80698221001865,2.046503245147612,74.00854724900243
open_2017_05_08_close_2017_05_08_flight_Fixed Wing_N550ND_before_2_189656.csv,92,2300,2329,0,1854.698523442592,"E1 FFlow, E1 EGT1, E1 RPM",30,30,30,30,30,0,26,53.870831964977434,324.9771810816923,8792.750327152757,187.5299627455766,442.82258093736027,2.046503245147612,73.99164992438826
open_2017_05_08_close_2017_05_08_flight_Fixed Wing_N550ND_before_2_189656.csv,93,2325,2354,0,1855.1356281374422,"E1 FFlow, E1 EGT1, E1 RPM",30,30,30,30,30,0,28,53.90005562233092,324.9771810816923,8794.570085980711,187.5299627455766,442.8392820480598,2.046503245147612,74.0445514571197
open_2017_05_08_close_2017_05_08_flight_Fixed Wing_N550ND_before_2_189656.csv,94,2350,2379,0,1857.361756215185,"E1 FFlow, E1 EGT1, E1 RPM",30,30,30,30,30,0,28,53.89430823814838,324.9771810816923,8805.375894884364,187.5299627455766,442.8392820480598,2.046503245147612,74.02012102092917
open_2017_05_08_close_2017_05_08_flight_Fixed Wing_N550ND_before_2_189656.csv,95,2375,2404,0,1872.2941891463015,"E1 FFlow, E1 EGT1, E1 RPM",30,30,30,30,30,0,26,53.92454168897922,324.9771810816923,8875.341158371371,187.5299627455766,442.8392820480598,2.046503245147612,74.01058102655634
open_2017_05_08_close_2017_05_08_flight_Fixed Wing_N550ND_before_2_189656.csv,96,2400,2429,0,1876.191318884821,"E1 FFlow, E1 EGT1, E1 RPM",30,30,30,30,30,0,28,53.88841008326846,324.9771810816923,8895.087417367651,187.5299627455766,442.8392820480598,2.046503245147612,74.01254343333005
open_2017_05_08_close_2017_05_08_flight_Fixed Wing_N550ND_before_2_189656.csv,97,2425,2454,0,1876.6101906036508,"E1 FFlow, E1 EGT1, E1 RPM",30,30,30,30,30,0,27,53.836039744463875,324.9771810816923,8895.569438728344,187.5299627455766,442.8392820480598,2.046503245147612,74.01742405834169
open_2017_05_08_close_2017_05_08_flight_Fixed Wing_N550ND_before_2_189656.csv,98,2450,2479,0,1898.5937294141954,"E1 FFlow, E1 EGT1, E1 RPM",30,30,30,30,30,0,28,53.854422114422206,324.9771810816923,9000.280636223093,187.5299627455766,442.84539923919175,2.046503245147612,74.01693329474149
open_2017_05_08_close_2017_05_08_flight_Fixed Wing_N550ND_before_2_189656.csv,99,2475,2504,0,1900.6773977298626,"E1 FFlow, E1 EGT1, E1 RPM",30,30,30,30,30,0,28,53.88827401984926,324.9771810816923,9011.796040487501,187.5299627455766,442.8711209019732,2.046503245147612,74.02870146802258
open_2017_05_08_close_2017_05_08_flight_Fixed Wing_N550ND_before_2_189656.csv,100,2500,2529,0,1879.2200572607683,"E1 FFlow, E1 EGT1, E1 RPM",30,30,30,30,30,0,28,53.88725258594139,324.9771810816923,8908.784505426607,187.5299627455766,442.871581886101,2.046503245147612,74.00522671174913
open_2017_05_08_close_2017_05_08_flight_Fixed Wing_N550ND_before_2_189656.csv,101,2525,2554,0,1883.7574513077636,"E1 FFlow, E1 EGT1, E1 RPM",30,30,30,30,30,0,29,53.895726562226834,324.9771810816923,8930.392344320146,187.5299627455766,442.871581886101,2.046503245147612,73.99980542041025
open_2017_05_08_close_2017_05_08_flight_Fixed Wing_N550ND_before_2_189656.csv,102,2550,2579,0,1892.019016926498,"E1 FFlow, E1 EGT1, E1 RPM",30,30,30,30,30,0,28,53.8885105759608,324.9771810816923,8969.640232131349,187.5299627455766,442.871581886101,2.046503245147612,74.0318823678176
open_2017_05_08_close_2017_05_08_flight_Fixed Wing_N550ND_before_2_189656.csv,103,2575,2604,0,1877.0491981909038,"E1 FFlow, E1 EGT1, E1 RPM",30,30,30,30,30,0,28,53.89701988255575,324.9771810816923,8899.832198494554,187.5299627455766,442.871581886101,2.046503245147612,73.98340637727932
open_2017_05_08_close_2017_05_08_flight_Fixed Wing_N550ND_before_2_189656.csv,104,2600,2629,0,1868.897998518858,"E1 FFlow, E1 EGT1, E1 RPM",30,30,30,30,30,0,27,53.894811281255265,324.9771810816923,8859.516888284938,187.5299627455766,442.871581886101,2.046503245147612,73.98520993892801
open_2017_05_08_close_2017_05_08_flight_Fixed Wing_N550ND_before_2_189656.csv,105,2625,2654,0,1892.4912434353048,"E1 FFlow, E1 EGT1, E1 RPM",30,30,30,30,30,0,28,53.859254568898066,324.9771810816923,8971.401666747885,187.5299627455766,442.89171767345,2.046503245147612,74.01000492324286
open_2017_05_08_close_2017_05_08_flight_Fixed Wing_N550ND_before_2_189656.csv,106,2650,2679,0,1895.2589189387434,"E1 FFlow, E1 EGT1, E1 RPM",30,30,30,30,30,0,28,53.88127997865269,324.9771810816923,8985.649832649857,187.5299627455766,442.9038817241421,2.046503245147612,74.01575437558769
open_2017_05_08_close_2017_05_08_flight_Fixed Wing_N550ND_before_2_189656.csv,107,2675,2704,0,1880.4134170678135,"E1 FFlow, E1 EGT1, E1 RPM",30,30,30,30,30,0,28,53.87739759587613,324.9771810816923,8915.018285798787,187.5299627455766,442.9038817241421,2.046503245147612,74.00323568418297
open_2017_05_08_close_2017_05_08_flight_Fixed Wing_N550ND_before_2_189656.csv,108,2700,2729,0,1871.2690546382466,"E1 FFlow, E1 EGT1, E1 RPM",30,30,30,30,30,0,26,53.88045379478871,324.9771810816923,8871.473350294295,187.5299627455766,442.9038817241421,2.046503245147612,73.99495336215048
open_2017_05_08_close_2017_05_08_flight_Fixed Wing_N550ND_before_2_189656.csv,109,2725,2754,0,1861.8090550053344,"E1 FFlow, E1 EGT1, E1 RPM",30,30,30,30,30,0,28,53.874724303252336,324.9771810816923,8826.52158485357,187.5299627455766,442.9038817241421,2.046503245147612,74.02409843050759
open_2017_05_08_close_2017_05_08_flight_Fixed Wing_N550ND_before_2_189656.csv,110,2750,2779,0,1863.6286601514246,"E1 FFlow, E1 EGT1, E1 RPM",30,30,30,30,30,0,28,53.88997181081364,324.9771810816923,8835.019437416424,187.5299627455766,442.9038817241421,2.046503245147612,74.00170644252579
open_2017_05_08_close_2017_05_08_flight_Fixed Wing_N550ND_before_2_189656.csv,111,2775,2804,0,1863.7511627003169,"E1 FFlow, E1 EGT1, E1 RPM",30,30,30,30,30,0,28,53.855022364861284,324.9771810816923,8835.437652510525,187.5299627455766,442.9038817241421,2.046503245147612,73.99266931752268
open_2017_05_08_close_2017_05_08_flight_Fixed Wing_N550ND_before_2_189656.csv,112,2800,2829,0,1879.1039312333805,"E1 FFlow, E1 EGT1, E1 RPM",30,30,30,30,30,0,28,53.866422765919964,324.9771810816923,8908.651927744902,187.5299627455766,442.9299958680881,2.046503245147612,74.01696824650661
open_2017_05_08_close_2017_05_08_flight_Fixed Wing_N550ND_before_2_189656.csv,113,2825,2854,0,1868.3127641325368,"E1 FFlow, E1 EGT1, E1 RPM",30,30,30,30,30,0,26,53.75989798879849,324.9771810816923,8857.597860056034,187.5299627455766,442.9361815621833,2.046503245147612,73.98426117624582
open_2017_05_08_close_2017_05_08_flight_Fixed Wing_N550ND_before_2_189656.csv,114,2850,2879,0,1852.5925573642542,"E1 FFlow, E1 EGT1, E1 RPM",30,30,30,30,30,0,26,54.24952530291531,324.9771810816923,8782.965050555295,187.5299627455766,442.9361815621833,2.046503245147612,73.96117927864454
open_2017_05_08_close_2017_05_08_flight_Fixed Wing_N550ND_before_2_189656.csv,115,2875,2904,0,1851.9177471690257,"E1 FFlow, E1 EGT1, E1 RPM",30,30,30,30,30,0,27,54.37081305946505,324.9771810816923,8779.311684388373,187.5299627455766,442.9361815621833,2.046503245147612,73.9427711999005
open_2017_05_08_close_2017_05_08_flight_Fixed Wing_N550ND_before_2_189656.csv,116,2900,2929,0,1856.157001981827,"E1 FFlow, E1 EGT1, E1 RPM",30,30,30,30,30,0,27,53.95986812800523,324.9771810816923,8799.532672072775,187.5299627455766,442.9361815621833,2.046503245147612,74.01022433181231
open_2017_05_08_close_2017_05_08_flight_Fixed Wing_N550ND_before_2_189656.csv,117,2925,2954,0,1855.4993573662975,"E1 FFlow, E1 EGT1, E1 RPM",30,30,30,30,30,0,29,53.869171163966236,324.9771810816923,8796.417968117496,187.5299627455766,442.9361815621833,2.046503245147612,74.00412580604856
open_2017_05_08_close_2017_05_08_flight_Fixed Wing_N550ND_before_2_189656.csv,118,2950,2979,0,1834.3718892446889,"E1 FFlow, E1 EGT1, E1 RPM",30,30,30,30,30,0,28,53.8635934616761,324.9771810816923,8697.431742056155,187.5299627455766,442.91194608384694,2.046503245147612,74.0006933307509
open_2017_05_08_close_2017_05_08_flight_Fixed Wing_N550ND_before_2_189656.csv,119,2975,3004,0,1837.3608133838668,"E1 FFlow, E1 EGT1, E1 RPM",30,30,30,30,30,0,28,53.85509122830435,324.9771810816923,8708.6039378997,187.5299627455766,442.9038817241421,2.046503245147612,73.99798689454735
open_2017_05_08_close_2017_05_08_flight_Fixed Wing_N550ND_before_2_189656.csv,120,3000,3029,0,1869.612650093186,"E1 FFlow, E1 EGT1, E1 RPM",30,30,30,30,30,0,26,53.879966155782505,324.9771810816923,8861.86113294731,187.5299627455766,442.9038817241421,2.046503245147612,74.00917019990672
open_2017_05_08_close_2017_05_08_flight_Fixed Wing_N550ND_before_2_189656.csv,121,3025,3054,0,1883.8347548102688,"E1 FFlow, E1 EGT1, E1 RPM",30,30,30,30,30,0,29,53.643305527208035,324.9771810816923,8932.220055902877,187.5299627455766,442.9038817241421,2.046503245147612,73.9511694868111
open_2017_05_08_close_2017_05_08_flight_Fixed Wing_N550ND_before_2_189656.csv,122,3050,3079,0,1853.3431577779916,"E1 FFlow, E1 EGT1, E1 RPM",30,30,30,30,30,0,27,52.86559819195354,324.9771810816923,8785.759860039192,187.5299627455766,442.9038817241421,2.046503245147612,73.74187537714063
open_2017_05_08_close_2017_05_08_flight_Fixed Wing_N550ND_before_2_189656.csv,123,3075,3104,0,1855.380849959735,"E1 FFlow, E1 EGT1, E1 RPM",30,30,30,30,30,0,26,53.40772352115527,324.9771810816923,8796.24209183281,187.5299627455766,442.9038817241421,2.046503245147612,73.93066754629415
open_2017_05_08_close_2017_05_08_flight_Fixed Wing_N550ND_before_2_189656.csv,124,3100,3129,0,1863.573673791493,"E1 FFlow, E1 EGT1, E1 RPM",30,30,30,30,30,0,27,53.84261949799777,324.9771810816923,8833.893226135413,187.5299627455766,442.9038817241421,2.7131613083408403,74.00166245529552
open_2017_05_08_close_2017_05_08_flight_Fixed Wing_N550ND_before_2_189656.csv,125,3125,3154,0,1863.6574120503744,"E1 FFlow, E1 EGT1, E1 RPM",30,30,30,30,30,0,27,54.47762323447759,324.9771810816923,8835.897185024647,187.5299627455766,442.9038817241421,2.046503245147612,73.83216462358062
open_2017_05_08_close_2017_05_08_flight_Fixed Wing_N550ND_before_2_189656.csv,126,3150,3179,0,1839.6479960744632,"E1 FFlow, E1 EGT1, E1 RPM",30,30,30,30,30,0,26,54.93823732808299,324.9771810816923,8722.035760436487,187.5299627455766,442.9038817241421,2.046503245147612,73.76203762669192
open_2017_05_08_close_2017_05_08_flight_Fixed Wing_N550ND_before_2_189656.csv,127,3175,3204,0,1810.4746940846087,"E1 FFlow, E1 EGT1, E1 RPM",30,30,30,30,30,0,26,54.02154192532781,324.9771810816923,8583.525028423372,187.5299627455766,442.9038817241421,2.046503245147612,74.00476883299403
open_2017_05_08_close_2017_05_08_flight_Fixed Wing_N550ND_before_2_189656.csv,128,3200,3229,0,1795.9474329705251,"E1 FFlow, E1 EGT1, E1 RPM",30,30,30,30,30,0,28,53.862947837019284,324.9771810816923,8514.07003663347,187.5299627455766,442.9038817241421,2.4491176357574505,73.99438826972373
open_2017_05_08_close_2017_05_08_flight_Fixed Wing_N550ND_before_2_189656.csv,129,3225,3254,0,1816.885345446265,"E1 FFlow, E1 EGT1, E1 RPM",30,30,30,30,30,0,27,53.213427433783544,324.9771810816923,8610.62859951673,187.5299627455766,442.9038817241421,2.4701753471296466,73.77963753376775
open_2017_05_08_close_2017_05_08_flight_Fixed Wing_N550ND_before_2_189656.csv,130,3250,3279,0,1878.3281446850335,"E1 FFlow, E1 EGT1, E1 RPM",30,30,30,30,30,0,26,53.02824136863373,324.9771810816923,8902.643931604993,187.5299627455766,442.9038817241421,2.046503245147612,73.84792082930002
open_2017_05_08_close_2017_05_08_flight_Fixed Wing_N550ND_before_2_189656.csv,131,3275,3304,0,1889.3665880346373,"E1 FFlow, E1 EGT1, E1 RPM",30,30,30,30,30,0,28,53.90426384665013,324.9771810816923,8957.057423615039,187.5299627455766,442.8752036369373,2.046503245147612,74.00488827044441
open_2017_05_08_close_2017_05_08_flight_Fixed Wing_N550ND_before_2_189656.csv,132,3300,3329,0,1881.5005848731691,"E1 FFlow, E1 EGT1, E1 RPM",30,30,30,30,30,0,28,53.88974425357372,324.9771810816923,8920.64349624773,187.5299627455766,442.871581886101,2.046503245147612,74.01302727815286
open_2017_05_08_close_2017_05_08_flight_Fixed Wing_N550ND_before_2_189656.csv,133,3325,3354,0,1873.56395299154,"E1 FFlow, E1 EGT1, E1 RPM",30,30,30,30,30,0,29,53.933366483313925,324.9771810816923,8881.98134935393,187.5299627455766,442.871581886101,2.046503245147612,73.97754827392427
open_2017_05_08_close_2017_05_08_flight_Fixed Wing_N550ND_before_2_189656.csv,134,3350,3379,0,1872.761037768645,"E1 FFlow, E1 EGT1, E1 RPM",30,30,30,30,30,0,27,53.85337464318661,324.9771810816923,8878.352172880906,187.5299627455766,442.871581886101,2.046503245147612,73.99587419879494
open_2017_05_08_close_2017_05_08_flight_Fixed Wing_N550ND_before_2_189656.csv,135,3375,3404,0,1868.8183143487202,"E1 FFlow, E1 EGT1, E1 RPM",30,30,30,30,30,0,27,53.848319169721066,324.9771810816923,8859.877116850068,187.5299627455766,442.871581886101,2.046503245147612,74.02298198284342
open_2017_05_08_close_2017_05_08_flight_Fixed Wing_N550ND_before_2_189656.csv,136,3400,3429,0,1874.3196811749947,"E1 FFlow, E1 EGT1, E1 RPM",30,30,30,30,30,0,26,53.88148408564679,324.9771810816923,8885.484095970289,187.5299627455766,442.871581886101,2.046503245147612,73.9976215556508
open_2017_05_08_close_2017_05_08_flight_Fixed Wing_N550ND_before_2_189656.csv,137,3425,3454,0,1876.8683341515434,"E1 FFlow, E1 EGT1, E1 RPM",30,30,30,30,30,0,29,53.92703651327837,324.9771810816923,8897.808594130327,187.5299627455766,442.8597940836497,2.046503245147612,74.01019027529452
open_2017_05_08_close_2017_05_08_flight_Fixed Wing_N550ND_before_2_189656.csv,138,3450,3479,0,1878.709184986552,"E1 FFlow, E1 EGT1, E1 RPM",30,30,30,30,30,0,28,53.954771678755804,324.9771810816923,8906.41782650657,190.11323188650897,442.8392820480598,2.046503245147612,73.96127121185118
open_2017_05_08_close_2017_05_08_flight_Fixed Wing_N550ND_before_2_189656.csv,139,3475,3504,0,1874.3092795542118,"E1 FFlow, E1 EGT1, E1 RPM",30,30,30,30,30,0,26,53.839933336064,324.9771810816923,8886.32903865533,192.4945415505154,442.8392820480598,2.046503245147612,73.99638643782826
open_2017_05_08_close_2017_05_08_flight_Fixed Wing_N550ND_before_2_189656.csv,140,3500,3529,0,1856.0414604290136,"E1 FFlow, E1 EGT1, E1 RPM",30,30,30,30,30,0,28,53.81672331289398,324.9771810816923,8799.131696059525,192.4945415505154,442.8392820480598,2.046503245147612,74.01961358776748
open_2017_05_08_close_2017_05_08_flight_Fixed Wing_N550ND_before_2_189656.csv,141,3525,3554,0,1858.0303475026535,"E1 FFlow, E1 EGT1, E1 RPM",30,30,30,30,30,0,29,53.859807324225486,345.59454874088203,8807.970437892236,192.4945415505154,442.8392820480598,2.046503245147612,74.01425632273798
open_2017_05_08_close_2017_05_08_flight_Fixed Wing_N550ND_before_2_189656.csv,142,3550,3579,0,1863.315597771949,"E1 FFlow, E1 EGT1, E1 RPM",30,30,30,30,30,0,28,53.87362982196725,359.47487791432195,8833.369984739747,192.4945415505154,442.8392820480598,2.046503245147612,74.00639986220865
open_2017_05_08_close_2017_05_08_flight_Fixed Wing_N550ND_before_2_189656.csv,143,3575,3604,0,1867.8932950552137,"E1 FFlow, E1 EGT1, E1 RPM",30,30,30,30,30,0,28,53.907097042580965,359.47487791432195,8854.857790388072,192.4945415505154,442.8392820480598,2.046503245147612,73.99712091628083
open_2017_05_08_close_2017_05_08_flight_Fixed Wing_N550ND_before_2_189656.csv,144,3600,3629,0,1869.6721891846669,"E1 FFlow, E1 EGT1, E1 RPM",30,30,30,30,30,0,27,53.91186276600167,341.58398052017674,8863.496240152934,192.4945415505154,442.8191462607108,2.046503245147612,73.98466094532986
open_2017_05_08_close_2017_05_08_flight_Fixed Wing_N550ND_before_2_189656.csv,145,3625,3654,0,1871.101194411017,"E1 FFlow, E1 EGT1, E1 RPM",30,30,30,30,30,0,27,53.89777486544207,334.450803337446,8870.571222268112,192.4945415505154,442.80698221001865,2.046503245147612,73.99063010447694
open_2017_05_08_close_2017_05_08_flight_Fixed Wing_N550ND_before_2_189656.csv,146,3650,3679,0,1866.382016276616,"E1 FFlow, E1 EGT1, E1 RPM",30,30,30,30,30,0,27,53.8619336050852,334.450803337446,8848.106997481234,192.4945415505154,442.80698221001865,2.046503245147612,74.0089391141153
open_2017_05_08_close_2017_05_08_flight_Fixed Wing_N550ND_before_2_189656.csv,147,3675,3704,0,1856.2731915270572,"E1 FFlow, E1 EGT1, E1 RPM",30,30,30,30,30,0,28,53.868846366852964,334.450803337446,8800.059971589471,192.4945415505154,442.80698221001865,2.046503245147612,73.99849075952058
open_2017_05_08_close_2017_05_08_flight_Fixed Wing_N550ND_before_2_189656.csv,148,3700,3729,0,1855.332964524588,"E1 FFlow, E1 EGT1, E1 RPM",30,30,30,30,30,0,27,53.876452758433,334.450803337446,8795.708486726704,192.4945415505154,442.80698221001865,2.046503245147612,74.00204289720917
open_2017_05_08_close_2017_05_08_flight_Fixed Wing_N550ND_before_2_189656.csv,149,3725,3754,0,1846.6797101162495,"E1 FFlow, E1 EGT1, E1 RPM",30,30,30,30,30,0,28,53.88501864119808,334.450803337446,8754.70862107048,192.4945415505154,442.80698221001865,2.9303748212074847,74.01783738426931
open_2017_05_08_close_2017_05_08_flight_Fixed Wing_N550ND_before_2_189656.csv,150,3750,3779,0,1801.0433721242582,"E1 FFlow, E1 EGT1, E1 RPM",30,30,30,30,30,0,27,53.902411537146406,334.450803337446,8539.763943115808,192.4945415505154,442.8008650188867,9.837185081293608,74.00685017667877
open_2017_05_08_close_2017_05_08_flight_Fixed Wing_N550ND_before_2_189656.csv,151,3775,3804,0,1775.0016644830766,"E1 FFlow, E1 EGT1, E1 RPM",30,30,30,30,30,0,26,53.90992094155316,334.450803337446,8413.955344105752,192.4945415505154,442.7751433561052,6.045000693373987,74.00355790887043
open_2017_05_08_close_2017_05_08_flight_Fixed Wing_N550ND_before_2_189656.csv,152,3800,3829,0,1782.6462762446308,"E1 FFlow, E1 EGT1, E1 RPM",30,30,30,30,30,0,26,53.883421556144945,334.450803337446,8450.157278120112,192.4945415505154,442.77468237197735,7.2892702132439116,74.00639656981829
open_2017_05_08_close_2017_05_08_flight_Fixed Wing_N550ND_before_2_189656.csv,153,3825,3854,0,1791.7136148356942,"E1 FFlow, E1 EGT1, E1 RPM",30,30,30,30,30,0,27,53.90496446028799,334.450803337446,8493.765217996337,192.4945415505154,442.77468237197735,5.718135627696813,74.0102210604659
open_2017_05_08_close_2017_05_08_flight_Fixed Wing_N550ND_before_2_189656.csv,154,3850,3879,0,1781.2267543231685,"E1 FFlow, E1 EGT1, E1 RPM",30,30,30,30,30,0,27,53.88186437561169,334.450803337446,8443.604669876384,192.4945415505154,442.77468237197735,7.261754548357178,73.99964549702756
open_2017_05_08_close_2017_05_08_flight_Fixed Wing_N550ND_before_2_189656.csv,155,3875,3904,0,1783.3086744772484,"E1 FFlow, E1 EGT1, E1 RPM",30,30,30,30,30,0,27,53.913916429070134,334.450803337446,8453.413383761019,192.4945415505154,442.77468237197735,6.302944799435917,73.99141691736224
open_2017_05_08_close_2017_05_08_flight_Fixed Wing_N550ND_before_2_189656.csv,156,3900,3929,0,1791.4410056771699,"E1 FFlow, E1 EGT1, E1 RPM",30,30,30,30,30,0,28,53.893739827071016,334.450803337446,8491.561849720749,192.4945415505154,442.77313359840235,5.459196991123928,74.00298143315149
open_2017_05_08_close_2017_05_08_flight_Fixed Wing_N550ND_before_2_189656.csv,157,3925,3954,0,1806.869083592281,"E1 FFlow, E1 EGT1, E1 RPM",30,30,30,30,30,0,30,53.89115829999168,334.450803337446,8564.504799997161,192.4945415505154,442.74457565099056,5.735836490127823,73.99188755983053
open_2017_05_08_close_2017_05_08_flight_Fixed Wing_N550ND_before_2_189656.csv,158,3950,3979,0,1836.050528591649,"E1 FFlow, E1 EGT1, E1 RPM",30,30,30,30,30,0,27,53.90458535583769,334.450803337446,8703.146888543011,192.4945415505154,442.74238253393617,6.801842858417268,74.01214273960728
open_2017_05_08_close_2017_05_08_flight_Fixed Wing_N550ND_before_2_189656.csv,159,3975,4004,0,1844.6393536448884,"E1 FFlow, E1 EGT1, E1 RPM",30,30,30,30,30,0,28,53.89863187936498,334.450803337446,8744.407321829081,192.4945415505154,442.74238253393617,7.271476251220793,74.0318100304582
open_2017_05_08_close_2017_05_08_flight_Fixed Wing_N550ND_before_2_189656.csv,160,4000,4029,0,1849.9441124239324,"E1 FFlow, E1 EGT1, E1 RPM",30,30,30,30,30,0,28,53.88640719416005,334.450803337446,8769.644309747953,192.4945415505154,442.74238253393617,6.640723494049733,74.00387892870741
open_2017_05_08_close_2017_05_08_flight_Fixed Wing_N550ND_before_2_189656.csv,161,4025,4054,0,1882.6596419063756,"E1 FFlow, E1 EGT1, E1 RPM",30,30,30,30,30,0,28,53.87618017531372,334.4639997644171,8921.942475521997,192.4945415505154,442.74238253393617,6.822098130079475,73.98528566449171
open_2017_05_08_close_2017_05_08_flight_Fixed Wing_N550ND_before_2_189656.csv,162,4050,4079,0,1917.6720837444946,"E1 FFlow, E1 EGT1, E1 RPM",30,30,30,30,30,0,28,53.88684089750241,334.52871141520706,9091.163727031148,192.4945415505154,442.74238253393617,6.263230130062785,73.99678472719714
open_2017_05_08_close_2017_05_08_flight_Fixed Wing_N550ND_before_2_189656.csv,163,4075,4104,0,1917.5761754864864,"E1 FFlow, E1 EGT1, E1 RPM",30,30,30,30,30,0,27,53.87079326219787,334.52871141520706,9091.089087993301,192.4945415505154,442.72926169733466,7.3982893050972605,74.00853694751007
open_2017_05_08_close_2017_05_08_flight_Fixed Wing_N550ND_before_2_189656.csv,164,4100,4129,0,1927.3097312043924,"E1 FFlow, E1 EGT1, E1 RPM",30,30,30,30,30,0,29,53.832139373668525,334.52871141520706,9136.142327507205,192.4945415505154,442.7100826958951,7.788638337987341,73.98628722141899
open_2017_05_08_close_2017_05_08_flight_Fixed Wing_N550ND_before_2_189656.csv,165,4125,4154,0,1941.6911902089976,"E1 FFlow, E1 EGT1, E1 RPM",30,30,30,30,30,0,29,53.88797173235036,334.52871141520706,9205.349081098548,192.4945415505154,442.7100826958951,8.375500884460951,73.98475478868286
open_2017_05_08_close_2017_05_08_flight_Fixed Wing_N550ND_before_2_189656.csv,166,4150,4179,0,1945.9982322937522,"E1 FFlow, E1 EGT1, E1 RPM",30,30,30,30,30,0,27,53.85656917401589,334.52871141520706,9225.344529329248,192.4945415505154,442.7100826958951,8.913896589860533,74.00610741011714
open_2017_05_08_close_2017_05_08_flight_Fixed Wing_N550ND_before_2_189656.csv,167,4175,4204,0,1933.0110202340468,"E1 FFlow, E1 EGT1, E1 RPM",30,30,30,30,30,0,28,53.870914769499684,334.52871141520706,9166.004295695919,192.4945415505154,442.7100826958951,8.278726571331877,74.0154765172612
open_2017_05_08_close_2017_05_08_flight_Fixed Wing_N550ND_before_2_189656.csv,168,4200,4229,0,1839.287512041277,"E1 FFlow, E1 EGT1, E1 RPM",30,30,30,30,30,0,28,53.890198510951606,334.52871141520706,8720.246673984446,192.4945415505154,442.7100826958951,7.16348121754826,74.02988946046624
open_2017_05_08_close_2017_05_08_flight_Fixed Wing_N550ND_before_2_189656.csv,169,4225,4254,0,1827.2411419443808,"E1 FFlow, E1 EGT1, E1 RPM",30,30,30,30,30,0,29,53.87947077873128,334.52871141520706,8662.344227892376,192.4945415505154,442.7100826958951,6.860354970778675,73.99423358109487
open_2017_05_08_close_2017_05_08_flight_Fixed Wing_N550ND_before_2_189656.csv,170,4250,4279,0,1830.4359533867403,"E1 FFlow, E1 EGT1, E1 RPM",30,30,30,30,30,0,28,53.853005988834276,334.52871141520706,8676.71815190831,192.4945415505154,442.68887939075637,6.918472583961306,74.00229216701848
open_2017_05_08_close_2017_05_08_flight_Fixed Wing_N550ND_before_2_189656.csv,171,4275,4304,0,1837.8565802842052,"E1 FFlow, E1 EGT1, E1 RPM",30,30,30,30,30,0,29,53.856107877115875,334.52871141520706,8712.619481118496,192.4945415505154,442.6777828578539,7.712186369770513,74.01747842834273
open_2017_05_08_close_2017_05_08_flight_Fixed Wing_N550ND_before_2_189656.csv,172,4300,4329,0,1831.1978757769234,"E1 FFlow, E1 EGT1, E1 RPM",30,30,30,30,30,0,28,53.88523680607767,334.52871141520706,8681.323654239473,192.4945415505154,442.6777828578539,5.303068392589647,74.02341146949085
open_2017_05_08_close_2017_05_08_flight_Fixed Wing_N550ND_before_2_189656.csv,173,4325,4354,0,1814.0262087883311,"E1 FFlow, E1 EGT1, E1 RPM",30,30,30,30,30,0,28,53.87905128873399,334.52871141520706,8599.744802400544,192.4945415505154,442.6777828578539,5.512502057467404,73.99254889701022
open_2017_05_08_close_2017_05_08_flight_Fixed Wing_N550ND_before_2_189656.csv,174,4350,4379,0,1800.7089177094915,"E1 FFlow, E1 EGT1, E1 RPM",30,30,30,30,30,0,29,53.874802074395554,334.52871141520706,8536.933587862251,192.4945415505154,442.6777828578539,6.7379764115234995,74.00176794451946
open_2017_05_08_close_2017_05_08_flight_Fixed Wing_N550ND_before_2_189656.csv,175,4375,4404,0,1791.6017840585832,"E1 FFlow, E1 EGT1, E1 RPM",30,30,30,30,30,0,29,53.88303981329826,334.52871141520706,8492.758971210378,192.4945415505154,442.6777828578539,5.7079236890728415,74.03125360230763
open_2017_05_08_close_2017_05_08_flight_Fixed Wing_N550ND_before_2_189656.csv,176,4400,4429,0,1780.6798811268604,"E1 FFlow, E1 EGT1, E1 RPM",30,30,30,30,30,0,29,53.8833573990787,334.52871141520706,8442.16748969903,192.4945415505154,442.6746915862625,7.711858697100426,74.0180984357009
open_2017_05_08_close_2017_05_08_flight_Fixed Wing_N550ND_before_2_189656.csv,177,4425,4454,0,1750.025920203214,"E1 FFlow, E1 EGT1, E1 RPM",30,30,30,30,30,0,28,53.891495816276525,334.52871141520706,8296.036198408638,192.4945415505154,442.64704243661276,8.435912783700617,74.02631839488237
open_2017_05_08_close_2017_05_08_flight_Fixed Wing_N550ND_before_2_189656.csv,178,4450,4479,0,1745.3939542669639,"E1 FFlow, E1 EGT1, E1 RPM",30,30,30,30,30,0,29,53.884443618166564,334.52871141520706,8273.767643106907,192.4945415505154,442.64548301981273,6.207557824837768,74.01234287639201
open_2017_05_08_close_2017_05_08_flight_Fixed Wing_N550ND_before_2_189656.csv,179,4475,4504,0,1748.1989063487617,"E1 FFlow, E1 EGT1, E1 RPM",30,30,30,30,30,0,29,54.07488500061417,334.52871141520706,8286.820347287585,192.4945415505154,442.64548301981273,7.328159175462356,74.01221519852841
open_2017_05_08_close_2017_05_08_flight_Fixed Wing_N550ND_before_2_189656.csv,180,4500,4529,0,1737.310626795358,"E1 FFlow, E1 EGT1, E1 RPM",30,30,30,30,30,0,27,54.024827267217745,334.5856834865434,8235.728339655021,192.4945415505154,442.64548301981273,7.578182711588248,74.02078975393182
open_2017_05_08_close_2017_05_08_flight_Fixed Wing_N550ND_before_2_189656.csv,181,4525,4554,0,1731.3700195048193,"E1 FFlow, E1 EGT1, E1 RPM",30,30,30,30,30,0,28,54.016477659934274,334.6066194929683,8207.200439906863,192.4945415505154,442.64548301981273,5.451514698611016,73.98896593942268
open_2017_05_08_close_2017_05_08_flight_Fixed Wing_N550ND_before_2_189656.csv,182,4550,4579,0,1730.269330945235,"E1 FFlow, E1 EGT1, E1 RPM",30,30,30,30,30,0,27,53.90712682912887,334.6066194929683,8201.760273396545,192.4945415505154,442.64548301981273,5.29369511263519,74.02461750931786
open_2017_05_08_close_2017_05_08_flight_Fixed Wing_N550ND_before_2_189656.csv,183,4575,4604,0,1643.8812092256026,"E1 FFlow, E1 EGT1, E1 RPM",30,30,30,30,30,0,28,53.90201994642764,334.6066194929683,7793.590083487621,192.4945415505154,442.64548301981273,5.704716640598229,74.02473314997629
open_2017_05_08_close_2017_05_08_flight_Fixed Wing_N550ND_before_2_189656.csv,184,4600,4629,0,1646.596788325474,"E1 FFlow, E1 EGT1, E1 RPM",30,30,30,30,30,0,27,53.90661508577499,334.6066194929683,7799.594201546492,192.4945415505154,442.64548301981273,5.607471207791394,73.99975360235902
open_2017_05_08_close_2017_05_08_flight_Fixed Wing_N550ND_before_2_189656.csv,185,4625,4654,0,1701.5284362965838,"E1 FFlow, E1 EGT1, E1 RPM",30,30,30,30,30,0,28,53.571413385477946,334.6066194929683,8064.368973353275,192.4945415505154,442.64548301981273,4.202629864275125,73.96099666373162
open_2017_05_08_close_2017_05_08_flight_Fixed Wing_N550ND_before_2_189656.csv,186,4650,4679,0,1710.99695465352,"E1 FFlow, E1 EGT1, E1 RPM",30,30,30,30,30,0,26,53.676990100785204,334.6066194929683,8110.302297714918,192.4945415505154,442.64548301981273,3.6705811867048217,74.00578356691562
open_2017_05_08_close_2017_05_08_flight_Fixed Wing_N550ND_before_2_189656.csv,187,4675,4704,0,1673.5257547945532,"E1 FFlow, E1 EGT1, E1 RPM",30,30,30,30,30,1,27,53.78582476629665,334.6066194929683,7934.323858392174,192.4945415505154,442.64548301981273,5.631834262750413,74.02252827891297
open_2017_05_08_close_2017_05_08_flight_Fixed Wing_N550ND_before_2_189656.csv,188,4700,4729,0,1623.2332168563028,"E1 FFlow, E1 EGT1, E1 RPM",30,30,30,30,30,0,29,53.88281806870633,334.6066194929683,7691.488422978371,192.4945415505154,442.64548301981273,4.897848455132912,74.02853380934667
open_2017_05_08_close_2017_05_08_flight_Fixed Wing_N550ND_before_2_189656.csv,189,4725,4754,0,1663.502541440544,"E1 FFlow, E1 EGT1, E1 RPM",30,30,30,30,30,0,30,53.89418084047767,334.6066194929683,7885.304665169799,192.4945415505154,442.64548301981273,3.467627003700768,74.01391873824751
open_2017_05_08_close_2017_05_08_flight_Fixed Wing_N550ND_before_2_189656.csv,190,4750,4779,0,1597.16077008754,"E1 FFlow, E1 EGT1, E1 RPM",30,30,30,30,30,1,29,53.86832023805811,334.6066194929683,7549.001798094132,192.4945415505154,442.64548301981273,9.612933415294757,74.00949045334048
open_2017_05_08_close_2017_05_08_flight_Fixed Wing_N550ND_before_2_189656.csv,191,4775,4804,0,1758.874803675847,"E1 FFlow, E1 EGT1, E1 RPM",30,30,30,30,30,0,27,53.84699555449299,334.6066194929683,8333.392832977574,192.4945415505154,442.64548301981273,4.689022900010866,74.00789220439928
open_2017_05_08_close_2017_05_08_flight_Fixed Wing_N550ND_before_2_189656.csv,192,4800,4829,0,1786.119885575872,"E1 FFlow, E1 EGT1, E1 RPM",30,30,30,30,30,0,29,53.84356173490178,334.6066194929683,8466.942942393673,192.4945415505154,442.64548301981273,4.116737295552365,74.02936374577419
open_2017_05_08_close_2017_05_08_flight_Fixed Wing_N550ND_before_2_189656.csv,193,4825,4854,0,1811.4831561930953,"E1 FFlow, E1 EGT1, E1 RPM",30,30,30,30,30,0,27,53.79912871787156,334.6066194929683,8583.78756447371,192.4945415505154,442.64548301981273,5.253455957715687,74.03715052989544
open_2017_05_08_close_2017_05_08_flight_Fixed Wing_N550ND_before_2_189656.csv,194,4850,4879,0,1850.7841479527492,"E1 FFlow, E1 EGT1, E1 RPM",30,30,30,30,30,0,26,53.35597515277644,334.6066194929683,8774.01607660016,192.4945415505154,442.64548301981273,4.972801624554698,73.95040290755969
open_2017_05_08_close_2017_05_08_flight_Fixed Wing_N550ND_before_2_189656.csv,195,4875,4904,0,1803.8365699928577,"E1 FFlow, E1 EGT1, E1 RPM",30,30,30,30,30,0,27,53.52340670464029,334.6066194929683,8552.992263449458,192.4945415505154,442.64548301981273,3.6246070026724984,73.96341751806864
open_2017_05_08_close_2017_05_08_flight_Fixed Wing_N550ND_before_2_189656.csv,196,4900,4929,0,1751.2065650604866,"E1 FFlow, E1 EGT1, E1 RPM",30,30,30,30,30,0,27,53.934365282855474,334.6066194929683,8301.874948602159,192.4945415505154,442.64548301981273,2.046503245147612,74.01124585889623
open_2017_05_08_close_2017_05_08_flight_Fixed Wing_N550ND_before_2_189656.csv,197,4925,4954,0,1751.1952103159315,"E1 FFlow, E1 EGT1, E1 RPM",30,30,30,30,30,0,29,53.880318387734484,334.6066194929683,8301.148081193667,192.4945415505154,442.64548301981273,3.4298051227186903,73.98841972588421
open_2017_05_08_close_2017_05_08_flight_Fixed Wing_N550ND_before_2_189656.csv,198,4950,4979,0,1701.9134746217744,"E1 FFlow, E1 EGT1, E1 RPM",30,30,30,30,30,0,28,53.71648704805251,334.6066194929683,8068.852004109728,192.4945415505154,442.64548301981273,2.9043679121156267,73.98123483259252
open_2017_05_08_close_2017_05_08_flight_Fixed Wing_N550ND_before_2_189656.csv,199,4975,5004,0,1591.8185957841736,"E1 FFlow, E1 EGT1, E1 RPM",30,30,30,30,30,0,28,53.64676539439626,334.6066194929683,7545.645990452083,192.4945415505154,442.64548301981273,6.207584155052379,73.98020928512688
open_2017_05_08_close_2017_05_08_flight_Fixed Wing_N550ND_before_2_189656.csv,200,5000,5029,0,1583.5403704855412,"E1 FFlow, E1 EGT1, E1 RPM",30,30,30,30,30,0,27,53.67240917353556,334.6066194929683,7505.6544036961495,192.4945415505154,442.64548301981273,6.371790035472965,73.9842881222196
open_2017_05_08_close_2017_05_08_flight_Fixed Wing_N550ND_before_2_189656.csv,201,5025,5054,0,1609.3691643677378,"E1 FFlow, E1 EGT1, E1 RPM",30,30,30,30,30,0,27,53.88443375241038,334.6066194929683,7625.079345553227,192.4945415505154,442.64548301981273,2.8457746056954103,74.0117050108721
open_2017_05_08_close_2017_05_08_flight_Fixed Wing_N550ND_before_2_189656.csv,202,5050,5079,0,1578.276784550815,"E1 FFlow, E1 EGT1, E1 RPM",30,30,30,30,30,4,29,53.894399280903876,334.6066194929683,7449.290378124347,192.4945415505154,442.64548301981273,19.808497406028497,73.9752139971413
open_2017_05_08_close_2017_05_08_flight_Fixed Wing_N550ND_before_2_189656.csv,203,5075,5104,0,1220.1359657914118,"E1 FFlow, E1 EGT1, E1 RPM",30,30,30,30,30,5,27,53.89949659399672,334.6066194929683,5591.222291390053,192.4945415505154,442.64548301981273,22.90483342126805,74.01461415106772
open_2017_05_08_close_2017_05_08_flight_Fixed Wing_N550ND_before_2_189656.csv,204,5100,5129,0,1722.0883498048877,"E1 FFlow, E1 EGT1, E1 RPM",30,30,30,30,30,0,28,53.86801836116825,334.6066194929683,8154.121435932226,192.4945415505154,442.64548301981273,10.162784850295079,74.03188112261437
open_2017_05_08_close_2017_05_08_flight_Fixed Wing_N550ND_before_2_189656.csv,205,5125,5154,0,1780.2220950745111,"E1 FFlow, E1 EGT1, E1 RPM",30,30,30,30,30,0,29,53.86442250751363,334.6066194929683,8438.384717386789,192.4945415505154,442.64548301981273,6.983946641757135,74.02392065625936
open_2017_05_08_close_2017_05_08_flight_Fixed Wing_N550ND_before_2_189656.csv,206,5150,5179,0,1792.5245959658523,"E1 FFlow, E1 EGT1, E1 RPM",30,30,30,30,30,0,28,53.84673746513425,334.6066194929683,8495.943727550546,192.4945415505154,442.64548301981273,4.57656628337018,74.04715392402765
open_2017_05_08_close_2017_05_08_flight_Fixed Wing_N550ND_before_2_189656.csv,207,5175,5204,0,1843.8404008077277,"E1 FFlow, E1 EGT1, E1 RPM",30,30,30,30,30,0,29,53.86884907892207,334.6066194929683,8740.20486491565,192.4945415505154,442.64548301981273,2.4701753471296466,74.01497661566174
open_2017_05_08_close_2017_05_08_flight_Fixed Wing_N550ND_before_2_189656.csv,208,5200,5229,0,1824.6333975533448,"E1 FFlow, E1 EGT1, E1 RPM",30,30,30,30,30,0,27,53.50652098050083,334.6066194929683,8650.422576134275,192.4945415505154,442.64548301981273,3.2473548520744067,73.94408701714431
open_2017_05_08_close_2017_05_08_flight_Fixed Wing_N550ND_before_2_189656.csv,209,5225,5254,0,1804.6831257630267,"E1 FFlow, E1 EGT1, E1 RPM",30,30,30,30,30,0,27,53.47422141430291,334.6066194929683,8556.164964923639,192.4945415505154,442.64548301981273,3.340567893132445,73.96663539447722
open_2017_05_08_close_2017_05_08_flight_Fixed Wing_N550ND_before_2_189656.csv,210,5250,5279,0,1749.2708102970978,"E1 FFlow, E1 EGT1, E1 RPM",30,30,30,30,30,0,29,53.95940817615978,334.6066194929683,8293.597483118201,192.4945415505154,442.64548301981273,2.046503245147612,74.00360226923704
open_2017_05_08_close_2017_05_08_flight_Fixed Wing_N550ND_before_2_189656.csv,211,5275,5304,0,1723.515122771751,"E1 FFlow, E1 EGT1, E1 RPM",30,30,30,30,30,0,28,53.89896906172126,334.6066194929683,8169.953819351108,192.4945415505154,442.64548301981273,2.3575672588711503,74.02145714763832
open_2017_05_08_close_2017_05_08_flight_Fixed Wing_N550ND_before_2_189656.csv,212,5300,5329,0,1735.3498829179593,"E1 FFlow, E1 EGT1, E1 RPM",30,30,30,30,30,0,29,53.867989159025846,334.6066194929683,8224.921155210743,192.4945415505154,442.64548301981273,2.046503245147612,74.01964871997707
open_2017_05_08_close_2017_05_08_flight_Fixed Wing_N550ND_before_2_189656.csv,213,5325,5354,0,1730.276392261937,"E1 FFlow, E1 EGT1, E1 RPM",30,30,30,30,30,0,28,53.884601721764646,334.6066194929683,8202.757178299267,192.4945415505154,442.64548301981273,2.4491176357574505,74.00872901315145
open_2017_05_08_close_2017_05_08_flight_Fixed Wing_N550ND_before_2_189656.csv,214,5350,5379,0,1730.4179954014082,"E1 FFlow, E1 EGT1, E1 RPM",30,30,30,30,30,0,29,53.82925011464385,334.6066194929683,8201.87593158037,192.4945415505154,442.64548301981273,3.2909066993632923,73.99926182017305
open_2017_05_08_close_2017_05_08_flight_Fixed Wing_N550ND_before_2_189656.csv,215,5375,5404,0,1677.5358112121985,"E1 FFlow, E1 EGT1, E1 RPM",30,30,30,30,30,0,27,53.496856532326916,334.6066194929683,7953.633185113401,192.4945415505154,442.64548301981273,2.8198380987176392,73.97689156366282
open_2017_05_08_close_2017_05_08_flight_Fixed Wing_N550ND_before_2_189656.csv,216,5400,5429,0,1586.5199416562625,"E1 FFlow, E1 EGT1, E1 RPM",30,30,30,30,30,0,28,53.63849246680192,334.6066194929683,7521.214110179055,192.4945415505154,442.64548301981273,2.6184240311418403,73.98774235924705
open_2017_05_08_close_2017_05_08_flight_Fixed Wing_N550ND_before_2_189656.csv,217,5425,5454,0,1609.9097661976195,"E1 FFlow, E1 EGT1, E1 RPM",30,30,30,30,30,0,27,53.89589833138577,334.6066194929683,7623.084579314577,192.4945415505154,442.64548301981273,2.5934874371969383,74.02055488478963
open_2017_05_08_close_2017_05_08_flight_Fixed Wing_N550ND_before_2_189656.csv,218,5450,5479,0,1671.2577027468694,"E1 FFlow, E1 EGT1, E1 RPM",30,30,30,30,30,0,28,53.8987614866312,334.6066194929683,7921.534491576018,192.4945415505154,442.64548301981273,2.564809465682155,73.99026735718012
open_2017_05_08_close_2017_05_08_flight_Fixed Wing_N550ND_before_2_189656.csv,219,5475,5504,0,1704.3583541523315,"E1 FFlow, E1 EGT1, E1 RPM",30,30,30,30,30,0,27,53.886847514037555,334.6066194929683,8072.650488112385,192.4945415505154,442.64548301981273,3.0731376864970597,73.99125002868159
open_2017_05_08_close_2017_05_08_flight_Fixed Wing_N550ND_before_2_189656.csv,220,5500,5529,0,1464.0737297022313,"E1 FFlow, E1 EGT1, E1 RPM",30,30,30,30,30,4,27,53.91119889400579,334.6066194929683,6814.449985271633,192.4945415505154,442.64548301981273,32.33592828272966,73.98873950537032
open_2017_05_08_close_2017_05_08_flight_Fixed Wing_N550ND_before_2_189656.csv,221,5525,5554,0,1332.6493001544613,"E1 FFlow, E1 EGT1, E1 RPM",30,30,30,30,30,1,28,53.904322081346706,334.6066194929683,6058.837544622341,192.4945415505154,442.64548301981273,9.55329692829587,74.01284984997855
open_2017_05_08_close_2017_05_08_flight_Fixed Wing_N550ND_before_2_189656.csv,222,5550,5579,0,1750.094900000876,"E1 FFlow, E1 EGT1, E1 RPM",30,30,30,30,30,0,28,53.85797199216519,334.6066194929683,8291.632605369163,192.4945415505154,442.64548301981273,10.249528316930457,74.02669523549798
open_2017_05_08_close_2017_05_08_flight_Fixed Wing_N550ND_before_2_189656.csv,223,5575,5604,0,1782.1916761064012,"E1 FFlow, E1 EGT1, E1 RPM",30,30,30,30,30,0,29,53.8539317876913,334.6066194929683,8447.868022931498,192.4945415505154,442.64548301981273,7.010005750976125,74.02385045388857
open_2017_05_08_close_2017_05_08_flight_Fixed Wing_N550ND_before_2_189656.csv,224,5600,5629,0,1796.50874317586,"E1 FFlow, E1 EGT1, E1 RPM",30,30,30,30,30,0,27,53.835147926800644,334.6066194929683,8514.210068791926,192.4945415505154,442.64548301981273,4.949054443916393,74.0413368203749
open_2017_05_08_close_2017_05_08_flight_Fixed Wing_N550ND_before_2_189656.csv,225,5625,5654,0,1866.4288449367132,"E1 FFlow, E1 EGT1, E1 RPM",30,30,30,30,30,0,27,53.86290570077764,334.6066194929683,8846.617893046086,192.4945415505154,442.64548301981273,2.555540030826425,74.01058147432364
open_2017_05_08_close_2017_05_08_flight_Fixed Wing_N550ND_before_2_189656.csv,226,5650,5679,0,1866.639778846987,"E1 FFlow, E1 EGT1, E1 RPM",30,30,30,30,30,0,30,53.66586807975545,334.6066194929683,8849.586873427192,192.4945415505154,442.64548301981273,3.2632969420802738,73.98303620905953
open_2017_05_08_close_2017_05_08_flight_Fixed Wing_N550ND_before_2_189656.csv,227,5675,5704,0,1818.7661333303015,"E1 FFlow, E1 EGT1, E1 RPM",30,30,30,30,30,0,26,53.23542843168724,334.6066194929683,8623.983876316726,192.4945415505154,442.64548301981273,3.218676880559623,73.89747405312531
open_2017_05_08_close_2017_05_08_flight_Fixed Wing_N550ND_before_2_189656.csv,228,5700,5729,0,1744.2067491685737,"E1 FFlow, E1 EGT1, E1 RPM",30,30,30,30,30,0,27,53.92335009344848,334.6066194929683,8269.602677365025,192.4945415505154,442.64548301981273,2.8457746056954103,74.01973078230658
open_2017_05_08_close_2017_05_08_flight_Fixed Wing_N550ND_before_2_189656.csv,229,5725,5754,0,1712.9061765765152,"E1 FFlow, E1 EGT1, E1 RPM",30,30,30,30,30,0,29,53.90169225594613,334.6066194929683,8119.270332531993,192.4945415505154,442.64548301981273,2.6303460189173835,74.00385010194964
open_2017_05_08_close_2017_05_08_flight_Fixed Wing_N550ND_before_2_189656.csv,230,5750,5779,0,1724.4054256674563,"E1 FFlow, E1 EGT1, E1 RPM",30,30,30,30,30,0,27,53.86814356180197,334.6066194929683,8173.107583217582,192.4945415505154,442.64548301981273,2.7062801338017026,74.00544391075078
open_2017_05_08_close_2017_05_08_flight_Fixed Wing_N550ND_before_2_189656.csv,231,5775,5804,0,1733.6362624911185,"E1 FFlow, E1 EGT1, E1 RPM",30,30,30,30,30,0,27,53.89055881909447,334.6066194929683,8217.45903874319,192.4945415505154,442.64548301981273,2.046503245147612,74.00121593614868
open_2017_05_08_close_2017_05_08_flight_Fixed Wing_N550ND_before_2_189656.csv,232,5800,5829,0,1727.8582578468597,"E1 FFlow, E1 EGT1, E1 RPM",30,30,30,30,30,0,27,53.868388243794534,334.6066194929683,8191.423417307358,192.4945415505154,442.64548301981273,2.046503245147612,74.0082019410579
open_2017_05_08_close_2017_05_08_flight_Fixed Wing_N550ND_before_2_189656.csv,233,5825,5854,0,1612.5036627354255,"E1 FFlow, E1 EGT1, E1 RPM",30,30,30,30,30,0,27,53.629566296407916,334.6066194929683,7644.530894939387,192.4945415505154,442.64548301981273,3.3262100364406795,73.98320770741311
open_2017_05_08_close_2017_05_08_flight_Fixed Wing_N550ND_before_2_189656.csv,234,5850,5879,0,1534.6920620380267,"E1 FFlow, E1 EGT1, E1 RPM",30,30,30,30,30,0,28,53.6312321048404,334.6066194929683,7274.0897103430725,192.4945415505154,442.64548301981273,3.057381569127859,73.99184680870464
open_2017_05_08_close_2017_05_08_flight_Fixed Wing_N550ND_before_2_189656.csv,235,5875,5904,0,1601.1078884988524,"E1 FFlow, E1 EGT1, E1 RPM",30,30,30,30,30,1,28,53.86111733572,334.6066194929683,7576.255710127178,192.4945415505154,442.64548301981273,5.19808546665871,74.008302768142
open_2017_05_08_close_2017_05_08_flight_Fixed Wing_N550ND_before_2_189656.csv,236,5900,5929,0,1653.834236110972,"E1 FFlow, E1 EGT1, E1 RPM",30,30,30,30,30,0,28,53.89673126660746,334.6066194929683,7840.501870557214,192.4945415505154,442.64548301981273,2.445257211046871,74.01035748800572
open_2017_05_08_close_2017_05_08_flight_Fixed Wing_N550ND_before_2_189656.csv,237,5925,5954,0,1401.1358191037232,"E1 FFlow, E1 EGT1, E1 RPM",30,30,30,30,30,5,28,53.892526772460776,334.6066194929683,6521.923627676922,192.4945415505154,442.64548301981273,44.17617001170245,73.98699333925939
open_2017_05_08_close_2017_05_08_flight_Fixed Wing_N550ND_before_2_189656.csv,238,5950,5979,0,796.0914101195153,"E1 FFlow, E1 EGT1, E1 RPM",30,30,30,30,30,1,28,53.906083275046534,334.6066194929683,3737.37188164316,192.4945415505154,442.64548301981273,5.198798837019024,73.9990434612462
open_2017_05_08_close_2017_05_08_flight_Fixed Wing_N550ND_before_2_189656.csv,239,5975,6004,0,1129.971814483095,"E1 FFlow, E1 EGT1, E1 RPM",30,30,30,30,30,6,28,53.90519711968383,334.6066194929683,5262.13622496196,192.4945415505154,442.64548301981273,44.14997093113086,74.01565373425849
open_2017_05_08_close_2017_05_08_flight_Fixed Wing_N550ND_before_2_189656.csv,240,6000,6029,0,1449.5169574508789,"E1 FFlow, E1 EGT1, E1 RPM",30,30,30,30,30,0,29,53.9007045889547,334.6066194929683,6857.601060415418,192.4945415505154,442.64548301981273,16.295435043764996,74.00965639468252
open_2017_05_08_close_2017_05_08_flight_Fixed Wing_N550ND_before_2_189656.csv,241,6025,6054,0,1497.6401112246663,"E1 FFlow, E1 EGT1, E1 RPM",30,30,30,30,30,0,29,53.90539419405309,334.6066194929683,7097.456258262032,192.4945415505154,442.64548301981273,15.89282065315516,74.00307652277043
open_2017_05_08_close_2017_05_08_flight_Fixed Wing_N550ND_before_2_189656.csv,242,6050,6079,0,1332.6912633177515,"E1 FFlow, E1 EGT1, E1 RPM",30,30,30,30,30,5,28,53.90488577433732,334.6066194929683,6268.785384551341,192.4945415505154,442.64548301981273,29.009066577958365,74.0144295634419
open_2017_05_08_close_2017_05_08_flight_Fixed Wing_N550ND_before_2_189656.csv,243,6075,6104,0,1188.3255284108511,"E1 FFlow, E1 EGT1, E1 RPM",30,30,30,30,30,0,29,53.89253479863405,334.6066194929683,5571.790685406322,192.4945415505154,442.64548301981273,11.256451408599846,74.01851989131941
open_2017_05_08_close_2017_05_08_flight_Fixed Wing_N550ND_before_2_189656.csv,244,6100,6129,0,1163.0765376292757,"E1 FFlow, E1 EGT1, E1 RPM",30,30,30,30,30,18,28,53.896169814428404,334.6066194929683,5409.608107097306,192.4945415505154,442.64548301981273,87.68071630513053,74.00610628894653
open_2017_05_08_close_2017_05_08_flight_Fixed Wing_N550ND_before_2_189656.csv,245,6125,6154,0,1181.9308969153667,"E1 FFlow, E1 EGT1, E1 RPM",30,30,30,30,30,3,29,53.89341765981916,334.6066194929683,5536.148603576699,192.4945415505154,442.64548301981273,22.202307722087493,74.01052526326143
open_2017_05_08_close_2017_05_08_flight_Fixed Wing_N550ND_before_2_189656.csv,246,6150,6179,0,1118.6189980511742,"E1 FFlow, E1 EGT1, E1 RPM",30,30,30,30,30,0,28,53.897453724834705,334.6066194929683,5296.610745158083,192.4945415505154,442.64548301981273,15.789571424125654,74.00981768523542
open_2017_05_08_close_2017_05_08_flight_Fixed Wing_N550ND_before_2_189656.csv,247,6175,6204,0,1106.0151196366146,"E1 FFlow, E1 EGT1, E1 RPM",30,30,30,30,30,0,29,53.89659955414339,334.6066194929683,5237.483968329653,192.4945415505154,442.64548301981273,14.909122569735015,74.00537933542137
open_2017_05_08_close_2017_05_08_flight_Fixed Wing_N550ND_before_2_189656.csv,248,6200,6229,0,1073.375059157031,"E1 FFlow, E1 EGT1, E1 RPM",30,30,30,30,30,0,27,53.896316422760385,334.6066194929683,5082.233832140114,192.4945415505154,442.64548301981273,11.307765525128787,74.00685868439403
open_2017_05_08_close_2017_05_08_flight_Fixed Wing_N550ND_before_3_189762.csv,0,0,29,0,1201.6593841487,"E1 FFlow, E1 EGT1, E1 RPM",30,30,30,30,30,30,28,53.90062484114448,319.55477886951724,5685.79362508372,187.5299627455766,442.64548301981273,62.53611594542827,74.00752699800564
open_2017_05_08_close_2017_05_08_flight_Fixed Wing_N550ND_before_3_189762.csv,1,25,54,0,1287.1776683125447,"E1 FFlow, E1 EGT1, E1 RPM",30,30,30,30,30,27,27,53.90201808635475,319.55477886951724,6095.54851350752,187.5299627455766,442.64548301981273,47.3231232464553,74.00835456561232
open_2017_05_08_close_2017_05_08_flight_Fixed Wing_N550ND_before_3_189762.csv,2,50,79,0,1320.717672073244,"E1 FFlow, E1 EGT1, E1 RPM",30,30,30,30,30,24,28,53.903069969977885,319.55477886951724,6255.985480659703,187.5299627455766,442.64548301981273,35.0787702147667,74.00763853010609
open_2017_05_08_close_2017_05_08_flight_Fixed Wing_N550ND_before_3_189762.csv,3,75,104,0,1307.7811901018608,"E1 FFlow, E1 EGT1, E1 RPM",30,30,30,30,30,20,27,53.90336905216859,319.55477886951724,6193.8286059676075,187.5299627455766,442.64548301981273,32.8286395904558,74.00797165080704
open_2017_05_08_close_2017_05_08_flight_Fixed Wing_N550ND_before_3_189762.csv,4,100,129,0,1312.5536389967301,"E1 FFlow, E1 EGT1, E1 RPM",30,30,30,30,30,9,27,53.903226196535186,319.55477886951724,6218.847224479573,187.5299627455766,442.64548301981273,23.42593088747192,74.00725190623939
open_2017_05_08_close_2017_05_08_flight_Fixed Wing_N550ND_before_3_189762.csv,5,125,154,0,1313.9247742888742,"E1 FFlow, E1 EGT1, E1 RPM",30,30,30,30,30,2,28,53.90253737573961,319.55477886951724,6224.108398789413,187.5299627455766,442.64548301981273,17.72415660914011,74.0062121268727
open_2017_05_08_close_2017_05_08_flight_Fixed Wing_N550ND_before_3_189762.csv,6,150,179,0,1348.9212098583107,"E1 FFlow, E1 EGT1, E1 RPM",30,30,30,30,30,0,27,53.90346403097796,319.55477886951724,6387.931053759665,187.5299627455766,442.64548301981273,16.295435043764996,74.00825041431204
open_2017_05_08_close_2017_05_08_flight_Fixed Wing_N550ND_before_3_189762.csv,7,175,204,0,1384.89517871144,"E1 FFlow, E1 EGT1, E1 RPM",30,30,30,30,30,0,28,53.904214839614674,319.55477886951724,6560.643957660375,187.5299627455766,442.64548301981273,16.295435043764996,74.00701917426574
open_2017_05_08_close_2017_05_08_flight_Fixed Wing_N550ND_before_3_189762.csv,8,200,229,0,1374.5077111172338,"E1 FFlow, E1 EGT1, E1 RPM",30,30,30,30,30,0,28,53.90512599426649,337.2454626876659,6512.435548510306,187.5299627455766,442.64548301981273,16.295435043764996,74.00992828306632
open_2017_05_08_close_2017_05_08_flight_Fixed Wing_N550ND_before_3_189762.csv,9,225,254,0,1406.5250114940613,"E1 FFlow, E1 EGT1, E1 RPM",30,30,30,30,30,0,27,53.90564967332347,348.6456551055244,6658.269798053821,187.5299627455766,442.64548301981273,15.483568379981756,74.01327998543728
open_2017_05_08_close_2017_05_08_flight_Fixed Wing_N550ND_before_3_189762.csv,10,250,279,0,1018.8053475305907,"E1 FFlow, E1 EGT1, E1 RPM",30,30,30,30,30,23,29,53.91169555103275,348.6456551055244,4756.192055032259,187.5299627455766,442.64548301981273,111.43242994962786,74.00718907788213
open_2017_05_08_close_2017_05_08_flight_Fixed Wing_N550ND_before_3_189762.csv,11,275,304,0,1064.1902776310667,"E1 FFlow, E1 EGT1, E1 RPM",30,30,30,30,30,23,26,53.90885949428869,348.6456551055244,4965.0625086969785,187.5299627455766,442.64548301981273,43.80938918146701,74.0003561282336
open_2017_05_08_close_2017_05_08_flight_Fixed Wing_N550ND_before_3_189762.csv,12,300,329,0,1002.3236067711379,"E1 FFlow, E1 EGT1, E1 RPM",30,30,30,30,30,10,28,53.918204847867,348.6456551055244,4706.097488655386,187.5299627455766,442.64548301981273,28.58825435087501,74.0050483661126
open_2017_05_08_close_2017_05_08_flight_Fixed Wing_N550ND_before_3_189762.csv,13,325,354,0,761.8363708831052,"E1 FFlow, E1 EGT1, E1 RPM",30,30,30,30,30,0,27,53.91266692805138,348.6456551055244,3600.2661654851686,187.5299627455766,442.64548301981273,2.046503245147612,74.00868564536465
open_2017_05_08_close_2017_05_08_flight_Fixed Wing_N550ND_before_3_189762.csv,14,350,379,0,822.5391081143467,"E1 FFlow, E1 EGT1, E1 RPM",30,30,30,30,30,11,29,53.91693562162972,348.6456551055244,3880.5081777357186,187.5299627455766,442.64548301981273,29.086215366270583,73.99033112682017
open_2017_05_08_close_2017_05_08_flight_Fixed Wing_N550ND_before_3_189762.csv,15,375,404,0,1105.6608888345986,"E1 FFlow, E1 EGT1, E1 RPM",30,30,30,30,30,20,27,53.91076959453862,348.6456551055244,5169.024152657849,187.5299627455766,442.64548301981273,33.42625911649099,74.01073216326266
open_2017_05_08_close_2017_05_08_flight_Fixed Wing_N550ND_before_3_189762.csv,16,400,429,0,1116.3469319972694,"E1 FFlow, E1 EGT1, E1 RPM",30,30,30,30,30,3,29,53.90121638047455,348.6456551055244,5267.383547778986,187.5299627455766,442.64548301981273,18.928757609474864,74.00765981820886
open_2017_05_08_close_2017_05_08_flight_Fixed Wing_N550ND_before_3_189762.csv,17,425,454,0,1378.7618486860354,"E1 FFlow, E1 EGT1, E1 RPM",30,30,30,30,30,0,29,53.90602691430709,348.6456551055244,6522.858068961392,187.5299627455766,442.64548301981273,16.295435043764996,74.00146756420267
open_2017_05_08_close_2017_05_08_flight_Fixed Wing_N550ND_before_3_189762.csv,18,450,479,0,1009.6584067697879,"E1 FFlow, E1 EGT1, E1 RPM",30,30,30,30,30,5,26,53.900374118960464,348.6456551055244,4651.0051673838225,187.5299627455766,442.64548301981273,21.80907953005213,74.00886964791043
open_2017_05_08_close_2017_05_08_flight_Fixed Wing_N550ND_before_3_189762.csv,19,475,504,0,684.3516684579631,"E1 FFlow, E1 EGT1, E1 RPM",30,30,30,30,30,1,28,53.88655725386055,348.6456551055244,3167.9685031382533,187.5299627455766,442.64548301981273,7.277232324727495,74.0045130990145
open_2017_05_08_close_2017_05_08_flight_Fixed Wing_N550ND_before_3_189762.csv,20,500,529,0,1449.9277894158934,"E1 FFlow, E1 EGT1, E1 RPM",30,30,30,30,30,1,26,53.883168281780854,348.6456551055244,6726.856255312342,187.5299627455766,442.64548301981273,18.17871258238759,74.00503611777684
open_2017_05_08_close_2017_05_08_flight_Fixed Wing_N550ND_before_3_189762.csv,21,525,554,0,1395.1106824684398,"E1 FFlow, E1 EGT1, E1 RPM",30,30,30,30,30,4,28,53.88828032374218,348.6456551055244,6592.316615618824,187.5299627455766,442.64548301981273,21.452289166051283,74.00971789622722
open_2017_05_08_close_2017_05_08_flight_Fixed Wing_N550ND_before_3_189762.csv,22,550,579,0,1361.3374750570772,"E1 FFlow, E1 EGT1, E1 RPM",30,30,30,30,30,0,29,53.900659110755804,348.6456551055244,6447.360484724941,187.5299627455766,442.64548301981273,16.295435043764996,74.00575440831135
open_2017_05_08_close_2017_05_08_flight_Fixed Wing_N550ND_before_3_189762.csv,23,575,604,0,1346.871226702255,"E1 FFlow, E1 EGT1, E1 RPM",30,30,30,30,30,0,28,53.90008594986971,348.6456551055244,6364.942614620243,187.5299627455766,442.64548301981273,16.295435043764996,74.0122017779169
open_2017_05_08_close_2017_05_08_flight_Fixed Wing_N550ND_before_3_189762.csv,24,600,629,0,1557.6095007549914,"E1 FFlow, E1 EGT1, E1 RPM",30,30,30,30,30,0,28,53.91212965192401,348.6456551055244,7358.3683351601785,187.5299627455766,442.64548301981273,16.295435043764996,74.0245293152031
open_2017_05_08_close_2017_05_08_flight_Fixed Wing_N550ND_before_3_189762.csv,25,625,654,0,1746.6569499026537,"E1 FFlow, E1 EGT1, E1 RPM",30,30,30,30,30,0,29,53.85946792283564,348.6456551055244,8274.930555939467,187.5299627455766,442.64548301981273,14.845699518072392,74.0277608459366
open_2017_05_08_close_2017_05_08_flight_Fixed Wing_N550ND_before_3_189762.csv,26,650,679,0,1786.9277515716647,"E1 FFlow, E1 EGT1, E1 RPM",30,30,30,30,30,0,28,53.7329507608577,348.6456551055244,8470.251673796685,187.5299627455766,442.64548301981273,12.919057272943272,74.02419538259227
open_2017_05_08_close_2017_05_08_flight_Fixed Wing_N550ND_before_3_189762.csv,27,675,704,0,1787.6012870320048,"E1 FFlow, E1 EGT1, E1 RPM",30,30,30,30,30,1,29,53.63056976003718,348.6456551055244,8474.069730837859,187.5299627455766,442.64548301981273,13.14719446176053,74.03530194177068
open_2017_05_08_close_2017_05_08_flight_Fixed Wing_N550ND_before_3_189762.csv,28,700,729,0,1782.8798566647786,"E1 FFlow, E1 EGT1, E1 RPM",30,30,30,30,30,0,29,53.78762894994525,348.6456551055244,8452.181129816709,187.5299627455766,442.64548301981273,12.257704373337443,74.0144149036996
open_2017_05_08_close_2017_05_08_flight_Fixed Wing_N550ND_before_3_189762.csv,29,725,754,0,1767.8074296986308,"E1 FFlow, E1 EGT1, E1 RPM",30,30,30,30,30,0,29,53.82933140905254,348.6456551055244,8380.179084614798,187.5299627455766,442.64548301981273,11.192575373696192,74.0303499201184
open_2017_05_08_close_2017_05_08_flight_Fixed Wing_N550ND_before_3_189762.csv,30,750,779,0,1771.6094602732912,"E1 FFlow, E1 EGT1, E1 RPM",30,30,30,30,30,0,28,53.53072879256641,339.6496593611871,8398.02424890042,187.5299627455766,442.64548301981273,10.562530478971201,74.00522655928532
open_2017_05_08_close_2017_05_08_flight_Fixed Wing_N550ND_before_3_189762.csv,31,775,804,0,1768.4559760075686,"E1 FFlow, E1 EGT1, E1 RPM",30,30,30,30,30,0,28,53.73022777955064,348.6456551055244,8383.337987703235,187.5299627455766,442.64548301981273,8.919705641858636,74.0098267410781
open_2017_05_08_close_2017_05_08_flight_Fixed Wing_N550ND_before_3_189762.csv,32,800,829,0,1760.9347723605115,"E1 FFlow, E1 EGT1, E1 RPM",30,30,30,30,30,0,27,53.81363511713271,348.6456551055244,8347.908353535226,187.5299627455766,442.64548301981273,8.831509596524409,74.03366932577552
open_2017_05_08_close_2017_05_08_flight_Fixed Wing_N550ND_before_3_189762.csv,33,825,854,0,1755.8281240287895,"E1 FFlow, E1 EGT1, E1 RPM",30,30,30,30,30,0,28,53.83859459925921,348.6456551055244,8323.32818272049,187.5299627455766,442.64548301981273,9.250119437358213,74.00232970477224
open_2017_05_08_close_2017_05_08_flight_Fixed Wing_N550ND_before_3_189762.csv,34,850,879,0,1747.718530326905,"E1 FFlow, E1 EGT1, E1 RPM",30,30,30,30,30,0,26,53.84296730008443,348.6456551055244,8285.306433529637,187.5299627455766,442.64548301981273,8.516783796208237,74.03265952553653
open_2017_05_08_close_2017_05_08_flight_Fixed Wing_N550ND_before_3_189762.csv,35,875,904,0,1734.6068981201058,"E1 FFlow, E1 EGT1, E1 RPM",30,30,30,30,30,0,28,53.841434797135975,348.6456551055244,8223.105787370681,187.5299627455766,442.64548301981273,7.929230887945419,74.03783154237884
open_2017_05_08_close_2017_05_08_flight_Fixed Wing_N550ND_before_3_189762.csv,36,900,929,0,1727.0320963910237,"E1 FFlow, E1 EGT1, E1 RPM",30,30,30,30,30,0,28,53.83689346315087,348.6456551055244,8186.477928563954,187.5299627455766,442.64548301981273,7.021668530324189,74.01517364838173
open_2017_05_08_close_2017_05_08_flight_Fixed Wing_N550ND_before_3_189762.csv,37,925,954,0,1724.007517000245,"E1 FFlow, E1 EGT1, E1 RPM",30,30,30,30,30,0,27,53.83479191065564,348.6456551055244,8172.382706498112,187.5299627455766,442.64548301981273,8.071928857464533,74.03019448624802
open_2017_05_08_close_2017_05_08_flight_Fixed Wing_N550ND_before_3_189762.csv,38,950,979,0,1720.6269031990705,"E1 FFlow, E1 EGT1, E1 RPM",30,30,30,30,30,0,30,53.85045303152104,348.6456551055244,8156.196307814022,187.5299627455766,442.64548301981273,8.478062508320209,74.01801421879841
open_2017_05_08_close_2017_05_08_flight_Fixed Wing_N550ND_before_3_189762.csv,39,975,1004,0,1762.0750095970318,"E1 FFlow, E1 EGT1, E1 RPM",30,30,30,30,30,0,28,53.87466390583064,348.6456551055244,8348.951927476697,187.5299627455766,442.64548301981273,5.307723082825924,74.00672026198592
open_2017_05_08_close_2017_05_08_flight_Fixed Wing_N550ND_before_3_189762.csv,40,1000,1029,0,1842.864069175758,"E1 FFlow, E1 EGT1, E1 RPM",30,30,30,30,30,0,28,53.87153564917303,348.6456551055244,8729.041512218657,187.5299627455766,442.64548301981273,2.046503245147612,74.00343053238804
open_2017_05_08_close_2017_05_08_flight_Fixed Wing_N550ND_before_3_189762.csv,41,1025,1054,0,1934.2317686137244,"E1 FFlow, E1 EGT1, E1 RPM",30,30,30,30,30,0,27,53.92823785226067,348.6456551055244,9168.170911783278,187.5299627455766,442.64548301981273,3.037115115268082,74.03881341702677
open_2017_05_08_close_2017_05_08_flight_Fixed Wing_N550ND_before_3_189762.csv,42,1050,1079,0,1967.9152427860777,"E1 FFlow, E1 EGT1, E1 RPM",30,30,30,30,30,0,28,53.89457216176974,348.6456551055244,9327.94597937371,187.5299627455766,442.64548301981273,3.44129640514457,74.01213736644954
open_2017_05_08_close_2017_05_08_flight_Fixed Wing_N550ND_before_3_189762.csv,43,1075,1104,0,1976.9955553504217,"E1 FFlow, E1 EGT1, E1 RPM",30,30,30,30,30,0,30,53.91440534753082,348.6456551055244,9374.1110390038,187.5299627455766,442.64548301981273,4.219971246234301,74.00220227647213
open_2017_05_08_close_2017_05_08_flight_Fixed Wing_N550ND_before_3_189762.csv,44,1100,1129,0,1961.3825629863798,"E1 FFlow, E1 EGT1, E1 RPM",30,30,30,30,30,0,27,53.821393014591195,348.6456551055244,9298.996274902169,187.5299627455766,442.64548301981273,3.1065020023575904,73.99356110256038
open_2017_05_08_close_2017_05_08_flight_Fixed Wing_N550ND_before_3_189762.csv,45,1125,1154,0,1944.3786935386595,"E1 FFlow, E1 EGT1, E1 RPM",30,30,30,30,30,0,28,53.86354257757472,348.6456551055244,9219.224032126916,187.5299627455766,442.64548301981273,2.468736663391483,74.004384543279
open_2017_05_08_close_2017_05_08_flight_Fixed Wing_N550ND_before_3_189762.csv,46,1150,1179,0,1920.9073236530928,"E1 FFlow, E1 EGT1, E1 RPM",30,30,30,30,30,0,27,53.93179686516096,348.6456551055244,9106.49296618818,187.5299627455766,442.64548301981273,2.046503245147612,73.99761999329534
open_2017_05_08_close_2017_05_08_flight_Fixed Wing_N550ND_before_3_189762.csv,47,1175,1204,0,1950.672664797008,"E1 FFlow, E1 EGT1, E1 RPM",30,30,30,30,30,0,28,53.85162829369037,348.6456551055244,9246.799916090411,187.5299627455766,442.64548301981273,2.046503245147612,74.02586360604894
open_2017_05_08_close_2017_05_08_flight_Fixed Wing_N550ND_before_3_189762.csv,48,1200,1229,0,1974.3449384953312,"E1 FFlow, E1 EGT1, E1 RPM",30,30,30,30,30,0,28,53.86425000427892,348.6456551055244,9360.305227099896,187.5299627455766,442.64548301981273,2.046503245147612,74.01582322025477
open_2017_05_08_close_2017_05_08_flight_Fixed Wing_N550ND_before_3_189762.csv,49,1225,1254,0,1970.2973526683088,"E1 FFlow, E1 EGT1, E1 RPM",30,30,30,30,30,0,27,53.87979309556261,348.6456551055244,9341.510059221217,187.5299627455766,442.64548301981273,2.046503245147612,74.02658400499612
open_2017_05_08_close_2017_05_08_flight_Fixed Wing_N550ND_before_3_189762.csv,50,1250,1279,0,1965.764795859279,"E1 FFlow, E1 EGT1, E1 RPM",30,30,30,30,30,0,28,53.868527248789114,348.6456551055244,9319.959851657333,187.5299627455766,442.64548301981273,2.046503245147612,74.02294401575708
open_2017_05_08_close_2017_05_08_flight_Fixed Wing_N550ND_before_3_189762.csv,51,1275,1304,0,1971.9047785304626,"E1 FFlow, E1 EGT1, E1 RPM",30,30,30,30,30,0,29,53.85527123790742,348.6456551055244,9348.564759659053,187.5299627455766,442.64548301981273,2.046503245147612,74.02168706305092
open_2017_05_08_close_2017_05_08_flight_Fixed Wing_N550ND_before_3_189762.csv,52,1300,1329,0,1981.1787401015947,"E1 FFlow, E1 EGT1, E1 RPM",30,30,30,30,30,0,29,53.857872647704255,348.6456551055244,9392.842897835988,187.5299627455766,442.64548301981273,2.046503245147612,74.00121054453768
open_2017_05_08_close_2017_05_08_flight_Fixed Wing_N550ND_before_3_189762.csv,53,1325,1354,0,1974.4166441550847,"E1 FFlow, E1 EGT1, E1 RPM",30,30,30,30,30,0,26,53.875421841363,348.6456551055244,9361.126963878096,187.5299627455766,442.64548301981273,2.046503245147612,74.02064950358641
open_2017_05_08_close_2017_05_08_flight_Fixed Wing_N550ND_before_3_189762.csv,54,1350,1379,0,1944.5044642250873,"E1 FFlow, E1 EGT1, E1 RPM",30,30,30,30,30,0,29,53.883624093873294,348.6456551055244,9220.431910613139,187.5299627455766,442.64548301981273,2.046503245147612,73.99133271622465
open_2017_05_08_close_2017_05_08_flight_Fixed Wing_N550ND_before_3_189762.csv,55,1375,1404,0,1954.7908382739324,"E1 FFlow, E1 EGT1, E1 RPM",30,30,30,30,30,0,26,53.8440311629648,348.6456551055244,9265.39004639833,187.5299627455766,442.64548301981273,2.046503245147612,74.01786150780764
open_2017_05_08_close_2017_05_08_flight_Fixed Wing_N550ND_before_3_189762.csv,56,1400,1429,0,1981.9990775676554,"E1 FFlow, E1 EGT1, E1 RPM",30,30,30,30,30,0,29,53.82682298960226,348.6456551055244,9396.139370767334,187.5299627455766,442.64548301981273,2.046503245147612,74.00168771739986
open_2017_05_08_close_2017_05_08_flight_Fixed Wing_N550ND_before_3_189762.csv,57,1425,1454,0,1991.1070030308315,"E1 FFlow, E1 EGT1, E1 RPM",30,30,30,30,30,0,30,53.85432639865048,348.6456551055244,9439.815736072338,187.5299627455766,442.64548301981273,2.046503245147612,73.99997361007456
open_2017_05_08_close_2017_05_08_flight_Fixed Wing_N550ND_before_3_189762.csv,58,1450,1479,0,1996.8317405000869,"E1 FFlow, E1 EGT1, E1 RPM",30,30,30,30,30,0,28,53.859810087278575,348.6456551055244,9467.43676645338,187.5299627455766,442.64548301981273,2.046503245147612,74.00733476514762
open_2017_05_08_close_2017_05_08_flight_Fixed Wing_N550ND_before_3_189762.csv,59,1475,1504,0,1954.530993885069,"E1 FFlow, E1 EGT1, E1 RPM",30,30,30,30,30,0,29,53.882668491074305,348.6456551055244,9268.146898977968,187.5299627455766,442.64548301981273,2.046503245147612,73.98149492613261
open_2017_05_08_close_2017_05_08_flight_Fixed Wing_N550ND_before_3_189762.csv,60,1500,1529,0,1937.3366338142353,"E1 FFlow, E1 EGT1, E1 RPM",30,30,30,30,30,0,27,53.882086518695665,348.6456551055244,9184.074639478282,187.5299627455766,442.64548301981273,2.503326987160397,74.01239447112175
open_2017_05_08_close_2017_05_08_flight_Fixed Wing_N550ND_before_3_189762.csv,61,1525,1554,0,1972.2883006854352,"E1 FFlow, E1 EGT1, E1 RPM",30,30,30,30,30,0,29,53.852309661730835,348.6456551055244,9349.248920219823,187.5299627455766,442.6516002109447,2.926832295488528,74.00579620069301
open_2017_05_08_close_2017_05_08_flight_Fixed Wing_N550ND_before_3_189762.csv,62,1550,1579,0,1986.6767555355136,"E1 FFlow, E1 EGT1, E1 RPM",30,30,30,30,30,0,26,53.863382169062625,348.6456551055244,9419.027249458657,187.5299627455766,442.67005473808456,2.446523893483865,74.01220647867618
open_2017_05_08_close_2017_05_08_flight_Fixed Wing_N550ND_before_3_189762.csv,63,1575,1604,0,1984.134225468808,"E1 FFlow, E1 EGT1, E1 RPM",30,30,30,30,30,0,29,53.847545453194904,348.6456551055244,9407.042698059897,187.5299627455766,442.6777828578539,2.046503245147612,73.9981617510284
open_2017_05_08_close_2017_05_08_flight_Fixed Wing_N550ND_before_3_189762.csv,64,1600,1629,0,1987.9808307197584,"E1 FFlow, E1 EGT1, E1 RPM",30,30,30,30,30,0,28,53.850824622384756,348.6456551055244,9424.702186718232,187.5299627455766,442.6777828578539,2.046503245147612,74.0245017868019
open_2017_05_08_close_2017_05_08_flight_Fixed Wing_N550ND_before_3_189762.csv,65,1625,1654,0,1995.9821875428536,"E1 FFlow, E1 EGT1, E1 RPM",30,30,30,30,30,0,28,53.85936417148327,348.6456551055244,9463.245530896136,187.5299627455766,442.6777828578539,2.046503245147612,74.01059768653819
open_2017_05_08_close_2017_05_08_flight_Fixed Wing_N550ND_before_3_189762.csv,66,1650,1679,0,1973.3504097945251,"E1 FFlow, E1 EGT1, E1 RPM",30,30,30,30,30,0,28,53.876108970295206,348.6456551055244,9357.295944635742,187.5299627455766,442.6777828578539,2.046503245147612,73.97858440588374
open_2017_05_08_close_2017_05_08_flight_Fixed Wing_N550ND_before_3_189762.csv,67,1675,1704,0,1927.6635465216057,"E1 FFlow, E1 EGT1, E1 RPM",30,30,30,30,30,0,28,53.91682673485644,348.6456551055244,9139.776004431083,187.5299627455766,442.6777828578539,2.046503245147612,73.99707311134885
open_2017_05_08_close_2017_05_08_flight_Fixed Wing_N550ND_before_3_189762.csv,68,1700,1729,0,1938.913260561514,"E1 FFlow, E1 EGT1, E1 RPM",30,30,30,30,30,0,28,53.90784155589629,348.6456551055244,9189.734875372535,187.5299627455766,442.6777828578539,2.6432381804914664,73.99107529704077
open_2017_05_08_close_2017_05_08_flight_Fixed Wing_N550ND_before_3_189762.csv,69,1725,1754,0,1966.2022567416238,"E1 FFlow, E1 EGT1, E1 RPM",30,30,30,30,30,0,27,53.88088659228095,348.6456551055244,9321.897392549241,187.5299627455766,442.6777828578539,2.046503245147612,74.02557538231873
open_2017_05_08_close_2017_05_08_flight_Fixed Wing_N550ND_before_3_189762.csv,70,1750,1779,0,1966.627634515681,"E1 FFlow, E1 EGT1, E1 RPM",30,30,30,30,30,0,29,53.86135086605042,348.6456551055244,9323.403841457082,187.5299627455766,442.6777828578539,2.046503245147612,74.01014796130812
open_2017_05_08_close_2017_05_08_flight_Fixed Wing_N550ND_before_3_189762.csv,71,1775,1804,0,1974.6892201262892,"E1 FFlow, E1 EGT1, E1 RPM",30,30,30,30,30,0,27,53.85997020031503,348.6456551055244,9362.12652632741,187.5299627455766,442.6777828578539,2.046503245147612,73.99714545092031
open_2017_05_08_close_2017_05_08_flight_Fixed Wing_N550ND_before_3_189762.csv,72,1800,1829,0,1972.57224807214,"E1 FFlow, E1 EGT1, E1 RPM",30,30,30,30,30,0,30,53.864125384978706,348.6456551055244,9352.271382061954,187.5299627455766,442.6777828578539,2.046503245147612,74.01270561872839
open_2017_05_08_close_2017_05_08_flight_Fixed Wing_N550ND_before_3_189762.csv,73,1825,1854,0,1973.5910269543658,"E1 FFlow, E1 EGT1, E1 RPM",30,30,30,30,30,0,27,53.8730587581338,348.6456551055244,9356.771514205931,187.5299627455766,442.6777828578539,2.046503245147612,74.02506699185922
open_2017_05_08_close_2017_05_08_flight_Fixed Wing_N550ND_before_3_189762.csv,74,1850,1879,0,1978.4317181250926,"E1 FFlow, E1 EGT1, E1 RPM",30,30,30,30,30,0,30,53.87155071333817,348.6456551055244,9380.026278481337,187.5299627455766,442.6777828578539,2.046503245147612,74.00053203144182
open_2017_05_08_close_2017_05_08_flight_Fixed Wing_N550ND_before_3_189762.csv,75,1875,1904,0,1967.6441790558893,"E1 FFlow, E1 EGT1, E1 RPM",30,30,30,30,30,0,28,53.89553657589466,348.6456551055244,9329.309556900907,187.5299627455766,442.6777828578539,2.046503245147612,73.98906646165003
open_2017_05_08_close_2017_05_08_flight_Fixed Wing_N550ND_before_3_189762.csv,76,1900,1929,0,1971.8526365788714,"E1 FFlow, E1 EGT1, E1 RPM",30,30,30,30,30,0,29,53.82806975846615,348.6456551055244,9347.101719586915,187.5299627455766,442.6777828578539,2.046503245147612,73.99951547983498
open_2017_05_08_close_2017_05_08_flight_Fixed Wing_N550ND_before_3_189762.csv,77,1925,1954,0,1989.115833987423,"E1 FFlow, E1 EGT1, E1 RPM",30,30,30,30,30,0,27,53.85060201086804,348.6456551055244,9430.496623633902,187.5299627455766,442.6777828578539,2.046503245147612,74.00591414444672
open_2017_05_08_close_2017_05_08_flight_Fixed Wing_N550ND_before_3_189762.csv,78,1950,1979,0,1990.4865910367466,"E1 FFlow, E1 EGT1, E1 RPM",30,30,30,30,30,0,29,53.860570000259536,348.6456551055244,9437.229118419753,187.5299627455766,442.6777828578539,2.046503245147612,74.00747279959198
open_2017_05_08_close_2017_05_08_flight_Fixed Wing_N550ND_before_3_189762.csv,79,1975,2004,0,1990.42053253196,"E1 FFlow, E1 EGT1, E1 RPM",30,30,30,30,30,0,28,53.896524014018766,348.6456551055244,9436.664049412906,187.5299627455766,442.6777828578539,2.046503245147612,73.992327130802
open_2017_05_08_close_2017_05_08_flight_Fixed Wing_N550ND_before_3_189762.csv,80,2000,2029,0,1971.252711530972,"E1 FFlow, E1 EGT1, E1 RPM",30,30,30,30,30,0,26,53.89328209546076,348.6456551055244,9347.41470584609,187.5299627455766,442.6777828578539,2.046503245147612,73.96954388303875
open_2017_05_08_close_2017_05_08_flight_Fixed Wing_N550ND_before_3_189762.csv,81,2025,2054,0,1944.9227994521295,"E1 FFlow, E1 EGT1, E1 RPM",30,30,30,30,30,0,29,53.92045743636222,348.6456551055244,9220.886079778538,187.5299627455766,442.6777828578539,2.046503245147612,74.02291613889054
open_2017_05_08_close_2017_05_08_flight_Fixed Wing_N550ND_before_3_189762.csv,82,2050,2079,0,1948.5732282511533,"E1 FFlow, E1 EGT1, E1 RPM",30,30,30,30,30,0,29,53.87465590753102,348.6456551055244,9237.90383239645,187.5299627455766,442.6777828578539,2.046503245147612,73.98887374359302
open_2017_05_08_close_2017_05_08_flight_Fixed Wing_N550ND_before_3_189762.csv,83,2075,2104,0,1961.107091796268,"E1 FFlow, E1 EGT1, E1 RPM",30,30,30,30,30,0,27,53.85811109782223,348.6456551055244,9296.878162146735,187.5299627455766,442.6777828578539,2.046503245147612,74.05924030339511
open_2017_05_08_close_2017_05_08_flight_Fixed Wing_N550ND_before_3_189762.csv,84,2100,2129,0,1955.2135715044549,"E1 FFlow, E1 EGT1, E1 RPM",30,30,30,30,30,0,30,53.88649667943362,348.6456551055244,9270.863134536143,187.5299627455766,442.6777828578539,2.046503245147612,74.01669440356599
open_2017_05_08_close_2017_05_08_flight_Fixed Wing_N550ND_before_3_189762.csv,85,2125,2154,0,1932.1919805963948,"E1 FFlow, E1 EGT1, E1 RPM",30,30,30,30,30,0,27,53.85414609733012,348.6456551055244,9159.418352301462,187.5299627455766,442.6777828578539,2.046503245147612,74.00973389768612
open_2017_05_08_close_2017_05_08_flight_Fixed Wing_N550ND_before_3_189762.csv,86,2150,2179,0,1961.139042167895,"E1 FFlow, E1 EGT1, E1 RPM",30,30,30,30,30,0,27,53.86504432796097,348.6456551055244,9296.634402920123,187.5299627455766,442.6777828578539,2.046503245147612,74.00459320042758
open_2017_05_08_close_2017_05_08_flight_Fixed Wing_N550ND_before_3_189762.csv,87,2175,2204,0,1983.994607521502,"E1 FFlow, E1 EGT1, E1 RPM",30,30,30,30,30,0,27,53.872854126601375,348.6456551055244,9405.512811020595,187.5299627455766,442.6777828578539,2.046503245147612,74.01681614595601
open_2017_05_08_close_2017_05_08_flight_Fixed Wing_N550ND_before_3_189762.csv,88,2200,2229,0,1994.1050240876857,"E1 FFlow, E1 EGT1, E1 RPM",30,30,30,30,30,0,29,53.837285725304596,348.6456551055244,9454.204561412249,187.5299627455766,442.6777828578539,2.046503245147612,74.02277748092628
open_2017_05_08_close_2017_05_08_flight_Fixed Wing_N550ND_before_3_189762.csv,89,2225,2254,0,1992.8479765189606,"E1 FFlow, E1 EGT1, E1 RPM",30,30,30,30,30,0,26,53.860958158037896,348.6456551055244,9448.618951447173,187.5299627455766,442.6777828578539,2.046503245147612,74.02674722871879
open_2017_05_08_close_2017_05_08_flight_Fixed Wing_N550ND_before_3_189762.csv,90,2250,2279,0,1992.5403459483737,"E1 FFlow, E1 EGT1, E1 RPM",30,30,30,30,30,0,28,53.860187974675526,348.6456551055244,9446.222895922208,187.5299627455766,442.6777828578539,2.046503245147612,74.00520434035961
open_2017_05_08_close_2017_05_08_flight_Fixed Wing_N550ND_before_3_189762.csv,91,2275,2304,0,1995.3057793998205,"E1 FFlow, E1 EGT1, E1 RPM",30,30,30,30,30,0,27,53.88817773279905,348.6456551055244,9460.306995499852,187.5299627455766,442.6777828578539,2.046503245147612,73.97911165803818
open_2017_05_08_close_2017_05_08_flight_Fixed Wing_N550ND_before_3_189762.csv,92,2300,2329,0,1971.9876082162368,"E1 FFlow, E1 EGT1, E1 RPM",30,30,30,30,30,0,26,53.87154803164634,348.6456551055244,9351.05835285513,187.5299627455766,442.6777828578539,2.046503245147612,74.0329256272864
open_2017_05_08_close_2017_05_08_flight_Fixed Wing_N550ND_before_3_189762.csv,93,2325,2354,0,1943.3639425804056,"E1 FFlow, E1 EGT1, E1 RPM",30,30,30,30,30,0,28,53.81364172174256,348.6456551055244,9212.737821529961,187.5299627455766,442.6777828578539,2.046503245147612,74.01097085964369
open_2017_05_08_close_2017_05_08_flight_Fixed Wing_N550ND_before_3_189762.csv,94,2350,2379,0,1947.2136372538423,"E1 FFlow, E1 EGT1, E1 RPM",30,30,30,30,30,0,28,53.88054870340214,348.6456551055244,9231.812001146427,187.5299627455766,442.6777828578539,2.046503245147612,74.02050182896122
open_2017_05_08_close_2017_05_08_flight_Fixed Wing_N550ND_before_3_189762.csv,95,2375,2404,0,1963.8823136337821,"E1 FFlow, E1 EGT1, E1 RPM",30,30,30,30,30,0,26,53.86145174136785,332.98239557673367,9309.526831246621,189.28133165468324,442.6777828578539,2.046503245147612,74.00139335305404
open_2017_05_08_close_2017_05_08_flight_Fixed Wing_N550ND_before_3_189762.csv,96,2400,2429,0,1983.2470823610308,"E1 FFlow, E1 EGT1, E1 RPM",30,30,30,30,30,0,29,53.87112127510096,318.02778054539897,9402.609510196358,190.89577888451814,442.6777828578539,2.046503245147612,74.02429953941763
open_2017_05_08_close_2017_05_08_flight_Fixed Wing_N550ND_before_3_189762.csv,97,2425,2454,0,1952.1133292458899,"E1 FFlow, E1 EGT1, E1 RPM",30,30,30,30,30,0,28,53.91368497307211,318.02778054539897,9256.666300909543,190.89577888451814,442.6777828578539,2.046503245147612,74.0174910098615
open_2017_05_08_close_2017_05_08_flight_Fixed Wing_N550ND_before_3_189762.csv,98,2450,2479,0,1922.20833835383,"E1 FFlow, E1 EGT1, E1 RPM",30,30,30,30,30,0,29,53.88136913488517,318.02778054539897,9113.695079340809,190.89577888451814,442.6777828578539,2.046503245147612,74.02042776499457
open_2017_05_08_close_2017_05_08_flight_Fixed Wing_N550ND_before_3_189762.csv,99,2475,2504,0,1950.2326875221108,"E1 FFlow, E1 EGT1, E1 RPM",30,30,30,30,30,0,29,53.84341508685016,318.02778054539897,9243.847162532213,190.89577888451814,442.6777828578539,2.046503245147612,74.00366259002463
open_2017_05_08_close_2017_05_08_flight_Fixed Wing_N550ND_before_3_189762.csv,100,2500,2529,0,1979.16866749586,"E1 FFlow, E1 EGT1, E1 RPM",30,30,30,30,30,0,29,53.91162575796677,318.02778054539897,9382.666074163479,190.89577888451814,442.6777828578539,2.046503245147612,74.01357472783295
open_2017_05_08_close_2017_05_08_flight_Fixed Wing_N550ND_before_3_189762.csv,101,2525,2554,0,1989.111480525564,"E1 FFlow, E1 EGT1, E1 RPM",30,30,30,30,30,0,29,53.88998552595003,318.02778054539897,9430.62691812603,190.89577888451814,442.6777828578539,2.046503245147612,74.02227605343619
open_2017_05_08_close_2017_05_08_flight_Fixed Wing_N550ND_before_3_189762.csv,102,2550,2579,0,1970.7444853159493,"E1 FFlow, E1 EGT1, E1 RPM",30,30,30,30,30,0,28,53.885623649946304,318.02778054539897,9343.929223579402,190.89577888451814,442.6777828578539,2.046503245147612,73.98510015386891
open_2017_05_08_close_2017_05_08_flight_Fixed Wing_N550ND_before_3_189762.csv,103,2575,2604,0,1983.5575267971014,"E1 FFlow, E1 EGT1, E1 RPM",30,30,30,30,30,0,26,53.874186417938056,318.02778054539897,9404.072873441328,190.89577888451814,442.6777828578539,2.046503245147612,74.00882381006602
open_2017_05_08_close_2017_05_08_flight_Fixed Wing_N550ND_before_3_189762.csv,104,2600,2629,0,1918.1677496108443,"E1 FFlow, E1 EGT1, E1 RPM",30,30,30,30,30,0,26,53.911996823430464,318.02778054539897,9096.465434950465,190.89577888451814,442.6777828578539,3.427299847657115,74.0231599319162
open_2017_05_08_close_2017_05_08_flight_Fixed Wing_N550ND_before_3_189762.csv,105,2625,2654,0,1899.4373035228639,"E1 FFlow, E1 EGT1, E1 RPM",30,30,30,30,30,0,29,53.86219073256248,318.02778054539897,8999.050892004294,190.89577888451814,442.6777828578539,6.23504936324397,74.0260252520502
open_2017_05_08_close_2017_05_08_flight_Fixed Wing_N550ND_before_3_189762.csv,106,2650,2679,0,1964.266545531508,"E1 FFlow, E1 EGT1, E1 RPM",30,30,30,30,30,0,28,53.870323704615245,318.02778054539897,9312.3591915138,190.89577888451814,442.6777828578539,5.545763514805063,74.00718317623826
open_2017_05_08_close_2017_05_08_flight_Fixed Wing_N550ND_before_3_189762.csv,107,2675,2704,0,1975.4362627688856,"E1 FFlow, E1 EGT1, E1 RPM",30,30,30,30,30,0,29,53.87765220851247,318.02778054539897,9364.589279041556,190.89577888451814,442.6777828578539,4.37970075551345,74.01125426596982
open_2017_05_08_close_2017_05_08_flight_Fixed Wing_N550ND_before_3_189762.csv,108,2700,2729,0,1986.7826527084853,"E1 FFlow, E1 EGT1, E1 RPM",30,30,30,30,30,0,29,53.859801086740816,318.02778054539897,9419.997108686963,190.89577888451814,442.6777828578539,6.047548651560452,74.01436566012315
open_2017_05_08_close_2017_05_08_flight_Fixed Wing_N550ND_before_3_189762.csv,109,2725,2754,0,1978.2222921979871,"E1 FFlow, E1 EGT1, E1 RPM",30,30,30,30,30,0,28,53.86592949412498,318.02778054539897,9378.688843650803,190.89577888451814,442.6777828578539,7.513634467167589,73.99068039989123
open_2017_05_08_close_2017_05_08_flight_Fixed Wing_N550ND_before_3_189762.csv,110,2750,2779,0,1969.4216523163414,"E1 FFlow, E1 EGT1, E1 RPM",30,30,30,30,30,0,28,53.8843601733089,318.02778054539897,9338.211046339595,190.89577888451814,442.6777828578539,6.021389877074963,74.04298767781123
open_2017_05_08_close_2017_05_08_flight_Fixed Wing_N550ND_before_3_189762.csv,111,2775,2804,0,1809.1973760707165,"E1 FFlow, E1 EGT1, E1 RPM",30,30,30,30,30,0,30,53.92817651843316,318.02778054539897,8578.29500939622,190.89577888451814,442.6777828578539,6.788181434990854,74.01137605439223
open_2017_05_08_close_2017_05_08_flight_Fixed Wing_N550ND_before_3_189762.csv,112,2800,2829,0,1741.1290243625506,"E1 FFlow, E1 EGT1, E1 RPM",30,30,30,30,30,0,28,53.93153415954517,318.02778054539897,8253.861262441522,190.89577888451814,442.6777828578539,6.616971875346455,74.01156705880528
open_2017_05_08_close_2017_05_08_flight_Fixed Wing_N550ND_before_3_189762.csv,113,2825,2854,0,1735.2249934928134,"E1 FFlow, E1 EGT1, E1 RPM",30,30,30,30,30,0,29,53.91883271498147,318.02778054539897,8225.28366374399,190.89577888451814,442.6777828578539,6.478248636156176,74.00880123740271
open_2017_05_08_close_2017_05_08_flight_Fixed Wing_N550ND_before_3_189762.csv,114,2850,2879,0,1739.2165362620076,"E1 FFlow, E1 EGT1, E1 RPM",30,30,30,30,30,0,28,53.92034801038161,318.02778054539897,8244.407631704344,190.89577888451814,442.6777828578539,6.591470864901695,74.01096930961145
open_2017_05_08_close_2017_05_08_flight_Fixed Wing_N550ND_before_3_189762.csv,115,2875,2904,0,1749.0826383356896,"E1 FFlow, E1 EGT1, E1 RPM",30,30,30,30,30,0,26,53.942616846653436,318.02778054539897,8288.096083543991,190.89577888451814,442.6777828578539,8.20980338509792,73.97497827941498
open_2017_05_08_close_2017_05_08_flight_Fixed Wing_N550ND_before_3_189762.csv,116,2900,2929,0,1922.4846740457767,"E1 FFlow, E1 EGT1, E1 RPM",30,30,30,30,30,0,28,53.89129016491725,318.02778054539897,9103.73125606366,190.89577888451814,442.6777828578539,8.177206049682601,73.98955208534922
open_2017_05_08_close_2017_05_08_flight_Fixed Wing_N550ND_before_3_189762.csv,117,2925,2954,0,1932.0052179236745,"E1 FFlow, E1 EGT1, E1 RPM",30,30,30,30,30,0,27,53.92003152262645,318.02778054539897,9161.780572999085,190.89577888451814,442.6777828578539,5.975122251856484,74.03255881282566
open_2017_05_08_close_2017_05_08_flight_Fixed Wing_N550ND_before_3_189762.csv,118,2950,2979,0,1898.8812733355905,"E1 FFlow, E1 EGT1, E1 RPM",30,30,30,30,30,0,30,53.886306709810185,318.02778054539897,8999.784292131044,190.89577888451814,442.6777828578539,8.501343106928669,74.01138531233111
open_2017_05_08_close_2017_05_08_flight_Fixed Wing_N550ND_before_3_189762.csv,119,2975,3004,0,1992.1840179360327,"E1 FFlow, E1 EGT1, E1 RPM",30,30,30,30,30,0,27,54.08384511529468,318.02778054539897,9441.321315024215,190.89577888451814,442.6777828578539,6.460426830440057,74.00077589171372
open_2017_05_08_close_2017_05_08_flight_Fixed Wing_N550ND_before_3_189762.csv,120,3000,3029,0,2022.268638585291,"E1 FFlow, E1 EGT1, E1 RPM",30,30,30,30,30,0,27,54.10256475992683,318.02778054539897,9588.529867431587,190.89577888451814,442.6777828578539,5.67160256494588,74.00674510822569
open_2017_05_08_close_2017_05_08_flight_Fixed Wing_N550ND_before_3_189762.csv,121,3025,3054,0,1923.9284533789428,"E1 FFlow, E1 EGT1, E1 RPM",30,30,30,30,30,0,28,53.89357711989683,318.02778054539897,9123.805585281398,190.89577888451814,442.69455919556356,7.914401296482747,74.00523019789102
open_2017_05_08_close_2017_05_08_flight_Fixed Wing_N550ND_before_3_189762.csv,122,3050,3079,0,1905.803426088727,"E1 FFlow, E1 EGT1, E1 RPM",30,30,30,30,30,0,27,54.029847516004466,318.02778054539897,9030.152808247592,190.89577888451814,442.7100826958951,5.571634950935837,74.02246637554796
open_2017_05_08_close_2017_05_08_flight_Fixed Wing_N550ND_before_3_189762.csv,123,3075,3104,0,1825.7990234652611,"E1 FFlow, E1 EGT1, E1 RPM",30,30,30,30,30,0,30,54.076010075876745,318.02778054539897,8653.982685391564,190.89577888451814,442.7100826958951,5.982816778148683,74.01574043401219
open_2017_05_08_close_2017_05_08_flight_Fixed Wing_N550ND_before_3_189762.csv,124,3100,3129,0,1935.329240641663,"E1 FFlow, E1 EGT1, E1 RPM",30,30,30,30,30,0,27,53.927189706140204,318.02778054539897,9163.20400198586,190.89577888451814,442.7100826958951,3.8239855752442913,74.02362774514923
open_2017_05_08_close_2017_05_08_flight_Fixed Wing_N550ND_before_3_189762.csv,125,3125,3154,0,2021.7345987687806,"E1 FFlow, E1 EGT1, E1 RPM",30,30,30,30,30,1,28,53.84918772717818,318.02778054539897,9585.226219058844,190.89577888451814,442.7100826958951,7.846722664095087,74.01736609781194
open_2017_05_08_close_2017_05_08_flight_Fixed Wing_N550ND_before_3_189762.csv,126,3150,3179,0,2022.4062642176586,"E1 FFlow, E1 EGT1, E1 RPM",30,30,30,30,30,0,28,53.87006649158217,318.02778054539897,9588.087305777048,190.89577888451814,442.7100826958951,8.665388053431855,74.01223382780584
open_2017_05_08_close_2017_05_08_flight_Fixed Wing_N550ND_before_3_189762.csv,127,3175,3204,0,2024.7173841552403,"E1 FFlow, E1 EGT1, E1 RPM",30,30,30,30,30,0,28,53.860592897856804,318.02778054539897,9600.685767096535,190.89577888451814,442.7100826958951,7.7500182073981705,74.00902616691505
open_2017_05_08_close_2017_05_08_flight_Fixed Wing_N550ND_before_3_189762.csv,128,3200,3229,0,1844.5401695306302,"E1 FFlow, E1 EGT1, E1 RPM",30,30,30,30,30,1,27,53.86631746632102,318.02778054539897,8745.613961867492,190.89577888451814,442.7100826958951,7.293994335723034,74.00295762641173
open_2017_05_08_close_2017_05_08_flight_Fixed Wing_N550ND_before_3_189762.csv,129,3225,3254,0,1729.9407837262047,"E1 FFlow, E1 EGT1, E1 RPM",30,30,30,30,30,1,27,53.88555976777666,318.02778054539897,8202.67795951696,190.89577888451814,442.7100826958951,4.07301254703582,74.05579017684242
open_2017_05_08_close_2017_05_08_flight_Fixed Wing_N550ND_before_3_189762.csv,130,3250,3279,0,1623.0857534819104,"E1 FFlow, E1 EGT1, E1 RPM",30,30,30,30,30,0,28,53.89896656303754,318.02778054539897,7693.233482751651,190.89577888451814,442.7100826958951,4.75084467084015,73.9943297997767
open_2017_05_08_close_2017_05_08_flight_Fixed Wing_N550ND_before_3_189762.csv,131,3275,3304,0,1698.0124421067335,"E1 FFlow, E1 EGT1, E1 RPM",30,30,30,30,30,0,28,53.872089320836956,318.02778054539897,8043.731919810377,190.89577888451814,442.7100826958951,2.93732498258171,74.01740132463632
open_2017_05_08_close_2017_05_08_flight_Fixed Wing_N550ND_before_3_189762.csv,132,3300,3329,0,1653.0824813811828,"E1 FFlow, E1 EGT1, E1 RPM",30,30,30,30,30,0,28,53.89955779355362,318.02778054539897,7837.542619058856,190.89577888451814,442.7100826958951,4.751359537497712,74.01325708593879
open_2017_05_08_close_2017_05_08_flight_Fixed Wing_N550ND_before_3_189762.csv,133,3325,3354,0,1631.352753771595,"E1 FFlow, E1 EGT1, E1 RPM",30,30,30,30,30,0,30,53.88058147382949,318.02778054539897,7724.003945942564,190.89577888451814,442.7100826958951,3.3989966508590985,73.99859586720206
open_2017_05_08_close_2017_05_08_flight_Fixed Wing_N550ND_before_3_189762.csv,134,3350,3379,0,1723.1828080570592,"E1 FFlow, E1 EGT1, E1 RPM",30,30,30,30,30,0,28,53.88932450564337,318.02778054539897,8168.660197603685,190.89577888451814,442.7100826958951,3.2450002189516147,73.9958757470149
open_2017_05_08_close_2017_05_08_flight_Fixed Wing_N550ND_before_3_189762.csv,135,3375,3404,0,1708.652119624869,"E1 FFlow, E1 EGT1, E1 RPM",30,30,30,30,30,0,27,53.893647489150055,318.02778054539897,8099.921629094256,190.89577888451814,442.7100826958951,3.711248984005327,74.02600415922451
open_2017_05_08_close_2017_05_08_flight_Fixed Wing_N550ND_before_3_189762.csv,136,3400,3429,0,1641.928988054777,"E1 FFlow, E1 EGT1, E1 RPM",30,30,30,30,30,0,29,53.90182732625211,318.02778054539897,7781.441617803513,190.89577888451814,442.7100826958951,3.6241938797670707,73.9906001090738
open_2017_05_08_close_2017_05_08_flight_Fixed Wing_N550ND_before_3_189762.csv,137,3425,3454,0,1693.3216001447006,"E1 FFlow, E1 EGT1, E1 RPM",30,30,30,30,30,0,26,53.890355356061534,318.02778054539897,8026.601646764997,190.89577888451814,442.7100826958951,2.4491176357574505,74.00594717003747
open_2017_05_08_close_2017_05_08_flight_Fixed Wing_N550ND_before_3_189762.csv,138,3450,3479,0,1622.1433045847834,"E1 FFlow, E1 EGT1, E1 RPM",30,30,30,30,30,0,28,53.89551975616371,318.02778054539897,7688.96531613956,190.89577888451814,442.7100826958951,2.8638588653162045,74.00201670500013
open_2017_05_08_close_2017_05_08_flight_Fixed Wing_N550ND_before_3_189762.csv,139,3475,3504,0,1227.724416826092,"E1 FFlow, E1 EGT1, E1 RPM",30,30,30,30,30,0,28,53.904814334658035,318.02778054539897,5651.951183613251,190.89577888451814,442.7100826958951,3.514810262161801,74.01612854806564
open_2017_05_08_close_2017_05_08_flight_Fixed Wing_N550ND_before_3_189762.csv,140,3500,3529,0,1029.3652215447933,"E1 FFlow, E1 EGT1, E1 RPM",30,30,30,30,30,3,28,53.89891846495482,318.02778054539897,4741.752077492362,190.89577888451814,442.7100826958951,31.46732352289668,74.00199003115512
open_2017_05_08_close_2017_05_08_flight_Fixed Wing_N550ND_before_3_189762.csv,141,3525,3554,0,1189.7333868924688,"E1 FFlow, E1 EGT1, E1 RPM",30,30,30,30,30,1,27,53.89736341148682,318.02778054539897,5199.27931627268,190.89577888451814,442.7100826958951,8.161678474261686,74.00525847441217
open_2017_05_08_close_2017_05_08_flight_Fixed Wing_N550ND_before_3_189762.csv,142,3550,3579,0,1733.8218618267676,"E1 FFlow, E1 EGT1, E1 RPM",30,30,30,30,30,0,27,53.84864498972959,318.02778054539897,8211.764062530301,190.89577888451814,442.7100826958951,8.790258368571967,74.03209520510856
open_2017_05_08_close_2017_05_08_flight_Fixed Wing_N550ND_before_3_189762.csv,143,3575,3604,0,1782.4565161491396,"E1 FFlow, E1 EGT1, E1 RPM",30,30,30,30,30,0,28,53.85685813523697,318.02778054539897,8448.836500985733,190.89577888451814,442.7100826958951,6.085795080215477,74.03715689557414
open_2017_05_08_close_2017_05_08_flight_Fixed Wing_N550ND_before_3_189762.csv,144,3600,3629,0,1788.9423495738633,"E1 FFlow, E1 EGT1, E1 RPM",30,30,30,30,30,0,29,53.83246733118365,318.02778054539897,8480.81283715532,190.89577888451814,442.7100826958951,7.058772418735601,74.03264660678332
open_2017_05_08_close_2017_05_08_flight_Fixed Wing_N550ND_before_3_189762.csv,145,3625,3654,0,1782.8092009162294,"E1 FFlow, E1 EGT1, E1 RPM",30,30,30,30,30,0,27,53.82837990188548,318.02778054539897,8451.577373070651,190.89577888451814,442.7100826958951,5.435683741360701,74.00543236987878
open_2017_05_08_close_2017_05_08_flight_Fixed Wing_N550ND_before_3_189762.csv,146,3650,3679,0,1783.9331195274237,"E1 FFlow, E1 EGT1, E1 RPM",30,30,30,30,30,0,28,53.75819432431295,331.70571587683907,8455.700762046927,190.89577888451814,442.7100826958951,5.1394279903707,74.00382028992776
open_2017_05_08_close_2017_05_08_flight_Fixed Wing_N550ND_before_3_189762.csv,147,3675,3704,0,1782.2875090352925,"E1 FFlow, E1 EGT1, E1 RPM",30,30,30,30,30,0,26,53.75959760024031,370.91178372965635,8450.222555529472,190.89577888451814,442.7100826958951,5.091592495633294,74.03069598194955
open_2017_05_08_close_2017_05_08_flight_Fixed Wing_N550ND_before_3_189762.csv,148,3700,3729,0,1796.9895263565038,"E1 FFlow, E1 EGT1, E1 RPM",30,30,30,30,30,0,29,53.83435283144617,370.91178372965635,8513.536606778876,190.89577888451814,442.7100826958951,5.0443914555036935,74.03157135015745
open_2017_05_08_close_2017_05_08_flight_Fixed Wing_N550ND_before_3_189762.csv,149,3725,3754,0,1842.8813801919773,"E1 FFlow, E1 EGT1, E1 RPM",30,30,30,30,30,0,29,53.85400718396017,370.91178372965635,8736.556581918354,190.89577888451814,442.7100826958951,4.8692819067349635,74.01657937416464
open_2017_05_08_close_2017_05_08_flight_Fixed Wing_N550ND_before_3_189762.csv,150,3750,3779,0,1796.1345125994524,"E1 FFlow, E1 EGT1, E1 RPM",30,30,30,30,30,0,29,53.84363317945706,370.91178372965635,8516.409156356061,190.89577888451814,442.7100826958951,3.297243829512987,74.021260349053
open_2017_05_08_close_2017_05_08_flight_Fixed Wing_N550ND_before_3_189762.csv,151,3775,3804,0,1755.174400289382,"E1 FFlow, E1 EGT1, E1 RPM",30,30,30,30,30,0,29,53.83750106226655,370.91178372965635,8319.63270757515,190.89577888451814,442.7100826958951,4.540109694264146,73.99173015325226
open_2017_05_08_close_2017_05_08_flight_Fixed Wing_N550ND_before_3_189762.csv,152,3800,3829,0,1748.8519550864717,"E1 FFlow, E1 EGT1, E1 RPM",30,30,30,30,30,0,26,53.833492133958686,370.91178372965635,8290.617264036977,190.89577888451814,442.7100826958951,3.122604078268951,74.0067105935858
open_2017_05_08_close_2017_05_08_flight_Fixed Wing_N550ND_before_3_189762.csv,153,3825,3854,0,1740.5127485002488,"E1 FFlow, E1 EGT1, E1 RPM",30,30,30,30,30,0,29,53.86090781631275,370.91178372965635,8250.658952505048,190.89577888451814,442.7100826958951,4.042307778866487,74.01152914129327
open_2017_05_08_close_2017_05_08_flight_Fixed Wing_N550ND_before_3_189762.csv,154,3850,3879,0,1741.5850190128137,"E1 FFlow, E1 EGT1, E1 RPM",30,30,30,30,30,0,26,53.85229993847983,370.91178372965635,8255.181497691032,190.89577888451814,442.7100826958951,5.144394344753559,73.98620067425297
open_2017_05_08_close_2017_05_08_flight_Fixed Wing_N550ND_before_3_189762.csv,155,3875,3904,0,1735.2052125908888,"E1 FFlow, E1 EGT1, E1 RPM",30,30,30,30,30,0,27,53.8593338475447,370.91178372965635,8225.657313728072,190.89577888451814,442.7100826958951,4.093983343153514,73.99282605461457
open_2017_05_08_close_2017_05_08_flight_Fixed Wing_N550ND_before_3_189762.csv,156,3900,3929,0,1740.3638211025702,"E1 FFlow, E1 EGT1, E1 RPM",30,30,30,30,30,0,28,53.85042685957513,370.91178372965635,8247.522000662922,190.89577888451814,442.7100826958951,4.773634400644364,74.01340987239428
open_2017_05_08_close_2017_05_08_flight_Fixed Wing_N550ND_before_3_189762.csv,157,3925,3954,0,1768.8921701053257,"E1 FFlow, E1 EGT1, E1 RPM",30,30,30,30,30,0,27,53.863570415461496,370.91178372965635,8386.429661012307,190.89577888451814,442.7352759070858,5.840262472912936,74.03379820824948
open_2017_05_08_close_2017_05_08_flight_Fixed Wing_N550ND_before_3_189762.csv,158,3950,3979,0,1726.4310160857822,"E1 FFlow, E1 EGT1, E1 RPM",30,30,30,30,30,0,30,53.928049568694156,372.5188421921353,8183.11464226298,190.89577888451814,442.74238253393617,2.9788976093586212,73.97991040950792
open_2017_05_08_close_2017_05_08_flight_Fixed Wing_N550ND_before_3_189762.csv,159,3975,4004,0,1796.2673950327185,"E1 FFlow, E1 EGT1, E1 RPM",30,30,30,30,30,0,28,53.846049219783716,372.9997202136548,8506.922930378305,190.89577888451814,442.74238253393617,2.046503245147612,74.01057489996953
open_2017_05_08_close_2017_05_08_flight_Fixed Wing_N550ND_before_3_189762.csv,160,4000,4029,0,1900.7661259386568,"E1 FFlow, E1 EGT1, E1 RPM",30,30,30,30,30,0,27,53.82884975549287,372.9997202136548,9007.642005130783,190.89577888451814,442.74238253393617,2.046503245147612,74.01352669823068
open_2017_05_08_close_2017_05_08_flight_Fixed Wing_N550ND_before_3_189762.csv,161,4025,4054,0,1956.6193897245514,"E1 FFlow, E1 EGT1, E1 RPM",30,30,30,30,30,0,30,53.86084226856111,372.9997202136548,9275.023555809948,190.89577888451814,442.74238253393617,2.046503245147612,74.02321928462047
open_2017_05_08_close_2017_05_08_flight_Fixed Wing_N550ND_before_3_189762.csv,162,4050,4079,0,1924.5280112547234,"E1 FFlow, E1 EGT1, E1 RPM",30,30,30,30,30,0,28,53.87421283422618,372.9997202136548,9126.078848551657,190.89577888451814,442.74238253393617,2.046503245147612,74.02522717919886
open_2017_05_08_close_2017_05_08_flight_Fixed Wing_N550ND_before_3_189762.csv,163,4075,4104,0,1889.811673854887,"E1 FFlow, E1 EGT1, E1 RPM",30,30,30,30,30,0,26,53.90225175568654,372.9997202136548,8959.283653408056,190.89577888451814,442.74238253393617,2.046503245147612,73.99009411493635
open_2017_05_08_close_2017_05_08_flight_Fixed Wing_N550ND_before_3_189762.csv,164,4100,4129,0,1924.6082602634906,"E1 FFlow, E1 EGT1, E1 RPM",30,30,30,30,30,0,27,53.874548524875294,372.9997202136548,9121.38149150691,190.89577888451814,442.74238253393617,2.046503245147612,74.01656506978797
open_2017_05_08_close_2017_05_08_flight_Fixed Wing_N550ND_before_3_189762.csv,165,4125,4154,0,1959.264534932747,"E1 FFlow, E1 EGT1, E1 RPM",30,30,30,30,30,0,27,53.84176417954674,372.9997202136548,9288.237929743858,190.89577888451814,442.74238253393617,2.046503245147612,74.01899021994934
open_2017_05_08_close_2017_05_08_flight_Fixed Wing_N550ND_before_3_189762.csv,166,4150,4179,0,1966.2967087921506,"E1 FFlow, E1 EGT1, E1 RPM",30,30,30,30,30,0,27,53.8231417218002,372.9997202136548,9322.149078150995,190.89577888451814,442.74238253393617,2.046503245147612,74.03433533626314
open_2017_05_08_close_2017_05_08_flight_Fixed Wing_N550ND_before_3_189762.csv,167,4175,4204,0,1928.730451800798,"E1 FFlow, E1 EGT1, E1 RPM",30,30,30,30,30,0,28,53.881190106636005,372.9997202136548,9146.162617239339,190.89577888451814,442.74238253393617,2.046503245147612,74.02180271176971
open_2017_05_08_close_2017_05_08_flight_Fixed Wing_N550ND_before_3_189762.csv,168,4200,4229,0,1860.670485918038,"E1 FFlow, E1 EGT1, E1 RPM",30,30,30,30,30,0,28,53.88571267160706,372.9997202136548,8820.54349346165,190.89577888451814,442.74238253393617,2.046503245147612,74.0025582019536
open_2017_05_08_close_2017_05_08_flight_Fixed Wing_N550ND_before_3_189762.csv,169,4225,4254,0,1921.8451267188846,"E1 FFlow, E1 EGT1, E1 RPM",30,30,30,30,30,0,27,53.86559829940679,372.9997202136548,9108.855013040671,190.89577888451814,442.74238253393617,2.046503245147612,74.05638356166465
open_2017_05_08_close_2017_05_08_flight_Fixed Wing_N550ND_before_3_189762.csv,170,4250,4279,0,1937.3036949575558,"E1 FFlow, E1 EGT1, E1 RPM",30,30,30,30,30,0,29,53.863102943824416,372.9997202136548,9184.554127784942,190.89577888451814,442.74238253393617,2.046503245147612,74.0098235130617
open_2017_05_08_close_2017_05_08_flight_Fixed Wing_N550ND_before_3_189762.csv,171,4275,4304,0,1905.5413713963114,"E1 FFlow, E1 EGT1, E1 RPM",30,30,30,30,30,0,29,53.887927589165926,372.9997202136548,9035.320886104313,190.89577888451814,442.74238253393617,2.046503245147612,73.99946574620856
open_2017_05_08_close_2017_05_08_flight_Fixed Wing_N550ND_before_3_189762.csv,172,4300,4329,0,1889.4301982544962,"E1 FFlow, E1 EGT1, E1 RPM",30,30,30,30,30,0,27,53.89066248213993,372.9997202136548,8956.369018170119,190.89577888451814,442.74238253393617,2.046503245147612,74.0011514991491
open_2017_05_08_close_2017_05_08_flight_Fixed Wing_N550ND_before_3_189762.csv,173,4325,4354,0,1921.884322301935,"E1 FFlow, E1 EGT1, E1 RPM",30,30,30,30,30,0,28,53.877472641135235,372.9997202136548,9109.598834989212,190.89577888451814,442.74238253393617,2.046503245147612,74.01126878986517
open_2017_05_08_close_2017_05_08_flight_Fixed Wing_N550ND_before_3_189762.csv,174,4350,4379,0,1934.4153660945105,"E1 FFlow, E1 EGT1, E1 RPM",30,30,30,30,30,0,28,53.86679820456089,372.9997202136548,9170.772094684327,190.89577888451814,442.74238253393617,2.046503245147612,74.00924913278476
open_2017_05_08_close_2017_05_08_flight_Fixed Wing_N550ND_before_3_189762.csv,175,4375,4404,0,1918.6492440628722,"E1 FFlow, E1 EGT1, E1 RPM",30,30,30,30,30,0,29,53.88143537223637,372.9997202136548,9096.801892172622,190.89577888451814,442.74238253393617,2.046503245147612,74.0332809111987
open_2017_05_08_close_2017_05_08_flight_Fixed Wing_N550ND_before_3_189762.csv,176,4400,4429,0,1930.2981586115704,"E1 FFlow, E1 EGT1, E1 RPM",30,30,30,30,30,0,29,53.85757231493821,372.9997202136548,9149.646151618814,190.89577888451814,442.74238253393617,2.046503245147612,73.99563748293578
open_2017_05_08_close_2017_05_08_flight_Fixed Wing_N550ND_before_3_189762.csv,177,4425,4454,0,1922.165949752035,"E1 FFlow, E1 EGT1, E1 RPM",30,30,30,30,30,0,26,53.882933221674286,372.9997202136548,9113.942948361291,190.89577888451814,442.74238253393617,2.046503245147612,74.00123342874222
open_2017_05_08_close_2017_05_08_flight_Fixed Wing_N550ND_before_3_189762.csv,178,4450,4479,0,1919.7971718458766,"E1 FFlow, E1 EGT1, E1 RPM",30,30,30,30,30,0,27,53.87260240700018,372.9997202136548,9099.911926263161,190.89577888451814,442.74238253393617,2.046503245147612,74.00008711042739
open_2017_05_08_close_2017_05_08_flight_Fixed Wing_N550ND_before_3_189762.csv,179,4475,4504,0,1945.0083360663764,"E1 FFlow, E1 EGT1, E1 RPM",30,30,30,30,30,0,26,53.85176317506939,372.9997202136548,9219.728842005323,190.89577888451814,442.74238253393617,2.046503245147612,74.00533509516183
open_2017_05_08_close_2017_05_08_flight_Fixed Wing_N550ND_before_3_189762.csv,180,4500,4529,0,1960.667809787277,"E1 FFlow, E1 EGT1, E1 RPM",30,30,30,30,30,0,28,53.854184428491344,372.9997202136548,9295.561524390834,190.89577888451814,442.74238253393617,2.046503245147612,74.01211888280251
open_2017_05_08_close_2017_05_08_flight_Fixed Wing_N550ND_before_3_189762.csv,181,4525,4554,0,1952.1255705761193,"E1 FFlow, E1 EGT1, E1 RPM",30,30,30,30,30,0,29,53.860502069810856,372.9997202136548,9255.419661238604,190.89577888451814,442.74238253393617,2.046503245147612,73.992552173284
open_2017_05_08_close_2017_05_08_flight_Fixed Wing_N550ND_before_3_189762.csv,182,4550,4579,0,1953.8377082749776,"E1 FFlow, E1 EGT1, E1 RPM",30,30,30,30,30,0,26,53.87657837279651,372.9997202136548,9262.409141457063,190.89577888451814,442.74238253393617,2.046503245147612,74.03238257256379
open_2017_05_08_close_2017_05_08_flight_Fixed Wing_N550ND_before_3_189762.csv,183,4575,4604,0,1960.869041074649,"E1 FFlow, E1 EGT1, E1 RPM",30,30,30,30,30,0,28,53.8362931671088,372.9997202136548,9296.589346283461,190.89577888451814,442.74238253393617,2.046503245147612,74.02003782416092
open_2017_05_08_close_2017_05_08_flight_Fixed Wing_N550ND_before_3_189762.csv,184,4600,4629,0,1945.5338402073733,"E1 FFlow, E1 EGT1, E1 RPM",30,30,30,30,30,0,28,53.86103925342087,372.9997202136548,9223.703504988382,190.89577888451814,442.74238253393617,2.046503245147612,74.00718047432554
open_2017_05_08_close_2017_05_08_flight_Fixed Wing_N550ND_before_3_189762.csv,185,4625,4654,0,1954.1930984706544,"E1 FFlow, E1 EGT1, E1 RPM",30,30,30,30,30,0,28,53.84287509987756,372.9997202136548,9264.471448815068,190.89577888451814,442.74238253393617,2.046503245147612,73.99940859258605
open_2017_05_08_close_2017_05_08_flight_Fixed Wing_N550ND_before_3_189762.csv,186,4650,4679,0,1954.792702246136,"E1 FFlow, E1 EGT1, E1 RPM",30,30,30,30,30,0,28,53.86154116409502,372.9997202136548,9267.333286566281,190.89577888451814,442.74238253393617,2.046503245147612,74.02671348921848
open_2017_05_08_close_2017_05_08_flight_Fixed Wing_N550ND_before_3_189762.csv,187,4675,4704,0,1960.640912329057,"E1 FFlow, E1 EGT1, E1 RPM",30,30,30,30,30,0,29,53.8246656587167,372.9997202136548,9295.44336482546,190.89577888451814,442.74238253393617,2.4735510791946997,74.01759991851395
open_2017_05_08_close_2017_05_08_flight_Fixed Wing_N550ND_before_3_189762.csv,188,4700,4729,0,1966.6167744533625,"E1 FFlow, E1 EGT1, E1 RPM",30,30,30,30,30,0,28,53.86008546662994,372.9997202136548,9323.46857096471,190.89577888451814,442.74238253393617,2.871351054001321,74.01209412068377
open_2017_05_08_close_2017_05_08_flight_Fixed Wing_N550ND_before_3_189762.csv,189,4725,4754,0,1951.528956468537,"E1 FFlow, E1 EGT1, E1 RPM",30,30,30,30,30,0,28,53.694368543954084,371.62528127219394,9253.5974010316,190.89577888451814,442.74238253393617,2.9792121328084598,74.04165545278788
open_2017_05_08_close_2017_05_08_flight_Fixed Wing_N550ND_before_3_189762.csv,190,4750,4779,0,1815.3250973771478,"E1 FFlow, E1 EGT1, E1 RPM",30,30,30,30,30,0,28,53.806995462070496,368.7147759367925,8607.895913527722,190.89577888451814,442.74238253393617,4.408660610734947,74.00724342351742
open_2017_05_08_close_2017_05_08_flight_Fixed Wing_N550ND_before_3_189762.csv,191,4775,4804,0,1693.8990236374248,"E1 FFlow, E1 EGT1, E1 RPM",30,30,30,30,30,0,29,53.909571055560455,368.7147759367925,8031.273821986612,190.89577888451814,442.7499695252692,4.163020581232563,74.02142607300654
open_2017_05_08_close_2017_05_08_flight_Fixed Wing_N550ND_before_3_189762.csv,192,4800,4829,0,1634.4161270018285,"E1 FFlow, E1 EGT1, E1 RPM",30,30,30,30,30,0,29,53.91905371794661,368.7147759367925,7746.7811063945455,190.89577888451814,442.77468237197735,3.0151460227171416,74.02760092752544
open_2017_05_08_close_2017_05_08_flight_Fixed Wing_N550ND_before_3_189762.csv,193,4825,4854,0,1659.3745334973837,"E1 FFlow, E1 EGT1, E1 RPM",30,30,30,30,30,0,29,53.89391889641314,368.7147759367925,7864.381241336056,190.89577888451814,442.77468237197735,3.0162856764135295,73.96992783821794
open_2017_05_08_close_2017_05_08_flight_Fixed Wing_N550ND_before_3_189762.csv,194,4850,4879,0,1843.2527991389845,"E1 FFlow, E1 EGT1, E1 RPM",30,30,30,30,30,0,26,53.859242750902666,368.7147759367925,8713.659788431221,190.89577888451814,442.77468237197735,2.7292938510328155,74.0005817962736
open_2017_05_08_close_2017_05_08_flight_Fixed Wing_N550ND_before_3_189762.csv,195,4875,4904,0,1985.4034510785186,"E1 FFlow, E1 EGT1, E1 RPM",30,30,30,30,30,0,27,53.857708824252406,368.7147759367925,9410.448729334483,190.89577888451814,442.77468237197735,3.6750893726061107,73.98680321786674
open_2017_05_08_close_2017_05_08_flight_Fixed Wing_N550ND_before_3_189762.csv,196,4900,4929,0,1983.0744361969498,"E1 FFlow, E1 EGT1, E1 RPM",30,30,30,30,30,0,27,53.826221360254884,368.7147759367925,9403.475870887192,190.89577888451814,442.77468237197735,3.6903324922907497,74.03021787290113
open_2017_05_08_close_2017_05_08_flight_Fixed Wing_N550ND_before_3_189762.csv,197,4925,4954,0,1931.7090756840446,"E1 FFlow, E1 EGT1, E1 RPM",30,30,30,30,30,0,29,53.825564340321414,368.7147759367925,9159.780615789023,190.89577888451814,442.77468237197735,4.129135836368346,74.00355030408078
open_2017_05_08_close_2017_05_08_flight_Fixed Wing_N550ND_before_3_189762.csv,198,4950,4979,0,1901.6492580093443,"E1 FFlow, E1 EGT1, E1 RPM",30,30,30,30,30,0,26,53.86787911748601,368.7147759367925,9014.935589745619,190.89577888451814,442.77468237197735,3.982702610108499,74.02852493409621
open_2017_05_08_close_2017_05_08_flight_Fixed Wing_N550ND_before_3_189762.csv,199,4975,5004,0,1921.3577097833331,"E1 FFlow, E1 EGT1, E1 RPM",30,30,30,30,30,0,29,53.84717294799893,368.7147759367925,9108.382421849172,190.89577888451814,442.77468237197735,3.715271065343236,74.01502492047877
open_2017_05_08_close_2017_05_08_flight_Fixed Wing_N550ND_before_3_189762.csv,200,5000,5029,0,1930.4103022788265,"E1 FFlow, E1 EGT1, E1 RPM",30,30,30,30,30,0,30,53.844187281015174,368.7147759367925,9151.722822943371,190.89577888451814,442.77468237197735,3.542664211457587,74.01497656142688
open_2017_05_08_close_2017_05_08_flight_Fixed Wing_N550ND_before_3_189762.csv,201,5025,5054,0,1944.0106437025033,"E1 FFlow, E1 EGT1, E1 RPM",30,30,30,30,30,0,27,53.848609486304206,368.7147759367925,9215.041128584813,190.89577888451814,442.77468237197735,4.072881053864822,74.00789862572402
open_2017_05_08_close_2017_05_08_flight_Fixed Wing_N550ND_before_3_189762.csv,202,5050,5079,0,1951.3379538322854,"E1 FFlow, E1 EGT1, E1 RPM",30,30,30,30,30,0,30,53.86157243302378,368.7147759367925,9251.70797550836,190.89577888451814,442.77929456745255,3.4388181246991762,74.00822180973138
open_2017_05_08_close_2017_05_08_flight_Fixed Wing_N550ND_before_3_189762.csv,203,5075,5104,0,1939.3129470289714,"E1 FFlow, E1 EGT1, E1 RPM",30,30,30,30,30,0,29,53.881274537588126,368.7147759367925,9194.252957931825,190.89577888451814,442.80600168301856,3.4844294031749463,73.99589165332802
open_2017_05_08_close_2017_05_08_flight_Fixed Wing_N550ND_before_3_189762.csv,204,5100,5129,0,1935.187412621002,"E1 FFlow, E1 EGT1, E1 RPM",30,30,30,30,30,0,27,53.844967054975974,368.7147759367925,9174.60070181228,190.89577888451814,442.80698221001865,4.259844452762994,74.00236903546521
open_2017_05_08_close_2017_05_08_flight_Fixed Wing_N550ND_before_3_189762.csv,205,5125,5154,0,1935.1182432554403,"E1 FFlow, E1 EGT1, E1 RPM",30,30,30,30,30,0,28,53.86783645940469,368.7147759367925,9174.793260154951,190.89577888451814,442.80698221001865,3.561444421839908,74.01430449981348
open_2017_05_08_close_2017_05_08_flight_Fixed Wing_N550ND_before_3_189762.csv,206,5150,5179,0,1929.5732295875994,"E1 FFlow, E1 EGT1, E1 RPM",30,30,30,30,30,0,29,53.8504650999059,368.7147759367925,9146.588171209505,190.89577888451814,442.80698221001865,4.3409043060122885,74.02412974155806
open_2017_05_08_close_2017_05_08_flight_Fixed Wing_N550ND_before_3_189762.csv,207,5175,5204,0,1953.4931700321226,"E1 FFlow, E1 EGT1, E1 RPM",30,30,30,30,30,0,29,53.85130347089506,368.7147759367925,9261.154087742478,190.89577888451814,442.80698221001865,4.128670574791852,73.99746357478631
open_2017_05_08_close_2017_05_08_flight_Fixed Wing_N550ND_before_3_189762.csv,208,5200,5229,0,1957.89872590678,"E1 FFlow, E1 EGT1, E1 RPM",30,30,30,30,30,0,27,53.85902348102806,368.7147759367925,9282.02321595706,190.89577888451814,442.80698221001865,2.445257211046871,73.95963689047456
open_2017_05_08_close_2017_05_08_flight_Fixed Wing_N550ND_before_3_189762.csv,209,5225,5254,0,1965.04734175925,"E1 FFlow, E1 EGT1, E1 RPM",30,30,30,30,30,0,27,53.84645317476344,368.7147759367925,9316.044167188362,190.89577888451814,442.80698221001865,3.9985606799826683,73.99912838206737
open_2017_05_08_close_2017_05_08_flight_Fixed Wing_N550ND_before_3_189762.csv,210,5250,5279,0,1933.3264592531623,"E1 FFlow, E1 EGT1, E1 RPM",30,30,30,30,30,0,27,53.85107241364328,368.7147759367925,9167.570659383833,190.89577888451814,442.80698221001865,3.8023636243151806,74.00622317135982
open_2017_05_08_close_2017_05_08_flight_Fixed Wing_N550ND_before_3_189762.csv,211,5275,5304,0,1913.0783421298838,"E1 FFlow, E1 EGT1, E1 RPM",30,30,30,30,30,0,27,53.84938179298059,368.7147759367925,9068.620913100398,190.89577888451814,442.80698221001865,4.745264660953709,73.9894003404344
open_2017_05_08_close_2017_05_08_flight_Fixed Wing_N550ND_before_3_189762.csv,212,5300,5329,0,1931.434342025473,"E1 FFlow, E1 EGT1, E1 RPM",30,30,30,30,30,0,29,53.875943358153435,368.7147759367925,9155.25611472828,190.89577888451814,442.80698221001865,4.705272424270832,74.00744235643734
open_2017_05_08_close_2017_05_08_flight_Fixed Wing_N550ND_before_3_189762.csv,213,5325,5354,0,1902.3433919433987,"E1 FFlow, E1 EGT1, E1 RPM",30,30,30,30,30,0,28,53.88880761908207,368.7147759367925,9021.025938818513,190.89577888451814,442.80698221001865,6.3546161942475745,74.00913514443178
open_2017_05_08_close_2017_05_08_flight_Fixed Wing_N550ND_before_3_189762.csv,214,5350,5379,0,1834.2254230200779,"E1 FFlow, E1 EGT1, E1 RPM",30,30,30,30,30,0,29,53.87568046440935,368.7147759367925,8697.002859264434,190.89577888451814,442.83121768835497,5.428470796400264,74.00209717147925
open_2017_05_08_close_2017_05_08_flight_Fixed Wing_N550ND_before_3_189762.csv,215,5375,5404,0,1859.3032461886626,"E1 FFlow, E1 EGT1, E1 RPM",30,30,30,30,30,0,27,53.84532467069605,368.7147759367925,8805.633378059554,190.89577888451814,442.8392820480598,3.4357420461070123,74.00390139420229
open_2017_05_08_close_2017_05_08_flight_Fixed Wing_N550ND_before_3_189762.csv,216,5400,5429,0,1936.6959580279995,"E1 FFlow, E1 EGT1, E1 RPM",30,30,30,30,30,0,27,53.85331157929772,368.7147759367925,9180.799284127379,190.89577888451814,442.8392820480598,4.2818402951640095,74.03241441617222
open_2017_05_08_close_2017_05_08_flight_Fixed Wing_N550ND_before_3_189762.csv,217,5425,5454,0,1932.7979491603116,"E1 FFlow, E1 EGT1, E1 RPM",30,30,30,30,30,0,28,53.87571958042099,367.4943976677388,9164.628097400373,190.89577888451814,442.8392820480598,3.348929673899397,74.01009349577708
open_2017_05_08_close_2017_05_08_flight_Fixed Wing_N550ND_before_3_189762.csv,218,5450,5479,0,1898.3732427028615,"E1 FFlow, E1 EGT1, E1 RPM",30,30,30,30,30,0,28,53.53058322593031,331.71010649013715,8999.167847370803,190.89577888451814,442.8392820480598,4.7109797583085244,73.99202352839069
open_2017_05_08_close_2017_05_08_flight_Fixed Wing_N550ND_before_3_189762.csv,219,5475,5504,0,1921.644496226403,"E1 FFlow, E1 EGT1, E1 RPM",30,30,30,30,30,0,27,53.65510250833565,324.899273003931,9109.326232730402,190.89577888451814,442.8392820480598,5.0685316862956,73.99742578912426
open_2017_05_08_close_2017_05_08_flight_Fixed Wing_N550ND_before_3_189762.csv,220,5500,5529,0,1926.3490804172823,"E1 FFlow, E1 EGT1, E1 RPM",30,30,30,30,30,0,27,53.91169003206349,324.899273003931,9132.89987382419,190.89577888451814,442.8392820480598,7.165798916136698,73.99204575115995
open_2017_05_08_close_2017_05_08_flight_Fixed Wing_N550ND_before_3_189762.csv,221,5525,5554,0,1948.8365222271946,"E1 FFlow, E1 EGT1, E1 RPM",30,30,30,30,30,0,27,53.80172981983126,324.899273003931,9238.745323366651,190.89577888451814,442.8392820480598,4.727594524959505,74.0117260402138
open_2017_05_08_close_2017_05_08_flight_Fixed Wing_N550ND_before_3_189762.csv,222,5550,5579,0,1922.223468209608,"E1 FFlow, E1 EGT1, E1 RPM",30,30,30,30,30,0,27,53.45817086143759,324.899273003931,9114.437509527139,190.89577888451814,442.8392820480598,5.901576720330923,73.97696219733001
open_2017_05_08_close_2017_05_08_flight_Fixed Wing_N550ND_before_3_189762.csv,223,5575,5604,0,1926.725823659699,"E1 FFlow, E1 EGT1, E1 RPM",30,30,30,30,30,0,28,53.452180726157295,324.899273003931,9133.093760266327,190.89577888451814,442.8392820480598,3.8608819004978696,73.97426865721276
open_2017_05_08_close_2017_05_08_flight_Fixed Wing_N550ND_before_3_189762.csv,224,5600,5629,0,1933.2723872173608,"E1 FFlow, E1 EGT1, E1 RPM",30,30,30,30,30,0,26,53.662484459058746,324.899273003931,9165.58411336141,190.89577888451814,442.8392820480598,6.379031595490529,74.00751402412637
open_2017_05_08_close_2017_05_08_flight_Fixed Wing_N550ND_before_3_189762.csv,225,5625,5654,0,1926.1868909932844,"E1 FFlow, E1 EGT1, E1 RPM",30,30,30,30,30,0,29,53.848760562003186,324.899273003931,9131.998628574529,190.89577888451814,442.8392820480598,6.831486227360969,73.99881763863246
open_2017_05_08_close_2017_05_08_flight_Fixed Wing_N550ND_before_3_189762.csv,226,5650,5679,0,1926.9669930586097,"E1 FFlow, E1 EGT1, E1 RPM",30,30,30,30,30,0,29,53.84125195723163,324.899273003931,9136.119205250647,190.89577888451814,442.8392820480598,5.161061145185389,73.98884006862335
open_2017_05_08_close_2017_05_08_flight_Fixed Wing_N550ND_before_3_189762.csv,227,5675,5704,0,1895.8350560359402,"E1 FFlow, E1 EGT1, E1 RPM",30,30,30,30,30,0,28,53.84466419599697,324.899273003931,8989.332107591497,190.89577888451814,442.8392820480598,8.715029667375738,74.00829693673262
open_2017_05_08_close_2017_05_08_flight_Fixed Wing_N550ND_before_3_189762.csv,228,5700,5729,0,1894.764092794593,"E1 FFlow, E1 EGT1, E1 RPM",30,30,30,30,30,0,28,53.846015576958,324.899273003931,8979.021115296802,190.89577888451814,442.8392820480598,5.593349564068763,74.01706954297826
open_2017_05_08_close_2017_05_08_flight_Fixed Wing_N550ND_before_3_189762.csv,229,5725,5754,0,1859.1974074261277,"E1 FFlow, E1 EGT1, E1 RPM",30,30,30,30,30,0,27,53.88738305406959,324.899273003931,8816.484412913445,190.89577888451814,442.8392820480598,5.151584762358524,73.9816925628601
open_2017_05_08_close_2017_05_08_flight_Fixed Wing_N550ND_before_3_189762.csv,230,5750,5779,0,1664.690562689889,"E1 FFlow, E1 EGT1, E1 RPM",30,30,30,30,30,0,28,53.91438045273141,324.899273003931,7864.367534960431,190.89577888451814,442.8392820480598,6.248712084458906,73.99938997483945
open_2017_05_08_close_2017_05_08_flight_Fixed Wing_N550ND_before_3_189762.csv,231,5775,5804,0,1828.9151849619475,"E1 FFlow, E1 EGT1, E1 RPM",30,30,30,30,30,0,28,53.86721509915732,324.899273003931,8661.549718956692,190.89577888451814,442.8392820480598,4.713833482217377,73.96221767626129
open_2017_05_08_close_2017_05_08_flight_Fixed Wing_N550ND_before_3_189762.csv,232,5800,5829,0,1909.086964075453,"E1 FFlow, E1 EGT1, E1 RPM",30,30,30,30,30,0,27,53.87458590482111,324.899273003931,9049.407449364438,190.89577888451814,442.8191462607108,5.8364019745363285,74.00948245391128
open_2017_05_08_close_2017_05_08_flight_Fixed Wing_N550ND_before_3_189762.csv,233,5825,5854,0,1909.5146049558477,"E1 FFlow, E1 EGT1, E1 RPM",30,30,30,30,30,0,30,53.8289058036913,324.899273003931,9052.797110643056,190.89577888451814,442.80698221001865,8.793188014045812,74.01210472552562
open_2017_05_08_close_2017_05_08_flight_Fixed Wing_N550ND_before_3_189762.csv,234,5850,5879,0,1900.289956404133,"E1 FFlow, E1 EGT1, E1 RPM",30,30,30,30,30,0,27,53.85504283438955,324.899273003931,9009.772807559257,190.89577888451814,442.80698221001865,5.79095840703051,74.01228645560398
open_2017_05_08_close_2017_05_08_flight_Fixed Wing_N550ND_before_3_189762.csv,235,5875,5904,0,1824.450645398756,"E1 FFlow, E1 EGT1, E1 RPM",30,30,30,30,30,0,27,53.87244502290591,324.899273003931,8650.905362786576,190.89577888451814,442.7965665288194,3.7937449007160553,74.0203675138243
open_2017_05_08_close_2017_05_08_flight_Fixed Wing_N550ND_before_3_189762.csv,236,5900,5929,0,1785.2849513637698,"E1 FFlow, E1 EGT1, E1 RPM",30,30,30,30,30,0,29,53.89914895947024,324.899273003931,8464.11437980756,190.89577888451814,442.77468237197735,6.617058314782102,74.03846800187894
open_2017_05_08_close_2017_05_08_flight_Fixed Wing_N550ND_before_3_189762.csv,237,5925,5954,0,1762.2686237116027,"E1 FFlow, E1 EGT1, E1 RPM",30,30,30,30,30,0,30,53.83744549773912,324.899273003931,8353.883149109235,190.89577888451814,442.77468237197735,4.269370306427517,74.00175504259634
open_2017_05_08_close_2017_05_08_flight_Fixed Wing_N550ND_before_3_189762.csv,238,5950,5979,0,1771.8794133707715,"E1 FFlow, E1 EGT1, E1 RPM",30,30,30,30,30,0,28,53.97097250917872,324.899273003931,8398.854802251488,190.89577888451814,442.77468237197735,3.634341825501607,74.0280467194928
open_2017_05_08_close_2017_05_08_flight_Fixed Wing_N550ND_before_3_189762.csv,239,5975,6004,0,1779.402197733012,"E1 FFlow, E1 EGT1, E1 RPM",30,30,30,30,30,0,29,53.87994332580109,324.899273003931,8435.045705481756,190.89577888451814,442.77468237197735,4.42808925319421,74.0247244764847
open_2017_05_08_close_2017_05_08_flight_Fixed Wing_N550ND_before_3_189762.csv,240,6000,6029,0,1776.3762036928063,"E1 FFlow, E1 EGT1, E1 RPM",30,30,30,30,30,0,28,53.825314030335086,324.899273003931,8420.887885757036,190.89577888451814,442.77468237197735,3.8773739460772974,74.03529071340276
open_2017_05_08_close_2017_05_08_flight_Fixed Wing_N550ND_before_3_189762.csv,241,6025,6054,0,1771.164650151891,"E1 FFlow, E1 EGT1, E1 RPM",30,30,30,30,30,0,28,53.82809077009875,324.899273003931,8396.33001250914,190.89577888451814,442.77468237197735,6.062893428010522,74.03930213085785
open_2017_05_08_close_2017_05_08_flight_Fixed Wing_N550ND_before_3_189762.csv,242,6050,6079,0,1824.5506833778984,"E1 FFlow, E1 EGT1, E1 RPM",30,30,30,30,30,0,29,53.85138028907233,324.899273003931,8643.508701309262,190.89577888451814,442.77468237197735,3.4630244564439785,74.0194889396422
open_2017_05_08_close_2017_05_08_flight_Fixed Wing_N550ND_before_3_189762.csv,243,6075,6104,0,1961.4093269195507,"E1 FFlow, E1 EGT1, E1 RPM",30,30,30,30,30,0,28,53.83987096078891,324.899273003931,9290.574065073111,190.89577888451814,442.77468237197735,2.046503245147612,74.00972999337084
open_2017_05_08_close_2017_05_08_flight_Fixed Wing_N550ND_before_3_189762.csv,244,6100,6129,0,1964.5553913943897,"E1 FFlow, E1 EGT1, E1 RPM",30,30,30,30,30,0,29,53.85483858664356,324.899273003931,9315.892128030311,190.89577888451814,442.76426669077813,2.046503245147612,74.00288064262418
open_2017_05_08_close_2017_05_08_flight_Fixed Wing_N550ND_before_3_189762.csv,245,6125,6154,0,1949.9832891957128,"E1 FFlow, E1 EGT1, E1 RPM",30,30,30,30,30,0,28,53.810809115111894,324.899273003931,9244.91289582249,190.89577888451814,442.74238253393617,2.046503245147612,74.00656642786116
open_2017_05_08_close_2017_05_08_flight_Fixed Wing_N550ND_before_3_189762.csv,246,6150,6179,0,1948.300354252058,"E1 FFlow, E1 EGT1, E1 RPM",30,30,30,30,30,0,27,53.77547086665196,321.3383032870195,9237.04272325156,188.80904619203662,442.74238253393617,3.108395049762388,74.02026101463757
open_2017_05_08_close_2017_05_08_flight_Fixed Wing_N550ND_before_3_189762.csv,247,6175,6204,0,1949.7392306589913,"E1 FFlow, E1 EGT1, E1 RPM",30,30,30,30,30,0,28,53.909217490889525,318.02778054539897,9243.814397216714,187.5299627455766,442.74238253393617,2.7828812538256593,73.98313240985192
open_2017_05_08_close_2017_05_08_flight_Fixed Wing_N550ND_before_3_189762.csv,248,6200,6229,0,1943.6540210432547,"E1 FFlow, E1 EGT1, E1 RPM",30,30,30,30,30,0,27,53.87435261060457,318.02778054539897,9215.195126924995,187.5299627455766,442.74238253393617,2.046503245147612,74.02690449049106
open_2017_05_08_close_2017_05_08_flight_Fixed Wing_N550ND_before_3_189762.csv,249,6225,6254,0,1932.553947298703,"E1 FFlow, E1 EGT1, E1 RPM",30,30,30,30,30,0,30,53.82615784906193,318.02778054539897,9162.863789103158,187.5299627455766,442.74238253393617,2.046503245147612,74.00397146872791
open_2017_05_08_close_2017_05_08_flight_Fixed Wing_N550ND_before_3_189762.csv,250,6250,6279,0,1924.721766132445,"E1 FFlow, E1 EGT1, E1 RPM",30,30,30,30,30,0,28,53.86169601739022,318.02778054539897,9125.193667218953,187.5299627455766,442.74238253393617,2.046503245147612,73.99202535376348
open_2017_05_08_close_2017_05_08_flight_Fixed Wing_N550ND_before_3_189762.csv,251,6275,6304,0,1919.3876050429872,"E1 FFlow, E1 EGT1, E1 RPM",30,30,30,30,30,0,29,53.891507358086,318.02778054539897,9099.44811428863,187.5299627455766,442.7408337603611,2.046503245147612,74.02828307217295
open_2017_05_08_close_2017_05_08_flight_Fixed Wing_N550ND_before_3_189762.csv,252,6300,6329,0,1924.2314501395947,"E1 FFlow, E1 EGT1, E1 RPM",30,30,30,30,30,0,30,53.86236204164316,318.02778054539897,9122.604485152395,187.5299627455766,442.71227581294943,2.046503245147612,74.05976030299541
open_2017_05_08_close_2017_05_08_flight_Fixed Wing_N550ND_before_3_189762.csv,253,6325,6354,0,1925.8629885533371,"E1 FFlow, E1 EGT1, E1 RPM",30,30,30,30,30,0,30,53.850140919628025,318.02778054539897,9130.540625000665,187.5299627455766,442.7100826958951,2.046503245147612,74.00877971151267
open_2017_05_08_close_2017_05_08_flight_Fixed Wing_N550ND_before_3_189762.csv,254,6350,6379,0,1926.128322775852,"E1 FFlow, E1 EGT1, E1 RPM",30,30,30,30,30,0,27,53.89301967547126,318.02778054539897,9131.75433920928,187.5299627455766,442.7100826958951,2.046503245147612,74.0324158140453
open_2017_05_08_close_2017_05_08_flight_Fixed Wing_N550ND_before_3_189762.csv,255,6375,6404,0,1927.4086100179902,"E1 FFlow, E1 EGT1, E1 RPM",30,30,30,30,30,0,29,53.87323495554333,318.02778054539897,9137.550419723617,187.5299627455766,442.7100826958951,2.046503245147612,74.04972888812623
open_2017_05_08_close_2017_05_08_flight_Fixed Wing_N550ND_before_3_189762.csv,256,6400,6429,0,1940.3350749165481,"E1 FFlow, E1 EGT1, E1 RPM",30,30,30,30,30,0,30,53.896764710999,318.02778054539897,9198.400951441623,187.5299627455766,442.7100826958951,2.046503245147612,73.9823233610767
open_2017_05_08_close_2017_05_08_flight_Fixed Wing_N550ND_before_3_189762.csv,257,6425,6454,0,1889.5387368613592,"E1 FFlow, E1 EGT1, E1 RPM",30,30,30,30,30,0,28,53.85618580777735,318.02778054539897,8960.537340001787,187.5299627455766,442.7100826958951,2.046503245147612,74.03574331080775
open_2017_05_08_close_2017_05_08_flight_Fixed Wing_N550ND_before_3_189762.csv,258,6450,6479,0,1787.0822444627217,"E1 FFlow, E1 EGT1, E1 RPM",30,30,30,30,30,0,28,53.89422080358698,318.02778054539897,8472.291914756332,187.5299627455766,442.7024957045621,2.046503245147612,73.97888987618711
open_2017_05_08_close_2017_05_08_flight_Fixed Wing_N550ND_before_3_189762.csv,259,6475,6504,0,1823.652538020943,"E1 FFlow, E1 EGT1, E1 RPM",30,30,30,30,30,0,26,54.03628135223494,318.02778054539897,8641.769107192436,187.5299627455766,442.6777828578539,2.046503245147612,73.98321448026134
open_2017_05_08_close_2017_05_08_flight_Fixed Wing_N550ND_before_3_189762.csv,260,6500,6529,0,1900.115609043074,"E1 FFlow, E1 EGT1, E1 RPM",30,30,30,30,30,0,27,53.918745261152274,318.3957591885152,9005.669164733165,187.5299627455766,442.6777828578539,2.046503245147612,74.00889243964875
open_2017_05_08_close_2017_05_08_flight_Fixed Wing_N550ND_before_3_189762.csv,261,6525,6554,0,1925.2844758576314,"E1 FFlow, E1 EGT1, E1 RPM",30,30,30,30,30,0,27,53.81243055791198,319.9754824894274,9127.140376052255,187.5299627455766,442.6777828578539,2.046503245147612,74.01859563834188
open_2017_05_08_close_2017_05_08_flight_Fixed Wing_N550ND_before_3_189762.csv,262,6550,6579,0,1900.3152710920535,"E1 FFlow, E1 EGT1, E1 RPM",30,30,30,30,30,0,27,53.72036899774049,319.9754824894274,9011.14069637907,187.5299627455766,442.6777828578539,2.046503245147612,74.02175021472435
open_2017_05_08_close_2017_05_08_flight_Fixed Wing_N550ND_before_3_189762.csv,263,6575,6604,0,1829.1386145085694,"E1 FFlow, E1 EGT1, E1 RPM",30,30,30,30,30,0,28,53.89447992132767,319.9754824894274,8670.648298780407,187.5299627455766,442.6777828578539,2.046503245147612,73.98906944132337
open_2017_05_08_close_2017_05_08_flight_Fixed Wing_N550ND_before_3_189762.csv,264,6600,6629,0,1870.6183750343705,"E1 FFlow, E1 EGT1, E1 RPM",30,30,30,30,30,0,27,53.85502715915694,319.9754824894274,8867.772618941632,187.5299627455766,442.6777828578539,2.046503245147612,73.99040166156902
open_2017_05_08_close_2017_05_08_flight_Fixed Wing_N550ND_before_3_189762.csv,265,6625,6654,0,1847.5352287187304,"E1 FFlow, E1 EGT1, E1 RPM",30,30,30,30,30,0,27,53.7964910316834,319.9754824894274,8759.78782560956,187.5299627455766,442.6777828578539,2.046503245147612,73.99204518830904
open_2017_05_08_close_2017_05_08_flight_Fixed Wing_N550ND_before_3_189762.csv,266,6650,6679,0,1794.0471396759729,"E1 FFlow, E1 EGT1, E1 RPM",30,30,30,30,30,0,26,53.67192752500384,319.9754824894274,8504.253346014086,187.5299627455766,442.66877092319476,2.046503245147612,73.97035010369714
open_2017_05_08_close_2017_05_08_flight_Fixed Wing_N550ND_before_3_189762.csv,267,6675,6704,0,1835.182224637619,"E1 FFlow, E1 EGT1, E1 RPM",30,30,30,30,30,0,27,53.971560765049325,319.9754824894274,8699.771181471817,187.5299627455766,442.64548301981273,2.046503245147612,73.98971913696224
open_2017_05_08_close_2017_05_08_flight_Fixed Wing_N550ND_before_3_189762.csv,268,6700,6729,0,1810.1338092304181,"E1 FFlow, E1 EGT1, E1 RPM",30,30,30,30,30,0,29,53.95106736251024,319.9754824894274,8581.74677384286,187.5299627455766,442.64548301981273,2.046503245147612,74.01418894533909
open_2017_05_08_close_2017_05_08_flight_Fixed Wing_N550ND_before_3_189762.csv,269,6725,6754,0,1796.071746448124,"E1 FFlow, E1 EGT1, E1 RPM",30,30,30,30,30,0,27,53.87316265180301,319.9754824894274,8514.85371865008,187.5299627455766,442.64548301981273,2.046503245147612,74.01022244903044
open_2017_05_08_close_2017_05_08_flight_Fixed Wing_N550ND_before_3_189762.csv,270,6750,6779,0,1820.7644296978895,"E1 FFlow, E1 EGT1, E1 RPM",30,30,30,30,30,0,28,53.43357108816213,319.9754824894274,8627.280579658509,187.5299627455766,442.64548301981273,2.046503245147612,73.98185110355132
open_2017_05_08_close_2017_05_08_flight_Fixed Wing_N550ND_before_3_189762.csv,271,6775,6804,0,1854.7682894710824,"E1 FFlow, E1 EGT1, E1 RPM",30,30,30,30,30,0,27,53.91545444060873,319.9754824894274,8793.320555701428,187.5299627455766,442.64548301981273,2.046503245147612,74.03158331184338
open_2017_05_08_close_2017_05_08_flight_Fixed Wing_N550ND_before_3_189762.csv,272,6800,6829,0,1794.0361660814247,"E1 FFlow, E1 EGT1, E1 RPM",30,30,30,30,30,0,30,53.823244138416165,319.9754824894274,8506.607042125677,187.5299627455766,442.64548301981273,2.046503245147612,74.00220643397438
open_2017_05_08_close_2017_05_08_flight_Fixed Wing_N550ND_before_3_189762.csv,273,6825,6854,0,1760.9587020002011,"E1 FFlow, E1 EGT1, E1 RPM",30,30,30,30,30,0,28,53.84720110443743,319.9754824894274,8348.452891189843,187.5299627455766,442.64548301981273,2.046503245147612,74.01629877047118
open_2017_05_08_close_2017_05_08_flight_Fixed Wing_N550ND_before_3_189762.csv,274,6850,6879,0,1654.1368367212303,"E1 FFlow, E1 EGT1, E1 RPM",30,30,30,30,30,0,29,53.83832991498427,319.9754824894274,7842.439808760646,187.5299627455766,442.64548301981273,2.046503245147612,74.01098028711758
open_2017_05_08_close_2017_05_08_flight_Fixed Wing_N550ND_before_3_189762.csv,275,6875,6904,0,1414.5853979096994,"E1 FFlow, E1 EGT1, E1 RPM",30,30,30,30,30,0,28,53.846129311444436,319.9754824894274,6653.613685888091,187.5299627455766,442.64548301981273,2.046503245147612,74.02169984005094
open_2017_05_08_close_2017_05_08_flight_Fixed Wing_N550ND_before_3_189762.csv,276,6900,6929,0,1670.0536263029967,"E1 FFlow, E1 EGT1, E1 RPM",30,30,30,30,30,0,28,53.856221575698044,319.9754824894274,7891.059529447969,187.5299627455766,442.64548301981273,2.046503245147612,74.0512409120777
open_2017_05_08_close_2017_05_08_flight_Fixed Wing_N550ND_before_3_189762.csv,277,6925,6954,0,1711.2834407663975,"E1 FFlow, E1 EGT1, E1 RPM",30,30,30,30,30,0,29,53.890413430968046,319.9754824894274,8112.238602061606,187.5299627455766,442.64548301981273,2.8270524848174565,74.0103228296212
open_2017_05_08_close_2017_05_08_flight_Fixed Wing_N550ND_before_3_189762.csv,278,6950,6979,0,1726.4499434954005,"E1 FFlow, E1 EGT1, E1 RPM",30,30,30,30,30,0,27,53.86202518736319,319.9754824894274,8180.878104036146,187.5299627455766,442.64548301981273,2.046503245147612,74.01697165672067
open_2017_05_08_close_2017_05_08_flight_Fixed Wing_N550ND_before_3_189762.csv,279,6975,7004,0,1784.556394229954,"E1 FFlow, E1 EGT1, E1 RPM",30,30,30,30,30,0,29,53.82487976342073,319.9754824894274,8457.550109303624,187.5299627455766,442.64548301981273,2.046503245147612,74.01032236035104
open_2017_05_08_close_2017_05_08_flight_Fixed Wing_N550ND_before_3_189762.csv,280,7000,7029,0,1756.7098673846815,"E1 FFlow, E1 EGT1, E1 RPM",30,30,30,30,30,0,29,53.8899526265133,319.9754824894274,8328.881767191357,187.5299627455766,442.64548301981273,2.6432381804914664,74.05514873329251
open_2017_05_08_close_2017_05_08_flight_Fixed Wing_N550ND_before_3_189762.csv,281,7025,7054,0,1429.8202874054266,"E1 FFlow, E1 EGT1, E1 RPM",30,30,30,30,30,0,27,53.89074271892958,319.9754824894274,6699.3447023063845,187.5299627455766,442.64548301981273,2.046503245147612,74.0184477026953
open_2017_05_08_close_2017_05_08_flight_Fixed Wing_N550ND_before_3_189762.csv,282,7050,7079,0,1491.2808717196986,"E1 FFlow, E1 EGT1, E1 RPM",30,30,30,30,30,0,29,53.87351627344299,319.9754824894274,7046.266837229847,187.5299627455766,442.64548301981273,2.046503245147612,74.01820153271704
open_2017_05_08_close_2017_05_08_flight_Fixed Wing_N550ND_before_3_189762.csv,283,7075,7104,0,1547.0736284879586,"E1 FFlow, E1 EGT1, E1 RPM",30,30,30,30,30,0,28,53.89428591675488,319.9754824894274,7332.130406626444,187.5299627455766,442.64548301981273,2.046503245147612,74.01230436487516
open_2017_05_08_close_2017_05_08_flight_Fixed Wing_N550ND_before_3_189762.csv,284,7100,7129,0,1578.5902933559764,"E1 FFlow, E1 EGT1, E1 RPM",30,30,30,30,30,0,29,53.8572836645435,319.9754824894274,7475.327321480804,187.5299627455766,442.64548301981273,2.046503245147612,74.01084026637521
open_2017_05_08_close_2017_05_08_flight_Fixed Wing_N550ND_before_3_189762.csv,285,7125,7154,0,1707.716987438914,"E1 FFlow, E1 EGT1, E1 RPM",30,30,30,30,30,0,30,53.86338430471757,319.9754824894274,8087.030273370578,187.5299627455766,442.64548301981273,2.046503245147612,73.97736199144998
open_2017_05_08_close_2017_05_08_flight_Fixed Wing_N550ND_before_3_189762.csv,286,7150,7179,0,1730.4111286069108,"E1 FFlow, E1 EGT1, E1 RPM",30,30,30,30,30,0,27,53.88594110210342,319.9754824894274,8204.463415990718,187.5299627455766,442.64548301981273,2.046503245147612,73.98988034744674
open_2017_05_08_close_2017_05_08_flight_Fixed Wing_N550ND_before_3_189762.csv,287,7175,7204,0,1316.4954226752598,"E1 FFlow, E1 EGT1, E1 RPM",30,30,30,30,30,0,28,53.877945129785545,319.9754824894274,6139.027220337073,187.5299627455766,442.64548301981273,2.046503245147612,73.97631766757512
open_2017_05_08_close_2017_05_08_flight_Fixed Wing_N550ND_before_3_189762.csv,288,7200,7229,0,1473.8205773839063,"E1 FFlow, E1 EGT1, E1 RPM",30,30,30,30,30,0,26,53.88083690458649,319.9754824894274,6959.42919688311,187.5299627455766,442.64548301981273,2.426395999826414,73.98516333643357
open_2017_05_08_close_2017_05_08_flight_Fixed Wing_N550ND_before_3_189762.csv,289,7225,7254,0,1516.3825493918746,"E1 FFlow, E1 EGT1, E1 RPM",30,30,30,30,30,2,29,53.908696429540214,319.9754824894274,7169.4819046629755,187.5299627455766,442.64548301981273,26.8960444854753,74.01593188759387
open_2017_05_08_close_2017_05_08_flight_Fixed Wing_N550ND_before_3_189762.csv,290,7250,7279,0,906.9626825246484,"E1 FFlow, E1 EGT1, E1 RPM",30,30,30,30,30,3,29,53.90412709301071,319.9754824894274,4175.1399576186495,187.5299627455766,442.64548301981273,35.89773731812671,74.00268974959545
open_2017_05_08_close_2017_05_08_flight_Fixed Wing_N550ND_before_3_189762.csv,291,7275,7304,0,721.7346882493655,"E1 FFlow, E1 EGT1, E1 RPM",30,30,30,30,30,17,29,53.8968775012567,319.9754824894274,3388.570901504807,187.5299627455766,442.64548301981273,124.56884746021507,74.00299402644441
open_2017_05_08_close_2017_05_08_flight_Fixed Wing_N550ND_before_3_189762.csv,292,7300,7329,0,996.7837172139776,"E1 FFlow, E1 EGT1, E1 RPM",30,30,30,30,30,20,26,53.907496110673755,319.9754824894274,4550.571319799393,187.5299627455766,442.64548301981273,48.97673364011638,74.00536734569548
open_2017_05_08_close_2017_05_08_flight_Fixed Wing_N550ND_before_3_189762.csv,293,7325,7354,0,1418.6080301050692,"E1 FFlow, E1 EGT1, E1 RPM",30,30,30,30,30,22,28,53.912085790602546,319.9754824894274,6713.778905261776,187.5299627455766,442.64548301981273,33.06876649416632,74.00536102220734
open_2017_05_08_close_2017_05_08_flight_Fixed Wing_N550ND_before_3_189762.csv,294,7350,7379,0,1471.7600545896646,"E1 FFlow, E1 EGT1, E1 RPM",30,30,30,30,30,3,27,53.902008900730735,319.9754824894274,6974.842529140485,187.5299627455766,442.64548301981273,17.93920071462541,74.0071340251149
open_2017_05_08_close_2017_05_08_flight_Fixed Wing_N550ND_before_3_189762.csv,295,7375,7404,0,1347.8661138285422,"E1 FFlow, E1 EGT1, E1 RPM",30,30,30,30,30,2,28,53.88553800165025,319.9754824894274,6347.232449047643,187.5299627455766,442.64548301981273,15.894538507654547,74.01936433024426
open_2017_05_08_close_2017_05_08_flight_Fixed Wing_N550ND_before_3_189762.csv,296,7400,7429,0,1182.583829514214,"E1 FFlow, E1 EGT1, E1 RPM",30,30,30,30,30,8,28,53.90026881219874,319.9754824894274,5571.546946154241,187.5299627455766,442.64548301981273,38.27105422599606,74.0134717095832
open_2017_05_08_close_2017_05_08_flight_Fixed Wing_N550ND_before_3_189762.csv,297,7425,7454,0,1013.8125121266994,"E1 FFlow, E1 EGT1, E1 RPM",30,30,30,30,30,9,30,53.91378615408518,319.9754824894274,4784.633686515839,187.5299627455766,442.64548301981273,32.831382485084774,74.00953360600732
open_2017_05_08_close_2017_05_08_flight_Fixed Wing_N550ND_before_3_189762.csv,298,7450,7479,0,772.8516045547213,"E1 FFlow, E1 EGT1, E1 RPM",30,30,30,30,30,30,28,53.91189656752368,319.9754824894274,3648.101914032126,187.5299627455766,442.64548301981273,81.63862939728912,74.0054968799499
open_2017_05_08_close_2017_05_08_flight_Fixed Wing_N550ND_before_3_189762.csv,299,7475,7504,0,800.4508931224382,"E1 FFlow, E1 EGT1, E1 RPM",30,30,30,30,30,25,28,53.89754242281176,319.9754824894274,3747.351196244541,187.5299627455766,442.64548301981273,46.85359467026097,74.0082929332054
open_2017_05_08_close_2017_05_08_flight_Fixed Wing_N550ND_before_3_189762.csv,300,7500,7529,0,743.5598987782287,"E1 FFlow, E1 EGT1, E1 RPM",30,30,30,30,30,10,28,53.90810132099334,319.9754824894274,3487.9948078857083,187.5299627455766,442.64548301981273,29.21874195697912,74.00289680096752
open_2017_05_08_close_2017_05_08_flight_Fixed Wing_N550ND_before_3_189762.csv,301,7525,7554,0,600.6682862852065,"E1 FFlow, E1 EGT1, E1 RPM",30,30,30,30,30,0,26,53.909910439720406,319.9754824894274,2831.983356201363,187.5299627455766,442.64548301981273,2.046503245147612,74.00412201603945
open_2017_05_08_close_2017_05_08_flight_Fixed Wing_N550ND_before_3_189762.csv,302,7550,7579,0,743.2813747130396,"E1 FFlow, E1 EGT1, E1 RPM",30,30,30,30,30,2,27,53.903355210580116,319.9754824894274,3363.1183106709973,187.5299627455766,442.64548301981273,9.850270293564368,73.99869072367778
open_2017_05_08_close_2017_05_08_flight_Fixed Wing_N550ND_before_3_189762.csv,303,7575,7604,0,972.3552427183754,"E1 FFlow, E1 EGT1, E1 RPM",30,30,30,30,30,3,27,53.91726033467744,319.9754824894274,4559.822636275965,187.5299627455766,442.64548301981273,14.440651093242357,74.00211799611323
open_2017_05_08_close_2017_05_08_flight_Fixed Wing_N550ND_before_3_189762.csv,304,7600,7629,0,846.5492152636094,"E1 FFlow, E1 EGT1, E1 RPM",30,30,30,30,30,4,28,53.917045530374196,319.9754824894274,3988.0515830571467,187.5299627455766,442.64548301981273,21.13950750603015,74.01746116952711
open_2017_05_08_close_2017_05_08_flight_Fixed Wing_N550ND_before_3_189762.csv,305,7625,7654,0,655.3789790366462,"E1 FFlow, E1 EGT1, E1 RPM",30,30,30,30,30,9,28,53.91382044944043,319.9754824894274,3080.7909601066367,187.5299627455766,442.64548301981273,29.32589453376973,74.00915943239106
