file,window_idx,start_idx,cluster_id,nearest_dist
open_2017_05_08_close_2017_05_08_flight_Fixed Wing_N550ND_before_0_189617.csv,0,0,2,1089.188810090538
open_2017_05_08_close_2017_05_08_flight_Fixed Wing_N550ND_before_0_189617.csv,1,25,2,1026.5371192542268
open_2017_05_08_close_2017_05_08_flight_Fixed Wing_N550ND_before_0_189617.csv,2,50,2,1064.7204300659528
open_2017_05_08_close_2017_05_08_flight_Fixed Wing_N550ND_before_0_189617.csv,3,75,2,1081.7511564797162
open_2017_05_08_close_2017_05_08_flight_Fixed Wing_N550ND_before_0_189617.csv,4,100,2,1099.738879227833
open_2017_05_08_close_2017_05_08_flight_Fixed Wing_N550ND_before_0_189617.csv,5,125,2,1105.9490828433986
open_2017_05_08_close_2017_05_08_flight_Fixed Wing_N550ND_before_0_189617.csv,6,150,2,1135.3303723630845
open_2017_05_08_close_2017_05_08_flight_Fixed Wing_N550ND_before_0_189617.csv,7,175,2,1148.3767326714612
open_2017_05_08_close_2017_05_08_flight_Fixed Wing_N550ND_before_0_189617.csv,8,200,2,1172.17699755068
open_2017_05_08_close_2017_05_08_flight_Fixed Wing_N550ND_before_0_189617.csv,9,225,2,1173.1329896172333
open_2017_05_08_close_2017_05_08_flight_Fixed Wing_N550ND_before_0_189617.csv,10,250,2,1246.8537295108256
open_2017_05_08_close_2017_05_08_flight_Fixed Wing_N550ND_before_0_189617.csv,11,275,2,1182.1105888295149
open_2017_05_08_close_2017_05_08_flight_Fixed Wing_N550ND_before_0_189617.csv,12,300,2,940.8356846516322
open_2017_05_08_close_2017_05_08_flight_Fixed Wing_N550ND_before_0_189617.csv,13,325,2,810.5820895424664
open_2017_05_08_close_2017_05_08_flight_Fixed Wing_N550ND_before_0_189617.csv,14,350,2,1022.3285749474197
open_2017_05_08_close_2017_05_08_flight_Fixed Wing_N550ND_before_0_189617.csv,15,375,2,921.984832096727
open_2017_05_08_close_2017_05_08_flight_Fixed Wing_N550ND_before_0_189617.csv,16,400,2,900.9144025380461
open_2017_05_08_close_2017_05_08_flight_Fixed Wing_N550ND_before_0_189617.csv,17,425,2,1029.0545801604005
open_2017_05_08_close_2017_05_08_flight_Fixed Wing_N550ND_before_0_189617.csv,18,450,2,1190.7566466390952
open_2017_05_08_close_2017_05_08_flight_Fixed Wing_N550ND_before_0_189617.csv,19,475,2,1230.7616837329974
open_2017_05_08_close_2017_05_08_flight_Fixed Wing_N550ND_before_0_189617.csv,20,500,2,1405.5388664300688
open_2017_05_08_close_2017_05_08_flight_Fixed Wing_N550ND_before_0_189617.csv,21,525,2,1299.4949452421895
open_2017_05_08_close_2017_05_08_flight_Fixed Wing_N550ND_before_0_189617.csv,22,550,2,1153.7579600310312
open_2017_05_08_close_2017_05_08_flight_Fixed Wing_N550ND_before_0_189617.csv,23,575,2,1106.660152829244
open_2017_05_08_close_2017_05_08_flight_Fixed Wing_N550ND_before_0_189617.csv,24,600,2,1137.875586649114
open_2017_05_08_close_2017_05_08_flight_Fixed Wing_N550ND_before_0_189617.csv,25,625,2,1363.9346243013806
open_2017_05_08_close_2017_05_08_flight_Fixed Wing_N550ND_before_0_189617.csv,26,650,2,1543.8897805288166
open_2017_05_08_close_2017_05_08_flight_Fixed Wing_N550ND_before_0_189617.csv,27,675,2,1591.0233615835375
open_2017_05_08_close_2017_05_08_flight_Fixed Wing_N550ND_before_0_189617.csv,28,700,2,1594.642676461055
open_2017_05_08_close_2017_05_08_flight_Fixed Wing_N550ND_before_0_189617.csv,29,725,2,1600.5393197963283
open_2017_05_08_close_2017_05_08_flight_Fixed Wing_N550ND_before_0_189617.csv,30,750,2,1598.4310245402346
open_2017_05_08_close_2017_05_08_flight_Fixed Wing_N550ND_before_0_189617.csv,31,775,2,1560.3319759249018
open_2017_05_08_close_2017_05_08_flight_Fixed Wing_N550ND_before_0_189617.csv,32,800,2,1490.5290210796356
open_2017_05_08_close_2017_05_08_flight_Fixed Wing_N550ND_before_0_189617.csv,33,825,2,1403.3577941444423
open_2017_05_08_close_2017_05_08_flight_Fixed Wing_N550ND_before_0_189617.csv,34,850,2,1375.7709744633078
open_2017_05_08_close_2017_05_08_flight_Fixed Wing_N550ND_before_0_189617.csv,35,875,2,1220.6683254914228
open_2017_05_08_close_2017_05_08_flight_Fixed Wing_N550ND_before_0_189617.csv,36,900,2,1078.1049360198695
open_2017_05_08_close_2017_05_08_flight_Fixed Wing_N550ND_before_0_189617.csv,37,925,2,1540.837651397266
open_2017_05_08_close_2017_05_08_flight_Fixed Wing_N550ND_before_0_189617.csv,38,950,2,1587.7938613563324
open_2017_05_08_close_2017_05_08_flight_Fixed Wing_N550ND_before_0_189617.csv,39,975,2,1586.875640284775
open_2017_05_08_close_2017_05_08_flight_Fixed Wing_N550ND_before_0_189617.csv,40,1000,2,1601.1168680882713
open_2017_05_08_close_2017_05_08_flight_Fixed Wing_N550ND_before_0_189617.csv,41,1025,2,1561.6218016617831
open_2017_05_08_close_2017_05_08_flight_Fixed Wing_N550ND_before_0_189617.csv,42,1050,2,1541.6486148069043
open_2017_05_08_close_2017_05_08_flight_Fixed Wing_N550ND_before_0_189617.csv,43,1075,2,1489.1223215430086
open_2017_05_08_close_2017_05_08_flight_Fixed Wing_N550ND_before_0_189617.csv,44,1100,2,1429.2878051448329
open_2017_05_08_close_2017_05_08_flight_Fixed Wing_N550ND_before_0_189617.csv,45,1125,2,1420.5714987828044
open_2017_05_08_close_2017_05_08_flight_Fixed Wing_N550ND_before_0_189617.csv,46,1150,2,1245.505897984384
open_2017_05_08_close_2017_05_08_flight_Fixed Wing_N550ND_before_0_189617.csv,47,1175,2,1350.173855893378
open_2017_05_08_close_2017_05_08_flight_Fixed Wing_N550ND_before_0_189617.csv,48,1200,2,1576.090934005695
open_2017_05_08_close_2017_05_08_flight_Fixed Wing_N550ND_before_0_189617.csv,49,1225,2,1593.4259193170242
open_2017_05_08_close_2017_05_08_flight_Fixed Wing_N550ND_before_0_189617.csv,50,1250,2,1607.7172384720657
open_2017_05_08_close_2017_05_08_flight_Fixed Wing_N550ND_before_0_189617.csv,51,1275,2,1593.1869482007012
open_2017_05_08_close_2017_05_08_flight_Fixed Wing_N550ND_before_0_189617.csv,52,1300,2,1568.1771970351444
open_2017_05_08_close_2017_05_08_flight_Fixed Wing_N550ND_before_0_189617.csv,53,1325,2,1549.907356130584
open_2017_05_08_close_2017_05_08_flight_Fixed Wing_N550ND_before_0_189617.csv,54,1350,2,1532.1404067443978
open_2017_05_08_close_2017_05_08_flight_Fixed Wing_N550ND_before_0_189617.csv,55,1375,2,1471.7937324829181
open_2017_05_08_close_2017_05_08_flight_Fixed Wing_N550ND_before_0_189617.csv,56,1400,2,1421.971217425935
open_2017_05_08_close_2017_05_08_flight_Fixed Wing_N550ND_before_0_189617.csv,57,1425,2,1420.4439042379502
open_2017_05_08_close_2017_05_08_flight_Fixed Wing_N550ND_before_0_189617.csv,58,1450,2,1523.467394384145
open_2017_05_08_close_2017_05_08_flight_Fixed Wing_N550ND_before_0_189617.csv,59,1475,2,1575.6305646845522
open_2017_05_08_close_2017_05_08_flight_Fixed Wing_N550ND_before_0_189617.csv,60,1500,2,1595.3670696535291
open_2017_05_08_close_2017_05_08_flight_Fixed Wing_N550ND_before_0_189617.csv,61,1525,2,1602.0670714215244
open_2017_05_08_close_2017_05_08_flight_Fixed Wing_N550ND_before_0_189617.csv,62,1550,2,1587.1969956477722
open_2017_05_08_close_2017_05_08_flight_Fixed Wing_N550ND_before_0_189617.csv,63,1575,2,1556.8287772807737
open_2017_05_08_close_2017_05_08_flight_Fixed Wing_N550ND_before_0_189617.csv,64,1600,2,1482.596701739797
open_2017_05_08_close_2017_05_08_flight_Fixed Wing_N550ND_before_0_189617.csv,65,1625,2,1406.0475251302566
open_2017_05_08_close_2017_05_08_flight_Fixed Wing_N550ND_before_0_189617.csv,66,1650,2,1423.4739387096497
open_2017_05_08_close_2017_05_08_flight_Fixed Wing_N550ND_before_0_189617.csv,67,1675,2,1443.6515646846824
open_2017_05_08_close_2017_05_08_flight_Fixed Wing_N550ND_before_0_189617.csv,68,1700,2,1009.3288445426689
open_2017_05_08_close_2017_05_08_flight_Fixed Wing_N550ND_before_0_189617.csv,69,1725,2,1436.4959960400834
open_2017_05_08_close_2017_05_08_flight_Fixed Wing_N550ND_before_0_189617.csv,70,1750,2,1579.7711106484767
open_2017_05_08_close_2017_05_08_flight_Fixed Wing_N550ND_before_0_189617.csv,71,1775,2,1589.48444176195
open_2017_05_08_close_2017_05_08_flight_Fixed Wing_N550ND_before_0_189617.csv,72,1800,2,1601.4191515162356
open_2017_05_08_close_2017_05_08_flight_Fixed Wing_N550ND_before_0_189617.csv,73,1825,2,1584.5177756707963
open_2017_05_08_close_2017_05_08_flight_Fixed Wing_N550ND_before_0_189617.csv,74,1850,2,1559.4811134397773
open_2017_05_08_close_2017_05_08_flight_Fixed Wing_N550ND_before_0_189617.csv,75,1875,2,1555.7169332422857
open_2017_05_08_close_2017_05_08_flight_Fixed Wing_N550ND_before_0_189617.csv,76,1900,2,1547.7964018969665
open_2017_05_08_close_2017_05_08_flight_Fixed Wing_N550ND_before_0_189617.csv,77,1925,2,1450.0014846985923
open_2017_05_08_close_2017_05_08_flight_Fixed Wing_N550ND_before_0_189617.csv,78,1950,2,1396.0348859180558
open_2017_05_08_close_2017_05_08_flight_Fixed Wing_N550ND_before_0_189617.csv,79,1975,2,1401.5889377309302
open_2017_05_08_close_2017_05_08_flight_Fixed Wing_N550ND_before_0_189617.csv,80,2000,2,1012.1953396461089
open_2017_05_08_close_2017_05_08_flight_Fixed Wing_N550ND_before_0_189617.csv,81,2025,2,1446.146684630253
open_2017_05_08_close_2017_05_08_flight_Fixed Wing_N550ND_before_0_189617.csv,82,2050,2,1577.7601125143806
open_2017_05_08_close_2017_05_08_flight_Fixed Wing_N550ND_before_0_189617.csv,83,2075,2,1587.269373595991
open_2017_05_08_close_2017_05_08_flight_Fixed Wing_N550ND_before_0_189617.csv,84,2100,2,1603.2615120721698
open_2017_05_08_close_2017_05_08_flight_Fixed Wing_N550ND_before_0_189617.csv,85,2125,2,1566.25670879835
open_2017_05_08_close_2017_05_08_flight_Fixed Wing_N550ND_before_0_189617.csv,86,2150,2,1547.6532249213149
open_2017_05_08_close_2017_05_08_flight_Fixed Wing_N550ND_before_0_189617.csv,87,2175,2,1549.8554642553183
open_2017_05_08_close_2017_05_08_flight_Fixed Wing_N550ND_before_0_189617.csv,88,2200,2,1553.6953413408864
open_2017_05_08_close_2017_05_08_flight_Fixed Wing_N550ND_before_0_189617.csv,89,2225,2,1554.832755257329
open_2017_05_08_close_2017_05_08_flight_Fixed Wing_N550ND_before_0_189617.csv,90,2250,2,1554.5666963541273
open_2017_05_08_close_2017_05_08_flight_Fixed Wing_N550ND_before_0_189617.csv,91,2275,2,1553.3623823290454
open_2017_05_08_close_2017_05_08_flight_Fixed Wing_N550ND_before_0_189617.csv,92,2300,2,1548.7373349314355
open_2017_05_08_close_2017_05_08_flight_Fixed Wing_N550ND_before_0_189617.csv,93,2325,2,1472.644481034276
open_2017_05_08_close_2017_05_08_flight_Fixed Wing_N550ND_before_0_189617.csv,94,2350,2,1392.64182156209
open_2017_05_08_close_2017_05_08_flight_Fixed Wing_N550ND_before_0_189617.csv,95,2375,2,1396.660514848941
open_2017_05_08_close_2017_05_08_flight_Fixed Wing_N550ND_before_0_189617.csv,96,2400,2,1283.1702326552422
open_2017_05_08_close_2017_05_08_flight_Fixed Wing_N550ND_before_0_189617.csv,97,2425,2,1084.0740549950856
open_2017_05_08_close_2017_05_08_flight_Fixed Wing_N550ND_before_0_189617.csv,98,2450,2,1545.7141493314832
open_2017_05_08_close_2017_05_08_flight_Fixed Wing_N550ND_before_0_189617.csv,99,2475,2,1586.3539865271143
open_2017_05_08_close_2017_05_08_flight_Fixed Wing_N550ND_before_0_189617.csv,100,2500,2,1592.2196620935597
open_2017_05_08_close_2017_05_08_flight_Fixed Wing_N550ND_before_0_189617.csv,101,2525,2,1595.8766934448934
open_2017_05_08_close_2017_05_08_flight_Fixed Wing_N550ND_before_0_189617.csv,102,2550,2,1570.2970500400677
open_2017_05_08_close_2017_05_08_flight_Fixed Wing_N550ND_before_0_189617.csv,103,2575,2,1559.274723930258
open_2017_05_08_close_2017_05_08_flight_Fixed Wing_N550ND_before_0_189617.csv,104,2600,2,1522.5727353985533
open_2017_05_08_close_2017_05_08_flight_Fixed Wing_N550ND_before_0_189617.csv,105,2625,2,1442.7154394167515
open_2017_05_08_close_2017_05_08_flight_Fixed Wing_N550ND_before_0_189617.csv,106,2650,2,1426.2183082090828
open_2017_05_08_close_2017_05_08_flight_Fixed Wing_N550ND_before_0_189617.csv,107,2675,2,1424.9430000780105
open_2017_05_08_close_2017_05_08_flight_Fixed Wing_N550ND_before_0_189617.csv,108,2700,2,1542.5597995060236
open_2017_05_08_close_2017_05_08_flight_Fixed Wing_N550ND_before_0_189617.csv,109,2725,2,1587.8318808300662
open_2017_05_08_close_2017_05_08_flight_Fixed Wing_N550ND_before_0_189617.csv,110,2750,2,1594.7467549843411
open_2017_05_08_close_2017_05_08_flight_Fixed Wing_N550ND_before_0_189617.csv,111,2775,2,1594.1006707363088
open_2017_05_08_close_2017_05_08_flight_Fixed Wing_N550ND_before_0_189617.csv,112,2800,2,1547.8495457600225
open_2017_05_08_close_2017_05_08_flight_Fixed Wing_N550ND_before_0_189617.csv,113,2825,2,1534.5557117869628
open_2017_05_08_close_2017_05_08_flight_Fixed Wing_N550ND_before_0_189617.csv,114,2850,2,1536.1465833591474
open_2017_05_08_close_2017_05_08_flight_Fixed Wing_N550ND_before_0_189617.csv,115,2875,2,1551.514755904453
open_2017_05_08_close_2017_05_08_flight_Fixed Wing_N550ND_before_0_189617.csv,116,2900,2,1548.5174554580633
open_2017_05_08_close_2017_05_08_flight_Fixed Wing_N550ND_before_0_189617.csv,117,2925,2,1543.3115795840083
open_2017_05_08_close_2017_05_08_flight_Fixed Wing_N550ND_before_0_189617.csv,118,2950,2,1491.3686142796273
open_2017_05_08_close_2017_05_08_flight_Fixed Wing_N550ND_before_0_189617.csv,119,2975,2,1398.2754614208714
open_2017_05_08_close_2017_05_08_flight_Fixed Wing_N550ND_before_0_189617.csv,120,3000,2,1380.002717986849
open_2017_05_08_close_2017_05_08_flight_Fixed Wing_N550ND_before_0_189617.csv,121,3025,2,1453.3256604374203
open_2017_05_08_close_2017_05_08_flight_Fixed Wing_N550ND_before_0_189617.csv,122,3050,2,1087.0068720825814
open_2017_05_08_close_2017_05_08_flight_Fixed Wing_N550ND_before_0_189617.csv,123,3075,2,1465.2981753958056
open_2017_05_08_close_2017_05_08_flight_Fixed Wing_N550ND_before_0_189617.csv,124,3100,2,1582.1126333664874
open_2017_05_08_close_2017_05_08_flight_Fixed Wing_N550ND_before_0_189617.csv,125,3125,2,1593.2615621246082
open_2017_05_08_close_2017_05_08_flight_Fixed Wing_N550ND_before_0_189617.csv,126,3150,2,1580.7338543678188
open_2017_05_08_close_2017_05_08_flight_Fixed Wing_N550ND_before_0_189617.csv,127,3175,2,1548.7735175438263
open_2017_05_08_close_2017_05_08_flight_Fixed Wing_N550ND_before_0_189617.csv,128,3200,2,1548.3634904320475
open_2017_05_08_close_2017_05_08_flight_Fixed Wing_N550ND_before_0_189617.csv,129,3225,2,1548.6721171660577
open_2017_05_08_close_2017_05_08_flight_Fixed Wing_N550ND_before_0_189617.csv,130,3250,2,1534.8450387680582
open_2017_05_08_close_2017_05_08_flight_Fixed Wing_N550ND_before_0_189617.csv,131,3275,2,1436.4748528313394
open_2017_05_08_close_2017_05_08_flight_Fixed Wing_N550ND_before_0_189617.csv,132,3300,2,1370.7143194159528
open_2017_05_08_close_2017_05_08_flight_Fixed Wing_N550ND_before_0_189617.csv,133,3325,2,1352.9589880159479
open_2017_05_08_close_2017_05_08_flight_Fixed Wing_N550ND_before_0_189617.csv,134,3350,2,1399.4345631942172
open_2017_05_08_close_2017_05_08_flight_Fixed Wing_N550ND_before_0_189617.csv,135,3375,2,1090.586381232743
open_2017_05_08_close_2017_05_08_flight_Fixed Wing_N550ND_before_0_189617.csv,136,3400,2,1516.5528610607241
open_2017_05_08_close_2017_05_08_flight_Fixed Wing_N550ND_before_0_189617.csv,137,3425,2,1580.352942648741
open_2017_05_08_close_2017_05_08_flight_Fixed Wing_N550ND_before_0_189617.csv,138,3450,2,1589.123106302696
open_2017_05_08_close_2017_05_08_flight_Fixed Wing_N550ND_before_0_189617.csv,139,3475,2,1588.712522481022
open_2017_05_08_close_2017_05_08_flight_Fixed Wing_N550ND_before_0_189617.csv,140,3500,2,1557.4713633316776
open_2017_05_08_close_2017_05_08_flight_Fixed Wing_N550ND_before_0_189617.csv,141,3525,2,1550.4302555211032
open_2017_05_08_close_2017_05_08_flight_Fixed Wing_N550ND_before_0_189617.csv,142,3550,2,1550.0766319600693
open_2017_05_08_close_2017_05_08_flight_Fixed Wing_N550ND_before_0_189617.csv,143,3575,2,1546.4881241846842
open_2017_05_08_close_2017_05_08_flight_Fixed Wing_N550ND_before_0_189617.csv,144,3600,2,1546.6370910040187
open_2017_05_08_close_2017_05_08_flight_Fixed Wing_N550ND_before_0_189617.csv,145,3625,2,1549.4590907797594
open_2017_05_08_close_2017_05_08_flight_Fixed Wing_N550ND_before_0_189617.csv,146,3650,2,1548.720221762612
open_2017_05_08_close_2017_05_08_flight_Fixed Wing_N550ND_before_0_189617.csv,147,3675,2,1546.6691182074935
open_2017_05_08_close_2017_05_08_flight_Fixed Wing_N550ND_before_0_189617.csv,148,3700,2,1548.12449661576
open_2017_05_08_close_2017_05_08_flight_Fixed Wing_N550ND_before_0_189617.csv,149,3725,2,1538.7544198948478
open_2017_05_08_close_2017_05_08_flight_Fixed Wing_N550ND_before_0_189617.csv,150,3750,2,1449.9184613632965
open_2017_05_08_close_2017_05_08_flight_Fixed Wing_N550ND_before_0_189617.csv,151,3775,2,1410.3837599306178
open_2017_05_08_close_2017_05_08_flight_Fixed Wing_N550ND_before_0_189617.csv,152,3800,2,1438.8820838706552
open_2017_05_08_close_2017_05_08_flight_Fixed Wing_N550ND_before_0_189617.csv,153,3825,2,1464.142880397322
open_2017_05_08_close_2017_05_08_flight_Fixed Wing_N550ND_before_0_189617.csv,154,3850,2,1468.491903792937
open_2017_05_08_close_2017_05_08_flight_Fixed Wing_N550ND_before_0_189617.csv,155,3875,2,1197.3216618234674
open_2017_05_08_close_2017_05_08_flight_Fixed Wing_N550ND_before_0_189617.csv,156,3900,2,1291.4082333642252
open_2017_05_08_close_2017_05_08_flight_Fixed Wing_N550ND_before_0_189617.csv,157,3925,2,1571.8685276821534
open_2017_05_08_close_2017_05_08_flight_Fixed Wing_N550ND_before_0_189617.csv,158,3950,2,1590.6750276036353
open_2017_05_08_close_2017_05_08_flight_Fixed Wing_N550ND_before_0_189617.csv,159,3975,2,1595.3218952373318
open_2017_05_08_close_2017_05_08_flight_Fixed Wing_N550ND_before_0_189617.csv,160,4000,2,1576.166965956392
open_2017_05_08_close_2017_05_08_flight_Fixed Wing_N550ND_before_0_189617.csv,161,4025,2,1480.4978229516055
open_2017_05_08_close_2017_05_08_flight_Fixed Wing_N550ND_before_0_189617.csv,162,4050,2,1423.0256952247423
open_2017_05_08_close_2017_05_08_flight_Fixed Wing_N550ND_before_0_189617.csv,163,4075,2,1420.662944819028
open_2017_05_08_close_2017_05_08_flight_Fixed Wing_N550ND_before_0_189617.csv,164,4100,2,1478.0794582475467
open_2017_05_08_close_2017_05_08_flight_Fixed Wing_N550ND_before_0_189617.csv,165,4125,2,1194.5326745599584
open_2017_05_08_close_2017_05_08_flight_Fixed Wing_N550ND_before_0_189617.csv,166,4150,2,1325.8826892113507
open_2017_05_08_close_2017_05_08_flight_Fixed Wing_N550ND_before_0_189617.csv,167,4175,2,1580.2173247835403
open_2017_05_08_close_2017_05_08_flight_Fixed Wing_N550ND_before_0_189617.csv,168,4200,2,1592.3223039553222
open_2017_05_08_close_2017_05_08_flight_Fixed Wing_N550ND_before_0_189617.csv,169,4225,2,1605.527926373261
open_2017_05_08_close_2017_05_08_flight_Fixed Wing_N550ND_before_0_189617.csv,170,4250,2,1573.66826386433
open_2017_05_08_close_2017_05_08_flight_Fixed Wing_N550ND_before_0_189617.csv,171,4275,2,1561.3596638491035
open_2017_05_08_close_2017_05_08_flight_Fixed Wing_N550ND_before_0_189617.csv,172,4300,2,1556.0259231356665
open_2017_05_08_close_2017_05_08_flight_Fixed Wing_N550ND_before_0_189617.csv,173,4325,2,1558.054988353532
open_2017_05_08_close_2017_05_08_flight_Fixed Wing_N550ND_before_0_189617.csv,174,4350,2,1562.6092700359995
open_2017_05_08_close_2017_05_08_flight_Fixed Wing_N550ND_before_0_189617.csv,175,4375,2,1560.9183513151124
open_2017_05_08_close_2017_05_08_flight_Fixed Wing_N550ND_before_0_189617.csv,176,4400,2,1563.8057837080285
open_2017_05_08_close_2017_05_08_flight_Fixed Wing_N550ND_before_0_189617.csv,177,4425,2,1560.3452218277573
open_2017_05_08_close_2017_05_08_flight_Fixed Wing_N550ND_before_0_189617.csv,178,4450,2,1548.324423858859
open_2017_05_08_close_2017_05_08_flight_Fixed Wing_N550ND_before_0_189617.csv,179,4475,2,1511.5117823939227
open_2017_05_08_close_2017_05_08_flight_Fixed Wing_N550ND_before_0_189617.csv,180,4500,2,1436.374628058856
open_2017_05_08_close_2017_05_08_flight_Fixed Wing_N550ND_before_0_189617.csv,181,4525,2,1466.7032935885036
open_2017_05_08_close_2017_05_08_flight_Fixed Wing_N550ND_before_0_189617.csv,182,4550,2,1495.8808262805428
open_2017_05_08_close_2017_05_08_flight_Fixed Wing_N550ND_before_0_189617.csv,183,4575,2,1501.0668768850217
open_2017_05_08_close_2017_05_08_flight_Fixed Wing_N550ND_before_0_189617.csv,184,4600,2,1521.483127779487
open_2017_05_08_close_2017_05_08_flight_Fixed Wing_N550ND_before_0_189617.csv,185,4625,2,1489.8820106525582
open_2017_05_08_close_2017_05_08_flight_Fixed Wing_N550ND_before_0_189617.csv,186,4650,2,1174.8153712557923
open_2017_05_08_close_2017_05_08_flight_Fixed Wing_N550ND_before_0_189617.csv,187,4675,2,1516.6718236087838
open_2017_05_08_close_2017_05_08_flight_Fixed Wing_N550ND_before_0_189617.csv,188,4700,2,1587.9541104432276
open_2017_05_08_close_2017_05_08_flight_Fixed Wing_N550ND_before_0_189617.csv,189,4725,2,1592.1932054300091
open_2017_05_08_close_2017_05_08_flight_Fixed Wing_N550ND_before_0_189617.csv,190,4750,2,1618.9693067906487
open_2017_05_08_close_2017_05_08_flight_Fixed Wing_N550ND_before_0_189617.csv,191,4775,2,1581.7725992570709
open_2017_05_08_close_2017_05_08_flight_Fixed Wing_N550ND_before_0_189617.csv,192,4800,2,1519.483863538061
open_2017_05_08_close_2017_05_08_flight_Fixed Wing_N550ND_before_0_189617.csv,193,4825,2,1428.0839382359964
open_2017_05_08_close_2017_05_08_flight_Fixed Wing_N550ND_before_0_189617.csv,194,4850,2,1420.0785718392065
open_2017_05_08_close_2017_05_08_flight_Fixed Wing_N550ND_before_0_189617.csv,195,4875,2,1443.9169844116946
open_2017_05_08_close_2017_05_08_flight_Fixed Wing_N550ND_before_0_189617.csv,196,4900,2,1472.078216720061
open_2017_05_08_close_2017_05_08_flight_Fixed Wing_N550ND_before_0_189617.csv,197,4925,2,1294.152604062299
open_2017_05_08_close_2017_05_08_flight_Fixed Wing_N550ND_before_0_189617.csv,198,4950,2,1178.0124671806184
open_2017_05_08_close_2017_05_08_flight_Fixed Wing_N550ND_before_0_189617.csv,199,4975,2,1562.0721936317154
open_2017_05_08_close_2017_05_08_flight_Fixed Wing_N550ND_before_0_189617.csv,200,5000,2,1588.5443455654852
open_2017_05_08_close_2017_05_08_flight_Fixed Wing_N550ND_before_0_189617.csv,201,5025,2,1601.8047308318992
open_2017_05_08_close_2017_05_08_flight_Fixed Wing_N550ND_before_0_189617.csv,202,5050,2,1584.723660835495
open_2017_05_08_close_2017_05_08_flight_Fixed Wing_N550ND_before_0_189617.csv,203,5075,2,1545.1527032843162
open_2017_05_08_close_2017_05_08_flight_Fixed Wing_N550ND_before_0_189617.csv,204,5100,2,1533.412069557072
open_2017_05_08_close_2017_05_08_flight_Fixed Wing_N550ND_before_0_189617.csv,205,5125,2,1530.5888902521813
open_2017_05_08_close_2017_05_08_flight_Fixed Wing_N550ND_before_0_189617.csv,206,5150,2,1536.2396326552332
open_2017_05_08_close_2017_05_08_flight_Fixed Wing_N550ND_before_0_189617.csv,207,5175,2,1541.2314256837283
open_2017_05_08_close_2017_05_08_flight_Fixed Wing_N550ND_before_0_189617.csv,208,5200,2,1541.126321956344
open_2017_05_08_close_2017_05_08_flight_Fixed Wing_N550ND_before_0_189617.csv,209,5225,2,1538.6124529185563
open_2017_05_08_close_2017_05_08_flight_Fixed Wing_N550ND_before_0_189617.csv,210,5250,2,1539.2954848997008
open_2017_05_08_close_2017_05_08_flight_Fixed Wing_N550ND_before_0_189617.csv,211,5275,2,1539.2582990677645
open_2017_05_08_close_2017_05_08_flight_Fixed Wing_N550ND_before_0_189617.csv,212,5300,2,1490.846177688319
open_2017_05_08_close_2017_05_08_flight_Fixed Wing_N550ND_before_0_189617.csv,213,5325,2,1457.6895934608408
open_2017_05_08_close_2017_05_08_flight_Fixed Wing_N550ND_before_0_189617.csv,214,5350,2,1482.5933233052922
open_2017_05_08_close_2017_05_08_flight_Fixed Wing_N550ND_before_0_189617.csv,215,5375,2,1499.5482699375214
open_2017_05_08_close_2017_05_08_flight_Fixed Wing_N550ND_before_0_189617.csv,216,5400,2,1495.521891142369
open_2017_05_08_close_2017_05_08_flight_Fixed Wing_N550ND_before_0_189617.csv,217,5425,2,1329.6084017652897
open_2017_05_08_close_2017_05_08_flight_Fixed Wing_N550ND_before_0_189617.csv,218,5450,2,1203.2748267065215
open_2017_05_08_close_2017_05_08_flight_Fixed Wing_N550ND_before_0_189617.csv,219,5475,2,1565.80994720381
open_2017_05_08_close_2017_05_08_flight_Fixed Wing_N550ND_before_0_189617.csv,220,5500,2,1589.5268392227972
open_2017_05_08_close_2017_05_08_flight_Fixed Wing_N550ND_before_0_189617.csv,221,5525,2,1596.4092714393341
open_2017_05_08_close_2017_05_08_flight_Fixed Wing_N550ND_before_0_189617.csv,222,5550,2,1568.0015780306164
open_2017_05_08_close_2017_05_08_flight_Fixed Wing_N550ND_before_0_189617.csv,223,5575,2,1545.28681228746
open_2017_05_08_close_2017_05_08_flight_Fixed Wing_N550ND_before_0_189617.csv,224,5600,2,1539.4106181421776
open_2017_05_08_close_2017_05_08_flight_Fixed Wing_N550ND_before_0_189617.csv,225,5625,2,1552.297478137223
open_2017_05_08_close_2017_05_08_flight_Fixed Wing_N550ND_before_0_189617.csv,226,5650,2,1552.3474716057624
open_2017_05_08_close_2017_05_08_flight_Fixed Wing_N550ND_before_0_189617.csv,227,5675,2,1554.336436559991
open_2017_05_08_close_2017_05_08_flight_Fixed Wing_N550ND_before_0_189617.csv,228,5700,2,1553.6125719114514
open_2017_05_08_close_2017_05_08_flight_Fixed Wing_N550ND_before_0_189617.csv,229,5725,2,1498.318463581867
open_2017_05_08_close_2017_05_08_flight_Fixed Wing_N550ND_before_0_189617.csv,230,5750,2,1424.1879841174705
open_2017_05_08_close_2017_05_08_flight_Fixed Wing_N550ND_before_0_189617.csv,231,5775,2,1393.1309141171853
open_2017_05_08_close_2017_05_08_flight_Fixed Wing_N550ND_before_0_189617.csv,232,5800,2,1397.1617192272763
open_2017_05_08_close_2017_05_08_flight_Fixed Wing_N550ND_before_0_189617.csv,233,5825,2,1253.0133744169418
open_2017_05_08_close_2017_05_08_flight_Fixed Wing_N550ND_before_0_189617.csv,234,5850,2,682.7051813283956
open_2017_05_08_close_2017_05_08_flight_Fixed Wing_N550ND_before_0_189617.csv,235,5875,2,1141.0860226182153
open_2017_05_08_close_2017_05_08_flight_Fixed Wing_N550ND_before_0_189617.csv,236,5900,2,1271.319671848903
open_2017_05_08_close_2017_05_08_flight_Fixed Wing_N550ND_before_0_189617.csv,237,5925,2,1161.6704106510374
open_2017_05_08_close_2017_05_08_flight_Fixed Wing_N550ND_before_0_189617.csv,238,5950,2,1296.7802052611446
open_2017_05_08_close_2017_05_08_flight_Fixed Wing_N550ND_before_0_189617.csv,239,5975,2,1269.2678015292786
open_2017_05_08_close_2017_05_08_flight_Fixed Wing_N550ND_before_0_189617.csv,240,6000,2,1042.6431811554894
open_2017_05_08_close_2017_05_08_flight_Fixed Wing_N550ND_before_0_189617.csv,241,6025,2,987.2859132954078
open_2017_05_08_close_2017_05_08_flight_Fixed Wing_N550ND_before_0_189617.csv,242,6050,2,965.615239686578
open_2017_05_08_close_2017_05_08_flight_Fixed Wing_N550ND_before_0_189617.csv,243,6075,2,967.2022745137915
open_2017_05_08_close_2017_05_08_flight_Fixed Wing_N550ND_before_0_189617.csv,244,6100,2,959.4673299375661
open_2017_05_08_close_2017_05_08_flight_Fixed Wing_N550ND_before_0_189617.csv,245,6125,2,947.4822420529802
open_2017_05_08_close_2017_05_08_flight_Fixed Wing_N550ND_before_0_189617.csv,246,6150,2,980.4266319884425
open_2017_05_08_close_2017_05_08_flight_Fixed Wing_N550ND_before_0_189617.csv,247,6175,2,965.2392305071438
open_2017_05_08_close_2017_05_08_flight_Fixed Wing_N550ND_before_0_189617.csv,248,6200,2,948.6139136141513
open_2017_05_08_close_2017_05_08_flight_Fixed Wing_N550ND_before_0_189617.csv,249,6225,2,945.4208044947883
open_2017_05_08_close_2017_05_08_flight_Fixed Wing_N550ND_before_0_189617.csv,250,6250,2,949.8105255016187
open_2017_05_08_close_2017_05_08_flight_Fixed Wing_N550ND_before_0_189617.csv,251,6275,2,1171.0783686781951
open_2017_05_08_close_2017_05_08_flight_Fixed Wing_N550ND_before_0_189617.csv,252,6300,2,1303.5517632879034
open_2017_05_08_close_2017_05_08_flight_Fixed Wing_N550ND_before_0_189617.csv,253,6325,2,1326.4797117336066
open_2017_05_08_close_2017_05_08_flight_Fixed Wing_N550ND_before_0_189617.csv,254,6350,2,1320.8824889498092
open_2017_05_08_close_2017_05_08_flight_Fixed Wing_N550ND_before_0_189617.csv,255,6375,2,1229.8161205303254
open_2017_05_08_close_2017_05_08_flight_Fixed Wing_N550ND_before_0_189617.csv,256,6400,2,1130.0068586295247
open_2017_05_08_close_2017_05_08_flight_Fixed Wing_N550ND_before_1_189642.csv,257,0,2,1218.5033473994981
open_2017_05_08_close_2017_05_08_flight_Fixed Wing_N550ND_before_1_189642.csv,258,25,2,1157.042611812712
open_2017_05_08_close_2017_05_08_flight_Fixed Wing_N550ND_before_1_189642.csv,259,50,2,1110.4395325937573
open_2017_05_08_close_2017_05_08_flight_Fixed Wing_N550ND_before_1_189642.csv,260,75,2,1131.6002264773902
open_2017_05_08_close_2017_05_08_flight_Fixed Wing_N550ND_before_1_189642.csv,261,100,2,1155.7664755797311
open_2017_05_08_close_2017_05_08_flight_Fixed Wing_N550ND_before_1_189642.csv,262,125,2,1172.4355162393158
open_2017_05_08_close_2017_05_08_flight_Fixed Wing_N550ND_before_1_189642.csv,263,150,2,1186.4347429986356
open_2017_05_08_close_2017_05_08_flight_Fixed Wing_N550ND_before_1_189642.csv,264,175,2,1189.206870969777
open_2017_05_08_close_2017_05_08_flight_Fixed Wing_N550ND_before_1_189642.csv,265,200,2,1209.8665914007536
open_2017_05_08_close_2017_05_08_flight_Fixed Wing_N550ND_before_1_189642.csv,266,225,2,1212.8856921625181
open_2017_05_08_close_2017_05_08_flight_Fixed Wing_N550ND_before_1_189642.csv,267,250,2,1247.0056803011676
open_2017_05_08_close_2017_05_08_flight_Fixed Wing_N550ND_before_1_189642.csv,268,275,2,1058.9149535347044
open_2017_05_08_close_2017_05_08_flight_Fixed Wing_N550ND_before_1_189642.csv,269,300,2,822.8385365296097
open_2017_05_08_close_2017_05_08_flight_Fixed Wing_N550ND_before_1_189642.csv,270,325,2,1066.746085351951
open_2017_05_08_close_2017_05_08_flight_Fixed Wing_N550ND_before_1_189642.csv,271,350,2,844.6809242918155
open_2017_05_08_close_2017_05_08_flight_Fixed Wing_N550ND_before_1_189642.csv,272,375,2,646.8687383547758
open_2017_05_08_close_2017_05_08_flight_Fixed Wing_N550ND_before_1_189642.csv,273,400,2,680.7555869546891
open_2017_05_08_close_2017_05_08_flight_Fixed Wing_N550ND_before_1_189642.csv,274,425,2,738.7385102013104
open_2017_05_08_close_2017_05_08_flight_Fixed Wing_N550ND_before_1_189642.csv,275,450,2,903.7524892404705
open_2017_05_08_close_2017_05_08_flight_Fixed Wing_N550ND_before_1_189642.csv,276,475,2,619.1127326365779
open_2017_05_08_close_2017_05_08_flight_Fixed Wing_N550ND_before_1_189642.csv,277,500,2,1058.5100400886595
open_2017_05_08_close_2017_05_08_flight_Fixed Wing_N550ND_before_1_189642.csv,278,525,2,785.763316640243
open_2017_05_08_close_2017_05_08_flight_Fixed Wing_N550ND_before_1_189642.csv,279,550,2,630.1040477474987
open_2017_05_08_close_2017_05_08_flight_Fixed Wing_N550ND_before_1_189642.csv,280,575,2,608.5620862481678
open_2017_05_08_close_2017_05_08_flight_Fixed Wing_N550ND_before_1_189642.csv,281,600,2,947.7890797047776
open_2017_05_08_close_2017_05_08_flight_Fixed Wing_N550ND_before_1_189642.csv,282,625,2,1318.8000434044602
open_2017_05_08_close_2017_05_08_flight_Fixed Wing_N550ND_before_1_189642.csv,283,650,2,1396.2085845202987
open_2017_05_08_close_2017_05_08_flight_Fixed Wing_N550ND_before_1_189642.csv,284,675,2,1300.6302410905955
open_2017_05_08_close_2017_05_08_flight_Fixed Wing_N550ND_before_1_189642.csv,285,700,2,1298.0081105807883
open_2017_05_08_close_2017_05_08_flight_Fixed Wing_N550ND_before_1_189642.csv,286,725,2,1190.08207212788
open_2017_05_08_close_2017_05_08_flight_Fixed Wing_N550ND_before_1_189642.csv,287,750,2,1188.3889909887198
open_2017_05_08_close_2017_05_08_flight_Fixed Wing_N550ND_before_1_189642.csv,288,775,2,1286.5984863826852
open_2017_05_08_close_2017_05_08_flight_Fixed Wing_N550ND_before_1_189642.csv,289,800,2,1538.8662781919618
open_2017_05_08_close_2017_05_08_flight_Fixed Wing_N550ND_before_1_189642.csv,290,825,2,1583.78239925374
open_2017_05_08_close_2017_05_08_flight_Fixed Wing_N550ND_before_1_189642.csv,291,850,2,1588.5133041860147
open_2017_05_08_close_2017_05_08_flight_Fixed Wing_N550ND_before_1_189642.csv,292,875,2,1588.6795120151871
open_2017_05_08_close_2017_05_08_flight_Fixed Wing_N550ND_before_1_189642.csv,293,900,2,1582.4281551896727
open_2017_05_08_close_2017_05_08_flight_Fixed Wing_N550ND_before_1_189642.csv,294,925,2,1576.080190228622
open_2017_05_08_close_2017_05_08_flight_Fixed Wing_N550ND_before_1_189642.csv,295,950,2,1570.8084559922702
open_2017_05_08_close_2017_05_08_flight_Fixed Wing_N550ND_before_1_189642.csv,296,975,2,1565.4742122765408
open_2017_05_08_close_2017_05_08_flight_Fixed Wing_N550ND_before_1_189642.csv,297,1000,2,1568.3685316021192
open_2017_05_08_close_2017_05_08_flight_Fixed Wing_N550ND_before_1_189642.csv,298,1025,2,1620.2907484358307
open_2017_05_08_close_2017_05_08_flight_Fixed Wing_N550ND_before_1_189642.csv,299,1050,2,1601.6500066932313
open_2017_05_08_close_2017_05_08_flight_Fixed Wing_N550ND_before_1_189642.csv,300,1075,2,1589.733997832718
open_2017_05_08_close_2017_05_08_flight_Fixed Wing_N550ND_before_1_189642.csv,301,1100,2,1647.539349989272
open_2017_05_08_close_2017_05_08_flight_Fixed Wing_N550ND_before_1_189642.csv,302,1125,2,1677.9357725104753
open_2017_05_08_close_2017_05_08_flight_Fixed Wing_N550ND_before_1_189642.csv,303,1150,2,1690.2782388850926
open_2017_05_08_close_2017_05_08_flight_Fixed Wing_N550ND_before_1_189642.csv,304,1175,2,1709.1977275006168
open_2017_05_08_close_2017_05_08_flight_Fixed Wing_N550ND_before_1_189642.csv,305,1200,2,1722.327651133738
open_2017_05_08_close_2017_05_08_flight_Fixed Wing_N550ND_before_1_189642.csv,306,1225,2,1729.080122788912
open_2017_05_08_close_2017_05_08_flight_Fixed Wing_N550ND_before_1_189642.csv,307,1250,2,1711.0730321064243
open_2017_05_08_close_2017_05_08_flight_Fixed Wing_N550ND_before_1_189642.csv,308,1275,2,1701.551278672864
open_2017_05_08_close_2017_05_08_flight_Fixed Wing_N550ND_before_1_189642.csv,309,1300,2,1701.706917865446
open_2017_05_08_close_2017_05_08_flight_Fixed Wing_N550ND_before_1_189642.csv,310,1325,2,1702.9244591100035
open_2017_05_08_close_2017_05_08_flight_Fixed Wing_N550ND_before_1_189642.csv,311,1350,2,1705.3175550700992
open_2017_05_08_close_2017_05_08_flight_Fixed Wing_N550ND_before_1_189642.csv,312,1375,2,1712.7137807910822
open_2017_05_08_close_2017_05_08_flight_Fixed Wing_N550ND_before_1_189642.csv,313,1400,2,1717.4225224984175
open_2017_05_08_close_2017_05_08_flight_Fixed Wing_N550ND_before_1_189642.csv,314,1425,2,1718.769062007151
open_2017_05_08_close_2017_05_08_flight_Fixed Wing_N550ND_before_1_189642.csv,315,1450,2,1713.4850368965142
open_2017_05_08_close_2017_05_08_flight_Fixed Wing_N550ND_before_1_189642.csv,316,1475,2,1710.7326985548982
open_2017_05_08_close_2017_05_08_flight_Fixed Wing_N550ND_before_1_189642.csv,317,1500,2,1709.192372864266
open_2017_05_08_close_2017_05_08_flight_Fixed Wing_N550ND_before_1_189642.csv,318,1525,2,1706.9936983871014
open_2017_05_08_close_2017_05_08_flight_Fixed Wing_N550ND_before_1_189642.csv,319,1550,2,1709.741595474692
open_2017_05_08_close_2017_05_08_flight_Fixed Wing_N550ND_before_1_189642.csv,320,1575,2,1713.3384416615704
open_2017_05_08_close_2017_05_08_flight_Fixed Wing_N550ND_before_1_189642.csv,321,1600,2,1709.7050839895228
open_2017_05_08_close_2017_05_08_flight_Fixed Wing_N550ND_before_1_189642.csv,322,1625,2,1714.7652642390522
open_2017_05_08_close_2017_05_08_flight_Fixed Wing_N550ND_before_1_189642.csv,323,1650,2,1718.0779344710918
open_2017_05_08_close_2017_05_08_flight_Fixed Wing_N550ND_before_1_189642.csv,324,1675,2,1713.8044998734947
open_2017_05_08_close_2017_05_08_flight_Fixed Wing_N550ND_before_1_189642.csv,325,1700,2,1714.7160128913017
open_2017_05_08_close_2017_05_08_flight_Fixed Wing_N550ND_before_1_189642.csv,326,1725,2,1711.5836271259761
open_2017_05_08_close_2017_05_08_flight_Fixed Wing_N550ND_before_1_189642.csv,327,1750,2,1711.455385073798
open_2017_05_08_close_2017_05_08_flight_Fixed Wing_N550ND_before_1_189642.csv,328,1775,2,1711.895172147552
open_2017_05_08_close_2017_05_08_flight_Fixed Wing_N550ND_before_1_189642.csv,329,1800,2,1710.732930604322
open_2017_05_08_close_2017_05_08_flight_Fixed Wing_N550ND_before_1_189642.csv,330,1825,2,1710.473778796942
open_2017_05_08_close_2017_05_08_flight_Fixed Wing_N550ND_before_1_189642.csv,331,1850,2,1708.022043016675
open_2017_05_08_close_2017_05_08_flight_Fixed Wing_N550ND_before_1_189642.csv,332,1875,2,1707.6878048022572
open_2017_05_08_close_2017_05_08_flight_Fixed Wing_N550ND_before_1_189642.csv,333,1900,2,1707.8995992388834
open_2017_05_08_close_2017_05_08_flight_Fixed Wing_N550ND_before_1_189642.csv,334,1925,2,1707.4720189624657
open_2017_05_08_close_2017_05_08_flight_Fixed Wing_N550ND_before_1_189642.csv,335,1950,2,1707.064362607442
open_2017_05_08_close_2017_05_08_flight_Fixed Wing_N550ND_before_1_189642.csv,336,1975,2,1709.2654963225655
open_2017_05_08_close_2017_05_08_flight_Fixed Wing_N550ND_before_1_189642.csv,337,2000,2,1706.705860472396
open_2017_05_08_close_2017_05_08_flight_Fixed Wing_N550ND_before_1_189642.csv,338,2025,2,1702.598496832123
open_2017_05_08_close_2017_05_08_flight_Fixed Wing_N550ND_before_1_189642.csv,339,2050,2,1697.884740160332
open_2017_05_08_close_2017_05_08_flight_Fixed Wing_N550ND_before_1_189642.csv,340,2075,2,1700.0428821313578
open_2017_05_08_close_2017_05_08_flight_Fixed Wing_N550ND_before_1_189642.csv,341,2100,2,1701.8044164030289
open_2017_05_08_close_2017_05_08_flight_Fixed Wing_N550ND_before_1_189642.csv,342,2125,2,1701.8609877940933
open_2017_05_08_close_2017_05_08_flight_Fixed Wing_N550ND_before_1_189642.csv,343,2150,2,1701.1175264643794
open_2017_05_08_close_2017_05_08_flight_Fixed Wing_N550ND_before_1_189642.csv,344,2175,2,1706.0354620763997
open_2017_05_08_close_2017_05_08_flight_Fixed Wing_N550ND_before_1_189642.csv,345,2200,2,1699.8234306676077
open_2017_05_08_close_2017_05_08_flight_Fixed Wing_N550ND_before_1_189642.csv,346,2225,2,1696.2636796658994
open_2017_05_08_close_2017_05_08_flight_Fixed Wing_N550ND_before_1_189642.csv,347,2250,2,1689.3038608294057
open_2017_05_08_close_2017_05_08_flight_Fixed Wing_N550ND_before_1_189642.csv,348,2275,2,1683.1864324057613
open_2017_05_08_close_2017_05_08_flight_Fixed Wing_N550ND_before_1_189642.csv,349,2300,2,1676.2642500282043
open_2017_05_08_close_2017_05_08_flight_Fixed Wing_N550ND_before_1_189642.csv,350,2325,2,1683.4609559272822
open_2017_05_08_close_2017_05_08_flight_Fixed Wing_N550ND_before_1_189642.csv,351,2350,2,1686.2156469379513
open_2017_05_08_close_2017_05_08_flight_Fixed Wing_N550ND_before_1_189642.csv,352,2375,2,1687.1071344065654
open_2017_05_08_close_2017_05_08_flight_Fixed Wing_N550ND_before_1_189642.csv,353,2400,2,1676.1289339951347
open_2017_05_08_close_2017_05_08_flight_Fixed Wing_N550ND_before_1_189642.csv,354,2425,2,1672.2196588095367
open_2017_05_08_close_2017_05_08_flight_Fixed Wing_N550ND_before_1_189642.csv,355,2450,2,1672.908610585246
open_2017_05_08_close_2017_05_08_flight_Fixed Wing_N550ND_before_1_189642.csv,356,2475,2,1671.374559761591
open_2017_05_08_close_2017_05_08_flight_Fixed Wing_N550ND_before_1_189642.csv,357,2500,2,1682.071470112208
open_2017_05_08_close_2017_05_08_flight_Fixed Wing_N550ND_before_1_189642.csv,358,2525,2,1681.800720028447
open_2017_05_08_close_2017_05_08_flight_Fixed Wing_N550ND_before_1_189642.csv,359,2550,2,1684.774657696176
open_2017_05_08_close_2017_05_08_flight_Fixed Wing_N550ND_before_1_189642.csv,360,2575,2,1689.9527308912404
open_2017_05_08_close_2017_05_08_flight_Fixed Wing_N550ND_before_1_189642.csv,361,2600,2,1640.9782915248272
open_2017_05_08_close_2017_05_08_flight_Fixed Wing_N550ND_before_1_189642.csv,362,2625,2,1537.4938452993565
open_2017_05_08_close_2017_05_08_flight_Fixed Wing_N550ND_before_1_189642.csv,363,2650,2,1634.145797272346
open_2017_05_08_close_2017_05_08_flight_Fixed Wing_N550ND_before_1_189642.csv,364,2675,2,1692.1500427951394
open_2017_05_08_close_2017_05_08_flight_Fixed Wing_N550ND_before_1_189642.csv,365,2700,2,1643.3420667403707
open_2017_05_08_close_2017_05_08_flight_Fixed Wing_N550ND_before_1_189642.csv,366,2725,2,1618.1344176882071
open_2017_05_08_close_2017_05_08_flight_Fixed Wing_N550ND_before_1_189642.csv,367,2750,2,1670.7804738270438
open_2017_05_08_close_2017_05_08_flight_Fixed Wing_N550ND_before_1_189642.csv,368,2775,2,1644.676028073804
open_2017_05_08_close_2017_05_08_flight_Fixed Wing_N550ND_before_1_189642.csv,369,2800,2,1403.9734156797476
open_2017_05_08_close_2017_05_08_flight_Fixed Wing_N550ND_before_1_189642.csv,370,2825,2,1466.9987387014128
open_2017_05_08_close_2017_05_08_flight_Fixed Wing_N550ND_before_1_189642.csv,371,2850,2,1505.6608172861545
open_2017_05_08_close_2017_05_08_flight_Fixed Wing_N550ND_before_1_189642.csv,372,2875,2,1524.3109051694407
open_2017_05_08_close_2017_05_08_flight_Fixed Wing_N550ND_before_1_189642.csv,373,2900,2,1566.452854749414
open_2017_05_08_close_2017_05_08_flight_Fixed Wing_N550ND_before_1_189642.csv,374,2925,2,1588.8484450437918
open_2017_05_08_close_2017_05_08_flight_Fixed Wing_N550ND_before_1_189642.csv,375,2950,2,1554.994999665619
open_2017_05_08_close_2017_05_08_flight_Fixed Wing_N550ND_before_1_189642.csv,376,2975,2,1531.5130259861771
open_2017_05_08_close_2017_05_08_flight_Fixed Wing_N550ND_before_1_189642.csv,377,3000,2,1573.4870746012346
open_2017_05_08_close_2017_05_08_flight_Fixed Wing_N550ND_before_1_189642.csv,378,3025,2,1667.1808384407277
open_2017_05_08_close_2017_05_08_flight_Fixed Wing_N550ND_before_1_189642.csv,379,3050,2,1569.6130096966867
open_2017_05_08_close_2017_05_08_flight_Fixed Wing_N550ND_before_1_189642.csv,380,3075,2,1260.6261353021846
open_2017_05_08_close_2017_05_08_flight_Fixed Wing_N550ND_before_1_189642.csv,381,3100,2,723.046805518566
open_2017_05_08_close_2017_05_08_flight_Fixed Wing_N550ND_before_1_189642.csv,382,3125,2,1120.8787685560935
open_2017_05_08_close_2017_05_08_flight_Fixed Wing_N550ND_before_1_189642.csv,383,3150,2,1480.395295102552
open_2017_05_08_close_2017_05_08_flight_Fixed Wing_N550ND_before_1_189642.csv,384,3175,2,1609.6492722483133
open_2017_05_08_close_2017_05_08_flight_Fixed Wing_N550ND_before_1_189642.csv,385,3200,2,1697.3251038749493
open_2017_05_08_close_2017_05_08_flight_Fixed Wing_N550ND_before_1_189642.csv,386,3225,2,1660.780625439205
open_2017_05_08_close_2017_05_08_flight_Fixed Wing_N550ND_before_1_189642.csv,387,3250,2,1635.1984537398353
open_2017_05_08_close_2017_05_08_flight_Fixed Wing_N550ND_before_1_189642.csv,388,3275,2,1730.0666057903297
open_2017_05_08_close_2017_05_08_flight_Fixed Wing_N550ND_before_1_189642.csv,389,3300,2,1748.9940428628265
open_2017_05_08_close_2017_05_08_flight_Fixed Wing_N550ND_before_1_189642.csv,390,3325,2,1731.912268989663
open_2017_05_08_close_2017_05_08_flight_Fixed Wing_N550ND_before_1_189642.csv,391,3350,2,1732.907809720202
open_2017_05_08_close_2017_05_08_flight_Fixed Wing_N550ND_before_1_189642.csv,392,3375,2,1728.7210779808802
open_2017_05_08_close_2017_05_08_flight_Fixed Wing_N550ND_before_1_189642.csv,393,3400,2,1646.8260359750227
open_2017_05_08_close_2017_05_08_flight_Fixed Wing_N550ND_before_1_189642.csv,394,3425,2,1574.2605279810232
open_2017_05_08_close_2017_05_08_flight_Fixed Wing_N550ND_before_1_189642.csv,395,3450,2,1513.888338929993
open_2017_05_08_close_2017_05_08_flight_Fixed Wing_N550ND_before_1_189642.csv,396,3475,2,1501.6327586134134
open_2017_05_08_close_2017_05_08_flight_Fixed Wing_N550ND_before_1_189642.csv,397,3500,2,1501.6242428461628
open_2017_05_08_close_2017_05_08_flight_Fixed Wing_N550ND_before_1_189642.csv,398,3525,2,1504.8894426386034
open_2017_05_08_close_2017_05_08_flight_Fixed Wing_N550ND_before_1_189642.csv,399,3550,2,1505.716855639478
open_2017_05_08_close_2017_05_08_flight_Fixed Wing_N550ND_before_1_189642.csv,400,3575,2,1489.083470252253
open_2017_05_08_close_2017_05_08_flight_Fixed Wing_N550ND_before_1_189642.csv,401,3600,2,1484.0955228309786
open_2017_05_08_close_2017_05_08_flight_Fixed Wing_N550ND_before_1_189642.csv,402,3625,2,1479.8796854830173
open_2017_05_08_close_2017_05_08_flight_Fixed Wing_N550ND_before_1_189642.csv,403,3650,2,1426.6148837187418
open_2017_05_08_close_2017_05_08_flight_Fixed Wing_N550ND_before_1_189642.csv,404,3675,2,1422.460340701319
open_2017_05_08_close_2017_05_08_flight_Fixed Wing_N550ND_before_1_189642.csv,405,3700,2,1397.197789518459
open_2017_05_08_close_2017_05_08_flight_Fixed Wing_N550ND_before_1_189642.csv,406,3725,2,1397.3761650841288
open_2017_05_08_close_2017_05_08_flight_Fixed Wing_N550ND_before_1_189642.csv,407,3750,2,1455.35048743529
open_2017_05_08_close_2017_05_08_flight_Fixed Wing_N550ND_before_1_189642.csv,408,3775,2,922.7598186943202
open_2017_05_08_close_2017_05_08_flight_Fixed Wing_N550ND_before_1_189642.csv,409,3800,2,1155.0273361884701
open_2017_05_08_close_2017_05_08_flight_Fixed Wing_N550ND_before_1_189642.csv,410,3825,2,1544.7955549869964
open_2017_05_08_close_2017_05_08_flight_Fixed Wing_N550ND_before_1_189642.csv,411,3850,2,1583.097018001648
open_2017_05_08_close_2017_05_08_flight_Fixed Wing_N550ND_before_1_189642.csv,412,3875,2,1588.1585685671582
open_2017_05_08_close_2017_05_08_flight_Fixed Wing_N550ND_before_1_189642.csv,413,3900,2,1624.0791231671922
open_2017_05_08_close_2017_05_08_flight_Fixed Wing_N550ND_before_1_189642.csv,414,3925,2,1578.727343807021
open_2017_05_08_close_2017_05_08_flight_Fixed Wing_N550ND_before_1_189642.csv,415,3950,2,1521.7022988557333
open_2017_05_08_close_2017_05_08_flight_Fixed Wing_N550ND_before_1_189642.csv,416,3975,2,1495.0521143598278
open_2017_05_08_close_2017_05_08_flight_Fixed Wing_N550ND_before_1_189642.csv,417,4000,2,1425.358619715434
open_2017_05_08_close_2017_05_08_flight_Fixed Wing_N550ND_before_1_189642.csv,418,4025,2,1407.7360838185577
open_2017_05_08_close_2017_05_08_flight_Fixed Wing_N550ND_before_1_189642.csv,419,4050,2,1447.170501861467
open_2017_05_08_close_2017_05_08_flight_Fixed Wing_N550ND_before_1_189642.csv,420,4075,2,1290.0320096171085
open_2017_05_08_close_2017_05_08_flight_Fixed Wing_N550ND_before_1_189642.csv,421,4100,2,760.680282770504
open_2017_05_08_close_2017_05_08_flight_Fixed Wing_N550ND_before_1_189642.csv,422,4125,2,1396.960582091655
open_2017_05_08_close_2017_05_08_flight_Fixed Wing_N550ND_before_1_189642.csv,423,4150,2,1561.2527086056248
open_2017_05_08_close_2017_05_08_flight_Fixed Wing_N550ND_before_1_189642.csv,424,4175,2,1588.0417083307586
open_2017_05_08_close_2017_05_08_flight_Fixed Wing_N550ND_before_1_189642.csv,425,4200,2,1591.3881155744546
open_2017_05_08_close_2017_05_08_flight_Fixed Wing_N550ND_before_1_189642.csv,426,4225,2,1630.8262843225823
open_2017_05_08_close_2017_05_08_flight_Fixed Wing_N550ND_before_1_189642.csv,427,4250,2,1570.1483712323393
open_2017_05_08_close_2017_05_08_flight_Fixed Wing_N550ND_before_1_189642.csv,428,4275,2,1507.684699610068
open_2017_05_08_close_2017_05_08_flight_Fixed Wing_N550ND_before_1_189642.csv,429,4300,2,1457.7685242967855
open_2017_05_08_close_2017_05_08_flight_Fixed Wing_N550ND_before_1_189642.csv,430,4325,2,1435.9708524514822
open_2017_05_08_close_2017_05_08_flight_Fixed Wing_N550ND_before_1_189642.csv,431,4350,2,1394.0967962233362
open_2017_05_08_close_2017_05_08_flight_Fixed Wing_N550ND_before_1_189642.csv,432,4375,2,1106.9283394652575
open_2017_05_08_close_2017_05_08_flight_Fixed Wing_N550ND_before_1_189642.csv,433,4400,2,1033.804311364531
open_2017_05_08_close_2017_05_08_flight_Fixed Wing_N550ND_before_1_189642.csv,434,4425,2,1536.9000105053012
open_2017_05_08_close_2017_05_08_flight_Fixed Wing_N550ND_before_1_189642.csv,435,4450,2,1578.624080768117
open_2017_05_08_close_2017_05_08_flight_Fixed Wing_N550ND_before_1_189642.csv,436,4475,2,1586.3510944826407
open_2017_05_08_close_2017_05_08_flight_Fixed Wing_N550ND_before_1_189642.csv,437,4500,2,1589.9797947363752
open_2017_05_08_close_2017_05_08_flight_Fixed Wing_N550ND_before_1_189642.csv,438,4525,2,1594.8564064927623
open_2017_05_08_close_2017_05_08_flight_Fixed Wing_N550ND_before_1_189642.csv,439,4550,2,1590.4975472085257
open_2017_05_08_close_2017_05_08_flight_Fixed Wing_N550ND_before_1_189642.csv,440,4575,2,1616.3273101485313
open_2017_05_08_close_2017_05_08_flight_Fixed Wing_N550ND_before_1_189642.csv,441,4600,2,1613.0747660783234
open_2017_05_08_close_2017_05_08_flight_Fixed Wing_N550ND_before_1_189642.csv,442,4625,2,1637.2608441657783
open_2017_05_08_close_2017_05_08_flight_Fixed Wing_N550ND_before_1_189642.csv,443,4650,2,1637.0106401722567
open_2017_05_08_close_2017_05_08_flight_Fixed Wing_N550ND_before_1_189642.csv,444,4675,2,1615.8603734506823
open_2017_05_08_close_2017_05_08_flight_Fixed Wing_N550ND_before_1_189642.csv,445,4700,2,1605.1763108257078
open_2017_05_08_close_2017_05_08_flight_Fixed Wing_N550ND_before_1_189642.csv,446,4725,2,1618.3457680716976
open_2017_05_08_close_2017_05_08_flight_Fixed Wing_N550ND_before_1_189642.csv,447,4750,2,1625.746123646994
open_2017_05_08_close_2017_05_08_flight_Fixed Wing_N550ND_before_1_189642.csv,448,4775,2,1623.0525564606673
open_2017_05_08_close_2017_05_08_flight_Fixed Wing_N550ND_before_1_189642.csv,449,4800,2,1623.8639307582084
open_2017_05_08_close_2017_05_08_flight_Fixed Wing_N550ND_before_1_189642.csv,450,4825,2,1623.3921101999426
open_2017_05_08_close_2017_05_08_flight_Fixed Wing_N550ND_before_1_189642.csv,451,4850,2,1623.2695777608433
open_2017_05_08_close_2017_05_08_flight_Fixed Wing_N550ND_before_1_189642.csv,452,4875,2,1623.490599125665
open_2017_05_08_close_2017_05_08_flight_Fixed Wing_N550ND_before_1_189642.csv,453,4900,2,1624.8323300479437
open_2017_05_08_close_2017_05_08_flight_Fixed Wing_N550ND_before_1_189642.csv,454,4925,2,1624.4099296355014
open_2017_05_08_close_2017_05_08_flight_Fixed Wing_N550ND_before_1_189642.csv,455,4950,2,1625.2287832409024
open_2017_05_08_close_2017_05_08_flight_Fixed Wing_N550ND_before_1_189642.csv,456,4975,2,1625.8083861833654
open_2017_05_08_close_2017_05_08_flight_Fixed Wing_N550ND_before_1_189642.csv,457,5000,2,1625.3230672115492
open_2017_05_08_close_2017_05_08_flight_Fixed Wing_N550ND_before_1_189642.csv,458,5025,2,1625.883228392725
open_2017_05_08_close_2017_05_08_flight_Fixed Wing_N550ND_before_1_189642.csv,459,5050,2,1626.3077609969848
open_2017_05_08_close_2017_05_08_flight_Fixed Wing_N550ND_before_1_189642.csv,460,5075,2,1621.9680326333287
open_2017_05_08_close_2017_05_08_flight_Fixed Wing_N550ND_before_1_189642.csv,461,5100,2,1595.8728161284726
open_2017_05_08_close_2017_05_08_flight_Fixed Wing_N550ND_before_1_189642.csv,462,5125,2,1574.4087395748368
open_2017_05_08_close_2017_05_08_flight_Fixed Wing_N550ND_before_1_189642.csv,463,5150,2,1565.335209944273
open_2017_05_08_close_2017_05_08_flight_Fixed Wing_N550ND_before_1_189642.csv,464,5175,2,1574.0176477633754
open_2017_05_08_close_2017_05_08_flight_Fixed Wing_N550ND_before_1_189642.csv,465,5200,2,1597.753173678234
open_2017_05_08_close_2017_05_08_flight_Fixed Wing_N550ND_before_1_189642.csv,466,5225,2,1569.3313991952036
open_2017_05_08_close_2017_05_08_flight_Fixed Wing_N550ND_before_1_189642.csv,467,5250,2,1185.9053112573936
open_2017_05_08_close_2017_05_08_flight_Fixed Wing_N550ND_before_1_189642.csv,468,5275,2,870.6491554270677
open_2017_05_08_close_2017_05_08_flight_Fixed Wing_N550ND_before_1_189642.csv,469,5300,2,1309.688492880239
open_2017_05_08_close_2017_05_08_flight_Fixed Wing_N550ND_before_1_189642.csv,470,5325,2,1411.3433445230448
open_2017_05_08_close_2017_05_08_flight_Fixed Wing_N550ND_before_1_189642.csv,471,5350,2,1293.0506612907352
open_2017_05_08_close_2017_05_08_flight_Fixed Wing_N550ND_before_1_189642.csv,472,5375,2,702.8725173468707
open_2017_05_08_close_2017_05_08_flight_Fixed Wing_N550ND_before_1_189642.csv,473,5400,2,900.8076627853146
open_2017_05_08_close_2017_05_08_flight_Fixed Wing_N550ND_before_1_189642.csv,474,5425,2,943.6857031728521
open_2017_05_08_close_2017_05_08_flight_Fixed Wing_N550ND_before_1_189642.csv,475,5450,2,881.0291315113906
open_2017_05_08_close_2017_05_08_flight_Fixed Wing_N550ND_before_1_189642.csv,476,5475,2,1049.0604059377974
open_2017_05_08_close_2017_05_08_flight_Fixed Wing_N550ND_before_1_189642.csv,477,5500,2,644.7356347967036
open_2017_05_08_close_2017_05_08_flight_Fixed Wing_N550ND_before_1_189642.csv,478,5525,2,888.821830262518
open_2017_05_08_close_2017_05_08_flight_Fixed Wing_N550ND_before_1_189642.csv,479,5550,2,735.9522844675855
open_2017_05_08_close_2017_05_08_flight_Fixed Wing_N550ND_before_1_189642.csv,480,5575,2,786.65479724992
open_2017_05_08_close_2017_05_08_flight_Fixed Wing_N550ND_before_1_189642.csv,481,5600,2,734.0334568775369
open_2017_05_08_close_2017_05_08_flight_Fixed Wing_N550ND_before_1_189642.csv,482,5625,2,654.4476943631973
open_2017_05_08_close_2017_05_08_flight_Fixed Wing_N550ND_before_2_189656.csv,483,0,2,1203.1570873313035
open_2017_05_08_close_2017_05_08_flight_Fixed Wing_N550ND_before_2_189656.csv,484,25,2,1234.2769441194393
open_2017_05_08_close_2017_05_08_flight_Fixed Wing_N550ND_before_2_189656.csv,485,50,2,1284.1079807709684
open_2017_05_08_close_2017_05_08_flight_Fixed Wing_N550ND_before_2_189656.csv,486,75,2,1199.72748876153
open_2017_05_08_close_2017_05_08_flight_Fixed Wing_N550ND_before_2_189656.csv,487,100,2,1198.1041416328503
open_2017_05_08_close_2017_05_08_flight_Fixed Wing_N550ND_before_2_189656.csv,488,125,2,1227.200611328329
open_2017_05_08_close_2017_05_08_flight_Fixed Wing_N550ND_before_2_189656.csv,489,150,2,1233.946151434472
open_2017_05_08_close_2017_05_08_flight_Fixed Wing_N550ND_before_2_189656.csv,490,175,2,1226.746027706571
open_2017_05_08_close_2017_05_08_flight_Fixed Wing_N550ND_before_2_189656.csv,491,200,2,1247.2642032472818
open_2017_05_08_close_2017_05_08_flight_Fixed Wing_N550ND_before_2_189656.csv,492,225,2,1262.5631605139877
open_2017_05_08_close_2017_05_08_flight_Fixed Wing_N550ND_before_2_189656.csv,493,250,2,1260.738426033623
open_2017_05_08_close_2017_05_08_flight_Fixed Wing_N550ND_before_2_189656.csv,494,275,2,1254.1148769021104
open_2017_05_08_close_2017_05_08_flight_Fixed Wing_N550ND_before_2_189656.csv,495,300,2,1251.2235134859523
open_2017_05_08_close_2017_05_08_flight_Fixed Wing_N550ND_before_2_189656.csv,496,325,2,1279.7046504996429
open_2017_05_08_close_2017_05_08_flight_Fixed Wing_N550ND_before_2_189656.csv,497,350,2,1254.6558930513477
open_2017_05_08_close_2017_05_08_flight_Fixed Wing_N550ND_before_2_189656.csv,498,375,2,899.4021457610881
open_2017_05_08_close_2017_05_08_flight_Fixed Wing_N550ND_before_2_189656.csv,499,400,2,998.3829827953195
open_2017_05_08_close_2017_05_08_flight_Fixed Wing_N550ND_before_2_189656.csv,500,425,2,1024.325940546494
open_2017_05_08_close_2017_05_08_flight_Fixed Wing_N550ND_before_2_189656.csv,501,450,2,847.6313012502017
open_2017_05_08_close_2017_05_08_flight_Fixed Wing_N550ND_before_2_189656.csv,502,475,2,852.7918758263955
open_2017_05_08_close_2017_05_08_flight_Fixed Wing_N550ND_before_2_189656.csv,503,500,2,993.842550151542
open_2017_05_08_close_2017_05_08_flight_Fixed Wing_N550ND_before_2_189656.csv,504,525,2,989.0108593924928
open_2017_05_08_close_2017_05_08_flight_Fixed Wing_N550ND_before_2_189656.csv,505,550,2,781.1928160670011
open_2017_05_08_close_2017_05_08_flight_Fixed Wing_N550ND_before_2_189656.csv,506,575,2,1144.8420985094926
open_2017_05_08_close_2017_05_08_flight_Fixed Wing_N550ND_before_2_189656.csv,507,600,2,1147.2458504092037
open_2017_05_08_close_2017_05_08_flight_Fixed Wing_N550ND_before_2_189656.csv,508,625,2,871.9275500698926
open_2017_05_08_close_2017_05_08_flight_Fixed Wing_N550ND_before_2_189656.csv,509,650,2,1002.3197682136309
open_2017_05_08_close_2017_05_08_flight_Fixed Wing_N550ND_before_2_189656.csv,510,675,2,1163.9329401191828
open_2017_05_08_close_2017_05_08_flight_Fixed Wing_N550ND_before_2_189656.csv,511,700,2,1326.1735746054999
open_2017_05_08_close_2017_05_08_flight_Fixed Wing_N550ND_before_2_189656.csv,512,725,2,1446.8495038875956
open_2017_05_08_close_2017_05_08_flight_Fixed Wing_N550ND_before_2_189656.csv,513,750,2,1258.914875185524
open_2017_05_08_close_2017_05_08_flight_Fixed Wing_N550ND_before_2_189656.csv,514,775,2,1212.8393708482752
open_2017_05_08_close_2017_05_08_flight_Fixed Wing_N550ND_before_2_189656.csv,515,800,2,1125.940861356482
open_2017_05_08_close_2017_05_08_flight_Fixed Wing_N550ND_before_2_189656.csv,516,825,2,1099.9129223295745
open_2017_05_08_close_2017_05_08_flight_Fixed Wing_N550ND_before_2_189656.csv,517,850,2,1127.7086606332932
open_2017_05_08_close_2017_05_08_flight_Fixed Wing_N550ND_before_2_189656.csv,518,875,2,1118.0960751252055
open_2017_05_08_close_2017_05_08_flight_Fixed Wing_N550ND_before_2_189656.csv,519,900,2,1129.5132884035693
open_2017_05_08_close_2017_05_08_flight_Fixed Wing_N550ND_before_2_189656.csv,520,925,2,1137.0868299937808
open_2017_05_08_close_2017_05_08_flight_Fixed Wing_N550ND_before_2_189656.csv,521,950,2,1152.2123530635565
open_2017_05_08_close_2017_05_08_flight_Fixed Wing_N550ND_before_2_189656.csv,522,975,2,1159.4209420750742
open_2017_05_08_close_2017_05_08_flight_Fixed Wing_N550ND_before_2_189656.csv,523,1000,2,1151.8693574605393
open_2017_05_08_close_2017_05_08_flight_Fixed Wing_N550ND_before_2_189656.csv,524,1025,2,1211.183127121208
open_2017_05_08_close_2017_05_08_flight_Fixed Wing_N550ND_before_2_189656.csv,525,1050,2,961.6729994342245
open_2017_05_08_close_2017_05_08_flight_Fixed Wing_N550ND_before_2_189656.csv,526,1075,2,854.0688057417657
open_2017_05_08_close_2017_05_08_flight_Fixed Wing_N550ND_before_2_189656.csv,527,1100,2,843.4794403996457
open_2017_05_08_close_2017_05_08_flight_Fixed Wing_N550ND_before_2_189656.csv,528,1125,2,935.0350088145452
open_2017_05_08_close_2017_05_08_flight_Fixed Wing_N550ND_before_2_189656.csv,529,1150,2,1315.4465754636526
open_2017_05_08_close_2017_05_08_flight_Fixed Wing_N550ND_before_2_189656.csv,530,1175,2,1522.6739724809377
open_2017_05_08_close_2017_05_08_flight_Fixed Wing_N550ND_before_2_189656.csv,531,1200,2,1579.3078613680962
open_2017_05_08_close_2017_05_08_flight_Fixed Wing_N550ND_before_2_189656.csv,532,1225,2,1587.2754745869486
open_2017_05_08_close_2017_05_08_flight_Fixed Wing_N550ND_before_2_189656.csv,533,1250,2,1585.4771883550122
open_2017_05_08_close_2017_05_08_flight_Fixed Wing_N550ND_before_2_189656.csv,534,1275,2,1594.066063115124
open_2017_05_08_close_2017_05_08_flight_Fixed Wing_N550ND_before_2_189656.csv,535,1300,2,1593.1547322000386
open_2017_05_08_close_2017_05_08_flight_Fixed Wing_N550ND_before_2_189656.csv,536,1325,2,1586.5873877805216
open_2017_05_08_close_2017_05_08_flight_Fixed Wing_N550ND_before_2_189656.csv,537,1350,2,1580.2298047500353
open_2017_05_08_close_2017_05_08_flight_Fixed Wing_N550ND_before_2_189656.csv,538,1375,2,1587.3577886690668
open_2017_05_08_close_2017_05_08_flight_Fixed Wing_N550ND_before_2_189656.csv,539,1400,2,1578.306003640518
open_2017_05_08_close_2017_05_08_flight_Fixed Wing_N550ND_before_2_189656.csv,540,1425,2,1561.535407654857
open_2017_05_08_close_2017_05_08_flight_Fixed Wing_N550ND_before_2_189656.csv,541,1450,2,1575.741640335365
open_2017_05_08_close_2017_05_08_flight_Fixed Wing_N550ND_before_2_189656.csv,542,1475,2,1627.5022084554996
open_2017_05_08_close_2017_05_08_flight_Fixed Wing_N550ND_before_2_189656.csv,543,1500,2,1645.0276217471173
open_2017_05_08_close_2017_05_08_flight_Fixed Wing_N550ND_before_2_189656.csv,544,1525,2,1744.5184912584832
open_2017_05_08_close_2017_05_08_flight_Fixed Wing_N550ND_before_2_189656.csv,545,1550,2,1755.1028489271184
open_2017_05_08_close_2017_05_08_flight_Fixed Wing_N550ND_before_2_189656.csv,546,1575,2,1749.7669017748744
open_2017_05_08_close_2017_05_08_flight_Fixed Wing_N550ND_before_2_189656.csv,547,1600,2,1755.442969538551
open_2017_05_08_close_2017_05_08_flight_Fixed Wing_N550ND_before_2_189656.csv,548,1625,2,1755.2041979126375
open_2017_05_08_close_2017_05_08_flight_Fixed Wing_N550ND_before_2_189656.csv,549,1650,2,1757.1818195478136
open_2017_05_08_close_2017_05_08_flight_Fixed Wing_N550ND_before_2_189656.csv,550,1675,2,1749.4625193232976
open_2017_05_08_close_2017_05_08_flight_Fixed Wing_N550ND_before_2_189656.csv,551,1700,2,1736.2789598754841
open_2017_05_08_close_2017_05_08_flight_Fixed Wing_N550ND_before_2_189656.csv,552,1725,2,1706.9007064224031
open_2017_05_08_close_2017_05_08_flight_Fixed Wing_N550ND_before_2_189656.csv,553,1750,2,1691.7536031880215
open_2017_05_08_close_2017_05_08_flight_Fixed Wing_N550ND_before_2_189656.csv,554,1775,2,1687.4535364457272
open_2017_05_08_close_2017_05_08_flight_Fixed Wing_N550ND_before_2_189656.csv,555,1800,2,1714.0848429520813
open_2017_05_08_close_2017_05_08_flight_Fixed Wing_N550ND_before_2_189656.csv,556,1825,2,1712.1028257038122
open_2017_05_08_close_2017_05_08_flight_Fixed Wing_N550ND_before_2_189656.csv,557,1850,2,1708.7934462137666
open_2017_05_08_close_2017_05_08_flight_Fixed Wing_N550ND_before_2_189656.csv,558,1875,2,1677.565605653687
open_2017_05_08_close_2017_05_08_flight_Fixed Wing_N550ND_before_2_189656.csv,559,1900,2,1666.486751213915
open_2017_05_08_close_2017_05_08_flight_Fixed Wing_N550ND_before_2_189656.csv,560,1925,2,1701.4310453643038
open_2017_05_08_close_2017_05_08_flight_Fixed Wing_N550ND_before_2_189656.csv,561,1950,2,1708.046918024381
open_2017_05_08_close_2017_05_08_flight_Fixed Wing_N550ND_before_2_189656.csv,562,1975,2,1724.8777703071007
open_2017_05_08_close_2017_05_08_flight_Fixed Wing_N550ND_before_2_189656.csv,563,2000,2,1709.986384416052
open_2017_05_08_close_2017_05_08_flight_Fixed Wing_N550ND_before_2_189656.csv,564,2025,2,1656.3194976851519
open_2017_05_08_close_2017_05_08_flight_Fixed Wing_N550ND_before_2_189656.csv,565,2050,2,1633.7200603420747
open_2017_05_08_close_2017_05_08_flight_Fixed Wing_N550ND_before_2_189656.csv,566,2075,2,1656.729720787884
open_2017_05_08_close_2017_05_08_flight_Fixed Wing_N550ND_before_2_189656.csv,567,2100,2,1663.3427380560333
open_2017_05_08_close_2017_05_08_flight_Fixed Wing_N550ND_before_2_189656.csv,568,2125,2,1666.3036694201292
open_2017_05_08_close_2017_05_08_flight_Fixed Wing_N550ND_before_2_189656.csv,569,2150,2,1662.2203150664932
open_2017_05_08_close_2017_05_08_flight_Fixed Wing_N550ND_before_2_189656.csv,570,2175,2,1664.1124010516846
open_2017_05_08_close_2017_05_08_flight_Fixed Wing_N550ND_before_2_189656.csv,571,2200,2,1671.5052776794396
open_2017_05_08_close_2017_05_08_flight_Fixed Wing_N550ND_before_2_189656.csv,572,2225,2,1667.7352180523053
open_2017_05_08_close_2017_05_08_flight_Fixed Wing_N550ND_before_2_189656.csv,573,2250,2,1662.944384326631
open_2017_05_08_close_2017_05_08_flight_Fixed Wing_N550ND_before_2_189656.csv,574,2275,2,1656.8515282554033
open_2017_05_08_close_2017_05_08_flight_Fixed Wing_N550ND_before_2_189656.csv,575,2300,2,1653.1603303610539
open_2017_05_08_close_2017_05_08_flight_Fixed Wing_N550ND_before_2_189656.csv,576,2325,2,1653.5151814661892
open_2017_05_08_close_2017_05_08_flight_Fixed Wing_N550ND_before_2_189656.csv,577,2350,2,1655.5340567351927
open_2017_05_08_close_2017_05_08_flight_Fixed Wing_N550ND_before_2_189656.csv,578,2375,2,1668.8448206876537
open_2017_05_08_close_2017_05_08_flight_Fixed Wing_N550ND_before_2_189656.csv,579,2400,2,1672.4385997078477
open_2017_05_08_close_2017_05_08_flight_Fixed Wing_N550ND_before_2_189656.csv,580,2425,2,1672.6220118358415
open_2017_05_08_close_2017_05_08_flight_Fixed Wing_N550ND_before_2_189656.csv,581,2450,2,1692.3835560351688
open_2017_05_08_close_2017_05_08_flight_Fixed Wing_N550ND_before_2_189656.csv,582,2475,2,1694.4709707003028
open_2017_05_08_close_2017_05_08_flight_Fixed Wing_N550ND_before_2_189656.csv,583,2500,2,1675.046298184457
open_2017_05_08_close_2017_05_08_flight_Fixed Wing_N550ND_before_2_189656.csv,584,2525,2,1679.0889624565818
open_2017_05_08_close_2017_05_08_flight_Fixed Wing_N550ND_before_2_189656.csv,585,2550,2,1686.5479111382874
open_2017_05_08_close_2017_05_08_flight_Fixed Wing_N550ND_before_2_189656.csv,586,2575,2,1673.235689728607
open_2017_05_08_close_2017_05_08_flight_Fixed Wing_N550ND_before_2_189656.csv,587,2600,2,1665.80369269567
open_2017_05_08_close_2017_05_08_flight_Fixed Wing_N550ND_before_2_189656.csv,588,2625,2,1686.9870165470122
open_2017_05_08_close_2017_05_08_flight_Fixed Wing_N550ND_before_2_189656.csv,589,2650,2,1689.532354477071
open_2017_05_08_close_2017_05_08_flight_Fixed Wing_N550ND_before_2_189656.csv,590,2675,2,1676.2069167682996
open_2017_05_08_close_2017_05_08_flight_Fixed Wing_N550ND_before_2_189656.csv,591,2700,2,1667.991986583123
open_2017_05_08_close_2017_05_08_flight_Fixed Wing_N550ND_before_2_189656.csv,592,2725,2,1659.494149094491
open_2017_05_08_close_2017_05_08_flight_Fixed Wing_N550ND_before_2_189656.csv,593,2750,2,1661.1479003168063
open_2017_05_08_close_2017_05_08_flight_Fixed Wing_N550ND_before_2_189656.csv,594,2775,2,1661.2057725276732
open_2017_05_08_close_2017_05_08_flight_Fixed Wing_N550ND_before_2_189656.csv,595,2800,2,1675.0952882883694
open_2017_05_08_close_2017_05_08_flight_Fixed Wing_N550ND_before_2_189656.csv,596,2825,2,1665.3519723707057
open_2017_05_08_close_2017_05_08_flight_Fixed Wing_N550ND_before_2_189656.csv,597,2850,2,1651.2456001182
open_2017_05_08_close_2017_05_08_flight_Fixed Wing_N550ND_before_2_189656.csv,598,2875,2,1650.647381274754
open_2017_05_08_close_2017_05_08_flight_Fixed Wing_N550ND_before_2_189656.csv,599,2900,2,1654.4665007409458
open_2017_05_08_close_2017_05_08_flight_Fixed Wing_N550ND_before_2_189656.csv,600,2925,2,1653.8737239169668
open_2017_05_08_close_2017_05_08_flight_Fixed Wing_N550ND_before_2_189656.csv,601,2950,2,1635.0620651746335
open_2017_05_08_close_2017_05_08_flight_Fixed Wing_N550ND_before_2_189656.csv,602,2975,2,1637.475153227584
open_2017_05_08_close_2017_05_08_flight_Fixed Wing_N550ND_before_2_189656.csv,603,3000,2,1666.3849884782658
open_2017_05_08_close_2017_05_08_flight_Fixed Wing_N550ND_before_2_189656.csv,604,3025,2,1679.492180878155
open_2017_05_08_close_2017_05_08_flight_Fixed Wing_N550ND_before_2_189656.csv,605,3050,2,1651.8626977605957
open_2017_05_08_close_2017_05_08_flight_Fixed Wing_N550ND_before_2_189656.csv,606,3075,2,1653.8188297965205
open_2017_05_08_close_2017_05_08_flight_Fixed Wing_N550ND_before_2_189656.csv,607,3100,2,1661.0510810296744
open_2017_05_08_close_2017_05_08_flight_Fixed Wing_N550ND_before_2_189656.csv,608,3125,2,1661.3020570042825
open_2017_05_08_close_2017_05_08_flight_Fixed Wing_N550ND_before_2_189656.csv,609,3150,2,1639.8091443672988
open_2017_05_08_close_2017_05_08_flight_Fixed Wing_N550ND_before_2_189656.csv,610,3175,2,1613.6285001810922
open_2017_05_08_close_2017_05_08_flight_Fixed Wing_N550ND_before_2_189656.csv,611,3200,2,1600.5701823278293
open_2017_05_08_close_2017_05_08_flight_Fixed Wing_N550ND_before_2_189656.csv,612,3225,2,1619.0708308344927
open_2017_05_08_close_2017_05_08_flight_Fixed Wing_N550ND_before_2_189656.csv,613,3250,2,1674.2275382872208
open_2017_05_08_close_2017_05_08_flight_Fixed Wing_N550ND_before_2_189656.csv,614,3275,2,1684.1725124727632
open_2017_05_08_close_2017_05_08_flight_Fixed Wing_N550ND_before_2_189656.csv,615,3300,2,1677.2548743859543
open_2017_05_08_close_2017_05_08_flight_Fixed Wing_N550ND_before_2_189656.csv,616,3325,2,1670.0402128545586
open_2017_05_08_close_2017_05_08_flight_Fixed Wing_N550ND_before_2_189656.csv,617,3350,2,1669.3067390961455
open_2017_05_08_close_2017_05_08_flight_Fixed Wing_N550ND_before_2_189656.csv,618,3375,2,1665.7955251432986
open_2017_05_08_close_2017_05_08_flight_Fixed Wing_N550ND_before_2_189656.csv,619,3400,2,1670.7011999384792
open_2017_05_08_close_2017_05_08_flight_Fixed Wing_N550ND_before_2_189656.csv,620,3425,2,1672.992558784799
open_2017_05_08_close_2017_05_08_flight_Fixed Wing_N550ND_before_2_189656.csv,621,3450,2,1674.5822246153111
open_2017_05_08_close_2017_05_08_flight_Fixed Wing_N550ND_before_2_189656.csv,622,3475,2,1670.810488960405
open_2017_05_08_close_2017_05_08_flight_Fixed Wing_N550ND_before_2_189656.csv,623,3500,2,1654.3414864959354
open_2017_05_08_close_2017_05_08_flight_Fixed Wing_N550ND_before_2_189656.csv,624,3525,2,1655.597073905954
open_2017_05_08_close_2017_05_08_flight_Fixed Wing_N550ND_before_2_189656.csv,625,3550,2,1660.1259592945514
open_2017_05_08_close_2017_05_08_flight_Fixed Wing_N550ND_before_2_189656.csv,626,3575,2,1664.2046802219716
open_2017_05_08_close_2017_05_08_flight_Fixed Wing_N550ND_before_2_189656.csv,627,3600,2,1666.2063806966971
open_2017_05_08_close_2017_05_08_flight_Fixed Wing_N550ND_before_2_189656.csv,628,3625,2,1667.6851970927257
open_2017_05_08_close_2017_05_08_flight_Fixed Wing_N550ND_before_2_189656.csv,629,3650,2,1663.4568799429728
open_2017_05_08_close_2017_05_08_flight_Fixed Wing_N550ND_before_2_189656.csv,630,3675,2,1654.3364018970487
open_2017_05_08_close_2017_05_08_flight_Fixed Wing_N550ND_before_2_189656.csv,631,3700,2,1653.555572217695
open_2017_05_08_close_2017_05_08_flight_Fixed Wing_N550ND_before_2_189656.csv,632,3725,2,1645.8001447593872
open_2017_05_08_close_2017_05_08_flight_Fixed Wing_N550ND_before_2_189656.csv,633,3750,2,1605.1183423717675
open_2017_05_08_close_2017_05_08_flight_Fixed Wing_N550ND_before_2_189656.csv,634,3775,2,1581.555066684686
open_2017_05_08_close_2017_05_08_flight_Fixed Wing_N550ND_before_2_189656.csv,635,3800,2,1588.3365651041772
open_2017_05_08_close_2017_05_08_flight_Fixed Wing_N550ND_before_2_189656.csv,636,3825,2,1596.6779751049248
open_2017_05_08_close_2017_05_08_flight_Fixed Wing_N550ND_before_2_189656.csv,637,3850,2,1587.1351054291597
open_2017_05_08_close_2017_05_08_flight_Fixed Wing_N550ND_before_2_189656.csv,638,3875,2,1589.0118770949855
open_2017_05_08_close_2017_05_08_flight_Fixed Wing_N550ND_before_2_189656.csv,639,3900,2,1596.2624722683836
open_2017_05_08_close_2017_05_08_flight_Fixed Wing_N550ND_before_2_189656.csv,640,3925,2,1609.9622832237578
open_2017_05_08_close_2017_05_08_flight_Fixed Wing_N550ND_before_2_189656.csv,641,3950,2,1636.1848854921273
open_2017_05_08_close_2017_05_08_flight_Fixed Wing_N550ND_before_2_189656.csv,642,3975,2,1643.8130342529835
open_2017_05_08_close_2017_05_08_flight_Fixed Wing_N550ND_before_2_189656.csv,643,4000,2,1648.55812243222
open_2017_05_08_close_2017_05_08_flight_Fixed Wing_N550ND_before_2_189656.csv,644,4025,2,1677.584743629162
open_2017_05_08_close_2017_05_08_flight_Fixed Wing_N550ND_before_2_189656.csv,645,4050,2,1709.3251807741217
open_2017_05_08_close_2017_05_08_flight_Fixed Wing_N550ND_before_2_189656.csv,646,4075,2,1709.2580382797628
open_2017_05_08_close_2017_05_08_flight_Fixed Wing_N550ND_before_2_189656.csv,647,4100,2,1717.858772202291
open_2017_05_08_close_2017_05_08_flight_Fixed Wing_N550ND_before_2_189656.csv,648,4125,2,1730.8463148999722
open_2017_05_08_close_2017_05_08_flight_Fixed Wing_N550ND_before_2_189656.csv,649,4150,2,1734.5566649780233
open_2017_05_08_close_2017_05_08_flight_Fixed Wing_N550ND_before_2_189656.csv,650,4175,2,1723.4176254282536
open_2017_05_08_close_2017_05_08_flight_Fixed Wing_N550ND_before_2_189656.csv,651,4200,2,1639.1283214000953
open_2017_05_08_close_2017_05_08_flight_Fixed Wing_N550ND_before_2_189656.csv,652,4225,2,1628.2506529323714
open_2017_05_08_close_2017_05_08_flight_Fixed Wing_N550ND_before_2_189656.csv,653,4250,2,1631.111251439629
open_2017_05_08_close_2017_05_08_flight_Fixed Wing_N550ND_before_2_189656.csv,654,4275,2,1637.8544140386762
open_2017_05_08_close_2017_05_08_flight_Fixed Wing_N550ND_before_2_189656.csv,655,4300,2,1631.9666015582636
open_2017_05_08_close_2017_05_08_flight_Fixed Wing_N550ND_before_2_189656.csv,656,4325,2,1616.5833088917716
open_2017_05_08_close_2017_05_08_flight_Fixed Wing_N550ND_before_2_189656.csv,657,4350,2,1604.5887458179047
open_2017_05_08_close_2017_05_08_flight_Fixed Wing_N550ND_before_2_189656.csv,658,4375,2,1596.4270082915993
open_2017_05_08_close_2017_05_08_flight_Fixed Wing_N550ND_before_2_189656.csv,659,4400,2,1586.8336856906942
open_2017_05_08_close_2017_05_08_flight_Fixed Wing_N550ND_before_2_189656.csv,660,4425,2,1559.1773613249202
open_2017_05_08_close_2017_05_08_flight_Fixed Wing_N550ND_before_2_189656.csv,661,4450,2,1555.0653817161797
open_2017_05_08_close_2017_05_08_flight_Fixed Wing_N550ND_before_2_189656.csv,662,4475,2,1557.6603206045122
open_2017_05_08_close_2017_05_08_flight_Fixed Wing_N550ND_before_2_189656.csv,663,4500,2,1547.9804293977002
open_2017_05_08_close_2017_05_08_flight_Fixed Wing_N550ND_before_2_189656.csv,664,4525,2,1542.6224523065832
open_2017_05_08_close_2017_05_08_flight_Fixed Wing_N550ND_before_2_189656.csv,665,4550,2,1541.5155808973477
open_2017_05_08_close_2017_05_08_flight_Fixed Wing_N550ND_before_2_189656.csv,666,4575,2,1464.3648712118336
open_2017_05_08_close_2017_05_08_flight_Fixed Wing_N550ND_before_2_189656.csv,667,4600,2,1466.3779384447234
open_2017_05_08_close_2017_05_08_flight_Fixed Wing_N550ND_before_2_189656.csv,668,4625,2,1515.7522286832022
open_2017_05_08_close_2017_05_08_flight_Fixed Wing_N550ND_before_2_189656.csv,669,4650,2,1524.2718752468145
open_2017_05_08_close_2017_05_08_flight_Fixed Wing_N550ND_before_2_189656.csv,670,4675,2,1491.0736642847623
open_2017_05_08_close_2017_05_08_flight_Fixed Wing_N550ND_before_2_189656.csv,671,4700,2,1445.2082390704443
open_2017_05_08_close_2017_05_08_flight_Fixed Wing_N550ND_before_2_189656.csv,672,4725,2,1482.0456918230434
open_2017_05_08_close_2017_05_08_flight_Fixed Wing_N550ND_before_2_189656.csv,673,4750,2,1418.0786765449568
open_2017_05_08_close_2017_05_08_flight_Fixed Wing_N550ND_before_2_189656.csv,674,4775,2,1566.9695027925795
open_2017_05_08_close_2017_05_08_flight_Fixed Wing_N550ND_before_2_189656.csv,675,4800,2,1591.5680360123547
open_2017_05_08_close_2017_05_08_flight_Fixed Wing_N550ND_before_2_189656.csv,676,4825,2,1613.842186396716
open_2017_05_08_close_2017_05_08_flight_Fixed Wing_N550ND_before_2_189656.csv,677,4850,2,1649.3877263343093
open_2017_05_08_close_2017_05_08_flight_Fixed Wing_N550ND_before_2_189656.csv,678,4875,2,1607.549018062672
open_2017_05_08_close_2017_05_08_flight_Fixed Wing_N550ND_before_2_189656.csv,679,4900,2,1560.2801611521768
open_2017_05_08_close_2017_05_08_flight_Fixed Wing_N550ND_before_2_189656.csv,680,4925,2,1560.2608245857377
open_2017_05_08_close_2017_05_08_flight_Fixed Wing_N550ND_before_2_189656.csv,681,4950,2,1516.6409733938326
open_2017_05_08_close_2017_05_08_flight_Fixed Wing_N550ND_before_2_189656.csv,682,4975,2,1417.7266556868612
open_2017_05_08_close_2017_05_08_flight_Fixed Wing_N550ND_before_2_189656.csv,683,5000,2,1410.3041609871243
open_2017_05_08_close_2017_05_08_flight_Fixed Wing_N550ND_before_2_189656.csv,684,5025,2,1433.2673374747092
open_2017_05_08_close_2017_05_08_flight_Fixed Wing_N550ND_before_2_189656.csv,685,5050,2,1401.8961823142783
open_2017_05_08_close_2017_05_08_flight_Fixed Wing_N550ND_before_2_189656.csv,686,5075,2,1056.9625301434162
open_2017_05_08_close_2017_05_08_flight_Fixed Wing_N550ND_before_2_189656.csv,687,5100,2,1533.5307440253264
open_2017_05_08_close_2017_05_08_flight_Fixed Wing_N550ND_before_2_189656.csv,688,5125,2,1586.1883620474655
open_2017_05_08_close_2017_05_08_flight_Fixed Wing_N550ND_before_2_189656.csv,689,5150,2,1597.0567464757396
open_2017_05_08_close_2017_05_08_flight_Fixed Wing_N550ND_before_2_189656.csv,690,5175,2,1643.3316804474468
open_2017_05_08_close_2017_05_08_flight_Fixed Wing_N550ND_before_2_189656.csv,691,5200,2,1626.0737102415662
open_2017_05_08_close_2017_05_08_flight_Fixed Wing_N550ND_before_2_189656.csv,692,5225,2,1608.2728380247136
open_2017_05_08_close_2017_05_08_flight_Fixed Wing_N550ND_before_2_189656.csv,693,5250,2,1558.6900284935457
open_2017_05_08_close_2017_05_08_flight_Fixed Wing_N550ND_before_2_189656.csv,694,5275,2,1535.5425990837205
open_2017_05_08_close_2017_05_08_flight_Fixed Wing_N550ND_before_2_189656.csv,695,5300,2,1546.059712778637
open_2017_05_08_close_2017_05_08_flight_Fixed Wing_N550ND_before_2_189656.csv,696,5325,2,1541.6491419839763
open_2017_05_08_close_2017_05_08_flight_Fixed Wing_N550ND_before_2_189656.csv,697,5350,2,1541.6863538604912
open_2017_05_08_close_2017_05_08_flight_Fixed Wing_N550ND_before_2_189656.csv,698,5375,2,1494.6459658610966
open_2017_05_08_close_2017_05_08_flight_Fixed Wing_N550ND_before_2_189656.csv,699,5400,2,1413.1093151074276
open_2017_05_08_close_2017_05_08_flight_Fixed Wing_N550ND_before_2_189656.csv,700,5425,2,1433.209501734123
open_2017_05_08_close_2017_05_08_flight_Fixed Wing_N550ND_before_2_189656.csv,701,5450,2,1488.9128664590435
open_2017_05_08_close_2017_05_08_flight_Fixed Wing_N550ND_before_2_189656.csv,702,5475,2,1517.930142810196
open_2017_05_08_close_2017_05_08_flight_Fixed Wing_N550ND_before_2_189656.csv,703,5500,2,1298.2448854845845
open_2017_05_08_close_2017_05_08_flight_Fixed Wing_N550ND_before_2_189656.csv,704,5525,2,1167.0973483904183
open_2017_05_08_close_2017_05_08_flight_Fixed Wing_N550ND_before_2_189656.csv,705,5550,2,1558.9745375797388
open_2017_05_08_close_2017_05_08_flight_Fixed Wing_N550ND_before_2_189656.csv,706,5575,2,1587.960612215712
open_2017_05_08_close_2017_05_08_flight_Fixed Wing_N550ND_before_2_189656.csv,707,5600,2,1600.478237703021
open_2017_05_08_close_2017_05_08_flight_Fixed Wing_N550ND_before_2_189656.csv,708,5625,2,1663.4256231207537
open_2017_05_08_close_2017_05_08_flight_Fixed Wing_N550ND_before_2_189656.csv,709,5650,2,1663.6439442491417
open_2017_05_08_close_2017_05_08_flight_Fixed Wing_N550ND_before_2_189656.csv,710,5675,2,1621.058839638683
open_2017_05_08_close_2017_05_08_flight_Fixed Wing_N550ND_before_2_189656.csv,711,5700,2,1554.2253969252515
open_2017_05_08_close_2017_05_08_flight_Fixed Wing_N550ND_before_2_189656.csv,712,5725,2,1525.9733667677126
open_2017_05_08_close_2017_05_08_flight_Fixed Wing_N550ND_before_2_189656.csv,713,5750,2,1536.2535467174175
open_2017_05_08_close_2017_05_08_flight_Fixed Wing_N550ND_before_2_189656.csv,714,5775,2,1544.5514133053068
open_2017_05_08_close_2017_05_08_flight_Fixed Wing_N550ND_before_2_189656.csv,715,5800,2,1539.60805707447
open_2017_05_08_close_2017_05_08_flight_Fixed Wing_N550ND_before_2_189656.csv,716,5825,2,1436.432988218146
open_2017_05_08_close_2017_05_08_flight_Fixed Wing_N550ND_before_2_189656.csv,717,5850,2,1366.6280449316278
open_2017_05_08_close_2017_05_08_flight_Fixed Wing_N550ND_before_2_189656.csv,718,5875,2,1424.8924585430668
open_2017_05_08_close_2017_05_08_flight_Fixed Wing_N550ND_before_2_189656.csv,719,5900,2,1473.438928135952
open_2017_05_08_close_2017_05_08_flight_Fixed Wing_N550ND_before_2_189656.csv,720,5925,2,1241.36629657764
open_2017_05_08_close_2017_05_08_flight_Fixed Wing_N550ND_before_2_189656.csv,721,5950,2,700.6176182565998
open_2017_05_08_close_2017_05_08_flight_Fixed Wing_N550ND_before_2_189656.csv,722,5975,2,992.789712755997
open_2017_05_08_close_2017_05_08_flight_Fixed Wing_N550ND_before_2_189656.csv,723,6000,2,1289.5702928159387
open_2017_05_08_close_2017_05_08_flight_Fixed Wing_N550ND_before_2_189656.csv,724,6025,2,1333.2611671453717
open_2017_05_08_close_2017_05_08_flight_Fixed Wing_N550ND_before_2_189656.csv,725,6050,2,1184.1600611776926
open_2017_05_08_close_2017_05_08_flight_Fixed Wing_N550ND_before_2_189656.csv,726,6075,2,1050.7972484724826
open_2017_05_08_close_2017_05_08_flight_Fixed Wing_N550ND_before_2_189656.csv,727,6100,2,1030.215615251354
open_2017_05_08_close_2017_05_08_flight_Fixed Wing_N550ND_before_2_189656.csv,728,6125,2,1044.3962126700292
open_2017_05_08_close_2017_05_08_flight_Fixed Wing_N550ND_before_2_189656.csv,729,6150,2,993.7739671957703
open_2017_05_08_close_2017_05_08_flight_Fixed Wing_N550ND_before_2_189656.csv,730,6175,2,982.7779023990746
open_2017_05_08_close_2017_05_08_flight_Fixed Wing_N550ND_before_2_189656.csv,731,6200,2,953.5615740306766
open_2017_05_08_close_2017_05_08_flight_Fixed Wing_N550ND_before_3_189762.csv,732,0,2,1067.7490858611686
open_2017_05_08_close_2017_05_08_flight_Fixed Wing_N550ND_before_3_189762.csv,733,25,2,1144.9756462811035
open_2017_05_08_close_2017_05_08_flight_Fixed Wing_N550ND_before_3_189762.csv,734,50,2,1175.196414291617
open_2017_05_08_close_2017_05_08_flight_Fixed Wing_N550ND_before_3_189762.csv,735,75,2,1163.0926577337693
open_2017_05_08_close_2017_05_08_flight_Fixed Wing_N550ND_before_3_189762.csv,736,100,2,1167.8329591712895
open_2017_05_08_close_2017_05_08_flight_Fixed Wing_N550ND_before_3_189762.csv,737,125,2,1169.1323515085246
open_2017_05_08_close_2017_05_08_flight_Fixed Wing_N550ND_before_3_189762.csv,738,150,2,1200.1494577360218
open_2017_05_08_close_2017_05_08_flight_Fixed Wing_N550ND_before_3_189762.csv,739,175,2,1232.5324118031044
open_2017_05_08_close_2017_05_08_flight_Fixed Wing_N550ND_before_3_189762.csv,740,200,2,1222.971218852642
open_2017_05_08_close_2017_05_08_flight_Fixed Wing_N550ND_before_3_189762.csv,741,225,2,1250.6484791576258
open_2017_05_08_close_2017_05_08_flight_Fixed Wing_N550ND_before_3_189762.csv,742,250,2,900.2843030093228
open_2017_05_08_close_2017_05_08_flight_Fixed Wing_N550ND_before_3_189762.csv,743,275,2,940.0565102827906
open_2017_05_08_close_2017_05_08_flight_Fixed Wing_N550ND_before_3_189762.csv,744,300,2,889.0320071943033
open_2017_05_08_close_2017_05_08_flight_Fixed Wing_N550ND_before_3_189762.csv,745,325,2,674.546882204719
open_2017_05_08_close_2017_05_08_flight_Fixed Wing_N550ND_before_3_189762.csv,746,350,2,729.042302531721
open_2017_05_08_close_2017_05_08_flight_Fixed Wing_N550ND_before_3_189762.csv,747,375,2,976.748350272773
open_2017_05_08_close_2017_05_08_flight_Fixed Wing_N550ND_before_3_189762.csv,748,400,2,987.8597343719009
open_2017_05_08_close_2017_05_08_flight_Fixed Wing_N550ND_before_3_189762.csv,749,425,2,1225.9400012677393
open_2017_05_08_close_2017_05_08_flight_Fixed Wing_N550ND_before_3_189762.csv,750,450,2,891.0381356444024
open_2017_05_08_close_2017_05_08_flight_Fixed Wing_N550ND_before_3_189762.csv,751,475,2,594.2761448772951
open_2017_05_08_close_2017_05_08_flight_Fixed Wing_N550ND_before_3_189762.csv,752,500,2,1277.92732026227
open_2017_05_08_close_2017_05_08_flight_Fixed Wing_N550ND_before_3_189762.csv,753,525,2,1236.4952244142078
open_2017_05_08_close_2017_05_08_flight_Fixed Wing_N550ND_before_3_189762.csv,754,550,2,1211.029206620749
open_2017_05_08_close_2017_05_08_flight_Fixed Wing_N550ND_before_3_189762.csv,755,575,2,1196.2427447809146
open_2017_05_08_close_2017_05_08_flight_Fixed Wing_N550ND_before_3_189762.csv,756,600,2,1384.360240798404
open_2017_05_08_close_2017_05_08_flight_Fixed Wing_N550ND_before_3_189762.csv,757,625,2,1555.482830714979
open_2017_05_08_close_2017_05_08_flight_Fixed Wing_N550ND_before_3_189762.csv,758,650,2,1591.8314051507832
open_2017_05_08_close_2017_05_08_flight_Fixed Wing_N550ND_before_3_189762.csv,759,675,2,1592.4822303633314
open_2017_05_08_close_2017_05_08_flight_Fixed Wing_N550ND_before_3_189762.csv,760,700,2,1588.3376068831637
open_2017_05_08_close_2017_05_08_flight_Fixed Wing_N550ND_before_3_189762.csv,761,725,2,1574.8155385593627
open_2017_05_08_close_2017_05_08_flight_Fixed Wing_N550ND_before_3_189762.csv,762,750,2,1578.308830469183
open_2017_05_08_close_2017_05_08_flight_Fixed Wing_N550ND_before_3_189762.csv,763,775,2,1575.2308381764756
open_2017_05_08_close_2017_05_08_flight_Fixed Wing_N550ND_before_3_189762.csv,764,800,2,1568.656342630448
open_2017_05_08_close_2017_05_08_flight_Fixed Wing_N550ND_before_3_189762.csv,765,825,2,1564.0285889576944
open_2017_05_08_close_2017_05_08_flight_Fixed Wing_N550ND_before_3_189762.csv,766,850,2,1556.9283011028806
open_2017_05_08_close_2017_05_08_flight_Fixed Wing_N550ND_before_3_189762.csv,767,875,2,1545.1231438770892
open_2017_05_08_close_2017_05_08_flight_Fixed Wing_N550ND_before_3_189762.csv,768,900,2,1538.307862138339
open_2017_05_08_close_2017_05_08_flight_Fixed Wing_N550ND_before_3_189762.csv,769,925,2,1535.6915508369505
open_2017_05_08_close_2017_05_08_flight_Fixed Wing_N550ND_before_3_189762.csv,770,950,2,1532.641037685033
open_2017_05_08_close_2017_05_08_flight_Fixed Wing_N550ND_before_3_189762.csv,771,975,2,1569.4520353456037
open_2017_05_08_close_2017_05_08_flight_Fixed Wing_N550ND_before_3_189762.csv,772,1000,2,1641.413292751679
open_2017_05_08_close_2017_05_08_flight_Fixed Wing_N550ND_before_3_189762.csv,773,1025,2,1723.710960506136
open_2017_05_08_close_2017_05_08_flight_Fixed Wing_N550ND_before_3_189762.csv,774,1050,2,1753.7288205001043
open_2017_05_08_close_2017_05_08_flight_Fixed Wing_N550ND_before_3_189762.csv,775,1075,2,1762.2151838090076
open_2017_05_08_close_2017_05_08_flight_Fixed Wing_N550ND_before_3_189762.csv,776,1100,2,1748.0366236223215
open_2017_05_08_close_2017_05_08_flight_Fixed Wing_N550ND_before_3_189762.csv,777,1125,2,1732.9653248932636
open_2017_05_08_close_2017_05_08_flight_Fixed Wing_N550ND_before_3_189762.csv,778,1150,2,1711.7290010510937
open_2017_05_08_close_2017_05_08_flight_Fixed Wing_N550ND_before_3_189762.csv,779,1175,2,1738.4001224899096
open_2017_05_08_close_2017_05_08_flight_Fixed Wing_N550ND_before_3_189762.csv,780,1200,2,1759.7629911830977
open_2017_05_08_close_2017_05_08_flight_Fixed Wing_N550ND_before_3_189762.csv,781,1225,2,1756.1032274406691
open_2017_05_08_close_2017_05_08_flight_Fixed Wing_N550ND_before_3_189762.csv,782,1250,2,1752.0493872029558
open_2017_05_08_close_2017_05_08_flight_Fixed Wing_N550ND_before_3_189762.csv,783,1275,2,1757.4968348775142
open_2017_05_08_close_2017_05_08_flight_Fixed Wing_N550ND_before_3_189762.csv,784,1300,2,1765.867939324465
open_2017_05_08_close_2017_05_08_flight_Fixed Wing_N550ND_before_3_189762.csv,785,1325,2,1759.8184520193174
open_2017_05_08_close_2017_05_08_flight_Fixed Wing_N550ND_before_3_189762.csv,786,1350,2,1733.1432154036445
open_2017_05_08_close_2017_05_08_flight_Fixed Wing_N550ND_before_3_189762.csv,787,1375,2,1742.1047234182408
open_2017_05_08_close_2017_05_08_flight_Fixed Wing_N550ND_before_3_189762.csv,788,1400,2,1766.5516577127166
open_2017_05_08_close_2017_05_08_flight_Fixed Wing_N550ND_before_3_189762.csv,789,1425,2,1774.7004386185072
open_2017_05_08_close_2017_05_08_flight_Fixed Wing_N550ND_before_3_189762.csv,790,1450,2,1779.9072172207666
open_2017_05_08_close_2017_05_08_flight_Fixed Wing_N550ND_before_3_189762.csv,791,1475,2,1742.1167729841932
open_2017_05_08_close_2017_05_08_flight_Fixed Wing_N550ND_before_3_189762.csv,792,1500,2,1726.4881517541437
open_2017_05_08_close_2017_05_08_flight_Fixed Wing_N550ND_before_3_189762.csv,793,1525,2,1757.809270939123
open_2017_05_08_close_2017_05_08_flight_Fixed Wing_N550ND_before_3_189762.csv,794,1550,2,1770.7649490819413
open_2017_05_08_close_2017_05_08_flight_Fixed Wing_N550ND_before_3_189762.csv,795,1575,2,1768.4970873547509
open_2017_05_08_close_2017_05_08_flight_Fixed Wing_N550ND_before_3_189762.csv,796,1600,2,1771.8857980205346
open_2017_05_08_close_2017_05_08_flight_Fixed Wing_N550ND_before_3_189762.csv,797,1625,2,1779.1198955793811
open_2017_05_08_close_2017_05_08_flight_Fixed Wing_N550ND_before_3_189762.csv,798,1650,2,1759.0240394558145
open_2017_05_08_close_2017_05_08_flight_Fixed Wing_N550ND_before_3_189762.csv,799,1675,2,1717.9700640891617
open_2017_05_08_close_2017_05_08_flight_Fixed Wing_N550ND_before_3_189762.csv,800,1700,2,1727.7098466843893
open_2017_05_08_close_2017_05_08_flight_Fixed Wing_N550ND_before_3_189762.csv,801,1725,2,1752.480584231772
open_2017_05_08_close_2017_05_08_flight_Fixed Wing_N550ND_before_3_189762.csv,802,1750,2,1752.753096456106
open_2017_05_08_close_2017_05_08_flight_Fixed Wing_N550ND_before_3_189762.csv,803,1775,2,1760.045199401306
open_2017_05_08_close_2017_05_08_flight_Fixed Wing_N550ND_before_3_189762.csv,804,1800,2,1758.1508381831122
open_2017_05_08_close_2017_05_08_flight_Fixed Wing_N550ND_before_3_189762.csv,805,1825,2,1759.042535592333
open_2017_05_08_close_2017_05_08_flight_Fixed Wing_N550ND_before_3_189762.csv,806,1850,2,1763.4328435156358
open_2017_05_08_close_2017_05_08_flight_Fixed Wing_N550ND_before_3_189762.csv,807,1875,2,1753.8335680390455
open_2017_05_08_close_2017_05_08_flight_Fixed Wing_N550ND_before_3_189762.csv,808,1900,2,1757.33071738404
open_2017_05_08_close_2017_05_08_flight_Fixed Wing_N550ND_before_3_189762.csv,809,1925,2,1772.947073958658
open_2017_05_08_close_2017_05_08_flight_Fixed Wing_N550ND_before_3_189762.csv,810,1950,2,1774.2082127181295
open_2017_05_08_close_2017_05_08_flight_Fixed Wing_N550ND_before_3_189762.csv,811,1975,2,1774.1233730633862
open_2017_05_08_close_2017_05_08_flight_Fixed Wing_N550ND_before_3_189762.csv,812,2000,2,1757.2004578984665
open_2017_05_08_close_2017_05_08_flight_Fixed Wing_N550ND_before_3_189762.csv,813,2025,2,1733.4322951048648
open_2017_05_08_close_2017_05_08_flight_Fixed Wing_N550ND_before_3_189762.csv,814,2050,2,1736.6277210468372
open_2017_05_08_close_2017_05_08_flight_Fixed Wing_N550ND_before_3_189762.csv,815,2075,2,1747.8220333377596
open_2017_05_08_close_2017_05_08_flight_Fixed Wing_N550ND_before_3_189762.csv,816,2100,2,1742.7606626718161
open_2017_05_08_close_2017_05_08_flight_Fixed Wing_N550ND_before_3_189762.csv,817,2125,2,1721.8814565901182
open_2017_05_08_close_2017_05_08_flight_Fixed Wing_N550ND_before_3_189762.csv,818,2150,2,1747.8427068274616
open_2017_05_08_close_2017_05_08_flight_Fixed Wing_N550ND_before_3_189762.csv,819,2175,2,1768.3310422586264
open_2017_05_08_close_2017_05_08_flight_Fixed Wing_N550ND_before_3_189762.csv,820,2200,2,1777.409746330941
open_2017_05_08_close_2017_05_08_flight_Fixed Wing_N550ND_before_3_189762.csv,821,2225,2,1776.3392675217633
open_2017_05_08_close_2017_05_08_flight_Fixed Wing_N550ND_before_3_189762.csv,822,2250,2,1775.9228044749757
open_2017_05_08_close_2017_05_08_flight_Fixed Wing_N550ND_before_3_189762.csv,823,2275,2,1778.5110716470176
open_2017_05_08_close_2017_05_08_flight_Fixed Wing_N550ND_before_3_189762.csv,824,2300,2,1757.8756120542557
open_2017_05_08_close_2017_05_08_flight_Fixed Wing_N550ND_before_3_189762.csv,825,2325,2,1731.9410549108347
open_2017_05_08_close_2017_05_08_flight_Fixed Wing_N550ND_before_3_189762.csv,826,2350,2,1735.4644149816863
open_2017_05_08_close_2017_05_08_flight_Fixed Wing_N550ND_before_3_189762.csv,827,2375,2,1750.6153069724678
open_2017_05_08_close_2017_05_08_flight_Fixed Wing_N550ND_before_3_189762.csv,828,2400,2,1768.4010193871395
open_2017_05_08_close_2017_05_08_flight_Fixed Wing_N550ND_before_3_189762.csv,829,2425,2,1740.7366258229674
open_2017_05_08_close_2017_05_08_flight_Fixed Wing_N550ND_before_3_189762.csv,830,2450,2,1713.797110688449
open_2017_05_08_close_2017_05_08_flight_Fixed Wing_N550ND_before_3_189762.csv,831,2475,2,1738.6750802383012
open_2017_05_08_close_2017_05_08_flight_Fixed Wing_N550ND_before_3_189762.csv,832,2500,2,1764.6473935197857
open_2017_05_08_close_2017_05_08_flight_Fixed Wing_N550ND_before_3_189762.csv,833,2525,2,1773.6430162782008
open_2017_05_08_close_2017_05_08_flight_Fixed Wing_N550ND_before_3_189762.csv,834,2550,2,1757.132585349066
open_2017_05_08_close_2017_05_08_flight_Fixed Wing_N550ND_before_3_189762.csv,835,2575,2,1768.7233802459061
open_2017_05_08_close_2017_05_08_flight_Fixed Wing_N550ND_before_3_189762.csv,836,2600,2,1710.3528605162792
open_2017_05_08_close_2017_05_08_flight_Fixed Wing_N550ND_before_3_189762.csv,837,2625,2,1692.6175247889403
open_2017_05_08_close_2017_05_08_flight_Fixed Wing_N550ND_before_3_189762.csv,838,2650,2,1751.4487968426297
open_2017_05_08_close_2017_05_08_flight_Fixed Wing_N550ND_before_3_189762.csv,839,2675,2,1761.2647170565892
open_2017_05_08_close_2017_05_08_flight_Fixed Wing_N550ND_before_3_189762.csv,840,2700,2,1771.6415603783992
open_2017_05_08_close_2017_05_08_flight_Fixed Wing_N550ND_before_3_189762.csv,841,2725,2,1763.9022520722517
open_2017_05_08_close_2017_05_08_flight_Fixed Wing_N550ND_before_3_189762.csv,842,2750,2,1756.2098970361624
open_2017_05_08_close_2017_05_08_flight_Fixed Wing_N550ND_before_3_189762.csv,843,2775,2,1612.5553376016746
open_2017_05_08_close_2017_05_08_flight_Fixed Wing_N550ND_before_3_189762.csv,844,2800,2,1551.5896836720067
open_2017_05_08_close_2017_05_08_flight_Fixed Wing_N550ND_before_3_189762.csv,845,2825,2,1546.2795582985902
open_2017_05_08_close_2017_05_08_flight_Fixed Wing_N550ND_before_3_189762.csv,846,2850,2,1549.8041432766186
open_2017_05_08_close_2017_05_08_flight_Fixed Wing_N550ND_before_3_189762.csv,847,2875,2,1558.1523682413797
open_2017_05_08_close_2017_05_08_flight_Fixed Wing_N550ND_before_3_189762.csv,848,2900,2,1713.529345547688
open_2017_05_08_close_2017_05_08_flight_Fixed Wing_N550ND_before_3_189762.csv,849,2925,2,1722.8445653078707
open_2017_05_08_close_2017_05_08_flight_Fixed Wing_N550ND_before_3_189762.csv,850,2950,2,1692.3738072046726
open_2017_05_08_close_2017_05_08_flight_Fixed Wing_N550ND_before_3_189762.csv,851,2975,2,1776.1684690560558
open_2017_05_08_close_2017_05_08_flight_Fixed Wing_N550ND_before_3_189762.csv,852,3000,2,1803.3580862220822
open_2017_05_08_close_2017_05_08_flight_Fixed Wing_N550ND_before_3_189762.csv,853,3025,2,1715.5430587692185
open_2017_05_08_close_2017_05_08_flight_Fixed Wing_N550ND_before_3_189762.csv,854,3050,2,1698.690681853656
open_2017_05_08_close_2017_05_08_flight_Fixed Wing_N550ND_before_3_189762.csv,855,3075,2,1626.8002757156446
open_2017_05_08_close_2017_05_08_flight_Fixed Wing_N550ND_before_3_189762.csv,856,3100,2,1724.7121264536995
open_2017_05_08_close_2017_05_08_flight_Fixed Wing_N550ND_before_3_189762.csv,857,3125,2,1802.9622887740882
open_2017_05_08_close_2017_05_08_flight_Fixed Wing_N550ND_before_3_189762.csv,858,3150,2,1803.197077013735
open_2017_05_08_close_2017_05_08_flight_Fixed Wing_N550ND_before_3_189762.csv,859,3175,2,1805.768820326662
open_2017_05_08_close_2017_05_08_flight_Fixed Wing_N550ND_before_3_189762.csv,860,3200,2,1643.8974254031439
open_2017_05_08_close_2017_05_08_flight_Fixed Wing_N550ND_before_3_189762.csv,861,3225,2,1541.8508308913215
open_2017_05_08_close_2017_05_08_flight_Fixed Wing_N550ND_before_3_189762.csv,862,3250,2,1445.5499666197516
open_2017_05_08_close_2017_05_08_flight_Fixed Wing_N550ND_before_3_189762.csv,863,3275,2,1512.770358044967
open_2017_05_08_close_2017_05_08_flight_Fixed Wing_N550ND_before_3_189762.csv,864,3300,2,1473.1566587912018
open_2017_05_08_close_2017_05_08_flight_Fixed Wing_N550ND_before_3_189762.csv,865,3325,2,1452.2555970276828
open_2017_05_08_close_2017_05_08_flight_Fixed Wing_N550ND_before_3_189762.csv,866,3350,2,1535.7589388462964
open_2017_05_08_close_2017_05_08_flight_Fixed Wing_N550ND_before_3_189762.csv,867,3375,2,1522.7034155367307
open_2017_05_08_close_2017_05_08_flight_Fixed Wing_N550ND_before_3_189762.csv,868,3400,2,1462.2950233751621
open_2017_05_08_close_2017_05_08_flight_Fixed Wing_N550ND_before_3_189762.csv,869,3425,2,1509.2679675187492
open_2017_05_08_close_2017_05_08_flight_Fixed Wing_N550ND_before_3_189762.csv,870,3450,2,1445.087437055207
open_2017_05_08_close_2017_05_08_flight_Fixed Wing_N550ND_before_3_189762.csv,871,3475,2,1081.5150745924088
open_2017_05_08_close_2017_05_08_flight_Fixed Wing_N550ND_before_3_189762.csv,872,3500,2,902.0763329014939
open_2017_05_08_close_2017_05_08_flight_Fixed Wing_N550ND_before_3_189762.csv,873,3525,2,1029.0720952080542
open_2017_05_08_close_2017_05_08_flight_Fixed Wing_N550ND_before_3_189762.csv,874,3550,2,1544.6651919660644
open_2017_05_08_close_2017_05_08_flight_Fixed Wing_N550ND_before_3_189762.csv,875,3575,2,1588.5225802209027
open_2017_05_08_close_2017_05_08_flight_Fixed Wing_N550ND_before_3_189762.csv,876,3600,2,1594.5499365536664
open_2017_05_08_close_2017_05_08_flight_Fixed Wing_N550ND_before_3_189762.csv,877,3625,2,1588.984550445412
open_2017_05_08_close_2017_05_08_flight_Fixed Wing_N550ND_before_3_189762.csv,878,3650,2,1589.4911410676345
open_2017_05_08_close_2017_05_08_flight_Fixed Wing_N550ND_before_3_189762.csv,879,3675,2,1587.5567401105293
open_2017_05_08_close_2017_05_08_flight_Fixed Wing_N550ND_before_3_189762.csv,880,3700,2,1600.0129328440676
open_2017_05_08_close_2017_05_08_flight_Fixed Wing_N550ND_before_3_189762.csv,881,3725,2,1641.6452261013096
open_2017_05_08_close_2017_05_08_flight_Fixed Wing_N550ND_before_3_189762.csv,882,3750,2,1600.0019232239742
open_2017_05_08_close_2017_05_08_flight_Fixed Wing_N550ND_before_3_189762.csv,883,3775,2,1562.9534951008561
open_2017_05_08_close_2017_05_08_flight_Fixed Wing_N550ND_before_3_189762.csv,884,3800,2,1557.4453951646499
open_2017_05_08_close_2017_05_08_flight_Fixed Wing_N550ND_before_3_189762.csv,885,3825,2,1549.9412377589197
open_2017_05_08_close_2017_05_08_flight_Fixed Wing_N550ND_before_3_189762.csv,886,3850,2,1550.8897609574644
open_2017_05_08_close_2017_05_08_flight_Fixed Wing_N550ND_before_3_189762.csv,887,3875,2,1545.188138728168
open_2017_05_08_close_2017_05_08_flight_Fixed Wing_N550ND_before_3_189762.csv,888,3900,2,1549.4990844662364
open_2017_05_08_close_2017_05_08_flight_Fixed Wing_N550ND_before_3_189762.csv,889,3925,2,1575.7133509808662
open_2017_05_08_close_2017_05_08_flight_Fixed Wing_N550ND_before_3_189762.csv,890,3950,2,1537.1540103181567
open_2017_05_08_close_2017_05_08_flight_Fixed Wing_N550ND_before_3_189762.csv,891,3975,2,1599.0588746697274
open_2017_05_08_close_2017_05_08_flight_Fixed Wing_N550ND_before_3_189762.csv,892,4000,2,1693.0917540151602
open_2017_05_08_close_2017_05_08_flight_Fixed Wing_N550ND_before_3_189762.csv,893,4025,2,1743.298460314646
open_2017_05_08_close_2017_05_08_flight_Fixed Wing_N550ND_before_3_189762.csv,894,4050,2,1714.7955410536135
open_2017_05_08_close_2017_05_08_flight_Fixed Wing_N550ND_before_3_189762.csv,895,4075,2,1683.5684636500625
open_2017_05_08_close_2017_05_08_flight_Fixed Wing_N550ND_before_3_189762.csv,896,4100,2,1714.4925842322891
open_2017_05_08_close_2017_05_08_flight_Fixed Wing_N550ND_before_3_189762.csv,897,4125,2,1745.6816808584983
open_2017_05_08_close_2017_05_08_flight_Fixed Wing_N550ND_before_3_189762.csv,898,4150,2,1752.0197241263793
open_2017_05_08_close_2017_05_08_flight_Fixed Wing_N550ND_before_3_189762.csv,899,4175,2,1718.6926596824399
open_2017_05_08_close_2017_05_08_flight_Fixed Wing_N550ND_before_3_189762.csv,900,4200,2,1657.243897000005
open_2017_05_08_close_2017_05_08_flight_Fixed Wing_N550ND_before_3_189762.csv,901,4225,2,1712.1542048933857
open_2017_05_08_close_2017_05_08_flight_Fixed Wing_N550ND_before_3_189762.csv,902,4250,2,1726.1327641114715
open_2017_05_08_close_2017_05_08_flight_Fixed Wing_N550ND_before_3_189762.csv,903,4275,2,1697.8502422629035
open_2017_05_08_close_2017_05_08_flight_Fixed Wing_N550ND_before_3_189762.csv,904,4300,2,1683.127680490412
open_2017_05_08_close_2017_05_08_flight_Fixed Wing_N550ND_before_3_189762.csv,905,4325,2,1712.177380616516
open_2017_05_08_close_2017_05_08_flight_Fixed Wing_N550ND_before_3_189762.csv,906,4350,2,1723.502049547865
open_2017_05_08_close_2017_05_08_flight_Fixed Wing_N550ND_before_3_189762.csv,907,4375,2,1709.4294097749596
open_2017_05_08_close_2017_05_08_flight_Fixed Wing_N550ND_before_3_189762.csv,908,4400,2,1719.6851395472945
open_2017_05_08_close_2017_05_08_flight_Fixed Wing_N550ND_before_3_189762.csv,909,4425,2,1712.6442807609958
open_2017_05_08_close_2017_05_08_flight_Fixed Wing_N550ND_before_3_189762.csv,910,4450,2,1710.2476285155387
open_2017_05_08_close_2017_05_08_flight_Fixed Wing_N550ND_before_3_189762.csv,911,4475,2,1732.8014180834637
open_2017_05_08_close_2017_05_08_flight_Fixed Wing_N550ND_before_3_189762.csv,912,4500,2,1746.987966465837
open_2017_05_08_close_2017_05_08_flight_Fixed Wing_N550ND_before_3_189762.csv,913,4525,2,1739.3876857501868
open_2017_05_08_close_2017_05_08_flight_Fixed Wing_N550ND_before_3_189762.csv,914,4550,2,1740.8359119595168
open_2017_05_08_close_2017_05_08_flight_Fixed Wing_N550ND_before_3_189762.csv,915,4575,2,1747.2192972759497
open_2017_05_08_close_2017_05_08_flight_Fixed Wing_N550ND_before_3_189762.csv,916,4600,2,1733.3851599019376
open_2017_05_08_close_2017_05_08_flight_Fixed Wing_N550ND_before_3_189762.csv,917,4625,2,1741.1850386873534
open_2017_05_08_close_2017_05_08_flight_Fixed Wing_N550ND_before_3_189762.csv,918,4650,2,1741.6847915240796
open_2017_05_08_close_2017_05_08_flight_Fixed Wing_N550ND_before_3_189762.csv,919,4675,2,1746.9285098204518
open_2017_05_08_close_2017_05_08_flight_Fixed Wing_N550ND_before_3_189762.csv,920,4700,2,1752.2801026311793
open_2017_05_08_close_2017_05_08_flight_Fixed Wing_N550ND_before_3_189762.csv,921,4725,2,1739.08123557437
open_2017_05_08_close_2017_05_08_flight_Fixed Wing_N550ND_before_3_189762.csv,922,4750,2,1617.2255286952086
open_2017_05_08_close_2017_05_08_flight_Fixed Wing_N550ND_before_3_189762.csv,923,4775,2,1508.4455131065063
open_2017_05_08_close_2017_05_08_flight_Fixed Wing_N550ND_before_3_189762.csv,924,4800,2,1454.9474056019073
open_2017_05_08_close_2017_05_08_flight_Fixed Wing_N550ND_before_3_189762.csv,925,4825,2,1477.3499494230846
open_2017_05_08_close_2017_05_08_flight_Fixed Wing_N550ND_before_3_189762.csv,926,4850,2,1640.4879370265899
open_2017_05_08_close_2017_05_08_flight_Fixed Wing_N550ND_before_3_189762.csv,927,4875,2,1769.0641705264245
open_2017_05_08_close_2017_05_08_flight_Fixed Wing_N550ND_before_3_189762.csv,928,4900,2,1767.2790482153305
open_2017_05_08_close_2017_05_08_flight_Fixed Wing_N550ND_before_3_189762.csv,929,4925,2,1721.3443697994735
open_2017_05_08_close_2017_05_08_flight_Fixed Wing_N550ND_before_3_189762.csv,930,4950,2,1694.1888287476006
open_2017_05_08_close_2017_05_08_flight_Fixed Wing_N550ND_before_3_189762.csv,931,4975,2,1711.82774046527
open_2017_05_08_close_2017_05_08_flight_Fixed Wing_N550ND_before_3_189762.csv,932,5000,2,1720.0066865097242
open_2017_05_08_close_2017_05_08_flight_Fixed Wing_N550ND_before_3_189762.csv,933,5025,2,1732.023291708365
open_2017_05_08_close_2017_05_08_flight_Fixed Wing_N550ND_before_3_189762.csv,934,5050,2,1738.7927735416927
open_2017_05_08_close_2017_05_08_flight_Fixed Wing_N550ND_before_3_189762.csv,935,5075,2,1727.9273018015224
open_2017_05_08_close_2017_05_08_flight_Fixed Wing_N550ND_before_3_189762.csv,936,5100,2,1724.2041239063774
open_2017_05_08_close_2017_05_08_flight_Fixed Wing_N550ND_before_3_189762.csv,937,5125,2,1724.2725203738726
open_2017_05_08_close_2017_05_08_flight_Fixed Wing_N550ND_before_3_189762.csv,938,5150,2,1719.0584015590707
open_2017_05_08_close_2017_05_08_flight_Fixed Wing_N550ND_before_3_189762.csv,939,5175,2,1740.695721105441
open_2017_05_08_close_2017_05_08_flight_Fixed Wing_N550ND_before_3_189762.csv,940,5200,2,1744.6115246429367
open_2017_05_08_close_2017_05_08_flight_Fixed Wing_N550ND_before_3_189762.csv,941,5225,2,1750.9233677201398
open_2017_05_08_close_2017_05_08_flight_Fixed Wing_N550ND_before_3_189762.csv,942,5250,2,1722.7471129475541
open_2017_05_08_close_2017_05_08_flight_Fixed Wing_N550ND_before_3_189762.csv,943,5275,2,1704.31708326177
open_2017_05_08_close_2017_05_08_flight_Fixed Wing_N550ND_before_3_189762.csv,944,5300,2,1720.8238267219347
open_2017_05_08_close_2017_05_08_flight_Fixed Wing_N550ND_before_3_189762.csv,945,5325,2,1695.1487322778385
open_2017_05_08_close_2017_05_08_flight_Fixed Wing_N550ND_before_3_189762.csv,946,5350,2,1634.0418542073278
open_2017_05_08_close_2017_05_08_flight_Fixed Wing_N550ND_before_3_189762.csv,947,5375,2,1655.52468605218
open_2017_05_08_close_2017_05_08_flight_Fixed Wing_N550ND_before_3_189762.csv,948,5400,2,1725.5774453831123
open_2017_05_08_close_2017_05_08_flight_Fixed Wing_N550ND_before_3_189762.csv,949,5425,2,1722.4216303951778
open_2017_05_08_close_2017_05_08_flight_Fixed Wing_N550ND_before_3_189762.csv,950,5450,2,1691.9876026742963
open_2017_05_08_close_2017_05_08_flight_Fixed Wing_N550ND_before_3_189762.csv,951,5475,2,1713.0235432969728
open_2017_05_08_close_2017_05_08_flight_Fixed Wing_N550ND_before_3_189762.csv,952,5500,2,1717.2948651771678
open_2017_05_08_close_2017_05_08_flight_Fixed Wing_N550ND_before_3_189762.csv,953,5525,2,1737.4167976546867
open_2017_05_08_close_2017_05_08_flight_Fixed Wing_N550ND_before_3_189762.csv,954,5550,2,1713.64226210744
open_2017_05_08_close_2017_05_08_flight_Fixed Wing_N550ND_before_3_189762.csv,955,5575,2,1717.5320422526502
open_2017_05_08_close_2017_05_08_flight_Fixed Wing_N550ND_before_3_189762.csv,956,5600,2,1723.394428191328
open_2017_05_08_close_2017_05_08_flight_Fixed Wing_N550ND_before_3_189762.csv,957,5625,2,1717.1151043304337
open_2017_05_08_close_2017_05_08_flight_Fixed Wing_N550ND_before_3_189762.csv,958,5650,2,1717.8113312999888
open_2017_05_08_close_2017_05_08_flight_Fixed Wing_N550ND_before_3_189762.csv,959,5675,2,1690.0334060611794
open_2017_05_08_close_2017_05_08_flight_Fixed Wing_N550ND_before_3_189762.csv,960,5700,2,1688.525685694969
open_2017_05_08_close_2017_05_08_flight_Fixed Wing_N550ND_before_3_189762.csv,961,5725,2,1657.5330928212366
open_2017_05_08_close_2017_05_08_flight_Fixed Wing_N550ND_before_3_189762.csv,962,5750,2,1476.284152816479
open_2017_05_08_close_2017_05_08_flight_Fixed Wing_N550ND_before_3_189762.csv,963,5775,2,1629.4112270426035
open_2017_05_08_close_2017_05_08_flight_Fixed Wing_N550ND_before_3_189762.csv,964,5800,2,1701.8844083943586
open_2017_05_08_close_2017_05_08_flight_Fixed Wing_N550ND_before_3_189762.csv,965,5825,2,1702.2154815525555
open_2017_05_08_close_2017_05_08_flight_Fixed Wing_N550ND_before_3_189762.csv,966,5850,2,1694.0144338885573
open_2017_05_08_close_2017_05_08_flight_Fixed Wing_N550ND_before_3_189762.csv,967,5875,2,1626.0920796615967
open_2017_05_08_close_2017_05_08_flight_Fixed Wing_N550ND_before_3_189762.csv,968,5900,2,1591.1886428000676
open_2017_05_08_close_2017_05_08_flight_Fixed Wing_N550ND_before_3_189762.csv,969,5925,2,1570.2792544248607
open_2017_05_08_close_2017_05_08_flight_Fixed Wing_N550ND_before_3_189762.csv,970,5950,2,1578.9827927727447
open_2017_05_08_close_2017_05_08_flight_Fixed Wing_N550ND_before_3_189762.csv,971,5975,2,1585.74621416781
open_2017_05_08_close_2017_05_08_flight_Fixed Wing_N550ND_before_3_189762.csv,972,6000,2,1583.049246697499
open_2017_05_08_close_2017_05_08_flight_Fixed Wing_N550ND_before_3_189762.csv,973,6025,2,1578.44020051734
open_2017_05_08_close_2017_05_08_flight_Fixed Wing_N550ND_before_3_189762.csv,974,6050,2,1625.7210255460502
open_2017_05_08_close_2017_05_08_flight_Fixed Wing_N550ND_before_3_189762.csv,975,6075,2,1748.163451483508
open_2017_05_08_close_2017_05_08_flight_Fixed Wing_N550ND_before_3_189762.csv,976,6100,2,1751.4636183381588
open_2017_05_08_close_2017_05_08_flight_Fixed Wing_N550ND_before_3_189762.csv,977,6125,2,1738.4736010205263
open_2017_05_08_close_2017_05_08_flight_Fixed Wing_N550ND_before_3_189762.csv,978,6150,2,1737.075672442752
open_2017_05_08_close_2017_05_08_flight_Fixed Wing_N550ND_before_3_189762.csv,979,6175,2,1738.384336573213
open_2017_05_08_close_2017_05_08_flight_Fixed Wing_N550ND_before_3_189762.csv,980,6200,2,1732.9716848071662
open_2017_05_08_close_2017_05_08_flight_Fixed Wing_N550ND_before_3_189762.csv,981,6225,2,1723.0528310662153
open_2017_05_08_close_2017_05_08_flight_Fixed Wing_N550ND_before_3_189762.csv,982,6250,2,1715.9976128236578
open_2017_05_08_close_2017_05_08_flight_Fixed Wing_N550ND_before_3_189762.csv,983,6275,2,1711.1386762835612
open_2017_05_08_close_2017_05_08_flight_Fixed Wing_N550ND_before_3_189762.csv,984,6300,2,1715.5233858511397
open_2017_05_08_close_2017_05_08_flight_Fixed Wing_N550ND_before_3_189762.csv,985,6325,2,1717.0020473748255
open_2017_05_08_close_2017_05_08_flight_Fixed Wing_N550ND_before_3_189762.csv,986,6350,2,1717.254776536668
open_2017_05_08_close_2017_05_08_flight_Fixed Wing_N550ND_before_3_189762.csv,987,6375,2,1718.3589357872982
open_2017_05_08_close_2017_05_08_flight_Fixed Wing_N550ND_before_3_189762.csv,988,6400,2,1729.886014073417
open_2017_05_08_close_2017_05_08_flight_Fixed Wing_N550ND_before_3_189762.csv,989,6425,2,1684.9827885209486
open_2017_05_08_close_2017_05_08_flight_Fixed Wing_N550ND_before_3_189762.csv,990,6450,2,1592.6695751882385
open_2017_05_08_close_2017_05_08_flight_Fixed Wing_N550ND_before_3_189762.csv,991,6475,2,1625.169003083838
open_2017_05_08_close_2017_05_08_flight_Fixed Wing_N550ND_before_3_189762.csv,992,6500,2,1693.8510091280518
open_2017_05_08_close_2017_05_08_flight_Fixed Wing_N550ND_before_3_189762.csv,993,6525,2,1716.3949397120932
open_2017_05_08_close_2017_05_08_flight_Fixed Wing_N550ND_before_3_189762.csv,994,6550,2,1694.3102013112411
open_2017_05_08_close_2017_05_08_flight_Fixed Wing_N550ND_before_3_189762.csv,995,6575,2,1629.8873324255358
open_2017_05_08_close_2017_05_08_flight_Fixed Wing_N550ND_before_3_189762.csv,996,6600,2,1667.559216809193
open_2017_05_08_close_2017_05_08_flight_Fixed Wing_N550ND_before_3_189762.csv,997,6625,2,1646.9405123386857
open_2017_05_08_close_2017_05_08_flight_Fixed Wing_N550ND_before_3_189762.csv,998,6650,2,1598.6861538267249
open_2017_05_08_close_2017_05_08_flight_Fixed Wing_N550ND_before_3_189762.csv,999,6675,2,1635.9270044495615
open_2017_05_08_close_2017_05_08_flight_Fixed Wing_N550ND_before_3_189762.csv,1000,6700,2,1613.3806682068719
open_2017_05_08_close_2017_05_08_flight_Fixed Wing_N550ND_before_3_189762.csv,1001,6725,2,1600.8202432903477
open_2017_05_08_close_2017_05_08_flight_Fixed Wing_N550ND_before_3_189762.csv,1002,6750,2,1622.4311982996408
open_2017_05_08_close_2017_05_08_flight_Fixed Wing_N550ND_before_3_189762.csv,1003,6775,2,1653.3808985001735
open_2017_05_08_close_2017_05_08_flight_Fixed Wing_N550ND_before_3_189762.csv,1004,6800,2,1598.9698362326549
open_2017_05_08_close_2017_05_08_flight_Fixed Wing_N550ND_before_3_189762.csv,1005,6825,2,1569.4601396148666
open_2017_05_08_close_2017_05_08_flight_Fixed Wing_N550ND_before_3_189762.csv,1006,6850,2,1473.64767665427
open_2017_05_08_close_2017_05_08_flight_Fixed Wing_N550ND_before_3_189762.csv,1007,6875,2,1251.864668091169
open_2017_05_08_close_2017_05_08_flight_Fixed Wing_N550ND_before_3_189762.csv,1008,6900,2,1486.5054647600027
open_2017_05_08_close_2017_05_08_flight_Fixed Wing_N550ND_before_3_189762.csv,1009,6925,2,1524.8243205284432
open_2017_05_08_close_2017_05_08_flight_Fixed Wing_N550ND_before_3_189762.csv,1010,6950,2,1538.0663848484471
open_2017_05_08_close_2017_05_08_flight_Fixed Wing_N550ND_before_3_189762.csv,1011,6975,2,1590.243918562998
open_2017_05_08_close_2017_05_08_flight_Fixed Wing_N550ND_before_3_189762.csv,1012,7000,2,1566.0927232757138
open_2017_05_08_close_2017_05_08_flight_Fixed Wing_N550ND_before_3_189762.csv,1013,7025,2,1266.6713577391452
open_2017_05_08_close_2017_05_08_flight_Fixed Wing_N550ND_before_3_189762.csv,1014,7050,2,1326.7586872544905
open_2017_05_08_close_2017_05_08_flight_Fixed Wing_N550ND_before_3_189762.csv,1015,7075,2,1377.9121173615263
open_2017_05_08_close_2017_05_08_flight_Fixed Wing_N550ND_before_3_189762.csv,1016,7100,2,1405.3280347359782
open_2017_05_08_close_2017_05_08_flight_Fixed Wing_N550ND_before_3_189762.csv,1017,7125,2,1521.0234138060118
open_2017_05_08_close_2017_05_08_flight_Fixed Wing_N550ND_before_3_189762.csv,1018,7150,2,1542.3223569920776
open_2017_05_08_close_2017_05_08_flight_Fixed Wing_N550ND_before_3_189762.csv,1019,7175,2,1159.8548580159604
open_2017_05_08_close_2017_05_08_flight_Fixed Wing_N550ND_before_3_189762.csv,1020,7200,2,1310.5218065368838
open_2017_05_08_close_2017_05_08_flight_Fixed Wing_N550ND_before_3_189762.csv,1021,7225,2,1349.0372293227338
open_2017_05_08_close_2017_05_08_flight_Fixed Wing_N550ND_before_3_189762.csv,1022,7250,2,796.7567319803042
open_2017_05_08_close_2017_05_08_flight_Fixed Wing_N550ND_before_3_189762.csv,1023,7275,2,638.9770941129208
open_2017_05_08_close_2017_05_08_flight_Fixed Wing_N550ND_before_3_189762.csv,1024,7300,2,872.6827147056935
open_2017_05_08_close_2017_05_08_flight_Fixed Wing_N550ND_before_3_189762.csv,1025,7325,2,1262.1843290216643
open_2017_05_08_close_2017_05_08_flight_Fixed Wing_N550ND_before_3_189762.csv,1026,7350,2,1310.377836678306
open_2017_05_08_close_2017_05_08_flight_Fixed Wing_N550ND_before_3_189762.csv,1027,7375,2,1197.5148039654841
open_2017_05_08_close_2017_05_08_flight_Fixed Wing_N550ND_before_3_189762.csv,1028,7400,2,1048.539915240406
open_2017_05_08_close_2017_05_08_flight_Fixed Wing_N550ND_before_3_189762.csv,1029,7425,2,900.0100439392519
open_2017_05_08_close_2017_05_08_flight_Fixed Wing_N550ND_before_3_189762.csv,1030,7450,2,685.6941490511721
open_2017_05_08_close_2017_05_08_flight_Fixed Wing_N550ND_before_3_189762.csv,1031,7475,2,706.5651034711751
open_2017_05_08_close_2017_05_08_flight_Fixed Wing_N550ND_before_3_189762.csv,1032,7500,2,658.2248201526421
open_2017_05_08_close_2017_05_08_flight_Fixed Wing_N550ND_before_3_189762.csv,1033,7525,2,531.233796508446
open_2017_05_08_close_2017_05_08_flight_Fixed Wing_N550ND_before_3_189762.csv,1034,7550,2,642.9529830562424
open_2017_05_08_close_2017_05_08_flight_Fixed Wing_N550ND_before_3_189762.csv,1035,7575,2,862.2192005633594
open_2017_05_08_close_2017_05_08_flight_Fixed Wing_N550ND_before_3_189762.csv,1036,7600,2,749.6143674836773
open_2017_05_08_close_2017_05_08_flight_Fixed Wing_N550ND_before_3_189762.csv,1037,7625,2,579.5004763234975
