file,window_idx,start_idx,end_idx,prototype_id,nearest_dist,top3_sensors,viol_count_AltMSL,viol_count_E1 RPM,viol_count_E1 FFlow,viol_count_E1 CHT1,viol_count_E1 EGT1,viol_count_NormAc,viol_count_IAS,viol_sev_AltMSL,viol_sev_E1 RPM,viol_sev_E1 FFlow,viol_sev_E1 CHT1,viol_sev_E1 EGT1,viol_sev_NormAc,viol_sev_IAS
open_2017_05_08_close_2017_05_08_flight_Fixed Wing_N550ND_before_0_189617.csv,0,0,29,0,1230.0219706786245,"E1 FFlow, E1 EGT1, AltMSL",30,30,30,30,30,30,30,7758.370473412319,4465.828096770373,363862.73911272245,6568.711626870791,14660.39621085026,650.3617992065043,1654.1933412586004
open_2017_05_08_close_2017_05_08_flight_Fixed Wing_N550ND_before_0_189617.csv,1,25,54,0,1160.0137861302183,"E1 FFlow, E1 EGT1, AltMSL",30,30,30,30,30,30,30,7758.358126621415,4465.828096770373,340146.7586700481,6568.711626870791,14660.39621085026,499.61082332292216,1654.2336131637887
open_2017_05_08_close_2017_05_08_flight_Fixed Wing_N550ND_before_0_189617.csv,2,50,79,0,1202.3487635420481,"E1 FFlow, E1 EGT1, AltMSL",30,30,30,30,30,30,30,7758.428921169212,4465.828096770373,353269.53925891436,6568.711626870791,14660.39621085026,418.64233770216856,1654.3141570965154
open_2017_05_08_close_2017_05_08_flight_Fixed Wing_N550ND_before_0_189617.csv,3,75,104,0,1221.2301321478697,"E1 FFlow, E1 EGT1, AltMSL",30,30,30,30,30,30,30,7758.516852033541,4465.828096770373,358986.61178009637,6568.711626870791,14660.39621085026,315.6490481260392,1654.2176963504455
open_2017_05_08_close_2017_05_08_flight_Fixed Wing_N550ND_before_0_189617.csv,4,100,129,0,1241.4787946998922,"E1 FFlow, E1 EGT1, AltMSL",30,30,30,30,30,30,30,7758.519272685406,4465.828096770373,364765.9002435237,6568.711626870791,14660.39621085026,309.8157147927059,1654.2697874061935
open_2017_05_08_close_2017_05_08_flight_Fixed Wing_N550ND_before_0_189617.csv,5,125,154,0,1248.2234916849259,"E1 FFlow, E1 EGT1, AltMSL",30,30,30,30,30,30,30,7758.491644599795,4465.828096770373,367190.1871549223,6568.711626870791,14660.39621085026,309.8157147927059,1654.2977378589148
open_2017_05_08_close_2017_05_08_flight_Fixed Wing_N550ND_before_0_189617.csv,6,150,179,0,1281.059520977073,"E1 FFlow, E1 EGT1, AltMSL",30,30,30,30,30,30,30,7758.452163112439,4465.828096770373,376103.05340593396,6568.711626870791,14660.39621085026,265.1867629639583,1654.2126267238773
open_2017_05_08_close_2017_05_08_flight_Fixed Wing_N550ND_before_0_189617.csv,7,175,204,0,1295.5008323517866,"E1 FFlow, E1 EGT1, AltMSL",30,30,30,30,30,30,30,7758.433295223004,4465.828096770373,380593.14650938427,6568.711626870791,14660.39621085026,235.6022940368379,1654.2003556098018
open_2017_05_08_close_2017_05_08_flight_Fixed Wing_N550ND_before_0_189617.csv,8,200,229,0,1322.0198537308258,"E1 FFlow, E1 EGT1, AltMSL",30,30,30,30,30,30,30,7758.394540382614,4465.828096770373,388393.4407943087,6568.711626870791,14660.39621085026,188.28778537949995,1654.2165825149618
open_2017_05_08_close_2017_05_08_flight_Fixed Wing_N550ND_before_0_189617.csv,9,225,254,0,1323.173343068929,"E1 FFlow, E1 EGT1, AltMSL",30,30,30,30,30,30,30,7758.379789435543,4465.828096770373,389302.4268157002,6568.711626870791,14660.39621085026,161.51478099068586,1654.2113138865889
open_2017_05_08_close_2017_05_08_flight_Fixed Wing_N550ND_before_0_189617.csv,10,250,279,0,1406.221663721515,"E1 FFlow, E1 EGT1, AltMSL",30,30,30,30,30,30,30,7758.49773425457,4465.828096770373,411563.0461122848,6568.711626870791,14660.39621085026,155.68144765735252,1654.3303242822174
open_2017_05_08_close_2017_05_08_flight_Fixed Wing_N550ND_before_0_189617.csv,11,275,304,0,1332.9666355924298,"E1 FFlow, E1 EGT1, AltMSL",30,30,30,30,30,30,30,7758.377361959365,4465.828096770373,394160.80245059857,6568.711626870791,14660.39621085026,155.68144765735252,1654.3914964297417
open_2017_05_08_close_2017_05_08_flight_Fixed Wing_N550ND_before_0_189617.csv,12,300,329,0,1064.9267705304733,"E1 FFlow, E1 EGT1, AltMSL",30,30,30,30,30,30,30,7758.227465743962,4465.828096770373,312919.5537133256,6568.711626870791,14660.39621085026,675.8741546602968,1654.196799733964
open_2017_05_08_close_2017_05_08_flight_Fixed Wing_N550ND_before_0_189617.csv,13,325,354,0,922.9330897078546,"E1 FFlow, E1 EGT1, AltMSL",30,30,30,30,30,29,30,7757.812786394212,4465.828096770373,264691.14893934684,6568.711626870791,14660.39621085026,568.4188014948107,1654.1438440717884
open_2017_05_08_close_2017_05_08_flight_Fixed Wing_N550ND_before_0_189617.csv,14,350,379,0,1154.5216432204666,"E1 FFlow, E1 EGT1, AltMSL",30,30,30,30,30,30,30,7757.395925372317,4465.828096770373,338607.6293192851,6568.711626870791,14660.39621085026,258.6984029574396,1654.3336131533176
open_2017_05_08_close_2017_05_08_flight_Fixed Wing_N550ND_before_0_189617.csv,15,375,404,0,1042.4628267600865,"E1 FFlow, E1 EGT1, AltMSL",30,30,30,30,30,30,30,7757.377335154454,4465.828096770373,306884.7459543638,6568.711626870791,14660.39621085026,165.00864467685722,1654.6617823446452
open_2017_05_08_close_2017_05_08_flight_Fixed Wing_N550ND_before_0_189617.csv,16,400,429,0,1019.0962489625506,"E1 FFlow, E1 EGT1, AltMSL",30,30,30,30,30,30,30,7757.4901456011,4465.828096770373,299433.6964529658,6568.711626870791,14660.39621085026,155.68144765735252,1654.1579998624118
open_2017_05_08_close_2017_05_08_flight_Fixed Wing_N550ND_before_0_189617.csv,17,425,454,0,1165.4432011839747,"E1 FFlow, E1 EGT1, AltMSL",30,30,30,30,30,30,30,7757.878060474074,4465.828096770373,337822.535145927,6568.711626870791,14660.39621085026,155.68144765735252,1654.3245483868618
open_2017_05_08_close_2017_05_08_flight_Fixed Wing_N550ND_before_0_189617.csv,18,450,479,0,1342.7512675910414,"E1 FFlow, E1 EGT1, AltMSL",30,30,30,30,30,30,30,7758.228586632226,4465.828096770373,394393.720170655,6568.711626870791,14660.39621085026,155.68144765735252,1654.2071839042515
open_2017_05_08_close_2017_05_08_flight_Fixed Wing_N550ND_before_0_189617.csv,19,475,504,0,1388.432686289414,"E1 FFlow, E1 EGT1, AltMSL",30,30,30,30,30,30,30,7758.343284939103,4465.828096770373,407433.6103225954,6568.711626870791,14660.39621085026,155.68144765735252,1654.2896829438805
open_2017_05_08_close_2017_05_08_flight_Fixed Wing_N550ND_before_0_189617.csv,20,500,529,0,1584.246387295367,"E1 FFlow, E1 EGT1, AltMSL",30,30,30,30,30,30,30,7758.405212586828,4465.828096770373,462751.0818374492,6568.711626870791,14660.39621085026,215.6784588604888,1654.133365517405
open_2017_05_08_close_2017_05_08_flight_Fixed Wing_N550ND_before_0_189617.csv,21,525,554,0,1464.386796234331,"E1 FFlow, E1 EGT1, AltMSL",30,30,30,30,30,30,30,7758.227613911395,4465.828096770373,429908.6230599922,6568.711626870791,14660.39621085026,216.12075245210468,1654.2401558854665
open_2017_05_08_close_2017_05_08_flight_Fixed Wing_N550ND_before_0_189617.csv,22,550,579,0,1301.1796882329634,"E1 FFlow, E1 EGT1, AltMSL",30,30,30,30,30,30,30,7757.868221924142,4465.828096770373,383569.8019581143,6568.711626870791,14660.39621085026,155.68144765735252,1654.1941678158582
open_2017_05_08_close_2017_05_08_flight_Fixed Wing_N550ND_before_0_189617.csv,23,575,604,0,1248.5704520242784,"E1 FFlow, E1 EGT1, AltMSL",30,30,30,30,30,30,30,7757.729512387987,4465.828096770373,367340.65371735604,6568.711626870791,14660.39621085026,155.68144765735252,1654.2428249491868
open_2017_05_08_close_2017_05_08_flight_Fixed Wing_N550ND_before_0_189617.csv,24,600,629,0,1286.7899109712844,"E1 FFlow, E1 EGT1, AltMSL",30,30,30,30,30,30,30,7757.7178427337,4465.828096770373,375921.92627409054,6568.711626870791,14660.39621085026,155.68144765735252,1654.2835889255298
open_2017_05_08_close_2017_05_08_flight_Fixed Wing_N550ND_before_0_189617.csv,25,625,654,0,1538.0560711686367,"E1 FFlow, E1 EGT1, AltMSL",30,30,30,30,30,30,30,7758.183651786041,4465.828096770373,449395.20958121493,6568.711626870791,14660.39621085026,155.68144765735252,1654.2578593679914
open_2017_05_08_close_2017_05_08_flight_Fixed Wing_N550ND_before_0_189617.csv,26,650,679,0,1737.4824109976546,"E1 FFlow, E1 EGT1, AltMSL",30,30,30,30,30,30,30,7756.277414046232,4465.828096770373,509779.30247439607,6568.711626870791,14660.39621085026,155.68144765735252,1654.4105945336614
open_2017_05_08_close_2017_05_08_flight_Fixed Wing_N550ND_before_0_189617.csv,27,675,704,0,1789.7999466105048,"E1 FFlow, E1 EGT1, AltMSL",30,30,30,30,30,30,30,7755.063523466545,4465.828096770373,526444.1187297263,6568.711626870791,14660.39621085026,155.68144765735252,1654.908346424458
open_2017_05_08_close_2017_05_08_flight_Fixed Wing_N550ND_before_0_189617.csv,28,700,729,0,1793.7399837639653,"E1 FFlow, E1 EGT1, AltMSL",30,30,30,30,30,30,30,7766.886015480631,4465.828096770373,527924.716897542,6568.711626870791,14660.39621085026,155.68144765735252,1654.1476453403527
open_2017_05_08_close_2017_05_08_flight_Fixed Wing_N550ND_before_0_189617.csv,29,725,754,0,1800.7162865902685,"E1 FFlow, E1 EGT1, AltMSL",30,30,30,30,30,30,30,7770.314561046111,4465.828096770373,529585.2776502167,6568.711626870791,14660.39621085026,155.68144765735252,1653.9285489592064
open_2017_05_08_close_2017_05_08_flight_Fixed Wing_N550ND_before_0_189617.csv,30,750,779,0,1797.7514055722063,"E1 FFlow, E1 EGT1, AltMSL",30,30,30,30,30,30,30,7758.577831091633,4465.828096770373,529899.7505032895,6568.711626870791,14660.39621085026,155.68144765735252,1654.3572758674325
open_2017_05_08_close_2017_05_08_flight_Fixed Wing_N550ND_before_0_189617.csv,31,775,804,0,1755.496251480124,"E1 FFlow, E1 EGT1, AltMSL",30,30,30,30,30,27,30,7755.70891347799,4465.828096770373,516784.258306078,6568.711626870791,14660.39621085026,139.04528208001048,1654.7600259286285
open_2017_05_08_close_2017_05_08_flight_Fixed Wing_N550ND_before_0_189617.csv,32,800,829,0,1677.1632829441244,"E1 FFlow, E1 EGT1, AltMSL",30,30,30,30,30,29,30,7764.512238419665,4465.828096770373,494899.0417595772,6568.711626870791,14660.39621085026,148.27404024994513,1653.8243353345686
open_2017_05_08_close_2017_05_08_flight_Fixed Wing_N550ND_before_0_189617.csv,33,825,854,0,1580.0745560157825,"E1 FFlow, E1 EGT1, AltMSL",30,30,30,30,30,30,30,7764.923929095113,4465.828096770373,465563.1174949438,6568.711626870791,14660.39621085026,155.68144765735252,1654.0449725665937
open_2017_05_08_close_2017_05_08_flight_Fixed Wing_N550ND_before_0_189617.csv,34,850,879,0,1549.270684729779,"E1 FFlow, E1 EGT1, AltMSL",30,30,30,30,30,29,30,7767.477935487407,4465.828096770373,456032.3809757644,6568.711626870791,14660.39621085026,158.93222855873586,1653.6279852633156
open_2017_05_08_close_2017_05_08_flight_Fixed Wing_N550ND_before_0_189617.csv,35,875,904,0,1381.288771844212,"E1 FFlow, E1 EGT1, AltMSL",30,30,30,30,30,25,30,7756.747574654664,4465.828096770373,405157.2799925869,6568.711626870791,14660.39621085026,368.6847699357979,1654.1794556552968
open_2017_05_08_close_2017_05_08_flight_Fixed Wing_N550ND_before_0_189617.csv,36,900,929,0,1243.5307854684772,"E1 FFlow, E1 EGT1, AltMSL",30,30,30,30,30,21,30,7757.597486607424,4465.828096770373,343037.7889155744,6568.711626870791,14660.39621085026,262.8519134323865,1654.3198160552233
open_2017_05_08_close_2017_05_08_flight_Fixed Wing_N550ND_before_0_189617.csv,37,925,954,0,1734.0535023953191,"E1 FFlow, E1 EGT1, AltMSL",30,30,30,30,30,28,30,7754.2676542849,4465.828096770373,508807.2748423536,6568.711626870791,14660.39621085026,145.6398080997728,1654.495963703946
open_2017_05_08_close_2017_05_08_flight_Fixed Wing_N550ND_before_0_189617.csv,38,950,979,0,1786.1358160948987,"E1 FFlow, E1 EGT1, AltMSL",30,30,30,30,30,29,30,7756.646682869426,4465.828096770373,525395.3945921779,6568.711626870791,14660.39621085026,150.398428789428,1654.5013921689872
open_2017_05_08_close_2017_05_08_flight_Fixed Wing_N550ND_before_0_189617.csv,39,975,1004,0,1785.059817773663,"E1 FFlow, E1 EGT1, AltMSL",30,30,30,30,30,26,30,7774.901921621668,4465.828096770373,525412.6603522501,6568.711626870791,14660.39621085026,134.67222977031457,1653.6398154670146
open_2017_05_08_close_2017_05_08_flight_Fixed Wing_N550ND_before_0_189617.csv,40,1000,1029,0,1800.836730174326,"E1 FFlow, E1 EGT1, AltMSL",30,30,30,30,30,25,30,7766.557096103433,4465.828096770373,529666.9233466474,6568.711626870791,14660.39621085026,129.47518856989873,1654.0996279839328
open_2017_05_08_close_2017_05_08_flight_Fixed Wing_N550ND_before_0_189617.csv,41,1025,1054,0,1756.8185886972885,"E1 FFlow, E1 EGT1, AltMSL",30,30,30,30,30,22,30,7756.70427324232,4465.828096770373,517352.4803143973,6568.711626870791,14660.39621085026,111.14069903705433,1654.3458685436226
open_2017_05_08_close_2017_05_08_flight_Fixed Wing_N550ND_before_0_189617.csv,42,1050,1079,0,1734.4167106173602,"E1 FFlow, E1 EGT1, AltMSL",30,30,30,30,30,17,30,7755.581014628354,4465.828096770373,510705.2822275576,6568.711626870791,14660.39621085026,86.93888728694047,1654.581629978724
open_2017_05_08_close_2017_05_08_flight_Fixed Wing_N550ND_before_0_189617.csv,43,1075,1104,0,1675.6169440020883,"E1 FFlow, E1 EGT1, AltMSL",30,30,30,30,30,15,30,7766.884653841469,4465.828096770373,493857.60067230667,6568.711626870791,14660.39621085026,75.01484018625364,1653.741557098246
open_2017_05_08_close_2017_05_08_flight_Fixed Wing_N550ND_before_0_189617.csv,44,1100,1129,0,1608.7990019262786,"E1 FFlow, E1 EGT1, AltMSL",30,30,30,30,30,16,30,7765.412932949359,4465.828096770373,473966.90073304443,6568.711626870791,14660.39621085026,84.8862290577354,1653.9172896696473
open_2017_05_08_close_2017_05_08_flight_Fixed Wing_N550ND_before_0_189617.csv,45,1125,1154,0,1599.6374047625204,"E1 FFlow, E1 EGT1, AltMSL",30,30,30,30,30,10,30,7763.164557363627,4465.828096770373,469790.0261229286,6568.711626870791,14660.39621085026,50.523497388623696,1653.9849535074295
open_2017_05_08_close_2017_05_08_flight_Fixed Wing_N550ND_before_0_189617.csv,46,1150,1179,0,1409.1182937789993,"E1 FFlow, E1 EGT1, AltMSL",30,30,30,30,30,17,30,7756.973854499415,4465.828096770373,412495.86391778465,6568.711626870791,14660.39621085026,292.9331907213024,1653.8227861703042
open_2017_05_08_close_2017_05_08_flight_Fixed Wing_N550ND_before_0_189617.csv,47,1175,1204,0,1533.2603997240399,"E1 FFlow, E1 EGT1, AltMSL",30,30,30,30,30,26,30,7756.601175495581,4465.828096770373,430004.51495208475,6568.711626870791,14660.39621085026,140.95328972688458,1654.2580051858029
open_2017_05_08_close_2017_05_08_flight_Fixed Wing_N550ND_before_0_189617.csv,48,1200,1229,0,1773.2282101422682,"E1 FFlow, E1 EGT1, AltMSL",30,30,30,30,30,19,30,7754.0955327244055,4465.828096770373,521156.913205062,6568.711626870791,14660.39621085026,105.61031880776954,1654.2756571133173
open_2017_05_08_close_2017_05_08_flight_Fixed Wing_N550ND_before_0_189617.csv,49,1225,1254,0,1792.38162175193,"E1 FFlow, E1 EGT1, AltMSL",30,30,30,30,30,14,30,7756.179969689401,4465.828096770373,527430.3708309187,6568.711626870791,14660.39621085026,74.8716084437682,1654.3442488967903
open_2017_05_08_close_2017_05_08_flight_Fixed Wing_N550ND_before_0_189617.csv,50,1250,1279,0,1808.6010035532545,"E1 FFlow, E1 EGT1, AltMSL",30,30,30,30,30,12,30,7780.0941084402,4465.828096770373,531811.1229268784,6568.711626870791,14660.39621085026,62.58792528356119,1653.084782374376
open_2017_05_08_close_2017_05_08_flight_Fixed Wing_N550ND_before_0_189617.csv,51,1275,1304,0,1791.9739914462803,"E1 FFlow, E1 EGT1, AltMSL",30,30,30,30,30,5,30,7767.061179875178,4465.828096770373,527783.398960449,6568.711626870791,14660.39621085026,28.775032632724738,1653.6267048748332
open_2017_05_08_close_2017_05_08_flight_Fixed Wing_N550ND_before_0_189617.csv,52,1300,1329,0,1763.987084381132,"E1 FFlow, E1 EGT1, AltMSL",30,30,30,30,30,6,30,7755.174721360981,4465.828096770373,519542.7389689742,6568.711626870791,14660.39621085026,34.497592673779415,1654.4454741740951
open_2017_05_08_close_2017_05_08_flight_Fixed Wing_N550ND_before_0_189617.csv,53,1325,1354,0,1743.6680935134432,"E1 FFlow, E1 EGT1, AltMSL",30,30,30,30,30,3,30,7756.547667271379,4465.828096770373,513190.3626168463,6568.711626870791,14660.39621085026,18.109952925128745,1653.9924183259327
open_2017_05_08_close_2017_05_08_flight_Fixed Wing_N550ND_before_0_189617.csv,54,1350,1379,0,1723.5572333966736,"E1 FFlow, E1 EGT1, AltMSL",30,30,30,30,30,4,30,7756.815874191804,4465.828096770373,507492.44999013573,6568.711626870791,14660.39621085026,32.397422789092325,1654.2033071249748
open_2017_05_08_close_2017_05_08_flight_Fixed Wing_N550ND_before_0_189617.csv,55,1375,1404,0,1656.216581568009,"E1 FFlow, E1 EGT1, AltMSL",30,30,30,30,30,3,30,7767.700382663873,4465.828096770373,488171.2724237553,6568.711626870791,14660.39621085026,17.570840874388786,1653.6562945306655
open_2017_05_08_close_2017_05_08_flight_Fixed Wing_N550ND_before_0_189617.csv,56,1400,1429,0,1600.4547654789853,"E1 FFlow, E1 EGT1, AltMSL",30,30,30,30,30,4,30,7766.664303155213,4465.828096770373,471487.213162456,6568.711626870791,14660.39621085026,23.446308111649522,1653.8092222899832
open_2017_05_08_close_2017_05_08_flight_Fixed Wing_N550ND_before_0_189617.csv,57,1425,1454,0,1599.6855590333223,"E1 FFlow, E1 EGT1, AltMSL",30,30,30,30,30,1,30,7761.560404675314,4465.828096770373,469923.94837066846,6568.711626870791,14660.39621085026,8.682282055852037,1653.8704457902836
open_2017_05_08_close_2017_05_08_flight_Fixed Wing_N550ND_before_0_189617.csv,58,1450,1479,0,1714.5589247807518,"E1 FFlow, E1 EGT1, AltMSL",30,30,30,30,30,2,30,7755.38704640015,4465.828096770373,502906.8231709849,6568.711626870791,14660.39621085026,16.90787128144126,1654.1909999091229
open_2017_05_08_close_2017_05_08_flight_Fixed Wing_N550ND_before_0_189617.csv,59,1475,1504,0,1772.5872671206287,"E1 FFlow, E1 EGT1, AltMSL",30,30,30,30,30,0,30,7755.665981526061,4465.828096770373,521214.18589147564,6568.711626870791,14660.39621085026,3.6822820558520353,1654.0833112246585
open_2017_05_08_close_2017_05_08_flight_Fixed Wing_N550ND_before_0_189617.csv,60,1500,1529,0,1794.3596193804572,"E1 FFlow, E1 EGT1, AltMSL",30,30,30,30,30,1,30,7767.703053883782,4465.828096770373,528056.280914031,6568.711626870791,14660.39621085026,8.965300923776567,1653.5185042812666
open_2017_05_08_close_2017_05_08_flight_Fixed Wing_N550ND_before_0_189617.csv,61,1525,1554,0,1802.2849076152156,"E1 FFlow, E1 EGT1, AltMSL",30,30,30,30,30,1,30,7770.570569588272,4465.828096770373,529959.4823964203,6568.711626870791,14660.39621085026,8.736433680400776,1653.6211271287493
open_2017_05_08_close_2017_05_08_flight_Fixed Wing_N550ND_before_0_189617.csv,62,1550,1579,0,1785.228680437819,"E1 FFlow, E1 EGT1, AltMSL",30,30,30,30,30,2,30,7756.2802465649065,4465.828096770373,526304.7246177066,6568.711626870791,14660.39621085026,14.533810440131518,1654.3351446255836
open_2017_05_08_close_2017_05_08_flight_Fixed Wing_N550ND_before_0_189617.csv,63,1575,1604,0,1751.361300015436,"E1 FFlow, E1 EGT1, AltMSL",30,30,30,30,30,1,30,7755.327327584506,4465.828096770373,515551.9365753552,6568.711626870791,14660.39621085026,8.213026392421616,1654.06878545403
open_2017_05_08_close_2017_05_08_flight_Fixed Wing_N550ND_before_0_189617.csv,64,1600,1629,0,1668.184971939981,"E1 FFlow, E1 EGT1, AltMSL",30,30,30,30,30,3,30,7760.958429088732,4465.828096770373,492378.7223029165,6568.711626870791,14660.39621085026,18.82751272816942,1654.2502093500375
open_2017_05_08_close_2017_05_08_flight_Fixed Wing_N550ND_before_0_189617.csv,65,1625,1654,0,1583.0003721224002,"E1 FFlow, E1 EGT1, AltMSL",30,30,30,30,30,1,30,7767.669544199102,4465.828096770373,466182.9463188919,6568.711626870791,14660.39621085026,7.182282055852034,1653.6529063969494
open_2017_05_08_close_2017_05_08_flight_Fixed Wing_N550ND_before_0_189617.csv,66,1650,1679,0,1602.7173531708384,"E1 FFlow, E1 EGT1, AltMSL",30,30,30,30,30,1,30,7767.211670623847,4465.828096770373,470920.4319065791,6568.711626870791,14660.39621085026,8.736433680400776,1653.9773988677935
open_2017_05_08_close_2017_05_08_flight_Fixed Wing_N550ND_before_0_189617.csv,67,1675,1704,0,1624.884248009809,"E1 FFlow, E1 EGT1, AltMSL",30,30,30,30,30,0,30,7757.143209842088,4465.828096770373,478550.9056655469,6568.711626870791,14660.39621085026,3.6822820558520353,1654.2912588326712
open_2017_05_08_close_2017_05_08_flight_Fixed Wing_N550ND_before_0_189617.csv,68,1700,1729,0,1162.0392547818922,"E1 FFlow, E1 EGT1, AltMSL",30,30,30,30,30,15,30,7756.64324176588,4465.828096770373,342344.25223457033,6568.711626870791,14660.39621085026,267.5604653979419,1654.4240410321768
open_2017_05_08_close_2017_05_08_flight_Fixed Wing_N550ND_before_0_189617.csv,69,1725,1754,0,1623.3363404514234,"E1 FFlow, E1 EGT1, AltMSL",30,30,30,30,30,24,30,7755.891859062678,4465.828096770373,465710.84783403075,6568.711626870791,14660.39621085026,121.82163684531842,1654.4026888414153
open_2017_05_08_close_2017_05_08_flight_Fixed Wing_N550ND_before_0_189617.csv,70,1750,1779,0,1777.1523794805835,"E1 FFlow, E1 EGT1, AltMSL",30,30,30,30,30,7,30,7755.4785349360045,4465.828096770373,522488.6060298631,6568.711626870791,14660.39621085026,39.42621798274646,1654.38283304162
open_2017_05_08_close_2017_05_08_flight_Fixed Wing_N550ND_before_0_189617.csv,71,1775,1804,0,1787.8000143825823,"E1 FFlow, E1 EGT1, AltMSL",30,30,30,30,30,2,30,7768.983638923168,4465.828096770373,526142.8493979817,6568.711626870791,14660.39621085026,14.046359725754954,1653.8501404162926
open_2017_05_08_close_2017_05_08_flight_Fixed Wing_N550ND_before_0_189617.csv,72,1800,1829,0,1801.5126429667703,"E1 FFlow, E1 EGT1, AltMSL",30,30,30,30,30,1,30,7767.972737654985,4465.828096770373,529613.8399134075,6568.711626870791,14660.39621085026,8.700203202805442,1653.936499135409
open_2017_05_08_close_2017_05_08_flight_Fixed Wing_N550ND_before_0_189617.csv,73,1825,1854,0,1782.2966778644839,"E1 FFlow, E1 EGT1, AltMSL",30,30,30,30,30,1,30,7756.767994373713,4465.828096770373,525407.8635164584,6568.711626870791,14660.39621085026,9.769238577591167,1654.261421139064
open_2017_05_08_close_2017_05_08_flight_Fixed Wing_N550ND_before_0_189617.csv,74,1850,1879,0,1754.3505541957034,"E1 FFlow, E1 EGT1, AltMSL",30,30,30,30,30,1,30,7755.505408504148,4465.828096770373,516395.9991092043,6568.711626870791,14660.39621085026,9.515615389185374,1654.3748437939475
open_2017_05_08_close_2017_05_08_flight_Fixed Wing_N550ND_before_0_189617.csv,75,1875,1904,0,1750.158531675331,"E1 FFlow, E1 EGT1, AltMSL",30,30,30,30,30,0,30,7755.870969505772,4465.828096770373,515068.19077793753,6568.711626870791,14660.39621085026,3.6822820558520353,1654.1943599149606
open_2017_05_08_close_2017_05_08_flight_Fixed Wing_N550ND_before_0_189617.csv,76,1900,1929,0,1741.1364876311654,"E1 FFlow, E1 EGT1, AltMSL",30,30,30,30,30,0,30,7757.12416132735,4465.828096770373,512594.9642199286,6568.711626870791,14660.39621085026,3.6822820558520353,1654.5262660237763
open_2017_05_08_close_2017_05_08_flight_Fixed Wing_N550ND_before_0_189617.csv,77,1925,1954,0,1632.0929692474563,"E1 FFlow, E1 EGT1, AltMSL",30,30,30,30,30,0,30,7769.139411190131,4465.828096770373,481702.19945825223,6568.711626870791,14660.39621085026,3.6822820558520353,1653.5327765073073
open_2017_05_08_close_2017_05_08_flight_Fixed Wing_N550ND_before_0_189617.csv,78,1950,1979,0,1571.835912332491,"E1 FFlow, E1 EGT1, AltMSL",30,30,30,30,30,0,30,7768.314224139251,4465.828096770373,462861.986794881,6568.711626870791,14660.39621085026,3.6822820558520353,1653.6086108064517
open_2017_05_08_close_2017_05_08_flight_Fixed Wing_N550ND_before_0_189617.csv,79,1975,2004,0,1577.732062288416,"E1 FFlow, E1 EGT1, AltMSL",30,30,30,30,30,0,30,7754.953511668789,4465.828096770373,464274.8832500256,6568.711626870791,14660.39621085026,3.6822820558520353,1653.8346847653768
open_2017_05_08_close_2017_05_08_flight_Fixed Wing_N550ND_before_0_189617.csv,80,2000,2029,0,1165.9228534851845,"E1 FFlow, E1 EGT1, AltMSL",30,30,30,30,30,1,30,7757.3391573408435,4465.828096770373,342824.8431874004,6568.711626870791,14660.39621085026,7.414872585099946,1653.8097834235678
open_2017_05_08_close_2017_05_08_flight_Fixed Wing_N550ND_before_0_189617.csv,81,2025,2054,0,1633.0789673487345,"E1 FFlow, E1 EGT1, AltMSL",30,30,30,30,30,0,30,7755.236311809742,4465.828096770373,469844.9369080214,6568.711626870791,14660.39621085026,3.6822820558520353,1654.4173808848682
open_2017_05_08_close_2017_05_08_flight_Fixed Wing_N550ND_before_0_189617.csv,82,2050,2079,0,1774.8225583832834,"E1 FFlow, E1 EGT1, AltMSL",30,30,30,30,30,0,30,7754.683541130803,4465.828096770373,521940.98883575795,6568.711626870791,14660.39621085026,3.6822820558520353,1654.424508577058
open_2017_05_08_close_2017_05_08_flight_Fixed Wing_N550ND_before_0_189617.csv,83,2075,2104,0,1785.4099512052314,"E1 FFlow, E1 EGT1, AltMSL",30,30,30,30,30,0,30,7753.244333078483,4465.828096770373,525394.3705673526,6568.711626870791,14660.39621085026,3.6822820558520353,1654.6321251672907
open_2017_05_08_close_2017_05_08_flight_Fixed Wing_N550ND_before_0_189617.csv,84,2100,2129,0,1803.2927738218973,"E1 FFlow, E1 EGT1, AltMSL",30,30,30,30,30,0,30,7756.282731908973,4465.828096770373,530534.6058647373,6568.711626870791,14660.39621085026,3.6822820558520353,1654.6439913001498
open_2017_05_08_close_2017_05_08_flight_Fixed Wing_N550ND_before_0_189617.csv,85,2125,2154,0,1761.8587141509606,"E1 FFlow, E1 EGT1, AltMSL",30,30,30,30,30,1,30,7762.434162885211,4465.828096770373,518976.0163219903,6568.711626870791,14660.39621085026,8.682282055852037,1654.099042525932
open_2017_05_08_close_2017_05_08_flight_Fixed Wing_N550ND_before_0_189617.csv,86,2150,2179,0,1741.1679230969025,"E1 FFlow, E1 EGT1, AltMSL",30,30,30,30,30,0,30,7779.734129549423,4465.828096770373,512448.3467973034,6568.711626870791,14660.39621085026,3.6822820558520353,1653.5714293177336
open_2017_05_08_close_2017_05_08_flight_Fixed Wing_N550ND_before_0_189617.csv,87,2175,2204,0,1743.6037903433753,"E1 FFlow, E1 EGT1, AltMSL",30,30,30,30,30,0,30,7765.554579136686,4465.828096770373,513034.33812802425,6568.711626870791,14660.39621085026,3.6822820558520353,1653.9557859128795
open_2017_05_08_close_2017_05_08_flight_Fixed Wing_N550ND_before_0_189617.csv,88,2200,2229,0,1747.9146763240958,"E1 FFlow, E1 EGT1, AltMSL",30,30,30,30,30,0,30,7754.937663684661,4465.828096770373,514324.6606203159,6568.711626870791,14660.39621085026,3.6822820558520353,1654.146403656092
open_2017_05_08_close_2017_05_08_flight_Fixed Wing_N550ND_before_0_189617.csv,89,2225,2254,0,1749.1666803108676,"E1 FFlow, E1 EGT1, AltMSL",30,30,30,30,30,0,30,7756.0274908374795,4465.828096770373,514744.300153636,6568.711626870791,14660.39621085026,3.6822820558520353,1654.3866714819646
open_2017_05_08_close_2017_05_08_flight_Fixed Wing_N550ND_before_0_189617.csv,90,2250,2279,0,1748.857421863353,"E1 FFlow, E1 EGT1, AltMSL",30,30,30,30,30,0,30,7755.736809673348,4465.828096770373,514629.43934781646,6568.711626870791,14660.39621085026,3.6822820558520353,1654.3549306902428
open_2017_05_08_close_2017_05_08_flight_Fixed Wing_N550ND_before_0_189617.csv,91,2275,2304,0,1747.4889735606444,"E1 FFlow, E1 EGT1, AltMSL",30,30,30,30,30,0,30,7755.89236063656,4465.828096770373,514244.6373730393,6568.711626870791,14660.39621085026,3.6822820558520353,1654.1728409212208
open_2017_05_08_close_2017_05_08_flight_Fixed Wing_N550ND_before_0_189617.csv,92,2300,2329,0,1742.3950054929467,"E1 FFlow, E1 EGT1, AltMSL",30,30,30,30,30,0,30,7755.64155518511,4465.828096770373,512749.69851060415,6568.711626870791,14660.39621085026,3.6822820558520353,1654.3852608241536
open_2017_05_08_close_2017_05_08_flight_Fixed Wing_N550ND_before_0_189617.csv,93,2325,2354,0,1657.091787914754,"E1 FFlow, E1 EGT1, AltMSL",30,30,30,30,30,0,30,7759.375312534239,4465.828096770373,489305.19695432973,6568.711626870791,14660.39621085026,3.6822820558520353,1653.9564465678127
open_2017_05_08_close_2017_05_08_flight_Fixed Wing_N550ND_before_0_189617.csv,94,2350,2379,0,1567.8759738394676,"E1 FFlow, E1 EGT1, AltMSL",30,30,30,30,30,0,30,7767.477506976188,4465.828096770373,461734.2159132599,6568.711626870791,14660.39621085026,3.6822820558520353,1653.7765610392162
open_2017_05_08_close_2017_05_08_flight_Fixed Wing_N550ND_before_0_189617.csv,95,2375,2404,0,1573.1996779308492,"E1 FFlow, E1 EGT1, AltMSL",30,30,30,30,30,1,30,7766.722764861902,4465.828096770373,462031.07581633335,6568.711626870791,14660.39621085026,17.145065227373077,1654.010695505073
open_2017_05_08_close_2017_05_08_flight_Fixed Wing_N550ND_before_0_189617.csv,96,2400,2429,0,1450.8784844886884,"E1 FFlow, E1 EGT1, AltMSL",30,30,30,30,30,9,30,7755.743629921503,4465.828096770373,425945.9960177303,6568.711626870791,14660.39621085026,243.24512463292962,1654.0539933274065
open_2017_05_08_close_2017_05_08_flight_Fixed Wing_N550ND_before_0_189617.csv,97,2425,2454,0,1249.9602558643435,"E1 FFlow, E1 EGT1, AltMSL",30,30,30,30,30,19,30,7756.410510448887,4465.828096770373,347555.1145166735,6568.711626870791,14660.39621085026,248.46529556692,1654.2243599320814
open_2017_05_08_close_2017_05_08_flight_Fixed Wing_N550ND_before_0_189617.csv,98,2450,2479,0,1739.4030907804722,"E1 FFlow, E1 EGT1, AltMSL",30,30,30,30,30,9,30,7754.443530440037,4465.828096770373,510382.55361443054,6568.711626870791,14660.39621085026,46.71868944736638,1654.399556241298
open_2017_05_08_close_2017_05_08_flight_Fixed Wing_N550ND_before_0_189617.csv,99,2475,2504,0,1784.4273424203527,"E1 FFlow, E1 EGT1, AltMSL",30,30,30,30,30,2,30,7757.698875036597,4465.828096770373,524980.1225333876,6568.711626870791,14660.39621085026,16.143841087808184,1654.1381343054159
open_2017_05_08_close_2017_05_08_flight_Fixed Wing_N550ND_before_0_189617.csv,100,2500,2529,0,1791.3277992175247,"E1 FFlow, E1 EGT1, AltMSL",30,30,30,30,30,4,30,7776.330005963181,4465.828096770373,527084.9810628115,6568.711626870791,14660.39621085026,22.29263755843796,1653.8763292639953
open_2017_05_08_close_2017_05_08_flight_Fixed Wing_N550ND_before_0_189617.csv,101,2525,2554,0,1794.944188905436,"E1 FFlow, E1 EGT1, AltMSL",30,30,30,30,30,2,30,7768.608124699409,4465.828096770373,528928.6475490405,6568.711626870791,14660.39621085026,13.574966351285862,1654.0213894609894
open_2017_05_08_close_2017_05_08_flight_Fixed Wing_N550ND_before_0_189617.csv,102,2550,2579,0,1766.3752985197536,"E1 FFlow, E1 EGT1, AltMSL",30,30,30,30,30,1,30,7754.923188300785,4465.828096770373,520134.04786708514,6568.711626870791,14660.39621085026,11.089689463259447,1654.4044899759217
open_2017_05_08_close_2017_05_08_flight_Fixed Wing_N550ND_before_0_189617.csv,103,2575,2604,0,1754.1038651181987,"E1 FFlow, E1 EGT1, AltMSL",30,30,30,30,30,1,30,7758.709860599529,4465.828096770373,516284.3373758718,6568.711626870791,14660.39621085026,7.799929114675564,1653.9633428914003
open_2017_05_08_close_2017_05_08_flight_Fixed Wing_N550ND_before_0_189617.csv,104,2600,2629,0,1712.6413905681536,"E1 FFlow, E1 EGT1, AltMSL",30,30,30,30,30,1,30,7757.083753556436,4465.828096770373,504758.0650361116,6568.711626870791,14660.39621085026,15.86410023767022,1653.8685693845998
open_2017_05_08_close_2017_05_08_flight_Fixed Wing_N550ND_before_0_189617.csv,105,2625,2654,0,1623.7259237617814,"E1 FFlow, E1 EGT1, AltMSL",30,30,30,30,30,2,30,7767.216955315929,4465.828096770373,478344.90380415163,6568.711626870791,14660.39621085026,19.57803899665874,1654.0395845574635
open_2017_05_08_close_2017_05_08_flight_Fixed Wing_N550ND_before_0_189617.csv,106,2650,2679,0,1605.6938472980792,"E1 FFlow, E1 EGT1, AltMSL",30,30,30,30,30,1,30,7767.172675284443,4465.828096770373,472111.1314551737,6568.711626870791,14660.39621085026,15.015615389185369,1653.802489047774
open_2017_05_08_close_2017_05_08_flight_Fixed Wing_N550ND_before_0_189617.csv,107,2675,2704,0,1604.510816811596,"E1 FFlow, E1 EGT1, AltMSL",30,30,30,30,30,0,30,7760.381797542446,4465.828096770373,472418.94371271844,6568.711626870791,14660.39621085026,3.6822820558520353,1653.5186477624854
open_2017_05_08_close_2017_05_08_flight_Fixed Wing_N550ND_before_0_189617.csv,108,2700,2729,0,1735.9939593371332,"E1 FFlow, E1 EGT1, AltMSL",30,30,30,30,30,2,30,7753.943000427718,4465.828096770373,508652.5262763234,6568.711626870791,14660.39621085026,18.507607774426496,1653.9142556745642
open_2017_05_08_close_2017_05_08_flight_Fixed Wing_N550ND_before_0_189617.csv,109,2725,2754,0,1786.0711920880967,"E1 FFlow, E1 EGT1, AltMSL",30,30,30,30,30,0,30,7755.6926625698325,4465.828096770373,525569.7617832932,6568.711626870791,14660.39621085026,3.6822820558520353,1654.7276351307726
open_2017_05_08_close_2017_05_08_flight_Fixed Wing_N550ND_before_0_189617.csv,110,2750,2779,0,1793.9878886909116,"E1 FFlow, E1 EGT1, AltMSL",30,30,30,30,30,0,30,7756.598870321018,4465.828096770373,527860.0427343026,6568.711626870791,14660.39621085026,3.6822820558520353,1655.1527574904292
open_2017_05_08_close_2017_05_08_flight_Fixed Wing_N550ND_before_0_189617.csv,111,2775,2804,0,1792.7736100803618,"E1 FFlow, E1 EGT1, AltMSL",30,30,30,30,30,0,30,7758.752523259006,4465.828096770373,528296.0269282421,6568.711626870791,14660.39621085026,3.6822820558520353,1654.268745031603
open_2017_05_08_close_2017_05_08_flight_Fixed Wing_N550ND_before_0_189617.csv,112,2800,2829,0,1741.2894570716417,"E1 FFlow, E1 EGT1, AltMSL",30,30,30,30,30,0,30,7758.699845402439,4465.828096770373,512846.9168423226,6568.711626870791,14660.39621085026,3.6822820558520353,1653.9605823915713
open_2017_05_08_close_2017_05_08_flight_Fixed Wing_N550ND_before_0_189617.csv,113,2825,2854,0,1726.486830930527,"E1 FFlow, E1 EGT1, AltMSL",30,30,30,30,30,0,30,7756.318781638385,4465.828096770373,508073.4908015467,6568.711626870791,14660.39621085026,3.6822820558520353,1654.2990949962584
open_2017_05_08_close_2017_05_08_flight_Fixed Wing_N550ND_before_0_189617.csv,114,2850,2879,0,1728.4357425297662,"E1 FFlow, E1 EGT1, AltMSL",30,30,30,30,30,0,30,7737.939219353319,4465.828096770373,508541.7039483278,6568.711626870791,14660.39621085026,3.6822820558520353,1653.212502282556
open_2017_05_08_close_2017_05_08_flight_Fixed Wing_N550ND_before_0_189617.csv,115,2875,2904,0,1745.5359571227202,"E1 FFlow, E1 EGT1, AltMSL",30,30,30,30,30,0,30,7747.133760141598,4465.828096770373,513576.51729839493,6568.711626870791,14660.39621085026,3.6822820558520353,1653.7114006453296
open_2017_05_08_close_2017_05_08_flight_Fixed Wing_N550ND_before_0_189617.csv,116,2900,2929,0,1742.0673449426727,"E1 FFlow, E1 EGT1, AltMSL",30,30,30,30,30,0,30,7756.858114110174,4465.828096770373,512879.2637065113,6568.711626870791,14660.39621085026,3.6822820558520353,1654.1572099107843
open_2017_05_08_close_2017_05_08_flight_Fixed Wing_N550ND_before_0_189617.csv,117,2925,2954,0,1736.3660056585886,"E1 FFlow, E1 EGT1, AltMSL",30,30,30,30,30,0,30,7756.467285549794,4465.828096770373,510923.7948639901,6568.711626870791,14660.39621085026,3.6822820558520353,1654.324385104489
open_2017_05_08_close_2017_05_08_flight_Fixed Wing_N550ND_before_0_189617.csv,118,2950,2979,0,1677.7389346712991,"E1 FFlow, E1 EGT1, AltMSL",30,30,30,30,30,1,30,7757.700098209734,4465.828096770373,494805.3730269645,6568.711626870791,14660.39621085026,9.500463874033857,1654.6562782777567
open_2017_05_08_close_2017_05_08_flight_Fixed Wing_N550ND_before_0_189617.csv,119,2975,3004,0,1574.2078261195013,"E1 FFlow, E1 EGT1, AltMSL",30,30,30,30,30,0,30,7757.5039050773985,4465.828096770373,463798.79723090085,6568.711626870791,14660.39621085026,3.6822820558520353,1654.5736581801016
open_2017_05_08_close_2017_05_08_flight_Fixed Wing_N550ND_before_0_189617.csv,120,3000,3029,0,1554.3535417378664,"E1 FFlow, E1 EGT1, AltMSL",30,30,30,30,30,0,30,7757.85428021023,4465.828096770373,457164.8553926961,6568.711626870791,14660.39621085026,3.6822820558520353,1654.037522794388
open_2017_05_08_close_2017_05_08_flight_Fixed Wing_N550ND_before_0_189617.csv,121,3025,3054,0,1635.9391107589295,"E1 FFlow, E1 EGT1, AltMSL",30,30,30,30,30,0,30,7757.5269072819965,4465.828096770373,480454.07013409765,6568.711626870791,14660.39621085026,3.6822820558520353,1654.1833972474365
open_2017_05_08_close_2017_05_08_flight_Fixed Wing_N550ND_before_0_189617.csv,122,3050,3079,0,1249.5419329576523,"E1 FFlow, E1 EGT1, AltMSL",30,30,30,30,30,12,30,7758.219862799106,4465.828096770373,366694.64164099045,6568.711626870791,14660.39621085026,256.0158954109831,1654.0832959406443
open_2017_05_08_close_2017_05_08_flight_Fixed Wing_N550ND_before_0_189617.csv,123,3075,3104,0,1653.2817663797198,"E1 FFlow, E1 EGT1, AltMSL",30,30,30,30,30,15,30,7756.927532602841,4465.828096770373,477450.43881279515,6568.711626870791,14660.39621085026,79.64479310785761,1654.24945058566
open_2017_05_08_close_2017_05_08_flight_Fixed Wing_N550ND_before_0_189617.csv,124,3100,3129,0,1779.6322801364033,"E1 FFlow, E1 EGT1, AltMSL",30,30,30,30,30,2,30,7755.22322688116,4465.828096770373,523460.4029890391,6568.711626870791,14660.39621085026,13.97857835214833,1654.3928128353689
open_2017_05_08_close_2017_05_08_flight_Fixed Wing_N550ND_before_0_189617.csv,125,3125,3154,0,1792.2450655328753,"E1 FFlow, E1 EGT1, AltMSL",30,30,30,30,30,0,30,7756.283032008713,4465.828096770373,527322.7671264659,6568.711626870791,14660.39621085026,3.6822820558520353,1654.785940481336
open_2017_05_08_close_2017_05_08_flight_Fixed Wing_N550ND_before_0_189617.csv,126,3150,3179,0,1777.9224781178332,"E1 FFlow, E1 EGT1, AltMSL",30,30,30,30,30,0,30,7769.422325080335,4465.828096770373,523974.45162162575,6568.711626870791,14660.39621085026,3.6822820558520353,1653.624445596569
open_2017_05_08_close_2017_05_08_flight_Fixed Wing_N550ND_before_0_189617.csv,127,3175,3204,0,1742.3630720404167,"E1 FFlow, E1 EGT1, AltMSL",30,30,30,30,30,0,30,7771.987658913883,4465.828096770373,512943.247183667,6568.711626870791,14660.39621085026,3.6822820558520353,1653.4839307851867
open_2017_05_08_close_2017_05_08_flight_Fixed Wing_N550ND_before_0_189617.csv,128,3200,3229,0,1741.9611935244848,"E1 FFlow, E1 EGT1, AltMSL",30,30,30,30,30,0,30,7758.675042058931,4465.828096770373,512533.0236444801,6568.711626870791,14660.39621085026,3.6822820558520353,1653.8549960874207
open_2017_05_08_close_2017_05_08_flight_Fixed Wing_N550ND_before_0_189617.csv,129,3225,3254,0,1742.2804285233044,"E1 FFlow, E1 EGT1, AltMSL",30,30,30,30,30,0,30,7756.571562803499,4465.828096770373,512766.13236114645,6568.711626870791,14660.39621085026,3.6822820558520353,1653.8155378227752
open_2017_05_08_close_2017_05_08_flight_Fixed Wing_N550ND_before_0_189617.csv,130,3250,3279,0,1726.5535034714926,"E1 FFlow, E1 EGT1, AltMSL",30,30,30,30,30,1,30,7757.951687418957,4465.828096770373,508419.1750416623,6568.711626870791,14660.39621085026,7.461351823293896,1654.4503773068377
open_2017_05_08_close_2017_05_08_flight_Fixed Wing_N550ND_before_0_189617.csv,131,3275,3304,0,1616.8225026580628,"E1 FFlow, E1 EGT1, AltMSL",30,30,30,30,30,1,30,7769.716455203625,4465.828096770373,476980.36787983,6568.711626870791,14660.39621085026,8.867467241037222,1653.6953655204338
open_2017_05_08_close_2017_05_08_flight_Fixed Wing_N550ND_before_0_189617.csv,132,3300,3329,0,1543.4124090405367,"E1 FFlow, E1 EGT1, AltMSL",30,30,30,30,30,0,30,7769.580641914248,4465.828096770373,454599.92950061546,6568.711626870791,14660.39621085026,3.6822820558520353,1653.8729422263302
open_2017_05_08_close_2017_05_08_flight_Fixed Wing_N550ND_before_0_189617.csv,133,3325,3354,0,1523.717192828072,"E1 FFlow, E1 EGT1, AltMSL",30,30,30,30,30,0,30,7758.883015521929,4465.828096770373,448340.27328870917,6568.711626870791,14660.39621085026,3.6822820558520353,1654.5231827066516
open_2017_05_08_close_2017_05_08_flight_Fixed Wing_N550ND_before_0_189617.csv,134,3350,3379,0,1575.993844090721,"E1 FFlow, E1 EGT1, AltMSL",30,30,30,30,30,2,30,7757.537829882607,4465.828096770373,462697.6411526054,6568.711626870791,14660.39621085026,55.14361624753146,1654.0833514055616
open_2017_05_08_close_2017_05_08_flight_Fixed Wing_N550ND_before_0_189617.csv,135,3375,3404,0,1264.9093192290923,"E1 FFlow, E1 EGT1, AltMSL",30,30,30,30,30,9,30,7757.199040152398,4465.828096770373,367556.53789014864,6568.711626870791,14660.39621085026,162.47878985480529,1654.2894795188474
open_2017_05_08_close_2017_05_08_flight_Fixed Wing_N550ND_before_0_189617.csv,136,3400,3429,0,1707.0630550475184,"E1 FFlow, E1 EGT1, AltMSL",30,30,30,30,30,1,30,7755.498874884529,4465.828096770373,499454.9215765724,6568.711626870791,14660.39621085026,8.867467241037222,1654.5129539216798
open_2017_05_08_close_2017_05_08_flight_Fixed Wing_N550ND_before_0_189617.csv,137,3425,3454,0,1777.7166304055588,"E1 FFlow, E1 EGT1, AltMSL",30,30,30,30,30,0,30,7756.66042456007,4465.828096770373,522868.22676502075,6568.711626870791,14660.39621085026,3.6822820558520353,1654.2846588158798
open_2017_05_08_close_2017_05_08_flight_Fixed Wing_N550ND_before_0_189617.csv,138,3450,3479,0,1787.5474013341554,"E1 FFlow, E1 EGT1, AltMSL",30,30,30,30,30,0,30,7757.183549059805,4465.828096770373,525911.0883215084,6568.711626870791,14660.39621085026,3.6822820558520353,1654.6413971834443
open_2017_05_08_close_2017_05_08_flight_Fixed Wing_N550ND_before_0_189617.csv,139,3475,3504,0,1786.7272471990962,"E1 FFlow, E1 EGT1, AltMSL",30,30,30,30,30,0,30,7756.5686092673695,4465.828096770373,526034.5854739642,6568.711626870791,14660.39621085026,3.6822820558520353,1654.3724898075393
open_2017_05_08_close_2017_05_08_flight_Fixed Wing_N550ND_before_0_189617.csv,140,3500,3529,0,1752.0600796199242,"E1 FFlow, E1 EGT1, AltMSL",30,30,30,30,30,0,30,7756.521890490448,4465.828096770373,515814.37928051717,6568.711626870791,14660.39621085026,3.6822820558520353,1654.2469474579054
open_2017_05_08_close_2017_05_08_flight_Fixed Wing_N550ND_before_0_189617.csv,141,3525,3554,0,1744.2505807373298,"E1 FFlow, E1 EGT1, AltMSL",30,30,30,30,30,0,30,7756.130021931608,4465.828096770373,513297.3000231457,6568.711626870791,14660.39621085026,3.6822820558520353,1654.3702136015895
open_2017_05_08_close_2017_05_08_flight_Fixed Wing_N550ND_before_0_189617.csv,142,3550,3579,0,1743.8527995068341,"E1 FFlow, E1 EGT1, AltMSL",30,30,30,30,30,0,30,7764.678837819441,4465.828096770373,513212.7562469324,6568.711626870791,14660.39621085026,3.6822820558520353,1653.907556424004
open_2017_05_08_close_2017_05_08_flight_Fixed Wing_N550ND_before_0_189617.csv,143,3575,3604,0,1739.8567512178688,"E1 FFlow, E1 EGT1, AltMSL",30,30,30,30,30,0,30,7779.27675616738,4465.828096770373,512000.2132943046,6568.711626870791,14660.39621085026,3.6822820558520353,1652.9765776573515
open_2017_05_08_close_2017_05_08_flight_Fixed Wing_N550ND_before_0_189617.csv,144,3600,3629,0,1740.084537348739,"E1 FFlow, E1 EGT1, AltMSL",30,30,30,30,30,0,30,7763.578583508506,4465.828096770373,512015.14341247827,6568.711626870791,14660.39621085026,3.6822820558520353,1653.9815075473216
open_2017_05_08_close_2017_05_08_flight_Fixed Wing_N550ND_before_0_189617.csv,145,3625,3654,0,1743.156638441578,"E1 FFlow, E1 EGT1, AltMSL",30,30,30,30,30,0,30,7756.973124277619,4465.828096770373,513021.6096526268,6568.711626870791,14660.39621085026,3.6822820558520353,1654.5768468946817
open_2017_05_08_close_2017_05_08_flight_Fixed Wing_N550ND_before_0_189617.csv,146,3650,3679,0,1742.3174272072365,"E1 FFlow, E1 EGT1, AltMSL",30,30,30,30,30,0,30,7756.1794913981175,4465.828096770373,512757.46960037586,6568.711626870791,14660.39621085026,3.6822820558520353,1654.2802345725665
open_2017_05_08_close_2017_05_08_flight_Fixed Wing_N550ND_before_0_189617.csv,147,3675,3704,0,1740.101055686478,"E1 FFlow, E1 EGT1, AltMSL",30,30,30,30,30,0,30,7755.994267980962,4465.828096770373,512041.8834792917,6568.711626870791,14660.39621085026,3.6822820558520353,1654.0249719136352
open_2017_05_08_close_2017_05_08_flight_Fixed Wing_N550ND_before_0_189617.csv,148,3700,3729,0,1741.6566935865085,"E1 FFlow, E1 EGT1, AltMSL",30,30,30,30,30,0,30,7756.668920480241,4465.828096770373,512563.9121629494,6568.711626870791,14660.39621085026,3.6822820558520353,1654.4583820240382
open_2017_05_08_close_2017_05_08_flight_Fixed Wing_N550ND_before_0_189617.csv,149,3725,3754,0,1731.106988340256,"E1 FFlow, E1 EGT1, AltMSL",30,30,30,30,30,1,30,7756.609044724499,4465.828096770373,509589.7975168464,6568.711626870791,14660.39621085026,19.9613518232939,1654.6993240778204
open_2017_05_08_close_2017_05_08_flight_Fixed Wing_N550ND_before_0_189617.csv,150,3750,3779,0,1631.896655356462,"E1 FFlow, E1 EGT1, AltMSL",30,30,30,30,30,1,30,7770.33909929701,4465.828096770373,481311.0285716849,6568.711626870791,14660.39621085026,24.348948722518706,1653.7952410525013
open_2017_05_08_close_2017_05_08_flight_Fixed Wing_N550ND_before_0_189617.csv,151,3775,3804,0,1587.7849755665234,"E1 FFlow, E1 EGT1, AltMSL",30,30,30,30,30,1,30,7770.799901494844,4465.828096770373,467092.4437131004,6568.711626870791,14660.39621085026,8.965300923776567,1653.836342300719
open_2017_05_08_close_2017_05_08_flight_Fixed Wing_N550ND_before_0_189617.csv,152,3800,3829,0,1619.8333589857725,"E1 FFlow, E1 EGT1, AltMSL",30,30,30,30,30,0,30,7758.503199175709,4465.828096770373,475682.87606589566,6568.711626870791,14660.39621085026,3.6822820558520353,1654.1493008671612
open_2017_05_08_close_2017_05_08_flight_Fixed Wing_N550ND_before_0_189617.csv,153,3825,3854,0,1647.7272200606922,"E1 FFlow, E1 EGT1, AltMSL",30,30,30,30,30,0,30,7756.810212046215,4465.828096770373,484685.88980583363,6568.711626870791,14660.39621085026,3.6822820558520353,1654.4845793759998
open_2017_05_08_close_2017_05_08_flight_Fixed Wing_N550ND_before_0_189617.csv,154,3850,3879,0,1653.1185219274569,"E1 FFlow, E1 EGT1, AltMSL",30,30,30,30,30,0,30,7757.219983141339,4465.828096770373,485915.7589935947,6568.711626870791,14660.39621085026,3.6822820558520353,1654.3414268217703
open_2017_05_08_close_2017_05_08_flight_Fixed Wing_N550ND_before_0_189617.csv,155,3875,3904,0,1356.1717139811535,"E1 FFlow, E1 EGT1, AltMSL",30,30,30,30,30,7,30,7758.202425807587,4465.828096770373,394412.6951780052,6568.711626870791,14660.39621085026,275.1172069501106,1654.457192294258
open_2017_05_08_close_2017_05_08_flight_Fixed Wing_N550ND_before_0_189617.csv,156,3900,3929,0,1471.2446904850717,"E1 FFlow, E1 EGT1, AltMSL",30,30,30,30,30,19,30,7756.873582061749,4465.828096770373,408203.57610225404,6568.711626870791,14660.39621085026,204.6775444232398,1654.4278896055623
open_2017_05_08_close_2017_05_08_flight_Fixed Wing_N550ND_before_0_189617.csv,157,3925,3954,0,1768.3235027107366,"E1 FFlow, E1 EGT1, AltMSL",30,30,30,30,30,4,30,7757.177371801378,4465.828096770373,519626.4171300622,6568.711626870791,14660.39621085026,25.835347826574562,1654.5692286144656
open_2017_05_08_close_2017_05_08_flight_Fixed Wing_N550ND_before_0_189617.csv,158,3950,3979,0,1789.2618784875708,"E1 FFlow, E1 EGT1, AltMSL",30,30,30,30,30,0,30,7767.150347597004,4465.828096770373,526494.4085268293,6568.711626870791,14660.39621085026,3.6822820558520353,1653.7755437547335
open_2017_05_08_close_2017_05_08_flight_Fixed Wing_N550ND_before_0_189617.csv,159,3975,4004,0,1794.5019340244999,"E1 FFlow, E1 EGT1, AltMSL",30,30,30,30,30,0,30,7769.1530682182765,4465.828096770373,528031.0168831361,6568.711626870791,14660.39621085026,3.6822820558520353,1654.1240663213582
open_2017_05_08_close_2017_05_08_flight_Fixed Wing_N550ND_before_0_189617.csv,160,4000,4029,0,1772.940384212941,"E1 FFlow, E1 EGT1, AltMSL",30,30,30,30,30,0,30,7756.377385553693,4465.828096770373,522343.8173580806,6568.711626870791,14660.39621085026,3.6822820558520353,1654.1216109124396
open_2017_05_08_close_2017_05_08_flight_Fixed Wing_N550ND_before_0_189617.csv,161,4025,4054,0,1665.8570234848544,"E1 FFlow, E1 EGT1, AltMSL",30,30,30,30,30,1,30,7767.889758933112,4465.828096770373,491976.9352924948,6568.711626870791,14660.39621085026,19.237837611407592,1653.892512499407
open_2017_05_08_close_2017_05_08_flight_Fixed Wing_N550ND_before_0_189617.csv,162,4050,4079,0,1602.0662069589273,"E1 FFlow, E1 EGT1, AltMSL",30,30,30,30,30,0,30,7772.456526506109,4465.828096770373,471019.89840778825,6568.711626870791,14660.39621085026,3.6822820558520353,1653.501316842838
open_2017_05_08_close_2017_05_08_flight_Fixed Wing_N550ND_before_0_189617.csv,163,4075,4104,0,1599.2746995686193,"E1 FFlow, E1 EGT1, AltMSL",30,30,30,30,30,0,30,7762.854407317023,4465.828096770373,470693.0100907376,6568.711626870791,14660.39621085026,3.6822820558520353,1654.0943325549185
open_2017_05_08_close_2017_05_08_flight_Fixed Wing_N550ND_before_0_189617.csv,164,4100,4129,0,1663.7192751621644,"E1 FFlow, E1 EGT1, AltMSL",30,30,30,30,30,0,30,7757.3197939891525,4465.828096770373,488005.46322516113,6568.711626870791,14660.39621085026,3.6822820558520353,1654.225092657402
open_2017_05_08_close_2017_05_08_flight_Fixed Wing_N550ND_before_0_189617.csv,165,4125,4154,0,1352.7648367432384,"E1 FFlow, E1 EGT1, AltMSL",30,30,30,30,30,5,30,7757.322198803209,4465.828096770373,394005.3668305418,6568.711626870791,14660.39621085026,191.15268244066803,1654.7595043642907
open_2017_05_08_close_2017_05_08_flight_Fixed Wing_N550ND_before_0_189617.csv,166,4150,4179,0,1508.7439711097327,"E1 FFlow, E1 EGT1, AltMSL",30,30,30,30,30,9,30,7756.008900887543,4465.828096770373,419907.86457468045,6568.711626870791,14660.39621085026,49.86702233581703,1654.306816738463
open_2017_05_08_close_2017_05_08_flight_Fixed Wing_N550ND_before_0_189617.csv,167,4175,4204,0,1777.6775318678538,"E1 FFlow, E1 EGT1, AltMSL",30,30,30,30,30,1,30,7755.335367823014,4465.828096770373,522518.33988915005,6568.711626870791,14660.39621085026,7.646779097272153,1654.4578158058448
open_2017_05_08_close_2017_05_08_flight_Fixed Wing_N550ND_before_0_189617.csv,168,4200,4229,0,1791.029328257884,"E1 FFlow, E1 EGT1, AltMSL",30,30,30,30,30,0,30,7755.622873034667,4465.828096770373,527116.8138745516,6568.711626870791,14660.39621085026,3.6822820558520353,1654.3970071003741
open_2017_05_08_close_2017_05_08_flight_Fixed Wing_N550ND_before_0_189617.csv,169,4225,4254,0,1805.83270406954,"E1 FFlow, E1 EGT1, AltMSL",30,30,30,30,30,0,30,7756.142420682358,4465.828096770373,531248.6674490196,6568.711626870791,14660.39621085026,3.6822820558520353,1654.5087504586156
open_2017_05_08_close_2017_05_08_flight_Fixed Wing_N550ND_before_0_189617.csv,170,4250,4279,0,1770.1845906376093,"E1 FFlow, E1 EGT1, AltMSL",30,30,30,30,30,0,30,7756.455758669224,4465.828096770373,521399.3958823658,6568.711626870791,14660.39621085026,3.6822820558520353,1654.3818277486366
open_2017_05_08_close_2017_05_08_flight_Fixed Wing_N550ND_before_0_189617.csv,171,4275,4304,0,1756.4520842738723,"E1 FFlow, E1 EGT1, AltMSL",30,30,30,30,30,0,30,7756.527541584138,4465.828096770373,516973.2635122303,6568.711626870791,14660.39621085026,3.6822820558520353,1654.0725334635217
open_2017_05_08_close_2017_05_08_flight_Fixed Wing_N550ND_before_0_189617.csv,172,4300,4329,0,1750.4967200774777,"E1 FFlow, E1 EGT1, AltMSL",30,30,30,30,30,0,30,7767.654230157791,4465.828096770373,515233.5693311081,6568.711626870791,14660.39621085026,3.6822820558520353,1653.5870385192472
open_2017_05_08_close_2017_05_08_flight_Fixed Wing_N550ND_before_0_189617.csv,173,4325,4354,0,1752.771146353523,"E1 FFlow, E1 EGT1, AltMSL",30,30,30,30,30,0,30,7770.902778827605,4465.828096770373,515702.5462592053,6568.711626870791,14660.39621085026,3.6822820558520353,1653.6445095725262
open_2017_05_08_close_2017_05_08_flight_Fixed Wing_N550ND_before_0_189617.csv,174,4350,4379,0,1757.9254833921937,"E1 FFlow, E1 EGT1, AltMSL",30,30,30,30,30,0,30,7756.8434649859455,4465.828096770373,517247.54920070653,6568.711626870791,14660.39621085026,3.6822820558520353,1654.0251299001309
open_2017_05_08_close_2017_05_08_flight_Fixed Wing_N550ND_before_0_189617.csv,175,4375,4404,0,1755.963076528459,"E1 FFlow, E1 EGT1, AltMSL",30,30,30,30,30,0,30,7755.632927283803,4465.828096770373,516905.21248882817,6568.711626870791,14660.39621085026,3.6822820558520353,1654.1805968540023
open_2017_05_08_close_2017_05_08_flight_Fixed Wing_N550ND_before_0_189617.csv,176,4400,4429,0,1759.2106764257403,"E1 FFlow, E1 EGT1, AltMSL",30,30,30,30,30,0,30,7755.393825266642,4465.828096770373,517605.44154368574,6568.711626870791,14660.39621085026,3.6822820558520353,1654.3162404296193
open_2017_05_08_close_2017_05_08_flight_Fixed Wing_N550ND_before_0_189617.csv,177,4425,4454,0,1755.2475250533832,"E1 FFlow, E1 EGT1, AltMSL",30,30,30,30,30,0,30,7755.967047654787,4465.828096770373,516687.80651689804,6568.711626870791,14660.39621085026,3.6822820558520353,1654.1631011842867
open_2017_05_08_close_2017_05_08_flight_Fixed Wing_N550ND_before_0_189617.csv,178,4450,4479,0,1741.8900127890875,"E1 FFlow, E1 EGT1, AltMSL",30,30,30,30,30,0,30,7756.684305486466,4465.828096770373,512701.0502845598,6568.711626870791,14660.39621085026,3.6822820558520353,1654.2232060737363
open_2017_05_08_close_2017_05_08_flight_Fixed Wing_N550ND_before_0_189617.csv,179,4475,4504,0,1700.2859761556924,"E1 FFlow, E1 EGT1, AltMSL",30,30,30,30,30,1,30,7757.5361585341025,4465.828096770373,501155.41844832833,6568.711626870791,14660.39621085026,8.791771106946928,1654.1129016703019
open_2017_05_08_close_2017_05_08_flight_Fixed Wing_N550ND_before_0_189617.csv,180,4500,4529,0,1617.289922305728,"E1 FFlow, E1 EGT1, AltMSL",30,30,30,30,30,0,30,7772.234571192761,4465.828096770373,476025.5113443278,6568.711626870791,14660.39621085026,3.6822820558520353,1653.547652556865
open_2017_05_08_close_2017_05_08_flight_Fixed Wing_N550ND_before_0_189617.csv,181,4525,4554,0,1650.9687353983716,"E1 FFlow, E1 EGT1, AltMSL",30,30,30,30,30,0,30,7767.006095836981,4465.828096770373,485507.579934018,6568.711626870791,14660.39621085026,3.6822820558520353,1653.9086557440557
open_2017_05_08_close_2017_05_08_flight_Fixed Wing_N550ND_before_0_189617.csv,182,4550,4579,0,1683.2738670447957,"E1 FFlow, E1 EGT1, AltMSL",30,30,30,30,30,0,30,7757.644871936652,4465.828096770373,495164.0440104866,6568.711626870791,14660.39621085026,3.6822820558520353,1654.5973973578746
open_2017_05_08_close_2017_05_08_flight_Fixed Wing_N550ND_before_0_189617.csv,183,4575,4604,0,1689.2815115277429,"E1 FFlow, E1 EGT1, AltMSL",30,30,30,30,30,0,30,7756.71332059836,4465.828096770373,496822.9955487369,6568.711626870791,14660.39621085026,3.6822820558520353,1654.270837186564
open_2017_05_08_close_2017_05_08_flight_Fixed Wing_N550ND_before_0_189617.csv,184,4600,4629,0,1711.8528369858293,"E1 FFlow, E1 EGT1, AltMSL",30,30,30,30,30,0,30,7756.34257870467,4465.828096770373,503646.1078148826,6568.711626870791,14660.39621085026,3.6822820558520353,1654.1956597577034
open_2017_05_08_close_2017_05_08_flight_Fixed Wing_N550ND_before_0_189617.csv,185,4625,4654,0,1676.5361001609917,"E1 FFlow, E1 EGT1, AltMSL",30,30,30,30,30,0,30,7756.590342941748,4465.828096770373,493823.2211131132,6568.711626870791,14660.39621085026,3.6822820558520353,1654.376752231862
open_2017_05_08_close_2017_05_08_flight_Fixed Wing_N550ND_before_0_189617.csv,186,4650,4679,0,1348.2363308486206,"E1 FFlow, E1 EGT1, AltMSL",30,30,30,30,30,0,30,7757.346332386212,4465.828096770373,395513.8776961345,6568.711626870791,14660.39621085026,3.6822820558520353,1654.3721293142203
open_2017_05_08_close_2017_05_08_flight_Fixed Wing_N550ND_before_0_189617.csv,187,4675,4704,0,1707.7314002822307,"E1 FFlow, E1 EGT1, AltMSL",30,30,30,30,30,1,30,7755.843346570161,4465.828096770373,498648.995535955,6568.711626870791,14660.39621085026,8.791771106946928,1654.3174961487136
open_2017_05_08_close_2017_05_08_flight_Fixed Wing_N550ND_before_0_189617.csv,188,4700,4729,0,1786.1769008570532,"E1 FFlow, E1 EGT1, AltMSL",30,30,30,30,30,0,30,7755.781463366977,4465.828096770373,525452.184211368,6568.711626870791,14660.39621085026,3.6822820558520353,1654.4708765981284
open_2017_05_08_close_2017_05_08_flight_Fixed Wing_N550ND_before_0_189617.csv,189,4725,4754,0,1790.913043241365,"E1 FFlow, E1 EGT1, AltMSL",30,30,30,30,30,0,30,7767.428206327038,4465.828096770373,527007.4412708788,6568.711626870791,14660.39621085026,3.6822820558520353,1654.187077715696
open_2017_05_08_close_2017_05_08_flight_Fixed Wing_N550ND_before_0_189617.csv,190,4750,4779,0,1820.8605508332084,"E1 FFlow, E1 EGT1, AltMSL",30,30,30,30,30,0,30,7768.473282103583,4465.828096770373,535290.6801943206,6568.711626870791,14660.39621085026,3.6822820558520353,1653.5893197370242
open_2017_05_08_close_2017_05_08_flight_Fixed Wing_N550ND_before_0_189617.csv,191,4775,4804,0,1779.0756757090505,"E1 FFlow, E1 EGT1, AltMSL",30,30,30,30,30,0,30,7755.635401087497,4465.828096770373,524290.8821112273,6568.711626870791,14660.39621085026,3.6822820558520353,1654.1829312603452
open_2017_05_08_close_2017_05_08_flight_Fixed Wing_N550ND_before_0_189617.csv,192,4800,4829,0,1709.2253369647872,"E1 FFlow, E1 EGT1, AltMSL",30,30,30,30,30,0,30,7758.018580381004,4465.828096770373,503887.38909121644,6568.711626870791,14660.39621085026,3.6822820558520353,1654.429841388168
open_2017_05_08_close_2017_05_08_flight_Fixed Wing_N550ND_before_0_189617.csv,193,4825,4854,0,1607.597959534349,"E1 FFlow, E1 EGT1, AltMSL",30,30,30,30,30,0,30,7771.657057824278,4465.828096770373,473532.2094035913,6568.711626870791,14660.39621085026,3.6822820558520353,1653.4874631936716
open_2017_05_08_close_2017_05_08_flight_Fixed Wing_N550ND_before_0_189617.csv,194,4850,4879,0,1598.5850894801508,"E1 FFlow, E1 EGT1, AltMSL",30,30,30,30,30,0,30,7768.0898877229165,4465.828096770373,470428.4714767525,6568.711626870791,14660.39621085026,3.6822820558520353,1653.8685325719557
open_2017_05_08_close_2017_05_08_flight_Fixed Wing_N550ND_before_0_189617.csv,195,4875,4904,0,1625.4606842032833,"E1 FFlow, E1 EGT1, AltMSL",30,30,30,30,30,0,30,7757.331933708859,4465.828096770373,477533.39662769134,6568.711626870791,14660.39621085026,3.6822820558520353,1654.3313560153983
open_2017_05_08_close_2017_05_08_flight_Fixed Wing_N550ND_before_0_189617.csv,196,4900,4929,0,1656.9493969555656,"E1 FFlow, E1 EGT1, AltMSL",30,30,30,30,30,0,30,7757.049125995556,4465.828096770373,487230.4289465582,6568.711626870791,14660.39621085026,3.6822820558520353,1654.033498546167
open_2017_05_08_close_2017_05_08_flight_Fixed Wing_N550ND_before_0_189617.csv,197,4925,4954,0,1464.4811988774134,"E1 FFlow, E1 EGT1, AltMSL",30,30,30,30,30,6,30,7757.236093717779,4465.828096770373,428572.7013402391,6568.711626870791,14660.39621085026,229.55166836785165,1653.9865077470045
open_2017_05_08_close_2017_05_08_flight_Fixed Wing_N550ND_before_0_189617.csv,198,4950,4979,0,1348.5168330381096,"E1 FFlow, E1 EGT1, AltMSL",30,30,30,30,30,21,30,7756.13203939857,4465.828096770373,376328.5534221804,6568.711626870791,14660.39621085026,331.00272389210625,1654.2231837742052
open_2017_05_08_close_2017_05_08_flight_Fixed Wing_N550ND_before_0_189617.csv,199,4975,5004,0,1757.5014601857333,"E1 FFlow, E1 EGT1, AltMSL",30,30,30,30,30,5,30,7755.6213887112,4465.828096770373,516061.4243724157,6568.711626870791,14660.39621085026,28.00766744581569,1654.435492566
open_2017_05_08_close_2017_05_08_flight_Fixed Wing_N550ND_before_0_189617.csv,200,5000,5029,0,1786.7959327641993,"E1 FFlow, E1 EGT1, AltMSL",30,30,30,30,30,0,30,7766.420016748591,4465.828096770373,525785.520579259,6568.711626870791,14660.39621085026,3.6822820558520353,1653.6231514425872
open_2017_05_08_close_2017_05_08_flight_Fixed Wing_N550ND_before_0_189617.csv,201,5025,5054,0,1801.9260785054566,"E1 FFlow, E1 EGT1, AltMSL",30,30,30,30,30,0,30,7769.603792224835,4465.828096770373,529794.6395291382,6568.711626870791,14660.39621085026,3.6822820558520353,1653.9793422521907
open_2017_05_08_close_2017_05_08_flight_Fixed Wing_N550ND_before_0_189617.csv,202,5050,5079,0,1782.4162832609024,"E1 FFlow, E1 EGT1, AltMSL",30,30,30,30,30,0,30,7765.773196142724,4465.828096770373,525504.1083298628,6568.711626870791,14660.39621085026,3.6822820558520353,1653.4429273426992
open_2017_05_08_close_2017_05_08_flight_Fixed Wing_N550ND_before_0_189617.csv,203,5075,5104,0,1738.295911848565,"E1 FFlow, E1 EGT1, AltMSL",30,30,30,30,30,0,30,7756.523428987721,4465.828096770373,511873.856353178,6568.711626870791,14660.39621085026,3.6822820558520353,1653.9320167810872
open_2017_05_08_close_2017_05_08_flight_Fixed Wing_N550ND_before_0_189617.csv,204,5100,5129,0,1725.1940542119953,"E1 FFlow, E1 EGT1, AltMSL",30,30,30,30,30,2,30,7743.771614206397,4465.828096770373,507758.8242327433,6568.711626870791,14660.25342507609,13.348948722518701,1653.6558144070466
open_2017_05_08_close_2017_05_08_flight_Fixed Wing_N550ND_before_0_189617.csv,205,5125,5154,0,1722.1670871970668,"E1 FFlow, E1 EGT1, AltMSL",30,30,30,30,30,0,30,7743.03383104802,4465.828096770373,506606.81356621,6568.711626870791,14659.388781456191,3.6822820558520353,1653.6982899797779
open_2017_05_08_close_2017_05_08_flight_Fixed Wing_N550ND_before_0_189617.csv,206,5150,5179,0,1728.3725832222058,"E1 FFlow, E1 EGT1, AltMSL",30,30,30,30,30,0,30,7738.893580931102,4465.828096770373,508642.91897788626,6568.711626870791,14659.388781456191,3.6822820558520353,1653.1958058305427
open_2017_05_08_close_2017_05_08_flight_Fixed Wing_N550ND_before_0_189617.csv,207,5175,5204,0,1734.066845235713,"E1 FFlow, E1 EGT1, AltMSL",30,30,30,30,30,1,30,7741.879771597984,4465.828096770373,510059.55102628394,6568.711626870791,14659.985035672642,8.791771106946928,1653.162795251536
open_2017_05_08_close_2017_05_08_flight_Fixed Wing_N550ND_before_0_189617.csv,208,5200,5229,0,1733.8325899195618,"E1 FFlow, E1 EGT1, AltMSL",30,30,30,30,30,0,30,7756.508587926236,4465.828096770373,510359.6131145629,6568.711626870791,14660.39621085026,3.6822820558520353,1654.0435429795484
open_2017_05_08_close_2017_05_08_flight_Fixed Wing_N550ND_before_0_189617.csv,209,5225,5254,0,1731.0659559802962,"E1 FFlow, E1 EGT1, AltMSL",30,30,30,30,30,0,30,7758.099267290635,4465.828096770373,509396.50792559655,6568.711626870791,14660.39621085026,3.6822820558520353,1654.3682825324497
open_2017_05_08_close_2017_05_08_flight_Fixed Wing_N550ND_before_0_189617.csv,210,5250,5279,0,1731.812992714006,"E1 FFlow, E1 EGT1, AltMSL",30,30,30,30,30,0,30,7776.649235087665,4465.828096770373,509631.5734779988,6568.711626870791,14660.39621085026,3.6822820558520353,1653.386880329315
open_2017_05_08_close_2017_05_08_flight_Fixed Wing_N550ND_before_0_189617.csv,211,5275,5304,0,1731.7108981171473,"E1 FFlow, E1 EGT1, AltMSL",30,30,30,30,30,0,30,7769.294431548572,4465.828096770373,509677.155690757,6568.711626870791,14660.39621085026,3.6822820558520353,1654.2446184124083
open_2017_05_08_close_2017_05_08_flight_Fixed Wing_N550ND_before_0_189617.csv,212,5300,5329,0,1677.4770549659522,"E1 FFlow, E1 EGT1, AltMSL",30,30,30,30,30,0,30,7758.258689149365,4465.828096770373,494480.84212298755,6568.711626870791,14660.39621085026,3.6822820558520353,1654.212660046029
open_2017_05_08_close_2017_05_08_flight_Fixed Wing_N550ND_before_0_189617.csv,213,5325,5354,0,1640.8622434448778,"E1 FFlow, E1 EGT1, AltMSL",30,30,30,30,30,1,30,7756.880605206248,4465.828096770373,482493.26409809454,6568.711626870791,14660.39621085026,9.769238577591167,1654.2268349490573
open_2017_05_08_close_2017_05_08_flight_Fixed Wing_N550ND_before_0_189617.csv,214,5350,5379,0,1668.667828902426,"E1 FFlow, E1 EGT1, AltMSL",30,30,30,30,30,1,30,7757.380533410218,4465.828096770373,490706.6864227098,6568.711626870791,14660.39621085026,9.515615389185374,1654.3309945854598
open_2017_05_08_close_2017_05_08_flight_Fixed Wing_N550ND_before_0_189617.csv,215,5375,5404,0,1687.295189150585,"E1 FFlow, E1 EGT1, AltMSL",30,30,30,30,30,0,30,7757.228590070038,4465.828096770373,496576.7789656725,6568.711626870791,14660.39621085026,3.6822820558520353,1654.1957453481232
open_2017_05_08_close_2017_05_08_flight_Fixed Wing_N550ND_before_0_189617.csv,216,5400,5429,0,1683.1291831179817,"E1 FFlow, E1 EGT1, AltMSL",30,30,30,30,30,0,30,7757.240671674807,4465.828096770373,495028.77104995394,6568.711626870791,14660.39621085026,3.6822820558520353,1654.0655435140463
open_2017_05_08_close_2017_05_08_flight_Fixed Wing_N550ND_before_0_189617.csv,217,5425,5454,0,1503.3637533713922,"E1 FFlow, E1 EGT1, AltMSL",30,30,30,30,30,6,30,7757.27579983762,4465.828096770373,440731.02024226077,6568.711626870791,14660.39621085026,314.40395321988115,1654.2175490399284
open_2017_05_08_close_2017_05_08_flight_Fixed Wing_N550ND_before_0_189617.csv,218,5450,5479,0,1375.5239212685983,"E1 FFlow, E1 EGT1, AltMSL",30,30,30,30,30,22,30,7756.267156457606,4465.828096770373,385574.7551160304,6568.711626870791,14660.39621085026,376.0946795517815,1654.221159771506
open_2017_05_08_close_2017_05_08_flight_Fixed Wing_N550ND_before_0_189617.csv,219,5475,5504,0,1761.5860804412089,"E1 FFlow, E1 EGT1, AltMSL",30,30,30,30,30,14,30,7755.931804308024,4465.828096770373,517550.1171861287,6568.711626870791,14660.39621085026,72.62739531395209,1654.6827477363265
open_2017_05_08_close_2017_05_08_flight_Fixed Wing_N550ND_before_0_189617.csv,220,5500,5529,0,1787.9185098469463,"E1 FFlow, E1 EGT1, AltMSL",30,30,30,30,30,4,30,7755.715218032537,4465.828096770373,526018.2022235348,6568.711626870791,14660.39621085026,24.868139960593687,1654.6104346972395
open_2017_05_08_close_2017_05_08_flight_Fixed Wing_N550ND_before_0_189617.csv,221,5525,5554,0,1795.6296142873596,"E1 FFlow, E1 EGT1, AltMSL",30,30,30,30,30,0,30,7755.786482589586,4465.828096770373,528347.8024562143,6568.711626870791,14660.39621085026,3.6822820558520353,1654.4420546948982
open_2017_05_08_close_2017_05_08_flight_Fixed Wing_N550ND_before_0_189617.csv,222,5550,5579,0,1763.7787138239607,"E1 FFlow, E1 EGT1, AltMSL",30,30,30,30,30,0,30,7756.277128383683,4465.828096770373,519485.41062477353,6568.711626870791,14660.39621085026,3.6822820558520353,1654.2199710719942
open_2017_05_08_close_2017_05_08_flight_Fixed Wing_N550ND_before_0_189617.csv,223,5575,5604,0,1738.4471158739475,"E1 FFlow, E1 EGT1, AltMSL",30,30,30,30,30,0,30,7768.532219729164,4465.828096770373,511793.3240089997,6568.711626870791,14660.39621085026,3.6822820558520353,1653.5830521853989
open_2017_05_08_close_2017_05_08_flight_Fixed Wing_N550ND_before_0_189617.csv,224,5600,5629,0,1731.9395410204722,"E1 FFlow, E1 EGT1, AltMSL",30,30,30,30,30,0,30,7770.716940694135,4465.828096770373,509596.47857854003,6568.711626870791,14660.39621085026,3.6822820558520353,1653.189576063563
open_2017_05_08_close_2017_05_08_flight_Fixed Wing_N550ND_before_0_189617.csv,225,5625,5654,0,1746.337457912098,"E1 FFlow, E1 EGT1, AltMSL",30,30,30,30,30,0,30,7756.281749784988,4465.828096770373,513668.6732390851,6568.711626870791,14660.39621085026,3.6822820558520353,1654.0044449420934
open_2017_05_08_close_2017_05_08_flight_Fixed Wing_N550ND_before_0_189617.csv,226,5650,5679,0,1746.392552855728,"E1 FFlow, E1 EGT1, AltMSL",30,30,30,30,30,0,30,7756.188102455619,4465.828096770373,513966.0930342839,6568.711626870791,14660.39621085026,3.6822820558520353,1653.9795874188671
open_2017_05_08_close_2017_05_08_flight_Fixed Wing_N550ND_before_0_189617.csv,227,5675,5704,0,1748.6243883627092,"E1 FFlow, E1 EGT1, AltMSL",30,30,30,30,30,0,30,7756.57701590698,4465.828096770373,514519.8546814737,6568.711626870791,14660.39621085026,3.6822820558520353,1654.149891604774
open_2017_05_08_close_2017_05_08_flight_Fixed Wing_N550ND_before_0_189617.csv,228,5700,5729,0,1747.7843968611799,"E1 FFlow, E1 EGT1, AltMSL",30,30,30,30,30,0,30,7756.198672098438,4465.828096770373,514377.06480359955,6568.711626870791,14660.39621085026,3.6822820558520353,1654.5986642855028
open_2017_05_08_close_2017_05_08_flight_Fixed Wing_N550ND_before_0_189617.csv,229,5725,5754,0,1685.5966669101688,"E1 FFlow, E1 EGT1, AltMSL",30,30,30,30,30,1,30,7773.523038424371,4465.828096770373,497128.1077364232,6568.711626870791,14660.39621085026,7.582003504320001,1653.471440546676
open_2017_05_08_close_2017_05_08_flight_Fixed Wing_N550ND_before_0_189617.csv,230,5750,5779,0,1603.0808668805025,"E1 FFlow, E1 EGT1, AltMSL",30,30,30,30,30,0,30,7773.2268332051735,4465.828096770373,472207.3438590215,6568.711626870791,14660.39621085026,3.6822820558520353,1653.3848666331905
open_2017_05_08_close_2017_05_08_flight_Fixed Wing_N550ND_before_0_189617.csv,231,5775,5804,0,1568.6453418440879,"E1 FFlow, E1 EGT1, AltMSL",30,30,30,30,30,0,30,7758.6299330896545,4465.828096770373,461529.84414772916,6568.711626870791,14660.39621085026,3.6822820558520353,1654.2311875942548
open_2017_05_08_close_2017_05_08_flight_Fixed Wing_N550ND_before_0_189617.csv,232,5800,5829,0,1573.0784405178206,"E1 FFlow, E1 EGT1, AltMSL",30,30,30,30,30,0,30,7757.65808962555,4465.828096770373,462879.11986407015,6568.711626870791,14660.39621085026,3.6822820558520353,1654.6793497351414
open_2017_05_08_close_2017_05_08_flight_Fixed Wing_N550ND_before_0_189617.csv,233,5825,5854,0,1418.6044198891623,"E1 FFlow, E1 EGT1, AltMSL",30,30,30,30,30,2,30,7757.762452108737,4465.828096770373,415354.3022305701,6568.711626870791,14660.39621085026,133.0425514161214,1654.4012975342725
open_2017_05_08_close_2017_05_08_flight_Fixed Wing_N550ND_before_0_189617.csv,234,5850,5879,0,780.1623096946216,"E1 FFlow, E1 EGT1, AltMSL",30,30,30,30,30,1,30,7757.436492759543,4465.828096770373,229714.787817488,6568.711626870791,14660.39621085026,9.769238577591167,1654.2470148112493
open_2017_05_08_close_2017_05_08_flight_Fixed Wing_N550ND_before_0_189617.csv,235,5875,5904,0,1298.0816094201164,"E1 FFlow, E1 EGT1, AltMSL",30,30,30,30,30,2,30,7757.799791618108,4465.828096770373,363447.9097651805,6568.711626870791,14660.39621085026,15.33379720736719,1654.2946731844743
open_2017_05_08_close_2017_05_08_flight_Fixed Wing_N550ND_before_0_189617.csv,236,5900,5929,0,1433.3769780244234,"E1 FFlow, E1 EGT1, AltMSL",30,30,30,30,30,0,30,7757.856191250237,4465.828096770373,421927.9487770619,6568.711626870791,14660.39621085026,3.6822820558520353,1654.259414242692
open_2017_05_08_close_2017_05_08_flight_Fixed Wing_N550ND_before_0_189617.csv,237,5925,5954,0,1313.4344726200547,"E1 FFlow, E1 EGT1, AltMSL",30,30,30,30,30,0,30,7758.306301353278,4465.828096770373,382668.0740696272,6568.711626870791,14660.39621085026,3.6822820558520353,1654.4247150773845
open_2017_05_08_close_2017_05_08_flight_Fixed Wing_N550ND_before_0_189617.csv,238,5950,5979,0,1461.0197119793302,"E1 FFlow, E1 EGT1, AltMSL",30,30,30,30,30,0,30,7758.396900272039,4465.828096770373,429439.12426055776,6568.711626870791,14660.39621085026,3.6822820558520353,1654.216446799962
open_2017_05_08_close_2017_05_08_flight_Fixed Wing_N550ND_before_0_189617.csv,239,5975,6004,0,1430.3471232157947,"E1 FFlow, E1 EGT1, AltMSL",30,30,30,30,30,0,30,7758.178828488764,4465.828096770373,421143.04666064715,6568.711626870791,14660.39621085026,3.6822820558520353,1654.1725810970502
open_2017_05_08_close_2017_05_08_flight_Fixed Wing_N550ND_before_0_189617.csv,240,6000,6029,0,1177.1323562665066,"E1 FFlow, E1 EGT1, AltMSL",30,30,30,30,30,0,30,7758.252553391527,4465.828096770373,347242.808007559,6568.711626870791,14660.39621085026,3.6822820558520353,1653.8635234345393
open_2017_05_08_close_2017_05_08_flight_Fixed Wing_N550ND_before_0_189617.csv,241,6025,6054,0,1115.056718318002,"E1 FFlow, E1 EGT1, AltMSL",30,30,30,30,30,0,30,7758.082346502832,4465.828096770373,327874.14283617074,6568.711626870791,14660.39621085026,3.6822820558520353,1654.3448201700444
open_2017_05_08_close_2017_05_08_flight_Fixed Wing_N550ND_before_0_189617.csv,242,6050,6079,0,1091.090912405783,"E1 FFlow, E1 EGT1, AltMSL",30,30,30,30,30,0,30,7758.186351238967,4465.828096770373,320823.7980566835,6568.711626870791,14660.39621085026,3.6822820558520353,1654.1549605631517
open_2017_05_08_close_2017_05_08_flight_Fixed Wing_N550ND_before_0_189617.csv,243,6075,6104,0,1092.669599196658,"E1 FFlow, E1 EGT1, AltMSL",30,30,30,30,30,0,30,7758.385583313659,4465.828096770373,321063.51944978477,6568.711626870791,14660.39621085026,3.6822820558520353,1654.2760301776163
open_2017_05_08_close_2017_05_08_flight_Fixed Wing_N550ND_before_0_189617.csv,244,6100,6129,0,1084.092377388731,"E1 FFlow, E1 EGT1, AltMSL",30,30,30,30,30,0,30,7758.238314481772,4465.828096770373,318359.54969177546,6568.711626870791,14660.39621085026,3.6822820558520353,1654.2652187619833
open_2017_05_08_close_2017_05_08_flight_Fixed Wing_N550ND_before_0_189617.csv,245,6125,6154,0,1071.1614754383804,"E1 FFlow, E1 EGT1, AltMSL",30,30,30,30,30,0,30,7757.626217129345,4465.828096770373,314885.06610602624,6568.711626870791,14660.39621085026,3.6822820558520353,1654.26603712058
open_2017_05_08_close_2017_05_08_flight_Fixed Wing_N550ND_before_0_189617.csv,246,6150,6179,0,1107.4442252369965,"E1 FFlow, E1 EGT1, AltMSL",30,30,30,30,30,0,30,7757.747199677633,4465.828096770373,324983.58766964637,6568.711626870791,14660.39621085026,3.6822820558520353,1654.184367767859
open_2017_05_08_close_2017_05_08_flight_Fixed Wing_N550ND_before_0_189617.csv,247,6175,6204,0,1090.6082940467293,"E1 FFlow, E1 EGT1, AltMSL",30,30,30,30,30,0,30,7758.071923489847,4465.828096770373,320515.99016809417,6568.711626870791,14660.39621085026,3.6822820558520353,1654.1694885380139
open_2017_05_08_close_2017_05_08_flight_Fixed Wing_N550ND_before_0_189617.csv,248,6200,6229,0,1072.2466819759682,"E1 FFlow, E1 EGT1, AltMSL",30,30,30,30,30,0,30,7758.216310423372,4465.828096770373,315268.1960816179,6568.711626870791,14660.39621085026,3.6822820558520353,1654.1688397841226
open_2017_05_08_close_2017_05_08_flight_Fixed Wing_N550ND_before_0_189617.csv,249,6225,6254,0,1068.878819731193,"E1 FFlow, E1 EGT1, AltMSL",30,30,30,30,30,0,30,7758.1432037249815,4465.828096770373,314222.033060179,6568.711626870791,14660.39621085026,3.6822820558520353,1654.2188066794824
open_2017_05_08_close_2017_05_08_flight_Fixed Wing_N550ND_before_0_189617.csv,250,6250,6279,0,1073.596906054524,"E1 FFlow, E1 EGT1, AltMSL",30,30,30,30,30,0,30,7758.1942417813425,4465.828096770373,314998.5443292221,6568.711626870791,14660.39621085026,3.6822820558520353,1654.2310405089447
open_2017_05_08_close_2017_05_08_flight_Fixed Wing_N550ND_before_0_189617.csv,251,6275,6304,0,1323.412614203456,"E1 FFlow, E1 EGT1, AltMSL",30,30,30,30,30,0,30,7758.043389254479,4465.828096770373,382063.5325700894,6568.711626870791,14660.39621085026,3.6822820558520353,1654.1755526702689
open_2017_05_08_close_2017_05_08_flight_Fixed Wing_N550ND_before_0_189617.csv,252,6300,6329,0,1468.6510224107515,"E1 FFlow, E1 EGT1, AltMSL",30,30,30,30,30,0,30,7758.356242165657,4465.828096770373,431420.35273823247,6568.711626870791,14660.39621085026,3.6822820558520353,1653.961900396403
open_2017_05_08_close_2017_05_08_flight_Fixed Wing_N550ND_before_0_189617.csv,253,6325,6354,0,1494.2101938030307,"E1 FFlow, E1 EGT1, AltMSL",30,30,30,30,30,0,30,7758.967378983973,4465.828096770373,439417.5479440785,6568.711626870791,14660.39621085026,3.6822820558520353,1654.2030977341071
open_2017_05_08_close_2017_05_08_flight_Fixed Wing_N550ND_before_0_189617.csv,254,6350,6379,0,1487.6681259192392,"E1 FFlow, E1 EGT1, AltMSL",30,30,30,30,30,0,30,7758.633498525529,4465.828096770373,438056.7537305872,6568.711626870791,14660.39621085026,3.6822820558520353,1654.3524593117997
open_2017_05_08_close_2017_05_08_flight_Fixed Wing_N550ND_before_0_189617.csv,255,6375,6404,0,1386.3116428496792,"E1 FFlow, E1 EGT1, AltMSL",30,30,30,30,30,0,30,7758.397349621753,4465.828096770373,409082.45460689405,6568.711626870791,14660.39621085026,3.6822820558520353,1654.2556127827686
open_2017_05_08_close_2017_05_08_flight_Fixed Wing_N550ND_before_0_189617.csv,256,6400,6429,0,1274.7995378177131,"E1 FFlow, E1 EGT1, AltMSL",30,30,30,30,30,0,30,7758.38151131212,4465.828096770373,376934.7318910721,6568.711626870791,14660.39621085026,3.6822820558520353,1654.0953296643856
open_2017_05_08_close_2017_05_08_flight_Fixed Wing_N550ND_before_1_189642.csv,0,0,29,0,1374.4128489342165,"E1 FFlow, E1 EGT1, AltMSL",30,30,30,30,30,30,30,7758.121578312825,4465.828096770373,403038.6959759695,6568.711626870791,14660.39621085026,723.3199270105622,1654.2084699653547
open_2017_05_08_close_2017_05_08_flight_Fixed Wing_N550ND_before_1_189642.csv,1,25,54,0,1305.289801179855,"E1 FFlow, E1 EGT1, AltMSL",30,30,30,30,30,30,30,7758.128245549029,4465.828096770373,385491.4348657008,6568.711626870791,14660.39621085026,553.9180016094332,1654.2747650901001
open_2017_05_08_close_2017_05_08_flight_Fixed Wing_N550ND_before_1_189642.csv,2,50,79,0,1253.2173679097816,"E1 FFlow, E1 EGT1, AltMSL",30,30,30,30,30,30,30,7758.177862547339,4465.828096770373,368066.84626808634,6568.711626870791,14660.39621085026,463.9499819280591,1654.2806412659418
open_2017_05_08_close_2017_05_08_flight_Fixed Wing_N550ND_before_1_189642.csv,3,75,104,0,1277.1081115181757,"E1 FFlow, E1 EGT1, AltMSL",30,30,30,30,30,30,30,7758.19437568964,4465.828096770373,375105.87306477904,6568.711626870791,14660.39621085026,438.5795028645709,1654.2351003323058
open_2017_05_08_close_2017_05_08_flight_Fixed Wing_N550ND_before_1_189642.csv,4,100,129,0,1303.9500526491286,"E1 FFlow, E1 EGT1, AltMSL",30,30,30,30,30,30,30,7758.208290579907,4465.828096770373,383291.0244941178,6568.711626870791,14660.39621085026,329.2211208975413,1654.2295397672528
open_2017_05_08_close_2017_05_08_flight_Fixed Wing_N550ND_before_1_189642.csv,5,125,154,0,1322.715946950863,"E1 FFlow, E1 EGT1, AltMSL",30,30,30,30,30,30,30,7758.274715536177,4465.828096770373,388637.9762350959,6568.711626870791,14660.39621085026,309.8157147927059,1654.230303442589
open_2017_05_08_close_2017_05_08_flight_Fixed Wing_N550ND_before_1_189642.csv,6,150,179,0,1338.142840866141,"E1 FFlow, E1 EGT1, AltMSL",30,30,30,30,30,30,30,7758.297996917438,4465.828096770373,393698.82216535276,6568.711626870791,14660.39621085026,309.8157147927059,1654.2832955421281
open_2017_05_08_close_2017_05_08_flight_Fixed Wing_N550ND_before_1_189642.csv,7,175,204,0,1341.1750054235047,"E1 FFlow, E1 EGT1, AltMSL",30,30,30,30,30,30,30,7758.2717004640535,4465.828096770373,394048.6783386457,6568.711626870791,14660.39621085026,283.83865360563397,1654.2627124003295
open_2017_05_08_close_2017_05_08_flight_Fixed Wing_N550ND_before_1_189642.csv,8,200,229,0,1364.1890977690755,"E1 FFlow, E1 EGT1, AltMSL",30,30,30,30,30,30,30,7758.221062438866,4465.828096770373,400644.1206139632,6568.711626870791,14660.39621085026,197.41756442002384,1654.2285377524404
open_2017_05_08_close_2017_05_08_flight_Fixed Wing_N550ND_before_1_189642.csv,9,225,254,0,1367.3644502670743,"E1 FFlow, E1 EGT1, AltMSL",30,30,30,30,30,30,30,7758.1880086140545,4465.828096770373,402269.95602240815,6568.711626870791,14660.39621085026,155.68144765735252,1654.2364566868987
open_2017_05_08_close_2017_05_08_flight_Fixed Wing_N550ND_before_1_189642.csv,10,250,279,0,1405.9200766371976,"E1 FFlow, E1 EGT1, AltMSL",30,30,30,30,30,30,30,7758.098679864257,4465.828096770373,412333.62326021557,6568.711626870791,14660.39621085026,155.68144765735252,1654.1213400841011
open_2017_05_08_close_2017_05_08_flight_Fixed Wing_N550ND_before_1_189642.csv,11,275,304,0,1195.5046567609863,"E1 FFlow, E1 EGT1, AltMSL",30,30,30,30,30,30,30,7758.26257038336,4465.828096770373,352016.5105342879,6568.711626870791,14660.39621085026,727.2062296637272,1654.223956808646
open_2017_05_08_close_2017_05_08_flight_Fixed Wing_N550ND_before_1_189642.csv,12,300,329,0,932.293843800627,"E1 FFlow, E1 EGT1, AltMSL",30,30,30,30,30,22,30,7758.056326594217,4465.828096770373,272398.0502047042,6568.711626870791,14660.39621085026,513.751467650294,1654.3474967614463
open_2017_05_08_close_2017_05_08_flight_Fixed Wing_N550ND_before_1_189642.csv,13,325,354,0,1207.8737446192874,"E1 FFlow, E1 EGT1, AltMSL",30,30,30,30,30,29,30,7758.5763443352025,4465.828096770373,349368.43155102414,6568.711626870791,14660.39621085026,315.28611672232876,1654.307292020191
open_2017_05_08_close_2017_05_08_flight_Fixed Wing_N550ND_before_1_189642.csv,14,350,379,0,956.8992115087633,"E1 FFlow, E1 EGT1, AltMSL",30,30,30,30,30,27,30,7758.462353565253,4465.828096770373,282021.9207552669,6568.711626870791,14660.39621085026,564.2193915903222,1654.5979554016512
open_2017_05_08_close_2017_05_08_flight_Fixed Wing_N550ND_before_1_189642.csv,15,375,404,0,734.4358834960998,"E1 FFlow, E1 EGT1, AltMSL",30,30,30,30,30,28,30,7758.219192745563,4465.828096770373,215572.29986726164,6568.711626870791,14660.39621085026,518.4480868197476,1654.3136161139191
open_2017_05_08_close_2017_05_08_flight_Fixed Wing_N550ND_before_1_189642.csv,16,400,429,0,773.4368967944155,"E1 FFlow, E1 EGT1, AltMSL",30,30,30,30,30,18,30,7758.2813303434905,4465.828096770373,225423.08053194615,6568.711626870791,14660.39621085026,157.15934737470812,1654.1886279275134
open_2017_05_08_close_2017_05_08_flight_Fixed Wing_N550ND_before_1_189642.csv,17,425,454,0,850.8220575283403,"E1 FFlow, E1 EGT1, AltMSL",30,30,30,30,30,13,30,7758.341986682941,4465.828096770373,240257.70050412798,6568.711626870791,14660.39621085026,160.0444648950296,1654.0945498451522
open_2017_05_08_close_2017_05_08_flight_Fixed Wing_N550ND_before_1_189642.csv,18,450,479,0,1025.7618156586211,"E1 FFlow, E1 EGT1, AltMSL",30,30,30,30,30,20,30,7757.949692194277,4465.828096770373,299808.17781813774,6568.711626870791,14660.39621085026,242.5000983412769,1654.0943415747452
open_2017_05_08_close_2017_05_08_flight_Fixed Wing_N550ND_before_1_189642.csv,19,475,504,0,721.0072155217106,"E1 FFlow, E1 EGT1, AltMSL",30,30,30,30,30,10,30,7757.560760085745,4465.828096770373,204151.45950442826,6568.711626870791,14660.39621085026,163.8913595539247,1654.12351511913
open_2017_05_08_close_2017_05_08_flight_Fixed Wing_N550ND_before_1_189642.csv,20,500,529,0,1197.8671567389072,"E1 FFlow, E1 EGT1, AltMSL",30,30,30,30,30,30,30,7757.620413222639,4465.828096770373,348095.9532415359,6568.711626870791,14660.39621085026,309.01177713889126,1654.1495646200226
open_2017_05_08_close_2017_05_08_flight_Fixed Wing_N550ND_before_1_189642.csv,21,525,554,0,892.2795455746135,"E1 FFlow, E1 EGT1, AltMSL",30,30,30,30,30,29,30,7757.769585223351,4465.828096770373,264132.92430438753,6568.711626870791,14660.39621085026,346.33135688517075,1654.16767601633
open_2017_05_08_close_2017_05_08_flight_Fixed Wing_N550ND_before_1_189642.csv,22,550,579,0,716.1494564922573,"E1 FFlow, E1 EGT1, AltMSL",30,30,30,30,30,7,30,7757.922028998026,4465.828096770373,210565.97799859502,6568.711626870791,14660.39621085026,161.6089685904247,1654.2256794812442
open_2017_05_08_close_2017_05_08_flight_Fixed Wing_N550ND_before_1_189642.csv,23,575,604,0,692.340055725975,"E1 FFlow, E1 EGT1, AltMSL",30,30,30,30,30,0,30,7757.069515494448,4465.828096770373,202687.1162787968,6568.711626870791,14660.39621085026,3.6822820558520353,1654.3696070410738
open_2017_05_08_close_2017_05_08_flight_Fixed Wing_N550ND_before_1_189642.csv,24,600,629,0,1081.622816817967,"E1 FFlow, E1 EGT1, AltMSL",30,30,30,30,30,25,30,7757.311068653644,4465.828096770373,303845.2264257076,6568.711626870791,14660.39621085026,278.3577801589538,1654.1804143085694
open_2017_05_08_close_2017_05_08_flight_Fixed Wing_N550ND_before_1_189642.csv,25,625,654,0,1490.154528891216,"E1 FFlow, E1 EGT1, AltMSL",30,30,30,30,30,30,30,7756.954870285779,4465.828096770373,428707.79757699074,6568.711626870791,14660.39621085026,304.97142413526643,1654.3628378240116
open_2017_05_08_close_2017_05_08_flight_Fixed Wing_N550ND_before_1_189642.csv,26,650,679,0,1573.4256090166673,"E1 FFlow, E1 EGT1, AltMSL",30,30,30,30,30,30,30,7756.917156503856,4465.828096770373,463595.4062425696,6568.711626870791,14660.39621085026,272.4504004819972,1654.3499603772075
open_2017_05_08_close_2017_05_08_flight_Fixed Wing_N550ND_before_1_189642.csv,27,675,704,0,1465.5240015682607,"E1 FFlow, E1 EGT1, AltMSL",30,30,30,30,30,30,30,7756.962975735241,4465.828096770373,429667.2928242382,6568.711626870791,14660.39621085026,173.3736602948849,1654.223572407898
open_2017_05_08_close_2017_05_08_flight_Fixed Wing_N550ND_before_1_189642.csv,28,700,729,0,1462.861536471105,"E1 FFlow, E1 EGT1, AltMSL",30,30,30,30,30,30,30,7757.397429861355,4465.828096770373,429932.6023674668,6568.711626870791,14660.39621085026,155.68144765735252,1654.2483603255278
open_2017_05_08_close_2017_05_08_flight_Fixed Wing_N550ND_before_1_189642.csv,29,725,754,0,1342.21434450456,"E1 FFlow, E1 EGT1, AltMSL",30,30,30,30,30,30,30,7757.89575099586,4465.828096770373,397450.23041383317,6568.711626870791,14660.39621085026,155.68144765735252,1654.2446956732686
open_2017_05_08_close_2017_05_08_flight_Fixed Wing_N550ND_before_1_189642.csv,30,750,779,0,1342.4063220842045,"E1 FFlow, E1 EGT1, AltMSL",30,30,30,30,30,30,30,7757.818191623555,4465.828096770373,391629.87084316154,6568.711626870791,14660.39621085026,160.80967335597535,1654.316277559724
open_2017_05_08_close_2017_05_08_flight_Fixed Wing_N550ND_before_1_189642.csv,31,775,804,0,1459.229531501994,"E1 FFlow, E1 EGT1, AltMSL",30,30,30,30,30,30,30,7758.100538034292,4465.828096770373,426207.5966301014,6568.711626870791,14660.39621085026,155.68144765735252,1654.3633453071543
open_2017_05_08_close_2017_05_08_flight_Fixed Wing_N550ND_before_1_189642.csv,32,800,829,0,1731.9540996370756,"E1 FFlow, E1 EGT1, AltMSL",30,30,30,30,30,29,30,7756.365360791884,4465.828096770373,508153.11059035204,6568.711626870791,14660.39621085026,151.4483188229967,1654.3512802427051
open_2017_05_08_close_2017_05_08_flight_Fixed Wing_N550ND_before_1_189642.csv,33,825,854,0,1781.7039300481565,"E1 FFlow, E1 EGT1, AltMSL",30,30,30,30,30,30,30,7755.694937351687,4465.828096770373,524186.54265779234,6568.711626870791,14660.39621085026,155.68144765735252,1654.6184905984994
open_2017_05_08_close_2017_05_08_flight_Fixed Wing_N550ND_before_1_189642.csv,34,850,879,0,1786.9814867268003,"E1 FFlow, E1 EGT1, AltMSL",30,30,30,30,30,30,30,7756.310431618203,4465.828096770373,525869.5560710217,6568.711626870791,14660.39621085026,155.68144765735252,1654.5564551036189
open_2017_05_08_close_2017_05_08_flight_Fixed Wing_N550ND_before_1_189642.csv,35,875,904,0,1787.0711227193046,"E1 FFlow, E1 EGT1, AltMSL",30,30,30,30,30,27,30,7756.236784612293,4465.828096770373,525946.6908117232,6568.711626870791,14660.39621085026,141.14014810809536,1654.4609618483719
open_2017_05_08_close_2017_05_08_flight_Fixed Wing_N550ND_before_1_189642.csv,36,900,929,0,1780.1262358769966,"E1 FFlow, E1 EGT1, AltMSL",30,30,30,30,30,26,30,7755.943687972667,4465.828096770373,523932.6277367195,6568.711626870791,14660.39621085026,138.53721492174247,1654.3886647176398
open_2017_05_08_close_2017_05_08_flight_Fixed Wing_N550ND_before_1_189642.csv,37,925,954,0,1773.092747078676,"E1 FFlow, E1 EGT1, AltMSL",30,30,30,30,30,23,30,7754.820052125871,4465.828096770373,521857.05240459146,6568.711626870791,14660.39621085026,118.94840898590455,1654.2562084215324
open_2017_05_08_close_2017_05_08_flight_Fixed Wing_N550ND_before_1_189642.csv,38,950,979,0,1767.109434673591,"E1 FFlow, E1 EGT1, AltMSL",30,30,30,30,30,21,30,7750.443007031786,4465.828096770373,520088.925225459,6568.711626870791,14660.39621085026,108.71329579008963,1654.4992128719837
open_2017_05_08_close_2017_05_08_flight_Fixed Wing_N550ND_before_1_189642.csv,39,975,1004,0,1761.1778465644213,"E1 FFlow, E1 EGT1, AltMSL",30,30,30,30,30,21,30,7756.110430778593,4465.828096770373,518367.391493151,6568.711626870791,14660.39621085026,116.59504277350992,1654.4626683994986
open_2017_05_08_close_2017_05_08_flight_Fixed Wing_N550ND_before_1_189642.csv,40,1000,1029,0,1764.7640494701886,"E1 FFlow, E1 EGT1, AltMSL",30,30,30,30,30,19,30,7755.419440651461,4465.828096770373,519042.2694161018,6568.711626870791,14660.39621085026,97.83249251541075,1654.3331605498638
open_2017_05_08_close_2017_05_08_flight_Fixed Wing_N550ND_before_1_189642.csv,41,1025,1054,0,1822.2891099113117,"E1 FFlow, E1 EGT1, AltMSL",30,30,30,30,30,15,30,7739.939478962133,4465.828096770373,535873.4034048312,6568.711626870791,14660.39621085026,77.90179809985202,1653.4894392394606
open_2017_05_08_close_2017_05_08_flight_Fixed Wing_N550ND_before_1_189642.csv,42,1050,1079,0,1801.4782981650806,"E1 FFlow, E1 EGT1, AltMSL",30,30,30,30,30,15,30,7744.958284445132,4465.828096770373,530547.1416219947,6568.711626870791,14660.39621085026,75.4049553209797,1653.3815263849124
open_2017_05_08_close_2017_05_08_flight_Fixed Wing_N550ND_before_1_189642.csv,43,1075,1104,0,1788.238824032689,"E1 FFlow, E1 EGT1, AltMSL",30,30,30,30,30,14,30,7757.460137010727,4465.828096770373,526260.3291616325,6568.711626870791,14660.39621085026,76.00616777611792,1653.8020252209494
open_2017_05_08_close_2017_05_08_flight_Fixed Wing_N550ND_before_1_189642.csv,44,1100,1129,0,1853.0196693094297,"E1 FFlow, E1 EGT1, AltMSL",30,30,30,30,30,14,30,7758.223266368501,4465.828096770373,543882.133118575,6568.711626870791,14660.39621085026,80.14376035889812,1654.0797666887834
open_2017_05_08_close_2017_05_08_flight_Fixed Wing_N550ND_before_1_189642.csv,45,1125,1154,0,1886.8190751940592,"E1 FFlow, E1 EGT1, AltMSL",30,30,30,30,30,12,30,7758.533331648018,4465.828096770373,555117.7469292041,6568.711626870791,14660.39621085026,69.9019586149298,1654.3444825646416
open_2017_05_08_close_2017_05_08_flight_Fixed Wing_N550ND_before_1_189642.csv,46,1150,1179,0,1900.6052690555719,"E1 FFlow, E1 EGT1, AltMSL",30,30,30,30,30,13,30,7758.043212171336,4465.828096770373,559220.7350864039,6568.711626870791,14660.39621085026,70.60024558399076,1654.215192234883
open_2017_05_08_close_2017_05_08_flight_Fixed Wing_N550ND_before_1_189642.csv,47,1175,1204,0,1921.693617021472,"E1 FFlow, E1 EGT1, AltMSL",30,30,30,30,30,10,30,7758.602815064173,4465.828096770373,565308.000574179,6568.711626870791,14660.39621085026,60.23330693265486,1654.2214673125536
open_2017_05_08_close_2017_05_08_flight_Fixed Wing_N550ND_before_1_189642.csv,48,1200,1229,0,1936.432616658362,"E1 FFlow, E1 EGT1, AltMSL",30,30,30,30,30,10,30,7758.803673811856,4465.828096770373,569763.7313147243,6568.711626870791,14660.39621085026,48.363782949168034,1654.222025385517
open_2017_05_08_close_2017_05_08_flight_Fixed Wing_N550ND_before_1_189642.csv,49,1225,1254,0,1943.7915625209632,"E1 FFlow, E1 EGT1, AltMSL",30,30,30,30,30,7,30,7758.547760133075,4465.828096770373,572157.7516879003,6568.711626870791,14660.39621085026,40.75070185808287,1654.4335870089374
open_2017_05_08_close_2017_05_08_flight_Fixed Wing_N550ND_before_1_189642.csv,50,1250,1279,0,1923.6280651027018,"E1 FFlow, E1 EGT1, AltMSL",30,30,30,30,30,7,30,7758.635525168063,4465.828096770373,566595.8594074466,6568.711626870791,14660.39621085026,41.534856691867354,1654.4869643097475
open_2017_05_08_close_2017_05_08_flight_Fixed Wing_N550ND_before_1_189642.csv,51,1275,1304,0,1913.1451143548686,"E1 FFlow, E1 EGT1, AltMSL",30,30,30,30,30,9,30,7758.882492910023,4465.828096770373,563086.9268606192,6568.711626870791,14660.39621085026,50.57840088270731,1654.2430532621365
open_2017_05_08_close_2017_05_08_flight_Fixed Wing_N550ND_before_1_189642.csv,52,1300,1329,0,1913.2707877452901,"E1 FFlow, E1 EGT1, AltMSL",30,30,30,30,30,8,30,7760.829791529235,4465.828096770373,563084.291800994,6568.711626870791,14660.39621085026,43.091797083101596,1654.1655251623577
open_2017_05_08_close_2017_05_08_flight_Fixed Wing_N550ND_before_1_189642.csv,53,1325,1354,0,1914.5653958414744,"E1 FFlow, E1 EGT1, AltMSL",30,30,30,30,30,11,30,7760.444017217368,4465.828096770373,563491.0132316576,6568.711626870791,14660.39621085026,58.69186451981978,1654.344439359992
open_2017_05_08_close_2017_05_08_flight_Fixed Wing_N550ND_before_1_189642.csv,54,1350,1379,0,1917.40292919779,"E1 FFlow, E1 EGT1, AltMSL",30,30,30,30,30,7,30,7757.374956936227,4465.828096770373,564234.7632652892,6568.711626870791,14660.39621085026,38.03046324037029,1654.4181385752731
open_2017_05_08_close_2017_05_08_flight_Fixed Wing_N550ND_before_1_189642.csv,55,1375,1404,0,1925.58244268518,"E1 FFlow, E1 EGT1, AltMSL",30,30,30,30,30,6,30,7761.556667876804,4465.828096770373,566648.0597025802,6568.711626870791,14660.572473429787,29.167973326093,1654.4088212619993
open_2017_05_08_close_2017_05_08_flight_Fixed Wing_N550ND_before_1_189642.csv,56,1400,1429,0,1930.7688048359726,"E1 FFlow, E1 EGT1, AltMSL",30,30,30,30,30,9,30,7758.18602443534,4465.828096770373,568289.7843976174,6568.711626870791,14661.403640244334,49.06789688204273,1654.0993670311866
open_2017_05_08_close_2017_05_08_flight_Fixed Wing_N550ND_before_1_189642.csv,57,1425,1454,0,1932.2928770911758,"E1 FFlow, E1 EGT1, AltMSL",30,30,30,30,30,5,30,7757.459586642556,4465.828096770373,568726.4692466498,6568.711626870791,14661.403640244334,29.55503793220609,1654.292992084285
open_2017_05_08_close_2017_05_08_flight_Fixed Wing_N550ND_before_1_189642.csv,58,1450,1479,0,1926.4252166814201,"E1 FFlow, E1 EGT1, AltMSL",30,30,30,30,30,6,30,7757.878567858877,4465.828096770373,567026.454220255,6568.711626870791,14661.403640244334,33.60248097154315,1654.4096030318942
open_2017_05_08_close_2017_05_08_flight_Fixed Wing_N550ND_before_1_189642.csv,59,1475,1504,0,1923.3527988935357,"E1 FFlow, E1 EGT1, AltMSL",30,30,30,30,30,6,30,7758.558743771851,4465.828096770373,566142.9330075,6568.711626870791,14661.403640244334,29.560495925175353,1653.9968637234924
open_2017_05_08_close_2017_05_08_flight_Fixed Wing_N550ND_before_1_189642.csv,60,1500,1529,0,1921.5161083825606,"E1 FFlow, E1 EGT1, AltMSL",30,30,30,30,30,4,30,7757.9602132399505,4465.828096770373,565585.9512256115,6568.711626870791,14661.403640244334,25.551206742620586,1654.4286014374734
open_2017_05_08_close_2017_05_08_flight_Fixed Wing_N550ND_before_1_189642.csv,61,1525,1554,0,1919.177235883015,"E1 FFlow, E1 EGT1, AltMSL",30,30,30,30,30,5,30,7758.199113221691,4465.828096770373,564882.5640358254,6568.711626870791,14661.403640244334,29.119678191303837,1654.459717377882
open_2017_05_08_close_2017_05_08_flight_Fixed Wing_N550ND_before_1_189642.csv,62,1550,1579,0,1922.2206360273415,"E1 FFlow, E1 EGT1, AltMSL",30,30,30,30,30,5,30,7758.451775355841,4465.828096770373,565715.8463584636,6568.711626870791,14661.403640244334,30.062350974097146,1654.3551352473885
open_2017_05_08_close_2017_05_08_flight_Fixed Wing_N550ND_before_1_189642.csv,63,1575,1604,0,1926.2578089566637,"E1 FFlow, E1 EGT1, AltMSL",30,30,30,30,30,4,30,7758.410201068938,4465.828096770373,566883.32266708,6568.711626870791,14661.403640244334,24.925943782473876,1654.3790664245087
open_2017_05_08_close_2017_05_08_flight_Fixed Wing_N550ND_before_1_189642.csv,64,1600,1629,0,1922.1913677635334,"E1 FFlow, E1 EGT1, AltMSL",30,30,30,30,30,3,30,7758.163897572153,4465.828096770373,565851.2704462992,6568.711626870791,14661.403640244334,16.299929114675564,1654.3858951561162
open_2017_05_08_close_2017_05_08_flight_Fixed Wing_N550ND_before_1_189642.csv,65,1625,1654,0,1927.849727847941,"E1 FFlow, E1 EGT1, AltMSL",30,30,30,30,30,3,30,7759.317361846552,4465.828096770373,567274.028426573,6568.711626870791,14661.403640244334,18.182494747042924,1654.1447427786359
open_2017_05_08_close_2017_05_08_flight_Fixed Wing_N550ND_before_1_189642.csv,66,1650,1679,0,1931.6212964970925,"E1 FFlow, E1 EGT1, AltMSL",30,30,30,30,30,4,30,7758.63648566116,4465.828096770373,568506.9332210096,6568.711626870791,14661.403640244334,22.409207888705232,1654.2210265674075
open_2017_05_08_close_2017_05_08_flight_Fixed Wing_N550ND_before_1_189642.csv,67,1675,1704,0,1926.787353027912,"E1 FFlow, E1 EGT1, AltMSL",30,30,30,30,30,4,30,7758.524573857292,4465.828096770373,567268.4925544541,6568.711626870791,14662.089191660003,23.679323381982297,1654.3235397660155
open_2017_05_08_close_2017_05_08_flight_Fixed Wing_N550ND_before_1_189642.csv,68,1700,1729,0,1927.8931847334304,"E1 FFlow, E1 EGT1, AltMSL",30,30,30,30,30,5,30,7757.454167863548,4465.828096770373,567399.7065687452,6568.711626870791,14662.411069638403,25.32951941366465,1654.0915014522752
open_2017_05_08_close_2017_05_08_flight_Fixed Wing_N550ND_before_1_189642.csv,69,1725,1754,0,1924.2337043843377,"E1 FFlow, E1 EGT1, AltMSL",30,30,30,30,30,2,30,7758.875365975645,4465.828096770373,566484.0519973527,6568.711626870791,14662.411069638403,12.461351823293896,1654.6229030587965
open_2017_05_08_close_2017_05_08_flight_Fixed Wing_N550ND_before_1_189642.csv,70,1750,1779,0,1924.0549999712246,"E1 FFlow, E1 EGT1, AltMSL",30,30,30,30,30,4,30,7757.2082039259785,4465.828096770373,566226.2918594532,6568.711626870791,14662.411069638403,25.99402912704881,1654.379941113776
open_2017_05_08_close_2017_05_08_flight_Fixed Wing_N550ND_before_1_189642.csv,71,1775,1804,0,1924.6055857840856,"E1 FFlow, E1 EGT1, AltMSL",30,30,30,30,30,0,30,7758.821116249677,4465.828096770373,566472.5191330317,6568.711626870791,14662.411069638403,3.6822820558520353,1654.2767130564894
open_2017_05_08_close_2017_05_08_flight_Fixed Wing_N550ND_before_1_189642.csv,72,1800,1829,0,1923.3179428740493,"E1 FFlow, E1 EGT1, AltMSL",30,30,30,30,30,3,30,7758.625030294227,4465.828096770373,566132.2339118378,6568.711626870791,14662.411069638403,19.62777339939783,1654.1959300939197
open_2017_05_08_close_2017_05_08_flight_Fixed Wing_N550ND_before_1_189642.csv,73,1825,1854,0,1923.089393226441,"E1 FFlow, E1 EGT1, AltMSL",30,30,30,30,30,5,30,7757.357369783125,4465.828096770373,565985.7108204912,6568.711626870791,14662.411069638403,27.703721560251648,1654.3497588453165
open_2017_05_08_close_2017_05_08_flight_Fixed Wing_N550ND_before_1_189642.csv,74,1850,1879,0,1920.3760015403986,"E1 FFlow, E1 EGT1, AltMSL",30,30,30,30,30,3,30,7757.735675531158,4465.828096770373,565270.7365038298,6568.711626870791,14662.411069638403,15.905399786927324,1654.0416821583308
open_2017_05_08_close_2017_05_08_flight_Fixed Wing_N550ND_before_1_189642.csv,75,1875,1904,0,1919.8661159707292,"E1 FFlow, E1 EGT1, AltMSL",30,30,30,30,30,5,30,7756.80366551982,4465.828096770373,565027.6993899829,6568.711626870791,14662.411069638403,29.269425157449362,1654.2156248933352
open_2017_05_08_close_2017_05_08_flight_Fixed Wing_N550ND_before_1_189642.csv,76,1900,1929,0,1920.1086106060866,"E1 FFlow, E1 EGT1, AltMSL",30,30,30,30,30,3,30,7756.843407651956,4465.828096770373,565116.7070682426,6568.711626870791,14662.411069638403,18.586621719641407,1654.2009193335514
open_2017_05_08_close_2017_05_08_flight_Fixed Wing_N550ND_before_1_189642.csv,77,1925,1954,0,1919.712659037547,"E1 FFlow, E1 EGT1, AltMSL",30,30,30,30,30,4,30,7758.604466600198,4465.828096770373,565018.839194037,6568.711626870791,14662.703045484473,22.533293574089345,1653.9310499851995
open_2017_05_08_close_2017_05_08_flight_Fixed Wing_N550ND_before_1_189642.csv,78,1950,1979,0,1919.2160667633716,"E1 FFlow, E1 EGT1, AltMSL",30,30,30,30,30,4,30,7757.432547247073,4465.828096770373,564831.0047506249,6568.711626870791,14663.418499032468,23.975394452358017,1654.3552043888294
open_2017_05_08_close_2017_05_08_flight_Fixed Wing_N550ND_before_1_189642.csv,79,1975,2004,0,1921.618995944615,"E1 FFlow, E1 EGT1, AltMSL",30,30,30,30,30,3,30,7759.652712940159,4465.828096770373,565568.3148673924,6568.711626870791,14663.418499032468,20.066501609882913,1654.288546565987
open_2017_05_08_close_2017_05_08_flight_Fixed Wing_N550ND_before_1_189642.csv,80,2000,2029,0,1918.7692473852471,"E1 FFlow, E1 EGT1, AltMSL",30,30,30,30,30,5,30,7756.927665172439,4465.828096770373,564723.4665715665,6568.711626870791,14663.418499032468,26.225543399727385,1654.2696480838704
open_2017_05_08_close_2017_05_08_flight_Fixed Wing_N550ND_before_1_189642.csv,81,2025,2054,0,1914.1726509245004,"E1 FFlow, E1 EGT1, AltMSL",30,30,30,30,30,3,30,7764.578260403042,4465.828096770373,563428.6404405697,6568.711626870791,14663.418499032468,18.274448770031427,1654.4900237726372
open_2017_05_08_close_2017_05_08_flight_Fixed Wing_N550ND_before_1_189642.csv,82,2050,2079,0,1908.9872316603303,"E1 FFlow, E1 EGT1, AltMSL",30,30,30,30,30,1,30,7776.476840888026,4465.828096770373,561873.397155127,6568.711626870791,14663.418499032468,8.965300923776567,1653.9021088332693
open_2017_05_08_close_2017_05_08_flight_Fixed Wing_N550ND_before_1_189642.csv,83,2075,2104,0,1911.3441937287646,"E1 FFlow, E1 EGT1, AltMSL",30,30,30,30,30,3,30,7763.279585757322,4465.828096770373,562494.6597617343,6568.711626870791,14663.418499032468,20.729922850923916,1654.3945326460166
open_2017_05_08_close_2017_05_08_flight_Fixed Wing_N550ND_before_1_189642.csv,84,2100,2129,0,1913.3319437371824,"E1 FFlow, E1 EGT1, AltMSL",30,30,30,30,30,2,30,7759.383492446773,4465.828096770373,563114.0748852196,6568.711626870791,14663.418499032468,12.933332037161273,1654.150750133043
open_2017_05_08_close_2017_05_08_flight_Fixed Wing_N550ND_before_1_189642.csv,85,2125,2154,0,1913.3508278733764,"E1 FFlow, E1 EGT1, AltMSL",30,30,30,30,30,2,30,7758.756612944864,4465.828096770373,563134.432154821,6568.711626870791,14663.418499032468,14.611574985144967,1654.0092764793194
open_2017_05_08_close_2017_05_08_flight_Fixed Wing_N550ND_before_1_189642.csv,86,2150,2179,0,1912.6162164188154,"E1 FFlow, E1 EGT1, AltMSL",30,30,30,30,30,4,30,7759.411379129306,4465.828096770373,562887.8129318969,6568.711626870791,14663.418499032468,22.33046389194474,1654.4656034253517
open_2017_05_08_close_2017_05_08_flight_Fixed Wing_N550ND_before_1_189642.csv,87,2175,2204,0,1918.083221054679,"E1 FFlow, E1 EGT1, AltMSL",30,30,30,30,30,3,30,7749.298082372488,4465.828096770373,564506.1694578889,6568.711626870791,14663.418499032468,16.764426156095688,1654.1021886480523
open_2017_05_08_close_2017_05_08_flight_Fixed Wing_N550ND_before_1_189642.csv,88,2200,2229,0,1911.1549066251455,"E1 FFlow, E1 EGT1, AltMSL",30,30,30,30,30,2,30,7732.181783630299,4465.828096770373,562628.8928389952,6568.711626870791,14663.418499032468,11.877755608782854,1653.2595868895257
open_2017_05_08_close_2017_05_08_flight_Fixed Wing_N550ND_before_1_189642.csv,89,2225,2254,0,1907.0895054683854,"E1 FFlow, E1 EGT1, AltMSL",30,30,30,30,30,4,30,7743.701408335827,4465.828096770373,561415.1516079599,6568.711626870791,14663.418499032468,23.45963395521661,1653.6240877937616
open_2017_05_08_close_2017_05_08_flight_Fixed Wing_N550ND_before_1_189642.csv,90,2250,2279,0,1899.4182319565537,"E1 FFlow, E1 EGT1, AltMSL",30,30,30,30,30,3,30,7757.731723728143,4465.828096770373,559068.5832681527,6568.711626870791,14663.418499032468,18.568212270871186,1654.049412873578
open_2017_05_08_close_2017_05_08_flight_Fixed Wing_N550ND_before_1_189642.csv,91,2275,2304,0,1892.574327405361,"E1 FFlow, E1 EGT1, AltMSL",30,30,30,30,30,5,30,7756.197838391339,4465.828096770373,557101.6155346943,6568.711626870791,14663.418499032468,24.74592319915361,1654.1309519569913
open_2017_05_08_close_2017_05_08_flight_Fixed Wing_N550ND_before_1_189642.csv,92,2300,2329,0,1884.8061411874805,"E1 FFlow, E1 EGT1, AltMSL",30,30,30,30,30,2,30,7758.374169748022,4465.828096770373,554754.5895404337,6568.711626870791,14663.418499032468,13.322566438355926,1654.166389169106
open_2017_05_08_close_2017_05_08_flight_Fixed Wing_N550ND_before_1_189642.csv,93,2325,2354,0,1892.8550081603478,"E1 FFlow, E1 EGT1, AltMSL",30,30,30,30,30,2,30,7757.437539283982,4465.828096770373,556926.7136646832,6568.711626870791,14663.418499032468,15.756356129926113,1653.9951131783678
open_2017_05_08_close_2017_05_08_flight_Fixed Wing_N550ND_before_1_189642.csv,94,2350,2379,0,1895.9095752023866,"E1 FFlow, E1 EGT1, AltMSL",30,30,30,30,30,4,30,7756.099066335686,4465.828096770373,558026.576880598,6568.711626870791,14663.418499032468,25.210959287091683,1654.3758054276286
open_2017_05_08_close_2017_05_08_flight_Fixed Wing_N550ND_before_1_189642.csv,95,2375,2404,0,1896.8837496985366,"E1 FFlow, E1 EGT1, AltMSL",30,30,30,30,30,0,30,7757.333348795276,4465.828096770373,558316.8907987309,6568.711626870791,14663.418499032468,3.6822820558520353,1653.946949967283
open_2017_05_08_close_2017_05_08_flight_Fixed Wing_N550ND_before_1_189642.csv,96,2400,2429,0,1884.6595464315592,"E1 FFlow, E1 EGT1, AltMSL",30,30,30,30,30,0,30,7758.147842717759,4465.828096770373,554918.9993860573,6568.711626870791,14663.418499032468,3.6822820558520353,1654.4884774035584
open_2017_05_08_close_2017_05_08_flight_Fixed Wing_N550ND_before_1_189642.csv,97,2425,2454,0,1880.3186639947007,"E1 FFlow, E1 EGT1, AltMSL",30,30,30,30,30,0,30,7757.297991525455,4465.828096770373,553432.883224528,6568.711626870791,14663.418499032468,3.6822820558520353,1654.3730704918478
open_2017_05_08_close_2017_05_08_flight_Fixed Wing_N550ND_before_1_189642.csv,98,2450,2479,0,1881.0358549615903,"E1 FFlow, E1 EGT1, AltMSL",30,30,30,30,30,0,30,7756.939682940209,4465.828096770373,553630.2139090848,6568.711626870791,14663.418499032468,3.6822820558520353,1654.26306083417
open_2017_05_08_close_2017_05_08_flight_Fixed Wing_N550ND_before_1_189642.csv,99,2475,2504,0,1879.372525486568,"E1 FFlow, E1 EGT1, AltMSL",30,30,30,30,30,0,30,7777.056388151476,4465.828096770373,553121.8617442641,6568.711626870791,14663.418499032468,3.6822820558520353,1653.215291125391
open_2017_05_08_close_2017_05_08_flight_Fixed Wing_N550ND_before_1_189642.csv,100,2500,2529,0,1891.3209040369884,"E1 FFlow, E1 EGT1, AltMSL",30,30,30,30,30,0,30,7773.700949048533,4465.828096770373,556389.8304219443,6568.711626870791,14663.949602582285,3.6822820558520353,1653.3292281077815
open_2017_05_08_close_2017_05_08_flight_Fixed Wing_N550ND_before_1_189642.csv,101,2525,2554,0,1890.9747770948043,"E1 FFlow, E1 EGT1, AltMSL",30,30,30,30,30,0,30,7760.079713921639,4465.828096770373,556674.740053502,6568.711626870791,14664.425928426543,3.6822820558520353,1654.3113710196717
open_2017_05_08_close_2017_05_08_flight_Fixed Wing_N550ND_before_1_189642.csv,102,2550,2579,0,1894.3442945485592,"E1 FFlow, E1 EGT1, AltMSL",30,30,30,30,30,0,30,7756.387914914665,4465.828096770373,557386.8309466393,6568.711626870791,14664.425928426543,3.6822820558520353,1654.2716786730816
open_2017_05_08_close_2017_05_08_flight_Fixed Wing_N550ND_before_1_189642.csv,103,2575,2604,0,1900.0812498726489,"E1 FFlow, E1 EGT1, AltMSL",30,30,30,30,30,0,30,7757.024230988436,4465.828096770373,559225.854571177,6568.711626870791,14664.425928426543,3.6822820558520353,1654.1315143956017
open_2017_05_08_close_2017_05_08_flight_Fixed Wing_N550ND_before_1_189642.csv,104,2600,2629,0,1844.922190699056,"E1 FFlow, E1 EGT1, AltMSL",30,30,30,30,30,0,30,7756.291724987799,4465.828096770373,544082.1581301562,6568.711626870791,14664.425928426543,3.6822820558520353,1653.902745416959
open_2017_05_08_close_2017_05_08_flight_Fixed Wing_N550ND_before_1_189642.csv,105,2625,2654,0,1731.9300905361133,"E1 FFlow, E1 EGT1, AltMSL",30,30,30,30,30,0,30,7756.537474258176,4465.828096770373,508626.30977814284,6568.711626870791,14664.425928426543,3.6822820558520353,1654.522135272497
open_2017_05_08_close_2017_05_08_flight_Fixed Wing_N550ND_before_1_189642.csv,106,2650,2679,0,1838.0265675715443,"E1 FFlow, E1 EGT1, AltMSL",30,30,30,30,30,0,30,7755.817894826059,4465.828096770373,540587.655336136,6568.711626870791,14664.425928426543,3.6822820558520353,1654.6093039608215
open_2017_05_08_close_2017_05_08_flight_Fixed Wing_N550ND_before_1_189642.csv,107,2675,2704,0,1902.567441097512,"E1 FFlow, E1 EGT1, AltMSL",30,30,30,30,30,0,30,7755.767258300397,4465.828096770373,559111.6434995547,6568.711626870791,14664.425928426543,3.6822820558520353,1654.2994257947666
open_2017_05_08_close_2017_05_08_flight_Fixed Wing_N550ND_before_1_189642.csv,108,2700,2729,0,1847.7100657232736,"E1 FFlow, E1 EGT1, AltMSL",30,30,30,30,30,0,30,7757.819215052856,4465.828096770373,544873.9835756319,6568.711626870791,14664.425928426543,3.6822820558520353,1654.3785069867427
open_2017_05_08_close_2017_05_08_flight_Fixed Wing_N550ND_before_1_189642.csv,109,2725,2754,0,1820.3375464358555,"E1 FFlow, E1 EGT1, AltMSL",30,30,30,30,30,0,30,7771.683786897161,4465.828096770373,535253.9352355027,6568.711626870791,14664.425928426543,3.6822820558520353,1653.3089581382178
open_2017_05_08_close_2017_05_08_flight_Fixed Wing_N550ND_before_1_189642.csv,110,2750,2779,0,1878.7343693147325,"E1 FFlow, E1 EGT1, AltMSL",30,30,30,30,30,0,30,7742.306123557221,4465.828096770373,552560.8678955609,6568.711626870791,14663.712267383322,3.6822820558520353,1653.74701264702
open_2017_05_08_close_2017_05_08_flight_Fixed Wing_N550ND_before_1_189642.csv,111,2775,2804,0,1849.0595458990467,"E1 FFlow, E1 EGT1, AltMSL",30,30,30,30,30,0,30,7755.95474798076,4465.828096770373,545048.9843488084,6568.711626870791,14663.418499032468,3.6822820558520353,1654.4549519475938
open_2017_05_08_close_2017_05_08_flight_Fixed Wing_N550ND_before_1_189642.csv,112,2800,2829,0,1583.7985699818794,"E1 FFlow, E1 EGT1, AltMSL",30,30,30,30,30,0,30,7756.738120558336,4465.828096770373,468780.0162584439,6568.711626870791,14663.418499032468,3.6822820558520353,1654.2993890832759
open_2017_05_08_close_2017_05_08_flight_Fixed Wing_N550ND_before_1_189642.csv,113,2825,2854,0,1651.2561923588491,"E1 FFlow, E1 EGT1, AltMSL",30,30,30,30,30,0,30,7756.570915787492,4465.828096770373,484667.4390674199,6568.711626870791,14663.418499032468,3.6822820558520353,1654.487815123904
open_2017_05_08_close_2017_05_08_flight_Fixed Wing_N550ND_before_1_189642.csv,114,2850,2879,0,1694.3294959982288,"E1 FFlow, E1 EGT1, AltMSL",30,30,30,30,30,0,30,7755.040832495678,4465.828096770373,498264.6119525607,6568.711626870791,14663.80522040739,3.6822820558520353,1654.4353603148172
open_2017_05_08_close_2017_05_08_flight_Fixed Wing_N550ND_before_1_189642.csv,115,2875,2904,0,1715.3190647706301,"E1 FFlow, E1 EGT1, AltMSL",30,30,30,30,30,0,30,7746.915465644821,4465.828096770373,504412.5559636127,6568.711626870791,14664.425928426543,3.6822820558520353,1654.250409098359
open_2017_05_08_close_2017_05_08_flight_Fixed Wing_N550ND_before_1_189642.csv,116,2900,2929,0,1762.1776641250933,"E1 FFlow, E1 EGT1, AltMSL",30,30,30,30,30,0,30,7754.347416525499,4465.828096770373,518080.1149063484,6568.711626870791,14664.425928426543,3.6822820558520353,1654.1217792719224
open_2017_05_08_close_2017_05_08_flight_Fixed Wing_N550ND_before_1_189642.csv,117,2925,2954,0,1787.2459337565087,"E1 FFlow, E1 EGT1, AltMSL",30,30,30,30,30,0,30,7756.762938757753,4465.828096770373,525588.3500032318,6568.711626870791,14664.425928426543,3.6822820558520353,1654.1999043086332
open_2017_05_08_close_2017_05_08_flight_Fixed Wing_N550ND_before_1_189642.csv,118,2950,2979,0,1748.9016675628225,"E1 FFlow, E1 EGT1, AltMSL",30,30,30,30,30,0,30,7760.6173770018095,4465.828096770373,515643.38439754804,6568.711626870791,14664.425928426543,3.6822820558520353,1654.4743872121824
open_2017_05_08_close_2017_05_08_flight_Fixed Wing_N550ND_before_1_189642.csv,119,2975,3004,0,1723.4504299872556,"E1 FFlow, E1 EGT1, AltMSL",30,30,30,30,30,0,30,7767.3442207077105,4465.828096770373,506398.520877824,6568.711626870791,14664.425928426543,3.6822820558520353,1654.220499190892
open_2017_05_08_close_2017_05_08_flight_Fixed Wing_N550ND_before_1_189642.csv,120,3000,3029,0,1771.1925045435805,"E1 FFlow, E1 EGT1, AltMSL",30,30,30,30,30,0,30,7757.140157341596,4465.828096770373,520466.94316054997,6568.711626870791,14664.425928426543,3.6822820558520353,1654.2048260655047
open_2017_05_08_close_2017_05_08_flight_Fixed Wing_N550ND_before_1_189642.csv,121,3025,3054,0,1874.6109456413003,"E1 FFlow, E1 EGT1, AltMSL",30,30,30,30,30,0,30,7755.601133547597,4465.828096770373,551586.6818864217,6568.711626870791,14664.425928426543,3.6822820558520353,1654.6778041627776
open_2017_05_08_close_2017_05_08_flight_Fixed Wing_N550ND_before_1_189642.csv,122,3050,3079,0,1765.5982571903514,"E1 FFlow, E1 EGT1, AltMSL",30,30,30,30,30,0,30,7756.75578234242,4465.828096770373,521334.5102291146,6568.711626870791,14664.425928426543,3.6822820558520353,1654.4414588837255
open_2017_05_08_close_2017_05_08_flight_Fixed Wing_N550ND_before_1_189642.csv,123,3075,3104,0,1425.618450640142,"E1 FFlow, E1 EGT1, AltMSL",30,30,30,30,30,0,30,7757.425802871431,4465.828096770373,418223.4841559399,6568.711626870791,14664.425928426543,3.6822820558520353,1654.3587543954795
open_2017_05_08_close_2017_05_08_flight_Fixed Wing_N550ND_before_1_189642.csv,124,3100,3129,0,820.804110531882,"E1 FFlow, E1 EGT1, AltMSL",30,30,30,30,30,0,30,7757.93384512107,4465.828096770373,242640.7096520104,6568.711626870791,14664.425928426543,3.6822820558520353,1654.213811453803
open_2017_05_08_close_2017_05_08_flight_Fixed Wing_N550ND_before_1_189642.csv,125,3125,3154,0,1288.3106754864473,"E1 FFlow, E1 EGT1, AltMSL",30,30,30,30,30,0,30,7756.759177357172,4465.828096770373,348573.7201383277,6568.711626870791,14664.425928426543,3.6822820558520353,1654.2766687579247
open_2017_05_08_close_2017_05_08_flight_Fixed Wing_N550ND_before_1_189642.csv,126,3150,3179,0,1666.1978726158663,"E1 FFlow, E1 EGT1, AltMSL",30,30,30,30,30,0,30,7757.810799252539,4465.828096770373,489933.7539888437,6568.711626870791,14664.425928426543,3.6822820558520353,1654.291219801226
open_2017_05_08_close_2017_05_08_flight_Fixed Wing_N550ND_before_1_189642.csv,127,3175,3204,0,1811.616341850624,"E1 FFlow, E1 EGT1, AltMSL",30,30,30,30,30,0,30,7756.86738455338,4465.828096770373,529858.8103671372,6568.711626870791,14664.425928426543,3.6822820558520353,1654.3514156419544
open_2017_05_08_close_2017_05_08_flight_Fixed Wing_N550ND_before_1_189642.csv,128,3200,3229,0,1908.5984339483714,"E1 FFlow, E1 EGT1, AltMSL",30,30,30,30,30,0,30,7756.878384319135,4465.828096770373,561210.23389425,6568.711626870791,14664.425928426543,3.6822820558520353,1654.298902627781
open_2017_05_08_close_2017_05_08_flight_Fixed Wing_N550ND_before_1_189642.csv,129,3225,3254,0,1867.481628862469,"E1 FFlow, E1 EGT1, AltMSL",30,30,30,30,30,0,30,7757.184457162712,4465.828096770373,551028.5903277094,6568.711626870791,14664.425928426543,3.6822820558520353,1654.2316120152623
open_2017_05_08_close_2017_05_08_flight_Fixed Wing_N550ND_before_1_189642.csv,130,3250,3279,0,1839.5122207153906,"E1 FFlow, E1 EGT1, AltMSL",30,30,30,30,30,1,30,7757.204143996945,4465.828096770373,541112.8764988207,6568.711626870791,14664.425928426543,18.165040676541693,1654.2378336241268
open_2017_05_08_close_2017_05_08_flight_Fixed Wing_N550ND_before_1_189642.csv,131,3275,3304,0,1945.0528937194074,"E1 FFlow, E1 EGT1, AltMSL",30,30,30,30,30,1,30,7757.22700128139,4465.828096770373,570981.9680377345,6568.711626870791,14664.425928426543,19.153980169059587,1654.347482556604
open_2017_05_08_close_2017_05_08_flight_Fixed Wing_N550ND_before_1_189642.csv,132,3300,3329,0,1965.8897092961274,"E1 FFlow, E1 EGT1, AltMSL",30,30,30,30,30,0,30,7758.37932751301,4465.828096770373,578810.5735646163,6568.711626870791,14664.425928426543,3.6822820558520353,1654.1770970350453
open_2017_05_08_close_2017_05_08_flight_Fixed Wing_N550ND_before_1_189642.csv,133,3325,3354,0,1946.947655362016,"E1 FFlow, E1 EGT1, AltMSL",30,30,30,30,30,0,30,7758.5403521957505,4465.828096770373,573099.7675333737,6568.711626870791,14664.425928426543,3.6822820558520353,1654.0128733636034
open_2017_05_08_close_2017_05_08_flight_Fixed Wing_N550ND_before_1_189642.csv,134,3350,3379,0,1948.0940292454607,"E1 FFlow, E1 EGT1, AltMSL",30,30,30,30,30,0,30,7756.716606417418,4465.828096770373,573283.517177166,6568.711626870791,14664.425928426543,3.6822820558520353,1654.058651342956
open_2017_05_08_close_2017_05_08_flight_Fixed Wing_N550ND_before_1_189642.csv,135,3375,3404,0,1943.1981912396557,"E1 FFlow, E1 EGT1, AltMSL",30,30,30,30,30,0,30,7758.186839355424,4465.828096770373,572169.2637932557,6568.711626870791,14664.425928426543,3.6822820558520353,1654.079588093389
open_2017_05_08_close_2017_05_08_flight_Fixed Wing_N550ND_before_1_189642.csv,136,3400,3429,0,1851.596697941847,"E1 FFlow, E1 EGT1, AltMSL",30,30,30,30,30,0,30,7761.664607729327,4465.828096770373,546380.6782674197,6568.711626870791,14664.425928426543,3.6822820558520353,1654.2256847156955
open_2017_05_08_close_2017_05_08_flight_Fixed Wing_N550ND_before_1_189642.csv,137,3425,3454,0,1770.5716255960467,"E1 FFlow, E1 EGT1, AltMSL",30,30,30,30,30,0,30,7760.893802715869,4465.828096770373,521592.01083592715,6568.711626870791,14664.425928426543,3.6822820558520353,1654.089089560022
open_2017_05_08_close_2017_05_08_flight_Fixed Wing_N550ND_before_1_189642.csv,138,3450,3479,0,1703.4123502480643,"E1 FFlow, E1 EGT1, AltMSL",30,30,30,30,30,0,30,7758.751535832836,4465.828096770373,501606.8946447457,6568.711626870791,14664.425928426543,3.6822820558520353,1654.256876926115
open_2017_05_08_close_2017_05_08_flight_Fixed Wing_N550ND_before_1_189642.csv,139,3475,3504,0,1689.7323607403341,"E1 FFlow, E1 EGT1, AltMSL",30,30,30,30,30,6,30,7756.636410795803,4465.828096770373,497305.7612646047,6568.711626870791,14664.425928426543,29.755052424761352,1654.044086809245
open_2017_05_08_close_2017_05_08_flight_Fixed Wing_N550ND_before_1_189642.csv,140,3500,3529,0,1689.6490352650296,"E1 FFlow, E1 EGT1, AltMSL",30,30,30,30,30,1,30,7758.077628281691,4465.828096770373,497184.60179242323,6568.711626870791,14664.425928426543,8.867467241037222,1654.2165136416766
open_2017_05_08_close_2017_05_08_flight_Fixed Wing_N550ND_before_1_189642.csv,141,3525,3554,0,1693.4126730280504,"E1 FFlow, E1 EGT1, AltMSL",30,30,30,30,30,1,30,7758.1752117521055,4465.828096770373,498141.32573704136,6568.711626870791,14664.425928426543,8.29194748336133,1654.269535951071
open_2017_05_08_close_2017_05_08_flight_Fixed Wing_N550ND_before_1_189642.csv,142,3550,3579,0,1694.2087806336172,"E1 FFlow, E1 EGT1, AltMSL",30,30,30,30,30,3,30,7753.329201717474,4465.828096770373,498629.0824624863,6568.711626870791,14664.425928426543,20.09984817598057,1654.144208194831
open_2017_05_08_close_2017_05_08_flight_Fixed Wing_N550ND_before_1_189642.csv,143,3575,3604,0,1675.590092149322,"E1 FFlow, E1 EGT1, AltMSL",30,30,30,30,30,2,30,7745.93533626315,4465.828096770373,493270.1974784391,6568.711626870791,14664.425928426543,13.050568173016503,1653.8566086243334
open_2017_05_08_close_2017_05_08_flight_Fixed Wing_N550ND_before_1_189642.csv,144,3600,3629,0,1670.3811556178232,"E1 FFlow, E1 EGT1, AltMSL",30,30,30,30,30,2,30,7751.3282136159505,4465.828096770373,491066.7980566297,6568.711626870791,14664.425928426543,13.723921613431738,1654.1300696975954
open_2017_05_08_close_2017_05_08_flight_Fixed Wing_N550ND_before_1_189642.csv,145,3625,3654,0,1665.2061751772462,"E1 FFlow, E1 EGT1, AltMSL",30,30,30,30,30,3,30,7752.139408673268,4465.828096770373,490487.72105895675,6568.711626870791,14664.425928426543,18.082947982600096,1654.0010422107257
open_2017_05_08_close_2017_05_08_flight_Fixed Wing_N550ND_before_1_189642.csv,146,3650,3679,0,1605.7938109304544,"E1 FFlow, E1 EGT1, AltMSL",30,30,30,30,30,1,30,7757.272152673122,4465.828096770373,473083.71765658696,6568.711626870791,14664.425928426543,8.440902745507207,1654.5110028149927
open_2017_05_08_close_2017_05_08_flight_Fixed Wing_N550ND_before_1_189642.csv,147,3675,3704,0,1601.2216987366726,"E1 FFlow, E1 EGT1, AltMSL",30,30,30,30,30,2,30,7771.378562467169,4465.828096770373,470912.368112306,6568.711626870791,14664.425928426543,14.248319791701098,1653.7604168028658
open_2017_05_08_close_2017_05_08_flight_Fixed Wing_N550ND_before_1_189642.csv,148,3700,3729,0,1572.874982338238,"E1 FFlow, E1 EGT1, AltMSL",30,30,30,30,30,2,30,7768.613593672161,4465.828096770373,463200.92342221324,6568.711626870791,14664.425928426543,11.546500545740125,1653.8046973489227
open_2017_05_08_close_2017_05_08_flight_Fixed Wing_N550ND_before_1_189642.csv,149,3725,3754,0,1574.1134951995252,"E1 FFlow, E1 EGT1, AltMSL",30,30,30,30,30,3,30,7767.884518270357,4465.828096770373,462173.95684368786,6568.711626870791,14664.425928426543,23.743119174606093,1653.7370809613617
open_2017_05_08_close_2017_05_08_flight_Fixed Wing_N550ND_before_1_189642.csv,150,3750,3779,0,1638.4559823898633,"E1 FFlow, E1 EGT1, AltMSL",30,30,30,30,30,2,30,7756.997758941789,4465.828096770373,482257.8164047783,6568.711626870791,14664.425928426543,14.359906046624822,1654.3323654117805
open_2017_05_08_close_2017_05_08_flight_Fixed Wing_N550ND_before_1_189642.csv,151,3775,3804,0,1055.3474002361477,"E1 FFlow, E1 EGT1, AltMSL",30,30,30,30,30,5,30,7757.3200540043,4465.828096770373,310325.5806471552,6568.711626870791,14664.425928426543,165.97945026121133,1654.185149950567
open_2017_05_08_close_2017_05_08_flight_Fixed Wing_N550ND_before_1_189642.csv,152,3800,3829,0,1326.7320446748258,"E1 FFlow, E1 EGT1, AltMSL",30,30,30,30,30,11,30,7757.749315472992,4465.828096770373,359616.47065741126,6568.711626870791,14664.425928426543,96.57972398490224,1654.4970740081371
open_2017_05_08_close_2017_05_08_flight_Fixed Wing_N550ND_before_1_189642.csv,153,3825,3854,0,1738.2757533380527,"E1 FFlow, E1 EGT1, AltMSL",30,30,30,30,30,16,30,7755.240394452586,4465.828096770373,510431.8068964629,6568.711626870791,14664.425928426543,85.73922255791923,1654.5153104755798
open_2017_05_08_close_2017_05_08_flight_Fixed Wing_N550ND_before_1_189642.csv,154,3850,3879,0,1780.8177738719983,"E1 FFlow, E1 EGT1, AltMSL",30,30,30,30,30,10,30,7755.404212399912,4465.828096770373,523864.38369502086,6568.711626870791,14664.425928426543,56.53862519242107,1654.6183876130685
open_2017_05_08_close_2017_05_08_flight_Fixed Wing_N550ND_before_1_189642.csv,155,3875,3904,0,1786.5596376086105,"E1 FFlow, E1 EGT1, AltMSL",30,30,30,30,30,9,30,7771.104642330432,4465.828096770373,525692.1510244455,6568.711626870791,14664.425928426543,52.253857490941094,1654.1650397960175
open_2017_05_08_close_2017_05_08_flight_Fixed Wing_N550ND_before_1_189642.csv,156,3900,3929,0,1826.535823811664,"E1 FFlow, E1 EGT1, AltMSL",30,30,30,30,30,4,30,7770.327102408256,4465.828096770373,536901.2452640327,6568.711626870791,14664.425928426543,21.818356783733435,1654.0333296175431
open_2017_05_08_close_2017_05_08_flight_Fixed Wing_N550ND_before_1_189642.csv,157,3925,3954,0,1775.360440928694,"E1 FFlow, E1 EGT1, AltMSL",30,30,30,30,30,6,30,7762.0670060005,4465.828096770373,523566.5615162329,6568.711626870791,14664.425928426543,34.030152407849364,1654.205683272844
open_2017_05_08_close_2017_05_08_flight_Fixed Wing_N550ND_before_1_189642.csv,158,3950,3979,0,1712.4334293749412,"E1 FFlow, E1 EGT1, AltMSL",30,30,30,30,30,3,30,7756.523178113317,4465.828096770373,503599.6471844171,6568.711626870791,14664.425928426543,18.144921551242625,1654.149084306472
open_2017_05_08_close_2017_05_08_flight_Fixed Wing_N550ND_before_1_189642.csv,159,3975,4004,0,1681.962043136431,"E1 FFlow, E1 EGT1, AltMSL",30,30,30,30,30,6,30,7757.542444605063,4465.828096770373,495823.1757835053,6568.711626870791,14664.425928426543,35.09827439220956,1654.2386678440812
open_2017_05_08_close_2017_05_08_flight_Fixed Wing_N550ND_before_1_189642.csv,160,4000,4029,0,1604.5108351276594,"E1 FFlow, E1 EGT1, AltMSL",30,30,30,30,30,3,30,7767.977043471598,4465.828096770373,472088.9336852336,6568.711626870791,14664.425928426543,19.14974568063019,1653.6123952071898
open_2017_05_08_close_2017_05_08_flight_Fixed Wing_N550ND_before_1_189642.csv,161,4025,4054,0,1584.9293934273755,"E1 FFlow, E1 EGT1, AltMSL",30,30,30,30,30,5,30,7767.876129777715,4465.828096770373,466456.38286053296,6568.711626870791,14664.425928426543,28.04593498937468,1654.0582994904107
open_2017_05_08_close_2017_05_08_flight_Fixed Wing_N550ND_before_1_189642.csv,162,4050,4079,0,1629.0173056357858,"E1 FFlow, E1 EGT1, AltMSL",30,30,30,30,30,4,30,7763.175558693922,4465.828096770373,478378.9496017452,6568.711626870791,14664.425928426543,22.81866032438497,1654.132735909663
open_2017_05_08_close_2017_05_08_flight_Fixed Wing_N550ND_before_1_189642.csv,163,4075,4104,0,1459.2131923164347,"E1 FFlow, E1 EGT1, AltMSL",30,30,30,30,30,11,30,7756.911054101999,4465.828096770373,426774.7652679776,6568.711626870791,14664.425928426543,393.83805410203695,1654.2076787874364
open_2017_05_08_close_2017_05_08_flight_Fixed Wing_N550ND_before_1_189642.csv,164,4100,4129,0,878.2122654815927,"E1 FFlow, E1 EGT1, AltMSL",30,30,30,30,30,7,30,7757.627164471607,4465.828096770373,255115.1387850602,6568.711626870791,14664.425928426543,73.78680707678542,1654.2857242547086
open_2017_05_08_close_2017_05_08_flight_Fixed Wing_N550ND_before_1_189642.csv,165,4125,4154,0,1581.2381179889246,"E1 FFlow, E1 EGT1, AltMSL",30,30,30,30,30,27,30,7757.227809394258,4465.828096770373,450761.84610159183,6568.711626870791,14664.425928426543,138.14663005189678,1654.307054603114
open_2017_05_08_close_2017_05_08_flight_Fixed Wing_N550ND_before_1_189642.csv,166,4150,4179,0,1756.564122555551,"E1 FFlow, E1 EGT1, AltMSL",30,30,30,30,30,20,30,7755.0467023493065,4465.828096770373,516358.06015930616,6568.711626870791,14664.425928426543,104.93957267254427,1654.7803765832239
open_2017_05_08_close_2017_05_08_flight_Fixed Wing_N550ND_before_1_189642.csv,167,4175,4204,0,1786.268054153919,"E1 FFlow, E1 EGT1, AltMSL",30,30,30,30,30,14,30,7757.583831432346,4465.828096770373,525524.8319433439,6568.711626870791,14664.425928426543,76.62251997737577,1654.6626599351016
open_2017_05_08_close_2017_05_08_flight_Fixed Wing_N550ND_before_1_189642.csv,168,4200,4229,0,1790.2777749424763,"E1 FFlow, E1 EGT1, AltMSL",30,30,30,30,30,13,30,7777.535194753595,4465.828096770373,526689.1890295618,6568.711626870791,14664.425928426543,74.42201328048853,1653.6398426892658
open_2017_05_08_close_2017_05_08_flight_Fixed Wing_N550ND_before_1_189642.csv,169,4225,4254,0,1834.035553935435,"E1 FFlow, E1 EGT1, AltMSL",30,30,30,30,30,11,30,7768.3977896533,4465.828096770373,539142.7444717614,6568.711626870791,14664.425928426543,60.76142245740771,1653.8466655172786
open_2017_05_08_close_2017_05_08_flight_Fixed Wing_N550ND_before_1_189642.csv,170,4250,4279,0,1766.0628788851666,"E1 FFlow, E1 EGT1, AltMSL",30,30,30,30,30,11,30,7757.4105452445265,4465.828096770373,520923.18134717987,6568.711626870791,14664.425928426543,55.56824248377255,1654.4630668787083
open_2017_05_08_close_2017_05_08_flight_Fixed Wing_N550ND_before_1_189642.csv,171,4275,4304,0,1696.2804639731878,"E1 FFlow, E1 EGT1, AltMSL",30,30,30,30,30,7,30,7756.163402322106,4465.828096770373,499577.79244456085,6568.711626870791,14664.425928426543,41.048862138996846,1654.449450098243
open_2017_05_08_close_2017_05_08_flight_Fixed Wing_N550ND_before_1_189642.csv,172,4300,4329,0,1640.764695584837,"E1 FFlow, E1 EGT1, AltMSL",30,30,30,30,30,6,30,7766.633269539616,4465.828096770373,482536.1852500115,6568.711626870791,14664.425928426543,36.90469908450692,1653.660357145414
open_2017_05_08_close_2017_05_08_flight_Fixed Wing_N550ND_before_1_189642.csv,173,4325,4354,0,1616.2497891910828,"E1 FFlow, E1 EGT1, AltMSL",30,30,30,30,30,6,30,7773.29897782869,4465.828096770373,476021.288635513,6568.711626870791,14664.425928426543,48.38354214195214,1653.2155128510733
open_2017_05_08_close_2017_05_08_flight_Fixed Wing_N550ND_before_1_189642.csv,174,4350,4379,0,1570.1592276457231,"E1 FFlow, E1 EGT1, AltMSL",30,30,30,30,30,4,30,7762.24244336651,4465.828096770373,462027.2926143267,6568.711626870791,14664.425928426543,24.331640814884963,1653.9000595324278
open_2017_05_08_close_2017_05_08_flight_Fixed Wing_N550ND_before_1_189642.csv,175,4375,4404,0,1256.6815632767816,"E1 FFlow, E1 EGT1, AltMSL",30,30,30,30,30,4,30,7756.88158875735,4465.828096770373,364876.81230260525,6568.711626870791,14664.425928426543,227.34550153921464,1653.972680907671
open_2017_05_08_close_2017_05_08_flight_Fixed Wing_N550ND_before_1_189642.csv,176,4400,4429,0,1198.176989250337,"E1 FFlow, E1 EGT1, AltMSL",30,30,30,30,30,12,30,7757.57746710099,4465.828096770373,323406.5834423469,6568.711626870791,14664.425928426543,70.52341096122892,1654.491410926074
open_2017_05_08_close_2017_05_08_flight_Fixed Wing_N550ND_before_1_189642.csv,177,4425,4454,0,1729.5544054558288,"E1 FFlow, E1 EGT1, AltMSL",30,30,30,30,30,19,30,7755.686054941438,4465.828096770373,507361.2834902261,6568.711626870791,14664.425928426543,99.86469203902851,1654.5308578694667
open_2017_05_08_close_2017_05_08_flight_Fixed Wing_N550ND_before_1_189642.csv,178,4450,4479,0,1775.8206207856813,"E1 FFlow, E1 EGT1, AltMSL",30,30,30,30,30,13,30,7756.199139529022,4465.828096770373,522404.2318885368,6568.711626870791,14664.425928426543,71.23939667206224,1654.6999274321222
open_2017_05_08_close_2017_05_08_flight_Fixed Wing_N550ND_before_1_189642.csv,179,4475,4504,0,1784.5008754820117,"E1 FFlow, E1 EGT1, AltMSL",30,30,30,30,30,15,30,7762.740133295247,4465.828096770373,525087.8968022168,6568.711626870791,14664.425928426543,78.47869122878781,1654.397225761328
open_2017_05_08_close_2017_05_08_flight_Fixed Wing_N550ND_before_1_189642.csv,180,4500,4529,0,1788.5393274349146,"E1 FFlow, E1 EGT1, AltMSL",30,30,30,30,30,11,30,7762.832856505073,4465.828096770373,526290.6693391508,6568.711626870791,14664.425928426543,58.143559620192384,1654.06291707241
open_2017_05_08_close_2017_05_08_flight_Fixed Wing_N550ND_before_1_189642.csv,181,4525,4554,0,1793.8757171903292,"E1 FFlow, E1 EGT1, AltMSL",30,30,30,30,30,7,30,7753.034104741191,4465.828096770373,527928.8608772478,6568.711626870791,14664.425928426543,39.64715370352874,1654.4636551324145
open_2017_05_08_close_2017_05_08_flight_Fixed Wing_N550ND_before_1_189642.csv,182,4550,4579,0,1789.3191445666876,"E1 FFlow, E1 EGT1, AltMSL",30,30,30,30,30,9,30,7756.102205825872,4465.828096770373,526514.1782238885,6568.711626870791,14664.425928426543,53.353940506089394,1654.3697288176195
open_2017_05_08_close_2017_05_08_flight_Fixed Wing_N550ND_before_1_189642.csv,183,4575,4604,0,1817.7971848560906,"E1 FFlow, E1 EGT1, AltMSL",30,30,30,30,30,11,30,7756.323544516094,4465.828096770373,534996.3524725392,6568.711626870791,14664.039207051623,62.479348067763276,1653.8408199167534
open_2017_05_08_close_2017_05_08_flight_Fixed Wing_N550ND_before_1_189642.csv,184,4600,4629,0,1814.4097258350353,"E1 FFlow, E1 EGT1, AltMSL",30,30,30,30,30,6,30,7757.728956980076,4465.828096770373,533884.8667856945,6568.711626870791,14663.418499032468,30.884604078882898,1654.3571713817244
open_2017_05_08_close_2017_05_08_flight_Fixed Wing_N550ND_before_1_189642.csv,185,4625,4654,0,1841.2336560750598,"E1 FFlow, E1 EGT1, AltMSL",30,30,30,30,30,8,30,7756.829387278397,4465.828096770373,541622.7887969931,6568.711626870791,14663.418499032468,38.78673346822298,1654.207063305162
open_2017_05_08_close_2017_05_08_flight_Fixed Wing_N550ND_before_1_189642.csv,186,4650,4679,0,1840.7800555833883,"E1 FFlow, E1 EGT1, AltMSL",30,30,30,30,30,10,30,7757.52946380265,4465.828096770373,541948.4729956422,6568.711626870791,14663.418499032468,56.30557531698395,1654.2765153496111
open_2017_05_08_close_2017_05_08_flight_Fixed Wing_N550ND_before_1_189642.csv,187,4675,4704,0,1817.2585817962115,"E1 FFlow, E1 EGT1, AltMSL",30,30,30,30,30,4,30,7757.79371852799,4465.828096770373,534971.4650834082,6568.711626870791,14663.418499032468,23.282258191912664,1654.166375182286
open_2017_05_08_close_2017_05_08_flight_Fixed Wing_N550ND_before_1_189642.csv,188,4700,4729,0,1805.505506544816,"E1 FFlow, E1 EGT1, AltMSL",30,30,30,30,30,8,30,7756.409773534237,4465.828096770373,531432.6857200444,6568.711626870791,14663.418499032468,48.115613941677246,1654.3075429058572
open_2017_05_08_close_2017_05_08_flight_Fixed Wing_N550ND_before_1_189642.csv,189,4725,4754,0,1820.2193170151836,"E1 FFlow, E1 EGT1, AltMSL",30,30,30,30,30,6,30,7757.477149969493,4465.828096770373,535401.6340205014,6568.711626870791,14663.418499032468,40.33140982056795,1654.1660492688356
open_2017_05_08_close_2017_05_08_flight_Fixed Wing_N550ND_before_1_189642.csv,190,4750,4779,0,1828.5468408570748,"E1 FFlow, E1 EGT1, AltMSL",30,30,30,30,30,6,30,7757.52909277723,4465.828096770373,538104.6768053079,6568.711626870791,14662.952731373462,31.583023777700102,1654.0383343697372
open_2017_05_08_close_2017_05_08_flight_Fixed Wing_N550ND_before_1_189642.csv,191,4775,4804,0,1825.441450756642,"E1 FFlow, E1 EGT1, AltMSL",30,30,30,30,30,8,30,7757.9824448060235,4465.828096770373,537319.2822930873,6568.711626870791,14662.411069638403,37.642640025419,1654.2505196324857
open_2017_05_08_close_2017_05_08_flight_Fixed Wing_N550ND_before_1_189642.csv,192,4800,4829,0,1826.2722669389627,"E1 FFlow, E1 EGT1, AltMSL",30,30,30,30,30,5,30,7758.0418647202205,4465.828096770373,537422.9066606148,6568.711626870791,14662.411069638403,29.707833248644683,1654.2517854137861
open_2017_05_08_close_2017_05_08_flight_Fixed Wing_N550ND_before_1_189642.csv,193,4825,4854,0,1825.7945946929465,"E1 FFlow, E1 EGT1, AltMSL",30,30,30,30,30,5,30,7757.149167563176,4465.828096770373,537358.2117142993,6568.711626870791,14662.411069638403,29.18025225195784,1654.3046438956599
open_2017_05_08_close_2017_05_08_flight_Fixed Wing_N550ND_before_1_189642.csv,194,4850,4879,0,1825.6960970936698,"E1 FFlow, E1 EGT1, AltMSL",30,30,30,30,30,4,30,7756.8941630393765,4465.828096770373,537312.7196930462,6568.711626870791,14662.411069638403,24.80589148881,1654.144428597309
open_2017_05_08_close_2017_05_08_flight_Fixed Wing_N550ND_before_1_189642.csv,195,4875,4904,0,1825.9567551096231,"E1 FFlow, E1 EGT1, AltMSL",30,30,30,30,30,7,30,7757.38744337141,4465.828096770373,537366.6239196109,6568.711626870791,14662.411069638403,44.81049103467789,1654.3163741794071
open_2017_05_08_close_2017_05_08_flight_Fixed Wing_N550ND_before_1_189642.csv,196,4900,4929,0,1827.46970627025,"E1 FFlow, E1 EGT1, AltMSL",30,30,30,30,30,6,30,7757.184162324404,4465.828096770373,537838.3666261696,6568.711626870791,14662.298563300172,32.97152502088425,1654.332472376652
open_2017_05_08_close_2017_05_08_flight_Fixed Wing_N550ND_before_1_189642.csv,197,4925,4954,0,1826.971261333006,"E1 FFlow, E1 EGT1, AltMSL",30,30,30,30,30,7,30,7757.41204563274,4465.828096770373,537689.2258173851,6568.711626870791,14661.440800164704,36.48954252538418,1654.3387196611902
open_2017_05_08_close_2017_05_08_flight_Fixed Wing_N550ND_before_1_189642.csv,198,4950,4979,0,1827.8735012873697,"E1 FFlow, E1 EGT1, AltMSL",30,30,30,30,30,7,30,7757.418509831469,4465.828096770373,537937.700350056,6568.711626870791,14661.403640244334,38.091832960289345,1654.1977823479147
open_2017_05_08_close_2017_05_08_flight_Fixed Wing_N550ND_before_1_189642.csv,199,4975,5004,0,1828.4999165448064,"E1 FFlow, E1 EGT1, AltMSL",30,30,30,30,30,5,30,7756.338614558349,4465.828096770373,538101.5125200463,6568.711626870791,14661.403640244334,32.953721560251644,1654.2594706269579
open_2017_05_08_close_2017_05_08_flight_Fixed Wing_N550ND_before_1_189642.csv,200,5000,5029,0,1827.9489573295698,"E1 FFlow, E1 EGT1, AltMSL",30,30,30,30,30,7,30,7756.191339329746,4465.828096770373,537993.5040329606,6568.711626870791,14661.403640244334,35.30778008755385,1654.0680460140554
open_2017_05_08_close_2017_05_08_flight_Fixed Wing_N550ND_before_1_189642.csv,201,5025,5054,0,1828.5511391002617,"E1 FFlow, E1 EGT1, AltMSL",30,30,30,30,30,5,30,7750.544110980809,4465.828096770373,538095.2650062044,6568.711626870791,14661.403640244334,28.398247892383285,1653.9767654328555
open_2017_05_08_close_2017_05_08_flight_Fixed Wing_N550ND_before_1_189642.csv,202,5050,5079,0,1829.0782708311117,"E1 FFlow, E1 EGT1, AltMSL",30,30,30,30,30,5,30,7755.284455022855,4465.828096770373,538290.7919597557,6568.711626870791,14661.403640244334,27.551214721042744,1654.0891591931413
open_2017_05_08_close_2017_05_08_flight_Fixed Wing_N550ND_before_1_189642.csv,203,5075,5104,0,1824.0968255618648,"E1 FFlow, E1 EGT1, AltMSL",30,30,30,30,30,6,30,7751.542118866059,4465.828096770373,536945.805412182,6568.711626870791,14660.745754079133,37.89564383437873,1654.2938648038157
open_2017_05_08_close_2017_05_08_flight_Fixed Wing_N550ND_before_1_189642.csv,204,5100,5129,0,1794.9002687186419,"E1 FFlow, E1 EGT1, AltMSL",30,30,30,30,30,5,30,7753.951896173416,4465.828096770373,528743.2276814255,6568.711626870791,14660.39621085026,29.036584681433098,1654.3097551240512
open_2017_05_08_close_2017_05_08_flight_Fixed Wing_N550ND_before_1_189642.csv,205,5125,5154,0,1771.0663305710896,"E1 FFlow, E1 EGT1, AltMSL",30,30,30,30,30,6,30,7756.745345250239,4465.828096770373,521290.8901501032,6568.711626870791,14660.39621085026,34.090745129621695,1654.124467330421
open_2017_05_08_close_2017_05_08_flight_Fixed Wing_N550ND_before_1_189642.csv,206,5150,5179,0,1760.9233393482957,"E1 FFlow, E1 EGT1, AltMSL",30,30,30,30,30,9,30,7757.0629972586585,4465.828096770373,518320.67237099237,6568.711626870791,14660.39621085026,46.20954564071171,1654.4735600266947
open_2017_05_08_close_2017_05_08_flight_Fixed Wing_N550ND_before_1_189642.csv,207,5175,5204,0,1770.6840399719893,"E1 FFlow, E1 EGT1, AltMSL",30,30,30,30,30,5,30,7757.63531965305,4465.828096770373,520843.46668292454,6568.711626870791,14660.39621085026,30.6961662486958,1654.1998258654507
open_2017_05_08_close_2017_05_08_flight_Fixed Wing_N550ND_before_1_189642.csv,208,5200,5229,0,1797.0761145864194,"E1 FFlow, E1 EGT1, AltMSL",30,30,30,30,30,7,30,7758.6174550773985,4465.828096770373,528564.4880192383,6568.711626870791,14660.39621085026,41.187651489050786,1654.454611399584
open_2017_05_08_close_2017_05_08_flight_Fixed Wing_N550ND_before_1_189642.csv,209,5225,5254,0,1765.1502218721369,"E1 FFlow, E1 EGT1, AltMSL",30,30,30,30,30,8,30,7762.847029061041,4465.828096770373,520171.02801674546,6568.711626870791,14660.39621085026,40.54222784346497,1654.4122022664262
open_2017_05_08_close_2017_05_08_flight_Fixed Wing_N550ND_before_1_189642.csv,210,5250,5279,0,1344.9327922515652,"E1 FFlow, E1 EGT1, AltMSL",30,30,30,30,30,6,30,7763.103192658338,4465.828096770373,391161.8418571714,6568.711626870791,14660.39621085026,39.62238486361161,1654.2213421762774
open_2017_05_08_close_2017_05_08_flight_Fixed Wing_N550ND_before_1_189642.csv,211,5275,5304,0,1005.705681115111,"E1 FFlow, E1 EGT1, AltMSL",30,30,30,30,30,6,30,7764.432250802205,4465.828096770373,282359.237918397,6568.711626870791,14660.39621085026,30.463117022419965,1654.1715162265464
open_2017_05_08_close_2017_05_08_flight_Fixed Wing_N550ND_before_1_189642.csv,212,5300,5329,0,1475.6475851839689,"E1 FFlow, E1 EGT1, AltMSL",30,30,30,30,30,7,30,7744.243312575995,4465.828096770373,432255.339552759,6568.711626870791,14660.39621085026,41.16108835385211,1653.3387456236142
open_2017_05_08_close_2017_05_08_flight_Fixed Wing_N550ND_before_1_189642.csv,213,5325,5354,0,1589.1989026562842,"E1 FFlow, E1 EGT1, AltMSL",30,30,30,30,30,10,30,7756.712941528725,4465.828096770373,465550.69841230055,6568.711626870791,14660.39621085026,52.845478251863995,1653.9036640831823
open_2017_05_08_close_2017_05_08_flight_Fixed Wing_N550ND_before_1_189642.csv,214,5350,5379,0,1462.0512063763774,"E1 FFlow, E1 EGT1, AltMSL",30,30,30,30,30,6,30,7757.068736642192,4465.828096770373,429208.6689929016,6568.711626870791,14660.39621085026,47.18195831005244,1654.0641480134886
open_2017_05_08_close_2017_05_08_flight_Fixed Wing_N550ND_before_1_189642.csv,215,5375,5404,0,800.4527789938685,"E1 FFlow, E1 EGT1, AltMSL",30,30,30,30,30,0,30,7758.191272137791,4465.828096770373,236733.04989903982,6568.711626870791,14660.39621085026,3.6822820558520353,1654.100349207414
open_2017_05_08_close_2017_05_08_flight_Fixed Wing_N550ND_before_1_189642.csv,216,5400,5429,0,1030.7904651661725,"E1 FFlow, E1 EGT1, AltMSL",30,30,30,30,30,20,30,7757.973348466303,4465.828096770373,288090.17529929604,6568.711626870791,14660.39621085026,306.9516717538062,1654.1604004827363
open_2017_05_08_close_2017_05_08_flight_Fixed Wing_N550ND_before_1_189642.csv,217,5425,5454,0,1071.4342595275011,"E1 FFlow, E1 EGT1, AltMSL",30,30,30,30,30,18,30,7757.6221852123435,4465.828096770373,310594.31165248645,6568.711626870791,14660.39621085026,650.145369736347,1654.226282925115
open_2017_05_08_close_2017_05_08_flight_Fixed Wing_N550ND_before_1_189642.csv,218,5450,5479,0,1012.1735963999872,"E1 FFlow, E1 EGT1, AltMSL",30,30,30,30,30,19,30,7757.735560314248,4465.828096770373,280727.99182633474,6568.711626870791,14660.39621085026,161.24290638689118,1654.2534947759252
open_2017_05_08_close_2017_05_08_flight_Fixed Wing_N550ND_before_1_189642.csv,219,5475,5504,0,1185.6028880139493,"E1 FFlow, E1 EGT1, AltMSL",30,30,30,30,30,30,30,7757.806469955089,4465.828096770373,348292.5118672932,6568.711626870791,14660.39621085026,178.69926263533526,1654.6825049906051
open_2017_05_08_close_2017_05_08_flight_Fixed Wing_N550ND_before_1_189642.csv,220,5500,5529,0,733.861514004256,"E1 FFlow, E1 EGT1, AltMSL",30,30,30,30,30,17,30,7757.650284547762,4465.828096770373,216870.24161099782,6568.711626870791,14660.39621085026,522.2063105523762,1654.5765288291611
open_2017_05_08_close_2017_05_08_flight_Fixed Wing_N550ND_before_1_189642.csv,221,5525,5554,0,1020.0043302815967,"E1 FFlow, E1 EGT1, AltMSL",30,30,30,30,30,23,30,7757.4589099078885,4465.828096770373,283213.07685113896,6568.711626870791,14660.39621085026,169.69495024478735,1654.4657322964151
open_2017_05_08_close_2017_05_08_flight_Fixed Wing_N550ND_before_1_189642.csv,222,5550,5579,0,838.2251470023854,"E1 FFlow, E1 EGT1, AltMSL",30,30,30,30,30,10,30,7757.715090081851,4465.828096770373,247224.5370629122,6568.711626870791,14660.39621085026,153.89069469960398,1654.4204947123103
open_2017_05_08_close_2017_05_08_flight_Fixed Wing_N550ND_before_1_189642.csv,223,5575,5604,0,899.68146927144,"E1 FFlow, E1 EGT1, AltMSL",30,30,30,30,30,19,30,7758.06948255326,4465.828096770373,253818.24220297506,6568.711626870791,14660.39621085026,256.7604805285,1654.2729092645336
open_2017_05_08_close_2017_05_08_flight_Fixed Wing_N550ND_before_1_189642.csv,224,5600,5629,0,837.7525315125365,"E1 FFlow, E1 EGT1, AltMSL",30,30,30,30,30,16,30,7758.125366870575,4465.828096770373,248294.0648801054,6568.711626870791,14660.39621085026,283.2128140429216,1654.3169507338432
open_2017_05_08_close_2017_05_08_flight_Fixed Wing_N550ND_before_1_189642.csv,225,5625,5654,0,743.6814909046448,"E1 FFlow, E1 EGT1, AltMSL",30,30,30,30,30,18,30,7758.176082164282,4465.828096770373,218482.15680372037,6568.711626870791,14660.39621085026,234.1359689613075,1654.2171546725447
open_2017_05_08_close_2017_05_08_flight_Fixed Wing_N550ND_before_2_189656.csv,0,0,29,0,1357.0087811262085,"E1 FFlow, E1 EGT1, AltMSL",30,30,30,30,30,30,30,7758.410990554296,4343.666173463332,398799.5574051702,6381.915173953486,14660.39621085026,692.8349792678566,1654.3030109871963
open_2017_05_08_close_2017_05_08_flight_Fixed Wing_N550ND_before_2_189656.csv,1,25,54,0,1392.2922059804837,"E1 FFlow, E1 EGT1, AltMSL",30,30,30,30,30,30,30,7758.421572579665,4343.666173463332,406107.1284401566,6381.915173953486,14660.39621085026,529.4223274524606,1654.2620224084933
open_2017_05_08_close_2017_05_08_flight_Fixed Wing_N550ND_before_2_189656.csv,2,50,79,0,1446.7629802728238,"E1 FFlow, E1 EGT1, AltMSL",30,30,30,30,30,30,30,7758.438741779308,4343.666173463332,425665.2916228428,6381.915173953486,14660.39621085026,459.1223957211626,1654.1883581837285
open_2017_05_08_close_2017_05_08_flight_Fixed Wing_N550ND_before_2_189656.csv,3,75,104,0,1352.6301959832647,"E1 FFlow, E1 EGT1, AltMSL",30,30,30,30,30,30,30,7758.477676948166,4343.666173463332,398453.1261840834,6381.915173953486,14660.39621085026,354.07863763866965,1654.1947203697791
open_2017_05_08_close_2017_05_08_flight_Fixed Wing_N550ND_before_2_189656.csv,4,100,129,0,1350.9250286172744,"E1 FFlow, E1 EGT1, AltMSL",30,30,30,30,30,30,30,7758.457948529135,4343.666173463332,396694.37224963686,6381.915173953486,14660.39621085026,315.0987336606304,1654.1954458271646
open_2017_05_08_close_2017_05_08_flight_Fixed Wing_N550ND_before_2_189656.csv,5,125,154,0,1383.662629260817,"E1 FFlow, E1 EGT1, AltMSL",30,30,30,30,30,30,30,7758.462556404022,4343.666173463332,406502.57830459217,6381.915173953486,14660.39621085026,309.8157147927059,1654.259928950764
open_2017_05_08_close_2017_05_08_flight_Fixed Wing_N550ND_before_2_189656.csv,6,150,179,0,1390.6747504675968,"E1 FFlow, E1 EGT1, AltMSL",30,30,30,30,30,30,30,7758.49234753616,4343.666173463332,409430.5977739316,6381.915173953486,14660.39621085026,300.1490481260392,1654.2116177201976
open_2017_05_08_close_2017_05_08_flight_Fixed Wing_N550ND_before_2_189656.csv,7,175,204,0,1382.660059194093,"E1 FFlow, E1 EGT1, AltMSL",30,30,30,30,30,30,30,7758.445266533029,4343.666173463332,406585.29144694965,6381.915173953486,14660.39621085026,252.19436152252342,1654.2920674493078
open_2017_05_08_close_2017_05_08_flight_Fixed Wing_N550ND_before_2_189656.csv,8,200,229,0,1405.8259448389529,"E1 FFlow, E1 EGT1, AltMSL",30,30,30,30,30,30,30,7758.417966284658,4343.666173463332,412615.3423190933,6381.915173953486,14660.39621085026,193.72163549638393,1654.3007424004309
open_2017_05_08_close_2017_05_08_flight_Fixed Wing_N550ND_before_2_189656.csv,9,225,254,0,1422.5683540649416,"E1 FFlow, E1 EGT1, AltMSL",30,30,30,30,30,30,30,7758.375551613764,4343.666173463332,418344.26884424954,6381.915173953486,14660.39621085026,155.68144765735252,1654.2637642641962
open_2017_05_08_close_2017_05_08_flight_Fixed Wing_N550ND_before_2_189656.csv,10,250,279,0,1420.7814068841467,"E1 FFlow, E1 EGT1, AltMSL",30,30,30,30,30,30,30,7758.381091392025,4343.666173463332,418016.04204288387,6381.915173953486,14660.39621085026,155.68144765735252,1654.267396514326
open_2017_05_08_close_2017_05_08_flight_Fixed Wing_N550ND_before_2_189656.csv,11,275,304,0,1413.2530499588995,"E1 FFlow, E1 EGT1, AltMSL",30,30,30,30,30,30,30,7758.373921892146,4343.666173463332,416258.93210387614,6381.915173953486,14660.39621085026,155.68144765735252,1654.231235216143
open_2017_05_08_close_2017_05_08_flight_Fixed Wing_N550ND_before_2_189656.csv,12,300,329,0,1409.8693522023661,"E1 FFlow, E1 EGT1, AltMSL",30,30,30,30,30,30,30,7758.444343689166,4343.666173463332,414741.9641826569,6381.915173953486,14660.39621085026,155.68144765735252,1654.2306832233664
open_2017_05_08_close_2017_05_08_flight_Fixed Wing_N550ND_before_2_189656.csv,13,325,354,0,1442.3907221774116,"E1 FFlow, E1 EGT1, AltMSL",30,30,30,30,30,30,30,7758.39688024379,4343.666173463332,423128.6807165821,6381.915173953486,14660.39621085026,155.68144765735252,1654.3964360476368
open_2017_05_08_close_2017_05_08_flight_Fixed Wing_N550ND_before_2_189656.csv,14,350,379,0,1413.8145520149833,"E1 FFlow, E1 EGT1, AltMSL",30,30,30,30,30,30,30,7758.250102604355,4343.666173463332,416723.8415579012,6381.915173953486,14660.39621085026,155.68144765735252,1654.2715672616398
open_2017_05_08_close_2017_05_08_flight_Fixed Wing_N550ND_before_2_189656.csv,15,375,404,0,1017.8524619743571,"E1 FFlow, E1 EGT1, AltMSL",30,30,30,30,30,30,30,7758.167503590276,4343.666173463332,301562.1387733474,6381.915173953486,14660.39621085026,644.7268921532401,1654.2141959585776
open_2017_05_08_close_2017_05_08_flight_Fixed Wing_N550ND_before_2_189656.csv,16,400,429,0,1136.721784556289,"E1 FFlow, E1 EGT1, AltMSL",30,30,30,30,30,28,30,7758.241388073835,4343.666173463332,323009.0818449404,6381.915173953486,14660.39621085026,302.91269316762117,1654.1907491169554
open_2017_05_08_close_2017_05_08_flight_Fixed Wing_N550ND_before_2_189656.csv,17,425,454,0,1158.021259097773,"E1 FFlow, E1 EGT1, AltMSL",30,30,30,30,30,29,30,7758.582049869312,4343.666173463332,343598.3910079151,6381.915173953486,14660.39621085026,185.37327565339936,1654.278255530815
open_2017_05_08_close_2017_05_08_flight_Fixed Wing_N550ND_before_2_189656.csv,18,450,479,0,959.1108774600397,"E1 FFlow, E1 EGT1, AltMSL",30,30,30,30,30,28,30,7758.2334636104,4343.666173463332,282336.20806626085,6381.915173953486,14660.39621085026,150.34309136288184,1654.085151624871
open_2017_05_08_close_2017_05_08_flight_Fixed Wing_N550ND_before_2_189656.csv,19,475,504,0,966.3018953224798,"E1 FFlow, E1 EGT1, AltMSL",30,30,30,30,30,29,30,7758.255044127232,4343.666173463332,282909.51048212836,6381.915173953486,14660.39621085026,151.07178222984322,1654.1952393935098
open_2017_05_08_close_2017_05_08_flight_Fixed Wing_N550ND_before_2_189656.csv,20,500,529,0,1124.778510657872,"E1 FFlow, E1 EGT1, AltMSL",30,30,30,30,30,28,30,7758.256625014394,4343.666173463332,328563.9337307552,6381.915173953486,14660.39621085026,145.11540992150344,1654.2045674461983
open_2017_05_08_close_2017_05_08_flight_Fixed Wing_N550ND_before_2_189656.csv,21,525,554,0,1117.6367118494666,"E1 FFlow, E1 EGT1, AltMSL",30,30,30,30,30,27,30,7757.998645697965,4343.666173463332,330551.9554584401,6381.915173953486,14660.39621085026,267.059659348448,1654.247879522391
open_2017_05_08_close_2017_05_08_flight_Fixed Wing_N550ND_before_2_189656.csv,22,550,579,0,887.7532288791195,"E1 FFlow, E1 EGT1, AltMSL",30,30,30,30,30,30,30,7757.965025588108,4343.666173463332,261493.0374880091,6381.915173953486,14660.39621085026,605.7744975450727,1654.2125650891842
open_2017_05_08_close_2017_05_08_flight_Fixed Wing_N550ND_before_2_189656.csv,23,575,604,0,1297.6042304251678,"E1 FFlow, E1 EGT1, AltMSL",30,30,30,30,30,30,30,7757.94288744295,4343.666173463332,370074.65053929435,6381.915173953486,14660.39621085026,232.6540426707015,1654.3269611272456
open_2017_05_08_close_2017_05_08_flight_Fixed Wing_N550ND_before_2_189656.csv,24,600,629,0,1294.6501009156536,"E1 FFlow, E1 EGT1, AltMSL",30,30,30,30,30,25,30,7758.105259771556,4343.666173463332,381590.7297867885,6381.915173953486,14660.39621085026,126.72088909013048,1654.3794707140726
open_2017_05_08_close_2017_05_08_flight_Fixed Wing_N550ND_before_2_189656.csv,25,625,654,0,986.6112535113507,"E1 FFlow, E1 EGT1, AltMSL",30,30,30,30,30,23,30,7757.85143173368,4343.666173463332,291201.78884669323,6381.915173953486,14660.39621085026,141.09427188366652,1654.0681975582254
open_2017_05_08_close_2017_05_08_flight_Fixed Wing_N550ND_before_2_189656.csv,26,650,679,0,1139.395851762054,"E1 FFlow, E1 EGT1, AltMSL",30,30,30,30,30,28,30,7757.190954245593,4343.666173463332,326412.4923241466,6381.915173953486,14660.39621085026,151.81478429867175,1654.2530694973866
open_2017_05_08_close_2017_05_08_flight_Fixed Wing_N550ND_before_2_189656.csv,27,675,704,0,1313.6657890820902,"E1 FFlow, E1 EGT1, AltMSL",30,30,30,30,30,25,30,7757.664054739953,4343.666173463332,385512.44440011156,6381.915173953486,14660.39621085026,123.75617289717206,1654.2965647137307
open_2017_05_08_close_2017_05_08_flight_Fixed Wing_N550ND_before_2_189656.csv,28,700,729,0,1501.6063226523752,"E1 FFlow, E1 EGT1, AltMSL",30,30,30,30,30,30,30,7757.590792192567,4343.666173463332,427237.6533849082,6381.915173953486,14660.39621085026,155.68144765735252,1654.2352051494236
open_2017_05_08_close_2017_05_08_flight_Fixed Wing_N550ND_before_2_189656.csv,29,725,754,0,1630.7663189391892,"E1 FFlow, E1 EGT1, AltMSL",30,30,30,30,30,23,30,7757.616844419994,4343.666173463332,479266.5606256183,6381.915173953486,14660.39621085026,229.84932768568848,1654.2228646521705
open_2017_05_08_close_2017_05_08_flight_Fixed Wing_N550ND_before_2_189656.csv,30,750,779,0,1421.1183980200467,"E1 FFlow, E1 EGT1, AltMSL",30,30,30,30,30,27,30,7757.8073319203295,4343.666173463332,413413.2853380871,6381.915173953486,14660.39621085026,256.2649101691309,1654.1977585214697
open_2017_05_08_close_2017_05_08_flight_Fixed Wing_N550ND_before_2_189656.csv,31,775,804,0,1367.639067725851,"E1 FFlow, E1 EGT1, AltMSL",30,30,30,30,30,27,30,7758.026982516626,4343.666173463332,404939.8821030548,6381.915173953486,14660.39621085026,136.3546451495155,1654.2229018563498
open_2017_05_08_close_2017_05_08_flight_Fixed Wing_N550ND_before_2_189656.csv,32,800,829,0,1270.2184324856623,"E1 FFlow, E1 EGT1, AltMSL",30,30,30,30,30,26,30,7757.800131062639,4343.666173463332,373826.1036980481,6381.915173953486,14660.39621085026,137.74309127350742,1654.2303462522514
open_2017_05_08_close_2017_05_08_flight_Fixed Wing_N550ND_before_2_189656.csv,33,825,854,0,1241.6806621672135,"E1 FFlow, E1 EGT1, AltMSL",30,30,30,30,30,17,30,7757.79463929717,4343.666173463332,365559.1350484288,6381.915173953486,14660.39621085026,86.334020920344,1654.2384807326293
open_2017_05_08_close_2017_05_08_flight_Fixed Wing_N550ND_before_2_189656.csv,34,850,879,0,1271.884953674117,"E1 FFlow, E1 EGT1, AltMSL",30,30,30,30,30,17,30,7757.918387008889,4343.666173463332,373940.39348004165,6381.915173953486,14660.39621085026,88.94246526731946,1654.2569649094708
open_2017_05_08_close_2017_05_08_flight_Fixed Wing_N550ND_before_2_189656.csv,35,875,904,0,1261.2058532290034,"E1 FFlow, E1 EGT1, AltMSL",30,30,30,30,30,15,30,7758.058721712481,4343.666173463332,370298.6246937834,6381.915173953486,14660.39621085026,79.73738995754607,1654.2497389847595
open_2017_05_08_close_2017_05_08_flight_Fixed Wing_N550ND_before_2_189656.csv,36,900,929,0,1273.9277063655309,"E1 FFlow, E1 EGT1, AltMSL",30,30,30,30,30,12,30,7758.0351535372165,4343.666173463332,374460.9487446177,6381.915173953486,14660.39621085026,66.42789491904706,1654.206096587323
open_2017_05_08_close_2017_05_08_flight_Fixed Wing_N550ND_before_2_189656.csv,37,925,954,0,1282.3206300137076,"E1 FFlow, E1 EGT1, AltMSL",30,30,30,30,30,10,30,7758.018268993147,4343.666173463332,376591.9394424292,6381.915173953486,14660.39621085026,52.280408134014124,1654.2727407023153
open_2017_05_08_close_2017_05_08_flight_Fixed Wing_N550ND_before_2_189656.csv,38,950,979,0,1299.3506041693036,"E1 FFlow, E1 EGT1, AltMSL",30,30,30,30,30,4,30,7758.037958585111,4343.666173463332,381583.5211375237,6381.915173953486,14660.39621085026,26.64353645403547,1654.2623041919512
open_2017_05_08_close_2017_05_08_flight_Fixed Wing_N550ND_before_2_189656.csv,39,975,1004,0,1307.292789944065,"E1 FFlow, E1 EGT1, AltMSL",30,30,30,30,30,5,30,7758.0926357005155,4343.666173463332,384562.1033996077,6381.915173953486,14660.39621085026,30.062905500431505,1654.2867334759935
open_2017_05_08_close_2017_05_08_flight_Fixed Wing_N550ND_before_2_189656.csv,40,1000,1029,0,1299.352114075168,"E1 FFlow, E1 EGT1, AltMSL",30,30,30,30,30,6,30,7758.114086331261,4343.666173463332,382242.6080463573,6381.915173953486,14660.39621085026,37.06958673094453,1654.2614607581227
open_2017_05_08_close_2017_05_08_flight_Fixed Wing_N550ND_before_2_189656.csv,41,1025,1054,0,1366.5210895904077,"E1 FFlow, E1 EGT1, AltMSL",30,30,30,30,30,7,30,7757.983229069944,4343.666173463332,400977.08717248007,6381.915173953486,14660.39621085026,39.36967639416485,1654.2826403569525
open_2017_05_08_close_2017_05_08_flight_Fixed Wing_N550ND_before_2_189656.csv,42,1050,1079,0,1089.2916732015951,"E1 FFlow, E1 EGT1, AltMSL",30,30,30,30,30,9,30,7757.577924706444,4343.666173463332,323029.69926489476,6381.915173953486,14660.39621085026,48.31832818815534,1654.258094581255
open_2017_05_08_close_2017_05_08_flight_Fixed Wing_N550ND_before_2_189656.csv,43,1075,1104,0,966.2540784342042,"E1 FFlow, E1 EGT1, AltMSL",30,30,30,30,30,12,30,7757.58003716629,4343.666173463332,284419.8761779134,6381.915173953486,14660.39621085026,95.58734367504631,1654.2256848774523
open_2017_05_08_close_2017_05_08_flight_Fixed Wing_N550ND_before_2_189656.csv,44,1100,1129,0,954.4119387961468,"E1 FFlow, E1 EGT1, AltMSL",30,30,30,30,30,21,30,7757.584450298339,4343.666173463332,280019.34979712544,6381.915173953486,14660.39621085026,155.4519025639101,1654.274720463357
open_2017_05_08_close_2017_05_08_flight_Fixed Wing_N550ND_before_2_189656.csv,45,1125,1154,0,1065.0375363047435,"E1 FFlow, E1 EGT1, AltMSL",30,30,30,30,30,14,30,7757.606522275479,4343.666173463332,305650.8790335239,6381.915173953486,14660.39621085026,124.39422847676556,1654.2910200264964
open_2017_05_08_close_2017_05_08_flight_Fixed Wing_N550ND_before_2_189656.csv,46,1150,1179,0,1484.0383057110414,"E1 FFlow, E1 EGT1, AltMSL",30,30,30,30,30,1,30,7757.984029058444,4343.666173463332,432133.3816584851,6381.915173953486,14660.39621085026,12.432282055852038,1654.3415829889964
open_2017_05_08_close_2017_05_08_flight_Fixed Wing_N550ND_before_2_189656.csv,47,1175,1204,0,1713.457668707365,"E1 FFlow, E1 EGT1, AltMSL",30,30,30,30,30,1,30,7758.047099958531,4343.666173463332,502663.19026259345,6381.915173953486,14660.39621085026,7.846319910741625,1654.4387106864135
open_2017_05_08_close_2017_05_08_flight_Fixed Wing_N550ND_before_2_189656.csv,48,1200,1229,0,1776.3330030923755,"E1 FFlow, E1 EGT1, AltMSL",30,30,30,30,30,0,30,7756.736844230624,4343.666173463332,522392.71663708054,6381.915173953486,14660.39621085026,3.6822820558520353,1654.4396965293638
open_2017_05_08_close_2017_05_08_flight_Fixed Wing_N550ND_before_2_189656.csv,49,1225,1254,0,1785.1457665763762,"E1 FFlow, E1 EGT1, AltMSL",30,30,30,30,30,0,30,7757.330484704716,4343.666173463332,525370.2660958897,6381.915173953486,14660.39621085026,3.6822820558520353,1655.1084147347078
open_2017_05_08_close_2017_05_08_flight_Fixed Wing_N550ND_before_2_189656.csv,50,1250,1279,0,1783.186820822449,"E1 FFlow, E1 EGT1, AltMSL",30,30,30,30,30,1,30,7756.089931077645,4343.666173463332,524784.0930636118,6381.915173953486,14660.39621085026,8.793393166963149,1654.6863438951013
open_2017_05_08_close_2017_05_08_flight_Fixed Wing_N550ND_before_2_189656.csv,51,1275,1304,0,1792.8142524069322,"E1 FFlow, E1 EGT1, AltMSL",30,30,30,30,30,1,30,7755.987291931619,4343.666173463332,527444.8294118643,6381.915173953486,14660.39621085026,7.915410890207863,1654.1319694745932
open_2017_05_08_close_2017_05_08_flight_Fixed Wing_N550ND_before_2_189656.csv,52,1300,1329,0,1791.7422665791782,"E1 FFlow, E1 EGT1, AltMSL",30,30,30,30,30,10,30,7756.429028142897,4343.666173463332,527402.5047206085,6381.915173953486,14660.39621085026,50.26396455616202,1654.6752704594433
open_2017_05_08_close_2017_05_08_flight_Fixed Wing_N550ND_before_2_189656.csv,53,1325,1354,0,1784.2651023572892,"E1 FFlow, E1 EGT1, AltMSL",30,30,30,30,30,9,30,7754.621205222407,4343.666173463332,525171.418268737,6381.915173953486,14660.39621085026,47.73436001093722,1654.7351894308472
open_2017_05_08_close_2017_05_08_flight_Fixed Wing_N550ND_before_2_189656.csv,54,1350,1379,0,1777.405768526767,"E1 FFlow, E1 EGT1, AltMSL",30,30,30,30,30,8,30,7752.1704078122975,4343.666173463332,523093.9106141759,6381.915173953486,14660.39621085026,42.328311522267,1654.0818206503275
open_2017_05_08_close_2017_05_08_flight_Fixed Wing_N550ND_before_2_189656.csv,55,1375,1404,0,1785.203052116404,"E1 FFlow, E1 EGT1, AltMSL",30,30,30,30,30,10,30,7756.364692534539,4343.666173463332,525372.5319975931,6381.915173953486,14660.39621085026,55.614009648520835,1654.3689434718085
open_2017_05_08_close_2017_05_08_flight_Fixed Wing_N550ND_before_2_189656.csv,56,1400,1429,0,1775.084724797856,"E1 FFlow, E1 EGT1, AltMSL",30,30,30,30,30,4,30,7756.577052344376,4343.666173463332,522543.6445175127,6381.915173953486,14660.39621085026,26.271251285856472,1654.5830365555541
open_2017_05_08_close_2017_05_08_flight_Fixed Wing_N550ND_before_2_189656.csv,57,1425,1454,0,1756.5118355114305,"E1 FFlow, E1 EGT1, AltMSL",30,30,30,30,30,6,30,7756.495856361444,4343.666173463332,517037.6451549088,6381.915173953486,14660.39621085026,33.45127030390198,1654.5682392271965
open_2017_05_08_close_2017_05_08_flight_Fixed Wing_N550ND_before_2_189656.csv,58,1450,1479,0,1772.8961152857867,"E1 FFlow, E1 EGT1, AltMSL",30,30,30,30,30,8,30,7747.23515130871,4343.666173463332,521095.7237406632,6381.915173953486,14660.39621085026,45.4979479650611,1654.336459604737
open_2017_05_08_close_2017_05_08_flight_Fixed Wing_N550ND_before_2_189656.csv,59,1475,1504,0,1830.1300245594132,"E1 FFlow, E1 EGT1, AltMSL",30,30,30,30,30,8,30,7756.147964842838,4343.666173463332,538444.6549785174,6381.915173953486,14660.39621085026,38.41142142511522,1654.511719330297
open_2017_05_08_close_2017_05_08_flight_Fixed Wing_N550ND_before_2_189656.csv,60,1500,1529,0,1850.3947085388659,"E1 FFlow, E1 EGT1, AltMSL",30,30,30,30,30,8,30,7757.284678036636,4343.666173463332,543944.9149452266,6381.915173953486,14661.023262048611,41.284917869248574,1654.1000686745235
open_2017_05_08_close_2017_05_08_flight_Fixed Wing_N550ND_before_2_189656.csv,61,1525,1554,0,1960.9406773404687,"E1 FFlow, E1 EGT1, AltMSL",30,30,30,30,30,8,30,7758.214844331372,4343.666173463332,576074.1319253762,6381.915173953486,14661.403640244334,46.27219795731155,1653.7736713699883
open_2017_05_08_close_2017_05_08_flight_Fixed Wing_N550ND_before_2_189656.csv,62,1550,1579,0,1972.6468332099296,"E1 FFlow, E1 EGT1, AltMSL",30,30,30,30,30,2,30,7758.148055210339,4343.666173463332,580847.218862046,6381.915173953486,14661.403640244334,13.75435482735418,1654.3235784992762
open_2017_05_08_close_2017_05_08_flight_Fixed Wing_N550ND_before_2_189656.csv,63,1575,1604,0,1966.7936108266363,"E1 FFlow, E1 EGT1, AltMSL",30,30,30,30,30,0,30,7757.2731905276505,4343.666173463332,578868.4201013419,6381.915173953486,14661.403640244334,3.6822820558520353,1654.4023186400768
open_2017_05_08_close_2017_05_08_flight_Fixed Wing_N550ND_before_2_189656.csv,64,1600,1629,0,1973.0303311371224,"E1 FFlow, E1 EGT1, AltMSL",30,30,30,30,30,0,30,7757.200435526291,4343.666173463332,580840.460948455,6381.915173953486,14661.403640244334,3.6822820558520353,1654.9484307159846
open_2017_05_08_close_2017_05_08_flight_Fixed Wing_N550ND_before_2_189656.csv,65,1625,1654,0,1972.7895166173046,"E1 FFlow, E1 EGT1, AltMSL",30,30,30,30,30,0,30,7757.901630502651,4343.666173463332,580649.6869248573,6381.915173953486,14661.403640244334,3.6822820558520353,1654.4668658915073
open_2017_05_08_close_2017_05_08_flight_Fixed Wing_N550ND_before_2_189656.csv,66,1650,1679,0,1974.9149830116237,"E1 FFlow, E1 EGT1, AltMSL",30,30,30,30,30,0,30,7756.892157384064,4343.666173463332,581408.4017114154,6381.915173953486,14661.971644163148,3.6822820558520353,1654.5576004531406
open_2017_05_08_close_2017_05_08_flight_Fixed Wing_N550ND_before_2_189656.csv,67,1675,1704,0,1966.2799912764488,"E1 FFlow, E1 EGT1, AltMSL",30,30,30,30,30,0,30,7756.278076347526,4343.666173463332,578773.2729243378,6381.915173953486,14662.411069638403,3.6822820558520353,1654.4203614112457
open_2017_05_08_close_2017_05_08_flight_Fixed Wing_N550ND_before_2_189656.csv,68,1700,1729,0,1951.5522455825017,"E1 FFlow, E1 EGT1, AltMSL",30,30,30,30,30,0,30,7756.968971169946,4343.666173463332,574660.0070052795,6381.915173953486,14662.411069638403,3.6822820558520353,1654.434162628436
open_2017_05_08_close_2017_05_08_flight_Fixed Wing_N550ND_before_2_189656.csv,69,1725,1754,0,1918.7769965989676,"E1 FFlow, E1 EGT1, AltMSL",30,30,30,30,30,0,30,7755.440086621615,4343.666173463332,565142.9542035537,6381.915173953486,14662.411069638403,3.6822820558520353,1654.2964931157862
open_2017_05_08_close_2017_05_08_flight_Fixed Wing_N550ND_before_2_189656.csv,70,1750,1779,0,1901.8990573334095,"E1 FFlow, E1 EGT1, AltMSL",30,30,30,30,30,0,30,7756.018780216657,4343.666173463332,559948.1259475861,6381.915173953486,14662.411069638403,3.6822820558520353,1654.3631228011545
open_2017_05_08_close_2017_05_08_flight_Fixed Wing_N550ND_before_2_189656.csv,71,1775,1804,0,1897.1556581098048,"E1 FFlow, E1 EGT1, AltMSL",30,30,30,30,30,1,30,7756.289615235508,4343.666173463332,558472.9242386505,6381.915173953486,14662.411069638403,8.906162652866964,1654.7699826709327
open_2017_05_08_close_2017_05_08_flight_Fixed Wing_N550ND_before_2_189656.csv,72,1800,1829,0,1926.8909458404412,"E1 FFlow, E1 EGT1, AltMSL",30,30,30,30,30,0,30,7755.987940911035,4343.666173463332,566557.9114734812,6381.915173953486,14662.411069638403,3.6822820558520353,1654.345913982133
open_2017_05_08_close_2017_05_08_flight_Fixed Wing_N550ND_before_2_189656.csv,73,1825,1854,0,1924.552059342724,"E1 FFlow, E1 EGT1, AltMSL",30,30,30,30,30,0,30,7755.713145930301,4343.666173463332,566764.7232791289,6381.915173953486,14662.753672902836,3.6822820558520353,1654.4785793549513
open_2017_05_08_close_2017_05_08_flight_Fixed Wing_N550ND_before_2_189656.csv,74,1850,1879,0,1921.0150472578891,"E1 FFlow, E1 EGT1, AltMSL",30,30,30,30,30,0,30,7756.696616466153,4343.666173463332,565288.3520389593,6381.915173953486,14663.418499032468,3.6822820558520353,1654.3227904621276
open_2017_05_08_close_2017_05_08_flight_Fixed Wing_N550ND_before_2_189656.csv,75,1875,1904,0,1885.8014580388638,"E1 FFlow, E1 EGT1, AltMSL",30,30,30,30,30,0,30,7756.637549545479,4343.666173463332,555896.0987160055,6381.915173953486,14663.418499032468,3.6822820558520353,1654.1391397908105
open_2017_05_08_close_2017_05_08_flight_Fixed Wing_N550ND_before_2_189656.csv,76,1900,1929,0,1873.8637729877878,"E1 FFlow, E1 EGT1, AltMSL",30,30,30,30,30,0,30,7756.716421909625,4343.666173463332,551097.0327071577,6381.915173953486,14663.418499032468,3.6822820558520353,1654.1534301637937
open_2017_05_08_close_2017_05_08_flight_Fixed Wing_N550ND_before_2_189656.csv,77,1925,1954,0,1912.5656658718462,"E1 FFlow, E1 EGT1, AltMSL",30,30,30,30,30,0,30,7756.05259575429,4343.666173463332,562623.675110981,6381.915173953486,14663.418499032468,3.6822820558520353,1654.5917920675847
open_2017_05_08_close_2017_05_08_flight_Fixed Wing_N550ND_before_2_189656.csv,78,1950,1979,0,1920.370234000425,"E1 FFlow, E1 EGT1, AltMSL",30,30,30,30,30,0,30,7756.554144103741,4343.666173463332,564856.7088850443,6381.915173953486,14663.418499032468,3.6822820558520353,1654.2884894032145
open_2017_05_08_close_2017_05_08_flight_Fixed Wing_N550ND_before_2_189656.csv,79,1975,2004,0,1938.792758932711,"E1 FFlow, E1 EGT1, AltMSL",30,30,30,30,30,0,30,7757.016806447414,4343.666173463332,570807.7273147278,6381.915173953486,14663.418499032468,3.6822820558520353,1653.9600530622092
open_2017_05_08_close_2017_05_08_flight_Fixed Wing_N550ND_before_2_189656.csv,80,2000,2029,0,1922.0950767342147,"E1 FFlow, E1 EGT1, AltMSL",30,30,30,30,30,0,30,7757.109645068713,4343.666173463332,565889.7339326068,6381.915173953486,14663.949602582285,3.6822820558520353,1654.475290999489
open_2017_05_08_close_2017_05_08_flight_Fixed Wing_N550ND_before_2_189656.csv,81,2025,2054,0,1862.1422014651105,"E1 FFlow, E1 EGT1, AltMSL",30,30,30,30,30,0,30,7757.284194847149,4343.666173463332,548673.1128069808,6381.915173953486,14664.425928426543,3.6822820558520353,1654.0637810060973
open_2017_05_08_close_2017_05_08_flight_Fixed Wing_N550ND_before_2_189656.csv,82,2050,2079,0,1837.1693121693615,"E1 FFlow, E1 EGT1, AltMSL",30,30,30,30,30,0,30,7757.3408788333145,4343.666173463332,540766.8691167907,6381.915173953486,14664.425928426543,3.6822820558520353,1653.9583890723136
open_2017_05_08_close_2017_05_08_flight_Fixed Wing_N550ND_before_2_189656.csv,83,2075,2104,0,1862.788279080366,"E1 FFlow, E1 EGT1, AltMSL",30,30,30,30,30,0,30,7756.519731457139,4343.666173463332,547988.8781220601,6381.915173953486,14664.425928426543,3.6822820558520353,1654.221625048889
open_2017_05_08_close_2017_05_08_flight_Fixed Wing_N550ND_before_2_189656.csv,84,2100,2129,0,1870.164743197549,"E1 FFlow, E1 EGT1, AltMSL",30,30,30,30,30,0,30,7758.026406685466,4343.666173463332,550399.3955580854,6381.915173953486,14664.425928426543,3.6822820558520353,1654.5432934646142
open_2017_05_08_close_2017_05_08_flight_Fixed Wing_N550ND_before_2_189656.csv,85,2125,2154,0,1873.460101876224,"E1 FFlow, E1 EGT1, AltMSL",30,30,30,30,30,0,30,7757.600554474322,4343.666173463332,551353.3010663104,6381.915173953486,14664.425928426543,3.6822820558520353,1654.2547215547083
open_2017_05_08_close_2017_05_08_flight_Fixed Wing_N550ND_before_2_189656.csv,86,2150,2179,0,1868.8835840051029,"E1 FFlow, E1 EGT1, AltMSL",30,30,30,30,30,0,30,7757.399714723821,4343.666173463332,550152.8363919873,6381.915173953486,14665.022182642992,3.6822820558520353,1654.5542472335055
open_2017_05_08_close_2017_05_08_flight_Fixed Wing_N550ND_before_2_189656.csv,87,2175,2204,0,1871.1001813785097,"E1 FFlow, E1 EGT1, AltMSL",30,30,30,30,30,0,30,7756.345544926434,4343.666173463332,550535.2167047618,6381.915173953486,14665.433357820611,3.6822820558520353,1654.1570717763154
open_2017_05_08_close_2017_05_08_flight_Fixed Wing_N550ND_before_2_189656.csv,88,2200,2229,0,1879.2325257446262,"E1 FFlow, E1 EGT1, AltMSL",30,30,30,30,30,0,30,7756.489088243321,4343.666173463332,553138.4460286458,6381.915173953486,14665.433357820611,3.6822820558520353,1654.1915883680092
open_2017_05_08_close_2017_05_08_flight_Fixed Wing_N550ND_before_2_189656.csv,89,2225,2254,0,1875.0331850007549,"E1 FFlow, E1 EGT1, AltMSL",30,30,30,30,30,0,30,7760.070564642663,4343.666173463332,551870.1622505944,6381.915173953486,14665.433357820611,3.6822820558520353,1654.1067520519455
open_2017_05_08_close_2017_05_08_flight_Fixed Wing_N550ND_before_2_189656.csv,90,2250,2279,0,1869.7055752718925,"E1 FFlow, E1 EGT1, AltMSL",30,30,30,30,30,0,30,7756.509064389941,4343.666173463332,550344.7296446782,6381.915173953486,14665.433357820611,3.6822820558520353,1653.8076397789512
open_2017_05_08_close_2017_05_08_flight_Fixed Wing_N550ND_before_2_189656.csv,91,2275,2304,0,1862.8889529457329,"E1 FFlow, E1 EGT1, AltMSL",30,30,30,30,30,0,30,7755.457275777871,4343.666173463332,548407.4224854844,6381.915173953486,14665.433357820611,3.6822820558520353,1654.3876677370615
open_2017_05_08_close_2017_05_08_flight_Fixed Wing_N550ND_before_2_189656.csv,92,2300,2329,0,1858.7581705980524,"E1 FFlow, E1 EGT1, AltMSL",30,30,30,30,30,0,30,7756.480180455271,4343.666173463332,547078.2546121267,6381.915173953486,14665.82007919553,3.6822820558520353,1653.8862471772682
open_2017_05_08_close_2017_05_08_flight_Fixed Wing_N550ND_before_2_189656.csv,93,2325,2354,0,1859.195075640933,"E1 FFlow, E1 EGT1, AltMSL",30,30,30,30,30,0,30,7757.701287111786,4343.666173463332,547164.1653589859,6381.915173953486,14666.44078721468,3.6822820558520353,1654.7810295926306
open_2017_05_08_close_2017_05_08_flight_Fixed Wing_N550ND_before_2_189656.csv,94,2350,2379,0,1861.420889355391,"E1 FFlow, E1 EGT1, AltMSL",30,30,30,30,30,0,30,7757.41995372227,4343.666173463332,547881.695233041,6381.915173953486,14666.44078721468,3.6822820558520353,1654.812137209756
open_2017_05_08_close_2017_05_08_flight_Fixed Wing_N550ND_before_2_189656.csv,95,2375,2404,0,1876.3493003905555,"E1 FFlow, E1 EGT1, AltMSL",30,30,30,30,30,0,30,7758.748684270936,4343.666173463332,552003.2133621933,6381.915173953486,14666.44078721468,3.6822820558520353,1654.0976653086996
open_2017_05_08_close_2017_05_08_flight_Fixed Wing_N550ND_before_2_189656.csv,96,2400,2429,0,1880.2464363262118,"E1 FFlow, E1 EGT1, AltMSL",30,30,30,30,30,0,30,7757.217931473816,4343.666173463332,553502.3957722335,6381.915173953486,14666.44078721468,3.6822820558520353,1654.2628256590117
open_2017_05_08_close_2017_05_08_flight_Fixed Wing_N550ND_before_2_189656.csv,97,2425,2454,0,1880.6637962389855,"E1 FFlow, E1 EGT1, AltMSL",30,30,30,30,30,0,30,7754.940729160976,4343.666173463332,553338.6488915742,6381.915173953486,14666.44078721468,3.6822820558520353,1654.3267766253423
open_2017_05_08_close_2017_05_08_flight_Fixed Wing_N550ND_before_2_189656.csv,98,2450,2479,0,1902.6428391746058,"E1 FFlow, E1 EGT1, AltMSL",30,30,30,30,30,0,30,7755.772671004714,4343.666173463332,559800.2877207504,6381.915173953486,14666.553293552914,3.6822820558520353,1654.4486620508878
open_2017_05_08_close_2017_05_08_flight_Fixed Wing_N550ND_before_2_189656.csv,99,2475,2504,0,1904.7275672298304,"E1 FFlow, E1 EGT1, AltMSL",30,30,30,30,30,0,30,7757.268515118366,4343.666173463332,560803.916105696,6381.915173953486,14667.411056688383,3.6822820558520353,1654.6153137216031
open_2017_05_08_close_2017_05_08_flight_Fixed Wing_N550ND_before_2_189656.csv,100,2500,2529,0,1883.273956404889,"E1 FFlow, E1 EGT1, AltMSL",30,30,30,30,30,0,30,7757.104053223782,4343.666173463332,554291.3840680149,6381.915173953486,14667.448216608755,3.6822820558520353,1654.3286520188306
open_2017_05_08_close_2017_05_08_flight_Fixed Wing_N550ND_before_2_189656.csv,101,2525,2554,0,1887.8103998159784,"E1 FFlow, E1 EGT1, AltMSL",30,30,30,30,30,0,30,7757.569898800332,4343.666173463332,555670.9822029243,6381.915173953486,14667.448216608755,3.6822820558520353,1654.0564656345177
open_2017_05_08_close_2017_05_08_flight_Fixed Wing_N550ND_before_2_189656.csv,102,2550,2579,0,1896.0701543297819,"E1 FFlow, E1 EGT1, AltMSL",30,30,30,30,30,0,30,7757.181498884501,4343.666173463332,558039.6285251359,6381.915173953486,14667.448216608755,3.6822820558520353,1654.8504745953394
open_2017_05_08_close_2017_05_08_flight_Fixed Wing_N550ND_before_2_189656.csv,103,2575,2604,0,1881.104765851844,"E1 FFlow, E1 EGT1, AltMSL",30,30,30,30,30,0,30,7757.563557733693,4343.666173463332,554057.3837883425,6381.915173953486,14667.448216608755,3.6822820558520353,1653.9543341768838
open_2017_05_08_close_2017_05_08_flight_Fixed Wing_N550ND_before_2_189656.csv,104,2600,2629,0,1872.9540056689825,"E1 FFlow, E1 EGT1, AltMSL",30,30,30,30,30,0,30,7757.441974152585,4343.666173463332,551112.9053777958,6381.915173953486,14667.448216608755,3.6822820558520353,1653.8097505316143
open_2017_05_08_close_2017_05_08_flight_Fixed Wing_N550ND_before_2_189656.csv,105,2625,2654,0,1896.5418028609913,"E1 FFlow, E1 EGT1, AltMSL",30,30,30,30,30,0,30,7755.948974153942,4343.666173463332,557902.9876739684,6381.915173953486,14667.979320158563,3.6822820558520353,1654.303459739714
open_2017_05_08_close_2017_05_08_flight_Fixed Wing_N550ND_before_2_189656.csv,106,2650,2679,0,1899.3098418859654,"E1 FFlow, E1 EGT1, AltMSL",30,30,30,30,30,0,30,7756.8983413298865,4343.666173463332,559090.4148928587,6381.915173953486,14668.455646002822,3.6822820558520353,1654.4546405116855
open_2017_05_08_close_2017_05_08_flight_Fixed Wing_N550ND_before_2_189656.csv,107,2675,2704,0,1884.4674686576952,"E1 FFlow, E1 EGT1, AltMSL",30,30,30,30,30,0,30,7756.673667616138,4343.666173463332,554731.6198916773,6381.915173953486,14668.455646002822,3.6822820558520353,1654.0962180835375
open_2017_05_08_close_2017_05_08_flight_Fixed Wing_N550ND_before_2_189656.csv,108,2700,2729,0,1875.3250421250625,"E1 FFlow, E1 EGT1, AltMSL",30,30,30,30,30,0,30,7756.872733528425,4343.666173463332,551999.0541744762,6381.915173953486,14668.455646002822,3.6822820558520353,1653.7815294521731
open_2017_05_08_close_2017_05_08_flight_Fixed Wing_N550ND_before_2_189656.csv,109,2725,2754,0,1865.867125161099,"E1 FFlow, E1 EGT1, AltMSL",30,30,30,30,30,0,30,7756.653159191272,4343.666173463332,549258.4076347114,6381.915173953486,14668.455646002822,3.6822820558520353,1654.729849302253
open_2017_05_08_close_2017_05_08_flight_Fixed Wing_N550ND_before_2_189656.csv,110,2750,2779,0,1867.6862608653187,"E1 FFlow, E1 EGT1, AltMSL",30,30,30,30,30,0,30,7757.187724889642,4343.666173463332,549706.003566513,6381.915173953486,14668.455646002822,3.6822820558520353,1654.2575721664161
open_2017_05_08_close_2017_05_08_flight_Fixed Wing_N550ND_before_2_189656.csv,111,2775,2804,0,1867.808487264406,"E1 FFlow, E1 EGT1, AltMSL",30,30,30,30,30,0,30,7755.809421399097,4343.666173463332,549725.7867742107,6381.915173953486,14668.455646002822,3.6822820558520353,1653.87431380098
open_2017_05_08_close_2017_05_08_flight_Fixed Wing_N550ND_before_2_189656.csv,112,2800,2829,0,1883.1581489553494,"E1 FFlow, E1 EGT1, AltMSL",30,30,30,30,30,0,30,7756.2418886124005,4343.666173463332,554143.461167491,6381.915173953486,14669.169307046035,3.6822820558520353,1654.6330826054514
open_2017_05_08_close_2017_05_08_flight_Fixed Wing_N550ND_before_2_189656.csv,113,2825,2854,0,1872.3691138722509,"E1 FFlow, E1 EGT1, AltMSL",30,30,30,30,30,0,30,7751.707947274233,4343.666173463332,551219.7201984702,6381.915173953486,14669.463075396889,3.6822820558520353,1653.9379053661755
open_2017_05_08_close_2017_05_08_flight_Fixed Wing_N550ND_before_2_189656.csv,114,2850,2879,0,1856.6542753954882,"E1 FFlow, E1 EGT1, AltMSL",30,30,30,30,30,0,30,7773.53285987553,4343.666173463332,546632.2053555686,6381.915173953486,14669.463075396889,3.6822820558520353,1653.3366521853634
open_2017_05_08_close_2017_05_08_flight_Fixed Wing_N550ND_before_2_189656.csv,115,2875,2904,0,1855.9796991030755,"E1 FFlow, E1 EGT1, AltMSL",30,30,30,30,30,0,30,7777.604995544706,4343.666173463332,546229.2741665015,6381.915173953486,14669.463075396889,3.6822820558520353,1653.023012041419
open_2017_05_08_close_2017_05_08_flight_Fixed Wing_N550ND_before_2_189656.csv,116,2900,2929,0,1860.216558323772,"E1 FFlow, E1 EGT1, AltMSL",30,30,30,30,30,0,30,7759.758527521343,4343.666173463332,547442.2439505159,6381.915173953486,14669.463075396889,3.6822820558520353,1653.9874953585306
open_2017_05_08_close_2017_05_08_flight_Fixed Wing_N550ND_before_2_189656.csv,117,2925,2954,0,1859.5587351698262,"E1 FFlow, E1 EGT1, AltMSL",30,30,30,30,30,0,30,7756.404559787763,4343.666173463332,547267.6708963511,6381.915173953486,14669.463075396889,3.6822820558520353,1654.2454511273766
open_2017_05_08_close_2017_05_08_flight_Fixed Wing_N550ND_before_2_189656.csv,118,2950,2979,0,1838.4373189326484,"E1 FFlow, E1 EGT1, AltMSL",30,30,30,30,30,0,30,7756.11318885035,4343.666173463332,541508.6317601951,6381.915173953486,14668.805189231693,3.6822820558520353,1654.1967745493346
open_2017_05_08_close_2017_05_08_flight_Fixed Wing_N550ND_before_2_189656.csv,119,2975,3004,0,1841.4229696499551,"E1 FFlow, E1 EGT1, AltMSL",30,30,30,30,30,0,30,7755.767563034264,4343.666173463332,541498.0714913084,6381.915173953486,14668.455646002822,3.6822820558520353,1654.2679636382845
open_2017_05_08_close_2017_05_08_flight_Fixed Wing_N550ND_before_2_189656.csv,120,3000,3029,0,1873.6677287506966,"E1 FFlow, E1 EGT1, AltMSL",30,30,30,30,30,0,30,7756.826352021666,4343.666173463332,550892.9257573544,6381.915173953486,14668.455646002822,3.6822820558520353,1654.1162168302951
open_2017_05_08_close_2017_05_08_flight_Fixed Wing_N550ND_before_2_189656.csv,121,3025,3054,0,1887.888231561593,"E1 FFlow, E1 EGT1, AltMSL",30,30,30,30,30,0,30,7746.345153193012,4343.666173463332,555920.1409167974,6381.915173953486,14668.455646002822,3.6822820558520353,1653.7744598762345
open_2017_05_08_close_2017_05_08_flight_Fixed Wing_N550ND_before_2_189656.csv,122,3050,3079,0,1857.3989640643695,"E1 FFlow, E1 EGT1, AltMSL",30,30,30,30,30,0,30,7713.717898143898,4343.666173463332,546592.9437606002,6381.915173953486,14668.455646002822,3.6822820558520353,1649.1350387084033
open_2017_05_08_close_2017_05_08_flight_Fixed Wing_N550ND_before_2_189656.csv,123,3075,3104,0,1859.438894734576,"E1 FFlow, E1 EGT1, AltMSL",30,30,30,30,30,0,30,7736.91444079884,4343.666173463332,547312.1773105599,6381.915173953486,14668.455646002822,3.6822820558520353,1651.878138946019
open_2017_05_08_close_2017_05_08_flight_Fixed Wing_N550ND_before_2_189656.csv,124,3100,3129,0,1867.630290950563,"E1 FFlow, E1 EGT1, AltMSL",30,30,30,30,30,1,30,7755.247774734387,4343.666173463332,549446.4664933988,6381.915173953486,14668.455646002822,8.682282055852038,1654.1537257040575
open_2017_05_08_close_2017_05_08_flight_Fixed Wing_N550ND_before_2_189656.csv,125,3125,3154,0,1867.7178239733396,"E1 FFlow, E1 EGT1, AltMSL",30,30,30,30,30,0,30,7782.446245506782,4343.666173463332,549857.7192588613,6381.915173953486,14668.455646002822,3.6822820558520353,1651.3065398758383
open_2017_05_08_close_2017_05_08_flight_Fixed Wing_N550ND_before_2_189656.csv,126,3150,3179,0,1843.7157453892771,"E1 FFlow, E1 EGT1, AltMSL",30,30,30,30,30,0,30,7801.4426281836495,4343.666173463332,542831.5900863297,6381.915173953486,14668.455646002822,3.6822820558520353,1648.657652534218
open_2017_05_08_close_2017_05_08_flight_Fixed Wing_N550ND_before_2_189656.csv,127,3175,3204,0,1814.545944982589,"E1 FFlow, E1 EGT1, AltMSL",30,30,30,30,30,0,30,7762.223092074481,4343.666173463332,534289.3054018901,6381.915173953486,14668.455646002822,3.6822820558520353,1653.822115247341
open_2017_05_08_close_2017_05_08_flight_Fixed Wing_N550ND_before_2_189656.csv,128,3200,3229,0,1800.021251465012,"E1 FFlow, E1 EGT1, AltMSL",30,30,30,30,30,1,30,7756.092500899008,4343.666173463332,529852.9692107787,6381.915173953486,14668.455646002822,9.769238577591167,1654.1145602186582
open_2017_05_08_close_2017_05_08_flight_Fixed Wing_N550ND_before_2_189656.csv,129,3225,3254,0,1820.9493905187471,"E1 FFlow, E1 EGT1, AltMSL",30,30,30,30,30,1,30,7728.37989032213,4343.666173463332,535311.6816445435,6381.915173953486,14668.455646002822,9.515615389185374,1650.6568964064707
open_2017_05_08_close_2017_05_08_flight_Fixed Wing_N550ND_before_2_189656.csv,130,3250,3279,0,1882.3776936275701,"E1 FFlow, E1 EGT1, AltMSL",30,30,30,30,30,0,30,7721.183733701773,4343.666173463332,553275.8380983339,6381.915173953486,14668.455646002822,3.6822820558520353,1650.1216643879357
open_2017_05_08_close_2017_05_08_flight_Fixed Wing_N550ND_before_2_189656.csv,131,3275,3304,0,1893.41837118467,"E1 FFlow, E1 EGT1, AltMSL",30,30,30,30,30,0,30,7757.856081807347,4343.666173463332,557254.6292305746,6381.915173953486,14667.648155052624,3.6822820558520353,1654.2121921155813
open_2017_05_08_close_2017_05_08_flight_Fixed Wing_N550ND_before_2_189656.csv,132,3300,3329,0,1885.55486500354,"E1 FFlow, E1 EGT1, AltMSL",30,30,30,30,30,0,30,7757.196928865612,4343.666173463332,555135.9963620639,6381.915173953486,14667.448216608755,3.6822820558520353,1654.3119257478056
open_2017_05_08_close_2017_05_08_flight_Fixed Wing_N550ND_before_2_189656.csv,133,3325,3354,0,1877.6193156676097,"E1 FFlow, E1 EGT1, AltMSL",30,30,30,30,30,0,30,7759.228840280013,4343.666173463332,552526.9560544871,6381.915173953486,14667.448216608755,3.6822820558520353,1653.9100385782035
open_2017_05_08_close_2017_05_08_flight_Fixed Wing_N550ND_before_2_189656.csv,134,3350,3379,0,1876.8164173275466,"E1 FFlow, E1 EGT1, AltMSL",30,30,30,30,30,0,30,7755.655253380977,4343.666173463332,552395.295840818,6381.915173953486,14667.448216608755,3.6822820558520353,1653.904468527131
open_2017_05_08_close_2017_05_08_flight_Fixed Wing_N550ND_before_2_189656.csv,135,3375,3404,0,1872.8747762750254,"E1 FFlow, E1 EGT1, AltMSL",30,30,30,30,30,0,30,7755.514862559284,4343.666173463332,551306.7293898443,6381.915173953486,14667.448216608755,3.6822820558520353,1654.568658572867
open_2017_05_08_close_2017_05_08_flight_Fixed Wing_N550ND_before_2_189656.csv,136,3400,3429,0,1878.3745938083912,"E1 FFlow, E1 EGT1, AltMSL",30,30,30,30,30,0,30,7756.980991605445,4343.666173463332,552728.38526759,6381.915173953486,14667.448216608755,3.6822820558520353,1653.890946895427
open_2017_05_08_close_2017_05_08_flight_Fixed Wing_N550ND_before_2_189656.csv,137,3425,3454,0,1880.9230256664157,"E1 FFlow, E1 EGT1, AltMSL",30,30,30,30,30,0,30,7758.939477695458,4343.666173463332,553569.4800672497,6381.915173953486,14667.203401040253,3.6822820558520353,1654.4031484304285
open_2017_05_08_close_2017_05_08_flight_Fixed Wing_N550ND_before_2_189656.csv,138,3450,3479,0,1882.7621699840554,"E1 FFlow, E1 EGT1, AltMSL",30,30,30,30,30,0,30,7760.077139507081,4343.666173463332,554072.8453483583,6482.431540881918,14666.44078721468,3.6822820558520353,1653.58762764616
open_2017_05_08_close_2017_05_08_flight_Fixed Wing_N550ND_before_2_189656.csv,139,3475,3504,0,1878.3623753732008,"E1 FFlow, E1 EGT1, AltMSL",30,30,30,30,30,0,30,7755.131363941958,4343.666173463332,553000.8609292677,6568.711626870791,14666.44078721468,3.6822820558520353,1653.7583455617546
open_2017_05_08_close_2017_05_08_flight_Fixed Wing_N550ND_before_2_189656.csv,140,3500,3529,0,1860.0981460268738,"E1 FFlow, E1 EGT1, AltMSL",30,30,30,30,30,0,30,7754.192450368451,4343.666173463332,547591.807414972,6568.711626870791,14666.44078721468,3.6822820558520353,1654.3592138210684
open_2017_05_08_close_2017_05_08_flight_Fixed Wing_N550ND_before_2_189656.csv,141,3525,3554,0,1862.0868948492614,"E1 FFlow, E1 EGT1, AltMSL",30,30,30,30,30,0,30,7756.024301031815,4617.619490357631,547990.7472124575,6568.711626870791,14666.44078721468,3.6822820558520353,1654.2853905460877
open_2017_05_08_close_2017_05_08_flight_Fixed Wing_N550ND_before_2_189656.csv,142,3550,3579,0,1867.3716161927907,"E1 FFlow, E1 EGT1, AltMSL",30,30,30,30,30,0,30,7756.566895625892,4781.314228806034,549612.4198771416,6568.711626870791,14666.44078721468,3.6822820558520353,1654.3107895594972
open_2017_05_08_close_2017_05_08_flight_Fixed Wing_N550ND_before_2_189656.csv,143,3575,3604,0,1871.948195956899,"E1 FFlow, E1 EGT1, AltMSL",30,30,30,30,30,0,30,7757.916880961728,4781.314228806034,550890.269114446,6568.711626870791,14666.44078721468,3.6822820558520353,1654.1164117472542
open_2017_05_08_close_2017_05_08_flight_Fixed Wing_N550ND_before_2_189656.csv,144,3600,3629,0,1873.7262907061477,"E1 FFlow, E1 EGT1, AltMSL",30,30,30,30,30,0,30,7758.256607098181,4550.35238945509,551456.8632393337,6568.711626870791,14665.909683664871,3.6822820558520353,1653.8765109520868
open_2017_05_08_close_2017_05_08_flight_Fixed Wing_N550ND_before_2_189656.csv,145,3625,3654,0,1875.1550201213802,"E1 FFlow, E1 EGT1, AltMSL",30,30,30,30,30,0,30,7757.534395369041,4463.851366619773,551900.0114716428,6568.711626870791,14665.433357820611,3.6822820558520353,1653.7242280953665
open_2017_05_08_close_2017_05_08_flight_Fixed Wing_N550ND_before_2_189656.csv,146,3650,3679,0,1870.4367188681936,"E1 FFlow, E1 EGT1, AltMSL",30,30,30,30,30,0,30,7756.026066336207,4463.851366619773,550474.5438479929,6568.711626870791,14665.433357820611,3.6822820558520353,1654.237385940691
open_2017_05_08_close_2017_05_08_flight_Fixed Wing_N550ND_before_2_189656.csv,147,3675,3704,0,1860.3301280668745,"E1 FFlow, E1 EGT1, AltMSL",30,30,30,30,30,0,30,7756.356634802402,4463.851366619773,547600.1938813692,6568.711626870791,14665.433357820611,3.6822820558520353,1654.1317292552194
open_2017_05_08_close_2017_05_08_flight_Fixed Wing_N550ND_before_2_189656.csv,148,3700,3729,0,1859.390254796643,"E1 FFlow, E1 EGT1, AltMSL",30,30,30,30,30,0,30,7756.744604631444,4463.851366619773,547277.2545653516,6568.711626870791,14665.433357820611,3.6822820558520353,1654.0062654241556
open_2017_05_08_close_2017_05_08_flight_Fixed Wing_N550ND_before_2_189656.csv,149,3725,3754,0,1850.7392605742227,"E1 FFlow, E1 EGT1, AltMSL",30,30,30,30,30,2,30,7757.043155083257,4463.851366619773,544758.7308893452,6568.711626870791,14665.433357820611,12.305642480733344,1654.409277513036
open_2017_05_08_close_2017_05_08_flight_Fixed Wing_N550ND_before_2_189656.csv,150,3750,3779,0,1805.1159915668077,"E1 FFlow, E1 EGT1, AltMSL",30,30,30,30,30,15,30,7757.785220139337,4463.851366619773,532119.0451664192,6568.711626870791,14665.32085148238,80.59735441014728,1654.2882279269702
open_2017_05_08_close_2017_05_08_flight_Fixed Wing_N550ND_before_2_189656.csv,151,3775,3804,0,1779.0780657342432,"E1 FFlow, E1 EGT1, AltMSL",30,30,30,30,30,8,30,7758.131118019634,4463.851366619773,523580.1247741165,6568.711626870791,14664.463088346914,48.15359770568241,1654.2074487363927
open_2017_05_08_close_2017_05_08_flight_Fixed Wing_N550ND_before_2_189656.csv,152,3800,3829,0,1786.720881058563,"E1 FFlow, E1 EGT1, AltMSL",30,30,30,30,30,10,30,7757.047283752059,4463.851366619773,525802.4876992225,6568.711626870791,14664.425928426543,59.859024681359934,1654.2998258117536
open_2017_05_08_close_2017_05_08_flight_Fixed Wing_N550ND_before_2_189656.csv,153,3825,3854,0,1795.7869264676294,"E1 FFlow, E1 EGT1, AltMSL",30,30,30,30,30,9,30,7757.901147809342,4463.851366619773,528456.9374770186,6568.711626870791,14664.425928426543,51.521887913260784,1654.1985937688685
open_2017_05_08_close_2017_05_08_flight_Fixed Wing_N550ND_before_2_189656.csv,154,3850,3879,0,1785.302055569957,"E1 FFlow, E1 EGT1, AltMSL",30,30,30,30,30,10,30,7756.956533398771,4463.851366619773,525376.2169395853,6568.711626870791,14664.425928426543,51.4177911864274,1654.270240041168
open_2017_05_08_close_2017_05_08_flight_Fixed Wing_N550ND_before_2_189656.csv,155,3875,3904,0,1787.3831725794662,"E1 FFlow, E1 EGT1, AltMSL",30,30,30,30,30,8,30,7758.3126891913535,4463.851366619773,525965.8247915843,6568.711626870791,14664.425928426543,40.542996639116225,1653.7552576506823
open_2017_05_08_close_2017_05_08_flight_Fixed Wing_N550ND_before_2_189656.csv,156,3900,3929,0,1795.512856737334,"E1 FFlow, E1 EGT1, AltMSL",30,30,30,30,30,6,30,7757.370844154877,4463.851366619773,528259.2284715216,6568.711626870791,14664.402027852928,33.965132688059356,1654.0489976470353
open_2017_05_08_close_2017_05_08_flight_Fixed Wing_N550ND_before_2_189656.csv,157,3925,3954,0,1810.9372100060818,"E1 FFlow, E1 EGT1, AltMSL",30,30,30,30,30,7,30,7757.435170861048,4463.851366619773,532737.3218509031,6568.711626870791,14663.552413450225,38.748928578377765,1654.0862171051876
open_2017_05_08_close_2017_05_08_flight_Fixed Wing_N550ND_before_2_189656.csv,158,3950,3979,0,1840.112037185179,"E1 FFlow, E1 EGT1, AltMSL",30,30,30,30,30,9,30,7757.941176121502,4463.851366619773,541263.9226699518,6568.711626870791,14663.418499032468,47.39284088569034,1654.2578193876761
open_2017_05_08_close_2017_05_08_flight_Fixed Wing_N550ND_before_2_189656.csv,159,3975,4004,0,1848.6990781309567,"E1 FFlow, E1 EGT1, AltMSL",30,30,30,30,30,10,30,7757.661716911155,4463.851366619773,544045.6764655191,6568.711626870791,14663.418499032468,55.41672656266815,1654.5882575737742
open_2017_05_08_close_2017_05_08_flight_Fixed Wing_N550ND_before_2_189656.csv,160,4000,4029,0,1854.0029509317546,"E1 FFlow, E1 EGT1, AltMSL",30,30,30,30,30,10,30,7757.095976674983,4463.851366619773,545601.9463207012,6568.711626870791,14663.418499032468,55.95243093044231,1654.1680324195358
open_2017_05_08_close_2017_05_08_flight_Fixed Wing_N550ND_before_2_189656.csv,161,4025,4054,0,1886.7089343385344,"E1 FFlow, E1 EGT1, AltMSL",30,30,30,30,30,10,30,7756.703844703961,4464.0287560423285,554534.3471447319,6568.711626870791,14663.418499032468,58.883435455770716,1653.93095659823
open_2017_05_08_close_2017_05_08_flight_Fixed Wing_N550ND_before_2_189656.csv,162,4050,4079,0,1921.7159564440808,"E1 FFlow, E1 EGT1, AltMSL",30,30,30,30,30,9,30,7757.118042265914,4464.839731695074,565455.7007859424,6568.711626870791,14663.418499032468,53.72261611921016,1653.9626492638372
open_2017_05_08_close_2017_05_08_flight_Fixed Wing_N550ND_before_2_189656.csv,163,4075,4104,0,1921.6199563553655,"E1 FFlow, E1 EGT1, AltMSL",30,30,30,30,30,10,30,7756.374096021515,4464.839731695074,565621.6502050665,6568.711626870791,14663.126523186398,50.05297031924856,1654.1744913943485
open_2017_05_08_close_2017_05_08_flight_Fixed Wing_N550ND_before_2_189656.csv,164,4100,4129,0,1931.3505289951293,"E1 FFlow, E1 EGT1, AltMSL",30,30,30,30,30,12,30,7754.777649868692,4464.839731695074,568212.6471362596,6568.711626870791,14662.411069638403,65.8781913061993,1653.7707858058143
open_2017_05_08_close_2017_05_08_flight_Fixed Wing_N550ND_before_2_189656.csv,165,4125,4154,0,1945.7295003490904,"E1 FFlow, E1 EGT1, AltMSL",30,30,30,30,30,12,30,7757.1332122363465,4464.839731695074,572712.0018554574,6568.711626870791,14662.411069638403,67.77690569642967,1654.0156015178184
open_2017_05_08_close_2017_05_08_flight_Fixed Wing_N550ND_before_2_189656.csv,166,4150,4179,0,1950.0352463822019,"E1 FFlow, E1 EGT1, AltMSL",30,30,30,30,30,13,30,7755.790782970338,4464.839731695074,573907.8880413399,6568.711626870791,14662.411069638403,70.91958152114097,1654.176977786331
open_2017_05_08_close_2017_05_08_flight_Fixed Wing_N550ND_before_2_189656.csv,167,4175,4204,0,1937.0538593180722,"E1 FFlow, E1 EGT1, AltMSL",30,30,30,30,30,12,30,7756.524212877826,4464.839731695074,570768.9380633604,6568.711626870791,14662.411069638403,67.67130241832216,1654.5443073691547
open_2017_05_08_close_2017_05_08_flight_Fixed Wing_N550ND_before_2_189656.csv,168,4200,4229,0,1843.3494109033181,"E1 FFlow, E1 EGT1, AltMSL",30,30,30,30,30,10,30,7757.301192771595,4464.839731695074,542889.2179913915,6568.711626870791,14662.411069638403,56.66460263388159,1654.5440636662163
open_2017_05_08_close_2017_05_08_flight_Fixed Wing_N550ND_before_2_189656.csv,169,4225,4254,0,1831.3056137128247,"E1 FFlow, E1 EGT1, AltMSL",30,30,30,30,30,10,30,7756.792724459058,4464.839731695074,539020.5721616299,6568.711626870791,14662.411069638403,54.43141915629824,1654.1746514303434
open_2017_05_08_close_2017_05_08_flight_Fixed Wing_N550ND_before_2_189656.csv,170,4250,4279,0,1834.4989562321914,"E1 FFlow, E1 EGT1, AltMSL",30,30,30,30,30,10,30,7755.688589230103,4464.839731695074,539742.8241598705,6568.711626870791,14661.84306571959,55.98496384005019,1654.1049428365704
open_2017_05_08_close_2017_05_08_flight_Fixed Wing_N550ND_before_2_189656.csv,171,4275,4304,0,1841.918180637806,"E1 FFlow, E1 EGT1, AltMSL",30,30,30,30,30,11,30,7755.799738475205,4464.839731695074,542085.0865648893,6568.711626870791,14661.403640244334,61.87686677655051,1654.3484698826403
open_2017_05_08_close_2017_05_08_flight_Fixed Wing_N550ND_before_2_189656.csv,172,4300,4329,0,1835.2614101733445,"E1 FFlow, E1 EGT1, AltMSL",30,30,30,30,30,7,30,7757.097937353875,4464.839731695074,540170.0044916954,6568.711626870791,14661.403640244334,38.45216547384186,1654.4468183042022
open_2017_05_08_close_2017_05_08_flight_Fixed Wing_N550ND_before_2_189656.csv,173,4325,4354,0,1818.0937047045586,"E1 FFlow, E1 EGT1, AltMSL",30,30,30,30,30,7,30,7756.767657591309,4464.839731695074,535207.7430854674,6568.711626870791,14661.403640244334,39.47523601613766,1653.7697464037371
open_2017_05_08_close_2017_05_08_flight_Fixed Wing_N550ND_before_2_189656.csv,174,4350,4379,0,1804.7800523689032,"E1 FFlow, E1 EGT1, AltMSL",30,30,30,30,30,10,30,7756.627953822234,4464.839731695074,531411.1528579233,6568.711626870791,14661.403640244334,58.33746722507083,1654.1913989358
open_2017_05_08_close_2017_05_08_flight_Fixed Wing_N550ND_before_2_189656.csv,175,4375,4404,0,1795.6743080854692,"E1 FFlow, E1 EGT1, AltMSL",30,30,30,30,30,8,30,7756.992594577075,4464.839731695074,528445.6372684039,6568.711626870791,14661.403640244334,43.785300104129846,1654.5398071992274
open_2017_05_08_close_2017_05_08_flight_Fixed Wing_N550ND_before_2_189656.csv,176,4400,4429,0,1784.755928116137,"E1 FFlow, E1 EGT1, AltMSL",30,30,30,30,30,10,30,7757.04834471513,4464.839731695074,525538.8769911906,6568.711626870791,14661.352042127888,48.17146327293062,1654.568039253386
open_2017_05_08_close_2017_05_08_flight_Fixed Wing_N550ND_before_2_189656.csv,177,4425,4454,0,1754.109200050854,"E1 FFlow, E1 EGT1, AltMSL",30,30,30,30,30,12,30,7757.350670760972,4464.839731695074,516407.0001729619,6568.711626870791,14660.49740504926,67.12388790008033,1654.676512429462
open_2017_05_08_close_2017_05_08_flight_Fixed Wing_N550ND_before_2_189656.csv,178,4450,4479,0,1749.4789016757222,"E1 FFlow, E1 EGT1, AltMSL",30,30,30,30,30,10,30,7757.030681676537,4464.839731695074,514868.31546568096,6568.711626870791,14660.39621085026,55.92473917305314,1654.2133590204269
open_2017_05_08_close_2017_05_08_flight_Fixed Wing_N550ND_before_2_189656.csv,179,4475,4504,0,1752.2826543957913,"E1 FFlow, E1 EGT1, AltMSL",30,30,30,30,30,10,30,7765.217090942287,4464.839731695074,515532.85382541403,6568.711626870791,14660.39621085026,48.895604051703955,1654.4280684699647
open_2017_05_08_close_2017_05_08_flight_Fixed Wing_N550ND_before_2_189656.csv,180,4500,4529,0,1741.3976109492178,"E1 FFlow, E1 EGT1, AltMSL",30,30,30,30,30,10,30,7762.806538295567,4465.578961754288,512629.0461515545,6568.711626870791,14660.39621085026,55.21877717547463,1654.396561771777
open_2017_05_08_close_2017_05_08_flight_Fixed Wing_N550ND_before_2_189656.csv,181,4525,4554,0,1735.4579768341691,"E1 FFlow, E1 EGT1, AltMSL",30,30,30,30,30,6,30,7762.71572310907,4465.828096770373,510761.73397972883,6568.711626870791,14660.39621085026,31.863743834434917,1654.0134182975526
open_2017_05_08_close_2017_05_08_flight_Fixed Wing_N550ND_before_2_189656.csv,182,4550,4579,0,1734.357677119519,"E1 FFlow, E1 EGT1, AltMSL",30,30,30,30,30,7,30,7757.882520399403,4465.828096770373,510361.2594837364,6568.711626870791,14660.39621085026,40.55188638161447,1654.3600079003238
open_2017_05_08_close_2017_05_08_flight_Fixed Wing_N550ND_before_2_189656.csv,183,4575,4604,0,1647.9969548059194,"E1 FFlow, E1 EGT1, AltMSL",30,30,30,30,30,8,30,7757.744729608447,4465.828096770373,486555.1884989134,6568.711626870791,14660.39621085026,46.08946875226147,1654.6068138262665
open_2017_05_08_close_2017_05_08_flight_Fixed Wing_N550ND_before_2_189656.csv,184,4600,4629,0,1650.7039966473792,"E1 FFlow, E1 EGT1, AltMSL",30,30,30,30,30,7,30,7757.955004085064,4465.828096770373,484445.11789158883,6568.711626870791,14660.39621085026,40.415320727299985,1654.1284679273588
open_2017_05_08_close_2017_05_08_flight_Fixed Wing_N550ND_before_2_189656.csv,185,4625,4654,0,1705.6218148975126,"E1 FFlow, E1 EGT1, AltMSL",30,30,30,30,30,4,30,7743.293527036898,4465.828096770373,501609.3334358708,6568.711626870791,14660.39621085026,25.828428901428254,1653.4366177405698
open_2017_05_08_close_2017_05_08_flight_Fixed Wing_N550ND_before_2_189656.csv,186,4650,4679,0,1715.0891084680138,"E1 FFlow, E1 EGT1, AltMSL",30,30,30,30,30,3,30,7748.155058705547,4465.828096770373,504681.94059770036,6568.711626870791,14660.39621085026,17.1261890207807,1654.166375425553
open_2017_05_08_close_2017_05_08_flight_Fixed Wing_N550ND_before_2_189656.csv,187,4675,4704,0,1677.6310292571081,"E1 FFlow, E1 EGT1, AltMSL",30,30,30,30,30,6,30,7752.823322474775,4465.828096770373,494382.5245375588,6568.711626870791,14660.39621085026,41.87087387444969,1654.4799023430674
open_2017_05_08_close_2017_05_08_flight_Fixed Wing_N550ND_before_2_189656.csv,188,4700,4729,0,1627.3496325352683,"E1 FFlow, E1 EGT1, AltMSL",30,30,30,30,30,6,30,7757.009411258201,4465.828096770373,478632.99456671026,6568.711626870791,14660.39621085026,32.61627514004595,1654.5391713627898
open_2017_05_08_close_2017_05_08_flight_Fixed Wing_N550ND_before_2_189656.csv,189,4725,4754,0,1667.609250464273,"E1 FFlow, E1 EGT1, AltMSL",30,30,30,30,30,3,30,7757.494093820839,4465.828096770373,490696.9383570199,6568.711626870791,14660.39621085026,16.76418406730261,1654.3829730529555
open_2017_05_08_close_2017_05_08_flight_Fixed Wing_N550ND_before_2_189656.csv,190,4750,4779,0,1601.2778364114545,"E1 FFlow, E1 EGT1, AltMSL",30,30,30,30,30,10,30,7756.326272160757,4465.828096770373,469600.089619165,6568.711626870791,14660.39621085026,71.51604372211793,1654.4416540002862
open_2017_05_08_close_2017_05_08_flight_Fixed Wing_N550ND_before_2_189656.csv,191,4775,4804,0,1762.9522633270356,"E1 FFlow, E1 EGT1, AltMSL",30,30,30,30,30,6,30,7755.393830705558,4465.828096770373,517546.0497014428,6568.711626870791,14660.39621085026,36.22335211877695,1654.0758627253842
open_2017_05_08_close_2017_05_08_flight_Fixed Wing_N550ND_before_2_189656.csv,192,4800,4829,0,1790.1937388532845,"E1 FFlow, E1 EGT1, AltMSL",30,30,30,30,30,5,30,7755.288905632903,4465.828096770373,526785.3766168001,6568.711626870791,14660.39621085026,34.15878333104455,1654.7819780737314
open_2017_05_08_close_2017_05_08_flight_Fixed Wing_N550ND_before_2_189656.csv,193,4825,4854,0,1815.5478589193735,"E1 FFlow, E1 EGT1, AltMSL",30,30,30,30,30,6,30,7753.094989701,4465.828096770373,533606.8447650522,6568.711626870791,14660.39621085026,32.85548412145422,1654.8489172298175
open_2017_05_08_close_2017_05_08_flight_Fixed Wing_N550ND_before_2_189656.csv,194,4850,4879,0,1854.8409030032233,"E1 FFlow, E1 EGT1, AltMSL",30,30,30,30,30,6,30,7734.150722431603,4465.828096770373,545860.4954664048,6568.711626870791,14660.39621085026,34.06253279966991,1653.2517890732051
open_2017_05_08_close_2017_05_08_flight_Fixed Wing_N550ND_before_2_189656.csv,195,4875,4904,0,1807.906699051681,"E1 FFlow, E1 EGT1, AltMSL",30,30,30,30,30,3,30,7741.75378126627,4465.828096770373,532853.5932574379,6568.711626870791,14660.39621085026,17.331814675696826,1653.1579029871182
open_2017_05_08_close_2017_05_08_flight_Fixed Wing_N550ND_before_2_189656.csv,196,4900,4929,0,1755.2896519574704,"E1 FFlow, E1 EGT1, AltMSL",30,30,30,30,30,0,30,7759.088133775444,4465.828096770373,516920.02091430797,6568.711626870791,14660.39621085026,3.6822820558520353,1654.2310713630757
open_2017_05_08_close_2017_05_08_flight_Fixed Wing_N550ND_before_2_189656.csv,197,4925,4954,0,1755.2776804552886,"E1 FFlow, E1 EGT1, AltMSL",30,30,30,30,30,3,30,7756.835850187311,4465.828096770373,516498.8040195805,6568.711626870791,14660.39621085026,18.489654369489408,1653.9009091498904
open_2017_05_08_close_2017_05_08_flight_Fixed Wing_N550ND_before_2_189656.csv,198,4950,4979,0,1706.0115604696598,"E1 FFlow, E1 EGT1, AltMSL",30,30,30,30,30,2,30,7749.660015833625,4465.828096770373,502964.0980620437,6568.711626870791,14660.39621085026,12.465300923776566,1653.861766966013
open_2017_05_08_close_2017_05_08_flight_Fixed Wing_N550ND_before_2_189656.csv,199,4975,5004,0,1595.9462136366956,"E1 FFlow, E1 EGT1, AltMSL",30,30,30,30,30,8,30,7746.957591833557,4465.828096770373,470199.879980416,6568.711626870791,14660.39621085026,46.49391964630531,1653.5579593254279
open_2017_05_08_close_2017_05_08_flight_Fixed Wing_N550ND_before_2_189656.csv,200,5000,5029,0,1587.6701509379486,"E1 FFlow, E1 EGT1, AltMSL",30,30,30,30,30,9,30,7747.8575571390475,4465.828096770373,467176.55335456406,6568.711626870791,14660.39621085026,46.893936438005014,1653.7308943046562
open_2017_05_08_close_2017_05_08_flight_Fixed Wing_N550ND_before_2_189656.csv,201,5025,5054,0,1613.488793151332,"E1 FFlow, E1 EGT1, AltMSL",30,30,30,30,30,2,30,7757.063810646756,4465.828096770373,473866.6523593939,6568.711626870791,14660.39621085026,14.076412034887678,1654.3057162304167
open_2017_05_08_close_2017_05_08_flight_Fixed Wing_N550ND_before_2_189656.csv,202,5050,5079,0,1582.3988848003476,"E1 FFlow, E1 EGT1, AltMSL",30,30,30,30,30,6,30,7757.4457655938495,4465.828096770373,464542.0746297214,6568.711626870791,14660.39621085026,170.61525929609803,1653.8166511289098
open_2017_05_08_close_2017_05_08_flight_Fixed Wing_N550ND_before_2_189656.csv,203,5075,5104,0,1224.2823471602035,"E1 FFlow, E1 EGT1, AltMSL",30,30,30,30,30,12,30,7757.6765999375975,4465.828096770373,347848.8957157634,6568.711626870791,14660.39621085026,225.50727335459868,1654.1928480744898
open_2017_05_08_close_2017_05_08_flight_Fixed Wing_N550ND_before_2_189656.csv,204,5100,5129,0,1726.173342699997,"E1 FFlow, E1 EGT1, AltMSL",30,30,30,30,30,18,30,7756.311335237438,4465.828096770373,505776.41919472185,6568.711626870791,14660.39621085026,98.61192714242127,1654.5743831884797
open_2017_05_08_close_2017_05_08_flight_Fixed Wing_N550ND_before_2_189656.csv,205,5125,5154,0,1784.2972392512977,"E1 FFlow, E1 EGT1, AltMSL",30,30,30,30,30,10,30,7756.212072817492,4465.828096770373,524893.7266935522,6568.711626870791,14660.39621085026,49.745842978826204,1654.6423678027063
open_2017_05_08_close_2017_05_08_flight_Fixed Wing_N550ND_before_2_189656.csv,206,5150,5179,0,1796.5955940417882,"E1 FFlow, E1 EGT1, AltMSL",30,30,30,30,30,5,30,7755.443243380324,4465.828096770373,528516.6565401504,6568.711626870791,14660.39621085026,31.481847590856546,1654.9886787839291
open_2017_05_08_close_2017_05_08_flight_Fixed Wing_N550ND_before_2_189656.csv,207,5175,5204,0,1847.8997091802464,"E1 FFlow, E1 EGT1, AltMSL",30,30,30,30,30,1,30,7756.394890779925,4465.828096770373,543391.0765101493,6568.711626870791,14660.39621085026,9.515615389185374,1654.4951790066373
open_2017_05_08_close_2017_05_08_flight_Fixed Wing_N550ND_before_2_189656.csv,208,5200,5229,0,1828.696913557988,"E1 FFlow, E1 EGT1, AltMSL",30,30,30,30,30,2,30,7740.805377248813,4465.828096770373,538407.7892902171,6568.711626870791,14660.39621085026,13.572829319533632,1653.1868126415475
open_2017_05_08_close_2017_05_08_flight_Fixed Wing_N550ND_before_2_189656.csv,209,5225,5254,0,1808.7519192543803,"E1 FFlow, E1 EGT1, AltMSL",30,30,30,30,30,3,30,7739.451572215727,4465.828096770373,532583.5851969084,6568.711626870791,14660.39621085026,22.486433680400772,1653.2151661890832
open_2017_05_08_close_2017_05_08_flight_Fixed Wing_N550ND_before_2_189656.csv,210,5250,5279,0,1753.3554299085285,"E1 FFlow, E1 EGT1, AltMSL",30,30,30,30,30,0,30,7760.189146736253,4465.828096770373,516590.84466737346,6568.711626870791,14660.39621085026,3.6822820558520353,1654.287018634764
open_2017_05_08_close_2017_05_08_flight_Fixed Wing_N550ND_before_2_189656.csv,211,5275,5304,0,1727.6049639883004,"E1 FFlow, E1 EGT1, AltMSL",30,30,30,30,30,1,30,7757.592875249062,4465.828096770373,508456.0051809142,6568.711626870791,14660.39621085026,8.965300923776567,1654.4727241969465
open_2017_05_08_close_2017_05_08_flight_Fixed Wing_N550ND_before_2_189656.csv,212,5300,5329,0,1739.4353029459528,"E1 FFlow, E1 EGT1, AltMSL",30,30,30,30,30,0,30,7756.303379611703,4465.828096770373,511547.16847628396,6568.711626870791,14660.39621085026,3.6822820558520353,1654.5576704833466
open_2017_05_08_close_2017_05_08_flight_Fixed Wing_N550ND_before_2_189656.csv,213,5325,5354,0,1734.3649823604867,"E1 FFlow, E1 EGT1, AltMSL",30,30,30,30,30,1,30,7757.070589829672,4465.828096770373,510698.1714559697,6568.711626870791,14660.39621085026,9.769238577591167,1654.179308662363
open_2017_05_08_close_2017_05_08_flight_Fixed Wing_N550ND_before_2_189656.csv,214,5350,5379,0,1734.5051816436876,"E1 FFlow, E1 EGT1, AltMSL",30,30,30,30,30,3,30,7754.42619854589,4465.828096770373,510128.7734336404,6568.711626870791,14660.39621085026,20.211434430904298,1654.3037492404283
open_2017_05_08_close_2017_05_08_flight_Fixed Wing_N550ND_before_2_189656.csv,215,5375,5404,0,1681.6393404981623,"E1 FFlow, E1 EGT1, AltMSL",30,30,30,30,30,2,30,7740.132175951673,4465.828096770373,495872.8528319524,6568.711626870791,14660.39621085026,11.082003504320005,1653.4465489232991
open_2017_05_08_close_2017_05_08_flight_Fixed Wing_N550ND_before_2_189656.csv,216,5400,5429,0,1590.6498042005007,"E1 FFlow, E1 EGT1, AltMSL",30,30,30,30,30,1,30,7746.365886081909,4465.828096770373,468780.3779030477,6568.711626870791,14660.39621085026,8.29194748336133,1653.6915538000378
open_2017_05_08_close_2017_05_08_flight_Fixed Wing_N550ND_before_2_189656.csv,217,5425,5454,0,1614.025529441433,"E1 FFlow, E1 EGT1, AltMSL",30,30,30,30,30,1,30,7757.495644420555,4465.828096770373,473496.3168910233,6568.711626870791,14660.39621085026,8.348948722518701,1654.4243125046346
open_2017_05_08_close_2017_05_08_flight_Fixed Wing_N550ND_before_2_189656.csv,218,5450,5479,0,1675.3616500139797,"E1 FFlow, E1 EGT1, AltMSL",30,30,30,30,30,1,30,7757.537568868909,4465.828096770373,492681.26971608115,6568.711626870791,14660.39621085026,7.915410890207863,1654.0215515190785
open_2017_05_08_close_2017_05_08_flight_Fixed Wing_N550ND_before_2_189656.csv,219,5475,5504,0,1708.4484113546957,"E1 FFlow, E1 EGT1, AltMSL",30,30,30,30,30,2,30,7757.117786651783,4465.828096770373,501279.5011063875,6568.711626870791,14660.39621085026,13.498307481551636,1653.9133316592831
open_2017_05_08_close_2017_05_08_flight_Fixed Wing_N550ND_before_2_189656.csv,220,5500,5529,0,1468.1894160372372,"E1 FFlow, E1 EGT1, AltMSL",30,30,30,30,30,5,30,7758.12068951383,4465.828096770373,429748.4993485212,6568.711626870791,14660.39621085026,321.56903066703177,1653.879127078139
open_2017_05_08_close_2017_05_08_flight_Fixed Wing_N550ND_before_2_189656.csv,221,5525,5554,0,1336.7050251963594,"E1 FFlow, E1 EGT1, AltMSL",30,30,30,30,30,14,30,7757.839972499888,4465.828096770373,373116.1940144571,6568.711626870791,14660.39621085026,82.39878339576848,1654.3074566643354
open_2017_05_08_close_2017_05_08_flight_Fixed Wing_N550ND_before_2_189656.csv,222,5550,5579,0,1754.1757033667254,"E1 FFlow, E1 EGT1, AltMSL",30,30,30,30,30,18,30,7755.8456085948055,4465.828096770373,514991.98027360305,6568.711626870791,14660.39621085026,102.6103423519916,1654.4595200808217
open_2017_05_08_close_2017_05_08_flight_Fixed Wing_N550ND_before_2_189656.csv,223,5575,5604,0,1786.2664033326473,"E1 FFlow, E1 EGT1, AltMSL",30,30,30,30,30,10,30,7755.801651026839,4465.828096770373,525546.3637814642,6568.711626870791,14660.39621085026,54.53907030548988,1654.6678918475068
open_2017_05_08_close_2017_05_08_flight_Fixed Wing_N550ND_before_2_189656.csv,224,5600,5629,0,1800.5785341255364,"E1 FFlow, E1 EGT1, AltMSL",30,30,30,30,30,6,30,7754.915997513354,4465.828096770373,529587.8306030786,6568.711626870791,14660.39621085026,31.104719330424253,1654.9539073525193
open_2017_05_08_close_2017_05_08_flight_Fixed Wing_N550ND_before_2_189656.csv,225,5625,5654,0,1870.4823152395647,"E1 FFlow, E1 EGT1, AltMSL",30,30,30,30,30,1,30,7756.181479438821,4465.828096770373,549853.0173468882,6568.711626870791,14660.39621085026,7.838908561876131,1654.1184031755645
open_2017_05_08_close_2017_05_08_flight_Fixed Wing_N550ND_before_2_189656.csv,226,5650,5679,0,1870.6940453619186,"E1 FFlow, E1 EGT1, AltMSL",30,30,30,30,30,2,30,7747.423907153517,4465.828096770373,550662.8860084425,6568.711626870791,14660.39621085026,12.929797965196688,1654.1746960195353
open_2017_05_08_close_2017_05_08_flight_Fixed Wing_N550ND_before_2_189656.csv,227,5675,5704,0,1822.831746886846,"E1 FFlow, E1 EGT1, AltMSL",30,30,30,30,30,2,30,7729.666715152865,4465.828096770373,537188.8844066048,6568.711626870791,14660.39621085026,13.139291487222794,1652.0156101558082
open_2017_05_08_close_2017_05_08_flight_Fixed Wing_N550ND_before_2_189656.csv,228,5700,5729,0,1748.2928564295069,"E1 FFlow, E1 EGT1, AltMSL",30,30,30,30,30,2,30,7758.992411365968,4465.828096770373,515112.2995899379,6568.711626870791,14660.39621085026,14.076412034887678,1654.1440937352525
open_2017_05_08_close_2017_05_08_flight_Fixed Wing_N550ND_before_2_189656.csv,229,5725,5754,0,1716.9984913162111,"E1 FFlow, E1 EGT1, AltMSL",30,30,30,30,30,1,30,7757.764835184105,4465.828096770373,505305.51964788476,6568.711626870791,14660.39621085026,8.965300923776566,1654.3275903175577
open_2017_05_08_close_2017_05_08_flight_Fixed Wing_N550ND_before_2_189656.csv,230,5750,5779,0,1728.4939229635654,"E1 FFlow, E1 EGT1, AltMSL",30,30,30,30,30,1,30,7756.3809741967725,4465.828096770373,508441.8050962512,6568.711626870791,14660.39621085026,8.098685841340993,1654.1620897063383
open_2017_05_08_close_2017_05_08_flight_Fixed Wing_N550ND_before_2_189656.csv,231,5775,5804,0,1737.7227622269766,"E1 FFlow, E1 EGT1, AltMSL",30,30,30,30,30,0,30,7757.2431737257275,4465.828096770373,511281.91322714544,6568.711626870791,14660.39621085026,3.6822820558520353,1654.096153404374
open_2017_05_08_close_2017_05_08_flight_Fixed Wing_N550ND_before_2_189656.csv,232,5800,5829,0,1731.947630505513,"E1 FFlow, E1 EGT1, AltMSL",30,30,30,30,30,0,30,7756.320983536664,4465.828096770373,509978.79979482084,6568.711626870791,14660.39621085026,3.6822820558520353,1654.2955875281743
open_2017_05_08_close_2017_05_08_flight_Fixed Wing_N550ND_before_2_189656.csv,233,5825,5854,0,1616.6275282377985,"E1 FFlow, E1 EGT1, AltMSL",30,30,30,30,30,3,30,7745.977316880934,4465.828096770373,477394.16854198,6568.711626870791,14660.39621085026,19.01661157631421,1653.579867638986
open_2017_05_08_close_2017_05_08_flight_Fixed Wing_N550ND_before_2_189656.csv,234,5850,5879,0,1538.8374358513747,"E1 FFlow, E1 EGT1, AltMSL",30,30,30,30,30,2,30,7746.2897680013075,4465.828096770373,452973.34122015315,6568.711626870791,14660.39621085026,11.998407289808965,1653.9932427134765
open_2017_05_08_close_2017_05_08_flight_Fixed Wing_N550ND_before_2_189656.csv,235,5875,5904,0,1605.2223857789002,"E1 FFlow, E1 EGT1, AltMSL",30,30,30,30,30,3,30,7756.273360954089,4465.828096770373,470210.21616041526,6568.711626870791,14660.39621085026,36.915500294909634,1654.2515407310084
open_2017_05_08_close_2017_05_08_flight_Fixed Wing_N550ND_before_2_189656.csv,236,5900,5929,0,1657.9447656104917,"E1 FFlow, E1 EGT1, AltMSL",30,30,30,30,30,1,30,7757.543424959665,4465.828096770373,488280.5885079783,6568.711626870791,14660.39621085026,8.867467241037222,1654.335999371297
open_2017_05_08_close_2017_05_08_flight_Fixed Wing_N550ND_before_2_189656.csv,237,5925,5954,0,1405.275150107979,"E1 FFlow, E1 EGT1, AltMSL",30,30,30,30,30,5,30,7757.375211853148,4465.828096770373,410900.7554301518,6568.711626870791,14660.39621085026,375.8499852869172,1653.8782076101602
open_2017_05_08_close_2017_05_08_flight_Fixed Wing_N550ND_before_2_189656.csv,238,5950,5979,0,800.6854697150851,"E1 FFlow, E1 EGT1, AltMSL",30,30,30,30,30,5,30,7757.958554610589,4465.828096770373,235301.5915732232,6568.711626870791,14660.39621085026,37.337136442490326,1654.030977255058
open_2017_05_08_close_2017_05_08_flight_Fixed Wing_N550ND_before_2_189656.csv,239,5975,6004,0,1134.2262299881056,"E1 FFlow, E1 EGT1, AltMSL",30,30,30,30,30,26,30,7757.895257052981,4465.828096770373,321075.12107211346,6568.711626870791,14660.39621085026,380.89512263828357,1654.3734737396692
open_2017_05_08_close_2017_05_08_flight_Fixed Wing_N550ND_before_2_189656.csv,240,6000,6029,0,1453.6861772863758,"E1 FFlow, E1 EGT1, AltMSL",30,30,30,30,30,30,30,7757.719864207425,4465.828096770373,424980.420415162,6568.711626870791,14660.39621085026,155.68144765735252,1654.3081060843285
open_2017_05_08_close_2017_05_08_flight_Fixed Wing_N550ND_before_2_189656.csv,241,6025,6054,0,1501.8011160048848,"E1 FFlow, E1 EGT1, AltMSL",30,30,30,30,30,29,30,7757.918937661952,4465.828096770373,441798.352258996,6568.711626870791,14660.39621085026,149.59449113561337,1654.1803977354757
open_2017_05_08_close_2017_05_08_flight_Fixed Wing_N550ND_before_2_189656.csv,242,6050,6079,0,1336.8987510097188,"E1 FFlow, E1 EGT1, AltMSL",30,30,30,30,30,24,30,7757.879484824482,4465.828096770373,393195.87104479107,6568.711626870791,14660.39621085026,228.96125066630597,1654.3164132769866
open_2017_05_08_close_2017_05_08_flight_Fixed Wing_N550ND_before_2_189656.csv,243,6075,6104,0,1192.5754662403651,"E1 FFlow, E1 EGT1, AltMSL",30,30,30,30,30,19,30,7757.356795868836,4465.828096770373,345085.3731299902,6568.711626870791,14660.39621085026,99.36023287585142,1654.4853128036543
open_2017_05_08_close_2017_05_08_flight_Fixed Wing_N550ND_before_2_189656.csv,244,6100,6129,0,1167.3182274412475,"E1 FFlow, E1 EGT1, AltMSL",30,30,30,30,30,23,30,7757.523849591458,4465.828096770373,341387.17194841115,6568.711626870791,14660.39621085026,705.7833669100296,1654.1642590034583
open_2017_05_08_close_2017_05_08_flight_Fixed Wing_N550ND_before_2_189656.csv,245,6125,6154,0,1186.1841096384342,"E1 FFlow, E1 EGT1, AltMSL",30,30,30,30,30,30,30,7757.403216691296,4465.828096770373,339842.5950041037,6568.711626870791,14660.39621085026,211.8216609077301,1654.3626032257193
open_2017_05_08_close_2017_05_08_flight_Fixed Wing_N550ND_before_2_189656.csv,246,6150,6179,0,1122.9569947519117,"E1 FFlow, E1 EGT1, AltMSL",30,30,30,30,30,29,30,7757.5770286417455,4465.828096770373,330448.7754188344,6568.711626870791,14660.39621085026,151.15070332078295,1654.2442887346979
open_2017_05_08_close_2017_05_08_flight_Fixed Wing_N550ND_before_2_189656.csv,247,6175,6204,0,1110.3620348186987,"E1 FFlow, E1 EGT1, AltMSL",30,30,30,30,30,27,30,7757.5401722466995,4465.828096770373,326463.601465351,6568.711626870791,14660.39621085026,141.37416148417435,1654.2304970550074
open_2017_05_08_close_2017_05_08_flight_Fixed Wing_N550ND_before_2_189656.csv,248,6200,6229,0,1077.741693208826,"E1 FFlow, E1 EGT1, AltMSL",30,30,30,30,30,19,30,7757.540498319941,4465.828096770373,317012.85956996155,6568.711626870791,14660.39621085026,97.78743631073534,1654.2360189317244
open_2017_05_08_close_2017_05_08_flight_Fixed Wing_N550ND_before_3_189762.csv,0,0,29,0,1205.955491875203,"E1 FFlow, E1 EGT1, AltMSL",30,30,30,30,30,30,30,7757.71634571358,4274.875964222472,353596.5396447652,6381.915173953486,14660.39621085026,542.2713463778723,1654.2322453410268
open_2017_05_08_close_2017_05_08_flight_Fixed Wing_N550ND_before_3_189762.csv,1,25,54,0,1291.4305755867015,"E1 FFlow, E1 EGT1, AltMSL",30,30,30,30,30,30,30,7757.7777890581965,4274.875964222472,378993.8716775623,6381.915173953486,14660.39621085026,414.98710095498603,1654.2642857109402
open_2017_05_08_close_2017_05_08_flight_Fixed Wing_N550ND_before_3_189762.csv,2,50,79,0,1324.9543080079027,"E1 FFlow, E1 EGT1, AltMSL",30,30,30,30,30,30,30,7757.822887439421,4274.875964222472,389018.7612025617,6381.915173953486,14660.39621085026,315.00089997789104,1654.2365993904496
open_2017_05_08_close_2017_05_08_flight_Fixed Wing_N550ND_before_3_189762.csv,3,75,104,0,1312.0223329616517,"E1 FFlow, E1 EGT1, AltMSL",30,30,30,30,30,30,30,7757.833514378582,4274.875964222472,385883.95871363307,6381.915173953486,14660.39621085026,295.44067979869686,1654.2494952836794
open_2017_05_08_close_2017_05_08_flight_Fixed Wing_N550ND_before_3_189762.csv,4,100,129,0,1316.7935685617197,"E1 FFlow, E1 EGT1, AltMSL",30,30,30,30,30,30,30,7757.828292597665,4274.875964222472,387542.0243093672,6381.915173953486,14660.39621085026,216.26569986316915,1654.2434387854466
open_2017_05_08_close_2017_05_08_flight_Fixed Wing_N550ND_before_3_189762.csv,5,125,154,0,1318.1614826531961,"E1 FFlow, E1 EGT1, AltMSL",30,30,30,30,30,30,30,7757.799778017237,4274.875964222472,387105.7025953312,6381.915173953486,14660.39621085026,163.4759261849599,1654.229520908256
open_2017_05_08_close_2017_05_08_flight_Fixed Wing_N550ND_before_3_189762.csv,6,150,179,0,1353.139542762682,"E1 FFlow, E1 EGT1, AltMSL",30,30,30,30,30,30,30,7757.838839829128,4274.875964222472,397240.90086142294,6381.915173953486,14660.39621085026,155.68144765735252,1654.2484203118051
open_2017_05_08_close_2017_05_08_flight_Fixed Wing_N550ND_before_3_189762.csv,7,175,204,0,1389.1003601026782,"E1 FFlow, E1 EGT1, AltMSL",30,30,30,30,30,30,30,7757.869683150833,4274.875964222472,408034.3014878389,6381.915173953486,14660.39621085026,155.68144765735252,1654.2156891188336
open_2017_05_08_close_2017_05_08_flight_Fixed Wing_N550ND_before_3_189762.csv,8,200,229,0,1378.7192388722606,"E1 FFlow, E1 EGT1, AltMSL",30,30,30,30,30,30,30,7757.907197411604,4510.439151070107,405399.6740642712,6381.915173953486,14660.39621085026,155.68144765735252,1654.2927101527594
open_2017_05_08_close_2017_05_08_flight_Fixed Wing_N550ND_before_3_189762.csv,9,225,254,0,1410.7196786535328,"E1 FFlow, E1 EGT1, AltMSL",30,30,30,30,30,28,30,7757.937015234511,4643.931483339376,414071.5475056234,6381.915173953486,14660.39621085026,147.09481694434456,1654.3224898584053
open_2017_05_08_close_2017_05_08_flight_Fixed Wing_N550ND_before_3_189762.csv,10,250,279,0,1023.1541486870248,"E1 FFlow, E1 EGT1, AltMSL",30,30,30,30,30,27,30,7758.187592845937,4643.931483339376,302920.05102691945,6381.915173953486,14660.39621085026,882.4558857646186,1654.2835240219501
open_2017_05_08_close_2017_05_08_flight_Fixed Wing_N550ND_before_3_189762.csv,11,275,304,0,1068.5040438494445,"E1 FFlow, E1 EGT1, AltMSL",30,30,30,30,30,30,30,7758.072062884827,4643.931483339376,305448.1845438822,6381.915173953486,14660.39621085026,387.9342431195268,1654.1438103678165
open_2017_05_08_close_2017_05_08_flight_Fixed Wing_N550ND_before_3_189762.csv,12,300,329,0,1006.7244793367302,"E1 FFlow, E1 EGT1, AltMSL",30,30,30,30,30,15,30,7758.4749132840425,4643.931483339376,296803.4127897106,6381.915173953486,14660.39621085026,206.0888669022586,1654.1526503301395
open_2017_05_08_close_2017_05_08_flight_Fixed Wing_N550ND_before_3_189762.csv,13,325,354,0,766.5026241811217,"E1 FFlow, E1 EGT1, AltMSL",30,30,30,30,30,0,30,7758.2325751241715,4643.931483339376,225310.3884848565,6381.915173953486,14660.39621085026,3.6822820558520353,1654.1923607429937
open_2017_05_08_close_2017_05_08_flight_Fixed Wing_N550ND_before_3_189762.csv,14,350,379,0,827.1059036837539,"E1 FFlow, E1 EGT1, AltMSL",30,30,30,30,30,11,30,7758.410051436893,4643.931483339376,240712.85633720335,6381.915173953486,14660.39621085026,259.3319357085152,1653.929226682552
open_2017_05_08_close_2017_05_08_flight_Fixed Wing_N550ND_before_3_189762.csv,15,375,404,0,1109.9550587106396,"E1 FFlow, E1 EGT1, AltMSL",30,30,30,30,30,30,30,7758.134361744431,4643.931483339376,318139.4231844327,6381.915173953486,14660.39621085026,287.2264988690357,1654.1996908980607
open_2017_05_08_close_2017_05_08_flight_Fixed Wing_N550ND_before_3_189762.csv,16,400,429,0,1120.6773501414143,"E1 FFlow, E1 EGT1, AltMSL",30,30,30,30,30,30,30,7757.759659434423,4643.931483339376,328892.4787049858,6381.915173953486,14660.39621085026,179.31612779203266,1654.256906738368
open_2017_05_08_close_2017_05_08_flight_Fixed Wing_N550ND_before_3_189762.csv,17,425,454,0,1382.964586107245,"E1 FFlow, E1 EGT1, AltMSL",30,30,30,30,30,30,30,7757.9482162792065,4643.931483339376,404306.37178217294,6381.915173953486,14660.39621085026,155.68144765735252,1654.1874801185159
open_2017_05_08_close_2017_05_08_flight_Fixed Wing_N550ND_before_3_189762.csv,18,450,479,0,1013.994903690842,"E1 FFlow, E1 EGT1, AltMSL",30,30,30,30,30,13,30,7757.691930246143,4643.931483339376,296395.2436868932,6381.915173953486,14660.39621085026,165.44661570592012,1654.2046244148394
open_2017_05_08_close_2017_05_08_flight_Fixed Wing_N550ND_before_3_189762.csv,19,475,504,0,689.0553761160483,"E1 FFlow, E1 EGT1, AltMSL",30,30,30,30,30,6,30,7757.121575862243,4643.931483339376,197899.6213242035,6381.915173953486,14660.39621085026,52.68196402869722,1654.1922741072988
open_2017_05_08_close_2017_05_08_flight_Fixed Wing_N550ND_before_3_189762.csv,20,500,529,0,1454.02102287381,"E1 FFlow, E1 EGT1, AltMSL",30,30,30,30,30,30,30,7756.974869232845,4643.931483339376,409390.910537908,6381.915173953486,14660.39621085026,169.78520453603537,1654.1652696486492
open_2017_05_08_close_2017_05_08_flight_Fixed Wing_N550ND_before_3_189762.csv,21,525,554,0,1399.3015634925866,"E1 FFlow, E1 EGT1, AltMSL",30,30,30,30,30,30,30,7757.200691931807,4643.931483339376,413063.018979955,6381.915173953486,14660.39621085026,194.96871897623632,1654.3124103223354
open_2017_05_08_close_2017_05_08_flight_Fixed Wing_N550ND_before_3_189762.csv,22,550,579,0,1365.5583736301278,"E1 FFlow, E1 EGT1, AltMSL",30,30,30,30,30,30,30,7757.727074752611,4643.931483339376,403054.39561425085,6381.915173953486,14660.39621085026,155.68144765735252,1654.2282663520941
open_2017_05_08_close_2017_05_08_flight_Fixed Wing_N550ND_before_3_189762.csv,23,575,604,0,1351.0811467372462,"E1 FFlow, E1 EGT1, AltMSL",30,30,30,30,30,30,30,7757.7003357912645,4643.931483339376,395139.4377195556,6381.915173953486,14660.39621085026,155.68144765735252,1654.3230787894302
open_2017_05_08_close_2017_05_08_flight_Fixed Wing_N550ND_before_3_189762.csv,24,600,629,0,1561.7369189746105,"E1 FFlow, E1 EGT1, AltMSL",30,30,30,30,30,30,30,7758.208904957848,4643.931483339376,456385.0916556738,6381.915173953486,14660.39621085026,155.68144765735252,1654.476454465822
open_2017_05_08_close_2017_05_08_flight_Fixed Wing_N550ND_before_3_189762.csv,25,625,654,0,1750.7419925765066,"E1 FFlow, E1 EGT1, AltMSL",30,30,30,30,30,27,30,7755.886492837338,4643.931483339376,513993.68296600395,6381.915173953486,14660.39621085026,140.25296347977493,1654.657150322389
open_2017_05_08_close_2017_05_08_flight_Fixed Wing_N550ND_before_3_189762.csv,26,650,679,0,1791.0048647500253,"E1 FFlow, E1 EGT1, AltMSL",30,30,30,30,30,23,30,7750.454539876449,4643.931483339376,526895.7930948252,6381.915173953486,14660.39621085026,121.3699386584185,1654.6330943693765
open_2017_05_08_close_2017_05_08_flight_Fixed Wing_N550ND_before_3_189762.csv,27,675,704,0,1791.6784821409542,"E1 FFlow, E1 EGT1, AltMSL",30,30,30,30,30,22,30,7746.2991207761725,4643.931483339376,527312.3669179544,6381.915173953486,14660.39621085026,118.01597872737167,1654.8145586446915
open_2017_05_08_close_2017_05_08_flight_Fixed Wing_N550ND_before_3_189762.csv,28,700,729,0,1786.9589630473436,"E1 FFlow, E1 EGT1, AltMSL",30,30,30,30,30,21,30,7753.114275559254,4643.931483339376,526025.0946410898,6381.915173953486,14660.39621085026,105.6671569244684,1654.4535603740962
open_2017_05_08_close_2017_05_08_flight_Fixed Wing_N550ND_before_3_189762.csv,29,725,754,0,1771.8896956189058,"E1 FFlow, E1 EGT1, AltMSL",30,30,30,30,30,18,30,7754.460034323878,4643.931483339376,521550.01321417815,6381.915173953486,14660.39621085026,93.6023072557968,1654.8442462647588
open_2017_05_08_close_2017_05_08_flight_Fixed Wing_N550ND_before_3_189762.csv,30,750,779,0,1775.6893792145727,"E1 FFlow, E1 EGT1, AltMSL",30,30,30,30,30,18,30,7741.799908051608,4543.013734762232,522541.06411108596,6381.915173953486,14660.39621085026,99.3888079647729,1654.2146010310394
open_2017_05_08_close_2017_05_08_flight_Fixed Wing_N550ND_before_3_189762.csv,31,775,804,0,1772.5376937614974,"E1 FFlow, E1 EGT1, AltMSL",30,30,30,30,30,14,30,7750.713106752774,4643.931483339376,521777.93256317324,6381.915173953486,14660.39621085026,74.91477814792525,1654.3444753617619
open_2017_05_08_close_2017_05_08_flight_Fixed Wing_N550ND_before_3_189762.csv,32,800,829,0,1765.0192390350983,"E1 FFlow, E1 EGT1, AltMSL",30,30,30,30,30,15,30,7754.05669187079,4643.931483339376,519579.2809779203,6381.915173953486,14660.39621085026,78.07454306916206,1654.752284658549
open_2017_05_08_close_2017_05_08_flight_Fixed Wing_N550ND_before_3_189762.csv,33,825,854,0,1759.9136059422337,"E1 FFlow, E1 EGT1, AltMSL",30,30,30,30,30,15,30,7755.041687518759,4643.931483339376,517950.18799829326,6381.915173953486,14660.39621085026,76.35430268930493,1654.2882728651487
open_2017_05_08_close_2017_05_08_flight_Fixed Wing_N550ND_before_3_189762.csv,34,850,879,0,1751.8061250279072,"E1 FFlow, E1 EGT1, AltMSL",30,30,30,30,30,13,30,7755.226525397812,4643.931483339376,515688.33912341396,6381.915173953486,14660.39621085026,69.18562203538912,1654.6298888145652
open_2017_05_08_close_2017_05_08_flight_Fixed Wing_N550ND_before_3_189762.csv,35,875,904,0,1738.698146316138,"E1 FFlow, E1 EGT1, AltMSL",30,30,30,30,30,13,30,7755.2177459879,4643.931483339376,511821.7995355645,6381.915173953486,14660.39621085026,70.95503214841305,1654.7663674201203
open_2017_05_08_close_2017_05_08_flight_Fixed Wing_N550ND_before_3_189762.csv,36,900,929,0,1731.12460678314,"E1 FFlow, E1 EGT1, AltMSL",30,30,30,30,30,11,30,7754.927797905817,4643.931483339376,509413.93228505284,6381.915173953486,14660.39621085026,55.60398466324392,1654.5390513197008
open_2017_05_08_close_2017_05_08_flight_Fixed Wing_N550ND_before_3_189762.csv,37,925,954,0,1728.100915161641,"E1 FFlow, E1 EGT1, AltMSL",30,30,30,30,30,12,30,7754.915171446803,4643.931483339376,508628.8534432209,6381.915173953486,14660.39621085026,62.564667353247515,1654.6243862653755
open_2017_05_08_close_2017_05_08_flight_Fixed Wing_N550ND_before_3_189762.csv,38,950,979,0,1724.721186209065,"E1 FFlow, E1 EGT1, AltMSL",30,30,30,30,30,13,30,7755.579168145267,4643.931483339376,507557.89336427004,6381.915173953486,14660.39621085026,70.9520161515692,1654.3789181940856
open_2017_05_08_close_2017_05_08_flight_Fixed Wing_N550ND_before_3_189762.csv,39,975,1004,0,1766.1551366468018,"E1 FFlow, E1 EGT1, AltMSL",30,30,30,30,30,7,30,7756.633959139639,4643.931483339376,518755.37106396497,6381.915173953486,14660.39621085026,39.111990753271456,1654.3962199234124
open_2017_05_08_close_2017_05_08_flight_Fixed Wing_N550ND_before_3_189762.csv,40,1000,1029,0,1846.9217722450674,"E1 FFlow, E1 EGT1, AltMSL",30,30,30,30,30,0,30,7756.452600536885,4643.931483339376,542180.8000781476,6381.915173953486,14660.39621085026,3.6822820558520353,1654.237156053647
open_2017_05_08_close_2017_05_08_flight_Fixed Wing_N550ND_before_3_189762.csv,41,1025,1054,0,1938.273417199503,"E1 FFlow, E1 EGT1, AltMSL",30,30,30,30,30,2,30,7758.8311624794005,4643.931483339376,569832.8198429481,6381.915173953486,14660.39621085026,13.06278915889106,1654.857301143391
open_2017_05_08_close_2017_05_08_flight_Fixed Wing_N550ND_before_3_189762.csv,42,1050,1079,0,1971.949686375488,"E1 FFlow, E1 EGT1, AltMSL",30,30,30,30,30,3,30,7757.4075204883575,4643.931483339376,580021.485382763,6381.915173953486,14660.39621085026,17.4791419495406,1654.1225955616128
open_2017_05_08_close_2017_05_08_flight_Fixed Wing_N550ND_before_3_189762.csv,43,1075,1104,0,1981.0306711199016,"E1 FFlow, E1 EGT1, AltMSL",30,30,30,30,30,4,30,7758.282489135102,4643.931483339376,583448.5858012263,6381.915173953486,14660.39621085026,22.240209033777298,1654.2311931077534
open_2017_05_08_close_2017_05_08_flight_Fixed Wing_N550ND_before_3_189762.csv,44,1100,1129,0,1965.4195299931246,"E1 FFlow, E1 EGT1, AltMSL",30,30,30,30,30,2,30,7754.215999812644,4643.931483339376,578550.2695210619,6381.915173953486,14660.39621085026,12.4910697547116,1653.9503506475023
open_2017_05_08_close_2017_05_08_flight_Fixed Wing_N550ND_before_3_189762.csv,45,1125,1154,0,1948.4201261406147,"E1 FFlow, E1 EGT1, AltMSL",30,30,30,30,30,1,30,7756.279909214559,4643.931483339376,573852.913070377,6381.915173953486,14660.39621085026,7.182282055852034,1654.103846702481
open_2017_05_08_close_2017_05_08_flight_Fixed Wing_N550ND_before_3_189762.csv,46,1150,1179,0,1924.9528061237318,"E1 FFlow, E1 EGT1, AltMSL",30,30,30,30,30,0,30,7759.057382400781,4643.931483339376,566684.0925307979,6381.915173953486,14660.39621085026,3.6822820558520353,1653.9884907365144
open_2017_05_08_close_2017_05_08_flight_Fixed Wing_N550ND_before_3_189762.csv,47,1175,1204,0,1954.7107973949282,"E1 FFlow, E1 EGT1, AltMSL",30,30,30,30,30,0,30,7755.711771255851,4643.931483339376,575036.0044114403,6381.915173953486,14660.39621085026,3.6822820558520353,1654.451437505509
open_2017_05_08_close_2017_05_08_flight_Fixed Wing_N550ND_before_3_189762.csv,48,1200,1229,0,1978.3791533358467,"E1 FFlow, E1 EGT1, AltMSL",30,30,30,30,30,0,30,7756.132779897688,4643.931483339376,582167.0657055299,6381.915173953486,14660.39621085026,3.6822820558520353,1654.544892320278
open_2017_05_08_close_2017_05_08_flight_Fixed Wing_N550ND_before_3_189762.csv,49,1225,1254,0,1974.3327461120314,"E1 FFlow, E1 EGT1, AltMSL",30,30,30,30,30,0,30,7756.817749217701,4643.931483339376,581221.9841328752,6381.915173953486,14660.39621085026,3.6822820558520353,1654.617785342731
open_2017_05_08_close_2017_05_08_flight_Fixed Wing_N550ND_before_3_189762.csv,50,1250,1279,0,1969.8010717390675,"E1 FFlow, E1 EGT1, AltMSL",30,30,30,30,30,0,30,7756.305441705357,4643.931483339376,579872.8500830428,6381.915173953486,14660.39621085026,3.6822820558520353,1654.4946773557408
open_2017_05_08_close_2017_05_08_flight_Fixed Wing_N550ND_before_3_189762.csv,51,1275,1304,0,1975.9392993322717,"E1 FFlow, E1 EGT1, AltMSL",30,30,30,30,30,0,30,7755.780476214447,4643.931483339376,581569.6441898075,6381.915173953486,14660.39621085026,3.6822820558520353,1654.5205711746935
open_2017_05_08_close_2017_05_08_flight_Fixed Wing_N550ND_before_3_189762.csv,52,1300,1329,0,1985.2116169520286,"E1 FFlow, E1 EGT1, AltMSL",30,30,30,30,30,0,30,7755.865265050503,4643.931483339376,584303.5020606907,6381.915173953486,14660.39621085026,3.6822820558520353,1654.4345418869993
open_2017_05_08_close_2017_05_08_flight_Fixed Wing_N550ND_before_3_189762.csv,53,1325,1354,0,1978.451240149591,"E1 FFlow, E1 EGT1, AltMSL",30,30,30,30,30,0,30,7756.622072247782,4643.931483339376,582443.5496657806,6381.915173953486,14660.39621085026,3.6822820558520353,1654.1751107595214
open_2017_05_08_close_2017_05_08_flight_Fixed Wing_N550ND_before_3_189762.csv,54,1350,1379,0,1948.5463913580104,"E1 FFlow, E1 EGT1, AltMSL",30,30,30,30,30,0,30,7757.001413044778,4643.931483339376,574107.1417369851,6381.915173953486,14660.39621085026,3.6822820558520353,1654.28094430395
open_2017_05_08_close_2017_05_08_flight_Fixed Wing_N550ND_before_3_189762.csv,55,1375,1404,0,1958.8274675813964,"E1 FFlow, E1 EGT1, AltMSL",30,30,30,30,30,0,30,7755.307171814397,4643.931483339376,575869.7316076286,6381.915173953486,14660.39621085026,3.6822820558520353,1654.2729000179202
open_2017_05_08_close_2017_05_08_flight_Fixed Wing_N550ND_before_3_189762.csv,56,1400,1429,0,1986.0312310558763,"E1 FFlow, E1 EGT1, AltMSL",30,30,30,30,30,0,30,7754.549960546168,4643.931483339376,584345.3998961312,6381.915173953486,14660.39621085026,3.6822820558520353,1654.2004134075257
open_2017_05_08_close_2017_05_08_flight_Fixed Wing_N550ND_before_3_189762.csv,57,1425,1454,0,1995.1377434224119,"E1 FFlow, E1 EGT1, AltMSL",30,30,30,30,30,0,30,7755.796016427383,4643.931483339376,587218.6399229253,6381.915173953486,14660.39621085026,3.6822820558520353,1654.2968551221925
open_2017_05_08_close_2017_05_08_flight_Fixed Wing_N550ND_before_3_189762.csv,58,1450,1479,0,2000.86172500131,"E1 FFlow, E1 EGT1, AltMSL",30,30,30,30,30,0,30,7755.949262363269,4643.931483339376,588954.6852919331,6381.915173953486,14660.39621085026,3.6822820558520353,1654.1435291366158
open_2017_05_08_close_2017_05_08_flight_Fixed Wing_N550ND_before_3_189762.csv,59,1475,1504,0,1958.5709536247264,"E1 FFlow, E1 EGT1, AltMSL",30,30,30,30,30,0,30,7756.983391497241,4643.931483339376,577169.9613030406,6381.915173953486,14660.39621085026,3.6822820558520353,1653.8691128119804
open_2017_05_08_close_2017_05_08_flight_Fixed Wing_N550ND_before_3_189762.csv,60,1500,1529,0,1941.3781329027836,"E1 FFlow, E1 EGT1, AltMSL",30,30,30,30,30,1,30,7756.985666408049,4643.931483339376,571299.532115746,6381.915173953486,14660.39621085026,7.461351823293896,1654.110718435501
open_2017_05_08_close_2017_05_08_flight_Fixed Wing_N550ND_before_3_189762.csv,61,1525,1554,0,1976.3221196516006,"E1 FFlow, E1 EGT1, AltMSL",30,30,30,30,30,2,30,7755.6569978141015,4643.931483339376,581272.5535955266,6381.915173953486,14660.508717188492,14.091347838052148,1654.4379015985583
open_2017_05_08_close_2017_05_08_flight_Fixed Wing_N550ND_before_3_189762.csv,62,1550,1579,0,1990.7087343262453,"E1 FFlow, E1 EGT1, AltMSL",30,30,30,30,30,1,30,7756.1592435507,4643.931483339376,585949.4177039288,6381.915173953486,14661.146696567304,8.682282055852037,1654.222017094718
open_2017_05_08_close_2017_05_08_flight_Fixed Wing_N550ND_before_3_189762.csv,63,1575,1604,0,1988.16659500808,"E1 FFlow, E1 EGT1, AltMSL",30,30,30,30,30,0,30,7755.470031036531,4643.931483339376,585250.0605310245,6381.915173953486,14661.403640244334,3.6822820558520353,1654.0614209571993
open_2017_05_08_close_2017_05_08_flight_Fixed Wing_N550ND_before_3_189762.csv,64,1600,1629,0,1992.0120006184777,"E1 FFlow, E1 EGT1, AltMSL",30,30,30,30,30,0,30,7755.642131685637,4643.931483339376,586193.8410804395,6381.915173953486,14661.403640244334,3.6822820558520353,1654.483734377635
open_2017_05_08_close_2017_05_08_flight_Fixed Wing_N550ND_before_3_189762.csv,65,1625,1654,0,2000.0122183921878,"E1 FFlow, E1 EGT1, AltMSL",30,30,30,30,30,0,30,7755.940780229615,4643.931483339376,588677.3839549108,6381.915173953486,14661.403640244334,3.6822820558520353,1654.2617424011653
open_2017_05_08_close_2017_05_08_flight_Fixed Wing_N550ND_before_3_189762.csv,66,1650,1679,0,1977.3863249791436,"E1 FFlow, E1 EGT1, AltMSL",30,30,30,30,30,0,30,7756.746731746785,4643.931483339376,582496.446924388,6381.915173953486,14661.403640244334,3.6822820558520353,1653.6816592012742
open_2017_05_08_close_2017_05_08_flight_Fixed Wing_N550ND_before_3_189762.csv,67,1675,1704,0,1931.7084859015026,"E1 FFlow, E1 EGT1, AltMSL",30,30,30,30,30,0,30,7758.385488380189,4643.931483339376,568961.7356659136,6381.915173953486,14661.403640244334,3.6822820558520353,1654.086197589257
open_2017_05_08_close_2017_05_08_flight_Fixed Wing_N550ND_before_3_189762.csv,68,1700,1729,0,1942.9531807379542,"E1 FFlow, E1 EGT1, AltMSL",30,30,30,30,30,1,30,7757.942339512513,4643.931483339376,571393.7125646906,6381.915173953486,14661.403640244334,8.736433680400776,1653.9702041290686
open_2017_05_08_close_2017_05_08_flight_Fixed Wing_N550ND_before_3_189762.csv,69,1725,1754,0,1970.2383624919405,"E1 FFlow, E1 EGT1, AltMSL",30,30,30,30,30,0,30,7756.782697693288,4643.931483339376,579889.8977482292,6381.915173953486,14661.403640244334,3.6822820558520353,1654.2894631968313
open_2017_05_08_close_2017_05_08_flight_Fixed Wing_N550ND_before_3_189762.csv,70,1750,1779,0,1970.6631738056976,"E1 FFlow, E1 EGT1, AltMSL",30,30,30,30,30,0,30,7755.953926273875,4643.931483339376,579960.1661378865,6381.915173953486,14661.403640244334,3.6822820558520353,1654.4176252448187
open_2017_05_08_close_2017_05_08_flight_Fixed Wing_N550ND_before_3_189762.csv,71,1775,1804,0,1978.7234809578767,"E1 FFlow, E1 EGT1, AltMSL",30,30,30,30,30,0,30,7755.982411873768,4643.931483339376,582416.9009174643,6381.915173953486,14661.403640244334,3.6822820558520353,1653.947002398775
open_2017_05_08_close_2017_05_08_flight_Fixed Wing_N550ND_before_3_189762.csv,72,1800,1829,0,1976.6070950232154,"E1 FFlow, E1 EGT1, AltMSL",30,30,30,30,30,0,30,7756.16542110748,4643.931483339376,581868.0170674213,6381.915173953486,14661.403640244334,3.6822820558520353,1654.5669021239837
open_2017_05_08_close_2017_05_08_flight_Fixed Wing_N550ND_before_3_189762.csv,73,1825,1854,0,1977.6254477508526,"E1 FFlow, E1 EGT1, AltMSL",30,30,30,30,30,0,30,7756.466611705586,4643.931483339376,582047.5173228818,6381.915173953486,14661.403640244334,3.6822820558520353,1654.3793503026027
open_2017_05_08_close_2017_05_08_flight_Fixed Wing_N550ND_before_3_189762.csv,74,1850,1879,0,1982.4653714851192,"E1 FFlow, E1 EGT1, AltMSL",30,30,30,30,30,0,30,7756.477236950768,4643.931483339376,583510.7024923669,6381.915173953486,14661.403640244334,3.6822820558520353,1654.1643747088904
open_2017_05_08_close_2017_05_08_flight_Fixed Wing_N550ND_before_3_189762.csv,75,1875,1904,0,1971.6805266135927,"E1 FFlow, E1 EGT1, AltMSL",30,30,30,30,30,0,30,7757.355611545217,4643.931483339376,580475.5025219914,6381.915173953486,14661.403640244334,3.6822820558520353,1653.9184875565068
open_2017_05_08_close_2017_05_08_flight_Fixed Wing_N550ND_before_3_189762.csv,76,1900,1929,0,1975.8861935875702,"E1 FFlow, E1 EGT1, AltMSL",30,30,30,30,30,0,30,7754.8675341506605,4643.931483339376,581245.3193252828,6381.915173953486,14661.403640244334,3.6822820558520353,1654.1565616320772
open_2017_05_08_close_2017_05_08_flight_Fixed Wing_N550ND_before_3_189762.csv,77,1925,1954,0,1993.1470793244387,"E1 FFlow, E1 EGT1, AltMSL",30,30,30,30,30,0,30,7755.561034227059,4643.931483339376,586628.5887300619,6381.915173953486,14661.403640244334,3.6822820558520353,1654.2021132900609
open_2017_05_08_close_2017_05_08_flight_Fixed Wing_N550ND_before_3_189762.csv,78,1950,1979,0,1994.5177760120716,"E1 FFlow, E1 EGT1, AltMSL",30,30,30,30,30,0,30,7756.03290003994,4643.931483339376,587098.8545825932,6381.915173953486,14661.403640244334,3.6822820558520353,1654.3447378653195
open_2017_05_08_close_2017_05_08_flight_Fixed Wing_N550ND_before_3_189762.csv,79,1975,2004,0,1994.451650685663,"E1 FFlow, E1 EGT1, AltMSL",30,30,30,30,30,0,30,7757.578398427725,4643.931483339376,586997.5095369213,6381.915173953486,14661.403640244334,3.6822820558520353,1654.0478965250145
open_2017_05_08_close_2017_05_08_flight_Fixed Wing_N550ND_before_3_189762.csv,80,2000,2029,0,1975.2892489854562,"E1 FFlow, E1 EGT1, AltMSL",30,30,30,30,30,0,30,7757.347810320961,4643.931483339376,581892.895108816,6381.915173953486,14661.403640244334,3.6822820558520353,1653.7693263482042
open_2017_05_08_close_2017_05_08_flight_Fixed Wing_N550ND_before_3_189762.csv,81,2025,2054,0,1948.963453027985,"E1 FFlow, E1 EGT1, AltMSL",30,30,30,30,30,0,30,7758.513543750829,4643.931483339376,573627.1614300353,6381.915173953486,14661.403640244334,3.6822820558520353,1654.660948514097
open_2017_05_08_close_2017_05_08_flight_Fixed Wing_N550ND_before_3_189762.csv,82,2050,2079,0,1952.612676456115,"E1 FFlow, E1 EGT1, AltMSL",30,30,30,30,30,0,30,7756.5458285910345,4643.931483339376,574671.9971104808,6381.915173953486,14661.403640244334,3.6822820558520353,1654.2177560932587
open_2017_05_08_close_2017_05_08_flight_Fixed Wing_N550ND_before_3_189762.csv,83,2075,2104,0,1965.1435329167375,"E1 FFlow, E1 EGT1, AltMSL",30,30,30,30,30,0,30,7755.853954573891,4643.931483339376,578216.3168253556,6381.915173953486,14661.403640244334,3.6822820558520353,1654.5419765804393
open_2017_05_08_close_2017_05_08_flight_Fixed Wing_N550ND_before_3_189762.csv,84,2100,2129,0,1959.252978350567,"E1 FFlow, E1 EGT1, AltMSL",30,30,30,30,30,0,30,7757.065374656519,4643.931483339376,577060.9799307258,6381.915173953486,14661.403640244334,3.6822820558520353,1654.7285487721867
open_2017_05_08_close_2017_05_08_flight_Fixed Wing_N550ND_before_3_189762.csv,85,2125,2154,0,1936.234263861007,"E1 FFlow, E1 EGT1, AltMSL",30,30,30,30,30,0,30,7755.75128159254,4643.931483339376,569641.0504561522,6381.915173953486,14661.403640244334,3.6822820558520353,1654.2378041547477
open_2017_05_08_close_2017_05_08_flight_Fixed Wing_N550ND_before_3_189762.csv,86,2150,2179,0,1965.1752112392066,"E1 FFlow, E1 EGT1, AltMSL",30,30,30,30,30,0,30,7756.256143338288,4643.931483339376,578066.8841923577,6381.915173953486,14661.403640244334,3.6822820558520353,1654.2326283418258
open_2017_05_08_close_2017_05_08_flight_Fixed Wing_N550ND_before_3_189762.csv,87,2175,2204,0,1988.0264544281868,"E1 FFlow, E1 EGT1, AltMSL",30,30,30,30,30,0,30,7756.527301603732,4643.931483339376,584916.0866556801,6381.915173953486,14661.403640244334,3.6822820558520353,1654.36982763596
open_2017_05_08_close_2017_05_08_flight_Fixed Wing_N550ND_before_3_189762.csv,88,2200,2229,0,1998.135241302171,"E1 FFlow, E1 EGT1, AltMSL",30,30,30,30,30,0,30,7755.086695889893,4643.931483339376,588124.3028551788,6381.915173953486,14661.403640244334,3.6822820558520353,1654.6807250263107
open_2017_05_08_close_2017_05_08_flight_Fixed Wing_N550ND_before_3_189762.csv,89,2225,2254,0,1996.8788341019012,"E1 FFlow, E1 EGT1, AltMSL",30,30,30,30,30,0,30,7756.068469079237,4643.931483339376,587826.8110403563,6381.915173953486,14661.403640244334,3.6822820558520353,1654.4049643396268
open_2017_05_08_close_2017_05_08_flight_Fixed Wing_N550ND_before_3_189762.csv,90,2250,2279,0,1996.5705272407267,"E1 FFlow, E1 EGT1, AltMSL",30,30,30,30,30,0,30,7755.994980908972,4643.931483339376,587590.526533138,6381.915173953486,14661.403640244334,3.6822820558520353,1654.2857227432212
open_2017_05_08_close_2017_05_08_flight_Fixed Wing_N550ND_before_3_189762.csv,91,2275,2304,0,1999.3362551344262,"E1 FFlow, E1 EGT1, AltMSL",30,30,30,30,30,0,30,7757.117427335718,4643.931483339376,588615.3854932424,6381.915173953486,14661.403640244334,3.6822820558520353,1653.8849889214557
open_2017_05_08_close_2017_05_08_flight_Fixed Wing_N550ND_before_3_189762.csv,92,2300,2329,0,1976.0240582998342,"E1 FFlow, E1 EGT1, AltMSL",30,30,30,30,30,0,30,7756.504531848363,4643.931483339376,582108.8515899791,6381.915173953486,14661.403640244334,3.6822820558520353,1654.6381881962268
open_2017_05_08_close_2017_05_08_flight_Fixed Wing_N550ND_before_3_189762.csv,93,2325,2354,0,1947.4039421234168,"E1 FFlow, E1 EGT1, AltMSL",30,30,30,30,30,0,30,7754.062428588151,4643.931483339376,573019.5239929778,6381.915173953486,14661.403640244334,3.6822820558520353,1654.2838100883682
open_2017_05_08_close_2017_05_08_flight_Fixed Wing_N550ND_before_3_189762.csv,94,2350,2379,0,1951.2536948136883,"E1 FFlow, E1 EGT1, AltMSL",30,30,30,30,30,0,30,7756.89249391282,4643.931483339376,574343.9193760325,6381.915173953486,14661.403640244334,3.6822820558520353,1654.5595096884852
open_2017_05_08_close_2017_05_08_flight_Fixed Wing_N550ND_before_3_189762.csv,95,2375,2404,0,1967.9164863147764,"E1 FFlow, E1 EGT1, AltMSL",30,30,30,30,30,0,30,7755.982838236196,4426.947439106213,578858.2682018513,6450.061863396492,14661.403640244334,3.6822820558520353,1654.0544423476867
open_2017_05_08_close_2017_05_08_flight_Fixed Wing_N550ND_before_3_189762.csv,96,2400,2429,0,1987.2771534694346,"E1 FFlow, E1 EGT1, AltMSL",30,30,30,30,30,0,30,7756.505256698609,4255.504008746597,584845.7795867294,6508.556836948271,14661.403640244334,3.6822820558520353,1654.6896912110299
open_2017_05_08_close_2017_05_08_flight_Fixed Wing_N550ND_before_3_189762.csv,97,2425,2454,0,1956.1516977090625,"E1 FFlow, E1 EGT1, AltMSL",30,30,30,30,30,0,30,7758.229424813243,4255.504008746597,576304.2462623519,6508.556836948271,14661.403640244334,3.6822820558520353,1654.1391984327379
open_2017_05_08_close_2017_05_08_flight_Fixed Wing_N550ND_before_3_189762.csv,98,2450,2479,0,1926.2517177748753,"E1 FFlow, E1 EGT1, AltMSL",30,30,30,30,30,0,30,7756.838315814019,4255.504008746597,567138.5577162695,6508.556836948271,14661.403640244334,3.6822820558520353,1654.5793874464366
open_2017_05_08_close_2017_05_08_flight_Fixed Wing_N550ND_before_3_189762.csv,99,2475,2504,0,1954.2678542399258,"E1 FFlow, E1 EGT1, AltMSL",30,30,30,30,30,0,30,7755.232236712599,4255.504008746597,574553.7905404547,6508.556836948271,14661.403640244334,3.6822820558520353,1654.041052857454
open_2017_05_08_close_2017_05_08_flight_Fixed Wing_N550ND_before_3_189762.csv,100,2500,2529,0,1983.1992234541292,"E1 FFlow, E1 EGT1, AltMSL",30,30,30,30,30,0,30,7758.217138578677,4255.504008746597,583524.5060053079,6508.556836948271,14661.403640244334,3.6822820558520353,1654.4578903568354
open_2017_05_08_close_2017_05_08_flight_Fixed Wing_N550ND_before_3_189762.csv,101,2525,2554,0,1993.1405733813822,"E1 FFlow, E1 EGT1, AltMSL",30,30,30,30,30,0,30,7757.178884302324,4255.504008746597,586644.3711714838,6508.556836948271,14661.403640244334,3.6822820558520353,1654.4531787194126
open_2017_05_08_close_2017_05_08_flight_Fixed Wing_N550ND_before_3_189762.csv,102,2550,2579,0,1974.7776308334421,"E1 FFlow, E1 EGT1, AltMSL",30,30,30,30,30,0,30,7757.029023803945,4255.504008746597,581544.935905319,6508.556836948271,14661.403640244334,3.6822820558520353,1653.8240912859142
open_2017_05_08_close_2017_05_08_flight_Fixed Wing_N550ND_before_3_189762.csv,103,2575,2604,0,1987.5875714034191,"E1 FFlow, E1 EGT1, AltMSL",30,30,30,30,30,0,30,7756.674203840055,4255.504008746597,584817.62435433,6508.556836948271,14661.403640244334,3.6822820558520353,1654.124486179055
open_2017_05_08_close_2017_05_08_flight_Fixed Wing_N550ND_before_3_189762.csv,104,2600,2629,0,1922.2145648496562,"E1 FFlow, E1 EGT1, AltMSL",30,30,30,30,30,3,30,7758.215590571271,4255.504008746597,566955.0106667734,6508.556836948271,14661.403640244334,18.68329667689108,1654.4144538876867
open_2017_05_08_close_2017_05_08_flight_Fixed Wing_N550ND_before_3_189762.csv,105,2625,2654,0,1903.4813952124784,"E1 FFlow, E1 EGT1, AltMSL",30,30,30,30,30,9,30,7756.046627311876,4255.504008746597,559310.5967756639,6508.556836948271,14661.403640244334,50.08374529509381,1654.6741930764008
open_2017_05_08_close_2017_05_08_flight_Fixed Wing_N550ND_before_3_189762.csv,106,2650,2679,0,1968.3005066985631,"E1 FFlow, E1 EGT1, AltMSL",30,30,30,30,30,7,30,7756.5932988112245,4255.504008746597,579179.461814497,6508.556836948271,14661.403640244334,38.52150799541822,1654.1819016822822
open_2017_05_08_close_2017_05_08_flight_Fixed Wing_N550ND_before_3_189762.csv,107,2675,2704,0,1979.4675534084786,"E1 FFlow, E1 EGT1, AltMSL",30,30,30,30,30,5,30,7756.751914054712,4255.504008746597,582324.2499782504,6508.556836948271,14661.403640244334,28.288758841288395,1654.3232059380905
open_2017_05_08_close_2017_05_08_flight_Fixed Wing_N550ND_before_3_189762.csv,108,2700,2729,0,1990.8125438471197,"E1 FFlow, E1 EGT1, AltMSL",30,30,30,30,30,7,30,7756.003411234281,4255.504008746597,585950.3465076182,6508.556836948271,14661.403640244334,42.294030562374935,1654.4204039720412
open_2017_05_08_close_2017_05_08_flight_Fixed Wing_N550ND_before_3_189762.csv,109,2725,2754,0,1982.253470631742,"E1 FFlow, E1 EGT1, AltMSL",30,30,30,30,30,10,30,7756.2988172233,4255.504008746597,583367.3727952534,6508.556836948271,14661.403640244334,55.94368249715784,1653.8138474101584
open_2017_05_08_close_2017_05_08_flight_Fixed Wing_N550ND_before_3_189762.csv,110,2750,2779,0,1973.45580210773,"E1 FFlow, E1 EGT1, AltMSL",30,30,30,30,30,8,30,7757.039594670923,4255.504008746597,581089.0949037113,6508.556836948271,14661.403640244334,41.95293585990577,1654.7314685843553
open_2017_05_08_close_2017_05_08_flight_Fixed Wing_N550ND_before_3_189762.csv,111,2775,2804,0,1813.2695196561367,"E1 FFlow, E1 EGT1, AltMSL",30,30,30,30,30,9,30,7758.915687425076,4255.504008746597,535825.99519289,6508.556836948271,14661.403640244334,46.88211342026224,1654.4672395096602
open_2017_05_08_close_2017_05_08_flight_Fixed Wing_N550ND_before_3_189762.csv,112,2800,2829,0,1745.2148613186052,"E1 FFlow, E1 EGT1, AltMSL",30,30,30,30,30,8,30,7758.99479564596,4255.504008746597,513749.1285032843,6508.556836948271,14661.403640244334,41.1826239939687,1654.299861362594
open_2017_05_08_close_2017_05_08_flight_Fixed Wing_N550ND_before_3_189762.csv,113,2825,2854,0,1739.3123956975212,"E1 FFlow, E1 EGT1, AltMSL",30,30,30,30,30,9,30,7758.491486139016,4255.504008746597,511854.0755737493,6508.556836948271,14661.403640244334,48.54949531426865,1654.235632490314
open_2017_05_08_close_2017_05_08_flight_Fixed Wing_N550ND_before_3_189762.csv,114,2850,2879,0,1743.30299112313,"E1 FFlow, E1 EGT1, AltMSL",30,30,30,30,30,9,30,7758.578464783622,4255.504008746597,513025.8212339669,6508.556836948271,14661.403640244334,52.455085046106994,1654.4014616531003
open_2017_05_08_close_2017_05_08_flight_Fixed Wing_N550ND_before_3_189762.csv,115,2875,2904,0,1753.1639437813624,"E1 FFlow, E1 EGT1, AltMSL",30,30,30,30,30,11,30,7759.466309356683,4255.504008746597,515376.9788643287,6508.556836948271,14661.403640244334,55.06368424932367,1653.4561096931436
open_2017_05_08_close_2017_05_08_flight_Fixed Wing_N550ND_before_3_189762.csv,116,2900,2929,0,1926.5209074524987,"E1 FFlow, E1 EGT1, AltMSL",30,30,30,30,30,11,30,7757.28421165409,4255.504008746597,564079.5022342983,6508.556836948271,14661.403640244334,53.03348750285943,1653.9182745698743
open_2017_05_08_close_2017_05_08_flight_Fixed Wing_N550ND_before_3_189762.csv,117,2925,2954,0,1936.048183564513,"E1 FFlow, E1 EGT1, AltMSL",30,30,30,30,30,8,30,7758.60487799835,4255.504008746597,570605.6629781724,6508.556836948271,14661.403640244334,41.86767938737277,1654.5692042279397
open_2017_05_08_close_2017_05_08_flight_Fixed Wing_N550ND_before_3_189762.csv,118,2950,2979,0,1902.9271141982802,"E1 FFlow, E1 EGT1, AltMSL",30,30,30,30,30,11,30,7757.031508393972,4255.504008746597,559849.9219663513,6508.556836948271,14661.403640244334,53.135087264271526,1654.5713331079576
open_2017_05_08_close_2017_05_08_flight_Fixed Wing_N550ND_before_3_189762.csv,119,2975,3004,0,1996.2108640576635,"E1 FFlow, E1 EGT1, AltMSL",30,30,30,30,30,9,30,7765.507654040931,4255.504008746597,586487.6574501363,6508.556836948271,14661.403640244334,51.578869944599866,1654.2582117168488
open_2017_05_08_close_2017_05_08_flight_Fixed Wing_N550ND_before_3_189762.csv,120,3000,3029,0,2026.2930653953533,"E1 FFlow, E1 EGT1, AltMSL",30,30,30,30,30,8,30,7766.200884603454,4255.504008746597,596477.98845653,6508.556836948271,14661.403640244334,43.351204974707635,1653.9790200566977
open_2017_05_08_close_2017_05_08_flight_Fixed Wing_N550ND_before_3_189762.csv,121,3025,3054,0,1927.9748267568825,"E1 FFlow, E1 EGT1, AltMSL",30,30,30,30,30,11,30,7757.341859141961,4255.504008746597,569068.3303858816,6508.556836948271,14661.832040690406,53.205093317418644,1654.176140992077
open_2017_05_08_close_2017_05_08_flight_Fixed Wing_N550ND_before_3_189762.csv,122,3050,3079,0,1909.846868197378,"E1 FFlow, E1 EGT1, AltMSL",30,30,30,30,30,7,30,7763.263125262495,4255.504008746597,561020.0569621313,6508.556836948271,14662.411069638403,39.413866293907915,1654.156455509352
open_2017_05_08_close_2017_05_08_flight_Fixed Wing_N550ND_before_3_189762.csv,123,3075,3104,0,1829.866351722859,"E1 FFlow, E1 EGT1, AltMSL",30,30,30,30,30,7,30,7764.9924977084565,4255.504008746597,540385.2383181581,6508.556836948271,14662.411069638403,39.508986390518004,1654.6766472174977
open_2017_05_08_close_2017_05_08_flight_Fixed Wing_N550ND_before_3_189762.csv,124,3100,3129,0,1939.3620366517957,"E1 FFlow, E1 EGT1, AltMSL",30,30,30,30,30,4,30,7758.945435659736,4255.504008746597,568165.0529890421,6508.556836948271,14662.411069638403,25.132401385709905,1654.4753218109056
open_2017_05_08_close_2017_05_08_flight_Fixed Wing_N550ND_before_3_189762.csv,125,3125,3154,0,2025.7571974860628,"E1 FFlow, E1 EGT1, AltMSL",30,30,30,30,30,9,30,7755.511763116668,4255.504008746597,596061.6489503494,6508.556836948271,14662.411069638403,55.973420884429935,1654.3999794829788
open_2017_05_08_close_2017_05_08_flight_Fixed Wing_N550ND_before_3_189762.csv,126,3150,3179,0,2026.428684004829,"E1 FFlow, E1 EGT1, AltMSL",30,30,30,30,30,13,30,7756.436582540613,4255.504008746597,596398.8460456623,6508.556836948271,14662.411069638403,70.4838114934435,1654.2467605180238
open_2017_05_08_close_2017_05_08_flight_Fixed Wing_N550ND_before_3_189762.csv,127,3175,3204,0,2028.7409261125085,"E1 FFlow, E1 EGT1, AltMSL",30,30,30,30,30,12,30,7756.000808262568,4255.504008746597,597426.4741077335,6508.556836948271,14662.411069638403,67.23517442728438,1654.3477739993484
open_2017_05_08_close_2017_05_08_flight_Fixed Wing_N550ND_before_3_189762.csv,128,3200,3229,0,1848.6038491905188,"E1 FFlow, E1 EGT1, AltMSL",30,30,30,30,30,9,30,7756.255697487853,4255.504008746597,546566.3903340522,6508.556836948271,14662.411069638403,52.163664073113004,1654.148571390988
open_2017_05_08_close_2017_05_08_flight_Fixed Wing_N550ND_before_3_189762.csv,129,3225,3254,0,1734.0318724197384,"E1 FFlow, E1 EGT1, AltMSL",30,30,30,30,30,3,30,7757.047965974993,4255.504008746597,511373.3228863974,6508.556836948271,14662.411069638403,23.229628333457562,1654.8389003361997
open_2017_05_08_close_2017_05_08_flight_Fixed Wing_N550ND_before_3_189762.csv,130,3250,3279,0,1627.2045051168827,"E1 FFlow, E1 EGT1, AltMSL",30,30,30,30,30,5,30,7757.59329529875,4255.504008746597,479669.42530118814,6508.556836948271,14662.411069638403,28.935122601621615,1653.987095808359
open_2017_05_08_close_2017_05_08_flight_Fixed Wing_N550ND_before_3_189762.csv,131,3275,3304,0,1702.105438334655,"E1 FFlow, E1 EGT1, AltMSL",30,30,30,30,30,2,30,7756.50179675845,4255.504008746597,499517.9141285049,6508.556836948271,14662.411069638403,14.88034968870228,1654.4056809749316
open_2017_05_08_close_2017_05_08_flight_Fixed Wing_N550ND_before_3_189762.csv,132,3300,3329,0,1657.1955630415657,"E1 FFlow, E1 EGT1, AltMSL",30,30,30,30,30,6,30,7757.699492192552,4255.504008746597,488767.2249617141,6508.556836948271,14662.411069638403,34.895119225576885,1654.258246218224
open_2017_05_08_close_2017_05_08_flight_Fixed Wing_N550ND_before_3_189762.csv,133,3325,3354,0,1635.4622117644533,"E1 FFlow, E1 EGT1, AltMSL",30,30,30,30,30,3,30,7756.891657512585,4255.504008746597,480193.63411393325,6508.556836948271,14662.411069638403,19.89677909727215,1654.2816617171668
open_2017_05_08_close_2017_05_08_flight_Fixed Wing_N550ND_before_3_189762.csv,134,3350,3379,0,1727.2733733895275,"E1 FFlow, E1 EGT1, AltMSL",30,30,30,30,30,2,30,7757.263425970634,4255.504008746597,508131.4065790318,6508.556836948271,14662.411069638403,11.764426156095688,1654.059907288364
open_2017_05_08_close_2017_05_08_flight_Fixed Wing_N550ND_before_3_189762.csv,135,3375,3404,0,1712.7470449465325,"E1 FFlow, E1 EGT1, AltMSL",30,30,30,30,30,3,30,7757.425532962454,4255.504008746597,504084.3673157528,6508.556836948271,14662.411069638403,17.222287886823892,1654.4701106692582
open_2017_05_08_close_2017_05_08_flight_Fixed Wing_N550ND_before_3_189762.csv,136,3400,3429,0,1646.0413657525962,"E1 FFlow, E1 EGT1, AltMSL",30,30,30,30,30,3,30,7757.704862446135,4255.504008746597,484848.35710057616,6508.556836948271,14662.411069638403,21.498755245459556,1654.197114418974
open_2017_05_08_close_2017_05_08_flight_Fixed Wing_N550ND_before_3_189762.csv,137,3425,3454,0,1697.4209634700803,"E1 FFlow, E1 EGT1, AltMSL",30,30,30,30,30,1,30,7757.289693064094,4255.504008746597,499106.26144933375,6508.556836948271,14662.411069638403,9.769238577591167,1654.0140822781004
open_2017_05_08_close_2017_05_08_flight_Fixed Wing_N550ND_before_3_189762.csv,138,3450,3479,0,1626.2621517804496,"E1 FFlow, E1 EGT1, AltMSL",30,30,30,30,30,2,30,7757.480946351996,4255.504008746597,478812.9736693427,6508.556836948271,14662.411069638403,15.367143773464852,1654.138168179367
open_2017_05_08_close_2017_05_08_flight_Fixed Wing_N550ND_before_3_189762.csv,139,3475,3504,0,1231.9173702453902,"E1 FFlow, E1 EGT1, AltMSL",30,30,30,30,30,4,30,7757.8302168058035,4255.504008746597,359253.16466551926,6508.556836948271,14662.411069638403,27.58503272454285,1654.3211295843275
open_2017_05_08_close_2017_05_08_flight_Fixed Wing_N550ND_before_3_189762.csv,140,3500,3529,0,1033.6726195732097,"E1 FFlow, E1 EGT1, AltMSL",30,30,30,30,30,6,30,7757.639616081346,4255.504008746597,293476.0835713047,6508.556836948271,14662.411069638403,233.57215246918574,1654.1823220096044
open_2017_05_08_close_2017_05_08_flight_Fixed Wing_N550ND_before_3_189762.csv,141,3525,3554,0,1193.71737269115,"E1 FFlow, E1 EGT1, AltMSL",30,30,30,30,30,11,30,7757.558776375557,4255.504008746597,317763.8194626577,6508.556836948271,14662.411069638403,62.34021163976729,1654.1918465364856
open_2017_05_08_close_2017_05_08_flight_Fixed Wing_N550ND_before_3_189762.csv,142,3550,3579,0,1737.9049073624665,"E1 FFlow, E1 EGT1, AltMSL",30,30,30,30,30,14,30,7755.540594628686,4255.504008746597,509589.2825840044,6508.556836948271,14662.411069638403,71.73355166558696,1654.6483719826078
open_2017_05_08_close_2017_05_08_flight_Fixed Wing_N550ND_before_3_189762.csv,143,3575,3604,0,1786.5311824123828,"E1 FFlow, E1 EGT1, AltMSL",30,30,30,30,30,8,30,7755.82153486328,4255.504008746597,525549.1071428322,6508.556836948271,14662.411069638403,46.303870911975764,1654.772208095675
open_2017_05_08_close_2017_05_08_flight_Fixed Wing_N550ND_before_3_189762.csv,144,3600,3629,0,1793.0164331719413,"E1 FFlow, E1 EGT1, AltMSL",30,30,30,30,30,10,30,7754.7976578816315,4255.504008746597,527753.1262964418,6508.556836948271,14662.411069638403,51.9744028486696,1654.9275633660632
open_2017_05_08_close_2017_05_08_flight_Fixed Wing_N550ND_before_3_189762.csv,145,3625,3654,0,1786.8843492840886,"E1 FFlow, E1 EGT1, AltMSL",30,30,30,30,30,7,30,7754.553605714175,4255.504008746597,525933.729703448,6508.556836948271,14662.411069638403,39.788392220924074,1654.2688750548223
open_2017_05_08_close_2017_05_08_flight_Fixed Wing_N550ND_before_3_189762.csv,146,3650,3679,0,1788.0074136317128,"E1 FFlow, E1 EGT1, AltMSL",30,30,30,30,30,7,30,7751.492925041342,4448.512851870723,526048.8980276092,6508.556836948271,14662.411069638403,40.106381255791405,1654.333327912101
open_2017_05_08_close_2017_05_08_flight_Fixed Wing_N550ND_before_3_189762.csv,147,3675,3704,0,1786.3652819408146,"E1 FFlow, E1 EGT1, AltMSL",30,30,30,30,30,6,30,7752.0483437769735,4926.40622186003,526061.1550629444,6508.556836948271,14662.411069638403,32.739221451656995,1654.2847258346844
open_2017_05_08_close_2017_05_08_flight_Fixed Wing_N550ND_before_3_189762.csv,148,3700,3729,0,1801.0588078600767,"E1 FFlow, E1 EGT1, AltMSL",30,30,30,30,30,6,30,7754.932641381903,4926.40622186003,529114.1671316702,6508.556836948271,14662.411069638403,30.00153926660621,1654.7455228810536
open_2017_05_08_close_2017_05_08_flight_Fixed Wing_N550ND_before_3_189762.csv,149,3725,3754,0,1846.943808593355,"E1 FFlow, E1 EGT1, AltMSL",30,30,30,30,30,6,30,7755.778764760696,4926.40622186003,543573.8885987714,6508.556836948271,14662.411069638403,36.503385642912555,1654.6202967318945
open_2017_05_08_close_2017_05_08_flight_Fixed Wing_N550ND_before_3_189762.csv,150,3750,3779,0,1800.210048284581,"E1 FFlow, E1 EGT1, AltMSL",30,30,30,30,30,3,30,7755.330884788523,4926.40622186003,530541.213556165,6508.556836948271,14662.411069638403,19.359906046624822,1654.3333909258865
open_2017_05_08_close_2017_05_08_flight_Fixed Wing_N550ND_before_3_189762.csv,151,3775,3804,0,1759.2573792744834,"E1 FFlow, E1 EGT1, AltMSL",30,30,30,30,30,5,30,7755.079441424391,4926.40622186003,517657.4422340054,6508.556836948271,14662.411069638403,24.10765867305909,1654.2418268572796
open_2017_05_08_close_2017_05_08_flight_Fixed Wing_N550ND_before_3_189762.csv,152,3800,3829,0,1752.9373538700183,"E1 FFlow, E1 EGT1, AltMSL",30,30,30,30,30,2,30,7754.830143400772,4926.40622186003,516080.33534809726,6508.556836948271,14662.411069638403,12.406162652866964,1654.131533301331
open_2017_05_08_close_2017_05_08_flight_Fixed Wing_N550ND_before_3_189762.csv,153,3825,3854,0,1744.6002010602806,"E1 FFlow, E1 EGT1, AltMSL",30,30,30,30,30,4,30,7756.1809805883095,4926.40622186003,513447.25870438485,6508.556836948271,14662.411069638403,21.884809710435867,1654.5215399241386
open_2017_05_08_close_2017_05_08_flight_Fixed Wing_N550ND_before_3_189762.csv,154,3850,3879,0,1745.6718028401126,"E1 FFlow, E1 EGT1, AltMSL",30,30,30,30,30,6,30,7755.670348625433,4926.40622186003,513608.935645185,6508.556836948271,14662.411069638403,35.174933261943785,1653.7652622144794
open_2017_05_08_close_2017_05_08_flight_Fixed Wing_N550ND_before_3_189762.csv,155,3875,3904,0,1739.2944495500453,"E1 FFlow, E1 EGT1, AltMSL",30,30,30,30,30,5,30,7755.870036293299,4926.40622186003,512010.2659164076,6508.556836948271,14662.411069638403,29.4803795343551,1654.0669260845934
open_2017_05_08_close_2017_05_08_flight_Fixed Wing_N550ND_before_3_189762.csv,156,3900,3929,0,1744.4494218512523,"E1 FFlow, E1 EGT1, AltMSL",30,30,30,30,30,6,30,7755.72990258594,4926.40622186003,513066.1277448855,6508.556836948271,14662.411069638403,35.20013950293213,1654.29135710971
open_2017_05_08_close_2017_05_08_flight_Fixed Wing_N550ND_before_3_189762.csv,157,3925,3954,0,1772.9739978251694,"E1 FFlow, E1 EGT1, AltMSL",30,30,30,30,30,8,30,7755.97486132362,4926.40622186003,521944.7283109969,6508.556836948271,14663.096621054068,44.06739584869103,1654.8247903169179
open_2017_05_08_close_2017_05_08_flight_Fixed Wing_N550ND_before_3_189762.csv,158,3950,3979,0,1730.5216114752366,"E1 FFlow, E1 EGT1, AltMSL",30,30,30,30,30,2,30,7759.082244920059,4947.001606169796,509299.1845236296,6508.556836948271,14663.418499032468,14.533536536138778,1653.7838172929842
open_2017_05_08_close_2017_05_08_flight_Fixed Wing_N550ND_before_3_189762.csv,159,3975,4004,0,1800.334422119367,"E1 FFlow, E1 EGT1, AltMSL",30,30,30,30,30,0,30,7755.435617182552,4952.894405878061,528302.4704264635,6508.556836948271,14663.418499032468,3.6822820558520353,1654.1678858368018
open_2017_05_08_close_2017_05_08_flight_Fixed Wing_N550ND_before_3_189762.csv,160,4000,4029,0,1904.8122766065778,"E1 FFlow, E1 EGT1, AltMSL",30,30,30,30,30,0,30,7754.613993357779,4952.894405878061,559738.5468543787,6508.556836948271,14663.418499032468,3.6822820558520353,1654.3622565793996
open_2017_05_08_close_2017_05_08_flight_Fixed Wing_N550ND_before_3_189762.csv,161,4025,4054,0,1960.6554622001652,"E1 FFlow, E1 EGT1, AltMSL",30,30,30,30,30,0,30,7756.026755278806,4952.894405878061,576728.9824638788,6508.556836948271,14663.418499032468,3.6822820558520353,1654.5140200638439
open_2017_05_08_close_2017_05_08_flight_Fixed Wing_N550ND_before_3_189762.csv,162,4050,4079,0,1928.5738318590913,"E1 FFlow, E1 EGT1, AltMSL",30,30,30,30,30,0,30,7756.620978145579,4952.894405878061,568624.8569069527,6508.556836948271,14663.418499032468,3.6822820558520353,1654.7012099984179
open_2017_05_08_close_2017_05_08_flight_Fixed Wing_N550ND_before_3_189762.csv,163,4075,4104,0,1893.8631726391966,"E1 FFlow, E1 EGT1, AltMSL",30,30,30,30,30,0,30,7757.683587124672,4952.894405878061,557422.1542923917,6508.556836948271,14663.418499032468,3.6822820558520353,1653.8414932810713
open_2017_05_08_close_2017_05_08_flight_Fixed Wing_N550ND_before_3_189762.csv,164,4100,4129,0,1928.6498614948134,"E1 FFlow, E1 EGT1, AltMSL",30,30,30,30,30,0,30,7756.627849635294,4952.894405878061,566848.3586265258,6508.556836948271,14663.418499032468,3.6822820558520353,1654.2774717521881
open_2017_05_08_close_2017_05_08_flight_Fixed Wing_N550ND_before_3_189762.csv,165,4125,4154,0,1963.3004627835733,"E1 FFlow, E1 EGT1, AltMSL",30,30,30,30,30,0,30,7755.002247328824,4952.894405878061,577683.680914935,6508.556836948271,14663.418499032468,3.6822820558520353,1654.8160112969924
open_2017_05_08_close_2017_05_08_flight_Fixed Wing_N550ND_before_3_189762.csv,166,4150,4179,0,1970.3315387809646,"E1 FFlow, E1 EGT1, AltMSL",30,30,30,30,30,0,30,7754.516315571653,4952.894405878061,579926.6065127706,6508.556836948271,14663.418499032468,3.6822820558520353,1654.412350037142
open_2017_05_08_close_2017_05_08_flight_Fixed Wing_N550ND_before_3_189762.csv,167,4175,4204,0,1932.7756230536886,"E1 FFlow, E1 EGT1, AltMSL",30,30,30,30,30,0,30,7756.917391336175,4952.894405878061,569730.8345598945,6508.556836948271,14663.418499032468,3.6822820558520353,1654.7281745264866
open_2017_05_08_close_2017_05_08_flight_Fixed Wing_N550ND_before_3_189762.csv,168,4200,4229,0,1864.7282928930185,"E1 FFlow, E1 EGT1, AltMSL",30,30,30,30,30,0,30,7757.033184376747,4952.894405878061,549129.5818567693,6508.556836948271,14663.418499032468,3.6822820558520353,1654.2248380307228
open_2017_05_08_close_2017_05_08_flight_Fixed Wing_N550ND_before_3_189762.csv,169,4225,4254,0,1925.8877242681356,"E1 FFlow, E1 EGT1, AltMSL",30,30,30,30,30,0,30,7756.187913943656,4952.894405878061,566056.5608289372,6508.556836948271,14663.418499032468,3.6822820558520353,1654.8366210429695
open_2017_05_08_close_2017_05_08_flight_Fixed Wing_N550ND_before_3_189762.csv,170,4250,4279,0,1941.344724249194,"E1 FFlow, E1 EGT1, AltMSL",30,30,30,30,30,0,30,7756.169071874785,4952.894405878061,571284.1306056683,6508.556836948271,14663.418499032468,3.6822820558520353,1654.2397953718546
open_2017_05_08_close_2017_05_08_flight_Fixed Wing_N550ND_before_3_189762.csv,171,4275,4304,0,1909.5906894308976,"E1 FFlow, E1 EGT1, AltMSL",30,30,30,30,30,0,30,7757.102425871177,4952.894405878061,562444.2137430767,6508.556836948271,14663.418499032468,3.6822820558520353,1654.3262008523945
open_2017_05_08_close_2017_05_08_flight_Fixed Wing_N550ND_before_3_189762.csv,172,4300,4329,0,1893.4808300252503,"E1 FFlow, E1 EGT1, AltMSL",30,30,30,30,30,0,30,7757.401144691755,4952.894405878061,557039.168344675,6508.556836948271,14663.418499032468,3.6822820558520353,1654.0710256474504
open_2017_05_08_close_2017_05_08_flight_Fixed Wing_N550ND_before_3_189762.csv,173,4325,4354,0,1925.9273290304934,"E1 FFlow, E1 EGT1, AltMSL",30,30,30,30,30,0,30,7756.698121756875,4952.894405878061,566309.4410868088,6508.556836948271,14663.418499032468,3.6822820558520353,1654.2898576786959
open_2017_05_08_close_2017_05_08_flight_Fixed Wing_N550ND_before_3_189762.csv,174,4350,4379,0,1938.45692559853,"E1 FFlow, E1 EGT1, AltMSL",30,30,30,30,30,0,30,7756.184693537567,4952.894405878061,570466.7128743959,6508.556836948271,14663.418499032468,3.6822820558520353,1654.2424003755596
open_2017_05_08_close_2017_05_08_flight_Fixed Wing_N550ND_before_3_189762.csv,175,4375,4404,0,1922.6949273476612,"E1 FFlow, E1 EGT1, AltMSL",30,30,30,30,30,0,30,7756.896268189119,4952.894405878061,566155.7434309542,6508.556836948271,14663.418499032468,3.6822820558520353,1654.6988114119893
open_2017_05_08_close_2017_05_08_flight_Fixed Wing_N550ND_before_3_189762.csv,176,4400,4429,0,1934.3393805638937,"E1 FFlow, E1 EGT1, AltMSL",30,30,30,30,30,0,30,7755.840083715174,4952.894405878061,568878.2658630456,6508.556836948271,14663.418499032468,3.6822820558520353,1654.2820985656322
open_2017_05_08_close_2017_05_08_flight_Fixed Wing_N550ND_before_3_189762.csv,177,4425,4454,0,1926.211280242369,"E1 FFlow, E1 EGT1, AltMSL",30,30,30,30,30,0,30,7757.090752716381,4952.894405878061,567311.913295555,6508.556836948271,14663.418499032468,3.6822820558520353,1654.099907310274
open_2017_05_08_close_2017_05_08_flight_Fixed Wing_N550ND_before_3_189762.csv,178,4450,4479,0,1923.8407274451856,"E1 FFlow, E1 EGT1, AltMSL",30,30,30,30,30,0,30,7756.474499372802,4952.894405878061,565884.6825478959,6508.556836948271,14663.418499032468,3.6822820558520353,1654.223740778752
open_2017_05_08_close_2017_05_08_flight_Fixed Wing_N550ND_before_3_189762.csv,179,4475,4504,0,1949.0466123984577,"E1 FFlow, E1 EGT1, AltMSL",30,30,30,30,30,0,30,7755.721138854128,4952.894405878061,573339.2283529469,6508.556836948271,14663.418499032468,3.6822820558520353,1653.9977141089057
open_2017_05_08_close_2017_05_08_flight_Fixed Wing_N550ND_before_3_189762.csv,180,4500,4529,0,1964.7039986067036,"E1 FFlow, E1 EGT1, AltMSL",30,30,30,30,30,0,30,7755.711666565313,4952.894405878061,578312.3594347162,6508.556836948271,14663.418499032468,3.6822820558520353,1654.257015726757
open_2017_05_08_close_2017_05_08_flight_Fixed Wing_N550ND_before_3_189762.csv,181,4525,4554,0,1956.1638753113723,"E1 FFlow, E1 EGT1, AltMSL",30,30,30,30,30,0,30,7756.035585622796,4952.894405878061,575871.926139828,6508.556836948271,14663.418499032468,3.6822820558520353,1654.1420803804758
open_2017_05_08_close_2017_05_08_flight_Fixed Wing_N550ND_before_3_189762.csv,182,4550,4579,0,1957.8748136267297,"E1 FFlow, E1 EGT1, AltMSL",30,30,30,30,30,0,30,7756.620634102498,4952.894405878061,576022.7757166647,6508.556836948271,14663.418499032468,3.6822820558520353,1654.4959089667632
open_2017_05_08_close_2017_05_08_flight_Fixed Wing_N550ND_before_3_189762.csv,183,4575,4604,0,1964.9052157289427,"E1 FFlow, E1 EGT1, AltMSL",30,30,30,30,30,0,30,7754.874249079388,4952.894405878061,578321.5531392766,6508.556836948271,14663.418499032468,3.6822820558520353,1654.344880605688
open_2017_05_08_close_2017_05_08_flight_Fixed Wing_N550ND_before_3_189762.csv,184,4600,4629,0,1949.5731834706369,"E1 FFlow, E1 EGT1, AltMSL",30,30,30,30,30,0,30,7756.077037158237,4952.894405878061,573946.7401178535,6508.556836948271,14663.418499032468,3.6822820558520353,1654.4195343577705
open_2017_05_08_close_2017_05_08_flight_Fixed Wing_N550ND_before_3_189762.csv,185,4625,4654,0,1958.230309483699,"E1 FFlow, E1 EGT1, AltMSL",30,30,30,30,30,0,30,7755.35567474728,4952.894405878061,576245.7059148024,6508.556836948271,14663.418499032468,3.6822820558520353,1654.125908671803
open_2017_05_08_close_2017_05_08_flight_Fixed Wing_N550ND_before_3_189762.csv,186,4650,4679,0,1958.8298776630334,"E1 FFlow, E1 EGT1, AltMSL",30,30,30,30,30,0,30,7756.063998555251,4952.894405878061,576503.0881809796,6508.556836948271,14663.418499032468,3.6822820558520353,1654.4295849439259
open_2017_05_08_close_2017_05_08_flight_Fixed Wing_N550ND_before_3_189762.csv,187,4675,4704,0,1964.677118840344,"E1 FFlow, E1 EGT1, AltMSL",30,30,30,30,30,1,30,7754.4791956257295,4952.894405878061,578292.2357041844,6508.556836948271,14663.418499032468,8.526572713291483,1654.5061760777353
open_2017_05_08_close_2017_05_08_flight_Fixed Wing_N550ND_before_3_189762.csv,188,4700,4729,0,1970.6517124435939,"E1 FFlow, E1 EGT1, AltMSL",30,30,30,30,30,2,30,7755.956800274353,4952.894405878061,579894.6506050949,6508.556836948271,14663.418499032468,13.269238577591166,1654.1852009206839
open_2017_05_08_close_2017_05_08_flight_Fixed Wing_N550ND_before_3_189762.csv,189,4725,4754,0,1955.5680269717222,"E1 FFlow, E1 EGT1, AltMSL",30,30,30,30,30,2,30,7748.889089857964,4932.851947702962,575915.1600541836,6508.556836948271,14663.418499032468,13.672241895209469,1654.9444413819087
open_2017_05_08_close_2017_05_08_flight_Fixed Wing_N550ND_before_3_189762.csv,190,4750,4779,0,1819.39691662988,"E1 FFlow, E1 EGT1, AltMSL",30,30,30,30,30,5,30,7754.112069422472,4898.534326736578,537266.7747003785,6508.556836948271,14663.418499032468,34.05750905782047,1654.5006730887465
open_2017_05_08_close_2017_05_08_flight_Fixed Wing_N550ND_before_3_189762.csv,191,4775,4804,0,1698.0011208594126,"E1 FFlow, E1 EGT1, AltMSL",30,30,30,30,30,4,30,7758.140336152019,4898.534326736578,500674.44148791395,6508.556836948271,14663.56128480664,23.883895801727597,1654.467282733621
open_2017_05_08_close_2017_05_08_flight_Fixed Wing_N550ND_before_3_189762.csv,192,4800,4829,0,1638.5328961569437,"E1 FFlow, E1 EGT1, AltMSL",30,30,30,30,30,2,30,7758.447260908385,4898.534326736578,482384.2800718545,6508.556836948271,14664.425928426543,13.733592708389684,1654.7048655136448
open_2017_05_08_close_2017_05_08_flight_Fixed Wing_N550ND_before_3_189762.csv,193,4825,4854,0,1663.4831534982882,"E1 FFlow, E1 EGT1, AltMSL",30,30,30,30,30,2,30,7757.38121236593,4898.534326736578,489079.5930922941,6508.556836948271,14664.425928426543,14.017273763978075,1653.9541448375567
open_2017_05_08_close_2017_05_08_flight_Fixed Wing_N550ND_before_3_189762.csv,194,4850,4879,0,1847.2996309740338,"E1 FFlow, E1 EGT1, AltMSL",30,30,30,30,30,2,30,7755.85148937111,4898.534326736578,539029.33839788,6508.556836948271,14664.425928426543,13.723921613431738,1653.6696487111649
open_2017_05_08_close_2017_05_08_flight_Fixed Wing_N550ND_before_3_189762.csv,195,4875,4904,0,1989.4330612571707,"E1 FFlow, E1 EGT1, AltMSL",30,30,30,30,30,4,30,7755.873532557311,4898.534326736578,584852.4291590247,6508.556836948271,14664.425928426543,25.210959287091683,1654.0475340563257
open_2017_05_08_close_2017_05_08_flight_Fixed Wing_N550ND_before_3_189762.csv,196,4900,4929,0,1987.1075156061781,"E1 FFlow, E1 EGT1, AltMSL",30,30,30,30,30,3,30,7754.470914804015,4898.534326736578,585334.8826153509,6508.556836948271,14664.425928426543,15.962904331229087,1654.5672489338892
open_2017_05_08_close_2017_05_08_flight_Fixed Wing_N550ND_before_3_189762.csv,197,4925,4954,0,1935.7528685826403,"E1 FFlow, E1 EGT1, AltMSL",30,30,30,30,30,4,30,7754.589848209431,4898.534326736578,570462.5442848381,6508.556836948271,14664.425928426543,22.29489784781812,1654.4035702454385
open_2017_05_08_close_2017_05_08_flight_Fixed Wing_N550ND_before_3_189762.csv,198,4950,4979,0,1905.6978761941136,"E1 FFlow, E1 EGT1, AltMSL",30,30,30,30,30,4,30,7756.3526005169315,4898.534326736578,560883.8319317072,6508.556836948271,14664.425928426543,26.608244296554446,1654.1610348536528
open_2017_05_08_close_2017_05_08_flight_Fixed Wing_N550ND_before_3_189762.csv,199,4975,5004,0,1925.401641790888,"E1 FFlow, E1 EGT1, AltMSL",30,30,30,30,30,3,30,7755.44261433712,4898.534326736578,566555.4514318221,6508.556836948271,14664.425928426543,17.59353349546064,1654.3506283533802
open_2017_05_08_close_2017_05_08_flight_Fixed Wing_N550ND_before_3_189762.csv,200,5000,5029,0,1934.4525972117972,"E1 FFlow, E1 EGT1, AltMSL",30,30,30,30,30,3,30,7755.327983447405,4898.534326736578,569268.2047380256,6508.556836948271,14664.425928426543,18.454828136389946,1654.5217688356145
open_2017_05_08_close_2017_05_08_flight_Fixed Wing_N550ND_before_3_189762.csv,201,5025,5054,0,1948.0492636829595,"E1 FFlow, E1 EGT1, AltMSL",30,30,30,30,30,4,30,7755.493550067047,4898.534326736578,573006.8559911508,6508.556836948271,14664.425928426543,24.074440183449138,1654.1301769073364
open_2017_05_08_close_2017_05_08_flight_Fixed Wing_N550ND_before_3_189762.csv,202,5050,5079,0,1955.3765913749535,"E1 FFlow, E1 EGT1, AltMSL",30,30,30,30,30,3,30,7756.002742900466,4898.534326736578,575656.6295643025,6508.556836948271,14664.507000227199,19.566926041723015,1654.3414442093874
open_2017_05_08_close_2017_05_08_flight_Fixed Wing_N550ND_before_3_189762.csv,203,5075,5104,0,1943.353913200311,"E1 FFlow, E1 EGT1, AltMSL",30,30,30,30,30,3,30,7756.799060669608,4898.534326736578,572025.1787513371,6508.556836948271,14665.36536021659,16.84269794724841,1654.102725545611
open_2017_05_08_close_2017_05_08_flight_Fixed Wing_N550ND_before_3_189762.csv,204,5100,5129,0,1939.228986367651,"E1 FFlow, E1 EGT1, AltMSL",30,30,30,30,30,5,30,7755.392586053706,4898.534326736578,570768.9851212865,6508.556836948271,14665.433357820611,27.664301582460343,1653.8378835064116
open_2017_05_08_close_2017_05_08_flight_Fixed Wing_N550ND_before_3_189762.csv,205,5125,5154,0,1939.160504071986,"E1 FFlow, E1 EGT1, AltMSL",30,30,30,30,30,4,30,7756.21579824345,4898.534326736578,570806.8797656285,6508.556836948271,14665.433357820611,26.524236078840538,1654.5212666955892
open_2017_05_08_close_2017_05_08_flight_Fixed Wing_N550ND_before_3_189762.csv,206,5150,5179,0,1933.6147975896597,"E1 FFlow, E1 EGT1, AltMSL",30,30,30,30,30,4,30,7755.42170434394,4898.534326736578,568868.4628232776,6508.556836948271,14665.433357820611,21.26431249389973,1654.4981101876672
open_2017_05_08_close_2017_05_08_flight_Fixed Wing_N550ND_before_3_189762.csv,207,5175,5204,0,1957.5307816612153,"E1 FFlow, E1 EGT1, AltMSL",30,30,30,30,30,4,30,7755.662966941694,4898.534326736578,576040.9328491407,6508.556836948271,14665.433357820611,20.995402667606385,1654.2072417065724
open_2017_05_08_close_2017_05_08_flight_Fixed Wing_N550ND_before_3_189762.csv,208,5200,5229,0,1961.935171366573,"E1 FFlow, E1 EGT1, AltMSL",30,30,30,30,30,1,30,7755.955967451372,4898.534326736578,577349.9457682071,6508.556836948271,14665.433357820611,8.867467241037222,1653.424001077673
open_2017_05_08_close_2017_05_08_flight_Fixed Wing_N550ND_before_3_189762.csv,209,5225,5254,0,1969.082397726934,"E1 FFlow, E1 EGT1, AltMSL",30,30,30,30,30,4,30,7755.467445812523,4898.534326736578,579531.2084608444,6508.556836948271,14665.433357820611,22.613561506320792,1654.0680720545672
open_2017_05_08_close_2017_05_08_flight_Fixed Wing_N550ND_before_3_189762.csv,210,5250,5279,0,1937.3703307400797,"E1 FFlow, E1 EGT1, AltMSL",30,30,30,30,30,4,30,7755.558176692426,4898.534326736578,570933.8727770582,6508.556836948271,14665.433357820611,26.45159718843561,1654.4251926028771
open_2017_05_08_close_2017_05_08_flight_Fixed Wing_N550ND_before_3_189762.csv,211,5275,5304,0,1917.124091459618,"E1 FFlow, E1 EGT1, AltMSL",30,30,30,30,30,6,30,7755.622234212642,4898.534326736578,564015.4087728986,6508.556836948271,14665.433357820611,29.10858918110651,1653.7716376530334
open_2017_05_08_close_2017_05_08_flight_Fixed Wing_N550ND_before_3_189762.csv,212,5300,5329,0,1935.4755553573646,"E1 FFlow, E1 EGT1, AltMSL",30,30,30,30,30,5,30,7756.757964877199,4898.534326736578,569423.6943833175,6508.556836948271,14665.433357820611,25.748061901234475,1654.1401390579124
open_2017_05_08_close_2017_05_08_flight_Fixed Wing_N550ND_before_3_189762.csv,213,5325,5354,0,1906.3946559375293,"E1 FFlow, E1 EGT1, AltMSL",30,30,30,30,30,8,30,7757.113315596625,4898.534326736578,562172.0235072026,6508.556836948271,14665.433357820611,42.56484268001544,1654.4861794806109
open_2017_05_08_close_2017_05_08_flight_Fixed Wing_N550ND_before_3_189762.csv,214,5350,5379,0,1838.2913191276616,"E1 FFlow, E1 EGT1, AltMSL",30,30,30,30,30,6,30,7756.72658226507,4898.534326736578,541614.0094126636,6508.556836948271,14666.09124398581,32.829931237800146,1654.055421578951
open_2017_05_08_close_2017_05_08_flight_Fixed Wing_N550ND_before_3_189762.csv,215,5375,5404,0,1863.3554040813044,"E1 FFlow, E1 EGT1, AltMSL",30,30,30,30,30,3,30,7755.310569856021,4898.534326736578,546881.9875991691,6508.556836948271,14666.44078721468,18.6332624480089,1654.1921169299526
open_2017_05_08_close_2017_05_08_flight_Fixed Wing_N550ND_before_3_189762.csv,216,5400,5429,0,1940.7363908542138,"E1 FFlow, E1 EGT1, AltMSL",30,30,30,30,30,4,30,7755.742700670162,4898.534326736578,570952.4707064204,6508.556836948271,14666.44078721468,25.453979824353244,1654.694377231842
open_2017_05_08_close_2017_05_08_flight_Fixed Wing_N550ND_before_3_189762.csv,217,5425,5454,0,1936.8414166233847,"E1 FFlow, E1 EGT1, AltMSL",30,30,30,30,30,3,30,7756.569267120955,4884.50888942139,570412.4421737621,6508.556836948271,14666.44078721468,19.551731587084916,1654.3472070618413
open_2017_05_08_close_2017_05_08_flight_Fixed Wing_N550ND_before_3_189762.csv,218,5450,5479,0,1902.4198350176139,"E1 FFlow, E1 EGT1, AltMSL",30,30,30,30,30,5,30,7741.653817786676,4428.80638628297,559917.8145780305,6508.556836948271,14666.44078721468,27.78053675564101,1653.9982744687334
open_2017_05_08_close_2017_05_08_flight_Fixed Wing_N550ND_before_3_189762.csv,219,5475,5504,0,1925.6862329678097,"E1 FFlow, E1 EGT1, AltMSL",30,30,30,30,30,6,30,7747.528053115516,4342.677808388032,566519.3391734804,6508.556836948271,14666.44078721468,33.38097283223315,1653.971979286991
open_2017_05_08_close_2017_05_08_flight_Fixed Wing_N550ND_before_3_189762.csv,220,5500,5529,0,1930.3919618075086,"E1 FFlow, E1 EGT1, AltMSL",30,30,30,30,30,10,30,7758.114910739709,4342.677808388032,568211.8323376152,6508.556836948271,14666.44078721468,51.749909527565386,1654.0664060106947
open_2017_05_08_close_2017_05_08_flight_Fixed Wing_N550ND_before_3_189762.csv,221,5525,5554,0,1952.873713529209,"E1 FFlow, E1 EGT1, AltMSL",30,30,30,30,30,6,30,7753.426165720791,4342.677808388032,574501.5880913574,6508.556836948271,14666.44078721468,34.907693906212195,1654.2363779262603
open_2017_05_08_close_2017_05_08_flight_Fixed Wing_N550ND_before_3_189762.csv,222,5550,5579,0,1926.2666591455868,"E1 FFlow, E1 EGT1, AltMSL",30,30,30,30,30,8,30,7738.451264260819,4342.677808388032,567514.6851299388,6508.556836948271,14666.44078721468,43.995585163007846,1653.576048070289
open_2017_05_08_close_2017_05_08_flight_Fixed Wing_N550ND_before_3_189762.csv,223,5575,5604,0,1930.7653627488721,"E1 FFlow, E1 EGT1, AltMSL",30,30,30,30,30,4,30,7738.748248091839,4342.677808388032,567966.1701325298,6508.556836948271,14666.44078721468,22.87685411701448,1653.8756355822838
open_2017_05_08_close_2017_05_08_flight_Fixed Wing_N550ND_before_3_189762.csv,224,5600,5629,0,1937.3124252152745,"E1 FFlow, E1 EGT1, AltMSL",30,30,30,30,30,8,30,7747.542101985187,4342.677808388032,570311.5474553866,6508.556836948271,14666.44078721468,43.93519820649842,1654.0067140199199
open_2017_05_08_close_2017_05_08_flight_Fixed Wing_N550ND_before_3_189762.csv,225,5625,5654,0,1930.2296347978765,"E1 FFlow, E1 EGT1, AltMSL",30,30,30,30,30,10,30,7755.575210903081,4342.677808388032,568255.7255164938,6508.556836948271,14666.44078721468,55.46961672362657,1654.3154314065198
open_2017_05_08_close_2017_05_08_flight_Fixed Wing_N550ND_before_3_189762.csv,226,5650,5679,0,1931.0097878108786,"E1 FFlow, E1 EGT1, AltMSL",30,30,30,30,30,7,30,7755.146473989364,4342.677808388032,568467.8613164034,6508.556836948271,14666.44078721468,39.84416438866186,1653.9715698857624
open_2017_05_08_close_2017_05_08_flight_Fixed Wing_N550ND_before_3_189762.csv,227,5675,5704,0,1899.8854175073657,"E1 FFlow, E1 EGT1, AltMSL",30,30,30,30,30,13,30,7755.429821197379,4342.677808388032,559778.2341576654,6508.556836948271,14666.44078721468,63.32764474384544,1654.2481257112404
open_2017_05_08_close_2017_05_08_flight_Fixed Wing_N550ND_before_3_189762.csv,228,5700,5729,0,1898.8105189788105,"E1 FFlow, E1 EGT1, AltMSL",30,30,30,30,30,7,30,7755.388062685737,4342.677808388032,558335.2514162495,6508.556836948271,14666.44078721468,39.048914358954185,1654.4514941364166
open_2017_05_08_close_2017_05_08_flight_Fixed Wing_N550ND_before_3_189762.csv,229,5725,5754,0,1863.2581191916418,"E1 FFlow, E1 EGT1, AltMSL",30,30,30,30,30,6,30,7757.300813939088,4342.677808388032,549868.4789609233,6508.556836948271,14666.44078721468,35.06040656964861,1653.9283151232257
open_2017_05_08_close_2017_05_08_flight_Fixed Wing_N550ND_before_3_189762.csv,230,5750,5779,0,1668.7854915340808,"E1 FFlow, E1 EGT1, AltMSL",30,30,30,30,30,9,30,7758.247251543589,4342.677808388032,491896.3943802034,6508.556836948271,14666.44078721468,49.628581703726525,1653.8144893495114
open_2017_05_08_close_2017_05_08_flight_Fixed Wing_N550ND_before_3_189762.csv,231,5775,5804,0,1832.973415522552,"E1 FFlow, E1 EGT1, AltMSL",30,30,30,30,30,6,30,7756.331596666305,4342.677808388032,537724.0374054564,6508.556836948271,14666.44078721468,33.633930662803415,1653.674982202371
open_2017_05_08_close_2017_05_08_flight_Fixed Wing_N550ND_before_3_189762.csv,232,5800,5829,0,1913.1321897079238,"E1 FFlow, E1 EGT1, AltMSL",30,30,30,30,30,7,30,7756.573234022528,4342.677808388032,562556.1963491564,6508.556836948271,14665.909683664871,39.57359906577191,1653.9370614255288
open_2017_05_08_close_2017_05_08_flight_Fixed Wing_N550ND_before_3_189762.csv,233,5825,5854,0,1913.5601489732103,"E1 FFlow, E1 EGT1, AltMSL",30,30,30,30,30,12,30,7754.575135793582,4342.677808388032,563273.482655574,6508.556836948271,14665.433357820611,65.48767243168204,1654.554506912223
open_2017_05_08_close_2017_05_08_flight_Fixed Wing_N550ND_before_3_189762.csv,234,5850,5879,0,1904.3389900835723,"E1 FFlow, E1 EGT1, AltMSL",30,30,30,30,30,8,30,7755.809955519277,4342.677808388032,560753.9991075427,6508.556836948271,14665.433357820611,44.522249329832526,1654.317235120206
open_2017_05_08_close_2017_05_08_flight_Fixed Wing_N550ND_before_3_189762.csv,235,5875,5904,0,1828.5178898177842,"E1 FFlow, E1 EGT1, AltMSL",30,30,30,30,30,4,30,7756.5209786825035,4342.677808388032,539313.5735257602,6508.556836948271,14665.222891336956,24.051499547093798,1654.3245895264843
open_2017_05_08_close_2017_05_08_flight_Fixed Wing_N550ND_before_3_189762.csv,236,5900,5929,0,1789.3608695173614,"E1 FFlow, E1 EGT1, AltMSL",30,30,30,30,30,9,30,7757.687966799968,4342.677808388032,526826.7612294122,6508.556836948271,14664.425928426543,45.917487475658945,1654.8000107919843
open_2017_05_08_close_2017_05_08_flight_Fixed Wing_N550ND_before_3_189762.csv,237,5925,5954,0,1766.3489475521067,"E1 FFlow, E1 EGT1, AltMSL",30,30,30,30,30,5,30,7754.982070863815,4342.677808388032,519969.86087106384,6508.556836948271,14664.425928426543,31.9440002013028,1654.2289649120835
open_2017_05_08_close_2017_05_08_flight_Fixed Wing_N550ND_before_3_189762.csv,238,5950,5979,0,1775.9573691180988,"E1 FFlow, E1 EGT1, AltMSL",30,30,30,30,30,4,30,7760.930978248091,4342.677808388032,522453.27517703566,6508.556836948271,14664.425928426543,21.47056232285675,1654.509879482471
open_2017_05_08_close_2017_05_08_flight_Fixed Wing_N550ND_before_3_189762.csv,239,5975,6004,0,1783.4782992484222,"E1 FFlow, E1 EGT1, AltMSL",30,30,30,30,30,5,30,7756.780700470188,4342.677808388032,524788.5242416747,6508.556836948271,14664.425928426543,28.60444219391049,1654.793717676134
open_2017_05_08_close_2017_05_08_flight_Fixed Wing_N550ND_before_3_189762.csv,240,6000,6029,0,1780.452881329985,"E1 FFlow, E1 EGT1, AltMSL",30,30,30,30,30,4,30,7754.492239974502,4342.677808388032,523994.48104359425,6508.556836948271,14664.425928426543,20.680506301898085,1654.6618104785787
open_2017_05_08_close_2017_05_08_flight_Fixed Wing_N550ND_before_3_189762.csv,241,6025,6054,0,1775.2432177164621,"E1 FFlow, E1 EGT1, AltMSL",30,30,30,30,30,8,30,7754.673379027787,4342.677808388032,522492.60024357424,6508.556836948271,14664.425928426543,44.19541064017062,1654.5920384934661
open_2017_05_08_close_2017_05_08_flight_Fixed Wing_N550ND_before_3_189762.csv,242,6050,6079,0,1828.6113216841024,"E1 FFlow, E1 EGT1, AltMSL",30,30,30,30,30,3,30,7755.596936616674,4342.677808388032,536707.8262876753,6508.556836948271,14664.425928426543,19.037373695278703,1654.690389886357
open_2017_05_08_close_2017_05_08_flight_Fixed Wing_N550ND_before_3_189762.csv,243,6075,6104,0,1965.438458607791,"E1 FFlow, E1 EGT1, AltMSL",30,30,30,30,30,0,30,7755.191413860506,4342.677808388032,576501.1274374145,6508.556836948271,14664.425928426543,3.6822820558520353,1654.251448037523
open_2017_05_08_close_2017_05_08_flight_Fixed Wing_N550ND_before_3_189762.csv,244,6100,6129,0,1968.5911665464255,"E1 FFlow, E1 EGT1, AltMSL",30,30,30,30,30,0,30,7755.698428416769,4342.677808388032,580509.8031669133,6508.556836948271,14664.215461942884,3.6822820558520353,1654.3857280191419
open_2017_05_08_close_2017_05_08_flight_Fixed Wing_N550ND_before_3_189762.csv,245,6125,6154,0,1954.0202394376204,"E1 FFlow, E1 EGT1, AltMSL",30,30,30,30,30,0,30,7753.919462207249,4342.677808388032,575069.7171087702,6508.556836948271,14663.418499032468,3.6822820558520353,1654.1727493812282
open_2017_05_08_close_2017_05_08_flight_Fixed Wing_N550ND_before_3_189762.csv,246,6150,6179,0,1952.338484301337,"E1 FFlow, E1 EGT1, AltMSL",30,30,30,30,30,2,30,7752.409751965186,4293.426535828581,574646.1471517922,6428.018795950766,14663.418499032468,14.906930284867082,1654.4438906574183
open_2017_05_08_close_2017_05_08_flight_Fixed Wing_N550ND_before_3_189762.csv,247,6175,6204,0,1953.7779352701004,"E1 FFlow, E1 EGT1, AltMSL",30,30,30,30,30,1,30,7758.183752999021,4255.504008746597,575016.7969754898,6381.915173953486,14663.418499032468,11.089689463259448,1653.9224309060162
open_2017_05_08_close_2017_05_08_flight_Fixed Wing_N550ND_before_3_189762.csv,248,6200,6229,0,1947.6941941785815,"E1 FFlow, E1 EGT1, AltMSL",30,30,30,30,30,0,30,7756.630165848905,4255.504008746597,573336.4252783528,6381.915173953486,14663.418499032468,3.6822820558520353,1654.1535562397705
open_2017_05_08_close_2017_05_08_flight_Fixed Wing_N550ND_before_3_189762.csv,249,6225,6254,0,1936.5965684316125,"E1 FFlow, E1 EGT1, AltMSL",30,30,30,30,30,0,30,7754.483800340377,4255.504008746597,570185.2640863357,6381.915173953486,14663.418499032468,3.6822820558520353,1654.4162892701133
open_2017_05_08_close_2017_05_08_flight_Fixed Wing_N550ND_before_3_189762.csv,250,6250,6279,0,1928.765746919805,"E1 FFlow, E1 EGT1, AltMSL",30,30,30,30,30,0,30,7756.087843121627,4255.504008746597,567723.7527244767,6381.915173953486,14663.418499032468,3.6822820558520353,1653.6489615864482
open_2017_05_08_close_2017_05_08_flight_Fixed Wing_N550ND_before_3_189762.csv,251,6275,6304,0,1923.432491084263,"E1 FFlow, E1 EGT1, AltMSL",30,30,30,30,30,0,30,7757.361201323165,4255.504008746597,566118.8001595786,6381.915173953486,14663.394598458855,3.6822820558520353,1654.6680350356303
open_2017_05_08_close_2017_05_08_flight_Fixed Wing_N550ND_before_3_189762.csv,252,6300,6329,0,1928.2753406515233,"E1 FFlow, E1 EGT1, AltMSL",30,30,30,30,30,0,30,7756.072334813013,4255.504008746597,567552.3007874375,6381.915173953486,14662.54498405616,3.6822820558520353,1655.2193943769614
open_2017_05_08_close_2017_05_08_flight_Fixed Wing_N550ND_before_3_189762.csv,253,6325,6354,0,1929.9066244966737,"E1 FFlow, E1 EGT1, AltMSL",30,30,30,30,30,0,30,7755.6521391034885,4255.504008746597,568063.0317093895,6381.915173953486,14662.411069638403,3.6822820558520353,1654.3929468202764
open_2017_05_08_close_2017_05_08_flight_Fixed Wing_N550ND_before_3_189762.csv,254,6350,6379,0,1930.1720309382708,"E1 FFlow, E1 EGT1, AltMSL",30,30,30,30,30,0,30,7757.3323276985375,4255.504008746597,568095.01272587,6381.915173953486,14662.411069638403,3.6822820558520353,1654.6291843344386
open_2017_05_08_close_2017_05_08_flight_Fixed Wing_N550ND_before_3_189762.csv,255,6375,6404,0,1931.4517581180075,"E1 FFlow, E1 EGT1, AltMSL",30,30,30,30,30,0,30,7756.5583368796115,4255.504008746597,568392.6258314706,6381.915173953486,14662.411069638403,3.6822820558520353,1654.9241887171713
open_2017_05_08_close_2017_05_08_flight_Fixed Wing_N550ND_before_3_189762.csv,256,6400,6429,0,1944.3751830889742,"E1 FFlow, E1 EGT1, AltMSL",30,30,30,30,30,0,30,7757.591164771759,4255.504008746597,572094.6659500912,6381.915173953486,14662.411069638403,3.6822820558520353,1653.899083882947
open_2017_05_08_close_2017_05_08_flight_Fixed Wing_N550ND_before_3_189762.csv,257,6425,6454,0,1893.5936620636146,"E1 FFlow, E1 EGT1, AltMSL",30,30,30,30,30,0,30,7755.6442113797,4255.504008746597,558475.7274325325,6381.915173953486,14662.411069638403,3.6822820558520353,1654.767184534699
open_2017_05_08_close_2017_05_08_flight_Fixed Wing_N550ND_before_3_189762.csv,258,6450,6479,0,1791.1583877888058,"E1 FFlow, E1 EGT1, AltMSL",30,30,30,30,30,0,30,7757.4094586269075,4255.504008746597,527665.1224547891,6381.915173953486,14662.268283864234,3.6822820558520353,1653.87176091667
open_2017_05_08_close_2017_05_08_flight_Fixed Wing_N550ND_before_3_189762.csv,259,6475,6504,0,1827.7170458296168,"E1 FFlow, E1 EGT1, AltMSL",30,30,30,30,30,0,30,7763.616616901923,4255.504008746597,537161.7764282937,6381.915173953486,14661.403640244334,3.6822820558520353,1653.851026477341
open_2017_05_08_close_2017_05_08_flight_Fixed Wing_N550ND_before_3_189762.csv,260,6500,6529,0,1904.1631149217337,"E1 FFlow, E1 EGT1, AltMSL",30,30,30,30,30,0,30,7758.330335033217,4260.450814537247,559594.3973962144,6381.915173953486,14661.403640244334,3.6822820558520353,1654.1719260544296
open_2017_05_08_close_2017_05_08_flight_Fixed Wing_N550ND_before_3_189762.csv,261,6525,6554,0,1929.3276473019328,"E1 FFlow, E1 EGT1, AltMSL",30,30,30,30,30,0,30,7753.865826270851,4280.21313562909,567685.6673119857,6381.915173953486,14661.403640244334,3.6822820558520353,1654.4667011263223
open_2017_05_08_close_2017_05_08_flight_Fixed Wing_N550ND_before_3_189762.csv,262,6550,6579,0,1904.3658009556123,"E1 FFlow, E1 EGT1, AltMSL",30,30,30,30,30,0,30,7750.0914072652395,4280.21313562909,561151.076307275,6381.915173953486,14661.403640244334,3.6822820558520353,1654.5341434437835
open_2017_05_08_close_2017_05_08_flight_Fixed Wing_N550ND_before_3_189762.csv,263,6575,6604,0,1833.2037391979554,"E1 FFlow, E1 EGT1, AltMSL",30,30,30,30,30,0,30,7757.503317191752,4280.21313562909,540053.9216365712,6381.915173953486,14661.403640244334,3.6822820558520353,1654.0286511297604
open_2017_05_08_close_2017_05_08_flight_Fixed Wing_N550ND_before_3_189762.csv,264,6600,6629,0,1874.6737864304225,"E1 FFlow, E1 EGT1, AltMSL",30,30,30,30,30,0,30,7755.765448151045,4280.21313562909,551450.7284675193,6381.915173953486,14661.403640244334,3.6822820558520353,1653.9272249358457
open_2017_05_08_close_2017_05_08_flight_Fixed Wing_N550ND_before_3_189762.csv,265,6625,6654,0,1851.5971143412548,"E1 FFlow, E1 EGT1, AltMSL",30,30,30,30,30,0,30,7753.132596260969,4280.21313562909,545410.4743235355,6381.915173953486,14661.403640244334,3.6822820558520353,1653.8674515184837
open_2017_05_08_close_2017_05_08_flight_Fixed Wing_N550ND_before_3_189762.csv,266,6650,6679,0,1798.1198731816826,"E1 FFlow, E1 EGT1, AltMSL",30,30,30,30,30,0,30,7748.126698540088,4280.21313562909,529442.0798333185,6381.915173953486,14661.227377664807,3.6822820558520353,1653.4898448598203
open_2017_05_08_close_2017_05_08_flight_Fixed Wing_N550ND_before_3_189762.csv,267,6675,6704,0,1839.2464361522261,"E1 FFlow, E1 EGT1, AltMSL",30,30,30,30,30,0,30,7760.784076006225,4280.21313562909,541011.1950285671,6381.915173953486,14660.39621085026,3.6822820558520353,1653.8332038881006
open_2017_05_08_close_2017_05_08_flight_Fixed Wing_N550ND_before_3_189762.csv,268,6700,6729,0,1814.2045312180207,"E1 FFlow, E1 EGT1, AltMSL",30,30,30,30,30,0,30,7760.011880991202,4280.21313562909,534229.1062605873,6381.915173953486,14660.39621085026,3.6822820558520353,1654.5885552705672
open_2017_05_08_close_2017_05_08_flight_Fixed Wing_N550ND_before_3_189762.csv,269,6725,6754,0,1800.1454643589304,"E1 FFlow, E1 EGT1, AltMSL",30,30,30,30,30,0,30,7756.279188919667,4280.21313562909,529947.1978491807,6381.915173953486,14660.39621085026,3.6822820558520353,1654.243128404476
open_2017_05_08_close_2017_05_08_flight_Fixed Wing_N550ND_before_3_189762.csv,270,6750,6779,0,1824.8268706917015,"E1 FFlow, E1 EGT1, AltMSL",30,30,30,30,30,0,30,7737.58005803076,4280.21313562909,536268.3015346135,6381.915173953486,14660.39621085026,3.6822820558520353,1653.6901984110586
open_2017_05_08_close_2017_05_08_flight_Fixed Wing_N550ND_before_3_189762.csv,271,6775,6804,0,1858.82815930469,"E1 FFlow, E1 EGT1, AltMSL",30,30,30,30,30,0,30,7758.980100827452,4280.21313562909,547191.8876354685,6381.915173953486,14660.39621085026,3.6822820558520353,1654.444838340889
open_2017_05_08_close_2017_05_08_flight_Fixed Wing_N550ND_before_3_189762.csv,272,6800,6829,0,1798.1117609960347,"E1 FFlow, E1 EGT1, AltMSL",30,30,30,30,30,0,30,7754.329616637534,4280.21313562909,530301.7607758162,6381.915173953486,14660.39621085026,3.6822820558520353,1654.3969836411277
open_2017_05_08_close_2017_05_08_flight_Fixed Wing_N550ND_before_3_189762.csv,273,6825,6854,0,1765.0414332700525,"E1 FFlow, E1 EGT1, AltMSL",30,30,30,30,30,0,30,7755.613735837939,4280.21313562909,519682.8879247553,6381.915173953486,14660.39621085026,3.6822820558520353,1654.1320016168781
open_2017_05_08_close_2017_05_08_flight_Fixed Wing_N550ND_before_3_189762.csv,274,6850,6879,0,1658.2507015492245,"E1 FFlow, E1 EGT1, AltMSL",30,30,30,30,30,0,30,7754.995093466488,4280.21313562909,489736.2547743391,6381.915173953486,14660.39621085026,3.6822820558520353,1654.5384166099761
open_2017_05_08_close_2017_05_08_flight_Fixed Wing_N550ND_before_3_189762.csv,275,6875,6904,0,1418.7568752994925,"E1 FFlow, E1 EGT1, AltMSL",30,30,30,30,30,0,30,7755.375908000671,4280.21313562909,417333.3797854176,6381.915173953486,14660.39621085026,3.6822820558520353,1654.3436028120634
open_2017_05_08_close_2017_05_08_flight_Fixed Wing_N550ND_before_3_189762.csv,276,6900,6929,0,1674.1438931467897,"E1 FFlow, E1 EGT1, AltMSL",30,30,30,30,30,0,30,7755.850318557774,4280.21313562909,487470.6186774178,6381.915173953486,14660.39621085026,3.6822820558520353,1654.972533301684
open_2017_05_08_close_2017_05_08_flight_Fixed Wing_N550ND_before_3_189762.csv,277,6925,6954,0,1715.3787983844738,"E1 FFlow, E1 EGT1, AltMSL",30,30,30,30,30,1,30,7757.2986185388445,4280.21313562909,505125.8679736574,6381.915173953486,14660.39621085026,8.607655190180397,1654.593803406614
open_2017_05_08_close_2017_05_08_flight_Fixed Wing_N550ND_before_3_189762.csv,278,6950,6979,0,1730.5384786616394,"E1 FFlow, E1 EGT1, AltMSL",30,30,30,30,30,0,30,7756.078053547953,4280.21313562909,508753.48064148606,6381.915173953486,14660.39621085026,3.6822820558520353,1654.321712634856
open_2017_05_08_close_2017_05_08_flight_Fixed Wing_N550ND_before_3_189762.csv,279,6975,7004,0,1788.6305847413034,"E1 FFlow, E1 EGT1, AltMSL",30,30,30,30,30,0,30,7754.570508486313,4280.21313562909,525950.8567146702,6381.915173953486,14660.39621085026,3.6822820558520353,1654.441262172725
open_2017_05_08_close_2017_05_08_flight_Fixed Wing_N550ND_before_3_189762.csv,280,7000,7029,0,1760.796645471949,"E1 FFlow, E1 EGT1, AltMSL",30,30,30,30,30,1,30,7757.24443229715,4280.21313562909,519161.24469432334,6381.915173953486,14660.39621085026,8.736433680400776,1655.1935695818902
open_2017_05_08_close_2017_05_08_flight_Fixed Wing_N550ND_before_3_189762.csv,281,7025,7054,0,1433.9768673441886,"E1 FFlow, E1 EGT1, AltMSL",30,30,30,30,30,0,30,7757.204669311719,4280.21313562909,421341.766877385,6381.915173953486,14660.39621085026,3.6822820558520353,1654.4056158948188
open_2017_05_08_close_2017_05_08_flight_Fixed Wing_N550ND_before_3_189762.csv,282,7050,7079,0,1495.4286420785359,"E1 FFlow, E1 EGT1, AltMSL",30,30,30,30,30,0,30,7756.571814149907,4280.21313562909,435350.65200210066,6381.915173953486,14660.39621085026,3.6822820558520353,1654.424344111423
open_2017_05_08_close_2017_05_08_flight_Fixed Wing_N550ND_before_3_189762.csv,283,7075,7104,0,1551.2174344217015,"E1 FFlow, E1 EGT1, AltMSL",30,30,30,30,30,0,30,7757.388465436543,4280.21313562909,456355.8626944864,6381.915173953486,14660.39621085026,3.6822820558520353,1654.2385684076241
open_2017_05_08_close_2017_05_08_flight_Fixed Wing_N550ND_before_3_189762.csv,284,7100,7129,0,1582.7186765308636,"E1 FFlow, E1 EGT1, AltMSL",30,30,30,30,30,0,30,7755.842270808527,4280.21313562909,464634.1610051952,6381.915173953486,14660.39621085026,3.6822820558520353,1654.24220335379
open_2017_05_08_close_2017_05_08_flight_Fixed Wing_N550ND_before_3_189762.csv,285,7125,7154,0,1711.806998980409,"E1 FFlow, E1 EGT1, AltMSL",30,30,30,30,30,0,30,7756.195642440379,4280.21313562909,502302.32171131053,6381.915173953486,14660.39621085026,3.6822820558520353,1654.0025823223318
open_2017_05_08_close_2017_05_08_flight_Fixed Wing_N550ND_before_3_189762.csv,286,7150,7179,0,1734.5032889381257,"E1 FFlow, E1 EGT1, AltMSL",30,30,30,30,30,0,30,7757.061530925155,4280.21313562909,510988.53340731753,6381.915173953486,14660.39621085026,3.6822820558520353,1653.699439766888
open_2017_05_08_close_2017_05_08_flight_Fixed Wing_N550ND_before_3_189762.csv,287,7175,7204,0,1320.6843834430333,"E1 FFlow, E1 EGT1, AltMSL",30,30,30,30,30,0,30,7756.647241328446,4280.21313562909,388715.5892461211,6381.915173953486,14660.39621085026,3.6822820558520353,1653.7632200374403
open_2017_05_08_close_2017_05_08_flight_Fixed Wing_N550ND_before_3_189762.csv,288,7200,7229,0,1477.9730616790825,"E1 FFlow, E1 EGT1, AltMSL",30,30,30,30,30,1,30,7757.014482093084,4280.21313562909,429214.10104937083,6381.915173953486,14660.39621085026,8.791771106946928,1653.5475238945985
open_2017_05_08_close_2017_05_08_flight_Fixed Wing_N550ND_before_3_189762.csv,289,7225,7254,0,1520.5271571300816,"E1 FFlow, E1 EGT1, AltMSL",30,30,30,30,30,3,30,7758.005881708466,4280.21313562909,445468.60047501704,6381.915173953486,14660.39621085026,202.16984033471195,1654.482165867239
open_2017_05_08_close_2017_05_08_flight_Fixed Wing_N550ND_before_3_189762.csv,290,7250,7279,0,911.3750716705681,"E1 FFlow, E1 EGT1, AltMSL",30,30,30,30,30,5,30,7757.8728267426,4280.21313562909,267941.1849409119,6381.915173953486,14660.39621085026,285.68604575003934,1654.110726796511
open_2017_05_08_close_2017_05_08_flight_Fixed Wing_N550ND_before_3_189762.csv,291,7275,7304,0,726.3785580170195,"E1 FFlow, E1 EGT1, AltMSL",30,30,30,30,30,17,30,7757.5570288498675,4280.21313562909,210458.3274277831,6381.915173953486,14660.39621085026,984.6478308997395,1654.1758890155058
open_2017_05_08_close_2017_05_08_flight_Fixed Wing_N550ND_before_3_189762.csv,292,7300,7329,0,1001.062555356593,"E1 FFlow, E1 EGT1, AltMSL",30,30,30,30,30,26,30,7758.017315460734,4280.21313562909,279570.33981649444,6381.915173953486,14660.39621085026,423.10212885107586,1654.2072313667702
open_2017_05_08_close_2017_05_08_flight_Fixed Wing_N550ND_before_3_189762.csv,293,7325,7354,0,1422.796540067405,"E1 FFlow, E1 EGT1, AltMSL",30,30,30,30,30,30,30,7758.195356807395,4280.21313562909,416570.246754856,6381.915173953486,14660.39621085026,290.9089908291063,1654.2040292590732
open_2017_05_08_close_2017_05_08_flight_Fixed Wing_N550ND_before_3_189762.csv,294,7350,7379,0,1475.9335133018703,"E1 FFlow, E1 EGT1, AltMSL",30,30,30,30,30,30,30,7757.7678910577815,4280.21313562909,434178.539859219,6381.915173953486,14660.39621085026,169.48238767223046,1654.2052680679626
open_2017_05_08_close_2017_05_08_flight_Fixed Wing_N550ND_before_3_189762.csv,295,7375,7404,0,1352.074261272655,"E1 FFlow, E1 EGT1, AltMSL",30,30,30,30,30,25,30,7757.060500730187,4280.21313562909,397777.392606162,6381.915173953486,14660.39621085026,133.59479234197076,1654.5056841326234
open_2017_05_08_close_2017_05_08_flight_Fixed Wing_N550ND_before_3_189762.csv,296,7400,7429,0,1186.862374181083,"E1 FFlow, E1 EGT1, AltMSL",30,30,30,30,30,27,30,7757.729432631201,4280.21313562909,343465.23781914555,6381.915173953486,14660.39621085026,315.63050623465915,1654.3206277191955
open_2017_05_08_close_2017_05_08_flight_Fixed Wing_N550ND_before_3_189762.csv,297,7425,7454,0,1018.2156071042518,"E1 FFlow, E1 EGT1, AltMSL",30,30,30,30,30,28,30,7758.277921172731,4280.21313562909,297017.3583723568,6381.915173953486,14660.39621085026,288.27539625693566,1654.4080218242495
open_2017_05_08_close_2017_05_08_flight_Fixed Wing_N550ND_before_3_189762.csv,298,7450,7479,0,777.4773319829825,"E1 FFlow, E1 EGT1, AltMSL",30,30,30,30,30,30,30,7758.188695682396,4280.21313562909,229189.04920035158,6381.915173953486,14660.39621085026,664.3989610558509,1654.2199570495122
open_2017_05_08_close_2017_05_08_flight_Fixed Wing_N550ND_before_3_189762.csv,299,7475,7504,0,805.020130361597,"E1 FFlow, E1 EGT1, AltMSL",30,30,30,30,30,30,30,7757.584831606715,4280.21313562909,232118.160625123,6381.915173953486,14660.39621085026,394.01760715452326,1654.2819931568254
open_2017_05_08_close_2017_05_08_flight_Fixed Wing_N550ND_before_3_189762.csv,300,7500,7529,0,748.228797663,"E1 FFlow, E1 EGT1, AltMSL",30,30,30,30,30,15,30,7758.049067257701,4280.21313562909,220454.12947705179,6381.915173953486,14660.39621085026,209.99862512459453,1654.1424743010966
open_2017_05_08_close_2017_05_08_flight_Fixed Wing_N550ND_before_3_189762.csv,301,7525,7554,0,605.6010861736241,"E1 FFlow, E1 EGT1, AltMSL",30,30,30,30,30,0,30,7758.112564371736,4280.21313562909,177121.13227172155,6381.915173953486,14660.39621085026,3.6822820558520353,1654.1709886764281
open_2017_05_08_close_2017_05_08_flight_Fixed Wing_N550ND_before_3_189762.csv,302,7550,7579,0,747.8009326945927,"E1 FFlow, E1 EGT1, AltMSL",30,30,30,30,30,11,30,7757.83859551435,4280.21313562909,207544.19646531486,6381.915173953486,14660.39621085026,93.72515053994219,1654.1418863483386
open_2017_05_08_close_2017_05_08_flight_Fixed Wing_N550ND_before_3_189762.csv,303,7575,7604,0,976.7824831529912,"E1 FFlow, E1 EGT1, AltMSL",30,30,30,30,30,22,30,7758.43530293812,4280.21313562909,286351.1567776471,6381.915173953486,14660.39621085026,132.07969857648945,1654.0784563515222
open_2017_05_08_close_2017_05_08_flight_Fixed Wing_N550ND_before_3_189762.csv,304,7600,7629,0,851.0968790920431,"E1 FFlow, E1 EGT1, AltMSL",30,30,30,30,30,22,30,7758.404044495316,4280.21313562909,246966.6009306849,6381.915173953486,14660.39621085026,182.25553869392402,1654.4065303168065
open_2017_05_08_close_2017_05_08_flight_Fixed Wing_N550ND_before_3_189762.csv,305,7625,7654,0,660.194729784997,"E1 FFlow, E1 EGT1, AltMSL",30,30,30,30,30,11,30,7758.285720264226,4280.21313562909,194888.5571368514,6381.915173953486,14660.39621085026,230.7569642927764,1654.245128293866
