flight_id,subseq_id,window_idx,ocsvm_score,anomaly_flag
open_2017_05_08_close_2017_05_08_flight_Fixed Wing_N550ND_before_0_189617,open_2017_05_08_close_2017_05_08_flight_Fixed Wing_N550ND_before_0_189617,0,0.016292902951763333,0
open_2017_05_08_close_2017_05_08_flight_Fixed Wing_N550ND_before_0_189617,open_2017_05_08_close_2017_05_08_flight_Fixed Wing_N550ND_before_0_189617,1,-0.01309989435224046,1
open_2017_05_08_close_2017_05_08_flight_Fixed Wing_N550ND_before_0_189617,open_2017_05_08_close_2017_05_08_flight_Fixed Wing_N550ND_before_0_189617,2,0.012996430543777082,0
open_2017_05_08_close_2017_05_08_flight_Fixed Wing_N550ND_before_0_189617,open_2017_05_08_close_2017_05_08_flight_Fixed Wing_N550ND_before_0_189617,3,0.05646946955322907,0
open_2017_05_08_close_2017_05_08_flight_Fixed Wing_N550ND_before_0_189617,open_2017_05_08_close_2017_05_08_flight_Fixed Wing_N550ND_before_0_189617,4,0.06732045199212111,0
open_2017_05_08_close_2017_05_08_flight_Fixed Wing_N550ND_before_0_189617,open_2017_05_08_close_2017_05_08_flight_Fixed Wing_N550ND_before_0_189617,5,0.1436087665305894,0
open_2017_05_08_close_2017_05_08_flight_Fixed Wing_N550ND_before_0_189617,open_2017_05_08_close_2017_05_08_flight_Fixed Wing_N550ND_before_0_189617,6,0.14220089275963743,0
open_2017_05_08_close_2017_05_08_flight_Fixed Wing_N550ND_before_0_189617,open_2017_05_08_close_2017_05_08_flight_Fixed Wing_N550ND_before_0_189617,7,0.13029954768095098,0
open_2017_05_08_close_2017_05_08_flight_Fixed Wing_N550ND_before_0_189617,open_2017_05_08_close_2017_05_08_flight_Fixed Wing_N550ND_before_0_189617,8,0.05049556225654661,0
open_2017_05_08_close_2017_05_08_flight_Fixed Wing_N550ND_before_0_189617,open_2017_05_08_close_2017_05_08_flight_Fixed Wing_N550ND_before_0_189617,9,0.1377135558599587,0
open_2017_05_08_close_2017_05_08_flight_Fixed Wing_N550ND_before_0_189617,open_2017_05_08_close_2017_05_08_flight_Fixed Wing_N550ND_before_0_189617,10,0.18957733589484382,0
open_2017_05_08_close_2017_05_08_flight_Fixed Wing_N550ND_before_0_189617,open_2017_05_08_close_2017_05_08_flight_Fixed Wing_N550ND_before_0_189617,11,0.17762959352752827,0
open_2017_05_08_close_2017_05_08_flight_Fixed Wing_N550ND_before_0_189617,open_2017_05_08_close_2017_05_08_flight_Fixed Wing_N550ND_before_0_189617,12,0.3524514717051874,0
open_2017_05_08_close_2017_05_08_flight_Fixed Wing_N550ND_before_0_189617,open_2017_05_08_close_2017_05_08_flight_Fixed Wing_N550ND_before_0_189617,13,0.22029663978673564,0
open_2017_05_08_close_2017_05_08_flight_Fixed Wing_N550ND_before_0_189617,open_2017_05_08_close_2017_05_08_flight_Fixed Wing_N550ND_before_0_189617,14,0.18932999015943386,0
open_2017_05_08_close_2017_05_08_flight_Fixed Wing_N550ND_before_0_189617,open_2017_05_08_close_2017_05_08_flight_Fixed Wing_N550ND_before_0_189617,15,0.2525107053363689,0
open_2017_05_08_close_2017_05_08_flight_Fixed Wing_N550ND_before_0_189617,open_2017_05_08_close_2017_05_08_flight_Fixed Wing_N550ND_before_0_189617,16,0.09734888619421689,0
open_2017_05_08_close_2017_05_08_flight_Fixed Wing_N550ND_before_0_189617,open_2017_05_08_close_2017_05_08_flight_Fixed Wing_N550ND_before_0_189617,17,0.31447787171565555,0
open_2017_05_08_close_2017_05_08_flight_Fixed Wing_N550ND_before_0_189617,open_2017_05_08_close_2017_05_08_flight_Fixed Wing_N550ND_before_0_189617,18,0.26682970466301814,0
open_2017_05_08_close_2017_05_08_flight_Fixed Wing_N550ND_before_0_189617,open_2017_05_08_close_2017_05_08_flight_Fixed Wing_N550ND_before_0_189617,19,0.3132736230269044,0
open_2017_05_08_close_2017_05_08_flight_Fixed Wing_N550ND_before_0_189617,open_2017_05_08_close_2017_05_08_flight_Fixed Wing_N550ND_before_0_189617,20,0.3872309860648211,0
open_2017_05_08_close_2017_05_08_flight_Fixed Wing_N550ND_before_0_189617,open_2017_05_08_close_2017_05_08_flight_Fixed Wing_N550ND_before_0_189617,21,0.32218167010196463,0
open_2017_05_08_close_2017_05_08_flight_Fixed Wing_N550ND_before_0_189617,open_2017_05_08_close_2017_05_08_flight_Fixed Wing_N550ND_before_0_189617,22,0.4364868969672264,0
open_2017_05_08_close_2017_05_08_flight_Fixed Wing_N550ND_before_0_189617,open_2017_05_08_close_2017_05_08_flight_Fixed Wing_N550ND_before_0_189617,23,-0.9906061609757233,1
open_2017_05_08_close_2017_05_08_flight_Fixed Wing_N550ND_before_0_189617,open_2017_05_08_close_2017_05_08_flight_Fixed Wing_N550ND_before_0_189617,24,-0.8726510231938677,1
open_2017_05_08_close_2017_05_08_flight_Fixed Wing_N550ND_before_0_189617,open_2017_05_08_close_2017_05_08_flight_Fixed Wing_N550ND_before_0_189617,25,0.3810250794740264,0
open_2017_05_08_close_2017_05_08_flight_Fixed Wing_N550ND_before_0_189617,open_2017_05_08_close_2017_05_08_flight_Fixed Wing_N550ND_before_0_189617,26,0.30685056892846196,0
open_2017_05_08_close_2017_05_08_flight_Fixed Wing_N550ND_before_0_189617,open_2017_05_08_close_2017_05_08_flight_Fixed Wing_N550ND_before_0_189617,27,0.3997679915580479,0
open_2017_05_08_close_2017_05_08_flight_Fixed Wing_N550ND_before_0_189617,open_2017_05_08_close_2017_05_08_flight_Fixed Wing_N550ND_before_0_189617,28,0.33270034605999355,0
open_2017_05_08_close_2017_05_08_flight_Fixed Wing_N550ND_before_0_189617,open_2017_05_08_close_2017_05_08_flight_Fixed Wing_N550ND_before_0_189617,29,0.26612992183346207,0
open_2017_05_08_close_2017_05_08_flight_Fixed Wing_N550ND_before_0_189617,open_2017_05_08_close_2017_05_08_flight_Fixed Wing_N550ND_before_0_189617,30,0.28081519652075193,0
open_2017_05_08_close_2017_05_08_flight_Fixed Wing_N550ND_before_0_189617,open_2017_05_08_close_2017_05_08_flight_Fixed Wing_N550ND_before_0_189617,31,0.3427885059960565,0
open_2017_05_08_close_2017_05_08_flight_Fixed Wing_N550ND_before_0_189617,open_2017_05_08_close_2017_05_08_flight_Fixed Wing_N550ND_before_0_189617,32,0.3782463695110123,0
open_2017_05_08_close_2017_05_08_flight_Fixed Wing_N550ND_before_0_189617,open_2017_05_08_close_2017_05_08_flight_Fixed Wing_N550ND_before_0_189617,33,0.3745950023279563,0
open_2017_05_08_close_2017_05_08_flight_Fixed Wing_N550ND_before_0_189617,open_2017_05_08_close_2017_05_08_flight_Fixed Wing_N550ND_before_0_189617,34,0.36141081513024886,0
open_2017_05_08_close_2017_05_08_flight_Fixed Wing_N550ND_before_0_189617,open_2017_05_08_close_2017_05_08_flight_Fixed Wing_N550ND_before_0_189617,35,0.3116366105018211,0
open_2017_05_08_close_2017_05_08_flight_Fixed Wing_N550ND_before_0_189617,open_2017_05_08_close_2017_05_08_flight_Fixed Wing_N550ND_before_0_189617,36,0.36674415863636445,0
open_2017_05_08_close_2017_05_08_flight_Fixed Wing_N550ND_before_0_189617,open_2017_05_08_close_2017_05_08_flight_Fixed Wing_N550ND_before_0_189617,37,0.2365253416792863,0
open_2017_05_08_close_2017_05_08_flight_Fixed Wing_N550ND_before_0_189617,open_2017_05_08_close_2017_05_08_flight_Fixed Wing_N550ND_before_0_189617,38,-1.2879427027534682,1
open_2017_05_08_close_2017_05_08_flight_Fixed Wing_N550ND_before_0_189617,open_2017_05_08_close_2017_05_08_flight_Fixed Wing_N550ND_before_0_189617,39,0.3670201813174516,0
open_2017_05_08_close_2017_05_08_flight_Fixed Wing_N550ND_before_0_189617,open_2017_05_08_close_2017_05_08_flight_Fixed Wing_N550ND_before_0_189617,40,0.3283168420387621,0
open_2017_05_08_close_2017_05_08_flight_Fixed Wing_N550ND_before_0_189617,open_2017_05_08_close_2017_05_08_flight_Fixed Wing_N550ND_before_0_189617,41,0.35957643038259945,0
open_2017_05_08_close_2017_05_08_flight_Fixed Wing_N550ND_before_0_189617,open_2017_05_08_close_2017_05_08_flight_Fixed Wing_N550ND_before_0_189617,42,0.31993235677888987,0
open_2017_05_08_close_2017_05_08_flight_Fixed Wing_N550ND_before_0_189617,open_2017_05_08_close_2017_05_08_flight_Fixed Wing_N550ND_before_0_189617,43,0.45175199483537787,0
open_2017_05_08_close_2017_05_08_flight_Fixed Wing_N550ND_before_0_189617,open_2017_05_08_close_2017_05_08_flight_Fixed Wing_N550ND_before_0_189617,44,0.34685765065110563,0
open_2017_05_08_close_2017_05_08_flight_Fixed Wing_N550ND_before_0_189617,open_2017_05_08_close_2017_05_08_flight_Fixed Wing_N550ND_before_0_189617,45,0.44821746278759855,0
open_2017_05_08_close_2017_05_08_flight_Fixed Wing_N550ND_before_0_189617,open_2017_05_08_close_2017_05_08_flight_Fixed Wing_N550ND_before_0_189617,46,0.3541556265196375,0
open_2017_05_08_close_2017_05_08_flight_Fixed Wing_N550ND_before_0_189617,open_2017_05_08_close_2017_05_08_flight_Fixed Wing_N550ND_before_0_189617,47,0.2733899540594251,0
open_2017_05_08_close_2017_05_08_flight_Fixed Wing_N550ND_before_0_189617,open_2017_05_08_close_2017_05_08_flight_Fixed Wing_N550ND_before_0_189617,48,0.5340812051101003,0
open_2017_05_08_close_2017_05_08_flight_Fixed Wing_N550ND_before_0_189617,open_2017_05_08_close_2017_05_08_flight_Fixed Wing_N550ND_before_0_189617,49,-0.7992709629246453,1
open_2017_05_08_close_2017_05_08_flight_Fixed Wing_N550ND_before_0_189617,open_2017_05_08_close_2017_05_08_flight_Fixed Wing_N550ND_before_0_189617,50,0.5853399961445931,0
open_2017_05_08_close_2017_05_08_flight_Fixed Wing_N550ND_before_0_189617,open_2017_05_08_close_2017_05_08_flight_Fixed Wing_N550ND_before_0_189617,51,0.44654545399753065,0
open_2017_05_08_close_2017_05_08_flight_Fixed Wing_N550ND_before_0_189617,open_2017_05_08_close_2017_05_08_flight_Fixed Wing_N550ND_before_0_189617,52,0.21440585066401296,0
open_2017_05_08_close_2017_05_08_flight_Fixed Wing_N550ND_before_0_189617,open_2017_05_08_close_2017_05_08_flight_Fixed Wing_N550ND_before_0_189617,53,0.6438956363795274,0
open_2017_05_08_close_2017_05_08_flight_Fixed Wing_N550ND_before_0_189617,open_2017_05_08_close_2017_05_08_flight_Fixed Wing_N550ND_before_0_189617,54,0.5600294260127401,0
open_2017_05_08_close_2017_05_08_flight_Fixed Wing_N550ND_before_0_189617,open_2017_05_08_close_2017_05_08_flight_Fixed Wing_N550ND_before_0_189617,55,0.518927381943844,0
open_2017_05_08_close_2017_05_08_flight_Fixed Wing_N550ND_before_0_189617,open_2017_05_08_close_2017_05_08_flight_Fixed Wing_N550ND_before_0_189617,56,0.4722575392626571,0
open_2017_05_08_close_2017_05_08_flight_Fixed Wing_N550ND_before_0_189617,open_2017_05_08_close_2017_05_08_flight_Fixed Wing_N550ND_before_0_189617,57,-0.814237875163493,1
open_2017_05_08_close_2017_05_08_flight_Fixed Wing_N550ND_before_0_189617,open_2017_05_08_close_2017_05_08_flight_Fixed Wing_N550ND_before_0_189617,58,0.16495471713063448,0
open_2017_05_08_close_2017_05_08_flight_Fixed Wing_N550ND_before_0_189617,open_2017_05_08_close_2017_05_08_flight_Fixed Wing_N550ND_before_0_189617,59,0.4285406934013911,0
open_2017_05_08_close_2017_05_08_flight_Fixed Wing_N550ND_before_0_189617,open_2017_05_08_close_2017_05_08_flight_Fixed Wing_N550ND_before_0_189617,60,-1.0164527204850737,1
open_2017_05_08_close_2017_05_08_flight_Fixed Wing_N550ND_before_0_189617,open_2017_05_08_close_2017_05_08_flight_Fixed Wing_N550ND_before_0_189617,61,-1.045776220264743,1
open_2017_05_08_close_2017_05_08_flight_Fixed Wing_N550ND_before_0_189617,open_2017_05_08_close_2017_05_08_flight_Fixed Wing_N550ND_before_0_189617,62,0.4962279653472019,0
open_2017_05_08_close_2017_05_08_flight_Fixed Wing_N550ND_before_0_189617,open_2017_05_08_close_2017_05_08_flight_Fixed Wing_N550ND_before_0_189617,63,0.49857485417018466,0
open_2017_05_08_close_2017_05_08_flight_Fixed Wing_N550ND_before_0_189617,open_2017_05_08_close_2017_05_08_flight_Fixed Wing_N550ND_before_0_189617,64,0.4693400522589797,0
open_2017_05_08_close_2017_05_08_flight_Fixed Wing_N550ND_before_0_189617,open_2017_05_08_close_2017_05_08_flight_Fixed Wing_N550ND_before_0_189617,65,0.32661983276380635,0
open_2017_05_08_close_2017_05_08_flight_Fixed Wing_N550ND_before_0_189617,open_2017_05_08_close_2017_05_08_flight_Fixed Wing_N550ND_before_0_189617,66,0.3874993771533024,0
open_2017_05_08_close_2017_05_08_flight_Fixed Wing_N550ND_before_0_189617,open_2017_05_08_close_2017_05_08_flight_Fixed Wing_N550ND_before_0_189617,67,0.5468474746405878,0
open_2017_05_08_close_2017_05_08_flight_Fixed Wing_N550ND_before_0_189617,open_2017_05_08_close_2017_05_08_flight_Fixed Wing_N550ND_before_0_189617,68,0.37701040147909914,0
open_2017_05_08_close_2017_05_08_flight_Fixed Wing_N550ND_before_0_189617,open_2017_05_08_close_2017_05_08_flight_Fixed Wing_N550ND_before_0_189617,69,0.5354984521660611,0
open_2017_05_08_close_2017_05_08_flight_Fixed Wing_N550ND_before_0_189617,open_2017_05_08_close_2017_05_08_flight_Fixed Wing_N550ND_before_0_189617,70,0.3775306620456309,0
open_2017_05_08_close_2017_05_08_flight_Fixed Wing_N550ND_before_0_189617,open_2017_05_08_close_2017_05_08_flight_Fixed Wing_N550ND_before_0_189617,71,0.42567160193814746,0
open_2017_05_08_close_2017_05_08_flight_Fixed Wing_N550ND_before_0_189617,open_2017_05_08_close_2017_05_08_flight_Fixed Wing_N550ND_before_0_189617,72,0.3830033044871999,0
open_2017_05_08_close_2017_05_08_flight_Fixed Wing_N550ND_before_0_189617,open_2017_05_08_close_2017_05_08_flight_Fixed Wing_N550ND_before_0_189617,73,0.3952591965659651,0
open_2017_05_08_close_2017_05_08_flight_Fixed Wing_N550ND_before_0_189617,open_2017_05_08_close_2017_05_08_flight_Fixed Wing_N550ND_before_0_189617,74,0.3634486913956698,0
open_2017_05_08_close_2017_05_08_flight_Fixed Wing_N550ND_before_0_189617,open_2017_05_08_close_2017_05_08_flight_Fixed Wing_N550ND_before_0_189617,75,0.4248535021036015,0
open_2017_05_08_close_2017_05_08_flight_Fixed Wing_N550ND_before_0_189617,open_2017_05_08_close_2017_05_08_flight_Fixed Wing_N550ND_before_0_189617,76,0.48870011435200067,0
open_2017_05_08_close_2017_05_08_flight_Fixed Wing_N550ND_before_0_189617,open_2017_05_08_close_2017_05_08_flight_Fixed Wing_N550ND_before_0_189617,77,0.44113248112826353,0
open_2017_05_08_close_2017_05_08_flight_Fixed Wing_N550ND_before_0_189617,open_2017_05_08_close_2017_05_08_flight_Fixed Wing_N550ND_before_0_189617,78,-0.7805165703798987,1
open_2017_05_08_close_2017_05_08_flight_Fixed Wing_N550ND_before_0_189617,open_2017_05_08_close_2017_05_08_flight_Fixed Wing_N550ND_before_0_189617,79,0.3938882164035997,0
open_2017_05_08_close_2017_05_08_flight_Fixed Wing_N550ND_before_0_189617,open_2017_05_08_close_2017_05_08_flight_Fixed Wing_N550ND_before_0_189617,80,0.08526957050473971,0
open_2017_05_08_close_2017_05_08_flight_Fixed Wing_N550ND_before_0_189617,open_2017_05_08_close_2017_05_08_flight_Fixed Wing_N550ND_before_0_189617,81,-0.06279158646144056,1
open_2017_05_08_close_2017_05_08_flight_Fixed Wing_N550ND_before_0_189617,open_2017_05_08_close_2017_05_08_flight_Fixed Wing_N550ND_before_0_189617,82,0.1409961168748488,0
open_2017_05_08_close_2017_05_08_flight_Fixed Wing_N550ND_before_0_189617,open_2017_05_08_close_2017_05_08_flight_Fixed Wing_N550ND_before_0_189617,83,0.32687008009809615,0
open_2017_05_08_close_2017_05_08_flight_Fixed Wing_N550ND_before_0_189617,open_2017_05_08_close_2017_05_08_flight_Fixed Wing_N550ND_before_0_189617,84,0.5085278629133352,0
open_2017_05_08_close_2017_05_08_flight_Fixed Wing_N550ND_before_0_189617,open_2017_05_08_close_2017_05_08_flight_Fixed Wing_N550ND_before_0_189617,85,0.392051725346499,0
open_2017_05_08_close_2017_05_08_flight_Fixed Wing_N550ND_before_0_189617,open_2017_05_08_close_2017_05_08_flight_Fixed Wing_N550ND_before_0_189617,86,0.33205084462242995,0
open_2017_05_08_close_2017_05_08_flight_Fixed Wing_N550ND_before_0_189617,open_2017_05_08_close_2017_05_08_flight_Fixed Wing_N550ND_before_0_189617,87,0.19726521831789334,0
open_2017_05_08_close_2017_05_08_flight_Fixed Wing_N550ND_before_0_189617,open_2017_05_08_close_2017_05_08_flight_Fixed Wing_N550ND_before_0_189617,88,-0.26071859835677547,1
open_2017_05_08_close_2017_05_08_flight_Fixed Wing_N550ND_before_0_189617,open_2017_05_08_close_2017_05_08_flight_Fixed Wing_N550ND_before_0_189617,89,0.32477751929506016,0
open_2017_05_08_close_2017_05_08_flight_Fixed Wing_N550ND_before_0_189617,open_2017_05_08_close_2017_05_08_flight_Fixed Wing_N550ND_before_0_189617,90,0.2818300616902665,0
open_2017_05_08_close_2017_05_08_flight_Fixed Wing_N550ND_before_0_189617,open_2017_05_08_close_2017_05_08_flight_Fixed Wing_N550ND_before_0_189617,91,0.35545167212487105,0
open_2017_05_08_close_2017_05_08_flight_Fixed Wing_N550ND_before_0_189617,open_2017_05_08_close_2017_05_08_flight_Fixed Wing_N550ND_before_0_189617,92,0.44524030082762667,0
open_2017_05_08_close_2017_05_08_flight_Fixed Wing_N550ND_before_0_189617,open_2017_05_08_close_2017_05_08_flight_Fixed Wing_N550ND_before_0_189617,93,-0.44618058776155145,1
open_2017_05_08_close_2017_05_08_flight_Fixed Wing_N550ND_before_0_189617,open_2017_05_08_close_2017_05_08_flight_Fixed Wing_N550ND_before_0_189617,94,-0.3499313281318447,1
open_2017_05_08_close_2017_05_08_flight_Fixed Wing_N550ND_before_0_189617,open_2017_05_08_close_2017_05_08_flight_Fixed Wing_N550ND_before_0_189617,95,-0.06296597796903902,1
open_2017_05_08_close_2017_05_08_flight_Fixed Wing_N550ND_before_0_189617,open_2017_05_08_close_2017_05_08_flight_Fixed Wing_N550ND_before_0_189617,96,0.3644273032696954,0
open_2017_05_08_close_2017_05_08_flight_Fixed Wing_N550ND_before_0_189617,open_2017_05_08_close_2017_05_08_flight_Fixed Wing_N550ND_before_0_189617,97,0.3389091442598202,0
open_2017_05_08_close_2017_05_08_flight_Fixed Wing_N550ND_before_0_189617,open_2017_05_08_close_2017_05_08_flight_Fixed Wing_N550ND_before_0_189617,98,0.3089925279422787,0
open_2017_05_08_close_2017_05_08_flight_Fixed Wing_N550ND_before_0_189617,open_2017_05_08_close_2017_05_08_flight_Fixed Wing_N550ND_before_0_189617,99,-1.2879421683788081,1
open_2017_05_08_close_2017_05_08_flight_Fixed Wing_N550ND_before_0_189617,open_2017_05_08_close_2017_05_08_flight_Fixed Wing_N550ND_before_0_189617,100,0.2124862412459645,0
open_2017_05_08_close_2017_05_08_flight_Fixed Wing_N550ND_before_0_189617,open_2017_05_08_close_2017_05_08_flight_Fixed Wing_N550ND_before_0_189617,101,0.438010307166252,0
open_2017_05_08_close_2017_05_08_flight_Fixed Wing_N550ND_before_0_189617,open_2017_05_08_close_2017_05_08_flight_Fixed Wing_N550ND_before_0_189617,102,0.3916745129709063,0
open_2017_05_08_close_2017_05_08_flight_Fixed Wing_N550ND_before_0_189617,open_2017_05_08_close_2017_05_08_flight_Fixed Wing_N550ND_before_0_189617,103,-0.06354927776433139,1
open_2017_05_08_close_2017_05_08_flight_Fixed Wing_N550ND_before_0_189617,open_2017_05_08_close_2017_05_08_flight_Fixed Wing_N550ND_before_0_189617,104,0.48355978749595674,0
open_2017_05_08_close_2017_05_08_flight_Fixed Wing_N550ND_before_0_189617,open_2017_05_08_close_2017_05_08_flight_Fixed Wing_N550ND_before_0_189617,105,0.4817282039917772,0
open_2017_05_08_close_2017_05_08_flight_Fixed Wing_N550ND_before_0_189617,open_2017_05_08_close_2017_05_08_flight_Fixed Wing_N550ND_before_0_189617,106,0.36280268356086265,0
open_2017_05_08_close_2017_05_08_flight_Fixed Wing_N550ND_before_0_189617,open_2017_05_08_close_2017_05_08_flight_Fixed Wing_N550ND_before_0_189617,107,0.19265241824963697,0
open_2017_05_08_close_2017_05_08_flight_Fixed Wing_N550ND_before_0_189617,open_2017_05_08_close_2017_05_08_flight_Fixed Wing_N550ND_before_0_189617,108,0.43292887357992993,0
open_2017_05_08_close_2017_05_08_flight_Fixed Wing_N550ND_before_0_189617,open_2017_05_08_close_2017_05_08_flight_Fixed Wing_N550ND_before_0_189617,109,0.5609431771786031,0
open_2017_05_08_close_2017_05_08_flight_Fixed Wing_N550ND_before_0_189617,open_2017_05_08_close_2017_05_08_flight_Fixed Wing_N550ND_before_0_189617,110,0.45932678426501794,0
open_2017_05_08_close_2017_05_08_flight_Fixed Wing_N550ND_before_0_189617,open_2017_05_08_close_2017_05_08_flight_Fixed Wing_N550ND_before_0_189617,111,0.2865778439240776,0
open_2017_05_08_close_2017_05_08_flight_Fixed Wing_N550ND_before_0_189617,open_2017_05_08_close_2017_05_08_flight_Fixed Wing_N550ND_before_0_189617,112,0.3080718776723286,0
open_2017_05_08_close_2017_05_08_flight_Fixed Wing_N550ND_before_0_189617,open_2017_05_08_close_2017_05_08_flight_Fixed Wing_N550ND_before_0_189617,113,0.23775150783279964,0
open_2017_05_08_close_2017_05_08_flight_Fixed Wing_N550ND_before_0_189617,open_2017_05_08_close_2017_05_08_flight_Fixed Wing_N550ND_before_0_189617,114,0.3137962300174968,0
open_2017_05_08_close_2017_05_08_flight_Fixed Wing_N550ND_before_0_189617,open_2017_05_08_close_2017_05_08_flight_Fixed Wing_N550ND_before_0_189617,115,0.21759669937745585,0
open_2017_05_08_close_2017_05_08_flight_Fixed Wing_N550ND_before_0_189617,open_2017_05_08_close_2017_05_08_flight_Fixed Wing_N550ND_before_0_189617,116,0.15416517205031477,0
open_2017_05_08_close_2017_05_08_flight_Fixed Wing_N550ND_before_0_189617,open_2017_05_08_close_2017_05_08_flight_Fixed Wing_N550ND_before_0_189617,117,0.15893558418663822,0
open_2017_05_08_close_2017_05_08_flight_Fixed Wing_N550ND_before_0_189617,open_2017_05_08_close_2017_05_08_flight_Fixed Wing_N550ND_before_0_189617,118,0.42108184225974066,0
open_2017_05_08_close_2017_05_08_flight_Fixed Wing_N550ND_before_0_189617,open_2017_05_08_close_2017_05_08_flight_Fixed Wing_N550ND_before_0_189617,119,0.29308703368214495,0
open_2017_05_08_close_2017_05_08_flight_Fixed Wing_N550ND_before_0_189617,open_2017_05_08_close_2017_05_08_flight_Fixed Wing_N550ND_before_0_189617,120,0.4411831968426956,0
open_2017_05_08_close_2017_05_08_flight_Fixed Wing_N550ND_before_0_189617,open_2017_05_08_close_2017_05_08_flight_Fixed Wing_N550ND_before_0_189617,121,0.26135318818925013,0
open_2017_05_08_close_2017_05_08_flight_Fixed Wing_N550ND_before_0_189617,open_2017_05_08_close_2017_05_08_flight_Fixed Wing_N550ND_before_0_189617,122,-0.6748351490590665,1
open_2017_05_08_close_2017_05_08_flight_Fixed Wing_N550ND_before_0_189617,open_2017_05_08_close_2017_05_08_flight_Fixed Wing_N550ND_before_0_189617,123,-0.7659695752887105,1
open_2017_05_08_close_2017_05_08_flight_Fixed Wing_N550ND_before_0_189617,open_2017_05_08_close_2017_05_08_flight_Fixed Wing_N550ND_before_0_189617,124,-1.2859749672711538,1
open_2017_05_08_close_2017_05_08_flight_Fixed Wing_N550ND_before_0_189617,open_2017_05_08_close_2017_05_08_flight_Fixed Wing_N550ND_before_0_189617,125,-1.2180421190770894,1
open_2017_05_08_close_2017_05_08_flight_Fixed Wing_N550ND_before_0_189617,open_2017_05_08_close_2017_05_08_flight_Fixed Wing_N550ND_before_0_189617,126,0.4401428300673085,0
open_2017_05_08_close_2017_05_08_flight_Fixed Wing_N550ND_before_0_189617,open_2017_05_08_close_2017_05_08_flight_Fixed Wing_N550ND_before_0_189617,127,0.6851623995431853,0
open_2017_05_08_close_2017_05_08_flight_Fixed Wing_N550ND_before_0_189617,open_2017_05_08_close_2017_05_08_flight_Fixed Wing_N550ND_before_0_189617,128,0.19402605515551508,0
open_2017_05_08_close_2017_05_08_flight_Fixed Wing_N550ND_before_0_189617,open_2017_05_08_close_2017_05_08_flight_Fixed Wing_N550ND_before_0_189617,129,0.42657554043652257,0
open_2017_05_08_close_2017_05_08_flight_Fixed Wing_N550ND_before_0_189617,open_2017_05_08_close_2017_05_08_flight_Fixed Wing_N550ND_before_0_189617,130,0.20549101778160828,0
open_2017_05_08_close_2017_05_08_flight_Fixed Wing_N550ND_before_0_189617,open_2017_05_08_close_2017_05_08_flight_Fixed Wing_N550ND_before_0_189617,131,0.26244801407580565,0
open_2017_05_08_close_2017_05_08_flight_Fixed Wing_N550ND_before_0_189617,open_2017_05_08_close_2017_05_08_flight_Fixed Wing_N550ND_before_0_189617,132,-0.47588432594460606,1
open_2017_05_08_close_2017_05_08_flight_Fixed Wing_N550ND_before_0_189617,open_2017_05_08_close_2017_05_08_flight_Fixed Wing_N550ND_before_0_189617,133,0.1438241696170406,0
open_2017_05_08_close_2017_05_08_flight_Fixed Wing_N550ND_before_0_189617,open_2017_05_08_close_2017_05_08_flight_Fixed Wing_N550ND_before_0_189617,134,-0.22318460525689687,1
open_2017_05_08_close_2017_05_08_flight_Fixed Wing_N550ND_before_0_189617,open_2017_05_08_close_2017_05_08_flight_Fixed Wing_N550ND_before_0_189617,135,-0.3257193248838458,1
open_2017_05_08_close_2017_05_08_flight_Fixed Wing_N550ND_before_0_189617,open_2017_05_08_close_2017_05_08_flight_Fixed Wing_N550ND_before_0_189617,136,-0.44393119693049854,1
open_2017_05_08_close_2017_05_08_flight_Fixed Wing_N550ND_before_0_189617,open_2017_05_08_close_2017_05_08_flight_Fixed Wing_N550ND_before_0_189617,137,-0.06865784711843048,1
open_2017_05_08_close_2017_05_08_flight_Fixed Wing_N550ND_before_0_189617,open_2017_05_08_close_2017_05_08_flight_Fixed Wing_N550ND_before_0_189617,138,-0.29197070603499253,1
open_2017_05_08_close_2017_05_08_flight_Fixed Wing_N550ND_before_0_189617,open_2017_05_08_close_2017_05_08_flight_Fixed Wing_N550ND_before_0_189617,139,-0.13235110706336806,1
open_2017_05_08_close_2017_05_08_flight_Fixed Wing_N550ND_before_0_189617,open_2017_05_08_close_2017_05_08_flight_Fixed Wing_N550ND_before_0_189617,140,-0.4413536777086876,1
open_2017_05_08_close_2017_05_08_flight_Fixed Wing_N550ND_before_0_189617,open_2017_05_08_close_2017_05_08_flight_Fixed Wing_N550ND_before_0_189617,141,-0.16246684282922774,1
open_2017_05_08_close_2017_05_08_flight_Fixed Wing_N550ND_before_0_189617,open_2017_05_08_close_2017_05_08_flight_Fixed Wing_N550ND_before_0_189617,142,-0.7344242330806227,1
open_2017_05_08_close_2017_05_08_flight_Fixed Wing_N550ND_before_0_189617,open_2017_05_08_close_2017_05_08_flight_Fixed Wing_N550ND_before_0_189617,143,-1.2154248876419025,1
open_2017_05_08_close_2017_05_08_flight_Fixed Wing_N550ND_before_0_189617,open_2017_05_08_close_2017_05_08_flight_Fixed Wing_N550ND_before_0_189617,144,-0.3321989198210479,1
open_2017_05_08_close_2017_05_08_flight_Fixed Wing_N550ND_before_0_189617,open_2017_05_08_close_2017_05_08_flight_Fixed Wing_N550ND_before_0_189617,145,-0.7586504339487936,1
open_2017_05_08_close_2017_05_08_flight_Fixed Wing_N550ND_before_0_189617,open_2017_05_08_close_2017_05_08_flight_Fixed Wing_N550ND_before_0_189617,146,0.23752493159594779,0
open_2017_05_08_close_2017_05_08_flight_Fixed Wing_N550ND_before_0_189617,open_2017_05_08_close_2017_05_08_flight_Fixed Wing_N550ND_before_0_189617,147,0.03227773014231117,0
open_2017_05_08_close_2017_05_08_flight_Fixed Wing_N550ND_before_0_189617,open_2017_05_08_close_2017_05_08_flight_Fixed Wing_N550ND_before_0_189617,148,0.40622756387310055,0
open_2017_05_08_close_2017_05_08_flight_Fixed Wing_N550ND_before_0_189617,open_2017_05_08_close_2017_05_08_flight_Fixed Wing_N550ND_before_0_189617,149,0.08580477301254685,0
open_2017_05_08_close_2017_05_08_flight_Fixed Wing_N550ND_before_0_189617,open_2017_05_08_close_2017_05_08_flight_Fixed Wing_N550ND_before_0_189617,150,0.09823500354359549,0
open_2017_05_08_close_2017_05_08_flight_Fixed Wing_N550ND_before_0_189617,open_2017_05_08_close_2017_05_08_flight_Fixed Wing_N550ND_before_0_189617,151,0.12769621264920494,0
open_2017_05_08_close_2017_05_08_flight_Fixed Wing_N550ND_before_0_189617,open_2017_05_08_close_2017_05_08_flight_Fixed Wing_N550ND_before_0_189617,152,0.48103947651372114,0
open_2017_05_08_close_2017_05_08_flight_Fixed Wing_N550ND_before_0_189617,open_2017_05_08_close_2017_05_08_flight_Fixed Wing_N550ND_before_0_189617,153,0.2023863288361405,0
open_2017_05_08_close_2017_05_08_flight_Fixed Wing_N550ND_before_0_189617,open_2017_05_08_close_2017_05_08_flight_Fixed Wing_N550ND_before_0_189617,154,0.3516546398829028,0
open_2017_05_08_close_2017_05_08_flight_Fixed Wing_N550ND_before_0_189617,open_2017_05_08_close_2017_05_08_flight_Fixed Wing_N550ND_before_0_189617,155,-0.44035787839362617,1
open_2017_05_08_close_2017_05_08_flight_Fixed Wing_N550ND_before_0_189617,open_2017_05_08_close_2017_05_08_flight_Fixed Wing_N550ND_before_0_189617,156,0.18841777642650226,0
open_2017_05_08_close_2017_05_08_flight_Fixed Wing_N550ND_before_0_189617,open_2017_05_08_close_2017_05_08_flight_Fixed Wing_N550ND_before_0_189617,157,0.1428869477688981,0
open_2017_05_08_close_2017_05_08_flight_Fixed Wing_N550ND_before_0_189617,open_2017_05_08_close_2017_05_08_flight_Fixed Wing_N550ND_before_0_189617,158,-0.2988336978985837,1
open_2017_05_08_close_2017_05_08_flight_Fixed Wing_N550ND_before_0_189617,open_2017_05_08_close_2017_05_08_flight_Fixed Wing_N550ND_before_0_189617,159,-0.6261709608896529,1
open_2017_05_08_close_2017_05_08_flight_Fixed Wing_N550ND_before_0_189617,open_2017_05_08_close_2017_05_08_flight_Fixed Wing_N550ND_before_0_189617,160,0.35835072123189793,0
open_2017_05_08_close_2017_05_08_flight_Fixed Wing_N550ND_before_0_189617,open_2017_05_08_close_2017_05_08_flight_Fixed Wing_N550ND_before_0_189617,161,0.6203956896288862,0
open_2017_05_08_close_2017_05_08_flight_Fixed Wing_N550ND_before_0_189617,open_2017_05_08_close_2017_05_08_flight_Fixed Wing_N550ND_before_0_189617,162,0.45354706359523833,0
open_2017_05_08_close_2017_05_08_flight_Fixed Wing_N550ND_before_0_189617,open_2017_05_08_close_2017_05_08_flight_Fixed Wing_N550ND_before_0_189617,163,0.5556234580740937,0
open_2017_05_08_close_2017_05_08_flight_Fixed Wing_N550ND_before_0_189617,open_2017_05_08_close_2017_05_08_flight_Fixed Wing_N550ND_before_0_189617,164,0.5836358102781634,0
open_2017_05_08_close_2017_05_08_flight_Fixed Wing_N550ND_before_0_189617,open_2017_05_08_close_2017_05_08_flight_Fixed Wing_N550ND_before_0_189617,165,-0.8550621418574187,1
open_2017_05_08_close_2017_05_08_flight_Fixed Wing_N550ND_before_0_189617,open_2017_05_08_close_2017_05_08_flight_Fixed Wing_N550ND_before_0_189617,166,-0.923247475743439,1
open_2017_05_08_close_2017_05_08_flight_Fixed Wing_N550ND_before_0_189617,open_2017_05_08_close_2017_05_08_flight_Fixed Wing_N550ND_before_0_189617,167,0.16469046550102684,0
open_2017_05_08_close_2017_05_08_flight_Fixed Wing_N550ND_before_0_189617,open_2017_05_08_close_2017_05_08_flight_Fixed Wing_N550ND_before_0_189617,168,-0.2242764942648674,1
open_2017_05_08_close_2017_05_08_flight_Fixed Wing_N550ND_before_0_189617,open_2017_05_08_close_2017_05_08_flight_Fixed Wing_N550ND_before_0_189617,169,-0.11132607151484364,1
open_2017_05_08_close_2017_05_08_flight_Fixed Wing_N550ND_before_0_189617,open_2017_05_08_close_2017_05_08_flight_Fixed Wing_N550ND_before_0_189617,170,0.6158503602291943,0
open_2017_05_08_close_2017_05_08_flight_Fixed Wing_N550ND_before_0_189617,open_2017_05_08_close_2017_05_08_flight_Fixed Wing_N550ND_before_0_189617,171,0.07582320610597226,0
open_2017_05_08_close_2017_05_08_flight_Fixed Wing_N550ND_before_0_189617,open_2017_05_08_close_2017_05_08_flight_Fixed Wing_N550ND_before_0_189617,172,0.9416722782801568,0
open_2017_05_08_close_2017_05_08_flight_Fixed Wing_N550ND_before_0_189617,open_2017_05_08_close_2017_05_08_flight_Fixed Wing_N550ND_before_0_189617,173,-0.43121571973057604,1
open_2017_05_08_close_2017_05_08_flight_Fixed Wing_N550ND_before_0_189617,open_2017_05_08_close_2017_05_08_flight_Fixed Wing_N550ND_before_0_189617,174,-1.1890431494710196,1
open_2017_05_08_close_2017_05_08_flight_Fixed Wing_N550ND_before_0_189617,open_2017_05_08_close_2017_05_08_flight_Fixed Wing_N550ND_before_0_189617,175,-0.8410221732784972,1
open_2017_05_08_close_2017_05_08_flight_Fixed Wing_N550ND_before_0_189617,open_2017_05_08_close_2017_05_08_flight_Fixed Wing_N550ND_before_0_189617,176,0.3670351304185957,0
open_2017_05_08_close_2017_05_08_flight_Fixed Wing_N550ND_before_0_189617,open_2017_05_08_close_2017_05_08_flight_Fixed Wing_N550ND_before_0_189617,177,-1.2879427099258665,1
open_2017_05_08_close_2017_05_08_flight_Fixed Wing_N550ND_before_0_189617,open_2017_05_08_close_2017_05_08_flight_Fixed Wing_N550ND_before_0_189617,178,-0.7156807355324722,1
open_2017_05_08_close_2017_05_08_flight_Fixed Wing_N550ND_before_0_189617,open_2017_05_08_close_2017_05_08_flight_Fixed Wing_N550ND_before_0_189617,179,-0.7307226474025569,1
open_2017_05_08_close_2017_05_08_flight_Fixed Wing_N550ND_before_0_189617,open_2017_05_08_close_2017_05_08_flight_Fixed Wing_N550ND_before_0_189617,180,0.8225838255788118,0
open_2017_05_08_close_2017_05_08_flight_Fixed Wing_N550ND_before_0_189617,open_2017_05_08_close_2017_05_08_flight_Fixed Wing_N550ND_before_0_189617,181,0.7602110561111668,0
open_2017_05_08_close_2017_05_08_flight_Fixed Wing_N550ND_before_0_189617,open_2017_05_08_close_2017_05_08_flight_Fixed Wing_N550ND_before_0_189617,182,0.8698900860871879,0
open_2017_05_08_close_2017_05_08_flight_Fixed Wing_N550ND_before_0_189617,open_2017_05_08_close_2017_05_08_flight_Fixed Wing_N550ND_before_0_189617,183,0.7818532542110908,0
open_2017_05_08_close_2017_05_08_flight_Fixed Wing_N550ND_before_0_189617,open_2017_05_08_close_2017_05_08_flight_Fixed Wing_N550ND_before_0_189617,184,0.5896859270934294,0
open_2017_05_08_close_2017_05_08_flight_Fixed Wing_N550ND_before_0_189617,open_2017_05_08_close_2017_05_08_flight_Fixed Wing_N550ND_before_0_189617,185,0.553609829301478,0
open_2017_05_08_close_2017_05_08_flight_Fixed Wing_N550ND_before_0_189617,open_2017_05_08_close_2017_05_08_flight_Fixed Wing_N550ND_before_0_189617,186,0.23605618204050316,0
open_2017_05_08_close_2017_05_08_flight_Fixed Wing_N550ND_before_0_189617,open_2017_05_08_close_2017_05_08_flight_Fixed Wing_N550ND_before_0_189617,187,0.3319169698552946,0
open_2017_05_08_close_2017_05_08_flight_Fixed Wing_N550ND_before_0_189617,open_2017_05_08_close_2017_05_08_flight_Fixed Wing_N550ND_before_0_189617,188,0.5415953862558074,0
open_2017_05_08_close_2017_05_08_flight_Fixed Wing_N550ND_before_0_189617,open_2017_05_08_close_2017_05_08_flight_Fixed Wing_N550ND_before_0_189617,189,0.35887435084489794,0
open_2017_05_08_close_2017_05_08_flight_Fixed Wing_N550ND_before_0_189617,open_2017_05_08_close_2017_05_08_flight_Fixed Wing_N550ND_before_0_189617,190,-0.35534494133225014,1
open_2017_05_08_close_2017_05_08_flight_Fixed Wing_N550ND_before_0_189617,open_2017_05_08_close_2017_05_08_flight_Fixed Wing_N550ND_before_0_189617,191,0.14210054201042888,0
open_2017_05_08_close_2017_05_08_flight_Fixed Wing_N550ND_before_0_189617,open_2017_05_08_close_2017_05_08_flight_Fixed Wing_N550ND_before_0_189617,192,0.4780431243620977,0
open_2017_05_08_close_2017_05_08_flight_Fixed Wing_N550ND_before_0_189617,open_2017_05_08_close_2017_05_08_flight_Fixed Wing_N550ND_before_0_189617,193,0.5037475428632365,0
open_2017_05_08_close_2017_05_08_flight_Fixed Wing_N550ND_before_0_189617,open_2017_05_08_close_2017_05_08_flight_Fixed Wing_N550ND_before_0_189617,194,0.5229339948403842,0
open_2017_05_08_close_2017_05_08_flight_Fixed Wing_N550ND_before_0_189617,open_2017_05_08_close_2017_05_08_flight_Fixed Wing_N550ND_before_0_189617,195,-1.0609577581548333,1
open_2017_05_08_close_2017_05_08_flight_Fixed Wing_N550ND_before_0_189617,open_2017_05_08_close_2017_05_08_flight_Fixed Wing_N550ND_before_0_189617,196,-1.2626827893658037,1
open_2017_05_08_close_2017_05_08_flight_Fixed Wing_N550ND_before_0_189617,open_2017_05_08_close_2017_05_08_flight_Fixed Wing_N550ND_before_0_189617,197,0.6483994236489801,0
open_2017_05_08_close_2017_05_08_flight_Fixed Wing_N550ND_before_0_189617,open_2017_05_08_close_2017_05_08_flight_Fixed Wing_N550ND_before_0_189617,198,1.0342347655852624,0
open_2017_05_08_close_2017_05_08_flight_Fixed Wing_N550ND_before_0_189617,open_2017_05_08_close_2017_05_08_flight_Fixed Wing_N550ND_before_0_189617,199,-1.008086934098159,1
open_2017_05_08_close_2017_05_08_flight_Fixed Wing_N550ND_before_0_189617,open_2017_05_08_close_2017_05_08_flight_Fixed Wing_N550ND_before_0_189617,200,0.9343984281498181,0
open_2017_05_08_close_2017_05_08_flight_Fixed Wing_N550ND_before_0_189617,open_2017_05_08_close_2017_05_08_flight_Fixed Wing_N550ND_before_0_189617,201,0.5534508522856687,0
open_2017_05_08_close_2017_05_08_flight_Fixed Wing_N550ND_before_0_189617,open_2017_05_08_close_2017_05_08_flight_Fixed Wing_N550ND_before_0_189617,202,0.6598633114154155,0
open_2017_05_08_close_2017_05_08_flight_Fixed Wing_N550ND_before_0_189617,open_2017_05_08_close_2017_05_08_flight_Fixed Wing_N550ND_before_0_189617,203,0.8331350977354104,0
open_2017_05_08_close_2017_05_08_flight_Fixed Wing_N550ND_before_0_189617,open_2017_05_08_close_2017_05_08_flight_Fixed Wing_N550ND_before_0_189617,204,0.6308862194309102,0
open_2017_05_08_close_2017_05_08_flight_Fixed Wing_N550ND_before_0_189617,open_2017_05_08_close_2017_05_08_flight_Fixed Wing_N550ND_before_0_189617,205,0.67670606793518,0
open_2017_05_08_close_2017_05_08_flight_Fixed Wing_N550ND_before_0_189617,open_2017_05_08_close_2017_05_08_flight_Fixed Wing_N550ND_before_0_189617,206,0.7958144996050351,0
open_2017_05_08_close_2017_05_08_flight_Fixed Wing_N550ND_before_0_189617,open_2017_05_08_close_2017_05_08_flight_Fixed Wing_N550ND_before_0_189617,207,0.6980187858298845,0
open_2017_05_08_close_2017_05_08_flight_Fixed Wing_N550ND_before_0_189617,open_2017_05_08_close_2017_05_08_flight_Fixed Wing_N550ND_before_0_189617,208,-0.32251410522735124,1
open_2017_05_08_close_2017_05_08_flight_Fixed Wing_N550ND_before_0_189617,open_2017_05_08_close_2017_05_08_flight_Fixed Wing_N550ND_before_0_189617,209,-0.3774031377997257,1
open_2017_05_08_close_2017_05_08_flight_Fixed Wing_N550ND_before_0_189617,open_2017_05_08_close_2017_05_08_flight_Fixed Wing_N550ND_before_0_189617,210,-0.6617296985076139,1
open_2017_05_08_close_2017_05_08_flight_Fixed Wing_N550ND_before_0_189617,open_2017_05_08_close_2017_05_08_flight_Fixed Wing_N550ND_before_0_189617,211,0.5564324344464469,0
open_2017_05_08_close_2017_05_08_flight_Fixed Wing_N550ND_before_0_189617,open_2017_05_08_close_2017_05_08_flight_Fixed Wing_N550ND_before_0_189617,212,-0.3974334029580914,1
open_2017_05_08_close_2017_05_08_flight_Fixed Wing_N550ND_before_0_189617,open_2017_05_08_close_2017_05_08_flight_Fixed Wing_N550ND_before_0_189617,213,-0.837838645698911,1
open_2017_05_08_close_2017_05_08_flight_Fixed Wing_N550ND_before_0_189617,open_2017_05_08_close_2017_05_08_flight_Fixed Wing_N550ND_before_0_189617,214,0.6584378658810079,0
open_2017_05_08_close_2017_05_08_flight_Fixed Wing_N550ND_before_0_189617,open_2017_05_08_close_2017_05_08_flight_Fixed Wing_N550ND_before_0_189617,215,-0.1815625282818949,1
open_2017_05_08_close_2017_05_08_flight_Fixed Wing_N550ND_before_0_189617,open_2017_05_08_close_2017_05_08_flight_Fixed Wing_N550ND_before_0_189617,216,0.0839644458442872,0
open_2017_05_08_close_2017_05_08_flight_Fixed Wing_N550ND_before_0_189617,open_2017_05_08_close_2017_05_08_flight_Fixed Wing_N550ND_before_0_189617,217,0.6958357331523315,0
open_2017_05_08_close_2017_05_08_flight_Fixed Wing_N550ND_before_0_189617,open_2017_05_08_close_2017_05_08_flight_Fixed Wing_N550ND_before_0_189617,218,0.5481664889140625,0
open_2017_05_08_close_2017_05_08_flight_Fixed Wing_N550ND_before_0_189617,open_2017_05_08_close_2017_05_08_flight_Fixed Wing_N550ND_before_0_189617,219,0.42629241383195704,0
open_2017_05_08_close_2017_05_08_flight_Fixed Wing_N550ND_before_0_189617,open_2017_05_08_close_2017_05_08_flight_Fixed Wing_N550ND_before_0_189617,220,0.7018774849955354,0
open_2017_05_08_close_2017_05_08_flight_Fixed Wing_N550ND_before_0_189617,open_2017_05_08_close_2017_05_08_flight_Fixed Wing_N550ND_before_0_189617,221,0.5696823537579121,0
open_2017_05_08_close_2017_05_08_flight_Fixed Wing_N550ND_before_0_189617,open_2017_05_08_close_2017_05_08_flight_Fixed Wing_N550ND_before_0_189617,222,0.4151297515431771,0
open_2017_05_08_close_2017_05_08_flight_Fixed Wing_N550ND_before_0_189617,open_2017_05_08_close_2017_05_08_flight_Fixed Wing_N550ND_before_0_189617,223,1.050353504979296,0
open_2017_05_08_close_2017_05_08_flight_Fixed Wing_N550ND_before_0_189617,open_2017_05_08_close_2017_05_08_flight_Fixed Wing_N550ND_before_0_189617,224,0.9906265504189071,0
open_2017_05_08_close_2017_05_08_flight_Fixed Wing_N550ND_before_0_189617,open_2017_05_08_close_2017_05_08_flight_Fixed Wing_N550ND_before_0_189617,225,1.0128079803772931,0
open_2017_05_08_close_2017_05_08_flight_Fixed Wing_N550ND_before_0_189617,open_2017_05_08_close_2017_05_08_flight_Fixed Wing_N550ND_before_0_189617,226,0.6271881272317246,0
open_2017_05_08_close_2017_05_08_flight_Fixed Wing_N550ND_before_0_189617,open_2017_05_08_close_2017_05_08_flight_Fixed Wing_N550ND_before_0_189617,227,-0.6478366277694959,1
open_2017_05_08_close_2017_05_08_flight_Fixed Wing_N550ND_before_0_189617,open_2017_05_08_close_2017_05_08_flight_Fixed Wing_N550ND_before_0_189617,228,-1.2840939237813405,1
open_2017_05_08_close_2017_05_08_flight_Fixed Wing_N550ND_before_0_189617,open_2017_05_08_close_2017_05_08_flight_Fixed Wing_N550ND_before_0_189617,229,0.2659850909156267,0
open_2017_05_08_close_2017_05_08_flight_Fixed Wing_N550ND_before_0_189617,open_2017_05_08_close_2017_05_08_flight_Fixed Wing_N550ND_before_0_189617,230,-1.2879299753282256,1
open_2017_05_08_close_2017_05_08_flight_Fixed Wing_N550ND_before_0_189617,open_2017_05_08_close_2017_05_08_flight_Fixed Wing_N550ND_before_0_189617,231,-0.6367573225298969,1
open_2017_05_08_close_2017_05_08_flight_Fixed Wing_N550ND_before_0_189617,open_2017_05_08_close_2017_05_08_flight_Fixed Wing_N550ND_before_0_189617,232,0.7600617235151645,0
open_2017_05_08_close_2017_05_08_flight_Fixed Wing_N550ND_before_0_189617,open_2017_05_08_close_2017_05_08_flight_Fixed Wing_N550ND_before_0_189617,233,0.6001327934305225,0
open_2017_05_08_close_2017_05_08_flight_Fixed Wing_N550ND_before_0_189617,open_2017_05_08_close_2017_05_08_flight_Fixed Wing_N550ND_before_0_189617,234,0.5552685727310191,0
open_2017_05_08_close_2017_05_08_flight_Fixed Wing_N550ND_before_0_189617,open_2017_05_08_close_2017_05_08_flight_Fixed Wing_N550ND_before_0_189617,235,0.5687690908516807,0
open_2017_05_08_close_2017_05_08_flight_Fixed Wing_N550ND_before_0_189617,open_2017_05_08_close_2017_05_08_flight_Fixed Wing_N550ND_before_0_189617,236,0.7828076249270528,0
open_2017_05_08_close_2017_05_08_flight_Fixed Wing_N550ND_before_0_189617,open_2017_05_08_close_2017_05_08_flight_Fixed Wing_N550ND_before_0_189617,237,0.8450960019072311,0
open_2017_05_08_close_2017_05_08_flight_Fixed Wing_N550ND_before_0_189617,open_2017_05_08_close_2017_05_08_flight_Fixed Wing_N550ND_before_0_189617,238,0.5139788280407698,0
open_2017_05_08_close_2017_05_08_flight_Fixed Wing_N550ND_before_0_189617,open_2017_05_08_close_2017_05_08_flight_Fixed Wing_N550ND_before_0_189617,239,0.2972593060265851,0
open_2017_05_08_close_2017_05_08_flight_Fixed Wing_N550ND_before_0_189617,open_2017_05_08_close_2017_05_08_flight_Fixed Wing_N550ND_before_0_189617,240,0.1435684877674197,0
open_2017_05_08_close_2017_05_08_flight_Fixed Wing_N550ND_before_0_189617,open_2017_05_08_close_2017_05_08_flight_Fixed Wing_N550ND_before_0_189617,241,0.7722346738605026,0
open_2017_05_08_close_2017_05_08_flight_Fixed Wing_N550ND_before_0_189617,open_2017_05_08_close_2017_05_08_flight_Fixed Wing_N550ND_before_0_189617,242,-0.3194322853408965,1
open_2017_05_08_close_2017_05_08_flight_Fixed Wing_N550ND_before_0_189617,open_2017_05_08_close_2017_05_08_flight_Fixed Wing_N550ND_before_0_189617,243,0.12464030832529405,0
open_2017_05_08_close_2017_05_08_flight_Fixed Wing_N550ND_before_0_189617,open_2017_05_08_close_2017_05_08_flight_Fixed Wing_N550ND_before_0_189617,244,0.5343752783654807,0
open_2017_05_08_close_2017_05_08_flight_Fixed Wing_N550ND_before_0_189617,open_2017_05_08_close_2017_05_08_flight_Fixed Wing_N550ND_before_0_189617,245,-0.9494208123536528,1
open_2017_05_08_close_2017_05_08_flight_Fixed Wing_N550ND_before_0_189617,open_2017_05_08_close_2017_05_08_flight_Fixed Wing_N550ND_before_0_189617,246,-0.4169739240572994,1
open_2017_05_08_close_2017_05_08_flight_Fixed Wing_N550ND_before_0_189617,open_2017_05_08_close_2017_05_08_flight_Fixed Wing_N550ND_before_0_189617,247,-0.5562984062096082,1
open_2017_05_08_close_2017_05_08_flight_Fixed Wing_N550ND_before_0_189617,open_2017_05_08_close_2017_05_08_flight_Fixed Wing_N550ND_before_0_189617,248,0.03149997643549063,0
open_2017_05_08_close_2017_05_08_flight_Fixed Wing_N550ND_before_0_189617,open_2017_05_08_close_2017_05_08_flight_Fixed Wing_N550ND_before_0_189617,249,0.43951544576919765,0
open_2017_05_08_close_2017_05_08_flight_Fixed Wing_N550ND_before_0_189617,open_2017_05_08_close_2017_05_08_flight_Fixed Wing_N550ND_before_0_189617,250,0.5417637077866888,0
open_2017_05_08_close_2017_05_08_flight_Fixed Wing_N550ND_before_0_189617,open_2017_05_08_close_2017_05_08_flight_Fixed Wing_N550ND_before_0_189617,251,0.45346910477677604,0
open_2017_05_08_close_2017_05_08_flight_Fixed Wing_N550ND_before_0_189617,open_2017_05_08_close_2017_05_08_flight_Fixed Wing_N550ND_before_0_189617,252,-0.27799008291230565,1
open_2017_05_08_close_2017_05_08_flight_Fixed Wing_N550ND_before_0_189617,open_2017_05_08_close_2017_05_08_flight_Fixed Wing_N550ND_before_0_189617,253,-0.6563482984811251,1
open_2017_05_08_close_2017_05_08_flight_Fixed Wing_N550ND_before_0_189617,open_2017_05_08_close_2017_05_08_flight_Fixed Wing_N550ND_before_0_189617,254,0.51383358590393,0
open_2017_05_08_close_2017_05_08_flight_Fixed Wing_N550ND_before_0_189617,open_2017_05_08_close_2017_05_08_flight_Fixed Wing_N550ND_before_0_189617,255,0.6193516064379725,0
open_2017_05_08_close_2017_05_08_flight_Fixed Wing_N550ND_before_0_189617,open_2017_05_08_close_2017_05_08_flight_Fixed Wing_N550ND_before_0_189617,256,0.56694370835077,0
open_2017_05_08_close_2017_05_08_flight_Fixed Wing_N550ND_before_0_189617,open_2017_05_08_close_2017_05_08_flight_Fixed Wing_N550ND_before_0_189617,257,0.6289772109890386,0
open_2017_05_08_close_2017_05_08_flight_Fixed Wing_N550ND_before_0_189617,open_2017_05_08_close_2017_05_08_flight_Fixed Wing_N550ND_before_0_189617,258,0.5603347679219215,0
open_2017_05_08_close_2017_05_08_flight_Fixed Wing_N550ND_before_0_189617,open_2017_05_08_close_2017_05_08_flight_Fixed Wing_N550ND_before_0_189617,259,0.9822602023279958,0
open_2017_05_08_close_2017_05_08_flight_Fixed Wing_N550ND_before_0_189617,open_2017_05_08_close_2017_05_08_flight_Fixed Wing_N550ND_before_0_189617,260,0.7453790781255369,0
open_2017_05_08_close_2017_05_08_flight_Fixed Wing_N550ND_before_0_189617,open_2017_05_08_close_2017_05_08_flight_Fixed Wing_N550ND_before_0_189617,261,0.9585053924644753,0
open_2017_05_08_close_2017_05_08_flight_Fixed Wing_N550ND_before_0_189617,open_2017_05_08_close_2017_05_08_flight_Fixed Wing_N550ND_before_0_189617,262,0.6816791031991651,0
open_2017_05_08_close_2017_05_08_flight_Fixed Wing_N550ND_before_0_189617,open_2017_05_08_close_2017_05_08_flight_Fixed Wing_N550ND_before_0_189617,263,0.861671401526209,0
open_2017_05_08_close_2017_05_08_flight_Fixed Wing_N550ND_before_0_189617,open_2017_05_08_close_2017_05_08_flight_Fixed Wing_N550ND_before_0_189617,264,0.8916576351171135,0
open_2017_05_08_close_2017_05_08_flight_Fixed Wing_N550ND_before_0_189617,open_2017_05_08_close_2017_05_08_flight_Fixed Wing_N550ND_before_0_189617,265,0.7404480401817648,0
open_2017_05_08_close_2017_05_08_flight_Fixed Wing_N550ND_before_0_189617,open_2017_05_08_close_2017_05_08_flight_Fixed Wing_N550ND_before_0_189617,266,0.747737389732166,0
open_2017_05_08_close_2017_05_08_flight_Fixed Wing_N550ND_before_0_189617,open_2017_05_08_close_2017_05_08_flight_Fixed Wing_N550ND_before_0_189617,267,-0.6101529515755809,1
open_2017_05_08_close_2017_05_08_flight_Fixed Wing_N550ND_before_0_189617,open_2017_05_08_close_2017_05_08_flight_Fixed Wing_N550ND_before_0_189617,268,-0.15960976921887315,1
open_2017_05_08_close_2017_05_08_flight_Fixed Wing_N550ND_before_0_189617,open_2017_05_08_close_2017_05_08_flight_Fixed Wing_N550ND_before_0_189617,269,0.7564629232273186,0
open_2017_05_08_close_2017_05_08_flight_Fixed Wing_N550ND_before_0_189617,open_2017_05_08_close_2017_05_08_flight_Fixed Wing_N550ND_before_0_189617,270,0.7186554574153456,0
open_2017_05_08_close_2017_05_08_flight_Fixed Wing_N550ND_before_0_189617,open_2017_05_08_close_2017_05_08_flight_Fixed Wing_N550ND_before_0_189617,271,0.68583274115865,0
open_2017_05_08_close_2017_05_08_flight_Fixed Wing_N550ND_before_0_189617,open_2017_05_08_close_2017_05_08_flight_Fixed Wing_N550ND_before_0_189617,272,0.43036158854556006,0
open_2017_05_08_close_2017_05_08_flight_Fixed Wing_N550ND_before_0_189617,open_2017_05_08_close_2017_05_08_flight_Fixed Wing_N550ND_before_0_189617,273,-0.9057664200512314,1
open_2017_05_08_close_2017_05_08_flight_Fixed Wing_N550ND_before_0_189617,open_2017_05_08_close_2017_05_08_flight_Fixed Wing_N550ND_before_0_189617,274,0.15801733437302845,0
open_2017_05_08_close_2017_05_08_flight_Fixed Wing_N550ND_before_0_189617,open_2017_05_08_close_2017_05_08_flight_Fixed Wing_N550ND_before_0_189617,275,0.3152645592721961,0
open_2017_05_08_close_2017_05_08_flight_Fixed Wing_N550ND_before_0_189617,open_2017_05_08_close_2017_05_08_flight_Fixed Wing_N550ND_before_0_189617,276,-0.20783928766583015,1
open_2017_05_08_close_2017_05_08_flight_Fixed Wing_N550ND_before_0_189617,open_2017_05_08_close_2017_05_08_flight_Fixed Wing_N550ND_before_0_189617,277,0.699304680982112,0
open_2017_05_08_close_2017_05_08_flight_Fixed Wing_N550ND_before_0_189617,open_2017_05_08_close_2017_05_08_flight_Fixed Wing_N550ND_before_0_189617,278,0.21896263094324775,0
open_2017_05_08_close_2017_05_08_flight_Fixed Wing_N550ND_before_0_189617,open_2017_05_08_close_2017_05_08_flight_Fixed Wing_N550ND_before_0_189617,279,0.7074155013773618,0
open_2017_05_08_close_2017_05_08_flight_Fixed Wing_N550ND_before_0_189617,open_2017_05_08_close_2017_05_08_flight_Fixed Wing_N550ND_before_0_189617,280,0.5762452031047351,0
open_2017_05_08_close_2017_05_08_flight_Fixed Wing_N550ND_before_0_189617,open_2017_05_08_close_2017_05_08_flight_Fixed Wing_N550ND_before_0_189617,281,0.9002214677301987,0
open_2017_05_08_close_2017_05_08_flight_Fixed Wing_N550ND_before_0_189617,open_2017_05_08_close_2017_05_08_flight_Fixed Wing_N550ND_before_0_189617,282,0.34658862038002924,0
open_2017_05_08_close_2017_05_08_flight_Fixed Wing_N550ND_before_0_189617,open_2017_05_08_close_2017_05_08_flight_Fixed Wing_N550ND_before_0_189617,283,0.4635093542367341,0
open_2017_05_08_close_2017_05_08_flight_Fixed Wing_N550ND_before_0_189617,open_2017_05_08_close_2017_05_08_flight_Fixed Wing_N550ND_before_0_189617,284,0.5631631351451198,0
open_2017_05_08_close_2017_05_08_flight_Fixed Wing_N550ND_before_0_189617,open_2017_05_08_close_2017_05_08_flight_Fixed Wing_N550ND_before_0_189617,285,0.48272748288151224,0
open_2017_05_08_close_2017_05_08_flight_Fixed Wing_N550ND_before_0_189617,open_2017_05_08_close_2017_05_08_flight_Fixed Wing_N550ND_before_0_189617,286,0.6566362256677158,0
open_2017_05_08_close_2017_05_08_flight_Fixed Wing_N550ND_before_0_189617,open_2017_05_08_close_2017_05_08_flight_Fixed Wing_N550ND_before_0_189617,287,0.6780340782232799,0
open_2017_05_08_close_2017_05_08_flight_Fixed Wing_N550ND_before_0_189617,open_2017_05_08_close_2017_05_08_flight_Fixed Wing_N550ND_before_0_189617,288,0.39995073984433516,0
open_2017_05_08_close_2017_05_08_flight_Fixed Wing_N550ND_before_0_189617,open_2017_05_08_close_2017_05_08_flight_Fixed Wing_N550ND_before_0_189617,289,0.6967439903714001,0
open_2017_05_08_close_2017_05_08_flight_Fixed Wing_N550ND_before_0_189617,open_2017_05_08_close_2017_05_08_flight_Fixed Wing_N550ND_before_0_189617,290,0.3508553238648111,0
open_2017_05_08_close_2017_05_08_flight_Fixed Wing_N550ND_before_0_189617,open_2017_05_08_close_2017_05_08_flight_Fixed Wing_N550ND_before_0_189617,291,0.06341510795560157,0
open_2017_05_08_close_2017_05_08_flight_Fixed Wing_N550ND_before_0_189617,open_2017_05_08_close_2017_05_08_flight_Fixed Wing_N550ND_before_0_189617,292,0.5519275404277639,0
open_2017_05_08_close_2017_05_08_flight_Fixed Wing_N550ND_before_0_189617,open_2017_05_08_close_2017_05_08_flight_Fixed Wing_N550ND_before_0_189617,293,0.48448697831461973,0
open_2017_05_08_close_2017_05_08_flight_Fixed Wing_N550ND_before_0_189617,open_2017_05_08_close_2017_05_08_flight_Fixed Wing_N550ND_before_0_189617,294,0.12401941709369879,0
open_2017_05_08_close_2017_05_08_flight_Fixed Wing_N550ND_before_0_189617,open_2017_05_08_close_2017_05_08_flight_Fixed Wing_N550ND_before_0_189617,295,0.6066016092465849,0
open_2017_05_08_close_2017_05_08_flight_Fixed Wing_N550ND_before_0_189617,open_2017_05_08_close_2017_05_08_flight_Fixed Wing_N550ND_before_0_189617,296,0.02723937798054199,0
open_2017_05_08_close_2017_05_08_flight_Fixed Wing_N550ND_before_0_189617,open_2017_05_08_close_2017_05_08_flight_Fixed Wing_N550ND_before_0_189617,297,0.6385579239819803,0
open_2017_05_08_close_2017_05_08_flight_Fixed Wing_N550ND_before_0_189617,open_2017_05_08_close_2017_05_08_flight_Fixed Wing_N550ND_before_0_189617,298,0.46906449710331577,0
open_2017_05_08_close_2017_05_08_flight_Fixed Wing_N550ND_before_0_189617,open_2017_05_08_close_2017_05_08_flight_Fixed Wing_N550ND_before_0_189617,299,-0.07926770127416982,1
open_2017_05_08_close_2017_05_08_flight_Fixed Wing_N550ND_before_0_189617,open_2017_05_08_close_2017_05_08_flight_Fixed Wing_N550ND_before_0_189617,300,0.42992005677750655,0
open_2017_05_08_close_2017_05_08_flight_Fixed Wing_N550ND_before_0_189617,open_2017_05_08_close_2017_05_08_flight_Fixed Wing_N550ND_before_0_189617,301,0.26366914469253655,0
open_2017_05_08_close_2017_05_08_flight_Fixed Wing_N550ND_before_0_189617,open_2017_05_08_close_2017_05_08_flight_Fixed Wing_N550ND_before_0_189617,302,0.05239185672284763,0
open_2017_05_08_close_2017_05_08_flight_Fixed Wing_N550ND_before_0_189617,open_2017_05_08_close_2017_05_08_flight_Fixed Wing_N550ND_before_0_189617,303,-1.1766253610176063,1
open_2017_05_08_close_2017_05_08_flight_Fixed Wing_N550ND_before_0_189617,open_2017_05_08_close_2017_05_08_flight_Fixed Wing_N550ND_before_0_189617,304,-0.09655607684242029,1
open_2017_05_08_close_2017_05_08_flight_Fixed Wing_N550ND_before_0_189617,open_2017_05_08_close_2017_05_08_flight_Fixed Wing_N550ND_before_0_189617,305,0.5628123141300645,0
open_2017_05_08_close_2017_05_08_flight_Fixed Wing_N550ND_before_0_189617,open_2017_05_08_close_2017_05_08_flight_Fixed Wing_N550ND_before_0_189617,306,0.4762662005309566,0
open_2017_05_08_close_2017_05_08_flight_Fixed Wing_N550ND_before_0_189617,open_2017_05_08_close_2017_05_08_flight_Fixed Wing_N550ND_before_0_189617,307,0.14657601719845115,0
open_2017_05_08_close_2017_05_08_flight_Fixed Wing_N550ND_before_0_189617,open_2017_05_08_close_2017_05_08_flight_Fixed Wing_N550ND_before_0_189617,308,0.6466807160267611,0
open_2017_05_08_close_2017_05_08_flight_Fixed Wing_N550ND_before_0_189617,open_2017_05_08_close_2017_05_08_flight_Fixed Wing_N550ND_before_0_189617,309,0.33892933454843654,0
open_2017_05_08_close_2017_05_08_flight_Fixed Wing_N550ND_before_0_189617,open_2017_05_08_close_2017_05_08_flight_Fixed Wing_N550ND_before_0_189617,310,0.8419080351602353,0
open_2017_05_08_close_2017_05_08_flight_Fixed Wing_N550ND_before_0_189617,open_2017_05_08_close_2017_05_08_flight_Fixed Wing_N550ND_before_0_189617,311,0.5474834696262765,0
open_2017_05_08_close_2017_05_08_flight_Fixed Wing_N550ND_before_0_189617,open_2017_05_08_close_2017_05_08_flight_Fixed Wing_N550ND_before_0_189617,312,0.36627569575326935,0
open_2017_05_08_close_2017_05_08_flight_Fixed Wing_N550ND_before_0_189617,open_2017_05_08_close_2017_05_08_flight_Fixed Wing_N550ND_before_0_189617,313,0.7517801237219142,0
open_2017_05_08_close_2017_05_08_flight_Fixed Wing_N550ND_before_0_189617,open_2017_05_08_close_2017_05_08_flight_Fixed Wing_N550ND_before_0_189617,314,0.8400687769744257,0
open_2017_05_08_close_2017_05_08_flight_Fixed Wing_N550ND_before_0_189617,open_2017_05_08_close_2017_05_08_flight_Fixed Wing_N550ND_before_0_189617,315,-0.5091363759072167,1
open_2017_05_08_close_2017_05_08_flight_Fixed Wing_N550ND_before_0_189617,open_2017_05_08_close_2017_05_08_flight_Fixed Wing_N550ND_before_0_189617,316,0.492676448353756,0
open_2017_05_08_close_2017_05_08_flight_Fixed Wing_N550ND_before_0_189617,open_2017_05_08_close_2017_05_08_flight_Fixed Wing_N550ND_before_0_189617,317,0.9462689443813841,0
open_2017_05_08_close_2017_05_08_flight_Fixed Wing_N550ND_before_0_189617,open_2017_05_08_close_2017_05_08_flight_Fixed Wing_N550ND_before_0_189617,318,0.7052413892246372,0
open_2017_05_08_close_2017_05_08_flight_Fixed Wing_N550ND_before_0_189617,open_2017_05_08_close_2017_05_08_flight_Fixed Wing_N550ND_before_0_189617,319,-0.30154326995273695,1
open_2017_05_08_close_2017_05_08_flight_Fixed Wing_N550ND_before_0_189617,open_2017_05_08_close_2017_05_08_flight_Fixed Wing_N550ND_before_0_189617,320,0.27782508338021983,0
open_2017_05_08_close_2017_05_08_flight_Fixed Wing_N550ND_before_0_189617,open_2017_05_08_close_2017_05_08_flight_Fixed Wing_N550ND_before_0_189617,321,0.9414296983182195,0
open_2017_05_08_close_2017_05_08_flight_Fixed Wing_N550ND_before_0_189617,open_2017_05_08_close_2017_05_08_flight_Fixed Wing_N550ND_before_0_189617,322,0.34420686113348276,0
open_2017_05_08_close_2017_05_08_flight_Fixed Wing_N550ND_before_0_189617,open_2017_05_08_close_2017_05_08_flight_Fixed Wing_N550ND_before_0_189617,323,0.8154508618771392,0
open_2017_05_08_close_2017_05_08_flight_Fixed Wing_N550ND_before_0_189617,open_2017_05_08_close_2017_05_08_flight_Fixed Wing_N550ND_before_0_189617,324,0.7081054010139589,0
open_2017_05_08_close_2017_05_08_flight_Fixed Wing_N550ND_before_0_189617,open_2017_05_08_close_2017_05_08_flight_Fixed Wing_N550ND_before_0_189617,325,0.7524598578837853,0
open_2017_05_08_close_2017_05_08_flight_Fixed Wing_N550ND_before_0_189617,open_2017_05_08_close_2017_05_08_flight_Fixed Wing_N550ND_before_0_189617,326,0.06929982575163107,0
open_2017_05_08_close_2017_05_08_flight_Fixed Wing_N550ND_before_0_189617,open_2017_05_08_close_2017_05_08_flight_Fixed Wing_N550ND_before_0_189617,327,0.20421798988205442,0
open_2017_05_08_close_2017_05_08_flight_Fixed Wing_N550ND_before_0_189617,open_2017_05_08_close_2017_05_08_flight_Fixed Wing_N550ND_before_0_189617,328,0.6869281882725489,0
open_2017_05_08_close_2017_05_08_flight_Fixed Wing_N550ND_before_0_189617,open_2017_05_08_close_2017_05_08_flight_Fixed Wing_N550ND_before_0_189617,329,0.7968472203806884,0
open_2017_05_08_close_2017_05_08_flight_Fixed Wing_N550ND_before_0_189617,open_2017_05_08_close_2017_05_08_flight_Fixed Wing_N550ND_before_0_189617,330,0.6789141769918494,0
open_2017_05_08_close_2017_05_08_flight_Fixed Wing_N550ND_before_0_189617,open_2017_05_08_close_2017_05_08_flight_Fixed Wing_N550ND_before_0_189617,331,0.6167996895333425,0
open_2017_05_08_close_2017_05_08_flight_Fixed Wing_N550ND_before_0_189617,open_2017_05_08_close_2017_05_08_flight_Fixed Wing_N550ND_before_0_189617,332,0.8477479177245986,0
open_2017_05_08_close_2017_05_08_flight_Fixed Wing_N550ND_before_0_189617,open_2017_05_08_close_2017_05_08_flight_Fixed Wing_N550ND_before_0_189617,333,0.0061281262201478,0
open_2017_05_08_close_2017_05_08_flight_Fixed Wing_N550ND_before_0_189617,open_2017_05_08_close_2017_05_08_flight_Fixed Wing_N550ND_before_0_189617,334,0.0636325122878798,0
open_2017_05_08_close_2017_05_08_flight_Fixed Wing_N550ND_before_0_189617,open_2017_05_08_close_2017_05_08_flight_Fixed Wing_N550ND_before_0_189617,335,-1.2496144892938759,1
open_2017_05_08_close_2017_05_08_flight_Fixed Wing_N550ND_before_0_189617,open_2017_05_08_close_2017_05_08_flight_Fixed Wing_N550ND_before_0_189617,336,-1.119485277632143,1
open_2017_05_08_close_2017_05_08_flight_Fixed Wing_N550ND_before_0_189617,open_2017_05_08_close_2017_05_08_flight_Fixed Wing_N550ND_before_0_189617,337,-0.37093499362457305,1
open_2017_05_08_close_2017_05_08_flight_Fixed Wing_N550ND_before_0_189617,open_2017_05_08_close_2017_05_08_flight_Fixed Wing_N550ND_before_0_189617,338,-0.0036179195296128785,1
open_2017_05_08_close_2017_05_08_flight_Fixed Wing_N550ND_before_0_189617,open_2017_05_08_close_2017_05_08_flight_Fixed Wing_N550ND_before_0_189617,339,-1.2879427122786138,1
open_2017_05_08_close_2017_05_08_flight_Fixed Wing_N550ND_before_0_189617,open_2017_05_08_close_2017_05_08_flight_Fixed Wing_N550ND_before_0_189617,340,-1.0506941078611556,1
open_2017_05_08_close_2017_05_08_flight_Fixed Wing_N550ND_before_0_189617,open_2017_05_08_close_2017_05_08_flight_Fixed Wing_N550ND_before_0_189617,341,-0.49770427288378927,1
open_2017_05_08_close_2017_05_08_flight_Fixed Wing_N550ND_before_0_189617,open_2017_05_08_close_2017_05_08_flight_Fixed Wing_N550ND_before_0_189617,342,0.5483479893998371,0
open_2017_05_08_close_2017_05_08_flight_Fixed Wing_N550ND_before_0_189617,open_2017_05_08_close_2017_05_08_flight_Fixed Wing_N550ND_before_0_189617,343,0.4457251582593622,0
open_2017_05_08_close_2017_05_08_flight_Fixed Wing_N550ND_before_0_189617,open_2017_05_08_close_2017_05_08_flight_Fixed Wing_N550ND_before_0_189617,344,0.6039074150801971,0
open_2017_05_08_close_2017_05_08_flight_Fixed Wing_N550ND_before_0_189617,open_2017_05_08_close_2017_05_08_flight_Fixed Wing_N550ND_before_0_189617,345,0.07260884731246908,0
open_2017_05_08_close_2017_05_08_flight_Fixed Wing_N550ND_before_0_189617,open_2017_05_08_close_2017_05_08_flight_Fixed Wing_N550ND_before_0_189617,346,0.7318609886930991,0
open_2017_05_08_close_2017_05_08_flight_Fixed Wing_N550ND_before_0_189617,open_2017_05_08_close_2017_05_08_flight_Fixed Wing_N550ND_before_0_189617,347,0.3259445928225264,0
open_2017_05_08_close_2017_05_08_flight_Fixed Wing_N550ND_before_0_189617,open_2017_05_08_close_2017_05_08_flight_Fixed Wing_N550ND_before_0_189617,348,0.3568139476847221,0
open_2017_05_08_close_2017_05_08_flight_Fixed Wing_N550ND_before_0_189617,open_2017_05_08_close_2017_05_08_flight_Fixed Wing_N550ND_before_0_189617,349,0.5835446628913328,0
open_2017_05_08_close_2017_05_08_flight_Fixed Wing_N550ND_before_0_189617,open_2017_05_08_close_2017_05_08_flight_Fixed Wing_N550ND_before_0_189617,350,0.5841090407384293,0
open_2017_05_08_close_2017_05_08_flight_Fixed Wing_N550ND_before_0_189617,open_2017_05_08_close_2017_05_08_flight_Fixed Wing_N550ND_before_0_189617,351,0.7843480127349114,0
open_2017_05_08_close_2017_05_08_flight_Fixed Wing_N550ND_before_0_189617,open_2017_05_08_close_2017_05_08_flight_Fixed Wing_N550ND_before_0_189617,352,0.505381935825179,0
open_2017_05_08_close_2017_05_08_flight_Fixed Wing_N550ND_before_0_189617,open_2017_05_08_close_2017_05_08_flight_Fixed Wing_N550ND_before_0_189617,353,0.15207128514132595,0
open_2017_05_08_close_2017_05_08_flight_Fixed Wing_N550ND_before_0_189617,open_2017_05_08_close_2017_05_08_flight_Fixed Wing_N550ND_before_0_189617,354,-0.5623708294601889,1
open_2017_05_08_close_2017_05_08_flight_Fixed Wing_N550ND_before_0_189617,open_2017_05_08_close_2017_05_08_flight_Fixed Wing_N550ND_before_0_189617,355,0.7063911268626548,0
open_2017_05_08_close_2017_05_08_flight_Fixed Wing_N550ND_before_0_189617,open_2017_05_08_close_2017_05_08_flight_Fixed Wing_N550ND_before_0_189617,356,0.4869923505206477,0
open_2017_05_08_close_2017_05_08_flight_Fixed Wing_N550ND_before_0_189617,open_2017_05_08_close_2017_05_08_flight_Fixed Wing_N550ND_before_0_189617,357,-0.8910969619891369,1
open_2017_05_08_close_2017_05_08_flight_Fixed Wing_N550ND_before_0_189617,open_2017_05_08_close_2017_05_08_flight_Fixed Wing_N550ND_before_0_189617,358,0.12195344522488494,0
open_2017_05_08_close_2017_05_08_flight_Fixed Wing_N550ND_before_0_189617,open_2017_05_08_close_2017_05_08_flight_Fixed Wing_N550ND_before_0_189617,359,0.5104693908069533,0
open_2017_05_08_close_2017_05_08_flight_Fixed Wing_N550ND_before_0_189617,open_2017_05_08_close_2017_05_08_flight_Fixed Wing_N550ND_before_0_189617,360,0.2693278618004249,0
open_2017_05_08_close_2017_05_08_flight_Fixed Wing_N550ND_before_0_189617,open_2017_05_08_close_2017_05_08_flight_Fixed Wing_N550ND_before_0_189617,361,0.50477498113806,0
open_2017_05_08_close_2017_05_08_flight_Fixed Wing_N550ND_before_0_189617,open_2017_05_08_close_2017_05_08_flight_Fixed Wing_N550ND_before_0_189617,362,0.8478034661373033,0
open_2017_05_08_close_2017_05_08_flight_Fixed Wing_N550ND_before_0_189617,open_2017_05_08_close_2017_05_08_flight_Fixed Wing_N550ND_before_0_189617,363,0.5810830139364538,0
open_2017_05_08_close_2017_05_08_flight_Fixed Wing_N550ND_before_0_189617,open_2017_05_08_close_2017_05_08_flight_Fixed Wing_N550ND_before_0_189617,364,0.5282470021718197,0
open_2017_05_08_close_2017_05_08_flight_Fixed Wing_N550ND_before_0_189617,open_2017_05_08_close_2017_05_08_flight_Fixed Wing_N550ND_before_0_189617,365,0.6068154746261096,0
open_2017_05_08_close_2017_05_08_flight_Fixed Wing_N550ND_before_0_189617,open_2017_05_08_close_2017_05_08_flight_Fixed Wing_N550ND_before_0_189617,366,0.681958706844441,0
open_2017_05_08_close_2017_05_08_flight_Fixed Wing_N550ND_before_0_189617,open_2017_05_08_close_2017_05_08_flight_Fixed Wing_N550ND_before_0_189617,367,0.7538755415883043,0
open_2017_05_08_close_2017_05_08_flight_Fixed Wing_N550ND_before_0_189617,open_2017_05_08_close_2017_05_08_flight_Fixed Wing_N550ND_before_0_189617,368,0.5689352426337286,0
open_2017_05_08_close_2017_05_08_flight_Fixed Wing_N550ND_before_0_189617,open_2017_05_08_close_2017_05_08_flight_Fixed Wing_N550ND_before_0_189617,369,0.444428816573573,0
open_2017_05_08_close_2017_05_08_flight_Fixed Wing_N550ND_before_0_189617,open_2017_05_08_close_2017_05_08_flight_Fixed Wing_N550ND_before_0_189617,370,0.8761765608180796,0
open_2017_05_08_close_2017_05_08_flight_Fixed Wing_N550ND_before_0_189617,open_2017_05_08_close_2017_05_08_flight_Fixed Wing_N550ND_before_0_189617,371,0.6130689894027488,0
open_2017_05_08_close_2017_05_08_flight_Fixed Wing_N550ND_before_0_189617,open_2017_05_08_close_2017_05_08_flight_Fixed Wing_N550ND_before_0_189617,372,0.734749825859065,0
open_2017_05_08_close_2017_05_08_flight_Fixed Wing_N550ND_before_0_189617,open_2017_05_08_close_2017_05_08_flight_Fixed Wing_N550ND_before_0_189617,373,0.787395806908088,0
open_2017_05_08_close_2017_05_08_flight_Fixed Wing_N550ND_before_0_189617,open_2017_05_08_close_2017_05_08_flight_Fixed Wing_N550ND_before_0_189617,374,0.5152373058963811,0
open_2017_05_08_close_2017_05_08_flight_Fixed Wing_N550ND_before_0_189617,open_2017_05_08_close_2017_05_08_flight_Fixed Wing_N550ND_before_0_189617,375,0.7654474226239372,0
open_2017_05_08_close_2017_05_08_flight_Fixed Wing_N550ND_before_0_189617,open_2017_05_08_close_2017_05_08_flight_Fixed Wing_N550ND_before_0_189617,376,0.895611279426944,0
open_2017_05_08_close_2017_05_08_flight_Fixed Wing_N550ND_before_0_189617,open_2017_05_08_close_2017_05_08_flight_Fixed Wing_N550ND_before_0_189617,377,0.6085822235666409,0
open_2017_05_08_close_2017_05_08_flight_Fixed Wing_N550ND_before_0_189617,open_2017_05_08_close_2017_05_08_flight_Fixed Wing_N550ND_before_0_189617,378,0.7890077966186038,0
open_2017_05_08_close_2017_05_08_flight_Fixed Wing_N550ND_before_0_189617,open_2017_05_08_close_2017_05_08_flight_Fixed Wing_N550ND_before_0_189617,379,0.3384355354677777,0
open_2017_05_08_close_2017_05_08_flight_Fixed Wing_N550ND_before_0_189617,open_2017_05_08_close_2017_05_08_flight_Fixed Wing_N550ND_before_0_189617,380,-0.2469230261289843,1
open_2017_05_08_close_2017_05_08_flight_Fixed Wing_N550ND_before_0_189617,open_2017_05_08_close_2017_05_08_flight_Fixed Wing_N550ND_before_0_189617,381,0.4880324135051588,0
open_2017_05_08_close_2017_05_08_flight_Fixed Wing_N550ND_before_0_189617,open_2017_05_08_close_2017_05_08_flight_Fixed Wing_N550ND_before_0_189617,382,0.9422472410174967,0
open_2017_05_08_close_2017_05_08_flight_Fixed Wing_N550ND_before_0_189617,open_2017_05_08_close_2017_05_08_flight_Fixed Wing_N550ND_before_0_189617,383,0.1763754201439407,0
open_2017_05_08_close_2017_05_08_flight_Fixed Wing_N550ND_before_0_189617,open_2017_05_08_close_2017_05_08_flight_Fixed Wing_N550ND_before_0_189617,384,0.612444478022925,0
open_2017_05_08_close_2017_05_08_flight_Fixed Wing_N550ND_before_0_189617,open_2017_05_08_close_2017_05_08_flight_Fixed Wing_N550ND_before_0_189617,385,0.5328892946069563,0
open_2017_05_08_close_2017_05_08_flight_Fixed Wing_N550ND_before_0_189617,open_2017_05_08_close_2017_05_08_flight_Fixed Wing_N550ND_before_0_189617,386,0.4059331285117962,0
open_2017_05_08_close_2017_05_08_flight_Fixed Wing_N550ND_before_0_189617,open_2017_05_08_close_2017_05_08_flight_Fixed Wing_N550ND_before_0_189617,387,-0.1838124101910943,1
open_2017_05_08_close_2017_05_08_flight_Fixed Wing_N550ND_before_0_189617,open_2017_05_08_close_2017_05_08_flight_Fixed Wing_N550ND_before_0_189617,388,-0.443212641560926,1
open_2017_05_08_close_2017_05_08_flight_Fixed Wing_N550ND_before_0_189617,open_2017_05_08_close_2017_05_08_flight_Fixed Wing_N550ND_before_0_189617,389,-0.4810229530704371,1
open_2017_05_08_close_2017_05_08_flight_Fixed Wing_N550ND_before_0_189617,open_2017_05_08_close_2017_05_08_flight_Fixed Wing_N550ND_before_0_189617,390,0.1206046681181383,0
open_2017_05_08_close_2017_05_08_flight_Fixed Wing_N550ND_before_0_189617,open_2017_05_08_close_2017_05_08_flight_Fixed Wing_N550ND_before_0_189617,391,-0.26835059604656664,1
open_2017_05_08_close_2017_05_08_flight_Fixed Wing_N550ND_before_0_189617,open_2017_05_08_close_2017_05_08_flight_Fixed Wing_N550ND_before_0_189617,392,-0.6326859758074171,1
open_2017_05_08_close_2017_05_08_flight_Fixed Wing_N550ND_before_0_189617,open_2017_05_08_close_2017_05_08_flight_Fixed Wing_N550ND_before_0_189617,393,-0.17659020527037916,1
open_2017_05_08_close_2017_05_08_flight_Fixed Wing_N550ND_before_0_189617,open_2017_05_08_close_2017_05_08_flight_Fixed Wing_N550ND_before_0_189617,394,-0.18094604251981106,1
open_2017_05_08_close_2017_05_08_flight_Fixed Wing_N550ND_before_0_189617,open_2017_05_08_close_2017_05_08_flight_Fixed Wing_N550ND_before_0_189617,395,-0.5014804845264867,1
open_2017_05_08_close_2017_05_08_flight_Fixed Wing_N550ND_before_0_189617,open_2017_05_08_close_2017_05_08_flight_Fixed Wing_N550ND_before_0_189617,396,-0.4770656925482407,1
open_2017_05_08_close_2017_05_08_flight_Fixed Wing_N550ND_before_0_189617,open_2017_05_08_close_2017_05_08_flight_Fixed Wing_N550ND_before_0_189617,397,0.4115313105414209,0
open_2017_05_08_close_2017_05_08_flight_Fixed Wing_N550ND_before_0_189617,open_2017_05_08_close_2017_05_08_flight_Fixed Wing_N550ND_before_0_189617,398,-0.7834451112912875,1
open_2017_05_08_close_2017_05_08_flight_Fixed Wing_N550ND_before_0_189617,open_2017_05_08_close_2017_05_08_flight_Fixed Wing_N550ND_before_0_189617,399,-1.2879418312978288,1
open_2017_05_08_close_2017_05_08_flight_Fixed Wing_N550ND_before_0_189617,open_2017_05_08_close_2017_05_08_flight_Fixed Wing_N550ND_before_0_189617,400,-0.8577040807298963,1
open_2017_05_08_close_2017_05_08_flight_Fixed Wing_N550ND_before_0_189617,open_2017_05_08_close_2017_05_08_flight_Fixed Wing_N550ND_before_0_189617,401,-0.15128143491814372,1
open_2017_05_08_close_2017_05_08_flight_Fixed Wing_N550ND_before_0_189617,open_2017_05_08_close_2017_05_08_flight_Fixed Wing_N550ND_before_0_189617,402,-0.10565484117077362,1
open_2017_05_08_close_2017_05_08_flight_Fixed Wing_N550ND_before_0_189617,open_2017_05_08_close_2017_05_08_flight_Fixed Wing_N550ND_before_0_189617,403,0.4535578023196345,0
open_2017_05_08_close_2017_05_08_flight_Fixed Wing_N550ND_before_0_189617,open_2017_05_08_close_2017_05_08_flight_Fixed Wing_N550ND_before_0_189617,404,0.7425309878904374,0
open_2017_05_08_close_2017_05_08_flight_Fixed Wing_N550ND_before_0_189617,open_2017_05_08_close_2017_05_08_flight_Fixed Wing_N550ND_before_0_189617,405,0.7496534129520604,0
open_2017_05_08_close_2017_05_08_flight_Fixed Wing_N550ND_before_0_189617,open_2017_05_08_close_2017_05_08_flight_Fixed Wing_N550ND_before_0_189617,406,0.5536587600543399,0
open_2017_05_08_close_2017_05_08_flight_Fixed Wing_N550ND_before_0_189617,open_2017_05_08_close_2017_05_08_flight_Fixed Wing_N550ND_before_0_189617,407,0.4653179723783736,0
open_2017_05_08_close_2017_05_08_flight_Fixed Wing_N550ND_before_0_189617,open_2017_05_08_close_2017_05_08_flight_Fixed Wing_N550ND_before_0_189617,408,0.5280143842971463,0
open_2017_05_08_close_2017_05_08_flight_Fixed Wing_N550ND_before_0_189617,open_2017_05_08_close_2017_05_08_flight_Fixed Wing_N550ND_before_0_189617,409,0.5677866195675154,0
open_2017_05_08_close_2017_05_08_flight_Fixed Wing_N550ND_before_0_189617,open_2017_05_08_close_2017_05_08_flight_Fixed Wing_N550ND_before_0_189617,410,0.12160330509355322,0
open_2017_05_08_close_2017_05_08_flight_Fixed Wing_N550ND_before_0_189617,open_2017_05_08_close_2017_05_08_flight_Fixed Wing_N550ND_before_0_189617,411,0.6979733590548798,0
open_2017_05_08_close_2017_05_08_flight_Fixed Wing_N550ND_before_0_189617,open_2017_05_08_close_2017_05_08_flight_Fixed Wing_N550ND_before_0_189617,412,0.6695827918404673,0
open_2017_05_08_close_2017_05_08_flight_Fixed Wing_N550ND_before_0_189617,open_2017_05_08_close_2017_05_08_flight_Fixed Wing_N550ND_before_0_189617,413,0.7070222606136878,0
open_2017_05_08_close_2017_05_08_flight_Fixed Wing_N550ND_before_0_189617,open_2017_05_08_close_2017_05_08_flight_Fixed Wing_N550ND_before_0_189617,414,0.16633068528749484,0
open_2017_05_08_close_2017_05_08_flight_Fixed Wing_N550ND_before_0_189617,open_2017_05_08_close_2017_05_08_flight_Fixed Wing_N550ND_before_0_189617,415,0.6250851147255734,0
open_2017_05_08_close_2017_05_08_flight_Fixed Wing_N550ND_before_0_189617,open_2017_05_08_close_2017_05_08_flight_Fixed Wing_N550ND_before_0_189617,416,-0.17775566353406025,1
open_2017_05_08_close_2017_05_08_flight_Fixed Wing_N550ND_before_0_189617,open_2017_05_08_close_2017_05_08_flight_Fixed Wing_N550ND_before_0_189617,417,-0.41061442087030986,1
open_2017_05_08_close_2017_05_08_flight_Fixed Wing_N550ND_before_0_189617,open_2017_05_08_close_2017_05_08_flight_Fixed Wing_N550ND_before_0_189617,418,0.690818834695079,0
open_2017_05_08_close_2017_05_08_flight_Fixed Wing_N550ND_before_0_189617,open_2017_05_08_close_2017_05_08_flight_Fixed Wing_N550ND_before_0_189617,419,0.08219869852602213,0
open_2017_05_08_close_2017_05_08_flight_Fixed Wing_N550ND_before_0_189617,open_2017_05_08_close_2017_05_08_flight_Fixed Wing_N550ND_before_0_189617,420,0.7179839406862505,0
open_2017_05_08_close_2017_05_08_flight_Fixed Wing_N550ND_before_0_189617,open_2017_05_08_close_2017_05_08_flight_Fixed Wing_N550ND_before_0_189617,421,0.8916764341613304,0
open_2017_05_08_close_2017_05_08_flight_Fixed Wing_N550ND_before_0_189617,open_2017_05_08_close_2017_05_08_flight_Fixed Wing_N550ND_before_0_189617,422,0.4415452468767831,0
open_2017_05_08_close_2017_05_08_flight_Fixed Wing_N550ND_before_0_189617,open_2017_05_08_close_2017_05_08_flight_Fixed Wing_N550ND_before_0_189617,423,0.7220534331564283,0
open_2017_05_08_close_2017_05_08_flight_Fixed Wing_N550ND_before_0_189617,open_2017_05_08_close_2017_05_08_flight_Fixed Wing_N550ND_before_0_189617,424,-0.04740520836935458,1
open_2017_05_08_close_2017_05_08_flight_Fixed Wing_N550ND_before_0_189617,open_2017_05_08_close_2017_05_08_flight_Fixed Wing_N550ND_before_0_189617,425,0.9057080878285246,0
open_2017_05_08_close_2017_05_08_flight_Fixed Wing_N550ND_before_0_189617,open_2017_05_08_close_2017_05_08_flight_Fixed Wing_N550ND_before_0_189617,426,0.7174474081784319,0
open_2017_05_08_close_2017_05_08_flight_Fixed Wing_N550ND_before_0_189617,open_2017_05_08_close_2017_05_08_flight_Fixed Wing_N550ND_before_0_189617,427,-0.15478044501714505,1
open_2017_05_08_close_2017_05_08_flight_Fixed Wing_N550ND_before_0_189617,open_2017_05_08_close_2017_05_08_flight_Fixed Wing_N550ND_before_0_189617,428,-0.8390081097384837,1
open_2017_05_08_close_2017_05_08_flight_Fixed Wing_N550ND_before_0_189617,open_2017_05_08_close_2017_05_08_flight_Fixed Wing_N550ND_before_0_189617,429,0.2494905316749525,0
open_2017_05_08_close_2017_05_08_flight_Fixed Wing_N550ND_before_0_189617,open_2017_05_08_close_2017_05_08_flight_Fixed Wing_N550ND_before_0_189617,430,0.38842411425958545,0
open_2017_05_08_close_2017_05_08_flight_Fixed Wing_N550ND_before_0_189617,open_2017_05_08_close_2017_05_08_flight_Fixed Wing_N550ND_before_0_189617,431,0.9687903195669452,0
open_2017_05_08_close_2017_05_08_flight_Fixed Wing_N550ND_before_0_189617,open_2017_05_08_close_2017_05_08_flight_Fixed Wing_N550ND_before_0_189617,432,0.400242982441263,0
open_2017_05_08_close_2017_05_08_flight_Fixed Wing_N550ND_before_0_189617,open_2017_05_08_close_2017_05_08_flight_Fixed Wing_N550ND_before_0_189617,433,0.41633727130179876,0
open_2017_05_08_close_2017_05_08_flight_Fixed Wing_N550ND_before_0_189617,open_2017_05_08_close_2017_05_08_flight_Fixed Wing_N550ND_before_0_189617,434,0.819996522555642,0
open_2017_05_08_close_2017_05_08_flight_Fixed Wing_N550ND_before_0_189617,open_2017_05_08_close_2017_05_08_flight_Fixed Wing_N550ND_before_0_189617,435,0.8919697447036148,0
open_2017_05_08_close_2017_05_08_flight_Fixed Wing_N550ND_before_0_189617,open_2017_05_08_close_2017_05_08_flight_Fixed Wing_N550ND_before_0_189617,436,0.6278755383414989,0
open_2017_05_08_close_2017_05_08_flight_Fixed Wing_N550ND_before_0_189617,open_2017_05_08_close_2017_05_08_flight_Fixed Wing_N550ND_before_0_189617,437,0.5012364584500657,0
open_2017_05_08_close_2017_05_08_flight_Fixed Wing_N550ND_before_0_189617,open_2017_05_08_close_2017_05_08_flight_Fixed Wing_N550ND_before_0_189617,438,0.5144162302681246,0
open_2017_05_08_close_2017_05_08_flight_Fixed Wing_N550ND_before_0_189617,open_2017_05_08_close_2017_05_08_flight_Fixed Wing_N550ND_before_0_189617,439,0.48053570141724533,0
open_2017_05_08_close_2017_05_08_flight_Fixed Wing_N550ND_before_0_189617,open_2017_05_08_close_2017_05_08_flight_Fixed Wing_N550ND_before_0_189617,440,-0.5026453633411192,1
open_2017_05_08_close_2017_05_08_flight_Fixed Wing_N550ND_before_0_189617,open_2017_05_08_close_2017_05_08_flight_Fixed Wing_N550ND_before_0_189617,441,0.5832195128956594,0
open_2017_05_08_close_2017_05_08_flight_Fixed Wing_N550ND_before_0_189617,open_2017_05_08_close_2017_05_08_flight_Fixed Wing_N550ND_before_0_189617,442,0.6518923446806779,0
open_2017_05_08_close_2017_05_08_flight_Fixed Wing_N550ND_before_0_189617,open_2017_05_08_close_2017_05_08_flight_Fixed Wing_N550ND_before_0_189617,443,0.11076896707964101,0
open_2017_05_08_close_2017_05_08_flight_Fixed Wing_N550ND_before_0_189617,open_2017_05_08_close_2017_05_08_flight_Fixed Wing_N550ND_before_0_189617,444,0.48422811633304774,0
open_2017_05_08_close_2017_05_08_flight_Fixed Wing_N550ND_before_0_189617,open_2017_05_08_close_2017_05_08_flight_Fixed Wing_N550ND_before_0_189617,445,0.5472136529913068,0
open_2017_05_08_close_2017_05_08_flight_Fixed Wing_N550ND_before_0_189617,open_2017_05_08_close_2017_05_08_flight_Fixed Wing_N550ND_before_0_189617,446,0.7664627037107143,0
open_2017_05_08_close_2017_05_08_flight_Fixed Wing_N550ND_before_0_189617,open_2017_05_08_close_2017_05_08_flight_Fixed Wing_N550ND_before_0_189617,447,0.6777424216674213,0
open_2017_05_08_close_2017_05_08_flight_Fixed Wing_N550ND_before_0_189617,open_2017_05_08_close_2017_05_08_flight_Fixed Wing_N550ND_before_0_189617,448,0.5277817976388353,0
open_2017_05_08_close_2017_05_08_flight_Fixed Wing_N550ND_before_0_189617,open_2017_05_08_close_2017_05_08_flight_Fixed Wing_N550ND_before_0_189617,449,0.5625603270583228,0
open_2017_05_08_close_2017_05_08_flight_Fixed Wing_N550ND_before_0_189617,open_2017_05_08_close_2017_05_08_flight_Fixed Wing_N550ND_before_0_189617,450,0.6086939972270677,0
open_2017_05_08_close_2017_05_08_flight_Fixed Wing_N550ND_before_0_189617,open_2017_05_08_close_2017_05_08_flight_Fixed Wing_N550ND_before_0_189617,451,0.584279678156487,0
open_2017_05_08_close_2017_05_08_flight_Fixed Wing_N550ND_before_0_189617,open_2017_05_08_close_2017_05_08_flight_Fixed Wing_N550ND_before_0_189617,452,0.6048924270429692,0
open_2017_05_08_close_2017_05_08_flight_Fixed Wing_N550ND_before_0_189617,open_2017_05_08_close_2017_05_08_flight_Fixed Wing_N550ND_before_0_189617,453,0.7021562485270876,0
open_2017_05_08_close_2017_05_08_flight_Fixed Wing_N550ND_before_0_189617,open_2017_05_08_close_2017_05_08_flight_Fixed Wing_N550ND_before_0_189617,454,0.7981715618142196,0
open_2017_05_08_close_2017_05_08_flight_Fixed Wing_N550ND_before_0_189617,open_2017_05_08_close_2017_05_08_flight_Fixed Wing_N550ND_before_0_189617,455,0.9913977443673994,0
open_2017_05_08_close_2017_05_08_flight_Fixed Wing_N550ND_before_0_189617,open_2017_05_08_close_2017_05_08_flight_Fixed Wing_N550ND_before_0_189617,456,0.41043291128338644,0
open_2017_05_08_close_2017_05_08_flight_Fixed Wing_N550ND_before_0_189617,open_2017_05_08_close_2017_05_08_flight_Fixed Wing_N550ND_before_0_189617,457,0.7169925741766519,0
open_2017_05_08_close_2017_05_08_flight_Fixed Wing_N550ND_before_0_189617,open_2017_05_08_close_2017_05_08_flight_Fixed Wing_N550ND_before_0_189617,458,0.5260349391312109,0
open_2017_05_08_close_2017_05_08_flight_Fixed Wing_N550ND_before_0_189617,open_2017_05_08_close_2017_05_08_flight_Fixed Wing_N550ND_before_0_189617,459,0.6155499554418054,0
open_2017_05_08_close_2017_05_08_flight_Fixed Wing_N550ND_before_0_189617,open_2017_05_08_close_2017_05_08_flight_Fixed Wing_N550ND_before_0_189617,460,-0.8008140075558254,1
open_2017_05_08_close_2017_05_08_flight_Fixed Wing_N550ND_before_0_189617,open_2017_05_08_close_2017_05_08_flight_Fixed Wing_N550ND_before_0_189617,461,0.6808666072921026,0
open_2017_05_08_close_2017_05_08_flight_Fixed Wing_N550ND_before_0_189617,open_2017_05_08_close_2017_05_08_flight_Fixed Wing_N550ND_before_0_189617,462,0.7872246012868529,0
open_2017_05_08_close_2017_05_08_flight_Fixed Wing_N550ND_before_0_189617,open_2017_05_08_close_2017_05_08_flight_Fixed Wing_N550ND_before_0_189617,463,0.9712896437781651,0
open_2017_05_08_close_2017_05_08_flight_Fixed Wing_N550ND_before_0_189617,open_2017_05_08_close_2017_05_08_flight_Fixed Wing_N550ND_before_0_189617,464,1.022198269795882,0
open_2017_05_08_close_2017_05_08_flight_Fixed Wing_N550ND_before_0_189617,open_2017_05_08_close_2017_05_08_flight_Fixed Wing_N550ND_before_0_189617,465,0.8375775276663808,0
open_2017_05_08_close_2017_05_08_flight_Fixed Wing_N550ND_before_0_189617,open_2017_05_08_close_2017_05_08_flight_Fixed Wing_N550ND_before_0_189617,466,0.6195209659600134,0
open_2017_05_08_close_2017_05_08_flight_Fixed Wing_N550ND_before_0_189617,open_2017_05_08_close_2017_05_08_flight_Fixed Wing_N550ND_before_0_189617,467,0.6267311283872756,0
open_2017_05_08_close_2017_05_08_flight_Fixed Wing_N550ND_before_0_189617,open_2017_05_08_close_2017_05_08_flight_Fixed Wing_N550ND_before_0_189617,468,-0.3563068210807496,1
open_2017_05_08_close_2017_05_08_flight_Fixed Wing_N550ND_before_0_189617,open_2017_05_08_close_2017_05_08_flight_Fixed Wing_N550ND_before_0_189617,469,0.37624671264790166,0
open_2017_05_08_close_2017_05_08_flight_Fixed Wing_N550ND_before_0_189617,open_2017_05_08_close_2017_05_08_flight_Fixed Wing_N550ND_before_0_189617,470,0.2939536553790818,0
open_2017_05_08_close_2017_05_08_flight_Fixed Wing_N550ND_before_0_189617,open_2017_05_08_close_2017_05_08_flight_Fixed Wing_N550ND_before_0_189617,471,0.23192646266143924,0
open_2017_05_08_close_2017_05_08_flight_Fixed Wing_N550ND_before_0_189617,open_2017_05_08_close_2017_05_08_flight_Fixed Wing_N550ND_before_0_189617,472,0.14451320813661317,0
open_2017_05_08_close_2017_05_08_flight_Fixed Wing_N550ND_before_0_189617,open_2017_05_08_close_2017_05_08_flight_Fixed Wing_N550ND_before_0_189617,473,0.7665127369007791,0
open_2017_05_08_close_2017_05_08_flight_Fixed Wing_N550ND_before_0_189617,open_2017_05_08_close_2017_05_08_flight_Fixed Wing_N550ND_before_0_189617,474,0.3597516814483912,0
open_2017_05_08_close_2017_05_08_flight_Fixed Wing_N550ND_before_0_189617,open_2017_05_08_close_2017_05_08_flight_Fixed Wing_N550ND_before_0_189617,475,0.9360923577764746,0
open_2017_05_08_close_2017_05_08_flight_Fixed Wing_N550ND_before_0_189617,open_2017_05_08_close_2017_05_08_flight_Fixed Wing_N550ND_before_0_189617,476,0.9741541198020864,0
open_2017_05_08_close_2017_05_08_flight_Fixed Wing_N550ND_before_0_189617,open_2017_05_08_close_2017_05_08_flight_Fixed Wing_N550ND_before_0_189617,477,0.7198470707930458,0
open_2017_05_08_close_2017_05_08_flight_Fixed Wing_N550ND_before_0_189617,open_2017_05_08_close_2017_05_08_flight_Fixed Wing_N550ND_before_0_189617,478,-0.9919185512963349,1
open_2017_05_08_close_2017_05_08_flight_Fixed Wing_N550ND_before_0_189617,open_2017_05_08_close_2017_05_08_flight_Fixed Wing_N550ND_before_0_189617,479,-0.9909341562566489,1
open_2017_05_08_close_2017_05_08_flight_Fixed Wing_N550ND_before_0_189617,open_2017_05_08_close_2017_05_08_flight_Fixed Wing_N550ND_before_0_189617,480,-0.273058167146897,1
open_2017_05_08_close_2017_05_08_flight_Fixed Wing_N550ND_before_0_189617,open_2017_05_08_close_2017_05_08_flight_Fixed Wing_N550ND_before_0_189617,481,0.2353453549814144,0
open_2017_05_08_close_2017_05_08_flight_Fixed Wing_N550ND_before_0_189617,open_2017_05_08_close_2017_05_08_flight_Fixed Wing_N550ND_before_0_189617,482,-1.2879427122743743,1
open_2017_05_08_close_2017_05_08_flight_Fixed Wing_N550ND_before_0_189617,open_2017_05_08_close_2017_05_08_flight_Fixed Wing_N550ND_before_0_189617,483,-1.2583942869066043,1
open_2017_05_08_close_2017_05_08_flight_Fixed Wing_N550ND_before_0_189617,open_2017_05_08_close_2017_05_08_flight_Fixed Wing_N550ND_before_0_189617,484,0.8055380256684956,0
open_2017_05_08_close_2017_05_08_flight_Fixed Wing_N550ND_before_0_189617,open_2017_05_08_close_2017_05_08_flight_Fixed Wing_N550ND_before_0_189617,485,0.7508853607062793,0
open_2017_05_08_close_2017_05_08_flight_Fixed Wing_N550ND_before_0_189617,open_2017_05_08_close_2017_05_08_flight_Fixed Wing_N550ND_before_0_189617,486,0.47548933009050254,0
open_2017_05_08_close_2017_05_08_flight_Fixed Wing_N550ND_before_0_189617,open_2017_05_08_close_2017_05_08_flight_Fixed Wing_N550ND_before_0_189617,487,0.5281272606887459,0
open_2017_05_08_close_2017_05_08_flight_Fixed Wing_N550ND_before_0_189617,open_2017_05_08_close_2017_05_08_flight_Fixed Wing_N550ND_before_0_189617,488,0.8195345334016824,0
open_2017_05_08_close_2017_05_08_flight_Fixed Wing_N550ND_before_0_189617,open_2017_05_08_close_2017_05_08_flight_Fixed Wing_N550ND_before_0_189617,489,0.6090487037734156,0
open_2017_05_08_close_2017_05_08_flight_Fixed Wing_N550ND_before_0_189617,open_2017_05_08_close_2017_05_08_flight_Fixed Wing_N550ND_before_0_189617,490,0.537337031760097,0
open_2017_05_08_close_2017_05_08_flight_Fixed Wing_N550ND_before_0_189617,open_2017_05_08_close_2017_05_08_flight_Fixed Wing_N550ND_before_0_189617,491,0.6112346793501564,0
open_2017_05_08_close_2017_05_08_flight_Fixed Wing_N550ND_before_0_189617,open_2017_05_08_close_2017_05_08_flight_Fixed Wing_N550ND_before_0_189617,492,0.6584153999704019,0
open_2017_05_08_close_2017_05_08_flight_Fixed Wing_N550ND_before_0_189617,open_2017_05_08_close_2017_05_08_flight_Fixed Wing_N550ND_before_0_189617,493,0.19980289127806827,0
open_2017_05_08_close_2017_05_08_flight_Fixed Wing_N550ND_before_0_189617,open_2017_05_08_close_2017_05_08_flight_Fixed Wing_N550ND_before_0_189617,494,0.3601660172105552,0
open_2017_05_08_close_2017_05_08_flight_Fixed Wing_N550ND_before_0_189617,open_2017_05_08_close_2017_05_08_flight_Fixed Wing_N550ND_before_0_189617,495,-0.11426571258651252,1
open_2017_05_08_close_2017_05_08_flight_Fixed Wing_N550ND_before_0_189617,open_2017_05_08_close_2017_05_08_flight_Fixed Wing_N550ND_before_0_189617,496,0.3671711405968965,0
open_2017_05_08_close_2017_05_08_flight_Fixed Wing_N550ND_before_0_189617,open_2017_05_08_close_2017_05_08_flight_Fixed Wing_N550ND_before_0_189617,497,0.1993872845377802,0
open_2017_05_08_close_2017_05_08_flight_Fixed Wing_N550ND_before_0_189617,open_2017_05_08_close_2017_05_08_flight_Fixed Wing_N550ND_before_0_189617,498,-1.2686408733522552,1
open_2017_05_08_close_2017_05_08_flight_Fixed Wing_N550ND_before_0_189617,open_2017_05_08_close_2017_05_08_flight_Fixed Wing_N550ND_before_0_189617,499,-0.8925153395319143,1
open_2017_05_08_close_2017_05_08_flight_Fixed Wing_N550ND_before_0_189617,open_2017_05_08_close_2017_05_08_flight_Fixed Wing_N550ND_before_0_189617,500,-0.9036645205449534,1
open_2017_05_08_close_2017_05_08_flight_Fixed Wing_N550ND_before_0_189617,open_2017_05_08_close_2017_05_08_flight_Fixed Wing_N550ND_before_0_189617,501,0.426097907000929,0
open_2017_05_08_close_2017_05_08_flight_Fixed Wing_N550ND_before_0_189617,open_2017_05_08_close_2017_05_08_flight_Fixed Wing_N550ND_before_0_189617,502,0.6517884315936975,0
open_2017_05_08_close_2017_05_08_flight_Fixed Wing_N550ND_before_0_189617,open_2017_05_08_close_2017_05_08_flight_Fixed Wing_N550ND_before_0_189617,503,0.7841061540025991,0
open_2017_05_08_close_2017_05_08_flight_Fixed Wing_N550ND_before_0_189617,open_2017_05_08_close_2017_05_08_flight_Fixed Wing_N550ND_before_0_189617,504,0.15911280107271764,0
open_2017_05_08_close_2017_05_08_flight_Fixed Wing_N550ND_before_0_189617,open_2017_05_08_close_2017_05_08_flight_Fixed Wing_N550ND_before_0_189617,505,0.6044503893579631,0
open_2017_05_08_close_2017_05_08_flight_Fixed Wing_N550ND_before_0_189617,open_2017_05_08_close_2017_05_08_flight_Fixed Wing_N550ND_before_0_189617,506,0.6242418356057362,0
open_2017_05_08_close_2017_05_08_flight_Fixed Wing_N550ND_before_0_189617,open_2017_05_08_close_2017_05_08_flight_Fixed Wing_N550ND_before_0_189617,507,0.5857698351221126,0
open_2017_05_08_close_2017_05_08_flight_Fixed Wing_N550ND_before_0_189617,open_2017_05_08_close_2017_05_08_flight_Fixed Wing_N550ND_before_0_189617,508,0.051093124843206716,0
open_2017_05_08_close_2017_05_08_flight_Fixed Wing_N550ND_before_0_189617,open_2017_05_08_close_2017_05_08_flight_Fixed Wing_N550ND_before_0_189617,509,0.2953241177278221,0
open_2017_05_08_close_2017_05_08_flight_Fixed Wing_N550ND_before_0_189617,open_2017_05_08_close_2017_05_08_flight_Fixed Wing_N550ND_before_0_189617,510,0.5340395359776668,0
open_2017_05_08_close_2017_05_08_flight_Fixed Wing_N550ND_before_0_189617,open_2017_05_08_close_2017_05_08_flight_Fixed Wing_N550ND_before_0_189617,511,1.0260607441523288,0
open_2017_05_08_close_2017_05_08_flight_Fixed Wing_N550ND_before_0_189617,open_2017_05_08_close_2017_05_08_flight_Fixed Wing_N550ND_before_0_189617,512,0.8972772234670101,0
open_2017_05_08_close_2017_05_08_flight_Fixed Wing_N550ND_before_0_189617,open_2017_05_08_close_2017_05_08_flight_Fixed Wing_N550ND_before_0_189617,513,0.7933584457671286,0
open_2017_05_08_close_2017_05_08_flight_Fixed Wing_N550ND_before_0_189617,open_2017_05_08_close_2017_05_08_flight_Fixed Wing_N550ND_before_0_189617,514,0.26246786296230495,0
open_2017_05_08_close_2017_05_08_flight_Fixed Wing_N550ND_before_0_189617,open_2017_05_08_close_2017_05_08_flight_Fixed Wing_N550ND_before_0_189617,515,0.5315132925181083,0
open_2017_05_08_close_2017_05_08_flight_Fixed Wing_N550ND_before_0_189617,open_2017_05_08_close_2017_05_08_flight_Fixed Wing_N550ND_before_0_189617,516,0.6449156241774661,0
open_2017_05_08_close_2017_05_08_flight_Fixed Wing_N550ND_before_0_189617,open_2017_05_08_close_2017_05_08_flight_Fixed Wing_N550ND_before_0_189617,517,-0.2257505701276794,1
open_2017_05_08_close_2017_05_08_flight_Fixed Wing_N550ND_before_0_189617,open_2017_05_08_close_2017_05_08_flight_Fixed Wing_N550ND_before_0_189617,518,-0.03580674154228358,1
open_2017_05_08_close_2017_05_08_flight_Fixed Wing_N550ND_before_0_189617,open_2017_05_08_close_2017_05_08_flight_Fixed Wing_N550ND_before_0_189617,519,0.7243291079752203,0
open_2017_05_08_close_2017_05_08_flight_Fixed Wing_N550ND_before_0_189617,open_2017_05_08_close_2017_05_08_flight_Fixed Wing_N550ND_before_0_189617,520,-0.17250805757744003,1
open_2017_05_08_close_2017_05_08_flight_Fixed Wing_N550ND_before_0_189617,open_2017_05_08_close_2017_05_08_flight_Fixed Wing_N550ND_before_0_189617,521,-0.4525816422995512,1
open_2017_05_08_close_2017_05_08_flight_Fixed Wing_N550ND_before_0_189617,open_2017_05_08_close_2017_05_08_flight_Fixed Wing_N550ND_before_0_189617,522,-0.6455872733065747,1
open_2017_05_08_close_2017_05_08_flight_Fixed Wing_N550ND_before_0_189617,open_2017_05_08_close_2017_05_08_flight_Fixed Wing_N550ND_before_0_189617,523,0.13554412589402354,0
open_2017_05_08_close_2017_05_08_flight_Fixed Wing_N550ND_before_0_189617,open_2017_05_08_close_2017_05_08_flight_Fixed Wing_N550ND_before_0_189617,524,0.6809100888871795,0
open_2017_05_08_close_2017_05_08_flight_Fixed Wing_N550ND_before_0_189617,open_2017_05_08_close_2017_05_08_flight_Fixed Wing_N550ND_before_0_189617,525,0.5961422419550462,0
open_2017_05_08_close_2017_05_08_flight_Fixed Wing_N550ND_before_0_189617,open_2017_05_08_close_2017_05_08_flight_Fixed Wing_N550ND_before_0_189617,526,-0.9746582229867339,1
open_2017_05_08_close_2017_05_08_flight_Fixed Wing_N550ND_before_0_189617,open_2017_05_08_close_2017_05_08_flight_Fixed Wing_N550ND_before_0_189617,527,0.45942545295501125,0
open_2017_05_08_close_2017_05_08_flight_Fixed Wing_N550ND_before_0_189617,open_2017_05_08_close_2017_05_08_flight_Fixed Wing_N550ND_before_0_189617,528,-1.2877939745013616,1
open_2017_05_08_close_2017_05_08_flight_Fixed Wing_N550ND_before_0_189617,open_2017_05_08_close_2017_05_08_flight_Fixed Wing_N550ND_before_0_189617,529,-1.154227182799115,1
open_2017_05_08_close_2017_05_08_flight_Fixed Wing_N550ND_before_0_189617,open_2017_05_08_close_2017_05_08_flight_Fixed Wing_N550ND_before_0_189617,530,-0.5513117424379036,1
open_2017_05_08_close_2017_05_08_flight_Fixed Wing_N550ND_before_0_189617,open_2017_05_08_close_2017_05_08_flight_Fixed Wing_N550ND_before_0_189617,531,0.26366668410949967,0
open_2017_05_08_close_2017_05_08_flight_Fixed Wing_N550ND_before_0_189617,open_2017_05_08_close_2017_05_08_flight_Fixed Wing_N550ND_before_0_189617,532,0.24157444462557986,0
open_2017_05_08_close_2017_05_08_flight_Fixed Wing_N550ND_before_0_189617,open_2017_05_08_close_2017_05_08_flight_Fixed Wing_N550ND_before_0_189617,533,0.5600095091996238,0
open_2017_05_08_close_2017_05_08_flight_Fixed Wing_N550ND_before_0_189617,open_2017_05_08_close_2017_05_08_flight_Fixed Wing_N550ND_before_0_189617,534,-1.2878816525693306,1
open_2017_05_08_close_2017_05_08_flight_Fixed Wing_N550ND_before_0_189617,open_2017_05_08_close_2017_05_08_flight_Fixed Wing_N550ND_before_0_189617,535,0.7566637632680995,0
open_2017_05_08_close_2017_05_08_flight_Fixed Wing_N550ND_before_0_189617,open_2017_05_08_close_2017_05_08_flight_Fixed Wing_N550ND_before_0_189617,536,-0.20015889891151573,1
open_2017_05_08_close_2017_05_08_flight_Fixed Wing_N550ND_before_0_189617,open_2017_05_08_close_2017_05_08_flight_Fixed Wing_N550ND_before_0_189617,537,0.7800356135171871,0
open_2017_05_08_close_2017_05_08_flight_Fixed Wing_N550ND_before_0_189617,open_2017_05_08_close_2017_05_08_flight_Fixed Wing_N550ND_before_0_189617,538,0.7614922926152605,0
open_2017_05_08_close_2017_05_08_flight_Fixed Wing_N550ND_before_0_189617,open_2017_05_08_close_2017_05_08_flight_Fixed Wing_N550ND_before_0_189617,539,0.7684551062481768,0
open_2017_05_08_close_2017_05_08_flight_Fixed Wing_N550ND_before_0_189617,open_2017_05_08_close_2017_05_08_flight_Fixed Wing_N550ND_before_0_189617,540,0.8333184254627519,0
open_2017_05_08_close_2017_05_08_flight_Fixed Wing_N550ND_before_0_189617,open_2017_05_08_close_2017_05_08_flight_Fixed Wing_N550ND_before_0_189617,541,0.08535838958543707,0
open_2017_05_08_close_2017_05_08_flight_Fixed Wing_N550ND_before_0_189617,open_2017_05_08_close_2017_05_08_flight_Fixed Wing_N550ND_before_0_189617,542,0.08217378543874321,0
open_2017_05_08_close_2017_05_08_flight_Fixed Wing_N550ND_before_0_189617,open_2017_05_08_close_2017_05_08_flight_Fixed Wing_N550ND_before_0_189617,543,0.6376876899997324,0
open_2017_05_08_close_2017_05_08_flight_Fixed Wing_N550ND_before_0_189617,open_2017_05_08_close_2017_05_08_flight_Fixed Wing_N550ND_before_0_189617,544,0.5956537344084751,0
open_2017_05_08_close_2017_05_08_flight_Fixed Wing_N550ND_before_0_189617,open_2017_05_08_close_2017_05_08_flight_Fixed Wing_N550ND_before_0_189617,545,0.38549652469597473,0
open_2017_05_08_close_2017_05_08_flight_Fixed Wing_N550ND_before_0_189617,open_2017_05_08_close_2017_05_08_flight_Fixed Wing_N550ND_before_0_189617,546,0.42469946952191795,0
open_2017_05_08_close_2017_05_08_flight_Fixed Wing_N550ND_before_0_189617,open_2017_05_08_close_2017_05_08_flight_Fixed Wing_N550ND_before_0_189617,547,-0.41352882622264386,1
open_2017_05_08_close_2017_05_08_flight_Fixed Wing_N550ND_before_0_189617,open_2017_05_08_close_2017_05_08_flight_Fixed Wing_N550ND_before_0_189617,548,0.490878917971562,0
open_2017_05_08_close_2017_05_08_flight_Fixed Wing_N550ND_before_0_189617,open_2017_05_08_close_2017_05_08_flight_Fixed Wing_N550ND_before_0_189617,549,0.12555199399862516,0
open_2017_05_08_close_2017_05_08_flight_Fixed Wing_N550ND_before_0_189617,open_2017_05_08_close_2017_05_08_flight_Fixed Wing_N550ND_before_0_189617,550,0.3008927597299331,0
open_2017_05_08_close_2017_05_08_flight_Fixed Wing_N550ND_before_0_189617,open_2017_05_08_close_2017_05_08_flight_Fixed Wing_N550ND_before_0_189617,551,0.7726698333047985,0
open_2017_05_08_close_2017_05_08_flight_Fixed Wing_N550ND_before_0_189617,open_2017_05_08_close_2017_05_08_flight_Fixed Wing_N550ND_before_0_189617,552,0.014129980891064653,0
open_2017_05_08_close_2017_05_08_flight_Fixed Wing_N550ND_before_0_189617,open_2017_05_08_close_2017_05_08_flight_Fixed Wing_N550ND_before_0_189617,553,1.1434833018486845,0
open_2017_05_08_close_2017_05_08_flight_Fixed Wing_N550ND_before_0_189617,open_2017_05_08_close_2017_05_08_flight_Fixed Wing_N550ND_before_0_189617,554,0.3550413999756743,0
open_2017_05_08_close_2017_05_08_flight_Fixed Wing_N550ND_before_0_189617,open_2017_05_08_close_2017_05_08_flight_Fixed Wing_N550ND_before_0_189617,555,0.7901654004469583,0
open_2017_05_08_close_2017_05_08_flight_Fixed Wing_N550ND_before_0_189617,open_2017_05_08_close_2017_05_08_flight_Fixed Wing_N550ND_before_0_189617,556,0.7077124208978163,0
open_2017_05_08_close_2017_05_08_flight_Fixed Wing_N550ND_before_0_189617,open_2017_05_08_close_2017_05_08_flight_Fixed Wing_N550ND_before_0_189617,557,0.9897639507393889,0
open_2017_05_08_close_2017_05_08_flight_Fixed Wing_N550ND_before_0_189617,open_2017_05_08_close_2017_05_08_flight_Fixed Wing_N550ND_before_0_189617,558,0.8509550834918853,0
open_2017_05_08_close_2017_05_08_flight_Fixed Wing_N550ND_before_0_189617,open_2017_05_08_close_2017_05_08_flight_Fixed Wing_N550ND_before_0_189617,559,0.4619332031541319,0
open_2017_05_08_close_2017_05_08_flight_Fixed Wing_N550ND_before_0_189617,open_2017_05_08_close_2017_05_08_flight_Fixed Wing_N550ND_before_0_189617,560,0.538054758252946,0
open_2017_05_08_close_2017_05_08_flight_Fixed Wing_N550ND_before_0_189617,open_2017_05_08_close_2017_05_08_flight_Fixed Wing_N550ND_before_0_189617,561,0.6226388288791782,0
open_2017_05_08_close_2017_05_08_flight_Fixed Wing_N550ND_before_0_189617,open_2017_05_08_close_2017_05_08_flight_Fixed Wing_N550ND_before_0_189617,562,0.07979360709987438,0
open_2017_05_08_close_2017_05_08_flight_Fixed Wing_N550ND_before_0_189617,open_2017_05_08_close_2017_05_08_flight_Fixed Wing_N550ND_before_0_189617,563,0.467735082736906,0
open_2017_05_08_close_2017_05_08_flight_Fixed Wing_N550ND_before_0_189617,open_2017_05_08_close_2017_05_08_flight_Fixed Wing_N550ND_before_0_189617,564,-0.17147941180967252,1
open_2017_05_08_close_2017_05_08_flight_Fixed Wing_N550ND_before_0_189617,open_2017_05_08_close_2017_05_08_flight_Fixed Wing_N550ND_before_0_189617,565,-0.16522916851979952,1
open_2017_05_08_close_2017_05_08_flight_Fixed Wing_N550ND_before_0_189617,open_2017_05_08_close_2017_05_08_flight_Fixed Wing_N550ND_before_0_189617,566,0.3028551801299968,0
open_2017_05_08_close_2017_05_08_flight_Fixed Wing_N550ND_before_0_189617,open_2017_05_08_close_2017_05_08_flight_Fixed Wing_N550ND_before_0_189617,567,0.7701711314154918,0
open_2017_05_08_close_2017_05_08_flight_Fixed Wing_N550ND_before_0_189617,open_2017_05_08_close_2017_05_08_flight_Fixed Wing_N550ND_before_0_189617,568,-0.05482069997681771,1
open_2017_05_08_close_2017_05_08_flight_Fixed Wing_N550ND_before_0_189617,open_2017_05_08_close_2017_05_08_flight_Fixed Wing_N550ND_before_0_189617,569,0.7062632447380046,0
open_2017_05_08_close_2017_05_08_flight_Fixed Wing_N550ND_before_0_189617,open_2017_05_08_close_2017_05_08_flight_Fixed Wing_N550ND_before_0_189617,570,1.166591302997524,0
open_2017_05_08_close_2017_05_08_flight_Fixed Wing_N550ND_before_0_189617,open_2017_05_08_close_2017_05_08_flight_Fixed Wing_N550ND_before_0_189617,571,1.0527442656324233,0
open_2017_05_08_close_2017_05_08_flight_Fixed Wing_N550ND_before_0_189617,open_2017_05_08_close_2017_05_08_flight_Fixed Wing_N550ND_before_0_189617,572,0.9331438973868438,0
open_2017_05_08_close_2017_05_08_flight_Fixed Wing_N550ND_before_0_189617,open_2017_05_08_close_2017_05_08_flight_Fixed Wing_N550ND_before_0_189617,573,1.0819542360437797,0
open_2017_05_08_close_2017_05_08_flight_Fixed Wing_N550ND_before_0_189617,open_2017_05_08_close_2017_05_08_flight_Fixed Wing_N550ND_before_0_189617,574,1.0542702033911566,0
open_2017_05_08_close_2017_05_08_flight_Fixed Wing_N550ND_before_0_189617,open_2017_05_08_close_2017_05_08_flight_Fixed Wing_N550ND_before_0_189617,575,0.6811790518410057,0
open_2017_05_08_close_2017_05_08_flight_Fixed Wing_N550ND_before_0_189617,open_2017_05_08_close_2017_05_08_flight_Fixed Wing_N550ND_before_0_189617,576,0.7641008026937883,0
open_2017_05_08_close_2017_05_08_flight_Fixed Wing_N550ND_before_0_189617,open_2017_05_08_close_2017_05_08_flight_Fixed Wing_N550ND_before_0_189617,577,0.36985596421667877,0
open_2017_05_08_close_2017_05_08_flight_Fixed Wing_N550ND_before_0_189617,open_2017_05_08_close_2017_05_08_flight_Fixed Wing_N550ND_before_0_189617,578,1.0513387248619188,0
open_2017_05_08_close_2017_05_08_flight_Fixed Wing_N550ND_before_0_189617,open_2017_05_08_close_2017_05_08_flight_Fixed Wing_N550ND_before_0_189617,579,0.9607326607590103,0
open_2017_05_08_close_2017_05_08_flight_Fixed Wing_N550ND_before_0_189617,open_2017_05_08_close_2017_05_08_flight_Fixed Wing_N550ND_before_0_189617,580,0.6163584271125813,0
open_2017_05_08_close_2017_05_08_flight_Fixed Wing_N550ND_before_0_189617,open_2017_05_08_close_2017_05_08_flight_Fixed Wing_N550ND_before_0_189617,581,0.624572790172246,0
open_2017_05_08_close_2017_05_08_flight_Fixed Wing_N550ND_before_0_189617,open_2017_05_08_close_2017_05_08_flight_Fixed Wing_N550ND_before_0_189617,582,0.10635939777435932,0
open_2017_05_08_close_2017_05_08_flight_Fixed Wing_N550ND_before_0_189617,open_2017_05_08_close_2017_05_08_flight_Fixed Wing_N550ND_before_0_189617,583,0.7421133454948001,0
open_2017_05_08_close_2017_05_08_flight_Fixed Wing_N550ND_before_0_189617,open_2017_05_08_close_2017_05_08_flight_Fixed Wing_N550ND_before_0_189617,584,0.8509482213346291,0
open_2017_05_08_close_2017_05_08_flight_Fixed Wing_N550ND_before_0_189617,open_2017_05_08_close_2017_05_08_flight_Fixed Wing_N550ND_before_0_189617,585,-0.0198681810709318,1
open_2017_05_08_close_2017_05_08_flight_Fixed Wing_N550ND_before_0_189617,open_2017_05_08_close_2017_05_08_flight_Fixed Wing_N550ND_before_0_189617,586,-0.5852189735132104,1
open_2017_05_08_close_2017_05_08_flight_Fixed Wing_N550ND_before_0_189617,open_2017_05_08_close_2017_05_08_flight_Fixed Wing_N550ND_before_0_189617,587,0.6125469697134627,0
open_2017_05_08_close_2017_05_08_flight_Fixed Wing_N550ND_before_0_189617,open_2017_05_08_close_2017_05_08_flight_Fixed Wing_N550ND_before_0_189617,588,-0.21265106830889668,1
open_2017_05_08_close_2017_05_08_flight_Fixed Wing_N550ND_before_0_189617,open_2017_05_08_close_2017_05_08_flight_Fixed Wing_N550ND_before_0_189617,589,0.008675746050876842,0
open_2017_05_08_close_2017_05_08_flight_Fixed Wing_N550ND_before_0_189617,open_2017_05_08_close_2017_05_08_flight_Fixed Wing_N550ND_before_0_189617,590,0.5010963507110586,0
open_2017_05_08_close_2017_05_08_flight_Fixed Wing_N550ND_before_0_189617,open_2017_05_08_close_2017_05_08_flight_Fixed Wing_N550ND_before_0_189617,591,0.7520581502820303,0
open_2017_05_08_close_2017_05_08_flight_Fixed Wing_N550ND_before_0_189617,open_2017_05_08_close_2017_05_08_flight_Fixed Wing_N550ND_before_0_189617,592,0.9034093715967111,0
open_2017_05_08_close_2017_05_08_flight_Fixed Wing_N550ND_before_0_189617,open_2017_05_08_close_2017_05_08_flight_Fixed Wing_N550ND_before_0_189617,593,0.9583998485163145,0
open_2017_05_08_close_2017_05_08_flight_Fixed Wing_N550ND_before_0_189617,open_2017_05_08_close_2017_05_08_flight_Fixed Wing_N550ND_before_0_189617,594,0.8348553407406842,0
open_2017_05_08_close_2017_05_08_flight_Fixed Wing_N550ND_before_0_189617,open_2017_05_08_close_2017_05_08_flight_Fixed Wing_N550ND_before_0_189617,595,0.0353907127357278,0
open_2017_05_08_close_2017_05_08_flight_Fixed Wing_N550ND_before_0_189617,open_2017_05_08_close_2017_05_08_flight_Fixed Wing_N550ND_before_0_189617,596,0.38022480773046397,0
open_2017_05_08_close_2017_05_08_flight_Fixed Wing_N550ND_before_0_189617,open_2017_05_08_close_2017_05_08_flight_Fixed Wing_N550ND_before_0_189617,597,0.6836643952180774,0
open_2017_05_08_close_2017_05_08_flight_Fixed Wing_N550ND_before_0_189617,open_2017_05_08_close_2017_05_08_flight_Fixed Wing_N550ND_before_0_189617,598,0.3347917400157765,0
open_2017_05_08_close_2017_05_08_flight_Fixed Wing_N550ND_before_0_189617,open_2017_05_08_close_2017_05_08_flight_Fixed Wing_N550ND_before_0_189617,599,0.912935556991564,0
open_2017_05_08_close_2017_05_08_flight_Fixed Wing_N550ND_before_0_189617,open_2017_05_08_close_2017_05_08_flight_Fixed Wing_N550ND_before_0_189617,600,0.9981293613279836,0
open_2017_05_08_close_2017_05_08_flight_Fixed Wing_N550ND_before_0_189617,open_2017_05_08_close_2017_05_08_flight_Fixed Wing_N550ND_before_0_189617,601,0.08584822774952694,0
open_2017_05_08_close_2017_05_08_flight_Fixed Wing_N550ND_before_0_189617,open_2017_05_08_close_2017_05_08_flight_Fixed Wing_N550ND_before_0_189617,602,0.7669406002054484,0
open_2017_05_08_close_2017_05_08_flight_Fixed Wing_N550ND_before_0_189617,open_2017_05_08_close_2017_05_08_flight_Fixed Wing_N550ND_before_0_189617,603,0.45683353209126465,0
open_2017_05_08_close_2017_05_08_flight_Fixed Wing_N550ND_before_0_189617,open_2017_05_08_close_2017_05_08_flight_Fixed Wing_N550ND_before_0_189617,604,-0.2820497734444405,1
open_2017_05_08_close_2017_05_08_flight_Fixed Wing_N550ND_before_0_189617,open_2017_05_08_close_2017_05_08_flight_Fixed Wing_N550ND_before_0_189617,605,-1.0721776954275302,1
open_2017_05_08_close_2017_05_08_flight_Fixed Wing_N550ND_before_0_189617,open_2017_05_08_close_2017_05_08_flight_Fixed Wing_N550ND_before_0_189617,606,-1.058585186114109,1
open_2017_05_08_close_2017_05_08_flight_Fixed Wing_N550ND_before_0_189617,open_2017_05_08_close_2017_05_08_flight_Fixed Wing_N550ND_before_0_189617,607,-0.6493264020672803,1
open_2017_05_08_close_2017_05_08_flight_Fixed Wing_N550ND_before_0_189617,open_2017_05_08_close_2017_05_08_flight_Fixed Wing_N550ND_before_0_189617,608,0.435789757998027,0
open_2017_05_08_close_2017_05_08_flight_Fixed Wing_N550ND_before_0_189617,open_2017_05_08_close_2017_05_08_flight_Fixed Wing_N550ND_before_0_189617,609,-1.2879427122786145,1
open_2017_05_08_close_2017_05_08_flight_Fixed Wing_N550ND_before_0_189617,open_2017_05_08_close_2017_05_08_flight_Fixed Wing_N550ND_before_0_189617,610,-0.6762924563471253,1
open_2017_05_08_close_2017_05_08_flight_Fixed Wing_N550ND_before_0_189617,open_2017_05_08_close_2017_05_08_flight_Fixed Wing_N550ND_before_0_189617,611,-1.1922642514513722,1
open_2017_05_08_close_2017_05_08_flight_Fixed Wing_N550ND_before_0_189617,open_2017_05_08_close_2017_05_08_flight_Fixed Wing_N550ND_before_0_189617,612,0.5523273637591655,0
open_2017_05_08_close_2017_05_08_flight_Fixed Wing_N550ND_before_0_189617,open_2017_05_08_close_2017_05_08_flight_Fixed Wing_N550ND_before_0_189617,613,-0.8130911637326539,1
open_2017_05_08_close_2017_05_08_flight_Fixed Wing_N550ND_before_0_189617,open_2017_05_08_close_2017_05_08_flight_Fixed Wing_N550ND_before_0_189617,614,0.982009432281441,0
open_2017_05_08_close_2017_05_08_flight_Fixed Wing_N550ND_before_0_189617,open_2017_05_08_close_2017_05_08_flight_Fixed Wing_N550ND_before_0_189617,615,0.5761929339393363,0
open_2017_05_08_close_2017_05_08_flight_Fixed Wing_N550ND_before_0_189617,open_2017_05_08_close_2017_05_08_flight_Fixed Wing_N550ND_before_0_189617,616,0.6742846479537661,0
open_2017_05_08_close_2017_05_08_flight_Fixed Wing_N550ND_before_0_189617,open_2017_05_08_close_2017_05_08_flight_Fixed Wing_N550ND_before_0_189617,617,0.7139061589335904,0
open_2017_05_08_close_2017_05_08_flight_Fixed Wing_N550ND_before_0_189617,open_2017_05_08_close_2017_05_08_flight_Fixed Wing_N550ND_before_0_189617,618,0.3528682433290613,0
open_2017_05_08_close_2017_05_08_flight_Fixed Wing_N550ND_before_0_189617,open_2017_05_08_close_2017_05_08_flight_Fixed Wing_N550ND_before_0_189617,619,0.599288201910422,0
open_2017_05_08_close_2017_05_08_flight_Fixed Wing_N550ND_before_0_189617,open_2017_05_08_close_2017_05_08_flight_Fixed Wing_N550ND_before_0_189617,620,0.4344819219508751,0
open_2017_05_08_close_2017_05_08_flight_Fixed Wing_N550ND_before_0_189617,open_2017_05_08_close_2017_05_08_flight_Fixed Wing_N550ND_before_0_189617,621,-0.5227376652393949,1
open_2017_05_08_close_2017_05_08_flight_Fixed Wing_N550ND_before_0_189617,open_2017_05_08_close_2017_05_08_flight_Fixed Wing_N550ND_before_0_189617,622,0.2836758806031958,0
open_2017_05_08_close_2017_05_08_flight_Fixed Wing_N550ND_before_0_189617,open_2017_05_08_close_2017_05_08_flight_Fixed Wing_N550ND_before_0_189617,623,0.03226550944035478,0
open_2017_05_08_close_2017_05_08_flight_Fixed Wing_N550ND_before_0_189617,open_2017_05_08_close_2017_05_08_flight_Fixed Wing_N550ND_before_0_189617,624,0.1195598961919242,0
open_2017_05_08_close_2017_05_08_flight_Fixed Wing_N550ND_before_0_189617,open_2017_05_08_close_2017_05_08_flight_Fixed Wing_N550ND_before_0_189617,625,-0.5529836739555805,1
open_2017_05_08_close_2017_05_08_flight_Fixed Wing_N550ND_before_0_189617,open_2017_05_08_close_2017_05_08_flight_Fixed Wing_N550ND_before_0_189617,626,0.6329102690424722,0
open_2017_05_08_close_2017_05_08_flight_Fixed Wing_N550ND_before_0_189617,open_2017_05_08_close_2017_05_08_flight_Fixed Wing_N550ND_before_0_189617,627,-0.4199524945759179,1
open_2017_05_08_close_2017_05_08_flight_Fixed Wing_N550ND_before_0_189617,open_2017_05_08_close_2017_05_08_flight_Fixed Wing_N550ND_before_0_189617,628,-0.393895042810127,1
open_2017_05_08_close_2017_05_08_flight_Fixed Wing_N550ND_before_0_189617,open_2017_05_08_close_2017_05_08_flight_Fixed Wing_N550ND_before_0_189617,629,0.6310640837382047,0
open_2017_05_08_close_2017_05_08_flight_Fixed Wing_N550ND_before_0_189617,open_2017_05_08_close_2017_05_08_flight_Fixed Wing_N550ND_before_0_189617,630,-0.5120229171156908,1
open_2017_05_08_close_2017_05_08_flight_Fixed Wing_N550ND_before_0_189617,open_2017_05_08_close_2017_05_08_flight_Fixed Wing_N550ND_before_0_189617,631,0.37247750640530297,0
open_2017_05_08_close_2017_05_08_flight_Fixed Wing_N550ND_before_0_189617,open_2017_05_08_close_2017_05_08_flight_Fixed Wing_N550ND_before_0_189617,632,0.3724835839798091,0
open_2017_05_08_close_2017_05_08_flight_Fixed Wing_N550ND_before_0_189617,open_2017_05_08_close_2017_05_08_flight_Fixed Wing_N550ND_before_0_189617,633,-1.2332308666086707,1
open_2017_05_08_close_2017_05_08_flight_Fixed Wing_N550ND_before_0_189617,open_2017_05_08_close_2017_05_08_flight_Fixed Wing_N550ND_before_0_189617,634,0.731565482031868,0
open_2017_05_08_close_2017_05_08_flight_Fixed Wing_N550ND_before_0_189617,open_2017_05_08_close_2017_05_08_flight_Fixed Wing_N550ND_before_0_189617,635,0.8303869715722652,0
open_2017_05_08_close_2017_05_08_flight_Fixed Wing_N550ND_before_0_189617,open_2017_05_08_close_2017_05_08_flight_Fixed Wing_N550ND_before_0_189617,636,0.6210698513242487,0
open_2017_05_08_close_2017_05_08_flight_Fixed Wing_N550ND_before_0_189617,open_2017_05_08_close_2017_05_08_flight_Fixed Wing_N550ND_before_0_189617,637,0.5856260125466974,0
open_2017_05_08_close_2017_05_08_flight_Fixed Wing_N550ND_before_0_189617,open_2017_05_08_close_2017_05_08_flight_Fixed Wing_N550ND_before_0_189617,638,0.08823408446393177,0
open_2017_05_08_close_2017_05_08_flight_Fixed Wing_N550ND_before_0_189617,open_2017_05_08_close_2017_05_08_flight_Fixed Wing_N550ND_before_0_189617,639,0.708677323951971,0
open_2017_05_08_close_2017_05_08_flight_Fixed Wing_N550ND_before_0_189617,open_2017_05_08_close_2017_05_08_flight_Fixed Wing_N550ND_before_0_189617,640,0.48415263969585354,0
open_2017_05_08_close_2017_05_08_flight_Fixed Wing_N550ND_before_0_189617,open_2017_05_08_close_2017_05_08_flight_Fixed Wing_N550ND_before_0_189617,641,0.3129544007552345,0
open_2017_05_08_close_2017_05_08_flight_Fixed Wing_N550ND_before_0_189617,open_2017_05_08_close_2017_05_08_flight_Fixed Wing_N550ND_before_0_189617,642,0.13179574817671114,0
open_2017_05_08_close_2017_05_08_flight_Fixed Wing_N550ND_before_0_189617,open_2017_05_08_close_2017_05_08_flight_Fixed Wing_N550ND_before_0_189617,643,0.6100590212467356,0
open_2017_05_08_close_2017_05_08_flight_Fixed Wing_N550ND_before_0_189617,open_2017_05_08_close_2017_05_08_flight_Fixed Wing_N550ND_before_0_189617,644,0.26877900376656405,0
open_2017_05_08_close_2017_05_08_flight_Fixed Wing_N550ND_before_0_189617,open_2017_05_08_close_2017_05_08_flight_Fixed Wing_N550ND_before_0_189617,645,0.4748602974006,0
open_2017_05_08_close_2017_05_08_flight_Fixed Wing_N550ND_before_0_189617,open_2017_05_08_close_2017_05_08_flight_Fixed Wing_N550ND_before_0_189617,646,0.6296294645596252,0
open_2017_05_08_close_2017_05_08_flight_Fixed Wing_N550ND_before_0_189617,open_2017_05_08_close_2017_05_08_flight_Fixed Wing_N550ND_before_0_189617,647,0.3025160402686773,0
open_2017_05_08_close_2017_05_08_flight_Fixed Wing_N550ND_before_0_189617,open_2017_05_08_close_2017_05_08_flight_Fixed Wing_N550ND_before_0_189617,648,-0.6174110911672065,1
open_2017_05_08_close_2017_05_08_flight_Fixed Wing_N550ND_before_0_189617,open_2017_05_08_close_2017_05_08_flight_Fixed Wing_N550ND_before_0_189617,649,0.6305592610281205,0
open_2017_05_08_close_2017_05_08_flight_Fixed Wing_N550ND_before_0_189617,open_2017_05_08_close_2017_05_08_flight_Fixed Wing_N550ND_before_0_189617,650,0.19174990775517342,0
open_2017_05_08_close_2017_05_08_flight_Fixed Wing_N550ND_before_0_189617,open_2017_05_08_close_2017_05_08_flight_Fixed Wing_N550ND_before_0_189617,651,0.6933591358143778,0
open_2017_05_08_close_2017_05_08_flight_Fixed Wing_N550ND_before_0_189617,open_2017_05_08_close_2017_05_08_flight_Fixed Wing_N550ND_before_0_189617,652,0.4483513831245802,0
open_2017_05_08_close_2017_05_08_flight_Fixed Wing_N550ND_before_0_189617,open_2017_05_08_close_2017_05_08_flight_Fixed Wing_N550ND_before_0_189617,653,0.43623968439296745,0
open_2017_05_08_close_2017_05_08_flight_Fixed Wing_N550ND_before_0_189617,open_2017_05_08_close_2017_05_08_flight_Fixed Wing_N550ND_before_0_189617,654,-0.2540796987248366,1
open_2017_05_08_close_2017_05_08_flight_Fixed Wing_N550ND_before_0_189617,open_2017_05_08_close_2017_05_08_flight_Fixed Wing_N550ND_before_0_189617,655,0.4993498945934214,0
open_2017_05_08_close_2017_05_08_flight_Fixed Wing_N550ND_before_0_189617,open_2017_05_08_close_2017_05_08_flight_Fixed Wing_N550ND_before_0_189617,656,-0.08699516973134536,1
open_2017_05_08_close_2017_05_08_flight_Fixed Wing_N550ND_before_0_189617,open_2017_05_08_close_2017_05_08_flight_Fixed Wing_N550ND_before_0_189617,657,-0.33108357087753615,1
open_2017_05_08_close_2017_05_08_flight_Fixed Wing_N550ND_before_0_189617,open_2017_05_08_close_2017_05_08_flight_Fixed Wing_N550ND_before_0_189617,658,0.876355783608882,0
open_2017_05_08_close_2017_05_08_flight_Fixed Wing_N550ND_before_0_189617,open_2017_05_08_close_2017_05_08_flight_Fixed Wing_N550ND_before_0_189617,659,-0.07660499825962175,1
open_2017_05_08_close_2017_05_08_flight_Fixed Wing_N550ND_before_0_189617,open_2017_05_08_close_2017_05_08_flight_Fixed Wing_N550ND_before_0_189617,660,0.7328650061186051,0
open_2017_05_08_close_2017_05_08_flight_Fixed Wing_N550ND_before_0_189617,open_2017_05_08_close_2017_05_08_flight_Fixed Wing_N550ND_before_0_189617,661,-0.0033050491488277878,1
open_2017_05_08_close_2017_05_08_flight_Fixed Wing_N550ND_before_0_189617,open_2017_05_08_close_2017_05_08_flight_Fixed Wing_N550ND_before_0_189617,662,0.3548355006696273,0
open_2017_05_08_close_2017_05_08_flight_Fixed Wing_N550ND_before_0_189617,open_2017_05_08_close_2017_05_08_flight_Fixed Wing_N550ND_before_0_189617,663,0.7613125243084164,0
open_2017_05_08_close_2017_05_08_flight_Fixed Wing_N550ND_before_0_189617,open_2017_05_08_close_2017_05_08_flight_Fixed Wing_N550ND_before_0_189617,664,0.4701989805035389,0
open_2017_05_08_close_2017_05_08_flight_Fixed Wing_N550ND_before_0_189617,open_2017_05_08_close_2017_05_08_flight_Fixed Wing_N550ND_before_0_189617,665,0.30935113398651537,0
open_2017_05_08_close_2017_05_08_flight_Fixed Wing_N550ND_before_0_189617,open_2017_05_08_close_2017_05_08_flight_Fixed Wing_N550ND_before_0_189617,666,0.9042447546611774,0
open_2017_05_08_close_2017_05_08_flight_Fixed Wing_N550ND_before_0_189617,open_2017_05_08_close_2017_05_08_flight_Fixed Wing_N550ND_before_0_189617,667,0.6845048413544805,0
open_2017_05_08_close_2017_05_08_flight_Fixed Wing_N550ND_before_0_189617,open_2017_05_08_close_2017_05_08_flight_Fixed Wing_N550ND_before_0_189617,668,0.801636080443346,0
open_2017_05_08_close_2017_05_08_flight_Fixed Wing_N550ND_before_0_189617,open_2017_05_08_close_2017_05_08_flight_Fixed Wing_N550ND_before_0_189617,669,-0.008065471346325293,1
open_2017_05_08_close_2017_05_08_flight_Fixed Wing_N550ND_before_0_189617,open_2017_05_08_close_2017_05_08_flight_Fixed Wing_N550ND_before_0_189617,670,-1.2259202377558152,1
open_2017_05_08_close_2017_05_08_flight_Fixed Wing_N550ND_before_0_189617,open_2017_05_08_close_2017_05_08_flight_Fixed Wing_N550ND_before_0_189617,671,-0.44388371821703987,1
open_2017_05_08_close_2017_05_08_flight_Fixed Wing_N550ND_before_0_189617,open_2017_05_08_close_2017_05_08_flight_Fixed Wing_N550ND_before_0_189617,672,-1.2392817482846152,1
open_2017_05_08_close_2017_05_08_flight_Fixed Wing_N550ND_before_0_189617,open_2017_05_08_close_2017_05_08_flight_Fixed Wing_N550ND_before_0_189617,673,-1.2879421600997143,1
open_2017_05_08_close_2017_05_08_flight_Fixed Wing_N550ND_before_0_189617,open_2017_05_08_close_2017_05_08_flight_Fixed Wing_N550ND_before_0_189617,674,-0.7477622139059317,1
open_2017_05_08_close_2017_05_08_flight_Fixed Wing_N550ND_before_0_189617,open_2017_05_08_close_2017_05_08_flight_Fixed Wing_N550ND_before_0_189617,675,-0.03276478044910691,1
open_2017_05_08_close_2017_05_08_flight_Fixed Wing_N550ND_before_0_189617,open_2017_05_08_close_2017_05_08_flight_Fixed Wing_N550ND_before_0_189617,676,-0.2685005065924777,1
open_2017_05_08_close_2017_05_08_flight_Fixed Wing_N550ND_before_0_189617,open_2017_05_08_close_2017_05_08_flight_Fixed Wing_N550ND_before_0_189617,677,-1.1413524508135489,1
open_2017_05_08_close_2017_05_08_flight_Fixed Wing_N550ND_before_0_189617,open_2017_05_08_close_2017_05_08_flight_Fixed Wing_N550ND_before_0_189617,678,-0.5664601299883509,1
open_2017_05_08_close_2017_05_08_flight_Fixed Wing_N550ND_before_0_189617,open_2017_05_08_close_2017_05_08_flight_Fixed Wing_N550ND_before_0_189617,679,0.5598008914464525,0
open_2017_05_08_close_2017_05_08_flight_Fixed Wing_N550ND_before_0_189617,open_2017_05_08_close_2017_05_08_flight_Fixed Wing_N550ND_before_0_189617,680,0.5420197245620213,0
open_2017_05_08_close_2017_05_08_flight_Fixed Wing_N550ND_before_0_189617,open_2017_05_08_close_2017_05_08_flight_Fixed Wing_N550ND_before_0_189617,681,0.4538488380189296,0
open_2017_05_08_close_2017_05_08_flight_Fixed Wing_N550ND_before_0_189617,open_2017_05_08_close_2017_05_08_flight_Fixed Wing_N550ND_before_0_189617,682,-0.5347682675559763,1
open_2017_05_08_close_2017_05_08_flight_Fixed Wing_N550ND_before_0_189617,open_2017_05_08_close_2017_05_08_flight_Fixed Wing_N550ND_before_0_189617,683,0.21325779948244894,0
open_2017_05_08_close_2017_05_08_flight_Fixed Wing_N550ND_before_0_189617,open_2017_05_08_close_2017_05_08_flight_Fixed Wing_N550ND_before_0_189617,684,0.038526687092435896,0
open_2017_05_08_close_2017_05_08_flight_Fixed Wing_N550ND_before_0_189617,open_2017_05_08_close_2017_05_08_flight_Fixed Wing_N550ND_before_0_189617,685,0.2987385937511997,0
open_2017_05_08_close_2017_05_08_flight_Fixed Wing_N550ND_before_0_189617,open_2017_05_08_close_2017_05_08_flight_Fixed Wing_N550ND_before_0_189617,686,0.48741147988449307,0
open_2017_05_08_close_2017_05_08_flight_Fixed Wing_N550ND_before_0_189617,open_2017_05_08_close_2017_05_08_flight_Fixed Wing_N550ND_before_0_189617,687,0.6010205447087251,0
open_2017_05_08_close_2017_05_08_flight_Fixed Wing_N550ND_before_0_189617,open_2017_05_08_close_2017_05_08_flight_Fixed Wing_N550ND_before_0_189617,688,0.30375983042418464,0
open_2017_05_08_close_2017_05_08_flight_Fixed Wing_N550ND_before_0_189617,open_2017_05_08_close_2017_05_08_flight_Fixed Wing_N550ND_before_0_189617,689,-0.5301298900914629,1
open_2017_05_08_close_2017_05_08_flight_Fixed Wing_N550ND_before_0_189617,open_2017_05_08_close_2017_05_08_flight_Fixed Wing_N550ND_before_0_189617,690,-0.1484059644031941,1
open_2017_05_08_close_2017_05_08_flight_Fixed Wing_N550ND_before_0_189617,open_2017_05_08_close_2017_05_08_flight_Fixed Wing_N550ND_before_0_189617,691,0.659094439497967,0
open_2017_05_08_close_2017_05_08_flight_Fixed Wing_N550ND_before_0_189617,open_2017_05_08_close_2017_05_08_flight_Fixed Wing_N550ND_before_0_189617,692,0.7027013070595693,0
open_2017_05_08_close_2017_05_08_flight_Fixed Wing_N550ND_before_0_189617,open_2017_05_08_close_2017_05_08_flight_Fixed Wing_N550ND_before_0_189617,693,0.8958532740217366,0
open_2017_05_08_close_2017_05_08_flight_Fixed Wing_N550ND_before_0_189617,open_2017_05_08_close_2017_05_08_flight_Fixed Wing_N550ND_before_0_189617,694,0.8054467023233718,0
open_2017_05_08_close_2017_05_08_flight_Fixed Wing_N550ND_before_0_189617,open_2017_05_08_close_2017_05_08_flight_Fixed Wing_N550ND_before_0_189617,695,0.5113834823211201,0
open_2017_05_08_close_2017_05_08_flight_Fixed Wing_N550ND_before_0_189617,open_2017_05_08_close_2017_05_08_flight_Fixed Wing_N550ND_before_0_189617,696,0.6095605951390313,0
open_2017_05_08_close_2017_05_08_flight_Fixed Wing_N550ND_before_0_189617,open_2017_05_08_close_2017_05_08_flight_Fixed Wing_N550ND_before_0_189617,697,0.5688862761483231,0
open_2017_05_08_close_2017_05_08_flight_Fixed Wing_N550ND_before_0_189617,open_2017_05_08_close_2017_05_08_flight_Fixed Wing_N550ND_before_0_189617,698,0.699118914792352,0
open_2017_05_08_close_2017_05_08_flight_Fixed Wing_N550ND_before_0_189617,open_2017_05_08_close_2017_05_08_flight_Fixed Wing_N550ND_before_0_189617,699,0.5903137613521583,0
open_2017_05_08_close_2017_05_08_flight_Fixed Wing_N550ND_before_0_189617,open_2017_05_08_close_2017_05_08_flight_Fixed Wing_N550ND_before_0_189617,700,0.8016745247460126,0
open_2017_05_08_close_2017_05_08_flight_Fixed Wing_N550ND_before_0_189617,open_2017_05_08_close_2017_05_08_flight_Fixed Wing_N550ND_before_0_189617,701,0.6874861984050351,0
open_2017_05_08_close_2017_05_08_flight_Fixed Wing_N550ND_before_0_189617,open_2017_05_08_close_2017_05_08_flight_Fixed Wing_N550ND_before_0_189617,702,0.5128919981220994,0
open_2017_05_08_close_2017_05_08_flight_Fixed Wing_N550ND_before_0_189617,open_2017_05_08_close_2017_05_08_flight_Fixed Wing_N550ND_before_0_189617,703,0.7993648260248127,0
open_2017_05_08_close_2017_05_08_flight_Fixed Wing_N550ND_before_0_189617,open_2017_05_08_close_2017_05_08_flight_Fixed Wing_N550ND_before_0_189617,704,0.8563668719527189,0
open_2017_05_08_close_2017_05_08_flight_Fixed Wing_N550ND_before_0_189617,open_2017_05_08_close_2017_05_08_flight_Fixed Wing_N550ND_before_0_189617,705,0.6868503239501831,0
open_2017_05_08_close_2017_05_08_flight_Fixed Wing_N550ND_before_0_189617,open_2017_05_08_close_2017_05_08_flight_Fixed Wing_N550ND_before_0_189617,706,0.6706812253255687,0
open_2017_05_08_close_2017_05_08_flight_Fixed Wing_N550ND_before_0_189617,open_2017_05_08_close_2017_05_08_flight_Fixed Wing_N550ND_before_0_189617,707,0.5345416483966963,0
open_2017_05_08_close_2017_05_08_flight_Fixed Wing_N550ND_before_0_189617,open_2017_05_08_close_2017_05_08_flight_Fixed Wing_N550ND_before_0_189617,708,0.7001848714624539,0
open_2017_05_08_close_2017_05_08_flight_Fixed Wing_N550ND_before_0_189617,open_2017_05_08_close_2017_05_08_flight_Fixed Wing_N550ND_before_0_189617,709,-0.8321506703145536,1
open_2017_05_08_close_2017_05_08_flight_Fixed Wing_N550ND_before_0_189617,open_2017_05_08_close_2017_05_08_flight_Fixed Wing_N550ND_before_0_189617,710,-0.45867865044454204,1
open_2017_05_08_close_2017_05_08_flight_Fixed Wing_N550ND_before_0_189617,open_2017_05_08_close_2017_05_08_flight_Fixed Wing_N550ND_before_0_189617,711,-0.627175048257756,1
open_2017_05_08_close_2017_05_08_flight_Fixed Wing_N550ND_before_0_189617,open_2017_05_08_close_2017_05_08_flight_Fixed Wing_N550ND_before_0_189617,712,0.37243444306931894,0
open_2017_05_08_close_2017_05_08_flight_Fixed Wing_N550ND_before_0_189617,open_2017_05_08_close_2017_05_08_flight_Fixed Wing_N550ND_before_0_189617,713,-0.158741144067863,1
open_2017_05_08_close_2017_05_08_flight_Fixed Wing_N550ND_before_0_189617,open_2017_05_08_close_2017_05_08_flight_Fixed Wing_N550ND_before_0_189617,714,-1.058152920930472,1
open_2017_05_08_close_2017_05_08_flight_Fixed Wing_N550ND_before_0_189617,open_2017_05_08_close_2017_05_08_flight_Fixed Wing_N550ND_before_0_189617,715,-0.24921026379966338,1
open_2017_05_08_close_2017_05_08_flight_Fixed Wing_N550ND_before_0_189617,open_2017_05_08_close_2017_05_08_flight_Fixed Wing_N550ND_before_0_189617,716,0.7021445657735386,0
open_2017_05_08_close_2017_05_08_flight_Fixed Wing_N550ND_before_0_189617,open_2017_05_08_close_2017_05_08_flight_Fixed Wing_N550ND_before_0_189617,717,0.627162407570609,0
open_2017_05_08_close_2017_05_08_flight_Fixed Wing_N550ND_before_0_189617,open_2017_05_08_close_2017_05_08_flight_Fixed Wing_N550ND_before_0_189617,718,0.6741108807452045,0
open_2017_05_08_close_2017_05_08_flight_Fixed Wing_N550ND_before_0_189617,open_2017_05_08_close_2017_05_08_flight_Fixed Wing_N550ND_before_0_189617,719,0.4221837933440542,0
open_2017_05_08_close_2017_05_08_flight_Fixed Wing_N550ND_before_0_189617,open_2017_05_08_close_2017_05_08_flight_Fixed Wing_N550ND_before_0_189617,720,0.65658397296749,0
open_2017_05_08_close_2017_05_08_flight_Fixed Wing_N550ND_before_0_189617,open_2017_05_08_close_2017_05_08_flight_Fixed Wing_N550ND_before_0_189617,721,0.6778851570098059,0
open_2017_05_08_close_2017_05_08_flight_Fixed Wing_N550ND_before_0_189617,open_2017_05_08_close_2017_05_08_flight_Fixed Wing_N550ND_before_0_189617,722,0.5702607697837203,0
open_2017_05_08_close_2017_05_08_flight_Fixed Wing_N550ND_before_0_189617,open_2017_05_08_close_2017_05_08_flight_Fixed Wing_N550ND_before_0_189617,723,0.6593013735347333,0
open_2017_05_08_close_2017_05_08_flight_Fixed Wing_N550ND_before_0_189617,open_2017_05_08_close_2017_05_08_flight_Fixed Wing_N550ND_before_0_189617,724,0.4396125369289161,0
open_2017_05_08_close_2017_05_08_flight_Fixed Wing_N550ND_before_0_189617,open_2017_05_08_close_2017_05_08_flight_Fixed Wing_N550ND_before_0_189617,725,0.6833207180055005,0
open_2017_05_08_close_2017_05_08_flight_Fixed Wing_N550ND_before_0_189617,open_2017_05_08_close_2017_05_08_flight_Fixed Wing_N550ND_before_0_189617,726,0.6742673923063274,0
open_2017_05_08_close_2017_05_08_flight_Fixed Wing_N550ND_before_0_189617,open_2017_05_08_close_2017_05_08_flight_Fixed Wing_N550ND_before_0_189617,727,0.5600092842121562,0
open_2017_05_08_close_2017_05_08_flight_Fixed Wing_N550ND_before_0_189617,open_2017_05_08_close_2017_05_08_flight_Fixed Wing_N550ND_before_0_189617,728,0.4467488540054181,0
open_2017_05_08_close_2017_05_08_flight_Fixed Wing_N550ND_before_0_189617,open_2017_05_08_close_2017_05_08_flight_Fixed Wing_N550ND_before_0_189617,729,0.4384301054296804,0
open_2017_05_08_close_2017_05_08_flight_Fixed Wing_N550ND_before_0_189617,open_2017_05_08_close_2017_05_08_flight_Fixed Wing_N550ND_before_0_189617,730,0.5274961866514598,0
open_2017_05_08_close_2017_05_08_flight_Fixed Wing_N550ND_before_0_189617,open_2017_05_08_close_2017_05_08_flight_Fixed Wing_N550ND_before_0_189617,731,0.38758907281748156,0
open_2017_05_08_close_2017_05_08_flight_Fixed Wing_N550ND_before_0_189617,open_2017_05_08_close_2017_05_08_flight_Fixed Wing_N550ND_before_0_189617,732,-0.032010628042950406,1
open_2017_05_08_close_2017_05_08_flight_Fixed Wing_N550ND_before_0_189617,open_2017_05_08_close_2017_05_08_flight_Fixed Wing_N550ND_before_0_189617,733,0.6821925247829679,0
open_2017_05_08_close_2017_05_08_flight_Fixed Wing_N550ND_before_0_189617,open_2017_05_08_close_2017_05_08_flight_Fixed Wing_N550ND_before_0_189617,734,0.6350709568138826,0
open_2017_05_08_close_2017_05_08_flight_Fixed Wing_N550ND_before_0_189617,open_2017_05_08_close_2017_05_08_flight_Fixed Wing_N550ND_before_0_189617,735,0.9176645608226792,0
open_2017_05_08_close_2017_05_08_flight_Fixed Wing_N550ND_before_0_189617,open_2017_05_08_close_2017_05_08_flight_Fixed Wing_N550ND_before_0_189617,736,0.8292669238900214,0
open_2017_05_08_close_2017_05_08_flight_Fixed Wing_N550ND_before_0_189617,open_2017_05_08_close_2017_05_08_flight_Fixed Wing_N550ND_before_0_189617,737,0.5814295540396361,0
open_2017_05_08_close_2017_05_08_flight_Fixed Wing_N550ND_before_0_189617,open_2017_05_08_close_2017_05_08_flight_Fixed Wing_N550ND_before_0_189617,738,0.05429742966317086,0
open_2017_05_08_close_2017_05_08_flight_Fixed Wing_N550ND_before_0_189617,open_2017_05_08_close_2017_05_08_flight_Fixed Wing_N550ND_before_0_189617,739,0.8233462152678097,0
open_2017_05_08_close_2017_05_08_flight_Fixed Wing_N550ND_before_0_189617,open_2017_05_08_close_2017_05_08_flight_Fixed Wing_N550ND_before_0_189617,740,0.5469134992504034,0
open_2017_05_08_close_2017_05_08_flight_Fixed Wing_N550ND_before_0_189617,open_2017_05_08_close_2017_05_08_flight_Fixed Wing_N550ND_before_0_189617,741,0.9718718096878249,0
open_2017_05_08_close_2017_05_08_flight_Fixed Wing_N550ND_before_0_189617,open_2017_05_08_close_2017_05_08_flight_Fixed Wing_N550ND_before_0_189617,742,0.7054845397032361,0
open_2017_05_08_close_2017_05_08_flight_Fixed Wing_N550ND_before_0_189617,open_2017_05_08_close_2017_05_08_flight_Fixed Wing_N550ND_before_0_189617,743,0.28679650592268624,0
open_2017_05_08_close_2017_05_08_flight_Fixed Wing_N550ND_before_0_189617,open_2017_05_08_close_2017_05_08_flight_Fixed Wing_N550ND_before_0_189617,744,-0.3142783363397216,1
open_2017_05_08_close_2017_05_08_flight_Fixed Wing_N550ND_before_0_189617,open_2017_05_08_close_2017_05_08_flight_Fixed Wing_N550ND_before_0_189617,745,0.387784820139653,0
open_2017_05_08_close_2017_05_08_flight_Fixed Wing_N550ND_before_0_189617,open_2017_05_08_close_2017_05_08_flight_Fixed Wing_N550ND_before_0_189617,746,0.7093332869869204,0
open_2017_05_08_close_2017_05_08_flight_Fixed Wing_N550ND_before_0_189617,open_2017_05_08_close_2017_05_08_flight_Fixed Wing_N550ND_before_0_189617,747,-0.9770085508042782,1
open_2017_05_08_close_2017_05_08_flight_Fixed Wing_N550ND_before_0_189617,open_2017_05_08_close_2017_05_08_flight_Fixed Wing_N550ND_before_0_189617,748,0.8101949639816732,0
open_2017_05_08_close_2017_05_08_flight_Fixed Wing_N550ND_before_0_189617,open_2017_05_08_close_2017_05_08_flight_Fixed Wing_N550ND_before_0_189617,749,0.9105259429966011,0
open_2017_05_08_close_2017_05_08_flight_Fixed Wing_N550ND_before_0_189617,open_2017_05_08_close_2017_05_08_flight_Fixed Wing_N550ND_before_0_189617,750,0.21398069204466763,0
open_2017_05_08_close_2017_05_08_flight_Fixed Wing_N550ND_before_0_189617,open_2017_05_08_close_2017_05_08_flight_Fixed Wing_N550ND_before_0_189617,751,0.817922282079028,0
open_2017_05_08_close_2017_05_08_flight_Fixed Wing_N550ND_before_0_189617,open_2017_05_08_close_2017_05_08_flight_Fixed Wing_N550ND_before_0_189617,752,-0.32907752707080606,1
open_2017_05_08_close_2017_05_08_flight_Fixed Wing_N550ND_before_0_189617,open_2017_05_08_close_2017_05_08_flight_Fixed Wing_N550ND_before_0_189617,753,0.18327463342091455,0
open_2017_05_08_close_2017_05_08_flight_Fixed Wing_N550ND_before_0_189617,open_2017_05_08_close_2017_05_08_flight_Fixed Wing_N550ND_before_0_189617,754,0.8028313237414113,0
open_2017_05_08_close_2017_05_08_flight_Fixed Wing_N550ND_before_0_189617,open_2017_05_08_close_2017_05_08_flight_Fixed Wing_N550ND_before_0_189617,755,0.15750312144411716,0
open_2017_05_08_close_2017_05_08_flight_Fixed Wing_N550ND_before_0_189617,open_2017_05_08_close_2017_05_08_flight_Fixed Wing_N550ND_before_0_189617,756,0.8380012971025788,0
open_2017_05_08_close_2017_05_08_flight_Fixed Wing_N550ND_before_0_189617,open_2017_05_08_close_2017_05_08_flight_Fixed Wing_N550ND_before_0_189617,757,0.14904165257342328,0
open_2017_05_08_close_2017_05_08_flight_Fixed Wing_N550ND_before_0_189617,open_2017_05_08_close_2017_05_08_flight_Fixed Wing_N550ND_before_0_189617,758,0.7115904058822002,0
open_2017_05_08_close_2017_05_08_flight_Fixed Wing_N550ND_before_0_189617,open_2017_05_08_close_2017_05_08_flight_Fixed Wing_N550ND_before_0_189617,759,0.6884700784944304,0
open_2017_05_08_close_2017_05_08_flight_Fixed Wing_N550ND_before_0_189617,open_2017_05_08_close_2017_05_08_flight_Fixed Wing_N550ND_before_0_189617,760,-0.3365406590430797,1
open_2017_05_08_close_2017_05_08_flight_Fixed Wing_N550ND_before_0_189617,open_2017_05_08_close_2017_05_08_flight_Fixed Wing_N550ND_before_0_189617,761,-0.5983265852790932,1
open_2017_05_08_close_2017_05_08_flight_Fixed Wing_N550ND_before_0_189617,open_2017_05_08_close_2017_05_08_flight_Fixed Wing_N550ND_before_0_189617,762,0.5287381638933564,0
open_2017_05_08_close_2017_05_08_flight_Fixed Wing_N550ND_before_0_189617,open_2017_05_08_close_2017_05_08_flight_Fixed Wing_N550ND_before_0_189617,763,0.7548548690989909,0
open_2017_05_08_close_2017_05_08_flight_Fixed Wing_N550ND_before_0_189617,open_2017_05_08_close_2017_05_08_flight_Fixed Wing_N550ND_before_0_189617,764,0.6149580774789942,0
open_2017_05_08_close_2017_05_08_flight_Fixed Wing_N550ND_before_0_189617,open_2017_05_08_close_2017_05_08_flight_Fixed Wing_N550ND_before_0_189617,765,0.3264114726264422,0
open_2017_05_08_close_2017_05_08_flight_Fixed Wing_N550ND_before_0_189617,open_2017_05_08_close_2017_05_08_flight_Fixed Wing_N550ND_before_0_189617,766,0.4866692403332362,0
open_2017_05_08_close_2017_05_08_flight_Fixed Wing_N550ND_before_0_189617,open_2017_05_08_close_2017_05_08_flight_Fixed Wing_N550ND_before_0_189617,767,0.8459944759386087,0
open_2017_05_08_close_2017_05_08_flight_Fixed Wing_N550ND_before_0_189617,open_2017_05_08_close_2017_05_08_flight_Fixed Wing_N550ND_before_0_189617,768,0.5194909813647648,0
open_2017_05_08_close_2017_05_08_flight_Fixed Wing_N550ND_before_0_189617,open_2017_05_08_close_2017_05_08_flight_Fixed Wing_N550ND_before_0_189617,769,1.0030055213227285,0
open_2017_05_08_close_2017_05_08_flight_Fixed Wing_N550ND_before_0_189617,open_2017_05_08_close_2017_05_08_flight_Fixed Wing_N550ND_before_0_189617,770,0.9804027425215911,0
open_2017_05_08_close_2017_05_08_flight_Fixed Wing_N550ND_before_0_189617,open_2017_05_08_close_2017_05_08_flight_Fixed Wing_N550ND_before_0_189617,771,-1.1257649878952372,1
open_2017_05_08_close_2017_05_08_flight_Fixed Wing_N550ND_before_0_189617,open_2017_05_08_close_2017_05_08_flight_Fixed Wing_N550ND_before_0_189617,772,-0.9809773333609062,1
open_2017_05_08_close_2017_05_08_flight_Fixed Wing_N550ND_before_0_189617,open_2017_05_08_close_2017_05_08_flight_Fixed Wing_N550ND_before_0_189617,773,-1.2333267502122447,1
open_2017_05_08_close_2017_05_08_flight_Fixed Wing_N550ND_before_0_189617,open_2017_05_08_close_2017_05_08_flight_Fixed Wing_N550ND_before_0_189617,774,-0.7452784845592685,1
open_2017_05_08_close_2017_05_08_flight_Fixed Wing_N550ND_before_0_189617,open_2017_05_08_close_2017_05_08_flight_Fixed Wing_N550ND_before_0_189617,775,-1.2879427107584351,1
open_2017_05_08_close_2017_05_08_flight_Fixed Wing_N550ND_before_0_189617,open_2017_05_08_close_2017_05_08_flight_Fixed Wing_N550ND_before_0_189617,776,-1.049719358127508,1
open_2017_05_08_close_2017_05_08_flight_Fixed Wing_N550ND_before_0_189617,open_2017_05_08_close_2017_05_08_flight_Fixed Wing_N550ND_before_0_189617,777,-0.3630165720130005,1
open_2017_05_08_close_2017_05_08_flight_Fixed Wing_N550ND_before_0_189617,open_2017_05_08_close_2017_05_08_flight_Fixed Wing_N550ND_before_0_189617,778,0.5972089378798415,0
open_2017_05_08_close_2017_05_08_flight_Fixed Wing_N550ND_before_0_189617,open_2017_05_08_close_2017_05_08_flight_Fixed Wing_N550ND_before_0_189617,779,0.5359190632875397,0
open_2017_05_08_close_2017_05_08_flight_Fixed Wing_N550ND_before_0_189617,open_2017_05_08_close_2017_05_08_flight_Fixed Wing_N550ND_before_0_189617,780,-1.1956802848151145,1
open_2017_05_08_close_2017_05_08_flight_Fixed Wing_N550ND_before_0_189617,open_2017_05_08_close_2017_05_08_flight_Fixed Wing_N550ND_before_0_189617,781,0.048758129713651455,0
open_2017_05_08_close_2017_05_08_flight_Fixed Wing_N550ND_before_0_189617,open_2017_05_08_close_2017_05_08_flight_Fixed Wing_N550ND_before_0_189617,782,0.9744675719661253,0
open_2017_05_08_close_2017_05_08_flight_Fixed Wing_N550ND_before_0_189617,open_2017_05_08_close_2017_05_08_flight_Fixed Wing_N550ND_before_0_189617,783,0.5794844776503332,0
open_2017_05_08_close_2017_05_08_flight_Fixed Wing_N550ND_before_0_189617,open_2017_05_08_close_2017_05_08_flight_Fixed Wing_N550ND_before_0_189617,784,0.5870611630465596,0
open_2017_05_08_close_2017_05_08_flight_Fixed Wing_N550ND_before_0_189617,open_2017_05_08_close_2017_05_08_flight_Fixed Wing_N550ND_before_0_189617,785,0.4796782449709207,0
open_2017_05_08_close_2017_05_08_flight_Fixed Wing_N550ND_before_0_189617,open_2017_05_08_close_2017_05_08_flight_Fixed Wing_N550ND_before_0_189617,786,0.29991523594661706,0
open_2017_05_08_close_2017_05_08_flight_Fixed Wing_N550ND_before_0_189617,open_2017_05_08_close_2017_05_08_flight_Fixed Wing_N550ND_before_0_189617,787,-0.35257503710643057,1
open_2017_05_08_close_2017_05_08_flight_Fixed Wing_N550ND_before_0_189617,open_2017_05_08_close_2017_05_08_flight_Fixed Wing_N550ND_before_0_189617,788,-0.009849651455992259,1
open_2017_05_08_close_2017_05_08_flight_Fixed Wing_N550ND_before_0_189617,open_2017_05_08_close_2017_05_08_flight_Fixed Wing_N550ND_before_0_189617,789,0.3376621153985857,0
open_2017_05_08_close_2017_05_08_flight_Fixed Wing_N550ND_before_0_189617,open_2017_05_08_close_2017_05_08_flight_Fixed Wing_N550ND_before_0_189617,790,-1.1454162087927435,1
open_2017_05_08_close_2017_05_08_flight_Fixed Wing_N550ND_before_0_189617,open_2017_05_08_close_2017_05_08_flight_Fixed Wing_N550ND_before_0_189617,791,0.7975771718545586,0
open_2017_05_08_close_2017_05_08_flight_Fixed Wing_N550ND_before_0_189617,open_2017_05_08_close_2017_05_08_flight_Fixed Wing_N550ND_before_0_189617,792,0.030063380225938907,0
open_2017_05_08_close_2017_05_08_flight_Fixed Wing_N550ND_before_0_189617,open_2017_05_08_close_2017_05_08_flight_Fixed Wing_N550ND_before_0_189617,793,-1.2018664392115768,1
open_2017_05_08_close_2017_05_08_flight_Fixed Wing_N550ND_before_0_189617,open_2017_05_08_close_2017_05_08_flight_Fixed Wing_N550ND_before_0_189617,794,-0.10078251776745395,1
open_2017_05_08_close_2017_05_08_flight_Fixed Wing_N550ND_before_0_189617,open_2017_05_08_close_2017_05_08_flight_Fixed Wing_N550ND_before_0_189617,795,-0.062068983756502494,1
open_2017_05_08_close_2017_05_08_flight_Fixed Wing_N550ND_before_0_189617,open_2017_05_08_close_2017_05_08_flight_Fixed Wing_N550ND_before_0_189617,796,0.40840853108569863,0
open_2017_05_08_close_2017_05_08_flight_Fixed Wing_N550ND_before_0_189617,open_2017_05_08_close_2017_05_08_flight_Fixed Wing_N550ND_before_0_189617,797,0.7151804727895006,0
open_2017_05_08_close_2017_05_08_flight_Fixed Wing_N550ND_before_0_189617,open_2017_05_08_close_2017_05_08_flight_Fixed Wing_N550ND_before_0_189617,798,0.9533836482934532,0
open_2017_05_08_close_2017_05_08_flight_Fixed Wing_N550ND_before_0_189617,open_2017_05_08_close_2017_05_08_flight_Fixed Wing_N550ND_before_0_189617,799,0.6629297966790983,0
open_2017_05_08_close_2017_05_08_flight_Fixed Wing_N550ND_before_0_189617,open_2017_05_08_close_2017_05_08_flight_Fixed Wing_N550ND_before_0_189617,800,-0.8113275139284466,1
open_2017_05_08_close_2017_05_08_flight_Fixed Wing_N550ND_before_0_189617,open_2017_05_08_close_2017_05_08_flight_Fixed Wing_N550ND_before_0_189617,801,-0.6715366170728643,1
open_2017_05_08_close_2017_05_08_flight_Fixed Wing_N550ND_before_0_189617,open_2017_05_08_close_2017_05_08_flight_Fixed Wing_N550ND_before_0_189617,802,-0.07922301083432615,1
open_2017_05_08_close_2017_05_08_flight_Fixed Wing_N550ND_before_0_189617,open_2017_05_08_close_2017_05_08_flight_Fixed Wing_N550ND_before_0_189617,803,-0.9792168905726724,1
open_2017_05_08_close_2017_05_08_flight_Fixed Wing_N550ND_before_0_189617,open_2017_05_08_close_2017_05_08_flight_Fixed Wing_N550ND_before_0_189617,804,0.2950204578542681,0
open_2017_05_08_close_2017_05_08_flight_Fixed Wing_N550ND_before_0_189617,open_2017_05_08_close_2017_05_08_flight_Fixed Wing_N550ND_before_0_189617,805,0.7120302494054751,0
open_2017_05_08_close_2017_05_08_flight_Fixed Wing_N550ND_before_0_189617,open_2017_05_08_close_2017_05_08_flight_Fixed Wing_N550ND_before_0_189617,806,-0.2408534279122574,1
open_2017_05_08_close_2017_05_08_flight_Fixed Wing_N550ND_before_0_189617,open_2017_05_08_close_2017_05_08_flight_Fixed Wing_N550ND_before_0_189617,807,0.7251785808603142,0
open_2017_05_08_close_2017_05_08_flight_Fixed Wing_N550ND_before_0_189617,open_2017_05_08_close_2017_05_08_flight_Fixed Wing_N550ND_before_0_189617,808,-0.23027918167578298,1
open_2017_05_08_close_2017_05_08_flight_Fixed Wing_N550ND_before_0_189617,open_2017_05_08_close_2017_05_08_flight_Fixed Wing_N550ND_before_0_189617,809,-0.06980130852811328,1
open_2017_05_08_close_2017_05_08_flight_Fixed Wing_N550ND_before_0_189617,open_2017_05_08_close_2017_05_08_flight_Fixed Wing_N550ND_before_0_189617,810,0.642168441834813,0
open_2017_05_08_close_2017_05_08_flight_Fixed Wing_N550ND_before_0_189617,open_2017_05_08_close_2017_05_08_flight_Fixed Wing_N550ND_before_0_189617,811,0.9001036644074745,0
open_2017_05_08_close_2017_05_08_flight_Fixed Wing_N550ND_before_0_189617,open_2017_05_08_close_2017_05_08_flight_Fixed Wing_N550ND_before_0_189617,812,0.7325428097171165,0
open_2017_05_08_close_2017_05_08_flight_Fixed Wing_N550ND_before_0_189617,open_2017_05_08_close_2017_05_08_flight_Fixed Wing_N550ND_before_0_189617,813,0.40281661749915254,0
open_2017_05_08_close_2017_05_08_flight_Fixed Wing_N550ND_before_0_189617,open_2017_05_08_close_2017_05_08_flight_Fixed Wing_N550ND_before_0_189617,814,-0.659380580015752,1
open_2017_05_08_close_2017_05_08_flight_Fixed Wing_N550ND_before_0_189617,open_2017_05_08_close_2017_05_08_flight_Fixed Wing_N550ND_before_0_189617,815,0.9622109322080439,0
open_2017_05_08_close_2017_05_08_flight_Fixed Wing_N550ND_before_0_189617,open_2017_05_08_close_2017_05_08_flight_Fixed Wing_N550ND_before_0_189617,816,0.8110003574852791,0
open_2017_05_08_close_2017_05_08_flight_Fixed Wing_N550ND_before_0_189617,open_2017_05_08_close_2017_05_08_flight_Fixed Wing_N550ND_before_0_189617,817,-0.0654933632707071,1
open_2017_05_08_close_2017_05_08_flight_Fixed Wing_N550ND_before_0_189617,open_2017_05_08_close_2017_05_08_flight_Fixed Wing_N550ND_before_0_189617,818,-0.4492563760208388,1
open_2017_05_08_close_2017_05_08_flight_Fixed Wing_N550ND_before_0_189617,open_2017_05_08_close_2017_05_08_flight_Fixed Wing_N550ND_before_0_189617,819,0.6940422485875675,0
open_2017_05_08_close_2017_05_08_flight_Fixed Wing_N550ND_before_0_189617,open_2017_05_08_close_2017_05_08_flight_Fixed Wing_N550ND_before_0_189617,820,-0.30223496730288757,1
open_2017_05_08_close_2017_05_08_flight_Fixed Wing_N550ND_before_0_189617,open_2017_05_08_close_2017_05_08_flight_Fixed Wing_N550ND_before_0_189617,821,-0.17678783143836307,1
open_2017_05_08_close_2017_05_08_flight_Fixed Wing_N550ND_before_0_189617,open_2017_05_08_close_2017_05_08_flight_Fixed Wing_N550ND_before_0_189617,822,-1.282701727487452,1
open_2017_05_08_close_2017_05_08_flight_Fixed Wing_N550ND_before_0_189617,open_2017_05_08_close_2017_05_08_flight_Fixed Wing_N550ND_before_0_189617,823,-1.1193052999073505,1
open_2017_05_08_close_2017_05_08_flight_Fixed Wing_N550ND_before_0_189617,open_2017_05_08_close_2017_05_08_flight_Fixed Wing_N550ND_before_0_189617,824,-0.5597694213540093,1
open_2017_05_08_close_2017_05_08_flight_Fixed Wing_N550ND_before_0_189617,open_2017_05_08_close_2017_05_08_flight_Fixed Wing_N550ND_before_0_189617,825,-1.2879427122734237,1
open_2017_05_08_close_2017_05_08_flight_Fixed Wing_N550ND_before_0_189617,open_2017_05_08_close_2017_05_08_flight_Fixed Wing_N550ND_before_0_189617,826,-0.8899390465374328,1
open_2017_05_08_close_2017_05_08_flight_Fixed Wing_N550ND_before_0_189617,open_2017_05_08_close_2017_05_08_flight_Fixed Wing_N550ND_before_0_189617,827,-0.6200331880436935,1
open_2017_05_08_close_2017_05_08_flight_Fixed Wing_N550ND_before_0_189617,open_2017_05_08_close_2017_05_08_flight_Fixed Wing_N550ND_before_0_189617,828,-1.1041201108244676,1
open_2017_05_08_close_2017_05_08_flight_Fixed Wing_N550ND_before_0_189617,open_2017_05_08_close_2017_05_08_flight_Fixed Wing_N550ND_before_0_189617,829,0.5799538712137275,0
open_2017_05_08_close_2017_05_08_flight_Fixed Wing_N550ND_before_0_189617,open_2017_05_08_close_2017_05_08_flight_Fixed Wing_N550ND_before_0_189617,830,0.7264681146291134,0
open_2017_05_08_close_2017_05_08_flight_Fixed Wing_N550ND_before_0_189617,open_2017_05_08_close_2017_05_08_flight_Fixed Wing_N550ND_before_0_189617,831,0.8453673775541519,0
open_2017_05_08_close_2017_05_08_flight_Fixed Wing_N550ND_before_0_189617,open_2017_05_08_close_2017_05_08_flight_Fixed Wing_N550ND_before_0_189617,832,0.09407901378215588,0
open_2017_05_08_close_2017_05_08_flight_Fixed Wing_N550ND_before_0_189617,open_2017_05_08_close_2017_05_08_flight_Fixed Wing_N550ND_before_0_189617,833,0.69090245327933,0
open_2017_05_08_close_2017_05_08_flight_Fixed Wing_N550ND_before_0_189617,open_2017_05_08_close_2017_05_08_flight_Fixed Wing_N550ND_before_0_189617,834,-0.23805728256259595,1
open_2017_05_08_close_2017_05_08_flight_Fixed Wing_N550ND_before_0_189617,open_2017_05_08_close_2017_05_08_flight_Fixed Wing_N550ND_before_0_189617,835,0.4538245212815353,0
open_2017_05_08_close_2017_05_08_flight_Fixed Wing_N550ND_before_0_189617,open_2017_05_08_close_2017_05_08_flight_Fixed Wing_N550ND_before_0_189617,836,0.815136650301814,0
open_2017_05_08_close_2017_05_08_flight_Fixed Wing_N550ND_before_0_189617,open_2017_05_08_close_2017_05_08_flight_Fixed Wing_N550ND_before_0_189617,837,0.4610391189738703,0
open_2017_05_08_close_2017_05_08_flight_Fixed Wing_N550ND_before_0_189617,open_2017_05_08_close_2017_05_08_flight_Fixed Wing_N550ND_before_0_189617,838,0.64424061185326,0
open_2017_05_08_close_2017_05_08_flight_Fixed Wing_N550ND_before_0_189617,open_2017_05_08_close_2017_05_08_flight_Fixed Wing_N550ND_before_0_189617,839,0.8360394850347634,0
open_2017_05_08_close_2017_05_08_flight_Fixed Wing_N550ND_before_0_189617,open_2017_05_08_close_2017_05_08_flight_Fixed Wing_N550ND_before_0_189617,840,0.5154892759284602,0
open_2017_05_08_close_2017_05_08_flight_Fixed Wing_N550ND_before_0_189617,open_2017_05_08_close_2017_05_08_flight_Fixed Wing_N550ND_before_0_189617,841,0.14004589235294307,0
open_2017_05_08_close_2017_05_08_flight_Fixed Wing_N550ND_before_0_189617,open_2017_05_08_close_2017_05_08_flight_Fixed Wing_N550ND_before_0_189617,842,-0.30992345318281345,1
open_2017_05_08_close_2017_05_08_flight_Fixed Wing_N550ND_before_0_189617,open_2017_05_08_close_2017_05_08_flight_Fixed Wing_N550ND_before_0_189617,843,0.3239640338357934,0
open_2017_05_08_close_2017_05_08_flight_Fixed Wing_N550ND_before_0_189617,open_2017_05_08_close_2017_05_08_flight_Fixed Wing_N550ND_before_0_189617,844,0.41568360929272474,0
open_2017_05_08_close_2017_05_08_flight_Fixed Wing_N550ND_before_0_189617,open_2017_05_08_close_2017_05_08_flight_Fixed Wing_N550ND_before_0_189617,845,1.0312448575144955,0
open_2017_05_08_close_2017_05_08_flight_Fixed Wing_N550ND_before_0_189617,open_2017_05_08_close_2017_05_08_flight_Fixed Wing_N550ND_before_0_189617,846,0.7642677548711845,0
open_2017_05_08_close_2017_05_08_flight_Fixed Wing_N550ND_before_0_189617,open_2017_05_08_close_2017_05_08_flight_Fixed Wing_N550ND_before_0_189617,847,0.7204125997526654,0
open_2017_05_08_close_2017_05_08_flight_Fixed Wing_N550ND_before_0_189617,open_2017_05_08_close_2017_05_08_flight_Fixed Wing_N550ND_before_0_189617,848,0.6817525891130596,0
open_2017_05_08_close_2017_05_08_flight_Fixed Wing_N550ND_before_0_189617,open_2017_05_08_close_2017_05_08_flight_Fixed Wing_N550ND_before_0_189617,849,0.6852482249885796,0
open_2017_05_08_close_2017_05_08_flight_Fixed Wing_N550ND_before_0_189617,open_2017_05_08_close_2017_05_08_flight_Fixed Wing_N550ND_before_0_189617,850,0.783491686827523,0
open_2017_05_08_close_2017_05_08_flight_Fixed Wing_N550ND_before_0_189617,open_2017_05_08_close_2017_05_08_flight_Fixed Wing_N550ND_before_0_189617,851,0.8381846210564365,0
open_2017_05_08_close_2017_05_08_flight_Fixed Wing_N550ND_before_0_189617,open_2017_05_08_close_2017_05_08_flight_Fixed Wing_N550ND_before_0_189617,852,0.3722267158006538,0
open_2017_05_08_close_2017_05_08_flight_Fixed Wing_N550ND_before_0_189617,open_2017_05_08_close_2017_05_08_flight_Fixed Wing_N550ND_before_0_189617,853,0.4926777072847681,0
open_2017_05_08_close_2017_05_08_flight_Fixed Wing_N550ND_before_0_189617,open_2017_05_08_close_2017_05_08_flight_Fixed Wing_N550ND_before_0_189617,854,0.594773158726694,0
open_2017_05_08_close_2017_05_08_flight_Fixed Wing_N550ND_before_0_189617,open_2017_05_08_close_2017_05_08_flight_Fixed Wing_N550ND_before_0_189617,855,0.6968264302469693,0
open_2017_05_08_close_2017_05_08_flight_Fixed Wing_N550ND_before_0_189617,open_2017_05_08_close_2017_05_08_flight_Fixed Wing_N550ND_before_0_189617,856,0.8474512307768305,0
open_2017_05_08_close_2017_05_08_flight_Fixed Wing_N550ND_before_0_189617,open_2017_05_08_close_2017_05_08_flight_Fixed Wing_N550ND_before_0_189617,857,-0.6756445995262426,1
open_2017_05_08_close_2017_05_08_flight_Fixed Wing_N550ND_before_0_189617,open_2017_05_08_close_2017_05_08_flight_Fixed Wing_N550ND_before_0_189617,858,-0.795165211302854,1
open_2017_05_08_close_2017_05_08_flight_Fixed Wing_N550ND_before_0_189617,open_2017_05_08_close_2017_05_08_flight_Fixed Wing_N550ND_before_0_189617,859,-0.29057945521323325,1
open_2017_05_08_close_2017_05_08_flight_Fixed Wing_N550ND_before_0_189617,open_2017_05_08_close_2017_05_08_flight_Fixed Wing_N550ND_before_0_189617,860,0.32475143623956804,0
open_2017_05_08_close_2017_05_08_flight_Fixed Wing_N550ND_before_0_189617,open_2017_05_08_close_2017_05_08_flight_Fixed Wing_N550ND_before_0_189617,861,-0.4313131573279363,1
open_2017_05_08_close_2017_05_08_flight_Fixed Wing_N550ND_before_0_189617,open_2017_05_08_close_2017_05_08_flight_Fixed Wing_N550ND_before_0_189617,862,0.715929244616043,0
open_2017_05_08_close_2017_05_08_flight_Fixed Wing_N550ND_before_0_189617,open_2017_05_08_close_2017_05_08_flight_Fixed Wing_N550ND_before_0_189617,863,0.6834569486464563,0
open_2017_05_08_close_2017_05_08_flight_Fixed Wing_N550ND_before_0_189617,open_2017_05_08_close_2017_05_08_flight_Fixed Wing_N550ND_before_0_189617,864,0.7411876289117569,0
open_2017_05_08_close_2017_05_08_flight_Fixed Wing_N550ND_before_0_189617,open_2017_05_08_close_2017_05_08_flight_Fixed Wing_N550ND_before_0_189617,865,0.7416557310541636,0
open_2017_05_08_close_2017_05_08_flight_Fixed Wing_N550ND_before_0_189617,open_2017_05_08_close_2017_05_08_flight_Fixed Wing_N550ND_before_0_189617,866,0.7701967378227463,0
open_2017_05_08_close_2017_05_08_flight_Fixed Wing_N550ND_before_0_189617,open_2017_05_08_close_2017_05_08_flight_Fixed Wing_N550ND_before_0_189617,867,-0.007055123658874285,1
open_2017_05_08_close_2017_05_08_flight_Fixed Wing_N550ND_before_0_189617,open_2017_05_08_close_2017_05_08_flight_Fixed Wing_N550ND_before_0_189617,868,0.46741451541470447,0
open_2017_05_08_close_2017_05_08_flight_Fixed Wing_N550ND_before_0_189617,open_2017_05_08_close_2017_05_08_flight_Fixed Wing_N550ND_before_0_189617,869,0.4431377783825037,0
open_2017_05_08_close_2017_05_08_flight_Fixed Wing_N550ND_before_0_189617,open_2017_05_08_close_2017_05_08_flight_Fixed Wing_N550ND_before_0_189617,870,0.6450140247224088,0
open_2017_05_08_close_2017_05_08_flight_Fixed Wing_N550ND_before_0_189617,open_2017_05_08_close_2017_05_08_flight_Fixed Wing_N550ND_before_0_189617,871,1.0743276576185883,0
open_2017_05_08_close_2017_05_08_flight_Fixed Wing_N550ND_before_0_189617,open_2017_05_08_close_2017_05_08_flight_Fixed Wing_N550ND_before_0_189617,872,1.0193516970929144,0
open_2017_05_08_close_2017_05_08_flight_Fixed Wing_N550ND_before_0_189617,open_2017_05_08_close_2017_05_08_flight_Fixed Wing_N550ND_before_0_189617,873,0.7128722559978953,0
open_2017_05_08_close_2017_05_08_flight_Fixed Wing_N550ND_before_0_189617,open_2017_05_08_close_2017_05_08_flight_Fixed Wing_N550ND_before_0_189617,874,0.6700583402560825,0
open_2017_05_08_close_2017_05_08_flight_Fixed Wing_N550ND_before_0_189617,open_2017_05_08_close_2017_05_08_flight_Fixed Wing_N550ND_before_0_189617,875,0.707680352874942,0
open_2017_05_08_close_2017_05_08_flight_Fixed Wing_N550ND_before_0_189617,open_2017_05_08_close_2017_05_08_flight_Fixed Wing_N550ND_before_0_189617,876,0.4440862233519496,0
open_2017_05_08_close_2017_05_08_flight_Fixed Wing_N550ND_before_0_189617,open_2017_05_08_close_2017_05_08_flight_Fixed Wing_N550ND_before_0_189617,877,0.772631255152735,0
open_2017_05_08_close_2017_05_08_flight_Fixed Wing_N550ND_before_0_189617,open_2017_05_08_close_2017_05_08_flight_Fixed Wing_N550ND_before_0_189617,878,0.9591070988013608,0
open_2017_05_08_close_2017_05_08_flight_Fixed Wing_N550ND_before_0_189617,open_2017_05_08_close_2017_05_08_flight_Fixed Wing_N550ND_before_0_189617,879,0.6830312634894717,0
open_2017_05_08_close_2017_05_08_flight_Fixed Wing_N550ND_before_0_189617,open_2017_05_08_close_2017_05_08_flight_Fixed Wing_N550ND_before_0_189617,880,0.5130954467958808,0
open_2017_05_08_close_2017_05_08_flight_Fixed Wing_N550ND_before_0_189617,open_2017_05_08_close_2017_05_08_flight_Fixed Wing_N550ND_before_0_189617,881,0.5743756191120852,0
open_2017_05_08_close_2017_05_08_flight_Fixed Wing_N550ND_before_0_189617,open_2017_05_08_close_2017_05_08_flight_Fixed Wing_N550ND_before_0_189617,882,0.5762807902432834,0
open_2017_05_08_close_2017_05_08_flight_Fixed Wing_N550ND_before_0_189617,open_2017_05_08_close_2017_05_08_flight_Fixed Wing_N550ND_before_0_189617,883,-1.1133410789088911,1
open_2017_05_08_close_2017_05_08_flight_Fixed Wing_N550ND_before_0_189617,open_2017_05_08_close_2017_05_08_flight_Fixed Wing_N550ND_before_0_189617,884,-0.13655620535046786,1
open_2017_05_08_close_2017_05_08_flight_Fixed Wing_N550ND_before_0_189617,open_2017_05_08_close_2017_05_08_flight_Fixed Wing_N550ND_before_0_189617,885,0.868631378953955,0
open_2017_05_08_close_2017_05_08_flight_Fixed Wing_N550ND_before_0_189617,open_2017_05_08_close_2017_05_08_flight_Fixed Wing_N550ND_before_0_189617,886,0.37279849146283284,0
open_2017_05_08_close_2017_05_08_flight_Fixed Wing_N550ND_before_0_189617,open_2017_05_08_close_2017_05_08_flight_Fixed Wing_N550ND_before_0_189617,887,0.6518184923632326,0
open_2017_05_08_close_2017_05_08_flight_Fixed Wing_N550ND_before_0_189617,open_2017_05_08_close_2017_05_08_flight_Fixed Wing_N550ND_before_0_189617,888,0.7216242021771575,0
open_2017_05_08_close_2017_05_08_flight_Fixed Wing_N550ND_before_0_189617,open_2017_05_08_close_2017_05_08_flight_Fixed Wing_N550ND_before_0_189617,889,0.5823869096254009,0
open_2017_05_08_close_2017_05_08_flight_Fixed Wing_N550ND_before_0_189617,open_2017_05_08_close_2017_05_08_flight_Fixed Wing_N550ND_before_0_189617,890,0.5190430685277991,0
open_2017_05_08_close_2017_05_08_flight_Fixed Wing_N550ND_before_0_189617,open_2017_05_08_close_2017_05_08_flight_Fixed Wing_N550ND_before_0_189617,891,0.37654183058141477,0
open_2017_05_08_close_2017_05_08_flight_Fixed Wing_N550ND_before_0_189617,open_2017_05_08_close_2017_05_08_flight_Fixed Wing_N550ND_before_0_189617,892,0.05117735188455064,0
open_2017_05_08_close_2017_05_08_flight_Fixed Wing_N550ND_before_0_189617,open_2017_05_08_close_2017_05_08_flight_Fixed Wing_N550ND_before_0_189617,893,0.9137695070927503,0
open_2017_05_08_close_2017_05_08_flight_Fixed Wing_N550ND_before_0_189617,open_2017_05_08_close_2017_05_08_flight_Fixed Wing_N550ND_before_0_189617,894,0.798136828256053,0
open_2017_05_08_close_2017_05_08_flight_Fixed Wing_N550ND_before_0_189617,open_2017_05_08_close_2017_05_08_flight_Fixed Wing_N550ND_before_0_189617,895,0.4522714296820385,0
open_2017_05_08_close_2017_05_08_flight_Fixed Wing_N550ND_before_0_189617,open_2017_05_08_close_2017_05_08_flight_Fixed Wing_N550ND_before_0_189617,896,0.747178685779605,0
open_2017_05_08_close_2017_05_08_flight_Fixed Wing_N550ND_before_0_189617,open_2017_05_08_close_2017_05_08_flight_Fixed Wing_N550ND_before_0_189617,897,0.8431257974005955,0
open_2017_05_08_close_2017_05_08_flight_Fixed Wing_N550ND_before_0_189617,open_2017_05_08_close_2017_05_08_flight_Fixed Wing_N550ND_before_0_189617,898,0.1410364393765977,0
open_2017_05_08_close_2017_05_08_flight_Fixed Wing_N550ND_before_0_189617,open_2017_05_08_close_2017_05_08_flight_Fixed Wing_N550ND_before_0_189617,899,0.43097617993115245,0
open_2017_05_08_close_2017_05_08_flight_Fixed Wing_N550ND_before_0_189617,open_2017_05_08_close_2017_05_08_flight_Fixed Wing_N550ND_before_0_189617,900,0.932047714727926,0
open_2017_05_08_close_2017_05_08_flight_Fixed Wing_N550ND_before_0_189617,open_2017_05_08_close_2017_05_08_flight_Fixed Wing_N550ND_before_0_189617,901,-0.029048348020380033,1
open_2017_05_08_close_2017_05_08_flight_Fixed Wing_N550ND_before_0_189617,open_2017_05_08_close_2017_05_08_flight_Fixed Wing_N550ND_before_0_189617,902,1.161016918042923,0
open_2017_05_08_close_2017_05_08_flight_Fixed Wing_N550ND_before_0_189617,open_2017_05_08_close_2017_05_08_flight_Fixed Wing_N550ND_before_0_189617,903,1.232355836972248,0
open_2017_05_08_close_2017_05_08_flight_Fixed Wing_N550ND_before_0_189617,open_2017_05_08_close_2017_05_08_flight_Fixed Wing_N550ND_before_0_189617,904,0.9585868847022687,0
open_2017_05_08_close_2017_05_08_flight_Fixed Wing_N550ND_before_0_189617,open_2017_05_08_close_2017_05_08_flight_Fixed Wing_N550ND_before_0_189617,905,0.6998510042683295,0
open_2017_05_08_close_2017_05_08_flight_Fixed Wing_N550ND_before_0_189617,open_2017_05_08_close_2017_05_08_flight_Fixed Wing_N550ND_before_0_189617,906,0.6540935323653723,0
open_2017_05_08_close_2017_05_08_flight_Fixed Wing_N550ND_before_0_189617,open_2017_05_08_close_2017_05_08_flight_Fixed Wing_N550ND_before_0_189617,907,0.6714369507939422,0
open_2017_05_08_close_2017_05_08_flight_Fixed Wing_N550ND_before_0_189617,open_2017_05_08_close_2017_05_08_flight_Fixed Wing_N550ND_before_0_189617,908,-0.5812626196543963,1
open_2017_05_08_close_2017_05_08_flight_Fixed Wing_N550ND_before_0_189617,open_2017_05_08_close_2017_05_08_flight_Fixed Wing_N550ND_before_0_189617,909,0.6601529599075424,0
open_2017_05_08_close_2017_05_08_flight_Fixed Wing_N550ND_before_0_189617,open_2017_05_08_close_2017_05_08_flight_Fixed Wing_N550ND_before_0_189617,910,0.7564114679672258,0
open_2017_05_08_close_2017_05_08_flight_Fixed Wing_N550ND_before_0_189617,open_2017_05_08_close_2017_05_08_flight_Fixed Wing_N550ND_before_0_189617,911,0.7607355027098341,0
open_2017_05_08_close_2017_05_08_flight_Fixed Wing_N550ND_before_0_189617,open_2017_05_08_close_2017_05_08_flight_Fixed Wing_N550ND_before_0_189617,912,0.6559016799985276,0
open_2017_05_08_close_2017_05_08_flight_Fixed Wing_N550ND_before_0_189617,open_2017_05_08_close_2017_05_08_flight_Fixed Wing_N550ND_before_0_189617,913,0.7820449585445117,0
open_2017_05_08_close_2017_05_08_flight_Fixed Wing_N550ND_before_0_189617,open_2017_05_08_close_2017_05_08_flight_Fixed Wing_N550ND_before_0_189617,914,0.4216525039831258,0
open_2017_05_08_close_2017_05_08_flight_Fixed Wing_N550ND_before_0_189617,open_2017_05_08_close_2017_05_08_flight_Fixed Wing_N550ND_before_0_189617,915,0.3497977775923675,0
open_2017_05_08_close_2017_05_08_flight_Fixed Wing_N550ND_before_0_189617,open_2017_05_08_close_2017_05_08_flight_Fixed Wing_N550ND_before_0_189617,916,0.76956022368568,0
open_2017_05_08_close_2017_05_08_flight_Fixed Wing_N550ND_before_0_189617,open_2017_05_08_close_2017_05_08_flight_Fixed Wing_N550ND_before_0_189617,917,0.9489761209678456,0
open_2017_05_08_close_2017_05_08_flight_Fixed Wing_N550ND_before_0_189617,open_2017_05_08_close_2017_05_08_flight_Fixed Wing_N550ND_before_0_189617,918,0.39306009258861385,0
open_2017_05_08_close_2017_05_08_flight_Fixed Wing_N550ND_before_0_189617,open_2017_05_08_close_2017_05_08_flight_Fixed Wing_N550ND_before_0_189617,919,0.271979632559437,0
open_2017_05_08_close_2017_05_08_flight_Fixed Wing_N550ND_before_0_189617,open_2017_05_08_close_2017_05_08_flight_Fixed Wing_N550ND_before_0_189617,920,0.9368193111801961,0
open_2017_05_08_close_2017_05_08_flight_Fixed Wing_N550ND_before_0_189617,open_2017_05_08_close_2017_05_08_flight_Fixed Wing_N550ND_before_0_189617,921,0.1503702044664903,0
open_2017_05_08_close_2017_05_08_flight_Fixed Wing_N550ND_before_0_189617,open_2017_05_08_close_2017_05_08_flight_Fixed Wing_N550ND_before_0_189617,922,0.4886651207698973,0
open_2017_05_08_close_2017_05_08_flight_Fixed Wing_N550ND_before_0_189617,open_2017_05_08_close_2017_05_08_flight_Fixed Wing_N550ND_before_0_189617,923,0.5796933757000569,0
open_2017_05_08_close_2017_05_08_flight_Fixed Wing_N550ND_before_0_189617,open_2017_05_08_close_2017_05_08_flight_Fixed Wing_N550ND_before_0_189617,924,-0.1471246157866657,1
open_2017_05_08_close_2017_05_08_flight_Fixed Wing_N550ND_before_0_189617,open_2017_05_08_close_2017_05_08_flight_Fixed Wing_N550ND_before_0_189617,925,-0.2538880704249391,1
open_2017_05_08_close_2017_05_08_flight_Fixed Wing_N550ND_before_0_189617,open_2017_05_08_close_2017_05_08_flight_Fixed Wing_N550ND_before_0_189617,926,-1.2325819984563837,1
open_2017_05_08_close_2017_05_08_flight_Fixed Wing_N550ND_before_0_189617,open_2017_05_08_close_2017_05_08_flight_Fixed Wing_N550ND_before_0_189617,927,-0.7428522291209365,1
open_2017_05_08_close_2017_05_08_flight_Fixed Wing_N550ND_before_0_189617,open_2017_05_08_close_2017_05_08_flight_Fixed Wing_N550ND_before_0_189617,928,-0.32452127073608883,1
open_2017_05_08_close_2017_05_08_flight_Fixed Wing_N550ND_before_0_189617,open_2017_05_08_close_2017_05_08_flight_Fixed Wing_N550ND_before_0_189617,929,-1.0687389807620633,1
open_2017_05_08_close_2017_05_08_flight_Fixed Wing_N550ND_before_0_189617,open_2017_05_08_close_2017_05_08_flight_Fixed Wing_N550ND_before_0_189617,930,-0.7982716987282189,1
open_2017_05_08_close_2017_05_08_flight_Fixed Wing_N550ND_before_0_189617,open_2017_05_08_close_2017_05_08_flight_Fixed Wing_N550ND_before_0_189617,931,-0.8436237494627886,1
open_2017_05_08_close_2017_05_08_flight_Fixed Wing_N550ND_before_0_189617,open_2017_05_08_close_2017_05_08_flight_Fixed Wing_N550ND_before_0_189617,932,-0.8425605169455372,1
open_2017_05_08_close_2017_05_08_flight_Fixed Wing_N550ND_before_0_189617,open_2017_05_08_close_2017_05_08_flight_Fixed Wing_N550ND_before_0_189617,933,-0.1411040763960616,1
open_2017_05_08_close_2017_05_08_flight_Fixed Wing_N550ND_before_0_189617,open_2017_05_08_close_2017_05_08_flight_Fixed Wing_N550ND_before_0_189617,934,0.7814106523522937,0
open_2017_05_08_close_2017_05_08_flight_Fixed Wing_N550ND_before_0_189617,open_2017_05_08_close_2017_05_08_flight_Fixed Wing_N550ND_before_0_189617,935,0.5589376406522872,0
open_2017_05_08_close_2017_05_08_flight_Fixed Wing_N550ND_before_0_189617,open_2017_05_08_close_2017_05_08_flight_Fixed Wing_N550ND_before_0_189617,936,0.5480954640969842,0
open_2017_05_08_close_2017_05_08_flight_Fixed Wing_N550ND_before_0_189617,open_2017_05_08_close_2017_05_08_flight_Fixed Wing_N550ND_before_0_189617,937,0.8837228875026706,0
open_2017_05_08_close_2017_05_08_flight_Fixed Wing_N550ND_before_0_189617,open_2017_05_08_close_2017_05_08_flight_Fixed Wing_N550ND_before_0_189617,938,0.5711797407602488,0
open_2017_05_08_close_2017_05_08_flight_Fixed Wing_N550ND_before_0_189617,open_2017_05_08_close_2017_05_08_flight_Fixed Wing_N550ND_before_0_189617,939,0.7431276795063124,0
open_2017_05_08_close_2017_05_08_flight_Fixed Wing_N550ND_before_0_189617,open_2017_05_08_close_2017_05_08_flight_Fixed Wing_N550ND_before_0_189617,940,-0.3905475103726108,1
open_2017_05_08_close_2017_05_08_flight_Fixed Wing_N550ND_before_0_189617,open_2017_05_08_close_2017_05_08_flight_Fixed Wing_N550ND_before_0_189617,941,0.8133187996550966,0
open_2017_05_08_close_2017_05_08_flight_Fixed Wing_N550ND_before_0_189617,open_2017_05_08_close_2017_05_08_flight_Fixed Wing_N550ND_before_0_189617,942,-0.22284887000056708,1
open_2017_05_08_close_2017_05_08_flight_Fixed Wing_N550ND_before_0_189617,open_2017_05_08_close_2017_05_08_flight_Fixed Wing_N550ND_before_0_189617,943,0.14928587296486473,0
open_2017_05_08_close_2017_05_08_flight_Fixed Wing_N550ND_before_0_189617,open_2017_05_08_close_2017_05_08_flight_Fixed Wing_N550ND_before_0_189617,944,0.5907824817131073,0
open_2017_05_08_close_2017_05_08_flight_Fixed Wing_N550ND_before_0_189617,open_2017_05_08_close_2017_05_08_flight_Fixed Wing_N550ND_before_0_189617,945,0.7313455326694349,0
open_2017_05_08_close_2017_05_08_flight_Fixed Wing_N550ND_before_0_189617,open_2017_05_08_close_2017_05_08_flight_Fixed Wing_N550ND_before_0_189617,946,0.26102854663363617,0
open_2017_05_08_close_2017_05_08_flight_Fixed Wing_N550ND_before_0_189617,open_2017_05_08_close_2017_05_08_flight_Fixed Wing_N550ND_before_0_189617,947,-0.18818442874319508,1
open_2017_05_08_close_2017_05_08_flight_Fixed Wing_N550ND_before_0_189617,open_2017_05_08_close_2017_05_08_flight_Fixed Wing_N550ND_before_0_189617,948,0.2039516813289104,0
open_2017_05_08_close_2017_05_08_flight_Fixed Wing_N550ND_before_0_189617,open_2017_05_08_close_2017_05_08_flight_Fixed Wing_N550ND_before_0_189617,949,0.24773450293923172,0
open_2017_05_08_close_2017_05_08_flight_Fixed Wing_N550ND_before_0_189617,open_2017_05_08_close_2017_05_08_flight_Fixed Wing_N550ND_before_0_189617,950,0.6481296935385461,0
open_2017_05_08_close_2017_05_08_flight_Fixed Wing_N550ND_before_0_189617,open_2017_05_08_close_2017_05_08_flight_Fixed Wing_N550ND_before_0_189617,951,0.6043677199317448,0
open_2017_05_08_close_2017_05_08_flight_Fixed Wing_N550ND_before_0_189617,open_2017_05_08_close_2017_05_08_flight_Fixed Wing_N550ND_before_0_189617,952,0.457550814263715,0
open_2017_05_08_close_2017_05_08_flight_Fixed Wing_N550ND_before_0_189617,open_2017_05_08_close_2017_05_08_flight_Fixed Wing_N550ND_before_0_189617,953,0.3848936067375519,0
open_2017_05_08_close_2017_05_08_flight_Fixed Wing_N550ND_before_0_189617,open_2017_05_08_close_2017_05_08_flight_Fixed Wing_N550ND_before_0_189617,954,0.5759975104480763,0
open_2017_05_08_close_2017_05_08_flight_Fixed Wing_N550ND_before_0_189617,open_2017_05_08_close_2017_05_08_flight_Fixed Wing_N550ND_before_0_189617,955,0.6181088341556378,0
open_2017_05_08_close_2017_05_08_flight_Fixed Wing_N550ND_before_0_189617,open_2017_05_08_close_2017_05_08_flight_Fixed Wing_N550ND_before_0_189617,956,0.8049680042285083,0
open_2017_05_08_close_2017_05_08_flight_Fixed Wing_N550ND_before_0_189617,open_2017_05_08_close_2017_05_08_flight_Fixed Wing_N550ND_before_0_189617,957,-0.4183464534980621,1
open_2017_05_08_close_2017_05_08_flight_Fixed Wing_N550ND_before_0_189617,open_2017_05_08_close_2017_05_08_flight_Fixed Wing_N550ND_before_0_189617,958,0.5709790732746822,0
open_2017_05_08_close_2017_05_08_flight_Fixed Wing_N550ND_before_0_189617,open_2017_05_08_close_2017_05_08_flight_Fixed Wing_N550ND_before_0_189617,959,0.3983643999676403,0
open_2017_05_08_close_2017_05_08_flight_Fixed Wing_N550ND_before_0_189617,open_2017_05_08_close_2017_05_08_flight_Fixed Wing_N550ND_before_0_189617,960,-0.444998289211611,1
open_2017_05_08_close_2017_05_08_flight_Fixed Wing_N550ND_before_0_189617,open_2017_05_08_close_2017_05_08_flight_Fixed Wing_N550ND_before_0_189617,961,0.4385053554688092,0
open_2017_05_08_close_2017_05_08_flight_Fixed Wing_N550ND_before_0_189617,open_2017_05_08_close_2017_05_08_flight_Fixed Wing_N550ND_before_0_189617,962,0.4651085438849072,0
open_2017_05_08_close_2017_05_08_flight_Fixed Wing_N550ND_before_0_189617,open_2017_05_08_close_2017_05_08_flight_Fixed Wing_N550ND_before_0_189617,963,0.052717323710365305,0
open_2017_05_08_close_2017_05_08_flight_Fixed Wing_N550ND_before_0_189617,open_2017_05_08_close_2017_05_08_flight_Fixed Wing_N550ND_before_0_189617,964,0.06313726281887733,0
open_2017_05_08_close_2017_05_08_flight_Fixed Wing_N550ND_before_0_189617,open_2017_05_08_close_2017_05_08_flight_Fixed Wing_N550ND_before_0_189617,965,0.6797049430813333,0
open_2017_05_08_close_2017_05_08_flight_Fixed Wing_N550ND_before_0_189617,open_2017_05_08_close_2017_05_08_flight_Fixed Wing_N550ND_before_0_189617,966,-1.2458701276583835,1
open_2017_05_08_close_2017_05_08_flight_Fixed Wing_N550ND_before_0_189617,open_2017_05_08_close_2017_05_08_flight_Fixed Wing_N550ND_before_0_189617,967,0.3109590159190019,0
open_2017_05_08_close_2017_05_08_flight_Fixed Wing_N550ND_before_0_189617,open_2017_05_08_close_2017_05_08_flight_Fixed Wing_N550ND_before_0_189617,968,0.47319089248269,0
open_2017_05_08_close_2017_05_08_flight_Fixed Wing_N550ND_before_0_189617,open_2017_05_08_close_2017_05_08_flight_Fixed Wing_N550ND_before_0_189617,969,0.854739366199873,0
open_2017_05_08_close_2017_05_08_flight_Fixed Wing_N550ND_before_0_189617,open_2017_05_08_close_2017_05_08_flight_Fixed Wing_N550ND_before_0_189617,970,0.3185108188423653,0
open_2017_05_08_close_2017_05_08_flight_Fixed Wing_N550ND_before_0_189617,open_2017_05_08_close_2017_05_08_flight_Fixed Wing_N550ND_before_0_189617,971,0.07415826283430249,0
open_2017_05_08_close_2017_05_08_flight_Fixed Wing_N550ND_before_0_189617,open_2017_05_08_close_2017_05_08_flight_Fixed Wing_N550ND_before_0_189617,972,0.69212972870595,0
open_2017_05_08_close_2017_05_08_flight_Fixed Wing_N550ND_before_0_189617,open_2017_05_08_close_2017_05_08_flight_Fixed Wing_N550ND_before_0_189617,973,0.4592084146128603,0
open_2017_05_08_close_2017_05_08_flight_Fixed Wing_N550ND_before_0_189617,open_2017_05_08_close_2017_05_08_flight_Fixed Wing_N550ND_before_0_189617,974,0.4972345809203915,0
open_2017_05_08_close_2017_05_08_flight_Fixed Wing_N550ND_before_0_189617,open_2017_05_08_close_2017_05_08_flight_Fixed Wing_N550ND_before_0_189617,975,0.8248687343199133,0
open_2017_05_08_close_2017_05_08_flight_Fixed Wing_N550ND_before_0_189617,open_2017_05_08_close_2017_05_08_flight_Fixed Wing_N550ND_before_0_189617,976,0.694588843405699,0
open_2017_05_08_close_2017_05_08_flight_Fixed Wing_N550ND_before_0_189617,open_2017_05_08_close_2017_05_08_flight_Fixed Wing_N550ND_before_0_189617,977,0.714663231972601,0
open_2017_05_08_close_2017_05_08_flight_Fixed Wing_N550ND_before_0_189617,open_2017_05_08_close_2017_05_08_flight_Fixed Wing_N550ND_before_0_189617,978,0.7339827901692018,0
open_2017_05_08_close_2017_05_08_flight_Fixed Wing_N550ND_before_0_189617,open_2017_05_08_close_2017_05_08_flight_Fixed Wing_N550ND_before_0_189617,979,0.15003303138943958,0
open_2017_05_08_close_2017_05_08_flight_Fixed Wing_N550ND_before_0_189617,open_2017_05_08_close_2017_05_08_flight_Fixed Wing_N550ND_before_0_189617,980,-0.1526349333302539,1
open_2017_05_08_close_2017_05_08_flight_Fixed Wing_N550ND_before_0_189617,open_2017_05_08_close_2017_05_08_flight_Fixed Wing_N550ND_before_0_189617,981,0.3668065831132912,0
open_2017_05_08_close_2017_05_08_flight_Fixed Wing_N550ND_before_0_189617,open_2017_05_08_close_2017_05_08_flight_Fixed Wing_N550ND_before_0_189617,982,-0.6564292524680841,1
open_2017_05_08_close_2017_05_08_flight_Fixed Wing_N550ND_before_0_189617,open_2017_05_08_close_2017_05_08_flight_Fixed Wing_N550ND_before_0_189617,983,0.005352738664500922,0
open_2017_05_08_close_2017_05_08_flight_Fixed Wing_N550ND_before_0_189617,open_2017_05_08_close_2017_05_08_flight_Fixed Wing_N550ND_before_0_189617,984,-1.2447116925573303,1
open_2017_05_08_close_2017_05_08_flight_Fixed Wing_N550ND_before_0_189617,open_2017_05_08_close_2017_05_08_flight_Fixed Wing_N550ND_before_0_189617,985,-0.5756878900783536,1
open_2017_05_08_close_2017_05_08_flight_Fixed Wing_N550ND_before_0_189617,open_2017_05_08_close_2017_05_08_flight_Fixed Wing_N550ND_before_0_189617,986,-1.2879427099404888,1
open_2017_05_08_close_2017_05_08_flight_Fixed Wing_N550ND_before_0_189617,open_2017_05_08_close_2017_05_08_flight_Fixed Wing_N550ND_before_0_189617,987,-0.7870304339169086,1
open_2017_05_08_close_2017_05_08_flight_Fixed Wing_N550ND_before_0_189617,open_2017_05_08_close_2017_05_08_flight_Fixed Wing_N550ND_before_0_189617,988,-0.8050108236831084,1
open_2017_05_08_close_2017_05_08_flight_Fixed Wing_N550ND_before_0_189617,open_2017_05_08_close_2017_05_08_flight_Fixed Wing_N550ND_before_0_189617,989,0.9046222601950342,0
open_2017_05_08_close_2017_05_08_flight_Fixed Wing_N550ND_before_0_189617,open_2017_05_08_close_2017_05_08_flight_Fixed Wing_N550ND_before_0_189617,990,0.6243280482357205,0
open_2017_05_08_close_2017_05_08_flight_Fixed Wing_N550ND_before_0_189617,open_2017_05_08_close_2017_05_08_flight_Fixed Wing_N550ND_before_0_189617,991,0.2969050020703279,0
open_2017_05_08_close_2017_05_08_flight_Fixed Wing_N550ND_before_0_189617,open_2017_05_08_close_2017_05_08_flight_Fixed Wing_N550ND_before_0_189617,992,0.23533631806075594,0
open_2017_05_08_close_2017_05_08_flight_Fixed Wing_N550ND_before_0_189617,open_2017_05_08_close_2017_05_08_flight_Fixed Wing_N550ND_before_0_189617,993,0.3589218751132688,0
open_2017_05_08_close_2017_05_08_flight_Fixed Wing_N550ND_before_0_189617,open_2017_05_08_close_2017_05_08_flight_Fixed Wing_N550ND_before_0_189617,994,0.6523605703095685,0
open_2017_05_08_close_2017_05_08_flight_Fixed Wing_N550ND_before_0_189617,open_2017_05_08_close_2017_05_08_flight_Fixed Wing_N550ND_before_0_189617,995,-0.36214442297432015,1
open_2017_05_08_close_2017_05_08_flight_Fixed Wing_N550ND_before_0_189617,open_2017_05_08_close_2017_05_08_flight_Fixed Wing_N550ND_before_0_189617,996,0.5489687784198294,0
open_2017_05_08_close_2017_05_08_flight_Fixed Wing_N550ND_before_0_189617,open_2017_05_08_close_2017_05_08_flight_Fixed Wing_N550ND_before_0_189617,997,0.4850547691715801,0
open_2017_05_08_close_2017_05_08_flight_Fixed Wing_N550ND_before_0_189617,open_2017_05_08_close_2017_05_08_flight_Fixed Wing_N550ND_before_0_189617,998,-0.44027641391575945,1
open_2017_05_08_close_2017_05_08_flight_Fixed Wing_N550ND_before_0_189617,open_2017_05_08_close_2017_05_08_flight_Fixed Wing_N550ND_before_0_189617,999,0.6428514604797093,0
open_2017_05_08_close_2017_05_08_flight_Fixed Wing_N550ND_before_0_189617,open_2017_05_08_close_2017_05_08_flight_Fixed Wing_N550ND_before_0_189617,1000,-0.07730290398861484,1
open_2017_05_08_close_2017_05_08_flight_Fixed Wing_N550ND_before_0_189617,open_2017_05_08_close_2017_05_08_flight_Fixed Wing_N550ND_before_0_189617,1001,-0.25157521524459625,1
open_2017_05_08_close_2017_05_08_flight_Fixed Wing_N550ND_before_0_189617,open_2017_05_08_close_2017_05_08_flight_Fixed Wing_N550ND_before_0_189617,1002,0.5362035424795741,0
open_2017_05_08_close_2017_05_08_flight_Fixed Wing_N550ND_before_0_189617,open_2017_05_08_close_2017_05_08_flight_Fixed Wing_N550ND_before_0_189617,1003,-0.3521803309347854,1
open_2017_05_08_close_2017_05_08_flight_Fixed Wing_N550ND_before_0_189617,open_2017_05_08_close_2017_05_08_flight_Fixed Wing_N550ND_before_0_189617,1004,-0.037498971504901,1
open_2017_05_08_close_2017_05_08_flight_Fixed Wing_N550ND_before_0_189617,open_2017_05_08_close_2017_05_08_flight_Fixed Wing_N550ND_before_0_189617,1005,0.5528403540860158,0
open_2017_05_08_close_2017_05_08_flight_Fixed Wing_N550ND_before_0_189617,open_2017_05_08_close_2017_05_08_flight_Fixed Wing_N550ND_before_0_189617,1006,1.0367304237856434,0
open_2017_05_08_close_2017_05_08_flight_Fixed Wing_N550ND_before_0_189617,open_2017_05_08_close_2017_05_08_flight_Fixed Wing_N550ND_before_0_189617,1007,0.7149147830581795,0
open_2017_05_08_close_2017_05_08_flight_Fixed Wing_N550ND_before_0_189617,open_2017_05_08_close_2017_05_08_flight_Fixed Wing_N550ND_before_0_189617,1008,0.6694301372883933,0
open_2017_05_08_close_2017_05_08_flight_Fixed Wing_N550ND_before_0_189617,open_2017_05_08_close_2017_05_08_flight_Fixed Wing_N550ND_before_0_189617,1009,0.7425491208760473,0
open_2017_05_08_close_2017_05_08_flight_Fixed Wing_N550ND_before_0_189617,open_2017_05_08_close_2017_05_08_flight_Fixed Wing_N550ND_before_0_189617,1010,0.7267129545065818,0
open_2017_05_08_close_2017_05_08_flight_Fixed Wing_N550ND_before_0_189617,open_2017_05_08_close_2017_05_08_flight_Fixed Wing_N550ND_before_0_189617,1011,0.8430206598311019,0
open_2017_05_08_close_2017_05_08_flight_Fixed Wing_N550ND_before_0_189617,open_2017_05_08_close_2017_05_08_flight_Fixed Wing_N550ND_before_0_189617,1012,0.7507650807410533,0
open_2017_05_08_close_2017_05_08_flight_Fixed Wing_N550ND_before_0_189617,open_2017_05_08_close_2017_05_08_flight_Fixed Wing_N550ND_before_0_189617,1013,0.6057547201848903,0
open_2017_05_08_close_2017_05_08_flight_Fixed Wing_N550ND_before_0_189617,open_2017_05_08_close_2017_05_08_flight_Fixed Wing_N550ND_before_0_189617,1014,0.6645696089667892,0
open_2017_05_08_close_2017_05_08_flight_Fixed Wing_N550ND_before_0_189617,open_2017_05_08_close_2017_05_08_flight_Fixed Wing_N550ND_before_0_189617,1015,0.7090462400143691,0
open_2017_05_08_close_2017_05_08_flight_Fixed Wing_N550ND_before_0_189617,open_2017_05_08_close_2017_05_08_flight_Fixed Wing_N550ND_before_0_189617,1016,0.29276761825642494,0
open_2017_05_08_close_2017_05_08_flight_Fixed Wing_N550ND_before_0_189617,open_2017_05_08_close_2017_05_08_flight_Fixed Wing_N550ND_before_0_189617,1017,-0.18292311282144458,1
open_2017_05_08_close_2017_05_08_flight_Fixed Wing_N550ND_before_0_189617,open_2017_05_08_close_2017_05_08_flight_Fixed Wing_N550ND_before_0_189617,1018,0.13884198969186068,0
open_2017_05_08_close_2017_05_08_flight_Fixed Wing_N550ND_before_0_189617,open_2017_05_08_close_2017_05_08_flight_Fixed Wing_N550ND_before_0_189617,1019,0.041027802686692594,0
open_2017_05_08_close_2017_05_08_flight_Fixed Wing_N550ND_before_0_189617,open_2017_05_08_close_2017_05_08_flight_Fixed Wing_N550ND_before_0_189617,1020,1.0682482245154388,0
open_2017_05_08_close_2017_05_08_flight_Fixed Wing_N550ND_before_0_189617,open_2017_05_08_close_2017_05_08_flight_Fixed Wing_N550ND_before_0_189617,1021,0.46142384408137604,0
open_2017_05_08_close_2017_05_08_flight_Fixed Wing_N550ND_before_0_189617,open_2017_05_08_close_2017_05_08_flight_Fixed Wing_N550ND_before_0_189617,1022,1.4334017665953263,0
open_2017_05_08_close_2017_05_08_flight_Fixed Wing_N550ND_before_0_189617,open_2017_05_08_close_2017_05_08_flight_Fixed Wing_N550ND_before_0_189617,1023,1.094685655769677,0
open_2017_05_08_close_2017_05_08_flight_Fixed Wing_N550ND_before_0_189617,open_2017_05_08_close_2017_05_08_flight_Fixed Wing_N550ND_before_0_189617,1024,0.6295321800888656,0
open_2017_05_08_close_2017_05_08_flight_Fixed Wing_N550ND_before_0_189617,open_2017_05_08_close_2017_05_08_flight_Fixed Wing_N550ND_before_0_189617,1025,0.9831561097116532,0
open_2017_05_08_close_2017_05_08_flight_Fixed Wing_N550ND_before_0_189617,open_2017_05_08_close_2017_05_08_flight_Fixed Wing_N550ND_before_0_189617,1026,0.8085982647528445,0
open_2017_05_08_close_2017_05_08_flight_Fixed Wing_N550ND_before_0_189617,open_2017_05_08_close_2017_05_08_flight_Fixed Wing_N550ND_before_0_189617,1027,1.2459408611020062,0
open_2017_05_08_close_2017_05_08_flight_Fixed Wing_N550ND_before_0_189617,open_2017_05_08_close_2017_05_08_flight_Fixed Wing_N550ND_before_0_189617,1028,0.6934155902526811,0
open_2017_05_08_close_2017_05_08_flight_Fixed Wing_N550ND_before_0_189617,open_2017_05_08_close_2017_05_08_flight_Fixed Wing_N550ND_before_0_189617,1029,-0.10503907358940157,1
open_2017_05_08_close_2017_05_08_flight_Fixed Wing_N550ND_before_0_189617,open_2017_05_08_close_2017_05_08_flight_Fixed Wing_N550ND_before_0_189617,1030,-0.5086145454238118,1
open_2017_05_08_close_2017_05_08_flight_Fixed Wing_N550ND_before_0_189617,open_2017_05_08_close_2017_05_08_flight_Fixed Wing_N550ND_before_0_189617,1031,0.4507309529330574,0
open_2017_05_08_close_2017_05_08_flight_Fixed Wing_N550ND_before_0_189617,open_2017_05_08_close_2017_05_08_flight_Fixed Wing_N550ND_before_0_189617,1032,-0.014013788869887245,1
open_2017_05_08_close_2017_05_08_flight_Fixed Wing_N550ND_before_0_189617,open_2017_05_08_close_2017_05_08_flight_Fixed Wing_N550ND_before_0_189617,1033,0.6817559931868198,0
open_2017_05_08_close_2017_05_08_flight_Fixed Wing_N550ND_before_0_189617,open_2017_05_08_close_2017_05_08_flight_Fixed Wing_N550ND_before_0_189617,1034,0.4324154890258649,0
open_2017_05_08_close_2017_05_08_flight_Fixed Wing_N550ND_before_0_189617,open_2017_05_08_close_2017_05_08_flight_Fixed Wing_N550ND_before_0_189617,1035,0.42049860102551917,0
open_2017_05_08_close_2017_05_08_flight_Fixed Wing_N550ND_before_0_189617,open_2017_05_08_close_2017_05_08_flight_Fixed Wing_N550ND_before_0_189617,1036,0.1652573371344186,0
open_2017_05_08_close_2017_05_08_flight_Fixed Wing_N550ND_before_0_189617,open_2017_05_08_close_2017_05_08_flight_Fixed Wing_N550ND_before_0_189617,1037,0.6933129895182297,0
open_2017_05_08_close_2017_05_08_flight_Fixed Wing_N550ND_before_0_189617,open_2017_05_08_close_2017_05_08_flight_Fixed Wing_N550ND_before_0_189617,1038,0.8315349665999312,0
open_2017_05_08_close_2017_05_08_flight_Fixed Wing_N550ND_before_0_189617,open_2017_05_08_close_2017_05_08_flight_Fixed Wing_N550ND_before_0_189617,1039,0.7674423414027403,0
open_2017_05_08_close_2017_05_08_flight_Fixed Wing_N550ND_before_0_189617,open_2017_05_08_close_2017_05_08_flight_Fixed Wing_N550ND_before_0_189617,1040,0.8735663489402516,0
open_2017_05_08_close_2017_05_08_flight_Fixed Wing_N550ND_before_0_189617,open_2017_05_08_close_2017_05_08_flight_Fixed Wing_N550ND_before_0_189617,1041,0.7883851242351256,0
open_2017_05_08_close_2017_05_08_flight_Fixed Wing_N550ND_before_0_189617,open_2017_05_08_close_2017_05_08_flight_Fixed Wing_N550ND_before_0_189617,1042,0.8130700130797246,0
open_2017_05_08_close_2017_05_08_flight_Fixed Wing_N550ND_before_0_189617,open_2017_05_08_close_2017_05_08_flight_Fixed Wing_N550ND_before_0_189617,1043,0.6244923789337593,0
open_2017_05_08_close_2017_05_08_flight_Fixed Wing_N550ND_before_0_189617,open_2017_05_08_close_2017_05_08_flight_Fixed Wing_N550ND_before_0_189617,1044,0.3663785016498522,0
open_2017_05_08_close_2017_05_08_flight_Fixed Wing_N550ND_before_0_189617,open_2017_05_08_close_2017_05_08_flight_Fixed Wing_N550ND_before_0_189617,1045,-0.6754288512283692,1
open_2017_05_08_close_2017_05_08_flight_Fixed Wing_N550ND_before_0_189617,open_2017_05_08_close_2017_05_08_flight_Fixed Wing_N550ND_before_0_189617,1046,0.016145689201483737,0
open_2017_05_08_close_2017_05_08_flight_Fixed Wing_N550ND_before_0_189617,open_2017_05_08_close_2017_05_08_flight_Fixed Wing_N550ND_before_0_189617,1047,0.8663858145365726,0
open_2017_05_08_close_2017_05_08_flight_Fixed Wing_N550ND_before_0_189617,open_2017_05_08_close_2017_05_08_flight_Fixed Wing_N550ND_before_0_189617,1048,-0.585105417479521,1
open_2017_05_08_close_2017_05_08_flight_Fixed Wing_N550ND_before_0_189617,open_2017_05_08_close_2017_05_08_flight_Fixed Wing_N550ND_before_0_189617,1049,0.27083976126286236,0
open_2017_05_08_close_2017_05_08_flight_Fixed Wing_N550ND_before_0_189617,open_2017_05_08_close_2017_05_08_flight_Fixed Wing_N550ND_before_0_189617,1050,-0.87269365062644,1
open_2017_05_08_close_2017_05_08_flight_Fixed Wing_N550ND_before_0_189617,open_2017_05_08_close_2017_05_08_flight_Fixed Wing_N550ND_before_0_189617,1051,0.27157885914969127,0
open_2017_05_08_close_2017_05_08_flight_Fixed Wing_N550ND_before_0_189617,open_2017_05_08_close_2017_05_08_flight_Fixed Wing_N550ND_before_0_189617,1052,-0.6519316995894449,1
open_2017_05_08_close_2017_05_08_flight_Fixed Wing_N550ND_before_0_189617,open_2017_05_08_close_2017_05_08_flight_Fixed Wing_N550ND_before_0_189617,1053,0.8097264892473177,0
open_2017_05_08_close_2017_05_08_flight_Fixed Wing_N550ND_before_0_189617,open_2017_05_08_close_2017_05_08_flight_Fixed Wing_N550ND_before_0_189617,1054,-0.3592489276372919,1
open_2017_05_08_close_2017_05_08_flight_Fixed Wing_N550ND_before_0_189617,open_2017_05_08_close_2017_05_08_flight_Fixed Wing_N550ND_before_0_189617,1055,-0.9739941690558865,1
open_2017_05_08_close_2017_05_08_flight_Fixed Wing_N550ND_before_0_189617,open_2017_05_08_close_2017_05_08_flight_Fixed Wing_N550ND_before_0_189617,1056,0.12698478263364454,0
open_2017_05_08_close_2017_05_08_flight_Fixed Wing_N550ND_before_0_189617,open_2017_05_08_close_2017_05_08_flight_Fixed Wing_N550ND_before_0_189617,1057,0.5128228518568039,0
open_2017_05_08_close_2017_05_08_flight_Fixed Wing_N550ND_before_0_189617,open_2017_05_08_close_2017_05_08_flight_Fixed Wing_N550ND_before_0_189617,1058,0.8228386807106425,0
open_2017_05_08_close_2017_05_08_flight_Fixed Wing_N550ND_before_0_189617,open_2017_05_08_close_2017_05_08_flight_Fixed Wing_N550ND_before_0_189617,1059,0.03229401539566146,0
open_2017_05_08_close_2017_05_08_flight_Fixed Wing_N550ND_before_0_189617,open_2017_05_08_close_2017_05_08_flight_Fixed Wing_N550ND_before_0_189617,1060,-0.2390047963258526,1
open_2017_05_08_close_2017_05_08_flight_Fixed Wing_N550ND_before_0_189617,open_2017_05_08_close_2017_05_08_flight_Fixed Wing_N550ND_before_0_189617,1061,0.8997603116417894,0
open_2017_05_08_close_2017_05_08_flight_Fixed Wing_N550ND_before_0_189617,open_2017_05_08_close_2017_05_08_flight_Fixed Wing_N550ND_before_0_189617,1062,-0.4412179018603355,1
open_2017_05_08_close_2017_05_08_flight_Fixed Wing_N550ND_before_0_189617,open_2017_05_08_close_2017_05_08_flight_Fixed Wing_N550ND_before_0_189617,1063,0.6291758930520681,0
open_2017_05_08_close_2017_05_08_flight_Fixed Wing_N550ND_before_0_189617,open_2017_05_08_close_2017_05_08_flight_Fixed Wing_N550ND_before_0_189617,1064,0.8984750865158717,0
open_2017_05_08_close_2017_05_08_flight_Fixed Wing_N550ND_before_0_189617,open_2017_05_08_close_2017_05_08_flight_Fixed Wing_N550ND_before_0_189617,1065,0.8567146971559909,0
open_2017_05_08_close_2017_05_08_flight_Fixed Wing_N550ND_before_0_189617,open_2017_05_08_close_2017_05_08_flight_Fixed Wing_N550ND_before_0_189617,1066,0.7255304969559959,0
open_2017_05_08_close_2017_05_08_flight_Fixed Wing_N550ND_before_0_189617,open_2017_05_08_close_2017_05_08_flight_Fixed Wing_N550ND_before_0_189617,1067,0.18374565265728582,0
open_2017_05_08_close_2017_05_08_flight_Fixed Wing_N550ND_before_0_189617,open_2017_05_08_close_2017_05_08_flight_Fixed Wing_N550ND_before_0_189617,1068,0.3309718863640214,0
open_2017_05_08_close_2017_05_08_flight_Fixed Wing_N550ND_before_0_189617,open_2017_05_08_close_2017_05_08_flight_Fixed Wing_N550ND_before_0_189617,1069,-0.5323127424210394,1
open_2017_05_08_close_2017_05_08_flight_Fixed Wing_N550ND_before_0_189617,open_2017_05_08_close_2017_05_08_flight_Fixed Wing_N550ND_before_0_189617,1070,0.28069131351954124,0
open_2017_05_08_close_2017_05_08_flight_Fixed Wing_N550ND_before_0_189617,open_2017_05_08_close_2017_05_08_flight_Fixed Wing_N550ND_before_0_189617,1071,0.7865450415554571,0
open_2017_05_08_close_2017_05_08_flight_Fixed Wing_N550ND_before_0_189617,open_2017_05_08_close_2017_05_08_flight_Fixed Wing_N550ND_before_0_189617,1072,-0.14853257160472944,1
open_2017_05_08_close_2017_05_08_flight_Fixed Wing_N550ND_before_0_189617,open_2017_05_08_close_2017_05_08_flight_Fixed Wing_N550ND_before_0_189617,1073,0.8878430124417851,0
open_2017_05_08_close_2017_05_08_flight_Fixed Wing_N550ND_before_0_189617,open_2017_05_08_close_2017_05_08_flight_Fixed Wing_N550ND_before_0_189617,1074,0.5147037501914911,0
open_2017_05_08_close_2017_05_08_flight_Fixed Wing_N550ND_before_0_189617,open_2017_05_08_close_2017_05_08_flight_Fixed Wing_N550ND_before_0_189617,1075,0.01004053718838005,0
open_2017_05_08_close_2017_05_08_flight_Fixed Wing_N550ND_before_0_189617,open_2017_05_08_close_2017_05_08_flight_Fixed Wing_N550ND_before_0_189617,1076,0.8142819768313472,0
open_2017_05_08_close_2017_05_08_flight_Fixed Wing_N550ND_before_0_189617,open_2017_05_08_close_2017_05_08_flight_Fixed Wing_N550ND_before_0_189617,1077,-0.21650612204324915,1
open_2017_05_08_close_2017_05_08_flight_Fixed Wing_N550ND_before_0_189617,open_2017_05_08_close_2017_05_08_flight_Fixed Wing_N550ND_before_0_189617,1078,0.21314856460243314,0
open_2017_05_08_close_2017_05_08_flight_Fixed Wing_N550ND_before_0_189617,open_2017_05_08_close_2017_05_08_flight_Fixed Wing_N550ND_before_0_189617,1079,0.7050054217254176,0
open_2017_05_08_close_2017_05_08_flight_Fixed Wing_N550ND_before_0_189617,open_2017_05_08_close_2017_05_08_flight_Fixed Wing_N550ND_before_0_189617,1080,-0.004289445732942321,1
open_2017_05_08_close_2017_05_08_flight_Fixed Wing_N550ND_before_0_189617,open_2017_05_08_close_2017_05_08_flight_Fixed Wing_N550ND_before_0_189617,1081,0.8263435430240822,0
open_2017_05_08_close_2017_05_08_flight_Fixed Wing_N550ND_before_0_189617,open_2017_05_08_close_2017_05_08_flight_Fixed Wing_N550ND_before_0_189617,1082,-0.7125342185588692,1
open_2017_05_08_close_2017_05_08_flight_Fixed Wing_N550ND_before_0_189617,open_2017_05_08_close_2017_05_08_flight_Fixed Wing_N550ND_before_0_189617,1083,-1.0399483295059482,1
open_2017_05_08_close_2017_05_08_flight_Fixed Wing_N550ND_before_0_189617,open_2017_05_08_close_2017_05_08_flight_Fixed Wing_N550ND_before_0_189617,1084,-1.07939932225567,1
open_2017_05_08_close_2017_05_08_flight_Fixed Wing_N550ND_before_0_189617,open_2017_05_08_close_2017_05_08_flight_Fixed Wing_N550ND_before_0_189617,1085,0.3359315672009382,0
open_2017_05_08_close_2017_05_08_flight_Fixed Wing_N550ND_before_0_189617,open_2017_05_08_close_2017_05_08_flight_Fixed Wing_N550ND_before_0_189617,1086,-1.2879427054530268,1
open_2017_05_08_close_2017_05_08_flight_Fixed Wing_N550ND_before_0_189617,open_2017_05_08_close_2017_05_08_flight_Fixed Wing_N550ND_before_0_189617,1087,-0.6869460571128974,1
open_2017_05_08_close_2017_05_08_flight_Fixed Wing_N550ND_before_0_189617,open_2017_05_08_close_2017_05_08_flight_Fixed Wing_N550ND_before_0_189617,1088,0.652338494416919,0
open_2017_05_08_close_2017_05_08_flight_Fixed Wing_N550ND_before_0_189617,open_2017_05_08_close_2017_05_08_flight_Fixed Wing_N550ND_before_0_189617,1089,-0.9285586877244422,1
open_2017_05_08_close_2017_05_08_flight_Fixed Wing_N550ND_before_0_189617,open_2017_05_08_close_2017_05_08_flight_Fixed Wing_N550ND_before_0_189617,1090,0.4162474487701737,0
open_2017_05_08_close_2017_05_08_flight_Fixed Wing_N550ND_before_0_189617,open_2017_05_08_close_2017_05_08_flight_Fixed Wing_N550ND_before_0_189617,1091,-0.5914821270420454,1
open_2017_05_08_close_2017_05_08_flight_Fixed Wing_N550ND_before_0_189617,open_2017_05_08_close_2017_05_08_flight_Fixed Wing_N550ND_before_0_189617,1092,0.7058062890945496,0
open_2017_05_08_close_2017_05_08_flight_Fixed Wing_N550ND_before_0_189617,open_2017_05_08_close_2017_05_08_flight_Fixed Wing_N550ND_before_0_189617,1093,0.3198110272870085,0
open_2017_05_08_close_2017_05_08_flight_Fixed Wing_N550ND_before_0_189617,open_2017_05_08_close_2017_05_08_flight_Fixed Wing_N550ND_before_0_189617,1094,0.4657418094083303,0
open_2017_05_08_close_2017_05_08_flight_Fixed Wing_N550ND_before_0_189617,open_2017_05_08_close_2017_05_08_flight_Fixed Wing_N550ND_before_0_189617,1095,0.6738869098398403,0
open_2017_05_08_close_2017_05_08_flight_Fixed Wing_N550ND_before_0_189617,open_2017_05_08_close_2017_05_08_flight_Fixed Wing_N550ND_before_0_189617,1096,0.6546167094584472,0
open_2017_05_08_close_2017_05_08_flight_Fixed Wing_N550ND_before_0_189617,open_2017_05_08_close_2017_05_08_flight_Fixed Wing_N550ND_before_0_189617,1097,0.5138402871298937,0
open_2017_05_08_close_2017_05_08_flight_Fixed Wing_N550ND_before_0_189617,open_2017_05_08_close_2017_05_08_flight_Fixed Wing_N550ND_before_0_189617,1098,-0.05461318465386,1
open_2017_05_08_close_2017_05_08_flight_Fixed Wing_N550ND_before_0_189617,open_2017_05_08_close_2017_05_08_flight_Fixed Wing_N550ND_before_0_189617,1099,0.6446758691642147,0
open_2017_05_08_close_2017_05_08_flight_Fixed Wing_N550ND_before_0_189617,open_2017_05_08_close_2017_05_08_flight_Fixed Wing_N550ND_before_0_189617,1100,0.6468717237509478,0
open_2017_05_08_close_2017_05_08_flight_Fixed Wing_N550ND_before_0_189617,open_2017_05_08_close_2017_05_08_flight_Fixed Wing_N550ND_before_0_189617,1101,0.8093869780550111,0
open_2017_05_08_close_2017_05_08_flight_Fixed Wing_N550ND_before_0_189617,open_2017_05_08_close_2017_05_08_flight_Fixed Wing_N550ND_before_0_189617,1102,-0.8026941785221928,1
open_2017_05_08_close_2017_05_08_flight_Fixed Wing_N550ND_before_0_189617,open_2017_05_08_close_2017_05_08_flight_Fixed Wing_N550ND_before_0_189617,1103,-0.6453661644516027,1
open_2017_05_08_close_2017_05_08_flight_Fixed Wing_N550ND_before_0_189617,open_2017_05_08_close_2017_05_08_flight_Fixed Wing_N550ND_before_0_189617,1104,-0.08487357126047756,1
open_2017_05_08_close_2017_05_08_flight_Fixed Wing_N550ND_before_0_189617,open_2017_05_08_close_2017_05_08_flight_Fixed Wing_N550ND_before_0_189617,1105,0.7162430520583518,0
open_2017_05_08_close_2017_05_08_flight_Fixed Wing_N550ND_before_0_189617,open_2017_05_08_close_2017_05_08_flight_Fixed Wing_N550ND_before_0_189617,1106,0.9688016739863592,0
open_2017_05_08_close_2017_05_08_flight_Fixed Wing_N550ND_before_0_189617,open_2017_05_08_close_2017_05_08_flight_Fixed Wing_N550ND_before_0_189617,1107,0.9004538692825639,0
open_2017_05_08_close_2017_05_08_flight_Fixed Wing_N550ND_before_0_189617,open_2017_05_08_close_2017_05_08_flight_Fixed Wing_N550ND_before_0_189617,1108,0.6978852393895509,0
open_2017_05_08_close_2017_05_08_flight_Fixed Wing_N550ND_before_0_189617,open_2017_05_08_close_2017_05_08_flight_Fixed Wing_N550ND_before_0_189617,1109,0.6878376525769885,0
open_2017_05_08_close_2017_05_08_flight_Fixed Wing_N550ND_before_0_189617,open_2017_05_08_close_2017_05_08_flight_Fixed Wing_N550ND_before_0_189617,1110,-0.5477645598663,1
open_2017_05_08_close_2017_05_08_flight_Fixed Wing_N550ND_before_0_189617,open_2017_05_08_close_2017_05_08_flight_Fixed Wing_N550ND_before_0_189617,1111,-1.2101477049581923,1
open_2017_05_08_close_2017_05_08_flight_Fixed Wing_N550ND_before_0_189617,open_2017_05_08_close_2017_05_08_flight_Fixed Wing_N550ND_before_0_189617,1112,0.9822562129930335,0
open_2017_05_08_close_2017_05_08_flight_Fixed Wing_N550ND_before_0_189617,open_2017_05_08_close_2017_05_08_flight_Fixed Wing_N550ND_before_0_189617,1113,0.23033581663555225,0
open_2017_05_08_close_2017_05_08_flight_Fixed Wing_N550ND_before_0_189617,open_2017_05_08_close_2017_05_08_flight_Fixed Wing_N550ND_before_0_189617,1114,0.735778368499513,0
open_2017_05_08_close_2017_05_08_flight_Fixed Wing_N550ND_before_0_189617,open_2017_05_08_close_2017_05_08_flight_Fixed Wing_N550ND_before_0_189617,1115,0.7406323914438042,0
open_2017_05_08_close_2017_05_08_flight_Fixed Wing_N550ND_before_0_189617,open_2017_05_08_close_2017_05_08_flight_Fixed Wing_N550ND_before_0_189617,1116,0.6915494905869588,0
open_2017_05_08_close_2017_05_08_flight_Fixed Wing_N550ND_before_0_189617,open_2017_05_08_close_2017_05_08_flight_Fixed Wing_N550ND_before_0_189617,1117,0.8515499415522187,0
open_2017_05_08_close_2017_05_08_flight_Fixed Wing_N550ND_before_0_189617,open_2017_05_08_close_2017_05_08_flight_Fixed Wing_N550ND_before_0_189617,1118,0.14801824631295712,0
open_2017_05_08_close_2017_05_08_flight_Fixed Wing_N550ND_before_0_189617,open_2017_05_08_close_2017_05_08_flight_Fixed Wing_N550ND_before_0_189617,1119,-0.4685912715108277,1
open_2017_05_08_close_2017_05_08_flight_Fixed Wing_N550ND_before_0_189617,open_2017_05_08_close_2017_05_08_flight_Fixed Wing_N550ND_before_0_189617,1120,0.34514893439291594,0
open_2017_05_08_close_2017_05_08_flight_Fixed Wing_N550ND_before_0_189617,open_2017_05_08_close_2017_05_08_flight_Fixed Wing_N550ND_before_0_189617,1121,-0.38355238137355996,1
open_2017_05_08_close_2017_05_08_flight_Fixed Wing_N550ND_before_0_189617,open_2017_05_08_close_2017_05_08_flight_Fixed Wing_N550ND_before_0_189617,1122,0.617185377499216,0
open_2017_05_08_close_2017_05_08_flight_Fixed Wing_N550ND_before_0_189617,open_2017_05_08_close_2017_05_08_flight_Fixed Wing_N550ND_before_0_189617,1123,0.7368632579776411,0
open_2017_05_08_close_2017_05_08_flight_Fixed Wing_N550ND_before_0_189617,open_2017_05_08_close_2017_05_08_flight_Fixed Wing_N550ND_before_0_189617,1124,0.5144409748739165,0
open_2017_05_08_close_2017_05_08_flight_Fixed Wing_N550ND_before_0_189617,open_2017_05_08_close_2017_05_08_flight_Fixed Wing_N550ND_before_0_189617,1125,0.512467985061964,0
open_2017_05_08_close_2017_05_08_flight_Fixed Wing_N550ND_before_0_189617,open_2017_05_08_close_2017_05_08_flight_Fixed Wing_N550ND_before_0_189617,1126,0.7164502148625727,0
open_2017_05_08_close_2017_05_08_flight_Fixed Wing_N550ND_before_0_189617,open_2017_05_08_close_2017_05_08_flight_Fixed Wing_N550ND_before_0_189617,1127,0.6867917765029654,0
open_2017_05_08_close_2017_05_08_flight_Fixed Wing_N550ND_before_0_189617,open_2017_05_08_close_2017_05_08_flight_Fixed Wing_N550ND_before_0_189617,1128,0.3696597075556094,0
open_2017_05_08_close_2017_05_08_flight_Fixed Wing_N550ND_before_0_189617,open_2017_05_08_close_2017_05_08_flight_Fixed Wing_N550ND_before_0_189617,1129,0.6778964386209836,0
open_2017_05_08_close_2017_05_08_flight_Fixed Wing_N550ND_before_0_189617,open_2017_05_08_close_2017_05_08_flight_Fixed Wing_N550ND_before_0_189617,1130,0.0820333887866358,0
open_2017_05_08_close_2017_05_08_flight_Fixed Wing_N550ND_before_0_189617,open_2017_05_08_close_2017_05_08_flight_Fixed Wing_N550ND_before_0_189617,1131,0.5276379901504193,0
open_2017_05_08_close_2017_05_08_flight_Fixed Wing_N550ND_before_0_189617,open_2017_05_08_close_2017_05_08_flight_Fixed Wing_N550ND_before_0_189617,1132,0.44550477400557664,0
open_2017_05_08_close_2017_05_08_flight_Fixed Wing_N550ND_before_0_189617,open_2017_05_08_close_2017_05_08_flight_Fixed Wing_N550ND_before_0_189617,1133,0.37889176401252556,0
open_2017_05_08_close_2017_05_08_flight_Fixed Wing_N550ND_before_0_189617,open_2017_05_08_close_2017_05_08_flight_Fixed Wing_N550ND_before_0_189617,1134,0.7494899879854264,0
open_2017_05_08_close_2017_05_08_flight_Fixed Wing_N550ND_before_0_189617,open_2017_05_08_close_2017_05_08_flight_Fixed Wing_N550ND_before_0_189617,1135,0.5564131202053073,0
open_2017_05_08_close_2017_05_08_flight_Fixed Wing_N550ND_before_0_189617,open_2017_05_08_close_2017_05_08_flight_Fixed Wing_N550ND_before_0_189617,1136,0.6037467362061475,0
open_2017_05_08_close_2017_05_08_flight_Fixed Wing_N550ND_before_0_189617,open_2017_05_08_close_2017_05_08_flight_Fixed Wing_N550ND_before_0_189617,1137,0.5778426941512342,0
open_2017_05_08_close_2017_05_08_flight_Fixed Wing_N550ND_before_0_189617,open_2017_05_08_close_2017_05_08_flight_Fixed Wing_N550ND_before_0_189617,1138,-0.09016254115456857,1
open_2017_05_08_close_2017_05_08_flight_Fixed Wing_N550ND_before_0_189617,open_2017_05_08_close_2017_05_08_flight_Fixed Wing_N550ND_before_0_189617,1139,0.6422650446034,0
open_2017_05_08_close_2017_05_08_flight_Fixed Wing_N550ND_before_0_189617,open_2017_05_08_close_2017_05_08_flight_Fixed Wing_N550ND_before_0_189617,1140,0.42885773943386063,0
open_2017_05_08_close_2017_05_08_flight_Fixed Wing_N550ND_before_0_189617,open_2017_05_08_close_2017_05_08_flight_Fixed Wing_N550ND_before_0_189617,1141,-0.7642428878878517,1
open_2017_05_08_close_2017_05_08_flight_Fixed Wing_N550ND_before_0_189617,open_2017_05_08_close_2017_05_08_flight_Fixed Wing_N550ND_before_0_189617,1142,0.48836668896956925,0
open_2017_05_08_close_2017_05_08_flight_Fixed Wing_N550ND_before_0_189617,open_2017_05_08_close_2017_05_08_flight_Fixed Wing_N550ND_before_0_189617,1143,1.0026817908181287,0
open_2017_05_08_close_2017_05_08_flight_Fixed Wing_N550ND_before_0_189617,open_2017_05_08_close_2017_05_08_flight_Fixed Wing_N550ND_before_0_189617,1144,-0.47199396095197754,1
open_2017_05_08_close_2017_05_08_flight_Fixed Wing_N550ND_before_0_189617,open_2017_05_08_close_2017_05_08_flight_Fixed Wing_N550ND_before_0_189617,1145,0.08994395775626374,0
open_2017_05_08_close_2017_05_08_flight_Fixed Wing_N550ND_before_0_189617,open_2017_05_08_close_2017_05_08_flight_Fixed Wing_N550ND_before_0_189617,1146,0.05384860378945722,0
open_2017_05_08_close_2017_05_08_flight_Fixed Wing_N550ND_before_0_189617,open_2017_05_08_close_2017_05_08_flight_Fixed Wing_N550ND_before_0_189617,1147,-0.7079383466478933,1
open_2017_05_08_close_2017_05_08_flight_Fixed Wing_N550ND_before_0_189617,open_2017_05_08_close_2017_05_08_flight_Fixed Wing_N550ND_before_0_189617,1148,-0.49920600534142345,1
open_2017_05_08_close_2017_05_08_flight_Fixed Wing_N550ND_before_0_189617,open_2017_05_08_close_2017_05_08_flight_Fixed Wing_N550ND_before_0_189617,1149,-1.1620667625945644,1
open_2017_05_08_close_2017_05_08_flight_Fixed Wing_N550ND_before_0_189617,open_2017_05_08_close_2017_05_08_flight_Fixed Wing_N550ND_before_0_189617,1150,-0.45020350071418214,1
open_2017_05_08_close_2017_05_08_flight_Fixed Wing_N550ND_before_0_189617,open_2017_05_08_close_2017_05_08_flight_Fixed Wing_N550ND_before_0_189617,1151,0.6753154261517342,0
open_2017_05_08_close_2017_05_08_flight_Fixed Wing_N550ND_before_0_189617,open_2017_05_08_close_2017_05_08_flight_Fixed Wing_N550ND_before_0_189617,1152,0.4294122619081855,0
open_2017_05_08_close_2017_05_08_flight_Fixed Wing_N550ND_before_0_189617,open_2017_05_08_close_2017_05_08_flight_Fixed Wing_N550ND_before_0_189617,1153,0.7386499277621921,0
open_2017_05_08_close_2017_05_08_flight_Fixed Wing_N550ND_before_0_189617,open_2017_05_08_close_2017_05_08_flight_Fixed Wing_N550ND_before_0_189617,1154,0.331408525937106,0
open_2017_05_08_close_2017_05_08_flight_Fixed Wing_N550ND_before_0_189617,open_2017_05_08_close_2017_05_08_flight_Fixed Wing_N550ND_before_0_189617,1155,0.524154844619755,0
open_2017_05_08_close_2017_05_08_flight_Fixed Wing_N550ND_before_0_189617,open_2017_05_08_close_2017_05_08_flight_Fixed Wing_N550ND_before_0_189617,1156,0.9105094898455497,0
open_2017_05_08_close_2017_05_08_flight_Fixed Wing_N550ND_before_0_189617,open_2017_05_08_close_2017_05_08_flight_Fixed Wing_N550ND_before_0_189617,1157,0.9799174854060673,0
open_2017_05_08_close_2017_05_08_flight_Fixed Wing_N550ND_before_0_189617,open_2017_05_08_close_2017_05_08_flight_Fixed Wing_N550ND_before_0_189617,1158,0.973023128786684,0
open_2017_05_08_close_2017_05_08_flight_Fixed Wing_N550ND_before_0_189617,open_2017_05_08_close_2017_05_08_flight_Fixed Wing_N550ND_before_0_189617,1159,0.4668728954498347,0
open_2017_05_08_close_2017_05_08_flight_Fixed Wing_N550ND_before_0_189617,open_2017_05_08_close_2017_05_08_flight_Fixed Wing_N550ND_before_0_189617,1160,0.5752820025925756,0
open_2017_05_08_close_2017_05_08_flight_Fixed Wing_N550ND_before_0_189617,open_2017_05_08_close_2017_05_08_flight_Fixed Wing_N550ND_before_0_189617,1161,0.35186058519848906,0
open_2017_05_08_close_2017_05_08_flight_Fixed Wing_N550ND_before_0_189617,open_2017_05_08_close_2017_05_08_flight_Fixed Wing_N550ND_before_0_189617,1162,0.45075426236908145,0
open_2017_05_08_close_2017_05_08_flight_Fixed Wing_N550ND_before_0_189617,open_2017_05_08_close_2017_05_08_flight_Fixed Wing_N550ND_before_0_189617,1163,-1.2414328197872464,1
open_2017_05_08_close_2017_05_08_flight_Fixed Wing_N550ND_before_0_189617,open_2017_05_08_close_2017_05_08_flight_Fixed Wing_N550ND_before_0_189617,1164,-0.8134357154460405,1
open_2017_05_08_close_2017_05_08_flight_Fixed Wing_N550ND_before_0_189617,open_2017_05_08_close_2017_05_08_flight_Fixed Wing_N550ND_before_0_189617,1165,0.46442627310398876,0
open_2017_05_08_close_2017_05_08_flight_Fixed Wing_N550ND_before_0_189617,open_2017_05_08_close_2017_05_08_flight_Fixed Wing_N550ND_before_0_189617,1166,-0.08515378334061552,1
open_2017_05_08_close_2017_05_08_flight_Fixed Wing_N550ND_before_0_189617,open_2017_05_08_close_2017_05_08_flight_Fixed Wing_N550ND_before_0_189617,1167,-0.8454700007880955,1
open_2017_05_08_close_2017_05_08_flight_Fixed Wing_N550ND_before_0_189617,open_2017_05_08_close_2017_05_08_flight_Fixed Wing_N550ND_before_0_189617,1168,0.3327263334685595,0
open_2017_05_08_close_2017_05_08_flight_Fixed Wing_N550ND_before_0_189617,open_2017_05_08_close_2017_05_08_flight_Fixed Wing_N550ND_before_0_189617,1169,-1.2844713812986905,1
open_2017_05_08_close_2017_05_08_flight_Fixed Wing_N550ND_before_0_189617,open_2017_05_08_close_2017_05_08_flight_Fixed Wing_N550ND_before_0_189617,1170,-0.5681412682382089,1
open_2017_05_08_close_2017_05_08_flight_Fixed Wing_N550ND_before_0_189617,open_2017_05_08_close_2017_05_08_flight_Fixed Wing_N550ND_before_0_189617,1171,-0.5064201351135831,1
open_2017_05_08_close_2017_05_08_flight_Fixed Wing_N550ND_before_0_189617,open_2017_05_08_close_2017_05_08_flight_Fixed Wing_N550ND_before_0_189617,1172,0.5755687880885134,0
open_2017_05_08_close_2017_05_08_flight_Fixed Wing_N550ND_before_0_189617,open_2017_05_08_close_2017_05_08_flight_Fixed Wing_N550ND_before_0_189617,1173,0.6534651074718385,0
open_2017_05_08_close_2017_05_08_flight_Fixed Wing_N550ND_before_0_189617,open_2017_05_08_close_2017_05_08_flight_Fixed Wing_N550ND_before_0_189617,1174,0.5249006610492515,0
open_2017_05_08_close_2017_05_08_flight_Fixed Wing_N550ND_before_0_189617,open_2017_05_08_close_2017_05_08_flight_Fixed Wing_N550ND_before_0_189617,1175,0.6061448186912779,0
open_2017_05_08_close_2017_05_08_flight_Fixed Wing_N550ND_before_0_189617,open_2017_05_08_close_2017_05_08_flight_Fixed Wing_N550ND_before_0_189617,1176,0.6242981660472131,0
open_2017_05_08_close_2017_05_08_flight_Fixed Wing_N550ND_before_0_189617,open_2017_05_08_close_2017_05_08_flight_Fixed Wing_N550ND_before_0_189617,1177,0.5215937242954334,0
open_2017_05_08_close_2017_05_08_flight_Fixed Wing_N550ND_before_0_189617,open_2017_05_08_close_2017_05_08_flight_Fixed Wing_N550ND_before_0_189617,1178,-0.49215900162105974,1
open_2017_05_08_close_2017_05_08_flight_Fixed Wing_N550ND_before_0_189617,open_2017_05_08_close_2017_05_08_flight_Fixed Wing_N550ND_before_0_189617,1179,-0.06055804819970012,1
open_2017_05_08_close_2017_05_08_flight_Fixed Wing_N550ND_before_0_189617,open_2017_05_08_close_2017_05_08_flight_Fixed Wing_N550ND_before_0_189617,1180,-1.2193172040350881,1
open_2017_05_08_close_2017_05_08_flight_Fixed Wing_N550ND_before_0_189617,open_2017_05_08_close_2017_05_08_flight_Fixed Wing_N550ND_before_0_189617,1181,0.2779051197381659,0
open_2017_05_08_close_2017_05_08_flight_Fixed Wing_N550ND_before_0_189617,open_2017_05_08_close_2017_05_08_flight_Fixed Wing_N550ND_before_0_189617,1182,0.3374588705317494,0
open_2017_05_08_close_2017_05_08_flight_Fixed Wing_N550ND_before_0_189617,open_2017_05_08_close_2017_05_08_flight_Fixed Wing_N550ND_before_0_189617,1183,0.2124396122262251,0
open_2017_05_08_close_2017_05_08_flight_Fixed Wing_N550ND_before_0_189617,open_2017_05_08_close_2017_05_08_flight_Fixed Wing_N550ND_before_0_189617,1184,0.6586714352737695,0
open_2017_05_08_close_2017_05_08_flight_Fixed Wing_N550ND_before_0_189617,open_2017_05_08_close_2017_05_08_flight_Fixed Wing_N550ND_before_0_189617,1185,0.5333867045932179,0
open_2017_05_08_close_2017_05_08_flight_Fixed Wing_N550ND_before_0_189617,open_2017_05_08_close_2017_05_08_flight_Fixed Wing_N550ND_before_0_189617,1186,-0.7463474297742058,1
open_2017_05_08_close_2017_05_08_flight_Fixed Wing_N550ND_before_0_189617,open_2017_05_08_close_2017_05_08_flight_Fixed Wing_N550ND_before_0_189617,1187,-0.04308276475179307,1
open_2017_05_08_close_2017_05_08_flight_Fixed Wing_N550ND_before_0_189617,open_2017_05_08_close_2017_05_08_flight_Fixed Wing_N550ND_before_0_189617,1188,0.40621629238427825,0
open_2017_05_08_close_2017_05_08_flight_Fixed Wing_N550ND_before_0_189617,open_2017_05_08_close_2017_05_08_flight_Fixed Wing_N550ND_before_0_189617,1189,0.43111526841395076,0
open_2017_05_08_close_2017_05_08_flight_Fixed Wing_N550ND_before_0_189617,open_2017_05_08_close_2017_05_08_flight_Fixed Wing_N550ND_before_0_189617,1190,0.3384402947948397,0
open_2017_05_08_close_2017_05_08_flight_Fixed Wing_N550ND_before_0_189617,open_2017_05_08_close_2017_05_08_flight_Fixed Wing_N550ND_before_0_189617,1191,0.3677133899093581,0
open_2017_05_08_close_2017_05_08_flight_Fixed Wing_N550ND_before_0_189617,open_2017_05_08_close_2017_05_08_flight_Fixed Wing_N550ND_before_0_189617,1192,0.3141173272910507,0
open_2017_05_08_close_2017_05_08_flight_Fixed Wing_N550ND_before_0_189617,open_2017_05_08_close_2017_05_08_flight_Fixed Wing_N550ND_before_0_189617,1193,0.27218379549558835,0
open_2017_05_08_close_2017_05_08_flight_Fixed Wing_N550ND_before_0_189617,open_2017_05_08_close_2017_05_08_flight_Fixed Wing_N550ND_before_0_189617,1194,0.4493354870424515,0
open_2017_05_08_close_2017_05_08_flight_Fixed Wing_N550ND_before_0_189617,open_2017_05_08_close_2017_05_08_flight_Fixed Wing_N550ND_before_0_189617,1195,0.4460211147040294,0
open_2017_05_08_close_2017_05_08_flight_Fixed Wing_N550ND_before_0_189617,open_2017_05_08_close_2017_05_08_flight_Fixed Wing_N550ND_before_0_189617,1196,0.6789210491832403,0
open_2017_05_08_close_2017_05_08_flight_Fixed Wing_N550ND_before_0_189617,open_2017_05_08_close_2017_05_08_flight_Fixed Wing_N550ND_before_0_189617,1197,0.5826918623300938,0
open_2017_05_08_close_2017_05_08_flight_Fixed Wing_N550ND_before_0_189617,open_2017_05_08_close_2017_05_08_flight_Fixed Wing_N550ND_before_0_189617,1198,0.4540587836112959,0
open_2017_05_08_close_2017_05_08_flight_Fixed Wing_N550ND_before_0_189617,open_2017_05_08_close_2017_05_08_flight_Fixed Wing_N550ND_before_0_189617,1199,0.5516230776007593,0
open_2017_05_08_close_2017_05_08_flight_Fixed Wing_N550ND_before_0_189617,open_2017_05_08_close_2017_05_08_flight_Fixed Wing_N550ND_before_0_189617,1200,0.5389836018431482,0
open_2017_05_08_close_2017_05_08_flight_Fixed Wing_N550ND_before_0_189617,open_2017_05_08_close_2017_05_08_flight_Fixed Wing_N550ND_before_0_189617,1201,0.3768510389830326,0
open_2017_05_08_close_2017_05_08_flight_Fixed Wing_N550ND_before_0_189617,open_2017_05_08_close_2017_05_08_flight_Fixed Wing_N550ND_before_0_189617,1202,0.5026065840995515,0
open_2017_05_08_close_2017_05_08_flight_Fixed Wing_N550ND_before_0_189617,open_2017_05_08_close_2017_05_08_flight_Fixed Wing_N550ND_before_0_189617,1203,0.27680951921938335,0
open_2017_05_08_close_2017_05_08_flight_Fixed Wing_N550ND_before_0_189617,open_2017_05_08_close_2017_05_08_flight_Fixed Wing_N550ND_before_0_189617,1204,0.16845228452452043,0
open_2017_05_08_close_2017_05_08_flight_Fixed Wing_N550ND_before_0_189617,open_2017_05_08_close_2017_05_08_flight_Fixed Wing_N550ND_before_0_189617,1205,0.28891388915455796,0
open_2017_05_08_close_2017_05_08_flight_Fixed Wing_N550ND_before_0_189617,open_2017_05_08_close_2017_05_08_flight_Fixed Wing_N550ND_before_0_189617,1206,-0.010503930794471206,1
open_2017_05_08_close_2017_05_08_flight_Fixed Wing_N550ND_before_0_189617,open_2017_05_08_close_2017_05_08_flight_Fixed Wing_N550ND_before_0_189617,1207,0.5420927708872718,0
open_2017_05_08_close_2017_05_08_flight_Fixed Wing_N550ND_before_0_189617,open_2017_05_08_close_2017_05_08_flight_Fixed Wing_N550ND_before_0_189617,1208,0.058927482445768176,0
open_2017_05_08_close_2017_05_08_flight_Fixed Wing_N550ND_before_0_189617,open_2017_05_08_close_2017_05_08_flight_Fixed Wing_N550ND_before_0_189617,1209,0.492907023960514,0
open_2017_05_08_close_2017_05_08_flight_Fixed Wing_N550ND_before_0_189617,open_2017_05_08_close_2017_05_08_flight_Fixed Wing_N550ND_before_0_189617,1210,0.12585510059298777,0
open_2017_05_08_close_2017_05_08_flight_Fixed Wing_N550ND_before_0_189617,open_2017_05_08_close_2017_05_08_flight_Fixed Wing_N550ND_before_0_189617,1211,0.6641949989920555,0
open_2017_05_08_close_2017_05_08_flight_Fixed Wing_N550ND_before_0_189617,open_2017_05_08_close_2017_05_08_flight_Fixed Wing_N550ND_before_0_189617,1212,0.6110614156791792,0
open_2017_05_08_close_2017_05_08_flight_Fixed Wing_N550ND_before_0_189617,open_2017_05_08_close_2017_05_08_flight_Fixed Wing_N550ND_before_0_189617,1213,0.7026576920979464,0
open_2017_05_08_close_2017_05_08_flight_Fixed Wing_N550ND_before_0_189617,open_2017_05_08_close_2017_05_08_flight_Fixed Wing_N550ND_before_0_189617,1214,0.4244390279694994,0
open_2017_05_08_close_2017_05_08_flight_Fixed Wing_N550ND_before_0_189617,open_2017_05_08_close_2017_05_08_flight_Fixed Wing_N550ND_before_0_189617,1215,0.4262195181913391,0
open_2017_05_08_close_2017_05_08_flight_Fixed Wing_N550ND_before_0_189617,open_2017_05_08_close_2017_05_08_flight_Fixed Wing_N550ND_before_0_189617,1216,0.3677536848091276,0
open_2017_05_08_close_2017_05_08_flight_Fixed Wing_N550ND_before_0_189617,open_2017_05_08_close_2017_05_08_flight_Fixed Wing_N550ND_before_0_189617,1217,0.5098593010062755,0
open_2017_05_08_close_2017_05_08_flight_Fixed Wing_N550ND_before_0_189617,open_2017_05_08_close_2017_05_08_flight_Fixed Wing_N550ND_before_0_189617,1218,0.012232414087528287,0
open_2017_05_08_close_2017_05_08_flight_Fixed Wing_N550ND_before_0_189617,open_2017_05_08_close_2017_05_08_flight_Fixed Wing_N550ND_before_0_189617,1219,0.22956033359964279,0
open_2017_05_08_close_2017_05_08_flight_Fixed Wing_N550ND_before_0_189617,open_2017_05_08_close_2017_05_08_flight_Fixed Wing_N550ND_before_0_189617,1220,0.4515866671045081,0
open_2017_05_08_close_2017_05_08_flight_Fixed Wing_N550ND_before_0_189617,open_2017_05_08_close_2017_05_08_flight_Fixed Wing_N550ND_before_0_189617,1221,0.4146823172909333,0
open_2017_05_08_close_2017_05_08_flight_Fixed Wing_N550ND_before_0_189617,open_2017_05_08_close_2017_05_08_flight_Fixed Wing_N550ND_before_0_189617,1222,0.20904054050252907,0
open_2017_05_08_close_2017_05_08_flight_Fixed Wing_N550ND_before_0_189617,open_2017_05_08_close_2017_05_08_flight_Fixed Wing_N550ND_before_0_189617,1223,-0.31616799359818926,1
open_2017_05_08_close_2017_05_08_flight_Fixed Wing_N550ND_before_0_189617,open_2017_05_08_close_2017_05_08_flight_Fixed Wing_N550ND_before_0_189617,1224,0.5497562595368866,0
open_2017_05_08_close_2017_05_08_flight_Fixed Wing_N550ND_before_0_189617,open_2017_05_08_close_2017_05_08_flight_Fixed Wing_N550ND_before_0_189617,1225,0.37336006185565296,0
open_2017_05_08_close_2017_05_08_flight_Fixed Wing_N550ND_before_0_189617,open_2017_05_08_close_2017_05_08_flight_Fixed Wing_N550ND_before_0_189617,1226,0.41861903840811787,0
open_2017_05_08_close_2017_05_08_flight_Fixed Wing_N550ND_before_0_189617,open_2017_05_08_close_2017_05_08_flight_Fixed Wing_N550ND_before_0_189617,1227,0.6369032255310692,0
open_2017_05_08_close_2017_05_08_flight_Fixed Wing_N550ND_before_0_189617,open_2017_05_08_close_2017_05_08_flight_Fixed Wing_N550ND_before_0_189617,1228,0.09680492014204756,0
open_2017_05_08_close_2017_05_08_flight_Fixed Wing_N550ND_before_0_189617,open_2017_05_08_close_2017_05_08_flight_Fixed Wing_N550ND_before_0_189617,1229,0.6140709114366871,0
open_2017_05_08_close_2017_05_08_flight_Fixed Wing_N550ND_before_0_189617,open_2017_05_08_close_2017_05_08_flight_Fixed Wing_N550ND_before_0_189617,1230,0.6409107661289524,0
open_2017_05_08_close_2017_05_08_flight_Fixed Wing_N550ND_before_0_189617,open_2017_05_08_close_2017_05_08_flight_Fixed Wing_N550ND_before_0_189617,1231,0.6262323431330372,0
open_2017_05_08_close_2017_05_08_flight_Fixed Wing_N550ND_before_0_189617,open_2017_05_08_close_2017_05_08_flight_Fixed Wing_N550ND_before_0_189617,1232,0.39119843615762084,0
open_2017_05_08_close_2017_05_08_flight_Fixed Wing_N550ND_before_0_189617,open_2017_05_08_close_2017_05_08_flight_Fixed Wing_N550ND_before_0_189617,1233,0.33466908687209207,0
open_2017_05_08_close_2017_05_08_flight_Fixed Wing_N550ND_before_0_189617,open_2017_05_08_close_2017_05_08_flight_Fixed Wing_N550ND_before_0_189617,1234,0.3856924791230729,0
open_2017_05_08_close_2017_05_08_flight_Fixed Wing_N550ND_before_0_189617,open_2017_05_08_close_2017_05_08_flight_Fixed Wing_N550ND_before_0_189617,1235,0.36685634666715883,0
open_2017_05_08_close_2017_05_08_flight_Fixed Wing_N550ND_before_0_189617,open_2017_05_08_close_2017_05_08_flight_Fixed Wing_N550ND_before_0_189617,1236,0.6350866822978474,0
open_2017_05_08_close_2017_05_08_flight_Fixed Wing_N550ND_before_0_189617,open_2017_05_08_close_2017_05_08_flight_Fixed Wing_N550ND_before_0_189617,1237,0.4348296207440192,0
open_2017_05_08_close_2017_05_08_flight_Fixed Wing_N550ND_before_0_189617,open_2017_05_08_close_2017_05_08_flight_Fixed Wing_N550ND_before_0_189617,1238,0.32048095352946215,0
open_2017_05_08_close_2017_05_08_flight_Fixed Wing_N550ND_before_0_189617,open_2017_05_08_close_2017_05_08_flight_Fixed Wing_N550ND_before_0_189617,1239,0.3968549416426459,0
open_2017_05_08_close_2017_05_08_flight_Fixed Wing_N550ND_before_0_189617,open_2017_05_08_close_2017_05_08_flight_Fixed Wing_N550ND_before_0_189617,1240,0.4077166620959205,0
open_2017_05_08_close_2017_05_08_flight_Fixed Wing_N550ND_before_0_189617,open_2017_05_08_close_2017_05_08_flight_Fixed Wing_N550ND_before_0_189617,1241,0.4555942785306988,0
open_2017_05_08_close_2017_05_08_flight_Fixed Wing_N550ND_before_0_189617,open_2017_05_08_close_2017_05_08_flight_Fixed Wing_N550ND_before_0_189617,1242,0.2499747442340552,0
open_2017_05_08_close_2017_05_08_flight_Fixed Wing_N550ND_before_0_189617,open_2017_05_08_close_2017_05_08_flight_Fixed Wing_N550ND_before_0_189617,1243,0.3236716970649296,0
open_2017_05_08_close_2017_05_08_flight_Fixed Wing_N550ND_before_0_189617,open_2017_05_08_close_2017_05_08_flight_Fixed Wing_N550ND_before_0_189617,1244,0.2643519191886583,0
open_2017_05_08_close_2017_05_08_flight_Fixed Wing_N550ND_before_0_189617,open_2017_05_08_close_2017_05_08_flight_Fixed Wing_N550ND_before_0_189617,1245,0.386607594060959,0
open_2017_05_08_close_2017_05_08_flight_Fixed Wing_N550ND_before_0_189617,open_2017_05_08_close_2017_05_08_flight_Fixed Wing_N550ND_before_0_189617,1246,0.3737077942243383,0
open_2017_05_08_close_2017_05_08_flight_Fixed Wing_N550ND_before_0_189617,open_2017_05_08_close_2017_05_08_flight_Fixed Wing_N550ND_before_0_189617,1247,0.424120607661681,0
open_2017_05_08_close_2017_05_08_flight_Fixed Wing_N550ND_before_0_189617,open_2017_05_08_close_2017_05_08_flight_Fixed Wing_N550ND_before_0_189617,1248,0.4008413013153138,0
open_2017_05_08_close_2017_05_08_flight_Fixed Wing_N550ND_before_0_189617,open_2017_05_08_close_2017_05_08_flight_Fixed Wing_N550ND_before_0_189617,1249,-0.5098735242987054,1
open_2017_05_08_close_2017_05_08_flight_Fixed Wing_N550ND_before_0_189617,open_2017_05_08_close_2017_05_08_flight_Fixed Wing_N550ND_before_0_189617,1250,0.5600680053397837,0
open_2017_05_08_close_2017_05_08_flight_Fixed Wing_N550ND_before_0_189617,open_2017_05_08_close_2017_05_08_flight_Fixed Wing_N550ND_before_0_189617,1251,0.6403458013217809,0
open_2017_05_08_close_2017_05_08_flight_Fixed Wing_N550ND_before_0_189617,open_2017_05_08_close_2017_05_08_flight_Fixed Wing_N550ND_before_0_189617,1252,0.3839767289335372,0
open_2017_05_08_close_2017_05_08_flight_Fixed Wing_N550ND_before_0_189617,open_2017_05_08_close_2017_05_08_flight_Fixed Wing_N550ND_before_0_189617,1253,0.37613814636922593,0
open_2017_05_08_close_2017_05_08_flight_Fixed Wing_N550ND_before_0_189617,open_2017_05_08_close_2017_05_08_flight_Fixed Wing_N550ND_before_0_189617,1254,0.31450626117709235,0
open_2017_05_08_close_2017_05_08_flight_Fixed Wing_N550ND_before_0_189617,open_2017_05_08_close_2017_05_08_flight_Fixed Wing_N550ND_before_0_189617,1255,0.33860558125615303,0
open_2017_05_08_close_2017_05_08_flight_Fixed Wing_N550ND_before_0_189617,open_2017_05_08_close_2017_05_08_flight_Fixed Wing_N550ND_before_0_189617,1256,0.21923119422884207,0
open_2017_05_08_close_2017_05_08_flight_Fixed Wing_N550ND_before_0_189617,open_2017_05_08_close_2017_05_08_flight_Fixed Wing_N550ND_before_0_189617,1257,-0.09330143414868863,1
open_2017_05_08_close_2017_05_08_flight_Fixed Wing_N550ND_before_0_189617,open_2017_05_08_close_2017_05_08_flight_Fixed Wing_N550ND_before_0_189617,1258,0.3571639478697841,0
open_2017_05_08_close_2017_05_08_flight_Fixed Wing_N550ND_before_0_189617,open_2017_05_08_close_2017_05_08_flight_Fixed Wing_N550ND_before_0_189617,1259,0.37557049508133344,0
open_2017_05_08_close_2017_05_08_flight_Fixed Wing_N550ND_before_0_189617,open_2017_05_08_close_2017_05_08_flight_Fixed Wing_N550ND_before_0_189617,1260,0.2855898565444992,0
open_2017_05_08_close_2017_05_08_flight_Fixed Wing_N550ND_before_0_189617,open_2017_05_08_close_2017_05_08_flight_Fixed Wing_N550ND_before_0_189617,1261,0.5052353297972256,0
open_2017_05_08_close_2017_05_08_flight_Fixed Wing_N550ND_before_0_189617,open_2017_05_08_close_2017_05_08_flight_Fixed Wing_N550ND_before_0_189617,1262,0.5421667158953853,0
open_2017_05_08_close_2017_05_08_flight_Fixed Wing_N550ND_before_0_189617,open_2017_05_08_close_2017_05_08_flight_Fixed Wing_N550ND_before_0_189617,1263,0.3929205924316628,0
open_2017_05_08_close_2017_05_08_flight_Fixed Wing_N550ND_before_0_189617,open_2017_05_08_close_2017_05_08_flight_Fixed Wing_N550ND_before_0_189617,1264,0.330245270184246,0
open_2017_05_08_close_2017_05_08_flight_Fixed Wing_N550ND_before_0_189617,open_2017_05_08_close_2017_05_08_flight_Fixed Wing_N550ND_before_0_189617,1265,0.5413664691136673,0
open_2017_05_08_close_2017_05_08_flight_Fixed Wing_N550ND_before_0_189617,open_2017_05_08_close_2017_05_08_flight_Fixed Wing_N550ND_before_0_189617,1266,-0.0836673949625919,1
open_2017_05_08_close_2017_05_08_flight_Fixed Wing_N550ND_before_0_189617,open_2017_05_08_close_2017_05_08_flight_Fixed Wing_N550ND_before_0_189617,1267,0.6680410208901195,0
open_2017_05_08_close_2017_05_08_flight_Fixed Wing_N550ND_before_0_189617,open_2017_05_08_close_2017_05_08_flight_Fixed Wing_N550ND_before_0_189617,1268,0.24871578931204463,0
open_2017_05_08_close_2017_05_08_flight_Fixed Wing_N550ND_before_0_189617,open_2017_05_08_close_2017_05_08_flight_Fixed Wing_N550ND_before_0_189617,1269,-0.4976529999712912,1
open_2017_05_08_close_2017_05_08_flight_Fixed Wing_N550ND_before_0_189617,open_2017_05_08_close_2017_05_08_flight_Fixed Wing_N550ND_before_0_189617,1270,0.40396198266027894,0
open_2017_05_08_close_2017_05_08_flight_Fixed Wing_N550ND_before_0_189617,open_2017_05_08_close_2017_05_08_flight_Fixed Wing_N550ND_before_0_189617,1271,-0.5636876115124105,1
open_2017_05_08_close_2017_05_08_flight_Fixed Wing_N550ND_before_0_189617,open_2017_05_08_close_2017_05_08_flight_Fixed Wing_N550ND_before_0_189617,1272,0.19682554140678588,0
open_2017_05_08_close_2017_05_08_flight_Fixed Wing_N550ND_before_0_189617,open_2017_05_08_close_2017_05_08_flight_Fixed Wing_N550ND_before_0_189617,1273,-0.13579587404072235,1
open_2017_05_08_close_2017_05_08_flight_Fixed Wing_N550ND_before_0_189617,open_2017_05_08_close_2017_05_08_flight_Fixed Wing_N550ND_before_0_189617,1274,0.5682856767755915,0
open_2017_05_08_close_2017_05_08_flight_Fixed Wing_N550ND_before_0_189617,open_2017_05_08_close_2017_05_08_flight_Fixed Wing_N550ND_before_0_189617,1275,0.3675546510833809,0
open_2017_05_08_close_2017_05_08_flight_Fixed Wing_N550ND_before_0_189617,open_2017_05_08_close_2017_05_08_flight_Fixed Wing_N550ND_before_0_189617,1276,0.39504152382157964,0
open_2017_05_08_close_2017_05_08_flight_Fixed Wing_N550ND_before_0_189617,open_2017_05_08_close_2017_05_08_flight_Fixed Wing_N550ND_before_0_189617,1277,-0.4987159966256308,1
open_2017_05_08_close_2017_05_08_flight_Fixed Wing_N550ND_before_0_189617,open_2017_05_08_close_2017_05_08_flight_Fixed Wing_N550ND_before_0_189617,1278,-1.005963022649638,1
open_2017_05_08_close_2017_05_08_flight_Fixed Wing_N550ND_before_0_189617,open_2017_05_08_close_2017_05_08_flight_Fixed Wing_N550ND_before_0_189617,1279,0.4864407542566578,0
open_2017_05_08_close_2017_05_08_flight_Fixed Wing_N550ND_before_0_189617,open_2017_05_08_close_2017_05_08_flight_Fixed Wing_N550ND_before_0_189617,1280,0.4367435048760713,0
open_2017_05_08_close_2017_05_08_flight_Fixed Wing_N550ND_before_0_189617,open_2017_05_08_close_2017_05_08_flight_Fixed Wing_N550ND_before_0_189617,1281,0.19653821911641933,0
