file,window_idx,start_idx,end_idx,decision_score,top3_sensors,contrib_AltMSL,contrib_E1 RPM,contrib_E1 FFlow,contrib_E1 CHT1,contrib_E1 EGT1,contrib_NormAc,contrib_IAS
open_2017_05_08_close_2017_05_08_flight_Fixed Wing_N550ND_before_0_189617.csv,0,0,29,-3.385783132665331,"E1 CHT1, E1 EGT1, E1 RPM",0.0010469255246521997,0.05358888965423772,0.010485301056521405,0.7858074007096032,0.10833053662041466,0.03584947812334295,0.004891468309688476
open_2017_05_08_close_2017_05_08_flight_Fixed Wing_N550ND_before_0_189617.csv,1,25,54,-2.7366485672800103,"E1 CHT1, E1 EGT1, E1 RPM",0.001206049477645403,0.07493372581236162,0.015737065889400173,0.7621136151431037,0.09845077935615687,0.03691575628825741,0.01064300803220917
open_2017_05_08_close_2017_05_08_flight_Fixed Wing_N550ND_before_0_189617.csv,2,50,79,-1.8253452562509143,"E1 CHT1, E1 EGT1, E1 RPM",0.007240916702485486,0.09655638554905975,0.02354242090004353,0.6841498580776352,0.11089839823136853,0.052293707123891635,0.025318313414893615
open_2017_05_08_close_2017_05_08_flight_Fixed Wing_N550ND_before_0_189617.csv,3,75,104,-0.9631922068786358,"E1 CHT1, E1 EGT1, E1 RPM",0.02093677149394772,0.12195181395263122,0.03682396892204876,0.5472507675009916,0.12728540149244727,0.09042238745828732,0.055328889179103474
open_2017_05_08_close_2017_05_08_flight_Fixed Wing_N550ND_before_0_189617.csv,4,100,129,-0.3292730356174869,"E1 CHT1, E1 RPM, E1 EGT1",0.044274269085594495,0.15506006215578227,0.059460219653855825,0.3917299847391983,0.12899813853076453,0.11310221760478409,0.10737510822948865
open_2017_05_08_close_2017_05_08_flight_Fixed Wing_N550ND_before_0_189617.csv,5,125,154,0.03275385252029306,"E1 CHT1, E1 RPM, IAS",0.0732648610554663,0.1815627454339732,0.08542900617932417,0.23254117191610998,0.12233182411530334,0.13823359341178523,0.16663679788752994
open_2017_05_08_close_2017_05_08_flight_Fixed Wing_N550ND_before_0_189617.csv,6,150,179,0.23934392199051802,"IAS, E1 RPM, E1 CHT1",0.0973093174082846,0.1949757854142545,0.11584129467267859,0.14336091574660542,0.08359974151221974,0.1430803498911099,0.22183259535437552
open_2017_05_08_close_2017_05_08_flight_Fixed Wing_N550ND_before_0_189617.csv,7,175,204,0.4444319753696102,"IAS, E1 RPM, E1 FFlow",0.12227832196912312,0.20492476216284825,0.146645735291162,0.12204524607687071,0.03447090705600008,0.09216185719826085,0.2774731702452881
open_2017_05_08_close_2017_05_08_flight_Fixed Wing_N550ND_before_0_189617.csv,8,200,229,0.5776999438277977,"IAS, E1 RPM, E1 FFlow",0.1292681223469251,0.1912970710201615,0.1590543797213101,0.11765769895493297,0.030241972009633876,0.08073450525112615,0.291746250695524
open_2017_05_08_close_2017_05_08_flight_Fixed Wing_N550ND_before_0_189617.csv,9,225,254,0.6648163479341078,"IAS, E1 RPM, E1 FFlow",0.12314983917521238,0.1729218196058236,0.15772619908508492,0.10874060129166474,0.0396671626483413,0.11994707465468353,0.2778473035388607
open_2017_05_08_close_2017_05_08_flight_Fixed Wing_N550ND_before_0_189617.csv,10,250,279,0.7311099016148321,"IAS, E1 FFlow, E1 RPM",0.12332447754672918,0.15111994586948646,0.1680933397754004,0.07859354374627689,0.09146885638281568,0.11028435888228641,0.27711547779671314
open_2017_05_08_close_2017_05_08_flight_Fixed Wing_N550ND_before_0_189617.csv,11,275,304,0.699182424174992,"IAS, E1 RPM, E1 FFlow",0.11634888031241572,0.16276948374311992,0.16101357873062952,0.07594252556970156,0.11928157992629261,0.10192087365025877,0.2627230780673034
open_2017_05_08_close_2017_05_08_flight_Fixed Wing_N550ND_before_0_189617.csv,12,300,329,0.7338046906362767,"IAS, E1 RPM, E1 FFlow",0.11151770059730809,0.2007893198868292,0.16041296860209278,0.09317427659049093,0.10272428220443669,0.07346136801753868,0.2579200841009904
open_2017_05_08_close_2017_05_08_flight_Fixed Wing_N550ND_before_0_189617.csv,13,325,354,0.6199135377687095,"IAS, E1 RPM, E1 FFlow",0.10460395372022281,0.18182821060952378,0.15858637440876366,0.07928714405886707,0.11914063270174641,0.1124473333185043,0.2441063511820561
open_2017_05_08_close_2017_05_08_flight_Fixed Wing_N550ND_before_0_189617.csv,14,350,379,0.7953840641783612,"IAS, E1 RPM, E1 FFlow",0.12096398782733632,0.1846240212443461,0.1802412312994855,0.04767247073010885,0.06364846431348775,0.12613568220988436,0.27671414237503683
open_2017_05_08_close_2017_05_08_flight_Fixed Wing_N550ND_before_0_189617.csv,15,375,404,0.6544523119784906,"IAS, NormAc, E1 RPM",0.11260746779979545,0.17882156385093687,0.16565001181479183,0.04926691964497787,0.0523709870277174,0.18128615074120374,0.25999689912025054
open_2017_05_08_close_2017_05_08_flight_Fixed Wing_N550ND_before_0_189617.csv,16,400,429,0.43580159640418037,"IAS, NormAc, E1 RPM",0.1058671927963387,0.1634512530417861,0.1576150368359127,0.03390091591156312,0.06494076857053489,0.22917897524411215,0.2450458575994306
open_2017_05_08_close_2017_05_08_flight_Fixed Wing_N550ND_before_0_189617.csv,17,425,454,0.9191589218079295,"IAS, E1 FFlow, E1 RPM",0.12300285102852103,0.16213185181232717,0.18904958392371557,0.0130533134578253,0.10878575148184987,0.12105609530329822,0.2829205529921485
open_2017_05_08_close_2017_05_08_flight_Fixed Wing_N550ND_before_0_189617.csv,18,450,479,0.9496995628407867,"IAS, E1 FFlow, E1 RPM",0.13074228396146115,0.16461839066976064,0.2007539172380543,0.011239233923816807,0.0776856071602215,0.11965513418124493,0.29530543286513883
open_2017_05_08_close_2017_05_08_flight_Fixed Wing_N550ND_before_0_189617.csv,19,475,504,1.0856289282199083,"IAS, E1 FFlow, E1 RPM",0.13594716969164583,0.14665390456949653,0.1931075560149985,0.022369912058845354,0.0986930819810226,0.0932375262830873,0.3099908494006172
open_2017_05_08_close_2017_05_08_flight_Fixed Wing_N550ND_before_0_189617.csv,20,500,529,0.4551888414823062,"IAS, E1 EGT1, AltMSL",0.15682924886676403,0.11228376118473872,0.11035483148432236,0.015685609107582738,0.20102397133237437,0.08659126014084736,0.3172313178831324
open_2017_05_08_close_2017_05_08_flight_Fixed Wing_N550ND_before_0_189617.csv,21,525,554,0.6697870303185653,"IAS, E1 FFlow, E1 EGT1",0.12331188686690565,0.1584680296164302,0.16729098678836463,0.05844264840369466,0.1671518302763708,0.05930883466000867,0.266025783387974
open_2017_05_08_close_2017_05_08_flight_Fixed Wing_N550ND_before_0_189617.csv,22,550,579,0.906335129644408,"IAS, E1 FFlow, E1 RPM",0.12311570651795337,0.173177587456669,0.18365278545507316,0.08938142904913368,0.04679027358589802,0.10645211608804213,0.277430101846934
open_2017_05_08_close_2017_05_08_flight_Fixed Wing_N550ND_before_0_189617.csv,23,575,604,0.9551335485236163,"IAS, E1 FFlow, E1 RPM",0.12865787793128583,0.18107582738808342,0.1900704749999907,0.10106317405685362,0.038816719798331074,0.06831093098907043,0.2920049948360646
open_2017_05_08_close_2017_05_08_flight_Fixed Wing_N550ND_before_0_189617.csv,24,600,629,0.9639933596562282,"IAS, E1 FFlow, E1 RPM",0.12231857624709253,0.14435900277555774,0.1844654041714006,0.09129710147801742,0.09724672970351071,0.08345205031864944,0.2768611353054837
open_2017_05_08_close_2017_05_08_flight_Fixed Wing_N550ND_before_0_189617.csv,25,625,654,0.39009083704373326,"E1 FFlow, IAS, E1 RPM",0.12030943595303567,0.14863398364443162,0.25230534924166576,0.03300150293616871,0.10643217427312139,0.13166622712335507,0.20765132682800047
open_2017_05_08_close_2017_05_08_flight_Fixed Wing_N550ND_before_0_189617.csv,26,650,679,0.4810231437263668,"E1 FFlow, AltMSL, NormAc",0.21835556935000863,0.12634121106927237,0.31644491465086133,0.03595952491203116,0.026800045319097607,0.1931913936595281,0.08290734103895882
open_2017_05_08_close_2017_05_08_flight_Fixed Wing_N550ND_before_0_189617.csv,27,675,704,0.36413176124643387,"E1 FFlow, NormAc, AltMSL",0.2125816756063492,0.12349390757852502,0.31668854311808925,0.06145631416126716,0.01306049826996109,0.257680782265354,0.015038279000199599
open_2017_05_08_close_2017_05_08_flight_Fixed Wing_N550ND_before_0_189617.csv,28,700,729,0.8561682985194738,"E1 FFlow, NormAc, AltMSL",0.17186469780382277,0.10084682018359448,0.30230605012826883,0.139222938724125,0.020695782661098998,0.21477061127916444,0.05029309921970377
open_2017_05_08_close_2017_05_08_flight_Fixed Wing_N550ND_before_0_189617.csv,29,725,754,0.5585557446801208,"E1 FFlow, NormAc, E1 CHT1",0.1578632918121653,0.08975921744071966,0.2506831223599052,0.20309064527283455,0.02809654862646826,0.22223244256095606,0.048274731926733476
open_2017_05_08_close_2017_05_08_flight_Fixed Wing_N550ND_before_0_189617.csv,30,750,779,0.9916195693414802,"E1 CHT1, AltMSL, NormAc",0.22157548010119624,0.04463441405280159,0.1420619797831038,0.31014036268568734,0.08660251998929741,0.15882690881259326,0.03615833457511575
open_2017_05_08_close_2017_05_08_flight_Fixed Wing_N550ND_before_0_189617.csv,31,775,804,0.9705224041807292,"E1 CHT1, AltMSL, NormAc",0.208822998247513,0.00969179982863392,0.12258350509730544,0.31097412291853027,0.11232850344223733,0.18797685631105981,0.047622214154517284
open_2017_05_08_close_2017_05_08_flight_Fixed Wing_N550ND_before_0_189617.csv,32,800,829,0.2632881506331963,"E1 CHT1, E1 FFlow, NormAc",0.1534138978626705,0.12553657330907475,0.19665638866614937,0.2365797682767199,0.09285973918358487,0.1658987743307146,0.029054858370893964
open_2017_05_08_close_2017_05_08_flight_Fixed Wing_N550ND_before_0_189617.csv,33,825,854,0.7384941036699595,"E1 FFlow, E1 CHT1, NormAc",0.1455280344666803,0.1368196603689995,0.22603525503442953,0.2027908996329341,0.12416189746635281,0.1513649607013892,0.013299292329026713
open_2017_05_08_close_2017_05_08_flight_Fixed Wing_N550ND_before_0_189617.csv,34,850,879,0.9680789665522984,"E1 FFlow, NormAc, AltMSL",0.1723369950964559,0.13059578112704037,0.2129410038823823,0.12025635460001041,0.16712193103693335,0.17440841464434242,0.02233951961264661
open_2017_05_08_close_2017_05_08_flight_Fixed Wing_N550ND_before_0_189617.csv,35,875,904,0.3806422827491516,"E1 EGT1, AltMSL, E1 FFlow",0.17823779054633895,0.16751957253064212,0.17634207565404958,0.07038759575288937,0.20573203992405345,0.1612583685041137,0.040522557087688316
open_2017_05_08_close_2017_05_08_flight_Fixed Wing_N550ND_before_0_189617.csv,36,900,929,-0.5105727370363313,"E1 FFlow, E1 RPM, E1 EGT1",0.09622342110266618,0.24686059186957612,0.2581357631785431,0.025865293138747882,0.16100655934412933,0.14986240884392513,0.062045962522152075
open_2017_05_08_close_2017_05_08_flight_Fixed Wing_N550ND_before_0_189617.csv,37,925,954,0.22058846227516904,"E1 FFlow, NormAc, AltMSL",0.18255948017138193,0.12271144860072203,0.3000706793961824,0.11883444303060853,0.02569283910817608,0.20818836615999045,0.04194274353270668
open_2017_05_08_close_2017_05_08_flight_Fixed Wing_N550ND_before_0_189617.csv,38,950,979,0.5971813273494306,"E1 FFlow, NormAc, AltMSL",0.18346905131212174,0.13668205702411423,0.33977542059713306,0.05914885595659546,0.0157880187894318,0.24173458873709597,0.023402007583255776
open_2017_05_08_close_2017_05_08_flight_Fixed Wing_N550ND_before_0_189617.csv,39,975,1004,1.2132418710699597,"E1 FFlow, NormAc, AltMSL",0.14700190811949262,0.12072023447122127,0.36497320721590715,0.07122317949256553,0.03209885561941288,0.21066736126271093,0.053315253818453305
open_2017_05_08_close_2017_05_08_flight_Fixed Wing_N550ND_before_0_189617.csv,40,1000,1029,1.086595527013746,"NormAc, E1 FFlow, AltMSL",0.18034226957605642,0.07283159526026525,0.21132157752091213,0.17768471203086283,0.0741171655454879,0.24143022327324618,0.04227245679295759
open_2017_05_08_close_2017_05_08_flight_Fixed Wing_N550ND_before_0_189617.csv,41,1025,1054,1.7731281889741441,"E1 CHT1, AltMSL, NormAc",0.20940006232642652,0.016144222138759632,0.13478343152490768,0.29087047765948326,0.13755610704733762,0.16618971388823867,0.04505598541464499
open_2017_05_08_close_2017_05_08_flight_Fixed Wing_N550ND_before_0_189617.csv,42,1050,1079,1.0047763814303985,"E1 CHT1, NormAc, AltMSL",0.18718394747551081,0.060118194436958074,0.15776898245280277,0.23107968604511672,0.11591961101053934,0.21291873408653827,0.035010844492332494
open_2017_05_08_close_2017_05_08_flight_Fixed Wing_N550ND_before_0_189617.csv,43,1075,1104,0.5696081816699752,"E1 FFlow, E1 CHT1, NormAc",0.12403014325244774,0.15033907205146196,0.22486764254218947,0.21562888922756687,0.0779510685559373,0.17057423112347012,0.036608953246734334
open_2017_05_08_close_2017_05_08_flight_Fixed Wing_N550ND_before_0_189617.csv,44,1100,1129,1.2162912548108271,"E1 FFlow, NormAc, E1 CHT1",0.1516766801941129,0.14588186113264015,0.22801827462883112,0.1746131462888732,0.08950857544422629,0.1814161601545955,0.028885302156523355
open_2017_05_08_close_2017_05_08_flight_Fixed Wing_N550ND_before_0_189617.csv,45,1125,1154,1.3546428332898715,"AltMSL, NormAc, E1 FFlow",0.21375926748354532,0.0871892786508035,0.19696997137175798,0.07241844348290964,0.18254712109951562,0.20731767318681443,0.039798244724449386
open_2017_05_08_close_2017_05_08_flight_Fixed Wing_N550ND_before_0_189617.csv,46,1150,1179,0.3761984083248904,"E1 EGT1, E1 RPM, AltMSL",0.1843466842520931,0.18983364748390186,0.16269488907768326,0.035891718881683035,0.2177788330955357,0.17486834045014713,0.03458588675872506
open_2017_05_08_close_2017_05_08_flight_Fixed Wing_N550ND_before_0_189617.csv,47,1175,1204,0.22629000533547883,"E1 FFlow, E1 RPM, NormAc",0.15316734120213193,0.1911477904343216,0.30893962218235804,0.06254309224455225,0.068716276049998,0.1852762359763751,0.03020964191001726
open_2017_05_08_close_2017_05_08_flight_Fixed Wing_N550ND_before_0_189617.csv,48,1200,1229,0.6258975408481846,"E1 FFlow, NormAc, AltMSL",0.19600270086634866,0.13681987894464412,0.33684586521898063,0.09490245157067582,0.013268395135513708,0.20266231675629567,0.019498391507301323
open_2017_05_08_close_2017_05_08_flight_Fixed Wing_N550ND_before_0_189617.csv,49,1225,1254,0.9801901433977931,"E1 FFlow, NormAc, AltMSL",0.17060019361455064,0.13831464671078034,0.36417212876105676,0.05016121147491444,0.02006330787462611,0.2337433249987032,0.022945186565121192
open_2017_05_08_close_2017_05_08_flight_Fixed Wing_N550ND_before_0_189617.csv,50,1250,1279,1.3881824711898925,"E1 FFlow, NormAc, AltMSL",0.15761408723735104,0.09803593481353622,0.267488814702833,0.12927510215493862,0.04991571471580259,0.25290414258126265,0.04476620379405451
open_2017_05_08_close_2017_05_08_flight_Fixed Wing_N550ND_before_0_189617.csv,51,1275,1304,1.8400317712173924,"E1 CHT1, NormAc, AltMSL",0.2042366143363068,0.008089212313722801,0.09138001336485417,0.29252069380633045,0.12372777811145394,0.24656205408008366,0.033483633987025425
open_2017_05_08_close_2017_05_08_flight_Fixed Wing_N550ND_before_0_189617.csv,52,1300,1329,1.4849603179023982,"E1 CHT1, NormAc, AltMSL",0.19272932991436623,0.025562426660345222,0.13124605063592318,0.261532399071135,0.12184806025116673,0.21301471328032348,0.054067020186544607
open_2017_05_08_close_2017_05_08_flight_Fixed Wing_N550ND_before_0_189617.csv,53,1325,1354,1.7640403223182077,"E1 CHT1, NormAc, AltMSL",0.19288445231237308,0.025796707965214296,0.15315814643681,0.25047798164954527,0.13208622669962025,0.19920798403013767,0.046388500906100506
open_2017_05_08_close_2017_05_08_flight_Fixed Wing_N550ND_before_0_189617.csv,54,1350,1379,1.3724799407329793,"E1 FFlow, E1 CHT1, AltMSL",0.18116416795122886,0.1160990452030236,0.19663061553692543,0.18566930245846394,0.11240590716213429,0.16140829877082627,0.0466226629172064
open_2017_05_08_close_2017_05_08_flight_Fixed Wing_N550ND_before_0_189617.csv,55,1375,1404,1.4866098374288046,"E1 FFlow, E1 CHT1, NormAc",0.14465183722206224,0.1470864343680391,0.247073860422777,0.17894256375053202,0.08748488574017449,0.1589261552388502,0.03583426325737143
open_2017_05_08_close_2017_05_08_flight_Fixed Wing_N550ND_before_0_189617.csv,56,1400,1429,1.5202407640146505,"E1 FFlow, AltMSL, NormAc",0.20322836557155097,0.10869226947369783,0.2211595938777251,0.08650514049313585,0.1748681767594005,0.17921222543400492,0.026334228390289077
open_2017_05_08_close_2017_05_08_flight_Fixed Wing_N550ND_before_0_189617.csv,57,1425,1454,1.3755060751607409,"AltMSL, E1 EGT1, NormAc",0.22600768417501269,0.08393069551019551,0.18906975663393372,0.030309529500105015,0.21685180907810503,0.2135377444451034,0.04029278065734182
open_2017_05_08_close_2017_05_08_flight_Fixed Wing_N550ND_before_0_189617.csv,58,1450,1479,0.34561030260012826,"E1 FFlow, NormAc, AltMSL",0.16954875603391337,0.09446647343035618,0.2743008560928525,0.07804181940633419,0.10703917946952737,0.2138373402611783,0.06276557530561878
open_2017_05_08_close_2017_05_08_flight_Fixed Wing_N550ND_before_0_189617.csv,59,1475,1504,0.6106967818797115,"E1 FFlow, NormAc, AltMSL",0.17749321013954114,0.12484775915246901,0.32786620624629736,0.057431521217724046,0.016541603498365403,0.24074739200464687,0.055072307740718494
open_2017_05_08_close_2017_05_08_flight_Fixed Wing_N550ND_before_0_189617.csv,60,1500,1529,0.8497516061281867,"E1 FFlow, NormAc, AltMSL",0.17140558151254548,0.1201276370473838,0.3487140254237744,0.06236348150946824,0.0244670352538418,0.23262599104604134,0.04029624820670792
open_2017_05_08_close_2017_05_08_flight_Fixed Wing_N550ND_before_0_189617.csv,61,1525,1554,1.529424420197929,"E1 FFlow, AltMSL, E1 CHT1",0.18123687128407232,0.10166774933901378,0.30271921363877374,0.1736050428757946,0.045431953147316004,0.13600539133714556,0.05933377837766209
open_2017_05_08_close_2017_05_08_flight_Fixed Wing_N550ND_before_0_189617.csv,62,1550,1579,1.5911045277177656,"E1 CHT1, AltMSL, NormAc",0.21143960327097247,0.030604476511227,0.13398151402517142,0.3091493776077758,0.13051390097089827,0.16832379579358886,0.015987331820160086
open_2017_05_08_close_2017_05_08_flight_Fixed Wing_N550ND_before_0_189617.csv,63,1575,1604,1.5310208437563841,"E1 CHT1, AltMSL, NormAc",0.21299697061711517,0.03173826987880205,0.13683680203301532,0.31109963913527766,0.12730236017119534,0.16850180205304546,0.01152415611134762
open_2017_05_08_close_2017_05_08_flight_Fixed Wing_N550ND_before_0_189617.csv,64,1600,1629,0.35473404625302196,"E1 CHT1, E1 FFlow, NormAc",0.15241169818877212,0.10945790591908433,0.19272063344682497,0.22123198209440648,0.12107200754659159,0.1791609790211454,0.02394479378298851
open_2017_05_08_close_2017_05_08_flight_Fixed Wing_N550ND_before_0_189617.csv,65,1625,1654,0.674438747142752,"E1 FFlow, E1 CHT1, NormAc",0.15593992630793008,0.13239689433160134,0.21467621510599863,0.20269030433458335,0.12360658668800349,0.1613322412055426,0.009357832026151381
open_2017_05_08_close_2017_05_08_flight_Fixed Wing_N550ND_before_0_189617.csv,66,1650,1679,1.4797670412097301,"E1 FFlow, AltMSL, E1 EGT1",0.20193941041551428,0.09576968444013434,0.2085238181545228,0.14166286465707173,0.1671731855524334,0.1516930804775984,0.033237956302537
open_2017_05_08_close_2017_05_08_flight_Fixed Wing_N550ND_before_0_189617.csv,67,1675,1704,1.2163949709341435,"AltMSL, E1 EGT1, E1 FFlow",0.2288542316282814,0.09043545568675972,0.19556349303961004,0.074585998678727,0.2006795037379239,0.1717454716099395,0.03813584561856063
open_2017_05_08_close_2017_05_08_flight_Fixed Wing_N550ND_before_0_189617.csv,68,1700,1729,-0.2328209682410587,"E1 RPM, NormAc, E1 FFlow",0.11122451124807513,0.2274020484239532,0.18878927277967122,0.04067416101283013,0.14568182953648265,0.20914129200827486,0.0770868849904551
open_2017_05_08_close_2017_05_08_flight_Fixed Wing_N550ND_before_0_189617.csv,69,1725,1754,0.2433168512826307,"E1 FFlow, AltMSL, NormAc",0.17720553331102973,0.12740070882505924,0.293173929570896,0.0653473206130609,0.07862235212153647,0.1533033667428505,0.10494678881533002
open_2017_05_08_close_2017_05_08_flight_Fixed Wing_N550ND_before_0_189617.csv,70,1750,1779,0.45780008266892525,"E1 FFlow, NormAc, AltMSL",0.20180819772740882,0.1295539318628029,0.3296913125286316,0.044228701013414716,0.015901145971693342,0.26663900941159985,0.012177701484191493
open_2017_05_08_close_2017_05_08_flight_Fixed Wing_N550ND_before_0_189617.csv,71,1775,1804,0.9861976003369191,"E1 FFlow, NormAc, AltMSL",0.17663626038627217,0.11975012092333955,0.3524851013824449,0.07998172622451026,0.02560772225886631,0.19781645437039835,0.047722614453930945
open_2017_05_08_close_2017_05_08_flight_Fixed Wing_N550ND_before_0_189617.csv,72,1800,1829,1.2232680661728579,"E1 FFlow, NormAc, AltMSL",0.17814577863959852,0.09246062642587634,0.27181896925904536,0.1716788482963348,0.044945882081422736,0.19726378978421993,0.04368610551328386
open_2017_05_08_close_2017_05_08_flight_Fixed Wing_N550ND_before_0_189617.csv,73,1825,1854,1.4966528980481208,"E1 CHT1, AltMSL, NormAc",0.21905502127498463,0.025048400463389048,0.12425808383872669,0.32051487592861344,0.12406669364944277,0.1744035778141312,0.012653347030500152
open_2017_05_08_close_2017_05_08_flight_Fixed Wing_N550ND_before_0_189617.csv,74,1850,1879,1.3727628386390855,"E1 CHT1, AltMSL, NormAc",0.21618223524998748,0.01982602936260052,0.12590641369708525,0.31685200850877254,0.12487232328959852,0.1719710148267875,0.02438997506495962
open_2017_05_08_close_2017_05_08_flight_Fixed Wing_N550ND_before_0_189617.csv,75,1875,1904,1.9376047339834837,"E1 CHT1, AltMSL, NormAc",0.22291261534529594,0.01708849382630542,0.13453304128079074,0.3047556453948408,0.1354117278264081,0.15456715895330972,0.030731317372840475
open_2017_05_08_close_2017_05_08_flight_Fixed Wing_N550ND_before_0_189617.csv,76,1900,1929,1.6579467061645823,"E1 CHT1, NormAc, AltMSL",0.2043788375292462,0.03766474238711713,0.15126657228248985,0.2223583137020574,0.13243567027274475,0.21274108569793374,0.03915477812821599
open_2017_05_08_close_2017_05_08_flight_Fixed Wing_N550ND_before_0_189617.csv,77,1925,1954,0.3083891341558789,"NormAc, E1 FFlow, AltMSL",0.14654490286841906,0.10832735997863042,0.2057940360423768,0.14525928307282568,0.14225299308590936,0.2101109208584338,0.041710504093225305
open_2017_05_08_close_2017_05_08_flight_Fixed Wing_N550ND_before_0_189617.csv,78,1950,1979,0.9061637508967446,"E1 FFlow, NormAc, AltMSL",0.17063576816547346,0.1328172124603151,0.21405110819728757,0.1220047965818016,0.1548014497684153,0.18395128032167607,0.02173838450484661
open_2017_05_08_close_2017_05_08_flight_Fixed Wing_N550ND_before_0_189617.csv,79,1975,2004,1.2607033922773607,"E1 FFlow, AltMSL, NormAc",0.206204069259354,0.13424486746502612,0.22606688480786707,0.07428934573403909,0.12983388387733563,0.18385424854676113,0.04550670030941718
open_2017_05_08_close_2017_05_08_flight_Fixed Wing_N550ND_before_0_189617.csv,80,2000,2029,0.36084317289605794,"NormAc, E1 FFlow, E1 RPM",0.1556526183622857,0.18542340667212207,0.20486801153743298,0.028638167097352292,0.12458096992163291,0.2621812611892888,0.038655565219640836
open_2017_05_08_close_2017_05_08_flight_Fixed Wing_N550ND_before_0_189617.csv,81,2025,2054,0.14140047014579293,"E1 FFlow, AltMSL, NormAc",0.17003944995946316,0.1319839903772445,0.2995929649505621,0.14250926909708977,0.06154459967370628,0.14481717764724755,0.049512548294448504
open_2017_05_08_close_2017_05_08_flight_Fixed Wing_N550ND_before_0_189617.csv,82,2050,2079,0.575321731317691,"E1 FFlow, NormAc, AltMSL",0.17238100226815734,0.13640444952117653,0.33776210021252673,0.11538291809475383,0.016005435378761517,0.20725621753730866,0.014807876987081353
open_2017_05_08_close_2017_05_08_flight_Fixed Wing_N550ND_before_0_189617.csv,83,2075,2104,1.0643599545212648,"E1 FFlow, NormAc, AltMSL",0.1536355145196021,0.13829092194150594,0.36897224113077914,0.056870906158733275,0.02421400790677897,0.2321111278481972,0.025905280494156628
open_2017_05_08_close_2017_05_08_flight_Fixed Wing_N550ND_before_0_189617.csv,84,2100,2129,1.7150674455338444,"E1 FFlow, NormAc, AltMSL",0.19129279079218256,0.1033484994907313,0.2682305287068703,0.14160947715149272,0.06894893115045561,0.19765938624836094,0.028910386459691333
open_2017_05_08_close_2017_05_08_flight_Fixed Wing_N550ND_before_0_189617.csv,85,2125,2154,1.7472195168662839,"E1 CHT1, NormAc, AltMSL",0.19289909969743474,0.02850484133421314,0.13059324428710686,0.2813828243461026,0.14430740249714316,0.19490551613435567,0.027407071703428598
open_2017_05_08_close_2017_05_08_flight_Fixed Wing_N550ND_before_0_189617.csv,86,2150,2179,1.9169426609452205,"E1 CHT1, NormAc, AltMSL",0.17310276337834762,0.038605492867383254,0.12272433217598198,0.27980726593331,0.1223747366165557,0.21673548927921477,0.04664991974900089
open_2017_05_08_close_2017_05_08_flight_Fixed Wing_N550ND_before_0_189617.csv,87,2175,2204,1.4350264499384813,"NormAc, E1 CHT1, AltMSL",0.1753038652262519,0.01862676159091343,0.1131217888270775,0.2523274424196208,0.11828527453961904,0.3017714838023152,0.02056338359398365
open_2017_05_08_close_2017_05_08_flight_Fixed Wing_N550ND_before_0_189617.csv,88,2200,2229,2.270996147412528,"E1 CHT1, AltMSL, NormAc",0.22073396754072647,0.005384593393832121,0.12148598035353907,0.25153142521291433,0.13829883488315728,0.21836958246949315,0.04419561614612034
open_2017_05_08_close_2017_05_08_flight_Fixed Wing_N550ND_before_0_189617.csv,89,2225,2254,2.5550918661714843,"AltMSL, E1 CHT1, NormAc",0.22870975955478295,0.01033724023132062,0.12912277907559977,0.21658402649038372,0.15629080834615305,0.19463065805650934,0.06432472824502793
open_2017_05_08_close_2017_05_08_flight_Fixed Wing_N550ND_before_0_189617.csv,90,2250,2279,2.6765258188184506,"AltMSL, NormAc, E1 CHT1",0.23194131409247287,0.01792291251812556,0.12037149179460524,0.1810334083109191,0.1591051219057577,0.21848289740908425,0.07114285396881241
open_2017_05_08_close_2017_05_08_flight_Fixed Wing_N550ND_before_0_189617.csv,91,2275,2304,2.9121186414266247,"AltMSL, NormAc, E1 EGT1",0.2506964697344063,0.025108127265841614,0.12896180431191406,0.1579758431185928,0.17992685449862178,0.1921297862284299,0.06520111484195029
open_2017_05_08_close_2017_05_08_flight_Fixed Wing_N550ND_before_0_189617.csv,92,2300,2329,2.663256869734488,"NormAc, AltMSL, E1 EGT1",0.23404641679487162,0.020433871347570787,0.11956278312130769,0.12159168144057486,0.177062022267134,0.27651299937057877,0.05079022565771732
open_2017_05_08_close_2017_05_08_flight_Fixed Wing_N550ND_before_0_189617.csv,93,2325,2354,1.298369761837534,"E1 FFlow, NormAc, E1 EGT1",0.14476142491040442,0.13650301234000703,0.21712608474932357,0.10651077376787625,0.1507131018007301,0.2083595298890086,0.03602607254245965
open_2017_05_08_close_2017_05_08_flight_Fixed Wing_N550ND_before_0_189617.csv,94,2350,2379,1.2188614114924783,"E1 FFlow, NormAc, AltMSL",0.15754503007447357,0.13964901591849324,0.22537707468839682,0.08567531060297806,0.15387967033587546,0.2230313136610021,0.014842584718586927
open_2017_05_08_close_2017_05_08_flight_Fixed Wing_N550ND_before_0_189617.csv,95,2375,2404,1.3039259573686004,"NormAc, E1 FFlow, AltMSL",0.20196385605784123,0.10253115665390505,0.21162830469756647,0.04581655178666224,0.18971746808306988,0.23207361604484428,0.01626904667590025
open_2017_05_08_close_2017_05_08_flight_Fixed Wing_N550ND_before_0_189617.csv,96,2400,2429,0.4403446691116808,"E1 EGT1, NormAc, AltMSL",0.1978756164769938,0.1542973837055755,0.1784028180108937,0.015334115198678966,0.21022117754559946,0.21008469096600985,0.03378419809602123
open_2017_05_08_close_2017_05_08_flight_Fixed Wing_N550ND_before_0_189617.csv,97,2425,2454,-0.22638790283314458,"E1 FFlow, E1 RPM, NormAc",0.11223398238641609,0.24449900894553256,0.2837428315880207,0.023782548111925393,0.10956292286378921,0.19417151784554373,0.032007188258528295
open_2017_05_08_close_2017_05_08_flight_Fixed Wing_N550ND_before_0_189617.csv,98,2450,2479,0.4534012726110084,"E1 FFlow, AltMSL, NormAc",0.18764841212753172,0.13072529903239982,0.32383681773701545,0.12731504344422723,0.030278971307445935,0.17540227035367675,0.024793185997467167
open_2017_05_08_close_2017_05_08_flight_Fixed Wing_N550ND_before_0_189617.csv,99,2475,2504,0.8541842457821507,"E1 FFlow, NormAc, AltMSL",0.1749439166366956,0.13655162104679985,0.359916853135588,0.06263474962528483,0.02247794414718917,0.21982138635728907,0.023653529050912322
open_2017_05_08_close_2017_05_08_flight_Fixed Wing_N550ND_before_0_189617.csv,100,2500,2529,1.1701766909985776,"E1 FFlow, NormAc, AltMSL",0.14828720732466097,0.10381911657815936,0.3158542204195341,0.08476200594331648,0.038134356315468285,0.22992549676866347,0.0792175966499623
open_2017_05_08_close_2017_05_08_flight_Fixed Wing_N550ND_before_0_189617.csv,101,2525,2554,1.964581523383917,"E1 CHT1, NormAc, AltMSL",0.19833045869021929,0.023239568207212014,0.0877466344838717,0.27617854429609506,0.12231736041040715,0.2540654441855809,0.03812198972638421
open_2017_05_08_close_2017_05_08_flight_Fixed Wing_N550ND_before_0_189617.csv,102,2550,2579,1.5271075369210592,"E1 CHT1, NormAc, AltMSL",0.19960852458099831,0.010374225553965664,0.10631724156434302,0.2863970709340343,0.12384650582889421,0.2476970952403847,0.02575933629717058
open_2017_05_08_close_2017_05_08_flight_Fixed Wing_N550ND_before_0_189617.csv,103,2575,2604,1.5039665056582714,"E1 CHT1, NormAc, AltMSL",0.1916614201115978,0.012168392642734612,0.11775611885757625,0.27883539580900335,0.11915233543455928,0.2520345693051545,0.02839176783915952
open_2017_05_08_close_2017_05_08_flight_Fixed Wing_N550ND_before_0_189617.csv,104,2600,2629,-0.19614266074187547,"NormAc, E1 CHT1, E1 FFlow",0.13985911650633723,0.08383986540163776,0.1660954645598513,0.17698149752545003,0.11240859723163946,0.29338093683236766,0.027434521942496733
open_2017_05_08_close_2017_05_08_flight_Fixed Wing_N550ND_before_0_189617.csv,105,2625,2654,0.8868696139703975,"E1 FFlow, NormAc, E1 CHT1",0.13893701124412786,0.12276277417853369,0.21851528901595624,0.17455961829322544,0.13053291929372712,0.1798900856699178,0.03480230230433067
open_2017_05_08_close_2017_05_08_flight_Fixed Wing_N550ND_before_0_189617.csv,106,2650,2679,0.6486389408540991,"NormAc, E1 FFlow, AltMSL",0.16440752908590642,0.0978567709645588,0.20181292638539697,0.10188412405383845,0.15359915547515843,0.2540949258840611,0.026344568150877087
open_2017_05_08_close_2017_05_08_flight_Fixed Wing_N550ND_before_0_189617.csv,107,2675,2704,0.858756007001078,"NormAc, E1 FFlow, AltMSL",0.1932353362366642,0.11669424739594211,0.223266240217132,0.03266783944815547,0.17513898547007248,0.23220431048894002,0.02679304074289619
open_2017_05_08_close_2017_05_08_flight_Fixed Wing_N550ND_before_0_189617.csv,108,2700,2729,0.7196555585005648,"E1 FFlow, AltMSL, NormAc",0.19287874864342172,0.13457997735945304,0.33209011328359134,0.08786561256833587,0.05124471874431038,0.18038536888557422,0.0209554605150817
open_2017_05_08_close_2017_05_08_flight_Fixed Wing_N550ND_before_0_189617.csv,109,2725,2754,0.6693127547862727,"E1 FFlow, NormAc, AltMSL",0.15024789167442015,0.13564123724904617,0.34398651933714186,0.041426062169828616,0.022060126194465235,0.28575015926896796,0.020888004105877725
open_2017_05_08_close_2017_05_08_flight_Fixed Wing_N550ND_before_0_189617.csv,110,2750,2779,0.7465413147093938,"NormAc, E1 FFlow, AltMSL",0.1332898489171343,0.11896739092372952,0.2973032129683374,0.07278292537964165,0.019765174081823503,0.3322234869777352,0.025667960751347276
open_2017_05_08_close_2017_05_08_flight_Fixed Wing_N550ND_before_0_189617.csv,111,2775,2804,1.66147789161491,"NormAc, E1 CHT1, AltMSL",0.1739732795766153,0.04109211739225078,0.13001967468148065,0.2264975974563607,0.10472095979394946,0.305152628762624,0.018543742336497988
open_2017_05_08_close_2017_05_08_flight_Fixed Wing_N550ND_before_0_189617.csv,112,2800,2829,1.755819760404179,"E1 CHT1, NormAc, AltMSL",0.15803711135209042,0.042912663797232235,0.15745404954791334,0.27373558102665085,0.14000757960511825,0.2127852153742076,0.015067799296583912
open_2017_05_08_close_2017_05_08_flight_Fixed Wing_N550ND_before_0_189617.csv,113,2825,2854,2.000404080700465,"E1 CHT1, NormAc, AltMSL",0.17597587707580853,0.04181778618960509,0.16439718926714775,0.2641383357479505,0.14654256937727095,0.1931032015588235,0.014025040783187299
open_2017_05_08_close_2017_05_08_flight_Fixed Wing_N550ND_before_0_189617.csv,114,2850,2879,2.4189913602910944,"E1 CHT1, NormAc, AltMSL",0.15949604997136363,0.038962139356271526,0.1574084337432102,0.23641729543958823,0.1456030932696129,0.22967006873269036,0.032442919487044565
open_2017_05_08_close_2017_05_08_flight_Fixed Wing_N550ND_before_0_189617.csv,115,2875,2904,2.3111618238490013,"NormAc, AltMSL, E1 CHT1",0.1931016807866667,0.008209471992893394,0.13023113172049913,0.18036141934329386,0.14689286346523933,0.2742034366327342,0.06699999605845637
open_2017_05_08_close_2017_05_08_flight_Fixed Wing_N550ND_before_0_189617.csv,116,2900,2929,2.110315748346394,"NormAc, AltMSL, E1 EGT1",0.21092174632187238,0.01858561715999294,0.1330511096720976,0.1281991254788458,0.16011150324652715,0.2734317196101876,0.07569917851026287
open_2017_05_08_close_2017_05_08_flight_Fixed Wing_N550ND_before_0_189617.csv,117,2925,2954,1.7639910288344587,"NormAc, AltMSL, E1 EGT1",0.2095793851697602,0.013387000014294905,0.12315912152360145,0.10356623677443273,0.15415692602890804,0.3185675359821671,0.07758379450661564
open_2017_05_08_close_2017_05_08_flight_Fixed Wing_N550ND_before_0_189617.csv,118,2950,2979,0.6703594185319335,"NormAc, E1 FFlow, AltMSL",0.15935199288861107,0.09463046331040101,0.1654811056339429,0.07299883679319681,0.15286199191290198,0.2873491741341011,0.06732643532665689
open_2017_05_08_close_2017_05_08_flight_Fixed Wing_N550ND_before_0_189617.csv,119,2975,3004,1.0075298002471667,"E1 FFlow, NormAc, E1 EGT1",0.16663673665157924,0.11083878830957034,0.21334800594271847,0.06358772814183496,0.18533881812375438,0.2119711988756732,0.04827872395467903
open_2017_05_08_close_2017_05_08_flight_Fixed Wing_N550ND_before_0_189617.csv,120,3000,3029,1.472673244208171,"E1 FFlow, AltMSL, E1 EGT1",0.2097317896756226,0.11691357958877037,0.2280653615592702,0.032579022328172134,0.1992276919838426,0.19850198167505093,0.0149805731890567
open_2017_05_08_close_2017_05_08_flight_Fixed Wing_N550ND_before_0_189617.csv,121,3025,3054,1.5050770439159034,"AltMSL, E1 EGT1, NormAc",0.2701989490425687,0.043363745420505445,0.16126300935997567,0.041863375934117694,0.2481804968629725,0.19085514328044997,0.044275280099186506
open_2017_05_08_close_2017_05_08_flight_Fixed Wing_N550ND_before_0_189617.csv,122,3050,3079,0.28151986096783466,"E1 RPM, E1 FFlow, E1 EGT1",0.14476527275332238,0.2481046822689148,0.21302589996174773,0.0317691641381642,0.17848932470771714,0.13270319082302762,0.05114246534686695
open_2017_05_08_close_2017_05_08_flight_Fixed Wing_N550ND_before_0_189617.csv,123,3075,3104,-0.10553548678789904,"E1 FFlow, NormAc, AltMSL",0.1596127744262756,0.1274508052590336,0.28758084042396787,0.11484786088710348,0.05727091165476058,0.2060933898768884,0.04714341747173391
open_2017_05_08_close_2017_05_08_flight_Fixed Wing_N550ND_before_0_189617.csv,124,3100,3129,0.5045993400348787,"E1 FFlow, NormAc, AltMSL",0.16832823056830948,0.13505216611840337,0.3272874925511115,0.07739785951750239,0.015929634116326103,0.25012188003863856,0.025882737089466628
open_2017_05_08_close_2017_05_08_flight_Fixed Wing_N550ND_before_0_189617.csv,125,3125,3154,0.29591740208284323,"NormAc, E1 FFlow, AltMSL",0.15447665383102885,0.1071694872606939,0.29132457834743386,0.06408957202026738,0.02226854539473003,0.34280790095871755,0.017863262186875152
open_2017_05_08_close_2017_05_08_flight_Fixed Wing_N550ND_before_0_189617.csv,126,3150,3179,2.0470358751660256,"E1 CHT1, NormAc, AltMSL",0.1949343886445026,0.036885574071760345,0.12430006264469017,0.257278737268271,0.12721947668784175,0.2451453202527868,0.01423644042992613
open_2017_05_08_close_2017_05_08_flight_Fixed Wing_N550ND_before_0_189617.csv,127,3175,3204,1.8529306145891842,"E1 CHT1, NormAc, AltMSL",0.16997078815249533,0.03879283812595533,0.14041983165255192,0.280211767862303,0.12811058346859966,0.22514279456711203,0.017351396170765625
open_2017_05_08_close_2017_05_08_flight_Fixed Wing_N550ND_before_0_189617.csv,128,3200,3229,1.6899948879678912,"NormAc, E1 CHT1, AltMSL",0.18070223021323978,0.013829894188708444,0.1283899216901125,0.24214639742465538,0.12525364742565714,0.2703987760643513,0.039279132993064625
open_2017_05_08_close_2017_05_08_flight_Fixed Wing_N550ND_before_0_189617.csv,129,3225,3254,1.7406612287040537,"NormAc, E1 CHT1, AltMSL",0.1981988526692298,0.01031479441576104,0.12335698503514868,0.21188794564734217,0.13072277118328055,0.2768464025109325,0.048672248538088735
open_2017_05_08_close_2017_05_08_flight_Fixed Wing_N550ND_before_0_189617.csv,130,3250,3279,1.387847909400263,"NormAc, AltMSL, E1 CHT1",0.18355068310012407,0.05904517129860981,0.14666113893977767,0.14669952008476403,0.13500475101316073,0.285002923536571,0.044035812026786594
open_2017_05_08_close_2017_05_08_flight_Fixed Wing_N550ND_before_0_189617.csv,131,3275,3304,0.5061956877827911,"NormAc, E1 FFlow, E1 EGT1",0.11677663911643245,0.1282354319800859,0.21918515124237153,0.11628440726024926,0.1370896876532934,0.24078051010906515,0.0416481726383092
open_2017_05_08_close_2017_05_08_flight_Fixed Wing_N550ND_before_0_189617.csv,132,3300,3329,1.2604414223667413,"E1 FFlow, NormAc, E1 EGT1",0.14140011586840312,0.15561293205650736,0.23584489551603655,0.09116299355408856,0.17728454279531833,0.18398125541606994,0.014713264793380991
open_2017_05_08_close_2017_05_08_flight_Fixed Wing_N550ND_before_0_189617.csv,133,3325,3354,1.1003635372174378,"E1 FFlow, E1 EGT1, NormAc",0.18157222723616723,0.14100178736711116,0.22404784879467218,0.03966030444922047,0.2050699033845605,0.19585358315527374,0.012794345612787819
open_2017_05_08_close_2017_05_08_flight_Fixed Wing_N550ND_before_0_189617.csv,134,3350,3379,0.9541024000025558,"NormAc, AltMSL, E1 EGT1",0.22789685427108994,0.09140025650240147,0.1816685028195776,0.026939502884648348,0.2122985936254542,0.23365137680844952,0.026144913088160464
open_2017_05_08_close_2017_05_08_flight_Fixed Wing_N550ND_before_0_189617.csv,135,3375,3404,0.3153211114262233,"E1 RPM, E1 FFlow, NormAc",0.12029828911437547,0.2344098662353252,0.23281527313869246,0.06293505808262553,0.13369069171686626,0.13970611483594456,0.07614470687592925
open_2017_05_08_close_2017_05_08_flight_Fixed Wing_N550ND_before_0_189617.csv,136,3400,3429,0.1042060786609631,"E1 FFlow, NormAc, AltMSL",0.16603077389229198,0.12628491832942712,0.2962080262427102,0.14207813386617976,0.028077922193363657,0.18364269089129426,0.05767753458449985
open_2017_05_08_close_2017_05_08_flight_Fixed Wing_N550ND_before_0_189617.csv,137,3425,3454,0.826834992597242,"E1 FFlow, NormAc, AltMSL",0.1757187657487079,0.14137015119520477,0.3562978292893846,0.08368433761122847,0.018011610109396902,0.20318321907421683,0.021734086971616984
open_2017_05_08_close_2017_05_08_flight_Fixed Wing_N550ND_before_0_189617.csv,138,3450,3479,1.095082853544349,"E1 FFlow, NormAc, AltMSL",0.14805684282497444,0.13829712582062004,0.35249451762008316,0.07167818480999424,0.02311753016531473,0.24911444105640995,0.01724135770234321
open_2017_05_08_close_2017_05_08_flight_Fixed Wing_N550ND_before_0_189617.csv,139,3475,3504,1.0103754572384767,"NormAc, E1 CHT1, AltMSL",0.1806378447213882,0.04388909722242592,0.1373131844882701,0.18991800919313936,0.09397346224071976,0.334546220679739,0.019722181454098573
open_2017_05_08_close_2017_05_08_flight_Fixed Wing_N550ND_before_0_189617.csv,140,3500,3529,1.7579727229342565,"E1 CHT1, NormAc, AltMSL",0.19578524116068857,0.016404345974986172,0.12374565150549949,0.2758273443832068,0.129062343148885,0.23370124923258195,0.025473824593940337
open_2017_05_08_close_2017_05_08_flight_Fixed Wing_N550ND_before_0_189617.csv,141,3525,3554,2.0915668494445936,"E1 CHT1, AltMSL, NormAc",0.21258890972752192,0.009353346018512296,0.1246273743820518,0.278254646575364,0.13438264872115888,0.2107622298825421,0.030030844692634517
open_2017_05_08_close_2017_05_08_flight_Fixed Wing_N550ND_before_0_189617.csv,142,3550,3579,2.3911588233554064,"E1 CHT1, NormAc, AltMSL",0.2114021505158784,0.010627560782152524,0.1262540310321449,0.2543521578991668,0.14619022468208998,0.22117243705221712,0.030001438036124616
open_2017_05_08_close_2017_05_08_flight_Fixed Wing_N550ND_before_0_189617.csv,143,3575,3604,2.6232095367484614,"NormAc, E1 CHT1, AltMSL",0.19523254423251857,0.022946061460342015,0.13099571869027624,0.2292757018293827,0.14836695936839975,0.24285472217540913,0.030328292243428756
open_2017_05_08_close_2017_05_08_flight_Fixed Wing_N550ND_before_0_189617.csv,144,3600,3629,2.775371585212669,"AltMSL, NormAc, E1 CHT1",0.2157838501699298,0.008601740292949644,0.1406194710305979,0.20607218042034034,0.17673992837779054,0.2138671465747616,0.03831568313337922
open_2017_05_08_close_2017_05_08_flight_Fixed Wing_N550ND_before_0_189617.csv,145,3625,3654,2.5445016901037776,"NormAc, AltMSL, E1 EGT1",0.20167804885178717,0.014963112084085536,0.11930517987251872,0.15756450692962534,0.16918622304064043,0.289642293651569,0.04766063556954159
open_2017_05_08_close_2017_05_08_flight_Fixed Wing_N550ND_before_0_189617.csv,146,3650,3679,2.471491078435507,"NormAc, AltMSL, E1 EGT1",0.19700089148925576,0.017421677710710938,0.12774600767719566,0.13411643707403,0.1743660554419319,0.30240775216626703,0.04694117844035968
open_2017_05_08_close_2017_05_08_flight_Fixed Wing_N550ND_before_0_189617.csv,147,3675,3704,2.1668482267434803,"NormAc, AltMSL, E1 EGT1",0.18970015679624563,0.01268526953849948,0.11610545494616316,0.117051618807396,0.16491076718314082,0.36481154004123767,0.03473519268705732
open_2017_05_08_close_2017_05_08_flight_Fixed Wing_N550ND_before_0_189617.csv,148,3700,3729,2.434875811416554,"NormAc, AltMSL, E1 EGT1",0.18596618539481663,0.02378535345443002,0.11824086490378051,0.11205256259340465,0.17793649114512008,0.3310046179519394,0.051013924556252734
open_2017_05_08_close_2017_05_08_flight_Fixed Wing_N550ND_before_0_189617.csv,149,3725,3754,1.9240474323051582,"NormAc, AltMSL, E1 EGT1",0.16667080521961983,0.0837247192296201,0.1533499498231573,0.08295763775534463,0.1563569669869855,0.3100386473384961,0.04690127364654504
open_2017_05_08_close_2017_05_08_flight_Fixed Wing_N550ND_before_0_189617.csv,150,3750,3779,0.5625953822584981,"NormAc, E1 FFlow, E1 EGT1",0.09015263826146347,0.1324750471768499,0.22410199518268767,0.08765762416444063,0.14218379773080483,0.28525383282756206,0.03817506465598766
open_2017_05_08_close_2017_05_08_flight_Fixed Wing_N550ND_before_0_189617.csv,151,3775,3804,1.0138185267999407,"NormAc, E1 FFlow, E1 EGT1",0.12469610475417908,0.12232443091823215,0.2336492764325767,0.04984192590151908,0.1744153706682606,0.2614644049130152,0.03360848641200281
open_2017_05_08_close_2017_05_08_flight_Fixed Wing_N550ND_before_0_189617.csv,152,3800,3829,1.867616090579172,"E1 EGT1, E1 FFlow, NormAc",0.20162043768336785,0.0832834600516082,0.21262103406451863,0.025536958267777674,0.23656227989581816,0.20695918716347098,0.03341664287322621
open_2017_05_08_close_2017_05_08_flight_Fixed Wing_N550ND_before_0_189617.csv,153,3825,3854,1.1989621062732154,"NormAc, E1 EGT1, AltMSL",0.223146525267043,0.05738423430484212,0.16376211831151272,0.021685105705766993,0.2383529532411611,0.26216719256049353,0.0335018706089629
open_2017_05_08_close_2017_05_08_flight_Fixed Wing_N550ND_before_0_189617.csv,154,3850,3879,1.5187317354614227,"E1 EGT1, AltMSL, NormAc",0.2622715472690972,0.03837753850163182,0.15938561746947297,0.01749542109492416,0.2725234372877432,0.20432823477396123,0.04561820360294988
open_2017_05_08_close_2017_05_08_flight_Fixed Wing_N550ND_before_0_189617.csv,155,3875,3904,-0.030204922658633393,"E1 RPM, E1 EGT1, NormAc",0.15793987199190876,0.22198830203857192,0.1636455792176565,0.01284688251749392,0.21201187385708076,0.17697631344022535,0.05459117693682433
open_2017_05_08_close_2017_05_08_flight_Fixed Wing_N550ND_before_0_189617.csv,156,3900,3929,0.18823518200125067,"E1 FFlow, E1 RPM, NormAc",0.14857429415655168,0.20556520817115245,0.31178619924706635,0.01045551278733202,0.09219948189379004,0.15106279207814788,0.08035651166569224
open_2017_05_08_close_2017_05_08_flight_Fixed Wing_N550ND_before_0_189617.csv,157,3925,3954,0.3221488937607435,"E1 FFlow, NormAc, AltMSL",0.20162615730304295,0.13007821318170643,0.3254289859358285,0.04450835414504571,0.013625578633949571,0.2685492733122824,0.016183437487893585
open_2017_05_08_close_2017_05_08_flight_Fixed Wing_N550ND_before_0_189617.csv,158,3950,3979,0.6892176382393447,"E1 FFlow, NormAc, AltMSL",0.18324101255547667,0.12305588334504447,0.347621865222646,0.07056355279168196,0.02266414669024441,0.23833928914337968,0.014514250251285644
open_2017_05_08_close_2017_05_08_flight_Fixed Wing_N550ND_before_0_189617.csv,159,3975,4004,1.1160943584051188,"E1 FFlow, NormAc, AltMSL",0.1713705140340223,0.1015920053932419,0.3033684627538711,0.1687697135246361,0.03807120139636708,0.18451768547063435,0.03231041742701091
open_2017_05_08_close_2017_05_08_flight_Fixed Wing_N550ND_before_0_189617.csv,160,4000,4029,1.2487981310527965,"E1 CHT1, AltMSL, NormAc",0.1931923782625856,0.02957184270406792,0.14988923638064092,0.28497198920920874,0.11802662031202198,0.1786610175236411,0.04568691560764081
open_2017_05_08_close_2017_05_08_flight_Fixed Wing_N550ND_before_0_189617.csv,161,4025,4054,0.10756258221676607,"E1 CHT1, E1 FFlow, NormAc",0.14542654388980894,0.10894886900530261,0.1974117663802636,0.2277471808983412,0.10925202368470131,0.16633327950311164,0.04488033663828079
open_2017_05_08_close_2017_05_08_flight_Fixed Wing_N550ND_before_0_189617.csv,162,4050,4079,0.6611331770552273,"E1 FFlow, E1 CHT1, NormAc",0.14387504803199289,0.12393286323310539,0.21017722042615988,0.20619652772620414,0.12997678141071778,0.16000633469078235,0.02583522448085118
open_2017_05_08_close_2017_05_08_flight_Fixed Wing_N550ND_before_0_189617.csv,163,4075,4104,1.1541341255885507,"E1 FFlow, AltMSL, E1 EGT1",0.18551145622534487,0.10680118072417774,0.20919817669239757,0.14486467848685847,0.17151796711512768,0.16290173211904524,0.019204808636861203
open_2017_05_08_close_2017_05_08_flight_Fixed Wing_N550ND_before_0_189617.csv,164,4100,4129,1.5791509013046503,"AltMSL, NormAc, E1 EGT1",0.2719801824423908,0.038685873965217325,0.1490332301191074,0.07760293067958135,0.21077551935843516,0.21496747977766614,0.03695478365739208
open_2017_05_08_close_2017_05_08_flight_Fixed Wing_N550ND_before_0_189617.csv,165,4125,4154,-0.45795128209057623,"E1 RPM, E1 EGT1, NormAc",0.14697151673924533,0.2039750192509508,0.14519772849277413,0.06743008652806283,0.19734353526708245,0.19081200932368395,0.048270104397951596
open_2017_05_08_close_2017_05_08_flight_Fixed Wing_N550ND_before_0_189617.csv,166,4150,4179,0.16953563660061244,"E1 FFlow, E1 RPM, AltMSL",0.15890258499035687,0.20312262178976845,0.3119919731380765,0.02229226851454099,0.08964674563570847,0.1446053839448915,0.06943842198640196
open_2017_05_08_close_2017_05_08_flight_Fixed Wing_N550ND_before_0_189617.csv,167,4175,4204,0.7209920856883705,"E1 FFlow, AltMSL, NormAc",0.23085307918802353,0.14366571607804562,0.35277559613491144,0.03368926630842185,0.015298607527499748,0.2005146678326503,0.02320306693019447
open_2017_05_08_close_2017_05_08_flight_Fixed Wing_N550ND_before_0_189617.csv,168,4200,4229,0.9194874317614548,"E1 FFlow, NormAc, AltMSL",0.18272670757415913,0.12630759649345966,0.3437658379177231,0.09632180465597155,0.021425053504120897,0.21296061509407402,0.01649238476024885
open_2017_05_08_close_2017_05_08_flight_Fixed Wing_N550ND_before_0_189617.csv,169,4225,4254,1.2874938091713353,"E1 FFlow, AltMSL, E1 CHT1",0.1999259976705897,0.08738350105669179,0.24204072939558802,0.19232015625215104,0.061850550662231926,0.18642941272051983,0.030049652242014092
open_2017_05_08_close_2017_05_08_flight_Fixed Wing_N550ND_before_0_189617.csv,170,4250,4279,0.9485309016712793,"E1 CHT1, NormAc, AltMSL",0.1947895769261331,0.01413865145918005,0.11350744324834441,0.28503846639686503,0.12194016110326227,0.24775004987226673,0.02283565099373736
open_2017_05_08_close_2017_05_08_flight_Fixed Wing_N550ND_before_0_189617.csv,171,4275,4304,1.6366800583543424,"E1 CHT1, NormAc, AltMSL",0.20796176924009818,0.01606030024619741,0.11314464509076658,0.310973361880366,0.1171716891128443,0.22243568687901416,0.012252547550499655
open_2017_05_08_close_2017_05_08_flight_Fixed Wing_N550ND_before_0_189617.csv,172,4300,4329,1.5190167826831495,"NormAc, E1 CHT1, AltMSL",0.18387724242657466,0.01903438250608286,0.10601802778433272,0.2762523617896573,0.11147987098429721,0.2829809794018204,0.02035713510700848
open_2017_05_08_close_2017_05_08_flight_Fixed Wing_N550ND_before_0_189617.csv,173,4325,4354,2.039610872528639,"NormAc, E1 CHT1, AltMSL",0.19860153366674443,0.008288102947688598,0.11045307008357916,0.26190505533083,0.12897864912896176,0.2693504472607688,0.022423141581197112
open_2017_05_08_close_2017_05_08_flight_Fixed Wing_N550ND_before_0_189617.csv,174,4350,4379,2.037699664465118,"NormAc, E1 CHT1, AltMSL",0.21512025354321387,0.015206236878203818,0.0976176536086577,0.21733050435915166,0.13417795565675908,0.26494821400262747,0.05559918195116426
open_2017_05_08_close_2017_05_08_flight_Fixed Wing_N550ND_before_0_189617.csv,175,4375,4404,1.9388707213606522,"NormAc, AltMSL, E1 CHT1",0.2012741634068466,0.024364939590618858,0.08873524240107904,0.1890268357924815,0.13829685506496542,0.3027284748601527,0.05557348888362791
open_2017_05_08_close_2017_05_08_flight_Fixed Wing_N550ND_before_0_189617.csv,176,4400,4429,2.4744516419182188,"AltMSL, NormAc, E1 CHT1",0.2321833653446798,0.03330570752972155,0.10607538915273722,0.1695833818666064,0.1526912217619287,0.21814420041968635,0.08801673392440786
open_2017_05_08_close_2017_05_08_flight_Fixed Wing_N550ND_before_0_189617.csv,177,4425,4454,2.2105783018373457,"NormAc, AltMSL, E1 EGT1",0.21078897522362586,0.04582717389707926,0.10783341163445202,0.14242804487598473,0.14376378970231704,0.2749523376668471,0.0744062669994795
open_2017_05_08_close_2017_05_08_flight_Fixed Wing_N550ND_before_0_189617.csv,178,4450,4479,2.6265498964570173,"NormAc, AltMSL, E1 EGT1",0.22237134596003202,0.01659051504735267,0.1192686102389326,0.13587862359987124,0.18000284799738966,0.27650770383354106,0.04938035332264469
open_2017_05_08_close_2017_05_08_flight_Fixed Wing_N550ND_before_0_189617.csv,179,4475,4504,1.5647037837100055,"NormAc, E1 FFlow, AltMSL",0.16755864751045094,0.11634555123861755,0.17920668139187312,0.10843292491719858,0.15340727036643928,0.2353649756746817,0.03968394890054137
open_2017_05_08_close_2017_05_08_flight_Fixed Wing_N550ND_before_0_189617.csv,180,4500,4529,1.7530386003766156,"E1 FFlow, E1 EGT1, NormAc",0.144091363305598,0.12768267476022324,0.23921285754544172,0.11211803846101542,0.18533884937189063,0.16561445062580987,0.025941765929827897
open_2017_05_08_close_2017_05_08_flight_Fixed Wing_N550ND_before_0_189617.csv,181,4525,4554,1.761439629298493,"E1 EGT1, NormAc, E1 FFlow",0.1911276661979989,0.07440330743791147,0.20150632754690487,0.05867936176959048,0.22741054880286812,0.21914309333596088,0.027729694908562204
open_2017_05_08_close_2017_05_08_flight_Fixed Wing_N550ND_before_0_189617.csv,182,4550,4579,1.750932522183294,"E1 EGT1, AltMSL, NormAc",0.24171595622770184,0.03894067026340483,0.17438440538168448,0.022910817400947293,0.2623640777912645,0.2355504613805246,0.024133611554251415
open_2017_05_08_close_2017_05_08_flight_Fixed Wing_N550ND_before_0_189617.csv,183,4575,4604,2.1247239894909016,"E1 EGT1, AltMSL, NormAc",0.2716230243653125,0.02480415371938963,0.14844224004482653,0.020504898178865433,0.28337429440823797,0.18189223928996537,0.06935914999317519
open_2017_05_08_close_2017_05_08_flight_Fixed Wing_N550ND_before_0_189617.csv,184,4600,4629,2.084808416382588,"AltMSL, E1 EGT1, NormAc",0.2916428242400122,0.04444052991840276,0.11488947774409697,0.041105821525483026,0.23805423211014454,0.18636443525926566,0.08350267920237328
open_2017_05_08_close_2017_05_08_flight_Fixed Wing_N550ND_before_0_189617.csv,185,4625,4654,1.1290046828051987,"AltMSL, E1 EGT1, E1 FFlow",0.2443708428885483,0.06472005724348395,0.1665553855973435,0.08556798352267983,0.22264400447062604,0.16636172648860867,0.04977999978851143
open_2017_05_08_close_2017_05_08_flight_Fixed Wing_N550ND_before_0_189617.csv,186,4650,4679,0.3480916481783498,"E1 FFlow, E1 RPM, AltMSL",0.14680394978358138,0.1769485338748465,0.22146291759114325,0.12430664884631006,0.12970650065618702,0.14409464018003829,0.05667680906767161
open_2017_05_08_close_2017_05_08_flight_Fixed Wing_N550ND_before_0_189617.csv,187,4675,4704,0.2149355857848705,"E1 FFlow, AltMSL, NormAc",0.2177665846409497,0.111192367898471,0.2927566073337526,0.04371502739881226,0.04886950733948645,0.21647293446121676,0.06922697092706957
open_2017_05_08_close_2017_05_08_flight_Fixed Wing_N550ND_before_0_189617.csv,188,4700,4729,0.5064730596058378,"E1 FFlow, NormAc, AltMSL",0.20587943321266894,0.11554856242976293,0.30675277330930617,0.10175287486066015,0.014083100094157254,0.2412630824513625,0.014720173641845257
open_2017_05_08_close_2017_05_08_flight_Fixed Wing_N550ND_before_0_189617.csv,189,4725,4754,0.7467830050304838,"E1 FFlow, NormAc, E1 CHT1",0.1759228896944409,0.10759282478166009,0.3093654400514206,0.17788504597516974,0.024114574883140016,0.18767594435129506,0.01744328026264314
open_2017_05_08_close_2017_05_08_flight_Fixed Wing_N550ND_before_0_189617.csv,190,4750,4779,1.0497294022514727,"E1 CHT1, NormAc, AltMSL",0.19545330250313625,0.0630539898869894,0.1690667191087908,0.2641967584888933,0.057436055561024865,0.23130362736527077,0.019489547085674845
open_2017_05_08_close_2017_05_08_flight_Fixed Wing_N550ND_before_0_189617.csv,191,4775,4804,1.1829921323455088,"E1 CHT1, AltMSL, NormAc",0.20844151203712524,0.018154397724729737,0.13368282323910763,0.3291352419124703,0.11347877642482124,0.14176105067536818,0.055346197986174475
open_2017_05_08_close_2017_05_08_flight_Fixed Wing_N550ND_before_0_189617.csv,192,4800,4829,0.4383409406481902,"E1 CHT1, NormAc, E1 FFlow",0.1678193878949724,0.07532218948380946,0.177737626144929,0.2564394747281901,0.11141857951981685,0.17865535686767764,0.03260738536041104
open_2017_05_08_close_2017_05_08_flight_Fixed Wing_N550ND_before_0_189617.csv,193,4825,4854,0.5593450339881776,"E1 FFlow, E1 CHT1, NormAc",0.12870613472511822,0.13733005210582497,0.225109973964018,0.22422225860776948,0.1148188872408651,0.14756135231145423,0.022251341044761015
open_2017_05_08_close_2017_05_08_flight_Fixed Wing_N550ND_before_0_189617.csv,194,4850,4879,1.3391251985932677,"E1 FFlow, AltMSL, E1 CHT1",0.16588295888213575,0.120353804058401,0.2244020056005412,0.16412663178393325,0.15700286100581856,0.1429747577278488,0.02525698094113682
open_2017_05_08_close_2017_05_08_flight_Fixed Wing_N550ND_before_0_189617.csv,195,4875,4904,1.4971373209131937,"AltMSL, E1 FFlow, E1 EGT1",0.213832194163258,0.08378548020033516,0.20635931609794428,0.09974829664051915,0.19994708926935614,0.17287213664226891,0.023455486986124235
open_2017_05_08_close_2017_05_08_flight_Fixed Wing_N550ND_before_0_189617.csv,196,4900,4929,1.587881684039933,"AltMSL, E1 EGT1, E1 FFlow",0.2598853038366919,0.054259569575692015,0.1772248690855141,0.054079183073353174,0.24328575227534574,0.17552614037747197,0.035739181775725846
open_2017_05_08_close_2017_05_08_flight_Fixed Wing_N550ND_before_0_189617.csv,197,4925,4954,0.417968256809107,"E1 EGT1, E1 RPM, AltMSL",0.19829365718846956,0.2009488207466512,0.15140707318611787,0.044299155406156046,0.220454627455055,0.13834420723374466,0.04625245878358259
open_2017_05_08_close_2017_05_08_flight_Fixed Wing_N550ND_before_0_189617.csv,198,4950,4979,0.25755432953723956,"E1 FFlow, E1 RPM, AltMSL",0.12920144690410923,0.23563862887995227,0.30735588071656644,0.03881568545914579,0.10762580312739975,0.09565041323306298,0.08571214167952233
open_2017_05_08_close_2017_05_08_flight_Fixed Wing_N550ND_before_0_189617.csv,199,4975,5004,0.4857100942343586,"E1 FFlow, NormAc, AltMSL",0.21426278522164005,0.13453348262641987,0.3330467630257195,0.040858817640906195,0.02595710991328414,0.2323868148472595,0.01895422672451731
open_2017_05_08_close_2017_05_08_flight_Fixed Wing_N550ND_before_0_189617.csv,200,5000,5029,0.9230262011090287,"E1 FFlow, NormAc, AltMSL",0.18229473342419006,0.12353504580275095,0.35240991667355415,0.08362369768489233,0.02711860266294026,0.19827765580552514,0.032740347945909756
open_2017_05_08_close_2017_05_08_flight_Fixed Wing_N550ND_before_0_189617.csv,201,5025,5054,0.6137958829278403,"NormAc, E1 FFlow, AltMSL",0.16231825118418422,0.08557256162919608,0.2377254197953501,0.16033719726164036,0.03663378292374787,0.29810275256482327,0.019310034640833015
open_2017_05_08_close_2017_05_08_flight_Fixed Wing_N550ND_before_0_189617.csv,202,5050,5079,1.3166398661917396,"E1 CHT1, NormAc, AltMSL",0.18602761327801878,0.03243851333689549,0.11864012491279022,0.3102489192727344,0.10657392671477194,0.2201824407669904,0.025888461717587075
open_2017_05_08_close_2017_05_08_flight_Fixed Wing_N550ND_before_0_189617.csv,203,5075,5104,1.3175669926088962,"E1 CHT1, AltMSL, NormAc",0.19423004590991857,0.029358777466908462,0.14161939120362743,0.3044280958672742,0.12493529605848054,0.17914756395588302,0.026280829537708456
open_2017_05_08_close_2017_05_08_flight_Fixed Wing_N550ND_before_0_189617.csv,204,5100,5129,1.5942443109001618,"E1 CHT1, NormAc, AltMSL",0.1812042773982075,0.03826128885385217,0.1370048141348462,0.2701885830686178,0.12767823192937547,0.20710298438983232,0.03855982022506589
open_2017_05_08_close_2017_05_08_flight_Fixed Wing_N550ND_before_0_189617.csv,205,5125,5154,1.8171862020612104,"NormAc, E1 CHT1, AltMSL",0.18428240650504826,0.03413073170707588,0.13683648482997623,0.23261319046075948,0.14073471123751832,0.2438424231957772,0.027560052063631296
open_2017_05_08_close_2017_05_08_flight_Fixed Wing_N550ND_before_0_189617.csv,206,5150,5179,1.5459497116974137,"NormAc, E1 CHT1, AltMSL",0.1729242932101385,0.020282694239855358,0.10567360732703915,0.18784296899157318,0.1338239396518991,0.34649313150885297,0.03295936507042302
open_2017_05_08_close_2017_05_08_flight_Fixed Wing_N550ND_before_0_189617.csv,207,5175,5204,1.3555157084147615,"NormAc, AltMSL, E1 CHT1",0.17909645413810008,0.012647317816059473,0.11002066046433147,0.15620756512727302,0.12895047748790625,0.37395840522751045,0.039119119738587976
open_2017_05_08_close_2017_05_08_flight_Fixed Wing_N550ND_before_0_189617.csv,208,5200,5229,2.4255259378581395,"NormAc, AltMSL, E1 EGT1",0.2170381397599152,0.018563392647824466,0.11995189171139138,0.17268930022380516,0.17539976305644098,0.2748392579561791,0.02151825464421412
open_2017_05_08_close_2017_05_08_flight_Fixed Wing_N550ND_before_0_189617.csv,209,5225,5254,2.650158156198757,"NormAc, AltMSL, E1 EGT1",0.2299324575983183,0.015564711827912628,0.1339596679353272,0.1741657321256171,0.19689317874781437,0.23555730814436715,0.013926943620396372
open_2017_05_08_close_2017_05_08_flight_Fixed Wing_N550ND_before_0_189617.csv,210,5250,5279,2.701098505290848,"NormAc, AltMSL, E1 EGT1",0.21719757945664497,0.019615102265513013,0.1305051012292835,0.15224476311291513,0.18263198956033766,0.2762673347031564,0.02153812967190149
open_2017_05_08_close_2017_05_08_flight_Fixed Wing_N550ND_before_0_189617.csv,211,5275,5304,1.3808298173282778,"NormAc, AltMSL, E1 FFlow",0.1675826907678275,0.058404812762432715,0.15044277425673105,0.10420852469248093,0.1441201027889605,0.3317877441455088,0.04345335058584299
open_2017_05_08_close_2017_05_08_flight_Fixed Wing_N550ND_before_0_189617.csv,212,5300,5329,1.253612790767574,"E1 FFlow, NormAc, AltMSL",0.13829664868030556,0.12801206439862262,0.23512587969516893,0.1345500475645326,0.1054316024592374,0.1834355995031244,0.07514815769882545
open_2017_05_08_close_2017_05_08_flight_Fixed Wing_N550ND_before_0_189617.csv,213,5325,5354,1.7705107569707317,"E1 FFlow, AltMSL, NormAc",0.20422242489918904,0.08552128458534855,0.23240456026436285,0.09194601173347851,0.16960624591615975,0.19059389558176748,0.02570557701948594
open_2017_05_08_close_2017_05_08_flight_Fixed Wing_N550ND_before_0_189617.csv,214,5350,5379,2.0912388595620057,"E1 EGT1, AltMSL, NormAc",0.2466289551300836,0.03777341555151563,0.17285422212290846,0.027673042069748466,0.27752928798712884,0.18833959164720768,0.04920148549118446
open_2017_05_08_close_2017_05_08_flight_Fixed Wing_N550ND_before_0_189617.csv,215,5375,5404,1.975914838983154,"AltMSL, E1 EGT1, NormAc",0.26447123555583496,0.05530539060926307,0.13612638423651774,0.01196929760253396,0.24891876755120274,0.20782912124449546,0.07537980319992776
open_2017_05_08_close_2017_05_08_flight_Fixed Wing_N550ND_before_0_189617.csv,216,5400,5429,1.5395930085956917,"AltMSL, E1 EGT1, NormAc",0.2683576924178411,0.033526117543338375,0.142500198005008,0.01946678922734665,0.24943406038126387,0.23416562071028357,0.05254952171470352
open_2017_05_08_close_2017_05_08_flight_Fixed Wing_N550ND_before_0_189617.csv,217,5425,5454,0.17342116910851546,"AltMSL, E1 EGT1, E1 RPM",0.19169650233585758,0.18620102271861488,0.15223734670058028,0.05909644437265789,0.1868383963326572,0.1840281703163711,0.03990211722304314
open_2017_05_08_close_2017_05_08_flight_Fixed Wing_N550ND_before_0_189617.csv,218,5450,5479,0.018865987268406936,"E1 FFlow, E1 RPM, NormAc",0.13043358358228788,0.22187133900353537,0.29027880806501316,0.08202897380932904,0.09050145397051386,0.14192184214198572,0.04296399942709646
open_2017_05_08_close_2017_05_08_flight_Fixed Wing_N550ND_before_0_189617.csv,219,5475,5504,0.45626354210093334,"E1 FFlow, NormAc, AltMSL",0.22010670497057014,0.12947443695284866,0.3306546363038042,0.030058865691194956,0.018851378032037226,0.24729331268549315,0.023560665363792012
open_2017_05_08_close_2017_05_08_flight_Fixed Wing_N550ND_before_0_189617.csv,220,5500,5529,1.0743445033475596,"E1 FFlow, AltMSL, NormAc",0.1990792866802405,0.12701830805076317,0.3447798330862055,0.11065151319922627,0.021764762235542266,0.17499093110194341,0.021715365645837516
open_2017_05_08_close_2017_05_08_flight_Fixed Wing_N550ND_before_0_189617.csv,221,5525,5554,0.9239012996934668,"E1 FFlow, NormAc, AltMSL",0.1942994261541492,0.08865018474271985,0.25893695577377956,0.1823402312722406,0.051986093693959054,0.19962769801375815,0.024159410349185402
open_2017_05_08_close_2017_05_08_flight_Fixed Wing_N550ND_before_0_189617.csv,222,5550,5579,1.2600102902235606,"E1 CHT1, AltMSL, NormAc",0.19498927284092565,0.03432457046253386,0.14276576090769438,0.29847292199875536,0.12631252266621265,0.1869863935811145,0.01614855754256403
open_2017_05_08_close_2017_05_08_flight_Fixed Wing_N550ND_before_0_189617.csv,223,5575,5604,1.4882690838195622,"E1 CHT1, NormAc, AltMSL",0.17760728474817025,0.047170531297431165,0.14269616842277769,0.29515490846400977,0.12011959474250253,0.19226028271367118,0.02499122961123946
open_2017_05_08_close_2017_05_08_flight_Fixed Wing_N550ND_before_0_189617.csv,224,5600,5629,1.5710318262048255,"E1 CHT1, NormAc, AltMSL",0.1710505113769617,0.04180879464205056,0.1281976589622264,0.26954386694257815,0.12457231354286492,0.22629765517539221,0.03852919935771678
open_2017_05_08_close_2017_05_08_flight_Fixed Wing_N550ND_before_0_189617.csv,225,5625,5654,1.7167674809510625,"NormAc, E1 CHT1, AltMSL",0.20860159937035694,0.007609003520301809,0.10416350524943954,0.23248593952139487,0.12322192779579995,0.2971407032035834,0.026777321338892983
open_2017_05_08_close_2017_05_08_flight_Fixed Wing_N550ND_before_0_189617.csv,226,5650,5679,2.296466660235519,"NormAc, E1 CHT1, AltMSL",0.21354217646418538,0.010559410065180354,0.1124664107840918,0.2326909698804591,0.14640417749272067,0.27215825234496643,0.012178602968165883
open_2017_05_08_close_2017_05_08_flight_Fixed Wing_N550ND_before_0_189617.csv,227,5675,5704,1.2592695260204487,"NormAc, E1 CHT1, AltMSL",0.16343353032331412,0.008974569292377584,0.09163156316242071,0.17129532239514209,0.12825945817134288,0.41566163102995957,0.02074392562520629
open_2017_05_08_close_2017_05_08_flight_Fixed Wing_N550ND_before_0_189617.csv,228,5700,5729,2.0964525045546787,"NormAc, AltMSL, E1 CHT1",0.1996964844242449,0.01635030145328303,0.10577782120028997,0.18193841630208174,0.1535299829865701,0.3165892772173777,0.026117716415907915
open_2017_05_08_close_2017_05_08_flight_Fixed Wing_N550ND_before_0_189617.csv,229,5725,5754,1.1600458743034703,"NormAc, E1 FFlow, E1 EGT1",0.13733930374391382,0.11661394130998848,0.19407588549572566,0.1309245255321381,0.1636420134541568,0.23620485427358318,0.02119947619028772
open_2017_05_08_close_2017_05_08_flight_Fixed Wing_N550ND_before_0_189617.csv,230,5750,5779,0.4477795729289791,"NormAc, E1 FFlow, E1 EGT1",0.11123085737687148,0.13598081321903457,0.21874388829439242,0.11255770452149587,0.16997592358617586,0.23051854858520715,0.020992264416619145
open_2017_05_08_close_2017_05_08_flight_Fixed Wing_N550ND_before_0_189617.csv,231,5775,5804,0.7501028257439226,"E1 FFlow, NormAc, E1 EGT1",0.1463554670993692,0.13148398677040604,0.2222232566761811,0.09045780459335818,0.16873863882849433,0.21967750831540092,0.021063337716593942
open_2017_05_08_close_2017_05_08_flight_Fixed Wing_N550ND_before_0_189617.csv,232,5800,5829,1.484280972614687,"E1 FFlow, AltMSL, NormAc",0.20989024664656575,0.11704226038316394,0.22345160821326399,0.059822215712883535,0.15181610868042839,0.1944585335255018,0.04351902683798894
open_2017_05_08_close_2017_05_08_flight_Fixed Wing_N550ND_before_0_189617.csv,233,5825,5854,0.6098260133411153,"E1 RPM, E1 EGT1, AltMSL",0.18670726936022647,0.21714865813189255,0.1623228932237769,0.01915992788722229,0.21621984219057247,0.1371443136503382,0.061297095555734184
open_2017_05_08_close_2017_05_08_flight_Fixed Wing_N550ND_before_0_189617.csv,234,5850,5879,0.45217220594816565,"E1 RPM, E1 EGT1, IAS",0.09679856582083284,0.26095270837287426,0.14262365951424982,0.07277516346499623,0.16900575241895252,0.11263970141237731,0.14520444899539292
open_2017_05_08_close_2017_05_08_flight_Fixed Wing_N550ND_before_0_189617.csv,235,5875,5904,0.6964770755564333,"IAS, E1 EGT1, E1 FFlow",0.1169702861823981,0.10459405569819302,0.15823571018603896,0.024192503701229592,0.21254792700391706,0.12015212639917455,0.2633073908287766
open_2017_05_08_close_2017_05_08_flight_Fixed Wing_N550ND_before_0_189617.csv,236,5900,5929,0.7284372830169121,"IAS, E1 FFlow, E1 EGT1",0.1252537732993142,0.1378139560724927,0.173773661696775,0.020801585439285886,0.14827359024062478,0.12096579010781874,0.27311764314342674
open_2017_05_08_close_2017_05_08_flight_Fixed Wing_N550ND_before_0_189617.csv,237,5925,5954,0.8847299756687836,"IAS, E1 FFlow, E1 RPM",0.1228852421106229,0.16388122896215288,0.19147732365550807,0.024132894654510344,0.09848311737424757,0.12423061543090871,0.27490957781176656
open_2017_05_08_close_2017_05_08_flight_Fixed Wing_N550ND_before_0_189617.csv,238,5950,5979,0.8171631805105402,"IAS, E1 FFlow, E1 RPM",0.11992728220847634,0.14209155842554497,0.1861633920848451,0.03401432563789955,0.12452585737337739,0.13199341312959145,0.2612841711400113
open_2017_05_08_close_2017_05_08_flight_Fixed Wing_N550ND_before_0_189617.csv,239,5975,6004,0.8164213206371023,"IAS, E1 FFlow, E1 RPM",0.12240672699462705,0.15747508065632954,0.18559985211775298,0.05835219631891232,0.1147004573490597,0.1187769011880875,0.2426887853749725
open_2017_05_08_close_2017_05_08_flight_Fixed Wing_N550ND_before_0_189617.csv,240,6000,6029,0.6528738404421088,"IAS, NormAc, E1 FFlow",0.11596735664957827,0.16547372374944502,0.16616696465569575,0.0818488100741368,0.020938279144341695,0.18824398753878105,0.2613608781877174
open_2017_05_08_close_2017_05_08_flight_Fixed Wing_N550ND_before_0_189617.csv,241,6025,6054,0.8223884713776815,"IAS, E1 FFlow, E1 RPM",0.11574719135614205,0.15829887226976497,0.17100256705427191,0.09910231513795116,0.04907604074023308,0.14529972384703962,0.2614732895942825
open_2017_05_08_close_2017_05_08_flight_Fixed Wing_N550ND_before_0_189617.csv,242,6050,6079,0.7547867795630929,"IAS, E1 FFlow, NormAc",0.11192821478058942,0.1459649873446796,0.16492870023706135,0.10564075017836574,0.05380638703560204,0.16364622502412368,0.25408473539926957
open_2017_05_08_close_2017_05_08_flight_Fixed Wing_N550ND_before_0_189617.csv,243,6075,6104,0.736410057575553,"IAS, E1 FFlow, NormAc",0.11172537346838915,0.1471174582371351,0.16651962165475562,0.12187482464007475,0.051951288315317444,0.14742413172818725,0.2533873019558288
open_2017_05_08_close_2017_05_08_flight_Fixed Wing_N550ND_before_0_189617.csv,244,6100,6129,0.7959311341182773,"IAS, E1 FFlow, E1 RPM",0.11550874152115119,0.15155151067674685,0.17038595935577963,0.14828641989489397,0.05453153991776629,0.10054809983459402,0.2591877287987542
open_2017_05_08_close_2017_05_08_flight_Fixed Wing_N550ND_before_0_189617.csv,245,6125,6154,0.7313927957751196,"IAS, E1 CHT1, E1 FFlow",0.11119772123196524,0.14570339574963953,0.16317412007772705,0.16827603659689497,0.05216405080381538,0.11055160671687457,0.24893306882277402
open_2017_05_08_close_2017_05_08_flight_Fixed Wing_N550ND_before_0_189617.csv,246,6150,6179,0.6279736762793058,"IAS, E1 CHT1, E1 FFlow",0.10523595627121886,0.13621907781561282,0.15686811012429375,0.18525322871737038,0.0525756809472446,0.12861268229101544,0.23523526383294577
open_2017_05_08_close_2017_05_08_flight_Fixed Wing_N550ND_before_0_189617.csv,247,6175,6204,0.6368292059172806,"IAS, E1 CHT1, E1 FFlow",0.10672731829336587,0.13292258903161844,0.15969219219394462,0.2159767732294982,0.05136628314867732,0.09560384974438033,0.23771099435821696
open_2017_05_08_close_2017_05_08_flight_Fixed Wing_N550ND_before_0_189617.csv,248,6200,6229,0.5837998437307159,"E1 CHT1, IAS, E1 FFlow",0.10463850726502813,0.13694868809247165,0.1603518464858018,0.2407146352548137,0.046955077214437625,0.07238011519059276,0.23801113049655054
open_2017_05_08_close_2017_05_08_flight_Fixed Wing_N550ND_before_0_189617.csv,249,6225,6254,0.5334312168251212,"E1 CHT1, IAS, E1 FFlow",0.10328291413296986,0.13821225640198923,0.1581368151270303,0.25764634172692424,0.04937524382846883,0.060581191065170285,0.23276523771714347
open_2017_05_08_close_2017_05_08_flight_Fixed Wing_N550ND_before_0_189617.csv,250,6250,6279,0.4577938714079832,"E1 CHT1, IAS, E1 FFlow",0.09976509764956445,0.13295012155527572,0.15450351963280237,0.27452491543806157,0.04815902146221232,0.06468780887416514,0.2254095153876181
open_2017_05_08_close_2017_05_08_flight_Fixed Wing_N550ND_before_0_189617.csv,251,6275,6304,0.2571601412513034,"E1 CHT1, IAS, E1 FFlow",0.09443243942049455,0.10068480179216986,0.1548382833270344,0.24079034247356138,0.12683744591775856,0.07878197437880882,0.2036347126899277
open_2017_05_08_close_2017_05_08_flight_Fixed Wing_N550ND_before_0_189617.csv,252,6300,6329,0.034841419227720216,"E1 CHT1, IAS, E1 FFlow",0.09893872410857932,0.1085608399212844,0.15874860217352899,0.24560873312052037,0.0917967428613388,0.08887357880827322,0.20747277900623795
open_2017_05_08_close_2017_05_08_flight_Fixed Wing_N550ND_before_0_189617.csv,253,6325,6354,-0.021746248383438083,"E1 CHT1, IAS, E1 FFlow",0.09787109047217978,0.1053818771562529,0.15596967537310277,0.2550018591081334,0.09610607308756515,0.08840583442971073,0.20126359037282324
open_2017_05_08_close_2017_05_08_flight_Fixed Wing_N550ND_before_0_189617.csv,254,6350,6379,-0.11485557393298595,"E1 CHT1, IAS, E1 FFlow",0.1024635005469412,0.1048811050131314,0.15537122637235545,0.23740562640020935,0.11867109784711444,0.07919039319054616,0.202017050629477
open_2017_05_08_close_2017_05_08_flight_Fixed Wing_N550ND_before_0_189617.csv,255,6375,6404,0.20418007088228451,"E1 CHT1, IAS, E1 FFlow",0.10186413770262397,0.11803952447102824,0.15377850896251208,0.2710688355547773,0.07143485505406848,0.07162508103390754,0.21218905722083384
open_2017_05_08_close_2017_05_08_flight_Fixed Wing_N550ND_before_0_189617.csv,256,6400,6429,0.3729934220955884,"E1 CHT1, IAS, E1 FFlow",0.10369724144168543,0.13090654616069128,0.15767650952225626,0.2787811389535701,0.0260938088349183,0.07848085812657855,0.224363896960024
open_2017_05_08_close_2017_05_08_flight_Fixed Wing_N550ND_before_1_189642.csv,0,0,29,-0.8490964343334864,"E1 CHT1, E1 EGT1, NormAc",0.03601353129551407,0.016032922017967723,0.014675142290702712,0.5739427732358042,0.17338787796551877,0.10637142055712573,0.07957633263680078
open_2017_05_08_close_2017_05_08_flight_Fixed Wing_N550ND_before_1_189642.csv,1,25,54,-0.3905742703002444,"E1 CHT1, E1 EGT1, E1 RPM",0.04924311742368409,0.12155058224444097,0.05106809864455115,0.3614721539946468,0.23574087072073607,0.07272637893848372,0.10819879803295668
open_2017_05_08_close_2017_05_08_flight_Fixed Wing_N550ND_before_1_189642.csv,2,50,79,0.04588370324269908,"E1 CHT1, E1 RPM, E1 EGT1",0.07310079347814814,0.1729906393256199,0.0869033592115557,0.21738326609272993,0.1700273592247137,0.11425733179078096,0.16533725087595053
open_2017_05_08_close_2017_05_08_flight_Fixed Wing_N550ND_before_1_189642.csv,3,75,104,0.27578669571744774,"IAS, E1 RPM, E1 CHT1",0.10043262026500004,0.1828869777587502,0.11974598578280632,0.14490021651576998,0.14156736993014998,0.0843997500395319,0.2260670797075252
open_2017_05_08_close_2017_05_08_flight_Fixed Wing_N550ND_before_1_189642.csv,4,100,129,0.41282535027488576,"IAS, E1 RPM, E1 FFlow",0.10712369031702684,0.1691534044287085,0.13382458658285576,0.12396082112455656,0.1004582725511148,0.11763528233334214,0.24784394266199858
open_2017_05_08_close_2017_05_08_flight_Fixed Wing_N550ND_before_1_189642.csv,5,125,154,0.5841114406382961,"IAS, E1 RPM, E1 FFlow",0.1213153524993704,0.17336609800166403,0.15439997302275243,0.1331031233956636,0.06506947354025418,0.07432389289473876,0.2784220866451841
open_2017_05_08_close_2017_05_08_flight_Fixed Wing_N550ND_before_1_189642.csv,6,150,179,0.7129697434917381,"IAS, E1 FFlow, E1 RPM",0.12500313428457893,0.16404338379723438,0.1653882355184351,0.1310512278997923,0.033851658087257666,0.09453124848240674,0.2861311119299522
open_2017_05_08_close_2017_05_08_flight_Fixed Wing_N550ND_before_1_189642.csv,7,175,204,0.8173849143098795,"IAS, E1 FFlow, E1 RPM",0.12700752121090925,0.16086248348492144,0.17433569940460553,0.12458120863891829,0.028326501430549628,0.0929198887188741,0.2919666971108924
open_2017_05_08_close_2017_05_08_flight_Fixed Wing_N550ND_before_1_189642.csv,8,200,229,0.9389288158634366,"IAS, E1 FFlow, E1 RPM",0.13400956176347656,0.1619339811190077,0.1910992259053067,0.10868901725585627,0.031103887374946498,0.06499395630647611,0.3081703702746013
open_2017_05_08_close_2017_05_08_flight_Fixed Wing_N550ND_before_1_189642.csv,9,225,254,0.9942260555754499,"IAS, E1 FFlow, E1 RPM",0.13516574713250823,0.15877472149378208,0.19473816729686397,0.08272401259049449,0.03505903910019164,0.08446278013960641,0.30907553224623174
open_2017_05_08_close_2017_05_08_flight_Fixed Wing_N550ND_before_1_189642.csv,10,250,279,0.8168123200593853,"IAS, E1 FFlow, E1 EGT1",0.12487981268046552,0.13182422160651378,0.1865101207715854,0.026346699707113747,0.1607775772406189,0.092127704515782,0.2775338634776517
open_2017_05_08_close_2017_05_08_flight_Fixed Wing_N550ND_before_1_189642.csv,11,275,304,0.730451159146194,"IAS, E1 RPM, E1 FFlow",0.11234104238894724,0.19350448493085753,0.17253491523203265,0.03353298870128248,0.13407580842520414,0.09530912720520061,0.2587016331161738
open_2017_05_08_close_2017_05_08_flight_Fixed Wing_N550ND_before_1_189642.csv,12,300,329,0.6792249503483743,"IAS, E1 RPM, E1 FFlow",0.10536368070676819,0.19223939065660012,0.17821958664097406,0.024499044516485612,0.11966651194486415,0.1343376279803978,0.24567415755357402
open_2017_05_08_close_2017_05_08_flight_Fixed Wing_N550ND_before_1_189642.csv,13,325,354,0.7488393678032188,"IAS, E1 FFlow, NormAc",0.1110080791856163,0.1458823483579349,0.18101540613173367,0.040830157401057325,0.11934241480502886,0.15059790986958557,0.2513236842487488
open_2017_05_08_close_2017_05_08_flight_Fixed Wing_N550ND_before_1_189642.csv,14,350,379,0.5753483891976736,"IAS, NormAc, E1 RPM",0.10237180668774407,0.1758873184010811,0.15405612285545375,0.044157099714368216,0.10830473042795942,0.17728181041677787,0.23794111149628014
open_2017_05_08_close_2017_05_08_flight_Fixed Wing_N550ND_before_1_189642.csv,15,375,404,0.3460811692281509,"IAS, E1 EGT1, NormAc",0.0892931925635225,0.1567905371887575,0.13257549234747126,0.04748551878174289,0.19695440016898239,0.17026048473607477,0.20664037421311054
open_2017_05_08_close_2017_05_08_flight_Fixed Wing_N550ND_before_1_189642.csv,16,400,429,0.4955360319705915,"IAS, E1 EGT1, E1 RPM",0.09659898245742422,0.15955947364490417,0.14170672758492484,0.06439444818459396,0.20176939813321643,0.113666629936622,0.22230434005797223
open_2017_05_08_close_2017_05_08_flight_Fixed Wing_N550ND_before_1_189642.csv,17,425,454,0.38355267508972135,"IAS, E1 EGT1, NormAc",0.09107713057324196,0.12801364671778087,0.14092644677254923,0.07132682525693372,0.19134159270125708,0.16430242456971234,0.21301193340820726
open_2017_05_08_close_2017_05_08_flight_Fixed Wing_N550ND_before_1_189642.csv,18,450,479,0.4679464272555438,"IAS, NormAc, E1 RPM",0.09759218083438917,0.16480490005343268,0.146364857569241,0.08401749196356936,0.10640209097777739,0.17791526506593192,0.2229032135353509
open_2017_05_08_close_2017_05_08_flight_Fixed Wing_N550ND_before_1_189642.csv,19,475,504,0.31676797507838517,"E1 EGT1, IAS, E1 RPM",0.08233558122900862,0.16630660883380294,0.1344750510549154,0.08781380957722928,0.21402130567536465,0.12155113534989832,0.19349650827945739
open_2017_05_08_close_2017_05_08_flight_Fixed Wing_N550ND_before_1_189642.csv,20,500,529,0.7159192171162361,"IAS, E1 FFlow, E1 RPM",0.10999587303874345,0.1311933822516606,0.16810604653819164,0.11573053226363071,0.10502542526110042,0.125255979307881,0.2446927613385026
open_2017_05_08_close_2017_05_08_flight_Fixed Wing_N550ND_before_1_189642.csv,21,525,554,0.537255260535566,"IAS, E1 RPM, E1 EGT1",0.09463235381882458,0.16785180180532341,0.13978651169734238,0.11963476704996906,0.14142301660323503,0.11718872265729928,0.21948282636768343
open_2017_05_08_close_2017_05_08_flight_Fixed Wing_N550ND_before_1_189642.csv,22,550,579,0.3366274677204646,"E1 EGT1, IAS, E1 RPM",0.08354653402131793,0.15283407098324042,0.12709362850492836,0.11679902734502227,0.20305320512249767,0.12259801406665517,0.19407551995600894
open_2017_05_08_close_2017_05_08_flight_Fixed Wing_N550ND_before_1_189642.csv,23,575,604,0.2937764150112865,"E1 EGT1, IAS, E1 RPM",0.08245750309137258,0.14550324730485667,0.12647454309255302,0.11282504299534754,0.21705824461411602,0.12388966102815019,0.1917917578732726
open_2017_05_08_close_2017_05_08_flight_Fixed Wing_N550ND_before_1_189642.csv,24,600,629,0.6437286228690984,"IAS, E1 EGT1, E1 FFlow",0.10493376361644097,0.12235674891320751,0.16184263120801223,0.12132906317179244,0.1719380354003239,0.07977293885445197,0.23782681883546875
open_2017_05_08_close_2017_05_08_flight_Fixed Wing_N550ND_before_1_189642.csv,25,625,654,0.5514244585280328,"IAS, E1 EGT1, AltMSL",0.13324487722210296,0.06368699571959052,0.12469262667440481,0.08844162246814928,0.2378274695028893,0.07435774285367813,0.27774866555896677
open_2017_05_08_close_2017_05_08_flight_Fixed Wing_N550ND_before_1_189642.csv,26,650,679,-0.20118576115267173,"IAS, E1 EGT1, E1 RPM",0.13700518490736016,0.13726693588287162,0.10989257198455696,0.08528140065610978,0.1995870093074069,0.074356043154537,0.25661085410693174
open_2017_05_08_close_2017_05_08_flight_Fixed Wing_N550ND_before_1_189642.csv,27,675,704,0.4462694520411925,"IAS, E1 CHT1, E1 FFlow",0.10697464794329983,0.13388834362485041,0.17183452373557268,0.1772718024134752,0.12585964293202437,0.06017114792567896,0.2239998914248665
open_2017_05_08_close_2017_05_08_flight_Fixed Wing_N550ND_before_1_189642.csv,28,700,729,0.2561457620077028,"IAS, E1 CHT1, E1 FFlow",0.10612572660414293,0.1159414533407174,0.17206286724723635,0.21354325763113716,0.1222720419314182,0.0516172603074065,0.21843739293770836
open_2017_05_08_close_2017_05_08_flight_Fixed Wing_N550ND_before_1_189642.csv,29,725,754,0.1879884103273226,"E1 CHT1, IAS, E1 FFlow",0.0993328189470494,0.1318161586162327,0.15322931531172826,0.25460514752053676,0.07687942315754029,0.07601744580366075,0.20811969064300082
open_2017_05_08_close_2017_05_08_flight_Fixed Wing_N550ND_before_1_189642.csv,30,750,779,0.06662106754276564,"E1 CHT1, IAS, E1 FFlow",0.09567158226371751,0.09319776822690737,0.14795175329604487,0.2630751680247442,0.11255451167843204,0.08857279074921547,0.19897642576069655
open_2017_05_08_close_2017_05_08_flight_Fixed Wing_N550ND_before_1_189642.csv,31,775,804,-0.5021416590311025,"E1 FFlow, E1 CHT1, IAS",0.10166817035423224,0.1511215842110947,0.2138247517381897,0.20719862372628026,0.05393707083634474,0.10348982151286149,0.16875997762077605
open_2017_05_08_close_2017_05_08_flight_Fixed Wing_N550ND_before_1_189642.csv,32,800,829,-0.01431785992740009,"E1 FFlow, AltMSL, E1 CHT1",0.22910914072775174,0.08580234612511739,0.25506381981775295,0.16943860141575207,0.041825450643324706,0.15220852276947844,0.06655211850060105
open_2017_05_08_close_2017_05_08_flight_Fixed Wing_N550ND_before_1_189642.csv,33,825,854,0.06136189427831784,"E1 FFlow, E1 CHT1, AltMSL",0.22876834023610856,0.08532239702635182,0.2617763709196812,0.22949296657882612,0.020618649273912985,0.1471237456491338,0.026897530315758814
open_2017_05_08_close_2017_05_08_flight_Fixed Wing_N550ND_before_1_189642.csv,34,850,879,-0.008316977177039053,"E1 CHT1, E1 FFlow, AltMSL",0.20119268713973829,0.0745009377398347,0.24972820088627723,0.28106355770010333,0.025982475734896482,0.12729897294680811,0.040233167852111826
open_2017_05_08_close_2017_05_08_flight_Fixed Wing_N550ND_before_1_189642.csv,35,875,904,-0.10150965269479029,"E1 CHT1, E1 FFlow, AltMSL",0.17669747963274723,0.06870873632001569,0.24536782255875447,0.31892355981230003,0.03315346878066181,0.10489405110712721,0.05225488178815478
open_2017_05_08_close_2017_05_08_flight_Fixed Wing_N550ND_before_1_189642.csv,36,900,929,-0.1442182319939156,"E1 CHT1, E1 FFlow, AltMSL",0.1284147883146239,0.06444629580226452,0.24343389436740087,0.33971506676661206,0.0447205496735834,0.1179152004537197,0.061354204621546476
open_2017_05_08_close_2017_05_08_flight_Fixed Wing_N550ND_before_1_189642.csv,37,925,954,-0.23436627030892287,"E1 CHT1, E1 FFlow, NormAc",0.07465503554587069,0.06624136416067897,0.24887020006998006,0.3535379329255413,0.058049190597916266,0.1391583787622595,0.05948789793748751
open_2017_05_08_close_2017_05_08_flight_Fixed Wing_N550ND_before_1_189642.csv,38,950,979,-0.2065451119127264,"E1 CHT1, E1 FFlow, NormAc",0.02265268284796894,0.06949679989449525,0.2577643844833651,0.3661123808473632,0.07145660634039727,0.14709947118532504,0.06541767440079964
open_2017_05_08_close_2017_05_08_flight_Fixed Wing_N550ND_before_1_189642.csv,39,975,1004,-0.5099797221154518,"E1 CHT1, E1 FFlow, NormAc",0.07101902192712505,0.060944144198643226,0.22549966146897488,0.3094879541098203,0.07600307895443018,0.2004031118544343,0.056643027486290506
open_2017_05_08_close_2017_05_08_flight_Fixed Wing_N550ND_before_1_189642.csv,40,1000,1029,-0.2523193999945552,"E1 CHT1, E1 FFlow, NormAc",0.14808322563895482,0.058811816445965295,0.18527506598450708,0.29687737538948117,0.07642789092392827,0.1693312797966599,0.06519334582023713
open_2017_05_08_close_2017_05_08_flight_Fixed Wing_N550ND_before_1_189642.csv,41,1025,1054,-0.062142560727736385,"E1 CHT1, NormAc, AltMSL",0.21572338076382858,0.07166088636093053,0.0715465852352889,0.3455648095892374,0.010344464283184454,0.2547109727974153,0.03044890096983054
open_2017_05_08_close_2017_05_08_flight_Fixed Wing_N550ND_before_1_189642.csv,42,1050,1079,0.14300805785681492,"E1 CHT1, NormAc, AltMSL",0.221100533609662,0.049319053495699,0.058405906531699144,0.33326935840944205,0.026601015274970122,0.23674562786909792,0.07455850480917052
open_2017_05_08_close_2017_05_08_flight_Fixed Wing_N550ND_before_1_189642.csv,43,1075,1104,0.7900812649139559,"E1 CHT1, AltMSL, NormAc",0.25474240966081396,0.06814785521993605,0.06220430021368213,0.31429553328199655,0.03144784549899755,0.16255141592710845,0.10661064019720115
open_2017_05_08_close_2017_05_08_flight_Fixed Wing_N550ND_before_1_189642.csv,44,1100,1129,0.8201271801083538,"NormAc, AltMSL, E1 CHT1",0.22244649825985774,0.05901246798605285,0.07470699827545184,0.20528593594498803,0.13391730016363113,0.23060101497577912,0.07402978439400945
open_2017_05_08_close_2017_05_08_flight_Fixed Wing_N550ND_before_1_189642.csv,45,1125,1154,1.0524864522780661,"AltMSL, NormAc, E1 EGT1",0.24702544553056802,0.05846953462689156,0.07864056869114755,0.14847152845323627,0.20700892909784285,0.21234119155465567,0.04804280204542412
open_2017_05_08_close_2017_05_08_flight_Fixed Wing_N550ND_before_1_189642.csv,46,1150,1179,1.3918517009765812,"AltMSL, E1 EGT1, NormAc",0.29225333847941054,0.0551824450738871,0.09033918401787527,0.10315565451623362,0.22793628897013168,0.199517103308096,0.031615985634130976
open_2017_05_08_close_2017_05_08_flight_Fixed Wing_N550ND_before_1_189642.csv,47,1175,1204,1.4212400439915265,"AltMSL, E1 EGT1, NormAc",0.31328922215558125,0.07735680023764302,0.07899838031788452,0.06696099171534893,0.2274876075730367,0.2108881771415325,0.0250188208587302
open_2017_05_08_close_2017_05_08_flight_Fixed Wing_N550ND_before_1_189642.csv,48,1200,1229,1.3074889858044272,"AltMSL, E1 EGT1, NormAc",0.3085244493791755,0.10936106395819196,0.04621199551661431,0.02755554526045328,0.23302157646000504,0.1954761666851734,0.0798492027401529
open_2017_05_08_close_2017_05_08_flight_Fixed Wing_N550ND_before_1_189642.csv,49,1225,1254,1.3264773084441068,"AltMSL, E1 EGT1, NormAc",0.3040506114651585,0.11871820355001723,0.03933846563540216,0.029169701215304593,0.23724540144669634,0.17451062748896518,0.09696698919821929
open_2017_05_08_close_2017_05_08_flight_Fixed Wing_N550ND_before_1_189642.csv,50,1250,1279,1.2070136777466405,"AltMSL, E1 EGT1, NormAc",0.29077979738858384,0.09719895993816619,0.05874065648615043,0.024417884150068528,0.23329050750886657,0.19555349858947765,0.10001869593845109
open_2017_05_08_close_2017_05_08_flight_Fixed Wing_N550ND_before_1_189642.csv,51,1275,1304,1.360444598134912,"AltMSL, E1 EGT1, NormAc",0.3123752965069053,0.09145539699421297,0.0640813110981729,0.019124719937782766,0.23487445690817263,0.1944913741183538,0.08359744443616078
open_2017_05_08_close_2017_05_08_flight_Fixed Wing_N550ND_before_1_189642.csv,52,1300,1329,1.55637686105768,"AltMSL, E1 EGT1, NormAc",0.34624240508029547,0.09015611155072784,0.06779261249567965,0.007475376689237306,0.24545422873899167,0.1753787236477487,0.0675005417970722
open_2017_05_08_close_2017_05_08_flight_Fixed Wing_N550ND_before_1_189642.csv,53,1325,1354,1.2791393144810042,"AltMSL, NormAc, E1 EGT1",0.30616073075110223,0.08368137407523898,0.06213120670570715,0.010533600707057975,0.22776280198670448,0.24927205517800285,0.06045823059594326
open_2017_05_08_close_2017_05_08_flight_Fixed Wing_N550ND_before_1_189642.csv,54,1350,1379,1.4271966358780674,"AltMSL, NormAc, E1 EGT1",0.3249193546613157,0.0750549486889017,0.07082288545580898,0.017999464752455126,0.22859460950110266,0.24578186259300924,0.03682687434715674
open_2017_05_08_close_2017_05_08_flight_Fixed Wing_N550ND_before_1_189642.csv,55,1375,1404,1.3184094657729868,"AltMSL, NormAc, E1 EGT1",0.32201798900733,0.07976075218387685,0.06232325885732904,0.03316020297729794,0.21858741265478773,0.24727793241919227,0.03687245189994308
open_2017_05_08_close_2017_05_08_flight_Fixed Wing_N550ND_before_1_189642.csv,56,1400,1429,1.5264839894943516,"AltMSL, E1 EGT1, NormAc",0.3347340984309064,0.08535176907757004,0.048007778225557095,0.032445411295069115,0.23530165205354064,0.23187583262483824,0.03228345829227713
open_2017_05_08_close_2017_05_08_flight_Fixed Wing_N550ND_before_1_189642.csv,57,1425,1454,1.219335043401275,"AltMSL, NormAc, E1 EGT1",0.33150146572832734,0.0824874360837023,0.05004223221524068,0.02656420875186925,0.23042952991457238,0.2549103659877203,0.02406476131831608
open_2017_05_08_close_2017_05_08_flight_Fixed Wing_N550ND_before_1_189642.csv,58,1450,1479,1.159880697755495,"AltMSL, NormAc, E1 EGT1",0.33364831255314786,0.08135490549496514,0.05863741634956311,0.016711982108056536,0.22978485134592597,0.2514400522130555,0.028422479935031175
open_2017_05_08_close_2017_05_08_flight_Fixed Wing_N550ND_before_1_189642.csv,59,1475,1504,1.2843965731261195,"AltMSL, NormAc, E1 EGT1",0.34479178125504395,0.0837945018159096,0.05229646967274234,0.0068590336589831975,0.23230046261497686,0.24433150672275133,0.03562624425934533
open_2017_05_08_close_2017_05_08_flight_Fixed Wing_N550ND_before_1_189642.csv,60,1500,1529,1.3185221424162177,"AltMSL, E1 EGT1, NormAc",0.33544984214221285,0.09202756297994047,0.057627266546285506,0.008301883111194407,0.23988214768911065,0.21140447840687907,0.05530681912412745
open_2017_05_08_close_2017_05_08_flight_Fixed Wing_N550ND_before_1_189642.csv,61,1525,1554,1.1118079909797696,"AltMSL, NormAc, E1 EGT1",0.3179007860412835,0.0955141665267643,0.05171417285772786,0.009479234524561071,0.22488007045610284,0.22620346618366502,0.07430810340965101
open_2017_05_08_close_2017_05_08_flight_Fixed Wing_N550ND_before_1_189642.csv,62,1550,1579,1.1140781462818077,"AltMSL, NormAc, E1 EGT1",0.3148251563499966,0.10094466883396654,0.04609059675615856,0.010432324100166824,0.2217230180058266,0.22250405049655,0.0834801854570993
open_2017_05_08_close_2017_05_08_flight_Fixed Wing_N550ND_before_1_189642.csv,63,1575,1604,1.0215532682643995,"AltMSL, E1 EGT1, NormAc",0.3133951667155612,0.10528250360394772,0.04546955260802981,0.007932261009091933,0.22386036954029492,0.20672673888758372,0.09733340763525164
open_2017_05_08_close_2017_05_08_flight_Fixed Wing_N550ND_before_1_189642.csv,64,1600,1629,1.2515052606893238,"AltMSL, E1 EGT1, NormAc",0.30493406669543294,0.10225504763920823,0.04444044152754056,0.019819493131578755,0.22284618845590543,0.22056324580647496,0.08514151674362741
open_2017_05_08_close_2017_05_08_flight_Fixed Wing_N550ND_before_1_189642.csv,65,1625,1654,1.2912808597083303,"AltMSL, E1 EGT1, NormAc",0.31150514188443573,0.10576724247448041,0.04421015320945003,0.015097531328684846,0.2271250066426314,0.2064784136915119,0.08981651076857147
open_2017_05_08_close_2017_05_08_flight_Fixed Wing_N550ND_before_1_189642.csv,66,1650,1679,0.8805818460669559,"AltMSL, NormAc, E1 EGT1",0.29732938519592944,0.09855200586543562,0.04035886296966783,0.022472561177306637,0.2141826188249397,0.24103367397552802,0.0860708919909617
open_2017_05_08_close_2017_05_08_flight_Fixed Wing_N550ND_before_1_189642.csv,67,1675,1704,1.189599626922257,"AltMSL, E1 EGT1, NormAc",0.3153733823456731,0.09977757994088474,0.04300061184944182,0.032606240282009216,0.21734084641906987,0.20990481223447618,0.08199652692821867
open_2017_05_08_close_2017_05_08_flight_Fixed Wing_N550ND_before_1_189642.csv,68,1700,1729,1.2478643406682814,"AltMSL, E1 EGT1, NormAc",0.31259013143168957,0.10146040744020406,0.042457970130488375,0.029976551206896046,0.22165319580984422,0.208415006069433,0.08344673791121676
open_2017_05_08_close_2017_05_08_flight_Fixed Wing_N550ND_before_1_189642.csv,69,1725,1754,1.2610046505973105,"AltMSL, NormAc, E1 EGT1",0.29821431453701785,0.09647869909728587,0.04282933070023453,0.02384400591188577,0.23256244605432724,0.24215104842051738,0.06392015527849088
open_2017_05_08_close_2017_05_08_flight_Fixed Wing_N550ND_before_1_189642.csv,70,1750,1779,1.2847649874494915,"AltMSL, E1 EGT1, NormAc",0.32708042572388984,0.08977642659355373,0.04909213191427243,0.02874036092427985,0.23126690566869793,0.22866407467427707,0.045379674500784006
open_2017_05_08_close_2017_05_08_flight_Fixed Wing_N550ND_before_1_189642.csv,71,1775,1804,1.129362559604424,"AltMSL, NormAc, E1 EGT1",0.31008915963250794,0.09526166019277126,0.04348061349257787,0.016492273225379835,0.22134316448721084,0.24275667233472528,0.07057645663459443
open_2017_05_08_close_2017_05_08_flight_Fixed Wing_N550ND_before_1_189642.csv,72,1800,1829,1.0291212792313815,"AltMSL, NormAc, E1 EGT1",0.3033913963349075,0.09915667800971405,0.04340935599666048,0.0053971205445986345,0.22429233877522883,0.2428559226882687,0.0814971876503815
open_2017_05_08_close_2017_05_08_flight_Fixed Wing_N550ND_before_1_189642.csv,73,1825,1854,1.1530296664766664,"AltMSL, NormAc, E1 EGT1",0.29881717764433896,0.0991449623833989,0.04741061420771829,0.003411117339801175,0.23061875483706842,0.2365680274240765,0.08402934616335762
open_2017_05_08_close_2017_05_08_flight_Fixed Wing_N550ND_before_1_189642.csv,74,1850,1879,1.0572251554243395,"AltMSL, NormAc, E1 EGT1",0.29467260844170545,0.09329968062423398,0.0476519670305566,0.005717009342946467,0.23404328552992054,0.25768690419439,0.0669285448360043
open_2017_05_08_close_2017_05_08_flight_Fixed Wing_N550ND_before_1_189642.csv,75,1875,1904,1.3453638205089882,"AltMSL, E1 EGT1, NormAc",0.3418696581953282,0.08853691801855125,0.05120421338269937,0.016756012892459694,0.24856921027323886,0.21895920659354434,0.034104780643920224
open_2017_05_08_close_2017_05_08_flight_Fixed Wing_N550ND_before_1_189642.csv,76,1900,1929,1.4308672090339782,"AltMSL, E1 EGT1, NormAc",0.35317575893532704,0.09204883942969158,0.05714264071563406,0.013980997889301806,0.23899650551892382,0.18883928862263008,0.05581596888824334
open_2017_05_08_close_2017_05_08_flight_Fixed Wing_N550ND_before_1_189642.csv,77,1925,1954,0.5818808116932987,"AltMSL, NormAc, E1 EGT1",0.3098948800534805,0.08720409863333486,0.0411003084801352,0.006894462648220873,0.208794025505956,0.279247396868585,0.06686482781004131
open_2017_05_08_close_2017_05_08_flight_Fixed Wing_N550ND_before_1_189642.csv,78,1950,1979,0.7526406753568193,"AltMSL, NormAc, E1 EGT1",0.30648849900588526,0.09730547465177344,0.04093130423224526,0.007862243420682346,0.20988154669622433,0.25397846663978263,0.08355246535316484
open_2017_05_08_close_2017_05_08_flight_Fixed Wing_N550ND_before_1_189642.csv,79,1975,2004,0.593928494753071,"AltMSL, NormAc, E1 EGT1",0.29041678335027293,0.09629643863301303,0.04216305333523482,0.015039382497489867,0.20012203769410034,0.26981820661347344,0.08614409787617071
open_2017_05_08_close_2017_05_08_flight_Fixed Wing_N550ND_before_1_189642.csv,80,2000,2029,0.9206421711912722,"AltMSL, NormAc, E1 EGT1",0.3100941856144183,0.09069603160750545,0.04498131001254855,0.014561273616508772,0.20989746707630386,0.2516745591706922,0.07809517290178822
open_2017_05_08_close_2017_05_08_flight_Fixed Wing_N550ND_before_1_189642.csv,81,2025,2054,0.9596098413843364,"AltMSL, NormAc, E1 EGT1",0.3249322156640592,0.09595881568426928,0.03960166281490806,0.02348167790054177,0.21899319111446128,0.22386907025398234,0.07316336656752921
open_2017_05_08_close_2017_05_08_flight_Fixed Wing_N550ND_before_1_189642.csv,82,2050,2079,1.2367121437226456,"AltMSL, E1 EGT1, NormAc",0.34666977322770587,0.08378246171671086,0.05321513833566311,0.027521301432935522,0.224170170950415,0.2031422583498262,0.06149889598650627
open_2017_05_08_close_2017_05_08_flight_Fixed Wing_N550ND_before_1_189642.csv,83,2075,2104,1.2696730990220533,"AltMSL, E1 EGT1, NormAc",0.32698078326466956,0.0952442901320134,0.053949915210560584,0.027135908454129685,0.22593169294286072,0.18047413563416753,0.0902832743613627
open_2017_05_08_close_2017_05_08_flight_Fixed Wing_N550ND_before_1_189642.csv,84,2100,2129,1.0992469685675101,"AltMSL, NormAc, E1 EGT1",0.2879482436233613,0.09419002970377395,0.04912040486630457,0.037593382529986286,0.21053298943107068,0.22722772862150986,0.09338722122376757
open_2017_05_08_close_2017_05_08_flight_Fixed Wing_N550ND_before_1_189642.csv,85,2125,2154,0.9832020671607711,"AltMSL, NormAc, E1 EGT1",0.2995388661477018,0.08991504575347277,0.04597921901891352,0.03965365939407177,0.20549084022869235,0.230316243938141,0.08910612551878072
open_2017_05_08_close_2017_05_08_flight_Fixed Wing_N550ND_before_1_189642.csv,86,2150,2179,0.4277814206204744,"AltMSL, NormAc, E1 EGT1",0.28469307600880867,0.08518494215249447,0.04414679027841555,0.04717590391763956,0.1862450877721498,0.26992699804256715,0.08262720182769255
open_2017_05_08_close_2017_05_08_flight_Fixed Wing_N550ND_before_1_189642.csv,87,2175,2204,0.7102872329853045,"AltMSL, NormAc, E1 EGT1",0.30760726880001804,0.09238759211011677,0.03868702722441426,0.05918793411407587,0.18670177459450094,0.225774423285754,0.08965397987089563
open_2017_05_08_close_2017_05_08_flight_Fixed Wing_N550ND_before_1_189642.csv,88,2200,2229,0.5696832407950629,"AltMSL, NormAc, E1 EGT1",0.3234834155749019,0.08512897067812866,0.036699395690588485,0.05154341216200462,0.17993808543084625,0.2363425454931792,0.0868641749701299
open_2017_05_08_close_2017_05_08_flight_Fixed Wing_N550ND_before_1_189642.csv,89,2225,2254,0.49277317650859365,"AltMSL, NormAc, E1 EGT1",0.2835521772858257,0.07970211109193436,0.05867720158945353,0.05581264739394443,0.1832506791052001,0.2392803334768047,0.09972485005660638
open_2017_05_08_close_2017_05_08_flight_Fixed Wing_N550ND_before_1_189642.csv,90,2250,2279,1.0426248992847316,"AltMSL, NormAc, E1 EGT1",0.2824293850013039,0.07628081762272247,0.05713140743482032,0.0756102476849534,0.1922370031677662,0.23904984391940512,0.07726129516880523
open_2017_05_08_close_2017_05_08_flight_Fixed Wing_N550ND_before_1_189642.csv,91,2275,2304,1.142023494234595,"AltMSL, NormAc, E1 EGT1",0.31705268549072746,0.06582748760176386,0.06009111176678812,0.0868775902830607,0.19467964610820737,0.22800991099274456,0.04746156775648134
open_2017_05_08_close_2017_05_08_flight_Fixed Wing_N550ND_before_1_189642.csv,92,2300,2329,1.1964886625438047,"AltMSL, NormAc, E1 EGT1",0.3351337455993532,0.06234085804432824,0.05953872054381247,0.09948180308372553,0.1992779211834061,0.21026530970974192,0.033961641835402186
open_2017_05_08_close_2017_05_08_flight_Fixed Wing_N550ND_before_1_189642.csv,93,2325,2354,1.191994478960884,"AltMSL, NormAc, E1 EGT1",0.32889424482663965,0.06856821665402933,0.06179639577787966,0.08968189168477209,0.1918340812865242,0.20433743066861546,0.0548877391013193
open_2017_05_08_close_2017_05_08_flight_Fixed Wing_N550ND_before_1_189642.csv,94,2350,2379,0.7872529009369065,"AltMSL, NormAc, E1 EGT1",0.3005667417743914,0.06208885723077493,0.06203529364721482,0.09683684632111735,0.17771932731529497,0.24702398765137873,0.053728946059602996
open_2017_05_08_close_2017_05_08_flight_Fixed Wing_N550ND_before_1_189642.csv,95,2375,2404,1.3482637080198265,"AltMSL, E1 EGT1, NormAc",0.3425604264631916,0.0729386143275419,0.058419789045239784,0.10382361321856476,0.1957188098171029,0.1704645371652086,0.056074209962928986
open_2017_05_08_close_2017_05_08_flight_Fixed Wing_N550ND_before_1_189642.csv,96,2400,2429,0.8185576821983553,"AltMSL, NormAc, E1 EGT1",0.32857791884663295,0.05885706853219931,0.05838720507497489,0.10421501736867338,0.19094119657180667,0.2303707243669137,0.028650869238563494
open_2017_05_08_close_2017_05_08_flight_Fixed Wing_N550ND_before_1_189642.csv,97,2425,2454,1.2184229080407705,"AltMSL, E1 EGT1, NormAc",0.3392665845627908,0.05894922208740611,0.06108610250795488,0.11119522924584793,0.20419008845948092,0.20123049733844103,0.024082275797845925
open_2017_05_08_close_2017_05_08_flight_Fixed Wing_N550ND_before_1_189642.csv,98,2450,2479,1.22570336696428,"AltMSL, NormAc, E1 EGT1",0.3352896900613923,0.055288822767430135,0.06473387226523583,0.09701243105239363,0.2043007730291455,0.22017666876604144,0.023197742058135903
open_2017_05_08_close_2017_05_08_flight_Fixed Wing_N550ND_before_1_189642.csv,99,2475,2504,1.1177919794107356,"AltMSL, NormAc, E1 EGT1",0.3523950482745544,0.050552400252009425,0.06139402369396559,0.08577075802541706,0.19987304158766647,0.23649618523739885,0.013518542928762027
open_2017_05_08_close_2017_05_08_flight_Fixed Wing_N550ND_before_1_189642.csv,100,2500,2529,1.2473409393913966,"AltMSL, NormAc, E1 EGT1",0.35101038935191253,0.06098938107169587,0.06689605087649242,0.0797791086063115,0.1974371847159919,0.2021098861921549,0.041777999185216616
open_2017_05_08_close_2017_05_08_flight_Fixed Wing_N550ND_before_1_189642.csv,101,2525,2554,0.9005143650570839,"AltMSL, NormAc, E1 EGT1",0.31914800204178906,0.06208277946932165,0.06232624528941766,0.07803224847594627,0.19930563612376903,0.2358441844191715,0.043260904180351466
open_2017_05_08_close_2017_05_08_flight_Fixed Wing_N550ND_before_1_189642.csv,102,2550,2579,1.1714169830326857,"AltMSL, NormAc, E1 EGT1",0.2987874211057153,0.06636673224975113,0.06488568807997902,0.08821870634346496,0.19154706315437786,0.22819165790451604,0.06200273116198057
open_2017_05_08_close_2017_05_08_flight_Fixed Wing_N550ND_before_1_189642.csv,103,2575,2604,1.2348804889195324,"AltMSL, NormAc, E1 EGT1",0.28155914840718266,0.07519079726192236,0.06322296888471707,0.08342774990110795,0.20275441421796722,0.2202306322267541,0.07361428910012797
open_2017_05_08_close_2017_05_08_flight_Fixed Wing_N550ND_before_1_189642.csv,104,2600,2629,0.7654255644761752,"AltMSL, NormAc, E1 EGT1",0.2600185005219469,0.09220337939685293,0.1247619836646257,0.06877241237748952,0.18074878644522982,0.22945064462867104,0.04404429296497116
open_2017_05_08_close_2017_05_08_flight_Fixed Wing_N550ND_before_1_189642.csv,105,2625,2654,0.37143100488558245,"AltMSL, NormAc, IAS",0.30019777951328885,0.10164884722730726,0.13340358434050612,0.04737659332666786,0.1172592209540956,0.15639665398700622,0.14371732065092435
open_2017_05_08_close_2017_05_08_flight_Fixed Wing_N550ND_before_1_189642.csv,106,2650,2679,0.37868594524784926,"AltMSL, NormAc, IAS",0.3004436163814532,0.04619180585555011,0.1233440260476757,0.09291050102023689,0.11424923813709173,0.1644295303053926,0.1584312822524042
open_2017_05_08_close_2017_05_08_flight_Fixed Wing_N550ND_before_1_189642.csv,107,2675,2704,0.943374300693328,"AltMSL, NormAc, E1 EGT1",0.3220481652453413,0.06872151350643865,0.11503202827637671,0.1024622002665948,0.13452244284213613,0.19351390791033649,0.06369974195256053
open_2017_05_08_close_2017_05_08_flight_Fixed Wing_N550ND_before_1_189642.csv,108,2700,2729,0.9885178322299688,"AltMSL, E1 EGT1, E1 FFlow",0.3087830303473359,0.026435489853423862,0.18086918023932128,0.02515989856747729,0.22351770131344273,0.17905511911110863,0.056179580567656213
open_2017_05_08_close_2017_05_08_flight_Fixed Wing_N550ND_before_1_189642.csv,109,2725,2754,1.0718487497218523,"AltMSL, NormAc, E1 EGT1",0.32723746596264763,0.04890645266145106,0.14379646795737808,0.020599477651719197,0.19918810485521118,0.23794065872576803,0.02233137218558643
open_2017_05_08_close_2017_05_08_flight_Fixed Wing_N550ND_before_1_189642.csv,110,2750,2779,1.0425126536768041,"AltMSL, NormAc, E1 EGT1",0.33775373659453245,0.05408059607268606,0.06902715538856147,0.04647552638121144,0.20509440377132504,0.2697332082702752,0.017835373521162153
open_2017_05_08_close_2017_05_08_flight_Fixed Wing_N550ND_before_1_189642.csv,111,2775,2804,0.49235017819133686,"AltMSL, NormAc, E1 EGT1",0.28159811216412695,0.07467744120137848,0.12056770251542098,0.060019524610764104,0.1787142882490689,0.25189185421084986,0.03253107704815736
open_2017_05_08_close_2017_05_08_flight_Fixed Wing_N550ND_before_1_189642.csv,112,2800,2829,-0.2751138204910686,"AltMSL, E1 FFlow, NormAc",0.27626010144928975,0.16761929319559185,0.19146229123166772,0.006503955836774908,0.0725505374120284,0.17008760684306756,0.11551621403136227
open_2017_05_08_close_2017_05_08_flight_Fixed Wing_N550ND_before_1_189642.csv,113,2825,2854,0.21469865931460896,"AltMSL, NormAc, E1 FFlow",0.28992488755902246,0.11623813831080866,0.16698361186985233,0.0411503769592875,0.06126507447564032,0.1870540386438003,0.13738387218138534
open_2017_05_08_close_2017_05_08_flight_Fixed Wing_N550ND_before_1_189642.csv,114,2850,2879,0.6394686228228363,"AltMSL, IAS, NormAc",0.30070558009436105,0.09461621163124546,0.1445148887587094,0.07050100744171044,0.08385499184019381,0.14596219728547496,0.159845122948112
open_2017_05_08_close_2017_05_08_flight_Fixed Wing_N550ND_before_1_189642.csv,115,2875,2904,0.8102765367947335,"AltMSL, IAS, E1 FFlow",0.30728821326372835,0.08790089401394578,0.13958964555388167,0.08174247697781334,0.0956844809934906,0.11326903697103355,0.174525252225914
open_2017_05_08_close_2017_05_08_flight_Fixed Wing_N550ND_before_1_189642.csv,116,2900,2929,1.0534980829387144,"AltMSL, IAS, E1 EGT1",0.3135060741589904,0.062364898501841244,0.11805235391553083,0.09451852327010694,0.12271976362255824,0.10852459074762105,0.18031379578315898
open_2017_05_08_close_2017_05_08_flight_Fixed Wing_N550ND_before_1_189642.csv,117,2925,2954,1.109071470574833,"AltMSL, IAS, E1 EGT1",0.31852743370712333,0.052220405805505375,0.10784538003612787,0.08900584161941746,0.13923143142026337,0.11677001308182341,0.17639949432954286
open_2017_05_08_close_2017_05_08_flight_Fixed Wing_N550ND_before_1_189642.csv,118,2950,2979,0.7493829540128751,"AltMSL, IAS, E1 FFlow",0.29330742068281,0.1005498346677645,0.1499844834141012,0.0629653460006158,0.122300836012004,0.10932471148931619,0.1615673677331947
open_2017_05_08_close_2017_05_08_flight_Fixed Wing_N550ND_before_1_189642.csv,119,2975,3004,0.7605557665716121,"AltMSL, IAS, E1 FFlow",0.3071647251840295,0.1001464095820949,0.15275751647129887,0.04104284634366803,0.10443175909917066,0.12010330985261662,0.17435343346692467
open_2017_05_08_close_2017_05_08_flight_Fixed Wing_N550ND_before_1_189642.csv,120,3000,3029,0.9130506540928516,"AltMSL, IAS, E1 FFlow",0.30746643245693656,0.09650421710247475,0.15836110918888935,0.04677237673371142,0.12089864725021306,0.10995658888908737,0.16004062837849195
open_2017_05_08_close_2017_05_08_flight_Fixed Wing_N550ND_before_1_189642.csv,121,3025,3054,0.572815231970615,"AltMSL, IAS, E1 FFlow",0.2936573473417471,0.08101144413784414,0.15867242341771653,0.09751621063211734,0.08766627102885913,0.12028123506628223,0.1611950683752337
open_2017_05_08_close_2017_05_08_flight_Fixed Wing_N550ND_before_1_189642.csv,122,3050,3079,-0.07519166053622284,"AltMSL, E1 FFlow, IAS",0.28361338398644215,0.12418144228575095,0.17132624498075463,0.027878670459289115,0.11146470024551647,0.12889233131237499,0.15264322672966302
open_2017_05_08_close_2017_05_08_flight_Fixed Wing_N550ND_before_1_189642.csv,123,3075,3104,-1.100461057969039,"AltMSL, E1 RPM, E1 FFlow",0.26172993342533496,0.20477860313669174,0.17055037574095022,0.052433524587069694,0.10039493328638849,0.09723328087298871,0.11287934895034497
open_2017_05_08_close_2017_05_08_flight_Fixed Wing_N550ND_before_1_189642.csv,124,3100,3129,-1.5313329622705654,"AltMSL, E1 RPM, E1 EGT1",0.31470720504150473,0.1985096157802377,0.12465182863601577,0.09615688203514902,0.13247877969673952,0.06726127310114509,0.06623441570894127
open_2017_05_08_close_2017_05_08_flight_Fixed Wing_N550ND_before_1_189642.csv,125,3125,3154,-0.5578763855965061,"AltMSL, E1 EGT1, E1 RPM",0.3015625791631057,0.1415336200253461,0.1289144800701909,0.02611461510073092,0.20911599125743136,0.09227924080474863,0.10047947357822103
open_2017_05_08_close_2017_05_08_flight_Fixed Wing_N550ND_before_1_189642.csv,126,3150,3179,0.8957843674068751,"AltMSL, E1 FFlow, IAS",0.31013627354599016,0.09557304465581537,0.15239345552955288,0.08293603369857942,0.0732121813359664,0.13786829358189293,0.14788071765201047
open_2017_05_08_close_2017_05_08_flight_Fixed Wing_N550ND_before_1_189642.csv,127,3175,3204,0.4837809169011815,"AltMSL, IAS, E1 FFlow",0.273910129433265,0.07719578425084712,0.13881972090570896,0.13439053386496658,0.08210672364414932,0.12251178112236877,0.17106532677851347
open_2017_05_08_close_2017_05_08_flight_Fixed Wing_N550ND_before_1_189642.csv,128,3200,3229,0.8510638591496362,"AltMSL, IAS, E1 CHT1",0.27578989763334033,0.07226893354759156,0.12720265142644274,0.14453940435750612,0.09561391103534057,0.11237278897082169,0.17221241302877183
open_2017_05_08_close_2017_05_08_flight_Fixed Wing_N550ND_before_1_189642.csv,129,3225,3254,0.9659699537094055,"AltMSL, IAS, E1 EGT1",0.28102166878913326,0.05031878868967431,0.09966649734483492,0.05230584812512721,0.17445629438651944,0.13548823796350287,0.2067426647010078
open_2017_05_08_close_2017_05_08_flight_Fixed Wing_N550ND_before_1_189642.csv,130,3250,3279,0.7982330254631891,"AltMSL, E1 FFlow, IAS",0.23987729946550476,0.10048977357261962,0.2063944163483738,0.046397254752988136,0.12189988318305463,0.11081433574446119,0.17412703693280954
open_2017_05_08_close_2017_05_08_flight_Fixed Wing_N550ND_before_1_189642.csv,131,3275,3304,1.3151039341144384,"AltMSL, NormAc, E1 EGT1",0.25091112568787954,0.10811287343016862,0.0760206472082061,0.09883018645939846,0.19546974248979354,0.2252553847686539,0.04540003995566361
open_2017_05_08_close_2017_05_08_flight_Fixed Wing_N550ND_before_1_189642.csv,132,3300,3329,1.1826323870146207,"E1 EGT1, AltMSL, E1 CHT1",0.21082746875098343,0.10023964966885171,0.027193644126054666,0.18233662790020674,0.25443687115503816,0.15979341227018712,0.06517232612844705
open_2017_05_08_close_2017_05_08_flight_Fixed Wing_N550ND_before_1_189642.csv,133,3325,3354,1.109221190631271,"E1 EGT1, AltMSL, E1 CHT1",0.21785869483036782,0.08252610481158848,0.06126206223130627,0.19419265804843128,0.23908483365640726,0.13589315997382773,0.06918248644784714
open_2017_05_08_close_2017_05_08_flight_Fixed Wing_N550ND_before_1_189642.csv,134,3350,3379,0.9611862882047064,"E1 EGT1, AltMSL, NormAc",0.20799275208408416,0.08958971002005431,0.053308750391575135,0.15307691964898806,0.21939879620688899,0.19256798731891,0.08406508432928163
open_2017_05_08_close_2017_05_08_flight_Fixed Wing_N550ND_before_1_189642.csv,135,3375,3404,1.2098821383575946,"AltMSL, E1 EGT1, NormAc",0.22769359449954998,0.08204891575354865,0.06776218265551082,0.13441300541231263,0.22755230411867802,0.16388487141658803,0.09664512614359387
open_2017_05_08_close_2017_05_08_flight_Fixed Wing_N550ND_before_1_189642.csv,136,3400,3429,1.0856267815361673,"AltMSL, E1 EGT1, E1 FFlow",0.2128565470353522,0.03577993726925009,0.19361741970782181,0.10464043072244261,0.21277308984605897,0.17847489231542674,0.06185768310343291
open_2017_05_08_close_2017_05_08_flight_Fixed Wing_N550ND_before_1_189642.csv,137,3425,3454,1.5197790058072598,"E1 FFlow, AltMSL, NormAc",0.2173138253645899,0.06589524965817062,0.22630713396378227,0.0726908005803135,0.18822759158878224,0.19676760894207854,0.032797789902071335
open_2017_05_08_close_2017_05_08_flight_Fixed Wing_N550ND_before_1_189642.csv,138,3450,3479,2.1762755042895194,"AltMSL, E1 FFlow, NormAc",0.24291536246611758,0.06843220843179092,0.23970584026042902,0.04390937046975028,0.17935490474957438,0.18724756517614946,0.038434748445952745
open_2017_05_08_close_2017_05_08_flight_Fixed Wing_N550ND_before_1_189642.csv,139,3475,3504,2.2621644076352383,"E1 FFlow, NormAc, AltMSL",0.20890272664071877,0.05630996330715458,0.22658493074592578,0.05003071585397578,0.19375332622686398,0.2146657152158662,0.04975262200926481
open_2017_05_08_close_2017_05_08_flight_Fixed Wing_N550ND_before_1_189642.csv,140,3500,3529,2.1518107837929352,"NormAc, E1 FFlow, E1 EGT1",0.16187140651661958,0.04163546188873069,0.20672400083195072,0.090804408775458,0.20057723584437329,0.23680315381633896,0.061584332326305995
open_2017_05_08_close_2017_05_08_flight_Fixed Wing_N550ND_before_1_189642.csv,141,3525,3554,2.3664194043703923,"E1 EGT1, E1 FFlow, NormAc",0.12029342082578193,0.02260982169022282,0.20739561250681884,0.13327548432650946,0.23142361486467738,0.1896030581783143,0.09539898760744261
open_2017_05_08_close_2017_05_08_flight_Fixed Wing_N550ND_before_1_189642.csv,142,3550,3579,1.9956273251680723,"E1 EGT1, E1 FFlow, NormAc",0.04163264528276537,0.037757865369762916,0.223287390593476,0.1343238265417828,0.2627657780639915,0.17879009623953931,0.12144239790845891
open_2017_05_08_close_2017_05_08_flight_Fixed Wing_N550ND_before_1_189642.csv,143,3575,3604,1.3264501498195265,"E1 EGT1, NormAc, E1 FFlow",0.015789966726839463,0.0465881646492185,0.20981610806396558,0.13353334103680192,0.26394905245218403,0.23292565257574924,0.09739771449502475
open_2017_05_08_close_2017_05_08_flight_Fixed Wing_N550ND_before_1_189642.csv,144,3600,3629,1.343987982640218,"E1 EGT1, NormAc, E1 FFlow",0.03262177466479024,0.035885776845763384,0.19498911438222027,0.1511331639950852,0.25206718889130775,0.2346219845403269,0.09868099668029467
open_2017_05_08_close_2017_05_08_flight_Fixed Wing_N550ND_before_1_189642.csv,145,3625,3654,1.43067828437291,"E1 EGT1, NormAc, E1 FFlow",0.05136855485487209,0.05527520752980512,0.18536864211489285,0.17630021494679063,0.26503713001317025,0.19792335253734195,0.0687268980029084
open_2017_05_08_close_2017_05_08_flight_Fixed Wing_N550ND_before_1_189642.csv,146,3650,3679,1.5502397190158734,"E1 EGT1, E1 FFlow, NormAc",0.04195403933255925,0.08683034941745188,0.21164061333249337,0.1718036065109041,0.25868608737168863,0.1895600498761604,0.03952525415850517
open_2017_05_08_close_2017_05_08_flight_Fixed Wing_N550ND_before_1_189642.csv,147,3675,3704,1.5009606472667527,"E1 EGT1, NormAc, E1 FFlow",0.07863720105587778,0.07056164546082375,0.19268366842567977,0.1745211993483993,0.22821884537448725,0.2192930274481447,0.03608441288636583
open_2017_05_08_close_2017_05_08_flight_Fixed Wing_N550ND_before_1_189642.csv,148,3700,3729,1.2760025500964889,"E1 EGT1, NormAc, E1 FFlow",0.1199807772460865,0.09182949762420238,0.18419327685401252,0.1550427536740278,0.21503268347266163,0.19637284473036737,0.03754816639842648
open_2017_05_08_close_2017_05_08_flight_Fixed Wing_N550ND_before_1_189642.csv,149,3725,3754,1.4583878085081738,"E1 EGT1, NormAc, AltMSL",0.1726332386104496,0.07053044496266009,0.17250375726005274,0.1623834377188047,0.21963683054870467,0.18965553986790892,0.012656751031192908
open_2017_05_08_close_2017_05_08_flight_Fixed Wing_N550ND_before_1_189642.csv,150,3750,3779,0.9760833530078705,"E1 EGT1, AltMSL, NormAc",0.21577483854797813,0.06923748937052368,0.12614331284369687,0.1594687846578158,0.24970620533024943,0.1658708391859434,0.013798530063561633
open_2017_05_08_close_2017_05_08_flight_Fixed Wing_N550ND_before_1_189642.csv,151,3775,3804,0.044061504338777535,"E1 RPM, E1 EGT1, NormAc",0.09302134118782554,0.2289251785009842,0.1342620652501187,0.09548974750402481,0.19229571037580398,0.14128538535451224,0.11472057182648177
open_2017_05_08_close_2017_05_08_flight_Fixed Wing_N550ND_before_1_189642.csv,152,3800,3829,-0.4478761478006468,"E1 FFlow, E1 RPM, IAS",0.06739416421888243,0.18613242642702513,0.25088764180909795,0.11693107306850177,0.13725859675604107,0.09812670118996096,0.14326939653023646
open_2017_05_08_close_2017_05_08_flight_Fixed Wing_N550ND_before_1_189642.csv,153,3825,3854,-0.057813366868214366,"E1 FFlow, NormAc, E1 CHT1",0.1440400958828407,0.11624580728949067,0.2923287552201919,0.16846774137617526,0.01755009513911765,0.20346656620598322,0.05790093888596763
open_2017_05_08_close_2017_05_08_flight_Fixed Wing_N550ND_before_1_189642.csv,154,3850,3879,0.8178790158251341,"E1 FFlow, NormAc, AltMSL",0.17197958989617224,0.14576796433589997,0.37092116290734023,0.08681939244789903,0.0193260588252887,0.1812687004838034,0.023917131103346437
open_2017_05_08_close_2017_05_08_flight_Fixed Wing_N550ND_before_1_189642.csv,155,3875,3904,1.3653954531957484,"E1 FFlow, NormAc, AltMSL",0.13677670839761547,0.13290566128574988,0.37688633891490475,0.09329456080063506,0.026244238745293715,0.17600730085929298,0.057885190996261
open_2017_05_08_close_2017_05_08_flight_Fixed Wing_N550ND_before_1_189642.csv,156,3900,3929,2.055826110510123,"E1 CHT1, NormAc, AltMSL",0.18978724243298759,0.06976466590207235,0.11955201068309587,0.2598644298254356,0.09543446282140139,0.2230727556066801,0.04252443272809251
open_2017_05_08_close_2017_05_08_flight_Fixed Wing_N550ND_before_1_189642.csv,157,3925,3954,1.080046779908867,"E1 CHT1, NormAc, AltMSL",0.15920300651267982,0.08646825015254168,0.14946079463872874,0.2802580828112389,0.13348905631165153,0.16446578190814284,0.026655027664818556
open_2017_05_08_close_2017_05_08_flight_Fixed Wing_N550ND_before_1_189642.csv,158,3950,3979,1.1575818003481708,"E1 CHT1, E1 EGT1, E1 FFlow",0.13740508189439327,0.07777630427943762,0.16120245374222522,0.2915485418604224,0.1628856896299477,0.1341993008656093,0.03498262772777317
open_2017_05_08_close_2017_05_08_flight_Fixed Wing_N550ND_before_1_189642.csv,159,3975,4004,0.8849476715997739,"E1 CHT1, E1 FFlow, NormAc",0.15179863473232708,0.13234066001164652,0.1871371741930495,0.2374146459570008,0.10432071517046054,0.17601407665965754,0.01097409327565874
open_2017_05_08_close_2017_05_08_flight_Fixed Wing_N550ND_before_1_189642.csv,160,4000,4029,0.8774842121709443,"E1 FFlow, E1 CHT1, E1 RPM",0.12611034782442382,0.16078332178906107,0.24304431957873862,0.20979609701105545,0.12862180496142944,0.1168765812924161,0.014767527542692014
open_2017_05_08_close_2017_05_08_flight_Fixed Wing_N550ND_before_1_189642.csv,161,4025,4054,1.3421945353501115,"E1 FFlow, AltMSL, E1 CHT1",0.1591748748638355,0.1373405072618577,0.23845443144994458,0.15911910462159895,0.15213887869231527,0.1358278292267067,0.017944373883550076
open_2017_05_08_close_2017_05_08_flight_Fixed Wing_N550ND_before_1_189642.csv,162,4050,4079,1.8457950199645032,"AltMSL, E1 EGT1, E1 FFlow",0.23027427256095606,0.07733383661078008,0.20551880094395775,0.07374171261420885,0.21392498010148833,0.16692363482080033,0.03228276234760684
open_2017_05_08_close_2017_05_08_flight_Fixed Wing_N550ND_before_1_189642.csv,163,4075,4104,0.468364132376363,"E1 RPM, E1 EGT1, AltMSL",0.1930760911246311,0.2147835824157693,0.1570337281088333,0.04029764217377466,0.2143943597981963,0.14540719507261463,0.03500740130595505
open_2017_05_08_close_2017_05_08_flight_Fixed Wing_N550ND_before_1_189642.csv,164,4100,4129,0.3648338993103608,"E1 RPM, E1 FFlow, IAS",0.0857874621304037,0.2772893323948164,0.19163515645222015,0.024043339482663777,0.12685663773511152,0.14653745670251095,0.14785061510197856
open_2017_05_08_close_2017_05_08_flight_Fixed Wing_N550ND_before_1_189642.csv,165,4125,4154,0.05509755428443741,"E1 FFlow, IAS, AltMSL",0.13768120551807764,0.12747003448745048,0.2863049361655824,0.06540377862661113,0.07440811157373957,0.11944298794074115,0.18928894568756094
open_2017_05_08_close_2017_05_08_flight_Fixed Wing_N550ND_before_1_189642.csv,166,4150,4179,0.6749475180520155,"E1 FFlow, AltMSL, NormAc",0.19328339519121912,0.12930502087670045,0.34134653238877943,0.05173046273382432,0.01716917058706516,0.19201522247178499,0.07515019575038151
open_2017_05_08_close_2017_05_08_flight_Fixed Wing_N550ND_before_1_189642.csv,167,4175,4204,1.0347620046035026,"E1 FFlow, AltMSL, NormAc",0.19619248638728165,0.13295808567931575,0.36268502014404946,0.07798916136513884,0.018671061129323718,0.18390383036212152,0.027600354932521852
open_2017_05_08_close_2017_05_08_flight_Fixed Wing_N550ND_before_1_189642.csv,168,4200,4229,1.07278424753649,"E1 FFlow, E1 CHT1, NormAc",0.1534061293144171,0.10710704047756435,0.3241243857454556,0.1778004452890895,0.03411846514952821,0.16417727893606376,0.039266255087659734
open_2017_05_08_close_2017_05_08_flight_Fixed Wing_N550ND_before_1_189642.csv,169,4225,4254,1.4512046572019597,"E1 CHT1, AltMSL, NormAc",0.20499504226014423,0.06270038213950833,0.1381627419502845,0.307898906445252,0.07576934472482186,0.18055506357680132,0.02991851890296517
open_2017_05_08_close_2017_05_08_flight_Fixed Wing_N550ND_before_1_189642.csv,170,4250,4279,0.8873467083525388,"E1 CHT1, AltMSL, NormAc",0.1702280091755189,0.06250094824275601,0.14841331352650974,0.3066655761675313,0.12776076777752624,0.16103848876064156,0.02339289634931996
open_2017_05_08_close_2017_05_08_flight_Fixed Wing_N550ND_before_1_189642.csv,171,4275,4304,0.4410910238735206,"E1 CHT1, E1 FFlow, NormAc",0.13883758341228972,0.10719683414769993,0.1938665692983256,0.2709317763864412,0.12973138483453203,0.14095925134161455,0.0184766005788995
open_2017_05_08_close_2017_05_08_flight_Fixed Wing_N550ND_before_1_189642.csv,172,4300,4329,0.37008666845091964,"E1 CHT1, E1 FFlow, E1 RPM",0.10674214614444125,0.1659011012746333,0.23441413917602105,0.2522943823019966,0.07953495697688981,0.13850824878760556,0.022605025338217996
open_2017_05_08_close_2017_05_08_flight_Fixed Wing_N550ND_before_1_189642.csv,173,4325,4354,0.9487792659537342,"E1 FFlow, E1 CHT1, E1 RPM",0.14627615629824156,0.1571052096142424,0.23548112527130244,0.1991800067469831,0.09183865510434419,0.14816424422321953,0.021954602741476766
open_2017_05_08_close_2017_05_08_flight_Fixed Wing_N550ND_before_1_189642.csv,174,4350,4379,1.6552555823158825,"E1 FFlow, AltMSL, E1 EGT1",0.21579999024976027,0.11619573180934616,0.22651931793188565,0.11560420452246667,0.16884281453444597,0.13822056241433547,0.018817378537560662
open_2017_05_08_close_2017_05_08_flight_Fixed Wing_N550ND_before_1_189642.csv,175,4375,4404,0.07658377366675406,"E1 RPM, E1 EGT1, E1 FFlow",0.12972708393621107,0.23580180169984993,0.1532997111112631,0.04804809104248323,0.21507625301200725,0.14952648669052795,0.06852057250740645
open_2017_05_08_close_2017_05_08_flight_Fixed Wing_N550ND_before_1_189642.csv,176,4400,4429,-0.45747245156164684,"E1 FFlow, E1 RPM, E1 EGT1",0.0640361611660119,0.2402084934627693,0.2548100260804121,0.01898204395482464,0.18615694026902663,0.08580778607458044,0.1499985489921185
open_2017_05_08_close_2017_05_08_flight_Fixed Wing_N550ND_before_1_189642.csv,177,4425,4454,0.0732278751373685,"E1 FFlow, NormAc, AltMSL",0.1663345092961596,0.11764142876611798,0.2977036228093062,0.10242210486098267,0.0266036554824369,0.21252712589620512,0.07676755288855046
open_2017_05_08_close_2017_05_08_flight_Fixed Wing_N550ND_before_1_189642.csv,178,4450,4479,1.0378998658323044,"E1 FFlow, NormAc, AltMSL",0.17364579655902582,0.1327455563168154,0.36465840771560454,0.06033307467275707,0.020504018708846824,0.18299960631323595,0.06511353971346985
open_2017_05_08_close_2017_05_08_flight_Fixed Wing_N550ND_before_1_189642.csv,179,4475,4504,1.2237960221074249,"E1 FFlow, NormAc, AltMSL",0.14525710530644897,0.11529381292799314,0.3473008131049062,0.11947572687978279,0.02425263144707841,0.17874965256299424,0.06967025777056432
open_2017_05_08_close_2017_05_08_flight_Fixed Wing_N550ND_before_1_189642.csv,180,4500,4529,1.053179072607279,"E1 FFlow, E1 CHT1, NormAc",0.13492234098092648,0.11011965732762381,0.33030627152050523,0.22046854255980386,0.03629737612318513,0.13660963036905976,0.031276181118664176
open_2017_05_08_close_2017_05_08_flight_Fixed Wing_N550ND_before_1_189642.csv,181,4525,4554,0.7032408705760838,"E1 FFlow, E1 CHT1, NormAc",0.11032509147756267,0.10810798385777931,0.3016629804658051,0.2715462123571105,0.035089486478928324,0.14055514472192868,0.03271310064064774
open_2017_05_08_close_2017_05_08_flight_Fixed Wing_N550ND_before_1_189642.csv,182,4550,4579,0.31565538984835007,"E1 CHT1, NormAc, E1 FFlow",0.06281141982889009,0.0903669053267142,0.2395693139417695,0.2983953437415987,0.04711724266646127,0.2461959797137015,0.015543794780595458
open_2017_05_08_close_2017_05_08_flight_Fixed Wing_N550ND_before_1_189642.csv,183,4575,4604,0.5388683787966522,"E1 CHT1, NormAc, E1 EGT1",0.04821073121576925,0.04732498557841047,0.049826716259970046,0.4046535521687545,0.06719703820680101,0.3460428886778448,0.036744087892163206
open_2017_05_08_close_2017_05_08_flight_Fixed Wing_N550ND_before_1_189642.csv,184,4600,4629,1.1611805395307138,"E1 CHT1, NormAc, IAS",0.0413904458268806,0.08104795332341343,0.11163134153369507,0.38233692175757966,0.07904883446299456,0.18621548665463902,0.11832901644055406
open_2017_05_08_close_2017_05_08_flight_Fixed Wing_N550ND_before_1_189642.csv,185,4625,4654,1.4091258508499558,"E1 CHT1, NormAc, IAS",0.03876024728377624,0.13739040155375454,0.09824698984624428,0.3181270744551225,0.05863635151769987,0.18083459744433436,0.16800433789883037
open_2017_05_08_close_2017_05_08_flight_Fixed Wing_N550ND_before_1_189642.csv,186,4650,4679,1.5857903805629054,"E1 CHT1, NormAc, IAS",0.04219688623152741,0.1339162450916278,0.0513700672354414,0.27291216704184135,0.06633696574620179,0.241456134793154,0.19181153385997177
open_2017_05_08_close_2017_05_08_flight_Fixed Wing_N550ND_before_1_189642.csv,187,4675,4704,2.29561693664948,"E1 CHT1, NormAc, IAS",0.013776838096523952,0.1335331955291418,0.04046915842629099,0.3207103162358146,0.09038802363244416,0.21447620859000485,0.18664625948949903
open_2017_05_08_close_2017_05_08_flight_Fixed Wing_N550ND_before_1_189642.csv,188,4700,4729,2.7176105013087324,"E1 CHT1, NormAc, IAS",0.02880208849707439,0.13642154293173134,0.05165943044951765,0.29927070172010717,0.1054589368502675,0.23054929366490914,0.1478380058860868
open_2017_05_08_close_2017_05_08_flight_Fixed Wing_N550ND_before_1_189642.csv,189,4725,4754,2.629314130266184,"NormAc, E1 CHT1, IAS",0.04149459704417531,0.16096700508745687,0.0860386931449902,0.21338242451909803,0.0880969353826528,0.23895642576963141,0.17106391905171406
open_2017_05_08_close_2017_05_08_flight_Fixed Wing_N550ND_before_1_189642.csv,190,4750,4779,2.6954914778255463,"NormAc, E1 CHT1, IAS",0.05968645470070218,0.17566125725316473,0.09786288953590101,0.198042320703178,0.07709721999265769,0.20018339242527866,0.19146646538884107
open_2017_05_08_close_2017_05_08_flight_Fixed Wing_N550ND_before_1_189642.csv,191,4775,4804,2.6090092052299316,"NormAc, IAS, E1 CHT1",0.055619089847417355,0.17239484795469517,0.0935679854060459,0.17558037863297007,0.07711630701880769,0.23495214093053882,0.19076925020925392
open_2017_05_08_close_2017_05_08_flight_Fixed Wing_N550ND_before_1_189642.csv,192,4800,4829,2.700605920466406,"NormAc, IAS, E1 RPM",0.053852868472032904,0.17982658825090617,0.10232619176120528,0.1670884547989339,0.07855177123348063,0.2215276955321498,0.1968264299510193
open_2017_05_08_close_2017_05_08_flight_Fixed Wing_N550ND_before_1_189642.csv,193,4825,4854,2.7742158309912486,"NormAc, IAS, E1 RPM",0.0628614895923206,0.18697852927514957,0.10785813319761513,0.16036159150421575,0.07044978152777125,0.20891654522686776,0.2025739296757782
open_2017_05_08_close_2017_05_08_flight_Fixed Wing_N550ND_before_1_189642.csv,194,4850,4879,2.8178096339783365,"IAS, E1 RPM, NormAc",0.0867693051407034,0.1897969636292946,0.10952141938869529,0.16013734120910803,0.06906905378675948,0.1789395568660785,0.2057663599790783
open_2017_05_08_close_2017_05_08_flight_Fixed Wing_N550ND_before_1_189642.csv,195,4875,4904,2.699193627737482,"NormAc, IAS, E1 RPM",0.07698775739164614,0.18106716709639345,0.10354850920301391,0.1382280296257099,0.06961099570699499,0.22947426859352205,0.20108327238245172
open_2017_05_08_close_2017_05_08_flight_Fixed Wing_N550ND_before_1_189642.csv,196,4900,4929,2.747183846707919,"IAS, NormAc, E1 RPM",0.07898006183331718,0.18780984163220166,0.10543223347101216,0.14216554979878976,0.07258599125352125,0.20221056781254146,0.2108157541983432
open_2017_05_08_close_2017_05_08_flight_Fixed Wing_N550ND_before_1_189642.csv,197,4925,4954,2.6201535744570887,"NormAc, IAS, E1 RPM",0.06415881622576619,0.1854552686195842,0.1068808376914125,0.12902924215767553,0.06361672176803929,0.23660858868820842,0.21425052484904514
open_2017_05_08_close_2017_05_08_flight_Fixed Wing_N550ND_before_1_189642.csv,198,4950,4979,2.653780058259246,"NormAc, IAS, E1 RPM",0.0630144642298303,0.18888196398660376,0.11583754995147738,0.13755144800238037,0.0662897970851717,0.21612562397718407,0.2122991527670814
open_2017_05_08_close_2017_05_08_flight_Fixed Wing_N550ND_before_1_189642.csv,199,4975,5004,2.6238412382624374,"NormAc, IAS, E1 RPM",0.06501589054160742,0.17824931186182497,0.10320990464728258,0.12272548453777642,0.06842791234767545,0.2584226907558443,0.2039488053077311
open_2017_05_08_close_2017_05_08_flight_Fixed Wing_N550ND_before_1_189642.csv,200,5000,5029,2.6849656780857925,"NormAc, IAS, E1 RPM",0.0755899355550431,0.18544344586083064,0.1105588592562047,0.12827696580361486,0.06456168249720326,0.22765808317233138,0.20791102785449805
open_2017_05_08_close_2017_05_08_flight_Fixed Wing_N550ND_before_1_189642.csv,201,5025,5054,2.647025506968117,"NormAc, IAS, E1 RPM",0.07430667490498971,0.18292739400783908,0.1099094636504384,0.11382172864196502,0.06143516712994975,0.24147954047199827,0.216120031192565
open_2017_05_08_close_2017_05_08_flight_Fixed Wing_N550ND_before_1_189642.csv,202,5050,5079,2.6038541501095422,"IAS, NormAc, E1 RPM",0.06611446480296179,0.19265457086325882,0.11498694963212829,0.11758918292108021,0.06024470188455808,0.21579859143410307,0.23261153846165125
open_2017_05_08_close_2017_05_08_flight_Fixed Wing_N550ND_before_1_189642.csv,203,5075,5104,2.5740405404068762,"IAS, NormAc, E1 RPM",0.029047029917506646,0.19424597163538496,0.08502469333594785,0.12171817863587037,0.07011633741733522,0.24191958562624252,0.2579282034314405
open_2017_05_08_close_2017_05_08_flight_Fixed Wing_N550ND_before_1_189642.csv,204,5100,5129,2.7671131301385823,"IAS, NormAc, E1 RPM",0.03276013409784117,0.14247861406078963,0.07534407239889013,0.13935123854861065,0.10722537015368064,0.23200857590750418,0.2708319948324157
open_2017_05_08_close_2017_05_08_flight_Fixed Wing_N550ND_before_1_189642.csv,205,5125,5154,2.95717787471763,"IAS, NormAc, E1 EGT1",0.058483649313964194,0.11723748424499406,0.09490243251333452,0.12336419651466876,0.130628707789785,0.22750101048939128,0.2478825191335966
open_2017_05_08_close_2017_05_08_flight_Fixed Wing_N550ND_before_1_189642.csv,206,5150,5179,2.854479309974605,"NormAc, IAS, E1 EGT1",0.06452593523154787,0.11156817183523063,0.07786066933251215,0.08037558114642256,0.14864253539188482,0.3101303646634892,0.20689674239863193
open_2017_05_08_close_2017_05_08_flight_Fixed Wing_N550ND_before_1_189642.csv,207,5175,5204,3.1678995327352006,"NormAc, IAS, E1 EGT1",0.056449177266203625,0.16257326720445547,0.038188834739414174,0.03511313154128175,0.16373564501006585,0.34086414179002605,0.20307580244822163
open_2017_05_08_close_2017_05_08_flight_Fixed Wing_N550ND_before_1_189642.csv,208,5200,5229,3.033359698438032,"NormAc, IAS, E1 RPM",0.050377978225227237,0.18623629534552827,0.06591797617663792,0.0041372486655373705,0.1411234007258167,0.3531536703308889,0.1990534305300463
open_2017_05_08_close_2017_05_08_flight_Fixed Wing_N550ND_before_1_189642.csv,209,5225,5254,2.7779380065306776,"NormAc, IAS, E1 FFlow",0.10420564684426596,0.08675096254017477,0.1637886134866592,0.05171052349267087,0.16374729361958898,0.24993150277924178,0.1798654572371423
open_2017_05_08_close_2017_05_08_flight_Fixed Wing_N550ND_before_1_189642.csv,210,5250,5279,0.6818944355893612,"E1 EGT1, E1 FFlow, E1 RPM",0.05134934749671948,0.1405621603432076,0.20707684129549914,0.08858146609071305,0.2694585554315407,0.1086540408051972,0.13431758853691939
open_2017_05_08_close_2017_05_08_flight_Fixed Wing_N550ND_before_1_189642.csv,211,5275,5304,0.3966815070946601,"E1 EGT1, NormAc, IAS",0.02708265074765811,0.06937046539990055,0.15654593316721926,0.08548658277583902,0.3106547672903391,0.17679445066306282,0.17406514995573577
open_2017_05_08_close_2017_05_08_flight_Fixed Wing_N550ND_before_1_189642.csv,212,5300,5329,1.9104281335746696,"E1 FFlow, NormAc, AltMSL",0.17754418190908047,0.12126211515109615,0.2390989358028432,0.08152599499956935,0.11989826492162578,0.21101871733701888,0.04965178987853883
open_2017_05_08_close_2017_05_08_flight_Fixed Wing_N550ND_before_1_189642.csv,213,5325,5354,1.6325586479784095,"AltMSL, E1 EGT1, NormAc",0.2304268011594714,0.09096061814498654,0.14893295025758713,0.15539400457855201,0.19657686459037874,0.16021317058861645,0.017495590680179956
open_2017_05_08_close_2017_05_08_flight_Fixed Wing_N550ND_before_1_189642.csv,214,5350,5379,0.5709433082956559,"E1 EGT1, AltMSL, E1 FFlow",0.19042823866606776,0.14922683146138915,0.1574099878341526,0.09423707839059862,0.22149724524070427,0.14371505986729996,0.043485558539552646
open_2017_05_08_close_2017_05_08_flight_Fixed Wing_N550ND_before_1_189642.csv,215,5375,5404,0.2421237824991498,"E1 RPM, E1 EGT1, E1 CHT1",0.09432253246733188,0.23790230717674496,0.1355921908622263,0.13827023671485264,0.15209483636641477,0.127638310508192,0.11417958590395644
open_2017_05_08_close_2017_05_08_flight_Fixed Wing_N550ND_before_1_189642.csv,216,5400,5429,0.5637891444797885,"IAS, E1 EGT1, E1 FFlow",0.1008985172658174,0.1385245727387469,0.14849471310613294,0.11091787876235622,0.16306230893434653,0.10257483281197463,0.23552717638033
open_2017_05_08_close_2017_05_08_flight_Fixed Wing_N550ND_before_1_189642.csv,217,5425,5454,0.4040394630900104,"IAS, E1 RPM, E1 EGT1",0.09627430735409132,0.1856898450799313,0.13919968251142595,0.10439355752056657,0.1806680105297817,0.07222647991573926,0.2215481170881777
open_2017_05_08_close_2017_05_08_flight_Fixed Wing_N550ND_before_1_189642.csv,218,5450,5479,0.3335602539327849,"E1 EGT1, IAS, E1 FFlow",0.0913582569688076,0.13507942106468354,0.1491323456299524,0.07987768411213218,0.22369540359806694,0.10779122624101549,0.21306566238506272
open_2017_05_08_close_2017_05_08_flight_Fixed Wing_N550ND_before_1_189642.csv,219,5475,5504,0.41400683063337906,"NormAc, IAS, E1 RPM",0.09587250002607041,0.14493206302058564,0.13779383472493378,0.07157786031714536,0.10754792681277522,0.22234208640334754,0.2199337286948688
open_2017_05_08_close_2017_05_08_flight_Fixed Wing_N550ND_before_1_189642.csv,220,5500,5529,0.27684835094658977,"IAS, NormAc, E1 EGT1",0.08016590954520098,0.1643604356920496,0.11573749540184072,0.1035564066173294,0.1655101452619421,0.18428857024533843,0.18638103723599816
open_2017_05_08_close_2017_05_08_flight_Fixed Wing_N550ND_before_1_189642.csv,221,5525,5554,0.5104840503795107,"IAS, E1 EGT1, NormAc",0.0991161239539255,0.1373434896472566,0.1504909841710626,0.051901096010031296,0.17751233374298608,0.15561293449350658,0.22802303798092866
open_2017_05_08_close_2017_05_08_flight_Fixed Wing_N550ND_before_1_189642.csv,222,5550,5579,0.4369199855861905,"IAS, E1 RPM, NormAc",0.09186332648648983,0.18188837098039562,0.1376802574040377,0.0718987411922858,0.14283036413174843,0.16176564995377093,0.21207328985095708
open_2017_05_08_close_2017_05_08_flight_Fixed Wing_N550ND_before_1_189642.csv,223,5575,5604,0.5367285252312315,"IAS, E1 EGT1, E1 FFlow",0.09934367161331865,0.1577844789760198,0.1585102356604413,0.04249457299850795,0.16545969500292126,0.14789620636589573,0.22851113938257958
open_2017_05_08_close_2017_05_08_flight_Fixed Wing_N550ND_before_1_189642.csv,224,5600,5629,0.6841741668558519,"IAS, E1 RPM, E1 FFlow",0.10805151539011994,0.19928827199323795,0.16759577974539475,0.052151594982227156,0.139190013579487,0.08423691841946872,0.24948590588972414
open_2017_05_08_close_2017_05_08_flight_Fixed Wing_N550ND_before_1_189642.csv,225,5625,5654,0.6043710895573828,"IAS, E1 RPM, E1 EGT1",0.10534196795557135,0.18728957727504972,0.15891821833730882,0.04555791180236744,0.17656069972247734,0.08406507575111616,0.2422665491557633
open_2017_05_08_close_2017_05_08_flight_Fixed Wing_N550ND_before_2_189656.csv,0,0,29,-0.5138510146639681,"E1 CHT1, E1 EGT1, IAS",0.05192258228745552,0.06622210411570519,0.037143956636115735,0.474831403505817,0.17416511243785474,0.09399111704326796,0.10172372397323269
open_2017_05_08_close_2017_05_08_flight_Fixed Wing_N550ND_before_2_189656.csv,1,25,54,-0.01739522358510248,"E1 CHT1, IAS, E1 RPM",0.07636448094144811,0.12341597203833012,0.08963608761448144,0.320416539196942,0.11264244534358461,0.10780240389515579,0.16972207096949676
open_2017_05_08_close_2017_05_08_flight_Fixed Wing_N550ND_before_2_189656.csv,2,50,79,0.18061831304848353,"IAS, E1 EGT1, E1 CHT1",0.09326784730884916,0.1469848212484156,0.11055317264134994,0.1549861145674564,0.19737732550082185,0.07884052938467895,0.21799018934796252
open_2017_05_08_close_2017_05_08_flight_Fixed Wing_N550ND_before_2_189656.csv,3,75,104,0.40431264910006837,"IAS, E1 RPM, E1 FFlow",0.11238742521755533,0.19137600874122476,0.13756753513441974,0.12404771843749655,0.0892005793988573,0.08382628165215587,0.2615944514178519
open_2017_05_08_close_2017_05_08_flight_Fixed Wing_N550ND_before_2_189656.csv,4,100,129,0.5654459878971871,"IAS, E1 RPM, E1 FFlow",0.12555769764092697,0.18376511072974658,0.1562073411223694,0.12635635759613445,0.03521456097809561,0.08540404684232186,0.2874948850900129
open_2017_05_08_close_2017_05_08_flight_Fixed Wing_N550ND_before_2_189656.csv,5,125,154,0.7095053674904226,"IAS, E1 RPM, E1 FFlow",0.1286279022581186,0.16941751519111573,0.1673592214373833,0.1263099023084493,0.018687504161202798,0.09603763725910514,0.293560317384274
open_2017_05_08_close_2017_05_08_flight_Fixed Wing_N550ND_before_2_189656.csv,6,150,179,0.8672666752501779,"IAS, E1 FFlow, E1 RPM",0.1364025294551814,0.17037695632358119,0.1827087810775458,0.11880723395668705,0.026478606620102322,0.05477838548761159,0.31044750707895413
open_2017_05_08_close_2017_05_08_flight_Fixed Wing_N550ND_before_2_189656.csv,7,175,204,0.957030012060613,"IAS, E1 FFlow, E1 RPM",0.13526868622225974,0.16398319860223007,0.1888477272316562,0.09330588230762143,0.04085877113341656,0.07030807171036764,0.3074276627921308
open_2017_05_08_close_2017_05_08_flight_Fixed Wing_N550ND_before_2_189656.csv,8,200,229,1.001034024553237,"IAS, E1 FFlow, E1 RPM",0.1362312463991374,0.15824653153782145,0.1953172020921677,0.061513233836075494,0.055304502160921615,0.08512302761236752,0.3082642563611991
open_2017_05_08_close_2017_05_08_flight_Fixed Wing_N550ND_before_2_189656.csv,9,225,254,1.0597457794871343,"IAS, E1 FFlow, E1 RPM",0.14241847826946033,0.1609282433463825,0.20643553778154228,0.031666031046104874,0.0633166958609371,0.07492259885090059,0.32031241484435685
open_2017_05_08_close_2017_05_08_flight_Fixed Wing_N550ND_before_2_189656.csv,10,250,279,1.060257576230018,"IAS, E1 FFlow, E1 RPM",0.1410632764166486,0.15556669784345756,0.20713103369970837,0.02880842184730773,0.06587141640226354,0.08671384746868151,0.31484530632162167
open_2017_05_08_close_2017_05_08_flight_Fixed Wing_N550ND_before_2_189656.csv,11,275,304,1.0642769172033009,"IAS, E1 FFlow, E1 RPM",0.140890289189066,0.15356651070370558,0.20841581135083154,0.05202561527651062,0.06970864800191719,0.06096971785073959,0.3144234076269202
open_2017_05_08_close_2017_05_08_flight_Fixed Wing_N550ND_before_2_189656.csv,12,300,329,1.0307804962503346,"IAS, E1 FFlow, E1 RPM",0.13520395510361,0.14416387854048668,0.2036543064407927,0.086396026954964,0.06901172147278017,0.06040711411863398,0.30116299736843327
open_2017_05_08_close_2017_05_08_flight_Fixed Wing_N550ND_before_2_189656.csv,13,325,354,0.5932107655903498,"IAS, E1 FFlow, E1 EGT1",0.11532535431091295,0.10001448101823905,0.17512001366243377,0.09734360515378856,0.16644455749318862,0.10104061654700988,0.24471137181419522
open_2017_05_08_close_2017_05_08_flight_Fixed Wing_N550ND_before_2_189656.csv,14,350,379,0.5041294947821977,"IAS, E1 FFlow, E1 EGT1",0.11296168794561648,0.1290113436736599,0.1633372718372415,0.11501349862229682,0.1532315479492885,0.08700593820085621,0.23943871177080217
open_2017_05_08_close_2017_05_08_flight_Fixed Wing_N550ND_before_2_189656.csv,15,375,404,0.5842373284115383,"IAS, E1 RPM, E1 CHT1",0.10147400545046949,0.18496785429808374,0.1691423205423209,0.18063286578053223,0.05828574293542712,0.07408010282288081,0.23141710816997307
open_2017_05_08_close_2017_05_08_flight_Fixed Wing_N550ND_before_2_189656.csv,16,400,429,0.4969605805034134,"IAS, E1 CHT1, E1 FFlow",0.09227554547135418,0.12068475368358074,0.1574740611574794,0.1826238619299284,0.14482265660723478,0.09560060666197634,0.20651851448817837
open_2017_05_08_close_2017_05_08_flight_Fixed Wing_N550ND_before_2_189656.csv,17,425,454,0.299198601011438,"IAS, E1 CHT1, NormAc",0.09436233576943165,0.13488264551409812,0.1421220287086008,0.19669168532614378,0.0519788916669879,0.1719738379175835,0.20798857509687602
open_2017_05_08_close_2017_05_08_flight_Fixed Wing_N550ND_before_2_189656.csv,18,450,479,0.14840975171187276,"E1 CHT1, IAS, NormAc",0.0821338137291561,0.12059908954321129,0.12238320824734175,0.20653428752001077,0.10144200910957095,0.18062808741858644,0.1862795044318265
open_2017_05_08_close_2017_05_08_flight_Fixed Wing_N550ND_before_2_189656.csv,19,475,504,0.27595381679229414,"E1 CHT1, IAS, NormAc",0.08704972108374803,0.11914894118587262,0.12967704866535565,0.21489751601222748,0.10797944477734506,0.14546512430064298,0.19578220397450727
open_2017_05_08_close_2017_05_08_flight_Fixed Wing_N550ND_before_2_189656.csv,20,500,529,0.378613685453709,"IAS, E1 CHT1, E1 FFlow",0.09426277466827612,0.11343120086481301,0.14708199159752844,0.20661895276362088,0.0844008773830272,0.14264628509995506,0.21155791762248496
open_2017_05_08_close_2017_05_08_flight_Fixed Wing_N550ND_before_2_189656.csv,21,525,554,0.4757241895165776,"IAS, E1 CHT1, NormAc",0.09633147571621296,0.13229799043834653,0.14609097888687206,0.2017566771013556,0.052356496518320673,0.15432936385090193,0.21683701748769757
open_2017_05_08_close_2017_05_08_flight_Fixed Wing_N550ND_before_2_189656.csv,22,550,579,0.3817908081008379,"IAS, E1 CHT1, E1 EGT1",0.08500406188465426,0.1293360513153384,0.12856581495898864,0.19460351195635134,0.1377042002987433,0.1275581731343079,0.19722818645131263
open_2017_05_08_close_2017_05_08_flight_Fixed Wing_N550ND_before_2_189656.csv,23,575,604,0.4702735827168758,"IAS, E1 CHT1, E1 FFlow",0.10361519074381884,0.08358847353475853,0.14931604805485127,0.17112078888394666,0.14852743201434046,0.12337101892472979,0.22046104784330844
open_2017_05_08_close_2017_05_08_flight_Fixed Wing_N550ND_before_2_189656.csv,24,600,629,0.5206625310245436,"IAS, E1 CHT1, E1 FFlow",0.10233790647708908,0.12898996854423492,0.1522452509090491,0.1959419509074819,0.0619096957275361,0.1342726761697406,0.22430255126459092
open_2017_05_08_close_2017_05_08_flight_Fixed Wing_N550ND_before_2_189656.csv,25,625,654,0.36757391311812215,"E1 CHT1, IAS, NormAc",0.08579380388771705,0.1353796701231003,0.12870660932851746,0.20537701046207607,0.10199178092606366,0.1475227302617579,0.19522839501047282
open_2017_05_08_close_2017_05_08_flight_Fixed Wing_N550ND_before_2_189656.csv,26,650,679,0.536556452704883,"IAS, E1 CHT1, E1 FFlow",0.09550336900893269,0.11284455633527356,0.14416915224122315,0.2054193398988692,0.14328907620491063,0.0810423222182956,0.21773218409221398
open_2017_05_08_close_2017_05_08_flight_Fixed Wing_N550ND_before_2_189656.csv,27,675,704,0.422084720900505,"IAS, E1 CHT1, E1 RPM",0.10542462689066401,0.16286220620432107,0.14012005331126556,0.17311648710349128,0.12892595629064307,0.0657443290779741,0.22380634112138942
open_2017_05_08_close_2017_05_08_flight_Fixed Wing_N550ND_before_2_189656.csv,28,700,729,0.08238390501463577,"IAS, E1 EGT1, E1 CHT1",0.11948211053247765,0.07325920090740332,0.10252044888922839,0.14490652547420704,0.23669001539899923,0.08061577176196795,0.24252592703550696
open_2017_05_08_close_2017_05_08_flight_Fixed Wing_N550ND_before_2_189656.csv,29,725,754,-0.5325904920267273,"IAS, E1 EGT1, E1 CHT1",0.14283339212729496,0.09954230692000704,0.09453150826043935,0.1496350775089881,0.19583951074782163,0.06556596721270125,0.25205223722252035
open_2017_05_08_close_2017_05_08_flight_Fixed Wing_N550ND_before_2_189656.csv,30,750,779,-0.28505267039666693,"E1 CHT1, IAS, E1 FFlow",0.09989336122759176,0.11559946573710266,0.15489089246242804,0.2385532326017615,0.13864223461295463,0.055758364469730134,0.19666244888820905
open_2017_05_08_close_2017_05_08_flight_Fixed Wing_N550ND_before_2_189656.csv,31,775,804,-0.44404386468854984,"E1 CHT1, IAS, E1 FFlow",0.09820751461030053,0.12090763698849022,0.13819774102469842,0.2902167721756563,0.0997673326690235,0.060919044650145825,0.19178395788143865
open_2017_05_08_close_2017_05_08_flight_Fixed Wing_N550ND_before_2_189656.csv,32,800,829,-0.3970256819268996,"E1 CHT1, IAS, E1 FFlow",0.09119070705851236,0.11932903108423229,0.1373592948457209,0.36941861876872306,0.03774198176618469,0.06102186923955703,0.18393849723679173
open_2017_05_08_close_2017_05_08_flight_Fixed Wing_N550ND_before_2_189656.csv,33,825,854,-0.4773619823982016,"E1 CHT1, IAS, E1 FFlow",0.08992243943251106,0.11359081180444273,0.13413313990848527,0.3869614793827764,0.034095485816612175,0.060514093773693545,0.1807825498811928
open_2017_05_08_close_2017_05_08_flight_Fixed Wing_N550ND_before_2_189656.csv,34,850,879,-0.5436429120806268,"E1 CHT1, IAS, E1 FFlow",0.08835338440262291,0.11068073520537867,0.13257388979944973,0.40092176301315025,0.037781435827987424,0.0516000695397205,0.17808872221139832
open_2017_05_08_close_2017_05_08_flight_Fixed Wing_N550ND_before_2_189656.csv,35,875,904,-0.6512842301177848,"E1 CHT1, IAS, E1 FFlow",0.08805285933635604,0.10704866259981972,0.13144199853336025,0.4091364137752808,0.03825685352242711,0.050463519032136604,0.17559969320032473
open_2017_05_08_close_2017_05_08_flight_Fixed Wing_N550ND_before_2_189656.csv,36,900,929,-0.7284814675381819,"E1 CHT1, IAS, E1 FFlow",0.08866363702633448,0.10754776606753767,0.13185490794877636,0.42519780360188436,0.03490913244039745,0.0355205531876323,0.1763061997271343
open_2017_05_08_close_2017_05_08_flight_Fixed Wing_N550ND_before_2_189656.csv,37,925,954,-0.7951704360011531,"E1 CHT1, IAS, E1 FFlow",0.08700967587783179,0.1048738239678293,0.12902293275369206,0.4280868572454985,0.036625397972869726,0.042360737783359206,0.17202057439861546
open_2017_05_08_close_2017_05_08_flight_Fixed Wing_N550ND_before_2_189656.csv,38,950,979,-0.8774688246118791,"E1 CHT1, IAS, E1 FFlow",0.0859937469040686,0.10255473346185402,0.1270783590953867,0.42654277379423244,0.04153993482581527,0.0477543006466933,0.1685361512716471
open_2017_05_08_close_2017_05_08_flight_Fixed Wing_N550ND_before_2_189656.csv,39,975,1004,-0.950286559731329,"E1 CHT1, IAS, E1 FFlow",0.08629675285479797,0.09306683435898357,0.12795349592626484,0.42255992061238795,0.03543611187238812,0.0678951832356441,0.16679170113923253
open_2017_05_08_close_2017_05_08_flight_Fixed Wing_N550ND_before_2_189656.csv,40,1000,1029,-0.9035965981595595,"E1 CHT1, IAS, E1 FFlow",0.08931236839953155,0.09646949501544602,0.1308137313995841,0.4338978485973783,0.03400138729430072,0.042936239513804396,0.17256892977964816
open_2017_05_08_close_2017_05_08_flight_Fixed Wing_N550ND_before_2_189656.csv,41,1025,1054,-0.9257960864372827,"E1 CHT1, IAS, E1 FFlow",0.0877608860234528,0.08920614211293114,0.13037348871404078,0.3696651278586496,0.0875025918094741,0.06878259723630563,0.16670916624487017
open_2017_05_08_close_2017_05_08_flight_Fixed Wing_N550ND_before_2_189656.csv,42,1050,1079,-0.7796160414796298,"E1 CHT1, IAS, E1 RPM",0.0769791803419807,0.12198145406253658,0.11953278073519398,0.41234990024376217,0.05385918245489481,0.05694250896887307,0.15835499319245502
open_2017_05_08_close_2017_05_08_flight_Fixed Wing_N550ND_before_2_189656.csv,43,1075,1104,-0.6968584605507622,"E1 CHT1, IAS, E1 RPM",0.07187687332964685,0.11600627636572353,0.11120933264699119,0.42863061779333267,0.08526757543099721,0.03491800550879488,0.152091318924193
open_2017_05_08_close_2017_05_08_flight_Fixed Wing_N550ND_before_2_189656.csv,44,1100,1129,-0.6399669050795036,"E1 CHT1, IAS, E1 RPM",0.07133633916670334,0.11233070449162771,0.10995910353089383,0.42196674270289547,0.09713900457791547,0.035531155102385185,0.1517369504272591
open_2017_05_08_close_2017_05_08_flight_Fixed Wing_N550ND_before_2_189656.csv,45,1125,1154,-0.6153038205036974,"E1 CHT1, IAS, E1 EGT1",0.0756546887801521,0.0886984730392047,0.11942325932366947,0.3931231661957971,0.12143597664916134,0.043094177305041156,0.15857025870668068
open_2017_05_08_close_2017_05_08_flight_Fixed Wing_N550ND_before_2_189656.csv,46,1150,1179,-0.9460840040376897,"E1 CHT1, E1 FFlow, IAS",0.09897188729391865,0.12058436688162738,0.19118284959979817,0.2846475967859442,0.05911403895031682,0.08736247513290964,0.1581367853552481
open_2017_05_08_close_2017_05_08_flight_Fixed Wing_N550ND_before_2_189656.csv,47,1175,1204,-0.9659116443403013,"E1 CHT1, AltMSL, E1 FFlow",0.21297894800691972,0.06218879458293579,0.20608891748626018,0.22302618430384602,0.042491041775750256,0.17294206389625175,0.08028404994779577
open_2017_05_08_close_2017_05_08_flight_Fixed Wing_N550ND_before_2_189656.csv,48,1200,1229,-0.691589703146422,"E1 CHT1, AltMSL, E1 FFlow",0.23190362446311422,0.06433818869100703,0.21744871704482888,0.2903557919792247,0.02308868556266313,0.13508649479085255,0.03777849746806467
open_2017_05_08_close_2017_05_08_flight_Fixed Wing_N550ND_before_2_189656.csv,49,1225,1254,-1.3836731351773812,"E1 CHT1, NormAc, AltMSL",0.1889006774602789,0.05202863939457492,0.18586411849850337,0.2963630959239197,0.017803992551044045,0.215127843230121,0.04391163294127324
open_2017_05_08_close_2017_05_08_flight_Fixed Wing_N550ND_before_2_189656.csv,50,1250,1279,-1.009902475880391,"E1 CHT1, E1 FFlow, AltMSL",0.1801883053475468,0.045435061689885564,0.18735818616743313,0.3235826672792843,0.027190514896530436,0.16634917808572566,0.06989608653333276
open_2017_05_08_close_2017_05_08_flight_Fixed Wing_N550ND_before_2_189656.csv,51,1275,1304,-1.0281605297255547,"E1 CHT1, E1 FFlow, NormAc",0.16015243416628,0.05074153647817009,0.18665593848667075,0.34629767442023235,0.023167325465805463,0.18296417660740016,0.050020914375173114
open_2017_05_08_close_2017_05_08_flight_Fixed Wing_N550ND_before_2_189656.csv,52,1300,1329,-0.8880031690580199,"E1 CHT1, NormAc, E1 FFlow",0.12333158352113807,0.04994572985920329,0.18409103679176977,0.36692189584298196,0.020930906284645164,0.19725016499744927,0.05752868270253393
open_2017_05_08_close_2017_05_08_flight_Fixed Wing_N550ND_before_2_189656.csv,53,1325,1354,-0.9174661557830004,"E1 CHT1, E1 FFlow, NormAc",0.08170829910600277,0.0537989353875984,0.19904672731139866,0.3903730255213218,0.03157930115117957,0.1851596413168219,0.0583340702053708
open_2017_05_08_close_2017_05_08_flight_Fixed Wing_N550ND_before_2_189656.csv,54,1350,1379,-0.6008760341005823,"E1 CHT1, E1 FFlow, NormAc",0.04893149955079971,0.05118643405816877,0.20601889348343486,0.40339962774900706,0.04380610113823905,0.164805284506534,0.0818521595135289
open_2017_05_08_close_2017_05_08_flight_Fixed Wing_N550ND_before_2_189656.csv,55,1375,1404,-0.5658130340459984,"E1 CHT1, E1 FFlow, NormAc",0.022082435505279004,0.06450024979292072,0.2137629812401714,0.4123195961823895,0.03794971644099701,0.19671761025518825,0.05266741058274788
open_2017_05_08_close_2017_05_08_flight_Fixed Wing_N550ND_before_2_189656.csv,56,1400,1429,-0.5360177589904427,"E1 CHT1, E1 FFlow, NormAc",0.030720310954939795,0.05683305156408452,0.2127547966709417,0.3823726575819952,0.04943016566618062,0.19359099270160574,0.07429802485995339
open_2017_05_08_close_2017_05_08_flight_Fixed Wing_N550ND_before_2_189656.csv,57,1425,1454,-0.5507196676860184,"E1 CHT1, E1 FFlow, NormAc",0.09020183902014464,0.052709553161116564,0.21345550996519877,0.32816957175352285,0.07169067788831723,0.17533217880013371,0.06844066941128336
open_2017_05_08_close_2017_05_08_flight_Fixed Wing_N550ND_before_2_189656.csv,58,1450,1479,-0.41364420243296296,"E1 CHT1, NormAc, E1 FFlow",0.15645924098600655,0.0619435031854472,0.16437310968059685,0.31577764726148994,0.06092906881431327,0.19414313451100493,0.046374295560866884
open_2017_05_08_close_2017_05_08_flight_Fixed Wing_N550ND_before_2_189656.csv,59,1475,1504,-0.2560124927715459,"E1 CHT1, NormAc, AltMSL",0.18795076261151117,0.08569588133006159,0.07330942956178206,0.35233531141734925,0.01612156696445371,0.2222994268866057,0.062287621227951354
open_2017_05_08_close_2017_05_08_flight_Fixed Wing_N550ND_before_2_189656.csv,60,1500,1529,0.24017571956529205,"E1 CHT1, AltMSL, NormAc",0.18452630981144483,0.09958197720702194,0.04611913919809023,0.34216068967039964,0.0497554289853678,0.17802243532010456,0.09983401980730967
open_2017_05_08_close_2017_05_08_flight_Fixed Wing_N550ND_before_2_189656.csv,61,1525,1554,0.2273553250787823,"E1 CHT1, NormAc, AltMSL",0.17601774181796143,0.06960740971208353,0.05291815270629563,0.27629589232501667,0.17020149004772955,0.21436785408518866,0.040591459305487396
open_2017_05_08_close_2017_05_08_flight_Fixed Wing_N550ND_before_2_189656.csv,62,1550,1579,0.6093538972197421,"E1 CHT1, AltMSL, E1 EGT1",0.22372781352732393,0.07162303065455805,0.060572638272998754,0.23770534102745156,0.20909966866447288,0.17889893434224668,0.018372573510709506
open_2017_05_08_close_2017_05_08_flight_Fixed Wing_N550ND_before_2_189656.csv,63,1575,1604,0.2512500792194774,"AltMSL, NormAc, E1 EGT1",0.2513692890376871,0.07657676835812731,0.05131403684139452,0.1650592687285799,0.19271250022057793,0.22583150451411033,0.037136632299290435
open_2017_05_08_close_2017_05_08_flight_Fixed Wing_N550ND_before_2_189656.csv,64,1600,1629,-0.8512491751505173,"NormAc, AltMSL, E1 EGT1",0.22318401582294362,0.08261698895930797,0.04181816578904995,0.11483326386710141,0.1662579999793673,0.2909656489129414,0.0803239166690123
open_2017_05_08_close_2017_05_08_flight_Fixed Wing_N550ND_before_2_189656.csv,65,1625,1654,-1.1824802970900237,"NormAc, AltMSL, E1 EGT1",0.19745203588609125,0.08396996859888628,0.09561781863873413,0.08548342942159698,0.1396257484662239,0.31853844230925105,0.07931255667894212
open_2017_05_08_close_2017_05_08_flight_Fixed Wing_N550ND_before_2_189656.csv,66,1650,1679,-0.6732149426945764,"AltMSL, NormAc, E1 EGT1",0.31438682650270056,0.08842583324913411,0.07759696604299271,0.03895573362928042,0.15408607325271317,0.28769520257797326,0.03885336474493757
open_2017_05_08_close_2017_05_08_flight_Fixed Wing_N550ND_before_2_189656.csv,67,1675,1704,-0.9781258686636498,"AltMSL, NormAc, E1 EGT1",0.40036319605418735,0.0661608676386423,0.047054925076337566,0.03452130627777366,0.15654765454977673,0.2324970148717466,0.06285503553124429
open_2017_05_08_close_2017_05_08_flight_Fixed Wing_N550ND_before_2_189656.csv,68,1700,1729,-1.0414995241222775,"AltMSL, E1 EGT1, NormAc",0.4436328114209721,0.059586119950990085,0.06567541836545929,0.06822319387959688,0.15203895333317466,0.13695092422313318,0.07389257882637358
open_2017_05_08_close_2017_05_08_flight_Fixed Wing_N550ND_before_2_189656.csv,69,1725,1754,-1.5238153575693634,"AltMSL, NormAc, E1 FFlow",0.4375957594265342,0.06333370481653858,0.09186644969220768,0.08957890716067733,0.08622950511682564,0.16673168814222844,0.06466398564466397
open_2017_05_08_close_2017_05_08_flight_Fixed Wing_N550ND_before_2_189656.csv,70,1750,1779,-1.7424752388295968,"AltMSL, E1 CHT1, NormAc",0.48174867693378204,0.058180173731835004,0.07617328422886024,0.12532779888388504,0.07208524987097033,0.1108607677851846,0.07562404856511959
open_2017_05_08_close_2017_05_08_flight_Fixed Wing_N550ND_before_2_189656.csv,71,1775,1804,-2.051871240917051,"AltMSL, E1 CHT1, NormAc",0.47977503555326567,0.053734217125298266,0.0629027753807951,0.15450451805318208,0.07026231987940727,0.11569485402607854,0.06312627998157547
open_2017_05_08_close_2017_05_08_flight_Fixed Wing_N550ND_before_2_189656.csv,72,1800,1829,-2.159100787211021,"AltMSL, E1 CHT1, NormAc",0.47312800246005704,0.06987468185479255,0.039618166346642794,0.1913470136225888,0.09817522032987716,0.11185987290263118,0.015997042482994165
open_2017_05_08_close_2017_05_08_flight_Fixed Wing_N550ND_before_2_189656.csv,73,1825,1854,-2.662627028797033,"AltMSL, NormAc, E1 CHT1",0.4198408577977551,0.03942546485613415,0.04742166710920115,0.17313674230038031,0.11608979049329161,0.18765254762365946,0.016432929819079293
open_2017_05_08_close_2017_05_08_flight_Fixed Wing_N550ND_before_2_189656.csv,74,1850,1879,-2.4520207988205263,"AltMSL, E1 CHT1, NormAc",0.4475819732432308,0.036311951450211426,0.05571191177132668,0.1715626947742973,0.11252307776160886,0.15173628808050751,0.02457210291836887
open_2017_05_08_close_2017_05_08_flight_Fixed Wing_N550ND_before_2_189656.csv,75,1875,1904,-2.313065902281828,"AltMSL, NormAc, E1 CHT1",0.4903644908445761,0.03965719862021335,0.06034373120296198,0.13802405444327814,0.09395387412552071,0.17091478388368578,0.006741866879321908
open_2017_05_08_close_2017_05_08_flight_Fixed Wing_N550ND_before_2_189656.csv,76,1900,1929,-2.1603618032358134,"AltMSL, NormAc, E1 CHT1",0.5062976379106422,0.048229216532573144,0.043506339317047976,0.1076803458101406,0.09245207519362796,0.1871116119670448,0.014722773268499542
open_2017_05_08_close_2017_05_08_flight_Fixed Wing_N550ND_before_2_189656.csv,77,1925,1954,-2.135220735002542,"AltMSL, NormAc, E1 EGT1",0.5341719625542323,0.039202526090958735,0.06435408746168914,0.06944521913485045,0.10878898585969665,0.16383940679545236,0.02019781210268847
open_2017_05_08_close_2017_05_08_flight_Fixed Wing_N550ND_before_2_189656.csv,78,1950,1979,-2.2074787584811952,"AltMSL, NormAc, E1 EGT1",0.5353003585927021,0.06035367757937028,0.07971787094860724,0.03660101453717832,0.11425369180801269,0.1643163377427863,0.009457048790903158
open_2017_05_08_close_2017_05_08_flight_Fixed Wing_N550ND_before_2_189656.csv,79,1975,2004,-2.2630094140863406,"AltMSL, NormAc, E1 EGT1",0.5174604369255025,0.0762835230276233,0.02945759868069648,0.02368223110137748,0.11794067299649988,0.190734078209561,0.04444145905830307
open_2017_05_08_close_2017_05_08_flight_Fixed Wing_N550ND_before_2_189656.csv,80,2000,2029,-2.8080118744113034,"AltMSL, NormAc, E1 EGT1",0.4849532732610715,0.06178482823671768,0.026012523262956427,0.028699110642005952,0.096013925756139,0.24972653238036346,0.05280980646015725
open_2017_05_08_close_2017_05_08_flight_Fixed Wing_N550ND_before_2_189656.csv,81,2025,2054,-2.725556842121966,"AltMSL, NormAc, E1 EGT1",0.4548135528499576,0.041326697895753974,0.07341271833932494,0.015506018372679056,0.10171526622684521,0.23945975630105903,0.07376599001385731
open_2017_05_08_close_2017_05_08_flight_Fixed Wing_N550ND_before_2_189656.csv,82,2050,2079,-2.1394032145098825,"AltMSL, NormAc, E1 EGT1",0.546655717815646,0.02988227786175217,0.09080422647794201,0.02683967608544578,0.10370691795004867,0.16605551682060982,0.03605566698811815
open_2017_05_08_close_2017_05_08_flight_Fixed Wing_N550ND_before_2_189656.csv,83,2075,2104,-2.0653075606161986,"AltMSL, NormAc, E1 EGT1",0.5576617565931932,0.0427974725182176,0.04563907241739155,0.08031756312513981,0.09464722958162954,0.16531456197473918,0.01362234378926779
open_2017_05_08_close_2017_05_08_flight_Fixed Wing_N550ND_before_2_189656.csv,84,2100,2129,-2.2207783225285156,"AltMSL, NormAc, E1 EGT1",0.5503106033814684,0.048322940348444796,0.039014233123552504,0.09018040464456652,0.09075301365192043,0.1676927310920658,0.013726073757537526
open_2017_05_08_close_2017_05_08_flight_Fixed Wing_N550ND_before_2_189656.csv,85,2125,2154,-2.392646725377049,"AltMSL, NormAc, E1 CHT1",0.5487738569454256,0.0541243065602685,0.038100650648589536,0.08736701493368795,0.0844509711967137,0.16740753773084288,0.019775661983999795
open_2017_05_08_close_2017_05_08_flight_Fixed Wing_N550ND_before_2_189656.csv,86,2150,2179,-2.376976279819776,"AltMSL, NormAc, E1 EGT1",0.5512776000719506,0.05557659277614005,0.0396815965853452,0.08598703552527481,0.08875033249972282,0.1507953946609046,0.027931447880194634
open_2017_05_08_close_2017_05_08_flight_Fixed Wing_N550ND_before_2_189656.csv,87,2175,2204,-2.5144542333830007,"AltMSL, NormAc, E1 EGT1",0.5120498209172071,0.0583318199751448,0.034564333662540914,0.07947107399146972,0.0821215376878101,0.1994169363234306,0.034044477441911705
open_2017_05_08_close_2017_05_08_flight_Fixed Wing_N550ND_before_2_189656.csv,88,2200,2229,-2.530911203987089,"AltMSL, NormAc, E1 EGT1",0.5095771541464096,0.0632738057359514,0.03369888420227269,0.07361603275511397,0.08256253353003534,0.1878454689363977,0.04942612069333254
open_2017_05_08_close_2017_05_08_flight_Fixed Wing_N550ND_before_2_189656.csv,89,2225,2254,-2.395188770788768,"AltMSL, NormAc, E1 EGT1",0.5347638796914529,0.06460883783983923,0.03561202026717089,0.0869007383782323,0.08846340254726433,0.14105440356010693,0.04859671771547635
open_2017_05_08_close_2017_05_08_flight_Fixed Wing_N550ND_before_2_189656.csv,90,2250,2279,-2.240360216116823,"AltMSL, NormAc, E1 CHT1",0.545893378015667,0.061583490525051104,0.03617357684975901,0.09345830584624605,0.08666882008354558,0.14278294042714892,0.033439488252146744
open_2017_05_08_close_2017_05_08_flight_Fixed Wing_N550ND_before_2_189656.csv,91,2275,2304,-2.106974689735619,"AltMSL, NormAc, E1 CHT1",0.5905625521970912,0.054726938871853224,0.04047166977905705,0.10418641800226515,0.08789032490538565,0.11044939662247254,0.011712699621435702
open_2017_05_08_close_2017_05_08_flight_Fixed Wing_N550ND_before_2_189656.csv,92,2300,2329,-2.1473291726754153,"AltMSL, NormAc, E1 CHT1",0.5715490419672697,0.05145122585792155,0.03859317658930311,0.10366631624758761,0.08658516719049889,0.1331517304465329,0.015003341700453757
open_2017_05_08_close_2017_05_08_flight_Fixed Wing_N550ND_before_2_189656.csv,93,2325,2354,-2.3091551969922772,"AltMSL, NormAc, E1 CHT1",0.554850098569202,0.05372238780208293,0.040158099399354864,0.09321955596631383,0.08048617894535164,0.16120716536799579,0.016356513949238184
open_2017_05_08_close_2017_05_08_flight_Fixed Wing_N550ND_before_2_189656.csv,94,2350,2379,-2.483134771907186,"AltMSL, NormAc, E1 CHT1",0.5168938311749615,0.0524076332645472,0.03710018780870383,0.07966756674894743,0.07684460133539907,0.211223345691942,0.025862833975018682
open_2017_05_08_close_2017_05_08_flight_Fixed Wing_N550ND_before_2_189656.csv,95,2375,2404,-2.233944560956676,"AltMSL, NormAc, E1 EGT1",0.5244876257820488,0.06909729973099829,0.03866679175677147,0.0780580475024528,0.08916847659236786,0.1440404612898928,0.0564812973450442
open_2017_05_08_close_2017_05_08_flight_Fixed Wing_N550ND_before_2_189656.csv,96,2400,2429,-2.0847632569595764,"AltMSL, NormAc, E1 EGT1",0.5132712076427938,0.06788176966169644,0.035388454035659336,0.08079058007103995,0.09626353363169263,0.15261025959368213,0.053794195363041065
open_2017_05_08_close_2017_05_08_flight_Fixed Wing_N550ND_before_2_189656.csv,97,2425,2454,-2.066896087151931,"AltMSL, NormAc, E1 CHT1",0.5367867285957296,0.06390358333277882,0.05928912156308698,0.09976757061130458,0.08000779919545042,0.1375778386418717,0.02266735805936977
open_2017_05_08_close_2017_05_08_flight_Fixed Wing_N550ND_before_2_189656.csv,98,2450,2479,-2.258264771649174,"AltMSL, NormAc, E1 CHT1",0.5360912989080648,0.06885870346160892,0.041090957220574376,0.08862718661885505,0.08093250881133478,0.17171023760670553,0.012689107372416597
open_2017_05_08_close_2017_05_08_flight_Fixed Wing_N550ND_before_2_189656.csv,99,2475,2504,-2.3613997679305117,"AltMSL, NormAc, E1 EGT1",0.5193890732070789,0.07334435280249307,0.023389889033085625,0.06314787086954055,0.0874260315172056,0.193263080914705,0.040039701655431886
open_2017_05_08_close_2017_05_08_flight_Fixed Wing_N550ND_before_2_189656.csv,100,2500,2529,-2.269674034825295,"AltMSL, NormAc, E1 EGT1",0.5141709852315045,0.06487885791029763,0.04266400378349571,0.03872607906642464,0.09549081990808586,0.19101024788374482,0.05305900621600411
open_2017_05_08_close_2017_05_08_flight_Fixed Wing_N550ND_before_2_189656.csv,101,2525,2554,-2.241497413639758,"AltMSL, NormAc, E1 EGT1",0.4856171675852767,0.06543730239352151,0.05539672941540101,0.04372873451818432,0.09700369054268006,0.20262246940039988,0.05019390614411629
open_2017_05_08_close_2017_05_08_flight_Fixed Wing_N550ND_before_2_189656.csv,102,2550,2579,-2.3723424650441567,"AltMSL, NormAc, E1 EGT1",0.4880725971300735,0.07114349316845173,0.0341073878035892,0.07021093566523215,0.08519702460504702,0.20811665880646874,0.043151902820696225
open_2017_05_08_close_2017_05_08_flight_Fixed Wing_N550ND_before_2_189656.csv,103,2575,2604,-2.258154612118524,"AltMSL, NormAc, E1 EGT1",0.5209803280291474,0.0641418366888586,0.03370117615384309,0.057392916078994195,0.08757361629366234,0.18803329828441148,0.04817682847065444
open_2017_05_08_close_2017_05_08_flight_Fixed Wing_N550ND_before_2_189656.csv,104,2600,2629,-2.0862656241842963,"AltMSL, NormAc, E1 EGT1",0.5104118114655971,0.0627233147057006,0.055952395798563495,0.061670791701397845,0.09200585363616828,0.174902350992973,0.04233348169920608
open_2017_05_08_close_2017_05_08_flight_Fixed Wing_N550ND_before_2_189656.csv,105,2625,2654,-2.616821762741422,"AltMSL, NormAc, E1 CHT1",0.4880850064035031,0.06749498563433466,0.04631302188105973,0.09028886852748517,0.0757806253561825,0.22015197522430635,0.01188551697261474
open_2017_05_08_close_2017_05_08_flight_Fixed Wing_N550ND_before_2_189656.csv,106,2650,2679,-2.4566322094451145,"AltMSL, NormAc, E1 EGT1",0.5289945859514353,0.06850380105419093,0.0153330142400137,0.06686624091544313,0.07972178139633898,0.20124609697046902,0.03933447947162374
open_2017_05_08_close_2017_05_08_flight_Fixed Wing_N550ND_before_2_189656.csv,107,2675,2704,-2.307995434123769,"AltMSL, NormAc, E1 EGT1",0.4922576018656985,0.06200309697303897,0.04372547933126068,0.04731741532744459,0.0982870802500129,0.19159697309176704,0.06481235316035071
open_2017_05_08_close_2017_05_08_flight_Fixed Wing_N550ND_before_2_189656.csv,108,2700,2729,-2.2859527037082388,"AltMSL, NormAc, E1 EGT1",0.49260880129893514,0.06016004954638576,0.04177291722273701,0.05645723092960191,0.09452614251925034,0.19818831655751526,0.05628654192515916
open_2017_05_08_close_2017_05_08_flight_Fixed Wing_N550ND_before_2_189656.csv,109,2725,2754,-2.2290339008738416,"AltMSL, NormAc, E1 EGT1",0.5109229375245373,0.05683515470970005,0.04189208399223566,0.08563767188051753,0.08937671255641086,0.17050096894871478,0.04483447038746543
open_2017_05_08_close_2017_05_08_flight_Fixed Wing_N550ND_before_2_189656.csv,110,2750,2779,-1.9374791913009723,"AltMSL, NormAc, E1 EGT1",0.5314067592218824,0.060511355192246465,0.04171764092126403,0.09057610439054783,0.09212993040088459,0.13668394857264582,0.04697426130014288
open_2017_05_08_close_2017_05_08_flight_Fixed Wing_N550ND_before_2_189656.csv,111,2775,2804,-2.2441392195800782,"AltMSL, NormAc, E1 CHT1",0.49502274162308946,0.052689790962828754,0.05121549425412819,0.08530782070297804,0.08349700745680401,0.20216174809233617,0.03010539690741209
open_2017_05_08_close_2017_05_08_flight_Fixed Wing_N550ND_before_2_189656.csv,112,2800,2829,-2.485307975333484,"AltMSL, NormAc, E1 CHT1",0.4812470443081933,0.06522672628737362,0.019837371803049637,0.10486556332911895,0.08087223661293792,0.2125755054887541,0.035375552170107
open_2017_05_08_close_2017_05_08_flight_Fixed Wing_N550ND_before_2_189656.csv,113,2825,2854,-2.3069034635418664,"AltMSL, NormAc, E1 CHT1",0.5196929875900445,0.05633067844409953,0.03343464672102906,0.09869907649650386,0.08074719593771869,0.1780350574605979,0.03306035734957321
open_2017_05_08_close_2017_05_08_flight_Fixed Wing_N550ND_before_2_189656.csv,114,2850,2879,-2.444948765699447,"AltMSL, NormAc, E1 CHT1",0.5509501800871669,0.04060448536941814,0.03612021471029618,0.0955425318360922,0.07816416920530775,0.18482895486421913,0.0137894639270145
open_2017_05_08_close_2017_05_08_flight_Fixed Wing_N550ND_before_2_189656.csv,115,2875,2904,-2.3832801246919244,"AltMSL, NormAc, E1 CHT1",0.5152509364425562,0.043753555245753945,0.033586513842421395,0.0866721376855817,0.08544957126198251,0.22357335183123106,0.0117139336900221
open_2017_05_08_close_2017_05_08_flight_Fixed Wing_N550ND_before_2_189656.csv,116,2900,2929,-2.1952193365565043,"AltMSL, NormAc, E1 CHT1",0.5293945135196038,0.04359616547254512,0.03984038965320069,0.09354252657020687,0.08783342490376995,0.19358544013087217,0.012207539749372349
open_2017_05_08_close_2017_05_08_flight_Fixed Wing_N550ND_before_2_189656.csv,117,2925,2954,-2.1290351864280144,"AltMSL, NormAc, E1 EGT1",0.526705233067048,0.045709282603380905,0.043685624387755216,0.09091229184196753,0.09251171945242283,0.18839879093259693,0.012077057714413267
open_2017_05_08_close_2017_05_08_flight_Fixed Wing_N550ND_before_2_189656.csv,118,2950,2979,-1.9967542167331094,"AltMSL, NormAc, E1 EGT1",0.5589350478710576,0.025715087084185094,0.050700206160483104,0.09196381762320799,0.09318696454611071,0.150025104299741,0.02947377241480572
open_2017_05_08_close_2017_05_08_flight_Fixed Wing_N550ND_before_2_189656.csv,119,2975,3004,-2.126770631529422,"AltMSL, NormAc, E1 CHT1",0.5399959453699922,0.03843243158824779,0.049415298433196544,0.09294062834965709,0.07543052645609018,0.17092668694847538,0.032858482853921955
open_2017_05_08_close_2017_05_08_flight_Fixed Wing_N550ND_before_2_189656.csv,120,3000,3029,-2.499468723340274,"AltMSL, NormAc, E1 CHT1",0.48748404737009676,0.04849274730122568,0.0695148066632847,0.08874372548669832,0.06603895547160417,0.22115934217720262,0.018566375529426152
open_2017_05_08_close_2017_05_08_flight_Fixed Wing_N550ND_before_2_189656.csv,121,3025,3054,-2.40486300003466,"AltMSL, NormAc, E1 EGT1",0.5403125341464756,0.06275690975454079,0.028820736132922818,0.07382800725763676,0.07411219991540592,0.2052986244065336,0.014870988385996974
open_2017_05_08_close_2017_05_08_flight_Fixed Wing_N550ND_before_2_189656.csv,122,3050,3079,-3.609643503710883,"NormAc, AltMSL, E1 EGT1",0.42953229441921253,0.02540181338889148,0.035296616413786785,0.004679467630321135,0.056887004168409694,0.4392253522269587,0.00897745175062962
open_2017_05_08_close_2017_05_08_flight_Fixed Wing_N550ND_before_2_189656.csv,123,3075,3104,-3.3747583112648014,"AltMSL, NormAc, E1 EGT1",0.46167632148927207,0.030951930315528592,0.028049346113934455,0.019803517200343842,0.06590054287328007,0.38532334996662987,0.008294992039857774
open_2017_05_08_close_2017_05_08_flight_Fixed Wing_N550ND_before_2_189656.csv,124,3100,3129,-2.1367151502076798,"AltMSL, NormAc, E1 EGT1",0.5414283221290968,0.05926996334329685,0.05487337851830025,0.05165057965331398,0.08193763431655544,0.18733611992181953,0.02350400211719
open_2017_05_08_close_2017_05_08_flight_Fixed Wing_N550ND_before_2_189656.csv,125,3125,3154,-3.291793934654443,"AltMSL, NormAc, E1 EGT1",0.4748446808364878,0.043360441863954755,0.019594257833144012,0.016469270308093396,0.06720165831162235,0.3657494330435026,0.012780257802212952
open_2017_05_08_close_2017_05_08_flight_Fixed Wing_N550ND_before_2_189656.csv,126,3150,3179,-3.718526838687698,"NormAc, AltMSL, E1 EGT1",0.42617603607465454,0.01911764328873637,0.029242373223954524,0.011270408529238234,0.05476856575388146,0.44960359032592956,0.009821382800818049
open_2017_05_08_close_2017_05_08_flight_Fixed Wing_N550ND_before_2_189656.csv,127,3175,3204,-2.368533526206602,"AltMSL, NormAc, E1 EGT1",0.5413815153862612,0.01985528221329367,0.0725700053920052,0.04179095281465909,0.09056907919913523,0.2172569832922414,0.016576181701929364
open_2017_05_08_close_2017_05_08_flight_Fixed Wing_N550ND_before_2_189656.csv,128,3200,3229,-2.1173308229822423,"AltMSL, NormAc, E1 EGT1",0.5735332228572154,0.015750053465330392,0.07221277364409047,0.05812528923031255,0.08463669228945553,0.17910002860445973,0.016641939908691922
open_2017_05_08_close_2017_05_08_flight_Fixed Wing_N550ND_before_2_189656.csv,129,3225,3254,-3.3490523995468306,"AltMSL, NormAc, E1 EGT1",0.46392941531532983,0.028384835444379072,0.04603800065329475,0.03587390194601989,0.05701559667705237,0.3549918770610104,0.01376637290189926
open_2017_05_08_close_2017_05_08_flight_Fixed Wing_N550ND_before_2_189656.csv,130,3250,3279,-3.5327201165174458,"AltMSL, NormAc, E1 CHT1",0.41330883395107415,0.048273661918323975,0.03585436215664145,0.05151618502427042,0.042999582344158606,0.40052751490705757,0.007519859697095453
open_2017_05_08_close_2017_05_08_flight_Fixed Wing_N550ND_before_2_189656.csv,131,3275,3304,-2.223260984732253,"AltMSL, NormAc, E1 CHT1",0.5071397544231422,0.07706415499271818,0.04277722266230028,0.08437207265536507,0.0668077432482958,0.19413823496593297,0.027700817051828457
open_2017_05_08_close_2017_05_08_flight_Fixed Wing_N550ND_before_2_189656.csv,132,3300,3329,-2.2948435810993724,"AltMSL, NormAc, E1 EGT1",0.5321836576022396,0.07471918377621313,0.024390762602920297,0.0676771245629736,0.07527864431848325,0.1766822229458,0.04906840419092599
open_2017_05_08_close_2017_05_08_flight_Fixed Wing_N550ND_before_2_189656.csv,133,3325,3354,-2.2571179655829683,"AltMSL, NormAc, E1 EGT1",0.5570941041989712,0.06914937974428363,0.04106036118948842,0.04894387880882182,0.07516536305215699,0.16794122609223933,0.040645686913588434
open_2017_05_08_close_2017_05_08_flight_Fixed Wing_N550ND_before_2_189656.csv,134,3350,3379,-2.128769684948623,"AltMSL, NormAc, E1 RPM",0.5715321629198657,0.07544347830547121,0.04057607359678571,0.05781600028903927,0.07277069623402699,0.14000025851166764,0.04186133014271075
open_2017_05_08_close_2017_05_08_flight_Fixed Wing_N550ND_before_2_189656.csv,135,3375,3404,-2.24781281211927,"AltMSL, NormAc, E1 EGT1",0.5655101411451398,0.07005304763227162,0.04003896992817866,0.05733230361075792,0.07094262527055514,0.16087961925490074,0.03524329315773502
open_2017_05_08_close_2017_05_08_flight_Fixed Wing_N550ND_before_2_189656.csv,136,3400,3429,-2.3761314190729887,"AltMSL, NormAc, E1 RPM",0.5245238429829834,0.0706214222539391,0.037095148565503465,0.05589080029721326,0.06864000431586072,0.1962784820139132,0.046950299570131984
open_2017_05_08_close_2017_05_08_flight_Fixed Wing_N550ND_before_2_189656.csv,137,3425,3454,-2.416966226065565,"AltMSL, NormAc, E1 RPM",0.5424067853213329,0.07813759453974653,0.038126989882474885,0.052970631893101285,0.06966745476635279,0.16004857769069325,0.058641965905826376
open_2017_05_08_close_2017_05_08_flight_Fixed Wing_N550ND_before_2_189656.csv,138,3450,3479,-2.4351714528783877,"AltMSL, NormAc, E1 RPM",0.5122340598030091,0.0820323421287196,0.038805225628958835,0.049064000477069374,0.066302635676815,0.18481848879775303,0.06674324748720789
open_2017_05_08_close_2017_05_08_flight_Fixed Wing_N550ND_before_2_189656.csv,139,3475,3504,-2.3098801352035387,"AltMSL, NormAc, E1 RPM",0.5480091088544428,0.0747862623969244,0.034942400936689676,0.06606558371878987,0.0689396622919438,0.165187945548161,0.042069036252584575
open_2017_05_08_close_2017_05_08_flight_Fixed Wing_N550ND_before_2_189656.csv,140,3500,3529,-2.3365085309820577,"AltMSL, NormAc, E1 CHT1",0.5762092060196495,0.06242820249000722,0.039994786408369405,0.07689534310456483,0.06469571803417859,0.15895522291169117,0.02082152103106232
open_2017_05_08_close_2017_05_08_flight_Fixed Wing_N550ND_before_2_189656.csv,141,3525,3554,-2.6094566820718677,"AltMSL, NormAc, E1 CHT1",0.5532964423196043,0.061757823717057014,0.037483504802427764,0.0736473707174664,0.057211127731314766,0.18598207974718248,0.030621650964416342
open_2017_05_08_close_2017_05_08_flight_Fixed Wing_N550ND_before_2_189656.csv,142,3550,3579,-2.6310778192191058,"AltMSL, NormAc, E1 CHT1",0.5804973896552477,0.06777177044337464,0.038491184532927346,0.07660463705227204,0.05877957544718531,0.13660230955550767,0.04125313331294252
open_2017_05_08_close_2017_05_08_flight_Fixed Wing_N550ND_before_2_189656.csv,143,3575,3604,-2.4837626565118835,"AltMSL, NormAc, E1 RPM",0.5710071120045981,0.08087995008541135,0.04255650532160388,0.06767773171488659,0.0590430185759121,0.11336106015367901,0.06547462214341428
open_2017_05_08_close_2017_05_08_flight_Fixed Wing_N550ND_before_2_189656.csv,144,3600,3629,-2.317914066863693,"AltMSL, NormAc, E1 RPM",0.5505157172280607,0.09036305213698952,0.03678976944710082,0.06666179651957996,0.056551335811133356,0.11875225831527997,0.08036607054141036
open_2017_05_08_close_2017_05_08_flight_Fixed Wing_N550ND_before_2_189656.csv,145,3625,3654,-2.3097897306941246,"AltMSL, NormAc, E1 RPM",0.5311198906645695,0.07808805220004217,0.029557009467876174,0.06975003838925363,0.05897496103185213,0.16881388854465476,0.06369615970131316
open_2017_05_08_close_2017_05_08_flight_Fixed Wing_N550ND_before_2_189656.csv,146,3650,3679,-2.1349878443184966,"AltMSL, NormAc, E1 RPM",0.5376511692298875,0.08003724197564528,0.023021201340880912,0.0800050715298656,0.06886203924380341,0.1397359735048954,0.07068730317460686
open_2017_05_08_close_2017_05_08_flight_Fixed Wing_N550ND_before_2_189656.csv,147,3675,3704,-1.8811151184407766,"AltMSL, NormAc, E1 EGT1",0.5122597748176038,0.07212395653700496,0.04345452176017298,0.07606918533328422,0.08651180441842829,0.12975952312849184,0.07982123400464773
open_2017_05_08_close_2017_05_08_flight_Fixed Wing_N550ND_before_2_189656.csv,148,3700,3729,-1.943735637969619,"AltMSL, NormAc, E1 EGT1",0.46778160648267086,0.07166179777649603,0.03569127086431303,0.08649059211355992,0.08660423492166786,0.17201895383936205,0.07975154400157572
open_2017_05_08_close_2017_05_08_flight_Fixed Wing_N550ND_before_2_189656.csv,149,3725,3754,-1.8279447053178175,"AltMSL, NormAc, E1 CHT1",0.4659207367372515,0.07015122768019684,0.037105431781915985,0.09508938103837541,0.08808885419030082,0.15373504869991733,0.08990931987169946
open_2017_05_08_close_2017_05_08_flight_Fixed Wing_N550ND_before_2_189656.csv,150,3750,3779,-1.8360695000716016,"AltMSL, NormAc, E1 EGT1",0.40870971598720984,0.040475678004157946,0.07747488539491083,0.09128939937959217,0.0962062254822285,0.20250134894498967,0.08334274680658683
open_2017_05_08_close_2017_05_08_flight_Fixed Wing_N550ND_before_2_189656.csv,151,3775,3804,-1.1370866820470327,"AltMSL, NormAc, E1 CHT1",0.41630115188378763,0.036830958995557425,0.08559418581319167,0.12452266940852724,0.10074084629635792,0.15406013370915006,0.08195005389315568
open_2017_05_08_close_2017_05_08_flight_Fixed Wing_N550ND_before_2_189656.csv,152,3800,3829,-1.2810829792772145,"AltMSL, NormAc, E1 CHT1",0.34955270819126566,0.04642682292707683,0.07274310915861308,0.1409198070720274,0.0988272015482481,0.19931299163052038,0.09221735947198832
open_2017_05_08_close_2017_05_08_flight_Fixed Wing_N550ND_before_2_189656.csv,153,3825,3854,-1.054320483344696,"AltMSL, NormAc, E1 CHT1",0.3341623597973334,0.052107140171407766,0.07001070327749023,0.1600912012837818,0.11026184887234176,0.17501124474152868,0.09835550185587848
open_2017_05_08_close_2017_05_08_flight_Fixed Wing_N550ND_before_2_189656.csv,154,3850,3879,-0.8013120974113273,"AltMSL, E1 CHT1, NormAc",0.3433811078124995,0.05056048728852052,0.06424307985969352,0.18670240813421252,0.11252041746782927,0.15442685660954303,0.08816564282746518
open_2017_05_08_close_2017_05_08_flight_Fixed Wing_N550ND_before_2_189656.csv,155,3875,3904,-0.6291941700156345,"AltMSL, E1 CHT1, NormAc",0.3312938146815363,0.046097700365080284,0.06242089140445232,0.19874946311502437,0.11941963801448781,0.16773923898769366,0.07427925343149654
open_2017_05_08_close_2017_05_08_flight_Fixed Wing_N550ND_before_2_189656.csv,156,3900,3929,-0.1657412110855887,"AltMSL, E1 CHT1, NormAc",0.2929908683768426,0.04857494758775727,0.06269593838349702,0.20634200389764304,0.135445111427679,0.17908986938752755,0.07486126093884359
open_2017_05_08_close_2017_05_08_flight_Fixed Wing_N550ND_before_2_189656.csv,157,3925,3954,0.033983125794458946,"AltMSL, E1 CHT1, NormAc",0.2458581810445011,0.06329840847445015,0.05146678186488041,0.207728410561453,0.14972420550490914,0.19372841309447836,0.0881955994551203
open_2017_05_08_close_2017_05_08_flight_Fixed Wing_N550ND_before_2_189656.csv,158,3950,3979,-0.08896414152662668,"AltMSL, NormAc, E1 CHT1",0.20815390968327158,0.08554301074520382,0.0374129722973223,0.1914939423370362,0.15602463723743099,0.20629708174964892,0.11507444594987412
open_2017_05_08_close_2017_05_08_flight_Fixed Wing_N550ND_before_2_189656.csv,159,3975,4004,-0.23142966417783928,"NormAc, E1 CHT1, E1 EGT1",0.1552877458736742,0.08649842695112527,0.03616919567442066,0.17604857115236602,0.15976998466002726,0.2629676499194172,0.12325842576875437
open_2017_05_08_close_2017_05_08_flight_Fixed Wing_N550ND_before_2_189656.csv,160,4000,4029,0.7917471980762074,"E1 CHT1, E1 EGT1, NormAc",0.13656048346205554,0.09318037353971449,0.05313282543158528,0.19573367469494532,0.19034090977672935,0.18869587160462828,0.1423558614901497
open_2017_05_08_close_2017_05_08_flight_Fixed Wing_N550ND_before_2_189656.csv,161,4025,4054,0.6008218002453005,"NormAc, E1 CHT1, E1 EGT1",0.11606163586206936,0.10919089392536868,0.05604393275351244,0.19754342473134984,0.17882937898088452,0.22570656338045833,0.11662417036616567
open_2017_05_08_close_2017_05_08_flight_Fixed Wing_N550ND_before_2_189656.csv,162,4050,4079,1.2686833537173752,"E1 EGT1, E1 CHT1, NormAc",0.09236385943363425,0.13608707556424932,0.0361398658446791,0.2048446834173168,0.2129650613171388,0.18498106435914238,0.13261839006364803
open_2017_05_08_close_2017_05_08_flight_Fixed Wing_N550ND_before_2_189656.csv,163,4075,4104,1.4659891736416646,"NormAc, E1 EGT1, E1 CHT1",0.07320390914532587,0.13398468019423962,0.029173151400030115,0.1549472047630217,0.2320850973177754,0.2530564805655826,0.12354947661382402
open_2017_05_08_close_2017_05_08_flight_Fixed Wing_N550ND_before_2_189656.csv,164,4100,4129,1.349511437540094,"NormAc, E1 EGT1, IAS",0.04093228455529015,0.13802673385704506,0.020266232881346435,0.12627410229933272,0.2460676605706221,0.28390745058447536,0.14452553525167278
open_2017_05_08_close_2017_05_08_flight_Fixed Wing_N550ND_before_2_189656.csv,165,4125,4154,1.0897441120106746,"NormAc, E1 EGT1, IAS",0.016344249514983533,0.14692765457076723,0.01540367355100597,0.06917186273209125,0.2631429151745198,0.31742114712881714,0.17158849732758338
open_2017_05_08_close_2017_05_08_flight_Fixed Wing_N550ND_before_2_189656.csv,166,4150,4179,1.5340844889616174,"NormAc, E1 EGT1, IAS",0.015745118575816633,0.1591279565866285,0.0407580476721132,0.03389601185798452,0.28552571657257614,0.29395686914606556,0.17099027958858423
open_2017_05_08_close_2017_05_08_flight_Fixed Wing_N550ND_before_2_189656.csv,167,4175,4204,0.9822066621454257,"NormAc, E1 EGT1, IAS",0.03662405521013119,0.15072378742885512,0.06479180922745678,0.01584238730203158,0.21714222637323816,0.3453879868202675,0.1694877476377884
open_2017_05_08_close_2017_05_08_flight_Fixed Wing_N550ND_before_2_189656.csv,168,4200,4229,1.4898501403584627,"NormAc, IAS, E1 RPM",0.022264788215303366,0.16233439188703158,0.09071215513246887,0.025739534906123174,0.09549547809097982,0.3917155423611456,0.2117381094066992
open_2017_05_08_close_2017_05_08_flight_Fixed Wing_N550ND_before_2_189656.csv,169,4225,4254,1.9237666465790224,"NormAc, IAS, E1 RPM",0.03232128339874589,0.16429953918453113,0.08953124410555387,0.07789876261532706,0.08186265362394529,0.35138412691122056,0.2027023901604161
open_2017_05_08_close_2017_05_08_flight_Fixed Wing_N550ND_before_2_189656.csv,170,4250,4279,2.494819556680302,"NormAc, E1 RPM, IAS",0.03315061939977433,0.1797258627423215,0.1644493894716267,0.08730788152261655,0.07609139613758842,0.2880418047556666,0.17123304597015487
open_2017_05_08_close_2017_05_08_flight_Fixed Wing_N550ND_before_2_189656.csv,171,4275,4304,2.2631178788739272,"NormAc, E1 FFlow, E1 RPM",0.027954732957410165,0.17178820988651067,0.17644849324749298,0.09325416869526455,0.06277786607487013,0.3212984585771353,0.14647807056106524
open_2017_05_08_close_2017_05_08_flight_Fixed Wing_N550ND_before_2_189656.csv,172,4300,4329,1.1281501272106653,"NormAc, IAS, E1 RPM",0.021314773121887485,0.14258342826322334,0.0987621425018808,0.10168958608944341,0.052372220459572245,0.41964879539161404,0.1636290541721195
open_2017_05_08_close_2017_05_08_flight_Fixed Wing_N550ND_before_2_189656.csv,173,4325,4354,0.23798908186388035,"NormAc, IAS, E1 CHT1",0.05002146759384736,0.10994682815882585,0.020326888906997083,0.13071740673750262,0.05907042618969766,0.446835118066616,0.18308186434625134
open_2017_05_08_close_2017_05_08_flight_Fixed Wing_N550ND_before_2_189656.csv,174,4350,4379,0.7598932611897005,"NormAc, IAS, E1 CHT1",0.05725467564511667,0.10494598738027314,0.019703762750963503,0.11787783223087585,0.07293441797995531,0.45939108117473954,0.16789224283781964
open_2017_05_08_close_2017_05_08_flight_Fixed Wing_N550ND_before_2_189656.csv,175,4375,4404,1.3032688022737529,"NormAc, IAS, E1 RPM",0.03420313133355674,0.11600489816663746,0.01074970477934589,0.10159061134912374,0.08458690704119758,0.48804712363165165,0.1648176236982144
open_2017_05_08_close_2017_05_08_flight_Fixed Wing_N550ND_before_2_189656.csv,176,4400,4429,0.6841240778564575,"NormAc, IAS, E1 EGT1",0.07089372428782971,0.08114302467944495,0.07004303538728224,0.0603650610918409,0.08678936409787698,0.4630501075332456,0.1677156829222132
open_2017_05_08_close_2017_05_08_flight_Fixed Wing_N550ND_before_2_189656.csv,177,4425,4454,1.9263276675610048,"NormAc, IAS, E1 EGT1",0.0994079368411914,0.056848134251407875,0.128008959855371,0.07196284699019372,0.13602694449738384,0.32783164616246,0.1799135314017685
open_2017_05_08_close_2017_05_08_flight_Fixed Wing_N550ND_before_2_189656.csv,178,4450,4479,1.8607717154329664,"NormAc, IAS, AltMSL",0.13884180197191726,0.06614105460627336,0.11462966926359143,0.035057356987662866,0.13757382037756868,0.32206230840373123,0.18569398838902373
open_2017_05_08_close_2017_05_08_flight_Fixed Wing_N550ND_before_2_189656.csv,179,4475,4504,2.2455528919311774,"NormAc, E1 EGT1, IAS",0.15484573576833804,0.0708089640306435,0.09892004043504493,0.029894584974465302,0.1600212340301047,0.3261069673698843,0.15940247339127567
open_2017_05_08_close_2017_05_08_flight_Fixed Wing_N550ND_before_2_189656.csv,180,4500,4529,2.2940881322801814,"NormAc, E1 EGT1, AltMSL",0.15243593857041732,0.05148485081729556,0.11014005561691194,0.02316612787498639,0.19013074271305133,0.36539727328461774,0.10724501112244576
open_2017_05_08_close_2017_05_08_flight_Fixed Wing_N550ND_before_2_189656.csv,181,4525,4554,2.5133309027006487,"NormAc, E1 EGT1, AltMSL",0.17336723467638487,0.04343950380929308,0.11565064321975813,0.028428497790489792,0.20174489173756344,0.3684147179170412,0.06895451084919604
open_2017_05_08_close_2017_05_08_flight_Fixed Wing_N550ND_before_2_189656.csv,182,4550,4579,2.0895342556718126,"NormAc, E1 EGT1, AltMSL",0.16803125873942482,0.030269730733194968,0.1250026032864972,0.01847008465122582,0.19451435224564598,0.4148363549967437,0.04887561534698281
open_2017_05_08_close_2017_05_08_flight_Fixed Wing_N550ND_before_2_189656.csv,183,4575,4604,0.7122988349302193,"NormAc, E1 FFlow, E1 EGT1",0.10837900442496542,0.11475528544000939,0.20688574257340353,0.04474039467109012,0.17242394345500708,0.3218117109760346,0.031003918459267726
open_2017_05_08_close_2017_05_08_flight_Fixed Wing_N550ND_before_2_189656.csv,184,4600,4629,1.803662940535633,"NormAc, E1 EGT1, E1 FFlow",0.16618361755883887,0.07111480661505852,0.20563407090446584,0.02909647060752134,0.24091589076899148,0.2656275051143027,0.021427638430588515
open_2017_05_08_close_2017_05_08_flight_Fixed Wing_N550ND_before_2_189656.csv,185,4625,4654,2.283759035066876,"NormAc, E1 EGT1, AltMSL",0.20211567104618058,0.023732027264919013,0.11617917946674836,0.03893694572914618,0.22988849582018145,0.31859582531805253,0.07055185535451777
open_2017_05_08_close_2017_05_08_flight_Fixed Wing_N550ND_before_2_189656.csv,186,4650,4679,2.33753207596645,"NormAc, E1 EGT1, AltMSL",0.198999257346186,0.04465855500539283,0.11445593476716998,0.019026490842376197,0.22436100234034442,0.3171797048254748,0.08131905487281033
open_2017_05_08_close_2017_05_08_flight_Fixed Wing_N550ND_before_2_189656.csv,187,4675,4704,1.2000746284315276,"NormAc, E1 EGT1, E1 FFlow",0.16982610107335094,0.105681714846482,0.1832280885546565,0.061494134646976145,0.1964212066596272,0.24407538606191848,0.03927336815677605
open_2017_05_08_close_2017_05_08_flight_Fixed Wing_N550ND_before_2_189656.csv,188,4700,4729,1.4678084959299853,"E1 FFlow, NormAc, E1 EGT1",0.1849098098321281,0.10936650982230393,0.2057538298471153,0.10464114008636004,0.1874695414035657,0.18985238208887553,0.01800678691945049
open_2017_05_08_close_2017_05_08_flight_Fixed Wing_N550ND_before_2_189656.csv,189,4725,4754,0.7873100804760012,"NormAc, AltMSL, E1 EGT1",0.22376145198425015,0.059507530539413565,0.13951854263089378,0.07031099576244354,0.19910402551800568,0.2702612903059731,0.037536163258818644
open_2017_05_08_close_2017_05_08_flight_Fixed Wing_N550ND_before_2_189656.csv,190,4750,4779,0.1188092507688121,"E1 FFlow, NormAc, AltMSL",0.1854083305655774,0.12373195089763196,0.2672592186315825,0.04988042983355562,0.12316213848126208,0.21854363616143807,0.032014295428731514
open_2017_05_08_close_2017_05_08_flight_Fixed Wing_N550ND_before_2_189656.csv,191,4775,4804,0.5337817538708651,"E1 FFlow, NormAc, AltMSL",0.23217586531825832,0.12914313911750347,0.335435127181489,0.01836184277510264,0.021722082955119244,0.2439465240043657,0.019215418647913488
open_2017_05_08_close_2017_05_08_flight_Fixed Wing_N550ND_before_2_189656.csv,192,4800,4829,0.44298869317780243,"E1 FFlow, NormAc, AltMSL",0.17291265493933564,0.11316326011716278,0.30487816907299764,0.08673765599247794,0.01909120035573487,0.27865205727893705,0.024565002243113688
open_2017_05_08_close_2017_05_08_flight_Fixed Wing_N550ND_before_2_189656.csv,193,4825,4854,0.3068523410859725,"NormAc, AltMSL, E1 FFlow",0.17963577588194793,0.08842514339645002,0.17607273626637582,0.1685703489181289,0.03717964630542114,0.33232451249438166,0.017791836737046363
open_2017_05_08_close_2017_05_08_flight_Fixed Wing_N550ND_before_2_189656.csv,194,4850,4879,0.7052237339895338,"NormAc, E1 CHT1, AltMSL",0.17559625695019837,0.061505095249123086,0.05765746325573918,0.28465941249729515,0.07909738828943567,0.3163645773803441,0.025119806377632135
open_2017_05_08_close_2017_05_08_flight_Fixed Wing_N550ND_before_2_189656.csv,195,4875,4904,0.7399114380691612,"E1 CHT1, NormAc, AltMSL",0.18342882294030347,0.011104048232801724,0.08176887904544729,0.3313565701696586,0.09916929484586154,0.26526332284418236,0.02790906192152426
open_2017_05_08_close_2017_05_08_flight_Fixed Wing_N550ND_before_2_189656.csv,196,4900,4929,0.867372503546306,"E1 CHT1, NormAc, AltMSL",0.1757617653194184,0.02281471492975084,0.11823455710544807,0.3112656823844197,0.114040639319741,0.23635875973465859,0.021523881206347316
open_2017_05_08_close_2017_05_08_flight_Fixed Wing_N550ND_before_2_189656.csv,197,4925,4954,1.708390615467835,"E1 CHT1, NormAc, AltMSL",0.20418079438477896,0.0066196006866725944,0.10047291265847279,0.3139400714271537,0.12223098585986562,0.2388781088726896,0.013677526110146252
open_2017_05_08_close_2017_05_08_flight_Fixed Wing_N550ND_before_2_189656.csv,198,4950,4979,0.8937490436450335,"E1 CHT1, NormAc, E1 FFlow",0.1554859988468619,0.10159604205005932,0.1737957957065974,0.21265259679099255,0.12888578308496174,0.21040080729352936,0.017182976226804904
open_2017_05_08_close_2017_05_08_flight_Fixed Wing_N550ND_before_2_189656.csv,199,4975,5004,0.08933422083673825,"NormAc, E1 FFlow, E1 CHT1",0.11137640119610233,0.1251253559952826,0.19532214437495896,0.17438712251295346,0.1348321040204724,0.24105200244917674,0.017904869450864336
open_2017_05_08_close_2017_05_08_flight_Fixed Wing_N550ND_before_2_189656.csv,200,5000,5029,0.9826212136261323,"E1 FFlow, NormAc, E1 CHT1",0.13815189775521972,0.15048554341884282,0.22263595786002596,0.17676556007113156,0.11378041250757567,0.18387112264378977,0.014309505743216919
open_2017_05_08_close_2017_05_08_flight_Fixed Wing_N550ND_before_2_189656.csv,201,5025,5054,0.9297707690654415,"NormAc, AltMSL, E1 FFlow",0.20574869557421613,0.08176768663480179,0.19967039505521686,0.08767442404335,0.16958937418005937,0.23552773121403242,0.020021693298116285
open_2017_05_08_close_2017_05_08_flight_Fixed Wing_N550ND_before_2_189656.csv,202,5050,5079,0.42986606392932236,"AltMSL, NormAc, E1 EGT1",0.21950521662407832,0.14137759900038582,0.1475458890739109,0.052122438069379294,0.1781306689312521,0.21397431806923659,0.047343870231536994
open_2017_05_08_close_2017_05_08_flight_Fixed Wing_N550ND_before_2_189656.csv,203,5075,5104,0.01661640988531099,"E1 FFlow, E1 RPM, NormAc",0.1028737029927562,0.2494780047049361,0.25747042981406587,0.042761632048424474,0.0954302501467229,0.15106008522589,0.10092589506695396
open_2017_05_08_close_2017_05_08_flight_Fixed Wing_N550ND_before_2_189656.csv,204,5100,5129,0.18211086659388842,"E1 FFlow, AltMSL, NormAc",0.21126135333346807,0.12519855749276607,0.31786606519223126,0.03729931834200406,0.03440180765784711,0.20176069362098997,0.07221220436044451
open_2017_05_08_close_2017_05_08_flight_Fixed Wing_N550ND_before_2_189656.csv,205,5125,5154,0.3444954061606933,"E1 FFlow, NormAc, AltMSL",0.19923685587027223,0.12113535125254116,0.3197493162497866,0.056996583945253136,0.015387413825627815,0.26614659213926767,0.021347886717002867
open_2017_05_08_close_2017_05_08_flight_Fixed Wing_N550ND_before_2_189656.csv,206,5150,5179,0.49030398944821263,"E1 FFlow, NormAc, AltMSL",0.17207123846062064,0.10270290605449192,0.2771047666918055,0.14536632415523523,0.013760318222837955,0.25480506699666045,0.0341893794181076
open_2017_05_08_close_2017_05_08_flight_Fixed Wing_N550ND_before_2_189656.csv,207,5175,5204,1.0478395290706994,"E1 CHT1, NormAc, AltMSL",0.21454239886379317,0.07138492076352307,0.09586880880550369,0.2674919768560441,0.07562866774606022,0.2405694559041837,0.03451377106067227
open_2017_05_08_close_2017_05_08_flight_Fixed Wing_N550ND_before_2_189656.csv,208,5200,5229,0.42980199007941744,"E1 CHT1, NormAc, AltMSL",0.1704832523358675,0.029279253380829928,0.024614220141614032,0.3417275581909891,0.0991361436725557,0.3180605188774588,0.01669905340044452
open_2017_05_08_close_2017_05_08_flight_Fixed Wing_N550ND_before_2_189656.csv,209,5225,5254,0.27207403135730734,"E1 CHT1, NormAc, AltMSL",0.16206274609348167,0.028443078901918637,0.06961426798495764,0.30938446481327353,0.085950560327134,0.28434402930746244,0.06020085257154442
open_2017_05_08_close_2017_05_08_flight_Fixed Wing_N550ND_before_2_189656.csv,210,5250,5279,-0.3076286344630028,"NormAc, E1 CHT1, AltMSL",0.16092975242714494,0.030397185839454048,0.143713017632979,0.2414860207762346,0.12783679767518594,0.2423850441747947,0.05325218147399082
open_2017_05_08_close_2017_05_08_flight_Fixed Wing_N550ND_before_2_189656.csv,211,5275,5304,1.4491734659709468,"E1 CHT1, NormAc, AltMSL",0.17201182989397215,0.0332021061315195,0.14245772677971896,0.24482223520718252,0.15287567460867302,0.23518497365827318,0.01944545372046611
open_2017_05_08_close_2017_05_08_flight_Fixed Wing_N550ND_before_2_189656.csv,212,5300,5329,2.2411272073628674,"NormAc, E1 CHT1, AltMSL",0.2142250128031404,0.012648361160961725,0.09814730053181936,0.24089957226687655,0.15903197305231864,0.26119653958676636,0.013851240597888004
open_2017_05_08_close_2017_05_08_flight_Fixed Wing_N550ND_before_2_189656.csv,213,5325,5354,1.9711669156912204,"NormAc, AltMSL, E1 CHT1",0.19852598943758046,0.03274548429856725,0.14205131695914863,0.1758744656294338,0.16417405207664204,0.25274229930839764,0.03388639229002248
open_2017_05_08_close_2017_05_08_flight_Fixed Wing_N550ND_before_2_189656.csv,214,5350,5379,1.8688273877813137,"NormAc, AltMSL, E1 EGT1",0.19077568425684002,0.028907404572933254,0.1110865321173556,0.1619272263444402,0.1632421319900532,0.32897277220280224,0.015088248515343603
open_2017_05_08_close_2017_05_08_flight_Fixed Wing_N550ND_before_2_189656.csv,215,5375,5404,0.6794084499575148,"NormAc, E1 FFlow, E1 EGT1",0.13153182195533922,0.10449685078441309,0.2021547607605202,0.12068588660515006,0.1448950354814509,0.27714872309197236,0.019086921320958374
open_2017_05_08_close_2017_05_08_flight_Fixed Wing_N550ND_before_2_189656.csv,216,5400,5429,1.1547662002470838,"E1 FFlow, NormAc, E1 RPM",0.14098593377591623,0.14269478946995878,0.2342633653742647,0.1255877681873486,0.14260857828102338,0.19747263144301802,0.016386933468277746
open_2017_05_08_close_2017_05_08_flight_Fixed Wing_N550ND_before_2_189656.csv,217,5425,5454,1.3233889466050948,"NormAc, E1 FFlow, E1 EGT1",0.18006038965633997,0.07893950518490876,0.18553641954122038,0.06774406582084605,0.18382842767320354,0.2732225908092539,0.030668601314014325
open_2017_05_08_close_2017_05_08_flight_Fixed Wing_N550ND_before_2_189656.csv,218,5450,5479,0.4486801316076794,"NormAc, AltMSL, E1 EGT1",0.20675979810808995,0.05862010979828929,0.12386867393848189,0.017990419835798053,0.18601115561648146,0.35091828298501593,0.0558315597176126
open_2017_05_08_close_2017_05_08_flight_Fixed Wing_N550ND_before_2_189656.csv,219,5475,5504,1.5395546441494372,"AltMSL, NormAc, E1 EGT1",0.25750333507943196,0.07299266804003787,0.12638953287936602,0.02930997139084604,0.20672801799432636,0.24206634472194868,0.06501012989383013
open_2017_05_08_close_2017_05_08_flight_Fixed Wing_N550ND_before_2_189656.csv,220,5500,5529,-0.35041995863909614,"NormAc, E1 RPM, E1 EGT1",0.16866456837120627,0.18538243196329734,0.14465243236894249,0.07874505626875042,0.17631694171470114,0.20341577609491746,0.04282279321795667
open_2017_05_08_close_2017_05_08_flight_Fixed Wing_N550ND_before_2_189656.csv,221,5525,5554,-0.3395305024155322,"E1 FFlow, E1 RPM, IAS",0.0979501737287939,0.2096145897288057,0.25917887914543897,0.09949899046842482,0.09813359744271904,0.11649309631551041,0.11913067317007481
open_2017_05_08_close_2017_05_08_flight_Fixed Wing_N550ND_before_2_189656.csv,222,5550,5579,0.04164681140861326,"E1 FFlow, NormAc, AltMSL",0.22148935375874962,0.11486790320498368,0.3036287444000813,0.04132878768121184,0.022703138255525,0.25353272223861734,0.042449350460586344
open_2017_05_08_close_2017_05_08_flight_Fixed Wing_N550ND_before_2_189656.csv,223,5575,5604,0.657016233305336,"E1 FFlow, NormAc, AltMSL",0.19946956245863923,0.10505986692657304,0.30339286419501194,0.12472652533639955,0.017572146570466952,0.2094539057977911,0.04032512871488888
open_2017_05_08_close_2017_05_08_flight_Fixed Wing_N550ND_before_2_189656.csv,224,5600,5629,0.23004939797080803,"NormAc, E1 FFlow, E1 CHT1",0.1792682645469032,0.08891358369612298,0.23772276543032408,0.20191625843869668,0.021281659725586217,0.2416063988784085,0.029291069283726042
open_2017_05_08_close_2017_05_08_flight_Fixed Wing_N550ND_before_2_189656.csv,225,5625,5654,-0.032084089060573806,"E1 CHT1, NormAc, AltMSL",0.17994120284195614,0.08250907688707905,0.09176808057708018,0.2764598582463033,0.05815030678465647,0.25689237293823364,0.05427910172445954
open_2017_05_08_close_2017_05_08_flight_Fixed Wing_N550ND_before_2_189656.csv,226,5650,5679,-0.4934829183398932,"E1 CHT1, NormAc, AltMSL",0.1774478843535925,0.06539109207954154,0.05484613839380571,0.30696862190206065,0.07006328740676014,0.27806287155235976,0.047220104311620305
open_2017_05_08_close_2017_05_08_flight_Fixed Wing_N550ND_before_2_189656.csv,227,5675,5704,-0.2859946477836828,"E1 CHT1, NormAc, AltMSL",0.1387610744187563,0.027268578614715745,0.07074520630599318,0.3548112046652678,0.07006093450092912,0.3115629475007018,0.026790053993382988
open_2017_05_08_close_2017_05_08_flight_Fixed Wing_N550ND_before_2_189656.csv,228,5700,5729,0.2923925481344365,"E1 CHT1, NormAc, E1 FFlow",0.15490175797254743,0.051485514862851446,0.16253058295869663,0.29181632317202666,0.12011197377419286,0.19144980602994335,0.027704041229542557
open_2017_05_08_close_2017_05_08_flight_Fixed Wing_N550ND_before_2_189656.csv,229,5725,5754,0.9807325883966516,"E1 CHT1, NormAc, E1 FFlow",0.15747421511925327,0.06133111112320875,0.16504900013440174,0.262554957906844,0.15729977734015996,0.18224372603300598,0.014047212342934648
open_2017_05_08_close_2017_05_08_flight_Fixed Wing_N550ND_before_2_189656.csv,230,5750,5779,1.8553871697480901,"E1 CHT1, NormAc, AltMSL",0.16743627288553348,0.03112346685311955,0.13830775667749573,0.2630764427600845,0.15808512034692945,0.22266977545901104,0.01930116501760909
open_2017_05_08_close_2017_05_08_flight_Fixed Wing_N550ND_before_2_189656.csv,231,5775,5804,2.532947618950734,"E1 CHT1, NormAc, AltMSL",0.20345477469650494,0.015514011973553904,0.13024990352152363,0.24982785913885042,0.15856167785778033,0.2238391139144085,0.01855265889714374
open_2017_05_08_close_2017_05_08_flight_Fixed Wing_N550ND_before_2_189656.csv,232,5800,5829,1.0256781126423813,"NormAc, AltMSL, E1 FFlow",0.16210960769530622,0.07857067336415176,0.16012024759523094,0.1566474531948766,0.1153588607312596,0.28533088919965605,0.04186226821931113
open_2017_05_08_close_2017_05_08_flight_Fixed Wing_N550ND_before_2_189656.csv,233,5825,5854,0.4617340448043543,"E1 FFlow, NormAc, E1 CHT1",0.10682474180860682,0.14113143026993047,0.22266272778301038,0.14398377739560644,0.13452179743307258,0.20059317575614247,0.05028234955344155
open_2017_05_08_close_2017_05_08_flight_Fixed Wing_N550ND_before_2_189656.csv,234,5850,5879,0.9476233064355841,"E1 FFlow, NormAc, E1 EGT1",0.1313637405737461,0.1526241446071541,0.22581809340765488,0.11645112188458218,0.1644633228563113,0.19493140814893586,0.014348168521420368
open_2017_05_08_close_2017_05_08_flight_Fixed Wing_N550ND_before_2_189656.csv,235,5875,5904,1.6310623020076203,"NormAc, AltMSL, E1 EGT1",0.2128085104619634,0.07446043252476653,0.17449258037165874,0.04855406279783249,0.1963747670929115,0.2559005253178659,0.03740912143279019
open_2017_05_08_close_2017_05_08_flight_Fixed Wing_N550ND_before_2_189656.csv,236,5900,5929,1.0553400817440823,"AltMSL, NormAc, E1 EGT1",0.24068734686227106,0.07659978650161883,0.16634771532648082,0.026677005086580923,0.21729227540500032,0.2372507603094395,0.03514511050839163
open_2017_05_08_close_2017_05_08_flight_Fixed Wing_N550ND_before_2_189656.csv,237,5925,5954,0.2366396676019682,"E1 EGT1, E1 RPM, AltMSL",0.1808973114913477,0.19430316279275106,0.16189112612093226,0.053337733248903535,0.2149571974377813,0.1550591699228164,0.03955429898523887
open_2017_05_08_close_2017_05_08_flight_Fixed Wing_N550ND_before_2_189656.csv,238,5950,5979,0.7162856855311373,"E1 RPM, E1 FFlow, E1 EGT1",0.12922336485322736,0.287959831146183,0.17417736129536848,0.05925445208995454,0.14457689471798535,0.11200258809650178,0.09280550780043882
open_2017_05_08_close_2017_05_08_flight_Fixed Wing_N550ND_before_2_189656.csv,239,5975,6004,0.7099660392328482,"IAS, E1 EGT1, E1 FFlow",0.11426498648520929,0.14121163399993866,0.15662193694381035,0.030700321942913496,0.16125224340124109,0.13387526585574777,0.2620736113708504
open_2017_05_08_close_2017_05_08_flight_Fixed Wing_N550ND_before_2_189656.csv,240,6000,6029,0.8801998043630959,"IAS, E1 FFlow, E1 EGT1",0.13456965011021557,0.12096117461444603,0.1891757679004935,0.03032035433119916,0.1668721756585613,0.06823024882010138,0.28987062856473034
open_2017_05_08_close_2017_05_08_flight_Fixed Wing_N550ND_before_2_189656.csv,241,6025,6054,0.5769045033123876,"IAS, E1 EGT1, E1 FFlow",0.12116329905456538,0.113463279597185,0.17401775606396416,0.03669445129272775,0.18127636872271152,0.11703929257376465,0.25634555269485415
open_2017_05_08_close_2017_05_08_flight_Fixed Wing_N550ND_before_2_189656.csv,242,6050,6079,0.5176955296690262,"IAS, E1 EGT1, E1 FFlow",0.11098422726934548,0.1601533756692595,0.1660804800021131,0.03995337293438145,0.1701505939785506,0.11046650514857223,0.24221144499752537
open_2017_05_08_close_2017_05_08_flight_Fixed Wing_N550ND_before_2_189656.csv,243,6075,6104,0.6024082219685103,"IAS, NormAc, E1 FFlow",0.10129796112557837,0.13015129727727529,0.16723543653389764,0.05633634339732719,0.14209683202784568,0.1750402810162634,0.22784184862155446
open_2017_05_08_close_2017_05_08_flight_Fixed Wing_N550ND_before_2_189656.csv,244,6100,6129,0.4178723192416789,"IAS, NormAc, E1 EGT1",0.09927544404046186,0.14902833575959057,0.14563710658590684,0.05586611382073568,0.1628104391705486,0.16601254363545187,0.22137001698704084
open_2017_05_08_close_2017_05_08_flight_Fixed Wing_N550ND_before_2_189656.csv,245,6125,6154,0.688346275400948,"IAS, E1 FFlow, E1 EGT1",0.10564829064781672,0.13828392872639272,0.16972942684685052,0.08545892155903595,0.14519940848168578,0.12089350943899997,0.23478651429894337
open_2017_05_08_close_2017_05_08_flight_Fixed Wing_N550ND_before_2_189656.csv,246,6150,6179,0.7477000813384644,"IAS, E1 FFlow, NormAc",0.11324639651958268,0.155710390689504,0.16934776549314412,0.10257580977827212,0.04148124217007979,0.15948145801263178,0.2581569373364692
open_2017_05_08_close_2017_05_08_flight_Fixed Wing_N550ND_before_2_189656.csv,247,6175,6204,0.8041883919708845,"IAS, E1 FFlow, E1 RPM",0.11478042243786662,0.14950338097868665,0.16802425465119689,0.12428199385889033,0.06916628553933485,0.11330308498170588,0.26094057755199684
open_2017_05_08_close_2017_05_08_flight_Fixed Wing_N550ND_before_2_189656.csv,248,6200,6229,0.7639379048950867,"IAS, E1 FFlow, E1 RPM",0.10921151343213317,0.14236933507309094,0.1608624741374382,0.13446880160044053,0.0883409663166029,0.11508855548191897,0.24965835395805905
open_2017_05_08_close_2017_05_08_flight_Fixed Wing_N550ND_before_3_189762.csv,0,0,29,-0.7414770732513731,"E1 CHT1, E1 RPM, E1 EGT1",0.028392542062538034,0.16540539331988732,0.06896695083963067,0.4607484661874413,0.14124763489039302,0.07130593945143403,0.06393307324816805
open_2017_05_08_close_2017_05_08_flight_Fixed Wing_N550ND_before_3_189762.csv,1,25,54,-0.22789722231875054,"E1 CHT1, E1 RPM, E1 EGT1",0.05365978840197967,0.19087354464725512,0.09551677479034697,0.32170039308340137,0.11585222267066232,0.10858056848142944,0.11381670792442045
open_2017_05_08_close_2017_05_08_flight_Fixed Wing_N550ND_before_3_189762.csv,2,50,79,0.10315740773025528,"E1 RPM, E1 CHT1, IAS",0.08318342531313755,0.22065136046839298,0.13128065751958112,0.1926918456108588,0.08353475785593328,0.10825656266385182,0.18040139056774065
open_2017_05_08_close_2017_05_08_flight_Fixed Wing_N550ND_before_3_189762.csv,3,75,104,0.28808301463627606,"IAS, E1 RPM, E1 FFlow",0.10584910825624579,0.23262341782204912,0.15645412576904838,0.12325777811707989,0.06355622035346296,0.084644920734416,0.23361442894723078
open_2017_05_08_close_2017_05_08_flight_Fixed Wing_N550ND_before_3_189762.csv,4,100,129,0.4220320003911504,"IAS, E1 RPM, E1 FFlow",0.11742688593151006,0.2319386064209008,0.17436550651806043,0.10848756455889312,0.02806039171552455,0.07065682127617516,0.2690642235785128
open_2017_05_08_close_2017_05_08_flight_Fixed Wing_N550ND_before_3_189762.csv,5,125,154,0.5315208194686769,"IAS, E1 RPM, E1 FFlow",0.11304292660600411,0.21194276178731578,0.17710230240769048,0.10725568308710422,0.03308805874414528,0.08468260708248086,0.2728856602848946
open_2017_05_08_close_2017_05_08_flight_Fixed Wing_N550ND_before_3_189762.csv,6,150,179,0.6338648573510519,"IAS, E1 RPM, E1 FFlow",0.11956687516574775,0.19721479048359264,0.1816995283231123,0.1059709910318713,0.04421837180290437,0.0766917491239633,0.2746376940684766
open_2017_05_08_close_2017_05_08_flight_Fixed Wing_N550ND_before_3_189762.csv,7,175,204,0.7159883404923018,"IAS, E1 RPM, E1 FFlow",0.10922323806424562,0.18847931622316438,0.1805569013251798,0.09731748520149965,0.051712631866732146,0.10131864062033753,0.2713917866985353
open_2017_05_08_close_2017_05_08_flight_Fixed Wing_N550ND_before_3_189762.csv,8,200,229,0.7987033944776969,"IAS, E1 RPM, E1 FFlow",0.11785219778048082,0.18908552845068122,0.18809667133746064,0.08382584280007181,0.06222555063590041,0.08473532774535004,0.27417888124975753
open_2017_05_08_close_2017_05_08_flight_Fixed Wing_N550ND_before_3_189762.csv,9,225,254,0.5324413447422134,"IAS, E1 FFlow, E1 EGT1",0.11971738043217368,0.13287013824406319,0.17610068193452028,0.035311639568490344,0.15301047977860677,0.11764423362271162,0.26534544641917057
open_2017_05_08_close_2017_05_08_flight_Fixed Wing_N550ND_before_3_189762.csv,10,250,279,0.547518390576387,"IAS, E1 RPM, E1 EGT1",0.0993828464800482,0.2128793095020758,0.158236084336488,0.05057089066538478,0.16462037507095187,0.08243850234217268,0.23187199160258778
open_2017_05_08_close_2017_05_08_flight_Fixed Wing_N550ND_before_3_189762.csv,11,275,304,0.6994028530471446,"IAS, E1 FFlow, E1 RPM",0.1059914276360087,0.1778396070022404,0.17883153069461552,0.03470320555049114,0.12808179129547953,0.12819778476959567,0.24635465305125784
open_2017_05_08_close_2017_05_08_flight_Fixed Wing_N550ND_before_3_189762.csv,12,300,329,0.5499861071919985,"IAS, E1 RPM, NormAc",0.10058574443494948,0.20681437261369526,0.1566903447273289,0.05136305338829029,0.08938311357102695,0.16146418196312717,0.2336991893012616
open_2017_05_08_close_2017_05_08_flight_Fixed Wing_N550ND_before_3_189762.csv,13,325,354,0.20291623211834908,"NormAc, IAS, E1 RPM",0.07817917581630987,0.16592178643513186,0.12061037271058153,0.0929478408465477,0.16101631663233062,0.19694890993480946,0.18437559762396807
open_2017_05_08_close_2017_05_08_flight_Fixed Wing_N550ND_before_3_189762.csv,14,350,379,0.24771036594364793,"IAS, NormAc, E1 EGT1",0.08241764716966811,0.14953648497905833,0.12288127274698371,0.14564837527580052,0.1521625742985246,0.1585527396422641,0.18880090588739226
open_2017_05_08_close_2017_05_08_flight_Fixed Wing_N550ND_before_3_189762.csv,15,375,404,0.3614922818868771,"IAS, E1 CHT1, NormAc",0.08861704487812375,0.12340379755804423,0.14187912929252133,0.17098875498071775,0.12974916882446358,0.14672938412113784,0.1986327203447132
open_2017_05_08_close_2017_05_08_flight_Fixed Wing_N550ND_before_3_189762.csv,16,400,429,0.412681647812716,"IAS, E1 CHT1, NormAc",0.09016919561334903,0.11546268046719395,0.13889399080178524,0.1853373609597523,0.09610213231769515,0.1691313694639456,0.2049032703760018
open_2017_05_08_close_2017_05_08_flight_Fixed Wing_N550ND_before_3_189762.csv,17,425,454,0.5636278929789937,"IAS, E1 CHT1, E1 FFlow",0.11004521074507065,0.10955694250563831,0.16502147616132695,0.18059172225428463,0.10498033341062356,0.09635616232034139,0.23344815260246796
open_2017_05_08_close_2017_05_08_flight_Fixed Wing_N550ND_before_3_189762.csv,18,450,479,0.15839050234558671,"E1 CHT1, IAS, E1 RPM",0.0792584933879122,0.16274526247206306,0.12875423059017896,0.18404146626440673,0.10770756859491555,0.15727278242397946,0.18022019626626168
open_2017_05_08_close_2017_05_08_flight_Fixed Wing_N550ND_before_3_189762.csv,19,475,504,0.07861493532077057,"E1 EGT1, E1 CHT1, IAS",0.07075147143042933,0.16338425473580329,0.10426043958826557,0.17111647586370837,0.20065194471265668,0.12236704072179713,0.16746837294703848
open_2017_05_08_close_2017_05_08_flight_Fixed Wing_N550ND_before_3_189762.csv,20,500,529,0.0010177455280766523,"IAS, E1 EGT1, AltMSL",0.12706432506194762,0.08138502019608244,0.0962328383144934,0.11090855494074946,0.22778146398061855,0.10372024261407888,0.252907554891812
open_2017_05_08_close_2017_05_08_flight_Fixed Wing_N550ND_before_3_189762.csv,21,525,554,0.30338126792002607,"IAS, E1 CHT1, E1 FFlow",0.1061400442833755,0.14344617034250373,0.16202253843929265,0.16377295686648433,0.14112395489167479,0.060696312892018135,0.22279802228442672
open_2017_05_08_close_2017_05_08_flight_Fixed Wing_N550ND_before_3_189762.csv,22,550,579,0.276077690015351,"E1 CHT1, IAS, E1 FFlow",0.10617635532627927,0.12996108212464844,0.1524295019485116,0.22330273820538096,0.10075039781261513,0.06537475322088904,0.22200517136143208
open_2017_05_08_close_2017_05_08_flight_Fixed Wing_N550ND_before_3_189762.csv,23,575,604,0.07415953327932723,"E1 CHT1, IAS, E1 FFlow",0.0981271383525461,0.1025544821976108,0.15000238377887376,0.2575126208717772,0.11219585180348852,0.07465935972929089,0.2049481632661736
open_2017_05_08_close_2017_05_08_flight_Fixed Wing_N550ND_before_3_189762.csv,24,600,629,-0.5992873758056061,"E1 FFlow, E1 CHT1, IAS",0.11282709381148061,0.142593774508523,0.22779427788478324,0.21947154065524885,0.042418543386900355,0.09439090621222718,0.16050386354061477
open_2017_05_08_close_2017_05_08_flight_Fixed Wing_N550ND_before_3_189762.csv,25,625,654,-0.7627558892808102,"NormAc, E1 FFlow, AltMSL",0.21874527223344614,0.07140617091002827,0.22141477864455977,0.18789105493770045,0.029456296454227336,0.22417118969075725,0.046915237129032755
open_2017_05_08_close_2017_05_08_flight_Fixed Wing_N550ND_before_3_189762.csv,26,650,679,-1.1560452355745938,"NormAc, E1 CHT1, E1 FFlow",0.1965159429409766,0.06701555886307438,0.21225914515301705,0.225826247521797,0.014371329550175078,0.2621769116051777,0.02183486436550473
open_2017_05_08_close_2017_05_08_flight_Fixed Wing_N550ND_before_3_189762.csv,27,675,704,-0.6462857618860705,"E1 CHT1, NormAc, E1 FFlow",0.15985022300293275,0.06165866757411121,0.2176111132524105,0.2679202191999013,0.029759371581100987,0.22924665034608846,0.03395375504320201
open_2017_05_08_close_2017_05_08_flight_Fixed Wing_N550ND_before_3_189762.csv,28,700,729,-0.2592688440706459,"E1 CHT1, E1 FFlow, NormAc",0.12630703584112823,0.060046600377708446,0.23184382767185951,0.3053485215062993,0.041879809627744694,0.18523449499372482,0.04933970998129047
open_2017_05_08_close_2017_05_08_flight_Fixed Wing_N550ND_before_3_189762.csv,29,725,754,-1.0108056360954927,"NormAc, E1 CHT1, E1 FFlow",0.06819349488190425,0.04425015526404673,0.19562718571916446,0.26737310984692586,0.05113059359240255,0.3073483569450485,0.0660771037502289
open_2017_05_08_close_2017_05_08_flight_Fixed Wing_N550ND_before_3_189762.csv,30,750,779,-0.21494121056591142,"E1 CHT1, E1 FFlow, NormAc",0.04277592578737255,0.06299466580144227,0.24502717559015927,0.3332725500335098,0.06396224056592589,0.19950626593965595,0.05246117628166916
open_2017_05_08_close_2017_05_08_flight_Fixed Wing_N550ND_before_3_189762.csv,31,775,804,-0.2070479317430194,"E1 CHT1, E1 FFlow, NormAc",0.008853971641963335,0.0636866330199194,0.25325644230943295,0.3404811143645964,0.0730519706775271,0.1987111068129248,0.06195876117335441
open_2017_05_08_close_2017_05_08_flight_Fixed Wing_N550ND_before_3_189762.csv,32,800,829,-0.15832979664858948,"E1 CHT1, E1 FFlow, NormAc",0.04923379516655011,0.06104685254889824,0.24714259289069207,0.31492986868361644,0.0793383082523207,0.18252800124659257,0.06578058121105394
open_2017_05_08_close_2017_05_08_flight_Fixed Wing_N550ND_before_3_189762.csv,33,825,854,0.06413106254239898,"E1 CHT1, E1 FFlow, NormAc",0.10572760329442309,0.06441502409955799,0.2552146196973907,0.303968283642504,0.08976956878528415,0.1195705182359023,0.061334382244671845
open_2017_05_08_close_2017_05_08_flight_Fixed Wing_N550ND_before_3_189762.csv,34,850,879,-1.1295967400082843,"NormAc, E1 CHT1, E1 FFlow",0.16787713142624464,0.052565103323056694,0.1980621701000715,0.2085157948142866,0.07950228143291933,0.2489144482539047,0.04456307064922158
open_2017_05_08_close_2017_05_08_flight_Fixed Wing_N550ND_before_3_189762.csv,35,875,904,-0.9754194774219704,"AltMSL, NormAc, E1 FFlow",0.26819186927212896,0.049121558054619624,0.18609851472931896,0.16602803359571872,0.0922711359456444,0.18992315610202237,0.048365732300271955
open_2017_05_08_close_2017_05_08_flight_Fixed Wing_N550ND_before_3_189762.csv,36,900,929,-1.184624270838646,"AltMSL, E1 FFlow, NormAc",0.3068872317603808,0.04746973554437105,0.1814038656170091,0.1475543000196738,0.0980622875612063,0.1644361390105105,0.05418644048656442
open_2017_05_08_close_2017_05_08_flight_Fixed Wing_N550ND_before_3_189762.csv,37,925,954,-1.2652089930236392,"AltMSL, E1 FFlow, NormAc",0.3513532271265518,0.04365551988757713,0.17520180609425104,0.12320027984309842,0.10195794607502383,0.14775174362647017,0.05687947734672557
open_2017_05_08_close_2017_05_08_flight_Fixed Wing_N550ND_before_3_189762.csv,38,950,979,-1.6991489877997235,"AltMSL, E1 FFlow, NormAc",0.3753292450370666,0.04490503731174354,0.1650447693059718,0.10837712515640094,0.10082683180077848,0.16264882910876355,0.042868162278948796
open_2017_05_08_close_2017_05_08_flight_Fixed Wing_N550ND_before_3_189762.csv,39,975,1004,-1.7022753853479573,"AltMSL, NormAc, E1 CHT1",0.443256611285407,0.05675446768306286,0.08799928685902712,0.1137232939859726,0.06792026568518608,0.20540371534767662,0.02494235915330999
open_2017_05_08_close_2017_05_08_flight_Fixed Wing_N550ND_before_3_189762.csv,40,1000,1029,-1.46639442278249,"AltMSL, NormAc, E1 CHT1",0.471055111928618,0.07630643455724831,0.031613335942906294,0.12246244504938648,0.04439258013079055,0.20666441011921677,0.04750568227148788
open_2017_05_08_close_2017_05_08_flight_Fixed Wing_N550ND_before_3_189762.csv,41,1025,1054,-1.936654446957542,"AltMSL, NormAc, E1 EGT1",0.405131420586208,0.06912545349913496,0.04056431039195497,0.08537847482339664,0.10933786940817782,0.24090842385391795,0.04955404743684714
open_2017_05_08_close_2017_05_08_flight_Fixed Wing_N550ND_before_3_189762.csv,42,1050,1079,-1.598534107116381,"AltMSL, NormAc, E1 EGT1",0.4114255866667278,0.08821061677090705,0.03950165124157733,0.06308913057602508,0.127536219417835,0.1840772814629863,0.08615951386362876
open_2017_05_08_close_2017_05_08_flight_Fixed Wing_N550ND_before_3_189762.csv,43,1075,1104,-1.372898035545942,"AltMSL, NormAc, E1 EGT1",0.455674500847229,0.07708055653503018,0.04766164136749889,0.042210473003481845,0.11631723265776331,0.1817288154903341,0.07932678009834651
open_2017_05_08_close_2017_05_08_flight_Fixed Wing_N550ND_before_3_189762.csv,44,1100,1129,-1.6556946079393993,"AltMSL, NormAc, E1 EGT1",0.4938063315065574,0.06827807633001845,0.04229491619259375,0.019614908761648432,0.09476266906984818,0.22552212236519917,0.05572097577377575
open_2017_05_08_close_2017_05_08_flight_Fixed Wing_N550ND_before_3_189762.csv,45,1125,1154,-2.5266359531440035,"AltMSL, NormAc, IAS",0.3806324584284809,0.061409602457745745,0.06688861041134601,0.03645441502970063,0.0826638909635286,0.2671214627219243,0.10482955998681986
open_2017_05_08_close_2017_05_08_flight_Fixed Wing_N550ND_before_3_189762.csv,46,1150,1179,-1.8413448416780507,"AltMSL, NormAc, E1 CHT1",0.40861468876996915,0.06220632706833388,0.06463682201705354,0.08919378047086692,0.0777290128152389,0.20890315662755404,0.08871621223066026
open_2017_05_08_close_2017_05_08_flight_Fixed Wing_N550ND_before_3_189762.csv,47,1175,1204,-1.955367547794723,"AltMSL, NormAc, E1 CHT1",0.41171405387483945,0.07164523847521835,0.045545740241733655,0.13212483486471216,0.06802107117167265,0.23204994135652401,0.038899120014953284
open_2017_05_08_close_2017_05_08_flight_Fixed Wing_N550ND_before_3_189762.csv,48,1200,1229,-2.25488314201589,"AltMSL, NormAc, E1 CHT1",0.41712966412339464,0.07336370748732975,0.016620384479966995,0.1499276325434815,0.07620980070859712,0.22258086725219164,0.044167943404641356
open_2017_05_08_close_2017_05_08_flight_Fixed Wing_N550ND_before_3_189762.csv,49,1225,1254,-1.9546800800576474,"AltMSL, NormAc, E1 CHT1",0.41344207110625125,0.07647200416686033,0.02360522558743929,0.14767233931357177,0.07731570116221763,0.20072272627729815,0.06076993238601868
open_2017_05_08_close_2017_05_08_flight_Fixed Wing_N550ND_before_3_189762.csv,50,1250,1279,-1.551850019985952,"AltMSL, NormAc, E1 CHT1",0.45007230991643643,0.07607370267011047,0.033757226665982173,0.15154491621891156,0.08163226900303149,0.1557854227193313,0.05113415280588522
open_2017_05_08_close_2017_05_08_flight_Fixed Wing_N550ND_before_3_189762.csv,51,1275,1304,-1.679973251472672,"AltMSL, NormAc, E1 CHT1",0.45029547489499894,0.07432866685695777,0.037485454494104925,0.153315573313683,0.08200041598426577,0.1784352082903095,0.02413920616535109
open_2017_05_08_close_2017_05_08_flight_Fixed Wing_N550ND_before_3_189762.csv,52,1300,1329,-1.790801840577653,"AltMSL, NormAc, E1 CHT1",0.44678853243758937,0.07900981475166408,0.021884509814200533,0.13268734174293909,0.0833402462386742,0.19503856364020522,0.04125099137438613
open_2017_05_08_close_2017_05_08_flight_Fixed Wing_N550ND_before_3_189762.csv,53,1325,1354,-1.7775205126550708,"AltMSL, NormAc, E1 CHT1",0.43502625471150236,0.0733642291963478,0.026826408158885335,0.11945219812231571,0.08357898046960689,0.20335179881513937,0.05840013052587198
open_2017_05_08_close_2017_05_08_flight_Fixed Wing_N550ND_before_3_189762.csv,54,1350,1379,-1.9993617927573364,"AltMSL, NormAc, E1 CHT1",0.4113932935150014,0.06204300583672405,0.041387916024848516,0.10713133408963005,0.08346474644901133,0.22052559306792252,0.07405411101651715
open_2017_05_08_close_2017_05_08_flight_Fixed Wing_N550ND_before_3_189762.csv,55,1375,1404,-1.5339347491006516,"AltMSL, NormAc, E1 CHT1",0.4557919899813145,0.07205415157052661,0.053323325388173505,0.13883310731068474,0.07845326851752805,0.16587438406080787,0.03566977317064946
open_2017_05_08_close_2017_05_08_flight_Fixed Wing_N550ND_before_3_189762.csv,56,1400,1429,-1.683998107725968,"AltMSL, NormAc, E1 CHT1",0.43443813896780903,0.07385141185776124,0.05401246305873675,0.14319005875900032,0.08705995162381566,0.18814650854194973,0.019301467190604656
open_2017_05_08_close_2017_05_08_flight_Fixed Wing_N550ND_before_3_189762.csv,57,1425,1454,-1.929459097730312,"AltMSL, NormAc, E1 CHT1",0.42878265846436514,0.06706434089174436,0.044841815577483145,0.1121748867003124,0.1014211244503891,0.22567270420415667,0.020042469711199676
open_2017_05_08_close_2017_05_08_flight_Fixed Wing_N550ND_before_3_189762.csv,58,1450,1479,-2.175301066592602,"AltMSL, NormAc, E1 EGT1",0.4151939058125385,0.07219874653081014,0.025971490337737803,0.08008968414564306,0.10429078905671771,0.27070562584924174,0.03154975826692037
open_2017_05_08_close_2017_05_08_flight_Fixed Wing_N550ND_before_3_189762.csv,59,1475,1504,-2.1846422651217203,"AltMSL, NormAc, E1 EGT1",0.3953217774825346,0.060934442646855914,0.05646774552979463,0.03387034838124179,0.09436203324222553,0.26801082401655135,0.09103282870041497
open_2017_05_08_close_2017_05_08_flight_Fixed Wing_N550ND_before_3_189762.csv,60,1500,1529,-2.0105287613304155,"AltMSL, NormAc, E1 EGT1",0.42258777173260303,0.060355256205576725,0.062451317141253265,0.06355241417703884,0.08250319655281368,0.2507501866638915,0.05779985752645781
open_2017_05_08_close_2017_05_08_flight_Fixed Wing_N550ND_before_3_189762.csv,61,1525,1554,-1.3558502196393154,"AltMSL, NormAc, E1 CHT1",0.48300225352188375,0.08509599310658206,0.04591091507427028,0.11858931997466189,0.09026189852040091,0.13863388485662168,0.038505734945266525
open_2017_05_08_close_2017_05_08_flight_Fixed Wing_N550ND_before_3_189762.csv,62,1550,1579,-1.2300377023489246,"AltMSL, E1 CHT1, E1 EGT1",0.4942128969517108,0.09296740579132909,0.036662738490254754,0.13099025723296953,0.1037612975413184,0.09607176424248791,0.045333639749625586
open_2017_05_08_close_2017_05_08_flight_Fixed Wing_N550ND_before_3_189762.csv,63,1575,1604,-1.367197356440999,"AltMSL, NormAc, E1 CHT1",0.4782223872293715,0.08291052850254943,0.038507154696050414,0.11564737839477056,0.10101291895659374,0.15565703022260344,0.028042601997750976
open_2017_05_08_close_2017_05_08_flight_Fixed Wing_N550ND_before_3_189762.csv,64,1600,1629,-1.508872026476693,"AltMSL, NormAc, E1 CHT1",0.45449046809714116,0.08036506907193026,0.04684081149333512,0.10888569910274683,0.10477519733295408,0.18447929110931544,0.020163463792260927
open_2017_05_08_close_2017_05_08_flight_Fixed Wing_N550ND_before_3_189762.csv,65,1625,1654,-1.5847162355940965,"AltMSL, NormAc, E1 EGT1",0.4548070846994499,0.08242027775786336,0.032353119096704824,0.09570782868608038,0.11709321275153779,0.18861646615473396,0.029002010853306465
open_2017_05_08_close_2017_05_08_flight_Fixed Wing_N550ND_before_3_189762.csv,66,1650,1679,-1.9950174024115055,"AltMSL, NormAc, E1 EGT1",0.42506961331627724,0.07498339764803859,0.029660680036035246,0.04665139902936402,0.09901326683241019,0.2392147480122934,0.08540689512522051
open_2017_05_08_close_2017_05_08_flight_Fixed Wing_N550ND_before_3_189762.csv,67,1675,1704,-2.009791509227526,"AltMSL, NormAc, IAS",0.41277698782203565,0.061901682294960333,0.055248311730761376,0.053693386584287996,0.08455081447772013,0.24393607539508727,0.0878927416947841
open_2017_05_08_close_2017_05_08_flight_Fixed Wing_N550ND_before_3_189762.csv,68,1700,1729,-1.5447324253716936,"AltMSL, NormAc, E1 CHT1",0.4424534924174763,0.0683344101621133,0.05537247262942874,0.10494622869723413,0.07927123520884785,0.18838008724061575,0.0612420736439739
open_2017_05_08_close_2017_05_08_flight_Fixed Wing_N550ND_before_3_189762.csv,69,1725,1754,-1.7498024858694619,"AltMSL, NormAc, E1 CHT1",0.42467808978498084,0.07999572476775345,0.02496908931694739,0.12877581666046578,0.07941752524795148,0.20592207629761503,0.05624167792395979
open_2017_05_08_close_2017_05_08_flight_Fixed Wing_N550ND_before_3_189762.csv,70,1750,1779,-1.9532306701824695,"AltMSL, NormAc, E1 CHT1",0.430017826502381,0.07154900240179889,0.029378722874031076,0.130320241565828,0.07599350024636983,0.2234683519358615,0.03927235447337582
open_2017_05_08_close_2017_05_08_flight_Fixed Wing_N550ND_before_3_189762.csv,71,1775,1804,-1.7724461065828874,"AltMSL, NormAc, E1 CHT1",0.43508203857512806,0.08182621549125459,0.022481348126433525,0.12923319441007475,0.08601783374645176,0.18333553951341758,0.06202383013691777
open_2017_05_08_close_2017_05_08_flight_Fixed Wing_N550ND_before_3_189762.csv,72,1800,1829,-1.7457245449067722,"AltMSL, NormAc, E1 CHT1",0.4258887752166461,0.07972032736921005,0.025265155521012706,0.12873992041303683,0.08606187563881453,0.19306091236426026,0.06126303347669864
open_2017_05_08_close_2017_05_08_flight_Fixed Wing_N550ND_before_3_189762.csv,73,1825,1854,-1.7037574386346535,"AltMSL, NormAc, E1 CHT1",0.43570193939662755,0.0768196985910666,0.031598419311174436,0.1296518984028838,0.08426153934512803,0.1904172068529676,0.05154929809983136
open_2017_05_08_close_2017_05_08_flight_Fixed Wing_N550ND_before_3_189762.csv,74,1850,1879,-1.6031835280057014,"AltMSL, NormAc, E1 CHT1",0.45584362883524066,0.07996562847402713,0.02669410904050073,0.13582637285087848,0.08808992207838129,0.1718001191898291,0.04178021953082258
open_2017_05_08_close_2017_05_08_flight_Fixed Wing_N550ND_before_3_189762.csv,75,1875,1904,-1.9525480487622844,"AltMSL, NormAc, E1 CHT1",0.4361138827613081,0.0644397327897766,0.025279038119372644,0.12507707751853447,0.08219743332640012,0.24345185230243616,0.02344098318181092
open_2017_05_08_close_2017_05_08_flight_Fixed Wing_N550ND_before_3_189762.csv,76,1900,1929,-1.3256010748758564,"AltMSL, E1 CHT1, NormAc",0.4938677551171283,0.07837068725209122,0.05773024600939745,0.14124097940510238,0.0948447909158882,0.12693276009020718,0.0070127812098749655
open_2017_05_08_close_2017_05_08_flight_Fixed Wing_N550ND_before_3_189762.csv,77,1925,1954,-1.3695559589320898,"AltMSL, NormAc, E1 CHT1",0.48706378477323486,0.08333968849673273,0.04055013169584478,0.12670183741870628,0.1133267134346237,0.13924619267620753,0.009771651504337312
open_2017_05_08_close_2017_05_08_flight_Fixed Wing_N550ND_before_3_189762.csv,78,1950,1979,-1.4526549603543422,"AltMSL, NormAc, E1 EGT1",0.4797913295553591,0.08422076045022232,0.038416571446556316,0.09124174196443349,0.11345321032164217,0.17342350434435697,0.01945288191710648
open_2017_05_08_close_2017_05_08_flight_Fixed Wing_N550ND_before_3_189762.csv,79,1975,2004,-1.6608888651822724,"AltMSL, NormAc, E1 EGT1",0.45921534682806786,0.07966571828037038,0.03365251935736348,0.07092712795139217,0.11040859491480484,0.21743533560668948,0.02869535706097669
open_2017_05_08_close_2017_05_08_flight_Fixed Wing_N550ND_before_3_189762.csv,80,2000,2029,-2.658757789342058,"AltMSL, NormAc, E1 EGT1",0.3991134701472469,0.06820016482615215,0.023634492503388366,0.04554433832307728,0.09309669743658706,0.31099945291058895,0.05941138385242959
open_2017_05_08_close_2017_05_08_flight_Fixed Wing_N550ND_before_3_189762.csv,81,2025,2054,-2.8568865715062777,"AltMSL, NormAc, E1 EGT1",0.39339873881759513,0.05771553112524602,0.045663959379743956,0.037106185499205344,0.08248379747755481,0.31308224510467125,0.07054954259537143
open_2017_05_08_close_2017_05_08_flight_Fixed Wing_N550ND_before_3_189762.csv,82,2050,2079,-1.9135744991983556,"AltMSL, NormAc, E1 EGT1",0.4458915770182984,0.06445926854636493,0.048057002041802854,0.08334685112456384,0.08366898606801178,0.2254489035957254,0.049127411604857125
open_2017_05_08_close_2017_05_08_flight_Fixed Wing_N550ND_before_3_189762.csv,83,2075,2104,-2.09387022003193,"AltMSL, NormAc, E1 CHT1",0.4307471810498958,0.064953953827416,0.03467805905719903,0.12551276028296457,0.07827196028833296,0.24416517333903573,0.021670912154764375
open_2017_05_08_close_2017_05_08_flight_Fixed Wing_N550ND_before_3_189762.csv,84,2100,2129,-2.1697210094821195,"AltMSL, NormAc, E1 CHT1",0.39700028479903665,0.06119785970181088,0.027505148370144516,0.11469861694226811,0.07440436879664068,0.26213148657573077,0.06306223481398855
open_2017_05_08_close_2017_05_08_flight_Fixed Wing_N550ND_before_3_189762.csv,85,2125,2154,-1.484577716337213,"AltMSL, NormAc, E1 CHT1",0.4570727658385692,0.06324665228872166,0.05979644461518712,0.12963394232731687,0.08296425227231065,0.15502469471015995,0.052261247947428056
open_2017_05_08_close_2017_05_08_flight_Fixed Wing_N550ND_before_3_189762.csv,86,2150,2179,-1.5429548924129581,"AltMSL, NormAc, E1 CHT1",0.470851377134648,0.06716498665356671,0.04084320469071898,0.16022029615619132,0.08148290341364484,0.16133124107738497,0.018105990873526757
open_2017_05_08_close_2017_05_08_flight_Fixed Wing_N550ND_before_3_189762.csv,87,2175,2204,-1.3793995100374463,"AltMSL, E1 CHT1, NormAc",0.48281353224083534,0.07662609848128223,0.050334992746068084,0.1564950221997339,0.10148743088514446,0.11130191730041641,0.020941006146209452
open_2017_05_08_close_2017_05_08_flight_Fixed Wing_N550ND_before_3_189762.csv,88,2200,2229,-1.6257644737771448,"AltMSL, NormAc, E1 CHT1",0.44326079846146055,0.07346819234496463,0.04315222809552333,0.11870960332574322,0.10955069348762149,0.20267142560674764,0.00918705867761812
open_2017_05_08_close_2017_05_08_flight_Fixed Wing_N550ND_before_3_189762.csv,89,2225,2254,-1.660060887383846,"AltMSL, NormAc, E1 EGT1",0.446445856911203,0.07399316284674749,0.03536214915895168,0.08473596636931634,0.11621002109943342,0.22426652203934247,0.01898632157467341
open_2017_05_08_close_2017_05_08_flight_Fixed Wing_N550ND_before_3_189762.csv,90,2250,2279,-1.3824949776443365,"AltMSL, NormAc, E1 EGT1",0.49483139479221017,0.08344355834976182,0.05060319851313013,0.057413662753427006,0.12849719195997106,0.16875877627978308,0.016452217351388625
open_2017_05_08_close_2017_05_08_flight_Fixed Wing_N550ND_before_3_189762.csv,91,2275,2304,-1.7280190228285668,"AltMSL, NormAc, E1 EGT1",0.4455601195300393,0.08632696972475476,0.03186730841851714,0.031945296052487755,0.12586626546860527,0.22381591901148606,0.054618121793767974
open_2017_05_08_close_2017_05_08_flight_Fixed Wing_N550ND_before_3_189762.csv,92,2300,2329,-2.098160076015944,"AltMSL, NormAc, E1 EGT1",0.4191652299989915,0.06323654853211241,0.030615083357555455,0.025299699939662825,0.10592335476869909,0.3022499264428419,0.053510156959744724
open_2017_05_08_close_2017_05_08_flight_Fixed Wing_N550ND_before_3_189762.csv,93,2325,2354,-1.7359043109291585,"AltMSL, NormAc, E1 EGT1",0.45211546777948575,0.06247224228168587,0.055263554693576904,0.027540022777542156,0.09591908422187152,0.2497102512713712,0.05697937697411495
open_2017_05_08_close_2017_05_08_flight_Fixed Wing_N550ND_before_3_189762.csv,94,2350,2379,-1.2630139423573938,"AltMSL, NormAc, E1 EGT1",0.5160274261826154,0.06188901218920054,0.04933797706954668,0.07132596288616838,0.09683541314270762,0.17594313784218146,0.028641070687247944
open_2017_05_08_close_2017_05_08_flight_Fixed Wing_N550ND_before_3_189762.csv,95,2375,2404,-1.5142259742945794,"AltMSL, NormAc, E1 CHT1",0.4751790436625615,0.06863242685623148,0.05362318055656849,0.0942284382803659,0.09360999802385041,0.199029537328955,0.015697375291142502
open_2017_05_08_close_2017_05_08_flight_Fixed Wing_N550ND_before_3_189762.csv,96,2400,2429,-2.2232163499173443,"AltMSL, NormAc, E1 EGT1",0.43432569379226554,0.06960638948662502,0.028590525256328433,0.08143348774291238,0.0934267490747688,0.27614534064959984,0.016471813997073897
open_2017_05_08_close_2017_05_08_flight_Fixed Wing_N550ND_before_3_189762.csv,97,2425,2454,-2.365847750080311,"AltMSL, NormAc, E1 EGT1",0.3878566747233967,0.05918872664263132,0.047778501357389966,0.05069523167315233,0.09350753951841627,0.28258501742830483,0.07838830865630182
open_2017_05_08_close_2017_05_08_flight_Fixed Wing_N550ND_before_3_189762.csv,98,2450,2479,-1.648163484117335,"AltMSL, NormAc, E1 EGT1",0.4196064727217946,0.0635283052495875,0.06419493030346046,0.06989454310617059,0.0880771854258021,0.21720698700778687,0.07749157618507352
open_2017_05_08_close_2017_05_08_flight_Fixed Wing_N550ND_before_3_189762.csv,99,2475,2504,-2.0429067221647945,"AltMSL, NormAc, E1 CHT1",0.4071312377240105,0.062077635688816815,0.04646964873267654,0.10464164721134056,0.07409774038142912,0.2820802568598967,0.023501833401465014
open_2017_05_08_close_2017_05_08_flight_Fixed Wing_N550ND_before_3_189762.csv,100,2500,2529,-1.5864730231403996,"AltMSL, NormAc, E1 CHT1",0.4640430305947332,0.08042409679828798,0.03735329650824704,0.1329100533552664,0.09736767391194547,0.1736219392632336,0.014279909567960566
open_2017_05_08_close_2017_05_08_flight_Fixed Wing_N550ND_before_3_189762.csv,101,2525,2554,-1.9974836805151481,"AltMSL, NormAc, E1 CHT1",0.42713059220859967,0.07423086306434498,0.028319411510167435,0.10860630087248578,0.09888861670780147,0.23947185876089555,0.023352356875333952
open_2017_05_08_close_2017_05_08_flight_Fixed Wing_N550ND_before_3_189762.csv,102,2550,2579,-1.3704205173336437,"AltMSL, NormAc, E1 EGT1",0.48870074181497813,0.06573564421534954,0.05271010703918345,0.10050704451616883,0.10083101205011162,0.16538516540560388,0.026130284958288837
open_2017_05_08_close_2017_05_08_flight_Fixed Wing_N550ND_before_3_189762.csv,103,2575,2604,-1.9481837031217668,"AltMSL, NormAc, E1 EGT1",0.44750799726424756,0.07176292582854846,0.016544313295225637,0.09306912212123325,0.10478225239867399,0.23542861290653214,0.03090477618516975
open_2017_05_08_close_2017_05_08_flight_Fixed Wing_N550ND_before_3_189762.csv,104,2600,2629,-1.925649561255057,"AltMSL, NormAc, E1 EGT1",0.4305773675394451,0.03637957325114381,0.07823771174477877,0.06359384078070934,0.09682554320742562,0.23605098913429157,0.05833497434184689
open_2017_05_08_close_2017_05_08_flight_Fixed Wing_N550ND_before_3_189762.csv,105,2625,2654,-1.546818638439154,"AltMSL, NormAc, E1 FFlow",0.4660738925398377,0.054552049691889065,0.09494606725192212,0.08876598958994554,0.07561130131425081,0.1956504583915742,0.024400241220252382
open_2017_05_08_close_2017_05_08_flight_Fixed Wing_N550ND_before_3_189762.csv,106,2650,2679,-1.5122366454395366,"AltMSL, NormAc, E1 CHT1",0.4737025838386447,0.07384064560969972,0.031425840912880386,0.13123942491650253,0.08985241590609265,0.1770440461202039,0.022895042695652675
open_2017_05_08_close_2017_05_08_flight_Fixed Wing_N550ND_before_3_189762.csv,107,2675,2704,-1.6692272975514033,"AltMSL, NormAc, E1 CHT1",0.4612238985681935,0.07506200214487802,0.04950739908441684,0.12393892576923311,0.09866287829146214,0.1858412628922187,0.005763633249265805
open_2017_05_08_close_2017_05_08_flight_Fixed Wing_N550ND_before_3_189762.csv,108,2700,2729,-1.5480745910964444,"AltMSL, NormAc, E1 EGT1",0.44893795137685083,0.08233011927981479,0.03193733827818676,0.10183074030069078,0.10807586298294847,0.19604478976470766,0.03084319801647988
open_2017_05_08_close_2017_05_08_flight_Fixed Wing_N550ND_before_3_189762.csv,109,2725,2754,-1.5734353388622573,"AltMSL, NormAc, E1 EGT1",0.4833135589143583,0.07649888168195179,0.03482001671754048,0.08397172252587808,0.11186644208037275,0.18971436409484302,0.01981501398471986
open_2017_05_08_close_2017_05_08_flight_Fixed Wing_N550ND_before_3_189762.csv,110,2750,2779,-2.076274005203029,"AltMSL, NormAc, E1 EGT1",0.4306762510954195,0.06868819365155779,0.05149231309902508,0.07424476956017513,0.10815086290964833,0.21677065806221235,0.0499769516215749
open_2017_05_08_close_2017_05_08_flight_Fixed Wing_N550ND_before_3_189762.csv,111,2775,2804,-2.147533490553407,"AltMSL, NormAc, E1 FFlow",0.3907654866948258,0.056154794927063524,0.1704189786609566,0.04012053225693031,0.09812976611152355,0.19854173646665424,0.0458687048816711
open_2017_05_08_close_2017_05_08_flight_Fixed Wing_N550ND_before_3_189762.csv,112,2800,2829,-1.6059928083802002,"AltMSL, NormAc, E1 FFlow",0.33870494383379285,0.05440200336264614,0.17378718879779917,0.06136566240758387,0.09920595807920131,0.21323188260581666,0.059302360912876065
open_2017_05_08_close_2017_05_08_flight_Fixed Wing_N550ND_before_3_189762.csv,113,2825,2854,-1.3917806068295975,"AltMSL, NormAc, E1 FFlow",0.2873810085948738,0.037341839000756834,0.15600830830814139,0.10577937681021568,0.11550980536810455,0.22390650346800023,0.07407315844964509
open_2017_05_08_close_2017_05_08_flight_Fixed Wing_N550ND_before_3_189762.csv,114,2850,2879,-1.5183969021188308,"NormAc, AltMSL, E1 CHT1",0.22423936397630928,0.022180282291013858,0.13615760347752276,0.15849860881263686,0.1221749713162181,0.24983529774143853,0.08691387238459594
open_2017_05_08_close_2017_05_08_flight_Fixed Wing_N550ND_before_3_189762.csv,115,2875,2904,-1.0419103771069023,"NormAc, E1 CHT1, AltMSL",0.19246649594635815,0.021552376729854945,0.1123426828249792,0.20063956370134944,0.15540282158475985,0.22381346016595643,0.09378259904649941
open_2017_05_08_close_2017_05_08_flight_Fixed Wing_N550ND_before_3_189762.csv,116,2900,2929,-1.5591114509728636,"NormAc, E1 CHT1, AltMSL",0.13705170546579368,0.10883064297690696,0.061267967643810956,0.24457018363069727,0.08831398717102382,0.26949979722984835,0.09046571588165836
open_2017_05_08_close_2017_05_08_flight_Fixed Wing_N550ND_before_3_189762.csv,117,2925,2954,-1.3351349568832003,"NormAc, E1 CHT1, AltMSL",0.15385639841584925,0.09618588797368682,0.044037001780888145,0.2314611906371809,0.1113184280468806,0.2636944245719741,0.09944666857327991
open_2017_05_08_close_2017_05_08_flight_Fixed Wing_N550ND_before_3_189762.csv,118,2950,2979,-0.14831185960654825,"E1 CHT1, NormAc, AltMSL",0.17867192125332834,0.08323458885298946,0.05087564056977898,0.2698258116465353,0.1306452631624382,0.22376802850422123,0.06297874601048926
open_2017_05_08_close_2017_05_08_flight_Fixed Wing_N550ND_before_3_189762.csv,119,2975,3004,-0.9094661683102174,"NormAc, E1 CHT1, AltMSL",0.14241589770681837,0.11500619401066388,0.08758692243007758,0.24892930628240065,0.10884417548074168,0.26784500543906686,0.029372498649994343
open_2017_05_08_close_2017_05_08_flight_Fixed Wing_N550ND_before_3_189762.csv,120,3000,3029,-1.1312150364103744,"NormAc, E1 CHT1, AltMSL",0.1362225099091223,0.1044621408072196,0.06591815256509337,0.21171834095137454,0.12599626858876384,0.3015745801202969,0.0541080070578684
open_2017_05_08_close_2017_05_08_flight_Fixed Wing_N550ND_before_3_189762.csv,121,3025,3054,-0.09929207933277429,"NormAc, E1 EGT1, E1 CHT1",0.14206945197330562,0.04726531648893638,0.1095573286582642,0.14572253822364414,0.16583217155045982,0.3038776076791894,0.08567558542596557
open_2017_05_08_close_2017_05_08_flight_Fixed Wing_N550ND_before_3_189762.csv,122,3050,3079,0.5255906291163472,"NormAc, AltMSL, E1 EGT1",0.1626260057998825,0.06524156369734466,0.0646679669468015,0.15122890086480853,0.15265108231450675,0.35771939725140367,0.045865083125017136
open_2017_05_08_close_2017_05_08_flight_Fixed Wing_N550ND_before_3_189762.csv,123,3075,3104,0.6033381051321451,"NormAc, E1 EGT1, AltMSL",0.14941928151127104,0.07123877867736318,0.14506776207897037,0.11528201819523728,0.17284737891084145,0.2805999526453727,0.06554482798072782
open_2017_05_08_close_2017_05_08_flight_Fixed Wing_N550ND_before_3_189762.csv,124,3100,3129,1.0085664814872053,"NormAc, E1 CHT1, AltMSL",0.1611752274843696,0.10809464320646682,0.09825593130555828,0.1994930927808562,0.14556355452043115,0.26144763002253174,0.025969920679581118
open_2017_05_08_close_2017_05_08_flight_Fixed Wing_N550ND_before_3_189762.csv,125,3125,3154,0.37931276276667214,"NormAc, E1 CHT1, E1 EGT1",0.13189992194551553,0.1206189091003107,0.0714562477193189,0.18158205452613513,0.15245376829427434,0.2893656701124924,0.05262342830175168
open_2017_05_08_close_2017_05_08_flight_Fixed Wing_N550ND_before_3_189762.csv,126,3150,3179,1.0241242419710894,"NormAc, E1 CHT1, E1 EGT1",0.1382633476144291,0.12113328152663555,0.05630218941542498,0.16506988605330972,0.16420199922716067,0.3016886228029368,0.05334067335990189
open_2017_05_08_close_2017_05_08_flight_Fixed Wing_N550ND_before_3_189762.csv,127,3175,3204,0.2941487390340165,"NormAc, E1 EGT1, AltMSL",0.1273550313982082,0.10965608542695202,0.055972940371239274,0.11437221745491721,0.17128269727395853,0.3532156102077189,0.06814541786677293
open_2017_05_08_close_2017_05_08_flight_Fixed Wing_N550ND_before_3_189762.csv,128,3200,3229,1.5258066042148948,"NormAc, AltMSL, E1 EGT1",0.16872880152372377,0.07689232935986469,0.06891676561134934,0.061984171240769624,0.1372530910426179,0.36660765599029704,0.1196171852311303
open_2017_05_08_close_2017_05_08_flight_Fixed Wing_N550ND_before_3_189762.csv,129,3225,3254,-0.11706462021840469,"NormAc, E1 FFlow, AltMSL",0.14419764071257,0.07495122080949167,0.1740790814230847,0.008524969417705097,0.12422660642387506,0.4424996563670093,0.0315208248459525
open_2017_05_08_close_2017_05_08_flight_Fixed Wing_N550ND_before_3_189762.csv,130,3250,3279,0.03182150577485787,"NormAc, E1 FFlow, E1 RPM",0.11016339444041715,0.14358589607579178,0.24727399438582912,0.021051074906674454,0.11239345762704463,0.34108788377707255,0.024444298786897814
open_2017_05_08_close_2017_05_08_flight_Fixed Wing_N550ND_before_3_189762.csv,131,3275,3304,1.7940948217052797,"NormAc, E1 FFlow, E1 EGT1",0.11891211185462174,0.09587009869688645,0.18487272822830886,0.07311476371256617,0.1309246115246408,0.37087580851051055,0.025429877472216835
open_2017_05_08_close_2017_05_08_flight_Fixed Wing_N550ND_before_3_189762.csv,132,3300,3329,1.0147890258501557,"NormAc, E1 FFlow, E1 EGT1",0.05187525994934968,0.10334075540558266,0.23898633014618914,0.0412940319643994,0.19649343568593827,0.3084547612019182,0.05955542564639378
open_2017_05_08_close_2017_05_08_flight_Fixed Wing_N550ND_before_3_189762.csv,133,3325,3354,2.0182770024531647,"NormAc, E1 FFlow, E1 EGT1",0.04267953788254304,0.1146903444926461,0.2214964862780582,0.0984877600145592,0.20405767434022443,0.26485936386677905,0.05372883312496551
open_2017_05_08_close_2017_05_08_flight_Fixed Wing_N550ND_before_3_189762.csv,134,3350,3379,2.0485427527114735,"NormAc, E1 CHT1, E1 FFlow",0.019360549233484885,0.08784335643389063,0.17059558116033377,0.1966318210603131,0.14794527559588014,0.3376879135048084,0.0399355030110513
open_2017_05_08_close_2017_05_08_flight_Fixed Wing_N550ND_before_3_189762.csv,135,3375,3404,0.8468188286638649,"NormAc, E1 EGT1, E1 FFlow",0.06251444178430192,0.05537087975264126,0.13442187239398562,0.10742758902133355,0.18330520908530287,0.38898016482914355,0.06797984313305191
open_2017_05_08_close_2017_05_08_flight_Fixed Wing_N550ND_before_3_189762.csv,136,3400,3429,0.8638641581014981,"NormAc, E1 FFlow, E1 EGT1",0.08674249016089466,0.08880150306534328,0.1886941046970468,0.05828035235324138,0.18248091644709202,0.322541322595488,0.07245931068068039
open_2017_05_08_close_2017_05_08_flight_Fixed Wing_N550ND_before_3_189762.csv,137,3425,3454,-0.058017576462071396,"NormAc, E1 FFlow, E1 EGT1",0.12961440498173063,0.08897242774193576,0.15996880963249324,0.08641069481969284,0.1442196589939916,0.34007164196787854,0.0507423618620551
open_2017_05_08_close_2017_05_08_flight_Fixed Wing_N550ND_before_3_189762.csv,138,3450,3479,0.33219553925460366,"NormAc, E1 EGT1, E1 FFlow",0.16309929845672919,0.06381707486637515,0.17072476628873387,0.05313293515695582,0.18933756142089508,0.2886789972322113,0.07120936657789581
open_2017_05_08_close_2017_05_08_flight_Fixed Wing_N550ND_before_3_189762.csv,139,3475,3504,0.08984377967993984,"NormAc, E1 EGT1, E1 FFlow",0.1209713032589617,0.12945962889165064,0.13502552985968833,0.06209401184820225,0.21175296267076987,0.23280727490638067,0.10788928856412754
open_2017_05_08_close_2017_05_08_flight_Fixed Wing_N550ND_before_3_189762.csv,140,3500,3529,0.06197396592458526,"NormAc, E1 RPM, E1 EGT1",0.12839794973557847,0.188361139467916,0.11534733733251566,0.08283105136844576,0.18008561112391894,0.240365807620838,0.06461110335053806
open_2017_05_08_close_2017_05_08_flight_Fixed Wing_N550ND_before_3_189762.csv,141,3525,3554,-0.8518252058754472,"E1 FFlow, E1 RPM, E1 EGT1",0.06225464387852134,0.20556745900104817,0.25570936570731145,0.1536660763176096,0.15745506072308582,0.10152861460935819,0.06381877976280434
open_2017_05_08_close_2017_05_08_flight_Fixed Wing_N550ND_before_3_189762.csv,142,3550,3579,-0.46376537058157696,"E1 FFlow, E1 CHT1, NormAc",0.11671986812652538,0.12677552315267,0.2825585751967283,0.23684587634255796,0.017814803116438842,0.18754756433108782,0.031737789733741875
open_2017_05_08_close_2017_05_08_flight_Fixed Wing_N550ND_before_3_189762.csv,143,3575,3604,0.7602333399506382,"E1 FFlow, NormAc, E1 CHT1",0.11030937133331684,0.14157945985201026,0.3378161075116565,0.16832044747347577,0.018008456622928718,0.1972392792128117,0.026726877993558745
open_2017_05_08_close_2017_05_08_flight_Fixed Wing_N550ND_before_3_189762.csv,144,3600,3629,1.010095089168828,"E1 FFlow, NormAc, E1 RPM",0.08518448911216543,0.1361912238956232,0.36409905129058423,0.07910498336088574,0.0324005139182011,0.2613369666788249,0.04168277174345332
open_2017_05_08_close_2017_05_08_flight_Fixed Wing_N550ND_before_3_189762.csv,145,3625,3654,1.1788530180884718,"E1 FFlow, NormAc, E1 CHT1",0.06241614314072952,0.1071556695472946,0.34521114458292224,0.13723316589841483,0.04401412980476701,0.22338763488579336,0.08058211213983967
open_2017_05_08_close_2017_05_08_flight_Fixed Wing_N550ND_before_3_189762.csv,146,3650,3679,0.8125859785590142,"E1 FFlow, NormAc, E1 CHT1",0.041698568711517864,0.09207288132014882,0.3001683619905819,0.2139406297653887,0.05616559462654842,0.22242265145875947,0.07353131212680382
open_2017_05_08_close_2017_05_08_flight_Fixed Wing_N550ND_before_3_189762.csv,147,3675,3704,-0.22928418795098437,"NormAc, E1 FFlow, E1 CHT1",0.0523860503315801,0.0710565000211758,0.24790285059819286,0.22184135944598957,0.051724948859859524,0.29169302041445644,0.06339527032847515
open_2017_05_08_close_2017_05_08_flight_Fixed Wing_N550ND_before_3_189762.csv,148,3700,3729,0.034812121696920606,"NormAc, E1 CHT1, E1 FFlow",0.07730550318927118,0.09035588714054027,0.2033352707903685,0.2610511341096542,0.05146824355355435,0.2684553479315796,0.04802861328475443
open_2017_05_08_close_2017_05_08_flight_Fixed Wing_N550ND_before_3_189762.csv,149,3725,3754,0.34762705208188427,"E1 CHT1, NormAc, E1 RPM",0.07098872796894906,0.0963014072060329,0.06977904738815899,0.3232355598633697,0.04506181068244441,0.3196740146480022,0.0749594322427609
open_2017_05_08_close_2017_05_08_flight_Fixed Wing_N550ND_before_3_189762.csv,150,3750,3779,-0.9235346045337876,"NormAc, E1 CHT1, E1 FFlow",0.11862294428847076,0.057194143285016576,0.1829004358015698,0.20521066893827195,0.05480415336845966,0.3329013080397292,0.048366346278202015
open_2017_05_08_close_2017_05_08_flight_Fixed Wing_N550ND_before_3_189762.csv,151,3775,3804,-0.23558194921683473,"NormAc, E1 FFlow, AltMSL",0.1869826313445904,0.07157146006527063,0.23248081349399197,0.15933199167895865,0.08207890307684122,0.23379244106245953,0.03376175927763677
open_2017_05_08_close_2017_05_08_flight_Fixed Wing_N550ND_before_3_189762.csv,152,3800,3829,-0.7121783739887784,"NormAc, AltMSL, E1 FFlow",0.2310193917961954,0.06398604181259773,0.20806601152900886,0.12637714896385274,0.07697514685933955,0.2501375229536009,0.04343873608513892
open_2017_05_08_close_2017_05_08_flight_Fixed Wing_N550ND_before_3_189762.csv,153,3825,3854,-0.9227421635415141,"AltMSL, NormAc, E1 FFlow",0.2785455747666945,0.053996291807021764,0.18997170599069124,0.12505970140284348,0.0893922951155887,0.2134564231668491,0.049578007750034396
open_2017_05_08_close_2017_05_08_flight_Fixed Wing_N550ND_before_3_189762.csv,154,3850,3879,-0.6910086794394119,"AltMSL, E1 FFlow, NormAc",0.3080209866609273,0.06288130442848525,0.20173352015428483,0.12241051487210831,0.09337378094823326,0.17641251642326108,0.03516737651243691
open_2017_05_08_close_2017_05_08_flight_Fixed Wing_N550ND_before_3_189762.csv,155,3875,3904,-1.0440267686265416,"AltMSL, E1 FFlow, NormAc",0.3536044709585715,0.05617999320248299,0.18636438041988865,0.10916484645728998,0.09366108304289554,0.15613463959161814,0.04489058632697076
open_2017_05_08_close_2017_05_08_flight_Fixed Wing_N550ND_before_3_189762.csv,156,3900,3929,-1.717583613798014,"AltMSL, NormAc, E1 FFlow",0.4022752309734708,0.0572245338337241,0.14325523250610386,0.08731454129902007,0.08725802500460199,0.19746306484838672,0.0252093715343494
open_2017_05_08_close_2017_05_08_flight_Fixed Wing_N550ND_before_3_189762.csv,157,3925,3954,-1.9491584415222591,"AltMSL, NormAc, IAS",0.4399922588875283,0.06241598494194562,0.06381139987922951,0.0958974247983794,0.024772688344353824,0.20946350544707987,0.10364673770110051
open_2017_05_08_close_2017_05_08_flight_Fixed Wing_N550ND_before_3_189762.csv,158,3950,3979,-1.2821620341540854,"AltMSL, NormAc, E1 FFlow",0.47487806999000964,0.052035304903039946,0.11392680127633814,0.0840250455910979,0.020969476124869036,0.15039843902444375,0.10376686308988564
open_2017_05_08_close_2017_05_08_flight_Fixed Wing_N550ND_before_3_189762.csv,159,3975,4004,-1.0831157892677745,"AltMSL, NormAc, E1 RPM",0.5522972327473791,0.0833790560193664,0.06159943937758896,0.03699589787771278,0.05244029435183203,0.17708149121998698,0.03620658840579631
open_2017_05_08_close_2017_05_08_flight_Fixed Wing_N550ND_before_3_189762.csv,160,4000,4029,-1.1026790063428358,"AltMSL, NormAc, E1 EGT1",0.53611944494204,0.07738368240968206,0.0470206527596263,0.06348741882484434,0.10513586837225315,0.14822457670883382,0.022628355982391313
open_2017_05_08_close_2017_05_08_flight_Fixed Wing_N550ND_before_3_189762.csv,161,4025,4054,-1.6860574002280968,"AltMSL, NormAc, E1 EGT1",0.4520913150321061,0.08255458397763214,0.03822209750667677,0.05424358726830726,0.11875487287968467,0.22525595522870187,0.0288775881065456
open_2017_05_08_close_2017_05_08_flight_Fixed Wing_N550ND_before_3_189762.csv,162,4050,4079,-2.35486194697299,"AltMSL, NormAc, E1 EGT1",0.3838452265354957,0.05451174514926105,0.05109397271737508,0.026652759872040514,0.10645223664112273,0.30318247403866894,0.07426158504561628
open_2017_05_08_close_2017_05_08_flight_Fixed Wing_N550ND_before_3_189762.csv,163,4075,4104,-1.7082214734591186,"AltMSL, NormAc, E1 EGT1",0.4378380030721443,0.059889228131999074,0.07193256838491804,0.03952780666958707,0.10922293567288735,0.19515114043226658,0.08643831763586167
open_2017_05_08_close_2017_05_08_flight_Fixed Wing_N550ND_before_3_189762.csv,164,4100,4129,-1.5222169348981414,"AltMSL, NormAc, E1 EGT1",0.45804206525588725,0.06820763233424236,0.06478050933719778,0.093440997716169,0.10128664735170262,0.18998257792351747,0.024259570080963192
open_2017_05_08_close_2017_05_08_flight_Fixed Wing_N550ND_before_3_189762.csv,165,4125,4154,-1.9093834925826452,"AltMSL, NormAc, E1 CHT1",0.41617414906271516,0.07513860739772758,0.048112055307191426,0.11168270886916222,0.10735504643525566,0.23451987360636437,0.007017559321235666
open_2017_05_08_close_2017_05_08_flight_Fixed Wing_N550ND_before_3_189762.csv,166,4150,4179,-1.6650914350087032,"AltMSL, NormAc, E1 EGT1",0.45230893175479064,0.0771665645726329,0.03330497338552984,0.08709630869913491,0.12166844713775612,0.20573275225917093,0.022722022190653047
open_2017_05_08_close_2017_05_08_flight_Fixed Wing_N550ND_before_3_189762.csv,167,4175,4204,-2.074650501956016,"AltMSL, NormAc, E1 EGT1",0.4013313503592769,0.06013777591374371,0.04942938392302644,0.04581036896574589,0.11103934785144634,0.2492131435268938,0.083038629459499
open_2017_05_08_close_2017_05_08_flight_Fixed Wing_N550ND_before_3_189762.csv,168,4200,4229,-1.713354182255555,"AltMSL, NormAc, E1 EGT1",0.419443828343315,0.037757656729633396,0.10222224557249833,0.047099698299937924,0.10837747201536793,0.2225727357178562,0.0625263633210668
open_2017_05_08_close_2017_05_08_flight_Fixed Wing_N550ND_before_3_189762.csv,169,4225,4254,-1.7796946362298711,"AltMSL, NormAc, E1 CHT1",0.42449759019859334,0.06741353401383579,0.05377717079901857,0.10739052985433392,0.09170360927982794,0.23446863856707564,0.02074892728697695
open_2017_05_08_close_2017_05_08_flight_Fixed Wing_N550ND_before_3_189762.csv,170,4250,4279,-2.0189345883631944,"AltMSL, NormAc, E1 CHT1",0.45316082924376255,0.07316808610370673,0.01761697771953638,0.10453199321382876,0.10131129820884396,0.2152904971169226,0.0349203183930139
open_2017_05_08_close_2017_05_08_flight_Fixed Wing_N550ND_before_3_189762.csv,171,4275,4304,-1.8290934215027148,"AltMSL, NormAc, E1 EGT1",0.441031971247016,0.06043659504633065,0.0471680434918628,0.07887625080042743,0.10343733300509945,0.19179192844340273,0.07725787796552673
open_2017_05_08_close_2017_05_08_flight_Fixed Wing_N550ND_before_3_189762.csv,172,4300,4329,-1.4171146941315786,"AltMSL, NormAc, E1 CHT1",0.4854640760409407,0.059386592671123124,0.050565932839274755,0.10737043058722288,0.10450191278798028,0.14011878542483566,0.05259226964830854
open_2017_05_08_close_2017_05_08_flight_Fixed Wing_N550ND_before_3_189762.csv,173,4325,4354,-1.7525996632789185,"AltMSL, NormAc, E1 CHT1",0.45860431681498876,0.06839108192976785,0.042545847454749826,0.13148033657786196,0.09365015314752151,0.1759136861330523,0.02941457794171192
open_2017_05_08_close_2017_05_08_flight_Fixed Wing_N550ND_before_3_189762.csv,174,4350,4379,-1.815585354336493,"AltMSL, NormAc, E1 CHT1",0.4300775108432514,0.071132982199094,0.023130477530269433,0.11670590055122418,0.09663785904121434,0.22060649126909038,0.04170877856552137
open_2017_05_08_close_2017_05_08_flight_Fixed Wing_N550ND_before_3_189762.csv,175,4375,4404,-1.8837518957573605,"AltMSL, NormAc, E1 CHT1",0.44118308192049943,0.04925530829052605,0.025709233161083676,0.10912802068741265,0.09889899587893414,0.2553250841335812,0.020500275927610136
open_2017_05_08_close_2017_05_08_flight_Fixed Wing_N550ND_before_3_189762.csv,176,4400,4429,-1.8004455838654847,"AltMSL, NormAc, E1 CHT1",0.45768068623078695,0.0731146824111297,0.04978595769136547,0.10629518092151871,0.09494352777273896,0.17187556276931443,0.04630440220280216
open_2017_05_08_close_2017_05_08_flight_Fixed Wing_N550ND_before_3_189762.csv,177,4425,4454,-1.8424048390786627,"AltMSL, NormAc, E1 EGT1",0.4245023288596517,0.0672967463882958,0.027506875721119064,0.0960670621616858,0.10556200473772556,0.21143901482332828,0.06762596730785987
open_2017_05_08_close_2017_05_08_flight_Fixed Wing_N550ND_before_3_189762.csv,178,4450,4479,-1.7463851082177841,"AltMSL, NormAc, E1 CHT1",0.4448753013151025,0.06018751432284189,0.047997365176626484,0.10859753796948751,0.09832650561693618,0.21397942638988737,0.026036349208781485
open_2017_05_08_close_2017_05_08_flight_Fixed Wing_N550ND_before_3_189762.csv,179,4475,4504,-1.6487782024535926,"AltMSL, NormAc, E1 CHT1",0.46404779532506496,0.0730469696068135,0.05540893472681766,0.11131308545146258,0.10547041576404688,0.17996676413138862,0.0107460349940767
open_2017_05_08_close_2017_05_08_flight_Fixed Wing_N550ND_before_3_189762.csv,180,4500,4529,-1.4280327472545573,"AltMSL, E1 EGT1, NormAc",0.4911550609782009,0.08853581301050208,0.03222266765179366,0.10354244233991497,0.12187650059002383,0.12133923339981689,0.041328282029423534
open_2017_05_08_close_2017_05_08_flight_Fixed Wing_N550ND_before_3_189762.csv,181,4525,4554,-1.4541532581052907,"AltMSL, NormAc, E1 EGT1",0.46040847798104984,0.07723100466584754,0.03894558386794289,0.0721317713374334,0.12532607245036276,0.1848151652449333,0.041141924452115314
open_2017_05_08_close_2017_05_08_flight_Fixed Wing_N550ND_before_3_189762.csv,182,4550,4579,-1.8608444136779392,"AltMSL, NormAc, E1 EGT1",0.43133737473759654,0.06918534281871963,0.04347433491491635,0.06557003578409165,0.1189101333484371,0.25495475415376617,0.016568024242107907
open_2017_05_08_close_2017_05_08_flight_Fixed Wing_N550ND_before_3_189762.csv,183,4575,4604,-1.65550477910537,"AltMSL, NormAc, E1 EGT1",0.4589449259159086,0.07570561884620958,0.03177048727793899,0.04925925845955457,0.13247642204615004,0.21594256472343398,0.03590072273046251
open_2017_05_08_close_2017_05_08_flight_Fixed Wing_N550ND_before_3_189762.csv,184,4600,4629,-1.602423871764076,"AltMSL, NormAc, E1 EGT1",0.4688482254699778,0.0657606862451089,0.054403402453408016,0.03457458240378822,0.12582176123617725,0.22574197323629625,0.02484936895489204
open_2017_05_08_close_2017_05_08_flight_Fixed Wing_N550ND_before_3_189762.csv,185,4625,4654,-1.3752188094727922,"AltMSL, NormAc, E1 EGT1",0.4973796357520883,0.07672106715451571,0.0423978726128958,0.02486403874294181,0.1408188982739694,0.20249335448067368,0.015325132982577932
open_2017_05_08_close_2017_05_08_flight_Fixed Wing_N550ND_before_3_189762.csv,186,4650,4679,-1.4731693021258159,"AltMSL, NormAc, E1 EGT1",0.49136014325366933,0.07613724572855249,0.04407294182828196,0.020927913691273052,0.14412444284907944,0.20841175607119738,0.014965556577599713
open_2017_05_08_close_2017_05_08_flight_Fixed Wing_N550ND_before_3_189762.csv,187,4675,4704,-1.310397410189239,"AltMSL, NormAc, E1 EGT1",0.5243014292801,0.0825591751893248,0.04703861812748362,0.010957833950774737,0.1567008911124243,0.16407982840420962,0.014362223935335707
open_2017_05_08_close_2017_05_08_flight_Fixed Wing_N550ND_before_3_189762.csv,188,4700,4729,-1.510338253867194,"AltMSL, NormAc, E1 EGT1",0.4748707649714908,0.08678672077165896,0.04558178642992168,0.010382127737083965,0.1436945209964202,0.2002536365188292,0.038430442574258136
open_2017_05_08_close_2017_05_08_flight_Fixed Wing_N550ND_before_3_189762.csv,189,4725,4754,-2.233019865340115,"AltMSL, NormAc, E1 EGT1",0.4036349913753303,0.06499912263747407,0.03465609872007311,0.008817641189157729,0.12587235909103137,0.2931642640306908,0.06885552295583093
open_2017_05_08_close_2017_05_08_flight_Fixed Wing_N550ND_before_3_189762.csv,190,4750,4779,-1.6361928498281015,"AltMSL, NormAc, E1 FFlow",0.35241722104777906,0.03066994688062338,0.1744820628469452,0.025394904108750595,0.1331258069646386,0.1880721379703182,0.09583792018064022
open_2017_05_08_close_2017_05_08_flight_Fixed Wing_N550ND_before_3_189762.csv,191,4775,4804,-1.308226034955359,"AltMSL, NormAc, E1 FFlow",0.2772304174055787,0.058980276090577426,0.19317218719687906,0.03747040887256678,0.13837513773123336,0.20747939758929934,0.08729217511360725
open_2017_05_08_close_2017_05_08_flight_Fixed Wing_N550ND_before_3_189762.csv,192,4800,4829,-1.4837811911903693,"NormAc, AltMSL, E1 FFlow",0.22586672999642196,0.06506950791109953,0.17829973295778562,0.06563414656453265,0.132159348665821,0.25141848404202083,0.08155204986204355
open_2017_05_08_close_2017_05_08_flight_Fixed Wing_N550ND_before_3_189762.csv,193,4825,4854,-0.7426334162966097,"NormAc, AltMSL, E1 FFlow",0.20175463459272316,0.059574959725066406,0.16926389331956862,0.12273797421618635,0.0915160074307935,0.24511020330014507,0.11004232741529126
open_2017_05_08_close_2017_05_08_flight_Fixed Wing_N550ND_before_3_189762.csv,194,4850,4879,-0.8572661764693588,"NormAc, E1 CHT1, AltMSL",0.17970133956449902,0.09927558001050849,0.08481670059830206,0.2228606079804264,0.08336191388183455,0.2707762442474273,0.05920761371677682
open_2017_05_08_close_2017_05_08_flight_Fixed Wing_N550ND_before_3_189762.csv,195,4875,4904,-0.3455115382116998,"E1 CHT1, AltMSL, NormAc",0.1825820633553563,0.12374554201102028,0.10615447334072695,0.2613548740083336,0.1289572184428851,0.155950326186526,0.04125550265495194
open_2017_05_08_close_2017_05_08_flight_Fixed Wing_N550ND_before_3_189762.csv,196,4900,4929,-0.23985670519179214,"E1 CHT1, NormAc, AltMSL",0.17142967193175587,0.12110066406117696,0.10110443615297397,0.22142513673225184,0.13927708903301483,0.18417467624589998,0.06148832584272901
open_2017_05_08_close_2017_05_08_flight_Fixed Wing_N550ND_before_3_189762.csv,197,4925,4954,-1.0656832825516958,"NormAc, E1 CHT1, E1 EGT1",0.12486576215200623,0.09447161675559203,0.035854609171835555,0.15916283171490192,0.14395311817161774,0.3378238061170175,0.10386825591676088
open_2017_05_08_close_2017_05_08_flight_Fixed Wing_N550ND_before_3_189762.csv,198,4950,4979,0.7312530444688137,"NormAc, E1 EGT1, AltMSL",0.166752162240347,0.0944389140435205,0.04456450313629424,0.11621639311541312,0.19171299364692973,0.2798123685624249,0.10650266525486846
open_2017_05_08_close_2017_05_08_flight_Fixed Wing_N550ND_before_3_189762.csv,199,4975,5004,1.1410291991523596,"NormAc, E1 EGT1, AltMSL",0.17187243866970586,0.11867064206486123,0.03485372198958533,0.10946501438534494,0.19797069514083857,0.2746360480683971,0.09253143968105161
open_2017_05_08_close_2017_05_08_flight_Fixed Wing_N550ND_before_3_189762.csv,200,5000,5029,1.3333203083814866,"NormAc, E1 EGT1, AltMSL",0.16672905951456246,0.12344620268092096,0.028585346654927957,0.0677626621942501,0.22211591960432947,0.2857802131850763,0.1055805961657094
open_2017_05_08_close_2017_05_08_flight_Fixed Wing_N550ND_before_3_189762.csv,201,5025,5054,0.4791764166106396,"NormAc, E1 EGT1, AltMSL",0.14456123172501267,0.1171469506334924,0.09341983230408238,0.03739505179069543,0.18187649829414593,0.37296090313947267,0.052639532112859
open_2017_05_08_close_2017_05_08_flight_Fixed Wing_N550ND_before_3_189762.csv,202,5050,5079,1.0142763544068063,"NormAc, E1 EGT1, AltMSL",0.1481966867866739,0.13376542705224684,0.03996307883174223,0.023057434832313296,0.21092079530997804,0.3134633200876643,0.1306332570991532
open_2017_05_08_close_2017_05_08_flight_Fixed Wing_N550ND_before_3_189762.csv,203,5075,5104,1.3501932208237855,"NormAc, E1 EGT1, AltMSL",0.1382152262330702,0.12994385580503987,0.03207165106096003,0.04705428148672724,0.23441627765346515,0.2808804174330065,0.13741829032750716
open_2017_05_08_close_2017_05_08_flight_Fixed Wing_N550ND_before_3_189762.csv,204,5100,5129,1.438142390955767,"NormAc, E1 EGT1, AltMSL",0.17092128580251714,0.11937809947519415,0.048430724130593926,0.06229400575527031,0.2398211030654556,0.2931789286187836,0.06597585315194465
open_2017_05_08_close_2017_05_08_flight_Fixed Wing_N550ND_before_3_189762.csv,205,5125,5154,0.29678934228171316,"NormAc, E1 EGT1, AltMSL",0.13086959762883643,0.09663810296236297,0.016459171997403897,0.06817114525453544,0.2074079982723543,0.401793325433768,0.07866065845047861
open_2017_05_08_close_2017_05_08_flight_Fixed Wing_N550ND_before_3_189762.csv,206,5150,5179,1.5421663486539,"NormAc, E1 EGT1, AltMSL",0.15498934703349174,0.1031273412390171,0.08323278009689775,0.08605165568395942,0.24180518244864443,0.26681720923061,0.06397648426715054
open_2017_05_08_close_2017_05_08_flight_Fixed Wing_N550ND_before_3_189762.csv,207,5175,5204,1.2468555055542363,"NormAc, E1 EGT1, AltMSL",0.13310695823970647,0.11829330827658964,0.05831397314348959,0.09090821709329117,0.22634257002685948,0.31610040364096664,0.05693456957886482
open_2017_05_08_close_2017_05_08_flight_Fixed Wing_N550ND_before_3_189762.csv,208,5200,5229,1.3787916249319916,"NormAc, E1 EGT1, AltMSL",0.1408633892917925,0.11672285422167045,0.07588596697128293,0.12086117145380683,0.21662247204670337,0.2914310198988904,0.037613126115632195
open_2017_05_08_close_2017_05_08_flight_Fixed Wing_N550ND_before_3_189762.csv,209,5225,5254,-0.07325857277567138,"NormAc, E1 EGT1, E1 CHT1",0.10629731615180518,0.10157332009615286,0.039326599986066406,0.10928346254320852,0.17983069775278546,0.3881050071230096,0.07558359634672884
open_2017_05_08_close_2017_05_08_flight_Fixed Wing_N550ND_before_3_189762.csv,210,5250,5279,-0.23647886238066196,"NormAc, E1 EGT1, E1 CHT1",0.08007552735791278,0.07525015727640125,0.047425837081135375,0.1367639017686295,0.18091474462395887,0.3610506693523393,0.11851916253938534
open_2017_05_08_close_2017_05_08_flight_Fixed Wing_N550ND_before_3_189762.csv,211,5275,5304,0.9415076227879182,"NormAc, E1 EGT1, E1 CHT1",0.11946750662312774,0.08027795698215263,0.06027501807423693,0.16301441331600167,0.21808194215074253,0.26250555693111105,0.09637760592240475
open_2017_05_08_close_2017_05_08_flight_Fixed Wing_N550ND_before_3_189762.csv,212,5300,5329,1.3329019000707336,"NormAc, E1 EGT1, AltMSL",0.13377053166677388,0.10073348680388776,0.07083295103204028,0.1191437706256281,0.21903886002553688,0.28976755825919187,0.06671284158671967
open_2017_05_08_close_2017_05_08_flight_Fixed Wing_N550ND_before_3_189762.csv,213,5325,5354,-0.5166858562647434,"NormAc, E1 EGT1, AltMSL",0.10679980736815343,0.05129182938733586,0.09089061215022501,0.07865414036035669,0.18782196945483076,0.38167926645625816,0.10286237482256465
open_2017_05_08_close_2017_05_08_flight_Fixed Wing_N550ND_before_3_189762.csv,214,5350,5379,0.2873389231845258,"NormAc, E1 EGT1, E1 FFlow",0.1320621882918134,0.01768240470946129,0.15792671242395462,0.09700091944956064,0.20262552373661497,0.3020214989259351,0.0906807524624217
open_2017_05_08_close_2017_05_08_flight_Fixed Wing_N550ND_before_3_189762.csv,215,5375,5404,1.4827577067124413,"NormAc, E1 EGT1, E1 FFlow",0.16485227150600024,0.09572869939532387,0.18102595145180364,0.03948641786317888,0.2021532761351898,0.2709220899254842,0.045831293722803465
open_2017_05_08_close_2017_05_08_flight_Fixed Wing_N550ND_before_3_189762.csv,216,5400,5429,0.5965266160050908,"NormAc, E1 EGT1, AltMSL",0.15948368779206853,0.12101780147071611,0.09388206367943644,0.0318436977587591,0.1778634185795856,0.3767584446959871,0.0391508860232047
open_2017_05_08_close_2017_05_08_flight_Fixed Wing_N550ND_before_3_189762.csv,217,5425,5454,0.9044005313386507,"NormAc, E1 EGT1, AltMSL",0.15856136037157414,0.10610698594388024,0.05717564943064044,0.029511286550571142,0.2280950751726862,0.31785776999097326,0.1026918725394305
open_2017_05_08_close_2017_05_08_flight_Fixed Wing_N550ND_before_3_189762.csv,218,5450,5479,1.8596649189368146,"E1 EGT1, NormAc, AltMSL",0.169885272680219,0.07613921411135689,0.09212372221024803,0.09151151730157749,0.2640217146604486,0.2605177881802993,0.04580077085561581
open_2017_05_08_close_2017_05_08_flight_Fixed Wing_N550ND_before_3_189762.csv,219,5475,5504,1.628159973950193,"NormAc, E1 EGT1, AltMSL",0.18705052870732727,0.10412894993395296,0.06166411578369841,0.06672287087744053,0.24189987293473703,0.30158856372924203,0.036945098033357826
open_2017_05_08_close_2017_05_08_flight_Fixed Wing_N550ND_before_3_189762.csv,220,5500,5529,0.43575595821939794,"NormAc, E1 EGT1, AltMSL",0.12384902462348754,0.08723288192531928,0.06750471598204624,0.0776164394881035,0.19598853776361322,0.4018788003757076,0.04592959984147838
open_2017_05_08_close_2017_05_08_flight_Fixed Wing_N550ND_before_3_189762.csv,221,5525,5554,1.384000334794632,"NormAc, E1 EGT1, AltMSL",0.1444882069996942,0.13064615369343005,0.08361117216047043,0.095548337572174,0.22226257586720977,0.26386033489808736,0.05958321880869726
open_2017_05_08_close_2017_05_08_flight_Fixed Wing_N550ND_before_3_189762.csv,222,5550,5579,1.0059440559484982,"NormAc, E1 EGT1, E1 CHT1",0.14664916920254004,0.07079127176835133,0.05863551401978806,0.1501021571273,0.2173312058479997,0.2993029090548513,0.057187772978936714
open_2017_05_08_close_2017_05_08_flight_Fixed Wing_N550ND_before_3_189762.csv,223,5575,5604,1.2628254501715568,"NormAc, E1 EGT1, AltMSL",0.15111483951300625,0.09632636932182184,0.0650495494474068,0.15015803322982693,0.21878444332348523,0.27615677823372525,0.04240998693049372
open_2017_05_08_close_2017_05_08_flight_Fixed Wing_N550ND_before_3_189762.csv,224,5600,5629,1.4881737064012417,"NormAc, E1 EGT1, E1 CHT1",0.13524504638981727,0.10086609791432992,0.04037119605202852,0.16390293768131498,0.22512656031879716,0.2706595060257778,0.06382865561771027
open_2017_05_08_close_2017_05_08_flight_Fixed Wing_N550ND_before_3_189762.csv,225,5625,5654,1.4469350142317574,"NormAc, E1 EGT1, E1 CHT1",0.11792220340529108,0.10353551202615743,0.04700607445162644,0.17777311357092576,0.2266274110264441,0.2599394352675309,0.06719625025179236
open_2017_05_08_close_2017_05_08_flight_Fixed Wing_N550ND_before_3_189762.csv,226,5650,5679,0.29944457234995303,"NormAc, E1 EGT1, E1 CHT1",0.11832331596516903,0.08095786135729469,0.02707307153121943,0.15287645691383678,0.19049707582181946,0.3806038467606086,0.04966837164980108
open_2017_05_08_close_2017_05_08_flight_Fixed Wing_N550ND_before_3_189762.csv,227,5675,5704,0.18657947417632093,"NormAc, E1 EGT1, E1 CHT1",0.09989213195212454,0.05184031805423153,0.077551084926551,0.14700008083170582,0.1989473722378281,0.3430361482166158,0.08173286378070027
open_2017_05_08_close_2017_05_08_flight_Fixed Wing_N550ND_before_3_189762.csv,228,5700,5729,1.3438980639670448,"NormAc, E1 EGT1, E1 CHT1",0.11378697175833236,0.07391660511000975,0.13511851890696508,0.14661727609292194,0.2271177985277987,0.24694060610359472,0.056502223500152306
open_2017_05_08_close_2017_05_08_flight_Fixed Wing_N550ND_before_3_189762.csv,229,5725,5754,-0.020985792633915867,"NormAc, E1 EGT1, E1 FFlow",0.07740175330552805,0.051975404101194056,0.1722319590274152,0.10886518593404144,0.18809166028018223,0.32377273317198046,0.07766130417941774
open_2017_05_08_close_2017_05_08_flight_Fixed Wing_N550ND_before_3_189762.csv,230,5750,5779,-0.16358768968978632,"NormAc, E1 FFlow, E1 EGT1",0.05642431891291922,0.0738271820262429,0.20063984438187282,0.1070942223630488,0.12253149175119007,0.3436709321079827,0.09581200845651597
open_2017_05_08_close_2017_05_08_flight_Fixed Wing_N550ND_before_3_189762.csv,231,5775,5804,2.1555947832580364,"NormAc, E1 EGT1, AltMSL",0.1290218469832071,0.08166653868669223,0.09848906322570627,0.06211215630139916,0.2573981155758204,0.33333444059467954,0.03797783863224888
open_2017_05_08_close_2017_05_08_flight_Fixed Wing_N550ND_before_3_189762.csv,232,5800,5829,1.654577381701467,"NormAc, E1 EGT1, E1 RPM",0.11537498606638873,0.12550139090276163,0.05296000092664799,0.07584427672057652,0.23529141762371347,0.3305856420082594,0.06444228575141474
open_2017_05_08_close_2017_05_08_flight_Fixed Wing_N550ND_before_3_189762.csv,233,5825,5854,1.9679231381093323,"NormAc, E1 EGT1, E1 RPM",0.08913429819353938,0.12862464277077268,0.018998747688865086,0.058825760714438624,0.29560593262205576,0.3037711466079412,0.10503947140212458
open_2017_05_08_close_2017_05_08_flight_Fixed Wing_N550ND_before_3_189762.csv,234,5850,5879,2.2951302677579615,"E1 EGT1, NormAc, E1 RPM",0.09336256154769246,0.12257325679014508,0.04505819997444822,0.024300418121846204,0.30545166938525564,0.29742577984369933,0.11182811433665656
open_2017_05_08_close_2017_05_08_flight_Fixed Wing_N550ND_before_3_189762.csv,235,5875,5904,2.3638416597136396,"NormAc, AltMSL, E1 EGT1",0.1951215300370127,0.11295287268271764,0.06017331833562958,0.07431947240484209,0.14817583988863686,0.2998070883699922,0.10944987828092698
open_2017_05_08_close_2017_05_08_flight_Fixed Wing_N550ND_before_3_189762.csv,236,5900,5929,1.7028441400107144,"NormAc, AltMSL, E1 EGT1",0.21096452382798392,0.062090664311515185,0.09213253517386354,0.041875664335597015,0.15456821237015947,0.3646424183825081,0.07372598159814396
open_2017_05_08_close_2017_05_08_flight_Fixed Wing_N550ND_before_3_189762.csv,237,5925,5954,0.9763330049164654,"NormAc, E1 FFlow, AltMSL",0.12726095426723114,0.07453920443478045,0.2679278212055656,0.04825589039563931,0.1191047719491199,0.3139225396194292,0.0489888181280141
open_2017_05_08_close_2017_05_08_flight_Fixed Wing_N550ND_before_3_189762.csv,238,5950,5979,1.3476955472136498,"E1 FFlow, NormAc, E1 RPM",0.08509857633671812,0.14324639797380626,0.4146938523946653,0.04150892705443308,0.04639310446454262,0.23188660922082535,0.037172532554746306
open_2017_05_08_close_2017_05_08_flight_Fixed Wing_N550ND_before_3_189762.csv,239,5975,6004,0.7898369200214748,"E1 FFlow, NormAc, E1 RPM",0.04136951289581047,0.11342262511202268,0.3396958888626538,0.10159779439595375,0.044266620762410225,0.3210639543102854,0.03858360366060716
open_2017_05_08_close_2017_05_08_flight_Fixed Wing_N550ND_before_3_189762.csv,240,6000,6029,0.16956236483798603,"NormAc, E1 FFlow, E1 CHT1",0.04175383226146532,0.08388736445588237,0.28175179077039203,0.13439525151517737,0.060879124920069805,0.3400466817864345,0.057285954290324445
open_2017_05_08_close_2017_05_08_flight_Fixed Wing_N550ND_before_3_189762.csv,241,6025,6054,0.03150190819353993,"NormAc, E1 FFlow, E1 CHT1",0.06311997219280516,0.08126209261513652,0.2767039909309883,0.16422004940580856,0.07317618675933292,0.28857738769158037,0.052940320404082405
open_2017_05_08_close_2017_05_08_flight_Fixed Wing_N550ND_before_3_189762.csv,242,6050,6079,0.43044611906048624,"NormAc, E1 CHT1, E1 FFlow",0.07995862368760787,0.11389100711647035,0.17500071214446614,0.24406207146303183,0.04369895492359296,0.2893572393853669,0.05403139127919383
open_2017_05_08_close_2017_05_08_flight_Fixed Wing_N550ND_before_3_189762.csv,243,6075,6104,0.9839261321057315,"E1 CHT1, NormAc, E1 EGT1",0.07107657275492439,0.11530469113669449,0.03193317801187785,0.2866212107016215,0.19148850029500647,0.22675486689254976,0.0768209802070912
open_2017_05_08_close_2017_05_08_flight_Fixed Wing_N550ND_before_3_189762.csv,244,6100,6129,0.7627349518750877,"E1 CHT1, NormAc, E1 EGT1",0.05804042705547368,0.10094085171346763,0.06325579180367222,0.2715464069523272,0.21138924869966932,0.25337450823068614,0.04145276554446758
open_2017_05_08_close_2017_05_08_flight_Fixed Wing_N550ND_before_3_189762.csv,245,6125,6154,0.4148415280188842,"NormAc, E1 CHT1, E1 EGT1",0.0716115826178509,0.09603801378825255,0.08072667467329726,0.24423864587230915,0.18118749280828425,0.3046296005629738,0.021567989676791535
open_2017_05_08_close_2017_05_08_flight_Fixed Wing_N550ND_before_3_189762.csv,246,6150,6179,0.382316673069377,"NormAc, E1 CHT1, E1 EGT1",0.06724329453886008,0.09587239364181674,0.07057441699859135,0.25850050788100615,0.18605924749380187,0.29489040843586506,0.02685973100980943
open_2017_05_08_close_2017_05_08_flight_Fixed Wing_N550ND_before_3_189762.csv,247,6175,6204,0.44312151294999724,"E1 CHT1, NormAc, E1 EGT1",0.06823391223351472,0.10819507551884866,0.04658940671835322,0.26721735027563864,0.18461105100208694,0.24001833700904304,0.08513486724228025
open_2017_05_08_close_2017_05_08_flight_Fixed Wing_N550ND_before_3_189762.csv,248,6200,6229,-0.3514204800922913,"NormAc, E1 CHT1, E1 EGT1",0.05794114227927869,0.09923346918038213,0.04105102307032773,0.23737104548290086,0.14046585928820884,0.3044543065347708,0.11948315416389815
open_2017_05_08_close_2017_05_08_flight_Fixed Wing_N550ND_before_3_189762.csv,249,6225,6254,0.05180893280600429,"NormAc, E1 CHT1, E1 EGT1",0.06054502158021334,0.10504207035161722,0.025643478399135704,0.23154051674168996,0.16264657096248114,0.26701044933929463,0.14757189262533402
open_2017_05_08_close_2017_05_08_flight_Fixed Wing_N550ND_before_3_189762.csv,250,6250,6279,-0.5858516715466386,"NormAc, E1 CHT1, E1 EGT1",0.08375672652716408,0.0834320582321926,0.03650833012343568,0.18467601851292254,0.14069484214759684,0.36159349818493874,0.10933852627149242
open_2017_05_08_close_2017_05_08_flight_Fixed Wing_N550ND_before_3_189762.csv,251,6275,6304,0.20194631477687386,"NormAc, E1 EGT1, E1 CHT1",0.06922610144514806,0.10220362643207742,0.05288913024649589,0.15425349836663066,0.15978817937150008,0.32788454808610273,0.13375491605181813
open_2017_05_08_close_2017_05_08_flight_Fixed Wing_N550ND_before_3_189762.csv,252,6300,6329,0.8765843310284445,"NormAc, E1 EGT1, IAS",0.10006718142405235,0.12197596880350159,0.043900803643677384,0.12168350873305236,0.17647321052839007,0.29989074886194134,0.136008578005163
open_2017_05_08_close_2017_05_08_flight_Fixed Wing_N550ND_before_3_189762.csv,253,6325,6354,0.3857926944396506,"NormAc, E1 EGT1, IAS",0.10553051121727827,0.12534019445275013,0.04879332699365354,0.10923933429319517,0.1574464378229777,0.3231249018937127,0.13052529332618823
open_2017_05_08_close_2017_05_08_flight_Fixed Wing_N550ND_before_3_189762.csv,254,6350,6379,0.49880097044023897,"NormAc, E1 EGT1, IAS",0.10142223492932298,0.12369732970777605,0.04253572073536188,0.09276848990760762,0.1637719536375397,0.3491818290141699,0.1266224420679857
open_2017_05_08_close_2017_05_08_flight_Fixed Wing_N550ND_before_3_189762.csv,255,6375,6404,0.9915279549599298,"NormAc, E1 EGT1, E1 RPM",0.10551210248321251,0.12199703085201431,0.055917874694830824,0.10342736607968211,0.18116837330806249,0.33005098125897403,0.10192627132298743
open_2017_05_08_close_2017_05_08_flight_Fixed Wing_N550ND_before_3_189762.csv,256,6400,6429,1.015755396796267,"NormAc, E1 EGT1, E1 RPM",0.11315960752049097,0.1304170664099408,0.08318879735226882,0.10342452160716581,0.17464066078778007,0.2969842117005526,0.09818513462157666
open_2017_05_08_close_2017_05_08_flight_Fixed Wing_N550ND_before_3_189762.csv,257,6425,6454,0.13504046837347738,"NormAc, E1 EGT1, AltMSL",0.12664240131508647,0.06319169529670668,0.10980624717500051,0.09899678219873202,0.16795867995673514,0.32827628001817594,0.10512791403931844
open_2017_05_08_close_2017_05_08_flight_Fixed Wing_N550ND_before_3_189762.csv,258,6450,6479,0.3600346155470642,"NormAc, E1 EGT1, E1 FFlow",0.12323984471339229,0.03231354704707276,0.16898606428230842,0.11515767566723248,0.17673067626749414,0.27435132557099134,0.1092208664513008
open_2017_05_08_close_2017_05_08_flight_Fixed Wing_N550ND_before_3_189762.csv,259,6475,6504,1.8102919344498996,"NormAc, E1 EGT1, AltMSL",0.17521173820831012,0.07335381472964451,0.10734086752130009,0.0671226404997521,0.2012723915013438,0.2906030333765529,0.08509551416286691
open_2017_05_08_close_2017_05_08_flight_Fixed Wing_N550ND_before_3_189762.csv,260,6500,6529,1.8795064585115466,"NormAc, AltMSL, E1 EGT1",0.2111435312561035,0.1402788214087708,0.13895232865655793,0.04263516645487311,0.16324583176481777,0.2580070911029253,0.04573722935573292
open_2017_05_08_close_2017_05_08_flight_Fixed Wing_N550ND_before_3_189762.csv,261,6525,6554,1.084163439015319,"NormAc, AltMSL, E1 EGT1",0.16218782727972927,0.1393453345552299,0.11284487539692545,0.036252351613203636,0.15387920485647508,0.31365203482975007,0.0818383714684564
open_2017_05_08_close_2017_05_08_flight_Fixed Wing_N550ND_before_3_189762.csv,262,6550,6579,0.9341130676180351,"NormAc, E1 EGT1, AltMSL",0.1502534981343758,0.10647405497035631,0.045909906519866185,0.04943130423692569,0.17463590000117926,0.35742498357239394,0.11587035256465726
open_2017_05_08_close_2017_05_08_flight_Fixed Wing_N550ND_before_3_189762.csv,263,6575,6604,1.5136573294989666,"NormAc, E1 EGT1, AltMSL",0.1489593782482213,0.061690689862648536,0.1483877923286387,0.11709444796518093,0.19427600950144883,0.25036927897951233,0.07922240311413552
open_2017_05_08_close_2017_05_08_flight_Fixed Wing_N550ND_before_3_189762.csv,264,6600,6629,0.8699559447132423,"NormAc, E1 EGT1, AltMSL",0.16631469287074577,0.08631260645276354,0.029316352482601817,0.08274188130179104,0.18371294232481153,0.39854618957051496,0.05305533499648934
open_2017_05_08_close_2017_05_08_flight_Fixed Wing_N550ND_before_3_189762.csv,265,6625,6654,0.35639101309074084,"NormAc, E1 EGT1, AltMSL",0.15951041750495457,0.035855449523119344,0.09732320333396044,0.06693737205626864,0.17115590846059514,0.40476099826464335,0.06445665085618522
open_2017_05_08_close_2017_05_08_flight_Fixed Wing_N550ND_before_3_189762.csv,266,6650,6679,0.8869425579182564,"NormAc, E1 EGT1, AltMSL",0.17084790268193084,0.04433907961250352,0.149712025630996,0.08238698397587214,0.19168583317071877,0.3096920907975103,0.05133608413023907
open_2017_05_08_close_2017_05_08_flight_Fixed Wing_N550ND_before_3_189762.csv,267,6675,6704,1.0545624299006175,"NormAc, AltMSL, E1 EGT1",0.19966321023918032,0.06043419301934255,0.053732282681911846,0.019667438336079465,0.1956013897450209,0.41781782633524617,0.053083659642960856
open_2017_05_08_close_2017_05_08_flight_Fixed Wing_N550ND_before_3_189762.csv,268,6700,6729,0.785494424415639,"NormAc, E1 EGT1, AltMSL",0.17856098678840215,0.03155449342522502,0.10409053420320595,0.011563950077305348,0.1808435452240981,0.41789934742361706,0.07548714285790398
open_2017_05_08_close_2017_05_08_flight_Fixed Wing_N550ND_before_3_189762.csv,269,6725,6754,1.5917602711594934,"NormAc, E1 EGT1, AltMSL",0.20634946361299966,0.025733900559869374,0.13457334093853912,0.014327742377166577,0.21570684501437842,0.31926885424638496,0.08403985325042274
open_2017_05_08_close_2017_05_08_flight_Fixed Wing_N550ND_before_3_189762.csv,270,6750,6779,1.58883515756574,"NormAc, AltMSL, E1 EGT1",0.24298085313363696,0.06687911802146276,0.09783085907956288,0.04770664025610148,0.18952438880900072,0.33366368486605213,0.021414455833942837
open_2017_05_08_close_2017_05_08_flight_Fixed Wing_N550ND_before_3_189762.csv,271,6775,6804,0.5808346051312232,"NormAc, AltMSL, E1 EGT1",0.1948174371175092,0.07368669158219493,0.02722269772619572,0.056593054940417664,0.166087343949138,0.42078444507427454,0.06080832961001683
open_2017_05_08_close_2017_05_08_flight_Fixed Wing_N550ND_before_3_189762.csv,272,6800,6829,1.0034182025853,"NormAc, AltMSL, E1 EGT1",0.19538648656378585,0.020574059217063664,0.14829176088893353,0.015712360494828215,0.19161463099269418,0.3644936423715783,0.06392705947086712
open_2017_05_08_close_2017_05_08_flight_Fixed Wing_N550ND_before_3_189762.csv,273,6825,6854,0.9024781173232799,"NormAc, E1 EGT1, AltMSL",0.18199494687876003,0.024241945921088293,0.1797146254372988,0.009778880620421123,0.18800538779719334,0.34097209880181567,0.07529211454317873
open_2017_05_08_close_2017_05_08_flight_Fixed Wing_N550ND_before_3_189762.csv,274,6850,6879,-0.021487210679890456,"NormAc, E1 FFlow, AltMSL",0.14396262722945333,0.11522764749840009,0.22776262286410734,0.020798062504793602,0.10256246309372508,0.3176563275984196,0.07203024921087317
open_2017_05_08_close_2017_05_08_flight_Fixed Wing_N550ND_before_3_189762.csv,275,6875,6904,0.36337678046852995,"NormAc, E1 FFlow, AltMSL",0.13776458321047927,0.10117276719507741,0.22481991079520186,0.04767424409436561,0.04898598365224449,0.325667188481504,0.11391532257090099
open_2017_05_08_close_2017_05_08_flight_Fixed Wing_N550ND_before_3_189762.csv,276,6900,6929,-0.14097510599132246,"NormAc, E1 CHT1, AltMSL",0.11773910943380031,0.06022433024313622,0.06641059951528847,0.17675678674059198,0.10931912206801392,0.39486213991594893,0.07468791208295661
open_2017_05_08_close_2017_05_08_flight_Fixed Wing_N550ND_before_3_189762.csv,277,6925,6954,0.4941547897537002,"NormAc, E1 CHT1, AltMSL",0.14868961472415865,0.05895459289827412,0.04720887846287176,0.2357623714199732,0.09007286104173286,0.3356616232126277,0.08365005824012142
open_2017_05_08_close_2017_05_08_flight_Fixed Wing_N550ND_before_3_189762.csv,278,6950,6979,1.271069573757814,"NormAc, E1 CHT1, AltMSL",0.14646240464971086,0.08576754261550568,0.0989864340146327,0.2453444562857481,0.09152555382084337,0.2645783890801653,0.06733521953318145
open_2017_05_08_close_2017_05_08_flight_Fixed Wing_N550ND_before_3_189762.csv,279,6975,7004,0.7573146657676895,"NormAc, E1 CHT1, E1 FFlow",0.1354214202912421,0.11566766997824952,0.1458161628663701,0.21809122485873203,0.04111076682951665,0.30947670286297857,0.034416052312694956
open_2017_05_08_close_2017_05_08_flight_Fixed Wing_N550ND_before_3_189762.csv,280,7000,7029,0.14415330424495787,"NormAc, E1 FFlow, E1 RPM",0.08431018067456962,0.12620618883009918,0.22453568470846863,0.11213956635395138,0.08045445495887621,0.3538526014965547,0.0185013229772478
open_2017_05_08_close_2017_05_08_flight_Fixed Wing_N550ND_before_3_189762.csv,281,7025,7054,1.0901745292477467,"NormAc, E1 FFlow, E1 RPM",0.06141772820579373,0.1466274227866333,0.26021298076563193,0.02290532161804668,0.13981991791828663,0.2895733583890039,0.07944327031637417
open_2017_05_08_close_2017_05_08_flight_Fixed Wing_N550ND_before_3_189762.csv,282,7050,7079,0.8982709935751738,"NormAc, E1 FFlow, E1 EGT1",0.03385499293388749,0.11048201900204181,0.25394204059817604,0.029041295804540165,0.1840899570356784,0.31594064170461555,0.07264905292081561
open_2017_05_08_close_2017_05_08_flight_Fixed Wing_N550ND_before_3_189762.csv,283,7075,7104,0.809208106334482,"NormAc, E1 FFlow, E1 EGT1",0.083886522239502,0.10111895898159105,0.2188675612228519,0.045916638849493825,0.19807343741797467,0.2901613352665989,0.06197554602176304
open_2017_05_08_close_2017_05_08_flight_Fixed Wing_N550ND_before_3_189762.csv,284,7100,7129,0.5504826772040192,"NormAc, E1 EGT1, E1 FFlow",0.12057586969541788,0.04929735432684961,0.16276571180874844,0.08310423587870454,0.18473815950731753,0.3223266350436226,0.07719203373912971
open_2017_05_08_close_2017_05_08_flight_Fixed Wing_N550ND_before_3_189762.csv,285,7125,7154,0.47283119489449676,"NormAc, E1 CHT1, E1 EGT1",0.12312302925982434,0.06840304616934807,0.087563622578036,0.18772127511827413,0.15002802903682752,0.33161644380111444,0.05154455403635568
open_2017_05_08_close_2017_05_08_flight_Fixed Wing_N550ND_before_3_189762.csv,286,7150,7179,0.4952194319973162,"NormAc, E1 EGT1, AltMSL",0.14599652267856333,0.09667062745389227,0.12961360352167708,0.14015494607605397,0.15742041858458133,0.2740070514149822,0.05613683027003393
open_2017_05_08_close_2017_05_08_flight_Fixed Wing_N550ND_before_3_189762.csv,287,7175,7204,0.3879385286939434,"NormAc, E1 FFlow, E1 RPM",0.13143566887227093,0.13611482325396743,0.17846292666826274,0.060994468102696,0.13245526382312472,0.29020140121147425,0.0703354480679728
open_2017_05_08_close_2017_05_08_flight_Fixed Wing_N550ND_before_3_189762.csv,288,7200,7229,0.8699789350273011,"NormAc, AltMSL, E1 FFlow",0.19150695187777048,0.09827446579001907,0.1784137073745918,0.06257134522039297,0.14012350665053283,0.29157011710452485,0.03753990598193424
open_2017_05_08_close_2017_05_08_flight_Fixed Wing_N550ND_before_3_189762.csv,289,7225,7254,0.33815024372969615,"NormAc, AltMSL, E1 FFlow",0.19619195291194041,0.10542966391394602,0.15835167553704355,0.06265225486313207,0.15128276891982706,0.2969239122397165,0.02916777161415359
open_2017_05_08_close_2017_05_08_flight_Fixed Wing_N550ND_before_3_189762.csv,290,7250,7279,-0.22511279866153444,"E1 RPM, NormAc, E1 EGT1",0.0938198852796437,0.21259659168474163,0.12157372718329516,0.09379638845922433,0.1718436669993549,0.20373843672983483,0.10263130366363757
open_2017_05_08_close_2017_05_08_flight_Fixed Wing_N550ND_before_3_189762.csv,291,7275,7304,0.31233119890968597,"IAS, E1 RPM, E1 EGT1",0.08298646154993532,0.190325412000274,0.13124277111535748,0.14171106470710945,0.18411398539886942,0.07469778845062083,0.1949225167775283
open_2017_05_08_close_2017_05_08_flight_Fixed Wing_N550ND_before_3_189762.csv,292,7300,7329,0.604126409163658,"IAS, E1 EGT1, E1 FFlow",0.09985598458366311,0.14557459384818938,0.1520140322599964,0.09311004711769824,0.21381530016352085,0.06217207032749097,0.23345797169915658
open_2017_05_08_close_2017_05_08_flight_Fixed Wing_N550ND_before_3_189762.csv,293,7325,7354,0.912354009554448,"IAS, E1 FFlow, AltMSL",0.13262568833681124,0.10273272108841715,0.17571312303703765,0.04574935860621461,0.1214485067264071,0.1263348098284732,0.29539579237637376
open_2017_05_08_close_2017_05_08_flight_Fixed Wing_N550ND_before_3_189762.csv,294,7350,7379,0.8107282472570163,"IAS, E1 EGT1, E1 FFlow",0.14780750435079096,0.11130205972874387,0.17540933472644196,0.025946537898619112,0.1825092926177358,0.11125105289778477,0.24577421777964234
open_2017_05_08_close_2017_05_08_flight_Fixed Wing_N550ND_before_3_189762.csv,295,7375,7404,0.7797879897821285,"E1 EGT1, E1 FFlow, E1 RPM",0.14792457197411718,0.17142081583540503,0.17690062319074631,0.024744711791356337,0.19083218346759465,0.14566668043533954,0.1425104133051857
open_2017_05_08_close_2017_05_08_flight_Fixed Wing_N550ND_before_3_189762.csv,296,7400,7429,0.705427699430984,"IAS, E1 FFlow, E1 RPM",0.11336380295158889,0.1719326992816265,0.17704429226166163,0.036837227914613704,0.12509602125446037,0.12226096655816619,0.2534649897775897
open_2017_05_08_close_2017_05_08_flight_Fixed Wing_N550ND_before_3_189762.csv,297,7425,7454,0.5935030780261594,"IAS, NormAc, E1 RPM",0.10757164606368756,0.17837363555952804,0.16382216097239582,0.04790747275502244,0.07403763470423566,0.18262576474938372,0.24566168519542086
open_2017_05_08_close_2017_05_08_flight_Fixed Wing_N550ND_before_3_189762.csv,298,7450,7479,0.46221676864819417,"IAS, E1 RPM, NormAc",0.09468999822020543,0.17359987407014293,0.139414838903992,0.05626753781941494,0.14855860355555423,0.16869590975301924,0.21877323767734283
open_2017_05_08_close_2017_05_08_flight_Fixed Wing_N550ND_before_3_189762.csv,299,7475,7504,0.551810808649146,"IAS, E1 RPM, E1 EGT1",0.09778895168942624,0.15566388195404726,0.148383571535924,0.08008461495222353,0.1539102110116439,0.13759463821665094,0.22657413063975612
open_2017_05_08_close_2017_05_08_flight_Fixed Wing_N550ND_before_3_189762.csv,300,7500,7529,0.4170005167188813,"IAS, E1 RPM, E1 EGT1",0.09289960698746379,0.1679533730965262,0.13743479938627642,0.09677012254106598,0.1539774013794733,0.1371428662306537,0.2138218303782089
open_2017_05_08_close_2017_05_08_flight_Fixed Wing_N550ND_before_3_189762.csv,301,7525,7554,0.3465981802534448,"E1 EGT1, IAS, E1 RPM",0.0857326580137834,0.15971029364126382,0.12756508698557806,0.11867992369810512,0.2163786606764336,0.0931882122051493,0.19874516477934853
open_2017_05_08_close_2017_05_08_flight_Fixed Wing_N550ND_before_3_189762.csv,302,7550,7579,0.44573425899400343,"IAS, E1 EGT1, E1 CHT1",0.09084209056937059,0.13436694081769102,0.13853073516089265,0.14413338838697148,0.20210037753415824,0.07913062055387018,0.2108958469767215
open_2017_05_08_close_2017_05_08_flight_Fixed Wing_N550ND_before_3_189762.csv,303,7575,7604,0.589535613631599,"IAS, E1 CHT1, E1 FFlow",0.10109898913743844,0.1418230126723736,0.15267304502261406,0.16218744396855325,0.0918298139332547,0.12041313524928993,0.22997456001616895
open_2017_05_08_close_2017_05_08_flight_Fixed Wing_N550ND_before_3_189762.csv,304,7600,7629,0.3965353843590518,"IAS, E1 CHT1, NormAc",0.09128731152932465,0.13315953813668766,0.1359975523540416,0.17868926348826045,0.11534096261088442,0.1388398374982894,0.20668553438220025
open_2017_05_08_close_2017_05_08_flight_Fixed Wing_N550ND_before_3_189762.csv,305,7625,7654,0.2930890789347367,"E1 CHT1, IAS, E1 EGT1",0.08147199388570295,0.15615146427227333,0.12287619289007522,0.1905416135093208,0.18444942196525851,0.07674314720912667,0.1877661662679198
